ISO-10303-21;
HEADER;
FILE_DESCRIPTION(('Open CASCADE Model'),'2;1');
FILE_NAME('Open CASCADE Shape Model','2026-09-11T02:09:20',('Author'),(
    'Open CASCADE'),'Open CASCADE STEP processor 7.9','Open CASCADE 7.9'
  ,'Unknown');
FILE_SCHEMA(('AUTOMOTIVE_DESIGN { 1 0 10303 214 1 1 1 1 }'));
ENDSEC;
DATA;
#1 = APPLICATION_PROTOCOL_DEFINITION('international standard',
  'automotive_design',2000,#2);
#2 = APPLICATION_CONTEXT(
  'core data for automotive mechanical design processes');
#3 = SHAPE_DEFINITION_REPRESENTATION(#4,#10);
#4 = PRODUCT_DEFINITION_SHAPE('','',#5);
#5 = PRODUCT_DEFINITION('design','',#6,#9);
#6 = PRODUCT_DEFINITION_FORMATION('','',#7);
#7 = PRODUCT('MatrizJonatha','MatrizJonatha','',(#8));
#8 = PRODUCT_CONTEXT('',#2,'mechanical');
#9 = PRODUCT_DEFINITION_CONTEXT('part definition',#2,'design');
#10 = SHAPE_REPRESENTATION('',(#11,#15,#19),#23);
#11 = AXIS2_PLACEMENT_3D('',#12,#13,#14);
#12 = CARTESIAN_POINT('',(0.,0.,0.));
#13 = DIRECTION('',(0.,0.,1.));
#14 = DIRECTION('',(1.,0.,-0.));
#15 = AXIS2_PLACEMENT_3D('',#16,#17,#18);
#16 = CARTESIAN_POINT('',(0.,0.,0.));
#17 = DIRECTION('',(0.,0.,1.));
#18 = DIRECTION('',(1.,0.,-0.));
#19 = AXIS2_PLACEMENT_3D('',#20,#21,#22);
#20 = CARTESIAN_POINT('',(0.,0.,0.));
#21 = DIRECTION('',(0.,0.,1.));
#22 = DIRECTION('',(1.,0.,-0.));
#23 = ( GEOMETRIC_REPRESENTATION_CONTEXT(3) 
GLOBAL_UNCERTAINTY_ASSIGNED_CONTEXT((#27)) GLOBAL_UNIT_ASSIGNED_CONTEXT(
(#24,#25,#26)) REPRESENTATION_CONTEXT('Context #1',
  '3D Context with UNIT and UNCERTAINTY') );
#24 = ( LENGTH_UNIT() NAMED_UNIT(*) SI_UNIT(.MILLI.,.METRE.) );
#25 = ( NAMED_UNIT(*) PLANE_ANGLE_UNIT() SI_UNIT($,.RADIAN.) );
#26 = ( NAMED_UNIT(*) SI_UNIT($,.STERADIAN.) SOLID_ANGLE_UNIT() );
#27 = UNCERTAINTY_MEASURE_WITH_UNIT(LENGTH_MEASURE(1.E-06),#24,
  'distance_accuracy_value','confusion accuracy');
#28 = PRODUCT_RELATED_PRODUCT_CATEGORY('part',$,(#7));
#29 = SHAPE_DEFINITION_REPRESENTATION(#30,#36);
#30 = PRODUCT_DEFINITION_SHAPE('','',#31);
#31 = PRODUCT_DEFINITION('design','',#32,#35);
#32 = PRODUCT_DEFINITION_FORMATION('','',#33);
#33 = PRODUCT('Camada_01_Body_A','Camada_01_Body_A','',(#34));
#34 = PRODUCT_CONTEXT('',#2,'mechanical');
#35 = PRODUCT_DEFINITION_CONTEXT('part definition',#2,'design');
#36 = ADVANCED_BREP_SHAPE_REPRESENTATION('',(#11,#37),#3970);
#37 = MANIFOLD_SOLID_BREP('',#38);
#38 = CLOSED_SHELL('',(#39,#157,#705,#1237,#1285,#1722,#1841,#2200,#2266
    ,#2332,#2398,#2739,#2767,#2888,#2894,#2949,#3004,#3336,#3424,#3509,
    #3610,#3614,#3618,#3697,#3805,#3859,#3887,#3928,#3956,#3963));
#39 = ADVANCED_FACE('',(#40),#55,.T.);
#40 = FACE_BOUND('',#41,.F.);
#41 = EDGE_LOOP('',(#42,#78,#104,#133));
#42 = ORIENTED_EDGE('',*,*,#43,.F.);
#43 = EDGE_CURVE('',#44,#46,#48,.T.);
#44 = VERTEX_POINT('',#45);
#45 = CARTESIAN_POINT('',(-46.5,-5.670707925532E-06,0.));
#46 = VERTEX_POINT('',#47);
#47 = CARTESIAN_POINT('',(46.5,-5.670707942616E-06,0.));
#48 = SURFACE_CURVE('',#49,(#54,#66),.PCURVE_S1.);
#49 = CIRCLE('',#50,46.5);
#50 = AXIS2_PLACEMENT_3D('',#51,#52,#53);
#51 = CARTESIAN_POINT('',(0.,0.,0.));
#52 = DIRECTION('',(0.,0.,1.));
#53 = DIRECTION('',(1.,0.,0.));
#54 = PCURVE('',#55,#60);
#55 = CYLINDRICAL_SURFACE('',#56,46.5);
#56 = AXIS2_PLACEMENT_3D('',#57,#58,#59);
#57 = CARTESIAN_POINT('',(0.,0.,0.));
#58 = DIRECTION('',(-0.,-0.,-1.));
#59 = DIRECTION('',(1.,0.,0.));
#60 = DEFINITIONAL_REPRESENTATION('',(#61),#65);
#61 = LINE('',#62,#63);
#62 = CARTESIAN_POINT('',(-0.,0.));
#63 = VECTOR('',#64,1.);
#64 = DIRECTION('',(-1.,0.));
#65 = ( GEOMETRIC_REPRESENTATION_CONTEXT(2) 
PARAMETRIC_REPRESENTATION_CONTEXT() REPRESENTATION_CONTEXT('2D SPACE',''
  ) );
#66 = PCURVE('',#67,#72);
#67 = PLANE('',#68);
#68 = AXIS2_PLACEMENT_3D('',#69,#70,#71);
#69 = CARTESIAN_POINT('',(-1.882068139409E-15,-1.61343992693E-17,0.));
#70 = DIRECTION('',(0.,0.,1.));
#71 = DIRECTION('',(1.,0.,-0.));
#72 = DEFINITIONAL_REPRESENTATION('',(#73),#77);
#73 = CIRCLE('',#74,46.5);
#74 = AXIS2_PLACEMENT_2D('',#75,#76);
#75 = CARTESIAN_POINT('',(1.882068139409E-15,1.61343992693E-17));
#76 = DIRECTION('',(1.,0.));
#77 = ( GEOMETRIC_REPRESENTATION_CONTEXT(2) 
PARAMETRIC_REPRESENTATION_CONTEXT() REPRESENTATION_CONTEXT('2D SPACE',''
  ) );
#78 = ORIENTED_EDGE('',*,*,#79,.F.);
#79 = EDGE_CURVE('',#80,#44,#82,.T.);
#80 = VERTEX_POINT('',#81);
#81 = CARTESIAN_POINT('',(-46.5,-5.670707925532E-06,69.9));
#82 = SURFACE_CURVE('',#83,(#87,#93),.PCURVE_S1.);
#83 = LINE('',#84,#85);
#84 = CARTESIAN_POINT('',(-46.5,-5.670707919931E-06,0.));
#85 = VECTOR('',#86,1.);
#86 = DIRECTION('',(-0.,-0.,-1.));
#87 = PCURVE('',#55,#88);
#88 = DEFINITIONAL_REPRESENTATION('',(#89),#92);
#89 = B_SPLINE_CURVE_WITH_KNOTS('',1,(#90,#91),.UNSPECIFIED.,.F.,.F.,(2,
    2),(-69.9000006,6.E-07),.PIECEWISE_BEZIER_KNOTS.);
#90 = CARTESIAN_POINT('',(-3.141592775541,-69.9000006));
#91 = CARTESIAN_POINT('',(-3.141592775541,6.E-07));
#92 = ( GEOMETRIC_REPRESENTATION_CONTEXT(2) 
PARAMETRIC_REPRESENTATION_CONTEXT() REPRESENTATION_CONTEXT('2D SPACE',''
  ) );
#93 = PCURVE('',#94,#99);
#94 = PLANE('',#95);
#95 = AXIS2_PLACEMENT_3D('',#96,#97,#98);
#96 = CARTESIAN_POINT('',(1.847204318023E-04,-5.670707919931E-06,
    52.831249336744));
#97 = DIRECTION('',(-0.,-1.,-0.));
#98 = DIRECTION('',(0.,0.,-1.));
#99 = DEFINITIONAL_REPRESENTATION('',(#100),#103);
#100 = B_SPLINE_CURVE_WITH_KNOTS('',1,(#101,#102),.UNSPECIFIED.,.F.,.F.,
  (2,2),(-69.9000006,6.E-07),.PIECEWISE_BEZIER_KNOTS.);
#101 = CARTESIAN_POINT('',(-17.06875126325,-46.50018472043));
#102 = CARTESIAN_POINT('',(52.831249936744,-46.50018472043));
#103 = ( GEOMETRIC_REPRESENTATION_CONTEXT(2) 
PARAMETRIC_REPRESENTATION_CONTEXT() REPRESENTATION_CONTEXT('2D SPACE',''
  ) );
#104 = ORIENTED_EDGE('',*,*,#105,.T.);
#105 = EDGE_CURVE('',#80,#106,#108,.T.);
#106 = VERTEX_POINT('',#107);
#107 = CARTESIAN_POINT('',(46.5,-5.670707942616E-06,69.9));
#108 = SURFACE_CURVE('',#109,(#114,#121),.PCURVE_S1.);
#109 = CIRCLE('',#110,46.5);
#110 = AXIS2_PLACEMENT_3D('',#111,#112,#113);
#111 = CARTESIAN_POINT('',(0.,0.,69.9));
#112 = DIRECTION('',(0.,0.,1.));
#113 = DIRECTION('',(1.,0.,0.));
#114 = PCURVE('',#55,#115);
#115 = DEFINITIONAL_REPRESENTATION('',(#116),#120);
#116 = LINE('',#117,#118);
#117 = CARTESIAN_POINT('',(-0.,-69.9));
#118 = VECTOR('',#119,1.);
#119 = DIRECTION('',(-1.,0.));
#120 = ( GEOMETRIC_REPRESENTATION_CONTEXT(2) 
PARAMETRIC_REPRESENTATION_CONTEXT() REPRESENTATION_CONTEXT('2D SPACE',''
  ) );
#121 = PCURVE('',#122,#127);
#122 = PLANE('',#123);
#123 = AXIS2_PLACEMENT_3D('',#124,#125,#126);
#124 = CARTESIAN_POINT('',(-1.882068139409E-15,-1.61343992693E-17,69.9)
  );
#125 = DIRECTION('',(0.,0.,1.));
#126 = DIRECTION('',(1.,0.,-0.));
#127 = DEFINITIONAL_REPRESENTATION('',(#128),#132);
#128 = CIRCLE('',#129,46.5);
#129 = AXIS2_PLACEMENT_2D('',#130,#131);
#130 = CARTESIAN_POINT('',(1.882068139409E-15,1.61343992693E-17));
#131 = DIRECTION('',(1.,0.));
#132 = ( GEOMETRIC_REPRESENTATION_CONTEXT(2) 
PARAMETRIC_REPRESENTATION_CONTEXT() REPRESENTATION_CONTEXT('2D SPACE',''
  ) );
#133 = ORIENTED_EDGE('',*,*,#134,.T.);
#134 = EDGE_CURVE('',#106,#46,#135,.T.);
#135 = SURFACE_CURVE('',#136,(#140,#146),.PCURVE_S1.);
#136 = LINE('',#137,#138);
#137 = CARTESIAN_POINT('',(46.5,-5.670707919931E-06,0.));
#138 = VECTOR('',#139,1.);
#139 = DIRECTION('',(-0.,-0.,-1.));
#140 = PCURVE('',#55,#141);
#141 = DEFINITIONAL_REPRESENTATION('',(#142),#145);
#142 = B_SPLINE_CURVE_WITH_KNOTS('',1,(#143,#144),.UNSPECIFIED.,.F.,.F.,
  (2,2),(-69.9000006,6.E-07),.PIECEWISE_BEZIER_KNOTS.);
#143 = CARTESIAN_POINT('',(-6.283185185229,-69.9000006));
#144 = CARTESIAN_POINT('',(-6.283185185229,6.E-07));
#145 = ( GEOMETRIC_REPRESENTATION_CONTEXT(2) 
PARAMETRIC_REPRESENTATION_CONTEXT() REPRESENTATION_CONTEXT('2D SPACE',''
  ) );
#146 = PCURVE('',#147,#152);
#147 = PLANE('',#148);
#148 = AXIS2_PLACEMENT_3D('',#149,#150,#151);
#149 = CARTESIAN_POINT('',(1.847204318023E-04,-5.670707919931E-06,
    52.831249336744));
#150 = DIRECTION('',(-0.,-1.,-0.));
#151 = DIRECTION('',(0.,0.,-1.));
#152 = DEFINITIONAL_REPRESENTATION('',(#153),#156);
#153 = B_SPLINE_CURVE_WITH_KNOTS('',1,(#154,#155),.UNSPECIFIED.,.F.,.F.,
  (2,2),(-69.9000006,6.E-07),.PIECEWISE_BEZIER_KNOTS.);
#154 = CARTESIAN_POINT('',(-17.06875126325,46.499815279568));
#155 = CARTESIAN_POINT('',(52.831249936744,46.499815279568));
#156 = ( GEOMETRIC_REPRESENTATION_CONTEXT(2) 
PARAMETRIC_REPRESENTATION_CONTEXT() REPRESENTATION_CONTEXT('2D SPACE',''
  ) );
#157 = ADVANCED_FACE('',(#158),#67,.F.);
#158 = FACE_BOUND('',#159,.F.);
#159 = EDGE_LOOP('',(#160,#181,#182,#203,#287,#371,#455,#539,#623));
#160 = ORIENTED_EDGE('',*,*,#161,.F.);
#161 = EDGE_CURVE('',#44,#162,#164,.T.);
#162 = VERTEX_POINT('',#163);
#163 = CARTESIAN_POINT('',(-37.79999999999,-5.670707919687E-06,0.));
#164 = SURFACE_CURVE('',#165,(#169,#175),.PCURVE_S1.);
#165 = LINE('',#166,#167);
#166 = CARTESIAN_POINT('',(9.23602159002E-05,-5.670707919931E-06,0.));
#167 = VECTOR('',#168,1.);
#168 = DIRECTION('',(1.,0.,0.));
#169 = PCURVE('',#67,#170);
#170 = DEFINITIONAL_REPRESENTATION('',(#171),#174);
#171 = B_SPLINE_CURVE_WITH_KNOTS('',1,(#172,#173),.UNSPECIFIED.,.F.,.F.,
  (2,2),(-46.50009236021,46.499907639784),.PIECEWISE_BEZIER_KNOTS.);
#172 = CARTESIAN_POINT('',(-46.5,-5.670707919915E-06));
#173 = CARTESIAN_POINT('',(46.5,-5.670707919915E-06));
#174 = ( GEOMETRIC_REPRESENTATION_CONTEXT(2) 
PARAMETRIC_REPRESENTATION_CONTEXT() REPRESENTATION_CONTEXT('2D SPACE',''
  ) );
#175 = PCURVE('',#94,#176);
#176 = DEFINITIONAL_REPRESENTATION('',(#177),#180);
#177 = B_SPLINE_CURVE_WITH_KNOTS('',1,(#178,#179),.UNSPECIFIED.,.F.,.F.,
  (2,2),(-46.50009236021,46.499907639784),.PIECEWISE_BEZIER_KNOTS.);
#178 = CARTESIAN_POINT('',(52.831249336744,-46.50018472043));
#179 = CARTESIAN_POINT('',(52.831249336744,46.499815279568));
#180 = ( GEOMETRIC_REPRESENTATION_CONTEXT(2) 
PARAMETRIC_REPRESENTATION_CONTEXT() REPRESENTATION_CONTEXT('2D SPACE',''
  ) );
#181 = ORIENTED_EDGE('',*,*,#43,.T.);
#182 = ORIENTED_EDGE('',*,*,#183,.F.);
#183 = EDGE_CURVE('',#184,#46,#186,.T.);
#184 = VERTEX_POINT('',#185);
#185 = CARTESIAN_POINT('',(37.8,-5.670707920429E-06,0.));
#186 = SURFACE_CURVE('',#187,(#191,#197),.PCURVE_S1.);
#187 = LINE('',#188,#189);
#188 = CARTESIAN_POINT('',(9.23602159002E-05,-5.670707919931E-06,0.));
#189 = VECTOR('',#190,1.);
#190 = DIRECTION('',(1.,0.,0.));
#191 = PCURVE('',#67,#192);
#192 = DEFINITIONAL_REPRESENTATION('',(#193),#196);
#193 = B_SPLINE_CURVE_WITH_KNOTS('',1,(#194,#195),.UNSPECIFIED.,.F.,.F.,
  (2,2),(-46.50009236021,46.499907639784),.PIECEWISE_BEZIER_KNOTS.);
#194 = CARTESIAN_POINT('',(-46.5,-5.670707919915E-06));
#195 = CARTESIAN_POINT('',(46.5,-5.670707919915E-06));
#196 = ( GEOMETRIC_REPRESENTATION_CONTEXT(2) 
PARAMETRIC_REPRESENTATION_CONTEXT() REPRESENTATION_CONTEXT('2D SPACE',''
  ) );
#197 = PCURVE('',#147,#198);
#198 = DEFINITIONAL_REPRESENTATION('',(#199),#202);
#199 = B_SPLINE_CURVE_WITH_KNOTS('',1,(#200,#201),.UNSPECIFIED.,.F.,.F.,
  (2,2),(-46.50009236021,46.499907639784),.PIECEWISE_BEZIER_KNOTS.);
#200 = CARTESIAN_POINT('',(52.831249336744,-46.50018472043));
#201 = CARTESIAN_POINT('',(52.831249336744,46.499815279568));
#202 = ( GEOMETRIC_REPRESENTATION_CONTEXT(2) 
PARAMETRIC_REPRESENTATION_CONTEXT() REPRESENTATION_CONTEXT('2D SPACE',''
  ) );
#203 = ORIENTED_EDGE('',*,*,#204,.F.);
#204 = EDGE_CURVE('',#205,#184,#207,.T.);
#205 = VERTEX_POINT('',#206);
#206 = CARTESIAN_POINT('',(37.754792949667,-1.848136717816,0.));
#207 = SURFACE_CURVE('',#208,(#220,#235),.PCURVE_S1.);
#208 = B_SPLINE_CURVE_WITH_KNOTS('',10,(#209,#210,#211,#212,#213,#214,
    #215,#216,#217,#218,#219),.UNSPECIFIED.,.F.,.F.,(11,11),(11.,12.),
  .PIECEWISE_BEZIER_KNOTS.);
#209 = CARTESIAN_POINT('',(37.754792949667,-1.848136717816,0.));
#210 = CARTESIAN_POINT('',(37.763832557118,-1.663470451324,0.));
#211 = CARTESIAN_POINT('',(37.771868564867,-1.478755056594,0.));
#212 = CARTESIAN_POINT('',(37.778900672506,-1.293996671103,0.));
#213 = CARTESIAN_POINT('',(37.784928622537,-1.10920143338,0.));
#214 = CARTESIAN_POINT('',(37.789952200376,-0.924375483003,0.));
#215 = CARTESIAN_POINT('',(37.793971234348,-0.739524960599,0.));
#216 = CARTESIAN_POINT('',(37.796985595691,-0.554656007844,0.));
#217 = CARTESIAN_POINT('',(37.798995198555,-0.369774767467,0.));
#218 = CARTESIAN_POINT('',(37.8,-0.184887383244,0.));
#219 = CARTESIAN_POINT('',(37.8,-9.214851104389E-15,0.));
#220 = PCURVE('',#67,#221);
#221 = DEFINITIONAL_REPRESENTATION('',(#222),#234);
#222 = B_SPLINE_CURVE_WITH_KNOTS('',10,(#223,#224,#225,#226,#227,#228,
    #229,#230,#231,#232,#233),.UNSPECIFIED.,.F.,.F.,(11,11),(11.,12.),
  .PIECEWISE_BEZIER_KNOTS.);
#223 = CARTESIAN_POINT('',(37.754792949667,-1.848136717816));
#224 = CARTESIAN_POINT('',(37.763832557118,-1.663470451324));
#225 = CARTESIAN_POINT('',(37.771868564867,-1.478755056594));
#226 = CARTESIAN_POINT('',(37.778900672506,-1.293996671103));
#227 = CARTESIAN_POINT('',(37.784928622537,-1.10920143338));
#228 = CARTESIAN_POINT('',(37.789952200376,-0.924375483003));
#229 = CARTESIAN_POINT('',(37.793971234348,-0.739524960599));
#230 = CARTESIAN_POINT('',(37.796985595691,-0.554656007844));
#231 = CARTESIAN_POINT('',(37.798995198555,-0.369774767467));
#232 = CARTESIAN_POINT('',(37.8,-0.184887383244));
#233 = CARTESIAN_POINT('',(37.8,-9.19871670512E-15));
#234 = ( GEOMETRIC_REPRESENTATION_CONTEXT(2) 
PARAMETRIC_REPRESENTATION_CONTEXT() REPRESENTATION_CONTEXT('2D SPACE',''
  ) );
#235 = PCURVE('',#236,#281);
#236 = ( BOUNDED_SURFACE() B_SPLINE_SURFACE(10,3,(
    (#237,#238,#239,#240)
    ,(#241,#242,#243,#244)
    ,(#245,#246,#247,#248)
    ,(#249,#250,#251,#252)
    ,(#253,#254,#255,#256)
    ,(#257,#258,#259,#260)
    ,(#261,#262,#263,#264)
    ,(#265,#266,#267,#268)
    ,(#269,#270,#271,#272)
    ,(#273,#274,#275,#276)
    ,(#277,#278,#279,#280
)),.UNSPECIFIED.,.F.,.F.,.F.) B_SPLINE_SURFACE_WITH_KNOTS((11,11),(4,4),
  (11.,12.),(0.,1.),.PIECEWISE_BEZIER_KNOTS.) 
GEOMETRIC_REPRESENTATION_ITEM() RATIONAL_B_SPLINE_SURFACE((
    (1.,1.,1.,1.)
    ,(1.,1.,1.,1.)
    ,(1.,1.,1.,1.)
    ,(1.,1.,1.,1.)
    ,(1.,1.,1.,1.)
    ,(1.,1.,1.,1.)
    ,(1.,1.,1.,1.)
    ,(1.,1.,1.,1.)
    ,(1.,1.,1.,1.)
    ,(1.,1.,1.,1.)
,(1.,1.,1.,1.))) REPRESENTATION_ITEM('') SURFACE() );
#237 = CARTESIAN_POINT('',(37.754792949667,-1.848136717816,0.));
#238 = CARTESIAN_POINT('',(-27.66329792882,1.354147451061,3.));
#239 = CARTESIAN_POINT('',(80.908630504322,-3.960562332379,90.));
#240 = CARTESIAN_POINT('',(15.321428571428,-0.75,99.));
#241 = CARTESIAN_POINT('',(37.763832557118,-1.663470451324,0.));
#242 = CARTESIAN_POINT('',(-27.22934485807,1.348562266847,3.));
#243 = CARTESIAN_POINT('',(79.703503975962,-3.973158595813,
    89.999999999999));
#244 = CARTESIAN_POINT('',(17.464285714285,-0.75,99.));
#245 = CARTESIAN_POINT('',(37.771868564867,-1.478755056594,0.));
#246 = CARTESIAN_POINT('',(-26.79592698723,1.306517515563,2.999999999999
    ));
#247 = CARTESIAN_POINT('',(78.498728580256,-3.912605492442,
    90.000000000001));
#248 = CARTESIAN_POINT('',(19.607142857142,-0.75,99.));
#249 = CARTESIAN_POINT('',(37.778900672506,-1.293996671103,0.));
#250 = CARTESIAN_POINT('',(-26.35791819806,1.228004588971,3.));
#251 = CARTESIAN_POINT('',(77.284049402698,-3.778899043999,90.));
#252 = CARTESIAN_POINT('',(21.75,-0.75,99.));
#253 = CARTESIAN_POINT('',(37.784928622537,-1.10920143338,0.));
#254 = CARTESIAN_POINT('',(-25.91019145213,1.113834191737,3.000000000001
    ));
#255 = CARTESIAN_POINT('',(76.049209886929,-3.57367392259,
    89.999999999999));
#256 = CARTESIAN_POINT('',(23.892857142857,-0.75,99.));
#257 = CARTESIAN_POINT('',(37.789952200376,-0.924375483003,0.));
#258 = CARTESIAN_POINT('',(-25.44777350653,0.965639307751,3.));
#259 = CARTESIAN_POINT('',(74.784261266309,-3.300209383331,90.));
#260 = CARTESIAN_POINT('',(26.035714285714,-0.75,99.));
#261 = CARTESIAN_POINT('',(37.793971234348,-0.739524960599,0.));
#262 = CARTESIAN_POINT('',(-24.96599774015,0.785839346455,2.999999999999
    ));
#263 = CARTESIAN_POINT('',(73.479868216311,-2.963357557004,
    90.000000000001));
#264 = CARTESIAN_POINT('',(28.178571428571,-0.75,99.));
#265 = CARTESIAN_POINT('',(37.796985595691,-0.554656007844,0.));
#266 = CARTESIAN_POINT('',(-24.46064703088,0.577570524454,3.));
#267 = CARTESIAN_POINT('',(72.127594609088,-2.56940421328,90.));
#268 = CARTESIAN_POINT('',(30.321428571428,-0.75,99.));
#269 = CARTESIAN_POINT('',(37.798995198555,-0.369774767467,0.));
#270 = CARTESIAN_POINT('',(-23.9280786247,0.344587537698,3.000000000001)
  );
#271 = CARTESIAN_POINT('',(70.720153251558,-2.125872105084,
    89.999999999999));
#272 = CARTESIAN_POINT('',(32.464285714286,-0.75,99.));
#273 = CARTESIAN_POINT('',(37.8,-0.184887383244,0.));
#274 = CARTESIAN_POINT('',(-23.36532293717,9.114157951111E-02,3.));
#275 = CARTESIAN_POINT('',(69.251603488361,-1.641277004652,
    90.000000000001));
#276 = CARTESIAN_POINT('',(34.607142857143,-0.75,99.));
#277 = CARTESIAN_POINT('',(37.8,-9.214851104389E-15,0.));
#278 = CARTESIAN_POINT('',(-22.77014822795,-0.178160240246,3.));
#279 = CARTESIAN_POINT('',(67.717480551016,-1.124846541857,90.));
#280 = CARTESIAN_POINT('',(36.75,-0.75,99.));
#281 = DEFINITIONAL_REPRESENTATION('',(#282),#286);
#282 = LINE('',#283,#284);
#283 = CARTESIAN_POINT('',(0.,0.));
#284 = VECTOR('',#285,1.);
#285 = DIRECTION('',(1.,0.));
#286 = ( GEOMETRIC_REPRESENTATION_CONTEXT(2) 
PARAMETRIC_REPRESENTATION_CONTEXT() REPRESENTATION_CONTEXT('2D SPACE',''
  ) );
#287 = ORIENTED_EDGE('',*,*,#288,.F.);
#288 = EDGE_CURVE('',#289,#205,#291,.T.);
#289 = VERTEX_POINT('',#290);
#290 = CARTESIAN_POINT('',(33.512907185054,-17.48499505307,0.));
#291 = SURFACE_CURVE('',#292,(#304,#319),.PCURVE_S1.);
#292 = B_SPLINE_CURVE_WITH_KNOTS('',10,(#293,#294,#295,#296,#297,#298,
    #299,#300,#301,#302,#303),.UNSPECIFIED.,.F.,.F.,(11,11),(10.,11.),
  .PIECEWISE_BEZIER_KNOTS.);
#293 = CARTESIAN_POINT('',(33.512907185054,-17.48499505307,0.));
#294 = CARTESIAN_POINT('',(34.268215738029,-16.03732032653,0.));
#295 = CARTESIAN_POINT('',(34.954039868679,-14.5533929076,0.));
#296 = CARTESIAN_POINT('',(35.568422086223,-13.03696459141,0.));
#297 = CARTESIAN_POINT('',(36.109636345462,-11.49190825843,0.));
#298 = CARTESIAN_POINT('',(36.576196868721,-9.922200834378,0.));
#299 = CARTESIAN_POINT('',(36.966865403175,-8.331905825521,0.));
#300 = CARTESIAN_POINT('',(37.280656913576,-6.725155429701,0.));
#301 = CARTESIAN_POINT('',(37.516843710359,-5.106132222818,0.));
#302 = CARTESIAN_POINT('',(37.674958013152,-3.479050420915,0.));
#303 = CARTESIAN_POINT('',(37.754792949667,-1.848136717816,0.));
#304 = PCURVE('',#67,#305);
#305 = DEFINITIONAL_REPRESENTATION('',(#306),#318);
#306 = B_SPLINE_CURVE_WITH_KNOTS('',10,(#307,#308,#309,#310,#311,#312,
    #313,#314,#315,#316,#317),.UNSPECIFIED.,.F.,.F.,(11,11),(10.,11.),
  .PIECEWISE_BEZIER_KNOTS.);
#307 = CARTESIAN_POINT('',(33.512907185054,-17.48499505307));
#308 = CARTESIAN_POINT('',(34.268215738029,-16.03732032653));
#309 = CARTESIAN_POINT('',(34.954039868679,-14.5533929076));
#310 = CARTESIAN_POINT('',(35.568422086223,-13.03696459141));
#311 = CARTESIAN_POINT('',(36.109636345462,-11.49190825843));
#312 = CARTESIAN_POINT('',(36.576196868721,-9.922200834378));
#313 = CARTESIAN_POINT('',(36.966865403175,-8.331905825521));
#314 = CARTESIAN_POINT('',(37.280656913576,-6.725155429701));
#315 = CARTESIAN_POINT('',(37.516843710359,-5.106132222818));
#316 = CARTESIAN_POINT('',(37.674958013152,-3.479050420915));
#317 = CARTESIAN_POINT('',(37.754792949667,-1.848136717816));
#318 = ( GEOMETRIC_REPRESENTATION_CONTEXT(2) 
PARAMETRIC_REPRESENTATION_CONTEXT() REPRESENTATION_CONTEXT('2D SPACE',''
  ) );
#319 = PCURVE('',#320,#365);
#320 = ( BOUNDED_SURFACE() B_SPLINE_SURFACE(10,3,(
    (#321,#322,#323,#324)
    ,(#325,#326,#327,#328)
    ,(#329,#330,#331,#332)
    ,(#333,#334,#335,#336)
    ,(#337,#338,#339,#340)
    ,(#341,#342,#343,#344)
    ,(#345,#346,#347,#348)
    ,(#349,#350,#351,#352)
    ,(#353,#354,#355,#356)
    ,(#357,#358,#359,#360)
    ,(#361,#362,#363,#364
)),.UNSPECIFIED.,.F.,.F.,.F.) B_SPLINE_SURFACE_WITH_KNOTS((11,11),(4,4),
  (10.,11.),(0.,1.),.PIECEWISE_BEZIER_KNOTS.) 
GEOMETRIC_REPRESENTATION_ITEM() RATIONAL_B_SPLINE_SURFACE((
    (1.,1.,1.,1.)
    ,(1.,1.,1.,1.)
    ,(1.,1.,1.,1.)
    ,(1.,1.,1.,1.)
    ,(1.,1.,1.,1.)
    ,(1.,1.,1.,1.)
    ,(1.,1.,1.,1.)
    ,(1.,1.,1.,1.)
    ,(1.,1.,1.,1.)
    ,(1.,1.,1.,1.)
,(1.,1.,1.,1.))) REPRESENTATION_ITEM('') SURFACE() );
#321 = CARTESIAN_POINT('',(33.512907185054,-17.48499505307,0.));
#322 = CARTESIAN_POINT('',(2.020494012455,-1.054170789107,3.));
#323 = CARTESIAN_POINT('',(2.785552395018,-1.453331684357,90.));
#324 = CARTESIAN_POINT('',(1.4375,-0.75,99.));
#325 = CARTESIAN_POINT('',(34.268215738029,-16.03732032653,0.));
#326 = CARTESIAN_POINT('',(-0.435042392244,-2.260566394553,3.));
#327 = CARTESIAN_POINT('',(10.313845479858,-0.970773442179,90.));
#328 = CARTESIAN_POINT('',(2.825892857143,-0.75,99.));
#329 = CARTESIAN_POINT('',(34.954039868679,-14.5533929076,0.));
#330 = CARTESIAN_POINT('',(-2.832674800426,-3.089314980693,3.));
#331 = CARTESIAN_POINT('',(17.818976934966,-0.680059767353,90.));
#332 = CARTESIAN_POINT('',(4.214285714286,-0.75,99.));
#333 = CARTESIAN_POINT('',(35.568422086223,-13.03696459141,0.));
#334 = CARTESIAN_POINT('',(-5.24357822749,-3.53729147958,3.));
#335 = CARTESIAN_POINT('',(25.336697392274,-0.582440544259,90.));
#336 = CARTESIAN_POINT('',(5.602678571428,-0.75,99.));
#337 = CARTESIAN_POINT('',(36.109636345462,-11.49190825843,0.));
#338 = CARTESIAN_POINT('',(-7.739113810667,-3.61611745849,3.));
#339 = CARTESIAN_POINT('',(32.902831257498,-0.671782249219,90.));
#340 = CARTESIAN_POINT('',(6.991071428571,-0.75,99.));
#341 = CARTESIAN_POINT('',(36.576196868721,-9.922200834378,0.));
#342 = CARTESIAN_POINT('',(-10.38731931989,-3.352187877052,3.));
#343 = CARTESIAN_POINT('',(40.551521230412,-0.934555991943,90.));
#344 = CARTESIAN_POINT('',(8.379464285714,-0.75,99.));
#345 = CARTESIAN_POINT('',(36.966865403175,-8.331905825521,0.));
#346 = CARTESIAN_POINT('',(-13.24935865618,-2.785663241057,3.));
#347 = CARTESIAN_POINT('',(48.313452449259,-1.350342894012,90.));
#348 = CARTESIAN_POINT('',(9.767857142857,-0.75,99.));
#349 = CARTESIAN_POINT('',(37.280656913576,-6.725155429701,0.));
#350 = CARTESIAN_POINT('',(-16.3763636796,-1.968467460046,3.));
#351 = CARTESIAN_POINT('',(56.214272930337,-1.892836650835,90.));
#352 = CARTESIAN_POINT('',(11.15625,-0.75,99.));
#353 = CARTESIAN_POINT('',(37.516843710359,-5.106132222818,0.));
#354 = CARTESIAN_POINT('',(-19.806991112,-0.961459346444,3.));
#355 = CARTESIAN_POINT('',(64.273371675376,-2.53125930821,90.));
#356 = CARTESIAN_POINT('',(12.544642857142,-0.75,99.));
#357 = CARTESIAN_POINT('',(37.674958013152,-3.479050420915,0.));
#358 = CARTESIAN_POINT('',(-23.56590666278,0.168926675378,3.));
#359 = CARTESIAN_POINT('',(72.503120520774,-3.232042469279,90.));
#360 = CARTESIAN_POINT('',(13.933035714285,-0.75,99.));
#361 = CARTESIAN_POINT('',(37.754792949667,-1.848136717816,0.));
#362 = CARTESIAN_POINT('',(-27.66329792882,1.354147451061,3.));
#363 = CARTESIAN_POINT('',(80.908630504322,-3.960562332379,90.));
#364 = CARTESIAN_POINT('',(15.321428571428,-0.75,99.));
#365 = DEFINITIONAL_REPRESENTATION('',(#366),#370);
#366 = LINE('',#367,#368);
#367 = CARTESIAN_POINT('',(0.,0.));
#368 = VECTOR('',#369,1.);
#369 = DIRECTION('',(1.,0.));
#370 = ( GEOMETRIC_REPRESENTATION_CONTEXT(2) 
PARAMETRIC_REPRESENTATION_CONTEXT() REPRESENTATION_CONTEXT('2D SPACE',''
  ) );
#371 = ORIENTED_EDGE('',*,*,#372,.F.);
#372 = EDGE_CURVE('',#373,#289,#375,.T.);
#373 = VERTEX_POINT('',#374);
#374 = CARTESIAN_POINT('',(-33.51290718505,-17.48499505307,0.));
#375 = SURFACE_CURVE('',#376,(#388,#403),.PCURVE_S1.);
#376 = B_SPLINE_CURVE_WITH_KNOTS('',10,(#377,#378,#379,#380,#381,#382,
    #383,#384,#385,#386,#387),.UNSPECIFIED.,.F.,.F.,(11,11),(9.,10.),
  .PIECEWISE_BEZIER_KNOTS.);
#377 = CARTESIAN_POINT('',(-33.51290718505,-17.48499505307,0.));
#378 = CARTESIAN_POINT('',(-29.70149632743,-24.79019919684,0.));
#379 = CARTESIAN_POINT('',(-24.12075054881,-31.17227195537,0.));
#380 = CARTESIAN_POINT('',(-17.02220025104,-36.14910988226,0.));
#381 = CARTESIAN_POINT('',(-8.807514663469,-39.31693637829,0.));
#382 = CARTESIAN_POINT('',(-2.046363078989E-12,-40.40484880633,0.));
#383 = CARTESIAN_POINT('',(8.807514663472,-39.31693637829,0.));
#384 = CARTESIAN_POINT('',(17.02220025104,-36.14910988226,0.));
#385 = CARTESIAN_POINT('',(24.120750548813,-31.17227195537,0.));
#386 = CARTESIAN_POINT('',(29.701496327436,-24.79019919684,0.));
#387 = CARTESIAN_POINT('',(33.512907185054,-17.48499505307,0.));
#388 = PCURVE('',#67,#389);
#389 = DEFINITIONAL_REPRESENTATION('',(#390),#402);
#390 = B_SPLINE_CURVE_WITH_KNOTS('',10,(#391,#392,#393,#394,#395,#396,
    #397,#398,#399,#400,#401),.UNSPECIFIED.,.F.,.F.,(11,11),(9.,10.),
  .PIECEWISE_BEZIER_KNOTS.);
#391 = CARTESIAN_POINT('',(-33.51290718505,-17.48499505307));
#392 = CARTESIAN_POINT('',(-29.70149632743,-24.79019919684));
#393 = CARTESIAN_POINT('',(-24.12075054881,-31.17227195537));
#394 = CARTESIAN_POINT('',(-17.02220025104,-36.14910988226));
#395 = CARTESIAN_POINT('',(-8.807514663469,-39.31693637829));
#396 = CARTESIAN_POINT('',(-2.04448101085E-12,-40.40484880633));
#397 = CARTESIAN_POINT('',(8.807514663472,-39.31693637829));
#398 = CARTESIAN_POINT('',(17.02220025104,-36.14910988226));
#399 = CARTESIAN_POINT('',(24.120750548813,-31.17227195537));
#400 = CARTESIAN_POINT('',(29.701496327436,-24.79019919684));
#401 = CARTESIAN_POINT('',(33.512907185054,-17.48499505307));
#402 = ( GEOMETRIC_REPRESENTATION_CONTEXT(2) 
PARAMETRIC_REPRESENTATION_CONTEXT() REPRESENTATION_CONTEXT('2D SPACE',''
  ) );
#403 = PCURVE('',#404,#449);
#404 = ( BOUNDED_SURFACE() B_SPLINE_SURFACE(10,3,(
    (#405,#406,#407,#408)
    ,(#409,#410,#411,#412)
    ,(#413,#414,#415,#416)
    ,(#417,#418,#419,#420)
    ,(#421,#422,#423,#424)
    ,(#425,#426,#427,#428)
    ,(#429,#430,#431,#432)
    ,(#433,#434,#435,#436)
    ,(#437,#438,#439,#440)
    ,(#441,#442,#443,#444)
    ,(#445,#446,#447,#448
)),.UNSPECIFIED.,.F.,.F.,.F.) B_SPLINE_SURFACE_WITH_KNOTS((11,11),(4,4),
  (9.,10.),(0.,1.),.PIECEWISE_BEZIER_KNOTS.) 
GEOMETRIC_REPRESENTATION_ITEM() RATIONAL_B_SPLINE_SURFACE((
    (1.,1.,1.,1.)
    ,(1.,1.,1.,1.)
    ,(1.,1.,1.,1.)
    ,(1.,1.,1.,1.)
    ,(1.,1.,1.,1.)
    ,(1.,1.,1.,1.)
    ,(1.,1.,1.,1.)
    ,(1.,1.,1.,1.)
    ,(1.,1.,1.,1.)
    ,(1.,1.,1.,1.)
,(1.,1.,1.,1.))) REPRESENTATION_ITEM('') SURFACE() );
#405 = CARTESIAN_POINT('',(-33.51290718505,-17.48499505307,0.));
#406 = CARTESIAN_POINT('',(-2.020494012455,-1.054170789107,3.));
#407 = CARTESIAN_POINT('',(-2.785552395018,-1.453331684357,90.));
#408 = CARTESIAN_POINT('',(-1.4375,-0.75,99.));
#409 = CARTESIAN_POINT('',(-29.70149632743,-24.79019919684,0.));
#410 = CARTESIAN_POINT('',(0.792913606197,5.033499330702,3.));
#411 = CARTESIAN_POINT('',(-3.192165442479,-3.888399732281,90.));
#412 = CARTESIAN_POINT('',(-1.15,-0.75,99.));
#413 = CARTESIAN_POINT('',(-24.12075054881,-31.17227195537,0.));
#414 = CARTESIAN_POINT('',(2.131875457343,10.351893296144,3.));
#415 = CARTESIAN_POINT('',(-3.009000182937,-6.015757318458,90.));
#416 = CARTESIAN_POINT('',(-0.8625,-0.75,99.));
#417 = CARTESIAN_POINT('',(-17.02220025104,-36.14910988226,0.));
#418 = CARTESIAN_POINT('',(2.206000209202,14.49925823522,3.));
#419 = CARTESIAN_POINT('',(-2.319900083681,-7.674703294088,90.));
#420 = CARTESIAN_POINT('',(-0.575,-0.75,99.));
#421 = CARTESIAN_POINT('',(-8.807514663469,-39.31693637829,0.));
#422 = CARTESIAN_POINT('',(1.350012219557,17.139113648583,3.));
#423 = CARTESIAN_POINT('',(-1.258754887823,-8.730645459433,90.));
#424 = CARTESIAN_POINT('',(-0.2875,-0.75,99.));
#425 = CARTESIAN_POINT('',(-2.046363078989E-12,-40.40484880633,0.));
#426 = CARTESIAN_POINT('',(1.719446807158E-12,18.045707338608,3.));
#427 = CARTESIAN_POINT('',(-7.068567953183E-13,-9.093282935443,90.));
#428 = CARTESIAN_POINT('',(-2.13162820728E-14,-0.75,99.));
#429 = CARTESIAN_POINT('',(8.807514663472,-39.31693637829,0.));
#430 = CARTESIAN_POINT('',(-1.35001221956,17.139113648583,3.));
#431 = CARTESIAN_POINT('',(1.258754887824,-8.730645459433,90.));
#432 = CARTESIAN_POINT('',(0.2875,-0.75,99.));
#433 = CARTESIAN_POINT('',(17.02220025104,-36.14910988226,0.));
#434 = CARTESIAN_POINT('',(-2.2060002092,14.499258235219,3.));
#435 = CARTESIAN_POINT('',(2.31990008368,-7.674703294088,90.));
#436 = CARTESIAN_POINT('',(0.575,-0.75,99.));
#437 = CARTESIAN_POINT('',(24.120750548813,-31.17227195537,0.));
#438 = CARTESIAN_POINT('',(-2.131875457344,10.351893296145,3.));
#439 = CARTESIAN_POINT('',(3.009000182938,-6.015757318458,90.));
#440 = CARTESIAN_POINT('',(0.8625,-0.75,99.));
#441 = CARTESIAN_POINT('',(29.701496327436,-24.79019919684,0.));
#442 = CARTESIAN_POINT('',(-0.792913606197,5.033499330701,3.));
#443 = CARTESIAN_POINT('',(3.192165442479,-3.888399732281,90.));
#444 = CARTESIAN_POINT('',(1.15,-0.75,99.));
#445 = CARTESIAN_POINT('',(33.512907185054,-17.48499505307,0.));
#446 = CARTESIAN_POINT('',(2.020494012455,-1.054170789107,3.));
#447 = CARTESIAN_POINT('',(2.785552395018,-1.453331684357,90.));
#448 = CARTESIAN_POINT('',(1.4375,-0.75,99.));
#449 = DEFINITIONAL_REPRESENTATION('',(#450),#454);
#450 = LINE('',#451,#452);
#451 = CARTESIAN_POINT('',(0.,0.));
#452 = VECTOR('',#453,1.);
#453 = DIRECTION('',(1.,0.));
#454 = ( GEOMETRIC_REPRESENTATION_CONTEXT(2) 
PARAMETRIC_REPRESENTATION_CONTEXT() REPRESENTATION_CONTEXT('2D SPACE',''
  ) );
#455 = ORIENTED_EDGE('',*,*,#456,.F.);
#456 = EDGE_CURVE('',#457,#373,#459,.T.);
#457 = VERTEX_POINT('',#458);
#458 = CARTESIAN_POINT('',(-37.75479294966,-1.848136717816,0.));
#459 = SURFACE_CURVE('',#460,(#472,#487),.PCURVE_S1.);
#460 = B_SPLINE_CURVE_WITH_KNOTS('',10,(#461,#462,#463,#464,#465,#466,
    #467,#468,#469,#470,#471),.UNSPECIFIED.,.F.,.F.,(11,11),(8.,9.),
  .PIECEWISE_BEZIER_KNOTS.);
#461 = CARTESIAN_POINT('',(-37.75479294966,-1.848136717816,0.));
#462 = CARTESIAN_POINT('',(-37.67495801315,-3.479050420915,0.));
#463 = CARTESIAN_POINT('',(-37.51684371035,-5.106132222818,0.));
#464 = CARTESIAN_POINT('',(-37.28065691357,-6.725155429701,0.));
#465 = CARTESIAN_POINT('',(-36.96686540317,-8.331905825521,0.));
#466 = CARTESIAN_POINT('',(-36.57619686872,-9.922200834378,0.));
#467 = CARTESIAN_POINT('',(-36.10963634546,-11.49190825843,0.));
#468 = CARTESIAN_POINT('',(-35.56842208622,-13.03696459141,0.));
#469 = CARTESIAN_POINT('',(-34.95403986867,-14.5533929076,0.));
#470 = CARTESIAN_POINT('',(-34.26821573802,-16.03732032653,0.));
#471 = CARTESIAN_POINT('',(-33.51290718505,-17.48499505307,0.));
#472 = PCURVE('',#67,#473);
#473 = DEFINITIONAL_REPRESENTATION('',(#474),#486);
#474 = B_SPLINE_CURVE_WITH_KNOTS('',10,(#475,#476,#477,#478,#479,#480,
    #481,#482,#483,#484,#485),.UNSPECIFIED.,.F.,.F.,(11,11),(8.,9.),
  .PIECEWISE_BEZIER_KNOTS.);
#475 = CARTESIAN_POINT('',(-37.75479294966,-1.848136717816));
#476 = CARTESIAN_POINT('',(-37.67495801315,-3.479050420915));
#477 = CARTESIAN_POINT('',(-37.51684371035,-5.106132222818));
#478 = CARTESIAN_POINT('',(-37.28065691357,-6.725155429701));
#479 = CARTESIAN_POINT('',(-36.96686540317,-8.331905825521));
#480 = CARTESIAN_POINT('',(-36.57619686872,-9.922200834378));
#481 = CARTESIAN_POINT('',(-36.10963634546,-11.49190825843));
#482 = CARTESIAN_POINT('',(-35.56842208622,-13.03696459141));
#483 = CARTESIAN_POINT('',(-34.95403986867,-14.5533929076));
#484 = CARTESIAN_POINT('',(-34.26821573802,-16.03732032653));
#485 = CARTESIAN_POINT('',(-33.51290718505,-17.48499505307));
#486 = ( GEOMETRIC_REPRESENTATION_CONTEXT(2) 
PARAMETRIC_REPRESENTATION_CONTEXT() REPRESENTATION_CONTEXT('2D SPACE',''
  ) );
#487 = PCURVE('',#488,#533);
#488 = ( BOUNDED_SURFACE() B_SPLINE_SURFACE(10,3,(
    (#489,#490,#491,#492)
    ,(#493,#494,#495,#496)
    ,(#497,#498,#499,#500)
    ,(#501,#502,#503,#504)
    ,(#505,#506,#507,#508)
    ,(#509,#510,#511,#512)
    ,(#513,#514,#515,#516)
    ,(#517,#518,#519,#520)
    ,(#521,#522,#523,#524)
    ,(#525,#526,#527,#528)
    ,(#529,#530,#531,#532
)),.UNSPECIFIED.,.F.,.F.,.F.) B_SPLINE_SURFACE_WITH_KNOTS((11,11),(4,4),
  (8.,9.),(0.,1.),.PIECEWISE_BEZIER_KNOTS.) 
GEOMETRIC_REPRESENTATION_ITEM() RATIONAL_B_SPLINE_SURFACE((
    (1.,1.,1.,1.)
    ,(1.,1.,1.,1.)
    ,(1.,1.,1.,1.)
    ,(1.,1.,1.,1.)
    ,(1.,1.,1.,1.)
    ,(1.,1.,1.,1.)
    ,(1.,1.,1.,1.)
    ,(1.,1.,1.,1.)
    ,(1.,1.,1.,1.)
    ,(1.,1.,1.,1.)
,(1.,1.,1.,1.))) REPRESENTATION_ITEM('') SURFACE() );
#489 = CARTESIAN_POINT('',(-37.75479294966,-1.848136717816,0.));
#490 = CARTESIAN_POINT('',(27.663297928827,1.354147451061,3.));
#491 = CARTESIAN_POINT('',(-80.90863050432,-3.960562332379,90.));
#492 = CARTESIAN_POINT('',(-15.32142857142,-0.75,99.));
#493 = CARTESIAN_POINT('',(-37.67495801315,-3.479050420915,0.));
#494 = CARTESIAN_POINT('',(23.565906662788,0.168926675378,3.));
#495 = CARTESIAN_POINT('',(-72.50312052077,-3.232042469279,90.));
#496 = CARTESIAN_POINT('',(-13.93303571428,-0.75,99.));
#497 = CARTESIAN_POINT('',(-37.51684371035,-5.106132222818,0.));
#498 = CARTESIAN_POINT('',(19.806991112002,-0.961459346444,3.));
#499 = CARTESIAN_POINT('',(-64.27337167537,-2.53125930821,90.));
#500 = CARTESIAN_POINT('',(-12.54464285714,-0.75,99.));
#501 = CARTESIAN_POINT('',(-37.28065691357,-6.725155429701,0.));
#502 = CARTESIAN_POINT('',(16.376363679604,-1.968467460046,
    2.999999999999));
#503 = CARTESIAN_POINT('',(-56.21427293033,-1.892836650835,90.));
#504 = CARTESIAN_POINT('',(-11.15624999999,-0.75,99.));
#505 = CARTESIAN_POINT('',(-36.96686540317,-8.331905825521,0.));
#506 = CARTESIAN_POINT('',(13.249358656189,-2.785663241057,3.));
#507 = CARTESIAN_POINT('',(-48.31345244925,-1.350342894012,90.));
#508 = CARTESIAN_POINT('',(-9.767857142856,-0.75,99.));
#509 = CARTESIAN_POINT('',(-36.57619686872,-9.922200834378,0.));
#510 = CARTESIAN_POINT('',(10.387319319896,-3.352187877052,
    3.000000000001));
#511 = CARTESIAN_POINT('',(-40.55152123041,-0.934555991942,90.));
#512 = CARTESIAN_POINT('',(-8.379464285713,-0.75,99.));
#513 = CARTESIAN_POINT('',(-36.10963634546,-11.49190825843,0.));
#514 = CARTESIAN_POINT('',(7.739113810668,-3.61611745849,3.));
#515 = CARTESIAN_POINT('',(-32.90283125749,-0.671782249219,90.));
#516 = CARTESIAN_POINT('',(-6.991071428571,-0.75,99.));
#517 = CARTESIAN_POINT('',(-35.56842208622,-13.03696459141,0.));
#518 = CARTESIAN_POINT('',(5.243578227491,-3.53729147958,2.999999999999)
  );
#519 = CARTESIAN_POINT('',(-25.33669739227,-0.582440544259,90.));
#520 = CARTESIAN_POINT('',(-5.602678571428,-0.75,99.));
#521 = CARTESIAN_POINT('',(-34.95403986867,-14.5533929076,0.));
#522 = CARTESIAN_POINT('',(2.832674800425,-3.089314980693,3.000000000001
    ));
#523 = CARTESIAN_POINT('',(-17.81897693496,-0.680059767353,90.));
#524 = CARTESIAN_POINT('',(-4.214285714285,-0.75,99.));
#525 = CARTESIAN_POINT('',(-34.26821573802,-16.03732032653,0.));
#526 = CARTESIAN_POINT('',(0.435042392244,-2.260566394552,3.));
#527 = CARTESIAN_POINT('',(-10.31384547985,-0.970773442179,90.));
#528 = CARTESIAN_POINT('',(-2.825892857143,-0.75,99.));
#529 = CARTESIAN_POINT('',(-33.51290718505,-17.48499505307,0.));
#530 = CARTESIAN_POINT('',(-2.020494012455,-1.054170789107,3.));
#531 = CARTESIAN_POINT('',(-2.785552395018,-1.453331684357,90.));
#532 = CARTESIAN_POINT('',(-1.4375,-0.75,99.));
#533 = DEFINITIONAL_REPRESENTATION('',(#534),#538);
#534 = LINE('',#535,#536);
#535 = CARTESIAN_POINT('',(0.,0.));
#536 = VECTOR('',#537,1.);
#537 = DIRECTION('',(1.,0.));
#538 = ( GEOMETRIC_REPRESENTATION_CONTEXT(2) 
PARAMETRIC_REPRESENTATION_CONTEXT() REPRESENTATION_CONTEXT('2D SPACE',''
  ) );
#539 = ORIENTED_EDGE('',*,*,#540,.F.);
#540 = EDGE_CURVE('',#541,#457,#543,.T.);
#541 = VERTEX_POINT('',#542);
#542 = CARTESIAN_POINT('',(-37.79213073791,-0.771267974243,0.));
#543 = SURFACE_CURVE('',#544,(#556,#571),.PCURVE_S1.);
#544 = B_SPLINE_CURVE_WITH_KNOTS('',10,(#545,#546,#547,#548,#549,#550,
    #551,#552,#553,#554,#555),.UNSPECIFIED.,.F.,.F.,(11,11),(7.,8.),
  .PIECEWISE_BEZIER_KNOTS.);
#545 = CARTESIAN_POINT('',(-37.79213073791,-0.771267974243,0.));
#546 = CARTESIAN_POINT('',(-37.78993210933,-0.879000774842,0.));
#547 = CARTESIAN_POINT('',(-37.78739222387,-0.986726610751,0.));
#548 = CARTESIAN_POINT('',(-37.78451112367,-1.094444266543,0.));
#549 = CARTESIAN_POINT('',(-37.78128885089,-1.202152526788,0.));
#550 = CARTESIAN_POINT('',(-37.77772544765,-1.309850176059,0.));
#551 = CARTESIAN_POINT('',(-37.7738209561,-1.417535998928,0.));
#552 = CARTESIAN_POINT('',(-37.76957541839,-1.525208779966,0.));
#553 = CARTESIAN_POINT('',(-37.76498887665,-1.632867303746,0.));
#554 = CARTESIAN_POINT('',(-37.76006137303,-1.740510354838,0.));
#555 = CARTESIAN_POINT('',(-37.75479294966,-1.848136717816,0.));
#556 = PCURVE('',#67,#557);
#557 = DEFINITIONAL_REPRESENTATION('',(#558),#570);
#558 = B_SPLINE_CURVE_WITH_KNOTS('',10,(#559,#560,#561,#562,#563,#564,
    #565,#566,#567,#568,#569),.UNSPECIFIED.,.F.,.F.,(11,11),(7.,8.),
  .PIECEWISE_BEZIER_KNOTS.);
#559 = CARTESIAN_POINT('',(-37.79213073791,-0.771267974243));
#560 = CARTESIAN_POINT('',(-37.78993210933,-0.879000774842));
#561 = CARTESIAN_POINT('',(-37.78739222387,-0.986726610751));
#562 = CARTESIAN_POINT('',(-37.78451112367,-1.094444266543));
#563 = CARTESIAN_POINT('',(-37.78128885089,-1.202152526788));
#564 = CARTESIAN_POINT('',(-37.77772544765,-1.309850176059));
#565 = CARTESIAN_POINT('',(-37.7738209561,-1.417535998928));
#566 = CARTESIAN_POINT('',(-37.76957541839,-1.525208779966));
#567 = CARTESIAN_POINT('',(-37.76498887665,-1.632867303746));
#568 = CARTESIAN_POINT('',(-37.76006137303,-1.740510354838));
#569 = CARTESIAN_POINT('',(-37.75479294966,-1.848136717816));
#570 = ( GEOMETRIC_REPRESENTATION_CONTEXT(2) 
PARAMETRIC_REPRESENTATION_CONTEXT() REPRESENTATION_CONTEXT('2D SPACE',''
  ) );
#571 = PCURVE('',#572,#617);
#572 = ( BOUNDED_SURFACE() B_SPLINE_SURFACE(10,3,(
    (#573,#574,#575,#576)
    ,(#577,#578,#579,#580)
    ,(#581,#582,#583,#584)
    ,(#585,#586,#587,#588)
    ,(#589,#590,#591,#592)
    ,(#593,#594,#595,#596)
    ,(#597,#598,#599,#600)
    ,(#601,#602,#603,#604)
    ,(#605,#606,#607,#608)
    ,(#609,#610,#611,#612)
    ,(#613,#614,#615,#616
)),.UNSPECIFIED.,.F.,.F.,.F.) B_SPLINE_SURFACE_WITH_KNOTS((11,11),(4,4),
  (7.,8.),(0.,1.),.PIECEWISE_BEZIER_KNOTS.) 
GEOMETRIC_REPRESENTATION_ITEM() RATIONAL_B_SPLINE_SURFACE((
    (1.,1.,1.,1.)
    ,(1.,1.,1.,1.)
    ,(1.,1.,1.,1.)
    ,(1.,1.,1.,1.)
    ,(1.,1.,1.,1.)
    ,(1.,1.,1.,1.)
    ,(1.,1.,1.,1.)
    ,(1.,1.,1.,1.)
    ,(1.,1.,1.,1.)
    ,(1.,1.,1.,1.)
,(1.,1.,1.,1.))) REPRESENTATION_ITEM('') SURFACE() );
#573 = CARTESIAN_POINT('',(-37.79213073791,-0.771267974243,0.));
#574 = CARTESIAN_POINT('',(22.763590509555,0.464563071624,3.));
#575 = CARTESIAN_POINT('',(-67.71485746365,-1.381935866605,90.));
#576 = CARTESIAN_POINT('',(-36.75,-0.75,99.));
#577 = CARTESIAN_POINT('',(-37.78993210933,-0.879000774842,0.));
#578 = CARTESIAN_POINT('',(23.356933028284,0.669569405843,3.));
#579 = CARTESIAN_POINT('',(-69.2482475248,-1.872648135185,
    89.999999999999));
#580 = CARTESIAN_POINT('',(-34.60714285714,-0.75,99.));
#581 = CARTESIAN_POINT('',(-37.78739222387,-0.986726610751,0.));
#582 = CARTESIAN_POINT('',(23.918409479143,0.858714073768,2.999999999999
    ));
#583 = CARTESIAN_POINT('',(-70.71628559333,-2.331522719512,
    90.000000000001));
#584 = CARTESIAN_POINT('',(-32.46428571428,-0.75,99.));
#585 = CARTESIAN_POINT('',(-37.78451112367,-1.094444266543,0.));
#586 = CARTESIAN_POINT('',(24.450251637542,1.027394073369,3.));
#587 = CARTESIAN_POINT('',(-72.12343645175,-2.749333632846,90.));
#588 = CARTESIAN_POINT('',(-30.32142857142,-0.75,99.));
#589 = CARTESIAN_POINT('',(-37.78128885089,-1.202152526788,0.));
#590 = CARTESIAN_POINT('',(24.955429087275,1.17136231828,3.));
#591 = CARTESIAN_POINT('',(-73.47564075515,-3.117566745734,
    89.999999999999));
#592 = CARTESIAN_POINT('',(-28.17857142857,-0.75,99.));
#593 = CARTESIAN_POINT('',(-37.77772544765,-1.309850176059,0.));
#594 = CARTESIAN_POINT('',(25.437584545937,1.286868218631,3.));
#595 = CARTESIAN_POINT('',(-74.78018568206,-3.428700947683,90.));
#596 = CARTESIAN_POINT('',(-26.03571428571,-0.75,99.));
#597 = CARTESIAN_POINT('',(-37.7738209561,-1.417535998928,0.));
#598 = CARTESIAN_POINT('',(25.900935063437,1.370779663026,2.999999999999
    ));
#599 = CARTESIAN_POINT('',(-76.04550733145,-3.676452111106,
    90.000000000001));
#600 = CARTESIAN_POINT('',(-23.89285714285,-0.75,99.));
#601 = CARTESIAN_POINT('',(-37.76957541839,-1.525208779966,0.));
#602 = CARTESIAN_POINT('',(26.350147152968,1.420681346357,3.));
#603 = CARTESIAN_POINT('',(-77.28094098466,-3.855969746953,90.));
#604 = CARTESIAN_POINT('',(-21.74999999999,-0.75,99.));
#605 = CARTESIAN_POINT('',(-37.76498887665,-1.632867303746,0.));
#606 = CARTESIAN_POINT('',(26.790193913718,1.434944388189,3.000000000001
    ));
#607 = CARTESIAN_POINT('',(-78.49643535085,-3.963976241492,
    89.999999999999));
#608 = CARTESIAN_POINT('',(-19.60714285714,-0.75,99.));
#609 = CARTESIAN_POINT('',(-37.76006137303,-1.740510354838,0.));
#610 = CARTESIAN_POINT('',(27.226202204672,1.412762186442,3.));
#611 = CARTESIAN_POINT('',(-79.7022469146,-3.998838563651,90.));
#612 = CARTESIAN_POINT('',(-17.46428571428,-0.75,99.));
#613 = CARTESIAN_POINT('',(-37.75479294966,-1.848136717816,0.));
#614 = CARTESIAN_POINT('',(27.663297928827,1.354147451061,3.));
#615 = CARTESIAN_POINT('',(-80.90863050432,-3.960562332379,90.));
#616 = CARTESIAN_POINT('',(-15.32142857142,-0.75,99.));
#617 = DEFINITIONAL_REPRESENTATION('',(#618),#622);
#618 = LINE('',#619,#620);
#619 = CARTESIAN_POINT('',(0.,0.));
#620 = VECTOR('',#621,1.);
#621 = DIRECTION('',(1.,0.));
#622 = ( GEOMETRIC_REPRESENTATION_CONTEXT(2) 
PARAMETRIC_REPRESENTATION_CONTEXT() REPRESENTATION_CONTEXT('2D SPACE',''
  ) );
#623 = ORIENTED_EDGE('',*,*,#624,.F.);
#624 = EDGE_CURVE('',#162,#541,#625,.T.);
#625 = SURFACE_CURVE('',#626,(#638,#653),.PCURVE_S1.);
#626 = B_SPLINE_CURVE_WITH_KNOTS('',10,(#627,#628,#629,#630,#631,#632,
    #633,#634,#635,#636,#637),.UNSPECIFIED.,.F.,.F.,(11,11),(6.,7.),
  .PIECEWISE_BEZIER_KNOTS.);
#627 = CARTESIAN_POINT('',(-37.79213073791,0.771267974243,0.));
#628 = CARTESIAN_POINT('',(-37.79527833353,0.617035789232,0.));
#629 = CARTESIAN_POINT('',(-37.79772656053,0.462789330996,0.));
#630 = CARTESIAN_POINT('',(-37.79947534612,0.308532167841,0.));
#631 = CARTESIAN_POINT('',(-37.80052463827,0.154267868074,0.));
#632 = CARTESIAN_POINT('',(-37.80087440579,4.640732242933E-15,0.));
#633 = CARTESIAN_POINT('',(-37.80052463827,-0.154267868074,0.));
#634 = CARTESIAN_POINT('',(-37.79947534612,-0.308532167841,0.));
#635 = CARTESIAN_POINT('',(-37.79772656053,-0.462789330996,0.));
#636 = CARTESIAN_POINT('',(-37.79527833353,-0.617035789232,0.));
#637 = CARTESIAN_POINT('',(-37.79213073791,-0.771267974243,0.));
#638 = PCURVE('',#67,#639);
#639 = DEFINITIONAL_REPRESENTATION('',(#640),#652);
#640 = B_SPLINE_CURVE_WITH_KNOTS('',10,(#641,#642,#643,#644,#645,#646,
    #647,#648,#649,#650,#651),.UNSPECIFIED.,.F.,.F.,(11,11),(6.,7.),
  .PIECEWISE_BEZIER_KNOTS.);
#641 = CARTESIAN_POINT('',(-37.79213073791,0.771267974243));
#642 = CARTESIAN_POINT('',(-37.79527833353,0.617035789232));
#643 = CARTESIAN_POINT('',(-37.79772656053,0.462789330996));
#644 = CARTESIAN_POINT('',(-37.79947534612,0.308532167841));
#645 = CARTESIAN_POINT('',(-37.80052463827,0.154267868074));
#646 = CARTESIAN_POINT('',(-37.80087440579,4.656866642202E-15));
#647 = CARTESIAN_POINT('',(-37.80052463827,-0.154267868074));
#648 = CARTESIAN_POINT('',(-37.79947534612,-0.308532167841));
#649 = CARTESIAN_POINT('',(-37.79772656053,-0.462789330996));
#650 = CARTESIAN_POINT('',(-37.79527833353,-0.617035789232));
#651 = CARTESIAN_POINT('',(-37.79213073791,-0.771267974243));
#652 = ( GEOMETRIC_REPRESENTATION_CONTEXT(2) 
PARAMETRIC_REPRESENTATION_CONTEXT() REPRESENTATION_CONTEXT('2D SPACE',''
  ) );
#653 = PCURVE('',#654,#699);
#654 = ( BOUNDED_SURFACE() B_SPLINE_SURFACE(10,3,(
    (#655,#656,#657,#658)
    ,(#659,#660,#661,#662)
    ,(#663,#664,#665,#666)
    ,(#667,#668,#669,#670)
    ,(#671,#672,#673,#674)
    ,(#675,#676,#677,#678)
    ,(#679,#680,#681,#682)
    ,(#683,#684,#685,#686)
    ,(#687,#688,#689,#690)
    ,(#691,#692,#693,#694)
    ,(#695,#696,#697,#698
)),.UNSPECIFIED.,.F.,.F.,.F.) B_SPLINE_SURFACE_WITH_KNOTS((11,11),(4,4),
  (6.,7.),(0.,1.),.PIECEWISE_BEZIER_KNOTS.) 
GEOMETRIC_REPRESENTATION_ITEM() RATIONAL_B_SPLINE_SURFACE((
    (1.,1.,1.,1.)
    ,(1.,1.,1.,1.)
    ,(1.,1.,1.,1.)
    ,(1.,1.,1.,1.)
    ,(1.,1.,1.,1.)
    ,(1.,1.,1.,1.)
    ,(1.,1.,1.,1.)
    ,(1.,1.,1.,1.)
    ,(1.,1.,1.,1.)
    ,(1.,1.,1.,1.)
,(1.,1.,1.,1.))) REPRESENTATION_ITEM('') SURFACE() );
#655 = CARTESIAN_POINT('',(-37.79213073791,0.771267974243,0.));
#656 = CARTESIAN_POINT('',(22.763590509555,-0.464563071624,3.));
#657 = CARTESIAN_POINT('',(-67.71485746365,1.381935866605,90.));
#658 = CARTESIAN_POINT('',(-36.75,0.75,99.));
#659 = CARTESIAN_POINT('',(-37.79527833353,0.617035789232,0.));
#660 = CARTESIAN_POINT('',(22.777842712702,-0.337077857202,3.));
#661 = CARTESIAN_POINT('',(-67.71901588225,1.011754409159,90.));
#662 = CARTESIAN_POINT('',(-36.98561944901,0.75,99.));
#663 = CARTESIAN_POINT('',(-37.79772656053,0.462789330996,0.));
#664 = CARTESIAN_POINT('',(22.773037933434,-0.226865742579,3.));
#665 = CARTESIAN_POINT('',(-67.68174843734,0.689592953924,90.));
#666 = CARTESIAN_POINT('',(-37.22124107155,0.667753520049,99.));
#667 = CARTESIAN_POINT('',(-37.79947534612,0.308532167841,0.));
#668 = CARTESIAN_POINT('',(22.758790589105,-0.13628483069,3.));
#669 = CARTESIAN_POINT('',(-67.62766603524,0.420226532402,90.));
#670 = CARTESIAN_POINT('',(-37.42455043143,0.503258522416,99.));
#671 = CARTESIAN_POINT('',(-37.80052463827,0.154267868074,0.));
#672 = CARTESIAN_POINT('',(22.744998603816,-6.301040528433E-02,3.));
#673 = CARTESIAN_POINT('',(-67.58193558956,0.196646767552,90.));
#674 = CARTESIAN_POINT('',(-37.56330541722,0.271019590411,99.));
#675 = CARTESIAN_POINT('',(-37.80087440579,4.640732242933E-15,0.));
#676 = CARTESIAN_POINT('',(22.73941830552,-7.367948843632E-15,3.));
#677 = CARTESIAN_POINT('',(-67.56420577698,5.591938948927E-15,90.));
#678 = CARTESIAN_POINT('',(-37.61268047281,-3.863576125696E-15,99.));
#679 = CARTESIAN_POINT('',(-37.80052463827,-0.154267868074,0.));
#680 = CARTESIAN_POINT('',(22.744998603815,6.301040528432E-02,3.));
#681 = CARTESIAN_POINT('',(-67.58193558956,-0.196646767552,90.));
#682 = CARTESIAN_POINT('',(-37.56330541722,-0.271019590411,99.));
#683 = CARTESIAN_POINT('',(-37.79947534612,-0.308532167841,0.));
#684 = CARTESIAN_POINT('',(22.758790589106,0.13628483069,3.));
#685 = CARTESIAN_POINT('',(-67.62766603525,-0.420226532402,90.));
#686 = CARTESIAN_POINT('',(-37.42455043143,-0.503258522416,99.));
#687 = CARTESIAN_POINT('',(-37.79772656053,-0.462789330996,0.));
#688 = CARTESIAN_POINT('',(22.773037933433,0.226865742579,3.));
#689 = CARTESIAN_POINT('',(-67.68174843734,-0.689592953924,90.));
#690 = CARTESIAN_POINT('',(-37.22124107156,-0.667753520049,99.));
#691 = CARTESIAN_POINT('',(-37.79527833353,-0.617035789232,0.));
#692 = CARTESIAN_POINT('',(22.777842712702,0.337077857202,3.));
#693 = CARTESIAN_POINT('',(-67.71901588225,-1.011754409159,90.));
#694 = CARTESIAN_POINT('',(-36.98561944901,-0.75,99.));
#695 = CARTESIAN_POINT('',(-37.79213073791,-0.771267974243,0.));
#696 = CARTESIAN_POINT('',(22.763590509555,0.464563071624,3.));
#697 = CARTESIAN_POINT('',(-67.71485746365,-1.381935866605,90.));
#698 = CARTESIAN_POINT('',(-36.75,-0.75,99.));
#699 = DEFINITIONAL_REPRESENTATION('',(#700),#704);
#700 = LINE('',#701,#702);
#701 = CARTESIAN_POINT('',(0.,0.));
#702 = VECTOR('',#703,1.);
#703 = DIRECTION('',(1.,0.));
#704 = ( GEOMETRIC_REPRESENTATION_CONTEXT(2) 
PARAMETRIC_REPRESENTATION_CONTEXT() REPRESENTATION_CONTEXT('2D SPACE',''
  ) );
#705 = ADVANCED_FACE('',(#706,#1202),#147,.F.);
#706 = FACE_BOUND('',#707,.F.);
#707 = EDGE_LOOP('',(#708,#709,#730,#756,#782,#1183,#1201));
#708 = ORIENTED_EDGE('',*,*,#134,.F.);
#709 = ORIENTED_EDGE('',*,*,#710,.F.);
#710 = EDGE_CURVE('',#711,#106,#713,.T.);
#711 = VERTEX_POINT('',#712);
#712 = CARTESIAN_POINT('',(44.75,-5.670707920427E-06,69.9));
#713 = SURFACE_CURVE('',#714,(#718,#724),.PCURVE_S1.);
#714 = LINE('',#715,#716);
#715 = CARTESIAN_POINT('',(9.23602159002E-05,-5.670707919931E-06,69.9));
#716 = VECTOR('',#717,1.);
#717 = DIRECTION('',(1.,0.,0.));
#718 = PCURVE('',#147,#719);
#719 = DEFINITIONAL_REPRESENTATION('',(#720),#723);
#720 = B_SPLINE_CURVE_WITH_KNOTS('',1,(#721,#722),.UNSPECIFIED.,.F.,.F.,
  (2,2),(-46.50009236021,46.499907639784),.PIECEWISE_BEZIER_KNOTS.);
#721 = CARTESIAN_POINT('',(-17.06875066325,-46.50018472043));
#722 = CARTESIAN_POINT('',(-17.06875066325,46.499815279568));
#723 = ( GEOMETRIC_REPRESENTATION_CONTEXT(2) 
PARAMETRIC_REPRESENTATION_CONTEXT() REPRESENTATION_CONTEXT('2D SPACE',''
  ) );
#724 = PCURVE('',#122,#725);
#725 = DEFINITIONAL_REPRESENTATION('',(#726),#729);
#726 = B_SPLINE_CURVE_WITH_KNOTS('',1,(#727,#728),.UNSPECIFIED.,.F.,.F.,
  (2,2),(-46.50009236021,46.499907639784),.PIECEWISE_BEZIER_KNOTS.);
#727 = CARTESIAN_POINT('',(-46.5,-5.670707919915E-06));
#728 = CARTESIAN_POINT('',(46.5,-5.670707919915E-06));
#729 = ( GEOMETRIC_REPRESENTATION_CONTEXT(2) 
PARAMETRIC_REPRESENTATION_CONTEXT() REPRESENTATION_CONTEXT('2D SPACE',''
  ) );
#730 = ORIENTED_EDGE('',*,*,#731,.F.);
#731 = EDGE_CURVE('',#732,#711,#734,.T.);
#732 = VERTEX_POINT('',#733);
#733 = CARTESIAN_POINT('',(44.75,-5.670707920427E-06,80.7));
#734 = SURFACE_CURVE('',#735,(#739,#745),.PCURVE_S1.);
#735 = LINE('',#736,#737);
#736 = CARTESIAN_POINT('',(44.75,-5.670707919931E-06,69.9));
#737 = VECTOR('',#738,1.);
#738 = DIRECTION('',(-0.,-0.,-1.));
#739 = PCURVE('',#147,#740);
#740 = DEFINITIONAL_REPRESENTATION('',(#741),#744);
#741 = B_SPLINE_CURVE_WITH_KNOTS('',1,(#742,#743),.UNSPECIFIED.,.F.,.F.,
  (2,2),(-10.8000006,6.000000070117E-07),.PIECEWISE_BEZIER_KNOTS.);
#742 = CARTESIAN_POINT('',(-27.86875126325,44.749815279568));
#743 = CARTESIAN_POINT('',(-17.06875006325,44.749815279568));
#744 = ( GEOMETRIC_REPRESENTATION_CONTEXT(2) 
PARAMETRIC_REPRESENTATION_CONTEXT() REPRESENTATION_CONTEXT('2D SPACE',''
  ) );
#745 = PCURVE('',#746,#751);
#746 = CYLINDRICAL_SURFACE('',#747,44.75);
#747 = AXIS2_PLACEMENT_3D('',#748,#749,#750);
#748 = CARTESIAN_POINT('',(0.,0.,69.9));
#749 = DIRECTION('',(-0.,-0.,-1.));
#750 = DIRECTION('',(1.,0.,0.));
#751 = DEFINITIONAL_REPRESENTATION('',(#752),#755);
#752 = B_SPLINE_CURVE_WITH_KNOTS('',1,(#753,#754),.UNSPECIFIED.,.F.,.F.,
  (2,2),(-10.8000006,6.000000070117E-07),.PIECEWISE_BEZIER_KNOTS.);
#753 = CARTESIAN_POINT('',(-6.28318518046,-10.8000006));
#754 = CARTESIAN_POINT('',(-6.28318518046,6.000000070117E-07));
#755 = ( GEOMETRIC_REPRESENTATION_CONTEXT(2) 
PARAMETRIC_REPRESENTATION_CONTEXT() REPRESENTATION_CONTEXT('2D SPACE',''
  ) );
#756 = ORIENTED_EDGE('',*,*,#757,.F.);
#757 = EDGE_CURVE('',#758,#732,#760,.T.);
#758 = VERTEX_POINT('',#759);
#759 = CARTESIAN_POINT('',(41.916543238371,-5.670707919893E-06,80.7));
#760 = SURFACE_CURVE('',#761,(#765,#771),.PCURVE_S1.);
#761 = LINE('',#762,#763);
#762 = CARTESIAN_POINT('',(9.236021589968E-05,-5.670707919931E-06,80.7)
  );
#763 = VECTOR('',#764,1.);
#764 = DIRECTION('',(1.,0.,0.));
#765 = PCURVE('',#147,#766);
#766 = DEFINITIONAL_REPRESENTATION('',(#767),#770);
#767 = B_SPLINE_CURVE_WITH_KNOTS('',1,(#768,#769),.UNSPECIFIED.,.F.,.F.,
  (2,2),(-44.75009236021,44.749907639784),.PIECEWISE_BEZIER_KNOTS.);
#768 = CARTESIAN_POINT('',(-27.86875066325,-44.75018472043));
#769 = CARTESIAN_POINT('',(-27.86875066325,44.749815279568));
#770 = ( GEOMETRIC_REPRESENTATION_CONTEXT(2) 
PARAMETRIC_REPRESENTATION_CONTEXT() REPRESENTATION_CONTEXT('2D SPACE',''
  ) );
#771 = PCURVE('',#772,#777);
#772 = PLANE('',#773);
#773 = AXIS2_PLACEMENT_3D('',#774,#775,#776);
#774 = CARTESIAN_POINT('',(-2.933502854163E-15,4.040240899597E-15,80.7)
  );
#775 = DIRECTION('',(0.,0.,1.));
#776 = DIRECTION('',(1.,0.,-0.));
#777 = DEFINITIONAL_REPRESENTATION('',(#778),#781);
#778 = B_SPLINE_CURVE_WITH_KNOTS('',1,(#779,#780),.UNSPECIFIED.,.F.,.F.,
  (2,2),(-44.75009236021,44.749907639784),.PIECEWISE_BEZIER_KNOTS.);
#779 = CARTESIAN_POINT('',(-44.75,-5.670707923971E-06));
#780 = CARTESIAN_POINT('',(44.75,-5.670707923971E-06));
#781 = ( GEOMETRIC_REPRESENTATION_CONTEXT(2) 
PARAMETRIC_REPRESENTATION_CONTEXT() REPRESENTATION_CONTEXT('2D SPACE',''
  ) );
#782 = ORIENTED_EDGE('',*,*,#783,.T.);
#783 = EDGE_CURVE('',#758,#784,#786,.T.);
#784 = VERTEX_POINT('',#785);
#785 = CARTESIAN_POINT('',(37.798072236471,-5.670707919946E-06,
    9.551176270836E-05));
#786 = SURFACE_CURVE('',#787,(#902,#1020),.PCURVE_S1.);
#787 = B_SPLINE_CURVE_WITH_KNOTS('',8,(#788,#789,#790,#791,#792,#793,
    #794,#795,#796,#797,#798,#799,#800,#801,#802,#803,#804,#805,#806,
    #807,#808,#809,#810,#811,#812,#813,#814,#815,#816,#817,#818,#819,
    #820,#821,#822,#823,#824,#825,#826,#827,#828,#829,#830,#831,#832,
    #833,#834,#835,#836,#837,#838,#839,#840,#841,#842,#843,#844,#845,
    #846,#847,#848,#849,#850,#851,#852,#853,#854,#855,#856,#857,#858,
    #859,#860,#861,#862,#863,#864,#865,#866,#867,#868,#869,#870,#871,
    #872,#873,#874,#875,#876,#877,#878,#879,#880,#881,#882,#883,#884,
    #885,#886,#887,#888,#889,#890,#891,#892,#893,#894,#895,#896,#897,
    #898,#899,#900,#901),.UNSPECIFIED.,.F.,.F.,(9,7,7,7,7,7,7,7,7,7,7,7,
    7,7,7,7,9),(0.,0.108600712244,0.196126711686,0.236489983498,
    0.265680499619,0.283287042782,0.336258740589,0.459934404402,
    0.608816162059,0.710274944794,0.740667961137,0.757037788088,
    0.79017552892,0.824146854167,0.841294193076,0.87377939978,1.),
  .UNSPECIFIED.);
#788 = CARTESIAN_POINT('',(41.916566017088,-5.670707919931E-06,
    80.700067519065));
#789 = CARTESIAN_POINT('',(41.482828575652,-5.670707919931E-06,
    79.414167642164));
#790 = CARTESIAN_POINT('',(41.016200731975,-5.670707919931E-06,
    78.139612389775));
#791 = CARTESIAN_POINT('',(40.523609105279,-5.670707919931E-06,
    76.874669077149));
#792 = CARTESIAN_POINT('',(40.009786154503,-5.670707919931E-06,
    75.61821383909));
#793 = CARTESIAN_POINT('',(39.478443254311,-5.670707919931E-06,
    74.369261914243));
#794 = CARTESIAN_POINT('',(38.932451857224,-5.670707919931E-06,
    73.126892738796));
#795 = CARTESIAN_POINT('',(38.374120786547,-5.670707919931E-06,
    71.890141094071));
#796 = CARTESIAN_POINT('',(37.346835497417,-5.670707919931E-06,
    69.664891696652));
#797 = CARTESIAN_POINT('',(36.881636124925,-5.670707919931E-06,
    68.67495008407));
#798 = CARTESIAN_POINT('',(36.410708571265,-5.670707919931E-06,
    67.687709767677));
#799 = CARTESIAN_POINT('',(35.934928501822,-5.670707919931E-06,
    66.70279927324));
#800 = CARTESIAN_POINT('',(35.455063201703,-5.670707919931E-06,
    65.719882632529));
#801 = CARTESIAN_POINT('',(34.971799909302,-5.670707919931E-06,
    64.738645706726));
#802 = CARTESIAN_POINT('',(34.485764729345,-5.670707919931E-06,
    63.7587870268));
#803 = CARTESIAN_POINT('',(33.772379994306,-5.670707919931E-06,
    62.328644229059));
#804 = CARTESIAN_POINT('',(33.546761560715,-5.670707919931E-06,
    61.877507920514));
#805 = CARTESIAN_POINT('',(33.32073373703,-5.670707919931E-06,
    61.426576413497));
#806 = CARTESIAN_POINT('',(33.094351496432,-5.670707919931E-06,
    60.975822682991));
#807 = CARTESIAN_POINT('',(32.867668109243,-5.670707919931E-06,
    60.525220371964));
#808 = CARTESIAN_POINT('',(32.640735379284,-5.670707919931E-06,
    60.074743672635));
#809 = CARTESIAN_POINT('',(32.413603880232,-5.670707919931E-06,
    59.624367207741));
#810 = CARTESIAN_POINT('',(32.021954935983,-5.670707919931E-06,
    58.848410268748));
#811 = CARTESIAN_POINT('',(31.857508708586,-5.670707919931E-06,
    58.522793967739));
#812 = CARTESIAN_POINT('',(31.693003192117,-5.670707919931E-06,
    58.197207590078));
#813 = CARTESIAN_POINT('',(31.528456881735,-5.670707919931E-06,
    57.871641804854));
#814 = CARTESIAN_POINT('',(31.363888085435,-5.670707919931E-06,
    57.546087368945));
#815 = CARTESIAN_POINT('',(31.199314924044,-5.670707919931E-06,
    57.220535127021));
#816 = CARTESIAN_POINT('',(31.034755331227,-5.670707919931E-06,
    56.894976011543));
#817 = CARTESIAN_POINT('',(30.770990225609,-5.670707919931E-06,
    56.373027339846));
#818 = CARTESIAN_POINT('',(30.671764808036,-5.670707919931E-06,
    56.176647865793));
#819 = CARTESIAN_POINT('',(30.572554706269,-5.670707919931E-06,
    55.98026064693));
#820 = CARTESIAN_POINT('',(30.473363816968,-5.670707919931E-06,
    55.783863716455));
#821 = CARTESIAN_POINT('',(30.374196027946,-5.670707919931E-06,
    55.587455114438));
#822 = CARTESIAN_POINT('',(30.275055218167,-5.670707919931E-06,
    55.391032887822));
#823 = CARTESIAN_POINT('',(30.17594525775,-5.670707919931E-06,
    55.194595090419));
#824 = CARTESIAN_POINT('',(29.778788542264,-5.670707919931E-06,
    54.407077069173));
#825 = CARTESIAN_POINT('',(29.481021396463,-5.670707919931E-06,
    53.815856043093));
#826 = CARTESIAN_POINT('',(29.18367374807,-5.670707919931E-06,
    53.224423574689));
#827 = CARTESIAN_POINT('',(28.886850636105,-5.670707919931E-06,
    52.632727202293));
#828 = CARTESIAN_POINT('',(28.59065758003,-5.670707919931E-06,
    52.040714822487));
#829 = CARTESIAN_POINT('',(28.295201198676,-5.670707919931E-06,
    51.448334380034));
#830 = CARTESIAN_POINT('',(28.000589829171,-5.670707919931E-06,
    50.855533557814));
#831 = CARTESIAN_POINT('',(27.021321581635,-5.670707919931E-06,
    48.877112868227));
#832 = CARTESIAN_POINT('',(26.340935730067,-5.670707919931E-06,
    47.489421341027));
#833 = CARTESIAN_POINT('',(25.667165733142,-5.670707919931E-06,
    46.098472516265));
#834 = CARTESIAN_POINT('',(25.001490230239,-5.670707919931E-06,
    44.703577762598));
#835 = CARTESIAN_POINT('',(24.345526303358,-5.670707919931E-06,
    43.304049205225));
#836 = CARTESIAN_POINT('',(23.701075609369,-5.670707919931E-06,
    41.899177984094));
#837 = CARTESIAN_POINT('',(23.070194817878,-5.670707919931E-06,
    40.488201155574));
#838 = CARTESIAN_POINT('',(21.715123186088,-5.670707919931E-06,
    37.363297199448));
#839 = CARTESIAN_POINT('',(20.998496110794,-5.670707919931E-06,
    35.647099304857));
#840 = CARTESIAN_POINT('',(20.309267085416,-5.670707919931E-06,
    33.919296311356));
#841 = CARTESIAN_POINT('',(19.652476090441,-5.670707919931E-06,
    32.17804968096));
#842 = CARTESIAN_POINT('',(19.034546792676,-5.670707919931E-06,
    30.421969569786));
#843 = CARTESIAN_POINT('',(18.463931622783,-5.670707919931E-06,
    28.649906500974));
#844 = CARTESIAN_POINT('',(17.951401424276,-5.670707919931E-06,
    26.86084379802));
#845 = CARTESIAN_POINT('',(17.213937341536,-5.670707919931E-06,
    23.820942590933));
#846 = CARTESIAN_POINT('',(16.949806241207,-5.670707919931E-06,
    22.581867612032));
#847 = CARTESIAN_POINT('',(16.725005640704,-5.670707919931E-06,
    21.334046787218));
#848 = CARTESIAN_POINT('',(16.545765627816,-5.670707919931E-06,
    20.077325076967));
#849 = CARTESIAN_POINT('',(16.420075512338,-5.670707919931E-06,
    18.813074614603));
#850 = CARTESIAN_POINT('',(16.357776734414,-5.670707919931E-06,
    17.544183562214));
#851 = CARTESIAN_POINT('',(16.370706699646,-5.670707919931E-06,
    16.275040545566));
#852 = CARTESIAN_POINT('',(16.503591784295,-5.670707919931E-06,
    14.633009413488));
#853 = CARTESIAN_POINT('',(16.542226457701,-5.670707919931E-06,
    14.255160414334));
#854 = CARTESIAN_POINT('',(16.589227328389,-5.670707919931E-06,
    13.878186908437));
#855 = CARTESIAN_POINT('',(16.644963657467,-5.670707919931E-06,
    13.502352728814));
#856 = CARTESIAN_POINT('',(16.709805203517,-5.670707919931E-06,
    13.127962866453));
#857 = CARTESIAN_POINT('',(16.784113736777,-5.670707919931E-06,
    12.755362034756));
#858 = CARTESIAN_POINT('',(16.86823210937,-5.670707919931E-06,
    12.384932810616));
#859 = CARTESIAN_POINT('',(17.013228344272,-5.670707919931E-06,
    11.818973224364));
#860 = CARTESIAN_POINT('',(17.066921291808,-5.670707919931E-06,
    11.621605955508));
#861 = CARTESIAN_POINT('',(17.123597737897,-5.670707919931E-06,
    11.425058254965));
#862 = CARTESIAN_POINT('',(17.183302875288,-5.670707919931E-06,
    11.229399997552));
#863 = CARTESIAN_POINT('',(17.246078332544,-5.670707919931E-06,
    11.034703986246));
#864 = CARTESIAN_POINT('',(17.311961430821,-5.670707919931E-06,
    10.841045714932));
#865 = CARTESIAN_POINT('',(17.380984440645,-5.670707919931E-06,
    10.648503131151));
#866 = CARTESIAN_POINT('',(17.599308160731,-5.670707919931E-06,
    10.069809700362));
#867 = CARTESIAN_POINT('',(17.75843210543,-5.670707919931E-06,
    9.687325638996));
#868 = CARTESIAN_POINT('',(17.930752558637,-5.670707919931E-06,
    9.31041501931));
#869 = CARTESIAN_POINT('',(18.116385689016,-5.670707919931E-06,
    8.939780423634));
#870 = CARTESIAN_POINT('',(18.315340280978,-5.670707919931E-06,
    8.576107476746));
#871 = CARTESIAN_POINT('',(18.527501067619,-5.670707919931E-06,
    8.220056110547));
#872 = CARTESIAN_POINT('',(18.752612063649,-5.670707919931E-06,
    7.872251828739));
#873 = CARTESIAN_POINT('',(19.23388579688,-5.670707919931E-06,
    7.185775155253));
#874 = CARTESIAN_POINT('',(19.490726093966,-5.670707919931E-06,
    6.847497164195));
#875 = CARTESIAN_POINT('',(19.760341934117,-5.670707919931E-06,
    6.519077512308));
#876 = CARTESIAN_POINT('',(20.042190902221,-5.670707919931E-06,
    6.201002458364));
#877 = CARTESIAN_POINT('',(20.33564317652,-5.670707919931E-06,
    5.893624870055));
#878 = CARTESIAN_POINT('',(20.639997681597,-5.670707919931E-06,
    5.597179088123));
#879 = CARTESIAN_POINT('',(20.954498241364,-5.670707919931E-06,
    5.311795790487));
#880 = CARTESIAN_POINT('',(21.441816750969,-5.670707919931E-06,
    4.899072041381));
#881 = CARTESIAN_POINT('',(21.607674876502,-5.670707919931E-06,
    4.763449091123));
#882 = CARTESIAN_POINT('',(21.77582738229,-5.670707919931E-06,
    4.630649469133));
#883 = CARTESIAN_POINT('',(21.946177863968,-5.670707919931E-06,
    4.500667397939));
#884 = CARTESIAN_POINT('',(22.118630820615,-5.670707919931E-06,
    4.373490626478));
#885 = CARTESIAN_POINT('',(22.293092236194,-5.670707919931E-06,
    4.249101197518));
#886 = CARTESIAN_POINT('',(22.469470160999,-5.670707919931E-06,
    4.127476215065));
#887 = CARTESIAN_POINT('',(22.985280479699,-5.670707919931E-06,
    3.783359006906));
#888 = CARTESIAN_POINT('',(23.329436356485,-5.670707919931E-06,
    3.567958720578));
#889 = CARTESIAN_POINT('',(23.679546027577,-5.670707919931E-06,
    3.362194999853));
#890 = CARTESIAN_POINT('',(24.035042921022,-5.670707919931E-06,
    3.165825256508));
#891 = CARTESIAN_POINT('',(24.395399180696,-5.670707919931E-06,
    2.978572340956));
#892 = CARTESIAN_POINT('',(24.760132404223,-5.670707919931E-06,
    2.800136824572));
#893 = CARTESIAN_POINT('',(25.128810726904,-5.670707919931E-06,
    2.630206290426));
#894 = CARTESIAN_POINT('',(26.947408555748,-5.670707919931E-06,
    1.840006101861));
#895 = CARTESIAN_POINT('',(28.44440238207,-5.670707919931E-06,
    1.336527656805));
#896 = CARTESIAN_POINT('',(29.974546978646,-5.670707919931E-06,
    0.936153141223));
#897 = CARTESIAN_POINT('',(31.524772010125,-5.670707919931E-06,
    0.622391648281));
#898 = CARTESIAN_POINT('',(33.085842118975,-5.670707919931E-06,
    0.381679531222));
#899 = CARTESIAN_POINT('',(34.652328073648,-5.670707919931E-06,
    0.203173446096));
#900 = CARTESIAN_POINT('',(36.222450761873,-5.670707919931E-06,
    7.818551285841E-02));
#901 = CARTESIAN_POINT('',(37.798072236471,-5.670707919931E-06,
    9.551176270861E-05));
#902 = PCURVE('',#147,#903);
#903 = DEFINITIONAL_REPRESENTATION('',(#904),#1019);
#904 = B_SPLINE_CURVE_WITH_KNOTS('',8,(#905,#906,#907,#908,#909,#910,
    #911,#912,#913,#914,#915,#916,#917,#918,#919,#920,#921,#922,#923,
    #924,#925,#926,#927,#928,#929,#930,#931,#932,#933,#934,#935,#936,
    #937,#938,#939,#940,#941,#942,#943,#944,#945,#946,#947,#948,#949,
    #950,#951,#952,#953,#954,#955,#956,#957,#958,#959,#960,#961,#962,
    #963,#964,#965,#966,#967,#968,#969,#970,#971,#972,#973,#974,#975,
    #976,#977,#978,#979,#980,#981,#982,#983,#984,#985,#986,#987,#988,
    #989,#990,#991,#992,#993,#994,#995,#996,#997,#998,#999,#1000,#1001,
    #1002,#1003,#1004,#1005,#1006,#1007,#1008,#1009,#1010,#1011,#1012,
    #1013,#1014,#1015,#1016,#1017,#1018),.UNSPECIFIED.,.F.,.F.,(9,7,7,7,
    7,7,7,7,7,7,7,7,7,7,7,7,9),(0.,0.108600712244,0.196126711686,
    0.236489983498,0.265680499619,0.283287042782,0.336258740589,
    0.459934404402,0.608816162059,0.710274944794,0.740667961137,
    0.757037788088,0.79017552892,0.824146854167,0.841294193076,
    0.87377939978,1.),.UNSPECIFIED.);
#905 = CARTESIAN_POINT('',(-27.86881818232,41.916381296657));
#906 = CARTESIAN_POINT('',(-26.58291830542,41.48264385522));
#907 = CARTESIAN_POINT('',(-25.30836305303,41.016016011543));
#908 = CARTESIAN_POINT('',(-24.0434197404,40.523424384848));
#909 = CARTESIAN_POINT('',(-22.78696450234,40.009601434071));
#910 = CARTESIAN_POINT('',(-21.53801257749,39.478258533879));
#911 = CARTESIAN_POINT('',(-20.29564340205,38.932267136792));
#912 = CARTESIAN_POINT('',(-19.05889175732,38.373936066115));
#913 = CARTESIAN_POINT('',(-16.8336423599,37.346650776985));
#914 = CARTESIAN_POINT('',(-15.84370074732,36.881451404493));
#915 = CARTESIAN_POINT('',(-14.85646043093,36.410523850833));
#916 = CARTESIAN_POINT('',(-13.87154993649,35.93474378139));
#917 = CARTESIAN_POINT('',(-12.88863329578,35.454878481271));
#918 = CARTESIAN_POINT('',(-11.90739636998,34.971615188871));
#919 = CARTESIAN_POINT('',(-10.92753769005,34.485580008914));
#920 = CARTESIAN_POINT('',(-9.497394892315,33.772195273874));
#921 = CARTESIAN_POINT('',(-9.046258583771,33.546576840283));
#922 = CARTESIAN_POINT('',(-8.595327076753,33.320549016598));
#923 = CARTESIAN_POINT('',(-8.144573346247,33.094166776));
#924 = CARTESIAN_POINT('',(-7.693971035221,32.867483388811));
#925 = CARTESIAN_POINT('',(-7.243494335892,32.640550658852));
#926 = CARTESIAN_POINT('',(-6.793117870998,32.4134191598));
#927 = CARTESIAN_POINT('',(-6.017160932004,32.021770215551));
#928 = CARTESIAN_POINT('',(-5.691544630995,31.857323988154));
#929 = CARTESIAN_POINT('',(-5.365958253335,31.692818471685));
#930 = CARTESIAN_POINT('',(-5.04039246811,31.528272161303));
#931 = CARTESIAN_POINT('',(-4.714838032201,31.363703365003));
#932 = CARTESIAN_POINT('',(-4.389285790278,31.199130203612));
#933 = CARTESIAN_POINT('',(-4.0637266748,31.034570610795));
#934 = CARTESIAN_POINT('',(-3.541778003102,30.770805505177));
#935 = CARTESIAN_POINT('',(-3.345398529049,30.671580087604));
#936 = CARTESIAN_POINT('',(-3.149011310186,30.572369985837));
#937 = CARTESIAN_POINT('',(-2.952614379711,30.473179096536));
#938 = CARTESIAN_POINT('',(-2.756205777695,30.374011307514));
#939 = CARTESIAN_POINT('',(-2.559783551078,30.274870497735));
#940 = CARTESIAN_POINT('',(-2.363345753676,30.175760537318));
#941 = CARTESIAN_POINT('',(-1.57582773243,29.778603821832));
#942 = CARTESIAN_POINT('',(-0.984606706349,29.480836676031));
#943 = CARTESIAN_POINT('',(-0.393174237946,29.183489027638));
#944 = CARTESIAN_POINT('',(0.198522134451,28.886665915673));
#945 = CARTESIAN_POINT('',(0.790534514257,28.590472859598));
#946 = CARTESIAN_POINT('',(1.382914956709,28.295016478244));
#947 = CARTESIAN_POINT('',(1.975715778929,28.000405108739));
#948 = CARTESIAN_POINT('',(3.954136468516,27.021136861203));
#949 = CARTESIAN_POINT('',(5.341827995717,26.340751009635));
#950 = CARTESIAN_POINT('',(6.732776820478,25.66698101271));
#951 = CARTESIAN_POINT('',(8.127671574146,25.001305509808));
#952 = CARTESIAN_POINT('',(9.527200131519,24.345341582926));
#953 = CARTESIAN_POINT('',(10.93207135265,23.700890888937));
#954 = CARTESIAN_POINT('',(12.343048181169,23.070010097447));
#955 = CARTESIAN_POINT('',(15.467952137296,21.714938465656));
#956 = CARTESIAN_POINT('',(17.184150031887,20.998311390362));
#957 = CARTESIAN_POINT('',(18.911953025388,20.309082364985));
#958 = CARTESIAN_POINT('',(20.653199655783,19.652291370009));
#959 = CARTESIAN_POINT('',(22.409279766958,19.034362072245));
#960 = CARTESIAN_POINT('',(24.18134283577,18.463746902351));
#961 = CARTESIAN_POINT('',(25.970405538723,17.951216703844));
#962 = CARTESIAN_POINT('',(29.010306745811,17.213752621104));
#963 = CARTESIAN_POINT('',(30.249381724712,16.949621520775));
#964 = CARTESIAN_POINT('',(31.497202549525,16.724820920272));
#965 = CARTESIAN_POINT('',(32.753924259777,16.545580907384));
#966 = CARTESIAN_POINT('',(34.018174722141,16.419890791907));
#967 = CARTESIAN_POINT('',(35.28706577453,16.357592013982));
#968 = CARTESIAN_POINT('',(36.556208791177,16.370521979214));
#969 = CARTESIAN_POINT('',(38.198239923255,16.503407063864));
#970 = CARTESIAN_POINT('',(38.576088922409,16.542041737269));
#971 = CARTESIAN_POINT('',(38.953062428307,16.589042607957));
#972 = CARTESIAN_POINT('',(39.32889660793,16.644778937036));
#973 = CARTESIAN_POINT('',(39.70328647029,16.709620483085));
#974 = CARTESIAN_POINT('',(40.075887301988,16.783929016345));
#975 = CARTESIAN_POINT('',(40.446316526128,16.868047388938));
#976 = CARTESIAN_POINT('',(41.012276112379,17.01304362384));
#977 = CARTESIAN_POINT('',(41.209643381236,17.066736571376));
#978 = CARTESIAN_POINT('',(41.406191081779,17.123413017465));
#979 = CARTESIAN_POINT('',(41.601849339192,17.183118154857));
#980 = CARTESIAN_POINT('',(41.796545350498,17.245893612113));
#981 = CARTESIAN_POINT('',(41.990203621812,17.311776710389));
#982 = CARTESIAN_POINT('',(42.182746205592,17.380799720213));
#983 = CARTESIAN_POINT('',(42.761439636382,17.599123440299));
#984 = CARTESIAN_POINT('',(43.143923697747,17.758247384998));
#985 = CARTESIAN_POINT('',(43.520834317433,17.930567838206));
#986 = CARTESIAN_POINT('',(43.891468913109,18.116200968584));
#987 = CARTESIAN_POINT('',(44.255141859998,18.315155560546));
#988 = CARTESIAN_POINT('',(44.611193226197,18.527316347187));
#989 = CARTESIAN_POINT('',(44.958997508005,18.752427343218));
#990 = CARTESIAN_POINT('',(45.645474181491,19.233701076448));
#991 = CARTESIAN_POINT('',(45.983752172548,19.490541373535));
#992 = CARTESIAN_POINT('',(46.312171824436,19.760157213685));
#993 = CARTESIAN_POINT('',(46.63024687838,20.042006181789));
#994 = CARTESIAN_POINT('',(46.937624466689,20.335458456088));
#995 = CARTESIAN_POINT('',(47.234070248621,20.639812961166));
#996 = CARTESIAN_POINT('',(47.519453546257,20.954313520933));
#997 = CARTESIAN_POINT('',(47.932177295363,21.441632030537));
#998 = CARTESIAN_POINT('',(48.06780024562,21.60749015607));
#999 = CARTESIAN_POINT('',(48.20059986761,21.775642661858));
#1000 = CARTESIAN_POINT('',(48.330581938805,21.945993143536));
#1001 = CARTESIAN_POINT('',(48.457758710265,22.118446100183));
#1002 = CARTESIAN_POINT('',(48.582148139226,22.292907515762));
#1003 = CARTESIAN_POINT('',(48.703773121678,22.469285440567));
#1004 = CARTESIAN_POINT('',(49.047890329837,22.985095759268));
#1005 = CARTESIAN_POINT('',(49.263290616166,23.329251636053));
#1006 = CARTESIAN_POINT('',(49.469054336891,23.679361307145));
#1007 = CARTESIAN_POINT('',(49.665424080236,24.03485820059));
#1008 = CARTESIAN_POINT('',(49.852676995787,24.395214460264));
#1009 = CARTESIAN_POINT('',(50.031112512171,24.759947683791));
#1010 = CARTESIAN_POINT('',(50.201043046318,25.128626006473));
#1011 = CARTESIAN_POINT('',(50.991243234883,26.947223835317));
#1012 = CARTESIAN_POINT('',(51.494721679938,28.444217661638));
#1013 = CARTESIAN_POINT('',(51.89509619552,29.974362258214));
#1014 = CARTESIAN_POINT('',(52.208857688463,31.524587289694));
#1015 = CARTESIAN_POINT('',(52.449569805522,33.085657398543));
#1016 = CARTESIAN_POINT('',(52.628075890648,34.652143353216));
#1017 = CARTESIAN_POINT('',(52.753063823885,36.222266041441));
#1018 = CARTESIAN_POINT('',(52.831153824981,37.797887516039));
#1019 = ( GEOMETRIC_REPRESENTATION_CONTEXT(2) 
PARAMETRIC_REPRESENTATION_CONTEXT() REPRESENTATION_CONTEXT('2D SPACE',''
  ) );
#1020 = PCURVE('',#1021,#1066);
#1021 = ( BOUNDED_SURFACE() B_SPLINE_SURFACE(10,3,(
    (#1022,#1023,#1024,#1025)
    ,(#1026,#1027,#1028,#1029)
    ,(#1030,#1031,#1032,#1033)
    ,(#1034,#1035,#1036,#1037)
    ,(#1038,#1039,#1040,#1041)
    ,(#1042,#1043,#1044,#1045)
    ,(#1046,#1047,#1048,#1049)
    ,(#1050,#1051,#1052,#1053)
    ,(#1054,#1055,#1056,#1057)
    ,(#1058,#1059,#1060,#1061)
    ,(#1062,#1063,#1064,#1065
)),.UNSPECIFIED.,.F.,.F.,.F.) B_SPLINE_SURFACE_WITH_KNOTS((11,11),(4,4),
  (0.,1.),(0.,1.),.PIECEWISE_BEZIER_KNOTS.) 
GEOMETRIC_REPRESENTATION_ITEM() RATIONAL_B_SPLINE_SURFACE((
    (1.,1.,1.,1.)
    ,(1.,1.,1.,1.)
    ,(1.,1.,1.,1.)
    ,(1.,1.,1.,1.)
    ,(1.,1.,1.,1.)
    ,(1.,1.,1.,1.)
    ,(1.,1.,1.,1.)
    ,(1.,1.,1.,1.)
    ,(1.,1.,1.,1.)
    ,(1.,1.,1.,1.)
,(1.,1.,1.,1.))) REPRESENTATION_ITEM('') SURFACE() );
#1022 = CARTESIAN_POINT('',(37.8,5.551115123126E-17,0.));
#1023 = CARTESIAN_POINT('',(-22.77014822795,-0.178160240246,3.));
#1024 = CARTESIAN_POINT('',(67.717480551016,-1.124846541857,90.));
#1025 = CARTESIAN_POINT('',(36.75,-0.75,99.));
#1026 = CARTESIAN_POINT('',(37.8,7.713214999511E-02,0.));
#1027 = CARTESIAN_POINT('',(-22.78177743475,-0.241395425488,3.));
#1028 = CARTESIAN_POINT('',(67.720589771074,-0.780365096084,90.));
#1029 = CARTESIAN_POINT('',(36.985619449019,-0.75,99.));
#1030 = CARTESIAN_POINT('',(37.799825115374,0.154264299941,0.));
#1031 = CARTESIAN_POINT('',(-22.77478672913,-0.287345616535,3.));
#1032 = CARTESIAN_POINT('',(67.682447955627,-0.483908410279,90.));
#1033 = CARTESIAN_POINT('',(37.221241071558,-0.667753520049,99.));
#1034 = CARTESIAN_POINT('',(37.799475350672,0.231396003808,0.));
#1035 = CARTESIAN_POINT('',(-22.75879059289,-0.313655312351,3.));
#1036 = CARTESIAN_POINT('',(67.627666036766,-0.240250475186,90.));
#1037 = CARTESIAN_POINT('',(37.424550431438,-0.503258522416,99.));
#1038 = CARTESIAN_POINT('',(37.798950710446,0.308526815567,0.));
#1039 = CARTESIAN_POINT('',(-22.74368699729,-0.322651831083,3.));
#1040 = CARTESIAN_POINT('',(67.581410946952,-4.238187300455E-02,90.));
#1041 = CARTESIAN_POINT('',(37.563305417225,-0.271019590411,99.));
#1042 = CARTESIAN_POINT('',(37.798251199246,0.38565628919,0.));
#1043 = CARTESIAN_POINT('',(-22.73723230006,-0.321380240992,3.));
#1044 = CARTESIAN_POINT('',(67.563331374798,0.128552096397,90.));
#1045 = CARTESIAN_POINT('',(37.612680472819,3.869127240819E-15,99.));
#1046 = CARTESIAN_POINT('',(37.797376821623,0.462783978648,0.));
#1047 = CARTESIAN_POINT('',(-22.74237542327,-0.320107164096,3.));
#1048 = CARTESIAN_POINT('',(67.580886317342,0.299485471076,90.));
#1049 = CARTESIAN_POINT('',(37.563305417228,0.271019590411,99.));
#1050 = CARTESIAN_POINT('',(37.796327582128,0.539909437911,0.));
#1051 = CARTESIAN_POINT('',(-22.75616745244,-0.329099222415,3.));
#1052 = CARTESIAN_POINT('',(67.626616780587,0.497352289092,90.));
#1053 = CARTESIAN_POINT('',(37.424550431434,0.503258522416,99.));
#1054 = CARTESIAN_POINT('',(37.795103485311,0.617032220951,0.));
#1055 = CARTESIAN_POINT('',(-22.77085203741,-0.355401484208,3.));
#1056 = CARTESIAN_POINT('',(67.680874078938,0.741007250576,90.));
#1057 = CARTESIAN_POINT('',(37.22124107156,0.667753520049,99.));
#1058 = CARTESIAN_POINT('',(37.793704535725,0.694151881738,0.));
#1059 = CARTESIAN_POINT('',(-22.77653121453,-0.401341267623,3.));
#1060 = CARTESIAN_POINT('',(67.718491282983,1.037459773328,90.));
#1061 = CARTESIAN_POINT('',(36.985619449019,0.75,99.));
#1062 = CARTESIAN_POINT('',(37.792130737918,0.771267974243,0.));
#1063 = CARTESIAN_POINT('',(-22.76359050955,-0.464563071624,3.));
#1064 = CARTESIAN_POINT('',(67.714857463656,1.381935866605,90.));
#1065 = CARTESIAN_POINT('',(36.75,0.75,99.));
#1066 = DEFINITIONAL_REPRESENTATION('',(#1067),#1182);
#1067 = B_SPLINE_CURVE_WITH_KNOTS('',8,(#1068,#1069,#1070,#1071,#1072,
    #1073,#1074,#1075,#1076,#1077,#1078,#1079,#1080,#1081,#1082,#1083,
    #1084,#1085,#1086,#1087,#1088,#1089,#1090,#1091,#1092,#1093,#1094,
    #1095,#1096,#1097,#1098,#1099,#1100,#1101,#1102,#1103,#1104,#1105,
    #1106,#1107,#1108,#1109,#1110,#1111,#1112,#1113,#1114,#1115,#1116,
    #1117,#1118,#1119,#1120,#1121,#1122,#1123,#1124,#1125,#1126,#1127,
    #1128,#1129,#1130,#1131,#1132,#1133,#1134,#1135,#1136,#1137,#1138,
    #1139,#1140,#1141,#1142,#1143,#1144,#1145,#1146,#1147,#1148,#1149,
    #1150,#1151,#1152,#1153,#1154,#1155,#1156,#1157,#1158,#1159,#1160,
    #1161,#1162,#1163,#1164,#1165,#1166,#1167,#1168,#1169,#1170,#1171,
    #1172,#1173,#1174,#1175,#1176,#1177,#1178,#1179,#1180,#1181),
  .UNSPECIFIED.,.F.,.F.,(9,7,7,7,7,7,7,7,7,7,7,7,7,7,7,7,9),(0.,
    0.108600712244,0.196126711686,0.236489983498,0.265680499619,
    0.283287042782,0.336258740589,0.459934404402,0.608816162059,
    0.710274944794,0.740667961137,0.757037788088,0.79017552892,
    0.824146854167,0.841294193076,0.87377939978,1.),.UNSPECIFIED.);
#1068 = CARTESIAN_POINT('',(0.491365470924,0.754809130097));
#1069 = CARTESIAN_POINT('',(0.492165808203,0.743382129418));
#1070 = CARTESIAN_POINT('',(0.493042195152,0.732360513283));
#1071 = CARTESIAN_POINT('',(0.493982229857,0.721671453882));
#1072 = CARTESIAN_POINT('',(0.494977145627,0.711265998192));
#1073 = CARTESIAN_POINT('',(0.496019722621,0.701104676454));
#1074 = CARTESIAN_POINT('',(0.497103963185,0.691155277339));
#1075 = CARTESIAN_POINT('',(0.498224579251,0.681389502148));
#1076 = CARTESIAN_POINT('',(0.500305373019,0.664038722946));
#1077 = CARTESIAN_POINT('',(0.501254336006,0.656399512322));
#1078 = CARTESIAN_POINT('',(0.502221020862,0.648851863809));
#1079 = CARTESIAN_POINT('',(0.503202881312,0.641385148757));
#1080 = CARTESIAN_POINT('',(0.504197374645,0.633990019543));
#1081 = CARTESIAN_POINT('',(0.505201877369,0.626658038729));
#1082 = CARTESIAN_POINT('',(0.506213606338,0.619381434218));
#1083 = CARTESIAN_POINT('',(0.507698053261,0.608819524688));
#1084 = CARTESIAN_POINT('',(0.508167454415,0.60549632262));
#1085 = CARTESIAN_POINT('',(0.508637451633,0.60218267198));
#1086 = CARTESIAN_POINT('',(0.509107736566,0.598877896859));
#1087 = CARTESIAN_POINT('',(0.509577987764,0.595581344649));
#1088 = CARTESIAN_POINT('',(0.510047868729,0.592292383007));
#1089 = CARTESIAN_POINT('',(0.51051702598,0.58901039683));
#1090 = CARTESIAN_POINT('',(0.511323586574,0.583365879289));
#1091 = CARTESIAN_POINT('',(0.511661512214,0.581000307244));
#1092 = CARTESIAN_POINT('',(0.511998724048,0.578637842973));
#1093 = CARTESIAN_POINT('',(0.5123350759,0.576278263699));
#1094 = CARTESIAN_POINT('',(0.512670415397,0.573921349978));
#1095 = CARTESIAN_POINT('',(0.513004583972,0.571566885694));
#1096 = CARTESIAN_POINT('',(0.513337416862,0.569214658061));
#1097 = CARTESIAN_POINT('',(0.513868585752,0.565446911418));
#1098 = CARTESIAN_POINT('',(0.514067880045,0.564030102546));
#1099 = CARTESIAN_POINT('',(0.514266588348,0.562613984931));
#1100 = CARTESIAN_POINT('',(0.514464671969,0.56119851278));
#1101 = CARTESIAN_POINT('',(0.514662091172,0.559783640577));
#1102 = CARTESIAN_POINT('',(0.514858805171,0.558369323088));
#1103 = CARTESIAN_POINT('',(0.515054772133,0.55695551536));
#1104 = CARTESIAN_POINT('',(0.515837166059,0.551289937719));
#1105 = CARTESIAN_POINT('',(0.516417232644,0.547041913765));
#1106 = CARTESIAN_POINT('',(0.516988976945,0.542796880948));
#1107 = CARTESIAN_POINT('',(0.517551136057,0.538553639319));
#1108 = CARTESIAN_POINT('',(0.51810234028,0.534311001842));
#1109 = CARTESIAN_POINT('',(0.518641097239,0.530067787335));
#1110 = CARTESIAN_POINT('',(0.519165776006,0.525822813424));
#1111 = CARTESIAN_POINT('',(0.520862547465,0.511657049693));
#1112 = CARTESIAN_POINT('',(0.52196399923,0.50172337942));
#1113 = CARTESIAN_POINT('',(0.522956227519,0.491758443408));
#1114 = CARTESIAN_POINT('',(0.523811813041,0.481746865757));
#1115 = CARTESIAN_POINT('',(0.524497101448,0.471672806883));
#1116 = CARTESIAN_POINT('',(0.52497038065,0.461519488467));
#1117 = CARTESIAN_POINT('',(0.525178842726,0.451268506511));
#1118 = CARTESIAN_POINT('',(0.524902397462,0.428415383187));
#1119 = CARTESIAN_POINT('',(0.524267577841,0.415766173993));
#1120 = CARTESIAN_POINT('',(0.523029273853,0.402908216063));
#1121 = CARTESIAN_POINT('',(0.521032318349,0.389797969486));
#1122 = CARTESIAN_POINT('',(0.518075031273,0.376389473898));
#1123 = CARTESIAN_POINT('',(0.513887359271,0.362629053732));
#1124 = CARTESIAN_POINT('',(0.508108031658,0.348452766811));
#1125 = CARTESIAN_POINT('',(0.49485090773,0.32375366371));
#1126 = CARTESIAN_POINT('',(0.488507839763,0.313519127638));
#1127 = CARTESIAN_POINT('',(0.481031687209,0.303021251863));
#1128 = CARTESIAN_POINT('',(0.47223114751,0.292227292967));
#1129 = CARTESIAN_POINT('',(0.46188643378,0.281109878977));
#1130 = CARTESIAN_POINT('',(0.449755784897,0.269646252364));
#1131 = CARTESIAN_POINT('',(0.435595152642,0.257817228878));
#1132 = CARTESIAN_POINT('',(0.414285605852,0.241947387977));
#1133 = CARTESIAN_POINT('',(0.409174782198,0.238256357493));
#1134 = CARTESIAN_POINT('',(0.403860731244,0.234532643623));
#1135 = CARTESIAN_POINT('',(0.398339923074,0.230776806478));
#1136 = CARTESIAN_POINT('',(0.392610002538,0.226989778928));
#1137 = CARTESIAN_POINT('',(0.3866700886,0.223172895013));
#1138 = CARTESIAN_POINT('',(0.38052111268,0.219327926999));
#1139 = CARTESIAN_POINT('',(0.370743406881,0.213372301485));
#1140 = CARTESIAN_POINT('',(0.367260902588,0.211279995923));
#1141 = CARTESIAN_POINT('',(0.363719196529,0.209180582155));
#1142 = CARTESIAN_POINT('',(0.360118992015,0.207074470751));
#1143 = CARTESIAN_POINT('',(0.356461197841,0.204962116623));
#1144 = CARTESIAN_POINT('',(0.352746943865,0.202844020566));
#1145 = CARTESIAN_POINT('',(0.34897759657,0.2007207308));
#1146 = CARTESIAN_POINT('',(0.337416166124,0.194285325283));
#1147 = CARTESIAN_POINT('',(0.32945771758,0.189958550059));
#1148 = CARTESIAN_POINT('',(0.321293518026,0.185617960086));
#1149 = CARTESIAN_POINT('',(0.31294142528,0.181269365691));
#1150 = CARTESIAN_POINT('',(0.304423019496,0.176918951727));
#1151 = CARTESIAN_POINT('',(0.295763556697,0.172573283029));
#1152 = CARTESIAN_POINT('',(0.286991922303,0.168239309856));
#1153 = CARTESIAN_POINT('',(0.269066590422,0.159500894019));
#1154 = CARTESIAN_POINT('',(0.259907343905,0.155096716026));
#1155 = CARTESIAN_POINT('',(0.250697588048,0.15071978097));
#1156 = CARTESIAN_POINT('',(0.241473163491,0.146377184904));
#1157 = CARTESIAN_POINT('',(0.232270153089,0.142075236392));
#1158 = CARTESIAN_POINT('',(0.223124026402,0.137819514571));
#1159 = CARTESIAN_POINT('',(0.214068784205,0.133614927204));
#1160 = CARTESIAN_POINT('',(0.200627249961,0.127371442846));
#1161 = CARTESIAN_POINT('',(0.196149381575,0.125291128296));
#1162 = CARTESIAN_POINT('',(0.191706435223,0.123225313425));
#1163 = CARTESIAN_POINT('',(0.187302131816,0.121174418788));
#1164 = CARTESIAN_POINT('',(0.182939962137,0.119138801312));
#1165 = CARTESIAN_POINT('',(0.17862317319,0.117118758447));
#1166 = CARTESIAN_POINT('',(0.174354754564,0.115114532315));
#1167 = CARTESIAN_POINT('',(0.162147798503,0.109359683498));
#1168 = CARTESIAN_POINT('',(0.15434170466,0.105650585365));
#1169 = CARTESIAN_POINT('',(0.146737372984,0.10200018586));
#1170 = CARTESIAN_POINT('',(0.139349737329,9.840904686277E-02));
#1171 = CARTESIAN_POINT('',(0.132190310415,9.487722388348E-02));
#1172 = CARTESIAN_POINT('',(0.125267233643,9.140434487963E-02));
#1173 = CARTESIAN_POINT('',(0.118585502011,8.798966974471E-02));
#1174 = CARTESIAN_POINT('',(8.713211213731E-02,7.158648089773E-02));
#1175 = CARTESIAN_POINT('',(6.584965685488E-02,5.943237782988E-02));
#1176 = CARTESIAN_POINT('',(4.831701462458E-02,4.805470097575E-02));
#1177 = CARTESIAN_POINT('',(3.414441432261E-02,3.736663569783E-02));
#1178 = CARTESIAN_POINT('',(2.269071095275E-02,2.728974319002E-02));
#1179 = CARTESIAN_POINT('',(1.345989219831E-02,1.77518099128E-02));
#1180 = CARTESIAN_POINT('',(6.009751112122E-03,8.682124196507E-03));
#1181 = CARTESIAN_POINT('',(0.,1.060926651716E-05));
#1182 = ( GEOMETRIC_REPRESENTATION_CONTEXT(2) 
PARAMETRIC_REPRESENTATION_CONTEXT() REPRESENTATION_CONTEXT('2D SPACE',''
  ) );
#1183 = ORIENTED_EDGE('',*,*,#1184,.F.);
#1184 = EDGE_CURVE('',#184,#784,#1185,.T.);
#1185 = SURFACE_CURVE('',#1186,(#1189,#1195),.PCURVE_S1.);
#1186 = B_SPLINE_CURVE_WITH_KNOTS('',1,(#1187,#1188),.UNSPECIFIED.,.F.,
  .F.,(2,2),(0.,1.),.PIECEWISE_BEZIER_KNOTS.);
#1187 = CARTESIAN_POINT('',(37.8,-5.670707919931E-06,0.));
#1188 = CARTESIAN_POINT('',(37.798072236474,-5.670707919931E-06,
    9.551176255229E-05));
#1189 = PCURVE('',#147,#1190);
#1190 = DEFINITIONAL_REPRESENTATION('',(#1191),#1194);
#1191 = B_SPLINE_CURVE_WITH_KNOTS('',1,(#1192,#1193),.UNSPECIFIED.,.F.,
  .F.,(2,2),(0.,1.),.PIECEWISE_BEZIER_KNOTS.);
#1192 = CARTESIAN_POINT('',(52.831249336744,37.799815279568));
#1193 = CARTESIAN_POINT('',(52.831153824981,37.797887516042));
#1194 = ( GEOMETRIC_REPRESENTATION_CONTEXT(2) 
PARAMETRIC_REPRESENTATION_CONTEXT() REPRESENTATION_CONTEXT('2D SPACE',''
  ) );
#1195 = PCURVE('',#236,#1196);
#1196 = DEFINITIONAL_REPRESENTATION('',(#1197),#1200);
#1197 = B_SPLINE_CURVE_WITH_KNOTS('',1,(#1198,#1199),.UNSPECIFIED.,.F.,
  .F.,(2,2),(0.,1.),.PIECEWISE_BEZIER_KNOTS.);
#1198 = CARTESIAN_POINT('',(11.999996932885,0.));
#1199 = CARTESIAN_POINT('',(12.,1.060926649982E-05));
#1200 = ( GEOMETRIC_REPRESENTATION_CONTEXT(2) 
PARAMETRIC_REPRESENTATION_CONTEXT() REPRESENTATION_CONTEXT('2D SPACE',''
  ) );
#1201 = ORIENTED_EDGE('',*,*,#183,.T.);
#1202 = FACE_BOUND('',#1203,.F.);
#1203 = EDGE_LOOP('',(#1204));
#1204 = ORIENTED_EDGE('',*,*,#1205,.T.);
#1205 = EDGE_CURVE('',#1206,#1206,#1208,.T.);
#1206 = VERTEX_POINT('',#1207);
#1207 = CARTESIAN_POINT('',(43.5,-5.670707919931E-06,54.5));
#1208 = SURFACE_CURVE('',#1209,(#1214,#1225),.PCURVE_S1.);
#1209 = CIRCLE('',#1210,2.);
#1210 = AXIS2_PLACEMENT_3D('',#1211,#1212,#1213);
#1211 = CARTESIAN_POINT('',(41.5,-5.670707919931E-06,54.5));
#1212 = DIRECTION('',(-0.,1.,0.));
#1213 = DIRECTION('',(1.,0.,0.));
#1214 = PCURVE('',#147,#1215);
#1215 = DEFINITIONAL_REPRESENTATION('',(#1216),#1224);
#1216 = ( BOUNDED_CURVE() B_SPLINE_CURVE(2,(#1217,#1218,#1219,#1220,
#1221,#1222,#1223),.UNSPECIFIED.,.T.,.F.) B_SPLINE_CURVE_WITH_KNOTS((1,2
    ,2,2,2,1),(-2.094395102393,0.,2.094395102393,4.188790204786,
6.28318530718,8.377580409573),.UNSPECIFIED.) CURVE() 
GEOMETRIC_REPRESENTATION_ITEM() RATIONAL_B_SPLINE_CURVE((1.,0.5,1.,0.5,
1.,0.5,1.)) REPRESENTATION_ITEM('') );
#1217 = CARTESIAN_POINT('',(-1.668750663256,43.499815279568));
#1218 = CARTESIAN_POINT('',(1.795350951881,43.499815279568));
#1219 = CARTESIAN_POINT('',(6.330014431245E-02,40.499815279568));
#1220 = CARTESIAN_POINT('',(-1.668750663256,37.499815279568));
#1221 = CARTESIAN_POINT('',(-3.400801470825,40.499815279568));
#1222 = CARTESIAN_POINT('',(-5.132852278394,43.499815279568));
#1223 = CARTESIAN_POINT('',(-1.668750663256,43.499815279568));
#1224 = ( GEOMETRIC_REPRESENTATION_CONTEXT(2) 
PARAMETRIC_REPRESENTATION_CONTEXT() REPRESENTATION_CONTEXT('2D SPACE',''
  ) );
#1225 = PCURVE('',#1226,#1231);
#1226 = CYLINDRICAL_SURFACE('',#1227,2.);
#1227 = AXIS2_PLACEMENT_3D('',#1228,#1229,#1230);
#1228 = CARTESIAN_POINT('',(41.5,0.,54.5));
#1229 = DIRECTION('',(-0.,1.,-0.));
#1230 = DIRECTION('',(1.,0.,0.));
#1231 = DEFINITIONAL_REPRESENTATION('',(#1232),#1236);
#1232 = LINE('',#1233,#1234);
#1233 = CARTESIAN_POINT('',(-6.28318530718,-5.670707919931E-06));
#1234 = VECTOR('',#1235,1.);
#1235 = DIRECTION('',(1.,-0.));
#1236 = ( GEOMETRIC_REPRESENTATION_CONTEXT(2) 
PARAMETRIC_REPRESENTATION_CONTEXT() REPRESENTATION_CONTEXT('2D SPACE',''
  ) );
#1237 = ADVANCED_FACE('',(#1238),#122,.T.);
#1238 = FACE_BOUND('',#1239,.T.);
#1239 = EDGE_LOOP('',(#1240,#1261,#1262,#1263));
#1240 = ORIENTED_EDGE('',*,*,#1241,.F.);
#1241 = EDGE_CURVE('',#80,#1242,#1244,.T.);
#1242 = VERTEX_POINT('',#1243);
#1243 = CARTESIAN_POINT('',(-44.75,-5.670707923859E-06,69.9));
#1244 = SURFACE_CURVE('',#1245,(#1249,#1255),.PCURVE_S1.);
#1245 = LINE('',#1246,#1247);
#1246 = CARTESIAN_POINT('',(9.23602159002E-05,-5.670707919931E-06,69.9)
  );
#1247 = VECTOR('',#1248,1.);
#1248 = DIRECTION('',(1.,0.,0.));
#1249 = PCURVE('',#122,#1250);
#1250 = DEFINITIONAL_REPRESENTATION('',(#1251),#1254);
#1251 = B_SPLINE_CURVE_WITH_KNOTS('',1,(#1252,#1253),.UNSPECIFIED.,.F.,
  .F.,(2,2),(-46.50009236021,46.499907639784),.PIECEWISE_BEZIER_KNOTS.);
#1252 = CARTESIAN_POINT('',(-46.5,-5.670707919915E-06));
#1253 = CARTESIAN_POINT('',(46.5,-5.670707919915E-06));
#1254 = ( GEOMETRIC_REPRESENTATION_CONTEXT(2) 
PARAMETRIC_REPRESENTATION_CONTEXT() REPRESENTATION_CONTEXT('2D SPACE',''
  ) );
#1255 = PCURVE('',#94,#1256);
#1256 = DEFINITIONAL_REPRESENTATION('',(#1257),#1260);
#1257 = B_SPLINE_CURVE_WITH_KNOTS('',1,(#1258,#1259),.UNSPECIFIED.,.F.,
  .F.,(2,2),(-46.50009236021,46.499907639784),.PIECEWISE_BEZIER_KNOTS.);
#1258 = CARTESIAN_POINT('',(-17.06875066325,-46.50018472043));
#1259 = CARTESIAN_POINT('',(-17.06875066325,46.499815279568));
#1260 = ( GEOMETRIC_REPRESENTATION_CONTEXT(2) 
PARAMETRIC_REPRESENTATION_CONTEXT() REPRESENTATION_CONTEXT('2D SPACE',''
  ) );
#1261 = ORIENTED_EDGE('',*,*,#105,.T.);
#1262 = ORIENTED_EDGE('',*,*,#710,.F.);
#1263 = ORIENTED_EDGE('',*,*,#1264,.F.);
#1264 = EDGE_CURVE('',#1242,#711,#1265,.T.);
#1265 = SURFACE_CURVE('',#1266,(#1271,#1278),.PCURVE_S1.);
#1266 = CIRCLE('',#1267,44.75);
#1267 = AXIS2_PLACEMENT_3D('',#1268,#1269,#1270);
#1268 = CARTESIAN_POINT('',(0.,0.,69.9));
#1269 = DIRECTION('',(0.,0.,1.));
#1270 = DIRECTION('',(1.,0.,0.));
#1271 = PCURVE('',#122,#1272);
#1272 = DEFINITIONAL_REPRESENTATION('',(#1273),#1277);
#1273 = CIRCLE('',#1274,44.75);
#1274 = AXIS2_PLACEMENT_2D('',#1275,#1276);
#1275 = CARTESIAN_POINT('',(1.882068139409E-15,1.61343992693E-17));
#1276 = DIRECTION('',(1.,0.));
#1277 = ( GEOMETRIC_REPRESENTATION_CONTEXT(2) 
PARAMETRIC_REPRESENTATION_CONTEXT() REPRESENTATION_CONTEXT('2D SPACE',''
  ) );
#1278 = PCURVE('',#746,#1279);
#1279 = DEFINITIONAL_REPRESENTATION('',(#1280),#1284);
#1280 = LINE('',#1281,#1282);
#1281 = CARTESIAN_POINT('',(-0.,0.));
#1282 = VECTOR('',#1283,1.);
#1283 = DIRECTION('',(-1.,0.));
#1284 = ( GEOMETRIC_REPRESENTATION_CONTEXT(2) 
PARAMETRIC_REPRESENTATION_CONTEXT() REPRESENTATION_CONTEXT('2D SPACE',''
  ) );
#1285 = ADVANCED_FACE('',(#1286,#1687),#94,.F.);
#1286 = FACE_BOUND('',#1287,.F.);
#1287 = EDGE_LOOP('',(#1288,#1289,#1290,#1291,#1647,#1668));
#1288 = ORIENTED_EDGE('',*,*,#1241,.F.);
#1289 = ORIENTED_EDGE('',*,*,#79,.T.);
#1290 = ORIENTED_EDGE('',*,*,#161,.T.);
#1291 = ORIENTED_EDGE('',*,*,#1292,.T.);
#1292 = EDGE_CURVE('',#162,#1293,#1295,.T.);
#1293 = VERTEX_POINT('',#1294);
#1294 = CARTESIAN_POINT('',(-41.91671097197,-5.670707919938E-06,80.7));
#1295 = SURFACE_CURVE('',#1296,(#1411,#1529),.PCURVE_S1.);
#1296 = B_SPLINE_CURVE_WITH_KNOTS('',8,(#1297,#1298,#1299,#1300,#1301,
    #1302,#1303,#1304,#1305,#1306,#1307,#1308,#1309,#1310,#1311,#1312,
    #1313,#1314,#1315,#1316,#1317,#1318,#1319,#1320,#1321,#1322,#1323,
    #1324,#1325,#1326,#1327,#1328,#1329,#1330,#1331,#1332,#1333,#1334,
    #1335,#1336,#1337,#1338,#1339,#1340,#1341,#1342,#1343,#1344,#1345,
    #1346,#1347,#1348,#1349,#1350,#1351,#1352,#1353,#1354,#1355,#1356,
    #1357,#1358,#1359,#1360,#1361,#1362,#1363,#1364,#1365,#1366,#1367,
    #1368,#1369,#1370,#1371,#1372,#1373,#1374,#1375,#1376,#1377,#1378,
    #1379,#1380,#1381,#1382,#1383,#1384,#1385,#1386,#1387,#1388,#1389,
    #1390,#1391,#1392,#1393,#1394,#1395,#1396,#1397,#1398,#1399,#1400,
    #1401,#1402,#1403,#1404,#1405,#1406,#1407,#1408,#1409,#1410),
  .UNSPECIFIED.,.F.,.F.,(9,7,7,7,7,7,7,7,7,7,7,7,7,7,7,7,9),(0.,
    0.126101701205,0.1588000658,0.176215029474,0.209693173015,
    0.247975038079,0.268698128478,0.312700284515,0.441568688861,
    0.592372899011,0.68955334911,0.726017269526,0.752936447886,
    0.772704074659,0.825357059871,0.924789241636,1.),.UNSPECIFIED.);
#1297 = CARTESIAN_POINT('',(-37.79999999999,-5.670707919931E-06,0.));
#1298 = CARTESIAN_POINT('',(-36.22610999152,-5.670707919931E-06,
    7.797968660788E-02));
#1299 = CARTESIAN_POINT('',(-34.65758907684,-5.670707919931E-06,
    0.20278441223));
#1300 = CARTESIAN_POINT('',(-33.09267447092,-5.670707919931E-06,
    0.381023984731));
#1301 = CARTESIAN_POINT('',(-31.53319126939,-5.670707919931E-06,
    0.621362787469));
#1302 = CARTESIAN_POINT('',(-29.98455862121,-5.670707919931E-06,
    0.934601662273));
#1303 = CARTESIAN_POINT('',(-28.45595018174,-5.670707919931E-06,
    1.334269352967));
#1304 = CARTESIAN_POINT('',(-26.96031209824,-5.670707919931E-06,
    1.836781143923));
#1305 = CARTESIAN_POINT('',(-25.1401805053,-5.670707919931E-06,
    2.626587012864));
#1306 = CARTESIAN_POINT('',(-24.7690009894,-5.670707919931E-06,
    2.797501607709));
#1307 = CARTESIAN_POINT('',(-24.40180748486,-5.670707919931E-06,
    2.977027544815));
#1308 = CARTESIAN_POINT('',(-24.03903932843,-5.670707919931E-06,
    3.16548289681));
#1309 = CARTESIAN_POINT('',(-23.68118767373,-5.670707919931E-06,
    3.36317247756));
#1310 = CARTESIAN_POINT('',(-23.32879029378,-5.670707919931E-06,
    3.570378321727));
#1311 = CARTESIAN_POINT('',(-22.98242467573,-5.670707919931E-06,
    3.787347082004));
#1312 = CARTESIAN_POINT('',(-22.46176365561,-5.670707919931E-06,
    4.135134517752));
#1313 = CARTESIAN_POINT('',(-22.2827136034,-5.670707919931E-06,
    4.258818087341));
#1314 = CARTESIAN_POINT('',(-22.10564281297,-5.670707919931E-06,
    4.38535322546));
#1315 = CARTESIAN_POINT('',(-21.93064766044,-5.670707919931E-06,
    4.514763672503));
#1316 = CARTESIAN_POINT('',(-21.75782670694,-5.670707919931E-06,
    4.647067909239));
#1317 = CARTESIAN_POINT('',(-21.58728006936,-5.670707919931E-06,
    4.782278329444));
#1318 = CARTESIAN_POINT('',(-21.41910879098,-5.670707919931E-06,
    4.920400412535));
#1319 = CARTESIAN_POINT('',(-20.93488659421,-5.670707919931E-06,
    5.332547721782));
#1320 = CARTESIAN_POINT('',(-20.62548005716,-5.670707919931E-06,
    5.614442253777));
#1321 = CARTESIAN_POINT('',(-20.32595433589,-5.670707919931E-06,
    5.907070921737));
#1322 = CARTESIAN_POINT('',(-20.03703209417,-5.670707919931E-06,
    6.210305061129));
#1323 = CARTESIAN_POINT('',(-19.75938382938,-5.670707919931E-06,
    6.523918080128));
#1324 = CARTESIAN_POINT('',(-19.49361277727,-5.670707919931E-06,
    6.847571626415));
#1325 = CARTESIAN_POINT('',(-19.24023981676,-5.670707919931E-06,
    7.180801753977));
#1326 = CARTESIAN_POINT('',(-18.72462061784,-5.670707919931E-06,
    7.914310596867));
#1327 = CARTESIAN_POINT('',(-18.46626022254,-5.670707919931E-06,
    8.317431299485));
#1328 = CARTESIAN_POINT('',(-18.22526433208,-5.670707919931E-06,
    8.731457026935));
#1329 = CARTESIAN_POINT('',(-18.00199969218,-5.670707919931E-06,
    9.15540754931));
#1330 = CARTESIAN_POINT('',(-17.79658001479,-5.670707919931E-06,
    9.588251381455));
#1331 = CARTESIAN_POINT('',(-17.60890334186,-5.670707919931E-06,
    10.028924586811));
#1332 = CARTESIAN_POINT('',(-17.43868940912,-5.670707919931E-06,
    10.476349581251));
#1333 = CARTESIAN_POINT('',(-17.20260032153,-5.670707919931E-06,
    11.174732543563));
#1334 = CARTESIAN_POINT('',(-17.1246702177,-5.670707919931E-06,
    11.421696750526));
#1335 = CARTESIAN_POINT('',(-17.05165630237,-5.670707919931E-06,
    11.670190832378));
#1336 = CARTESIAN_POINT('',(-16.98347581606,-5.670707919931E-06,
    11.920066015151));
#1337 = CARTESIAN_POINT('',(-16.92003582956,-5.670707919931E-06,
    12.171181070498));
#1338 = CARTESIAN_POINT('',(-16.8612354376,-5.670707919931E-06,
    12.423402909849));
#1339 = CARTESIAN_POINT('',(-16.80696795255,-5.670707919931E-06,
    12.676607178566));
#1340 = CARTESIAN_POINT('',(-16.65128555055,-5.670707919931E-06,
    13.470159261585));
#1341 = CARTESIAN_POINT('',(-16.56539699143,-5.670707919931E-06,
    14.013502806219));
#1342 = CARTESIAN_POINT('',(-16.49837991115,-5.670707919931E-06,
    14.559670474016));
#1343 = CARTESIAN_POINT('',(-16.44910375728,-5.670707919931E-06,
    15.107760514087));
#1344 = CARTESIAN_POINT('',(-16.416437008,-5.670707919931E-06,
    15.657013272896));
#1345 = CARTESIAN_POINT('',(-16.39928601857,-5.670707919931E-06,
    16.20681472624));
#1346 = CARTESIAN_POINT('',(-16.39662064085,-5.670707919931E-06,
    16.756698704923));
#1347 = CARTESIAN_POINT('',(-16.43930962156,-5.670707919931E-06,
    18.916096290902));
#1348 = CARTESIAN_POINT('',(-16.5871376354,-5.670707919931E-06,
    20.52099788761));
#1349 = CARTESIAN_POINT('',(-16.82638942143,-5.670707919931E-06,
    22.116490417833));
#1350 = CARTESIAN_POINT('',(-17.13969367425,-5.670707919931E-06,
    23.699055479782));
#1351 = CARTESIAN_POINT('',(-17.51330809128,-5.670707919931E-06,
    25.266824098809));
#1352 = CARTESIAN_POINT('',(-17.93696704664,-5.670707919931E-06,
    26.819627564109));
#1353 = CARTESIAN_POINT('',(-18.40303567002,-5.670707919931E-06,
    28.359118666539));
#1354 = CARTESIAN_POINT('',(-19.49535848718,-5.670707919931E-06,
    31.678902115425));
#1355 = CARTESIAN_POINT('',(-20.13425462998,-5.670707919931E-06,
    33.452178469849));
#1356 = CARTESIAN_POINT('',(-20.81325854263,-5.670707919931E-06,
    35.210800911522));
#1357 = CARTESIAN_POINT('',(-21.52530637955,-5.670707919931E-06,
    36.956282636557));
#1358 = CARTESIAN_POINT('',(-22.26473958245,-5.670707919931E-06,
    38.690025181516));
#1359 = CARTESIAN_POINT('',(-23.02703114599,-5.670707919931E-06,
    40.413430860367));
#1360 = CARTESIAN_POINT('',(-23.80844903406,-5.670707919931E-06,
    42.128035583062));
#1361 = CARTESIAN_POINT('',(-25.11979593326,-5.670707919931E-06,
    44.935934152831));
#1362 = CARTESIAN_POINT('',(-25.64027739795,-5.670707919931E-06,
    46.033211229931));
#1363 = CARTESIAN_POINT('',(-26.166471956,-5.670707919931E-06,
    47.127768891792));
#1364 = CARTESIAN_POINT('',(-26.6975809909,-5.670707919931E-06,
    48.219949360075));
#1365 = CARTESIAN_POINT('',(-27.23286445905,-5.670707919931E-06,
    49.310081203661));
#1366 = CARTESIAN_POINT('',(-27.77162430466,-5.670707919931E-06,
    50.398487421057));
#1367 = CARTESIAN_POINT('',(-28.31319067772,-5.670707919931E-06,
    51.485492173159));
#1368 = CARTESIAN_POINT('',(-29.06092496081,-5.670707919931E-06,
    52.978888888164));
#1369 = CARTESIAN_POINT('',(-29.26524165822,-5.670707919931E-06,
    53.386200019386));
#1370 = CARTESIAN_POINT('',(-29.4698265443,-5.670707919931E-06,
    53.793376553001));
#1371 = CARTESIAN_POINT('',(-29.67464516114,-5.670707919931E-06,
    54.200435548286));
#1372 = CARTESIAN_POINT('',(-29.87966309582,-5.670707919931E-06,
    54.607394130805));
#1373 = CARTESIAN_POINT('',(-30.0848459804,-5.670707919931E-06,
    55.014269492407));
#1374 = CARTESIAN_POINT('',(-30.29015949191,-5.670707919931E-06,
    55.421078891226));
#1375 = CARTESIAN_POINT('',(-30.64721143054,-5.670707919931E-06,
    56.128127315082));
#1376 = CARTESIAN_POINT('',(-30.79890593378,-5.670707919931E-06,
    56.428388486701));
#1377 = CARTESIAN_POINT('',(-30.95063903361,-5.670707919931E-06,
    56.728630146054));
#1378 = CARTESIAN_POINT('',(-31.10239680296,-5.670707919931E-06,
    57.028859325124));
#1379 = CARTESIAN_POINT('',(-31.25416521618,-5.670707919931E-06,
    57.329083108369));
#1380 = CARTESIAN_POINT('',(-31.40593014899,-5.670707919931E-06,
    57.629308632718));
#1381 = CARTESIAN_POINT('',(-31.55767737855,-5.670707919931E-06,
    57.929543087574));
#1382 = CARTESIAN_POINT('',(-31.8208019847,-5.670707919931E-06,
    58.450277499954));
#1383 = CARTESIAN_POINT('',(-31.9321940957,-5.670707919931E-06,
    58.670770010418));
#1384 = CARTESIAN_POINT('',(-32.04356323669,-5.670707919931E-06,
    58.891274116383));
#1385 = CARTESIAN_POINT('',(-32.1549036722,-5.670707919931E-06,
    59.111792711382));
#1386 = CARTESIAN_POINT('',(-32.26620961091,-5.670707919931E-06,
    59.332328712295));
#1387 = CARTESIAN_POINT('',(-32.3774752057,-5.670707919931E-06,
    59.552885059353));
#1388 = CARTESIAN_POINT('',(-32.48869455362,-5.670707919931E-06,
    59.773464716137));
#1389 = CARTESIAN_POINT('',(-32.89596612797,-5.670707919931E-06,
    60.581675956607));
#1390 = CARTESIAN_POINT('',(-33.19170001281,-5.670707919931E-06,
    61.169467494138));
#1391 = CARTESIAN_POINT('',(-33.48695059708,-5.670707919931E-06,
    61.757502277697));
#1392 = CARTESIAN_POINT('',(-33.78160170426,-5.670707919931E-06,
    62.345838201538));
#1393 = CARTESIAN_POINT('',(-34.07553270008,-5.670707919931E-06,
    62.934534575154));
#1394 = CARTESIAN_POINT('',(-34.36861745802,-5.670707919931E-06,
    63.523652639784));
#1395 = CARTESIAN_POINT('',(-34.6607233247,-5.670707919931E-06,
    64.113256084929));
#1396 = CARTESIAN_POINT('',(-35.50122210957,-5.670707919931E-06,
    65.817886778647));
#1397 = CARTESIAN_POINT('',(-36.04672845639,-5.670707919931E-06,
    66.934300993553));
#1398 = CARTESIAN_POINT('',(-36.58729944984,-5.670707919931E-06,
    68.053135820884));
#1399 = CARTESIAN_POINT('',(-37.12189166586,-5.670707919931E-06,
    69.174879130756));
#1400 = CARTESIAN_POINT('',(-37.64930880381,-5.670707919931E-06,
    70.300043254344));
#1401 = CARTESIAN_POINT('',(-38.16816379677,-5.670707919931E-06,
    71.429182782209));
#1402 = CARTESIAN_POINT('',(-38.67680653219,-5.670707919931E-06,
    72.56292844165));
#1403 = CARTESIAN_POINT('',(-39.54864089823,-5.670707919931E-06,
    74.563690691106));
#1404 = CARTESIAN_POINT('',(-39.91705102493,-5.670707919931E-06,
    75.428335909869));
#1405 = CARTESIAN_POINT('',(-40.27754151908,-5.670707919931E-06,
    76.296365699926));
#1406 = CARTESIAN_POINT('',(-40.62908083172,-5.670707919931E-06,
    77.168136017069));
#1407 = CARTESIAN_POINT('',(-40.97043272868,-5.670707919931E-06,
    78.043998818059));
#1408 = CARTESIAN_POINT('',(-41.30011634771,-5.670707919931E-06,
    78.924317640734));
#1409 = CARTESIAN_POINT('',(-41.61632186198,-5.670707919931E-06,
    79.80950039135));
#1410 = CARTESIAN_POINT('',(-41.91673374798,-5.670707919931E-06,
    80.700067519065));
#1411 = PCURVE('',#94,#1412);
#1412 = DEFINITIONAL_REPRESENTATION('',(#1413),#1528);
#1413 = B_SPLINE_CURVE_WITH_KNOTS('',8,(#1414,#1415,#1416,#1417,#1418,
    #1419,#1420,#1421,#1422,#1423,#1424,#1425,#1426,#1427,#1428,#1429,
    #1430,#1431,#1432,#1433,#1434,#1435,#1436,#1437,#1438,#1439,#1440,
    #1441,#1442,#1443,#1444,#1445,#1446,#1447,#1448,#1449,#1450,#1451,
    #1452,#1453,#1454,#1455,#1456,#1457,#1458,#1459,#1460,#1461,#1462,
    #1463,#1464,#1465,#1466,#1467,#1468,#1469,#1470,#1471,#1472,#1473,
    #1474,#1475,#1476,#1477,#1478,#1479,#1480,#1481,#1482,#1483,#1484,
    #1485,#1486,#1487,#1488,#1489,#1490,#1491,#1492,#1493,#1494,#1495,
    #1496,#1497,#1498,#1499,#1500,#1501,#1502,#1503,#1504,#1505,#1506,
    #1507,#1508,#1509,#1510,#1511,#1512,#1513,#1514,#1515,#1516,#1517,
    #1518,#1519,#1520,#1521,#1522,#1523,#1524,#1525,#1526,#1527),
  .UNSPECIFIED.,.F.,.F.,(9,7,7,7,7,7,7,7,7,7,7,7,7,7,7,7,9),(0.,
    0.126101701205,0.1588000658,0.176215029474,0.209693173015,
    0.247975038079,0.268698128478,0.312700284515,0.441568688861,
    0.592372899011,0.68955334911,0.726017269526,0.752936447886,
    0.772704074659,0.825357059871,0.924789241636,1.),.UNSPECIFIED.);
#1414 = CARTESIAN_POINT('',(52.831249336744,-37.80018472043));
#1415 = CARTESIAN_POINT('',(52.753269650136,-36.22629471195));
#1416 = CARTESIAN_POINT('',(52.628464924514,-34.65777379727));
#1417 = CARTESIAN_POINT('',(52.450225352012,-33.09285919136));
#1418 = CARTESIAN_POINT('',(52.209886549275,-31.53337598982));
#1419 = CARTESIAN_POINT('',(51.89664767447,-29.98474334164));
#1420 = CARTESIAN_POINT('',(51.496979983777,-28.45613490217));
#1421 = CARTESIAN_POINT('',(50.994468192821,-26.96049681867));
#1422 = CARTESIAN_POINT('',(50.204662323879,-25.14036522574));
#1423 = CARTESIAN_POINT('',(50.033747729034,-24.76918570983));
#1424 = CARTESIAN_POINT('',(49.854221791929,-24.40199220529));
#1425 = CARTESIAN_POINT('',(49.665766439934,-24.03922404886));
#1426 = CARTESIAN_POINT('',(49.468076859184,-23.68137239416));
#1427 = CARTESIAN_POINT('',(49.260871015017,-23.32897501421));
#1428 = CARTESIAN_POINT('',(49.04390225474,-22.98260939616));
#1429 = CARTESIAN_POINT('',(48.696114818992,-22.46194837605));
#1430 = CARTESIAN_POINT('',(48.572431249403,-22.28289832383));
#1431 = CARTESIAN_POINT('',(48.445896111284,-22.10582753341));
#1432 = CARTESIAN_POINT('',(48.316485664241,-21.93083238087));
#1433 = CARTESIAN_POINT('',(48.184181427504,-21.75801142737));
#1434 = CARTESIAN_POINT('',(48.048971007299,-21.58746478979));
#1435 = CARTESIAN_POINT('',(47.910848924209,-21.41929351141));
#1436 = CARTESIAN_POINT('',(47.498701614962,-20.93507131464));
#1437 = CARTESIAN_POINT('',(47.216807082967,-20.62566477759));
#1438 = CARTESIAN_POINT('',(46.924178415006,-20.32613905633));
#1439 = CARTESIAN_POINT('',(46.620944275614,-20.0372168146));
#1440 = CARTESIAN_POINT('',(46.307331256616,-19.75956854981));
#1441 = CARTESIAN_POINT('',(45.983677710329,-19.4937974977));
#1442 = CARTESIAN_POINT('',(45.650447582766,-19.24042453719));
#1443 = CARTESIAN_POINT('',(44.916938739877,-18.72480533827));
#1444 = CARTESIAN_POINT('',(44.513818037259,-18.46644494297));
#1445 = CARTESIAN_POINT('',(44.099792309808,-18.22544905251));
#1446 = CARTESIAN_POINT('',(43.675841787434,-18.00218441261));
#1447 = CARTESIAN_POINT('',(43.242997955288,-17.79676473522));
#1448 = CARTESIAN_POINT('',(42.802324749933,-17.60908806229));
#1449 = CARTESIAN_POINT('',(42.354899755493,-17.43887412956));
#1450 = CARTESIAN_POINT('',(41.65651679318,-17.20278504196));
#1451 = CARTESIAN_POINT('',(41.409552586218,-17.12485493813));
#1452 = CARTESIAN_POINT('',(41.161058504365,-17.0518410228));
#1453 = CARTESIAN_POINT('',(40.911183321593,-16.98366053649));
#1454 = CARTESIAN_POINT('',(40.660068266246,-16.92022054999));
#1455 = CARTESIAN_POINT('',(40.407846426895,-16.86142015803));
#1456 = CARTESIAN_POINT('',(40.154642158178,-16.80715267298));
#1457 = CARTESIAN_POINT('',(39.361090075158,-16.65147027098));
#1458 = CARTESIAN_POINT('',(38.817746530525,-16.56558171186));
#1459 = CARTESIAN_POINT('',(38.271578862727,-16.49856463158));
#1460 = CARTESIAN_POINT('',(37.723488822657,-16.44928847771));
#1461 = CARTESIAN_POINT('',(37.174236063848,-16.41662172843));
#1462 = CARTESIAN_POINT('',(36.624434610504,-16.399470739));
#1463 = CARTESIAN_POINT('',(36.07455063182,-16.39680536129));
#1464 = CARTESIAN_POINT('',(33.915153045841,-16.439494342));
#1465 = CARTESIAN_POINT('',(32.310251449133,-16.58732235583));
#1466 = CARTESIAN_POINT('',(30.714758918911,-16.82657414186));
#1467 = CARTESIAN_POINT('',(29.132193856961,-17.13987839468));
#1468 = CARTESIAN_POINT('',(27.564425237935,-17.51349281172));
#1469 = CARTESIAN_POINT('',(26.011621772634,-17.93715176707));
#1470 = CARTESIAN_POINT('',(24.472130670204,-18.40322039045));
#1471 = CARTESIAN_POINT('',(21.152347221318,-19.49554320761));
#1472 = CARTESIAN_POINT('',(19.379070866895,-20.13443935042));
#1473 = CARTESIAN_POINT('',(17.620448425221,-20.81344326306));
#1474 = CARTESIAN_POINT('',(15.874966700186,-21.52549109998));
#1475 = CARTESIAN_POINT('',(14.141224155227,-22.26492430288));
#1476 = CARTESIAN_POINT('',(12.417818476377,-23.02721586642));
#1477 = CARTESIAN_POINT('',(10.703213753681,-23.80863375449));
#1478 = CARTESIAN_POINT('',(7.895315183912,-25.1199806537));
#1479 = CARTESIAN_POINT('',(6.798038106812,-25.64046211838));
#1480 = CARTESIAN_POINT('',(5.703480444952,-26.16665667643));
#1481 = CARTESIAN_POINT('',(4.611299976669,-26.69776571133));
#1482 = CARTESIAN_POINT('',(3.521168133083,-27.23304917948));
#1483 = CARTESIAN_POINT('',(2.432761915686,-27.77180902509));
#1484 = CARTESIAN_POINT('',(1.345757163585,-28.31337539815));
#1485 = CARTESIAN_POINT('',(-0.147639551421,-29.06110968124));
#1486 = CARTESIAN_POINT('',(-0.554950682643,-29.26542637865));
#1487 = CARTESIAN_POINT('',(-0.962127216257,-29.47001126473));
#1488 = CARTESIAN_POINT('',(-1.369186211543,-29.67482988157));
#1489 = CARTESIAN_POINT('',(-1.776144794061,-29.87984781625));
#1490 = CARTESIAN_POINT('',(-2.183020155663,-30.08503070083));
#1491 = CARTESIAN_POINT('',(-2.589829554482,-30.29034421234));
#1492 = CARTESIAN_POINT('',(-3.296877978338,-30.64739615097));
#1493 = CARTESIAN_POINT('',(-3.597139149958,-30.79909065421));
#1494 = CARTESIAN_POINT('',(-3.89738080931,-30.95082375404));
#1495 = CARTESIAN_POINT('',(-4.19760998838,-31.10258152339));
#1496 = CARTESIAN_POINT('',(-4.497833771625,-31.25434993661));
#1497 = CARTESIAN_POINT('',(-4.798059295975,-31.40611486942));
#1498 = CARTESIAN_POINT('',(-5.098293750831,-31.55786209898));
#1499 = CARTESIAN_POINT('',(-5.619028163211,-31.82098670513));
#1500 = CARTESIAN_POINT('',(-5.839520673674,-31.93237881613));
#1501 = CARTESIAN_POINT('',(-6.06002477964,-32.04374795712));
#1502 = CARTESIAN_POINT('',(-6.280543374639,-32.15508839263));
#1503 = CARTESIAN_POINT('',(-6.501079375552,-32.26639433134));
#1504 = CARTESIAN_POINT('',(-6.72163572261,-32.37765992613));
#1505 = CARTESIAN_POINT('',(-6.942215379393,-32.48887927405));
#1506 = CARTESIAN_POINT('',(-7.750426619864,-32.89615084841));
#1507 = CARTESIAN_POINT('',(-8.338218157394,-33.19188473324));
#1508 = CARTESIAN_POINT('',(-8.926252940953,-33.48713531751));
#1509 = CARTESIAN_POINT('',(-9.514588864794,-33.78178642469));
#1510 = CARTESIAN_POINT('',(-10.10328523841,-34.07571742052));
#1511 = CARTESIAN_POINT('',(-10.69240330304,-34.36880217845));
#1512 = CARTESIAN_POINT('',(-11.28200674818,-34.66090804513));
#1513 = CARTESIAN_POINT('',(-12.9866374419,-35.50140683));
#1514 = CARTESIAN_POINT('',(-14.10305165681,-36.04691317682));
#1515 = CARTESIAN_POINT('',(-15.22188648414,-36.58748417027));
#1516 = CARTESIAN_POINT('',(-16.34362979401,-37.12207638629));
#1517 = CARTESIAN_POINT('',(-17.4687939176,-37.64949352424));
#1518 = CARTESIAN_POINT('',(-18.59793344546,-38.1683485172));
#1519 = CARTESIAN_POINT('',(-19.7316791049,-38.67699125262));
#1520 = CARTESIAN_POINT('',(-21.73244135436,-39.54882561866));
#1521 = CARTESIAN_POINT('',(-22.59708657312,-39.91723574536));
#1522 = CARTESIAN_POINT('',(-23.46511636318,-40.27772623951));
#1523 = CARTESIAN_POINT('',(-24.33688668032,-40.62926555215));
#1524 = CARTESIAN_POINT('',(-25.21274948131,-40.97061744911));
#1525 = CARTESIAN_POINT('',(-26.09306830399,-41.30030106814));
#1526 = CARTESIAN_POINT('',(-26.9782510546,-41.61650658241));
#1527 = CARTESIAN_POINT('',(-27.86881818232,-41.91691846841));
#1528 = ( GEOMETRIC_REPRESENTATION_CONTEXT(2) 
PARAMETRIC_REPRESENTATION_CONTEXT() REPRESENTATION_CONTEXT('2D SPACE',''
  ) );
#1529 = PCURVE('',#654,#1530);
#1530 = DEFINITIONAL_REPRESENTATION('',(#1531),#1646);
#1531 = B_SPLINE_CURVE_WITH_KNOTS('',8,(#1532,#1533,#1534,#1535,#1536,
    #1537,#1538,#1539,#1540,#1541,#1542,#1543,#1544,#1545,#1546,#1547,
    #1548,#1549,#1550,#1551,#1552,#1553,#1554,#1555,#1556,#1557,#1558,
    #1559,#1560,#1561,#1562,#1563,#1564,#1565,#1566,#1567,#1568,#1569,
    #1570,#1571,#1572,#1573,#1574,#1575,#1576,#1577,#1578,#1579,#1580,
    #1581,#1582,#1583,#1584,#1585,#1586,#1587,#1588,#1589,#1590,#1591,
    #1592,#1593,#1594,#1595,#1596,#1597,#1598,#1599,#1600,#1601,#1602,
    #1603,#1604,#1605,#1606,#1607,#1608,#1609,#1610,#1611,#1612,#1613,
    #1614,#1615,#1616,#1617,#1618,#1619,#1620,#1621,#1622,#1623,#1624,
    #1625,#1626,#1627,#1628,#1629,#1630,#1631,#1632,#1633,#1634,#1635,
    #1636,#1637,#1638,#1639,#1640,#1641,#1642,#1643,#1644,#1645),
  .UNSPECIFIED.,.F.,.F.,(9,7,7,7,7,7,7,7,7,7,7,7,7,7,7,7,9),(0.,
    0.126101701205,0.1588000658,0.176215029474,0.209693173015,
    0.247975038079,0.268698128478,0.312700284515,0.441568688861,
    0.592372899011,0.68955334911,0.726017269526,0.752936447886,
    0.772704074659,0.825357059871,0.924789241636,1.),.UNSPECIFIED.);
#1532 = CARTESIAN_POINT('',(6.500003675969,0.));
#1533 = CARTESIAN_POINT('',(6.500003816219,8.664409623098E-03));
#1534 = CARTESIAN_POINT('',(6.500003968772,1.772690662032E-02));
#1535 = CARTESIAN_POINT('',(6.500004135733,2.725701686949E-02));
#1536 = CARTESIAN_POINT('',(6.500004319466,3.732502371081E-02));
#1537 = CARTESIAN_POINT('',(6.500004522637,4.800279487265E-02));
#1538 = CARTESIAN_POINT('',(6.500004748052,5.936862751354E-02));
#1539 = CARTESIAN_POINT('',(6.500004998617,7.150883049117E-02));
#1540 = CARTESIAN_POINT('',(6.500005347256,8.79172676481E-02));
#1541 = CARTESIAN_POINT('',(6.50000542077,9.135373657814E-02));
#1542 = CARTESIAN_POINT('',(6.500005496007,9.484911530551E-02));
#1543 = CARTESIAN_POINT('',(6.50000557295,9.840415457826E-02));
#1544 = CARTESIAN_POINT('',(6.500005651555,0.102019229411));
#1545 = CARTESIAN_POINT('',(6.500005731755,0.105694278524));
#1546 = CARTESIAN_POINT('',(6.500005813446,0.109428723767));
#1547 = CARTESIAN_POINT('',(6.500005940719,0.115241311146));
#1548 = CARTESIAN_POINT('',(6.500005985331,0.117277738223));
#1549 = CARTESIAN_POINT('',(6.500006030305,0.119330449319));
#1550 = CARTESIAN_POINT('',(6.500006075616,0.121399188799));
#1551 = CARTESIAN_POINT('',(6.500006121236,0.123483642355));
#1552 = CARTESIAN_POINT('',(6.500006167133,0.125583432531));
#1553 = CARTESIAN_POINT('',(6.500006213274,0.127698114257));
#1554 = CARTESIAN_POINT('',(6.500006348709,0.133920021083));
#1555 = CARTESIAN_POINT('',(6.500006438562,0.138066399556));
#1556 = CARTESIAN_POINT('',(6.500006528895,0.142262169038));
#1557 = CARTESIAN_POINT('',(6.500006619381,0.146502614768));
#1558 = CARTESIAN_POINT('',(6.500006709653,0.150782389452));
#1559 = CARTESIAN_POINT('',(6.500006799311,0.155095458738));
#1560 = CARTESIAN_POINT('',(6.500006887932,0.159435046684));
#1561 = CARTESIAN_POINT('',(6.500007074721,0.168777514441));
#1562 = CARTESIAN_POINT('',(6.500007172457,0.173787266444));
#1563 = CARTESIAN_POINT('',(6.50000726762,0.178811321487));
#1564 = CARTESIAN_POINT('',(6.500007359575,0.183838969671));
#1565 = CARTESIAN_POINT('',(6.500007447736,0.188860288457));
#1566 = CARTESIAN_POINT('',(6.500007531581,0.193866124174));
#1567 = CARTESIAN_POINT('',(6.500007610673,0.198848073533));
#1568 = CARTESIAN_POINT('',(6.500007724741,0.206478256519));
#1569 = CARTESIAN_POINT('',(6.500007763315,0.209149033541));
#1570 = CARTESIAN_POINT('',(6.50000780035,0.211809730425));
#1571 = CARTESIAN_POINT('',(6.500007835802,0.2144594059));
#1572 = CARTESIAN_POINT('',(6.500007869638,0.217097237746));
#1573 = CARTESIAN_POINT('',(6.500007901831,0.219722517349));
#1574 = CARTESIAN_POINT('',(6.500007932362,0.222334644265));
#1575 = CARTESIAN_POINT('',(6.500008022501,0.230450568523));
#1576 = CARTESIAN_POINT('',(6.500008076236,0.235905985972));
#1577 = CARTESIAN_POINT('',(6.500008122333,0.241295291952));
#1578 = CARTESIAN_POINT('',(6.500008160838,0.246615911883));
#1579 = CARTESIAN_POINT('',(6.500008191914,0.251866565563));
#1580 = CARTESIAN_POINT('',(6.500008215813,0.257047110165));
#1581 = CARTESIAN_POINT('',(6.500008232852,0.26215843843));
#1582 = CARTESIAN_POINT('',(6.500008274202,0.281974694789));
#1583 = CARTESIAN_POINT('',(6.500008249111,0.296143423439));
#1584 = CARTESIAN_POINT('',(6.500008177256,0.309790439632));
#1585 = CARTESIAN_POINT('',(6.500008069419,0.322970565112));
#1586 = CARTESIAN_POINT('',(6.500007935651,0.335735430133));
#1587 = CARTESIAN_POINT('',(6.500007783661,0.348134963761));
#1588 = CARTESIAN_POINT('',(6.500007619338,0.360223036238));
#1589 = CARTESIAN_POINT('',(6.5000072451,0.385909649016));
#1590 = CARTESIAN_POINT('',(6.500007032571,0.39938876559));
#1591 = CARTESIAN_POINT('',(6.500006816559,0.412566111193));
#1592 = CARTESIAN_POINT('',(6.500006601757,0.42549205934));
#1593 = CARTESIAN_POINT('',(6.500006391039,0.438209116731));
#1594 = CARTESIAN_POINT('',(6.500006186154,0.450754407777));
#1595 = CARTESIAN_POINT('',(6.50000598809,0.463162684957));
#1596 = CARTESIAN_POINT('',(6.500005674423,0.483397468099));
#1597 = CARTESIAN_POINT('',(6.500005554558,0.491283193826));
#1598 = CARTESIAN_POINT('',(6.50000543789,0.499133391981));
#1599 = CARTESIAN_POINT('',(6.500005324481,0.506955896637));
#1600 = CARTESIAN_POINT('',(6.500005214338,0.514758196595));
#1601 = CARTESIAN_POINT('',(6.500005107431,0.522547605719));
#1602 = CARTESIAN_POINT('',(6.500005003704,0.530331411382));
#1603 = CARTESIAN_POINT('',(6.50000486533,0.54103829969));
#1604 = CARTESIAN_POINT('',(6.500004828013,0.543959844366));
#1605 = CARTESIAN_POINT('',(6.50000479113,0.546882020459));
#1606 = CARTESIAN_POINT('',(6.500004754676,0.549805216564));
#1607 = CARTESIAN_POINT('',(6.500004718647,0.552729824448));
#1608 = CARTESIAN_POINT('',(6.500004683039,0.555656239052));
#1609 = CARTESIAN_POINT('',(6.500004647845,0.558584858488));
#1610 = CARTESIAN_POINT('',(6.500004587384,0.563680036318));
#1611 = CARTESIAN_POINT('',(6.50000456193,0.565845409661));
#1612 = CARTESIAN_POINT('',(6.500004536697,0.568012365847));
#1613 = CARTESIAN_POINT('',(6.500004511683,0.570181068685));
#1614 = CARTESIAN_POINT('',(6.500004486887,0.572351684022));
#1615 = CARTESIAN_POINT('',(6.500004462306,0.574524379741));
#1616 = CARTESIAN_POINT('',(6.500004437938,0.57669932576));
#1617 = CARTESIAN_POINT('',(6.500004396042,0.580475606263));
#1618 = CARTESIAN_POINT('',(6.500004378417,0.582075824872));
#1619 = CARTESIAN_POINT('',(6.500004360904,0.58367741804));
#1620 = CARTESIAN_POINT('',(6.500004343503,0.58528045481));
#1621 = CARTESIAN_POINT('',(6.500004326214,0.586885005098));
#1622 = CARTESIAN_POINT('',(6.500004309034,0.588491139686));
#1623 = CARTESIAN_POINT('',(6.500004291964,0.590098930228));
#1624 = CARTESIAN_POINT('',(6.500004229823,0.595995558777));
#1625 = CARTESIAN_POINT('',(6.500004185413,0.600294929052));
#1626 = CARTESIAN_POINT('',(6.500004141756,0.604607937778));
#1627 = CARTESIAN_POINT('',(6.500004098834,0.608936007545));
#1628 = CARTESIAN_POINT('',(6.500004056631,0.613280619212));
#1629 = CARTESIAN_POINT('',(6.50000401513,0.617643325287));
#1630 = CARTESIAN_POINT('',(6.500003974314,0.622025763309));
#1631 = CARTESIAN_POINT('',(6.500003858351,0.634746196251));
#1632 = CARTESIAN_POINT('',(6.500003784924,0.64313906165));
#1633 = CARTESIAN_POINT('',(6.50000371377,0.651620210653));
#1634 = CARTESIAN_POINT('',(6.500003644782,0.660202626855));
#1635 = CARTESIAN_POINT('',(6.500003577856,0.668900827068));
#1636 = CARTESIAN_POINT('',(6.500003512892,0.677731345991));
#1637 = CARTESIAN_POINT('',(6.500003449795,0.686713673722));
#1638 = CARTESIAN_POINT('',(6.500003342084,0.702799573383));
#1639 = CARTESIAN_POINT('',(6.500003296716,0.709827235246));
#1640 = CARTESIAN_POINT('',(6.500003252321,0.716965936944));
#1641 = CARTESIAN_POINT('',(6.500003208862,0.724227551115));
#1642 = CARTESIAN_POINT('',(6.500003166303,0.731625497164));
#1643 = CARTESIAN_POINT('',(6.50000312461,0.73917521995));
#1644 = CARTESIAN_POINT('',(6.500003083753,0.746895208216));
#1645 = CARTESIAN_POINT('',(6.500003043698,0.754809130097));
#1646 = ( GEOMETRIC_REPRESENTATION_CONTEXT(2) 
PARAMETRIC_REPRESENTATION_CONTEXT() REPRESENTATION_CONTEXT('2D SPACE',''
  ) );
#1647 = ORIENTED_EDGE('',*,*,#1648,.F.);
#1648 = EDGE_CURVE('',#1649,#1293,#1651,.T.);
#1649 = VERTEX_POINT('',#1650);
#1650 = CARTESIAN_POINT('',(-44.75,-5.670707923859E-06,80.7));
#1651 = SURFACE_CURVE('',#1652,(#1656,#1662),.PCURVE_S1.);
#1652 = LINE('',#1653,#1654);
#1653 = CARTESIAN_POINT('',(9.236021589968E-05,-5.670707919931E-06,80.7)
  );
#1654 = VECTOR('',#1655,1.);
#1655 = DIRECTION('',(1.,0.,0.));
#1656 = PCURVE('',#94,#1657);
#1657 = DEFINITIONAL_REPRESENTATION('',(#1658),#1661);
#1658 = B_SPLINE_CURVE_WITH_KNOTS('',1,(#1659,#1660),.UNSPECIFIED.,.F.,
  .F.,(2,2),(-44.75009236021,44.749907639784),.PIECEWISE_BEZIER_KNOTS.);
#1659 = CARTESIAN_POINT('',(-27.86875066325,-44.75018472043));
#1660 = CARTESIAN_POINT('',(-27.86875066325,44.749815279568));
#1661 = ( GEOMETRIC_REPRESENTATION_CONTEXT(2) 
PARAMETRIC_REPRESENTATION_CONTEXT() REPRESENTATION_CONTEXT('2D SPACE',''
  ) );
#1662 = PCURVE('',#772,#1663);
#1663 = DEFINITIONAL_REPRESENTATION('',(#1664),#1667);
#1664 = B_SPLINE_CURVE_WITH_KNOTS('',1,(#1665,#1666),.UNSPECIFIED.,.F.,
  .F.,(2,2),(-44.75009236021,44.749907639784),.PIECEWISE_BEZIER_KNOTS.);
#1665 = CARTESIAN_POINT('',(-44.75,-5.670707923971E-06));
#1666 = CARTESIAN_POINT('',(44.75,-5.670707923971E-06));
#1667 = ( GEOMETRIC_REPRESENTATION_CONTEXT(2) 
PARAMETRIC_REPRESENTATION_CONTEXT() REPRESENTATION_CONTEXT('2D SPACE',''
  ) );
#1668 = ORIENTED_EDGE('',*,*,#1669,.T.);
#1669 = EDGE_CURVE('',#1649,#1242,#1670,.T.);
#1670 = SURFACE_CURVE('',#1671,(#1675,#1681),.PCURVE_S1.);
#1671 = LINE('',#1672,#1673);
#1672 = CARTESIAN_POINT('',(-44.75,-5.670707919931E-06,69.9));
#1673 = VECTOR('',#1674,1.);
#1674 = DIRECTION('',(-0.,-0.,-1.));
#1675 = PCURVE('',#94,#1676);
#1676 = DEFINITIONAL_REPRESENTATION('',(#1677),#1680);
#1677 = B_SPLINE_CURVE_WITH_KNOTS('',1,(#1678,#1679),.UNSPECIFIED.,.F.,
  .F.,(2,2),(-10.8000006,6.000000070117E-07),.PIECEWISE_BEZIER_KNOTS.);
#1678 = CARTESIAN_POINT('',(-27.86875126325,-44.75018472043));
#1679 = CARTESIAN_POINT('',(-17.06875006325,-44.75018472043));
#1680 = ( GEOMETRIC_REPRESENTATION_CONTEXT(2) 
PARAMETRIC_REPRESENTATION_CONTEXT() REPRESENTATION_CONTEXT('2D SPACE',''
  ) );
#1681 = PCURVE('',#746,#1682);
#1682 = DEFINITIONAL_REPRESENTATION('',(#1683),#1686);
#1683 = B_SPLINE_CURVE_WITH_KNOTS('',1,(#1684,#1685),.UNSPECIFIED.,.F.,
  .F.,(2,2),(-10.8000006,6.000000070117E-07),.PIECEWISE_BEZIER_KNOTS.);
#1684 = CARTESIAN_POINT('',(-3.14159278031,-10.8000006));
#1685 = CARTESIAN_POINT('',(-3.14159278031,6.000000070117E-07));
#1686 = ( GEOMETRIC_REPRESENTATION_CONTEXT(2) 
PARAMETRIC_REPRESENTATION_CONTEXT() REPRESENTATION_CONTEXT('2D SPACE',''
  ) );
#1687 = FACE_BOUND('',#1688,.F.);
#1688 = EDGE_LOOP('',(#1689));
#1689 = ORIENTED_EDGE('',*,*,#1690,.T.);
#1690 = EDGE_CURVE('',#1691,#1691,#1693,.T.);
#1691 = VERTEX_POINT('',#1692);
#1692 = CARTESIAN_POINT('',(-39.5,-5.670707919931E-06,54.5));
#1693 = SURFACE_CURVE('',#1694,(#1699,#1710),.PCURVE_S1.);
#1694 = CIRCLE('',#1695,2.);
#1695 = AXIS2_PLACEMENT_3D('',#1696,#1697,#1698);
#1696 = CARTESIAN_POINT('',(-41.5,-5.670707919931E-06,54.5));
#1697 = DIRECTION('',(-0.,1.,0.));
#1698 = DIRECTION('',(1.,0.,0.));
#1699 = PCURVE('',#94,#1700);
#1700 = DEFINITIONAL_REPRESENTATION('',(#1701),#1709);
#1701 = ( BOUNDED_CURVE() B_SPLINE_CURVE(2,(#1702,#1703,#1704,#1705,
#1706,#1707,#1708),.UNSPECIFIED.,.T.,.F.) B_SPLINE_CURVE_WITH_KNOTS((1,2
    ,2,2,2,1),(-2.094395102393,0.,2.094395102393,4.188790204786,
6.28318530718,8.377580409573),.UNSPECIFIED.) CURVE() 
GEOMETRIC_REPRESENTATION_ITEM() RATIONAL_B_SPLINE_CURVE((1.,0.5,1.,0.5,
1.,0.5,1.)) REPRESENTATION_ITEM('') );
#1702 = CARTESIAN_POINT('',(-1.668750663256,-39.50018472043));
#1703 = CARTESIAN_POINT('',(1.795350951881,-39.50018472043));
#1704 = CARTESIAN_POINT('',(6.330014431245E-02,-42.50018472043));
#1705 = CARTESIAN_POINT('',(-1.668750663256,-45.50018472043));
#1706 = CARTESIAN_POINT('',(-3.400801470825,-42.50018472043));
#1707 = CARTESIAN_POINT('',(-5.132852278394,-39.50018472043));
#1708 = CARTESIAN_POINT('',(-1.668750663256,-39.50018472043));
#1709 = ( GEOMETRIC_REPRESENTATION_CONTEXT(2) 
PARAMETRIC_REPRESENTATION_CONTEXT() REPRESENTATION_CONTEXT('2D SPACE',''
  ) );
#1710 = PCURVE('',#1711,#1716);
#1711 = CYLINDRICAL_SURFACE('',#1712,2.);
#1712 = AXIS2_PLACEMENT_3D('',#1713,#1714,#1715);
#1713 = CARTESIAN_POINT('',(-41.5,0.,54.5));
#1714 = DIRECTION('',(-0.,1.,-0.));
#1715 = DIRECTION('',(1.,0.,0.));
#1716 = DEFINITIONAL_REPRESENTATION('',(#1717),#1721);
#1717 = LINE('',#1718,#1719);
#1718 = CARTESIAN_POINT('',(-6.28318530718,-5.670707919931E-06));
#1719 = VECTOR('',#1720,1.);
#1720 = DIRECTION('',(1.,-0.));
#1721 = ( GEOMETRIC_REPRESENTATION_CONTEXT(2) 
PARAMETRIC_REPRESENTATION_CONTEXT() REPRESENTATION_CONTEXT('2D SPACE',''
  ) );
#1722 = ADVANCED_FACE('',(#1723),#654,.F.);
#1723 = FACE_BOUND('',#1724,.F.);
#1724 = EDGE_LOOP('',(#1725,#1726,#1727,#1751));
#1725 = ORIENTED_EDGE('',*,*,#1292,.F.);
#1726 = ORIENTED_EDGE('',*,*,#624,.T.);
#1727 = ORIENTED_EDGE('',*,*,#1728,.T.);
#1728 = EDGE_CURVE('',#541,#1729,#1731,.T.);
#1729 = VERTEX_POINT('',#1730);
#1730 = CARTESIAN_POINT('',(-41.64034852392,-0.849803031101,80.7));
#1731 = SURFACE_CURVE('',#1732,(#1737,#1744),.PCURVE_S1.);
#1732 = ( BOUNDED_CURVE() B_SPLINE_CURVE(3,(#1733,#1734,#1735,#1736),
.UNSPECIFIED.,.F.,.F.) B_SPLINE_CURVE_WITH_KNOTS((4,4),(0.,1.),
.PIECEWISE_BEZIER_KNOTS.) CURVE() GEOMETRIC_REPRESENTATION_ITEM() 
RATIONAL_B_SPLINE_CURVE((1.,1.,1.,1.)) REPRESENTATION_ITEM('') );
#1733 = CARTESIAN_POINT('',(-37.79213073791,-0.771267974243,0.));
#1734 = CARTESIAN_POINT('',(22.763590509555,0.464563071624,3.));
#1735 = CARTESIAN_POINT('',(-67.71485746365,-1.381935866605,90.));
#1736 = CARTESIAN_POINT('',(-36.75,-0.75,99.));
#1737 = PCURVE('',#654,#1738);
#1738 = DEFINITIONAL_REPRESENTATION('',(#1739),#1743);
#1739 = LINE('',#1740,#1741);
#1740 = CARTESIAN_POINT('',(7.,0.));
#1741 = VECTOR('',#1742,1.);
#1742 = DIRECTION('',(0.,1.));
#1743 = ( GEOMETRIC_REPRESENTATION_CONTEXT(2) 
PARAMETRIC_REPRESENTATION_CONTEXT() REPRESENTATION_CONTEXT('2D SPACE',''
  ) );
#1744 = PCURVE('',#572,#1745);
#1745 = DEFINITIONAL_REPRESENTATION('',(#1746),#1750);
#1746 = LINE('',#1747,#1748);
#1747 = CARTESIAN_POINT('',(7.,0.));
#1748 = VECTOR('',#1749,1.);
#1749 = DIRECTION('',(0.,1.));
#1750 = ( GEOMETRIC_REPRESENTATION_CONTEXT(2) 
PARAMETRIC_REPRESENTATION_CONTEXT() REPRESENTATION_CONTEXT('2D SPACE',''
  ) );
#1751 = ORIENTED_EDGE('',*,*,#1752,.T.);
#1752 = EDGE_CURVE('',#1729,#1293,#1753,.T.);
#1753 = SURFACE_CURVE('',#1754,(#1781,#1811),.PCURVE_S1.);
#1754 = B_SPLINE_CURVE_WITH_KNOTS('',5,(#1755,#1756,#1757,#1758,#1759,
    #1760,#1761,#1762,#1763,#1764,#1765,#1766,#1767,#1768,#1769,#1770,
    #1771,#1772,#1773,#1774,#1775,#1776,#1777,#1778,#1779,#1780),
  .UNSPECIFIED.,.F.,.F.,(6,4,4,4,4,4,6),(0.,0.128778209935,
    0.229312746495,0.5,0.770687253505,0.871221790065,1.),.UNSPECIFIED.);
#1755 = CARTESIAN_POINT('',(-41.64034852392,-0.849803031101,80.7));
#1756 = CARTESIAN_POINT('',(-41.66741980826,-0.812328649643,80.7));
#1757 = CARTESIAN_POINT('',(-41.69310289397,-0.773711162177,80.7));
#1758 = CARTESIAN_POINT('',(-41.71730932488,-0.734016753956,80.7));
#1759 = CARTESIAN_POINT('',(-41.73996056536,-0.693323021802,80.7));
#1760 = CARTESIAN_POINT('',(-41.7774036924,-0.619239537901,80.7));
#1761 = CARTESIAN_POINT('',(-41.79282984586,-0.586205049175,80.7));
#1762 = CARTESIAN_POINT('',(-41.80723392159,-0.552657646822,80.7));
#1763 = CARTESIAN_POINT('',(-41.82058755016,-0.518642398756,80.7));
#1764 = CARTESIAN_POINT('',(-41.86592744788,-0.391491483968,80.7));
#1765 = CARTESIAN_POINT('',(-41.89119966843,-0.295724671043,80.7));
#1766 = CARTESIAN_POINT('',(-41.90820669695,-0.197859418138,80.7));
#1767 = CARTESIAN_POINT('',(-41.91671097198,-9.892615730962E-02,80.7));
#1768 = CARTESIAN_POINT('',(-41.91671097198,9.892615731022E-02,80.7));
#1769 = CARTESIAN_POINT('',(-41.90820669695,0.197859418139,80.7));
#1770 = CARTESIAN_POINT('',(-41.89119966843,0.295724671044,80.7));
#1771 = CARTESIAN_POINT('',(-41.86592744788,0.391491483969,80.7));
#1772 = CARTESIAN_POINT('',(-41.82058755016,0.518642398757,80.7));
#1773 = CARTESIAN_POINT('',(-41.80723392159,0.552657646823,80.7));
#1774 = CARTESIAN_POINT('',(-41.79282984586,0.586205049176,80.7));
#1775 = CARTESIAN_POINT('',(-41.7774036924,0.619239537902,80.7));
#1776 = CARTESIAN_POINT('',(-41.73996056536,0.693323021803,80.7));
#1777 = CARTESIAN_POINT('',(-41.71730932488,0.734016753956,80.7));
#1778 = CARTESIAN_POINT('',(-41.69310289397,0.773711162177,80.7));
#1779 = CARTESIAN_POINT('',(-41.66741980826,0.812328649643,80.7));
#1780 = CARTESIAN_POINT('',(-41.64034852392,0.849803031101,80.7));
#1781 = PCURVE('',#654,#1782);
#1782 = DEFINITIONAL_REPRESENTATION('',(#1783),#1810);
#1783 = B_SPLINE_CURVE_WITH_KNOTS('',5,(#1784,#1785,#1786,#1787,#1788,
    #1789,#1790,#1791,#1792,#1793,#1794,#1795,#1796,#1797,#1798,#1799,
    #1800,#1801,#1802,#1803,#1804,#1805,#1806,#1807,#1808,#1809),
  .UNSPECIFIED.,.F.,.F.,(6,4,4,4,4,4,6),(0.,0.128778209935,
    0.229312746495,0.5,0.770687253505,0.871221790065,1.),.UNSPECIFIED.);
#1784 = CARTESIAN_POINT('',(7.,0.754808530097));
#1785 = CARTESIAN_POINT('',(6.97324312237,0.754808530097));
#1786 = CARTESIAN_POINT('',(6.946682178402,0.754808530097));
#1787 = CARTESIAN_POINT('',(6.920299626593,0.754808530097));
#1788 = CARTESIAN_POINT('',(6.894078018751,0.754808530097));
#1789 = CARTESIAN_POINT('',(6.847641419687,0.754808530097));
#1790 = CARTESIAN_POINT('',(6.827370320341,0.754808530097));
#1791 = CARTESIAN_POINT('',(6.807178457126,0.754808530097));
#1792 = CARTESIAN_POINT('',(6.787057693256,0.754808530097));
#1793 = CARTESIAN_POINT('',(6.712995057172,0.754808530097));
#1794 = CARTESIAN_POINT('',(6.659443526936,0.754808530097));
#1795 = CARTESIAN_POINT('',(6.606199357817,0.754808530097));
#1796 = CARTESIAN_POINT('',(6.553097715408,0.754808530097));
#1797 = CARTESIAN_POINT('',(6.446902284592,0.754808530097));
#1798 = CARTESIAN_POINT('',(6.393800642183,0.754808530097));
#1799 = CARTESIAN_POINT('',(6.340556473063,0.754808530097));
#1800 = CARTESIAN_POINT('',(6.287004942827,0.754808530097));
#1801 = CARTESIAN_POINT('',(6.212942306744,0.754808530097));
#1802 = CARTESIAN_POINT('',(6.192821542874,0.754808530097));
#1803 = CARTESIAN_POINT('',(6.172629679659,0.754808530097));
#1804 = CARTESIAN_POINT('',(6.152358580313,0.754808530097));
#1805 = CARTESIAN_POINT('',(6.105921981248,0.754808530097));
#1806 = CARTESIAN_POINT('',(6.079700373407,0.754808530097));
#1807 = CARTESIAN_POINT('',(6.053317821598,0.754808530097));
#1808 = CARTESIAN_POINT('',(6.02675687763,0.754808530097));
#1809 = CARTESIAN_POINT('',(6.,0.754808530097));
#1810 = ( GEOMETRIC_REPRESENTATION_CONTEXT(2) 
PARAMETRIC_REPRESENTATION_CONTEXT() REPRESENTATION_CONTEXT('2D SPACE',''
  ) );
#1811 = PCURVE('',#772,#1812);
#1812 = DEFINITIONAL_REPRESENTATION('',(#1813),#1840);
#1813 = B_SPLINE_CURVE_WITH_KNOTS('',5,(#1814,#1815,#1816,#1817,#1818,
    #1819,#1820,#1821,#1822,#1823,#1824,#1825,#1826,#1827,#1828,#1829,
    #1830,#1831,#1832,#1833,#1834,#1835,#1836,#1837,#1838,#1839),
  .UNSPECIFIED.,.F.,.F.,(6,4,4,4,4,4,6),(0.,0.128778209935,
    0.229312746495,0.5,0.770687253505,0.871221790065,1.),.UNSPECIFIED.);
#1814 = CARTESIAN_POINT('',(-41.64034852392,-0.849803031101));
#1815 = CARTESIAN_POINT('',(-41.66741980826,-0.812328649643));
#1816 = CARTESIAN_POINT('',(-41.69310289397,-0.773711162177));
#1817 = CARTESIAN_POINT('',(-41.71730932488,-0.734016753956));
#1818 = CARTESIAN_POINT('',(-41.73996056536,-0.693323021802));
#1819 = CARTESIAN_POINT('',(-41.7774036924,-0.619239537901));
#1820 = CARTESIAN_POINT('',(-41.79282984586,-0.586205049175));
#1821 = CARTESIAN_POINT('',(-41.80723392159,-0.552657646822));
#1822 = CARTESIAN_POINT('',(-41.82058755016,-0.518642398756));
#1823 = CARTESIAN_POINT('',(-41.86592744788,-0.391491483968));
#1824 = CARTESIAN_POINT('',(-41.89119966843,-0.295724671043));
#1825 = CARTESIAN_POINT('',(-41.90820669695,-0.197859418138));
#1826 = CARTESIAN_POINT('',(-41.91671097198,-9.892615730963E-02));
#1827 = CARTESIAN_POINT('',(-41.91671097198,9.892615731022E-02));
#1828 = CARTESIAN_POINT('',(-41.90820669695,0.197859418139));
#1829 = CARTESIAN_POINT('',(-41.89119966843,0.295724671044));
#1830 = CARTESIAN_POINT('',(-41.86592744788,0.391491483969));
#1831 = CARTESIAN_POINT('',(-41.82058755016,0.518642398757));
#1832 = CARTESIAN_POINT('',(-41.80723392159,0.552657646823));
#1833 = CARTESIAN_POINT('',(-41.79282984586,0.586205049176));
#1834 = CARTESIAN_POINT('',(-41.7774036924,0.619239537902));
#1835 = CARTESIAN_POINT('',(-41.73996056536,0.693323021803));
#1836 = CARTESIAN_POINT('',(-41.71730932488,0.734016753956));
#1837 = CARTESIAN_POINT('',(-41.69310289397,0.773711162177));
#1838 = CARTESIAN_POINT('',(-41.66741980826,0.812328649643));
#1839 = CARTESIAN_POINT('',(-41.64034852392,0.849803031101));
#1840 = ( GEOMETRIC_REPRESENTATION_CONTEXT(2) 
PARAMETRIC_REPRESENTATION_CONTEXT() REPRESENTATION_CONTEXT('2D SPACE',''
  ) );
#1841 = ADVANCED_FACE('',(#1842),#572,.F.);
#1842 = FACE_BOUND('',#1843,.F.);
#1843 = EDGE_LOOP('',(#1844,#1845,#1846,#1870,#1914,#1983,#2134));
#1844 = ORIENTED_EDGE('',*,*,#1728,.F.);
#1845 = ORIENTED_EDGE('',*,*,#540,.T.);
#1846 = ORIENTED_EDGE('',*,*,#1847,.T.);
#1847 = EDGE_CURVE('',#457,#1848,#1850,.T.);
#1848 = VERTEX_POINT('',#1849);
#1849 = CARTESIAN_POINT('',(-15.32142857142,-0.75,99.));
#1850 = SURFACE_CURVE('',#1851,(#1856,#1863),.PCURVE_S1.);
#1851 = ( BOUNDED_CURVE() B_SPLINE_CURVE(3,(#1852,#1853,#1854,#1855),
.UNSPECIFIED.,.F.,.F.) B_SPLINE_CURVE_WITH_KNOTS((4,4),(0.,1.),
.PIECEWISE_BEZIER_KNOTS.) CURVE() GEOMETRIC_REPRESENTATION_ITEM() 
RATIONAL_B_SPLINE_CURVE((1.,1.,1.,1.)) REPRESENTATION_ITEM('') );
#1852 = CARTESIAN_POINT('',(-37.75479294966,-1.848136717816,0.));
#1853 = CARTESIAN_POINT('',(27.663297928827,1.354147451061,3.));
#1854 = CARTESIAN_POINT('',(-80.90863050432,-3.960562332379,90.));
#1855 = CARTESIAN_POINT('',(-15.32142857142,-0.75,99.));
#1856 = PCURVE('',#572,#1857);
#1857 = DEFINITIONAL_REPRESENTATION('',(#1858),#1862);
#1858 = LINE('',#1859,#1860);
#1859 = CARTESIAN_POINT('',(8.,0.));
#1860 = VECTOR('',#1861,1.);
#1861 = DIRECTION('',(0.,1.));
#1862 = ( GEOMETRIC_REPRESENTATION_CONTEXT(2) 
PARAMETRIC_REPRESENTATION_CONTEXT() REPRESENTATION_CONTEXT('2D SPACE',''
  ) );
#1863 = PCURVE('',#488,#1864);
#1864 = DEFINITIONAL_REPRESENTATION('',(#1865),#1869);
#1865 = LINE('',#1866,#1867);
#1866 = CARTESIAN_POINT('',(8.,0.));
#1867 = VECTOR('',#1868,1.);
#1868 = DIRECTION('',(0.,1.));
#1869 = ( GEOMETRIC_REPRESENTATION_CONTEXT(2) 
PARAMETRIC_REPRESENTATION_CONTEXT() REPRESENTATION_CONTEXT('2D SPACE',''
  ) );
#1870 = ORIENTED_EDGE('',*,*,#1871,.F.);
#1871 = EDGE_CURVE('',#1872,#1848,#1874,.T.);
#1872 = VERTEX_POINT('',#1873);
#1873 = CARTESIAN_POINT('',(-36.75,-0.75,99.));
#1874 = SURFACE_CURVE('',#1875,(#1887,#1894),.PCURVE_S1.);
#1875 = B_SPLINE_CURVE_WITH_KNOTS('',10,(#1876,#1877,#1878,#1879,#1880,
    #1881,#1882,#1883,#1884,#1885,#1886),.UNSPECIFIED.,.F.,.F.,(11,11),(
    7.,8.),.PIECEWISE_BEZIER_KNOTS.);
#1876 = CARTESIAN_POINT('',(-36.75,-0.75,99.));
#1877 = CARTESIAN_POINT('',(-34.60714285714,-0.75,99.));
#1878 = CARTESIAN_POINT('',(-32.46428571428,-0.75,99.));
#1879 = CARTESIAN_POINT('',(-30.32142857142,-0.75,99.));
#1880 = CARTESIAN_POINT('',(-28.17857142857,-0.75,99.));
#1881 = CARTESIAN_POINT('',(-26.03571428571,-0.75,99.));
#1882 = CARTESIAN_POINT('',(-23.89285714285,-0.75,99.));
#1883 = CARTESIAN_POINT('',(-21.74999999999,-0.75,99.));
#1884 = CARTESIAN_POINT('',(-19.60714285714,-0.75,99.));
#1885 = CARTESIAN_POINT('',(-17.46428571428,-0.75,99.));
#1886 = CARTESIAN_POINT('',(-15.32142857142,-0.75,99.));
#1887 = PCURVE('',#572,#1888);
#1888 = DEFINITIONAL_REPRESENTATION('',(#1889),#1893);
#1889 = LINE('',#1890,#1891);
#1890 = CARTESIAN_POINT('',(0.,1.));
#1891 = VECTOR('',#1892,1.);
#1892 = DIRECTION('',(1.,0.));
#1893 = ( GEOMETRIC_REPRESENTATION_CONTEXT(2) 
PARAMETRIC_REPRESENTATION_CONTEXT() REPRESENTATION_CONTEXT('2D SPACE',''
  ) );
#1894 = PCURVE('',#1895,#1900);
#1895 = PLANE('',#1896);
#1896 = AXIS2_PLACEMENT_3D('',#1897,#1898,#1899);
#1897 = CARTESIAN_POINT('',(36.75,-0.75,99.));
#1898 = DIRECTION('',(0.,-1.,0.));
#1899 = DIRECTION('',(-1.,0.,0.));
#1900 = DEFINITIONAL_REPRESENTATION('',(#1901),#1913);
#1901 = B_SPLINE_CURVE_WITH_KNOTS('',10,(#1902,#1903,#1904,#1905,#1906,
    #1907,#1908,#1909,#1910,#1911,#1912),.UNSPECIFIED.,.F.,.F.,(11,11),(
    7.,8.),.PIECEWISE_BEZIER_KNOTS.);
#1902 = CARTESIAN_POINT('',(73.5,0.));
#1903 = CARTESIAN_POINT('',(71.357142857143,0.));
#1904 = CARTESIAN_POINT('',(69.214285714285,0.));
#1905 = CARTESIAN_POINT('',(67.071428571428,0.));
#1906 = CARTESIAN_POINT('',(64.928571428571,0.));
#1907 = CARTESIAN_POINT('',(62.785714285713,0.));
#1908 = CARTESIAN_POINT('',(60.642857142856,0.));
#1909 = CARTESIAN_POINT('',(58.499999999999,0.));
#1910 = CARTESIAN_POINT('',(56.357142857141,0.));
#1911 = CARTESIAN_POINT('',(54.214285714284,0.));
#1912 = CARTESIAN_POINT('',(52.071428571426,0.));
#1913 = ( GEOMETRIC_REPRESENTATION_CONTEXT(2) 
PARAMETRIC_REPRESENTATION_CONTEXT() REPRESENTATION_CONTEXT('2D SPACE',''
  ) );
#1914 = ORIENTED_EDGE('',*,*,#1915,.F.);
#1915 = EDGE_CURVE('',#1916,#1872,#1918,.T.);
#1916 = VERTEX_POINT('',#1917);
#1917 = CARTESIAN_POINT('',(-39.74172478392,-0.811055607835,
    97.662934369644));
#1918 = SURFACE_CURVE('',#1919,(#1924,#1931),.PCURVE_S1.);
#1919 = ( BOUNDED_CURVE() B_SPLINE_CURVE(3,(#1920,#1921,#1922,#1923),
.UNSPECIFIED.,.F.,.F.) B_SPLINE_CURVE_WITH_KNOTS((4,4),(0.,1.),
.PIECEWISE_BEZIER_KNOTS.) CURVE() GEOMETRIC_REPRESENTATION_ITEM() 
RATIONAL_B_SPLINE_CURVE((1.,1.,1.,1.)) REPRESENTATION_ITEM('') );
#1920 = CARTESIAN_POINT('',(-37.79213073791,-0.771267974243,0.));
#1921 = CARTESIAN_POINT('',(22.763590509555,0.464563071624,3.));
#1922 = CARTESIAN_POINT('',(-67.71485746365,-1.381935866605,90.));
#1923 = CARTESIAN_POINT('',(-36.75,-0.75,99.));
#1924 = PCURVE('',#572,#1925);
#1925 = DEFINITIONAL_REPRESENTATION('',(#1926),#1930);
#1926 = LINE('',#1927,#1928);
#1927 = CARTESIAN_POINT('',(7.,0.));
#1928 = VECTOR('',#1929,1.);
#1929 = DIRECTION('',(0.,1.));
#1930 = ( GEOMETRIC_REPRESENTATION_CONTEXT(2) 
PARAMETRIC_REPRESENTATION_CONTEXT() REPRESENTATION_CONTEXT('2D SPACE',''
  ) );
#1931 = PCURVE('',#1932,#1977);
#1932 = ( BOUNDED_SURFACE() B_SPLINE_SURFACE(10,3,(
    (#1933,#1934,#1935,#1936)
    ,(#1937,#1938,#1939,#1940)
    ,(#1941,#1942,#1943,#1944)
    ,(#1945,#1946,#1947,#1948)
    ,(#1949,#1950,#1951,#1952)
    ,(#1953,#1954,#1955,#1956)
    ,(#1957,#1958,#1959,#1960)
    ,(#1961,#1962,#1963,#1964)
    ,(#1965,#1966,#1967,#1968)
    ,(#1969,#1970,#1971,#1972)
    ,(#1973,#1974,#1975,#1976
)),.UNSPECIFIED.,.F.,.F.,.F.) B_SPLINE_SURFACE_WITH_KNOTS((11,11),(4,4),
  (6.,7.),(0.,1.),.PIECEWISE_BEZIER_KNOTS.) 
GEOMETRIC_REPRESENTATION_ITEM() RATIONAL_B_SPLINE_SURFACE((
    (1.,1.,1.,1.)
    ,(1.,1.,1.,1.)
    ,(1.,1.,1.,1.)
    ,(1.,1.,1.,1.)
    ,(1.,1.,1.,1.)
    ,(1.,1.,1.,1.)
    ,(1.,1.,1.,1.)
    ,(1.,1.,1.,1.)
    ,(1.,1.,1.,1.)
    ,(1.,1.,1.,1.)
,(1.,1.,1.,1.))) REPRESENTATION_ITEM('') SURFACE() );
#1933 = CARTESIAN_POINT('',(-37.79213073791,0.771267974243,0.));
#1934 = CARTESIAN_POINT('',(22.763590509555,-0.464563071624,3.));
#1935 = CARTESIAN_POINT('',(-67.71485746365,1.381935866605,90.));
#1936 = CARTESIAN_POINT('',(-36.75,0.75,99.));
#1937 = CARTESIAN_POINT('',(-37.79527833353,0.617035789232,0.));
#1938 = CARTESIAN_POINT('',(22.777842712702,-0.337077857202,3.));
#1939 = CARTESIAN_POINT('',(-67.71901588225,1.011754409159,90.));
#1940 = CARTESIAN_POINT('',(-36.98561944901,0.75,99.));
#1941 = CARTESIAN_POINT('',(-37.79772656053,0.462789330996,0.));
#1942 = CARTESIAN_POINT('',(22.773037933434,-0.226865742579,3.));
#1943 = CARTESIAN_POINT('',(-67.68174843734,0.689592953924,90.));
#1944 = CARTESIAN_POINT('',(-37.22124107155,0.667753520049,99.));
#1945 = CARTESIAN_POINT('',(-37.79947534612,0.308532167841,0.));
#1946 = CARTESIAN_POINT('',(22.758790589105,-0.13628483069,3.));
#1947 = CARTESIAN_POINT('',(-67.62766603524,0.420226532402,90.));
#1948 = CARTESIAN_POINT('',(-37.42455043143,0.503258522416,99.));
#1949 = CARTESIAN_POINT('',(-37.80052463827,0.154267868074,0.));
#1950 = CARTESIAN_POINT('',(22.744998603816,-6.301040528433E-02,3.));
#1951 = CARTESIAN_POINT('',(-67.58193558956,0.196646767552,90.));
#1952 = CARTESIAN_POINT('',(-37.56330541722,0.271019590411,99.));
#1953 = CARTESIAN_POINT('',(-37.80087440579,4.640732242933E-15,0.));
#1954 = CARTESIAN_POINT('',(22.73941830552,-7.367948843632E-15,3.));
#1955 = CARTESIAN_POINT('',(-67.56420577698,5.591938948927E-15,90.));
#1956 = CARTESIAN_POINT('',(-37.61268047281,-3.863576125696E-15,99.));
#1957 = CARTESIAN_POINT('',(-37.80052463827,-0.154267868074,0.));
#1958 = CARTESIAN_POINT('',(22.744998603815,6.301040528432E-02,3.));
#1959 = CARTESIAN_POINT('',(-67.58193558956,-0.196646767552,90.));
#1960 = CARTESIAN_POINT('',(-37.56330541722,-0.271019590411,99.));
#1961 = CARTESIAN_POINT('',(-37.79947534612,-0.308532167841,0.));
#1962 = CARTESIAN_POINT('',(22.758790589106,0.13628483069,3.));
#1963 = CARTESIAN_POINT('',(-67.62766603525,-0.420226532402,90.));
#1964 = CARTESIAN_POINT('',(-37.42455043143,-0.503258522416,99.));
#1965 = CARTESIAN_POINT('',(-37.79772656053,-0.462789330996,0.));
#1966 = CARTESIAN_POINT('',(22.773037933433,0.226865742579,3.));
#1967 = CARTESIAN_POINT('',(-67.68174843734,-0.689592953924,90.));
#1968 = CARTESIAN_POINT('',(-37.22124107156,-0.667753520049,99.));
#1969 = CARTESIAN_POINT('',(-37.79527833353,-0.617035789232,0.));
#1970 = CARTESIAN_POINT('',(22.777842712702,0.337077857202,3.));
#1971 = CARTESIAN_POINT('',(-67.71901588225,-1.011754409159,90.));
#1972 = CARTESIAN_POINT('',(-36.98561944901,-0.75,99.));
#1973 = CARTESIAN_POINT('',(-37.79213073791,-0.771267974243,0.));
#1974 = CARTESIAN_POINT('',(22.763590509555,0.464563071624,3.));
#1975 = CARTESIAN_POINT('',(-67.71485746365,-1.381935866605,90.));
#1976 = CARTESIAN_POINT('',(-36.75,-0.75,99.));
#1977 = DEFINITIONAL_REPRESENTATION('',(#1978),#1982);
#1978 = LINE('',#1979,#1980);
#1979 = CARTESIAN_POINT('',(7.,0.));
#1980 = VECTOR('',#1981,1.);
#1981 = DIRECTION('',(0.,1.));
#1982 = ( GEOMETRIC_REPRESENTATION_CONTEXT(2) 
PARAMETRIC_REPRESENTATION_CONTEXT() REPRESENTATION_CONTEXT('2D SPACE',''
  ) );
#1983 = ORIENTED_EDGE('',*,*,#1984,.T.);
#1984 = EDGE_CURVE('',#1916,#1985,#1987,.T.);
#1985 = VERTEX_POINT('',#1986);
#1986 = CARTESIAN_POINT('',(-39.71975111122,-1.550442408501,80.7));
#1987 = SURFACE_CURVE('',#1988,(#2033,#2081),.PCURVE_S1.);
#1988 = B_SPLINE_CURVE_WITH_KNOTS('',8,(#1989,#1990,#1991,#1992,#1993,
    #1994,#1995,#1996,#1997,#1998,#1999,#2000,#2001,#2002,#2003,#2004,
    #2005,#2006,#2007,#2008,#2009,#2010,#2011,#2012,#2013,#2014,#2015,
    #2016,#2017,#2018,#2019,#2020,#2021,#2022,#2023,#2024,#2025,#2026,
    #2027,#2028,#2029,#2030,#2031,#2032),.UNSPECIFIED.,.F.,.F.,(9,7,7,7,
    7,7,9),(0.,8.42991445425E-02,0.154554880657,0.382580742372,
    0.554272563328,0.940599274487,1.),.UNSPECIFIED.);
#1989 = CARTESIAN_POINT('',(-39.74172478392,-0.811055607835,
    97.662934369643));
#1990 = CARTESIAN_POINT('',(-39.74145280021,-0.824382809442,
    97.484559399746));
#1991 = CARTESIAN_POINT('',(-39.74115866287,-0.838545125671,
    97.306187130397));
#1992 = CARTESIAN_POINT('',(-39.74084582613,-0.853318506468,
    97.127815651472));
#1993 = CARTESIAN_POINT('',(-39.74051669848,-0.868548687958,
    96.949443750324));
#1994 = CARTESIAN_POINT('',(-39.74017312644,-0.884122327567,
    96.771070283803));
#1995 = CARTESIAN_POINT('',(-39.73981669478,-0.899948512249,
    96.59269376723));
#1996 = CARTESIAN_POINT('',(-39.73944884317,-0.915950639796,
    96.414312180309));
#1997 = CARTESIAN_POINT('',(-39.73875573373,-0.945501600859,
    96.087251684393));
#1998 = CARTESIAN_POINT('',(-39.73843359651,-0.959014622292,
    95.938575810453));
#1999 = CARTESIAN_POINT('',(-39.73810511148,-0.972572366552,
    95.789894494904));
#2000 = CARTESIAN_POINT('',(-39.73777094519,-0.986144927663,
    95.641206999458));
#2001 = CARTESIAN_POINT('',(-39.73743171657,-0.999706967418,
    95.492512694451));
#2002 = CARTESIAN_POINT('',(-39.73708800661,-1.013236818119,
    95.343811032496));
#2003 = CARTESIAN_POINT('',(-39.73674036802,-1.026715585315,
    95.195101522122));
#2004 = CARTESIAN_POINT('',(-39.735250003,-1.083652639476,
    94.563697004334));
#2005 = CARTESIAN_POINT('',(-39.73407490779,-1.126462044338,
    94.08092337653));
#2006 = CARTESIAN_POINT('',(-39.73288216063,-1.167983471657,
    93.598048274448));
#2007 = CARTESIAN_POINT('',(-39.73168733795,-1.207889076103,
    93.11506561963));
#2008 = CARTESIAN_POINT('',(-39.73050438882,-1.245957842745,
    92.631973782985));
#2009 = CARTESIAN_POINT('',(-39.72934565052,-1.282034399082,
    92.148774350797));
#2010 = CARTESIAN_POINT('',(-39.72822167822,-1.316023138077,
    91.66547189497));
#2011 = CARTESIAN_POINT('',(-39.72632834645,-1.371827732287,
    90.818098282864));
#2012 = CARTESIAN_POINT('',(-39.72553997191,-1.394576546273,
    90.454068320831));
#2013 = CARTESIAN_POINT('',(-39.72478037028,-1.416077022163,
    90.089985473573));
#2014 = CARTESIAN_POINT('',(-39.72405292719,-1.436312554291,
    89.72585246471));
#2015 = CARTESIAN_POINT('',(-39.72336058257,-1.455274373074,
    89.361672281114));
#2016 = CARTESIAN_POINT('',(-39.72270589876,-1.472958733473,
    88.997448102192));
#2017 = CARTESIAN_POINT('',(-39.72209112872,-1.489364103454,
    88.63318322919));
#2018 = CARTESIAN_POINT('',(-39.72022931672,-1.538519684492,
    87.44915835271));
#2019 = CARTESIAN_POINT('',(-39.71915270759,-1.566062965763,
    86.629287524403));
#2020 = CARTESIAN_POINT('',(-39.71831147915,-1.587100881684,
    85.809261131367));
#2021 = CARTESIAN_POINT('',(-39.71772322953,-1.601592006447,
    84.989099681531));
#2022 = CARTESIAN_POINT('',(-39.7174064161,-1.609356014971,
    84.168850125854));
#2023 = CARTESIAN_POINT('',(-39.71738846031,-1.609798056083,
    83.348585565164));
#2024 = CARTESIAN_POINT('',(-39.71771967087,-1.601755142798,
    82.528403750617));
#2025 = CARTESIAN_POINT('',(-39.71860955745,-1.579418784552,
    81.582346008496));
#2026 = CARTESIAN_POINT('',(-39.7187385533,-1.576174555452,
    81.456273351873));
#2027 = CARTESIAN_POINT('',(-39.71887828238,-1.572652481237,
    81.330206918092));
#2028 = CARTESIAN_POINT('',(-39.71902909697,-1.568841338488,
    81.204147488081));
#2029 = CARTESIAN_POINT('',(-39.71919137308,-1.564728862158,
    81.078095954632));
#2030 = CARTESIAN_POINT('',(-39.71936551164,-1.560301613547,
    80.952053325281));
#2031 = CARTESIAN_POINT('',(-39.71955193981,-1.555544848266,
    80.826020725184));
#2032 = CARTESIAN_POINT('',(-39.71975111217,-1.550442384208,80.6999994)
  );
#2033 = PCURVE('',#572,#2034);
#2034 = DEFINITIONAL_REPRESENTATION('',(#2035),#2080);
#2035 = B_SPLINE_CURVE_WITH_KNOTS('',8,(#2036,#2037,#2038,#2039,#2040,
    #2041,#2042,#2043,#2044,#2045,#2046,#2047,#2048,#2049,#2050,#2051,
    #2052,#2053,#2054,#2055,#2056,#2057,#2058,#2059,#2060,#2061,#2062,
    #2063,#2064,#2065,#2066,#2067,#2068,#2069,#2070,#2071,#2072,#2073,
    #2074,#2075,#2076,#2077,#2078,#2079),.UNSPECIFIED.,.F.,.F.,(9,7,7,7,
    7,7,9),(0.,8.42991445425E-02,0.154554880657,0.382580742372,
    0.554272563328,0.940599274487,1.),.UNSPECIFIED.);
#2036 = CARTESIAN_POINT('',(7.,0.962407805286));
#2037 = CARTESIAN_POINT('',(7.015468833766,0.95834518131));
#2038 = CARTESIAN_POINT('',(7.030305959865,0.954467912055));
#2039 = CARTESIAN_POINT('',(7.044610583739,0.950744419032));
#2040 = CARTESIAN_POINT('',(7.058450103613,0.947153035267));
#2041 = CARTESIAN_POINT('',(7.071873363864,0.943677876564));
#2042 = CARTESIAN_POINT('',(7.084919141156,0.940306196766));
#2043 = CARTESIAN_POINT('',(7.097619863317,0.93702722701));
#2044 = CARTESIAN_POINT('',(7.120318756154,0.931169981195));
#2045 = CARTESIAN_POINT('',(7.130414780411,0.928565938722));
#2046 = CARTESIAN_POINT('',(7.140303342248,0.92601539933));
#2047 = CARTESIAN_POINT('',(7.149996698804,0.92351415149));
#2048 = CARTESIAN_POINT('',(7.159505066027,0.921058615906));
#2049 = CARTESIAN_POINT('',(7.16883702885,0.918645717071));
#2050 = CARTESIAN_POINT('',(7.177999951378,0.916272754812));
#2051 = CARTESIAN_POINT('',(7.216212693637,0.906357117527));
#2052 = CARTESIAN_POINT('',(7.2437130636,0.899171896256));
#2053 = CARTESIAN_POINT('',(7.269720450783,0.892299323345));
#2054 = CARTESIAN_POINT('',(7.294347284059,0.885689656745));
#2055 = CARTESIAN_POINT('',(7.317660985614,0.879306308502));
#2056 = CARTESIAN_POINT('',(7.339701258448,0.873120232731));
#2057 = CARTESIAN_POINT('',(7.360480555641,0.867109515737));
#2058 = CARTESIAN_POINT('',(7.39468863169,0.856847882841));
#2059 = CARTESIAN_POINT('',(7.408665150766,0.852529059814));
#2060 = CARTESIAN_POINT('',(7.421922516773,0.848291363065));
#2061 = CARTESIAN_POINT('',(7.434453048419,0.844128227369));
#2062 = CARTESIAN_POINT('',(7.446243858508,0.840034077553));
#2063 = CARTESIAN_POINT('',(7.457277144928,0.836004126064));
#2064 = CARTESIAN_POINT('',(7.467530481629,0.832034170526));
#2065 = CARTESIAN_POINT('',(7.498233129242,0.819313929553));
#2066 = CARTESIAN_POINT('',(7.515403181129,0.810792424141));
#2067 = CARTESIAN_POINT('',(7.528182453442,0.802512484939));
#2068 = CARTESIAN_POINT('',(7.536138097357,0.794443303561));
#2069 = CARTESIAN_POINT('',(7.538717739656,0.786560598459));
#2070 = CARTESIAN_POINT('',(7.535171250521,0.778845045557));
#2071 = CARTESIAN_POINT('',(7.524553164101,0.771280708721));
#2072 = CARTESIAN_POINT('',(7.50240780623,0.76271246978));
#2073 = CARTESIAN_POINT('',(7.499253828389,0.761573875442));
#2074 = CARTESIAN_POINT('',(7.495891644518,0.760438503511));
#2075 = CARTESIAN_POINT('',(7.492315481712,0.75930631018));
#2076 = CARTESIAN_POINT('',(7.488519220213,0.758177253904));
#2077 = CARTESIAN_POINT('',(7.484496347478,0.757051295346));
#2078 = CARTESIAN_POINT('',(7.480239912258,0.755928397327));
#2079 = CARTESIAN_POINT('',(7.475742478673,0.754808524765));
#2080 = ( GEOMETRIC_REPRESENTATION_CONTEXT(2) 
PARAMETRIC_REPRESENTATION_CONTEXT() REPRESENTATION_CONTEXT('2D SPACE',''
  ) );
#2081 = PCURVE('',#2082,#2087);
#2082 = CYLINDRICAL_SURFACE('',#2083,39.75);
#2083 = AXIS2_PLACEMENT_3D('',#2084,#2085,#2086);
#2084 = CARTESIAN_POINT('',(0.,0.,80.7));
#2085 = DIRECTION('',(-0.,-0.,-1.));
#2086 = DIRECTION('',(1.,0.,0.));
#2087 = DEFINITIONAL_REPRESENTATION('',(#2088),#2133);
#2088 = B_SPLINE_CURVE_WITH_KNOTS('',8,(#2089,#2090,#2091,#2092,#2093,
    #2094,#2095,#2096,#2097,#2098,#2099,#2100,#2101,#2102,#2103,#2104,
    #2105,#2106,#2107,#2108,#2109,#2110,#2111,#2112,#2113,#2114,#2115,
    #2116,#2117,#2118,#2119,#2120,#2121,#2122,#2123,#2124,#2125,#2126,
    #2127,#2128,#2129,#2130,#2131,#2132),.UNSPECIFIED.,.F.,.F.,(9,7,7,7,
    7,7,9),(0.,8.42991445425E-02,0.154554880657,0.382580742372,
    0.554272563328,0.940599274487,1.),.UNSPECIFIED.);
#2089 = CARTESIAN_POINT('',(-3.161997984276,-16.96293436964));
#2090 = CARTESIAN_POINT('',(-3.162333329601,-16.78455939974));
#2091 = CARTESIAN_POINT('',(-3.162689691097,-16.60618713039));
#2092 = CARTESIAN_POINT('',(-3.163061431742,-16.42781565147));
#2093 = CARTESIAN_POINT('',(-3.163444670343,-16.24944375032));
#2094 = CARTESIAN_POINT('',(-3.163836555266,-16.0710702838));
#2095 = CARTESIAN_POINT('',(-3.164234799167,-15.89269376723));
#2096 = CARTESIAN_POINT('',(-3.164637474721,-15.7143121803));
#2097 = CARTESIAN_POINT('',(-3.165381099583,-15.38725168439));
#2098 = CARTESIAN_POINT('',(-3.165721146366,-15.23857581045));
#2099 = CARTESIAN_POINT('',(-3.166062321745,-15.0898944949));
#2100 = CARTESIAN_POINT('',(-3.166403873245,-14.94120699945));
#2101 = CARTESIAN_POINT('',(-3.166745163298,-14.79251269445));
#2102 = CARTESIAN_POINT('',(-3.16708564667,-14.64381103249));
#2103 = CARTESIAN_POINT('',(-3.167424847891,-14.49510152212));
#2104 = CARTESIAN_POINT('',(-3.168857717236,-13.86369700433));
#2105 = CARTESIAN_POINT('',(-3.169935088179,-13.38092337653));
#2106 = CARTESIAN_POINT('',(-3.170980081893,-12.89804827444));
#2107 = CARTESIAN_POINT('',(-3.171984444975,-12.41506561963));
#2108 = CARTESIAN_POINT('',(-3.172942610977,-11.93197378298));
#2109 = CARTESIAN_POINT('',(-3.173850664617,-11.44877435079));
#2110 = CARTESIAN_POINT('',(-3.174706194322,-10.96547189497));
#2111 = CARTESIAN_POINT('',(-3.176110891261,-10.11809828286));
#2112 = CARTESIAN_POINT('',(-3.176683531882,-9.754068320831));
#2113 = CARTESIAN_POINT('',(-3.177224761621,-9.389985473573));
#2114 = CARTESIAN_POINT('',(-3.177734160268,-9.02585246471));
#2115 = CARTESIAN_POINT('',(-3.178211504897,-8.661672281114));
#2116 = CARTESIAN_POINT('',(-3.178656699149,-8.297448102192));
#2117 = CARTESIAN_POINT('',(-3.179069702506,-7.93318322919));
#2118 = CARTESIAN_POINT('',(-3.180307207596,-6.74915835271));
#2119 = CARTESIAN_POINT('',(-3.181000648959,-5.929287524403));
#2120 = CARTESIAN_POINT('',(-3.181530327446,-5.109261131368));
#2121 = CARTESIAN_POINT('',(-3.181895184248,-4.289099681529));
#2122 = CARTESIAN_POINT('',(-3.182090667878,-3.468850125855));
#2123 = CARTESIAN_POINT('',(-3.182101797435,-2.648585565163));
#2124 = CARTESIAN_POINT('',(-3.181899288678,-1.828403750617));
#2125 = CARTESIAN_POINT('',(-3.181336921939,-0.882346008496));
#2126 = CARTESIAN_POINT('',(-3.181255241621,-0.756273351873));
#2127 = CARTESIAN_POINT('',(-3.181166566281,-0.630206918092));
#2128 = CARTESIAN_POINT('',(-3.181070613436,-0.504147488081));
#2129 = CARTESIAN_POINT('',(-3.1809670744,-0.378095954632));
#2130 = CARTESIAN_POINT('',(-3.180855610955,-0.252053325281));
#2131 = CARTESIAN_POINT('',(-3.180735852035,-0.126020725184));
#2132 = CARTESIAN_POINT('',(-3.180607390402,5.999999999062E-07));
#2133 = ( GEOMETRIC_REPRESENTATION_CONTEXT(2) 
PARAMETRIC_REPRESENTATION_CONTEXT() REPRESENTATION_CONTEXT('2D SPACE',''
  ) );
#2134 = ORIENTED_EDGE('',*,*,#2135,.T.);
#2135 = EDGE_CURVE('',#1985,#1729,#2136,.T.);
#2136 = SURFACE_CURVE('',#2137,(#2156,#2178),.PCURVE_S1.);
#2137 = B_SPLINE_CURVE_WITH_KNOTS('',5,(#2138,#2139,#2140,#2141,#2142,
    #2143,#2144,#2145,#2146,#2147,#2148,#2149,#2150,#2151,#2152,#2153,
    #2154,#2155),.UNSPECIFIED.,.F.,.F.,(6,4,4,4,6),(0.,0.262376538977,
    0.519606231967,0.766974349946,1.),.UNSPECIFIED.);
#2138 = CARTESIAN_POINT('',(-37.28689051383,-1.825232402775,80.7));
#2139 = CARTESIAN_POINT('',(-37.52377999663,-1.828457994457,80.7));
#2140 = CARTESIAN_POINT('',(-37.76076367599,-1.824511707387,80.7));
#2141 = CARTESIAN_POINT('',(-37.99753704222,-1.813389846244,80.7));
#2142 = CARTESIAN_POINT('',(-38.23379312733,-1.795093975378,80.7));
#2143 = CARTESIAN_POINT('',(-38.70003049666,-1.744669177465,80.7));
#2144 = CARTESIAN_POINT('',(-38.93004325707,-1.712818714603,80.7));
#2145 = CARTESIAN_POINT('',(-39.15896615534,-1.674087776363,80.7));
#2146 = CARTESIAN_POINT('',(-39.38649784929,-1.628489774356,80.7));
#2147 = CARTESIAN_POINT('',(-39.82949815849,-1.525614128714,80.7));
#2148 = CARTESIAN_POINT('',(-40.04509410131,-1.468851430723,80.7));
#2149 = CARTESIAN_POINT('',(-40.25883775265,-1.405778249048,80.7));
#2150 = CARTESIAN_POINT('',(-40.47043883728,-1.336422387795,80.7));
#2151 = CARTESIAN_POINT('',(-40.87661784037,-1.189611923339,80.7));
#2152 = CARTESIAN_POINT('',(-41.07147067977,-1.112860283712,80.7));
#2153 = CARTESIAN_POINT('',(-41.26389476471,-1.03060593677,80.7));
#2154 = CARTESIAN_POINT('',(-41.45361772108,-0.942896190676,80.7));
#2155 = CARTESIAN_POINT('',(-41.64034852392,-0.849803031101,80.7));
#2156 = PCURVE('',#572,#2157);
#2157 = DEFINITIONAL_REPRESENTATION('',(#2158),#2177);
#2158 = B_SPLINE_CURVE_WITH_KNOTS('',5,(#2159,#2160,#2161,#2162,#2163,
    #2164,#2165,#2166,#2167,#2168,#2169,#2170,#2171,#2172,#2173,#2174,
    #2175,#2176),.UNSPECIFIED.,.F.,.F.,(6,4,4,4,6),(0.,0.262376538977,
    0.519606231967,0.766974349946,1.),.UNSPECIFIED.);
#2159 = CARTESIAN_POINT('',(8.,0.754808530097));
#2160 = CARTESIAN_POINT('',(7.950183491922,0.754808530097));
#2161 = CARTESIAN_POINT('',(7.900352269254,0.754808530097));
#2162 = CARTESIAN_POINT('',(7.850429953044,0.754808530097));
#2163 = CARTESIAN_POINT('',(7.800340373939,0.754808530097));
#2164 = CARTESIAN_POINT('',(7.700647115844,0.754808530097));
#2165 = CARTESIAN_POINT('',(7.651053342973,0.754808530097));
#2166 = CARTESIAN_POINT('',(7.601139787492,0.754808530097));
#2167 = CARTESIAN_POINT('',(7.550822044806,0.754808530097));
#2168 = CARTESIAN_POINT('',(7.451126351591,0.754808530097));
#2169 = CARTESIAN_POINT('',(7.401786513708,0.754808530097));
#2170 = CARTESIAN_POINT('',(7.351891022846,0.754808530097));
#2171 = CARTESIAN_POINT('',(7.301338610463,0.754808530097));
#2172 = CARTESIAN_POINT('',(7.201638015546,0.754808530097));
#2173 = CARTESIAN_POINT('',(7.152578588703,0.754808530097));
#2174 = CARTESIAN_POINT('',(7.102712784348,0.754808530097));
#2175 = CARTESIAN_POINT('',(7.051911988306,0.754808530097));
#2176 = CARTESIAN_POINT('',(7.,0.754808530097));
#2177 = ( GEOMETRIC_REPRESENTATION_CONTEXT(2) 
PARAMETRIC_REPRESENTATION_CONTEXT() REPRESENTATION_CONTEXT('2D SPACE',''
  ) );
#2178 = PCURVE('',#772,#2179);
#2179 = DEFINITIONAL_REPRESENTATION('',(#2180),#2199);
#2180 = B_SPLINE_CURVE_WITH_KNOTS('',5,(#2181,#2182,#2183,#2184,#2185,
    #2186,#2187,#2188,#2189,#2190,#2191,#2192,#2193,#2194,#2195,#2196,
    #2197,#2198),.UNSPECIFIED.,.F.,.F.,(6,4,4,4,6),(0.,0.262376538977,
    0.519606231967,0.766974349946,1.),.UNSPECIFIED.);
#2181 = CARTESIAN_POINT('',(-37.28689051383,-1.825232402775));
#2182 = CARTESIAN_POINT('',(-37.52377999663,-1.828457994457));
#2183 = CARTESIAN_POINT('',(-37.76076367599,-1.824511707387));
#2184 = CARTESIAN_POINT('',(-37.99753704222,-1.813389846244));
#2185 = CARTESIAN_POINT('',(-38.23379312733,-1.795093975378));
#2186 = CARTESIAN_POINT('',(-38.70003049666,-1.744669177465));
#2187 = CARTESIAN_POINT('',(-38.93004325707,-1.712818714603));
#2188 = CARTESIAN_POINT('',(-39.15896615534,-1.674087776363));
#2189 = CARTESIAN_POINT('',(-39.38649784929,-1.628489774356));
#2190 = CARTESIAN_POINT('',(-39.82949815849,-1.525614128714));
#2191 = CARTESIAN_POINT('',(-40.04509410131,-1.468851430723));
#2192 = CARTESIAN_POINT('',(-40.25883775265,-1.405778249048));
#2193 = CARTESIAN_POINT('',(-40.47043883728,-1.336422387795));
#2194 = CARTESIAN_POINT('',(-40.87661784037,-1.189611923339));
#2195 = CARTESIAN_POINT('',(-41.07147067977,-1.112860283712));
#2196 = CARTESIAN_POINT('',(-41.26389476471,-1.03060593677));
#2197 = CARTESIAN_POINT('',(-41.45361772108,-0.942896190676));
#2198 = CARTESIAN_POINT('',(-41.64034852392,-0.849803031101));
#2199 = ( GEOMETRIC_REPRESENTATION_CONTEXT(2) 
PARAMETRIC_REPRESENTATION_CONTEXT() REPRESENTATION_CONTEXT('2D SPACE',''
  ) );
#2200 = ADVANCED_FACE('',(#2201),#488,.F.);
#2201 = FACE_BOUND('',#2202,.F.);
#2202 = EDGE_LOOP('',(#2203,#2204,#2228,#2265));
#2203 = ORIENTED_EDGE('',*,*,#456,.T.);
#2204 = ORIENTED_EDGE('',*,*,#2205,.T.);
#2205 = EDGE_CURVE('',#373,#2206,#2208,.T.);
#2206 = VERTEX_POINT('',#2207);
#2207 = CARTESIAN_POINT('',(-1.4375,-0.75,99.));
#2208 = SURFACE_CURVE('',#2209,(#2214,#2221),.PCURVE_S1.);
#2209 = ( BOUNDED_CURVE() B_SPLINE_CURVE(3,(#2210,#2211,#2212,#2213),
.UNSPECIFIED.,.F.,.F.) B_SPLINE_CURVE_WITH_KNOTS((4,4),(0.,1.),
.PIECEWISE_BEZIER_KNOTS.) CURVE() GEOMETRIC_REPRESENTATION_ITEM() 
RATIONAL_B_SPLINE_CURVE((1.,1.,1.,1.)) REPRESENTATION_ITEM('') );
#2210 = CARTESIAN_POINT('',(-33.51290718505,-17.48499505307,0.));
#2211 = CARTESIAN_POINT('',(-2.020494012455,-1.054170789107,3.));
#2212 = CARTESIAN_POINT('',(-2.785552395018,-1.453331684357,90.));
#2213 = CARTESIAN_POINT('',(-1.4375,-0.75,99.));
#2214 = PCURVE('',#488,#2215);
#2215 = DEFINITIONAL_REPRESENTATION('',(#2216),#2220);
#2216 = LINE('',#2217,#2218);
#2217 = CARTESIAN_POINT('',(9.,0.));
#2218 = VECTOR('',#2219,1.);
#2219 = DIRECTION('',(0.,1.));
#2220 = ( GEOMETRIC_REPRESENTATION_CONTEXT(2) 
PARAMETRIC_REPRESENTATION_CONTEXT() REPRESENTATION_CONTEXT('2D SPACE',''
  ) );
#2221 = PCURVE('',#404,#2222);
#2222 = DEFINITIONAL_REPRESENTATION('',(#2223),#2227);
#2223 = LINE('',#2224,#2225);
#2224 = CARTESIAN_POINT('',(9.,0.));
#2225 = VECTOR('',#2226,1.);
#2226 = DIRECTION('',(0.,1.));
#2227 = ( GEOMETRIC_REPRESENTATION_CONTEXT(2) 
PARAMETRIC_REPRESENTATION_CONTEXT() REPRESENTATION_CONTEXT('2D SPACE',''
  ) );
#2228 = ORIENTED_EDGE('',*,*,#2229,.F.);
#2229 = EDGE_CURVE('',#1848,#2206,#2230,.T.);
#2230 = SURFACE_CURVE('',#2231,(#2243,#2250),.PCURVE_S1.);
#2231 = B_SPLINE_CURVE_WITH_KNOTS('',10,(#2232,#2233,#2234,#2235,#2236,
    #2237,#2238,#2239,#2240,#2241,#2242),.UNSPECIFIED.,.F.,.F.,(11,11),(
    8.,9.),.PIECEWISE_BEZIER_KNOTS.);
#2232 = CARTESIAN_POINT('',(-15.32142857142,-0.75,99.));
#2233 = CARTESIAN_POINT('',(-13.93303571428,-0.75,99.));
#2234 = CARTESIAN_POINT('',(-12.54464285714,-0.75,99.));
#2235 = CARTESIAN_POINT('',(-11.15624999999,-0.75,99.));
#2236 = CARTESIAN_POINT('',(-9.767857142856,-0.75,99.));
#2237 = CARTESIAN_POINT('',(-8.379464285713,-0.75,99.));
#2238 = CARTESIAN_POINT('',(-6.991071428571,-0.75,99.));
#2239 = CARTESIAN_POINT('',(-5.602678571428,-0.75,99.));
#2240 = CARTESIAN_POINT('',(-4.214285714285,-0.75,99.));
#2241 = CARTESIAN_POINT('',(-2.825892857143,-0.75,99.));
#2242 = CARTESIAN_POINT('',(-1.4375,-0.75,99.));
#2243 = PCURVE('',#488,#2244);
#2244 = DEFINITIONAL_REPRESENTATION('',(#2245),#2249);
#2245 = LINE('',#2246,#2247);
#2246 = CARTESIAN_POINT('',(0.,1.));
#2247 = VECTOR('',#2248,1.);
#2248 = DIRECTION('',(1.,0.));
#2249 = ( GEOMETRIC_REPRESENTATION_CONTEXT(2) 
PARAMETRIC_REPRESENTATION_CONTEXT() REPRESENTATION_CONTEXT('2D SPACE',''
  ) );
#2250 = PCURVE('',#1895,#2251);
#2251 = DEFINITIONAL_REPRESENTATION('',(#2252),#2264);
#2252 = B_SPLINE_CURVE_WITH_KNOTS('',10,(#2253,#2254,#2255,#2256,#2257,
    #2258,#2259,#2260,#2261,#2262,#2263),.UNSPECIFIED.,.F.,.F.,(11,11),(
    8.,9.),.PIECEWISE_BEZIER_KNOTS.);
#2253 = CARTESIAN_POINT('',(52.071428571426,0.));
#2254 = CARTESIAN_POINT('',(50.683035714284,0.));
#2255 = CARTESIAN_POINT('',(49.294642857141,0.));
#2256 = CARTESIAN_POINT('',(47.906249999999,0.));
#2257 = CARTESIAN_POINT('',(46.517857142856,0.));
#2258 = CARTESIAN_POINT('',(45.129464285713,0.));
#2259 = CARTESIAN_POINT('',(43.741071428571,0.));
#2260 = CARTESIAN_POINT('',(42.352678571428,0.));
#2261 = CARTESIAN_POINT('',(40.964285714285,0.));
#2262 = CARTESIAN_POINT('',(39.575892857143,0.));
#2263 = CARTESIAN_POINT('',(38.1875,0.));
#2264 = ( GEOMETRIC_REPRESENTATION_CONTEXT(2) 
PARAMETRIC_REPRESENTATION_CONTEXT() REPRESENTATION_CONTEXT('2D SPACE',''
  ) );
#2265 = ORIENTED_EDGE('',*,*,#1847,.F.);
#2266 = ADVANCED_FACE('',(#2267),#404,.F.);
#2267 = FACE_BOUND('',#2268,.F.);
#2268 = EDGE_LOOP('',(#2269,#2270,#2294,#2331));
#2269 = ORIENTED_EDGE('',*,*,#372,.T.);
#2270 = ORIENTED_EDGE('',*,*,#2271,.T.);
#2271 = EDGE_CURVE('',#289,#2272,#2274,.T.);
#2272 = VERTEX_POINT('',#2273);
#2273 = CARTESIAN_POINT('',(1.4375,-0.75,99.));
#2274 = SURFACE_CURVE('',#2275,(#2280,#2287),.PCURVE_S1.);
#2275 = ( BOUNDED_CURVE() B_SPLINE_CURVE(3,(#2276,#2277,#2278,#2279),
.UNSPECIFIED.,.F.,.F.) B_SPLINE_CURVE_WITH_KNOTS((4,4),(0.,1.),
.PIECEWISE_BEZIER_KNOTS.) CURVE() GEOMETRIC_REPRESENTATION_ITEM() 
RATIONAL_B_SPLINE_CURVE((1.,1.,1.,1.)) REPRESENTATION_ITEM('') );
#2276 = CARTESIAN_POINT('',(33.512907185054,-17.48499505307,0.));
#2277 = CARTESIAN_POINT('',(2.020494012455,-1.054170789107,3.));
#2278 = CARTESIAN_POINT('',(2.785552395018,-1.453331684357,90.));
#2279 = CARTESIAN_POINT('',(1.4375,-0.75,99.));
#2280 = PCURVE('',#404,#2281);
#2281 = DEFINITIONAL_REPRESENTATION('',(#2282),#2286);
#2282 = LINE('',#2283,#2284);
#2283 = CARTESIAN_POINT('',(10.,0.));
#2284 = VECTOR('',#2285,1.);
#2285 = DIRECTION('',(0.,1.));
#2286 = ( GEOMETRIC_REPRESENTATION_CONTEXT(2) 
PARAMETRIC_REPRESENTATION_CONTEXT() REPRESENTATION_CONTEXT('2D SPACE',''
  ) );
#2287 = PCURVE('',#320,#2288);
#2288 = DEFINITIONAL_REPRESENTATION('',(#2289),#2293);
#2289 = LINE('',#2290,#2291);
#2290 = CARTESIAN_POINT('',(10.,0.));
#2291 = VECTOR('',#2292,1.);
#2292 = DIRECTION('',(0.,1.));
#2293 = ( GEOMETRIC_REPRESENTATION_CONTEXT(2) 
PARAMETRIC_REPRESENTATION_CONTEXT() REPRESENTATION_CONTEXT('2D SPACE',''
  ) );
#2294 = ORIENTED_EDGE('',*,*,#2295,.F.);
#2295 = EDGE_CURVE('',#2206,#2272,#2296,.T.);
#2296 = SURFACE_CURVE('',#2297,(#2309,#2316),.PCURVE_S1.);
#2297 = B_SPLINE_CURVE_WITH_KNOTS('',10,(#2298,#2299,#2300,#2301,#2302,
    #2303,#2304,#2305,#2306,#2307,#2308),.UNSPECIFIED.,.F.,.F.,(11,11),(
    9.,10.),.PIECEWISE_BEZIER_KNOTS.);
#2298 = CARTESIAN_POINT('',(-1.4375,-0.75,99.));
#2299 = CARTESIAN_POINT('',(-1.15,-0.75,99.));
#2300 = CARTESIAN_POINT('',(-0.8625,-0.75,99.));
#2301 = CARTESIAN_POINT('',(-0.575,-0.75,99.));
#2302 = CARTESIAN_POINT('',(-0.2875,-0.75,99.));
#2303 = CARTESIAN_POINT('',(-2.13162820728E-14,-0.75,99.));
#2304 = CARTESIAN_POINT('',(0.2875,-0.75,99.));
#2305 = CARTESIAN_POINT('',(0.575,-0.75,99.));
#2306 = CARTESIAN_POINT('',(0.8625,-0.75,99.));
#2307 = CARTESIAN_POINT('',(1.15,-0.75,99.));
#2308 = CARTESIAN_POINT('',(1.4375,-0.75,99.));
#2309 = PCURVE('',#404,#2310);
#2310 = DEFINITIONAL_REPRESENTATION('',(#2311),#2315);
#2311 = LINE('',#2312,#2313);
#2312 = CARTESIAN_POINT('',(0.,1.));
#2313 = VECTOR('',#2314,1.);
#2314 = DIRECTION('',(1.,0.));
#2315 = ( GEOMETRIC_REPRESENTATION_CONTEXT(2) 
PARAMETRIC_REPRESENTATION_CONTEXT() REPRESENTATION_CONTEXT('2D SPACE',''
  ) );
#2316 = PCURVE('',#1895,#2317);
#2317 = DEFINITIONAL_REPRESENTATION('',(#2318),#2330);
#2318 = B_SPLINE_CURVE_WITH_KNOTS('',10,(#2319,#2320,#2321,#2322,#2323,
    #2324,#2325,#2326,#2327,#2328,#2329),.UNSPECIFIED.,.F.,.F.,(11,11),(
    9.,10.),.PIECEWISE_BEZIER_KNOTS.);
#2319 = CARTESIAN_POINT('',(38.1875,0.));
#2320 = CARTESIAN_POINT('',(37.9,0.));
#2321 = CARTESIAN_POINT('',(37.6125,0.));
#2322 = CARTESIAN_POINT('',(37.325,0.));
#2323 = CARTESIAN_POINT('',(37.0375,0.));
#2324 = CARTESIAN_POINT('',(36.75,0.));
#2325 = CARTESIAN_POINT('',(36.4625,0.));
#2326 = CARTESIAN_POINT('',(36.175,0.));
#2327 = CARTESIAN_POINT('',(35.8875,0.));
#2328 = CARTESIAN_POINT('',(35.6,0.));
#2329 = CARTESIAN_POINT('',(35.3125,0.));
#2330 = ( GEOMETRIC_REPRESENTATION_CONTEXT(2) 
PARAMETRIC_REPRESENTATION_CONTEXT() REPRESENTATION_CONTEXT('2D SPACE',''
  ) );
#2331 = ORIENTED_EDGE('',*,*,#2205,.F.);
#2332 = ADVANCED_FACE('',(#2333),#320,.F.);
#2333 = FACE_BOUND('',#2334,.F.);
#2334 = EDGE_LOOP('',(#2335,#2336,#2360,#2397));
#2335 = ORIENTED_EDGE('',*,*,#288,.T.);
#2336 = ORIENTED_EDGE('',*,*,#2337,.T.);
#2337 = EDGE_CURVE('',#205,#2338,#2340,.T.);
#2338 = VERTEX_POINT('',#2339);
#2339 = CARTESIAN_POINT('',(15.321428571428,-0.75,99.));
#2340 = SURFACE_CURVE('',#2341,(#2346,#2353),.PCURVE_S1.);
#2341 = ( BOUNDED_CURVE() B_SPLINE_CURVE(3,(#2342,#2343,#2344,#2345),
.UNSPECIFIED.,.F.,.F.) B_SPLINE_CURVE_WITH_KNOTS((4,4),(0.,1.),
.PIECEWISE_BEZIER_KNOTS.) CURVE() GEOMETRIC_REPRESENTATION_ITEM() 
RATIONAL_B_SPLINE_CURVE((1.,1.,1.,1.)) REPRESENTATION_ITEM('') );
#2342 = CARTESIAN_POINT('',(37.754792949667,-1.848136717816,0.));
#2343 = CARTESIAN_POINT('',(-27.66329792882,1.354147451061,3.));
#2344 = CARTESIAN_POINT('',(80.908630504322,-3.960562332379,90.));
#2345 = CARTESIAN_POINT('',(15.321428571428,-0.75,99.));
#2346 = PCURVE('',#320,#2347);
#2347 = DEFINITIONAL_REPRESENTATION('',(#2348),#2352);
#2348 = LINE('',#2349,#2350);
#2349 = CARTESIAN_POINT('',(11.,0.));
#2350 = VECTOR('',#2351,1.);
#2351 = DIRECTION('',(0.,1.));
#2352 = ( GEOMETRIC_REPRESENTATION_CONTEXT(2) 
PARAMETRIC_REPRESENTATION_CONTEXT() REPRESENTATION_CONTEXT('2D SPACE',''
  ) );
#2353 = PCURVE('',#236,#2354);
#2354 = DEFINITIONAL_REPRESENTATION('',(#2355),#2359);
#2355 = LINE('',#2356,#2357);
#2356 = CARTESIAN_POINT('',(11.,0.));
#2357 = VECTOR('',#2358,1.);
#2358 = DIRECTION('',(0.,1.));
#2359 = ( GEOMETRIC_REPRESENTATION_CONTEXT(2) 
PARAMETRIC_REPRESENTATION_CONTEXT() REPRESENTATION_CONTEXT('2D SPACE',''
  ) );
#2360 = ORIENTED_EDGE('',*,*,#2361,.F.);
#2361 = EDGE_CURVE('',#2272,#2338,#2362,.T.);
#2362 = SURFACE_CURVE('',#2363,(#2375,#2382),.PCURVE_S1.);
#2363 = B_SPLINE_CURVE_WITH_KNOTS('',10,(#2364,#2365,#2366,#2367,#2368,
    #2369,#2370,#2371,#2372,#2373,#2374),.UNSPECIFIED.,.F.,.F.,(11,11),(
    10.,11.),.PIECEWISE_BEZIER_KNOTS.);
#2364 = CARTESIAN_POINT('',(1.4375,-0.75,99.));
#2365 = CARTESIAN_POINT('',(2.825892857143,-0.75,99.));
#2366 = CARTESIAN_POINT('',(4.214285714286,-0.75,99.));
#2367 = CARTESIAN_POINT('',(5.602678571428,-0.75,99.));
#2368 = CARTESIAN_POINT('',(6.991071428571,-0.75,99.));
#2369 = CARTESIAN_POINT('',(8.379464285714,-0.75,99.));
#2370 = CARTESIAN_POINT('',(9.767857142857,-0.75,99.));
#2371 = CARTESIAN_POINT('',(11.15625,-0.75,99.));
#2372 = CARTESIAN_POINT('',(12.544642857142,-0.75,99.));
#2373 = CARTESIAN_POINT('',(13.933035714285,-0.75,99.));
#2374 = CARTESIAN_POINT('',(15.321428571428,-0.75,99.));
#2375 = PCURVE('',#320,#2376);
#2376 = DEFINITIONAL_REPRESENTATION('',(#2377),#2381);
#2377 = LINE('',#2378,#2379);
#2378 = CARTESIAN_POINT('',(0.,1.));
#2379 = VECTOR('',#2380,1.);
#2380 = DIRECTION('',(1.,0.));
#2381 = ( GEOMETRIC_REPRESENTATION_CONTEXT(2) 
PARAMETRIC_REPRESENTATION_CONTEXT() REPRESENTATION_CONTEXT('2D SPACE',''
  ) );
#2382 = PCURVE('',#1895,#2383);
#2383 = DEFINITIONAL_REPRESENTATION('',(#2384),#2396);
#2384 = B_SPLINE_CURVE_WITH_KNOTS('',10,(#2385,#2386,#2387,#2388,#2389,
    #2390,#2391,#2392,#2393,#2394,#2395),.UNSPECIFIED.,.F.,.F.,(11,11),(
    10.,11.),.PIECEWISE_BEZIER_KNOTS.);
#2385 = CARTESIAN_POINT('',(35.3125,0.));
#2386 = CARTESIAN_POINT('',(33.924107142857,0.));
#2387 = CARTESIAN_POINT('',(32.535714285714,0.));
#2388 = CARTESIAN_POINT('',(31.147321428572,0.));
#2389 = CARTESIAN_POINT('',(29.758928571429,0.));
#2390 = CARTESIAN_POINT('',(28.370535714286,0.));
#2391 = CARTESIAN_POINT('',(26.982142857143,0.));
#2392 = CARTESIAN_POINT('',(25.59375,0.));
#2393 = CARTESIAN_POINT('',(24.205357142858,0.));
#2394 = CARTESIAN_POINT('',(22.816964285715,0.));
#2395 = CARTESIAN_POINT('',(21.428571428572,0.));
#2396 = ( GEOMETRIC_REPRESENTATION_CONTEXT(2) 
PARAMETRIC_REPRESENTATION_CONTEXT() REPRESENTATION_CONTEXT('2D SPACE',''
  ) );
#2397 = ORIENTED_EDGE('',*,*,#2271,.F.);
#2398 = ADVANCED_FACE('',(#2399),#236,.F.);
#2399 = FACE_BOUND('',#2400,.F.);
#2400 = EDGE_LOOP('',(#2401,#2402,#2403,#2404,#2428,#2508,#2633,#2702));
#2401 = ORIENTED_EDGE('',*,*,#2337,.F.);
#2402 = ORIENTED_EDGE('',*,*,#204,.T.);
#2403 = ORIENTED_EDGE('',*,*,#1184,.T.);
#2404 = ORIENTED_EDGE('',*,*,#2405,.T.);
#2405 = EDGE_CURVE('',#784,#2406,#2408,.T.);
#2406 = VERTEX_POINT('',#2407);
#2407 = CARTESIAN_POINT('',(41.640671080675,-0.818189178856,80.7));
#2408 = SURFACE_CURVE('',#2409,(#2414,#2421),.PCURVE_S1.);
#2409 = ( BOUNDED_CURVE() B_SPLINE_CURVE(3,(#2410,#2411,#2412,#2413),
.UNSPECIFIED.,.F.,.F.) B_SPLINE_CURVE_WITH_KNOTS((4,4),(0.,1.),
.PIECEWISE_BEZIER_KNOTS.) CURVE() GEOMETRIC_REPRESENTATION_ITEM() 
RATIONAL_B_SPLINE_CURVE((1.,1.,1.,1.)) REPRESENTATION_ITEM('') );
#2410 = CARTESIAN_POINT('',(37.8,5.551115123126E-17,0.));
#2411 = CARTESIAN_POINT('',(-22.77014822795,-0.178160240246,3.));
#2412 = CARTESIAN_POINT('',(67.717480551016,-1.124846541857,90.));
#2413 = CARTESIAN_POINT('',(36.75,-0.75,99.));
#2414 = PCURVE('',#236,#2415);
#2415 = DEFINITIONAL_REPRESENTATION('',(#2416),#2420);
#2416 = LINE('',#2417,#2418);
#2417 = CARTESIAN_POINT('',(12.,0.));
#2418 = VECTOR('',#2419,1.);
#2419 = DIRECTION('',(0.,1.));
#2420 = ( GEOMETRIC_REPRESENTATION_CONTEXT(2) 
PARAMETRIC_REPRESENTATION_CONTEXT() REPRESENTATION_CONTEXT('2D SPACE',''
  ) );
#2421 = PCURVE('',#1021,#2422);
#2422 = DEFINITIONAL_REPRESENTATION('',(#2423),#2427);
#2423 = LINE('',#2424,#2425);
#2424 = CARTESIAN_POINT('',(0.,0.));
#2425 = VECTOR('',#2426,1.);
#2426 = DIRECTION('',(0.,1.));
#2427 = ( GEOMETRIC_REPRESENTATION_CONTEXT(2) 
PARAMETRIC_REPRESENTATION_CONTEXT() REPRESENTATION_CONTEXT('2D SPACE',''
  ) );
#2428 = ORIENTED_EDGE('',*,*,#2429,.T.);
#2429 = EDGE_CURVE('',#2406,#2430,#2432,.T.);
#2430 = VERTEX_POINT('',#2431);
#2431 = CARTESIAN_POINT('',(39.720396036403,-1.533831382945,80.7));
#2432 = SURFACE_CURVE('',#2433,(#2456,#2482),.PCURVE_S1.);
#2433 = B_SPLINE_CURVE_WITH_KNOTS('',5,(#2434,#2435,#2436,#2437,#2438,
    #2439,#2440,#2441,#2442,#2443,#2444,#2445,#2446,#2447,#2448,#2449,
    #2450,#2451,#2452,#2453,#2454,#2455),.UNSPECIFIED.,.F.,.F.,(6,4,4,4,
    4,6),(0.,0.233289654706,0.478722616064,0.73476335291,0.968443423986,
    1.),.UNSPECIFIED.);
#2434 = CARTESIAN_POINT('',(41.640671080675,-0.818189178856,80.7));
#2435 = CARTESIAN_POINT('',(41.454066089541,-0.912883963782,80.7));
#2436 = CARTESIAN_POINT('',(41.264419851694,-1.002186375642,80.7));
#2437 = CARTESIAN_POINT('',(41.07202444377,-1.086023454885,80.7));
#2438 = CARTESIAN_POINT('',(40.877153329652,-1.164346412479,80.7));
#2439 = CARTESIAN_POINT('',(40.472713769971,-1.313678508371,80.7));
#2440 = CARTESIAN_POINT('',(40.262909112,-1.384094455504,80.7));
#2441 = CARTESIAN_POINT('',(40.050947922608,-1.448323885237,80.7));
#2442 = CARTESIAN_POINT('',(39.837114251255,-1.506337686939,80.7));
#2443 = CARTESIAN_POINT('',(39.396933103742,-1.612129510729,80.7));
#2444 = CARTESIAN_POINT('',(39.17044498471,-1.659356590739,80.7));
#2445 = CARTESIAN_POINT('',(38.942522890752,-1.699772000984,80.7));
#2446 = CARTESIAN_POINT('',(38.713464913856,-1.733360208233,80.7));
#2447 = CARTESIAN_POINT('',(38.273735248193,-1.784526944667,80.7));
#2448 = CARTESIAN_POINT('',(38.063205397717,-1.803247379941,80.7));
#2449 = CARTESIAN_POINT('',(37.852191933834,-1.816265904865,80.7));
#2450 = CARTESIAN_POINT('',(37.640913081707,-1.823579065796,80.7));
#2451 = CARTESIAN_POINT('',(37.401046709896,-1.825404217955,80.7));
#2452 = CARTESIAN_POINT('',(37.372507670693,-1.825517324311,80.7));
#2453 = CARTESIAN_POINT('',(37.343968269169,-1.825526389468,80.7));
#2454 = CARTESIAN_POINT('',(37.315429039011,-1.825431414793,80.7));
#2455 = CARTESIAN_POINT('',(37.286890513832,-1.825232402775,80.7));
#2456 = PCURVE('',#236,#2457);
#2457 = DEFINITIONAL_REPRESENTATION('',(#2458),#2481);
#2458 = B_SPLINE_CURVE_WITH_KNOTS('',5,(#2459,#2460,#2461,#2462,#2463,
    #2464,#2465,#2466,#2467,#2468,#2469,#2470,#2471,#2472,#2473,#2474,
    #2475,#2476,#2477,#2478,#2479,#2480),.UNSPECIFIED.,.F.,.F.,(6,4,4,4,
    4,6),(0.,0.233289654706,0.478722616064,0.73476335291,0.968443423986,
    1.),.UNSPECIFIED.);
#2459 = CARTESIAN_POINT('',(12.,0.754808530097));
#2460 = CARTESIAN_POINT('',(11.948109987423,0.754808530097));
#2461 = CARTESIAN_POINT('',(11.897318442448,0.754808530097));
#2462 = CARTESIAN_POINT('',(11.84745129304,0.754808530097));
#2463 = CARTESIAN_POINT('',(11.798381160097,0.754808530097));
#2464 = CARTESIAN_POINT('',(11.69910048021,0.754808530097));
#2465 = CARTESIAN_POINT('',(11.648963780983,0.754808530097));
#2466 = CARTESIAN_POINT('',(11.599465078964,0.754808530097));
#2467 = CARTESIAN_POINT('',(11.550506140257,0.754808530097));
#2468 = CARTESIAN_POINT('',(11.451397392168,0.754808530097));
#2469 = CARTESIAN_POINT('',(11.401287765193,0.754808530097));
#2470 = CARTESIAN_POINT('',(11.351572838035,0.754808530097));
#2471 = CARTESIAN_POINT('',(11.302169517706,0.754808530097));
#2472 = CARTESIAN_POINT('',(11.208124576918,0.754808530097));
#2473 = CARTESIAN_POINT('',(11.163443806753,0.754808530097));
#2474 = CARTESIAN_POINT('',(11.118899555339,0.754808530097));
#2475 = CARTESIAN_POINT('',(11.07443607409,0.754808530097));
#2476 = CARTESIAN_POINT('',(11.023999272838,0.754808530097));
#2477 = CARTESIAN_POINT('',(11.017999042357,0.754808530097));
#2478 = CARTESIAN_POINT('',(11.011999175396,0.754808530097));
#2479 = CARTESIAN_POINT('',(11.005999538917,0.754808530097));
#2480 = CARTESIAN_POINT('',(11.,0.754808530097));
#2481 = ( GEOMETRIC_REPRESENTATION_CONTEXT(2) 
PARAMETRIC_REPRESENTATION_CONTEXT() REPRESENTATION_CONTEXT('2D SPACE',''
  ) );
#2482 = PCURVE('',#772,#2483);
#2483 = DEFINITIONAL_REPRESENTATION('',(#2484),#2507);
#2484 = B_SPLINE_CURVE_WITH_KNOTS('',5,(#2485,#2486,#2487,#2488,#2489,
    #2490,#2491,#2492,#2493,#2494,#2495,#2496,#2497,#2498,#2499,#2500,
    #2501,#2502,#2503,#2504,#2505,#2506),.UNSPECIFIED.,.F.,.F.,(6,4,4,4,
    4,6),(0.,0.233289654706,0.478722616064,0.73476335291,0.968443423986,
    1.),.UNSPECIFIED.);
#2485 = CARTESIAN_POINT('',(41.640671080675,-0.818189178856));
#2486 = CARTESIAN_POINT('',(41.454066089541,-0.912883963782));
#2487 = CARTESIAN_POINT('',(41.264419851694,-1.002186375642));
#2488 = CARTESIAN_POINT('',(41.07202444377,-1.086023454885));
#2489 = CARTESIAN_POINT('',(40.877153329652,-1.164346412479));
#2490 = CARTESIAN_POINT('',(40.472713769971,-1.313678508371));
#2491 = CARTESIAN_POINT('',(40.262909112,-1.384094455504));
#2492 = CARTESIAN_POINT('',(40.050947922608,-1.448323885237));
#2493 = CARTESIAN_POINT('',(39.837114251255,-1.506337686939));
#2494 = CARTESIAN_POINT('',(39.396933103742,-1.612129510729));
#2495 = CARTESIAN_POINT('',(39.17044498471,-1.659356590739));
#2496 = CARTESIAN_POINT('',(38.942522890752,-1.699772000984));
#2497 = CARTESIAN_POINT('',(38.713464913856,-1.733360208233));
#2498 = CARTESIAN_POINT('',(38.273735248193,-1.784526944667));
#2499 = CARTESIAN_POINT('',(38.063205397717,-1.803247379941));
#2500 = CARTESIAN_POINT('',(37.852191933834,-1.816265904865));
#2501 = CARTESIAN_POINT('',(37.640913081707,-1.823579065796));
#2502 = CARTESIAN_POINT('',(37.401046709896,-1.825404217955));
#2503 = CARTESIAN_POINT('',(37.372507670693,-1.825517324311));
#2504 = CARTESIAN_POINT('',(37.343968269169,-1.825526389468));
#2505 = CARTESIAN_POINT('',(37.315429039011,-1.825431414793));
#2506 = CARTESIAN_POINT('',(37.286890513832,-1.825232402775));
#2507 = ( GEOMETRIC_REPRESENTATION_CONTEXT(2) 
PARAMETRIC_REPRESENTATION_CONTEXT() REPRESENTATION_CONTEXT('2D SPACE',''
  ) );
#2508 = ORIENTED_EDGE('',*,*,#2509,.T.);
#2509 = EDGE_CURVE('',#2430,#2510,#2512,.T.);
#2510 = VERTEX_POINT('',#2511);
#2511 = CARTESIAN_POINT('',(39.742212682546,-0.786785291737,
    97.662776136519));
#2512 = SURFACE_CURVE('',#2513,(#2551,#2592),.PCURVE_S1.);
#2513 = B_SPLINE_CURVE_WITH_KNOTS('',8,(#2514,#2515,#2516,#2517,#2518,
    #2519,#2520,#2521,#2522,#2523,#2524,#2525,#2526,#2527,#2528,#2529,
    #2530,#2531,#2532,#2533,#2534,#2535,#2536,#2537,#2538,#2539,#2540,
    #2541,#2542,#2543,#2544,#2545,#2546,#2547,#2548,#2549,#2550),
  .UNSPECIFIED.,.F.,.F.,(9,7,7,7,7,9),(0.,0.292621066539,0.743278000325,
    0.831684853101,0.962523516038,1.),.UNSPECIFIED.);
#2514 = CARTESIAN_POINT('',(39.720396037334,-1.533831358822,80.6999994)
  );
#2515 = CARTESIAN_POINT('',(39.719432206517,-1.558790909667,
    81.320794687087));
#2516 = CARTESIAN_POINT('',(39.718777473539,-1.575282111254,
    81.941845948253));
#2517 = CARTESIAN_POINT('',(39.718378639497,-1.585227804098,
    82.563042034437));
#2518 = CARTESIAN_POINT('',(39.718198465636,-1.589703623275,
    83.184300814703));
#2519 = CARTESIAN_POINT('',(39.718211741869,-1.589378565706,
    83.805564885206));
#2520 = CARTESIAN_POINT('',(39.718401111889,-1.584679626819,
    84.426800439607));
#2521 = CARTESIAN_POINT('',(39.718753518988,-1.575843770457,
    85.047997083608));
#2522 = CARTESIAN_POINT('',(39.720035283299,-1.543271755134,
    86.625810585396));
#2523 = CARTESIAN_POINT('',(39.721173370784,-1.514065999161,
    87.582335824624));
#2524 = CARTESIAN_POINT('',(39.722632611206,-1.475929864022,
    88.538664773049));
#2525 = CARTESIAN_POINT('',(39.724384197565,-1.428859453228,
    89.494717985473));
#2526 = CARTESIAN_POINT('',(39.726390169488,-1.372755765075,
    90.450425896718));
#2527 = CARTESIAN_POINT('',(39.728589306073,-1.307883283499,
    91.405742723835));
#2528 = CARTESIAN_POINT('',(39.730895453765,-1.234792450129,
    92.360644566119));
#2529 = CARTESIAN_POINT('',(39.733648310875,-1.140146063609,
    93.502415816971));
#2530 = CARTESIAN_POINT('',(39.734099597424,-1.124391802953,
    93.689652074395));
#2531 = CARTESIAN_POINT('',(39.734549853315,-1.108422137485,
    93.876873552794));
#2532 = CARTESIAN_POINT('',(39.734998196003,-1.092256008361,
    94.064080629286));
#2533 = CARTESIAN_POINT('',(39.735443702883,-1.075915342317,
    94.251273806902));
#2534 = CARTESIAN_POINT('',(39.735885407143,-1.059425875746,
    94.43845374189));
#2535 = CARTESIAN_POINT('',(39.73632229361,-1.042817978784,
    94.625621271024));
#2536 = CARTESIAN_POINT('',(39.737391159107,-1.001426197133,
    95.089761202013));
#2537 = CARTESIAN_POINT('',(39.738016131025,-0.976544098447,
    95.366718017923));
#2538 = CARTESIAN_POINT('',(39.738624718323,-0.951599444236,
    95.643653575697));
#2539 = CARTESIAN_POINT('',(39.739213244906,-0.926734089193,
    95.92057294621));
#2540 = CARTESIAN_POINT('',(39.739777512989,-0.902137665724,
    96.197481266338));
#2541 = CARTESIAN_POINT('',(39.740312910764,-0.87805052026,
    96.474383856495));
#2542 = CARTESIAN_POINT('',(39.740813984419,-0.85479977941,
    96.751287333139));
#2543 = CARTESIAN_POINT('',(39.741403825554,-0.826656674421,
    97.107521085972));
#2544 = CARTESIAN_POINT('',(39.741531665369,-0.820503146427,
    97.186839671477));
#2545 = CARTESIAN_POINT('',(39.741655815536,-0.81447516455,
    97.26615926364));
#2546 = CARTESIAN_POINT('',(39.741776062953,-0.808586810337,
    97.345480023443));
#2547 = CARTESIAN_POINT('',(39.741892169344,-0.802853957769,
    97.424802053718));
#2548 = CARTESIAN_POINT('',(39.74200386176,-0.797294809232,
    97.504125409296));
#2549 = CARTESIAN_POINT('',(39.742110823087,-0.791930431506,
    97.583450107145));
#2550 = CARTESIAN_POINT('',(39.742212682546,-0.786785291737,
    97.662776136519));
#2551 = PCURVE('',#236,#2552);
#2552 = DEFINITIONAL_REPRESENTATION('',(#2553),#2591);
#2553 = B_SPLINE_CURVE_WITH_KNOTS('',8,(#2554,#2555,#2556,#2557,#2558,
    #2559,#2560,#2561,#2562,#2563,#2564,#2565,#2566,#2567,#2568,#2569,
    #2570,#2571,#2572,#2573,#2574,#2575,#2576,#2577,#2578,#2579,#2580,
    #2581,#2582,#2583,#2584,#2585,#2586,#2587,#2588,#2589,#2590),
  .UNSPECIFIED.,.F.,.F.,(9,7,7,7,7,9),(0.,0.292621066539,0.743278000325,
    0.831684853101,0.962523516038,1.),.UNSPECIFIED.);
#2554 = CARTESIAN_POINT('',(11.524296185035,0.754808524765));
#2555 = CARTESIAN_POINT('',(11.502138671225,0.76032514354));
#2556 = CARTESIAN_POINT('',(11.485830262028,0.765915022987));
#2557 = CARTESIAN_POINT('',(11.47448150042,0.771582686065));
#2558 = CARTESIAN_POINT('',(11.467490380951,0.777333541641));
#2559 = CARTESIAN_POINT('',(11.46438642789,0.783174034004));
#2560 = CARTESIAN_POINT('',(11.464784122831,0.789111845457));
#2561 = CARTESIAN_POINT('',(11.468378237956,0.795156254123));
#2562 = CARTESIAN_POINT('',(11.484978594209,0.810809422843));
#2563 = CARTESIAN_POINT('',(11.502020272483,0.820579752619));
#2564 = CARTESIAN_POINT('',(11.525108824707,0.83066965456));
#2565 = CARTESIAN_POINT('',(11.553637389679,0.841133725487));
#2566 = CARTESIAN_POINT('',(11.587169278984,0.852033750465));
#2567 = CARTESIAN_POINT('',(11.625520433361,0.863475013696));
#2568 = CARTESIAN_POINT('',(11.668637655887,0.875580551815));
#2569 = CARTESIAN_POINT('',(11.726554407657,0.891202098283));
#2570 = CARTESIAN_POINT('',(11.73625677735,0.893800751562));
#2571 = CARTESIAN_POINT('',(11.74616727093,0.896438333854));
#2572 = CARTESIAN_POINT('',(11.756290804342,0.899117282474));
#2573 = CARTESIAN_POINT('',(11.766633360537,0.901840345181));
#2574 = CARTESIAN_POINT('',(11.777202284117,0.904610674025));
#2575 = CARTESIAN_POINT('',(11.788006575972,0.907431919189));
#2576 = CARTESIAN_POINT('',(11.815411658722,0.91456528702));
#2577 = CARTESIAN_POINT('',(11.832305490894,0.918943023579));
#2578 = CARTESIAN_POINT('',(11.84977516646,0.923455583571));
#2579 = CARTESIAN_POINT('',(11.867865464871,0.928119529662));
#2580 = CARTESIAN_POINT('',(11.886638335607,0.93295671644));
#2581 = CARTESIAN_POINT('',(11.906173920229,0.937994626198));
#2582 = CARTESIAN_POINT('',(11.926583890599,0.94327054133));
#2583 = CARTESIAN_POINT('',(11.95420795005,0.950442781304));
#2584 = CARTESIAN_POINT('',(11.960445850893,0.952064283314));
#2585 = CARTESIAN_POINT('',(11.966775480852,0.953711803646));
#2586 = CARTESIAN_POINT('',(11.973201799394,0.95538694632));
#2587 = CARTESIAN_POINT('',(11.979730414638,0.957091517848));
#2588 = CARTESIAN_POINT('',(11.986367780902,0.958827588827));
#2589 = CARTESIAN_POINT('',(11.993121396243,0.960597555525));
#2590 = CARTESIAN_POINT('',(12.,0.962404201472));
#2591 = ( GEOMETRIC_REPRESENTATION_CONTEXT(2) 
PARAMETRIC_REPRESENTATION_CONTEXT() REPRESENTATION_CONTEXT('2D SPACE',''
  ) );
#2592 = PCURVE('',#2082,#2593);
#2593 = DEFINITIONAL_REPRESENTATION('',(#2594),#2632);
#2594 = B_SPLINE_CURVE_WITH_KNOTS('',8,(#2595,#2596,#2597,#2598,#2599,
    #2600,#2601,#2602,#2603,#2604,#2605,#2606,#2607,#2608,#2609,#2610,
    #2611,#2612,#2613,#2614,#2615,#2616,#2617,#2618,#2619,#2620,#2621,
    #2622,#2623,#2624,#2625,#2626,#2627,#2628,#2629,#2630,#2631),
  .UNSPECIFIED.,.F.,.F.,(9,7,7,7,7,9),(0.,0.292621066539,0.743278000325,
    0.831684853101,0.962523516038,1.),.UNSPECIFIED.);
#2595 = CARTESIAN_POINT('',(-6.244588772642,5.999999999062E-07));
#2596 = CARTESIAN_POINT('',(-6.243960391424,-0.620794687087));
#2597 = CARTESIAN_POINT('',(-6.243545191821,-1.241845948253));
#2598 = CARTESIAN_POINT('',(-6.243294784558,-1.863042034437));
#2599 = CARTESIAN_POINT('',(-6.243182094114,-2.484300814704));
#2600 = CARTESIAN_POINT('',(-6.243190278533,-3.105564885206));
#2601 = CARTESIAN_POINT('',(-6.243308586757,-3.726800439607));
#2602 = CARTESIAN_POINT('',(-6.243531049155,-4.347997083608));
#2603 = CARTESIAN_POINT('',(-6.24435110514,-5.925810585396));
#2604 = CARTESIAN_POINT('',(-6.245086398707,-6.882335824621));
#2605 = CARTESIAN_POINT('',(-6.246046500117,-7.838664773058));
#2606 = CARTESIAN_POINT('',(-6.247231479393,-8.794717985463));
#2607 = CARTESIAN_POINT('',(-6.248643791709,-9.750425896725));
#2608 = CARTESIAN_POINT('',(-6.250276734483,-10.70574272383));
#2609 = CARTESIAN_POINT('',(-6.252116407027,-11.66064456611));
#2610 = CARTESIAN_POINT('',(-6.254498455139,-12.80241581697));
#2611 = CARTESIAN_POINT('',(-6.254894951277,-12.98965207439));
#2612 = CARTESIAN_POINT('',(-6.255296863448,-13.17687355279));
#2613 = CARTESIAN_POINT('',(-6.255703714806,-13.36408062928));
#2614 = CARTESIAN_POINT('',(-6.256114953406,-13.5512738069));
#2615 = CARTESIAN_POINT('',(-6.256529931478,-13.73845374189));
#2616 = CARTESIAN_POINT('',(-6.256947884695,-13.92562127102));
#2617 = CARTESIAN_POINT('',(-6.257989534508,-14.38976120201));
#2618 = CARTESIAN_POINT('',(-6.258615696523,-14.66671801792));
#2619 = CARTESIAN_POINT('',(-6.259243421462,-14.94365357569));
#2620 = CARTESIAN_POINT('',(-6.259869139845,-15.22057294621));
#2621 = CARTESIAN_POINT('',(-6.260488080284,-15.49748126633));
#2622 = CARTESIAN_POINT('',(-6.261094195648,-15.77438385649));
#2623 = CARTESIAN_POINT('',(-6.261679255659,-16.05128733313));
#2624 = CARTESIAN_POINT('',(-6.262387413784,-16.40752108597));
#2625 = CARTESIAN_POINT('',(-6.262542252921,-16.48683967147));
#2626 = CARTESIAN_POINT('',(-6.262693932419,-16.56615926364));
#2627 = CARTESIAN_POINT('',(-6.262842097996,-16.64548002344));
#2628 = CARTESIAN_POINT('',(-6.262986350274,-16.72480205371));
#2629 = CARTESIAN_POINT('',(-6.263126231289,-16.80412540929));
#2630 = CARTESIAN_POINT('',(-6.263261211011,-16.88345010714));
#2631 = CARTESIAN_POINT('',(-6.263390673852,-16.96277613651));
#2632 = ( GEOMETRIC_REPRESENTATION_CONTEXT(2) 
PARAMETRIC_REPRESENTATION_CONTEXT() REPRESENTATION_CONTEXT('2D SPACE',''
  ) );
#2633 = ORIENTED_EDGE('',*,*,#2634,.T.);
#2634 = EDGE_CURVE('',#2510,#2635,#2637,.T.);
#2635 = VERTEX_POINT('',#2636);
#2636 = CARTESIAN_POINT('',(36.75,-0.75,99.));
#2637 = SURFACE_CURVE('',#2638,(#2643,#2650),.PCURVE_S1.);
#2638 = ( BOUNDED_CURVE() B_SPLINE_CURVE(3,(#2639,#2640,#2641,#2642),
.UNSPECIFIED.,.F.,.F.) B_SPLINE_CURVE_WITH_KNOTS((4,4),(0.,1.),
.PIECEWISE_BEZIER_KNOTS.) CURVE() GEOMETRIC_REPRESENTATION_ITEM() 
RATIONAL_B_SPLINE_CURVE((1.,1.,1.,1.)) REPRESENTATION_ITEM('') );
#2639 = CARTESIAN_POINT('',(37.8,5.551115123126E-17,0.));
#2640 = CARTESIAN_POINT('',(-22.77014822795,-0.178160240246,3.));
#2641 = CARTESIAN_POINT('',(67.717480551016,-1.124846541857,90.));
#2642 = CARTESIAN_POINT('',(36.75,-0.75,99.));
#2643 = PCURVE('',#236,#2644);
#2644 = DEFINITIONAL_REPRESENTATION('',(#2645),#2649);
#2645 = LINE('',#2646,#2647);
#2646 = CARTESIAN_POINT('',(12.,0.));
#2647 = VECTOR('',#2648,1.);
#2648 = DIRECTION('',(0.,1.));
#2649 = ( GEOMETRIC_REPRESENTATION_CONTEXT(2) 
PARAMETRIC_REPRESENTATION_CONTEXT() REPRESENTATION_CONTEXT('2D SPACE',''
  ) );
#2650 = PCURVE('',#2651,#2696);
#2651 = ( BOUNDED_SURFACE() B_SPLINE_SURFACE(10,3,(
    (#2652,#2653,#2654,#2655)
    ,(#2656,#2657,#2658,#2659)
    ,(#2660,#2661,#2662,#2663)
    ,(#2664,#2665,#2666,#2667)
    ,(#2668,#2669,#2670,#2671)
    ,(#2672,#2673,#2674,#2675)
    ,(#2676,#2677,#2678,#2679)
    ,(#2680,#2681,#2682,#2683)
    ,(#2684,#2685,#2686,#2687)
    ,(#2688,#2689,#2690,#2691)
    ,(#2692,#2693,#2694,#2695
)),.UNSPECIFIED.,.F.,.F.,.F.) B_SPLINE_SURFACE_WITH_KNOTS((11,11),(4,4),
  (0.,1.),(0.,1.),.PIECEWISE_BEZIER_KNOTS.) 
GEOMETRIC_REPRESENTATION_ITEM() RATIONAL_B_SPLINE_SURFACE((
    (1.,1.,1.,1.)
    ,(1.,1.,1.,1.)
    ,(1.,1.,1.,1.)
    ,(1.,1.,1.,1.)
    ,(1.,1.,1.,1.)
    ,(1.,1.,1.,1.)
    ,(1.,1.,1.,1.)
    ,(1.,1.,1.,1.)
    ,(1.,1.,1.,1.)
    ,(1.,1.,1.,1.)
,(1.,1.,1.,1.))) REPRESENTATION_ITEM('') SURFACE() );
#2652 = CARTESIAN_POINT('',(37.8,5.551115123126E-17,0.));
#2653 = CARTESIAN_POINT('',(-22.77014822795,-0.178160240246,3.));
#2654 = CARTESIAN_POINT('',(67.717480551016,-1.124846541857,90.));
#2655 = CARTESIAN_POINT('',(36.75,-0.75,99.));
#2656 = CARTESIAN_POINT('',(37.8,7.713214999511E-02,0.));
#2657 = CARTESIAN_POINT('',(-22.78177743475,-0.241395425488,3.));
#2658 = CARTESIAN_POINT('',(67.720589771074,-0.780365096084,90.));
#2659 = CARTESIAN_POINT('',(36.985619449019,-0.75,99.));
#2660 = CARTESIAN_POINT('',(37.799825115374,0.154264299941,0.));
#2661 = CARTESIAN_POINT('',(-22.77478672913,-0.287345616535,3.));
#2662 = CARTESIAN_POINT('',(67.682447955627,-0.483908410279,90.));
#2663 = CARTESIAN_POINT('',(37.221241071558,-0.667753520049,99.));
#2664 = CARTESIAN_POINT('',(37.799475350672,0.231396003808,0.));
#2665 = CARTESIAN_POINT('',(-22.75879059289,-0.313655312351,3.));
#2666 = CARTESIAN_POINT('',(67.627666036766,-0.240250475186,90.));
#2667 = CARTESIAN_POINT('',(37.424550431438,-0.503258522416,99.));
#2668 = CARTESIAN_POINT('',(37.798950710446,0.308526815567,0.));
#2669 = CARTESIAN_POINT('',(-22.74368699729,-0.322651831083,3.));
#2670 = CARTESIAN_POINT('',(67.581410946952,-4.238187300455E-02,90.));
#2671 = CARTESIAN_POINT('',(37.563305417225,-0.271019590411,99.));
#2672 = CARTESIAN_POINT('',(37.798251199246,0.38565628919,0.));
#2673 = CARTESIAN_POINT('',(-22.73723230006,-0.321380240992,3.));
#2674 = CARTESIAN_POINT('',(67.563331374798,0.128552096397,90.));
#2675 = CARTESIAN_POINT('',(37.612680472819,3.869127240819E-15,99.));
#2676 = CARTESIAN_POINT('',(37.797376821623,0.462783978648,0.));
#2677 = CARTESIAN_POINT('',(-22.74237542327,-0.320107164096,3.));
#2678 = CARTESIAN_POINT('',(67.580886317342,0.299485471076,90.));
#2679 = CARTESIAN_POINT('',(37.563305417228,0.271019590411,99.));
#2680 = CARTESIAN_POINT('',(37.796327582128,0.539909437911,0.));
#2681 = CARTESIAN_POINT('',(-22.75616745244,-0.329099222415,3.));
#2682 = CARTESIAN_POINT('',(67.626616780587,0.497352289092,90.));
#2683 = CARTESIAN_POINT('',(37.424550431434,0.503258522416,99.));
#2684 = CARTESIAN_POINT('',(37.795103485311,0.617032220951,0.));
#2685 = CARTESIAN_POINT('',(-22.77085203741,-0.355401484208,3.));
#2686 = CARTESIAN_POINT('',(67.680874078938,0.741007250576,90.));
#2687 = CARTESIAN_POINT('',(37.22124107156,0.667753520049,99.));
#2688 = CARTESIAN_POINT('',(37.793704535725,0.694151881738,0.));
#2689 = CARTESIAN_POINT('',(-22.77653121453,-0.401341267623,3.));
#2690 = CARTESIAN_POINT('',(67.718491282983,1.037459773328,90.));
#2691 = CARTESIAN_POINT('',(36.985619449019,0.75,99.));
#2692 = CARTESIAN_POINT('',(37.792130737918,0.771267974243,0.));
#2693 = CARTESIAN_POINT('',(-22.76359050955,-0.464563071624,3.));
#2694 = CARTESIAN_POINT('',(67.714857463656,1.381935866605,90.));
#2695 = CARTESIAN_POINT('',(36.75,0.75,99.));
#2696 = DEFINITIONAL_REPRESENTATION('',(#2697),#2701);
#2697 = LINE('',#2698,#2699);
#2698 = CARTESIAN_POINT('',(0.,0.));
#2699 = VECTOR('',#2700,1.);
#2700 = DIRECTION('',(0.,1.));
#2701 = ( GEOMETRIC_REPRESENTATION_CONTEXT(2) 
PARAMETRIC_REPRESENTATION_CONTEXT() REPRESENTATION_CONTEXT('2D SPACE',''
  ) );
#2702 = ORIENTED_EDGE('',*,*,#2703,.F.);
#2703 = EDGE_CURVE('',#2338,#2635,#2704,.T.);
#2704 = SURFACE_CURVE('',#2705,(#2717,#2724),.PCURVE_S1.);
#2705 = B_SPLINE_CURVE_WITH_KNOTS('',10,(#2706,#2707,#2708,#2709,#2710,
    #2711,#2712,#2713,#2714,#2715,#2716),.UNSPECIFIED.,.F.,.F.,(11,11),(
    11.,12.),.PIECEWISE_BEZIER_KNOTS.);
#2706 = CARTESIAN_POINT('',(15.321428571428,-0.75,99.));
#2707 = CARTESIAN_POINT('',(17.464285714285,-0.75,99.));
#2708 = CARTESIAN_POINT('',(19.607142857142,-0.75,99.));
#2709 = CARTESIAN_POINT('',(21.75,-0.75,99.));
#2710 = CARTESIAN_POINT('',(23.892857142857,-0.75,99.));
#2711 = CARTESIAN_POINT('',(26.035714285714,-0.75,99.));
#2712 = CARTESIAN_POINT('',(28.178571428571,-0.75,99.));
#2713 = CARTESIAN_POINT('',(30.321428571428,-0.75,99.));
#2714 = CARTESIAN_POINT('',(32.464285714286,-0.75,99.));
#2715 = CARTESIAN_POINT('',(34.607142857143,-0.75,99.));
#2716 = CARTESIAN_POINT('',(36.75,-0.75,99.));
#2717 = PCURVE('',#236,#2718);
#2718 = DEFINITIONAL_REPRESENTATION('',(#2719),#2723);
#2719 = LINE('',#2720,#2721);
#2720 = CARTESIAN_POINT('',(0.,1.));
#2721 = VECTOR('',#2722,1.);
#2722 = DIRECTION('',(1.,0.));
#2723 = ( GEOMETRIC_REPRESENTATION_CONTEXT(2) 
PARAMETRIC_REPRESENTATION_CONTEXT() REPRESENTATION_CONTEXT('2D SPACE',''
  ) );
#2724 = PCURVE('',#1895,#2725);
#2725 = DEFINITIONAL_REPRESENTATION('',(#2726),#2738);
#2726 = B_SPLINE_CURVE_WITH_KNOTS('',10,(#2727,#2728,#2729,#2730,#2731,
    #2732,#2733,#2734,#2735,#2736,#2737),.UNSPECIFIED.,.F.,.F.,(11,11),(
    11.,12.),.PIECEWISE_BEZIER_KNOTS.);
#2727 = CARTESIAN_POINT('',(21.428571428572,0.));
#2728 = CARTESIAN_POINT('',(19.285714285715,0.));
#2729 = CARTESIAN_POINT('',(17.142857142858,0.));
#2730 = CARTESIAN_POINT('',(15.,0.));
#2731 = CARTESIAN_POINT('',(12.857142857143,0.));
#2732 = CARTESIAN_POINT('',(10.714285714286,0.));
#2733 = CARTESIAN_POINT('',(8.571428571429,0.));
#2734 = CARTESIAN_POINT('',(6.428571428572,0.));
#2735 = CARTESIAN_POINT('',(4.285714285714,0.));
#2736 = CARTESIAN_POINT('',(2.142857142857,0.));
#2737 = CARTESIAN_POINT('',(0.,0.));
#2738 = ( GEOMETRIC_REPRESENTATION_CONTEXT(2) 
PARAMETRIC_REPRESENTATION_CONTEXT() REPRESENTATION_CONTEXT('2D SPACE',''
  ) );
#2739 = ADVANCED_FACE('',(#2740),#746,.T.);
#2740 = FACE_BOUND('',#2741,.F.);
#2741 = EDGE_LOOP('',(#2742,#2743,#2744,#2766));
#2742 = ORIENTED_EDGE('',*,*,#1264,.F.);
#2743 = ORIENTED_EDGE('',*,*,#1669,.F.);
#2744 = ORIENTED_EDGE('',*,*,#2745,.T.);
#2745 = EDGE_CURVE('',#1649,#732,#2746,.T.);
#2746 = SURFACE_CURVE('',#2747,(#2752,#2759),.PCURVE_S1.);
#2747 = CIRCLE('',#2748,44.75);
#2748 = AXIS2_PLACEMENT_3D('',#2749,#2750,#2751);
#2749 = CARTESIAN_POINT('',(0.,0.,80.7));
#2750 = DIRECTION('',(0.,0.,1.));
#2751 = DIRECTION('',(1.,0.,0.));
#2752 = PCURVE('',#746,#2753);
#2753 = DEFINITIONAL_REPRESENTATION('',(#2754),#2758);
#2754 = LINE('',#2755,#2756);
#2755 = CARTESIAN_POINT('',(-0.,-10.8));
#2756 = VECTOR('',#2757,1.);
#2757 = DIRECTION('',(-1.,0.));
#2758 = ( GEOMETRIC_REPRESENTATION_CONTEXT(2) 
PARAMETRIC_REPRESENTATION_CONTEXT() REPRESENTATION_CONTEXT('2D SPACE',''
  ) );
#2759 = PCURVE('',#772,#2760);
#2760 = DEFINITIONAL_REPRESENTATION('',(#2761),#2765);
#2761 = CIRCLE('',#2762,44.75);
#2762 = AXIS2_PLACEMENT_2D('',#2763,#2764);
#2763 = CARTESIAN_POINT('',(2.933502854163E-15,-4.040240899597E-15));
#2764 = DIRECTION('',(1.,0.));
#2765 = ( GEOMETRIC_REPRESENTATION_CONTEXT(2) 
PARAMETRIC_REPRESENTATION_CONTEXT() REPRESENTATION_CONTEXT('2D SPACE',''
  ) );
#2766 = ORIENTED_EDGE('',*,*,#731,.T.);
#2767 = ADVANCED_FACE('',(#2768),#772,.T.);
#2768 = FACE_BOUND('',#2769,.T.);
#2769 = EDGE_LOOP('',(#2770,#2771,#2772,#2773,#2863,#2864,#2886,#2887));
#2770 = ORIENTED_EDGE('',*,*,#1648,.F.);
#2771 = ORIENTED_EDGE('',*,*,#2745,.T.);
#2772 = ORIENTED_EDGE('',*,*,#757,.F.);
#2773 = ORIENTED_EDGE('',*,*,#2774,.T.);
#2774 = EDGE_CURVE('',#758,#2406,#2775,.T.);
#2775 = SURFACE_CURVE('',#2776,(#2803,#2833),.PCURVE_S1.);
#2776 = B_SPLINE_CURVE_WITH_KNOTS('',5,(#2777,#2778,#2779,#2780,#2781,
    #2782,#2783,#2784,#2785,#2786,#2787,#2788,#2789,#2790,#2791,#2792,
    #2793,#2794,#2795,#2796,#2797,#2798,#2799,#2800,#2801,#2802),
  .UNSPECIFIED.,.F.,.F.,(6,4,4,4,4,4,6),(0.,0.129880575794,
    0.230451008735,0.501040005407,0.770581142393,0.87112634065,1.),
  .UNSPECIFIED.);
#2777 = CARTESIAN_POINT('',(41.640348523929,0.849803031101,80.7));
#2778 = CARTESIAN_POINT('',(41.667597885306,0.812909951332,80.7));
#2779 = CARTESIAN_POINT('',(41.693447393029,0.774842059614,80.7));
#2780 = CARTESIAN_POINT('',(41.717804726956,0.735667057471,80.7));
#2781 = CARTESIAN_POINT('',(41.740587800059,0.695464802362,80.7));
#2782 = CARTESIAN_POINT('',(41.778091740488,0.622473309319,80.7));
#2783 = CARTESIAN_POINT('',(41.793471852513,0.590058297179,80.7));
#2784 = CARTESIAN_POINT('',(41.807831853498,0.557124778892,80.7));
#2785 = CARTESIAN_POINT('',(41.821142733378,0.523718305995,80.7));
#2786 = CARTESIAN_POINT('',(41.866303823505,0.398864191677,80.7));
#2787 = CARTESIAN_POINT('',(41.891455985063,0.304761374478,80.7));
#2788 = CARTESIAN_POINT('',(41.908349222788,0.208541811779,80.7));
#2789 = CARTESIAN_POINT('',(41.916740367797,0.111249909416,80.7));
#2790 = CARTESIAN_POINT('',(41.916518955874,-8.292067397766E-02,80.7));
#2791 = CARTESIAN_POINT('',(41.907972112687,-0.179813986481,80.7));
#2792 = CARTESIAN_POINT('',(41.890991897272,-0.275625811382,80.7));
#2793 = CARTESIAN_POINT('',(41.865820670002,-0.369324245948,80.7));
#2794 = CARTESIAN_POINT('',(41.820676109398,-0.49376674148,80.7));
#2795 = CARTESIAN_POINT('',(41.807338335055,-0.527149946441,80.7));
#2796 = CARTESIAN_POINT('',(41.792952502975,-0.560059231615,80.7));
#2797 = CARTESIAN_POINT('',(41.77754766709,-0.592449105717,80.7));
#2798 = CARTESIAN_POINT('',(41.74014853831,-0.665072643426,80.7));
#2799 = CARTESIAN_POINT('',(41.717520353574,-0.704945517391,80.7));
#2800 = CARTESIAN_POINT('',(41.693342886547,-0.743805939299,80.7));
#2801 = CARTESIAN_POINT('',(41.667696398334,-0.781575897862,80.7));
#2802 = CARTESIAN_POINT('',(41.640671080675,-0.818189178856,80.7));
#2803 = PCURVE('',#772,#2804);
#2804 = DEFINITIONAL_REPRESENTATION('',(#2805),#2832);
#2805 = B_SPLINE_CURVE_WITH_KNOTS('',5,(#2806,#2807,#2808,#2809,#2810,
    #2811,#2812,#2813,#2814,#2815,#2816,#2817,#2818,#2819,#2820,#2821,
    #2822,#2823,#2824,#2825,#2826,#2827,#2828,#2829,#2830,#2831),
  .UNSPECIFIED.,.F.,.F.,(6,4,4,4,4,4,6),(0.,0.129880575794,
    0.230451008735,0.501040005407,0.770581142393,0.87112634065,1.),
  .UNSPECIFIED.);
#2806 = CARTESIAN_POINT('',(41.640348523929,0.849803031101));
#2807 = CARTESIAN_POINT('',(41.667597885306,0.812909951332));
#2808 = CARTESIAN_POINT('',(41.693447393029,0.774842059614));
#2809 = CARTESIAN_POINT('',(41.717804726956,0.735667057471));
#2810 = CARTESIAN_POINT('',(41.740587800059,0.695464802362));
#2811 = CARTESIAN_POINT('',(41.778091740488,0.622473309319));
#2812 = CARTESIAN_POINT('',(41.793471852513,0.590058297179));
#2813 = CARTESIAN_POINT('',(41.807831853498,0.557124778892));
#2814 = CARTESIAN_POINT('',(41.821142733378,0.523718305995));
#2815 = CARTESIAN_POINT('',(41.866303823505,0.398864191677));
#2816 = CARTESIAN_POINT('',(41.891455985063,0.304761374478));
#2817 = CARTESIAN_POINT('',(41.908349222788,0.208541811779));
#2818 = CARTESIAN_POINT('',(41.916740367797,0.111249909416));
#2819 = CARTESIAN_POINT('',(41.916518955874,-8.292067397766E-02));
#2820 = CARTESIAN_POINT('',(41.907972112687,-0.179813986481));
#2821 = CARTESIAN_POINT('',(41.890991897272,-0.275625811382));
#2822 = CARTESIAN_POINT('',(41.865820670002,-0.369324245948));
#2823 = CARTESIAN_POINT('',(41.820676109398,-0.49376674148));
#2824 = CARTESIAN_POINT('',(41.807338335055,-0.527149946441));
#2825 = CARTESIAN_POINT('',(41.792952502975,-0.560059231615));
#2826 = CARTESIAN_POINT('',(41.77754766709,-0.592449105717));
#2827 = CARTESIAN_POINT('',(41.74014853831,-0.665072643426));
#2828 = CARTESIAN_POINT('',(41.717520353574,-0.704945517391));
#2829 = CARTESIAN_POINT('',(41.693342886547,-0.743805939299));
#2830 = CARTESIAN_POINT('',(41.667696398334,-0.781575897862));
#2831 = CARTESIAN_POINT('',(41.640671080675,-0.818189178856));
#2832 = ( GEOMETRIC_REPRESENTATION_CONTEXT(2) 
PARAMETRIC_REPRESENTATION_CONTEXT() REPRESENTATION_CONTEXT('2D SPACE',''
  ) );
#2833 = PCURVE('',#1021,#2834);
#2834 = DEFINITIONAL_REPRESENTATION('',(#2835),#2862);
#2835 = B_SPLINE_CURVE_WITH_KNOTS('',5,(#2836,#2837,#2838,#2839,#2840,
    #2841,#2842,#2843,#2844,#2845,#2846,#2847,#2848,#2849,#2850,#2851,
    #2852,#2853,#2854,#2855,#2856,#2857,#2858,#2859,#2860,#2861),
  .UNSPECIFIED.,.F.,.F.,(6,4,4,4,4,4,6),(0.,0.129880575794,
    0.230451008735,0.501040005407,0.770581142393,0.87112634065,1.),
  .UNSPECIFIED.);
#2836 = CARTESIAN_POINT('',(1.,0.754808530097));
#2837 = CARTESIAN_POINT('',(0.973049930182,0.754808530097));
#2838 = CARTESIAN_POINT('',(0.946292141247,0.754808530097));
#2839 = CARTESIAN_POINT('',(0.919709357045,0.754808530097));
#2840 = CARTESIAN_POINT('',(0.893284361778,0.754808530097));
#2841 = CARTESIAN_POINT('',(0.846647228791,0.754808530097));
#2842 = CARTESIAN_POINT('',(0.826378747145,0.754808530097));
#2843 = CARTESIAN_POINT('',(0.806186603317,0.754808530097));
#2844 = CARTESIAN_POINT('',(0.786062941136,0.754808530097));
#2845 = CARTESIAN_POINT('',(0.712019809664,0.754808530097));
#2846 = CARTESIAN_POINT('',(0.658475140496,0.754808530097));
#2847 = CARTESIAN_POINT('',(0.605226143485,0.754808530097));
#2848 = CARTESIAN_POINT('',(0.552112141795,0.754808530097));
#2849 = CARTESIAN_POINT('',(0.446093535719,0.754808530097));
#2850 = CARTESIAN_POINT('',(0.393180780819,0.754808530097));
#2851 = CARTESIAN_POINT('',(0.340130076293,0.754808530097));
#2852 = CARTESIAN_POINT('',(0.286782612834,0.754808530097));
#2853 = CARTESIAN_POINT('',(0.212937817542,0.754808530097));
#2854 = CARTESIAN_POINT('',(0.192814533516,0.754808530097));
#2855 = CARTESIAN_POINT('',(0.172622388558,0.754808530097));
#2856 = CARTESIAN_POINT('',(0.152353527626,0.754808530097));
#2857 = CARTESIAN_POINT('',(0.10591189603,0.754808530097));
#2858 = CARTESIAN_POINT('',(7.968464252233E-02,0.754808530097));
#2859 = CARTESIAN_POINT('',(5.330146984954E-02,0.754808530097));
#2860 = CARTESIAN_POINT('',(2.674555068463E-02,0.754808530097));
#2861 = CARTESIAN_POINT('',(0.,0.754808530097));
#2862 = ( GEOMETRIC_REPRESENTATION_CONTEXT(2) 
PARAMETRIC_REPRESENTATION_CONTEXT() REPRESENTATION_CONTEXT('2D SPACE',''
  ) );
#2863 = ORIENTED_EDGE('',*,*,#2429,.T.);
#2864 = ORIENTED_EDGE('',*,*,#2865,.F.);
#2865 = EDGE_CURVE('',#1985,#2430,#2866,.T.);
#2866 = SURFACE_CURVE('',#2867,(#2872,#2879),.PCURVE_S1.);
#2867 = CIRCLE('',#2868,39.75);
#2868 = AXIS2_PLACEMENT_3D('',#2869,#2870,#2871);
#2869 = CARTESIAN_POINT('',(0.,0.,80.7));
#2870 = DIRECTION('',(0.,0.,1.));
#2871 = DIRECTION('',(1.,0.,0.));
#2872 = PCURVE('',#772,#2873);
#2873 = DEFINITIONAL_REPRESENTATION('',(#2874),#2878);
#2874 = CIRCLE('',#2875,39.75);
#2875 = AXIS2_PLACEMENT_2D('',#2876,#2877);
#2876 = CARTESIAN_POINT('',(2.933502854163E-15,-4.040240899597E-15));
#2877 = DIRECTION('',(1.,0.));
#2878 = ( GEOMETRIC_REPRESENTATION_CONTEXT(2) 
PARAMETRIC_REPRESENTATION_CONTEXT() REPRESENTATION_CONTEXT('2D SPACE',''
  ) );
#2879 = PCURVE('',#2082,#2880);
#2880 = DEFINITIONAL_REPRESENTATION('',(#2881),#2885);
#2881 = LINE('',#2882,#2883);
#2882 = CARTESIAN_POINT('',(-0.,0.));
#2883 = VECTOR('',#2884,1.);
#2884 = DIRECTION('',(-1.,0.));
#2885 = ( GEOMETRIC_REPRESENTATION_CONTEXT(2) 
PARAMETRIC_REPRESENTATION_CONTEXT() REPRESENTATION_CONTEXT('2D SPACE',''
  ) );
#2886 = ORIENTED_EDGE('',*,*,#2135,.T.);
#2887 = ORIENTED_EDGE('',*,*,#1752,.T.);
#2888 = ADVANCED_FACE('',(#2889),#1021,.F.);
#2889 = FACE_BOUND('',#2890,.F.);
#2890 = EDGE_LOOP('',(#2891,#2892,#2893));
#2891 = ORIENTED_EDGE('',*,*,#2405,.F.);
#2892 = ORIENTED_EDGE('',*,*,#783,.F.);
#2893 = ORIENTED_EDGE('',*,*,#2774,.T.);
#2894 = ADVANCED_FACE('',(#2895),#1226,.F.);
#2895 = FACE_BOUND('',#2896,.T.);
#2896 = EDGE_LOOP('',(#2897,#2898,#2921,#2948));
#2897 = ORIENTED_EDGE('',*,*,#1205,.T.);
#2898 = ORIENTED_EDGE('',*,*,#2899,.T.);
#2899 = EDGE_CURVE('',#1206,#2900,#2902,.T.);
#2900 = VERTEX_POINT('',#2901);
#2901 = CARTESIAN_POINT('',(43.5,-12.,54.5));
#2902 = SEAM_CURVE('',#2903,(#2907,#2914),.PCURVE_S1.);
#2903 = LINE('',#2904,#2905);
#2904 = CARTESIAN_POINT('',(43.5,0.,54.5));
#2905 = VECTOR('',#2906,1.);
#2906 = DIRECTION('',(0.,-1.,0.));
#2907 = PCURVE('',#1226,#2908);
#2908 = DEFINITIONAL_REPRESENTATION('',(#2909),#2913);
#2909 = LINE('',#2910,#2911);
#2910 = CARTESIAN_POINT('',(-6.28318530718,0.));
#2911 = VECTOR('',#2912,1.);
#2912 = DIRECTION('',(-0.,-1.));
#2913 = ( GEOMETRIC_REPRESENTATION_CONTEXT(2) 
PARAMETRIC_REPRESENTATION_CONTEXT() REPRESENTATION_CONTEXT('2D SPACE',''
  ) );
#2914 = PCURVE('',#1226,#2915);
#2915 = DEFINITIONAL_REPRESENTATION('',(#2916),#2920);
#2916 = LINE('',#2917,#2918);
#2917 = CARTESIAN_POINT('',(-0.,0.));
#2918 = VECTOR('',#2919,1.);
#2919 = DIRECTION('',(-0.,-1.));
#2920 = ( GEOMETRIC_REPRESENTATION_CONTEXT(2) 
PARAMETRIC_REPRESENTATION_CONTEXT() REPRESENTATION_CONTEXT('2D SPACE',''
  ) );
#2921 = ORIENTED_EDGE('',*,*,#2922,.T.);
#2922 = EDGE_CURVE('',#2900,#2900,#2923,.T.);
#2923 = SURFACE_CURVE('',#2924,(#2929,#2936),.PCURVE_S1.);
#2924 = CIRCLE('',#2925,2.);
#2925 = AXIS2_PLACEMENT_3D('',#2926,#2927,#2928);
#2926 = CARTESIAN_POINT('',(41.5,-12.,54.5));
#2927 = DIRECTION('',(0.,-1.,0.));
#2928 = DIRECTION('',(1.,0.,0.));
#2929 = PCURVE('',#1226,#2930);
#2930 = DEFINITIONAL_REPRESENTATION('',(#2931),#2935);
#2931 = LINE('',#2932,#2933);
#2932 = CARTESIAN_POINT('',(-0.,-12.));
#2933 = VECTOR('',#2934,1.);
#2934 = DIRECTION('',(-1.,0.));
#2935 = ( GEOMETRIC_REPRESENTATION_CONTEXT(2) 
PARAMETRIC_REPRESENTATION_CONTEXT() REPRESENTATION_CONTEXT('2D SPACE',''
  ) );
#2936 = PCURVE('',#2937,#2942);
#2937 = PLANE('',#2938);
#2938 = AXIS2_PLACEMENT_3D('',#2939,#2940,#2941);
#2939 = CARTESIAN_POINT('',(41.5,-12.,54.5));
#2940 = DIRECTION('',(-0.,-1.,-0.));
#2941 = DIRECTION('',(0.,0.,-1.));
#2942 = DEFINITIONAL_REPRESENTATION('',(#2943),#2947);
#2943 = CIRCLE('',#2944,2.);
#2944 = AXIS2_PLACEMENT_2D('',#2945,#2946);
#2945 = CARTESIAN_POINT('',(-7.105427357601E-15,7.105427357601E-15));
#2946 = DIRECTION('',(0.,1.));
#2947 = ( GEOMETRIC_REPRESENTATION_CONTEXT(2) 
PARAMETRIC_REPRESENTATION_CONTEXT() REPRESENTATION_CONTEXT('2D SPACE',''
  ) );
#2948 = ORIENTED_EDGE('',*,*,#2899,.F.);
#2949 = ADVANCED_FACE('',(#2950),#1711,.F.);
#2950 = FACE_BOUND('',#2951,.T.);
#2951 = EDGE_LOOP('',(#2952,#2953,#2976,#3003));
#2952 = ORIENTED_EDGE('',*,*,#1690,.T.);
#2953 = ORIENTED_EDGE('',*,*,#2954,.T.);
#2954 = EDGE_CURVE('',#1691,#2955,#2957,.T.);
#2955 = VERTEX_POINT('',#2956);
#2956 = CARTESIAN_POINT('',(-39.5,-12.,54.5));
#2957 = SEAM_CURVE('',#2958,(#2962,#2969),.PCURVE_S1.);
#2958 = LINE('',#2959,#2960);
#2959 = CARTESIAN_POINT('',(-39.5,0.,54.5));
#2960 = VECTOR('',#2961,1.);
#2961 = DIRECTION('',(0.,-1.,0.));
#2962 = PCURVE('',#1711,#2963);
#2963 = DEFINITIONAL_REPRESENTATION('',(#2964),#2968);
#2964 = LINE('',#2965,#2966);
#2965 = CARTESIAN_POINT('',(-6.28318530718,0.));
#2966 = VECTOR('',#2967,1.);
#2967 = DIRECTION('',(-0.,-1.));
#2968 = ( GEOMETRIC_REPRESENTATION_CONTEXT(2) 
PARAMETRIC_REPRESENTATION_CONTEXT() REPRESENTATION_CONTEXT('2D SPACE',''
  ) );
#2969 = PCURVE('',#1711,#2970);
#2970 = DEFINITIONAL_REPRESENTATION('',(#2971),#2975);
#2971 = LINE('',#2972,#2973);
#2972 = CARTESIAN_POINT('',(-0.,0.));
#2973 = VECTOR('',#2974,1.);
#2974 = DIRECTION('',(-0.,-1.));
#2975 = ( GEOMETRIC_REPRESENTATION_CONTEXT(2) 
PARAMETRIC_REPRESENTATION_CONTEXT() REPRESENTATION_CONTEXT('2D SPACE',''
  ) );
#2976 = ORIENTED_EDGE('',*,*,#2977,.T.);
#2977 = EDGE_CURVE('',#2955,#2955,#2978,.T.);
#2978 = SURFACE_CURVE('',#2979,(#2984,#2991),.PCURVE_S1.);
#2979 = CIRCLE('',#2980,2.);
#2980 = AXIS2_PLACEMENT_3D('',#2981,#2982,#2983);
#2981 = CARTESIAN_POINT('',(-41.5,-12.,54.5));
#2982 = DIRECTION('',(0.,-1.,0.));
#2983 = DIRECTION('',(1.,0.,0.));
#2984 = PCURVE('',#1711,#2985);
#2985 = DEFINITIONAL_REPRESENTATION('',(#2986),#2990);
#2986 = LINE('',#2987,#2988);
#2987 = CARTESIAN_POINT('',(-0.,-12.));
#2988 = VECTOR('',#2989,1.);
#2989 = DIRECTION('',(-1.,0.));
#2990 = ( GEOMETRIC_REPRESENTATION_CONTEXT(2) 
PARAMETRIC_REPRESENTATION_CONTEXT() REPRESENTATION_CONTEXT('2D SPACE',''
  ) );
#2991 = PCURVE('',#2992,#2997);
#2992 = PLANE('',#2993);
#2993 = AXIS2_PLACEMENT_3D('',#2994,#2995,#2996);
#2994 = CARTESIAN_POINT('',(-41.5,-12.,54.5));
#2995 = DIRECTION('',(-0.,-1.,-0.));
#2996 = DIRECTION('',(0.,0.,-1.));
#2997 = DEFINITIONAL_REPRESENTATION('',(#2998),#3002);
#2998 = CIRCLE('',#2999,2.);
#2999 = AXIS2_PLACEMENT_2D('',#3000,#3001);
#3000 = CARTESIAN_POINT('',(-7.105427357601E-15,0.));
#3001 = DIRECTION('',(0.,1.));
#3002 = ( GEOMETRIC_REPRESENTATION_CONTEXT(2) 
PARAMETRIC_REPRESENTATION_CONTEXT() REPRESENTATION_CONTEXT('2D SPACE',''
  ) );
#3003 = ORIENTED_EDGE('',*,*,#2954,.F.);
#3004 = ADVANCED_FACE('',(#3005),#2082,.T.);
#3005 = FACE_BOUND('',#3006,.F.);
#3006 = EDGE_LOOP('',(#3007,#3035,#3128,#3129,#3130,#3131,#3283,#3309));
#3007 = ORIENTED_EDGE('',*,*,#3008,.T.);
#3008 = EDGE_CURVE('',#3009,#3011,#3013,.T.);
#3009 = VERTEX_POINT('',#3010);
#3010 = CARTESIAN_POINT('',(39.75,-5.670707940963E-06,109.));
#3011 = VERTEX_POINT('',#3012);
#3012 = CARTESIAN_POINT('',(39.75,0.,98.064636865758));
#3013 = SURFACE_CURVE('',#3014,(#3018,#3024),.PCURVE_S1.);
#3014 = LINE('',#3015,#3016);
#3015 = CARTESIAN_POINT('',(39.75,-5.670707919931E-06,80.7));
#3016 = VECTOR('',#3017,1.);
#3017 = DIRECTION('',(-0.,-0.,-1.));
#3018 = PCURVE('',#2082,#3019);
#3019 = DEFINITIONAL_REPRESENTATION('',(#3020),#3023);
#3020 = B_SPLINE_CURVE_WITH_KNOTS('',1,(#3021,#3022),.UNSPECIFIED.,.F.,
  .F.,(2,2),(-28.3000006,1.199999999812E-06),.PIECEWISE_BEZIER_KNOTS.);
#3021 = CARTESIAN_POINT('',(-6.28318516452,-28.3000006));
#3022 = CARTESIAN_POINT('',(-6.28318516452,1.199999999812E-06));
#3023 = ( GEOMETRIC_REPRESENTATION_CONTEXT(2) 
PARAMETRIC_REPRESENTATION_CONTEXT() REPRESENTATION_CONTEXT('2D SPACE',''
  ) );
#3024 = PCURVE('',#3025,#3030);
#3025 = PLANE('',#3026);
#3026 = AXIS2_PLACEMENT_3D('',#3027,#3028,#3029);
#3027 = CARTESIAN_POINT('',(1.847204318023E-04,-5.670707919931E-06,
    52.831249336744));
#3028 = DIRECTION('',(-0.,-1.,-0.));
#3029 = DIRECTION('',(0.,0.,-1.));
#3030 = DEFINITIONAL_REPRESENTATION('',(#3031),#3034);
#3031 = B_SPLINE_CURVE_WITH_KNOTS('',1,(#3032,#3033),.UNSPECIFIED.,.F.,
  .F.,(2,2),(-28.3000006,1.199999999812E-06),.PIECEWISE_BEZIER_KNOTS.);
#3032 = CARTESIAN_POINT('',(-56.16875126325,39.749815279568));
#3033 = CARTESIAN_POINT('',(-27.86874946325,39.749815279568));
#3034 = ( GEOMETRIC_REPRESENTATION_CONTEXT(2) 
PARAMETRIC_REPRESENTATION_CONTEXT() REPRESENTATION_CONTEXT('2D SPACE',''
  ) );
#3035 = ORIENTED_EDGE('',*,*,#3036,.T.);
#3036 = EDGE_CURVE('',#3011,#2510,#3037,.T.);
#3037 = SURFACE_CURVE('',#3038,(#3066,#3097),.PCURVE_S1.);
#3038 = B_SPLINE_CURVE_WITH_KNOTS('',6,(#3039,#3040,#3041,#3042,#3043,
    #3044,#3045,#3046,#3047,#3048,#3049,#3050,#3051,#3052,#3053,#3054,
    #3055,#3056,#3057,#3058,#3059,#3060,#3061,#3062,#3063,#3064,#3065),
  .UNSPECIFIED.,.F.,.F.,(7,5,5,5,5,7),(0.,0.425643517427,0.550475954791,
    0.623380410416,0.781852299215,1.),.UNSPECIFIED.);
#3039 = CARTESIAN_POINT('',(39.75,-9.769962616701E-15,98.064636865758));
#3040 = CARTESIAN_POINT('',(39.75,-7.585054273857E-02,98.064142006295));
#3041 = CARTESIAN_POINT('',(39.749826300622,-0.151582111822,
    98.058955154009));
#3042 = CARTESIAN_POINT('',(39.749480024347,-0.22649565963,
    98.049069068539));
#3043 = CARTESIAN_POINT('',(39.748972506487,-0.299676694451,
    98.034327442609));
#3044 = CARTESIAN_POINT('',(39.748333109976,-0.369984916253,
    98.014531237825));
#3045 = CARTESIAN_POINT('',(39.7473947062,-0.455511006775,97.98223171321
    ));
#3046 = CARTESIAN_POINT('',(39.747174545644,-0.474541039884,
    97.974464035802));
#3047 = CARTESIAN_POINT('',(39.746948236127,-0.493169775942,
    97.96625156332));
#3048 = CARTESIAN_POINT('',(39.746717103328,-0.511359703674,
    97.957594984169));
#3049 = CARTESIAN_POINT('',(39.746482590555,-0.529072222976,
    97.948497414993));
#3050 = CARTESIAN_POINT('',(39.746108236577,-0.556310089839,
    97.93339694374));
#3051 = CARTESIAN_POINT('',(39.745969591618,-0.56617623317,
    97.927681039529));
#3052 = CARTESIAN_POINT('',(39.74583063392,-0.575858198117,97.921817883)
  );
#3053 = CARTESIAN_POINT('',(39.745691679746,-0.585348225293,
    97.915809082625));
#3054 = CARTESIAN_POINT('',(39.745553051569,-0.594638672725,
    97.909656660383));
#3055 = CARTESIAN_POINT('',(39.745115166052,-0.623466413221,
    97.889682680147));
#3056 = CARTESIAN_POINT('',(39.744818326731,-0.642233459976,
    97.875334476885));
#3057 = CARTESIAN_POINT('',(39.744527945079,-0.659944185337,
    97.860345045719));
#3058 = CARTESIAN_POINT('',(39.744247403707,-0.676528538427,
    97.844749215677));
#3059 = CARTESIAN_POINT('',(39.743979880185,-0.691927826163,
    97.828591041942));
#3060 = CARTESIAN_POINT('',(39.743381612302,-0.725602223567,
    97.788982561739));
#3061 = CARTESIAN_POINT('',(39.743064916965,-0.742780266048,
    97.765073132932));
#3062 = CARTESIAN_POINT('',(39.742785417572,-0.75751055866,
    97.740340331214));
#3063 = CARTESIAN_POINT('',(39.74254841701,-0.769744676433,
    97.714939542973));
#3064 = CARTESIAN_POINT('',(39.742357135215,-0.779488677586,
    97.689031514517));
#3065 = CARTESIAN_POINT('',(39.742212682546,-0.786785291737,
    97.662776136519));
#3066 = PCURVE('',#2082,#3067);
#3067 = DEFINITIONAL_REPRESENTATION('',(#3068),#3096);
#3068 = B_SPLINE_CURVE_WITH_KNOTS('',6,(#3069,#3070,#3071,#3072,#3073,
    #3074,#3075,#3076,#3077,#3078,#3079,#3080,#3081,#3082,#3083,#3084,
    #3085,#3086,#3087,#3088,#3089,#3090,#3091,#3092,#3093,#3094,#3095),
  .UNSPECIFIED.,.F.,.F.,(7,5,5,5,5,7),(0.,0.425643517427,0.550475954791,
    0.623380410416,0.781852299215,1.),.UNSPECIFIED.);
#3069 = CARTESIAN_POINT('',(-6.28318530718,-17.36463686575));
#3070 = CARTESIAN_POINT('',(-6.281277117425,-17.36414200629));
#3071 = CARTESIAN_POINT('',(-6.279371920704,-17.358955154));
#3072 = CARTESIAN_POINT('',(-6.277487290712,-17.34906906853));
#3073 = CARTESIAN_POINT('',(-6.275646220892,-17.3343274426));
#3074 = CARTESIAN_POINT('',(-6.273877390561,-17.31453123782));
#3075 = CARTESIAN_POINT('',(-6.27172566129,-17.28223171321));
#3076 = CARTESIAN_POINT('',(-6.271246886368,-17.2744640358));
#3077 = CARTESIAN_POINT('',(-6.270778204452,-17.26625156332));
#3078 = CARTESIAN_POINT('',(-6.270320559366,-17.25759498416));
#3079 = CARTESIAN_POINT('',(-6.269874922399,-17.24849741499));
#3080 = CARTESIAN_POINT('',(-6.26918962833,-17.23339694374));
#3081 = CARTESIAN_POINT('',(-6.268941398972,-17.22768103952));
#3082 = CARTESIAN_POINT('',(-6.268697802458,-17.221817883));
#3083 = CARTESIAN_POINT('',(-6.268459034059,-17.21580908262));
#3084 = CARTESIAN_POINT('',(-6.268225286101,-17.20965666038));
#3085 = CARTESIAN_POINT('',(-6.267499976265,-17.18968268014));
#3086 = CARTESIAN_POINT('',(-6.267027790342,-17.17533447688));
#3087 = CARTESIAN_POINT('',(-6.266582177721,-17.16034504571));
#3088 = CARTESIAN_POINT('',(-6.266164901672,-17.14474921567));
#3089 = CARTESIAN_POINT('',(-6.265777439781,-17.12859104194));
#3090 = CARTESIAN_POINT('',(-6.264930151442,-17.08898256173));
#3091 = CARTESIAN_POINT('',(-6.264497926091,-17.06507313293));
#3092 = CARTESIAN_POINT('',(-6.264127286048,-17.04034033121));
#3093 = CARTESIAN_POINT('',(-6.263819451769,-17.01493954297));
#3094 = CARTESIAN_POINT('',(-6.26357427244,-16.98903151451));
#3095 = CARTESIAN_POINT('',(-6.263390673852,-16.96277613651));
#3096 = ( GEOMETRIC_REPRESENTATION_CONTEXT(2) 
PARAMETRIC_REPRESENTATION_CONTEXT() REPRESENTATION_CONTEXT('2D SPACE',''
  ) );
#3097 = PCURVE('',#2651,#3098);
#3098 = DEFINITIONAL_REPRESENTATION('',(#3099),#3127);
#3099 = B_SPLINE_CURVE_WITH_KNOTS('',6,(#3100,#3101,#3102,#3103,#3104,
    #3105,#3106,#3107,#3108,#3109,#3110,#3111,#3112,#3113,#3114,#3115,
    #3116,#3117,#3118,#3119,#3120,#3121,#3122,#3123,#3124,#3125,#3126),
  .UNSPECIFIED.,.F.,.F.,(7,5,5,5,5,7),(0.,0.425643517427,0.550475954791,
    0.623380410416,0.781852299215,1.),.UNSPECIFIED.);
#3100 = CARTESIAN_POINT('',(0.495914463738,0.972013510619));
#3101 = CARTESIAN_POINT('',(0.463194385467,0.972001050987));
#3102 = CARTESIAN_POINT('',(0.43046414122,0.971870455624));
#3103 = CARTESIAN_POINT('',(0.397467016369,0.971621631065));
#3104 = CARTESIAN_POINT('',(0.364034221912,0.971251823817));
#3105 = CARTESIAN_POINT('',(0.330012493496,0.970758577834));
#3106 = CARTESIAN_POINT('',(0.285093183739,0.969961846497));
#3107 = CARTESIAN_POINT('',(0.274848642886,0.969770665029));
#3108 = CARTESIAN_POINT('',(0.264544697339,0.969569029354));
#3109 = CARTESIAN_POINT('',(0.254181129794,0.969357055705));
#3110 = CARTESIAN_POINT('',(0.243758803376,0.969134925509));
#3111 = CARTESIAN_POINT('',(0.227159648761,0.968767369647));
#3112 = CARTESIAN_POINT('',(0.221020278344,0.968628475361));
#3113 = CARTESIAN_POINT('',(0.214861973152,0.968486253659));
#3114 = CARTESIAN_POINT('',(0.208685290074,0.968340765708));
#3115 = CARTESIAN_POINT('',(0.202490920117,0.9681920827));
#3116 = CARTESIAN_POINT('',(0.182778378897,0.967710326154));
#3117 = CARTESIAN_POINT('',(0.169196632629,0.967365635777));
#3118 = CARTESIAN_POINT('',(0.155544411474,0.967007085097));
#3119 = CARTESIAN_POINT('',(0.141832372796,0.966635735994));
#3120 = CARTESIAN_POINT('',(0.128072668164,0.966252847007));
#3121 = CARTESIAN_POINT('',(9.529280921241E-02,0.965318929684));
#3122 = CARTESIAN_POINT('',(7.623935578154E-02,0.964758775052));
#3123 = CARTESIAN_POINT('',(5.715907347624E-02,0.964183283087));
#3124 = CARTESIAN_POINT('',(3.808008683832E-02,0.963596435444));
#3125 = CARTESIAN_POINT('',(1.902217609565E-02,0.963002166258));
#3126 = CARTESIAN_POINT('',(0.,0.962404201472));
#3127 = ( GEOMETRIC_REPRESENTATION_CONTEXT(2) 
PARAMETRIC_REPRESENTATION_CONTEXT() REPRESENTATION_CONTEXT('2D SPACE',''
  ) );
#3128 = ORIENTED_EDGE('',*,*,#2509,.F.);
#3129 = ORIENTED_EDGE('',*,*,#2865,.F.);
#3130 = ORIENTED_EDGE('',*,*,#1984,.F.);
#3131 = ORIENTED_EDGE('',*,*,#3132,.T.);
#3132 = EDGE_CURVE('',#1916,#3133,#3135,.T.);
#3133 = VERTEX_POINT('',#3134);
#3134 = CARTESIAN_POINT('',(-39.75,-5.670707919993E-06,98.064694677996)
  );
#3135 = SURFACE_CURVE('',#3136,(#3183,#3233),.PCURVE_S1.);
#3136 = B_SPLINE_CURVE_WITH_KNOTS('',5,(#3137,#3138,#3139,#3140,#3141,
    #3142,#3143,#3144,#3145,#3146,#3147,#3148,#3149,#3150,#3151,#3152,
    #3153,#3154,#3155,#3156,#3157,#3158,#3159,#3160,#3161,#3162,#3163,
    #3164,#3165,#3166,#3167,#3168,#3169,#3170,#3171,#3172,#3173,#3174,
    #3175,#3176,#3177,#3178,#3179,#3180,#3181,#3182),.UNSPECIFIED.,.F.,
  .F.,(6,4,4,4,4,4,4,4,4,4,4,6),(0.,0.103830234083,0.182334703089,
    0.21944291256,0.28131618191,0.349114832632,0.500005178744,
    0.650514413687,0.718323751624,0.781191398699,0.896774291498,1.),
  .UNSPECIFIED.);
#3137 = CARTESIAN_POINT('',(-39.74172478392,-0.811055607835,
    97.662934369644));
#3138 = CARTESIAN_POINT('',(-39.74191543927,-0.80171349551,
    97.693322089952));
#3139 = CARTESIAN_POINT('',(-39.74217243903,-0.788985162117,
    97.723187213926));
#3140 = CARTESIAN_POINT('',(-39.74249307291,-0.772813226825,
    97.752248780794));
#3141 = CARTESIAN_POINT('',(-39.74286926245,-0.753234156873,
    97.780227797878));
#3142 = CARTESIAN_POINT('',(-39.7436043667,-0.713238097707,
    97.82702385783));
#3143 = CARTESIAN_POINT('',(-39.7439451715,-0.694187703845,
    97.846414182611));
#3144 = CARTESIAN_POINT('',(-39.74430468861,-0.673395943118,
    97.864940583038));
#3145 = CARTESIAN_POINT('',(-39.74467612867,-0.650990847381,
    97.882526285847));
#3146 = CARTESIAN_POINT('',(-39.74523067206,-0.615845845461,
    97.906961199361));
#3147 = CARTESIAN_POINT('',(-39.74540981284,-0.604238884963,
    97.914582287225));
#3148 = CARTESIAN_POINT('',(-39.74558938483,-0.592321385827,
    97.921976311997));
#3149 = CARTESIAN_POINT('',(-39.74576869035,-0.580109666895,
    97.929139332028));
#3150 = CARTESIAN_POINT('',(-39.74624444687,-0.546796219775,
    97.947622653283));
#3151 = CARTESIAN_POINT('',(-39.74653922786,-0.525200181535,
    97.958526787087));
#3152 = CARTESIAN_POINT('',(-39.74682824563,-0.502910031708,
    97.968769903726));
#3153 = CARTESIAN_POINT('',(-39.74710869886,-0.480000423366,
    97.97834786557));
#3154 = CARTESIAN_POINT('',(-39.74767337208,-0.43083904668,
    97.997033233881));
#3155 = CARTESIAN_POINT('',(-39.74795538775,-0.404476978674,
    98.006007143547));
#3156 = CARTESIAN_POINT('',(-39.74822099596,-0.377549267935,
    98.014189591292));
#3157 = CARTESIAN_POINT('',(-39.74846759315,-0.350139687198,
    98.021588315755));
#3158 = CARTESIAN_POINT('',(-39.74919516513,-0.260415988598,
    98.04296172087));
#3159 = CARTESIAN_POINT('',(-39.74959285801,-0.196510815854,
    98.053877305428));
#3160 = CARTESIAN_POINT('',(-39.7498642734,-0.131386016977,
    98.061088390712));
#3161 = CARTESIAN_POINT('',(-39.75000000095,-6.570019485329E-02,
    98.064694703278));
#3162 = CARTESIAN_POINT('',(-39.74999999905,6.553540211208E-02,
    98.064694652798));
#3163 = CARTESIAN_POINT('',(-39.74986495418,0.131055456514,
    98.061106482555));
#3164 = CARTESIAN_POINT('',(-39.74959490586,0.196018561629,
    98.053931704671));
#3165 = CARTESIAN_POINT('',(-39.74919917075,0.259771452039,
    98.04307165632));
#3166 = CARTESIAN_POINT('',(-39.74847435311,0.349372516239,
    98.021790313158));
#3167 = CARTESIAN_POINT('',(-39.74822815237,0.376796724506,
    98.014407821509));
#3168 = CARTESIAN_POINT('',(-39.7479628945,0.403740261412,
    98.006241522359));
#3169 = CARTESIAN_POINT('',(-39.74768117781,0.430119414182,
    97.99728363352));
#3170 = CARTESIAN_POINT('',(-39.74711268509,0.479689470665,
    97.97848688883));
#3171 = CARTESIAN_POINT('',(-39.74682777658,0.502972563219,
    97.968760107723));
#3172 = CARTESIAN_POINT('',(-39.74653399306,0.5256171767,97.9583472902)
  );
#3173 = CARTESIAN_POINT('',(-39.74623432134,0.547543349251,
    97.947251245618));
#3174 = CARTESIAN_POINT('',(-39.74537629821,0.60751292892,
    97.913852764598));
#3175 = CARTESIAN_POINT('',(-39.74481158892,0.643665388928,
    97.889949144179));
#3176 = CARTESIAN_POINT('',(-39.74425858627,0.676598609652,
    97.863868138252));
#3177 = CARTESIAN_POINT('',(-39.74374065698,0.705845220196,
    97.835802761081));
#3178 = CARTESIAN_POINT('',(-39.74286055757,0.753687122727,
    97.779579289485));
#3179 = CARTESIAN_POINT('',(-39.74248750574,0.773093965529,
    97.751743610677));
#3180 = CARTESIAN_POINT('',(-39.7421694639,0.789132524185,
    97.722841140102));
#3181 = CARTESIAN_POINT('',(-39.74191433501,0.80176760433,
    97.693146086538));
#3182 = CARTESIAN_POINT('',(-39.74172478392,0.811055607835,
    97.662934369643));
#3183 = PCURVE('',#2082,#3184);
#3184 = DEFINITIONAL_REPRESENTATION('',(#3185),#3232);
#3185 = B_SPLINE_CURVE_WITH_KNOTS('',5,(#3186,#3187,#3188,#3189,#3190,
    #3191,#3192,#3193,#3194,#3195,#3196,#3197,#3198,#3199,#3200,#3201,
    #3202,#3203,#3204,#3205,#3206,#3207,#3208,#3209,#3210,#3211,#3212,
    #3213,#3214,#3215,#3216,#3217,#3218,#3219,#3220,#3221,#3222,#3223,
    #3224,#3225,#3226,#3227,#3228,#3229,#3230,#3231),.UNSPECIFIED.,.F.,
  .F.,(6,4,4,4,4,4,4,4,4,4,4,6),(0.,0.103830234083,0.182334703089,
    0.21944291256,0.28131618191,0.349114832632,0.500005178744,
    0.650514413687,0.718323751624,0.781191398699,0.896774291498,1.),
  .UNSPECIFIED.);
#3186 = CARTESIAN_POINT('',(-3.161997984276,-16.96293436964));
#3187 = CARTESIAN_POINT('',(-3.161762913645,-16.99332208995));
#3188 = CARTESIAN_POINT('',(-3.161442638743,-17.02318721392));
#3189 = CARTESIAN_POINT('',(-3.161035717685,-17.05224878079));
#3190 = CARTESIAN_POINT('',(-3.160543071726,-17.08022779787));
#3191 = CARTESIAN_POINT('',(-3.159536711626,-17.12702385783));
#3192 = CARTESIAN_POINT('',(-3.159057379807,-17.14641418261));
#3193 = CARTESIAN_POINT('',(-3.158534238598,-17.16494058303));
#3194 = CARTESIAN_POINT('',(-3.15797051112,-17.18252628584));
#3195 = CARTESIAN_POINT('',(-3.157086250072,-17.20696119936));
#3196 = CARTESIAN_POINT('',(-3.156794216307,-17.21458228722));
#3197 = CARTESIAN_POINT('',(-3.156494371003,-17.22197631199));
#3198 = CARTESIAN_POINT('',(-3.156187124859,-17.22913933202));
#3199 = CARTESIAN_POINT('',(-3.155348965258,-17.24762265328));
#3200 = CARTESIAN_POINT('',(-3.154805618198,-17.25852678708));
#3201 = CARTESIAN_POINT('',(-3.154244812758,-17.26876990372));
#3202 = CARTESIAN_POINT('',(-3.153668427392,-17.27834786557));
#3203 = CARTESIAN_POINT('',(-3.152431581618,-17.29703323388));
#3204 = CARTESIAN_POINT('',(-3.151768347201,-17.30600714354));
#3205 = CARTESIAN_POINT('',(-3.151090887881,-17.31418959129));
#3206 = CARTESIAN_POINT('',(-3.150401311051,-17.32158831575));
#3207 = CARTESIAN_POINT('',(-3.148144036875,-17.34296172087));
#3208 = CARTESIAN_POINT('',(-3.146536331305,-17.35387730542));
#3209 = CARTESIAN_POINT('',(-3.144897962196,-17.36108839071));
#3210 = CARTESIAN_POINT('',(-3.14324548868,-17.36469470327));
#3211 = CARTESIAN_POINT('',(-3.139943964228,-17.36469465279));
#3212 = CARTESIAN_POINT('',(-3.13829566097,-17.36110648255));
#3213 = CARTESIAN_POINT('',(-3.136661359699,-17.35393170467));
#3214 = CARTESIAN_POINT('',(-3.135057485346,-17.34307165632));
#3215 = CARTESIAN_POINT('',(-3.132803296771,-17.32179031315));
#3216 = CARTESIAN_POINT('',(-3.132113352058,-17.3144078215));
#3217 = CARTESIAN_POINT('',(-3.131435494702,-17.30624152235));
#3218 = CARTESIAN_POINT('',(-3.130771830585,-17.29728363352));
#3219 = CARTESIAN_POINT('',(-3.129524703132,-17.27848688883));
#3220 = CARTESIAN_POINT('',(-3.128938921276,-17.26876010772));
#3221 = CARTESIAN_POINT('',(-3.128369197719,-17.2583472902));
#3222 = CARTESIAN_POINT('',(-3.127817544491,-17.24725124561));
#3223 = CARTESIAN_POINT('',(-3.126308721409,-17.21385276459));
#3224 = CARTESIAN_POINT('',(-3.125399115405,-17.18994914417));
#3225 = CARTESIAN_POINT('',(-3.12457049048,-17.16386813825));
#3226 = CARTESIAN_POINT('',(-3.123834611495,-17.13580276108));
#3227 = CARTESIAN_POINT('',(-3.122630837986,-17.07957928948));
#3228 = CARTESIAN_POINT('',(-3.122142525497,-17.05174361067));
#3229 = CARTESIAN_POINT('',(-3.121738960459,-17.0228411401));
#3230 = CARTESIAN_POINT('',(-3.121421032023,-16.99314608653));
#3231 = CARTESIAN_POINT('',(-3.121187322903,-16.96293436964));
#3232 = ( GEOMETRIC_REPRESENTATION_CONTEXT(2) 
PARAMETRIC_REPRESENTATION_CONTEXT() REPRESENTATION_CONTEXT('2D SPACE',''
  ) );
#3233 = PCURVE('',#1932,#3234);
#3234 = DEFINITIONAL_REPRESENTATION('',(#3235),#3282);
#3235 = B_SPLINE_CURVE_WITH_KNOTS('',5,(#3236,#3237,#3238,#3239,#3240,
    #3241,#3242,#3243,#3244,#3245,#3246,#3247,#3248,#3249,#3250,#3251,
    #3252,#3253,#3254,#3255,#3256,#3257,#3258,#3259,#3260,#3261,#3262,
    #3263,#3264,#3265,#3266,#3267,#3268,#3269,#3270,#3271,#3272,#3273,
    #3274,#3275,#3276,#3277,#3278,#3279,#3280,#3281),.UNSPECIFIED.,.F.,
  .F.,(6,4,4,4,4,4,4,4,4,4,4,6),(0.,0.103830234083,0.182334703089,
    0.21944291256,0.28131618191,0.349114832632,0.500005178744,
    0.650514413687,0.718323751624,0.781191398699,0.896774291498,1.),
  .UNSPECIFIED.);
#3236 = CARTESIAN_POINT('',(7.,0.962407805286));
#3237 = CARTESIAN_POINT('',(6.977983569048,0.963099908451));
#3238 = CARTESIAN_POINT('',(6.955943392896,0.963785991873));
#3239 = CARTESIAN_POINT('',(6.933903502847,0.964459474199));
#3240 = CARTESIAN_POINT('',(6.911900917102,0.965113341504));
#3241 = CARTESIAN_POINT('',(6.873440974796,0.96621538866));
#3242 = CARTESIAN_POINT('',(6.856937572359,0.966674911832));
#3243 = CARTESIAN_POINT('',(6.840516349675,0.967116611908));
#3244 = CARTESIAN_POINT('',(6.824197634452,0.967538205798));
#3245 = CARTESIAN_POINT('',(6.800343414993,0.968126921745));
#3246 = CARTESIAN_POINT('',(6.792713717154,0.968311008217));
#3247 = CARTESIAN_POINT('',(6.785112470855,0.968490045265));
#3248 = CARTESIAN_POINT('',(6.777540916931,0.968663889417));
#3249 = CARTESIAN_POINT('',(6.757426144988,0.969113448692));
#3250 = CARTESIAN_POINT('',(6.744937328059,0.969379715568));
#3251 = CARTESIAN_POINT('',(6.732536906765,0.969630733363));
#3252 = CARTESIAN_POINT('',(6.720225293608,0.969866195603));
#3253 = CARTESIAN_POINT('',(6.694603586305,0.970326825006));
#3254 = CARTESIAN_POINT('',(6.68131092568,0.970548833651));
#3255 = CARTESIAN_POINT('',(6.668117852182,0.970751869828));
#3256 = CARTESIAN_POINT('',(6.655017431222,0.970935916609));
#3257 = CARTESIAN_POINT('',(6.613028187356,0.971468669304));
#3258 = CARTESIAN_POINT('',(6.584475302007,0.97174260273));
#3259 = CARTESIAN_POINT('',(6.556210696578,0.971924164784));
#3260 = CARTESIAN_POINT('',(6.528108319777,0.972014966871));
#3261 = CARTESIAN_POINT('',(6.471962183014,0.9720149656));
#3262 = CARTESIAN_POINT('',(6.443930725736,0.971924620311));
#3263 = CARTESIAN_POINT('',(6.415738320091,0.971743972414));
#3264 = CARTESIAN_POINT('',(6.387259759958,0.97147142823));
#3265 = CARTESIAN_POINT('',(6.345347633405,0.970940943344));
#3266 = CARTESIAN_POINT('',(6.332247158917,0.970757290068));
#3267 = CARTESIAN_POINT('',(6.319054138927,0.970554642157));
#3268 = CARTESIAN_POINT('',(6.305761601547,0.970333015137));
#3269 = CARTESIAN_POINT('',(6.279945659415,0.969869607188));
#3270 = CARTESIAN_POINT('',(6.267436920761,0.969630479127));
#3271 = CARTESIAN_POINT('',(6.254836586731,0.969375304404));
#3272 = CARTESIAN_POINT('',(6.242144790762,0.969104372985));
#3273 = CARTESIAN_POINT('',(6.205870758888,0.968292163536));
#3274 = CARTESIAN_POINT('',(6.182073641618,0.967714540932));
#3275 = CARTESIAN_POINT('',(6.15801569144,0.96708907731));
#3276 = CARTESIAN_POINT('',(6.133748847451,0.966422003324));
#3277 = CARTESIAN_POINT('',(6.087589262272,0.965098187097));
#3278 = CARTESIAN_POINT('',(6.06571344397,0.964447767753));
#3279 = CARTESIAN_POINT('',(6.043801221839,0.963778041858));
#3280 = CARTESIAN_POINT('',(6.021888913423,0.963095899841));
#3281 = CARTESIAN_POINT('',(6.,0.962407805286));
#3282 = ( GEOMETRIC_REPRESENTATION_CONTEXT(2) 
PARAMETRIC_REPRESENTATION_CONTEXT() REPRESENTATION_CONTEXT('2D SPACE',''
  ) );
#3283 = ORIENTED_EDGE('',*,*,#3284,.F.);
#3284 = EDGE_CURVE('',#3285,#3133,#3287,.T.);
#3285 = VERTEX_POINT('',#3286);
#3286 = CARTESIAN_POINT('',(-39.75,-5.670707908706E-06,109.));
#3287 = SURFACE_CURVE('',#3288,(#3292,#3298),.PCURVE_S1.);
#3288 = LINE('',#3289,#3290);
#3289 = CARTESIAN_POINT('',(-39.75,-5.670707919931E-06,80.7));
#3290 = VECTOR('',#3291,1.);
#3291 = DIRECTION('',(-0.,-0.,-1.));
#3292 = PCURVE('',#2082,#3293);
#3293 = DEFINITIONAL_REPRESENTATION('',(#3294),#3297);
#3294 = B_SPLINE_CURVE_WITH_KNOTS('',1,(#3295,#3296),.UNSPECIFIED.,.F.,
  .F.,(2,2),(-28.3000006,1.199999999812E-06),.PIECEWISE_BEZIER_KNOTS.);
#3295 = CARTESIAN_POINT('',(-3.141592796249,-28.3000006));
#3296 = CARTESIAN_POINT('',(-3.141592796249,1.199999999812E-06));
#3297 = ( GEOMETRIC_REPRESENTATION_CONTEXT(2) 
PARAMETRIC_REPRESENTATION_CONTEXT() REPRESENTATION_CONTEXT('2D SPACE',''
  ) );
#3298 = PCURVE('',#3299,#3304);
#3299 = PLANE('',#3300);
#3300 = AXIS2_PLACEMENT_3D('',#3301,#3302,#3303);
#3301 = CARTESIAN_POINT('',(1.847204318023E-04,-5.670707919931E-06,
    52.831249336744));
#3302 = DIRECTION('',(-0.,-1.,-0.));
#3303 = DIRECTION('',(0.,0.,-1.));
#3304 = DEFINITIONAL_REPRESENTATION('',(#3305),#3308);
#3305 = B_SPLINE_CURVE_WITH_KNOTS('',1,(#3306,#3307),.UNSPECIFIED.,.F.,
  .F.,(2,2),(-28.3000006,1.199999999812E-06),.PIECEWISE_BEZIER_KNOTS.);
#3306 = CARTESIAN_POINT('',(-56.16875126325,-39.75018472043));
#3307 = CARTESIAN_POINT('',(-27.86874946325,-39.75018472043));
#3308 = ( GEOMETRIC_REPRESENTATION_CONTEXT(2) 
PARAMETRIC_REPRESENTATION_CONTEXT() REPRESENTATION_CONTEXT('2D SPACE',''
  ) );
#3309 = ORIENTED_EDGE('',*,*,#3310,.T.);
#3310 = EDGE_CURVE('',#3285,#3009,#3311,.T.);
#3311 = SURFACE_CURVE('',#3312,(#3317,#3324),.PCURVE_S1.);
#3312 = CIRCLE('',#3313,39.75);
#3313 = AXIS2_PLACEMENT_3D('',#3314,#3315,#3316);
#3314 = CARTESIAN_POINT('',(0.,0.,109.));
#3315 = DIRECTION('',(0.,0.,1.));
#3316 = DIRECTION('',(1.,0.,0.));
#3317 = PCURVE('',#2082,#3318);
#3318 = DEFINITIONAL_REPRESENTATION('',(#3319),#3323);
#3319 = LINE('',#3320,#3321);
#3320 = CARTESIAN_POINT('',(-0.,-28.3));
#3321 = VECTOR('',#3322,1.);
#3322 = DIRECTION('',(-1.,0.));
#3323 = ( GEOMETRIC_REPRESENTATION_CONTEXT(2) 
PARAMETRIC_REPRESENTATION_CONTEXT() REPRESENTATION_CONTEXT('2D SPACE',''
  ) );
#3324 = PCURVE('',#3325,#3330);
#3325 = PLANE('',#3326);
#3326 = AXIS2_PLACEMENT_3D('',#3327,#3328,#3329);
#3327 = CARTESIAN_POINT('',(-4.403329231825E-15,5.790076070423E-16,109.)
  );
#3328 = DIRECTION('',(0.,0.,1.));
#3329 = DIRECTION('',(1.,0.,-0.));
#3330 = DEFINITIONAL_REPRESENTATION('',(#3331),#3335);
#3331 = CIRCLE('',#3332,39.75);
#3332 = AXIS2_PLACEMENT_2D('',#3333,#3334);
#3333 = CARTESIAN_POINT('',(4.403329231825E-15,-5.790076070423E-16));
#3334 = DIRECTION('',(1.,0.));
#3335 = ( GEOMETRIC_REPRESENTATION_CONTEXT(2) 
PARAMETRIC_REPRESENTATION_CONTEXT() REPRESENTATION_CONTEXT('2D SPACE',''
  ) );
#3336 = ADVANCED_FACE('',(#3337),#1932,.F.);
#3337 = FACE_BOUND('',#3338,.F.);
#3338 = EDGE_LOOP('',(#3339,#3389,#3390,#3391));
#3339 = ORIENTED_EDGE('',*,*,#3340,.F.);
#3340 = EDGE_CURVE('',#3133,#3341,#3343,.T.);
#3341 = VERTEX_POINT('',#3342);
#3342 = CARTESIAN_POINT('',(-37.49999994465,-5.670707920097E-06,99.));
#3343 = SURFACE_CURVE('',#3344,(#3357,#3373),.PCURVE_S1.);
#3344 = B_SPLINE_CURVE_WITH_KNOTS('',6,(#3345,#3346,#3347,#3348,#3349,
    #3350,#3351,#3352,#3353,#3354,#3355,#3356),.UNSPECIFIED.,.F.,.F.,(7,
    5,7),(0.,0.324816013674,1.),.UNSPECIFIED.);
#3345 = CARTESIAN_POINT('',(-40.39837887916,-5.670707919931E-06,
    97.662908025759));
#3346 = CARTESIAN_POINT('',(-40.25511975457,-5.670707919931E-06,
    97.760758280994));
#3347 = CARTESIAN_POINT('',(-40.10940867417,-5.670707919931E-06,
    97.855018903527));
#3348 = CARTESIAN_POINT('',(-39.96143442771,-5.670707919931E-06,
    97.945725057039));
#3349 = CARTESIAN_POINT('',(-39.81137912495,-5.670707919931E-06,
    98.032933017424));
#3350 = CARTESIAN_POINT('',(-39.65941477867,-5.670707919931E-06,
    98.116714534528));
#3351 = CARTESIAN_POINT('',(-39.18617797818,-5.670707919931E-06,
    98.364352138545));
#3352 = CARTESIAN_POINT('',(-38.85911523573,-5.670707919931E-06,
    98.517088479654));
#3353 = CARTESIAN_POINT('',(-38.52589374471,-5.670707919931E-06,
    98.656122321696));
#3354 = CARTESIAN_POINT('',(-38.1877087122,-5.670707919931E-06,
    98.782354475465));
#3355 = CARTESIAN_POINT('',(-37.8455128247,-5.670707919931E-06,
    98.89669050132));
#3356 = CARTESIAN_POINT('',(-37.49999994465,-5.670707919931E-06,99.));
#3357 = PCURVE('',#1932,#3358);
#3358 = DEFINITIONAL_REPRESENTATION('',(#3359),#3372);
#3359 = B_SPLINE_CURVE_WITH_KNOTS('',6,(#3360,#3361,#3362,#3363,#3364,
    #3365,#3366,#3367,#3368,#3369,#3370,#3371),.UNSPECIFIED.,.F.,.F.,(7,
    5,7),(0.,0.324816013674,1.),.UNSPECIFIED.);
#3360 = CARTESIAN_POINT('',(6.500002435752,0.962407205286));
#3361 = CARTESIAN_POINT('',(6.500002433332,0.964635805237));
#3362 = CARTESIAN_POINT('',(6.500002431035,0.966841217031));
#3363 = CARTESIAN_POINT('',(6.50000242886,0.969022394837));
#3364 = CARTESIAN_POINT('',(6.500002426802,0.971178591808));
#3365 = CARTESIAN_POINT('',(6.50000242486,0.973309320328));
#3366 = CARTESIAN_POINT('',(6.500002419221,0.979789887298));
#3367 = CARTESIAN_POINT('',(6.500002415894,0.98405394406));
#3368 = CARTESIAN_POINT('',(6.500002413015,0.988204730963));
#3369 = CARTESIAN_POINT('',(6.500002410548,0.992243572485));
#3370 = CARTESIAN_POINT('',(6.500002408461,0.996173722271));
#3371 = CARTESIAN_POINT('',(6.500002406723,1.));
#3372 = ( GEOMETRIC_REPRESENTATION_CONTEXT(2) 
PARAMETRIC_REPRESENTATION_CONTEXT() REPRESENTATION_CONTEXT('2D SPACE',''
  ) );
#3373 = PCURVE('',#3299,#3374);
#3374 = DEFINITIONAL_REPRESENTATION('',(#3375),#3388);
#3375 = B_SPLINE_CURVE_WITH_KNOTS('',6,(#3376,#3377,#3378,#3379,#3380,
    #3381,#3382,#3383,#3384,#3385,#3386,#3387),.UNSPECIFIED.,.F.,.F.,(7,
    5,7),(0.,0.324816013674,1.),.UNSPECIFIED.);
#3376 = CARTESIAN_POINT('',(-44.83165868901,-40.39856359959));
#3377 = CARTESIAN_POINT('',(-44.92950894425,-40.255304475));
#3378 = CARTESIAN_POINT('',(-45.02376956678,-40.1095933946));
#3379 = CARTESIAN_POINT('',(-45.11447572029,-39.96161914814));
#3380 = CARTESIAN_POINT('',(-45.20168368068,-39.81156384538));
#3381 = CARTESIAN_POINT('',(-45.28546519778,-39.6595994991));
#3382 = CARTESIAN_POINT('',(-45.5331028018,-39.18636269862));
#3383 = CARTESIAN_POINT('',(-45.68583914291,-38.85929995616));
#3384 = CARTESIAN_POINT('',(-45.82487298495,-38.52607846515));
#3385 = CARTESIAN_POINT('',(-45.95110513872,-38.18789343263));
#3386 = CARTESIAN_POINT('',(-46.06544116457,-37.84569754513));
#3387 = CARTESIAN_POINT('',(-46.16875066325,-37.50018466508));
#3388 = ( GEOMETRIC_REPRESENTATION_CONTEXT(2) 
PARAMETRIC_REPRESENTATION_CONTEXT() REPRESENTATION_CONTEXT('2D SPACE',''
  ) );
#3389 = ORIENTED_EDGE('',*,*,#3132,.F.);
#3390 = ORIENTED_EDGE('',*,*,#1915,.T.);
#3391 = ORIENTED_EDGE('',*,*,#3392,.F.);
#3392 = EDGE_CURVE('',#3341,#1872,#3393,.T.);
#3393 = SURFACE_CURVE('',#3394,(#3406,#3413),.PCURVE_S1.);
#3394 = B_SPLINE_CURVE_WITH_KNOTS('',10,(#3395,#3396,#3397,#3398,#3399,
    #3400,#3401,#3402,#3403,#3404,#3405),.UNSPECIFIED.,.F.,.F.,(11,11),(
    6.,7.),.PIECEWISE_BEZIER_KNOTS.);
#3395 = CARTESIAN_POINT('',(-36.75,0.75,99.));
#3396 = CARTESIAN_POINT('',(-36.98561944901,0.75,99.));
#3397 = CARTESIAN_POINT('',(-37.22124107155,0.667753520049,99.));
#3398 = CARTESIAN_POINT('',(-37.42455043143,0.503258522416,99.));
#3399 = CARTESIAN_POINT('',(-37.56330541722,0.271019590411,99.));
#3400 = CARTESIAN_POINT('',(-37.61268047281,-3.863576125696E-15,99.));
#3401 = CARTESIAN_POINT('',(-37.56330541722,-0.271019590411,99.));
#3402 = CARTESIAN_POINT('',(-37.42455043143,-0.503258522416,99.));
#3403 = CARTESIAN_POINT('',(-37.22124107156,-0.667753520049,99.));
#3404 = CARTESIAN_POINT('',(-36.98561944901,-0.75,99.));
#3405 = CARTESIAN_POINT('',(-36.75,-0.75,99.));
#3406 = PCURVE('',#1932,#3407);
#3407 = DEFINITIONAL_REPRESENTATION('',(#3408),#3412);
#3408 = LINE('',#3409,#3410);
#3409 = CARTESIAN_POINT('',(0.,1.));
#3410 = VECTOR('',#3411,1.);
#3411 = DIRECTION('',(1.,0.));
#3412 = ( GEOMETRIC_REPRESENTATION_CONTEXT(2) 
PARAMETRIC_REPRESENTATION_CONTEXT() REPRESENTATION_CONTEXT('2D SPACE',''
  ) );
#3413 = PCURVE('',#3414,#3419);
#3414 = CYLINDRICAL_SURFACE('',#3415,0.75);
#3415 = AXIS2_PLACEMENT_3D('',#3416,#3417,#3418);
#3416 = CARTESIAN_POINT('',(-36.75,0.,99.));
#3417 = DIRECTION('',(0.,-0.,-1.));
#3418 = DIRECTION('',(0.,-1.,0.));
#3419 = DEFINITIONAL_REPRESENTATION('',(#3420),#3423);
#3420 = B_SPLINE_CURVE_WITH_KNOTS('',1,(#3421,#3422),.UNSPECIFIED.,.F.,
  .F.,(2,2),(6.,7.),.PIECEWISE_BEZIER_KNOTS.);
#3421 = CARTESIAN_POINT('',(3.14159265359,0.));
#3422 = CARTESIAN_POINT('',(0.,0.));
#3423 = ( GEOMETRIC_REPRESENTATION_CONTEXT(2) 
PARAMETRIC_REPRESENTATION_CONTEXT() REPRESENTATION_CONTEXT('2D SPACE',''
  ) );
#3424 = ADVANCED_FACE('',(#3425),#1895,.F.);
#3425 = FACE_BOUND('',#3426,.F.);
#3426 = EDGE_LOOP('',(#3427,#3428,#3456,#3484,#3505,#3506,#3507,#3508));
#3427 = ORIENTED_EDGE('',*,*,#2703,.T.);
#3428 = ORIENTED_EDGE('',*,*,#3429,.T.);
#3429 = EDGE_CURVE('',#2635,#3430,#3432,.T.);
#3430 = VERTEX_POINT('',#3431);
#3431 = CARTESIAN_POINT('',(36.75,-0.75,107.5));
#3432 = SURFACE_CURVE('',#3433,(#3437,#3444),.PCURVE_S1.);
#3433 = LINE('',#3434,#3435);
#3434 = CARTESIAN_POINT('',(36.75,-0.75,99.));
#3435 = VECTOR('',#3436,1.);
#3436 = DIRECTION('',(0.,0.,1.));
#3437 = PCURVE('',#1895,#3438);
#3438 = DEFINITIONAL_REPRESENTATION('',(#3439),#3443);
#3439 = LINE('',#3440,#3441);
#3440 = CARTESIAN_POINT('',(0.,-0.));
#3441 = VECTOR('',#3442,1.);
#3442 = DIRECTION('',(0.,-1.));
#3443 = ( GEOMETRIC_REPRESENTATION_CONTEXT(2) 
PARAMETRIC_REPRESENTATION_CONTEXT() REPRESENTATION_CONTEXT('2D SPACE',''
  ) );
#3444 = PCURVE('',#3445,#3450);
#3445 = CYLINDRICAL_SURFACE('',#3446,0.75);
#3446 = AXIS2_PLACEMENT_3D('',#3447,#3448,#3449);
#3447 = CARTESIAN_POINT('',(36.75,0.,99.));
#3448 = DIRECTION('',(0.,0.,-1.));
#3449 = DIRECTION('',(0.,1.,0.));
#3450 = DEFINITIONAL_REPRESENTATION('',(#3451),#3455);
#3451 = LINE('',#3452,#3453);
#3452 = CARTESIAN_POINT('',(3.14159265359,0.));
#3453 = VECTOR('',#3454,1.);
#3454 = DIRECTION('',(0.,-1.));
#3455 = ( GEOMETRIC_REPRESENTATION_CONTEXT(2) 
PARAMETRIC_REPRESENTATION_CONTEXT() REPRESENTATION_CONTEXT('2D SPACE',''
  ) );
#3456 = ORIENTED_EDGE('',*,*,#3457,.T.);
#3457 = EDGE_CURVE('',#3430,#3458,#3460,.T.);
#3458 = VERTEX_POINT('',#3459);
#3459 = CARTESIAN_POINT('',(-36.75,-0.75,107.5));
#3460 = SURFACE_CURVE('',#3461,(#3465,#3472),.PCURVE_S1.);
#3461 = LINE('',#3462,#3463);
#3462 = CARTESIAN_POINT('',(36.75,-0.75,107.5));
#3463 = VECTOR('',#3464,1.);
#3464 = DIRECTION('',(-1.,0.,0.));
#3465 = PCURVE('',#1895,#3466);
#3466 = DEFINITIONAL_REPRESENTATION('',(#3467),#3471);
#3467 = LINE('',#3468,#3469);
#3468 = CARTESIAN_POINT('',(0.,-8.5));
#3469 = VECTOR('',#3470,1.);
#3470 = DIRECTION('',(1.,0.));
#3471 = ( GEOMETRIC_REPRESENTATION_CONTEXT(2) 
PARAMETRIC_REPRESENTATION_CONTEXT() REPRESENTATION_CONTEXT('2D SPACE',''
  ) );
#3472 = PCURVE('',#3473,#3478);
#3473 = PLANE('',#3474);
#3474 = AXIS2_PLACEMENT_3D('',#3475,#3476,#3477);
#3475 = CARTESIAN_POINT('',(36.75,-2.25,109.));
#3476 = DIRECTION('',(0.,0.707106781187,0.707106781187));
#3477 = DIRECTION('',(-1.,0.,0.));
#3478 = DEFINITIONAL_REPRESENTATION('',(#3479),#3483);
#3479 = LINE('',#3480,#3481);
#3480 = CARTESIAN_POINT('',(0.,-2.12132034356));
#3481 = VECTOR('',#3482,1.);
#3482 = DIRECTION('',(1.,0.));
#3483 = ( GEOMETRIC_REPRESENTATION_CONTEXT(2) 
PARAMETRIC_REPRESENTATION_CONTEXT() REPRESENTATION_CONTEXT('2D SPACE',''
  ) );
#3484 = ORIENTED_EDGE('',*,*,#3485,.F.);
#3485 = EDGE_CURVE('',#1872,#3458,#3486,.T.);
#3486 = SURFACE_CURVE('',#3487,(#3491,#3498),.PCURVE_S1.);
#3487 = LINE('',#3488,#3489);
#3488 = CARTESIAN_POINT('',(-36.75,-0.75,99.));
#3489 = VECTOR('',#3490,1.);
#3490 = DIRECTION('',(0.,0.,1.));
#3491 = PCURVE('',#1895,#3492);
#3492 = DEFINITIONAL_REPRESENTATION('',(#3493),#3497);
#3493 = LINE('',#3494,#3495);
#3494 = CARTESIAN_POINT('',(73.5,0.));
#3495 = VECTOR('',#3496,1.);
#3496 = DIRECTION('',(0.,-1.));
#3497 = ( GEOMETRIC_REPRESENTATION_CONTEXT(2) 
PARAMETRIC_REPRESENTATION_CONTEXT() REPRESENTATION_CONTEXT('2D SPACE',''
  ) );
#3498 = PCURVE('',#3414,#3499);
#3499 = DEFINITIONAL_REPRESENTATION('',(#3500),#3504);
#3500 = LINE('',#3501,#3502);
#3501 = CARTESIAN_POINT('',(0.,0.));
#3502 = VECTOR('',#3503,1.);
#3503 = DIRECTION('',(0.,-1.));
#3504 = ( GEOMETRIC_REPRESENTATION_CONTEXT(2) 
PARAMETRIC_REPRESENTATION_CONTEXT() REPRESENTATION_CONTEXT('2D SPACE',''
  ) );
#3505 = ORIENTED_EDGE('',*,*,#1871,.T.);
#3506 = ORIENTED_EDGE('',*,*,#2229,.T.);
#3507 = ORIENTED_EDGE('',*,*,#2295,.T.);
#3508 = ORIENTED_EDGE('',*,*,#2361,.T.);
#3509 = ADVANCED_FACE('',(#3510),#2651,.F.);
#3510 = FACE_BOUND('',#3511,.F.);
#3511 = EDGE_LOOP('',(#3512,#3513,#3514,#3582));
#3512 = ORIENTED_EDGE('',*,*,#2634,.F.);
#3513 = ORIENTED_EDGE('',*,*,#3036,.F.);
#3514 = ORIENTED_EDGE('',*,*,#3515,.T.);
#3515 = EDGE_CURVE('',#3011,#3516,#3518,.T.);
#3516 = VERTEX_POINT('',#3517);
#3517 = CARTESIAN_POINT('',(37.499999944657,-5.670707919986E-06,99.));
#3518 = SURFACE_CURVE('',#3519,(#3538,#3560),.PCURVE_S1.);
#3519 = B_SPLINE_CURVE_WITH_KNOTS('',5,(#3520,#3521,#3522,#3523,#3524,
    #3525,#3526,#3527,#3528,#3529,#3530,#3531,#3532,#3533,#3534,#3535,
    #3536,#3537),.UNSPECIFIED.,.F.,.F.,(6,4,4,4,6),(0.,0.233745435443,
    0.476856751384,0.732073902092,1.),.UNSPECIFIED.);
#3520 = CARTESIAN_POINT('',(40.398461158838,-5.670707919931E-06,
    97.662749791701));
#3521 = CARTESIAN_POINT('',(40.274751951058,-5.670707919931E-06,
    97.747259417339));
#3522 = CARTESIAN_POINT('',(40.149137394266,-5.670707919931E-06,
    97.828980284334));
#3523 = CARTESIAN_POINT('',(40.021758281043,-5.670707919931E-06,
    97.907938406904));
#3524 = CARTESIAN_POINT('',(39.892750140383,-5.670707919931E-06,
    97.984177025991));
#3525 = CARTESIAN_POINT('',(39.626498335513,-5.670707919931E-06,
    98.134270420115));
#3526 = CARTESIAN_POINT('',(39.489131788296,-5.670707919931E-06,
    98.207906892426));
#3527 = CARTESIAN_POINT('',(39.350281236643,-5.670707919931E-06,
    98.278721077924));
#3528 = CARTESIAN_POINT('',(39.210076644009,-5.670707919931E-06,
    98.346783405695));
#3529 = CARTESIAN_POINT('',(38.92015226771,-5.670707919931E-06,
    98.480818316003));
#3530 = CARTESIAN_POINT('',(38.770306395831,-5.670707919931E-06,
    98.546517341355));
#3531 = CARTESIAN_POINT('',(38.619234196899,-5.670707919931E-06,
    98.609361065377));
#3532 = CARTESIAN_POINT('',(38.467056699929,-5.670707919931E-06,
    98.669443687692));
#3533 = CARTESIAN_POINT('',(38.153075939763,-5.670707919931E-06,
    98.7871404346));
#3534 = CARTESIAN_POINT('',(37.991171092031,-5.670707919931E-06,
    98.844482049736));
#3535 = CARTESIAN_POINT('',(37.82828810269,-5.670707919931E-06,
    98.898999436526));
#3536 = CARTESIAN_POINT('',(37.664533918883,-5.670707919931E-06,
    98.950802721793));
#3537 = CARTESIAN_POINT('',(37.499999944657,-5.670707919931E-06,99.));
#3538 = PCURVE('',#2651,#3539);
#3539 = DEFINITIONAL_REPRESENTATION('',(#3540),#3559);
#3540 = B_SPLINE_CURVE_WITH_KNOTS('',5,(#3541,#3542,#3543,#3544,#3545,
    #3546,#3547,#3548,#3549,#3550,#3551,#3552,#3553,#3554,#3555,#3556,
    #3557,#3558),.UNSPECIFIED.,.F.,.F.,(6,4,4,4,6),(0.,0.233745435443,
    0.476856751384,0.732073902092,1.),.UNSPECIFIED.);
#3541 = CARTESIAN_POINT('',(0.49472854772,0.962403601472));
#3542 = CARTESIAN_POINT('',(0.494954773658,0.96432829219));
#3543 = CARTESIAN_POINT('',(0.495184239243,0.966234970841));
#3544 = CARTESIAN_POINT('',(0.495416702795,0.968122854707));
#3545 = CARTESIAN_POINT('',(0.49565193374,0.969991403556));
#3546 = CARTESIAN_POINT('',(0.496137032743,0.973763222775));
#3547 = CARTESIAN_POINT('',(0.496387109617,0.975664880092));
#3548 = CARTESIAN_POINT('',(0.496639710484,0.97754487327));
#3549 = CARTESIAN_POINT('',(0.496894617726,0.979403023427));
#3550 = CARTESIAN_POINT('',(0.497421451815,0.983167104437));
#3551 = CARTESIAN_POINT('',(0.497693593884,0.985070797975));
#3552 = CARTESIAN_POINT('',(0.497967836587,0.986950443239));
#3553 = CARTESIAN_POINT('',(0.498243980904,0.988806208612));
#3554 = CARTESIAN_POINT('',(0.498813564271,0.992561852848));
#3555 = CARTESIAN_POINT('',(0.499107179031,0.994459316652));
#3556 = CARTESIAN_POINT('',(0.499402499092,0.996331170718));
#3557 = CARTESIAN_POINT('',(0.499699352245,0.998177878585));
#3558 = CARTESIAN_POINT('',(0.499997593277,1.));
#3559 = ( GEOMETRIC_REPRESENTATION_CONTEXT(2) 
PARAMETRIC_REPRESENTATION_CONTEXT() REPRESENTATION_CONTEXT('2D SPACE',''
  ) );
#3560 = PCURVE('',#3025,#3561);
#3561 = DEFINITIONAL_REPRESENTATION('',(#3562),#3581);
#3562 = B_SPLINE_CURVE_WITH_KNOTS('',5,(#3563,#3564,#3565,#3566,#3567,
    #3568,#3569,#3570,#3571,#3572,#3573,#3574,#3575,#3576,#3577,#3578,
    #3579,#3580),.UNSPECIFIED.,.F.,.F.,(6,4,4,4,6),(0.,0.233745435443,
    0.476856751384,0.732073902092,1.),.UNSPECIFIED.);
#3563 = CARTESIAN_POINT('',(-44.83150045495,40.398276438406));
#3564 = CARTESIAN_POINT('',(-44.91601008059,40.274567230626));
#3565 = CARTESIAN_POINT('',(-44.99773094759,40.148952673834));
#3566 = CARTESIAN_POINT('',(-45.07668907016,40.021573560611));
#3567 = CARTESIAN_POINT('',(-45.15292768924,39.892565419951));
#3568 = CARTESIAN_POINT('',(-45.30302108337,39.626313615082));
#3569 = CARTESIAN_POINT('',(-45.37665755568,39.488947067865));
#3570 = CARTESIAN_POINT('',(-45.44747174118,39.350096516212));
#3571 = CARTESIAN_POINT('',(-45.51553406895,39.209891923577));
#3572 = CARTESIAN_POINT('',(-45.64956897925,38.919967547278));
#3573 = CARTESIAN_POINT('',(-45.71526800461,38.770121675399));
#3574 = CARTESIAN_POINT('',(-45.77811172863,38.619049476467));
#3575 = CARTESIAN_POINT('',(-45.83819435094,38.466871979498));
#3576 = CARTESIAN_POINT('',(-45.95589109785,38.152891219331));
#3577 = CARTESIAN_POINT('',(-46.01323271299,37.990986371599));
#3578 = CARTESIAN_POINT('',(-46.06775009978,37.828103382259));
#3579 = CARTESIAN_POINT('',(-46.11955338505,37.664349198451));
#3580 = CARTESIAN_POINT('',(-46.16875066325,37.499815224225));
#3581 = ( GEOMETRIC_REPRESENTATION_CONTEXT(2) 
PARAMETRIC_REPRESENTATION_CONTEXT() REPRESENTATION_CONTEXT('2D SPACE',''
  ) );
#3582 = ORIENTED_EDGE('',*,*,#3583,.F.);
#3583 = EDGE_CURVE('',#2635,#3516,#3584,.T.);
#3584 = SURFACE_CURVE('',#3585,(#3597,#3604),.PCURVE_S1.);
#3585 = B_SPLINE_CURVE_WITH_KNOTS('',10,(#3586,#3587,#3588,#3589,#3590,
    #3591,#3592,#3593,#3594,#3595,#3596),.UNSPECIFIED.,.F.,.F.,(11,11),(
    0.,1.),.PIECEWISE_BEZIER_KNOTS.);
#3586 = CARTESIAN_POINT('',(36.75,-0.75,99.));
#3587 = CARTESIAN_POINT('',(36.985619449019,-0.75,99.));
#3588 = CARTESIAN_POINT('',(37.221241071558,-0.667753520049,99.));
#3589 = CARTESIAN_POINT('',(37.424550431438,-0.503258522416,99.));
#3590 = CARTESIAN_POINT('',(37.563305417225,-0.271019590411,99.));
#3591 = CARTESIAN_POINT('',(37.612680472819,3.869127240819E-15,99.));
#3592 = CARTESIAN_POINT('',(37.563305417228,0.271019590411,99.));
#3593 = CARTESIAN_POINT('',(37.424550431434,0.503258522416,99.));
#3594 = CARTESIAN_POINT('',(37.22124107156,0.667753520049,99.));
#3595 = CARTESIAN_POINT('',(36.985619449019,0.75,99.));
#3596 = CARTESIAN_POINT('',(36.75,0.75,99.));
#3597 = PCURVE('',#2651,#3598);
#3598 = DEFINITIONAL_REPRESENTATION('',(#3599),#3603);
#3599 = LINE('',#3600,#3601);
#3600 = CARTESIAN_POINT('',(0.,1.));
#3601 = VECTOR('',#3602,1.);
#3602 = DIRECTION('',(1.,0.));
#3603 = ( GEOMETRIC_REPRESENTATION_CONTEXT(2) 
PARAMETRIC_REPRESENTATION_CONTEXT() REPRESENTATION_CONTEXT('2D SPACE',''
  ) );
#3604 = PCURVE('',#3445,#3605);
#3605 = DEFINITIONAL_REPRESENTATION('',(#3606),#3609);
#3606 = B_SPLINE_CURVE_WITH_KNOTS('',1,(#3607,#3608),.UNSPECIFIED.,.F.,
  .F.,(2,2),(0.,1.),.PIECEWISE_BEZIER_KNOTS.);
#3607 = CARTESIAN_POINT('',(3.14159265359,0.));
#3608 = CARTESIAN_POINT('',(0.,0.));
#3609 = ( GEOMETRIC_REPRESENTATION_CONTEXT(2) 
PARAMETRIC_REPRESENTATION_CONTEXT() REPRESENTATION_CONTEXT('2D SPACE',''
  ) );
#3610 = ADVANCED_FACE('',(#3611),#2937,.F.);
#3611 = FACE_BOUND('',#3612,.F.);
#3612 = EDGE_LOOP('',(#3613));
#3613 = ORIENTED_EDGE('',*,*,#2922,.T.);
#3614 = ADVANCED_FACE('',(#3615),#2992,.F.);
#3615 = FACE_BOUND('',#3616,.F.);
#3616 = EDGE_LOOP('',(#3617));
#3617 = ORIENTED_EDGE('',*,*,#2977,.T.);
#3618 = ADVANCED_FACE('',(#3619),#3025,.F.);
#3619 = FACE_BOUND('',#3620,.F.);
#3620 = EDGE_LOOP('',(#3621,#3622,#3643,#3677,#3696));
#3621 = ORIENTED_EDGE('',*,*,#3008,.F.);
#3622 = ORIENTED_EDGE('',*,*,#3623,.F.);
#3623 = EDGE_CURVE('',#3624,#3009,#3626,.T.);
#3624 = VERTEX_POINT('',#3625);
#3625 = CARTESIAN_POINT('',(38.999999999993,-5.670707920092E-06,109.));
#3626 = SURFACE_CURVE('',#3627,(#3631,#3637),.PCURVE_S1.);
#3627 = LINE('',#3628,#3629);
#3628 = CARTESIAN_POINT('',(9.236021589894E-05,-5.670707919931E-06,109.)
  );
#3629 = VECTOR('',#3630,1.);
#3630 = DIRECTION('',(1.,0.,0.));
#3631 = PCURVE('',#3025,#3632);
#3632 = DEFINITIONAL_REPRESENTATION('',(#3633),#3636);
#3633 = B_SPLINE_CURVE_WITH_KNOTS('',1,(#3634,#3635),.UNSPECIFIED.,.F.,
  .F.,(2,2),(-39.75009236021,39.749907639784),.PIECEWISE_BEZIER_KNOTS.);
#3634 = CARTESIAN_POINT('',(-56.16875066325,-39.75018472043));
#3635 = CARTESIAN_POINT('',(-56.16875066325,39.749815279568));
#3636 = ( GEOMETRIC_REPRESENTATION_CONTEXT(2) 
PARAMETRIC_REPRESENTATION_CONTEXT() REPRESENTATION_CONTEXT('2D SPACE',''
  ) );
#3637 = PCURVE('',#3325,#3638);
#3638 = DEFINITIONAL_REPRESENTATION('',(#3639),#3642);
#3639 = B_SPLINE_CURVE_WITH_KNOTS('',1,(#3640,#3641),.UNSPECIFIED.,.F.,
  .F.,(2,2),(-39.75009236021,39.749907639784),.PIECEWISE_BEZIER_KNOTS.);
#3640 = CARTESIAN_POINT('',(-39.75,-5.67070792051E-06));
#3641 = CARTESIAN_POINT('',(39.75,-5.67070792051E-06));
#3642 = ( GEOMETRIC_REPRESENTATION_CONTEXT(2) 
PARAMETRIC_REPRESENTATION_CONTEXT() REPRESENTATION_CONTEXT('2D SPACE',''
  ) );
#3643 = ORIENTED_EDGE('',*,*,#3644,.T.);
#3644 = EDGE_CURVE('',#3624,#3645,#3647,.T.);
#3645 = VERTEX_POINT('',#3646);
#3646 = CARTESIAN_POINT('',(37.499999999979,-5.670707919969E-06,107.5));
#3647 = SURFACE_CURVE('',#3648,(#3653,#3660),.PCURVE_S1.);
#3648 = HYPERBOLA('',#3649,5.670707919931E-06,5.670707919931E-06);
#3649 = AXIS2_PLACEMENT_3D('',#3650,#3651,#3652);
#3650 = CARTESIAN_POINT('',(36.75,-5.670707919931E-06,106.75));
#3651 = DIRECTION('',(-0.,-1.,0.));
#3652 = DIRECTION('',(0.,-0.,1.));
#3653 = PCURVE('',#3025,#3654);
#3654 = DEFINITIONAL_REPRESENTATION('',(#3655),#3659);
#3655 = ( BOUNDED_CURVE() B_SPLINE_CURVE(2,(#3656,#3657,#3658),
.UNSPECIFIED.,.F.,.F.) B_SPLINE_CURVE_WITH_KNOTS((3,3),(-13.58427399119,
-12.4856617025),.PIECEWISE_BEZIER_KNOTS.) CURVE() 
GEOMETRIC_REPRESENTATION_ITEM() RATIONAL_B_SPLINE_CURVE((1.,
1.154700538383,1.)) REPRESENTATION_ITEM('') );
#3656 = CARTESIAN_POINT('',(-56.16875066325,38.999815279561));
#3657 = CARTESIAN_POINT('',(-55.04375066324,37.87481527955));
#3658 = CARTESIAN_POINT('',(-54.66875066325,37.499815279547));
#3659 = ( GEOMETRIC_REPRESENTATION_CONTEXT(2) 
PARAMETRIC_REPRESENTATION_CONTEXT() REPRESENTATION_CONTEXT('2D SPACE',''
  ) );
#3660 = PCURVE('',#3661,#3666);
#3661 = CONICAL_SURFACE('',#3662,0.75,0.785398163397);
#3662 = AXIS2_PLACEMENT_3D('',#3663,#3664,#3665);
#3663 = CARTESIAN_POINT('',(36.75,0.,107.5));
#3664 = DIRECTION('',(-0.,-0.,1.));
#3665 = DIRECTION('',(0.,1.,0.));
#3666 = DEFINITIONAL_REPRESENTATION('',(#3667),#3676);
#3667 = B_SPLINE_CURVE_WITH_KNOTS('',7,(#3668,#3669,#3670,#3671,#3672,
    #3673,#3674,#3675),.UNSPECIFIED.,.F.,.F.,(8,8),(-13.58427399119,
    -12.4856617025),.PIECEWISE_BEZIER_KNOTS.);
#3668 = CARTESIAN_POINT('',(-1.57079884711,1.5));
#3669 = CARTESIAN_POINT('',(-1.570799242659,1.146874621497));
#3670 = CARTESIAN_POINT('',(-1.570799710635,0.858407113042));
#3671 = CARTESIAN_POINT('',(-1.570800266953,0.620391574764));
#3672 = CARTESIAN_POINT('',(-1.570800931886,0.42251947216));
#3673 = CARTESIAN_POINT('',(-1.570801731718,0.256969477826));
#3674 = CARTESIAN_POINT('',(-1.570802701089,0.117708459498));
#3675 = CARTESIAN_POINT('',(-1.570803887739,4.440892098501E-16));
#3676 = ( GEOMETRIC_REPRESENTATION_CONTEXT(2) 
PARAMETRIC_REPRESENTATION_CONTEXT() REPRESENTATION_CONTEXT('2D SPACE',''
  ) );
#3677 = ORIENTED_EDGE('',*,*,#3678,.T.);
#3678 = EDGE_CURVE('',#3645,#3516,#3679,.T.);
#3679 = SURFACE_CURVE('',#3680,(#3684,#3690),.PCURVE_S1.);
#3680 = LINE('',#3681,#3682);
#3681 = CARTESIAN_POINT('',(37.499999999979,-5.670707919931E-06,99.));
#3682 = VECTOR('',#3683,1.);
#3683 = DIRECTION('',(0.,0.,-1.));
#3684 = PCURVE('',#3025,#3685);
#3685 = DEFINITIONAL_REPRESENTATION('',(#3686),#3689);
#3686 = B_SPLINE_CURVE_WITH_KNOTS('',1,(#3687,#3688),.UNSPECIFIED.,.F.,
  .F.,(2,2),(-8.5000006,6.000000070117E-07),.PIECEWISE_BEZIER_KNOTS.);
#3687 = CARTESIAN_POINT('',(-54.66875126325,37.499815279547));
#3688 = CARTESIAN_POINT('',(-46.16875006325,37.499815279547));
#3689 = ( GEOMETRIC_REPRESENTATION_CONTEXT(2) 
PARAMETRIC_REPRESENTATION_CONTEXT() REPRESENTATION_CONTEXT('2D SPACE',''
  ) );
#3690 = PCURVE('',#3445,#3691);
#3691 = DEFINITIONAL_REPRESENTATION('',(#3692),#3695);
#3692 = B_SPLINE_CURVE_WITH_KNOTS('',1,(#3693,#3694),.UNSPECIFIED.,.F.,
  .F.,(2,2),(-8.5000006,6.000000070117E-07),.PIECEWISE_BEZIER_KNOTS.);
#3693 = CARTESIAN_POINT('',(1.570803887739,-8.5000006));
#3694 = CARTESIAN_POINT('',(1.570803887739,6.000000070117E-07));
#3695 = ( GEOMETRIC_REPRESENTATION_CONTEXT(2) 
PARAMETRIC_REPRESENTATION_CONTEXT() REPRESENTATION_CONTEXT('2D SPACE',''
  ) );
#3696 = ORIENTED_EDGE('',*,*,#3515,.F.);
#3697 = ADVANCED_FACE('',(#3698),#3325,.T.);
#3698 = FACE_BOUND('',#3699,.T.);
#3699 = EDGE_LOOP('',(#3700,#3721,#3722,#3723,#3751,#3774));
#3700 = ORIENTED_EDGE('',*,*,#3701,.F.);
#3701 = EDGE_CURVE('',#3285,#3702,#3704,.T.);
#3702 = VERTEX_POINT('',#3703);
#3703 = CARTESIAN_POINT('',(-38.99999999999,-5.670707919868E-06,109.));
#3704 = SURFACE_CURVE('',#3705,(#3709,#3715),.PCURVE_S1.);
#3705 = LINE('',#3706,#3707);
#3706 = CARTESIAN_POINT('',(9.236021589894E-05,-5.670707919931E-06,109.)
  );
#3707 = VECTOR('',#3708,1.);
#3708 = DIRECTION('',(1.,0.,0.));
#3709 = PCURVE('',#3325,#3710);
#3710 = DEFINITIONAL_REPRESENTATION('',(#3711),#3714);
#3711 = B_SPLINE_CURVE_WITH_KNOTS('',1,(#3712,#3713),.UNSPECIFIED.,.F.,
  .F.,(2,2),(-39.75009236021,39.749907639784),.PIECEWISE_BEZIER_KNOTS.);
#3712 = CARTESIAN_POINT('',(-39.75,-5.67070792051E-06));
#3713 = CARTESIAN_POINT('',(39.75,-5.67070792051E-06));
#3714 = ( GEOMETRIC_REPRESENTATION_CONTEXT(2) 
PARAMETRIC_REPRESENTATION_CONTEXT() REPRESENTATION_CONTEXT('2D SPACE',''
  ) );
#3715 = PCURVE('',#3299,#3716);
#3716 = DEFINITIONAL_REPRESENTATION('',(#3717),#3720);
#3717 = B_SPLINE_CURVE_WITH_KNOTS('',1,(#3718,#3719),.UNSPECIFIED.,.F.,
  .F.,(2,2),(-39.75009236021,39.749907639784),.PIECEWISE_BEZIER_KNOTS.);
#3718 = CARTESIAN_POINT('',(-56.16875066325,-39.75018472043));
#3719 = CARTESIAN_POINT('',(-56.16875066325,39.749815279568));
#3720 = ( GEOMETRIC_REPRESENTATION_CONTEXT(2) 
PARAMETRIC_REPRESENTATION_CONTEXT() REPRESENTATION_CONTEXT('2D SPACE',''
  ) );
#3721 = ORIENTED_EDGE('',*,*,#3310,.T.);
#3722 = ORIENTED_EDGE('',*,*,#3623,.F.);
#3723 = ORIENTED_EDGE('',*,*,#3724,.T.);
#3724 = EDGE_CURVE('',#3624,#3725,#3727,.T.);
#3725 = VERTEX_POINT('',#3726);
#3726 = CARTESIAN_POINT('',(36.75,-2.25,109.));
#3727 = SURFACE_CURVE('',#3728,(#3733,#3744),.PCURVE_S1.);
#3728 = CIRCLE('',#3729,2.25);
#3729 = AXIS2_PLACEMENT_3D('',#3730,#3731,#3732);
#3730 = CARTESIAN_POINT('',(36.75,0.,109.));
#3731 = DIRECTION('',(0.,0.,-1.));
#3732 = DIRECTION('',(0.,1.,0.));
#3733 = PCURVE('',#3325,#3734);
#3734 = DEFINITIONAL_REPRESENTATION('',(#3735),#3743);
#3735 = ( BOUNDED_CURVE() B_SPLINE_CURVE(2,(#3736,#3737,#3738,#3739,
#3740,#3741,#3742),.UNSPECIFIED.,.T.,.F.) B_SPLINE_CURVE_WITH_KNOTS((1,2
    ,2,2,2,1),(-2.094395102393,0.,2.094395102393,4.188790204786,
6.28318530718,8.377580409573),.UNSPECIFIED.) CURVE() 
GEOMETRIC_REPRESENTATION_ITEM() RATIONAL_B_SPLINE_CURVE((1.,0.5,1.,0.5,
1.,0.5,1.)) REPRESENTATION_ITEM('') );
#3736 = CARTESIAN_POINT('',(36.75,2.25));
#3737 = CARTESIAN_POINT('',(40.64711431703,2.25));
#3738 = CARTESIAN_POINT('',(38.698557158515,-1.125));
#3739 = CARTESIAN_POINT('',(36.75,-4.5));
#3740 = CARTESIAN_POINT('',(34.801442841485,-1.125));
#3741 = CARTESIAN_POINT('',(32.85288568297,2.25));
#3742 = CARTESIAN_POINT('',(36.75,2.25));
#3743 = ( GEOMETRIC_REPRESENTATION_CONTEXT(2) 
PARAMETRIC_REPRESENTATION_CONTEXT() REPRESENTATION_CONTEXT('2D SPACE',''
  ) );
#3744 = PCURVE('',#3661,#3745);
#3745 = DEFINITIONAL_REPRESENTATION('',(#3746),#3750);
#3746 = LINE('',#3747,#3748);
#3747 = CARTESIAN_POINT('',(-0.,1.5));
#3748 = VECTOR('',#3749,1.);
#3749 = DIRECTION('',(-1.,0.));
#3750 = ( GEOMETRIC_REPRESENTATION_CONTEXT(2) 
PARAMETRIC_REPRESENTATION_CONTEXT() REPRESENTATION_CONTEXT('2D SPACE',''
  ) );
#3751 = ORIENTED_EDGE('',*,*,#3752,.T.);
#3752 = EDGE_CURVE('',#3725,#3753,#3755,.T.);
#3753 = VERTEX_POINT('',#3754);
#3754 = CARTESIAN_POINT('',(-36.75,-2.25,109.));
#3755 = SURFACE_CURVE('',#3756,(#3760,#3767),.PCURVE_S1.);
#3756 = LINE('',#3757,#3758);
#3757 = CARTESIAN_POINT('',(36.75,-2.25,109.));
#3758 = VECTOR('',#3759,1.);
#3759 = DIRECTION('',(-1.,0.,0.));
#3760 = PCURVE('',#3325,#3761);
#3761 = DEFINITIONAL_REPRESENTATION('',(#3762),#3766);
#3762 = LINE('',#3763,#3764);
#3763 = CARTESIAN_POINT('',(36.75,-2.25));
#3764 = VECTOR('',#3765,1.);
#3765 = DIRECTION('',(-1.,0.));
#3766 = ( GEOMETRIC_REPRESENTATION_CONTEXT(2) 
PARAMETRIC_REPRESENTATION_CONTEXT() REPRESENTATION_CONTEXT('2D SPACE',''
  ) );
#3767 = PCURVE('',#3473,#3768);
#3768 = DEFINITIONAL_REPRESENTATION('',(#3769),#3773);
#3769 = LINE('',#3770,#3771);
#3770 = CARTESIAN_POINT('',(0.,0.));
#3771 = VECTOR('',#3772,1.);
#3772 = DIRECTION('',(1.,0.));
#3773 = ( GEOMETRIC_REPRESENTATION_CONTEXT(2) 
PARAMETRIC_REPRESENTATION_CONTEXT() REPRESENTATION_CONTEXT('2D SPACE',''
  ) );
#3774 = ORIENTED_EDGE('',*,*,#3775,.T.);
#3775 = EDGE_CURVE('',#3753,#3702,#3776,.T.);
#3776 = SURFACE_CURVE('',#3777,(#3782,#3793),.PCURVE_S1.);
#3777 = CIRCLE('',#3778,2.25);
#3778 = AXIS2_PLACEMENT_3D('',#3779,#3780,#3781);
#3779 = CARTESIAN_POINT('',(-36.75,0.,109.));
#3780 = DIRECTION('',(0.,-0.,-1.));
#3781 = DIRECTION('',(0.,-1.,0.));
#3782 = PCURVE('',#3325,#3783);
#3783 = DEFINITIONAL_REPRESENTATION('',(#3784),#3792);
#3784 = ( BOUNDED_CURVE() B_SPLINE_CURVE(2,(#3785,#3786,#3787,#3788,
#3789,#3790,#3791),.UNSPECIFIED.,.T.,.F.) B_SPLINE_CURVE_WITH_KNOTS((1,2
    ,2,2,2,1),(-2.094395102393,0.,2.094395102393,4.188790204786,
6.28318530718,8.377580409573),.UNSPECIFIED.) CURVE() 
GEOMETRIC_REPRESENTATION_ITEM() RATIONAL_B_SPLINE_CURVE((1.,0.5,1.,0.5,
1.,0.5,1.)) REPRESENTATION_ITEM('') );
#3785 = CARTESIAN_POINT('',(-36.75,-2.25));
#3786 = CARTESIAN_POINT('',(-40.64711431703,-2.25));
#3787 = CARTESIAN_POINT('',(-38.69855715851,1.125));
#3788 = CARTESIAN_POINT('',(-36.75,4.5));
#3789 = CARTESIAN_POINT('',(-34.80144284148,1.125));
#3790 = CARTESIAN_POINT('',(-32.85288568297,-2.25));
#3791 = CARTESIAN_POINT('',(-36.75,-2.25));
#3792 = ( GEOMETRIC_REPRESENTATION_CONTEXT(2) 
PARAMETRIC_REPRESENTATION_CONTEXT() REPRESENTATION_CONTEXT('2D SPACE',''
  ) );
#3793 = PCURVE('',#3794,#3799);
#3794 = CONICAL_SURFACE('',#3795,0.75,0.785398163397);
#3795 = AXIS2_PLACEMENT_3D('',#3796,#3797,#3798);
#3796 = CARTESIAN_POINT('',(-36.75,0.,107.5));
#3797 = DIRECTION('',(-0.,0.,1.));
#3798 = DIRECTION('',(0.,-1.,0.));
#3799 = DEFINITIONAL_REPRESENTATION('',(#3800),#3804);
#3800 = LINE('',#3801,#3802);
#3801 = CARTESIAN_POINT('',(-0.,1.5));
#3802 = VECTOR('',#3803,1.);
#3803 = DIRECTION('',(-1.,0.));
#3804 = ( GEOMETRIC_REPRESENTATION_CONTEXT(2) 
PARAMETRIC_REPRESENTATION_CONTEXT() REPRESENTATION_CONTEXT('2D SPACE',''
  ) );
#3805 = ADVANCED_FACE('',(#3806),#3299,.F.);
#3806 = FACE_BOUND('',#3807,.F.);
#3807 = EDGE_LOOP('',(#3808,#3809,#3810,#3811,#3832));
#3808 = ORIENTED_EDGE('',*,*,#3701,.F.);
#3809 = ORIENTED_EDGE('',*,*,#3284,.T.);
#3810 = ORIENTED_EDGE('',*,*,#3340,.T.);
#3811 = ORIENTED_EDGE('',*,*,#3812,.F.);
#3812 = EDGE_CURVE('',#3813,#3341,#3815,.T.);
#3813 = VERTEX_POINT('',#3814);
#3814 = CARTESIAN_POINT('',(-37.49999999997,-5.670707919894E-06,107.5));
#3815 = SURFACE_CURVE('',#3816,(#3820,#3826),.PCURVE_S1.);
#3816 = LINE('',#3817,#3818);
#3817 = CARTESIAN_POINT('',(-37.49999999997,-5.670707919931E-06,99.));
#3818 = VECTOR('',#3819,1.);
#3819 = DIRECTION('',(0.,-0.,-1.));
#3820 = PCURVE('',#3299,#3821);
#3821 = DEFINITIONAL_REPRESENTATION('',(#3822),#3825);
#3822 = B_SPLINE_CURVE_WITH_KNOTS('',1,(#3823,#3824),.UNSPECIFIED.,.F.,
  .F.,(2,2),(-8.5000006,6.000000070117E-07),.PIECEWISE_BEZIER_KNOTS.);
#3823 = CARTESIAN_POINT('',(-54.66875126325,-37.50018472041));
#3824 = CARTESIAN_POINT('',(-46.16875006325,-37.50018472041));
#3825 = ( GEOMETRIC_REPRESENTATION_CONTEXT(2) 
PARAMETRIC_REPRESENTATION_CONTEXT() REPRESENTATION_CONTEXT('2D SPACE',''
  ) );
#3826 = PCURVE('',#3414,#3827);
#3827 = DEFINITIONAL_REPRESENTATION('',(#3828),#3831);
#3828 = B_SPLINE_CURVE_WITH_KNOTS('',1,(#3829,#3830),.UNSPECIFIED.,.F.,
  .F.,(2,2),(-8.5000006,6.000000070117E-07),.PIECEWISE_BEZIER_KNOTS.);
#3829 = CARTESIAN_POINT('',(1.570788765851,-8.5000006));
#3830 = CARTESIAN_POINT('',(1.570788765851,6.000000070117E-07));
#3831 = ( GEOMETRIC_REPRESENTATION_CONTEXT(2) 
PARAMETRIC_REPRESENTATION_CONTEXT() REPRESENTATION_CONTEXT('2D SPACE',''
  ) );
#3832 = ORIENTED_EDGE('',*,*,#3833,.T.);
#3833 = EDGE_CURVE('',#3813,#3702,#3834,.T.);
#3834 = SURFACE_CURVE('',#3835,(#3840,#3847),.PCURVE_S1.);
#3835 = HYPERBOLA('',#3836,5.670707919931E-06,5.670707919931E-06);
#3836 = AXIS2_PLACEMENT_3D('',#3837,#3838,#3839);
#3837 = CARTESIAN_POINT('',(-36.75,-5.670707919931E-06,106.75));
#3838 = DIRECTION('',(-0.,-1.,0.));
#3839 = DIRECTION('',(-0.,0.,1.));
#3840 = PCURVE('',#3299,#3841);
#3841 = DEFINITIONAL_REPRESENTATION('',(#3842),#3846);
#3842 = ( BOUNDED_CURVE() B_SPLINE_CURVE(2,(#3843,#3844,#3845),
.UNSPECIFIED.,.F.,.F.) B_SPLINE_CURVE_WITH_KNOTS((3,3),(12.485661702509,
13.58427399119),.PIECEWISE_BEZIER_KNOTS.) CURVE() 
GEOMETRIC_REPRESENTATION_ITEM() RATIONAL_B_SPLINE_CURVE((1.,
1.154700538383,1.)) REPRESENTATION_ITEM('') );
#3843 = CARTESIAN_POINT('',(-54.66875066325,-37.50018472041));
#3844 = CARTESIAN_POINT('',(-55.04375066324,-37.87518472041));
#3845 = CARTESIAN_POINT('',(-56.16875066325,-39.00018472042));
#3846 = ( GEOMETRIC_REPRESENTATION_CONTEXT(2) 
PARAMETRIC_REPRESENTATION_CONTEXT() REPRESENTATION_CONTEXT('2D SPACE',''
  ) );
#3847 = PCURVE('',#3794,#3848);
#3848 = DEFINITIONAL_REPRESENTATION('',(#3849),#3858);
#3849 = B_SPLINE_CURVE_WITH_KNOTS('',7,(#3850,#3851,#3852,#3853,#3854,
    #3855,#3856,#3857),.UNSPECIFIED.,.F.,.F.,(8,8),(12.485661702509,
    13.58427399119),.PIECEWISE_BEZIER_KNOTS.);
#3850 = CARTESIAN_POINT('',(-1.570788765851,4.440892098501E-16));
#3851 = CARTESIAN_POINT('',(-1.5707899525,0.117708459498));
#3852 = CARTESIAN_POINT('',(-1.570790921872,0.256969477826));
#3853 = CARTESIAN_POINT('',(-1.570791721704,0.42251947216));
#3854 = CARTESIAN_POINT('',(-1.570792386638,0.620391574764));
#3855 = CARTESIAN_POINT('',(-1.570792942955,0.858407113042));
#3856 = CARTESIAN_POINT('',(-1.57079341093,1.146874621497));
#3857 = CARTESIAN_POINT('',(-1.57079380648,1.5));
#3858 = ( GEOMETRIC_REPRESENTATION_CONTEXT(2) 
PARAMETRIC_REPRESENTATION_CONTEXT() REPRESENTATION_CONTEXT('2D SPACE',''
  ) );
#3859 = ADVANCED_FACE('',(#3860),#3414,.F.);
#3860 = FACE_BOUND('',#3861,.F.);
#3861 = EDGE_LOOP('',(#3862,#3863,#3864,#3865));
#3862 = ORIENTED_EDGE('',*,*,#3812,.T.);
#3863 = ORIENTED_EDGE('',*,*,#3392,.T.);
#3864 = ORIENTED_EDGE('',*,*,#3485,.T.);
#3865 = ORIENTED_EDGE('',*,*,#3866,.T.);
#3866 = EDGE_CURVE('',#3458,#3813,#3867,.T.);
#3867 = SURFACE_CURVE('',#3868,(#3873,#3880),.PCURVE_S1.);
#3868 = CIRCLE('',#3869,0.75);
#3869 = AXIS2_PLACEMENT_3D('',#3870,#3871,#3872);
#3870 = CARTESIAN_POINT('',(-36.75,0.,107.5));
#3871 = DIRECTION('',(0.,-0.,-1.));
#3872 = DIRECTION('',(0.,-1.,0.));
#3873 = PCURVE('',#3414,#3874);
#3874 = DEFINITIONAL_REPRESENTATION('',(#3875),#3879);
#3875 = LINE('',#3876,#3877);
#3876 = CARTESIAN_POINT('',(0.,-8.5));
#3877 = VECTOR('',#3878,1.);
#3878 = DIRECTION('',(1.,0.));
#3879 = ( GEOMETRIC_REPRESENTATION_CONTEXT(2) 
PARAMETRIC_REPRESENTATION_CONTEXT() REPRESENTATION_CONTEXT('2D SPACE',''
  ) );
#3880 = PCURVE('',#3794,#3881);
#3881 = DEFINITIONAL_REPRESENTATION('',(#3882),#3886);
#3882 = LINE('',#3883,#3884);
#3883 = CARTESIAN_POINT('',(-0.,0.));
#3884 = VECTOR('',#3885,1.);
#3885 = DIRECTION('',(-1.,0.));
#3886 = ( GEOMETRIC_REPRESENTATION_CONTEXT(2) 
PARAMETRIC_REPRESENTATION_CONTEXT() REPRESENTATION_CONTEXT('2D SPACE',''
  ) );
#3887 = ADVANCED_FACE('',(#3888),#3473,.T.);
#3888 = FACE_BOUND('',#3889,.T.);
#3889 = EDGE_LOOP('',(#3890,#3891,#3909,#3910));
#3890 = ORIENTED_EDGE('',*,*,#3457,.T.);
#3891 = ORIENTED_EDGE('',*,*,#3892,.T.);
#3892 = EDGE_CURVE('',#3458,#3753,#3893,.T.);
#3893 = SURFACE_CURVE('',#3894,(#3897,#3903),.PCURVE_S1.);
#3894 = B_SPLINE_CURVE_WITH_KNOTS('',1,(#3895,#3896),.UNSPECIFIED.,.F.,
  .F.,(2,2),(0.,1.),.PIECEWISE_BEZIER_KNOTS.);
#3895 = CARTESIAN_POINT('',(-36.75,-0.75,107.5));
#3896 = CARTESIAN_POINT('',(-36.75,-2.25,109.));
#3897 = PCURVE('',#3473,#3898);
#3898 = DEFINITIONAL_REPRESENTATION('',(#3899),#3902);
#3899 = B_SPLINE_CURVE_WITH_KNOTS('',1,(#3900,#3901),.UNSPECIFIED.,.F.,
  .F.,(2,2),(0.,1.),.PIECEWISE_BEZIER_KNOTS.);
#3900 = CARTESIAN_POINT('',(73.5,-2.12132034356));
#3901 = CARTESIAN_POINT('',(73.5,0.));
#3902 = ( GEOMETRIC_REPRESENTATION_CONTEXT(2) 
PARAMETRIC_REPRESENTATION_CONTEXT() REPRESENTATION_CONTEXT('2D SPACE',''
  ) );
#3903 = PCURVE('',#3794,#3904);
#3904 = DEFINITIONAL_REPRESENTATION('',(#3905),#3908);
#3905 = B_SPLINE_CURVE_WITH_KNOTS('',1,(#3906,#3907),.UNSPECIFIED.,.F.,
  .F.,(2,2),(0.,1.),.PIECEWISE_BEZIER_KNOTS.);
#3906 = CARTESIAN_POINT('',(0.,0.));
#3907 = CARTESIAN_POINT('',(0.,1.5));
#3908 = ( GEOMETRIC_REPRESENTATION_CONTEXT(2) 
PARAMETRIC_REPRESENTATION_CONTEXT() REPRESENTATION_CONTEXT('2D SPACE',''
  ) );
#3909 = ORIENTED_EDGE('',*,*,#3752,.F.);
#3910 = ORIENTED_EDGE('',*,*,#3911,.F.);
#3911 = EDGE_CURVE('',#3430,#3725,#3912,.T.);
#3912 = SURFACE_CURVE('',#3913,(#3916,#3922),.PCURVE_S1.);
#3913 = B_SPLINE_CURVE_WITH_KNOTS('',1,(#3914,#3915),.UNSPECIFIED.,.F.,
  .F.,(2,2),(0.,1.),.PIECEWISE_BEZIER_KNOTS.);
#3914 = CARTESIAN_POINT('',(36.75,-0.75,107.5));
#3915 = CARTESIAN_POINT('',(36.75,-2.25,109.));
#3916 = PCURVE('',#3473,#3917);
#3917 = DEFINITIONAL_REPRESENTATION('',(#3918),#3921);
#3918 = B_SPLINE_CURVE_WITH_KNOTS('',1,(#3919,#3920),.UNSPECIFIED.,.F.,
  .F.,(2,2),(0.,1.),.PIECEWISE_BEZIER_KNOTS.);
#3919 = CARTESIAN_POINT('',(0.,-2.12132034356));
#3920 = CARTESIAN_POINT('',(0.,0.));
#3921 = ( GEOMETRIC_REPRESENTATION_CONTEXT(2) 
PARAMETRIC_REPRESENTATION_CONTEXT() REPRESENTATION_CONTEXT('2D SPACE',''
  ) );
#3922 = PCURVE('',#3661,#3923);
#3923 = DEFINITIONAL_REPRESENTATION('',(#3924),#3927);
#3924 = B_SPLINE_CURVE_WITH_KNOTS('',1,(#3925,#3926),.UNSPECIFIED.,.F.,
  .F.,(2,2),(0.,1.),.PIECEWISE_BEZIER_KNOTS.);
#3925 = CARTESIAN_POINT('',(-3.14159265359,0.));
#3926 = CARTESIAN_POINT('',(-3.14159265359,1.5));
#3927 = ( GEOMETRIC_REPRESENTATION_CONTEXT(2) 
PARAMETRIC_REPRESENTATION_CONTEXT() REPRESENTATION_CONTEXT('2D SPACE',''
  ) );
#3928 = ADVANCED_FACE('',(#3929),#3445,.F.);
#3929 = FACE_BOUND('',#3930,.F.);
#3930 = EDGE_LOOP('',(#3931,#3932,#3933,#3934));
#3931 = ORIENTED_EDGE('',*,*,#3429,.F.);
#3932 = ORIENTED_EDGE('',*,*,#3583,.T.);
#3933 = ORIENTED_EDGE('',*,*,#3678,.F.);
#3934 = ORIENTED_EDGE('',*,*,#3935,.T.);
#3935 = EDGE_CURVE('',#3645,#3430,#3936,.T.);
#3936 = SURFACE_CURVE('',#3937,(#3942,#3949),.PCURVE_S1.);
#3937 = CIRCLE('',#3938,0.75);
#3938 = AXIS2_PLACEMENT_3D('',#3939,#3940,#3941);
#3939 = CARTESIAN_POINT('',(36.75,0.,107.5));
#3940 = DIRECTION('',(0.,0.,-1.));
#3941 = DIRECTION('',(0.,1.,0.));
#3942 = PCURVE('',#3445,#3943);
#3943 = DEFINITIONAL_REPRESENTATION('',(#3944),#3948);
#3944 = LINE('',#3945,#3946);
#3945 = CARTESIAN_POINT('',(0.,-8.5));
#3946 = VECTOR('',#3947,1.);
#3947 = DIRECTION('',(1.,0.));
#3948 = ( GEOMETRIC_REPRESENTATION_CONTEXT(2) 
PARAMETRIC_REPRESENTATION_CONTEXT() REPRESENTATION_CONTEXT('2D SPACE',''
  ) );
#3949 = PCURVE('',#3661,#3950);
#3950 = DEFINITIONAL_REPRESENTATION('',(#3951),#3955);
#3951 = LINE('',#3952,#3953);
#3952 = CARTESIAN_POINT('',(-0.,0.));
#3953 = VECTOR('',#3954,1.);
#3954 = DIRECTION('',(-1.,0.));
#3955 = ( GEOMETRIC_REPRESENTATION_CONTEXT(2) 
PARAMETRIC_REPRESENTATION_CONTEXT() REPRESENTATION_CONTEXT('2D SPACE',''
  ) );
#3956 = ADVANCED_FACE('',(#3957),#3661,.F.);
#3957 = FACE_BOUND('',#3958,.T.);
#3958 = EDGE_LOOP('',(#3959,#3960,#3961,#3962));
#3959 = ORIENTED_EDGE('',*,*,#3644,.T.);
#3960 = ORIENTED_EDGE('',*,*,#3935,.T.);
#3961 = ORIENTED_EDGE('',*,*,#3911,.T.);
#3962 = ORIENTED_EDGE('',*,*,#3724,.F.);
#3963 = ADVANCED_FACE('',(#3964),#3794,.F.);
#3964 = FACE_BOUND('',#3965,.T.);
#3965 = EDGE_LOOP('',(#3966,#3967,#3968,#3969));
#3966 = ORIENTED_EDGE('',*,*,#3892,.F.);
#3967 = ORIENTED_EDGE('',*,*,#3866,.T.);
#3968 = ORIENTED_EDGE('',*,*,#3833,.T.);
#3969 = ORIENTED_EDGE('',*,*,#3775,.F.);
#3970 = ( GEOMETRIC_REPRESENTATION_CONTEXT(3) 
GLOBAL_UNCERTAINTY_ASSIGNED_CONTEXT((#3974)) 
GLOBAL_UNIT_ASSIGNED_CONTEXT((#3971,#3972,#3973)) REPRESENTATION_CONTEXT
('Context #1','3D Context with UNIT and UNCERTAINTY') );
#3971 = ( LENGTH_UNIT() NAMED_UNIT(*) SI_UNIT(.MILLI.,.METRE.) );
#3972 = ( NAMED_UNIT(*) PLANE_ANGLE_UNIT() SI_UNIT($,.RADIAN.) );
#3973 = ( NAMED_UNIT(*) SI_UNIT($,.STERADIAN.) SOLID_ANGLE_UNIT() );
#3974 = UNCERTAINTY_MEASURE_WITH_UNIT(LENGTH_MEASURE(1.E-06),#3971,
  'distance_accuracy_value','confusion accuracy');
#3975 = CONTEXT_DEPENDENT_SHAPE_REPRESENTATION(#3976,#3978);
#3976 = ( REPRESENTATION_RELATIONSHIP('','',#36,#10) 
REPRESENTATION_RELATIONSHIP_WITH_TRANSFORMATION(#3977) 
SHAPE_REPRESENTATION_RELATIONSHIP() );
#3977 = ITEM_DEFINED_TRANSFORMATION('','',#11,#15);
#3978 = PRODUCT_DEFINITION_SHAPE('Placement','Placement of an item',
  #3979);
#3979 = NEXT_ASSEMBLY_USAGE_OCCURRENCE('1','Camada_01_Body_A','',#5,#31,
  $);
#3980 = PRODUCT_RELATED_PRODUCT_CATEGORY('part',$,(#33));
#3981 = SHAPE_DEFINITION_REPRESENTATION(#3982,#3988);
#3982 = PRODUCT_DEFINITION_SHAPE('','',#3983);
#3983 = PRODUCT_DEFINITION('design','',#3984,#3987);
#3984 = PRODUCT_DEFINITION_FORMATION('','',#3985);
#3985 = PRODUCT('Camada_02_Body_B','Camada_02_Body_B','',(#3986));
#3986 = PRODUCT_CONTEXT('',#2,'mechanical');
#3987 = PRODUCT_DEFINITION_CONTEXT('part definition',#2,'design');
#3988 = ADVANCED_BREP_SHAPE_REPRESENTATION('',(#11,#3989),#8124);
#3989 = MANIFOLD_SOLID_BREP('',#3990);
#3990 = CLOSED_SHELL('',(#3991,#4111,#4856,#5288,#5389,#5414,#5836,#5863
    ,#5983,#6342,#6408,#6474,#6540,#6889,#6985,#7035,#7089,#7096,#7445,
    #7556,#7641,#7724,#7803,#7935,#7959,#8013,#8041,#8082,#8110,#8117));
#3991 = ADVANCED_FACE('',(#3992),#4007,.T.);
#3992 = FACE_BOUND('',#3993,.F.);
#3993 = EDGE_LOOP('',(#3994,#4030,#4058,#4087));
#3994 = ORIENTED_EDGE('',*,*,#3995,.F.);
#3995 = EDGE_CURVE('',#3996,#3998,#4000,.T.);
#3996 = VERTEX_POINT('',#3997);
#3997 = CARTESIAN_POINT('',(46.5,0.,0.));
#3998 = VERTEX_POINT('',#3999);
#3999 = CARTESIAN_POINT('',(-46.5,-5.670707925532E-06,0.));
#4000 = SURFACE_CURVE('',#4001,(#4006,#4018),.PCURVE_S1.);
#4001 = CIRCLE('',#4002,46.5);
#4002 = AXIS2_PLACEMENT_3D('',#4003,#4004,#4005);
#4003 = CARTESIAN_POINT('',(0.,0.,0.));
#4004 = DIRECTION('',(0.,0.,1.));
#4005 = DIRECTION('',(1.,0.,0.));
#4006 = PCURVE('',#4007,#4012);
#4007 = CYLINDRICAL_SURFACE('',#4008,46.5);
#4008 = AXIS2_PLACEMENT_3D('',#4009,#4010,#4011);
#4009 = CARTESIAN_POINT('',(0.,0.,0.));
#4010 = DIRECTION('',(-0.,-0.,-1.));
#4011 = DIRECTION('',(1.,0.,0.));
#4012 = DEFINITIONAL_REPRESENTATION('',(#4013),#4017);
#4013 = LINE('',#4014,#4015);
#4014 = CARTESIAN_POINT('',(-0.,0.));
#4015 = VECTOR('',#4016,1.);
#4016 = DIRECTION('',(-1.,0.));
#4017 = ( GEOMETRIC_REPRESENTATION_CONTEXT(2) 
PARAMETRIC_REPRESENTATION_CONTEXT() REPRESENTATION_CONTEXT('2D SPACE',''
  ) );
#4018 = PCURVE('',#4019,#4024);
#4019 = PLANE('',#4020);
#4020 = AXIS2_PLACEMENT_3D('',#4021,#4022,#4023);
#4021 = CARTESIAN_POINT('',(-1.882068139409E-15,-1.61343992693E-17,0.));
#4022 = DIRECTION('',(0.,0.,1.));
#4023 = DIRECTION('',(1.,0.,-0.));
#4024 = DEFINITIONAL_REPRESENTATION('',(#4025),#4029);
#4025 = CIRCLE('',#4026,46.5);
#4026 = AXIS2_PLACEMENT_2D('',#4027,#4028);
#4027 = CARTESIAN_POINT('',(1.882068139409E-15,1.61343992693E-17));
#4028 = DIRECTION('',(1.,0.));
#4029 = ( GEOMETRIC_REPRESENTATION_CONTEXT(2) 
PARAMETRIC_REPRESENTATION_CONTEXT() REPRESENTATION_CONTEXT('2D SPACE',''
  ) );
#4030 = ORIENTED_EDGE('',*,*,#4031,.T.);
#4031 = EDGE_CURVE('',#3996,#4032,#4034,.T.);
#4032 = VERTEX_POINT('',#4033);
#4033 = CARTESIAN_POINT('',(46.5,0.,69.9));
#4034 = SURFACE_CURVE('',#4035,(#4039,#4046),.PCURVE_S1.);
#4035 = LINE('',#4036,#4037);
#4036 = CARTESIAN_POINT('',(46.5,0.,0.));
#4037 = VECTOR('',#4038,1.);
#4038 = DIRECTION('',(0.,0.,1.));
#4039 = PCURVE('',#4007,#4040);
#4040 = DEFINITIONAL_REPRESENTATION('',(#4041),#4045);
#4041 = LINE('',#4042,#4043);
#4042 = CARTESIAN_POINT('',(-0.,0.));
#4043 = VECTOR('',#4044,1.);
#4044 = DIRECTION('',(-0.,-1.));
#4045 = ( GEOMETRIC_REPRESENTATION_CONTEXT(2) 
PARAMETRIC_REPRESENTATION_CONTEXT() REPRESENTATION_CONTEXT('2D SPACE',''
  ) );
#4046 = PCURVE('',#4047,#4052);
#4047 = CYLINDRICAL_SURFACE('',#4048,46.5);
#4048 = AXIS2_PLACEMENT_3D('',#4049,#4050,#4051);
#4049 = CARTESIAN_POINT('',(0.,0.,0.));
#4050 = DIRECTION('',(-0.,-0.,-1.));
#4051 = DIRECTION('',(1.,0.,0.));
#4052 = DEFINITIONAL_REPRESENTATION('',(#4053),#4057);
#4053 = LINE('',#4054,#4055);
#4054 = CARTESIAN_POINT('',(-6.28318530718,0.));
#4055 = VECTOR('',#4056,1.);
#4056 = DIRECTION('',(-0.,-1.));
#4057 = ( GEOMETRIC_REPRESENTATION_CONTEXT(2) 
PARAMETRIC_REPRESENTATION_CONTEXT() REPRESENTATION_CONTEXT('2D SPACE',''
  ) );
#4058 = ORIENTED_EDGE('',*,*,#4059,.T.);
#4059 = EDGE_CURVE('',#4032,#4060,#4062,.T.);
#4060 = VERTEX_POINT('',#4061);
#4061 = CARTESIAN_POINT('',(-46.5,-5.670707925532E-06,69.9));
#4062 = SURFACE_CURVE('',#4063,(#4068,#4075),.PCURVE_S1.);
#4063 = CIRCLE('',#4064,46.5);
#4064 = AXIS2_PLACEMENT_3D('',#4065,#4066,#4067);
#4065 = CARTESIAN_POINT('',(0.,0.,69.9));
#4066 = DIRECTION('',(0.,0.,1.));
#4067 = DIRECTION('',(1.,0.,0.));
#4068 = PCURVE('',#4007,#4069);
#4069 = DEFINITIONAL_REPRESENTATION('',(#4070),#4074);
#4070 = LINE('',#4071,#4072);
#4071 = CARTESIAN_POINT('',(-0.,-69.9));
#4072 = VECTOR('',#4073,1.);
#4073 = DIRECTION('',(-1.,0.));
#4074 = ( GEOMETRIC_REPRESENTATION_CONTEXT(2) 
PARAMETRIC_REPRESENTATION_CONTEXT() REPRESENTATION_CONTEXT('2D SPACE',''
  ) );
#4075 = PCURVE('',#4076,#4081);
#4076 = PLANE('',#4077);
#4077 = AXIS2_PLACEMENT_3D('',#4078,#4079,#4080);
#4078 = CARTESIAN_POINT('',(-1.882068139409E-15,-1.61343992693E-17,69.9)
  );
#4079 = DIRECTION('',(0.,0.,1.));
#4080 = DIRECTION('',(1.,0.,-0.));
#4081 = DEFINITIONAL_REPRESENTATION('',(#4082),#4086);
#4082 = CIRCLE('',#4083,46.5);
#4083 = AXIS2_PLACEMENT_2D('',#4084,#4085);
#4084 = CARTESIAN_POINT('',(1.882068139409E-15,1.61343992693E-17));
#4085 = DIRECTION('',(1.,0.));
#4086 = ( GEOMETRIC_REPRESENTATION_CONTEXT(2) 
PARAMETRIC_REPRESENTATION_CONTEXT() REPRESENTATION_CONTEXT('2D SPACE',''
  ) );
#4087 = ORIENTED_EDGE('',*,*,#4088,.T.);
#4088 = EDGE_CURVE('',#4060,#3998,#4089,.T.);
#4089 = SURFACE_CURVE('',#4090,(#4094,#4100),.PCURVE_S1.);
#4090 = LINE('',#4091,#4092);
#4091 = CARTESIAN_POINT('',(-46.5,-5.670707919931E-06,0.));
#4092 = VECTOR('',#4093,1.);
#4093 = DIRECTION('',(-0.,-0.,-1.));
#4094 = PCURVE('',#4007,#4095);
#4095 = DEFINITIONAL_REPRESENTATION('',(#4096),#4099);
#4096 = B_SPLINE_CURVE_WITH_KNOTS('',1,(#4097,#4098),.UNSPECIFIED.,.F.,
  .F.,(2,2),(-69.9000006,6.E-07),.PIECEWISE_BEZIER_KNOTS.);
#4097 = CARTESIAN_POINT('',(-3.141592775541,-69.9000006));
#4098 = CARTESIAN_POINT('',(-3.141592775541,6.E-07));
#4099 = ( GEOMETRIC_REPRESENTATION_CONTEXT(2) 
PARAMETRIC_REPRESENTATION_CONTEXT() REPRESENTATION_CONTEXT('2D SPACE',''
  ) );
#4100 = PCURVE('',#4101,#4106);
#4101 = PLANE('',#4102);
#4102 = AXIS2_PLACEMENT_3D('',#4103,#4104,#4105);
#4103 = CARTESIAN_POINT('',(1.847204318023E-04,-5.670707919931E-06,
    52.831249336744));
#4104 = DIRECTION('',(-0.,-1.,-0.));
#4105 = DIRECTION('',(0.,0.,-1.));
#4106 = DEFINITIONAL_REPRESENTATION('',(#4107),#4110);
#4107 = B_SPLINE_CURVE_WITH_KNOTS('',1,(#4108,#4109),.UNSPECIFIED.,.F.,
  .F.,(2,2),(-69.9000006,6.E-07),.PIECEWISE_BEZIER_KNOTS.);
#4108 = CARTESIAN_POINT('',(-17.06875126325,-46.50018472043));
#4109 = CARTESIAN_POINT('',(52.831249936744,-46.50018472043));
#4110 = ( GEOMETRIC_REPRESENTATION_CONTEXT(2) 
PARAMETRIC_REPRESENTATION_CONTEXT() REPRESENTATION_CONTEXT('2D SPACE',''
  ) );
#4111 = ADVANCED_FACE('',(#4112),#4019,.F.);
#4112 = FACE_BOUND('',#4113,.F.);
#4113 = EDGE_LOOP('',(#4114,#4138,#4139,#4160,#4244,#4328,#4412,#4496,
    #4580,#4664,#4748,#4832));
#4114 = ORIENTED_EDGE('',*,*,#4115,.T.);
#4115 = EDGE_CURVE('',#4116,#3996,#4118,.T.);
#4116 = VERTEX_POINT('',#4117);
#4117 = CARTESIAN_POINT('',(46.5,-5.670707942616E-06,0.));
#4118 = SURFACE_CURVE('',#4119,(#4124,#4131),.PCURVE_S1.);
#4119 = CIRCLE('',#4120,46.5);
#4120 = AXIS2_PLACEMENT_3D('',#4121,#4122,#4123);
#4121 = CARTESIAN_POINT('',(0.,0.,0.));
#4122 = DIRECTION('',(0.,0.,1.));
#4123 = DIRECTION('',(1.,0.,0.));
#4124 = PCURVE('',#4019,#4125);
#4125 = DEFINITIONAL_REPRESENTATION('',(#4126),#4130);
#4126 = CIRCLE('',#4127,46.5);
#4127 = AXIS2_PLACEMENT_2D('',#4128,#4129);
#4128 = CARTESIAN_POINT('',(1.882068139409E-15,1.61343992693E-17));
#4129 = DIRECTION('',(1.,0.));
#4130 = ( GEOMETRIC_REPRESENTATION_CONTEXT(2) 
PARAMETRIC_REPRESENTATION_CONTEXT() REPRESENTATION_CONTEXT('2D SPACE',''
  ) );
#4131 = PCURVE('',#4047,#4132);
#4132 = DEFINITIONAL_REPRESENTATION('',(#4133),#4137);
#4133 = LINE('',#4134,#4135);
#4134 = CARTESIAN_POINT('',(-0.,0.));
#4135 = VECTOR('',#4136,1.);
#4136 = DIRECTION('',(-1.,0.));
#4137 = ( GEOMETRIC_REPRESENTATION_CONTEXT(2) 
PARAMETRIC_REPRESENTATION_CONTEXT() REPRESENTATION_CONTEXT('2D SPACE',''
  ) );
#4138 = ORIENTED_EDGE('',*,*,#3995,.T.);
#4139 = ORIENTED_EDGE('',*,*,#4140,.T.);
#4140 = EDGE_CURVE('',#3998,#4141,#4143,.T.);
#4141 = VERTEX_POINT('',#4142);
#4142 = CARTESIAN_POINT('',(-37.79999999999,-5.670707919687E-06,0.));
#4143 = SURFACE_CURVE('',#4144,(#4148,#4154),.PCURVE_S1.);
#4144 = LINE('',#4145,#4146);
#4145 = CARTESIAN_POINT('',(9.23602159002E-05,-5.670707919931E-06,0.));
#4146 = VECTOR('',#4147,1.);
#4147 = DIRECTION('',(1.,0.,0.));
#4148 = PCURVE('',#4019,#4149);
#4149 = DEFINITIONAL_REPRESENTATION('',(#4150),#4153);
#4150 = B_SPLINE_CURVE_WITH_KNOTS('',1,(#4151,#4152),.UNSPECIFIED.,.F.,
  .F.,(2,2),(-46.50009236021,46.499907639784),.PIECEWISE_BEZIER_KNOTS.);
#4151 = CARTESIAN_POINT('',(-46.5,-5.670707919915E-06));
#4152 = CARTESIAN_POINT('',(46.5,-5.670707919915E-06));
#4153 = ( GEOMETRIC_REPRESENTATION_CONTEXT(2) 
PARAMETRIC_REPRESENTATION_CONTEXT() REPRESENTATION_CONTEXT('2D SPACE',''
  ) );
#4154 = PCURVE('',#4101,#4155);
#4155 = DEFINITIONAL_REPRESENTATION('',(#4156),#4159);
#4156 = B_SPLINE_CURVE_WITH_KNOTS('',1,(#4157,#4158),.UNSPECIFIED.,.F.,
  .F.,(2,2),(-46.50009236021,46.499907639784),.PIECEWISE_BEZIER_KNOTS.);
#4157 = CARTESIAN_POINT('',(52.831249336744,-46.50018472043));
#4158 = CARTESIAN_POINT('',(52.831249336744,46.499815279568));
#4159 = ( GEOMETRIC_REPRESENTATION_CONTEXT(2) 
PARAMETRIC_REPRESENTATION_CONTEXT() REPRESENTATION_CONTEXT('2D SPACE',''
  ) );
#4160 = ORIENTED_EDGE('',*,*,#4161,.F.);
#4161 = EDGE_CURVE('',#4162,#4141,#4164,.T.);
#4162 = VERTEX_POINT('',#4163);
#4163 = CARTESIAN_POINT('',(-37.79213073791,0.771267974243,0.));
#4164 = SURFACE_CURVE('',#4165,(#4177,#4192),.PCURVE_S1.);
#4165 = B_SPLINE_CURVE_WITH_KNOTS('',10,(#4166,#4167,#4168,#4169,#4170,
    #4171,#4172,#4173,#4174,#4175,#4176),.UNSPECIFIED.,.F.,.F.,(11,11),(
    6.,7.),.PIECEWISE_BEZIER_KNOTS.);
#4166 = CARTESIAN_POINT('',(-37.79213073791,0.771267974243,0.));
#4167 = CARTESIAN_POINT('',(-37.79527833353,0.617035789232,0.));
#4168 = CARTESIAN_POINT('',(-37.79772656053,0.462789330996,0.));
#4169 = CARTESIAN_POINT('',(-37.79947534612,0.308532167841,0.));
#4170 = CARTESIAN_POINT('',(-37.80052463827,0.154267868074,0.));
#4171 = CARTESIAN_POINT('',(-37.80087440579,4.640732242933E-15,0.));
#4172 = CARTESIAN_POINT('',(-37.80052463827,-0.154267868074,0.));
#4173 = CARTESIAN_POINT('',(-37.79947534612,-0.308532167841,0.));
#4174 = CARTESIAN_POINT('',(-37.79772656053,-0.462789330996,0.));
#4175 = CARTESIAN_POINT('',(-37.79527833353,-0.617035789232,0.));
#4176 = CARTESIAN_POINT('',(-37.79213073791,-0.771267974243,0.));
#4177 = PCURVE('',#4019,#4178);
#4178 = DEFINITIONAL_REPRESENTATION('',(#4179),#4191);
#4179 = B_SPLINE_CURVE_WITH_KNOTS('',10,(#4180,#4181,#4182,#4183,#4184,
    #4185,#4186,#4187,#4188,#4189,#4190),.UNSPECIFIED.,.F.,.F.,(11,11),(
    6.,7.),.PIECEWISE_BEZIER_KNOTS.);
#4180 = CARTESIAN_POINT('',(-37.79213073791,0.771267974243));
#4181 = CARTESIAN_POINT('',(-37.79527833353,0.617035789232));
#4182 = CARTESIAN_POINT('',(-37.79772656053,0.462789330996));
#4183 = CARTESIAN_POINT('',(-37.79947534612,0.308532167841));
#4184 = CARTESIAN_POINT('',(-37.80052463827,0.154267868074));
#4185 = CARTESIAN_POINT('',(-37.80087440579,4.656866642202E-15));
#4186 = CARTESIAN_POINT('',(-37.80052463827,-0.154267868074));
#4187 = CARTESIAN_POINT('',(-37.79947534612,-0.308532167841));
#4188 = CARTESIAN_POINT('',(-37.79772656053,-0.462789330996));
#4189 = CARTESIAN_POINT('',(-37.79527833353,-0.617035789232));
#4190 = CARTESIAN_POINT('',(-37.79213073791,-0.771267974243));
#4191 = ( GEOMETRIC_REPRESENTATION_CONTEXT(2) 
PARAMETRIC_REPRESENTATION_CONTEXT() REPRESENTATION_CONTEXT('2D SPACE',''
  ) );
#4192 = PCURVE('',#4193,#4238);
#4193 = ( BOUNDED_SURFACE() B_SPLINE_SURFACE(10,3,(
    (#4194,#4195,#4196,#4197)
    ,(#4198,#4199,#4200,#4201)
    ,(#4202,#4203,#4204,#4205)
    ,(#4206,#4207,#4208,#4209)
    ,(#4210,#4211,#4212,#4213)
    ,(#4214,#4215,#4216,#4217)
    ,(#4218,#4219,#4220,#4221)
    ,(#4222,#4223,#4224,#4225)
    ,(#4226,#4227,#4228,#4229)
    ,(#4230,#4231,#4232,#4233)
    ,(#4234,#4235,#4236,#4237
)),.UNSPECIFIED.,.F.,.F.,.F.) B_SPLINE_SURFACE_WITH_KNOTS((11,11),(4,4),
  (6.,7.),(0.,1.),.PIECEWISE_BEZIER_KNOTS.) 
GEOMETRIC_REPRESENTATION_ITEM() RATIONAL_B_SPLINE_SURFACE((
    (1.,1.,1.,1.)
    ,(1.,1.,1.,1.)
    ,(1.,1.,1.,1.)
    ,(1.,1.,1.,1.)
    ,(1.,1.,1.,1.)
    ,(1.,1.,1.,1.)
    ,(1.,1.,1.,1.)
    ,(1.,1.,1.,1.)
    ,(1.,1.,1.,1.)
    ,(1.,1.,1.,1.)
,(1.,1.,1.,1.))) REPRESENTATION_ITEM('') SURFACE() );
#4194 = CARTESIAN_POINT('',(-37.79213073791,0.771267974243,0.));
#4195 = CARTESIAN_POINT('',(22.763590509555,-0.464563071624,3.));
#4196 = CARTESIAN_POINT('',(-67.71485746365,1.381935866605,90.));
#4197 = CARTESIAN_POINT('',(-36.75,0.75,99.));
#4198 = CARTESIAN_POINT('',(-37.79527833353,0.617035789232,0.));
#4199 = CARTESIAN_POINT('',(22.777842712702,-0.337077857202,3.));
#4200 = CARTESIAN_POINT('',(-67.71901588225,1.011754409159,90.));
#4201 = CARTESIAN_POINT('',(-36.98561944901,0.75,99.));
#4202 = CARTESIAN_POINT('',(-37.79772656053,0.462789330996,0.));
#4203 = CARTESIAN_POINT('',(22.773037933434,-0.226865742579,3.));
#4204 = CARTESIAN_POINT('',(-67.68174843734,0.689592953924,90.));
#4205 = CARTESIAN_POINT('',(-37.22124107155,0.667753520049,99.));
#4206 = CARTESIAN_POINT('',(-37.79947534612,0.308532167841,0.));
#4207 = CARTESIAN_POINT('',(22.758790589105,-0.13628483069,3.));
#4208 = CARTESIAN_POINT('',(-67.62766603524,0.420226532402,90.));
#4209 = CARTESIAN_POINT('',(-37.42455043143,0.503258522416,99.));
#4210 = CARTESIAN_POINT('',(-37.80052463827,0.154267868074,0.));
#4211 = CARTESIAN_POINT('',(22.744998603816,-6.301040528433E-02,3.));
#4212 = CARTESIAN_POINT('',(-67.58193558956,0.196646767552,90.));
#4213 = CARTESIAN_POINT('',(-37.56330541722,0.271019590411,99.));
#4214 = CARTESIAN_POINT('',(-37.80087440579,4.640732242933E-15,0.));
#4215 = CARTESIAN_POINT('',(22.73941830552,-7.367948843632E-15,3.));
#4216 = CARTESIAN_POINT('',(-67.56420577698,5.591938948927E-15,90.));
#4217 = CARTESIAN_POINT('',(-37.61268047281,-3.863576125696E-15,99.));
#4218 = CARTESIAN_POINT('',(-37.80052463827,-0.154267868074,0.));
#4219 = CARTESIAN_POINT('',(22.744998603815,6.301040528432E-02,3.));
#4220 = CARTESIAN_POINT('',(-67.58193558956,-0.196646767552,90.));
#4221 = CARTESIAN_POINT('',(-37.56330541722,-0.271019590411,99.));
#4222 = CARTESIAN_POINT('',(-37.79947534612,-0.308532167841,0.));
#4223 = CARTESIAN_POINT('',(22.758790589106,0.13628483069,3.));
#4224 = CARTESIAN_POINT('',(-67.62766603525,-0.420226532402,90.));
#4225 = CARTESIAN_POINT('',(-37.42455043143,-0.503258522416,99.));
#4226 = CARTESIAN_POINT('',(-37.79772656053,-0.462789330996,0.));
#4227 = CARTESIAN_POINT('',(22.773037933433,0.226865742579,3.));
#4228 = CARTESIAN_POINT('',(-67.68174843734,-0.689592953924,90.));
#4229 = CARTESIAN_POINT('',(-37.22124107156,-0.667753520049,99.));
#4230 = CARTESIAN_POINT('',(-37.79527833353,-0.617035789232,0.));
#4231 = CARTESIAN_POINT('',(22.777842712702,0.337077857202,3.));
#4232 = CARTESIAN_POINT('',(-67.71901588225,-1.011754409159,90.));
#4233 = CARTESIAN_POINT('',(-36.98561944901,-0.75,99.));
#4234 = CARTESIAN_POINT('',(-37.79213073791,-0.771267974243,0.));
#4235 = CARTESIAN_POINT('',(22.763590509555,0.464563071624,3.));
#4236 = CARTESIAN_POINT('',(-67.71485746365,-1.381935866605,90.));
#4237 = CARTESIAN_POINT('',(-36.75,-0.75,99.));
#4238 = DEFINITIONAL_REPRESENTATION('',(#4239),#4243);
#4239 = LINE('',#4240,#4241);
#4240 = CARTESIAN_POINT('',(0.,0.));
#4241 = VECTOR('',#4242,1.);
#4242 = DIRECTION('',(1.,0.));
#4243 = ( GEOMETRIC_REPRESENTATION_CONTEXT(2) 
PARAMETRIC_REPRESENTATION_CONTEXT() REPRESENTATION_CONTEXT('2D SPACE',''
  ) );
#4244 = ORIENTED_EDGE('',*,*,#4245,.F.);
#4245 = EDGE_CURVE('',#4246,#4162,#4248,.T.);
#4246 = VERTEX_POINT('',#4247);
#4247 = CARTESIAN_POINT('',(-37.75479294966,1.848136717816,0.));
#4248 = SURFACE_CURVE('',#4249,(#4261,#4276),.PCURVE_S1.);
#4249 = B_SPLINE_CURVE_WITH_KNOTS('',10,(#4250,#4251,#4252,#4253,#4254,
    #4255,#4256,#4257,#4258,#4259,#4260),.UNSPECIFIED.,.F.,.F.,(11,11),(
    5.,6.),.PIECEWISE_BEZIER_KNOTS.);
#4250 = CARTESIAN_POINT('',(-37.75479294966,1.848136717816,0.));
#4251 = CARTESIAN_POINT('',(-37.76006137303,1.740510354838,0.));
#4252 = CARTESIAN_POINT('',(-37.76498887665,1.632867303746,0.));
#4253 = CARTESIAN_POINT('',(-37.76957541839,1.525208779966,0.));
#4254 = CARTESIAN_POINT('',(-37.7738209561,1.417535998928,0.));
#4255 = CARTESIAN_POINT('',(-37.77772544765,1.309850176059,0.));
#4256 = CARTESIAN_POINT('',(-37.78128885089,1.202152526788,0.));
#4257 = CARTESIAN_POINT('',(-37.78451112367,1.094444266543,0.));
#4258 = CARTESIAN_POINT('',(-37.78739222387,0.986726610751,0.));
#4259 = CARTESIAN_POINT('',(-37.78993210933,0.879000774842,0.));
#4260 = CARTESIAN_POINT('',(-37.79213073791,0.771267974243,0.));
#4261 = PCURVE('',#4019,#4262);
#4262 = DEFINITIONAL_REPRESENTATION('',(#4263),#4275);
#4263 = B_SPLINE_CURVE_WITH_KNOTS('',10,(#4264,#4265,#4266,#4267,#4268,
    #4269,#4270,#4271,#4272,#4273,#4274),.UNSPECIFIED.,.F.,.F.,(11,11),(
    5.,6.),.PIECEWISE_BEZIER_KNOTS.);
#4264 = CARTESIAN_POINT('',(-37.75479294966,1.848136717816));
#4265 = CARTESIAN_POINT('',(-37.76006137303,1.740510354838));
#4266 = CARTESIAN_POINT('',(-37.76498887665,1.632867303746));
#4267 = CARTESIAN_POINT('',(-37.76957541839,1.525208779966));
#4268 = CARTESIAN_POINT('',(-37.7738209561,1.417535998928));
#4269 = CARTESIAN_POINT('',(-37.77772544765,1.309850176059));
#4270 = CARTESIAN_POINT('',(-37.78128885089,1.202152526788));
#4271 = CARTESIAN_POINT('',(-37.78451112367,1.094444266543));
#4272 = CARTESIAN_POINT('',(-37.78739222387,0.986726610751));
#4273 = CARTESIAN_POINT('',(-37.78993210933,0.879000774842));
#4274 = CARTESIAN_POINT('',(-37.79213073791,0.771267974243));
#4275 = ( GEOMETRIC_REPRESENTATION_CONTEXT(2) 
PARAMETRIC_REPRESENTATION_CONTEXT() REPRESENTATION_CONTEXT('2D SPACE',''
  ) );
#4276 = PCURVE('',#4277,#4322);
#4277 = ( BOUNDED_SURFACE() B_SPLINE_SURFACE(10,3,(
    (#4278,#4279,#4280,#4281)
    ,(#4282,#4283,#4284,#4285)
    ,(#4286,#4287,#4288,#4289)
    ,(#4290,#4291,#4292,#4293)
    ,(#4294,#4295,#4296,#4297)
    ,(#4298,#4299,#4300,#4301)
    ,(#4302,#4303,#4304,#4305)
    ,(#4306,#4307,#4308,#4309)
    ,(#4310,#4311,#4312,#4313)
    ,(#4314,#4315,#4316,#4317)
    ,(#4318,#4319,#4320,#4321
)),.UNSPECIFIED.,.F.,.F.,.F.) B_SPLINE_SURFACE_WITH_KNOTS((11,11),(4,4),
  (5.,6.),(0.,1.),.PIECEWISE_BEZIER_KNOTS.) 
GEOMETRIC_REPRESENTATION_ITEM() RATIONAL_B_SPLINE_SURFACE((
    (1.,1.,1.,1.)
    ,(1.,1.,1.,1.)
    ,(1.,1.,1.,1.)
    ,(1.,1.,1.,1.)
    ,(1.,1.,1.,1.)
    ,(1.,1.,1.,1.)
    ,(1.,1.,1.,1.)
    ,(1.,1.,1.,1.)
    ,(1.,1.,1.,1.)
    ,(1.,1.,1.,1.)
,(1.,1.,1.,1.))) REPRESENTATION_ITEM('') SURFACE() );
#4278 = CARTESIAN_POINT('',(-37.75479294966,1.848136717816,0.));
#4279 = CARTESIAN_POINT('',(27.663297928826,-1.354147451061,3.));
#4280 = CARTESIAN_POINT('',(-80.90863050432,3.960562332379,90.));
#4281 = CARTESIAN_POINT('',(-15.32142857142,0.75,99.));
#4282 = CARTESIAN_POINT('',(-37.76006137303,1.740510354838,0.));
#4283 = CARTESIAN_POINT('',(27.226202204672,-1.412762186442,3.));
#4284 = CARTESIAN_POINT('',(-79.7022469146,3.998838563651,90.));
#4285 = CARTESIAN_POINT('',(-17.46428571428,0.75,99.));
#4286 = CARTESIAN_POINT('',(-37.76498887665,1.632867303746,0.));
#4287 = CARTESIAN_POINT('',(26.790193913718,-1.434944388189,3.));
#4288 = CARTESIAN_POINT('',(-78.49643535085,3.963976241492,90.));
#4289 = CARTESIAN_POINT('',(-19.60714285714,0.75,99.));
#4290 = CARTESIAN_POINT('',(-37.76957541839,1.525208779966,0.));
#4291 = CARTESIAN_POINT('',(26.350147152968,-1.420681346357,3.));
#4292 = CARTESIAN_POINT('',(-77.28094098465,3.855969746953,90.));
#4293 = CARTESIAN_POINT('',(-21.75,0.75,99.));
#4294 = CARTESIAN_POINT('',(-37.7738209561,1.417535998928,0.));
#4295 = CARTESIAN_POINT('',(25.900935063437,-1.370779663026,3.));
#4296 = CARTESIAN_POINT('',(-76.04550733145,3.676452111106,
    89.999999999999));
#4297 = CARTESIAN_POINT('',(-23.89285714285,0.75,99.));
#4298 = CARTESIAN_POINT('',(-37.77772544765,1.309850176059,0.));
#4299 = CARTESIAN_POINT('',(25.437584545936,-1.286868218631,3.));
#4300 = CARTESIAN_POINT('',(-74.78018568206,3.428700947683,90.));
#4301 = CARTESIAN_POINT('',(-26.03571428571,0.75,99.));
#4302 = CARTESIAN_POINT('',(-37.78128885089,1.202152526788,0.));
#4303 = CARTESIAN_POINT('',(24.955429087276,-1.17136231828,3.));
#4304 = CARTESIAN_POINT('',(-73.47564075515,3.117566745734,90.));
#4305 = CARTESIAN_POINT('',(-28.17857142857,0.75,99.));
#4306 = CARTESIAN_POINT('',(-37.78451112367,1.094444266543,0.));
#4307 = CARTESIAN_POINT('',(24.450251637541,-1.027394073369,3.));
#4308 = CARTESIAN_POINT('',(-72.12343645175,2.749333632846,90.));
#4309 = CARTESIAN_POINT('',(-30.32142857142,0.75,99.));
#4310 = CARTESIAN_POINT('',(-37.78739222387,0.986726610751,0.));
#4311 = CARTESIAN_POINT('',(23.918409479142,-0.858714073768,3.));
#4312 = CARTESIAN_POINT('',(-70.71628559333,2.331522719512,
    89.999999999999));
#4313 = CARTESIAN_POINT('',(-32.46428571428,0.75,99.));
#4314 = CARTESIAN_POINT('',(-37.78993210933,0.879000774842,0.));
#4315 = CARTESIAN_POINT('',(23.356933028284,-0.669569405843,3.));
#4316 = CARTESIAN_POINT('',(-69.2482475248,1.872648135185,
    90.000000000001));
#4317 = CARTESIAN_POINT('',(-34.60714285714,0.75,99.));
#4318 = CARTESIAN_POINT('',(-37.79213073791,0.771267974243,0.));
#4319 = CARTESIAN_POINT('',(22.763590509555,-0.464563071624,3.));
#4320 = CARTESIAN_POINT('',(-67.71485746365,1.381935866605,90.));
#4321 = CARTESIAN_POINT('',(-36.75,0.75,99.));
#4322 = DEFINITIONAL_REPRESENTATION('',(#4323),#4327);
#4323 = LINE('',#4324,#4325);
#4324 = CARTESIAN_POINT('',(0.,0.));
#4325 = VECTOR('',#4326,1.);
#4326 = DIRECTION('',(1.,0.));
#4327 = ( GEOMETRIC_REPRESENTATION_CONTEXT(2) 
PARAMETRIC_REPRESENTATION_CONTEXT() REPRESENTATION_CONTEXT('2D SPACE',''
  ) );
#4328 = ORIENTED_EDGE('',*,*,#4329,.F.);
#4329 = EDGE_CURVE('',#4330,#4246,#4332,.T.);
#4330 = VERTEX_POINT('',#4331);
#4331 = CARTESIAN_POINT('',(-33.51290718505,17.484995053072,0.));
#4332 = SURFACE_CURVE('',#4333,(#4345,#4360),.PCURVE_S1.);
#4333 = B_SPLINE_CURVE_WITH_KNOTS('',10,(#4334,#4335,#4336,#4337,#4338,
    #4339,#4340,#4341,#4342,#4343,#4344),.UNSPECIFIED.,.F.,.F.,(11,11),(
    4.,5.),.PIECEWISE_BEZIER_KNOTS.);
#4334 = CARTESIAN_POINT('',(-33.51290718505,17.484995053072,0.));
#4335 = CARTESIAN_POINT('',(-34.26821573802,16.037320326537,0.));
#4336 = CARTESIAN_POINT('',(-34.95403986867,14.553392907608,0.));
#4337 = CARTESIAN_POINT('',(-35.56842208622,13.03696459141,0.));
#4338 = CARTESIAN_POINT('',(-36.10963634546,11.491908258436,0.));
#4339 = CARTESIAN_POINT('',(-36.57619686872,9.922200834378,0.));
#4340 = CARTESIAN_POINT('',(-36.96686540317,8.331905825521,0.));
#4341 = CARTESIAN_POINT('',(-37.28065691357,6.725155429701,0.));
#4342 = CARTESIAN_POINT('',(-37.51684371035,5.106132222818,0.));
#4343 = CARTESIAN_POINT('',(-37.67495801315,3.479050420915,0.));
#4344 = CARTESIAN_POINT('',(-37.75479294966,1.848136717816,0.));
#4345 = PCURVE('',#4019,#4346);
#4346 = DEFINITIONAL_REPRESENTATION('',(#4347),#4359);
#4347 = B_SPLINE_CURVE_WITH_KNOTS('',10,(#4348,#4349,#4350,#4351,#4352,
    #4353,#4354,#4355,#4356,#4357,#4358),.UNSPECIFIED.,.F.,.F.,(11,11),(
    4.,5.),.PIECEWISE_BEZIER_KNOTS.);
#4348 = CARTESIAN_POINT('',(-33.51290718505,17.484995053072));
#4349 = CARTESIAN_POINT('',(-34.26821573802,16.037320326537));
#4350 = CARTESIAN_POINT('',(-34.95403986867,14.553392907608));
#4351 = CARTESIAN_POINT('',(-35.56842208622,13.03696459141));
#4352 = CARTESIAN_POINT('',(-36.10963634546,11.491908258436));
#4353 = CARTESIAN_POINT('',(-36.57619686872,9.922200834378));
#4354 = CARTESIAN_POINT('',(-36.96686540317,8.331905825521));
#4355 = CARTESIAN_POINT('',(-37.28065691357,6.725155429701));
#4356 = CARTESIAN_POINT('',(-37.51684371035,5.106132222818));
#4357 = CARTESIAN_POINT('',(-37.67495801315,3.479050420915));
#4358 = CARTESIAN_POINT('',(-37.75479294966,1.848136717816));
#4359 = ( GEOMETRIC_REPRESENTATION_CONTEXT(2) 
PARAMETRIC_REPRESENTATION_CONTEXT() REPRESENTATION_CONTEXT('2D SPACE',''
  ) );
#4360 = PCURVE('',#4361,#4406);
#4361 = ( BOUNDED_SURFACE() B_SPLINE_SURFACE(10,3,(
    (#4362,#4363,#4364,#4365)
    ,(#4366,#4367,#4368,#4369)
    ,(#4370,#4371,#4372,#4373)
    ,(#4374,#4375,#4376,#4377)
    ,(#4378,#4379,#4380,#4381)
    ,(#4382,#4383,#4384,#4385)
    ,(#4386,#4387,#4388,#4389)
    ,(#4390,#4391,#4392,#4393)
    ,(#4394,#4395,#4396,#4397)
    ,(#4398,#4399,#4400,#4401)
    ,(#4402,#4403,#4404,#4405
)),.UNSPECIFIED.,.F.,.F.,.F.) B_SPLINE_SURFACE_WITH_KNOTS((11,11),(4,4),
  (4.,5.),(0.,1.),.PIECEWISE_BEZIER_KNOTS.) 
GEOMETRIC_REPRESENTATION_ITEM() RATIONAL_B_SPLINE_SURFACE((
    (1.,1.,1.,1.)
    ,(1.,1.,1.,1.)
    ,(1.,1.,1.,1.)
    ,(1.,1.,1.,1.)
    ,(1.,1.,1.,1.)
    ,(1.,1.,1.,1.)
    ,(1.,1.,1.,1.)
    ,(1.,1.,1.,1.)
    ,(1.,1.,1.,1.)
    ,(1.,1.,1.,1.)
,(1.,1.,1.,1.))) REPRESENTATION_ITEM('') SURFACE() );
#4362 = CARTESIAN_POINT('',(-33.51290718505,17.484995053072,0.));
#4363 = CARTESIAN_POINT('',(-2.020494012455,1.054170789107,3.));
#4364 = CARTESIAN_POINT('',(-2.785552395018,1.453331684357,90.));
#4365 = CARTESIAN_POINT('',(-1.4375,0.75,99.));
#4366 = CARTESIAN_POINT('',(-34.26821573802,16.037320326537,0.));
#4367 = CARTESIAN_POINT('',(0.435042392244,2.260566394553,3.));
#4368 = CARTESIAN_POINT('',(-10.31384547985,0.970773442179,90.));
#4369 = CARTESIAN_POINT('',(-2.825892857143,0.75,99.));
#4370 = CARTESIAN_POINT('',(-34.95403986867,14.553392907608,0.));
#4371 = CARTESIAN_POINT('',(2.832674800426,3.089314980693,3.));
#4372 = CARTESIAN_POINT('',(-17.81897693496,0.680059767353,90.));
#4373 = CARTESIAN_POINT('',(-4.214285714286,0.75,99.));
#4374 = CARTESIAN_POINT('',(-35.56842208622,13.03696459141,0.));
#4375 = CARTESIAN_POINT('',(5.24357822749,3.53729147958,3.));
#4376 = CARTESIAN_POINT('',(-25.33669739227,0.582440544259,90.));
#4377 = CARTESIAN_POINT('',(-5.602678571428,0.75,99.));
#4378 = CARTESIAN_POINT('',(-36.10963634546,11.491908258436,0.));
#4379 = CARTESIAN_POINT('',(7.739113810667,3.61611745849,3.));
#4380 = CARTESIAN_POINT('',(-32.90283125749,0.671782249219,90.));
#4381 = CARTESIAN_POINT('',(-6.991071428571,0.75,99.));
#4382 = CARTESIAN_POINT('',(-36.57619686872,9.922200834378,0.));
#4383 = CARTESIAN_POINT('',(10.387319319897,3.352187877052,3.));
#4384 = CARTESIAN_POINT('',(-40.55152123041,0.934555991943,90.));
#4385 = CARTESIAN_POINT('',(-8.379464285714,0.75,99.));
#4386 = CARTESIAN_POINT('',(-36.96686540317,8.331905825521,0.));
#4387 = CARTESIAN_POINT('',(13.249358656189,2.785663241057,3.));
#4388 = CARTESIAN_POINT('',(-48.31345244925,1.350342894012,90.));
#4389 = CARTESIAN_POINT('',(-9.767857142857,0.75,99.));
#4390 = CARTESIAN_POINT('',(-37.28065691357,6.725155429701,0.));
#4391 = CARTESIAN_POINT('',(16.376363679603,1.968467460046,3.));
#4392 = CARTESIAN_POINT('',(-56.21427293033,1.892836650835,90.));
#4393 = CARTESIAN_POINT('',(-11.15625,0.75,99.));
#4394 = CARTESIAN_POINT('',(-37.51684371035,5.106132222818,0.));
#4395 = CARTESIAN_POINT('',(19.806991112002,0.961459346444,3.));
#4396 = CARTESIAN_POINT('',(-64.27337167537,2.53125930821,90.));
#4397 = CARTESIAN_POINT('',(-12.54464285714,0.75,99.));
#4398 = CARTESIAN_POINT('',(-37.67495801315,3.479050420915,0.));
#4399 = CARTESIAN_POINT('',(23.565906662787,-0.168926675378,3.));
#4400 = CARTESIAN_POINT('',(-72.50312052077,3.232042469279,90.));
#4401 = CARTESIAN_POINT('',(-13.93303571428,0.75,99.));
#4402 = CARTESIAN_POINT('',(-37.75479294966,1.848136717816,0.));
#4403 = CARTESIAN_POINT('',(27.663297928826,-1.354147451061,3.));
#4404 = CARTESIAN_POINT('',(-80.90863050432,3.960562332379,90.));
#4405 = CARTESIAN_POINT('',(-15.32142857142,0.75,99.));
#4406 = DEFINITIONAL_REPRESENTATION('',(#4407),#4411);
#4407 = LINE('',#4408,#4409);
#4408 = CARTESIAN_POINT('',(0.,0.));
#4409 = VECTOR('',#4410,1.);
#4410 = DIRECTION('',(1.,0.));
#4411 = ( GEOMETRIC_REPRESENTATION_CONTEXT(2) 
PARAMETRIC_REPRESENTATION_CONTEXT() REPRESENTATION_CONTEXT('2D SPACE',''
  ) );
#4412 = ORIENTED_EDGE('',*,*,#4413,.F.);
#4413 = EDGE_CURVE('',#4414,#4330,#4416,.T.);
#4414 = VERTEX_POINT('',#4415);
#4415 = CARTESIAN_POINT('',(33.512907185054,17.484995053072,0.));
#4416 = SURFACE_CURVE('',#4417,(#4429,#4444),.PCURVE_S1.);
#4417 = B_SPLINE_CURVE_WITH_KNOTS('',10,(#4418,#4419,#4420,#4421,#4422,
    #4423,#4424,#4425,#4426,#4427,#4428),.UNSPECIFIED.,.F.,.F.,(11,11),(
    3.,4.),.PIECEWISE_BEZIER_KNOTS.);
#4418 = CARTESIAN_POINT('',(33.512907185054,17.484995053072,0.));
#4419 = CARTESIAN_POINT('',(29.701496327437,24.790199196842,0.));
#4420 = CARTESIAN_POINT('',(24.12075054881,31.172271955371,0.));
#4421 = CARTESIAN_POINT('',(17.022200251045,36.149109882267,0.));
#4422 = CARTESIAN_POINT('',(8.807514663465,39.316936378295,0.));
#4423 = CARTESIAN_POINT('',(6.718181566612E-12,40.404848806332,0.));
#4424 = CARTESIAN_POINT('',(-8.807514663477,39.316936378299,0.));
#4425 = CARTESIAN_POINT('',(-17.02220025103,36.149109882262,0.));
#4426 = CARTESIAN_POINT('',(-24.12075054881,31.172271955374,0.));
#4427 = CARTESIAN_POINT('',(-29.70149632743,24.790199196841,0.));
#4428 = CARTESIAN_POINT('',(-33.51290718505,17.484995053072,0.));
#4429 = PCURVE('',#4019,#4430);
#4430 = DEFINITIONAL_REPRESENTATION('',(#4431),#4443);
#4431 = B_SPLINE_CURVE_WITH_KNOTS('',10,(#4432,#4433,#4434,#4435,#4436,
    #4437,#4438,#4439,#4440,#4441,#4442),.UNSPECIFIED.,.F.,.F.,(11,11),(
    3.,4.),.PIECEWISE_BEZIER_KNOTS.);
#4432 = CARTESIAN_POINT('',(33.512907185054,17.484995053072));
#4433 = CARTESIAN_POINT('',(29.701496327437,24.790199196842));
#4434 = CARTESIAN_POINT('',(24.12075054881,31.172271955371));
#4435 = CARTESIAN_POINT('',(17.022200251045,36.149109882267));
#4436 = CARTESIAN_POINT('',(8.807514663465,39.316936378295));
#4437 = CARTESIAN_POINT('',(6.720063634751E-12,40.404848806332));
#4438 = CARTESIAN_POINT('',(-8.807514663477,39.316936378299));
#4439 = CARTESIAN_POINT('',(-17.02220025103,36.149109882262));
#4440 = CARTESIAN_POINT('',(-24.12075054881,31.172271955374));
#4441 = CARTESIAN_POINT('',(-29.70149632743,24.790199196841));
#4442 = CARTESIAN_POINT('',(-33.51290718505,17.484995053072));
#4443 = ( GEOMETRIC_REPRESENTATION_CONTEXT(2) 
PARAMETRIC_REPRESENTATION_CONTEXT() REPRESENTATION_CONTEXT('2D SPACE',''
  ) );
#4444 = PCURVE('',#4445,#4490);
#4445 = ( BOUNDED_SURFACE() B_SPLINE_SURFACE(10,3,(
    (#4446,#4447,#4448,#4449)
    ,(#4450,#4451,#4452,#4453)
    ,(#4454,#4455,#4456,#4457)
    ,(#4458,#4459,#4460,#4461)
    ,(#4462,#4463,#4464,#4465)
    ,(#4466,#4467,#4468,#4469)
    ,(#4470,#4471,#4472,#4473)
    ,(#4474,#4475,#4476,#4477)
    ,(#4478,#4479,#4480,#4481)
    ,(#4482,#4483,#4484,#4485)
    ,(#4486,#4487,#4488,#4489
)),.UNSPECIFIED.,.F.,.F.,.F.) B_SPLINE_SURFACE_WITH_KNOTS((11,11),(4,4),
  (3.,4.),(0.,1.),.PIECEWISE_BEZIER_KNOTS.) 
GEOMETRIC_REPRESENTATION_ITEM() RATIONAL_B_SPLINE_SURFACE((
    (1.,1.,1.,1.)
    ,(1.,1.,1.,1.)
    ,(1.,1.,1.,1.)
    ,(1.,1.,1.,1.)
    ,(1.,1.,1.,1.)
    ,(1.,1.,1.,1.)
    ,(1.,1.,1.,1.)
    ,(1.,1.,1.,1.)
    ,(1.,1.,1.,1.)
    ,(1.,1.,1.,1.)
,(1.,1.,1.,1.))) REPRESENTATION_ITEM('') SURFACE() );
#4446 = CARTESIAN_POINT('',(33.512907185054,17.484995053072,0.));
#4447 = CARTESIAN_POINT('',(2.020494012455,1.054170789107,3.));
#4448 = CARTESIAN_POINT('',(2.785552395018,1.453331684357,90.));
#4449 = CARTESIAN_POINT('',(1.4375,0.75,99.));
#4450 = CARTESIAN_POINT('',(29.701496327437,24.790199196842,0.));
#4451 = CARTESIAN_POINT('',(-0.792913606197,-5.033499330702,3.));
#4452 = CARTESIAN_POINT('',(3.192165442479,3.888399732281,90.));
#4453 = CARTESIAN_POINT('',(1.15,0.75,99.));
#4454 = CARTESIAN_POINT('',(24.12075054881,31.172271955371,0.));
#4455 = CARTESIAN_POINT('',(-2.131875457342,-10.35189329614,3.));
#4456 = CARTESIAN_POINT('',(3.009000182937,6.015757318457,90.));
#4457 = CARTESIAN_POINT('',(0.8625,0.75,99.));
#4458 = CARTESIAN_POINT('',(17.022200251045,36.149109882267,0.));
#4459 = CARTESIAN_POINT('',(-2.206000209204,-14.49925823522,3.));
#4460 = CARTESIAN_POINT('',(2.319900083682,7.674703294089,90.));
#4461 = CARTESIAN_POINT('',(0.575,0.75,99.));
#4462 = CARTESIAN_POINT('',(8.807514663465,39.316936378295,0.));
#4463 = CARTESIAN_POINT('',(-1.350012219554,-17.13911364857,3.));
#4464 = CARTESIAN_POINT('',(1.258754887822,8.730645459432,90.));
#4465 = CARTESIAN_POINT('',(0.2875,0.75,99.));
#4466 = CARTESIAN_POINT('',(6.718181566612E-12,40.404848806332,0.));
#4467 = CARTESIAN_POINT('',(-5.612562266795E-12,-18.04570733861,3.));
#4468 = CARTESIAN_POINT('',(2.263996397763E-12,9.093282935444,90.));
#4469 = CARTESIAN_POINT('',(2.13162820728E-14,0.75,99.));
#4470 = CARTESIAN_POINT('',(-8.807514663477,39.316936378299,0.));
#4471 = CARTESIAN_POINT('',(1.350012219564,-17.13911364858,3.));
#4472 = CARTESIAN_POINT('',(-1.258754887826,8.730645459433,90.));
#4473 = CARTESIAN_POINT('',(-0.2875,0.75,99.));
#4474 = CARTESIAN_POINT('',(-17.02220025103,36.149109882262,0.));
#4475 = CARTESIAN_POINT('',(2.206000209198,-14.49925823521,3.));
#4476 = CARTESIAN_POINT('',(-2.319900083679,7.674703294087,90.));
#4477 = CARTESIAN_POINT('',(-0.575,0.75,99.));
#4478 = CARTESIAN_POINT('',(-24.12075054881,31.172271955374,0.));
#4479 = CARTESIAN_POINT('',(2.131875457345,-10.35189329614,3.));
#4480 = CARTESIAN_POINT('',(-3.009000182938,6.015757318458,90.));
#4481 = CARTESIAN_POINT('',(-0.8625,0.75,99.));
#4482 = CARTESIAN_POINT('',(-29.70149632743,24.790199196841,0.));
#4483 = CARTESIAN_POINT('',(0.792913606196,-5.033499330701,3.));
#4484 = CARTESIAN_POINT('',(-3.192165442479,3.88839973228,90.));
#4485 = CARTESIAN_POINT('',(-1.15,0.75,99.));
#4486 = CARTESIAN_POINT('',(-33.51290718505,17.484995053072,0.));
#4487 = CARTESIAN_POINT('',(-2.020494012455,1.054170789107,3.));
#4488 = CARTESIAN_POINT('',(-2.785552395018,1.453331684357,90.));
#4489 = CARTESIAN_POINT('',(-1.4375,0.75,99.));
#4490 = DEFINITIONAL_REPRESENTATION('',(#4491),#4495);
#4491 = LINE('',#4492,#4493);
#4492 = CARTESIAN_POINT('',(0.,0.));
#4493 = VECTOR('',#4494,1.);
#4494 = DIRECTION('',(1.,0.));
#4495 = ( GEOMETRIC_REPRESENTATION_CONTEXT(2) 
PARAMETRIC_REPRESENTATION_CONTEXT() REPRESENTATION_CONTEXT('2D SPACE',''
  ) );
#4496 = ORIENTED_EDGE('',*,*,#4497,.F.);
#4497 = EDGE_CURVE('',#4498,#4414,#4500,.T.);
#4498 = VERTEX_POINT('',#4499);
#4499 = CARTESIAN_POINT('',(37.754792949667,1.848136717816,0.));
#4500 = SURFACE_CURVE('',#4501,(#4513,#4528),.PCURVE_S1.);
#4501 = B_SPLINE_CURVE_WITH_KNOTS('',10,(#4502,#4503,#4504,#4505,#4506,
    #4507,#4508,#4509,#4510,#4511,#4512),.UNSPECIFIED.,.F.,.F.,(11,11),(
    2.,3.),.PIECEWISE_BEZIER_KNOTS.);
#4502 = CARTESIAN_POINT('',(37.754792949667,1.848136717816,0.));
#4503 = CARTESIAN_POINT('',(37.674958013152,3.479050420915,0.));
#4504 = CARTESIAN_POINT('',(37.516843710359,5.106132222818,0.));
#4505 = CARTESIAN_POINT('',(37.280656913576,6.725155429701,0.));
#4506 = CARTESIAN_POINT('',(36.966865403175,8.331905825521,0.));
#4507 = CARTESIAN_POINT('',(36.576196868721,9.922200834378,0.));
#4508 = CARTESIAN_POINT('',(36.109636345462,11.491908258436,0.));
#4509 = CARTESIAN_POINT('',(35.568422086223,13.03696459141,0.));
#4510 = CARTESIAN_POINT('',(34.954039868679,14.553392907608,0.));
#4511 = CARTESIAN_POINT('',(34.268215738029,16.037320326537,0.));
#4512 = CARTESIAN_POINT('',(33.512907185054,17.484995053072,0.));
#4513 = PCURVE('',#4019,#4514);
#4514 = DEFINITIONAL_REPRESENTATION('',(#4515),#4527);
#4515 = B_SPLINE_CURVE_WITH_KNOTS('',10,(#4516,#4517,#4518,#4519,#4520,
    #4521,#4522,#4523,#4524,#4525,#4526),.UNSPECIFIED.,.F.,.F.,(11,11),(
    2.,3.),.PIECEWISE_BEZIER_KNOTS.);
#4516 = CARTESIAN_POINT('',(37.754792949667,1.848136717816));
#4517 = CARTESIAN_POINT('',(37.674958013152,3.479050420915));
#4518 = CARTESIAN_POINT('',(37.516843710359,5.106132222818));
#4519 = CARTESIAN_POINT('',(37.280656913576,6.725155429701));
#4520 = CARTESIAN_POINT('',(36.966865403175,8.331905825521));
#4521 = CARTESIAN_POINT('',(36.576196868721,9.922200834378));
#4522 = CARTESIAN_POINT('',(36.109636345462,11.491908258436));
#4523 = CARTESIAN_POINT('',(35.568422086223,13.03696459141));
#4524 = CARTESIAN_POINT('',(34.954039868679,14.553392907608));
#4525 = CARTESIAN_POINT('',(34.268215738029,16.037320326537));
#4526 = CARTESIAN_POINT('',(33.512907185054,17.484995053072));
#4527 = ( GEOMETRIC_REPRESENTATION_CONTEXT(2) 
PARAMETRIC_REPRESENTATION_CONTEXT() REPRESENTATION_CONTEXT('2D SPACE',''
  ) );
#4528 = PCURVE('',#4529,#4574);
#4529 = ( BOUNDED_SURFACE() B_SPLINE_SURFACE(10,3,(
    (#4530,#4531,#4532,#4533)
    ,(#4534,#4535,#4536,#4537)
    ,(#4538,#4539,#4540,#4541)
    ,(#4542,#4543,#4544,#4545)
    ,(#4546,#4547,#4548,#4549)
    ,(#4550,#4551,#4552,#4553)
    ,(#4554,#4555,#4556,#4557)
    ,(#4558,#4559,#4560,#4561)
    ,(#4562,#4563,#4564,#4565)
    ,(#4566,#4567,#4568,#4569)
    ,(#4570,#4571,#4572,#4573
)),.UNSPECIFIED.,.F.,.F.,.F.) B_SPLINE_SURFACE_WITH_KNOTS((11,11),(4,4),
  (2.,3.),(0.,1.),.PIECEWISE_BEZIER_KNOTS.) 
GEOMETRIC_REPRESENTATION_ITEM() RATIONAL_B_SPLINE_SURFACE((
    (1.,1.,1.,1.)
    ,(1.,1.,1.,1.)
    ,(1.,1.,1.,1.)
    ,(1.,1.,1.,1.)
    ,(1.,1.,1.,1.)
    ,(1.,1.,1.,1.)
    ,(1.,1.,1.,1.)
    ,(1.,1.,1.,1.)
    ,(1.,1.,1.,1.)
    ,(1.,1.,1.,1.)
,(1.,1.,1.,1.))) REPRESENTATION_ITEM('') SURFACE() );
#4530 = CARTESIAN_POINT('',(37.754792949667,1.848136717816,0.));
#4531 = CARTESIAN_POINT('',(-27.66329792882,-1.354147451061,3.));
#4532 = CARTESIAN_POINT('',(80.908630504323,3.960562332379,90.));
#4533 = CARTESIAN_POINT('',(15.321428571426,0.75,99.));
#4534 = CARTESIAN_POINT('',(37.674958013152,3.479050420915,0.));
#4535 = CARTESIAN_POINT('',(-23.56590666278,-0.168926675378,3.));
#4536 = CARTESIAN_POINT('',(72.503120520775,3.232042469279,90.));
#4537 = CARTESIAN_POINT('',(13.933035714284,0.75,99.));
#4538 = CARTESIAN_POINT('',(37.516843710359,5.106132222818,0.));
#4539 = CARTESIAN_POINT('',(-19.806991112,0.961459346444,3.));
#4540 = CARTESIAN_POINT('',(64.273371675377,2.53125930821,90.));
#4541 = CARTESIAN_POINT('',(12.544642857141,0.75,99.));
#4542 = CARTESIAN_POINT('',(37.280656913576,6.725155429701,0.));
#4543 = CARTESIAN_POINT('',(-16.3763636796,1.968467460046,2.999999999999
    ));
#4544 = CARTESIAN_POINT('',(56.214272930338,1.892836650835,90.));
#4545 = CARTESIAN_POINT('',(11.156249999999,0.75,99.));
#4546 = CARTESIAN_POINT('',(36.966865403175,8.331905825521,0.));
#4547 = CARTESIAN_POINT('',(-13.24935865618,2.785663241057,3.));
#4548 = CARTESIAN_POINT('',(48.313452449259,1.350342894012,90.));
#4549 = CARTESIAN_POINT('',(9.767857142856,0.75,99.));
#4550 = CARTESIAN_POINT('',(36.576196868721,9.922200834378,0.));
#4551 = CARTESIAN_POINT('',(-10.38731931989,3.352187877052,
    3.000000000001));
#4552 = CARTESIAN_POINT('',(40.551521230412,0.934555991942,90.));
#4553 = CARTESIAN_POINT('',(8.379464285713,0.75,99.));
#4554 = CARTESIAN_POINT('',(36.109636345462,11.491908258436,0.));
#4555 = CARTESIAN_POINT('',(-7.739113810668,3.61611745849,3.));
#4556 = CARTESIAN_POINT('',(32.902831257498,0.671782249219,90.));
#4557 = CARTESIAN_POINT('',(6.991071428571,0.75,99.));
#4558 = CARTESIAN_POINT('',(35.568422086223,13.03696459141,0.));
#4559 = CARTESIAN_POINT('',(-5.243578227491,3.53729147958,2.999999999999
    ));
#4560 = CARTESIAN_POINT('',(25.336697392275,0.582440544259,90.));
#4561 = CARTESIAN_POINT('',(5.602678571428,0.75,99.));
#4562 = CARTESIAN_POINT('',(34.954039868679,14.553392907608,0.));
#4563 = CARTESIAN_POINT('',(-2.832674800425,3.089314980693,
    3.000000000001));
#4564 = CARTESIAN_POINT('',(17.818976934966,0.680059767353,
    89.999999999999));
#4565 = CARTESIAN_POINT('',(4.214285714285,0.75,99.));
#4566 = CARTESIAN_POINT('',(34.268215738029,16.037320326537,0.));
#4567 = CARTESIAN_POINT('',(-0.435042392244,2.260566394552,3.));
#4568 = CARTESIAN_POINT('',(10.313845479858,0.970773442179,90.));
#4569 = CARTESIAN_POINT('',(2.825892857143,0.75,99.));
#4570 = CARTESIAN_POINT('',(33.512907185054,17.484995053072,0.));
#4571 = CARTESIAN_POINT('',(2.020494012455,1.054170789107,3.));
#4572 = CARTESIAN_POINT('',(2.785552395018,1.453331684357,90.));
#4573 = CARTESIAN_POINT('',(1.4375,0.75,99.));
#4574 = DEFINITIONAL_REPRESENTATION('',(#4575),#4579);
#4575 = LINE('',#4576,#4577);
#4576 = CARTESIAN_POINT('',(0.,0.));
#4577 = VECTOR('',#4578,1.);
#4578 = DIRECTION('',(1.,0.));
#4579 = ( GEOMETRIC_REPRESENTATION_CONTEXT(2) 
PARAMETRIC_REPRESENTATION_CONTEXT() REPRESENTATION_CONTEXT('2D SPACE',''
  ) );
#4580 = ORIENTED_EDGE('',*,*,#4581,.F.);
#4581 = EDGE_CURVE('',#4582,#4498,#4584,.T.);
#4582 = VERTEX_POINT('',#4583);
#4583 = CARTESIAN_POINT('',(37.792130737918,0.771267974243,0.));
#4584 = SURFACE_CURVE('',#4585,(#4597,#4612),.PCURVE_S1.);
#4585 = B_SPLINE_CURVE_WITH_KNOTS('',10,(#4586,#4587,#4588,#4589,#4590,
    #4591,#4592,#4593,#4594,#4595,#4596),.UNSPECIFIED.,.F.,.F.,(11,11),(
    1.,2.),.PIECEWISE_BEZIER_KNOTS.);
#4586 = CARTESIAN_POINT('',(37.792130737918,0.771267974243,0.));
#4587 = CARTESIAN_POINT('',(37.789932109335,0.879000774842,0.));
#4588 = CARTESIAN_POINT('',(37.787392223874,0.986726610751,0.));
#4589 = CARTESIAN_POINT('',(37.784511123679,1.094444266543,0.));
#4590 = CARTESIAN_POINT('',(37.781288850891,1.202152526788,0.));
#4591 = CARTESIAN_POINT('',(37.777725447652,1.309850176059,0.));
#4592 = CARTESIAN_POINT('',(37.773820956105,1.417535998928,0.));
#4593 = CARTESIAN_POINT('',(37.769575418391,1.525208779966,0.));
#4594 = CARTESIAN_POINT('',(37.764988876652,1.632867303746,0.));
#4595 = CARTESIAN_POINT('',(37.76006137303,1.740510354838,0.));
#4596 = CARTESIAN_POINT('',(37.754792949667,1.848136717816,0.));
#4597 = PCURVE('',#4019,#4598);
#4598 = DEFINITIONAL_REPRESENTATION('',(#4599),#4611);
#4599 = B_SPLINE_CURVE_WITH_KNOTS('',10,(#4600,#4601,#4602,#4603,#4604,
    #4605,#4606,#4607,#4608,#4609,#4610),.UNSPECIFIED.,.F.,.F.,(11,11),(
    1.,2.),.PIECEWISE_BEZIER_KNOTS.);
#4600 = CARTESIAN_POINT('',(37.792130737918,0.771267974243));
#4601 = CARTESIAN_POINT('',(37.789932109335,0.879000774842));
#4602 = CARTESIAN_POINT('',(37.787392223874,0.986726610751));
#4603 = CARTESIAN_POINT('',(37.784511123679,1.094444266543));
#4604 = CARTESIAN_POINT('',(37.781288850891,1.202152526788));
#4605 = CARTESIAN_POINT('',(37.777725447652,1.309850176059));
#4606 = CARTESIAN_POINT('',(37.773820956105,1.417535998928));
#4607 = CARTESIAN_POINT('',(37.769575418391,1.525208779966));
#4608 = CARTESIAN_POINT('',(37.764988876652,1.632867303746));
#4609 = CARTESIAN_POINT('',(37.76006137303,1.740510354838));
#4610 = CARTESIAN_POINT('',(37.754792949667,1.848136717816));
#4611 = ( GEOMETRIC_REPRESENTATION_CONTEXT(2) 
PARAMETRIC_REPRESENTATION_CONTEXT() REPRESENTATION_CONTEXT('2D SPACE',''
  ) );
#4612 = PCURVE('',#4613,#4658);
#4613 = ( BOUNDED_SURFACE() B_SPLINE_SURFACE(10,3,(
    (#4614,#4615,#4616,#4617)
    ,(#4618,#4619,#4620,#4621)
    ,(#4622,#4623,#4624,#4625)
    ,(#4626,#4627,#4628,#4629)
    ,(#4630,#4631,#4632,#4633)
    ,(#4634,#4635,#4636,#4637)
    ,(#4638,#4639,#4640,#4641)
    ,(#4642,#4643,#4644,#4645)
    ,(#4646,#4647,#4648,#4649)
    ,(#4650,#4651,#4652,#4653)
    ,(#4654,#4655,#4656,#4657
)),.UNSPECIFIED.,.F.,.F.,.F.) B_SPLINE_SURFACE_WITH_KNOTS((11,11),(4,4),
  (1.,2.),(0.,1.),.PIECEWISE_BEZIER_KNOTS.) 
GEOMETRIC_REPRESENTATION_ITEM() RATIONAL_B_SPLINE_SURFACE((
    (1.,1.,1.,1.)
    ,(1.,1.,1.,1.)
    ,(1.,1.,1.,1.)
    ,(1.,1.,1.,1.)
    ,(1.,1.,1.,1.)
    ,(1.,1.,1.,1.)
    ,(1.,1.,1.,1.)
    ,(1.,1.,1.,1.)
    ,(1.,1.,1.,1.)
    ,(1.,1.,1.,1.)
,(1.,1.,1.,1.))) REPRESENTATION_ITEM('') SURFACE() );
#4614 = CARTESIAN_POINT('',(37.792130737918,0.771267974243,0.));
#4615 = CARTESIAN_POINT('',(-22.76359050955,-0.464563071624,3.));
#4616 = CARTESIAN_POINT('',(67.714857463656,1.381935866605,90.));
#4617 = CARTESIAN_POINT('',(36.75,0.75,99.));
#4618 = CARTESIAN_POINT('',(37.789932109335,0.879000774842,0.));
#4619 = CARTESIAN_POINT('',(-23.35693302828,-0.669569405843,3.));
#4620 = CARTESIAN_POINT('',(69.248247524805,1.872648135185,
    89.999999999999));
#4621 = CARTESIAN_POINT('',(34.607142857143,0.75,99.));
#4622 = CARTESIAN_POINT('',(37.787392223874,0.986726610751,0.));
#4623 = CARTESIAN_POINT('',(-23.91840947914,-0.858714073768,
    2.999999999999));
#4624 = CARTESIAN_POINT('',(70.716285593333,2.331522719512,
    90.000000000001));
#4625 = CARTESIAN_POINT('',(32.464285714285,0.75,99.));
#4626 = CARTESIAN_POINT('',(37.784511123679,1.094444266543,0.));
#4627 = CARTESIAN_POINT('',(-24.45025163754,-1.027394073369,3.));
#4628 = CARTESIAN_POINT('',(72.123436451751,2.749333632846,90.));
#4629 = CARTESIAN_POINT('',(30.321428571428,0.75,99.));
#4630 = CARTESIAN_POINT('',(37.781288850891,1.202152526788,0.));
#4631 = CARTESIAN_POINT('',(-24.95542908727,-1.17136231828,3.));
#4632 = CARTESIAN_POINT('',(73.475640755159,3.117566745734,
    89.999999999999));
#4633 = CARTESIAN_POINT('',(28.178571428571,0.75,99.));
#4634 = CARTESIAN_POINT('',(37.777725447652,1.309850176059,0.));
#4635 = CARTESIAN_POINT('',(-25.43758454593,-1.286868218631,3.));
#4636 = CARTESIAN_POINT('',(74.780185682069,3.428700947683,90.));
#4637 = CARTESIAN_POINT('',(26.035714285713,0.75,99.));
#4638 = CARTESIAN_POINT('',(37.773820956105,1.417535998928,0.));
#4639 = CARTESIAN_POINT('',(-25.90093506343,-1.370779663026,
    2.999999999999));
#4640 = CARTESIAN_POINT('',(76.045507331453,3.676452111106,
    90.000000000001));
#4641 = CARTESIAN_POINT('',(23.892857142856,0.75,99.));
#4642 = CARTESIAN_POINT('',(37.769575418391,1.525208779966,0.));
#4643 = CARTESIAN_POINT('',(-26.35014715296,-1.420681346357,3.));
#4644 = CARTESIAN_POINT('',(77.28094098466,3.855969746953,90.));
#4645 = CARTESIAN_POINT('',(21.749999999999,0.75,99.));
#4646 = CARTESIAN_POINT('',(37.764988876652,1.632867303746,0.));
#4647 = CARTESIAN_POINT('',(-26.79019391371,-1.434944388189,
    3.000000000001));
#4648 = CARTESIAN_POINT('',(78.496435350851,3.963976241492,
    89.999999999999));
#4649 = CARTESIAN_POINT('',(19.607142857141,0.75,99.));
#4650 = CARTESIAN_POINT('',(37.76006137303,1.740510354838,0.));
#4651 = CARTESIAN_POINT('',(-27.22620220467,-1.412762186442,3.));
#4652 = CARTESIAN_POINT('',(79.7022469146,3.998838563651,90.));
#4653 = CARTESIAN_POINT('',(17.464285714284,0.75,99.));
#4654 = CARTESIAN_POINT('',(37.754792949667,1.848136717816,0.));
#4655 = CARTESIAN_POINT('',(-27.66329792882,-1.354147451061,3.));
#4656 = CARTESIAN_POINT('',(80.908630504323,3.960562332379,90.));
#4657 = CARTESIAN_POINT('',(15.321428571426,0.75,99.));
#4658 = DEFINITIONAL_REPRESENTATION('',(#4659),#4663);
#4659 = LINE('',#4660,#4661);
#4660 = CARTESIAN_POINT('',(0.,0.));
#4661 = VECTOR('',#4662,1.);
#4662 = DIRECTION('',(1.,0.));
#4663 = ( GEOMETRIC_REPRESENTATION_CONTEXT(2) 
PARAMETRIC_REPRESENTATION_CONTEXT() REPRESENTATION_CONTEXT('2D SPACE',''
  ) );
#4664 = ORIENTED_EDGE('',*,*,#4665,.F.);
#4665 = EDGE_CURVE('',#4666,#4582,#4668,.T.);
#4666 = VERTEX_POINT('',#4667);
#4667 = CARTESIAN_POINT('',(37.8,0.,0.));
#4668 = SURFACE_CURVE('',#4669,(#4681,#4696),.PCURVE_S1.);
#4669 = B_SPLINE_CURVE_WITH_KNOTS('',10,(#4670,#4671,#4672,#4673,#4674,
    #4675,#4676,#4677,#4678,#4679,#4680),.UNSPECIFIED.,.F.,.F.,(11,11),(
    0.,1.),.PIECEWISE_BEZIER_KNOTS.);
#4670 = CARTESIAN_POINT('',(37.8,5.551115123126E-17,0.));
#4671 = CARTESIAN_POINT('',(37.8,7.713214999511E-02,0.));
#4672 = CARTESIAN_POINT('',(37.799825115374,0.154264299941,0.));
#4673 = CARTESIAN_POINT('',(37.799475350672,0.231396003808,0.));
#4674 = CARTESIAN_POINT('',(37.798950710446,0.308526815567,0.));
#4675 = CARTESIAN_POINT('',(37.798251199246,0.38565628919,0.));
#4676 = CARTESIAN_POINT('',(37.797376821623,0.462783978648,0.));
#4677 = CARTESIAN_POINT('',(37.796327582128,0.539909437911,0.));
#4678 = CARTESIAN_POINT('',(37.795103485311,0.617032220951,0.));
#4679 = CARTESIAN_POINT('',(37.793704535725,0.694151881738,0.));
#4680 = CARTESIAN_POINT('',(37.792130737918,0.771267974243,0.));
#4681 = PCURVE('',#4019,#4682);
#4682 = DEFINITIONAL_REPRESENTATION('',(#4683),#4695);
#4683 = B_SPLINE_CURVE_WITH_KNOTS('',10,(#4684,#4685,#4686,#4687,#4688,
    #4689,#4690,#4691,#4692,#4693,#4694),.UNSPECIFIED.,.F.,.F.,(11,11),(
    0.,1.),.PIECEWISE_BEZIER_KNOTS.);
#4684 = CARTESIAN_POINT('',(37.8,7.164555050056E-17));
#4685 = CARTESIAN_POINT('',(37.8,7.713214999511E-02));
#4686 = CARTESIAN_POINT('',(37.799825115374,0.154264299941));
#4687 = CARTESIAN_POINT('',(37.799475350672,0.231396003808));
#4688 = CARTESIAN_POINT('',(37.798950710446,0.308526815567));
#4689 = CARTESIAN_POINT('',(37.798251199246,0.38565628919));
#4690 = CARTESIAN_POINT('',(37.797376821623,0.462783978648));
#4691 = CARTESIAN_POINT('',(37.796327582128,0.539909437911));
#4692 = CARTESIAN_POINT('',(37.795103485311,0.617032220951));
#4693 = CARTESIAN_POINT('',(37.793704535725,0.694151881738));
#4694 = CARTESIAN_POINT('',(37.792130737918,0.771267974243));
#4695 = ( GEOMETRIC_REPRESENTATION_CONTEXT(2) 
PARAMETRIC_REPRESENTATION_CONTEXT() REPRESENTATION_CONTEXT('2D SPACE',''
  ) );
#4696 = PCURVE('',#4697,#4742);
#4697 = ( BOUNDED_SURFACE() B_SPLINE_SURFACE(10,3,(
    (#4698,#4699,#4700,#4701)
    ,(#4702,#4703,#4704,#4705)
    ,(#4706,#4707,#4708,#4709)
    ,(#4710,#4711,#4712,#4713)
    ,(#4714,#4715,#4716,#4717)
    ,(#4718,#4719,#4720,#4721)
    ,(#4722,#4723,#4724,#4725)
    ,(#4726,#4727,#4728,#4729)
    ,(#4730,#4731,#4732,#4733)
    ,(#4734,#4735,#4736,#4737)
    ,(#4738,#4739,#4740,#4741
)),.UNSPECIFIED.,.F.,.F.,.F.) B_SPLINE_SURFACE_WITH_KNOTS((11,11),(4,4),
  (0.,1.),(0.,1.),.PIECEWISE_BEZIER_KNOTS.) 
GEOMETRIC_REPRESENTATION_ITEM() RATIONAL_B_SPLINE_SURFACE((
    (1.,1.,1.,1.)
    ,(1.,1.,1.,1.)
    ,(1.,1.,1.,1.)
    ,(1.,1.,1.,1.)
    ,(1.,1.,1.,1.)
    ,(1.,1.,1.,1.)
    ,(1.,1.,1.,1.)
    ,(1.,1.,1.,1.)
    ,(1.,1.,1.,1.)
    ,(1.,1.,1.,1.)
,(1.,1.,1.,1.))) REPRESENTATION_ITEM('') SURFACE() );
#4698 = CARTESIAN_POINT('',(37.8,5.551115123126E-17,0.));
#4699 = CARTESIAN_POINT('',(-22.77014822795,-0.178160240246,3.));
#4700 = CARTESIAN_POINT('',(67.717480551016,-1.124846541857,90.));
#4701 = CARTESIAN_POINT('',(36.75,-0.75,99.));
#4702 = CARTESIAN_POINT('',(37.8,7.713214999511E-02,0.));
#4703 = CARTESIAN_POINT('',(-22.78177743475,-0.241395425488,3.));
#4704 = CARTESIAN_POINT('',(67.720589771074,-0.780365096084,90.));
#4705 = CARTESIAN_POINT('',(36.985619449019,-0.75,99.));
#4706 = CARTESIAN_POINT('',(37.799825115374,0.154264299941,0.));
#4707 = CARTESIAN_POINT('',(-22.77478672913,-0.287345616535,3.));
#4708 = CARTESIAN_POINT('',(67.682447955627,-0.483908410279,90.));
#4709 = CARTESIAN_POINT('',(37.221241071558,-0.667753520049,99.));
#4710 = CARTESIAN_POINT('',(37.799475350672,0.231396003808,0.));
#4711 = CARTESIAN_POINT('',(-22.75879059289,-0.313655312351,3.));
#4712 = CARTESIAN_POINT('',(67.627666036766,-0.240250475186,90.));
#4713 = CARTESIAN_POINT('',(37.424550431438,-0.503258522416,99.));
#4714 = CARTESIAN_POINT('',(37.798950710446,0.308526815567,0.));
#4715 = CARTESIAN_POINT('',(-22.74368699729,-0.322651831083,3.));
#4716 = CARTESIAN_POINT('',(67.581410946952,-4.238187300455E-02,90.));
#4717 = CARTESIAN_POINT('',(37.563305417225,-0.271019590411,99.));
#4718 = CARTESIAN_POINT('',(37.798251199246,0.38565628919,0.));
#4719 = CARTESIAN_POINT('',(-22.73723230006,-0.321380240992,3.));
#4720 = CARTESIAN_POINT('',(67.563331374798,0.128552096397,90.));
#4721 = CARTESIAN_POINT('',(37.612680472819,3.869127240819E-15,99.));
#4722 = CARTESIAN_POINT('',(37.797376821623,0.462783978648,0.));
#4723 = CARTESIAN_POINT('',(-22.74237542327,-0.320107164096,3.));
#4724 = CARTESIAN_POINT('',(67.580886317342,0.299485471076,90.));
#4725 = CARTESIAN_POINT('',(37.563305417228,0.271019590411,99.));
#4726 = CARTESIAN_POINT('',(37.796327582128,0.539909437911,0.));
#4727 = CARTESIAN_POINT('',(-22.75616745244,-0.329099222415,3.));
#4728 = CARTESIAN_POINT('',(67.626616780587,0.497352289092,90.));
#4729 = CARTESIAN_POINT('',(37.424550431434,0.503258522416,99.));
#4730 = CARTESIAN_POINT('',(37.795103485311,0.617032220951,0.));
#4731 = CARTESIAN_POINT('',(-22.77085203741,-0.355401484208,3.));
#4732 = CARTESIAN_POINT('',(67.680874078938,0.741007250576,90.));
#4733 = CARTESIAN_POINT('',(37.22124107156,0.667753520049,99.));
#4734 = CARTESIAN_POINT('',(37.793704535725,0.694151881738,0.));
#4735 = CARTESIAN_POINT('',(-22.77653121453,-0.401341267623,3.));
#4736 = CARTESIAN_POINT('',(67.718491282983,1.037459773328,90.));
#4737 = CARTESIAN_POINT('',(36.985619449019,0.75,99.));
#4738 = CARTESIAN_POINT('',(37.792130737918,0.771267974243,0.));
#4739 = CARTESIAN_POINT('',(-22.76359050955,-0.464563071624,3.));
#4740 = CARTESIAN_POINT('',(67.714857463656,1.381935866605,90.));
#4741 = CARTESIAN_POINT('',(36.75,0.75,99.));
#4742 = DEFINITIONAL_REPRESENTATION('',(#4743),#4747);
#4743 = LINE('',#4744,#4745);
#4744 = CARTESIAN_POINT('',(0.,0.));
#4745 = VECTOR('',#4746,1.);
#4746 = DIRECTION('',(1.,0.));
#4747 = ( GEOMETRIC_REPRESENTATION_CONTEXT(2) 
PARAMETRIC_REPRESENTATION_CONTEXT() REPRESENTATION_CONTEXT('2D SPACE',''
  ) );
#4748 = ORIENTED_EDGE('',*,*,#4749,.F.);
#4749 = EDGE_CURVE('',#4750,#4666,#4752,.T.);
#4750 = VERTEX_POINT('',#4751);
#4751 = CARTESIAN_POINT('',(37.8,-5.670707920429E-06,0.));
#4752 = SURFACE_CURVE('',#4753,(#4765,#4780),.PCURVE_S1.);
#4753 = B_SPLINE_CURVE_WITH_KNOTS('',10,(#4754,#4755,#4756,#4757,#4758,
    #4759,#4760,#4761,#4762,#4763,#4764),.UNSPECIFIED.,.F.,.F.,(11,11),(
    11.,12.),.PIECEWISE_BEZIER_KNOTS.);
#4754 = CARTESIAN_POINT('',(37.754792949667,-1.848136717816,0.));
#4755 = CARTESIAN_POINT('',(37.763832557118,-1.663470451324,0.));
#4756 = CARTESIAN_POINT('',(37.771868564867,-1.478755056594,0.));
#4757 = CARTESIAN_POINT('',(37.778900672506,-1.293996671103,0.));
#4758 = CARTESIAN_POINT('',(37.784928622537,-1.10920143338,0.));
#4759 = CARTESIAN_POINT('',(37.789952200376,-0.924375483003,0.));
#4760 = CARTESIAN_POINT('',(37.793971234348,-0.739524960599,0.));
#4761 = CARTESIAN_POINT('',(37.796985595691,-0.554656007844,0.));
#4762 = CARTESIAN_POINT('',(37.798995198555,-0.369774767467,0.));
#4763 = CARTESIAN_POINT('',(37.8,-0.184887383244,0.));
#4764 = CARTESIAN_POINT('',(37.8,-9.214851104389E-15,0.));
#4765 = PCURVE('',#4019,#4766);
#4766 = DEFINITIONAL_REPRESENTATION('',(#4767),#4779);
#4767 = B_SPLINE_CURVE_WITH_KNOTS('',10,(#4768,#4769,#4770,#4771,#4772,
    #4773,#4774,#4775,#4776,#4777,#4778),.UNSPECIFIED.,.F.,.F.,(11,11),(
    11.,12.),.PIECEWISE_BEZIER_KNOTS.);
#4768 = CARTESIAN_POINT('',(37.754792949667,-1.848136717816));
#4769 = CARTESIAN_POINT('',(37.763832557118,-1.663470451324));
#4770 = CARTESIAN_POINT('',(37.771868564867,-1.478755056594));
#4771 = CARTESIAN_POINT('',(37.778900672506,-1.293996671103));
#4772 = CARTESIAN_POINT('',(37.784928622537,-1.10920143338));
#4773 = CARTESIAN_POINT('',(37.789952200376,-0.924375483003));
#4774 = CARTESIAN_POINT('',(37.793971234348,-0.739524960599));
#4775 = CARTESIAN_POINT('',(37.796985595691,-0.554656007844));
#4776 = CARTESIAN_POINT('',(37.798995198555,-0.369774767467));
#4777 = CARTESIAN_POINT('',(37.8,-0.184887383244));
#4778 = CARTESIAN_POINT('',(37.8,-9.19871670512E-15));
#4779 = ( GEOMETRIC_REPRESENTATION_CONTEXT(2) 
PARAMETRIC_REPRESENTATION_CONTEXT() REPRESENTATION_CONTEXT('2D SPACE',''
  ) );
#4780 = PCURVE('',#4781,#4826);
#4781 = ( BOUNDED_SURFACE() B_SPLINE_SURFACE(10,3,(
    (#4782,#4783,#4784,#4785)
    ,(#4786,#4787,#4788,#4789)
    ,(#4790,#4791,#4792,#4793)
    ,(#4794,#4795,#4796,#4797)
    ,(#4798,#4799,#4800,#4801)
    ,(#4802,#4803,#4804,#4805)
    ,(#4806,#4807,#4808,#4809)
    ,(#4810,#4811,#4812,#4813)
    ,(#4814,#4815,#4816,#4817)
    ,(#4818,#4819,#4820,#4821)
    ,(#4822,#4823,#4824,#4825
)),.UNSPECIFIED.,.F.,.F.,.F.) B_SPLINE_SURFACE_WITH_KNOTS((11,11),(4,4),
  (11.,12.),(0.,1.),.PIECEWISE_BEZIER_KNOTS.) 
GEOMETRIC_REPRESENTATION_ITEM() RATIONAL_B_SPLINE_SURFACE((
    (1.,1.,1.,1.)
    ,(1.,1.,1.,1.)
    ,(1.,1.,1.,1.)
    ,(1.,1.,1.,1.)
    ,(1.,1.,1.,1.)
    ,(1.,1.,1.,1.)
    ,(1.,1.,1.,1.)
    ,(1.,1.,1.,1.)
    ,(1.,1.,1.,1.)
    ,(1.,1.,1.,1.)
,(1.,1.,1.,1.))) REPRESENTATION_ITEM('') SURFACE() );
#4782 = CARTESIAN_POINT('',(37.754792949667,-1.848136717816,0.));
#4783 = CARTESIAN_POINT('',(-27.66329792882,1.354147451061,3.));
#4784 = CARTESIAN_POINT('',(80.908630504322,-3.960562332379,90.));
#4785 = CARTESIAN_POINT('',(15.321428571428,-0.75,99.));
#4786 = CARTESIAN_POINT('',(37.763832557118,-1.663470451324,0.));
#4787 = CARTESIAN_POINT('',(-27.22934485807,1.348562266847,3.));
#4788 = CARTESIAN_POINT('',(79.703503975962,-3.973158595813,
    89.999999999999));
#4789 = CARTESIAN_POINT('',(17.464285714285,-0.75,99.));
#4790 = CARTESIAN_POINT('',(37.771868564867,-1.478755056594,0.));
#4791 = CARTESIAN_POINT('',(-26.79592698723,1.306517515563,
    2.999999999999));
#4792 = CARTESIAN_POINT('',(78.498728580256,-3.912605492442,
    90.000000000001));
#4793 = CARTESIAN_POINT('',(19.607142857142,-0.75,99.));
#4794 = CARTESIAN_POINT('',(37.778900672506,-1.293996671103,0.));
#4795 = CARTESIAN_POINT('',(-26.35791819806,1.228004588971,3.));
#4796 = CARTESIAN_POINT('',(77.284049402698,-3.778899043999,90.));
#4797 = CARTESIAN_POINT('',(21.75,-0.75,99.));
#4798 = CARTESIAN_POINT('',(37.784928622537,-1.10920143338,0.));
#4799 = CARTESIAN_POINT('',(-25.91019145213,1.113834191737,
    3.000000000001));
#4800 = CARTESIAN_POINT('',(76.049209886929,-3.57367392259,
    89.999999999999));
#4801 = CARTESIAN_POINT('',(23.892857142857,-0.75,99.));
#4802 = CARTESIAN_POINT('',(37.789952200376,-0.924375483003,0.));
#4803 = CARTESIAN_POINT('',(-25.44777350653,0.965639307751,3.));
#4804 = CARTESIAN_POINT('',(74.784261266309,-3.300209383331,90.));
#4805 = CARTESIAN_POINT('',(26.035714285714,-0.75,99.));
#4806 = CARTESIAN_POINT('',(37.793971234348,-0.739524960599,0.));
#4807 = CARTESIAN_POINT('',(-24.96599774015,0.785839346455,
    2.999999999999));
#4808 = CARTESIAN_POINT('',(73.479868216311,-2.963357557004,
    90.000000000001));
#4809 = CARTESIAN_POINT('',(28.178571428571,-0.75,99.));
#4810 = CARTESIAN_POINT('',(37.796985595691,-0.554656007844,0.));
#4811 = CARTESIAN_POINT('',(-24.46064703088,0.577570524454,3.));
#4812 = CARTESIAN_POINT('',(72.127594609088,-2.56940421328,90.));
#4813 = CARTESIAN_POINT('',(30.321428571428,-0.75,99.));
#4814 = CARTESIAN_POINT('',(37.798995198555,-0.369774767467,0.));
#4815 = CARTESIAN_POINT('',(-23.9280786247,0.344587537698,3.000000000001
    ));
#4816 = CARTESIAN_POINT('',(70.720153251558,-2.125872105084,
    89.999999999999));
#4817 = CARTESIAN_POINT('',(32.464285714286,-0.75,99.));
#4818 = CARTESIAN_POINT('',(37.8,-0.184887383244,0.));
#4819 = CARTESIAN_POINT('',(-23.36532293717,9.114157951111E-02,3.));
#4820 = CARTESIAN_POINT('',(69.251603488361,-1.641277004652,
    90.000000000001));
#4821 = CARTESIAN_POINT('',(34.607142857143,-0.75,99.));
#4822 = CARTESIAN_POINT('',(37.8,-9.214851104389E-15,0.));
#4823 = CARTESIAN_POINT('',(-22.77014822795,-0.178160240246,3.));
#4824 = CARTESIAN_POINT('',(67.717480551016,-1.124846541857,90.));
#4825 = CARTESIAN_POINT('',(36.75,-0.75,99.));
#4826 = DEFINITIONAL_REPRESENTATION('',(#4827),#4831);
#4827 = LINE('',#4828,#4829);
#4828 = CARTESIAN_POINT('',(0.,0.));
#4829 = VECTOR('',#4830,1.);
#4830 = DIRECTION('',(1.,0.));
#4831 = ( GEOMETRIC_REPRESENTATION_CONTEXT(2) 
PARAMETRIC_REPRESENTATION_CONTEXT() REPRESENTATION_CONTEXT('2D SPACE',''
  ) );
#4832 = ORIENTED_EDGE('',*,*,#4833,.T.);
#4833 = EDGE_CURVE('',#4750,#4116,#4834,.T.);
#4834 = SURFACE_CURVE('',#4835,(#4839,#4845),.PCURVE_S1.);
#4835 = LINE('',#4836,#4837);
#4836 = CARTESIAN_POINT('',(9.23602159002E-05,-5.670707919931E-06,0.));
#4837 = VECTOR('',#4838,1.);
#4838 = DIRECTION('',(1.,0.,0.));
#4839 = PCURVE('',#4019,#4840);
#4840 = DEFINITIONAL_REPRESENTATION('',(#4841),#4844);
#4841 = B_SPLINE_CURVE_WITH_KNOTS('',1,(#4842,#4843),.UNSPECIFIED.,.F.,
  .F.,(2,2),(-46.50009236021,46.499907639784),.PIECEWISE_BEZIER_KNOTS.);
#4842 = CARTESIAN_POINT('',(-46.5,-5.670707919915E-06));
#4843 = CARTESIAN_POINT('',(46.5,-5.670707919915E-06));
#4844 = ( GEOMETRIC_REPRESENTATION_CONTEXT(2) 
PARAMETRIC_REPRESENTATION_CONTEXT() REPRESENTATION_CONTEXT('2D SPACE',''
  ) );
#4845 = PCURVE('',#4846,#4851);
#4846 = PLANE('',#4847);
#4847 = AXIS2_PLACEMENT_3D('',#4848,#4849,#4850);
#4848 = CARTESIAN_POINT('',(1.847204318023E-04,-5.670707919931E-06,
    52.831249336744));
#4849 = DIRECTION('',(-0.,-1.,-0.));
#4850 = DIRECTION('',(0.,0.,-1.));
#4851 = DEFINITIONAL_REPRESENTATION('',(#4852),#4855);
#4852 = B_SPLINE_CURVE_WITH_KNOTS('',1,(#4853,#4854),.UNSPECIFIED.,.F.,
  .F.,(2,2),(-46.50009236021,46.499907639784),.PIECEWISE_BEZIER_KNOTS.);
#4853 = CARTESIAN_POINT('',(52.831249336744,-46.50018472043));
#4854 = CARTESIAN_POINT('',(52.831249336744,46.499815279568));
#4855 = ( GEOMETRIC_REPRESENTATION_CONTEXT(2) 
PARAMETRIC_REPRESENTATION_CONTEXT() REPRESENTATION_CONTEXT('2D SPACE',''
  ) );
#4856 = ADVANCED_FACE('',(#4857),#4101,.T.);
#4857 = FACE_BOUND('',#4858,.T.);
#4858 = EDGE_LOOP('',(#4859,#4880,#4881,#4882,#5238,#5264));
#4859 = ORIENTED_EDGE('',*,*,#4860,.F.);
#4860 = EDGE_CURVE('',#4060,#4861,#4863,.T.);
#4861 = VERTEX_POINT('',#4862);
#4862 = CARTESIAN_POINT('',(-44.75,-5.670707923859E-06,69.9));
#4863 = SURFACE_CURVE('',#4864,(#4868,#4874),.PCURVE_S1.);
#4864 = LINE('',#4865,#4866);
#4865 = CARTESIAN_POINT('',(9.23602159002E-05,-5.670707919931E-06,69.9)
  );
#4866 = VECTOR('',#4867,1.);
#4867 = DIRECTION('',(1.,0.,0.));
#4868 = PCURVE('',#4101,#4869);
#4869 = DEFINITIONAL_REPRESENTATION('',(#4870),#4873);
#4870 = B_SPLINE_CURVE_WITH_KNOTS('',1,(#4871,#4872),.UNSPECIFIED.,.F.,
  .F.,(2,2),(-46.50009236021,46.499907639784),.PIECEWISE_BEZIER_KNOTS.);
#4871 = CARTESIAN_POINT('',(-17.06875066325,-46.50018472043));
#4872 = CARTESIAN_POINT('',(-17.06875066325,46.499815279568));
#4873 = ( GEOMETRIC_REPRESENTATION_CONTEXT(2) 
PARAMETRIC_REPRESENTATION_CONTEXT() REPRESENTATION_CONTEXT('2D SPACE',''
  ) );
#4874 = PCURVE('',#4076,#4875);
#4875 = DEFINITIONAL_REPRESENTATION('',(#4876),#4879);
#4876 = B_SPLINE_CURVE_WITH_KNOTS('',1,(#4877,#4878),.UNSPECIFIED.,.F.,
  .F.,(2,2),(-46.50009236021,46.499907639784),.PIECEWISE_BEZIER_KNOTS.);
#4877 = CARTESIAN_POINT('',(-46.5,-5.670707919915E-06));
#4878 = CARTESIAN_POINT('',(46.5,-5.670707919915E-06));
#4879 = ( GEOMETRIC_REPRESENTATION_CONTEXT(2) 
PARAMETRIC_REPRESENTATION_CONTEXT() REPRESENTATION_CONTEXT('2D SPACE',''
  ) );
#4880 = ORIENTED_EDGE('',*,*,#4088,.T.);
#4881 = ORIENTED_EDGE('',*,*,#4140,.T.);
#4882 = ORIENTED_EDGE('',*,*,#4883,.T.);
#4883 = EDGE_CURVE('',#4141,#4884,#4886,.T.);
#4884 = VERTEX_POINT('',#4885);
#4885 = CARTESIAN_POINT('',(-41.91671097197,-5.670707919938E-06,80.7));
#4886 = SURFACE_CURVE('',#4887,(#5002,#5120),.PCURVE_S1.);
#4887 = B_SPLINE_CURVE_WITH_KNOTS('',8,(#4888,#4889,#4890,#4891,#4892,
    #4893,#4894,#4895,#4896,#4897,#4898,#4899,#4900,#4901,#4902,#4903,
    #4904,#4905,#4906,#4907,#4908,#4909,#4910,#4911,#4912,#4913,#4914,
    #4915,#4916,#4917,#4918,#4919,#4920,#4921,#4922,#4923,#4924,#4925,
    #4926,#4927,#4928,#4929,#4930,#4931,#4932,#4933,#4934,#4935,#4936,
    #4937,#4938,#4939,#4940,#4941,#4942,#4943,#4944,#4945,#4946,#4947,
    #4948,#4949,#4950,#4951,#4952,#4953,#4954,#4955,#4956,#4957,#4958,
    #4959,#4960,#4961,#4962,#4963,#4964,#4965,#4966,#4967,#4968,#4969,
    #4970,#4971,#4972,#4973,#4974,#4975,#4976,#4977,#4978,#4979,#4980,
    #4981,#4982,#4983,#4984,#4985,#4986,#4987,#4988,#4989,#4990,#4991,
    #4992,#4993,#4994,#4995,#4996,#4997,#4998,#4999,#5000,#5001),
  .UNSPECIFIED.,.F.,.F.,(9,7,7,7,7,7,7,7,7,7,7,7,7,7,7,7,9),(0.,
    0.126101701205,0.1588000658,0.176215029474,0.209693173015,
    0.247975038079,0.268698128478,0.312700284515,0.441568688861,
    0.592372899011,0.68955334911,0.726017269526,0.752936447886,
    0.772704074659,0.825357059871,0.924789241636,1.),.UNSPECIFIED.);
#4888 = CARTESIAN_POINT('',(-37.79999999999,-5.670707919931E-06,0.));
#4889 = CARTESIAN_POINT('',(-36.22610999152,-5.670707919931E-06,
    7.797968660788E-02));
#4890 = CARTESIAN_POINT('',(-34.65758907684,-5.670707919931E-06,
    0.20278441223));
#4891 = CARTESIAN_POINT('',(-33.09267447092,-5.670707919931E-06,
    0.381023984731));
#4892 = CARTESIAN_POINT('',(-31.53319126939,-5.670707919931E-06,
    0.621362787469));
#4893 = CARTESIAN_POINT('',(-29.98455862121,-5.670707919931E-06,
    0.934601662273));
#4894 = CARTESIAN_POINT('',(-28.45595018174,-5.670707919931E-06,
    1.334269352967));
#4895 = CARTESIAN_POINT('',(-26.96031209824,-5.670707919931E-06,
    1.836781143923));
#4896 = CARTESIAN_POINT('',(-25.1401805053,-5.670707919931E-06,
    2.626587012864));
#4897 = CARTESIAN_POINT('',(-24.7690009894,-5.670707919931E-06,
    2.797501607709));
#4898 = CARTESIAN_POINT('',(-24.40180748486,-5.670707919931E-06,
    2.977027544815));
#4899 = CARTESIAN_POINT('',(-24.03903932843,-5.670707919931E-06,
    3.16548289681));
#4900 = CARTESIAN_POINT('',(-23.68118767373,-5.670707919931E-06,
    3.36317247756));
#4901 = CARTESIAN_POINT('',(-23.32879029378,-5.670707919931E-06,
    3.570378321727));
#4902 = CARTESIAN_POINT('',(-22.98242467573,-5.670707919931E-06,
    3.787347082004));
#4903 = CARTESIAN_POINT('',(-22.46176365561,-5.670707919931E-06,
    4.135134517752));
#4904 = CARTESIAN_POINT('',(-22.2827136034,-5.670707919931E-06,
    4.258818087341));
#4905 = CARTESIAN_POINT('',(-22.10564281297,-5.670707919931E-06,
    4.38535322546));
#4906 = CARTESIAN_POINT('',(-21.93064766044,-5.670707919931E-06,
    4.514763672503));
#4907 = CARTESIAN_POINT('',(-21.75782670694,-5.670707919931E-06,
    4.647067909239));
#4908 = CARTESIAN_POINT('',(-21.58728006936,-5.670707919931E-06,
    4.782278329444));
#4909 = CARTESIAN_POINT('',(-21.41910879098,-5.670707919931E-06,
    4.920400412535));
#4910 = CARTESIAN_POINT('',(-20.93488659421,-5.670707919931E-06,
    5.332547721782));
#4911 = CARTESIAN_POINT('',(-20.62548005716,-5.670707919931E-06,
    5.614442253777));
#4912 = CARTESIAN_POINT('',(-20.32595433589,-5.670707919931E-06,
    5.907070921737));
#4913 = CARTESIAN_POINT('',(-20.03703209417,-5.670707919931E-06,
    6.210305061129));
#4914 = CARTESIAN_POINT('',(-19.75938382938,-5.670707919931E-06,
    6.523918080128));
#4915 = CARTESIAN_POINT('',(-19.49361277727,-5.670707919931E-06,
    6.847571626415));
#4916 = CARTESIAN_POINT('',(-19.24023981676,-5.670707919931E-06,
    7.180801753977));
#4917 = CARTESIAN_POINT('',(-18.72462061784,-5.670707919931E-06,
    7.914310596867));
#4918 = CARTESIAN_POINT('',(-18.46626022254,-5.670707919931E-06,
    8.317431299485));
#4919 = CARTESIAN_POINT('',(-18.22526433208,-5.670707919931E-06,
    8.731457026935));
#4920 = CARTESIAN_POINT('',(-18.00199969218,-5.670707919931E-06,
    9.15540754931));
#4921 = CARTESIAN_POINT('',(-17.79658001479,-5.670707919931E-06,
    9.588251381455));
#4922 = CARTESIAN_POINT('',(-17.60890334186,-5.670707919931E-06,
    10.028924586811));
#4923 = CARTESIAN_POINT('',(-17.43868940912,-5.670707919931E-06,
    10.476349581251));
#4924 = CARTESIAN_POINT('',(-17.20260032153,-5.670707919931E-06,
    11.174732543563));
#4925 = CARTESIAN_POINT('',(-17.1246702177,-5.670707919931E-06,
    11.421696750526));
#4926 = CARTESIAN_POINT('',(-17.05165630237,-5.670707919931E-06,
    11.670190832378));
#4927 = CARTESIAN_POINT('',(-16.98347581606,-5.670707919931E-06,
    11.920066015151));
#4928 = CARTESIAN_POINT('',(-16.92003582956,-5.670707919931E-06,
    12.171181070498));
#4929 = CARTESIAN_POINT('',(-16.8612354376,-5.670707919931E-06,
    12.423402909849));
#4930 = CARTESIAN_POINT('',(-16.80696795255,-5.670707919931E-06,
    12.676607178566));
#4931 = CARTESIAN_POINT('',(-16.65128555055,-5.670707919931E-06,
    13.470159261585));
#4932 = CARTESIAN_POINT('',(-16.56539699143,-5.670707919931E-06,
    14.013502806219));
#4933 = CARTESIAN_POINT('',(-16.49837991115,-5.670707919931E-06,
    14.559670474016));
#4934 = CARTESIAN_POINT('',(-16.44910375728,-5.670707919931E-06,
    15.107760514087));
#4935 = CARTESIAN_POINT('',(-16.416437008,-5.670707919931E-06,
    15.657013272896));
#4936 = CARTESIAN_POINT('',(-16.39928601857,-5.670707919931E-06,
    16.20681472624));
#4937 = CARTESIAN_POINT('',(-16.39662064085,-5.670707919931E-06,
    16.756698704923));
#4938 = CARTESIAN_POINT('',(-16.43930962156,-5.670707919931E-06,
    18.916096290902));
#4939 = CARTESIAN_POINT('',(-16.5871376354,-5.670707919931E-06,
    20.52099788761));
#4940 = CARTESIAN_POINT('',(-16.82638942143,-5.670707919931E-06,
    22.116490417833));
#4941 = CARTESIAN_POINT('',(-17.13969367425,-5.670707919931E-06,
    23.699055479782));
#4942 = CARTESIAN_POINT('',(-17.51330809128,-5.670707919931E-06,
    25.266824098809));
#4943 = CARTESIAN_POINT('',(-17.93696704664,-5.670707919931E-06,
    26.819627564109));
#4944 = CARTESIAN_POINT('',(-18.40303567002,-5.670707919931E-06,
    28.359118666539));
#4945 = CARTESIAN_POINT('',(-19.49535848718,-5.670707919931E-06,
    31.678902115425));
#4946 = CARTESIAN_POINT('',(-20.13425462998,-5.670707919931E-06,
    33.452178469849));
#4947 = CARTESIAN_POINT('',(-20.81325854263,-5.670707919931E-06,
    35.210800911522));
#4948 = CARTESIAN_POINT('',(-21.52530637955,-5.670707919931E-06,
    36.956282636557));
#4949 = CARTESIAN_POINT('',(-22.26473958245,-5.670707919931E-06,
    38.690025181516));
#4950 = CARTESIAN_POINT('',(-23.02703114599,-5.670707919931E-06,
    40.413430860367));
#4951 = CARTESIAN_POINT('',(-23.80844903406,-5.670707919931E-06,
    42.128035583062));
#4952 = CARTESIAN_POINT('',(-25.11979593326,-5.670707919931E-06,
    44.935934152831));
#4953 = CARTESIAN_POINT('',(-25.64027739795,-5.670707919931E-06,
    46.033211229931));
#4954 = CARTESIAN_POINT('',(-26.166471956,-5.670707919931E-06,
    47.127768891792));
#4955 = CARTESIAN_POINT('',(-26.6975809909,-5.670707919931E-06,
    48.219949360075));
#4956 = CARTESIAN_POINT('',(-27.23286445905,-5.670707919931E-06,
    49.310081203661));
#4957 = CARTESIAN_POINT('',(-27.77162430466,-5.670707919931E-06,
    50.398487421057));
#4958 = CARTESIAN_POINT('',(-28.31319067772,-5.670707919931E-06,
    51.485492173159));
#4959 = CARTESIAN_POINT('',(-29.06092496081,-5.670707919931E-06,
    52.978888888164));
#4960 = CARTESIAN_POINT('',(-29.26524165822,-5.670707919931E-06,
    53.386200019386));
#4961 = CARTESIAN_POINT('',(-29.4698265443,-5.670707919931E-06,
    53.793376553001));
#4962 = CARTESIAN_POINT('',(-29.67464516114,-5.670707919931E-06,
    54.200435548286));
#4963 = CARTESIAN_POINT('',(-29.87966309582,-5.670707919931E-06,
    54.607394130805));
#4964 = CARTESIAN_POINT('',(-30.0848459804,-5.670707919931E-06,
    55.014269492407));
#4965 = CARTESIAN_POINT('',(-30.29015949191,-5.670707919931E-06,
    55.421078891226));
#4966 = CARTESIAN_POINT('',(-30.64721143054,-5.670707919931E-06,
    56.128127315082));
#4967 = CARTESIAN_POINT('',(-30.79890593378,-5.670707919931E-06,
    56.428388486701));
#4968 = CARTESIAN_POINT('',(-30.95063903361,-5.670707919931E-06,
    56.728630146054));
#4969 = CARTESIAN_POINT('',(-31.10239680296,-5.670707919931E-06,
    57.028859325124));
#4970 = CARTESIAN_POINT('',(-31.25416521618,-5.670707919931E-06,
    57.329083108369));
#4971 = CARTESIAN_POINT('',(-31.40593014899,-5.670707919931E-06,
    57.629308632718));
#4972 = CARTESIAN_POINT('',(-31.55767737855,-5.670707919931E-06,
    57.929543087574));
#4973 = CARTESIAN_POINT('',(-31.8208019847,-5.670707919931E-06,
    58.450277499954));
#4974 = CARTESIAN_POINT('',(-31.9321940957,-5.670707919931E-06,
    58.670770010418));
#4975 = CARTESIAN_POINT('',(-32.04356323669,-5.670707919931E-06,
    58.891274116383));
#4976 = CARTESIAN_POINT('',(-32.1549036722,-5.670707919931E-06,
    59.111792711382));
#4977 = CARTESIAN_POINT('',(-32.26620961091,-5.670707919931E-06,
    59.332328712295));
#4978 = CARTESIAN_POINT('',(-32.3774752057,-5.670707919931E-06,
    59.552885059353));
#4979 = CARTESIAN_POINT('',(-32.48869455362,-5.670707919931E-06,
    59.773464716137));
#4980 = CARTESIAN_POINT('',(-32.89596612797,-5.670707919931E-06,
    60.581675956607));
#4981 = CARTESIAN_POINT('',(-33.19170001281,-5.670707919931E-06,
    61.169467494138));
#4982 = CARTESIAN_POINT('',(-33.48695059708,-5.670707919931E-06,
    61.757502277697));
#4983 = CARTESIAN_POINT('',(-33.78160170426,-5.670707919931E-06,
    62.345838201538));
#4984 = CARTESIAN_POINT('',(-34.07553270008,-5.670707919931E-06,
    62.934534575154));
#4985 = CARTESIAN_POINT('',(-34.36861745802,-5.670707919931E-06,
    63.523652639784));
#4986 = CARTESIAN_POINT('',(-34.6607233247,-5.670707919931E-06,
    64.113256084929));
#4987 = CARTESIAN_POINT('',(-35.50122210957,-5.670707919931E-06,
    65.817886778647));
#4988 = CARTESIAN_POINT('',(-36.04672845639,-5.670707919931E-06,
    66.934300993553));
#4989 = CARTESIAN_POINT('',(-36.58729944984,-5.670707919931E-06,
    68.053135820884));
#4990 = CARTESIAN_POINT('',(-37.12189166586,-5.670707919931E-06,
    69.174879130756));
#4991 = CARTESIAN_POINT('',(-37.64930880381,-5.670707919931E-06,
    70.300043254344));
#4992 = CARTESIAN_POINT('',(-38.16816379677,-5.670707919931E-06,
    71.429182782209));
#4993 = CARTESIAN_POINT('',(-38.67680653219,-5.670707919931E-06,
    72.56292844165));
#4994 = CARTESIAN_POINT('',(-39.54864089823,-5.670707919931E-06,
    74.563690691106));
#4995 = CARTESIAN_POINT('',(-39.91705102493,-5.670707919931E-06,
    75.428335909869));
#4996 = CARTESIAN_POINT('',(-40.27754151908,-5.670707919931E-06,
    76.296365699926));
#4997 = CARTESIAN_POINT('',(-40.62908083172,-5.670707919931E-06,
    77.168136017069));
#4998 = CARTESIAN_POINT('',(-40.97043272868,-5.670707919931E-06,
    78.043998818059));
#4999 = CARTESIAN_POINT('',(-41.30011634771,-5.670707919931E-06,
    78.924317640734));
#5000 = CARTESIAN_POINT('',(-41.61632186198,-5.670707919931E-06,
    79.80950039135));
#5001 = CARTESIAN_POINT('',(-41.91673374798,-5.670707919931E-06,
    80.700067519065));
#5002 = PCURVE('',#4101,#5003);
#5003 = DEFINITIONAL_REPRESENTATION('',(#5004),#5119);
#5004 = B_SPLINE_CURVE_WITH_KNOTS('',8,(#5005,#5006,#5007,#5008,#5009,
    #5010,#5011,#5012,#5013,#5014,#5015,#5016,#5017,#5018,#5019,#5020,
    #5021,#5022,#5023,#5024,#5025,#5026,#5027,#5028,#5029,#5030,#5031,
    #5032,#5033,#5034,#5035,#5036,#5037,#5038,#5039,#5040,#5041,#5042,
    #5043,#5044,#5045,#5046,#5047,#5048,#5049,#5050,#5051,#5052,#5053,
    #5054,#5055,#5056,#5057,#5058,#5059,#5060,#5061,#5062,#5063,#5064,
    #5065,#5066,#5067,#5068,#5069,#5070,#5071,#5072,#5073,#5074,#5075,
    #5076,#5077,#5078,#5079,#5080,#5081,#5082,#5083,#5084,#5085,#5086,
    #5087,#5088,#5089,#5090,#5091,#5092,#5093,#5094,#5095,#5096,#5097,
    #5098,#5099,#5100,#5101,#5102,#5103,#5104,#5105,#5106,#5107,#5108,
    #5109,#5110,#5111,#5112,#5113,#5114,#5115,#5116,#5117,#5118),
  .UNSPECIFIED.,.F.,.F.,(9,7,7,7,7,7,7,7,7,7,7,7,7,7,7,7,9),(0.,
    0.126101701205,0.1588000658,0.176215029474,0.209693173015,
    0.247975038079,0.268698128478,0.312700284515,0.441568688861,
    0.592372899011,0.68955334911,0.726017269526,0.752936447886,
    0.772704074659,0.825357059871,0.924789241636,1.),.UNSPECIFIED.);
#5005 = CARTESIAN_POINT('',(52.831249336744,-37.80018472043));
#5006 = CARTESIAN_POINT('',(52.753269650136,-36.22629471195));
#5007 = CARTESIAN_POINT('',(52.628464924514,-34.65777379727));
#5008 = CARTESIAN_POINT('',(52.450225352012,-33.09285919136));
#5009 = CARTESIAN_POINT('',(52.209886549275,-31.53337598982));
#5010 = CARTESIAN_POINT('',(51.89664767447,-29.98474334164));
#5011 = CARTESIAN_POINT('',(51.496979983777,-28.45613490217));
#5012 = CARTESIAN_POINT('',(50.994468192821,-26.96049681867));
#5013 = CARTESIAN_POINT('',(50.204662323879,-25.14036522574));
#5014 = CARTESIAN_POINT('',(50.033747729034,-24.76918570983));
#5015 = CARTESIAN_POINT('',(49.854221791929,-24.40199220529));
#5016 = CARTESIAN_POINT('',(49.665766439934,-24.03922404886));
#5017 = CARTESIAN_POINT('',(49.468076859184,-23.68137239416));
#5018 = CARTESIAN_POINT('',(49.260871015017,-23.32897501421));
#5019 = CARTESIAN_POINT('',(49.04390225474,-22.98260939616));
#5020 = CARTESIAN_POINT('',(48.696114818992,-22.46194837605));
#5021 = CARTESIAN_POINT('',(48.572431249403,-22.28289832383));
#5022 = CARTESIAN_POINT('',(48.445896111284,-22.10582753341));
#5023 = CARTESIAN_POINT('',(48.316485664241,-21.93083238087));
#5024 = CARTESIAN_POINT('',(48.184181427504,-21.75801142737));
#5025 = CARTESIAN_POINT('',(48.048971007299,-21.58746478979));
#5026 = CARTESIAN_POINT('',(47.910848924209,-21.41929351141));
#5027 = CARTESIAN_POINT('',(47.498701614962,-20.93507131464));
#5028 = CARTESIAN_POINT('',(47.216807082967,-20.62566477759));
#5029 = CARTESIAN_POINT('',(46.924178415006,-20.32613905633));
#5030 = CARTESIAN_POINT('',(46.620944275614,-20.0372168146));
#5031 = CARTESIAN_POINT('',(46.307331256616,-19.75956854981));
#5032 = CARTESIAN_POINT('',(45.983677710329,-19.4937974977));
#5033 = CARTESIAN_POINT('',(45.650447582766,-19.24042453719));
#5034 = CARTESIAN_POINT('',(44.916938739877,-18.72480533827));
#5035 = CARTESIAN_POINT('',(44.513818037259,-18.46644494297));
#5036 = CARTESIAN_POINT('',(44.099792309808,-18.22544905251));
#5037 = CARTESIAN_POINT('',(43.675841787434,-18.00218441261));
#5038 = CARTESIAN_POINT('',(43.242997955288,-17.79676473522));
#5039 = CARTESIAN_POINT('',(42.802324749933,-17.60908806229));
#5040 = CARTESIAN_POINT('',(42.354899755493,-17.43887412956));
#5041 = CARTESIAN_POINT('',(41.65651679318,-17.20278504196));
#5042 = CARTESIAN_POINT('',(41.409552586218,-17.12485493813));
#5043 = CARTESIAN_POINT('',(41.161058504365,-17.0518410228));
#5044 = CARTESIAN_POINT('',(40.911183321593,-16.98366053649));
#5045 = CARTESIAN_POINT('',(40.660068266246,-16.92022054999));
#5046 = CARTESIAN_POINT('',(40.407846426895,-16.86142015803));
#5047 = CARTESIAN_POINT('',(40.154642158178,-16.80715267298));
#5048 = CARTESIAN_POINT('',(39.361090075158,-16.65147027098));
#5049 = CARTESIAN_POINT('',(38.817746530525,-16.56558171186));
#5050 = CARTESIAN_POINT('',(38.271578862727,-16.49856463158));
#5051 = CARTESIAN_POINT('',(37.723488822657,-16.44928847771));
#5052 = CARTESIAN_POINT('',(37.174236063848,-16.41662172843));
#5053 = CARTESIAN_POINT('',(36.624434610504,-16.399470739));
#5054 = CARTESIAN_POINT('',(36.07455063182,-16.39680536129));
#5055 = CARTESIAN_POINT('',(33.915153045841,-16.439494342));
#5056 = CARTESIAN_POINT('',(32.310251449133,-16.58732235583));
#5057 = CARTESIAN_POINT('',(30.714758918911,-16.82657414186));
#5058 = CARTESIAN_POINT('',(29.132193856961,-17.13987839468));
#5059 = CARTESIAN_POINT('',(27.564425237935,-17.51349281172));
#5060 = CARTESIAN_POINT('',(26.011621772634,-17.93715176707));
#5061 = CARTESIAN_POINT('',(24.472130670204,-18.40322039045));
#5062 = CARTESIAN_POINT('',(21.152347221318,-19.49554320761));
#5063 = CARTESIAN_POINT('',(19.379070866895,-20.13443935042));
#5064 = CARTESIAN_POINT('',(17.620448425221,-20.81344326306));
#5065 = CARTESIAN_POINT('',(15.874966700186,-21.52549109998));
#5066 = CARTESIAN_POINT('',(14.141224155227,-22.26492430288));
#5067 = CARTESIAN_POINT('',(12.417818476377,-23.02721586642));
#5068 = CARTESIAN_POINT('',(10.703213753681,-23.80863375449));
#5069 = CARTESIAN_POINT('',(7.895315183912,-25.1199806537));
#5070 = CARTESIAN_POINT('',(6.798038106812,-25.64046211838));
#5071 = CARTESIAN_POINT('',(5.703480444952,-26.16665667643));
#5072 = CARTESIAN_POINT('',(4.611299976669,-26.69776571133));
#5073 = CARTESIAN_POINT('',(3.521168133083,-27.23304917948));
#5074 = CARTESIAN_POINT('',(2.432761915686,-27.77180902509));
#5075 = CARTESIAN_POINT('',(1.345757163585,-28.31337539815));
#5076 = CARTESIAN_POINT('',(-0.147639551421,-29.06110968124));
#5077 = CARTESIAN_POINT('',(-0.554950682643,-29.26542637865));
#5078 = CARTESIAN_POINT('',(-0.962127216257,-29.47001126473));
#5079 = CARTESIAN_POINT('',(-1.369186211543,-29.67482988157));
#5080 = CARTESIAN_POINT('',(-1.776144794061,-29.87984781625));
#5081 = CARTESIAN_POINT('',(-2.183020155663,-30.08503070083));
#5082 = CARTESIAN_POINT('',(-2.589829554482,-30.29034421234));
#5083 = CARTESIAN_POINT('',(-3.296877978338,-30.64739615097));
#5084 = CARTESIAN_POINT('',(-3.597139149958,-30.79909065421));
#5085 = CARTESIAN_POINT('',(-3.89738080931,-30.95082375404));
#5086 = CARTESIAN_POINT('',(-4.19760998838,-31.10258152339));
#5087 = CARTESIAN_POINT('',(-4.497833771625,-31.25434993661));
#5088 = CARTESIAN_POINT('',(-4.798059295975,-31.40611486942));
#5089 = CARTESIAN_POINT('',(-5.098293750831,-31.55786209898));
#5090 = CARTESIAN_POINT('',(-5.619028163211,-31.82098670513));
#5091 = CARTESIAN_POINT('',(-5.839520673674,-31.93237881613));
#5092 = CARTESIAN_POINT('',(-6.06002477964,-32.04374795712));
#5093 = CARTESIAN_POINT('',(-6.280543374639,-32.15508839263));
#5094 = CARTESIAN_POINT('',(-6.501079375552,-32.26639433134));
#5095 = CARTESIAN_POINT('',(-6.72163572261,-32.37765992613));
#5096 = CARTESIAN_POINT('',(-6.942215379393,-32.48887927405));
#5097 = CARTESIAN_POINT('',(-7.750426619864,-32.89615084841));
#5098 = CARTESIAN_POINT('',(-8.338218157394,-33.19188473324));
#5099 = CARTESIAN_POINT('',(-8.926252940953,-33.48713531751));
#5100 = CARTESIAN_POINT('',(-9.514588864794,-33.78178642469));
#5101 = CARTESIAN_POINT('',(-10.10328523841,-34.07571742052));
#5102 = CARTESIAN_POINT('',(-10.69240330304,-34.36880217845));
#5103 = CARTESIAN_POINT('',(-11.28200674818,-34.66090804513));
#5104 = CARTESIAN_POINT('',(-12.9866374419,-35.50140683));
#5105 = CARTESIAN_POINT('',(-14.10305165681,-36.04691317682));
#5106 = CARTESIAN_POINT('',(-15.22188648414,-36.58748417027));
#5107 = CARTESIAN_POINT('',(-16.34362979401,-37.12207638629));
#5108 = CARTESIAN_POINT('',(-17.4687939176,-37.64949352424));
#5109 = CARTESIAN_POINT('',(-18.59793344546,-38.1683485172));
#5110 = CARTESIAN_POINT('',(-19.7316791049,-38.67699125262));
#5111 = CARTESIAN_POINT('',(-21.73244135436,-39.54882561866));
#5112 = CARTESIAN_POINT('',(-22.59708657312,-39.91723574536));
#5113 = CARTESIAN_POINT('',(-23.46511636318,-40.27772623951));
#5114 = CARTESIAN_POINT('',(-24.33688668032,-40.62926555215));
#5115 = CARTESIAN_POINT('',(-25.21274948131,-40.97061744911));
#5116 = CARTESIAN_POINT('',(-26.09306830399,-41.30030106814));
#5117 = CARTESIAN_POINT('',(-26.9782510546,-41.61650658241));
#5118 = CARTESIAN_POINT('',(-27.86881818232,-41.91691846841));
#5119 = ( GEOMETRIC_REPRESENTATION_CONTEXT(2) 
PARAMETRIC_REPRESENTATION_CONTEXT() REPRESENTATION_CONTEXT('2D SPACE',''
  ) );
#5120 = PCURVE('',#4193,#5121);
#5121 = DEFINITIONAL_REPRESENTATION('',(#5122),#5237);
#5122 = B_SPLINE_CURVE_WITH_KNOTS('',8,(#5123,#5124,#5125,#5126,#5127,
    #5128,#5129,#5130,#5131,#5132,#5133,#5134,#5135,#5136,#5137,#5138,
    #5139,#5140,#5141,#5142,#5143,#5144,#5145,#5146,#5147,#5148,#5149,
    #5150,#5151,#5152,#5153,#5154,#5155,#5156,#5157,#5158,#5159,#5160,
    #5161,#5162,#5163,#5164,#5165,#5166,#5167,#5168,#5169,#5170,#5171,
    #5172,#5173,#5174,#5175,#5176,#5177,#5178,#5179,#5180,#5181,#5182,
    #5183,#5184,#5185,#5186,#5187,#5188,#5189,#5190,#5191,#5192,#5193,
    #5194,#5195,#5196,#5197,#5198,#5199,#5200,#5201,#5202,#5203,#5204,
    #5205,#5206,#5207,#5208,#5209,#5210,#5211,#5212,#5213,#5214,#5215,
    #5216,#5217,#5218,#5219,#5220,#5221,#5222,#5223,#5224,#5225,#5226,
    #5227,#5228,#5229,#5230,#5231,#5232,#5233,#5234,#5235,#5236),
  .UNSPECIFIED.,.F.,.F.,(9,7,7,7,7,7,7,7,7,7,7,7,7,7,7,7,9),(0.,
    0.126101701205,0.1588000658,0.176215029474,0.209693173015,
    0.247975038079,0.268698128478,0.312700284515,0.441568688861,
    0.592372899011,0.68955334911,0.726017269526,0.752936447886,
    0.772704074659,0.825357059871,0.924789241636,1.),.UNSPECIFIED.);
#5123 = CARTESIAN_POINT('',(6.500003675969,0.));
#5124 = CARTESIAN_POINT('',(6.500003816219,8.664409623098E-03));
#5125 = CARTESIAN_POINT('',(6.500003968772,1.772690662032E-02));
#5126 = CARTESIAN_POINT('',(6.500004135733,2.725701686949E-02));
#5127 = CARTESIAN_POINT('',(6.500004319466,3.732502371081E-02));
#5128 = CARTESIAN_POINT('',(6.500004522637,4.800279487265E-02));
#5129 = CARTESIAN_POINT('',(6.500004748052,5.936862751354E-02));
#5130 = CARTESIAN_POINT('',(6.500004998617,7.150883049117E-02));
#5131 = CARTESIAN_POINT('',(6.500005347256,8.79172676481E-02));
#5132 = CARTESIAN_POINT('',(6.50000542077,9.135373657814E-02));
#5133 = CARTESIAN_POINT('',(6.500005496007,9.484911530551E-02));
#5134 = CARTESIAN_POINT('',(6.50000557295,9.840415457826E-02));
#5135 = CARTESIAN_POINT('',(6.500005651555,0.102019229411));
#5136 = CARTESIAN_POINT('',(6.500005731755,0.105694278524));
#5137 = CARTESIAN_POINT('',(6.500005813446,0.109428723767));
#5138 = CARTESIAN_POINT('',(6.500005940719,0.115241311146));
#5139 = CARTESIAN_POINT('',(6.500005985331,0.117277738223));
#5140 = CARTESIAN_POINT('',(6.500006030305,0.119330449319));
#5141 = CARTESIAN_POINT('',(6.500006075616,0.121399188799));
#5142 = CARTESIAN_POINT('',(6.500006121236,0.123483642355));
#5143 = CARTESIAN_POINT('',(6.500006167133,0.125583432531));
#5144 = CARTESIAN_POINT('',(6.500006213274,0.127698114257));
#5145 = CARTESIAN_POINT('',(6.500006348709,0.133920021083));
#5146 = CARTESIAN_POINT('',(6.500006438562,0.138066399556));
#5147 = CARTESIAN_POINT('',(6.500006528895,0.142262169038));
#5148 = CARTESIAN_POINT('',(6.500006619381,0.146502614768));
#5149 = CARTESIAN_POINT('',(6.500006709653,0.150782389452));
#5150 = CARTESIAN_POINT('',(6.500006799311,0.155095458738));
#5151 = CARTESIAN_POINT('',(6.500006887932,0.159435046684));
#5152 = CARTESIAN_POINT('',(6.500007074721,0.168777514441));
#5153 = CARTESIAN_POINT('',(6.500007172457,0.173787266444));
#5154 = CARTESIAN_POINT('',(6.50000726762,0.178811321487));
#5155 = CARTESIAN_POINT('',(6.500007359575,0.183838969671));
#5156 = CARTESIAN_POINT('',(6.500007447736,0.188860288457));
#5157 = CARTESIAN_POINT('',(6.500007531581,0.193866124174));
#5158 = CARTESIAN_POINT('',(6.500007610673,0.198848073533));
#5159 = CARTESIAN_POINT('',(6.500007724741,0.206478256519));
#5160 = CARTESIAN_POINT('',(6.500007763315,0.209149033541));
#5161 = CARTESIAN_POINT('',(6.50000780035,0.211809730425));
#5162 = CARTESIAN_POINT('',(6.500007835802,0.2144594059));
#5163 = CARTESIAN_POINT('',(6.500007869638,0.217097237746));
#5164 = CARTESIAN_POINT('',(6.500007901831,0.219722517349));
#5165 = CARTESIAN_POINT('',(6.500007932362,0.222334644265));
#5166 = CARTESIAN_POINT('',(6.500008022501,0.230450568523));
#5167 = CARTESIAN_POINT('',(6.500008076236,0.235905985972));
#5168 = CARTESIAN_POINT('',(6.500008122333,0.241295291952));
#5169 = CARTESIAN_POINT('',(6.500008160838,0.246615911883));
#5170 = CARTESIAN_POINT('',(6.500008191914,0.251866565563));
#5171 = CARTESIAN_POINT('',(6.500008215813,0.257047110165));
#5172 = CARTESIAN_POINT('',(6.500008232852,0.26215843843));
#5173 = CARTESIAN_POINT('',(6.500008274202,0.281974694789));
#5174 = CARTESIAN_POINT('',(6.500008249111,0.296143423439));
#5175 = CARTESIAN_POINT('',(6.500008177256,0.309790439632));
#5176 = CARTESIAN_POINT('',(6.500008069419,0.322970565112));
#5177 = CARTESIAN_POINT('',(6.500007935651,0.335735430133));
#5178 = CARTESIAN_POINT('',(6.500007783661,0.348134963761));
#5179 = CARTESIAN_POINT('',(6.500007619338,0.360223036238));
#5180 = CARTESIAN_POINT('',(6.5000072451,0.385909649016));
#5181 = CARTESIAN_POINT('',(6.500007032571,0.39938876559));
#5182 = CARTESIAN_POINT('',(6.500006816559,0.412566111193));
#5183 = CARTESIAN_POINT('',(6.500006601757,0.42549205934));
#5184 = CARTESIAN_POINT('',(6.500006391039,0.438209116731));
#5185 = CARTESIAN_POINT('',(6.500006186154,0.450754407777));
#5186 = CARTESIAN_POINT('',(6.50000598809,0.463162684957));
#5187 = CARTESIAN_POINT('',(6.500005674423,0.483397468099));
#5188 = CARTESIAN_POINT('',(6.500005554558,0.491283193826));
#5189 = CARTESIAN_POINT('',(6.50000543789,0.499133391981));
#5190 = CARTESIAN_POINT('',(6.500005324481,0.506955896637));
#5191 = CARTESIAN_POINT('',(6.500005214338,0.514758196595));
#5192 = CARTESIAN_POINT('',(6.500005107431,0.522547605719));
#5193 = CARTESIAN_POINT('',(6.500005003704,0.530331411382));
#5194 = CARTESIAN_POINT('',(6.50000486533,0.54103829969));
#5195 = CARTESIAN_POINT('',(6.500004828013,0.543959844366));
#5196 = CARTESIAN_POINT('',(6.50000479113,0.546882020459));
#5197 = CARTESIAN_POINT('',(6.500004754676,0.549805216564));
#5198 = CARTESIAN_POINT('',(6.500004718647,0.552729824448));
#5199 = CARTESIAN_POINT('',(6.500004683039,0.555656239052));
#5200 = CARTESIAN_POINT('',(6.500004647845,0.558584858488));
#5201 = CARTESIAN_POINT('',(6.500004587384,0.563680036318));
#5202 = CARTESIAN_POINT('',(6.50000456193,0.565845409661));
#5203 = CARTESIAN_POINT('',(6.500004536697,0.568012365847));
#5204 = CARTESIAN_POINT('',(6.500004511683,0.570181068685));
#5205 = CARTESIAN_POINT('',(6.500004486887,0.572351684022));
#5206 = CARTESIAN_POINT('',(6.500004462306,0.574524379741));
#5207 = CARTESIAN_POINT('',(6.500004437938,0.57669932576));
#5208 = CARTESIAN_POINT('',(6.500004396042,0.580475606263));
#5209 = CARTESIAN_POINT('',(6.500004378417,0.582075824872));
#5210 = CARTESIAN_POINT('',(6.500004360904,0.58367741804));
#5211 = CARTESIAN_POINT('',(6.500004343503,0.58528045481));
#5212 = CARTESIAN_POINT('',(6.500004326214,0.586885005098));
#5213 = CARTESIAN_POINT('',(6.500004309034,0.588491139686));
#5214 = CARTESIAN_POINT('',(6.500004291964,0.590098930228));
#5215 = CARTESIAN_POINT('',(6.500004229823,0.595995558777));
#5216 = CARTESIAN_POINT('',(6.500004185413,0.600294929052));
#5217 = CARTESIAN_POINT('',(6.500004141756,0.604607937778));
#5218 = CARTESIAN_POINT('',(6.500004098834,0.608936007545));
#5219 = CARTESIAN_POINT('',(6.500004056631,0.613280619212));
#5220 = CARTESIAN_POINT('',(6.50000401513,0.617643325287));
#5221 = CARTESIAN_POINT('',(6.500003974314,0.622025763309));
#5222 = CARTESIAN_POINT('',(6.500003858351,0.634746196251));
#5223 = CARTESIAN_POINT('',(6.500003784924,0.64313906165));
#5224 = CARTESIAN_POINT('',(6.50000371377,0.651620210653));
#5225 = CARTESIAN_POINT('',(6.500003644782,0.660202626855));
#5226 = CARTESIAN_POINT('',(6.500003577856,0.668900827068));
#5227 = CARTESIAN_POINT('',(6.500003512892,0.677731345991));
#5228 = CARTESIAN_POINT('',(6.500003449795,0.686713673722));
#5229 = CARTESIAN_POINT('',(6.500003342084,0.702799573383));
#5230 = CARTESIAN_POINT('',(6.500003296716,0.709827235246));
#5231 = CARTESIAN_POINT('',(6.500003252321,0.716965936944));
#5232 = CARTESIAN_POINT('',(6.500003208862,0.724227551115));
#5233 = CARTESIAN_POINT('',(6.500003166303,0.731625497164));
#5234 = CARTESIAN_POINT('',(6.50000312461,0.73917521995));
#5235 = CARTESIAN_POINT('',(6.500003083753,0.746895208216));
#5236 = CARTESIAN_POINT('',(6.500003043698,0.754809130097));
#5237 = ( GEOMETRIC_REPRESENTATION_CONTEXT(2) 
PARAMETRIC_REPRESENTATION_CONTEXT() REPRESENTATION_CONTEXT('2D SPACE',''
  ) );
#5238 = ORIENTED_EDGE('',*,*,#5239,.F.);
#5239 = EDGE_CURVE('',#5240,#4884,#5242,.T.);
#5240 = VERTEX_POINT('',#5241);
#5241 = CARTESIAN_POINT('',(-44.75,-5.670707923859E-06,80.7));
#5242 = SURFACE_CURVE('',#5243,(#5247,#5253),.PCURVE_S1.);
#5243 = LINE('',#5244,#5245);
#5244 = CARTESIAN_POINT('',(9.236021589968E-05,-5.670707919931E-06,80.7)
  );
#5245 = VECTOR('',#5246,1.);
#5246 = DIRECTION('',(1.,0.,0.));
#5247 = PCURVE('',#4101,#5248);
#5248 = DEFINITIONAL_REPRESENTATION('',(#5249),#5252);
#5249 = B_SPLINE_CURVE_WITH_KNOTS('',1,(#5250,#5251),.UNSPECIFIED.,.F.,
  .F.,(2,2),(-44.75009236021,44.749907639784),.PIECEWISE_BEZIER_KNOTS.);
#5250 = CARTESIAN_POINT('',(-27.86875066325,-44.75018472043));
#5251 = CARTESIAN_POINT('',(-27.86875066325,44.749815279568));
#5252 = ( GEOMETRIC_REPRESENTATION_CONTEXT(2) 
PARAMETRIC_REPRESENTATION_CONTEXT() REPRESENTATION_CONTEXT('2D SPACE',''
  ) );
#5253 = PCURVE('',#5254,#5259);
#5254 = PLANE('',#5255);
#5255 = AXIS2_PLACEMENT_3D('',#5256,#5257,#5258);
#5256 = CARTESIAN_POINT('',(-2.933502854163E-15,4.040240899597E-15,80.7)
  );
#5257 = DIRECTION('',(0.,0.,1.));
#5258 = DIRECTION('',(1.,0.,-0.));
#5259 = DEFINITIONAL_REPRESENTATION('',(#5260),#5263);
#5260 = B_SPLINE_CURVE_WITH_KNOTS('',1,(#5261,#5262),.UNSPECIFIED.,.F.,
  .F.,(2,2),(-44.75009236021,44.749907639784),.PIECEWISE_BEZIER_KNOTS.);
#5261 = CARTESIAN_POINT('',(-44.75,-5.670707923971E-06));
#5262 = CARTESIAN_POINT('',(44.75,-5.670707923971E-06));
#5263 = ( GEOMETRIC_REPRESENTATION_CONTEXT(2) 
PARAMETRIC_REPRESENTATION_CONTEXT() REPRESENTATION_CONTEXT('2D SPACE',''
  ) );
#5264 = ORIENTED_EDGE('',*,*,#5265,.T.);
#5265 = EDGE_CURVE('',#5240,#4861,#5266,.T.);
#5266 = SURFACE_CURVE('',#5267,(#5271,#5277),.PCURVE_S1.);
#5267 = LINE('',#5268,#5269);
#5268 = CARTESIAN_POINT('',(-44.75,-5.670707919931E-06,69.9));
#5269 = VECTOR('',#5270,1.);
#5270 = DIRECTION('',(-0.,-0.,-1.));
#5271 = PCURVE('',#4101,#5272);
#5272 = DEFINITIONAL_REPRESENTATION('',(#5273),#5276);
#5273 = B_SPLINE_CURVE_WITH_KNOTS('',1,(#5274,#5275),.UNSPECIFIED.,.F.,
  .F.,(2,2),(-10.8000006,6.000000070117E-07),.PIECEWISE_BEZIER_KNOTS.);
#5274 = CARTESIAN_POINT('',(-27.86875126325,-44.75018472043));
#5275 = CARTESIAN_POINT('',(-17.06875006325,-44.75018472043));
#5276 = ( GEOMETRIC_REPRESENTATION_CONTEXT(2) 
PARAMETRIC_REPRESENTATION_CONTEXT() REPRESENTATION_CONTEXT('2D SPACE',''
  ) );
#5277 = PCURVE('',#5278,#5283);
#5278 = CYLINDRICAL_SURFACE('',#5279,44.75);
#5279 = AXIS2_PLACEMENT_3D('',#5280,#5281,#5282);
#5280 = CARTESIAN_POINT('',(0.,0.,69.9));
#5281 = DIRECTION('',(-0.,-0.,-1.));
#5282 = DIRECTION('',(1.,0.,0.));
#5283 = DEFINITIONAL_REPRESENTATION('',(#5284),#5287);
#5284 = B_SPLINE_CURVE_WITH_KNOTS('',1,(#5285,#5286),.UNSPECIFIED.,.F.,
  .F.,(2,2),(-10.8000006,6.000000070117E-07),.PIECEWISE_BEZIER_KNOTS.);
#5285 = CARTESIAN_POINT('',(-3.14159278031,-10.8000006));
#5286 = CARTESIAN_POINT('',(-3.14159278031,6.000000070117E-07));
#5287 = ( GEOMETRIC_REPRESENTATION_CONTEXT(2) 
PARAMETRIC_REPRESENTATION_CONTEXT() REPRESENTATION_CONTEXT('2D SPACE',''
  ) );
#5288 = ADVANCED_FACE('',(#5289),#4076,.T.);
#5289 = FACE_BOUND('',#5290,.T.);
#5290 = EDGE_LOOP('',(#5291,#5315,#5316,#5317,#5341,#5370));
#5291 = ORIENTED_EDGE('',*,*,#5292,.T.);
#5292 = EDGE_CURVE('',#5293,#4032,#5295,.T.);
#5293 = VERTEX_POINT('',#5294);
#5294 = CARTESIAN_POINT('',(46.5,-5.670707942616E-06,69.9));
#5295 = SURFACE_CURVE('',#5296,(#5301,#5308),.PCURVE_S1.);
#5296 = CIRCLE('',#5297,46.5);
#5297 = AXIS2_PLACEMENT_3D('',#5298,#5299,#5300);
#5298 = CARTESIAN_POINT('',(0.,0.,69.9));
#5299 = DIRECTION('',(0.,0.,1.));
#5300 = DIRECTION('',(1.,0.,0.));
#5301 = PCURVE('',#4076,#5302);
#5302 = DEFINITIONAL_REPRESENTATION('',(#5303),#5307);
#5303 = CIRCLE('',#5304,46.5);
#5304 = AXIS2_PLACEMENT_2D('',#5305,#5306);
#5305 = CARTESIAN_POINT('',(1.882068139409E-15,1.61343992693E-17));
#5306 = DIRECTION('',(1.,0.));
#5307 = ( GEOMETRIC_REPRESENTATION_CONTEXT(2) 
PARAMETRIC_REPRESENTATION_CONTEXT() REPRESENTATION_CONTEXT('2D SPACE',''
  ) );
#5308 = PCURVE('',#4047,#5309);
#5309 = DEFINITIONAL_REPRESENTATION('',(#5310),#5314);
#5310 = LINE('',#5311,#5312);
#5311 = CARTESIAN_POINT('',(-0.,-69.9));
#5312 = VECTOR('',#5313,1.);
#5313 = DIRECTION('',(-1.,0.));
#5314 = ( GEOMETRIC_REPRESENTATION_CONTEXT(2) 
PARAMETRIC_REPRESENTATION_CONTEXT() REPRESENTATION_CONTEXT('2D SPACE',''
  ) );
#5315 = ORIENTED_EDGE('',*,*,#4059,.T.);
#5316 = ORIENTED_EDGE('',*,*,#4860,.T.);
#5317 = ORIENTED_EDGE('',*,*,#5318,.F.);
#5318 = EDGE_CURVE('',#5319,#4861,#5321,.T.);
#5319 = VERTEX_POINT('',#5320);
#5320 = CARTESIAN_POINT('',(44.75,0.,69.9));
#5321 = SURFACE_CURVE('',#5322,(#5327,#5334),.PCURVE_S1.);
#5322 = CIRCLE('',#5323,44.75);
#5323 = AXIS2_PLACEMENT_3D('',#5324,#5325,#5326);
#5324 = CARTESIAN_POINT('',(0.,0.,69.9));
#5325 = DIRECTION('',(0.,0.,1.));
#5326 = DIRECTION('',(1.,0.,0.));
#5327 = PCURVE('',#4076,#5328);
#5328 = DEFINITIONAL_REPRESENTATION('',(#5329),#5333);
#5329 = CIRCLE('',#5330,44.75);
#5330 = AXIS2_PLACEMENT_2D('',#5331,#5332);
#5331 = CARTESIAN_POINT('',(1.882068139409E-15,1.61343992693E-17));
#5332 = DIRECTION('',(1.,0.));
#5333 = ( GEOMETRIC_REPRESENTATION_CONTEXT(2) 
PARAMETRIC_REPRESENTATION_CONTEXT() REPRESENTATION_CONTEXT('2D SPACE',''
  ) );
#5334 = PCURVE('',#5278,#5335);
#5335 = DEFINITIONAL_REPRESENTATION('',(#5336),#5340);
#5336 = LINE('',#5337,#5338);
#5337 = CARTESIAN_POINT('',(-0.,0.));
#5338 = VECTOR('',#5339,1.);
#5339 = DIRECTION('',(-1.,0.));
#5340 = ( GEOMETRIC_REPRESENTATION_CONTEXT(2) 
PARAMETRIC_REPRESENTATION_CONTEXT() REPRESENTATION_CONTEXT('2D SPACE',''
  ) );
#5341 = ORIENTED_EDGE('',*,*,#5342,.F.);
#5342 = EDGE_CURVE('',#5343,#5319,#5345,.T.);
#5343 = VERTEX_POINT('',#5344);
#5344 = CARTESIAN_POINT('',(44.75,-5.670707920427E-06,69.9));
#5345 = SURFACE_CURVE('',#5346,(#5351,#5358),.PCURVE_S1.);
#5346 = CIRCLE('',#5347,44.75);
#5347 = AXIS2_PLACEMENT_3D('',#5348,#5349,#5350);
#5348 = CARTESIAN_POINT('',(0.,0.,69.9));
#5349 = DIRECTION('',(0.,0.,1.));
#5350 = DIRECTION('',(1.,0.,0.));
#5351 = PCURVE('',#4076,#5352);
#5352 = DEFINITIONAL_REPRESENTATION('',(#5353),#5357);
#5353 = CIRCLE('',#5354,44.75);
#5354 = AXIS2_PLACEMENT_2D('',#5355,#5356);
#5355 = CARTESIAN_POINT('',(1.882068139409E-15,1.61343992693E-17));
#5356 = DIRECTION('',(1.,0.));
#5357 = ( GEOMETRIC_REPRESENTATION_CONTEXT(2) 
PARAMETRIC_REPRESENTATION_CONTEXT() REPRESENTATION_CONTEXT('2D SPACE',''
  ) );
#5358 = PCURVE('',#5359,#5364);
#5359 = CYLINDRICAL_SURFACE('',#5360,44.75);
#5360 = AXIS2_PLACEMENT_3D('',#5361,#5362,#5363);
#5361 = CARTESIAN_POINT('',(0.,0.,69.9));
#5362 = DIRECTION('',(-0.,-0.,-1.));
#5363 = DIRECTION('',(1.,0.,0.));
#5364 = DEFINITIONAL_REPRESENTATION('',(#5365),#5369);
#5365 = LINE('',#5366,#5367);
#5366 = CARTESIAN_POINT('',(-0.,0.));
#5367 = VECTOR('',#5368,1.);
#5368 = DIRECTION('',(-1.,0.));
#5369 = ( GEOMETRIC_REPRESENTATION_CONTEXT(2) 
PARAMETRIC_REPRESENTATION_CONTEXT() REPRESENTATION_CONTEXT('2D SPACE',''
  ) );
#5370 = ORIENTED_EDGE('',*,*,#5371,.T.);
#5371 = EDGE_CURVE('',#5343,#5293,#5372,.T.);
#5372 = SURFACE_CURVE('',#5373,(#5377,#5383),.PCURVE_S1.);
#5373 = LINE('',#5374,#5375);
#5374 = CARTESIAN_POINT('',(9.23602159002E-05,-5.670707919931E-06,69.9)
  );
#5375 = VECTOR('',#5376,1.);
#5376 = DIRECTION('',(1.,0.,0.));
#5377 = PCURVE('',#4076,#5378);
#5378 = DEFINITIONAL_REPRESENTATION('',(#5379),#5382);
#5379 = B_SPLINE_CURVE_WITH_KNOTS('',1,(#5380,#5381),.UNSPECIFIED.,.F.,
  .F.,(2,2),(-46.50009236021,46.499907639784),.PIECEWISE_BEZIER_KNOTS.);
#5380 = CARTESIAN_POINT('',(-46.5,-5.670707919915E-06));
#5381 = CARTESIAN_POINT('',(46.5,-5.670707919915E-06));
#5382 = ( GEOMETRIC_REPRESENTATION_CONTEXT(2) 
PARAMETRIC_REPRESENTATION_CONTEXT() REPRESENTATION_CONTEXT('2D SPACE',''
  ) );
#5383 = PCURVE('',#4846,#5384);
#5384 = DEFINITIONAL_REPRESENTATION('',(#5385),#5388);
#5385 = B_SPLINE_CURVE_WITH_KNOTS('',1,(#5386,#5387),.UNSPECIFIED.,.F.,
  .F.,(2,2),(-46.50009236021,46.499907639784),.PIECEWISE_BEZIER_KNOTS.);
#5386 = CARTESIAN_POINT('',(-17.06875066325,-46.50018472043));
#5387 = CARTESIAN_POINT('',(-17.06875066325,46.499815279568));
#5388 = ( GEOMETRIC_REPRESENTATION_CONTEXT(2) 
PARAMETRIC_REPRESENTATION_CONTEXT() REPRESENTATION_CONTEXT('2D SPACE',''
  ) );
#5389 = ADVANCED_FACE('',(#5390),#4047,.T.);
#5390 = FACE_BOUND('',#5391,.F.);
#5391 = EDGE_LOOP('',(#5392,#5393,#5394,#5413));
#5392 = ORIENTED_EDGE('',*,*,#4031,.F.);
#5393 = ORIENTED_EDGE('',*,*,#4115,.F.);
#5394 = ORIENTED_EDGE('',*,*,#5395,.F.);
#5395 = EDGE_CURVE('',#5293,#4116,#5396,.T.);
#5396 = SURFACE_CURVE('',#5397,(#5401,#5407),.PCURVE_S1.);
#5397 = LINE('',#5398,#5399);
#5398 = CARTESIAN_POINT('',(46.5,-5.670707919931E-06,0.));
#5399 = VECTOR('',#5400,1.);
#5400 = DIRECTION('',(-0.,-0.,-1.));
#5401 = PCURVE('',#4047,#5402);
#5402 = DEFINITIONAL_REPRESENTATION('',(#5403),#5406);
#5403 = B_SPLINE_CURVE_WITH_KNOTS('',1,(#5404,#5405),.UNSPECIFIED.,.F.,
  .F.,(2,2),(-69.9000006,6.E-07),.PIECEWISE_BEZIER_KNOTS.);
#5404 = CARTESIAN_POINT('',(-6.283185185229,-69.9000006));
#5405 = CARTESIAN_POINT('',(-6.283185185229,6.E-07));
#5406 = ( GEOMETRIC_REPRESENTATION_CONTEXT(2) 
PARAMETRIC_REPRESENTATION_CONTEXT() REPRESENTATION_CONTEXT('2D SPACE',''
  ) );
#5407 = PCURVE('',#4846,#5408);
#5408 = DEFINITIONAL_REPRESENTATION('',(#5409),#5412);
#5409 = B_SPLINE_CURVE_WITH_KNOTS('',1,(#5410,#5411),.UNSPECIFIED.,.F.,
  .F.,(2,2),(-69.9000006,6.E-07),.PIECEWISE_BEZIER_KNOTS.);
#5410 = CARTESIAN_POINT('',(-17.06875126325,46.499815279568));
#5411 = CARTESIAN_POINT('',(52.831249936744,46.499815279568));
#5412 = ( GEOMETRIC_REPRESENTATION_CONTEXT(2) 
PARAMETRIC_REPRESENTATION_CONTEXT() REPRESENTATION_CONTEXT('2D SPACE',''
  ) );
#5413 = ORIENTED_EDGE('',*,*,#5292,.T.);
#5414 = ADVANCED_FACE('',(#5415),#4846,.T.);
#5415 = FACE_BOUND('',#5416,.T.);
#5416 = EDGE_LOOP('',(#5417,#5418,#5419,#5440,#5461,#5817,#5835));
#5417 = ORIENTED_EDGE('',*,*,#5395,.F.);
#5418 = ORIENTED_EDGE('',*,*,#5371,.F.);
#5419 = ORIENTED_EDGE('',*,*,#5420,.F.);
#5420 = EDGE_CURVE('',#5421,#5343,#5423,.T.);
#5421 = VERTEX_POINT('',#5422);
#5422 = CARTESIAN_POINT('',(44.75,-5.670707920427E-06,80.7));
#5423 = SURFACE_CURVE('',#5424,(#5428,#5434),.PCURVE_S1.);
#5424 = LINE('',#5425,#5426);
#5425 = CARTESIAN_POINT('',(44.75,-5.670707919931E-06,69.9));
#5426 = VECTOR('',#5427,1.);
#5427 = DIRECTION('',(-0.,-0.,-1.));
#5428 = PCURVE('',#4846,#5429);
#5429 = DEFINITIONAL_REPRESENTATION('',(#5430),#5433);
#5430 = B_SPLINE_CURVE_WITH_KNOTS('',1,(#5431,#5432),.UNSPECIFIED.,.F.,
  .F.,(2,2),(-10.8000006,6.000000070117E-07),.PIECEWISE_BEZIER_KNOTS.);
#5431 = CARTESIAN_POINT('',(-27.86875126325,44.749815279568));
#5432 = CARTESIAN_POINT('',(-17.06875006325,44.749815279568));
#5433 = ( GEOMETRIC_REPRESENTATION_CONTEXT(2) 
PARAMETRIC_REPRESENTATION_CONTEXT() REPRESENTATION_CONTEXT('2D SPACE',''
  ) );
#5434 = PCURVE('',#5359,#5435);
#5435 = DEFINITIONAL_REPRESENTATION('',(#5436),#5439);
#5436 = B_SPLINE_CURVE_WITH_KNOTS('',1,(#5437,#5438),.UNSPECIFIED.,.F.,
  .F.,(2,2),(-10.8000006,6.000000070117E-07),.PIECEWISE_BEZIER_KNOTS.);
#5437 = CARTESIAN_POINT('',(-6.28318518046,-10.8000006));
#5438 = CARTESIAN_POINT('',(-6.28318518046,6.000000070117E-07));
#5439 = ( GEOMETRIC_REPRESENTATION_CONTEXT(2) 
PARAMETRIC_REPRESENTATION_CONTEXT() REPRESENTATION_CONTEXT('2D SPACE',''
  ) );
#5440 = ORIENTED_EDGE('',*,*,#5441,.F.);
#5441 = EDGE_CURVE('',#5442,#5421,#5444,.T.);
#5442 = VERTEX_POINT('',#5443);
#5443 = CARTESIAN_POINT('',(41.916543238371,-5.670707919893E-06,80.7));
#5444 = SURFACE_CURVE('',#5445,(#5449,#5455),.PCURVE_S1.);
#5445 = LINE('',#5446,#5447);
#5446 = CARTESIAN_POINT('',(9.236021589968E-05,-5.670707919931E-06,80.7)
  );
#5447 = VECTOR('',#5448,1.);
#5448 = DIRECTION('',(1.,0.,0.));
#5449 = PCURVE('',#4846,#5450);
#5450 = DEFINITIONAL_REPRESENTATION('',(#5451),#5454);
#5451 = B_SPLINE_CURVE_WITH_KNOTS('',1,(#5452,#5453),.UNSPECIFIED.,.F.,
  .F.,(2,2),(-44.75009236021,44.749907639784),.PIECEWISE_BEZIER_KNOTS.);
#5452 = CARTESIAN_POINT('',(-27.86875066325,-44.75018472043));
#5453 = CARTESIAN_POINT('',(-27.86875066325,44.749815279568));
#5454 = ( GEOMETRIC_REPRESENTATION_CONTEXT(2) 
PARAMETRIC_REPRESENTATION_CONTEXT() REPRESENTATION_CONTEXT('2D SPACE',''
  ) );
#5455 = PCURVE('',#5254,#5456);
#5456 = DEFINITIONAL_REPRESENTATION('',(#5457),#5460);
#5457 = B_SPLINE_CURVE_WITH_KNOTS('',1,(#5458,#5459),.UNSPECIFIED.,.F.,
  .F.,(2,2),(-44.75009236021,44.749907639784),.PIECEWISE_BEZIER_KNOTS.);
#5458 = CARTESIAN_POINT('',(-44.75,-5.670707923971E-06));
#5459 = CARTESIAN_POINT('',(44.75,-5.670707923971E-06));
#5460 = ( GEOMETRIC_REPRESENTATION_CONTEXT(2) 
PARAMETRIC_REPRESENTATION_CONTEXT() REPRESENTATION_CONTEXT('2D SPACE',''
  ) );
#5461 = ORIENTED_EDGE('',*,*,#5462,.T.);
#5462 = EDGE_CURVE('',#5442,#5463,#5465,.T.);
#5463 = VERTEX_POINT('',#5464);
#5464 = CARTESIAN_POINT('',(37.798072236471,-5.670707919946E-06,
    9.551176270836E-05));
#5465 = SURFACE_CURVE('',#5466,(#5581,#5699),.PCURVE_S1.);
#5466 = B_SPLINE_CURVE_WITH_KNOTS('',8,(#5467,#5468,#5469,#5470,#5471,
    #5472,#5473,#5474,#5475,#5476,#5477,#5478,#5479,#5480,#5481,#5482,
    #5483,#5484,#5485,#5486,#5487,#5488,#5489,#5490,#5491,#5492,#5493,
    #5494,#5495,#5496,#5497,#5498,#5499,#5500,#5501,#5502,#5503,#5504,
    #5505,#5506,#5507,#5508,#5509,#5510,#5511,#5512,#5513,#5514,#5515,
    #5516,#5517,#5518,#5519,#5520,#5521,#5522,#5523,#5524,#5525,#5526,
    #5527,#5528,#5529,#5530,#5531,#5532,#5533,#5534,#5535,#5536,#5537,
    #5538,#5539,#5540,#5541,#5542,#5543,#5544,#5545,#5546,#5547,#5548,
    #5549,#5550,#5551,#5552,#5553,#5554,#5555,#5556,#5557,#5558,#5559,
    #5560,#5561,#5562,#5563,#5564,#5565,#5566,#5567,#5568,#5569,#5570,
    #5571,#5572,#5573,#5574,#5575,#5576,#5577,#5578,#5579,#5580),
  .UNSPECIFIED.,.F.,.F.,(9,7,7,7,7,7,7,7,7,7,7,7,7,7,7,7,9),(0.,
    0.108600712244,0.196126711686,0.236489983498,0.265680499619,
    0.283287042782,0.336258740589,0.459934404402,0.608816162059,
    0.710274944794,0.740667961137,0.757037788088,0.79017552892,
    0.824146854167,0.841294193076,0.87377939978,1.),.UNSPECIFIED.);
#5467 = CARTESIAN_POINT('',(41.916566017088,-5.670707919931E-06,
    80.700067519065));
#5468 = CARTESIAN_POINT('',(41.482828575652,-5.670707919931E-06,
    79.414167642164));
#5469 = CARTESIAN_POINT('',(41.016200731975,-5.670707919931E-06,
    78.139612389775));
#5470 = CARTESIAN_POINT('',(40.523609105279,-5.670707919931E-06,
    76.874669077149));
#5471 = CARTESIAN_POINT('',(40.009786154503,-5.670707919931E-06,
    75.61821383909));
#5472 = CARTESIAN_POINT('',(39.478443254311,-5.670707919931E-06,
    74.369261914243));
#5473 = CARTESIAN_POINT('',(38.932451857224,-5.670707919931E-06,
    73.126892738796));
#5474 = CARTESIAN_POINT('',(38.374120786547,-5.670707919931E-06,
    71.890141094071));
#5475 = CARTESIAN_POINT('',(37.346835497417,-5.670707919931E-06,
    69.664891696652));
#5476 = CARTESIAN_POINT('',(36.881636124925,-5.670707919931E-06,
    68.67495008407));
#5477 = CARTESIAN_POINT('',(36.410708571265,-5.670707919931E-06,
    67.687709767677));
#5478 = CARTESIAN_POINT('',(35.934928501822,-5.670707919931E-06,
    66.70279927324));
#5479 = CARTESIAN_POINT('',(35.455063201703,-5.670707919931E-06,
    65.719882632529));
#5480 = CARTESIAN_POINT('',(34.971799909302,-5.670707919931E-06,
    64.738645706726));
#5481 = CARTESIAN_POINT('',(34.485764729345,-5.670707919931E-06,
    63.7587870268));
#5482 = CARTESIAN_POINT('',(33.772379994306,-5.670707919931E-06,
    62.328644229059));
#5483 = CARTESIAN_POINT('',(33.546761560715,-5.670707919931E-06,
    61.877507920514));
#5484 = CARTESIAN_POINT('',(33.32073373703,-5.670707919931E-06,
    61.426576413497));
#5485 = CARTESIAN_POINT('',(33.094351496432,-5.670707919931E-06,
    60.975822682991));
#5486 = CARTESIAN_POINT('',(32.867668109243,-5.670707919931E-06,
    60.525220371964));
#5487 = CARTESIAN_POINT('',(32.640735379284,-5.670707919931E-06,
    60.074743672635));
#5488 = CARTESIAN_POINT('',(32.413603880232,-5.670707919931E-06,
    59.624367207741));
#5489 = CARTESIAN_POINT('',(32.021954935983,-5.670707919931E-06,
    58.848410268748));
#5490 = CARTESIAN_POINT('',(31.857508708586,-5.670707919931E-06,
    58.522793967739));
#5491 = CARTESIAN_POINT('',(31.693003192117,-5.670707919931E-06,
    58.197207590078));
#5492 = CARTESIAN_POINT('',(31.528456881735,-5.670707919931E-06,
    57.871641804854));
#5493 = CARTESIAN_POINT('',(31.363888085435,-5.670707919931E-06,
    57.546087368945));
#5494 = CARTESIAN_POINT('',(31.199314924044,-5.670707919931E-06,
    57.220535127021));
#5495 = CARTESIAN_POINT('',(31.034755331227,-5.670707919931E-06,
    56.894976011543));
#5496 = CARTESIAN_POINT('',(30.770990225609,-5.670707919931E-06,
    56.373027339846));
#5497 = CARTESIAN_POINT('',(30.671764808036,-5.670707919931E-06,
    56.176647865793));
#5498 = CARTESIAN_POINT('',(30.572554706269,-5.670707919931E-06,
    55.98026064693));
#5499 = CARTESIAN_POINT('',(30.473363816968,-5.670707919931E-06,
    55.783863716455));
#5500 = CARTESIAN_POINT('',(30.374196027946,-5.670707919931E-06,
    55.587455114438));
#5501 = CARTESIAN_POINT('',(30.275055218167,-5.670707919931E-06,
    55.391032887822));
#5502 = CARTESIAN_POINT('',(30.17594525775,-5.670707919931E-06,
    55.194595090419));
#5503 = CARTESIAN_POINT('',(29.778788542264,-5.670707919931E-06,
    54.407077069173));
#5504 = CARTESIAN_POINT('',(29.481021396463,-5.670707919931E-06,
    53.815856043093));
#5505 = CARTESIAN_POINT('',(29.18367374807,-5.670707919931E-06,
    53.224423574689));
#5506 = CARTESIAN_POINT('',(28.886850636105,-5.670707919931E-06,
    52.632727202293));
#5507 = CARTESIAN_POINT('',(28.59065758003,-5.670707919931E-06,
    52.040714822487));
#5508 = CARTESIAN_POINT('',(28.295201198676,-5.670707919931E-06,
    51.448334380034));
#5509 = CARTESIAN_POINT('',(28.000589829171,-5.670707919931E-06,
    50.855533557814));
#5510 = CARTESIAN_POINT('',(27.021321581635,-5.670707919931E-06,
    48.877112868227));
#5511 = CARTESIAN_POINT('',(26.340935730067,-5.670707919931E-06,
    47.489421341027));
#5512 = CARTESIAN_POINT('',(25.667165733142,-5.670707919931E-06,
    46.098472516265));
#5513 = CARTESIAN_POINT('',(25.001490230239,-5.670707919931E-06,
    44.703577762598));
#5514 = CARTESIAN_POINT('',(24.345526303358,-5.670707919931E-06,
    43.304049205225));
#5515 = CARTESIAN_POINT('',(23.701075609369,-5.670707919931E-06,
    41.899177984094));
#5516 = CARTESIAN_POINT('',(23.070194817878,-5.670707919931E-06,
    40.488201155574));
#5517 = CARTESIAN_POINT('',(21.715123186088,-5.670707919931E-06,
    37.363297199448));
#5518 = CARTESIAN_POINT('',(20.998496110794,-5.670707919931E-06,
    35.647099304857));
#5519 = CARTESIAN_POINT('',(20.309267085416,-5.670707919931E-06,
    33.919296311356));
#5520 = CARTESIAN_POINT('',(19.652476090441,-5.670707919931E-06,
    32.17804968096));
#5521 = CARTESIAN_POINT('',(19.034546792676,-5.670707919931E-06,
    30.421969569786));
#5522 = CARTESIAN_POINT('',(18.463931622783,-5.670707919931E-06,
    28.649906500974));
#5523 = CARTESIAN_POINT('',(17.951401424276,-5.670707919931E-06,
    26.86084379802));
#5524 = CARTESIAN_POINT('',(17.213937341536,-5.670707919931E-06,
    23.820942590933));
#5525 = CARTESIAN_POINT('',(16.949806241207,-5.670707919931E-06,
    22.581867612032));
#5526 = CARTESIAN_POINT('',(16.725005640704,-5.670707919931E-06,
    21.334046787218));
#5527 = CARTESIAN_POINT('',(16.545765627816,-5.670707919931E-06,
    20.077325076967));
#5528 = CARTESIAN_POINT('',(16.420075512338,-5.670707919931E-06,
    18.813074614603));
#5529 = CARTESIAN_POINT('',(16.357776734414,-5.670707919931E-06,
    17.544183562214));
#5530 = CARTESIAN_POINT('',(16.370706699646,-5.670707919931E-06,
    16.275040545566));
#5531 = CARTESIAN_POINT('',(16.503591784295,-5.670707919931E-06,
    14.633009413488));
#5532 = CARTESIAN_POINT('',(16.542226457701,-5.670707919931E-06,
    14.255160414334));
#5533 = CARTESIAN_POINT('',(16.589227328389,-5.670707919931E-06,
    13.878186908437));
#5534 = CARTESIAN_POINT('',(16.644963657467,-5.670707919931E-06,
    13.502352728814));
#5535 = CARTESIAN_POINT('',(16.709805203517,-5.670707919931E-06,
    13.127962866453));
#5536 = CARTESIAN_POINT('',(16.784113736777,-5.670707919931E-06,
    12.755362034756));
#5537 = CARTESIAN_POINT('',(16.86823210937,-5.670707919931E-06,
    12.384932810616));
#5538 = CARTESIAN_POINT('',(17.013228344272,-5.670707919931E-06,
    11.818973224364));
#5539 = CARTESIAN_POINT('',(17.066921291808,-5.670707919931E-06,
    11.621605955508));
#5540 = CARTESIAN_POINT('',(17.123597737897,-5.670707919931E-06,
    11.425058254965));
#5541 = CARTESIAN_POINT('',(17.183302875288,-5.670707919931E-06,
    11.229399997552));
#5542 = CARTESIAN_POINT('',(17.246078332544,-5.670707919931E-06,
    11.034703986246));
#5543 = CARTESIAN_POINT('',(17.311961430821,-5.670707919931E-06,
    10.841045714932));
#5544 = CARTESIAN_POINT('',(17.380984440645,-5.670707919931E-06,
    10.648503131151));
#5545 = CARTESIAN_POINT('',(17.599308160731,-5.670707919931E-06,
    10.069809700362));
#5546 = CARTESIAN_POINT('',(17.75843210543,-5.670707919931E-06,
    9.687325638996));
#5547 = CARTESIAN_POINT('',(17.930752558637,-5.670707919931E-06,
    9.31041501931));
#5548 = CARTESIAN_POINT('',(18.116385689016,-5.670707919931E-06,
    8.939780423634));
#5549 = CARTESIAN_POINT('',(18.315340280978,-5.670707919931E-06,
    8.576107476746));
#5550 = CARTESIAN_POINT('',(18.527501067619,-5.670707919931E-06,
    8.220056110547));
#5551 = CARTESIAN_POINT('',(18.752612063649,-5.670707919931E-06,
    7.872251828739));
#5552 = CARTESIAN_POINT('',(19.23388579688,-5.670707919931E-06,
    7.185775155253));
#5553 = CARTESIAN_POINT('',(19.490726093966,-5.670707919931E-06,
    6.847497164195));
#5554 = CARTESIAN_POINT('',(19.760341934117,-5.670707919931E-06,
    6.519077512308));
#5555 = CARTESIAN_POINT('',(20.042190902221,-5.670707919931E-06,
    6.201002458364));
#5556 = CARTESIAN_POINT('',(20.33564317652,-5.670707919931E-06,
    5.893624870055));
#5557 = CARTESIAN_POINT('',(20.639997681597,-5.670707919931E-06,
    5.597179088123));
#5558 = CARTESIAN_POINT('',(20.954498241364,-5.670707919931E-06,
    5.311795790487));
#5559 = CARTESIAN_POINT('',(21.441816750969,-5.670707919931E-06,
    4.899072041381));
#5560 = CARTESIAN_POINT('',(21.607674876502,-5.670707919931E-06,
    4.763449091123));
#5561 = CARTESIAN_POINT('',(21.77582738229,-5.670707919931E-06,
    4.630649469133));
#5562 = CARTESIAN_POINT('',(21.946177863968,-5.670707919931E-06,
    4.500667397939));
#5563 = CARTESIAN_POINT('',(22.118630820615,-5.670707919931E-06,
    4.373490626478));
#5564 = CARTESIAN_POINT('',(22.293092236194,-5.670707919931E-06,
    4.249101197518));
#5565 = CARTESIAN_POINT('',(22.469470160999,-5.670707919931E-06,
    4.127476215065));
#5566 = CARTESIAN_POINT('',(22.985280479699,-5.670707919931E-06,
    3.783359006906));
#5567 = CARTESIAN_POINT('',(23.329436356485,-5.670707919931E-06,
    3.567958720578));
#5568 = CARTESIAN_POINT('',(23.679546027577,-5.670707919931E-06,
    3.362194999853));
#5569 = CARTESIAN_POINT('',(24.035042921022,-5.670707919931E-06,
    3.165825256508));
#5570 = CARTESIAN_POINT('',(24.395399180696,-5.670707919931E-06,
    2.978572340956));
#5571 = CARTESIAN_POINT('',(24.760132404223,-5.670707919931E-06,
    2.800136824572));
#5572 = CARTESIAN_POINT('',(25.128810726904,-5.670707919931E-06,
    2.630206290426));
#5573 = CARTESIAN_POINT('',(26.947408555748,-5.670707919931E-06,
    1.840006101861));
#5574 = CARTESIAN_POINT('',(28.44440238207,-5.670707919931E-06,
    1.336527656805));
#5575 = CARTESIAN_POINT('',(29.974546978646,-5.670707919931E-06,
    0.936153141223));
#5576 = CARTESIAN_POINT('',(31.524772010125,-5.670707919931E-06,
    0.622391648281));
#5577 = CARTESIAN_POINT('',(33.085842118975,-5.670707919931E-06,
    0.381679531222));
#5578 = CARTESIAN_POINT('',(34.652328073648,-5.670707919931E-06,
    0.203173446096));
#5579 = CARTESIAN_POINT('',(36.222450761873,-5.670707919931E-06,
    7.818551285841E-02));
#5580 = CARTESIAN_POINT('',(37.798072236471,-5.670707919931E-06,
    9.551176270861E-05));
#5581 = PCURVE('',#4846,#5582);
#5582 = DEFINITIONAL_REPRESENTATION('',(#5583),#5698);
#5583 = B_SPLINE_CURVE_WITH_KNOTS('',8,(#5584,#5585,#5586,#5587,#5588,
    #5589,#5590,#5591,#5592,#5593,#5594,#5595,#5596,#5597,#5598,#5599,
    #5600,#5601,#5602,#5603,#5604,#5605,#5606,#5607,#5608,#5609,#5610,
    #5611,#5612,#5613,#5614,#5615,#5616,#5617,#5618,#5619,#5620,#5621,
    #5622,#5623,#5624,#5625,#5626,#5627,#5628,#5629,#5630,#5631,#5632,
    #5633,#5634,#5635,#5636,#5637,#5638,#5639,#5640,#5641,#5642,#5643,
    #5644,#5645,#5646,#5647,#5648,#5649,#5650,#5651,#5652,#5653,#5654,
    #5655,#5656,#5657,#5658,#5659,#5660,#5661,#5662,#5663,#5664,#5665,
    #5666,#5667,#5668,#5669,#5670,#5671,#5672,#5673,#5674,#5675,#5676,
    #5677,#5678,#5679,#5680,#5681,#5682,#5683,#5684,#5685,#5686,#5687,
    #5688,#5689,#5690,#5691,#5692,#5693,#5694,#5695,#5696,#5697),
  .UNSPECIFIED.,.F.,.F.,(9,7,7,7,7,7,7,7,7,7,7,7,7,7,7,7,9),(0.,
    0.108600712244,0.196126711686,0.236489983498,0.265680499619,
    0.283287042782,0.336258740589,0.459934404402,0.608816162059,
    0.710274944794,0.740667961137,0.757037788088,0.79017552892,
    0.824146854167,0.841294193076,0.87377939978,1.),.UNSPECIFIED.);
#5584 = CARTESIAN_POINT('',(-27.86881818232,41.916381296657));
#5585 = CARTESIAN_POINT('',(-26.58291830542,41.48264385522));
#5586 = CARTESIAN_POINT('',(-25.30836305303,41.016016011543));
#5587 = CARTESIAN_POINT('',(-24.0434197404,40.523424384848));
#5588 = CARTESIAN_POINT('',(-22.78696450234,40.009601434071));
#5589 = CARTESIAN_POINT('',(-21.53801257749,39.478258533879));
#5590 = CARTESIAN_POINT('',(-20.29564340205,38.932267136792));
#5591 = CARTESIAN_POINT('',(-19.05889175732,38.373936066115));
#5592 = CARTESIAN_POINT('',(-16.8336423599,37.346650776985));
#5593 = CARTESIAN_POINT('',(-15.84370074732,36.881451404493));
#5594 = CARTESIAN_POINT('',(-14.85646043093,36.410523850833));
#5595 = CARTESIAN_POINT('',(-13.87154993649,35.93474378139));
#5596 = CARTESIAN_POINT('',(-12.88863329578,35.454878481271));
#5597 = CARTESIAN_POINT('',(-11.90739636998,34.971615188871));
#5598 = CARTESIAN_POINT('',(-10.92753769005,34.485580008914));
#5599 = CARTESIAN_POINT('',(-9.497394892315,33.772195273874));
#5600 = CARTESIAN_POINT('',(-9.046258583771,33.546576840283));
#5601 = CARTESIAN_POINT('',(-8.595327076753,33.320549016598));
#5602 = CARTESIAN_POINT('',(-8.144573346247,33.094166776));
#5603 = CARTESIAN_POINT('',(-7.693971035221,32.867483388811));
#5604 = CARTESIAN_POINT('',(-7.243494335892,32.640550658852));
#5605 = CARTESIAN_POINT('',(-6.793117870998,32.4134191598));
#5606 = CARTESIAN_POINT('',(-6.017160932004,32.021770215551));
#5607 = CARTESIAN_POINT('',(-5.691544630995,31.857323988154));
#5608 = CARTESIAN_POINT('',(-5.365958253335,31.692818471685));
#5609 = CARTESIAN_POINT('',(-5.04039246811,31.528272161303));
#5610 = CARTESIAN_POINT('',(-4.714838032201,31.363703365003));
#5611 = CARTESIAN_POINT('',(-4.389285790278,31.199130203612));
#5612 = CARTESIAN_POINT('',(-4.0637266748,31.034570610795));
#5613 = CARTESIAN_POINT('',(-3.541778003102,30.770805505177));
#5614 = CARTESIAN_POINT('',(-3.345398529049,30.671580087604));
#5615 = CARTESIAN_POINT('',(-3.149011310186,30.572369985837));
#5616 = CARTESIAN_POINT('',(-2.952614379711,30.473179096536));
#5617 = CARTESIAN_POINT('',(-2.756205777695,30.374011307514));
#5618 = CARTESIAN_POINT('',(-2.559783551078,30.274870497735));
#5619 = CARTESIAN_POINT('',(-2.363345753676,30.175760537318));
#5620 = CARTESIAN_POINT('',(-1.57582773243,29.778603821832));
#5621 = CARTESIAN_POINT('',(-0.984606706349,29.480836676031));
#5622 = CARTESIAN_POINT('',(-0.393174237946,29.183489027638));
#5623 = CARTESIAN_POINT('',(0.198522134451,28.886665915673));
#5624 = CARTESIAN_POINT('',(0.790534514257,28.590472859598));
#5625 = CARTESIAN_POINT('',(1.382914956709,28.295016478244));
#5626 = CARTESIAN_POINT('',(1.975715778929,28.000405108739));
#5627 = CARTESIAN_POINT('',(3.954136468516,27.021136861203));
#5628 = CARTESIAN_POINT('',(5.341827995717,26.340751009635));
#5629 = CARTESIAN_POINT('',(6.732776820478,25.66698101271));
#5630 = CARTESIAN_POINT('',(8.127671574146,25.001305509808));
#5631 = CARTESIAN_POINT('',(9.527200131519,24.345341582926));
#5632 = CARTESIAN_POINT('',(10.93207135265,23.700890888937));
#5633 = CARTESIAN_POINT('',(12.343048181169,23.070010097447));
#5634 = CARTESIAN_POINT('',(15.467952137296,21.714938465656));
#5635 = CARTESIAN_POINT('',(17.184150031887,20.998311390362));
#5636 = CARTESIAN_POINT('',(18.911953025388,20.309082364985));
#5637 = CARTESIAN_POINT('',(20.653199655783,19.652291370009));
#5638 = CARTESIAN_POINT('',(22.409279766958,19.034362072245));
#5639 = CARTESIAN_POINT('',(24.18134283577,18.463746902351));
#5640 = CARTESIAN_POINT('',(25.970405538723,17.951216703844));
#5641 = CARTESIAN_POINT('',(29.010306745811,17.213752621104));
#5642 = CARTESIAN_POINT('',(30.249381724712,16.949621520775));
#5643 = CARTESIAN_POINT('',(31.497202549525,16.724820920272));
#5644 = CARTESIAN_POINT('',(32.753924259777,16.545580907384));
#5645 = CARTESIAN_POINT('',(34.018174722141,16.419890791907));
#5646 = CARTESIAN_POINT('',(35.28706577453,16.357592013982));
#5647 = CARTESIAN_POINT('',(36.556208791177,16.370521979214));
#5648 = CARTESIAN_POINT('',(38.198239923255,16.503407063864));
#5649 = CARTESIAN_POINT('',(38.576088922409,16.542041737269));
#5650 = CARTESIAN_POINT('',(38.953062428307,16.589042607957));
#5651 = CARTESIAN_POINT('',(39.32889660793,16.644778937036));
#5652 = CARTESIAN_POINT('',(39.70328647029,16.709620483085));
#5653 = CARTESIAN_POINT('',(40.075887301988,16.783929016345));
#5654 = CARTESIAN_POINT('',(40.446316526128,16.868047388938));
#5655 = CARTESIAN_POINT('',(41.012276112379,17.01304362384));
#5656 = CARTESIAN_POINT('',(41.209643381236,17.066736571376));
#5657 = CARTESIAN_POINT('',(41.406191081779,17.123413017465));
#5658 = CARTESIAN_POINT('',(41.601849339192,17.183118154857));
#5659 = CARTESIAN_POINT('',(41.796545350498,17.245893612113));
#5660 = CARTESIAN_POINT('',(41.990203621812,17.311776710389));
#5661 = CARTESIAN_POINT('',(42.182746205592,17.380799720213));
#5662 = CARTESIAN_POINT('',(42.761439636382,17.599123440299));
#5663 = CARTESIAN_POINT('',(43.143923697747,17.758247384998));
#5664 = CARTESIAN_POINT('',(43.520834317433,17.930567838206));
#5665 = CARTESIAN_POINT('',(43.891468913109,18.116200968584));
#5666 = CARTESIAN_POINT('',(44.255141859998,18.315155560546));
#5667 = CARTESIAN_POINT('',(44.611193226197,18.527316347187));
#5668 = CARTESIAN_POINT('',(44.958997508005,18.752427343218));
#5669 = CARTESIAN_POINT('',(45.645474181491,19.233701076448));
#5670 = CARTESIAN_POINT('',(45.983752172548,19.490541373535));
#5671 = CARTESIAN_POINT('',(46.312171824436,19.760157213685));
#5672 = CARTESIAN_POINT('',(46.63024687838,20.042006181789));
#5673 = CARTESIAN_POINT('',(46.937624466689,20.335458456088));
#5674 = CARTESIAN_POINT('',(47.234070248621,20.639812961166));
#5675 = CARTESIAN_POINT('',(47.519453546257,20.954313520933));
#5676 = CARTESIAN_POINT('',(47.932177295363,21.441632030537));
#5677 = CARTESIAN_POINT('',(48.06780024562,21.60749015607));
#5678 = CARTESIAN_POINT('',(48.20059986761,21.775642661858));
#5679 = CARTESIAN_POINT('',(48.330581938805,21.945993143536));
#5680 = CARTESIAN_POINT('',(48.457758710265,22.118446100183));
#5681 = CARTESIAN_POINT('',(48.582148139226,22.292907515762));
#5682 = CARTESIAN_POINT('',(48.703773121678,22.469285440567));
#5683 = CARTESIAN_POINT('',(49.047890329837,22.985095759268));
#5684 = CARTESIAN_POINT('',(49.263290616166,23.329251636053));
#5685 = CARTESIAN_POINT('',(49.469054336891,23.679361307145));
#5686 = CARTESIAN_POINT('',(49.665424080236,24.03485820059));
#5687 = CARTESIAN_POINT('',(49.852676995787,24.395214460264));
#5688 = CARTESIAN_POINT('',(50.031112512171,24.759947683791));
#5689 = CARTESIAN_POINT('',(50.201043046318,25.128626006473));
#5690 = CARTESIAN_POINT('',(50.991243234883,26.947223835317));
#5691 = CARTESIAN_POINT('',(51.494721679938,28.444217661638));
#5692 = CARTESIAN_POINT('',(51.89509619552,29.974362258214));
#5693 = CARTESIAN_POINT('',(52.208857688463,31.524587289694));
#5694 = CARTESIAN_POINT('',(52.449569805522,33.085657398543));
#5695 = CARTESIAN_POINT('',(52.628075890648,34.652143353216));
#5696 = CARTESIAN_POINT('',(52.753063823885,36.222266041441));
#5697 = CARTESIAN_POINT('',(52.831153824981,37.797887516039));
#5698 = ( GEOMETRIC_REPRESENTATION_CONTEXT(2) 
PARAMETRIC_REPRESENTATION_CONTEXT() REPRESENTATION_CONTEXT('2D SPACE',''
  ) );
#5699 = PCURVE('',#4697,#5700);
#5700 = DEFINITIONAL_REPRESENTATION('',(#5701),#5816);
#5701 = B_SPLINE_CURVE_WITH_KNOTS('',8,(#5702,#5703,#5704,#5705,#5706,
    #5707,#5708,#5709,#5710,#5711,#5712,#5713,#5714,#5715,#5716,#5717,
    #5718,#5719,#5720,#5721,#5722,#5723,#5724,#5725,#5726,#5727,#5728,
    #5729,#5730,#5731,#5732,#5733,#5734,#5735,#5736,#5737,#5738,#5739,
    #5740,#5741,#5742,#5743,#5744,#5745,#5746,#5747,#5748,#5749,#5750,
    #5751,#5752,#5753,#5754,#5755,#5756,#5757,#5758,#5759,#5760,#5761,
    #5762,#5763,#5764,#5765,#5766,#5767,#5768,#5769,#5770,#5771,#5772,
    #5773,#5774,#5775,#5776,#5777,#5778,#5779,#5780,#5781,#5782,#5783,
    #5784,#5785,#5786,#5787,#5788,#5789,#5790,#5791,#5792,#5793,#5794,
    #5795,#5796,#5797,#5798,#5799,#5800,#5801,#5802,#5803,#5804,#5805,
    #5806,#5807,#5808,#5809,#5810,#5811,#5812,#5813,#5814,#5815),
  .UNSPECIFIED.,.F.,.F.,(9,7,7,7,7,7,7,7,7,7,7,7,7,7,7,7,9),(0.,
    0.108600712244,0.196126711686,0.236489983498,0.265680499619,
    0.283287042782,0.336258740589,0.459934404402,0.608816162059,
    0.710274944794,0.740667961137,0.757037788088,0.79017552892,
    0.824146854167,0.841294193076,0.87377939978,1.),.UNSPECIFIED.);
#5702 = CARTESIAN_POINT('',(0.491365470924,0.754809130097));
#5703 = CARTESIAN_POINT('',(0.492165808203,0.743382129418));
#5704 = CARTESIAN_POINT('',(0.493042195152,0.732360513283));
#5705 = CARTESIAN_POINT('',(0.493982229857,0.721671453882));
#5706 = CARTESIAN_POINT('',(0.494977145627,0.711265998192));
#5707 = CARTESIAN_POINT('',(0.496019722621,0.701104676454));
#5708 = CARTESIAN_POINT('',(0.497103963185,0.691155277339));
#5709 = CARTESIAN_POINT('',(0.498224579251,0.681389502148));
#5710 = CARTESIAN_POINT('',(0.500305373019,0.664038722946));
#5711 = CARTESIAN_POINT('',(0.501254336006,0.656399512322));
#5712 = CARTESIAN_POINT('',(0.502221020862,0.648851863809));
#5713 = CARTESIAN_POINT('',(0.503202881312,0.641385148757));
#5714 = CARTESIAN_POINT('',(0.504197374645,0.633990019543));
#5715 = CARTESIAN_POINT('',(0.505201877369,0.626658038729));
#5716 = CARTESIAN_POINT('',(0.506213606338,0.619381434218));
#5717 = CARTESIAN_POINT('',(0.507698053261,0.608819524688));
#5718 = CARTESIAN_POINT('',(0.508167454415,0.60549632262));
#5719 = CARTESIAN_POINT('',(0.508637451633,0.60218267198));
#5720 = CARTESIAN_POINT('',(0.509107736566,0.598877896859));
#5721 = CARTESIAN_POINT('',(0.509577987764,0.595581344649));
#5722 = CARTESIAN_POINT('',(0.510047868729,0.592292383007));
#5723 = CARTESIAN_POINT('',(0.51051702598,0.58901039683));
#5724 = CARTESIAN_POINT('',(0.511323586574,0.583365879289));
#5725 = CARTESIAN_POINT('',(0.511661512214,0.581000307244));
#5726 = CARTESIAN_POINT('',(0.511998724048,0.578637842973));
#5727 = CARTESIAN_POINT('',(0.5123350759,0.576278263699));
#5728 = CARTESIAN_POINT('',(0.512670415397,0.573921349978));
#5729 = CARTESIAN_POINT('',(0.513004583972,0.571566885694));
#5730 = CARTESIAN_POINT('',(0.513337416862,0.569214658061));
#5731 = CARTESIAN_POINT('',(0.513868585752,0.565446911418));
#5732 = CARTESIAN_POINT('',(0.514067880045,0.564030102546));
#5733 = CARTESIAN_POINT('',(0.514266588348,0.562613984931));
#5734 = CARTESIAN_POINT('',(0.514464671969,0.56119851278));
#5735 = CARTESIAN_POINT('',(0.514662091172,0.559783640577));
#5736 = CARTESIAN_POINT('',(0.514858805171,0.558369323088));
#5737 = CARTESIAN_POINT('',(0.515054772133,0.55695551536));
#5738 = CARTESIAN_POINT('',(0.515837166059,0.551289937719));
#5739 = CARTESIAN_POINT('',(0.516417232644,0.547041913765));
#5740 = CARTESIAN_POINT('',(0.516988976945,0.542796880948));
#5741 = CARTESIAN_POINT('',(0.517551136057,0.538553639319));
#5742 = CARTESIAN_POINT('',(0.51810234028,0.534311001842));
#5743 = CARTESIAN_POINT('',(0.518641097239,0.530067787335));
#5744 = CARTESIAN_POINT('',(0.519165776006,0.525822813424));
#5745 = CARTESIAN_POINT('',(0.520862547465,0.511657049693));
#5746 = CARTESIAN_POINT('',(0.52196399923,0.50172337942));
#5747 = CARTESIAN_POINT('',(0.522956227519,0.491758443408));
#5748 = CARTESIAN_POINT('',(0.523811813041,0.481746865757));
#5749 = CARTESIAN_POINT('',(0.524497101448,0.471672806883));
#5750 = CARTESIAN_POINT('',(0.52497038065,0.461519488467));
#5751 = CARTESIAN_POINT('',(0.525178842726,0.451268506511));
#5752 = CARTESIAN_POINT('',(0.524902397462,0.428415383187));
#5753 = CARTESIAN_POINT('',(0.524267577841,0.415766173993));
#5754 = CARTESIAN_POINT('',(0.523029273853,0.402908216063));
#5755 = CARTESIAN_POINT('',(0.521032318349,0.389797969486));
#5756 = CARTESIAN_POINT('',(0.518075031273,0.376389473898));
#5757 = CARTESIAN_POINT('',(0.513887359271,0.362629053732));
#5758 = CARTESIAN_POINT('',(0.508108031658,0.348452766811));
#5759 = CARTESIAN_POINT('',(0.49485090773,0.32375366371));
#5760 = CARTESIAN_POINT('',(0.488507839763,0.313519127638));
#5761 = CARTESIAN_POINT('',(0.481031687209,0.303021251863));
#5762 = CARTESIAN_POINT('',(0.47223114751,0.292227292967));
#5763 = CARTESIAN_POINT('',(0.46188643378,0.281109878977));
#5764 = CARTESIAN_POINT('',(0.449755784897,0.269646252364));
#5765 = CARTESIAN_POINT('',(0.435595152642,0.257817228878));
#5766 = CARTESIAN_POINT('',(0.414285605852,0.241947387977));
#5767 = CARTESIAN_POINT('',(0.409174782198,0.238256357493));
#5768 = CARTESIAN_POINT('',(0.403860731244,0.234532643623));
#5769 = CARTESIAN_POINT('',(0.398339923074,0.230776806478));
#5770 = CARTESIAN_POINT('',(0.392610002538,0.226989778928));
#5771 = CARTESIAN_POINT('',(0.3866700886,0.223172895013));
#5772 = CARTESIAN_POINT('',(0.38052111268,0.219327926999));
#5773 = CARTESIAN_POINT('',(0.370743406881,0.213372301485));
#5774 = CARTESIAN_POINT('',(0.367260902588,0.211279995923));
#5775 = CARTESIAN_POINT('',(0.363719196529,0.209180582155));
#5776 = CARTESIAN_POINT('',(0.360118992015,0.207074470751));
#5777 = CARTESIAN_POINT('',(0.356461197841,0.204962116623));
#5778 = CARTESIAN_POINT('',(0.352746943865,0.202844020566));
#5779 = CARTESIAN_POINT('',(0.34897759657,0.2007207308));
#5780 = CARTESIAN_POINT('',(0.337416166124,0.194285325283));
#5781 = CARTESIAN_POINT('',(0.32945771758,0.189958550059));
#5782 = CARTESIAN_POINT('',(0.321293518026,0.185617960086));
#5783 = CARTESIAN_POINT('',(0.31294142528,0.181269365691));
#5784 = CARTESIAN_POINT('',(0.304423019496,0.176918951727));
#5785 = CARTESIAN_POINT('',(0.295763556697,0.172573283029));
#5786 = CARTESIAN_POINT('',(0.286991922303,0.168239309856));
#5787 = CARTESIAN_POINT('',(0.269066590422,0.159500894019));
#5788 = CARTESIAN_POINT('',(0.259907343905,0.155096716026));
#5789 = CARTESIAN_POINT('',(0.250697588048,0.15071978097));
#5790 = CARTESIAN_POINT('',(0.241473163491,0.146377184904));
#5791 = CARTESIAN_POINT('',(0.232270153089,0.142075236392));
#5792 = CARTESIAN_POINT('',(0.223124026402,0.137819514571));
#5793 = CARTESIAN_POINT('',(0.214068784205,0.133614927204));
#5794 = CARTESIAN_POINT('',(0.200627249961,0.127371442846));
#5795 = CARTESIAN_POINT('',(0.196149381575,0.125291128296));
#5796 = CARTESIAN_POINT('',(0.191706435223,0.123225313425));
#5797 = CARTESIAN_POINT('',(0.187302131816,0.121174418788));
#5798 = CARTESIAN_POINT('',(0.182939962137,0.119138801312));
#5799 = CARTESIAN_POINT('',(0.17862317319,0.117118758447));
#5800 = CARTESIAN_POINT('',(0.174354754564,0.115114532315));
#5801 = CARTESIAN_POINT('',(0.162147798503,0.109359683498));
#5802 = CARTESIAN_POINT('',(0.15434170466,0.105650585365));
#5803 = CARTESIAN_POINT('',(0.146737372984,0.10200018586));
#5804 = CARTESIAN_POINT('',(0.139349737329,9.840904686277E-02));
#5805 = CARTESIAN_POINT('',(0.132190310415,9.487722388348E-02));
#5806 = CARTESIAN_POINT('',(0.125267233643,9.140434487963E-02));
#5807 = CARTESIAN_POINT('',(0.118585502011,8.798966974471E-02));
#5808 = CARTESIAN_POINT('',(8.713211213731E-02,7.158648089773E-02));
#5809 = CARTESIAN_POINT('',(6.584965685488E-02,5.943237782988E-02));
#5810 = CARTESIAN_POINT('',(4.831701462458E-02,4.805470097575E-02));
#5811 = CARTESIAN_POINT('',(3.414441432261E-02,3.736663569783E-02));
#5812 = CARTESIAN_POINT('',(2.269071095275E-02,2.728974319002E-02));
#5813 = CARTESIAN_POINT('',(1.345989219831E-02,1.77518099128E-02));
#5814 = CARTESIAN_POINT('',(6.009751112122E-03,8.682124196507E-03));
#5815 = CARTESIAN_POINT('',(0.,1.060926651716E-05));
#5816 = ( GEOMETRIC_REPRESENTATION_CONTEXT(2) 
PARAMETRIC_REPRESENTATION_CONTEXT() REPRESENTATION_CONTEXT('2D SPACE',''
  ) );
#5817 = ORIENTED_EDGE('',*,*,#5818,.F.);
#5818 = EDGE_CURVE('',#4750,#5463,#5819,.T.);
#5819 = SURFACE_CURVE('',#5820,(#5823,#5829),.PCURVE_S1.);
#5820 = B_SPLINE_CURVE_WITH_KNOTS('',1,(#5821,#5822),.UNSPECIFIED.,.F.,
  .F.,(2,2),(0.,1.),.PIECEWISE_BEZIER_KNOTS.);
#5821 = CARTESIAN_POINT('',(37.8,-5.670707919931E-06,0.));
#5822 = CARTESIAN_POINT('',(37.798072236474,-5.670707919931E-06,
    9.551176255229E-05));
#5823 = PCURVE('',#4846,#5824);
#5824 = DEFINITIONAL_REPRESENTATION('',(#5825),#5828);
#5825 = B_SPLINE_CURVE_WITH_KNOTS('',1,(#5826,#5827),.UNSPECIFIED.,.F.,
  .F.,(2,2),(0.,1.),.PIECEWISE_BEZIER_KNOTS.);
#5826 = CARTESIAN_POINT('',(52.831249336744,37.799815279568));
#5827 = CARTESIAN_POINT('',(52.831153824981,37.797887516042));
#5828 = ( GEOMETRIC_REPRESENTATION_CONTEXT(2) 
PARAMETRIC_REPRESENTATION_CONTEXT() REPRESENTATION_CONTEXT('2D SPACE',''
  ) );
#5829 = PCURVE('',#4781,#5830);
#5830 = DEFINITIONAL_REPRESENTATION('',(#5831),#5834);
#5831 = B_SPLINE_CURVE_WITH_KNOTS('',1,(#5832,#5833),.UNSPECIFIED.,.F.,
  .F.,(2,2),(0.,1.),.PIECEWISE_BEZIER_KNOTS.);
#5832 = CARTESIAN_POINT('',(11.999996932885,0.));
#5833 = CARTESIAN_POINT('',(12.,1.060926649982E-05));
#5834 = ( GEOMETRIC_REPRESENTATION_CONTEXT(2) 
PARAMETRIC_REPRESENTATION_CONTEXT() REPRESENTATION_CONTEXT('2D SPACE',''
  ) );
#5835 = ORIENTED_EDGE('',*,*,#4833,.T.);
#5836 = ADVANCED_FACE('',(#5837),#4781,.F.);
#5837 = FACE_BOUND('',#5838,.F.);
#5838 = EDGE_LOOP('',(#5839,#5840,#5841));
#5839 = ORIENTED_EDGE('',*,*,#5818,.F.);
#5840 = ORIENTED_EDGE('',*,*,#4749,.T.);
#5841 = ORIENTED_EDGE('',*,*,#5842,.T.);
#5842 = EDGE_CURVE('',#4666,#5463,#5843,.T.);
#5843 = SURFACE_CURVE('',#5844,(#5849,#5856),.PCURVE_S1.);
#5844 = ( BOUNDED_CURVE() B_SPLINE_CURVE(3,(#5845,#5846,#5847,#5848),
.UNSPECIFIED.,.F.,.F.) B_SPLINE_CURVE_WITH_KNOTS((4,4),(0.,1.),
.PIECEWISE_BEZIER_KNOTS.) CURVE() GEOMETRIC_REPRESENTATION_ITEM() 
RATIONAL_B_SPLINE_CURVE((1.,1.,1.,1.)) REPRESENTATION_ITEM('') );
#5845 = CARTESIAN_POINT('',(37.8,5.551115123126E-17,0.));
#5846 = CARTESIAN_POINT('',(-22.77014822795,-0.178160240246,3.));
#5847 = CARTESIAN_POINT('',(67.717480551016,-1.124846541857,90.));
#5848 = CARTESIAN_POINT('',(36.75,-0.75,99.));
#5849 = PCURVE('',#4781,#5850);
#5850 = DEFINITIONAL_REPRESENTATION('',(#5851),#5855);
#5851 = LINE('',#5852,#5853);
#5852 = CARTESIAN_POINT('',(12.,0.));
#5853 = VECTOR('',#5854,1.);
#5854 = DIRECTION('',(0.,1.));
#5855 = ( GEOMETRIC_REPRESENTATION_CONTEXT(2) 
PARAMETRIC_REPRESENTATION_CONTEXT() REPRESENTATION_CONTEXT('2D SPACE',''
  ) );
#5856 = PCURVE('',#4697,#5857);
#5857 = DEFINITIONAL_REPRESENTATION('',(#5858),#5862);
#5858 = LINE('',#5859,#5860);
#5859 = CARTESIAN_POINT('',(0.,0.));
#5860 = VECTOR('',#5861,1.);
#5861 = DIRECTION('',(0.,1.));
#5862 = ( GEOMETRIC_REPRESENTATION_CONTEXT(2) 
PARAMETRIC_REPRESENTATION_CONTEXT() REPRESENTATION_CONTEXT('2D SPACE',''
  ) );
#5863 = ADVANCED_FACE('',(#5864),#4697,.F.);
#5864 = FACE_BOUND('',#5865,.F.);
#5865 = EDGE_LOOP('',(#5866,#5867,#5868,#5892,#5982));
#5866 = ORIENTED_EDGE('',*,*,#5842,.F.);
#5867 = ORIENTED_EDGE('',*,*,#4665,.T.);
#5868 = ORIENTED_EDGE('',*,*,#5869,.T.);
#5869 = EDGE_CURVE('',#4582,#5870,#5872,.T.);
#5870 = VERTEX_POINT('',#5871);
#5871 = CARTESIAN_POINT('',(41.640348523929,0.849803031101,80.7));
#5872 = SURFACE_CURVE('',#5873,(#5878,#5885),.PCURVE_S1.);
#5873 = ( BOUNDED_CURVE() B_SPLINE_CURVE(3,(#5874,#5875,#5876,#5877),
.UNSPECIFIED.,.F.,.F.) B_SPLINE_CURVE_WITH_KNOTS((4,4),(0.,1.),
.PIECEWISE_BEZIER_KNOTS.) CURVE() GEOMETRIC_REPRESENTATION_ITEM() 
RATIONAL_B_SPLINE_CURVE((1.,1.,1.,1.)) REPRESENTATION_ITEM('') );
#5874 = CARTESIAN_POINT('',(37.792130737918,0.771267974243,0.));
#5875 = CARTESIAN_POINT('',(-22.76359050955,-0.464563071624,3.));
#5876 = CARTESIAN_POINT('',(67.714857463656,1.381935866605,90.));
#5877 = CARTESIAN_POINT('',(36.75,0.75,99.));
#5878 = PCURVE('',#4697,#5879);
#5879 = DEFINITIONAL_REPRESENTATION('',(#5880),#5884);
#5880 = LINE('',#5881,#5882);
#5881 = CARTESIAN_POINT('',(1.,0.));
#5882 = VECTOR('',#5883,1.);
#5883 = DIRECTION('',(0.,1.));
#5884 = ( GEOMETRIC_REPRESENTATION_CONTEXT(2) 
PARAMETRIC_REPRESENTATION_CONTEXT() REPRESENTATION_CONTEXT('2D SPACE',''
  ) );
#5885 = PCURVE('',#4613,#5886);
#5886 = DEFINITIONAL_REPRESENTATION('',(#5887),#5891);
#5887 = LINE('',#5888,#5889);
#5888 = CARTESIAN_POINT('',(1.,0.));
#5889 = VECTOR('',#5890,1.);
#5890 = DIRECTION('',(0.,1.));
#5891 = ( GEOMETRIC_REPRESENTATION_CONTEXT(2) 
PARAMETRIC_REPRESENTATION_CONTEXT() REPRESENTATION_CONTEXT('2D SPACE',''
  ) );
#5892 = ORIENTED_EDGE('',*,*,#5893,.T.);
#5893 = EDGE_CURVE('',#5870,#5442,#5894,.T.);
#5894 = SURFACE_CURVE('',#5895,(#5922,#5952),.PCURVE_S1.);
#5895 = B_SPLINE_CURVE_WITH_KNOTS('',5,(#5896,#5897,#5898,#5899,#5900,
    #5901,#5902,#5903,#5904,#5905,#5906,#5907,#5908,#5909,#5910,#5911,
    #5912,#5913,#5914,#5915,#5916,#5917,#5918,#5919,#5920,#5921),
  .UNSPECIFIED.,.F.,.F.,(6,4,4,4,4,4,6),(0.,0.129880575794,
    0.230451008735,0.501040005407,0.770581142393,0.87112634065,1.),
  .UNSPECIFIED.);
#5896 = CARTESIAN_POINT('',(41.640348523929,0.849803031101,80.7));
#5897 = CARTESIAN_POINT('',(41.667597885306,0.812909951332,80.7));
#5898 = CARTESIAN_POINT('',(41.693447393029,0.774842059614,80.7));
#5899 = CARTESIAN_POINT('',(41.717804726956,0.735667057471,80.7));
#5900 = CARTESIAN_POINT('',(41.740587800059,0.695464802362,80.7));
#5901 = CARTESIAN_POINT('',(41.778091740488,0.622473309319,80.7));
#5902 = CARTESIAN_POINT('',(41.793471852513,0.590058297179,80.7));
#5903 = CARTESIAN_POINT('',(41.807831853498,0.557124778892,80.7));
#5904 = CARTESIAN_POINT('',(41.821142733378,0.523718305995,80.7));
#5905 = CARTESIAN_POINT('',(41.866303823505,0.398864191677,80.7));
#5906 = CARTESIAN_POINT('',(41.891455985063,0.304761374478,80.7));
#5907 = CARTESIAN_POINT('',(41.908349222788,0.208541811779,80.7));
#5908 = CARTESIAN_POINT('',(41.916740367797,0.111249909416,80.7));
#5909 = CARTESIAN_POINT('',(41.916518955874,-8.292067397766E-02,80.7));
#5910 = CARTESIAN_POINT('',(41.907972112687,-0.179813986481,80.7));
#5911 = CARTESIAN_POINT('',(41.890991897272,-0.275625811382,80.7));
#5912 = CARTESIAN_POINT('',(41.865820670002,-0.369324245948,80.7));
#5913 = CARTESIAN_POINT('',(41.820676109398,-0.49376674148,80.7));
#5914 = CARTESIAN_POINT('',(41.807338335055,-0.527149946441,80.7));
#5915 = CARTESIAN_POINT('',(41.792952502975,-0.560059231615,80.7));
#5916 = CARTESIAN_POINT('',(41.77754766709,-0.592449105717,80.7));
#5917 = CARTESIAN_POINT('',(41.74014853831,-0.665072643426,80.7));
#5918 = CARTESIAN_POINT('',(41.717520353574,-0.704945517391,80.7));
#5919 = CARTESIAN_POINT('',(41.693342886547,-0.743805939299,80.7));
#5920 = CARTESIAN_POINT('',(41.667696398334,-0.781575897862,80.7));
#5921 = CARTESIAN_POINT('',(41.640671080675,-0.818189178856,80.7));
#5922 = PCURVE('',#4697,#5923);
#5923 = DEFINITIONAL_REPRESENTATION('',(#5924),#5951);
#5924 = B_SPLINE_CURVE_WITH_KNOTS('',5,(#5925,#5926,#5927,#5928,#5929,
    #5930,#5931,#5932,#5933,#5934,#5935,#5936,#5937,#5938,#5939,#5940,
    #5941,#5942,#5943,#5944,#5945,#5946,#5947,#5948,#5949,#5950),
  .UNSPECIFIED.,.F.,.F.,(6,4,4,4,4,4,6),(0.,0.129880575794,
    0.230451008735,0.501040005407,0.770581142393,0.87112634065,1.),
  .UNSPECIFIED.);
#5925 = CARTESIAN_POINT('',(1.,0.754808530097));
#5926 = CARTESIAN_POINT('',(0.973049930182,0.754808530097));
#5927 = CARTESIAN_POINT('',(0.946292141247,0.754808530097));
#5928 = CARTESIAN_POINT('',(0.919709357045,0.754808530097));
#5929 = CARTESIAN_POINT('',(0.893284361778,0.754808530097));
#5930 = CARTESIAN_POINT('',(0.846647228791,0.754808530097));
#5931 = CARTESIAN_POINT('',(0.826378747145,0.754808530097));
#5932 = CARTESIAN_POINT('',(0.806186603317,0.754808530097));
#5933 = CARTESIAN_POINT('',(0.786062941136,0.754808530097));
#5934 = CARTESIAN_POINT('',(0.712019809664,0.754808530097));
#5935 = CARTESIAN_POINT('',(0.658475140496,0.754808530097));
#5936 = CARTESIAN_POINT('',(0.605226143485,0.754808530097));
#5937 = CARTESIAN_POINT('',(0.552112141795,0.754808530097));
#5938 = CARTESIAN_POINT('',(0.446093535719,0.754808530097));
#5939 = CARTESIAN_POINT('',(0.393180780819,0.754808530097));
#5940 = CARTESIAN_POINT('',(0.340130076293,0.754808530097));
#5941 = CARTESIAN_POINT('',(0.286782612834,0.754808530097));
#5942 = CARTESIAN_POINT('',(0.212937817542,0.754808530097));
#5943 = CARTESIAN_POINT('',(0.192814533516,0.754808530097));
#5944 = CARTESIAN_POINT('',(0.172622388558,0.754808530097));
#5945 = CARTESIAN_POINT('',(0.152353527626,0.754808530097));
#5946 = CARTESIAN_POINT('',(0.10591189603,0.754808530097));
#5947 = CARTESIAN_POINT('',(7.968464252233E-02,0.754808530097));
#5948 = CARTESIAN_POINT('',(5.330146984954E-02,0.754808530097));
#5949 = CARTESIAN_POINT('',(2.674555068463E-02,0.754808530097));
#5950 = CARTESIAN_POINT('',(0.,0.754808530097));
#5951 = ( GEOMETRIC_REPRESENTATION_CONTEXT(2) 
PARAMETRIC_REPRESENTATION_CONTEXT() REPRESENTATION_CONTEXT('2D SPACE',''
  ) );
#5952 = PCURVE('',#5254,#5953);
#5953 = DEFINITIONAL_REPRESENTATION('',(#5954),#5981);
#5954 = B_SPLINE_CURVE_WITH_KNOTS('',5,(#5955,#5956,#5957,#5958,#5959,
    #5960,#5961,#5962,#5963,#5964,#5965,#5966,#5967,#5968,#5969,#5970,
    #5971,#5972,#5973,#5974,#5975,#5976,#5977,#5978,#5979,#5980),
  .UNSPECIFIED.,.F.,.F.,(6,4,4,4,4,4,6),(0.,0.129880575794,
    0.230451008735,0.501040005407,0.770581142393,0.87112634065,1.),
  .UNSPECIFIED.);
#5955 = CARTESIAN_POINT('',(41.640348523929,0.849803031101));
#5956 = CARTESIAN_POINT('',(41.667597885306,0.812909951332));
#5957 = CARTESIAN_POINT('',(41.693447393029,0.774842059614));
#5958 = CARTESIAN_POINT('',(41.717804726956,0.735667057471));
#5959 = CARTESIAN_POINT('',(41.740587800059,0.695464802362));
#5960 = CARTESIAN_POINT('',(41.778091740488,0.622473309319));
#5961 = CARTESIAN_POINT('',(41.793471852513,0.590058297179));
#5962 = CARTESIAN_POINT('',(41.807831853498,0.557124778892));
#5963 = CARTESIAN_POINT('',(41.821142733378,0.523718305995));
#5964 = CARTESIAN_POINT('',(41.866303823505,0.398864191677));
#5965 = CARTESIAN_POINT('',(41.891455985063,0.304761374478));
#5966 = CARTESIAN_POINT('',(41.908349222788,0.208541811779));
#5967 = CARTESIAN_POINT('',(41.916740367797,0.111249909416));
#5968 = CARTESIAN_POINT('',(41.916518955874,-8.292067397766E-02));
#5969 = CARTESIAN_POINT('',(41.907972112687,-0.179813986481));
#5970 = CARTESIAN_POINT('',(41.890991897272,-0.275625811382));
#5971 = CARTESIAN_POINT('',(41.865820670002,-0.369324245948));
#5972 = CARTESIAN_POINT('',(41.820676109398,-0.49376674148));
#5973 = CARTESIAN_POINT('',(41.807338335055,-0.527149946441));
#5974 = CARTESIAN_POINT('',(41.792952502975,-0.560059231615));
#5975 = CARTESIAN_POINT('',(41.77754766709,-0.592449105717));
#5976 = CARTESIAN_POINT('',(41.74014853831,-0.665072643426));
#5977 = CARTESIAN_POINT('',(41.717520353574,-0.704945517391));
#5978 = CARTESIAN_POINT('',(41.693342886547,-0.743805939299));
#5979 = CARTESIAN_POINT('',(41.667696398334,-0.781575897862));
#5980 = CARTESIAN_POINT('',(41.640671080675,-0.818189178856));
#5981 = ( GEOMETRIC_REPRESENTATION_CONTEXT(2) 
PARAMETRIC_REPRESENTATION_CONTEXT() REPRESENTATION_CONTEXT('2D SPACE',''
  ) );
#5982 = ORIENTED_EDGE('',*,*,#5462,.T.);
#5983 = ADVANCED_FACE('',(#5984),#4613,.F.);
#5984 = FACE_BOUND('',#5985,.F.);
#5985 = EDGE_LOOP('',(#5986,#5987,#5988,#6012,#6056,#6125,#6276));
#5986 = ORIENTED_EDGE('',*,*,#5869,.F.);
#5987 = ORIENTED_EDGE('',*,*,#4581,.T.);
#5988 = ORIENTED_EDGE('',*,*,#5989,.T.);
#5989 = EDGE_CURVE('',#4498,#5990,#5992,.T.);
#5990 = VERTEX_POINT('',#5991);
#5991 = CARTESIAN_POINT('',(15.321428571426,0.75,99.));
#5992 = SURFACE_CURVE('',#5993,(#5998,#6005),.PCURVE_S1.);
#5993 = ( BOUNDED_CURVE() B_SPLINE_CURVE(3,(#5994,#5995,#5996,#5997),
.UNSPECIFIED.,.F.,.F.) B_SPLINE_CURVE_WITH_KNOTS((4,4),(0.,1.),
.PIECEWISE_BEZIER_KNOTS.) CURVE() GEOMETRIC_REPRESENTATION_ITEM() 
RATIONAL_B_SPLINE_CURVE((1.,1.,1.,1.)) REPRESENTATION_ITEM('') );
#5994 = CARTESIAN_POINT('',(37.754792949667,1.848136717816,0.));
#5995 = CARTESIAN_POINT('',(-27.66329792882,-1.354147451061,3.));
#5996 = CARTESIAN_POINT('',(80.908630504323,3.960562332379,90.));
#5997 = CARTESIAN_POINT('',(15.321428571426,0.75,99.));
#5998 = PCURVE('',#4613,#5999);
#5999 = DEFINITIONAL_REPRESENTATION('',(#6000),#6004);
#6000 = LINE('',#6001,#6002);
#6001 = CARTESIAN_POINT('',(2.,0.));
#6002 = VECTOR('',#6003,1.);
#6003 = DIRECTION('',(0.,1.));
#6004 = ( GEOMETRIC_REPRESENTATION_CONTEXT(2) 
PARAMETRIC_REPRESENTATION_CONTEXT() REPRESENTATION_CONTEXT('2D SPACE',''
  ) );
#6005 = PCURVE('',#4529,#6006);
#6006 = DEFINITIONAL_REPRESENTATION('',(#6007),#6011);
#6007 = LINE('',#6008,#6009);
#6008 = CARTESIAN_POINT('',(2.,0.));
#6009 = VECTOR('',#6010,1.);
#6010 = DIRECTION('',(0.,1.));
#6011 = ( GEOMETRIC_REPRESENTATION_CONTEXT(2) 
PARAMETRIC_REPRESENTATION_CONTEXT() REPRESENTATION_CONTEXT('2D SPACE',''
  ) );
#6012 = ORIENTED_EDGE('',*,*,#6013,.F.);
#6013 = EDGE_CURVE('',#6014,#5990,#6016,.T.);
#6014 = VERTEX_POINT('',#6015);
#6015 = CARTESIAN_POINT('',(36.75,0.75,99.));
#6016 = SURFACE_CURVE('',#6017,(#6029,#6036),.PCURVE_S1.);
#6017 = B_SPLINE_CURVE_WITH_KNOTS('',10,(#6018,#6019,#6020,#6021,#6022,
    #6023,#6024,#6025,#6026,#6027,#6028),.UNSPECIFIED.,.F.,.F.,(11,11),(
    1.,2.),.PIECEWISE_BEZIER_KNOTS.);
#6018 = CARTESIAN_POINT('',(36.75,0.75,99.));
#6019 = CARTESIAN_POINT('',(34.607142857143,0.75,99.));
#6020 = CARTESIAN_POINT('',(32.464285714285,0.75,99.));
#6021 = CARTESIAN_POINT('',(30.321428571428,0.75,99.));
#6022 = CARTESIAN_POINT('',(28.178571428571,0.75,99.));
#6023 = CARTESIAN_POINT('',(26.035714285713,0.75,99.));
#6024 = CARTESIAN_POINT('',(23.892857142856,0.75,99.));
#6025 = CARTESIAN_POINT('',(21.749999999999,0.75,99.));
#6026 = CARTESIAN_POINT('',(19.607142857141,0.75,99.));
#6027 = CARTESIAN_POINT('',(17.464285714284,0.75,99.));
#6028 = CARTESIAN_POINT('',(15.321428571426,0.75,99.));
#6029 = PCURVE('',#4613,#6030);
#6030 = DEFINITIONAL_REPRESENTATION('',(#6031),#6035);
#6031 = LINE('',#6032,#6033);
#6032 = CARTESIAN_POINT('',(0.,1.));
#6033 = VECTOR('',#6034,1.);
#6034 = DIRECTION('',(1.,0.));
#6035 = ( GEOMETRIC_REPRESENTATION_CONTEXT(2) 
PARAMETRIC_REPRESENTATION_CONTEXT() REPRESENTATION_CONTEXT('2D SPACE',''
  ) );
#6036 = PCURVE('',#6037,#6042);
#6037 = PLANE('',#6038);
#6038 = AXIS2_PLACEMENT_3D('',#6039,#6040,#6041);
#6039 = CARTESIAN_POINT('',(-36.75,0.75,99.));
#6040 = DIRECTION('',(0.,1.,0.));
#6041 = DIRECTION('',(1.,0.,0.));
#6042 = DEFINITIONAL_REPRESENTATION('',(#6043),#6055);
#6043 = B_SPLINE_CURVE_WITH_KNOTS('',10,(#6044,#6045,#6046,#6047,#6048,
    #6049,#6050,#6051,#6052,#6053,#6054),.UNSPECIFIED.,.F.,.F.,(11,11),(
    1.,2.),.PIECEWISE_BEZIER_KNOTS.);
#6044 = CARTESIAN_POINT('',(73.5,0.));
#6045 = CARTESIAN_POINT('',(71.357142857143,0.));
#6046 = CARTESIAN_POINT('',(69.214285714285,0.));
#6047 = CARTESIAN_POINT('',(67.071428571428,0.));
#6048 = CARTESIAN_POINT('',(64.928571428571,0.));
#6049 = CARTESIAN_POINT('',(62.785714285713,0.));
#6050 = CARTESIAN_POINT('',(60.642857142856,0.));
#6051 = CARTESIAN_POINT('',(58.499999999999,0.));
#6052 = CARTESIAN_POINT('',(56.357142857141,0.));
#6053 = CARTESIAN_POINT('',(54.214285714284,0.));
#6054 = CARTESIAN_POINT('',(52.071428571426,0.));
#6055 = ( GEOMETRIC_REPRESENTATION_CONTEXT(2) 
PARAMETRIC_REPRESENTATION_CONTEXT() REPRESENTATION_CONTEXT('2D SPACE',''
  ) );
#6056 = ORIENTED_EDGE('',*,*,#6057,.F.);
#6057 = EDGE_CURVE('',#6058,#6014,#6060,.T.);
#6058 = VERTEX_POINT('',#6059);
#6059 = CARTESIAN_POINT('',(39.741724783922,0.811055607835,
    97.662934369644));
#6060 = SURFACE_CURVE('',#6061,(#6066,#6073),.PCURVE_S1.);
#6061 = ( BOUNDED_CURVE() B_SPLINE_CURVE(3,(#6062,#6063,#6064,#6065),
.UNSPECIFIED.,.F.,.F.) B_SPLINE_CURVE_WITH_KNOTS((4,4),(0.,1.),
.PIECEWISE_BEZIER_KNOTS.) CURVE() GEOMETRIC_REPRESENTATION_ITEM() 
RATIONAL_B_SPLINE_CURVE((1.,1.,1.,1.)) REPRESENTATION_ITEM('') );
#6062 = CARTESIAN_POINT('',(37.792130737918,0.771267974243,0.));
#6063 = CARTESIAN_POINT('',(-22.76359050955,-0.464563071624,3.));
#6064 = CARTESIAN_POINT('',(67.714857463656,1.381935866605,90.));
#6065 = CARTESIAN_POINT('',(36.75,0.75,99.));
#6066 = PCURVE('',#4613,#6067);
#6067 = DEFINITIONAL_REPRESENTATION('',(#6068),#6072);
#6068 = LINE('',#6069,#6070);
#6069 = CARTESIAN_POINT('',(1.,0.));
#6070 = VECTOR('',#6071,1.);
#6071 = DIRECTION('',(0.,1.));
#6072 = ( GEOMETRIC_REPRESENTATION_CONTEXT(2) 
PARAMETRIC_REPRESENTATION_CONTEXT() REPRESENTATION_CONTEXT('2D SPACE',''
  ) );
#6073 = PCURVE('',#6074,#6119);
#6074 = ( BOUNDED_SURFACE() B_SPLINE_SURFACE(10,3,(
    (#6075,#6076,#6077,#6078)
    ,(#6079,#6080,#6081,#6082)
    ,(#6083,#6084,#6085,#6086)
    ,(#6087,#6088,#6089,#6090)
    ,(#6091,#6092,#6093,#6094)
    ,(#6095,#6096,#6097,#6098)
    ,(#6099,#6100,#6101,#6102)
    ,(#6103,#6104,#6105,#6106)
    ,(#6107,#6108,#6109,#6110)
    ,(#6111,#6112,#6113,#6114)
    ,(#6115,#6116,#6117,#6118
)),.UNSPECIFIED.,.F.,.F.,.F.) B_SPLINE_SURFACE_WITH_KNOTS((11,11),(4,4),
  (0.,1.),(0.,1.),.PIECEWISE_BEZIER_KNOTS.) 
GEOMETRIC_REPRESENTATION_ITEM() RATIONAL_B_SPLINE_SURFACE((
    (1.,1.,1.,1.)
    ,(1.,1.,1.,1.)
    ,(1.,1.,1.,1.)
    ,(1.,1.,1.,1.)
    ,(1.,1.,1.,1.)
    ,(1.,1.,1.,1.)
    ,(1.,1.,1.,1.)
    ,(1.,1.,1.,1.)
    ,(1.,1.,1.,1.)
    ,(1.,1.,1.,1.)
,(1.,1.,1.,1.))) REPRESENTATION_ITEM('') SURFACE() );
#6075 = CARTESIAN_POINT('',(37.8,5.551115123126E-17,0.));
#6076 = CARTESIAN_POINT('',(-22.77014822795,-0.178160240246,3.));
#6077 = CARTESIAN_POINT('',(67.717480551016,-1.124846541857,90.));
#6078 = CARTESIAN_POINT('',(36.75,-0.75,99.));
#6079 = CARTESIAN_POINT('',(37.8,7.713214999511E-02,0.));
#6080 = CARTESIAN_POINT('',(-22.78177743475,-0.241395425488,3.));
#6081 = CARTESIAN_POINT('',(67.720589771074,-0.780365096084,90.));
#6082 = CARTESIAN_POINT('',(36.985619449019,-0.75,99.));
#6083 = CARTESIAN_POINT('',(37.799825115374,0.154264299941,0.));
#6084 = CARTESIAN_POINT('',(-22.77478672913,-0.287345616535,3.));
#6085 = CARTESIAN_POINT('',(67.682447955627,-0.483908410279,90.));
#6086 = CARTESIAN_POINT('',(37.221241071558,-0.667753520049,99.));
#6087 = CARTESIAN_POINT('',(37.799475350672,0.231396003808,0.));
#6088 = CARTESIAN_POINT('',(-22.75879059289,-0.313655312351,3.));
#6089 = CARTESIAN_POINT('',(67.627666036766,-0.240250475186,90.));
#6090 = CARTESIAN_POINT('',(37.424550431438,-0.503258522416,99.));
#6091 = CARTESIAN_POINT('',(37.798950710446,0.308526815567,0.));
#6092 = CARTESIAN_POINT('',(-22.74368699729,-0.322651831083,3.));
#6093 = CARTESIAN_POINT('',(67.581410946952,-4.238187300455E-02,90.));
#6094 = CARTESIAN_POINT('',(37.563305417225,-0.271019590411,99.));
#6095 = CARTESIAN_POINT('',(37.798251199246,0.38565628919,0.));
#6096 = CARTESIAN_POINT('',(-22.73723230006,-0.321380240992,3.));
#6097 = CARTESIAN_POINT('',(67.563331374798,0.128552096397,90.));
#6098 = CARTESIAN_POINT('',(37.612680472819,3.869127240819E-15,99.));
#6099 = CARTESIAN_POINT('',(37.797376821623,0.462783978648,0.));
#6100 = CARTESIAN_POINT('',(-22.74237542327,-0.320107164096,3.));
#6101 = CARTESIAN_POINT('',(67.580886317342,0.299485471076,90.));
#6102 = CARTESIAN_POINT('',(37.563305417228,0.271019590411,99.));
#6103 = CARTESIAN_POINT('',(37.796327582128,0.539909437911,0.));
#6104 = CARTESIAN_POINT('',(-22.75616745244,-0.329099222415,3.));
#6105 = CARTESIAN_POINT('',(67.626616780587,0.497352289092,90.));
#6106 = CARTESIAN_POINT('',(37.424550431434,0.503258522416,99.));
#6107 = CARTESIAN_POINT('',(37.795103485311,0.617032220951,0.));
#6108 = CARTESIAN_POINT('',(-22.77085203741,-0.355401484208,3.));
#6109 = CARTESIAN_POINT('',(67.680874078938,0.741007250576,90.));
#6110 = CARTESIAN_POINT('',(37.22124107156,0.667753520049,99.));
#6111 = CARTESIAN_POINT('',(37.793704535725,0.694151881738,0.));
#6112 = CARTESIAN_POINT('',(-22.77653121453,-0.401341267623,3.));
#6113 = CARTESIAN_POINT('',(67.718491282983,1.037459773328,90.));
#6114 = CARTESIAN_POINT('',(36.985619449019,0.75,99.));
#6115 = CARTESIAN_POINT('',(37.792130737918,0.771267974243,0.));
#6116 = CARTESIAN_POINT('',(-22.76359050955,-0.464563071624,3.));
#6117 = CARTESIAN_POINT('',(67.714857463656,1.381935866605,90.));
#6118 = CARTESIAN_POINT('',(36.75,0.75,99.));
#6119 = DEFINITIONAL_REPRESENTATION('',(#6120),#6124);
#6120 = LINE('',#6121,#6122);
#6121 = CARTESIAN_POINT('',(1.,0.));
#6122 = VECTOR('',#6123,1.);
#6123 = DIRECTION('',(0.,1.));
#6124 = ( GEOMETRIC_REPRESENTATION_CONTEXT(2) 
PARAMETRIC_REPRESENTATION_CONTEXT() REPRESENTATION_CONTEXT('2D SPACE',''
  ) );
#6125 = ORIENTED_EDGE('',*,*,#6126,.T.);
#6126 = EDGE_CURVE('',#6058,#6127,#6129,.T.);
#6127 = VERTEX_POINT('',#6128);
#6128 = CARTESIAN_POINT('',(39.719751111228,1.550442408501,80.7));
#6129 = SURFACE_CURVE('',#6130,(#6175,#6223),.PCURVE_S1.);
#6130 = B_SPLINE_CURVE_WITH_KNOTS('',8,(#6131,#6132,#6133,#6134,#6135,
    #6136,#6137,#6138,#6139,#6140,#6141,#6142,#6143,#6144,#6145,#6146,
    #6147,#6148,#6149,#6150,#6151,#6152,#6153,#6154,#6155,#6156,#6157,
    #6158,#6159,#6160,#6161,#6162,#6163,#6164,#6165,#6166,#6167,#6168,
    #6169,#6170,#6171,#6172,#6173,#6174),.UNSPECIFIED.,.F.,.F.,(9,7,7,7,
    7,7,9),(0.,8.429914454242E-02,0.154554880657,0.382580742372,
    0.554272563329,0.940599274483,1.),.UNSPECIFIED.);
#6131 = CARTESIAN_POINT('',(39.741724783922,0.811055607835,
    97.662934369644));
#6132 = CARTESIAN_POINT('',(39.741452800216,0.824382809442,
    97.484559399747));
#6133 = CARTESIAN_POINT('',(39.741158662873,0.838545125671,
    97.306187130397));
#6134 = CARTESIAN_POINT('',(39.740845826133,0.853318506468,
    97.127815651472));
#6135 = CARTESIAN_POINT('',(39.740516698484,0.868548687958,
    96.949443750324));
#6136 = CARTESIAN_POINT('',(39.740173126445,0.884122327567,
    96.771070283804));
#6137 = CARTESIAN_POINT('',(39.739816694786,0.899948512249,
    96.592693767231));
#6138 = CARTESIAN_POINT('',(39.739448843176,0.915950639796,
    96.414312180309));
#6139 = CARTESIAN_POINT('',(39.738755733737,0.945501600859,
    96.087251684394));
#6140 = CARTESIAN_POINT('',(39.738433596516,0.959014622292,
    95.938575810454));
#6141 = CARTESIAN_POINT('',(39.738105111483,0.972572366552,
    95.789894494906));
#6142 = CARTESIAN_POINT('',(39.737770945195,0.986144927663,
    95.641206999459));
#6143 = CARTESIAN_POINT('',(39.737431716577,0.999706967418,
    95.492512694452));
#6144 = CARTESIAN_POINT('',(39.737088006611,1.013236818118,
    95.343811032497));
#6145 = CARTESIAN_POINT('',(39.736740368028,1.026715585315,
    95.195101522124));
#6146 = CARTESIAN_POINT('',(39.735250003008,1.083652639476,
    94.563697004336));
#6147 = CARTESIAN_POINT('',(39.734074907797,1.126462044337,
    94.080923376534));
#6148 = CARTESIAN_POINT('',(39.732882160633,1.167983471657,
    93.598048274448));
#6149 = CARTESIAN_POINT('',(39.731687337956,1.207889076102,
    93.115065619633));
#6150 = CARTESIAN_POINT('',(39.730504388821,1.245957842745,
    92.63197378299));
#6151 = CARTESIAN_POINT('',(39.729345650525,1.282034399082,
    92.148774350798));
#6152 = CARTESIAN_POINT('',(39.728221678228,1.316023138077,
    91.665471894975));
#6153 = CARTESIAN_POINT('',(39.726328346455,1.371827732287,
    90.818098282868));
#6154 = CARTESIAN_POINT('',(39.725539971916,1.394576546273,
    90.454068320836));
#6155 = CARTESIAN_POINT('',(39.724780370285,1.416077022163,
    90.089985473578));
#6156 = CARTESIAN_POINT('',(39.724052927198,1.436312554291,
    89.725852464716));
#6157 = CARTESIAN_POINT('',(39.723360582573,1.455274373073,
    89.36167228112));
#6158 = CARTESIAN_POINT('',(39.722705898765,1.472958733473,
    88.997448102199));
#6159 = CARTESIAN_POINT('',(39.722091128721,1.489364103453,
    88.633183229197));
#6160 = CARTESIAN_POINT('',(39.720229316728,1.538519684491,
    87.449158352727));
#6161 = CARTESIAN_POINT('',(39.719152707591,1.566062965762,
    86.629287524423));
#6162 = CARTESIAN_POINT('',(39.718311479151,1.587100881684,
    85.809261131413));
#6163 = CARTESIAN_POINT('',(39.717723229539,1.601592006445,
    84.989099681555));
#6164 = CARTESIAN_POINT('',(39.717406416101,1.609356014971,
    84.168850125918));
#6165 = CARTESIAN_POINT('',(39.717388460313,1.609798056083,
    83.348585565215));
#6166 = CARTESIAN_POINT('',(39.717719670871,1.601755142798,
    82.528403750685));
#6167 = CARTESIAN_POINT('',(39.718609557458,1.579418784554,
    81.582346008562));
#6168 = CARTESIAN_POINT('',(39.718738553308,1.576174555454,
    81.45627335193));
#6169 = CARTESIAN_POINT('',(39.718878282385,1.572652481239,
    81.330206918139));
#6170 = CARTESIAN_POINT('',(39.719029096979,1.568841338489,
    81.204147488119));
#6171 = CARTESIAN_POINT('',(39.719191373084,1.564728862159,
    81.07809595466));
#6172 = CARTESIAN_POINT('',(39.719365511649,1.560301613548,
    80.952053325299));
#6173 = CARTESIAN_POINT('',(39.719551939817,1.555544848266,
    80.826020725193));
#6174 = CARTESIAN_POINT('',(39.719751112177,1.550442384208,80.6999994));
#6175 = PCURVE('',#4613,#6176);
#6176 = DEFINITIONAL_REPRESENTATION('',(#6177),#6222);
#6177 = B_SPLINE_CURVE_WITH_KNOTS('',8,(#6178,#6179,#6180,#6181,#6182,
    #6183,#6184,#6185,#6186,#6187,#6188,#6189,#6190,#6191,#6192,#6193,
    #6194,#6195,#6196,#6197,#6198,#6199,#6200,#6201,#6202,#6203,#6204,
    #6205,#6206,#6207,#6208,#6209,#6210,#6211,#6212,#6213,#6214,#6215,
    #6216,#6217,#6218,#6219,#6220,#6221),.UNSPECIFIED.,.F.,.F.,(9,7,7,7,
    7,7,9),(0.,8.429914454242E-02,0.154554880657,0.382580742372,
    0.554272563329,0.940599274483,1.),.UNSPECIFIED.);
#6178 = CARTESIAN_POINT('',(1.,0.962407805286));
#6179 = CARTESIAN_POINT('',(1.015468833766,0.95834518131));
#6180 = CARTESIAN_POINT('',(1.030305959865,0.954467912055));
#6181 = CARTESIAN_POINT('',(1.044610583739,0.950744419032));
#6182 = CARTESIAN_POINT('',(1.058450103613,0.947153035267));
#6183 = CARTESIAN_POINT('',(1.071873363864,0.943677876564));
#6184 = CARTESIAN_POINT('',(1.084919141156,0.940306196766));
#6185 = CARTESIAN_POINT('',(1.097619863317,0.937027227011));
#6186 = CARTESIAN_POINT('',(1.120318756154,0.931169981195));
#6187 = CARTESIAN_POINT('',(1.130414780411,0.928565938722));
#6188 = CARTESIAN_POINT('',(1.140303342248,0.92601539933));
#6189 = CARTESIAN_POINT('',(1.149996698804,0.92351415149));
#6190 = CARTESIAN_POINT('',(1.159505066027,0.921058615906));
#6191 = CARTESIAN_POINT('',(1.16883702885,0.918645717071));
#6192 = CARTESIAN_POINT('',(1.177999951378,0.916272754812));
#6193 = CARTESIAN_POINT('',(1.216212693637,0.906357117527));
#6194 = CARTESIAN_POINT('',(1.2437130636,0.899171896256));
#6195 = CARTESIAN_POINT('',(1.269720450783,0.892299323345));
#6196 = CARTESIAN_POINT('',(1.294347284059,0.885689656745));
#6197 = CARTESIAN_POINT('',(1.317660985614,0.879306308502));
#6198 = CARTESIAN_POINT('',(1.339701258448,0.873120232731));
#6199 = CARTESIAN_POINT('',(1.360480555641,0.867109515737));
#6200 = CARTESIAN_POINT('',(1.39468863169,0.856847882842));
#6201 = CARTESIAN_POINT('',(1.408665150766,0.852529059814));
#6202 = CARTESIAN_POINT('',(1.421922516773,0.848291363065));
#6203 = CARTESIAN_POINT('',(1.434453048418,0.844128227369));
#6204 = CARTESIAN_POINT('',(1.446243858508,0.840034077553));
#6205 = CARTESIAN_POINT('',(1.457277144928,0.836004126064));
#6206 = CARTESIAN_POINT('',(1.467530481628,0.832034170526));
#6207 = CARTESIAN_POINT('',(1.498233129242,0.819313929554));
#6208 = CARTESIAN_POINT('',(1.515403181129,0.810792424141));
#6209 = CARTESIAN_POINT('',(1.528182453442,0.802512484939));
#6210 = CARTESIAN_POINT('',(1.536138097356,0.794443303561));
#6211 = CARTESIAN_POINT('',(1.538717739656,0.78656059846));
#6212 = CARTESIAN_POINT('',(1.535171250521,0.778845045558));
#6213 = CARTESIAN_POINT('',(1.524553164102,0.771280708721));
#6214 = CARTESIAN_POINT('',(1.502407806231,0.76271246978));
#6215 = CARTESIAN_POINT('',(1.499253828391,0.761573875443));
#6216 = CARTESIAN_POINT('',(1.495891644519,0.760438503512));
#6217 = CARTESIAN_POINT('',(1.492315481713,0.75930631018));
#6218 = CARTESIAN_POINT('',(1.488519220214,0.758177253904));
#6219 = CARTESIAN_POINT('',(1.484496347479,0.757051295347));
#6220 = CARTESIAN_POINT('',(1.480239912259,0.755928397327));
#6221 = CARTESIAN_POINT('',(1.475742478673,0.754808524765));
#6222 = ( GEOMETRIC_REPRESENTATION_CONTEXT(2) 
PARAMETRIC_REPRESENTATION_CONTEXT() REPRESENTATION_CONTEXT('2D SPACE',''
  ) );
#6223 = PCURVE('',#6224,#6229);
#6224 = CYLINDRICAL_SURFACE('',#6225,39.75);
#6225 = AXIS2_PLACEMENT_3D('',#6226,#6227,#6228);
#6226 = CARTESIAN_POINT('',(0.,0.,80.7));
#6227 = DIRECTION('',(-0.,-0.,-1.));
#6228 = DIRECTION('',(1.,0.,0.));
#6229 = DEFINITIONAL_REPRESENTATION('',(#6230),#6275);
#6230 = B_SPLINE_CURVE_WITH_KNOTS('',8,(#6231,#6232,#6233,#6234,#6235,
    #6236,#6237,#6238,#6239,#6240,#6241,#6242,#6243,#6244,#6245,#6246,
    #6247,#6248,#6249,#6250,#6251,#6252,#6253,#6254,#6255,#6256,#6257,
    #6258,#6259,#6260,#6261,#6262,#6263,#6264,#6265,#6266,#6267,#6268,
    #6269,#6270,#6271,#6272,#6273,#6274),.UNSPECIFIED.,.F.,.F.,(9,7,7,7,
    7,7,9),(0.,8.429914454242E-02,0.154554880657,0.382580742372,
    0.554272563329,0.940599274483,1.),.UNSPECIFIED.);
#6231 = CARTESIAN_POINT('',(-2.040533068654E-02,-16.96293436964));
#6232 = CARTESIAN_POINT('',(-2.074067601137E-02,-16.78455939974));
#6233 = CARTESIAN_POINT('',(-2.109703750695E-02,-16.60618713039));
#6234 = CARTESIAN_POINT('',(-2.146877815172E-02,-16.42781565147));
#6235 = CARTESIAN_POINT('',(-2.185201675294E-02,-16.24944375032));
#6236 = CARTESIAN_POINT('',(-2.224390167639E-02,-16.0710702838));
#6237 = CARTESIAN_POINT('',(-2.264214557709E-02,-15.89269376723));
#6238 = CARTESIAN_POINT('',(-2.304482113097E-02,-15.7143121803));
#6239 = CARTESIAN_POINT('',(-2.378844599357E-02,-15.38725168439));
#6240 = CARTESIAN_POINT('',(-2.412849277601E-02,-15.23857581045));
#6241 = CARTESIAN_POINT('',(-2.446966815545E-02,-15.0898944949));
#6242 = CARTESIAN_POINT('',(-2.481121965528E-02,-14.94120699945));
#6243 = CARTESIAN_POINT('',(-2.515250970786E-02,-14.79251269445));
#6244 = CARTESIAN_POINT('',(-2.549299308053E-02,-14.64381103249));
#6245 = CARTESIAN_POINT('',(-2.583219430164E-02,-14.49510152212));
#6246 = CARTESIAN_POINT('',(-2.726506364669E-02,-13.86369700433));
#6247 = CARTESIAN_POINT('',(-2.8342434589E-02,-13.38092337653));
#6248 = CARTESIAN_POINT('',(-2.938742830357E-02,-12.89804827444));
#6249 = CARTESIAN_POINT('',(-3.039179138562E-02,-12.41506561963));
#6250 = CARTESIAN_POINT('',(-3.134995738719E-02,-11.93197378299));
#6251 = CARTESIAN_POINT('',(-3.225801102702E-02,-11.44877435079));
#6252 = CARTESIAN_POINT('',(-3.311354073191E-02,-10.96547189497));
#6253 = CARTESIAN_POINT('',(-3.451823767134E-02,-10.11809828286));
#6254 = CARTESIAN_POINT('',(-3.509087829247E-02,-9.754068320836));
#6255 = CARTESIAN_POINT('',(-3.563210803123E-02,-9.389985473578));
#6256 = CARTESIAN_POINT('',(-3.614150667773E-02,-9.025852464716));
#6257 = CARTESIAN_POINT('',(-3.661885130702E-02,-8.66167228112));
#6258 = CARTESIAN_POINT('',(-3.706404555871E-02,-8.297448102199));
#6259 = CARTESIAN_POINT('',(-3.74770489166E-02,-7.933183229197));
#6260 = CARTESIAN_POINT('',(-3.871455400606E-02,-6.749158352727));
#6261 = CARTESIAN_POINT('',(-3.940799536874E-02,-5.929287524423));
#6262 = CARTESIAN_POINT('',(-3.993767385581E-02,-5.109261131414));
#6263 = CARTESIAN_POINT('',(-4.030253065862E-02,-4.289099681552));
#6264 = CARTESIAN_POINT('',(-4.049801428839E-02,-3.46885012592));
#6265 = CARTESIAN_POINT('',(-4.050914384519E-02,-2.648585565214));
#6266 = CARTESIAN_POINT('',(-4.030663508823E-02,-1.828403750685));
#6267 = CARTESIAN_POINT('',(-3.974426834916E-02,-0.882346008562));
#6268 = CARTESIAN_POINT('',(-3.966258803172E-02,-0.75627335193));
#6269 = CARTESIAN_POINT('',(-3.957391269094E-02,-0.630206918139));
#6270 = CARTESIAN_POINT('',(-3.947795984662E-02,-0.504147488119));
#6271 = CARTESIAN_POINT('',(-3.937442081042E-02,-0.37809595466));
#6272 = CARTESIAN_POINT('',(-3.926295736528E-02,-0.252053325299));
#6273 = CARTESIAN_POINT('',(-3.91431984448E-02,-0.126020725193));
#6274 = CARTESIAN_POINT('',(-3.901473681261E-02,5.999999999062E-07));
#6275 = ( GEOMETRIC_REPRESENTATION_CONTEXT(2) 
PARAMETRIC_REPRESENTATION_CONTEXT() REPRESENTATION_CONTEXT('2D SPACE',''
  ) );
#6276 = ORIENTED_EDGE('',*,*,#6277,.T.);
#6277 = EDGE_CURVE('',#6127,#5870,#6278,.T.);
#6278 = SURFACE_CURVE('',#6279,(#6298,#6320),.PCURVE_S1.);
#6279 = B_SPLINE_CURVE_WITH_KNOTS('',5,(#6280,#6281,#6282,#6283,#6284,
    #6285,#6286,#6287,#6288,#6289,#6290,#6291,#6292,#6293,#6294,#6295,
    #6296,#6297),.UNSPECIFIED.,.F.,.F.,(6,4,4,4,6),(0.,0.262376538977,
    0.519606231967,0.766974349945,1.),.UNSPECIFIED.);
#6280 = CARTESIAN_POINT('',(37.286890513832,1.825232402775,80.7));
#6281 = CARTESIAN_POINT('',(37.523779996634,1.828457994457,80.7));
#6282 = CARTESIAN_POINT('',(37.76076367599,1.824511707387,80.7));
#6283 = CARTESIAN_POINT('',(37.997537042223,1.813389846244,80.7));
#6284 = CARTESIAN_POINT('',(38.233793127332,1.795093975378,80.7));
#6285 = CARTESIAN_POINT('',(38.700030496659,1.744669177465,80.7));
#6286 = CARTESIAN_POINT('',(38.930043257077,1.712818714603,80.7));
#6287 = CARTESIAN_POINT('',(39.158966155343,1.674087776363,80.7));
#6288 = CARTESIAN_POINT('',(39.386497849289,1.628489774356,80.7));
#6289 = CARTESIAN_POINT('',(39.829498158493,1.525614128714,80.7));
#6290 = CARTESIAN_POINT('',(40.045094101314,1.468851430723,80.7));
#6291 = CARTESIAN_POINT('',(40.258837752657,1.405778249048,80.7));
#6292 = CARTESIAN_POINT('',(40.470438837284,1.336422387795,80.7));
#6293 = CARTESIAN_POINT('',(40.876617840378,1.18961192334,80.7));
#6294 = CARTESIAN_POINT('',(41.071470679772,1.112860283712,80.7));
#6295 = CARTESIAN_POINT('',(41.263894764716,1.03060593677,80.7));
#6296 = CARTESIAN_POINT('',(41.453617721086,0.942896190676,80.7));
#6297 = CARTESIAN_POINT('',(41.640348523929,0.849803031101,80.7));
#6298 = PCURVE('',#4613,#6299);
#6299 = DEFINITIONAL_REPRESENTATION('',(#6300),#6319);
#6300 = B_SPLINE_CURVE_WITH_KNOTS('',5,(#6301,#6302,#6303,#6304,#6305,
    #6306,#6307,#6308,#6309,#6310,#6311,#6312,#6313,#6314,#6315,#6316,
    #6317,#6318),.UNSPECIFIED.,.F.,.F.,(6,4,4,4,6),(0.,0.262376538977,
    0.519606231967,0.766974349945,1.),.UNSPECIFIED.);
#6301 = CARTESIAN_POINT('',(2.,0.754808530097));
#6302 = CARTESIAN_POINT('',(1.950183491922,0.754808530097));
#6303 = CARTESIAN_POINT('',(1.900352269254,0.754808530097));
#6304 = CARTESIAN_POINT('',(1.850429953044,0.754808530097));
#6305 = CARTESIAN_POINT('',(1.800340373939,0.754808530097));
#6306 = CARTESIAN_POINT('',(1.700647115844,0.754808530097));
#6307 = CARTESIAN_POINT('',(1.651053342973,0.754808530097));
#6308 = CARTESIAN_POINT('',(1.601139787492,0.754808530097));
#6309 = CARTESIAN_POINT('',(1.550822044806,0.754808530097));
#6310 = CARTESIAN_POINT('',(1.451126351591,0.754808530097));
#6311 = CARTESIAN_POINT('',(1.401786513708,0.754808530097));
#6312 = CARTESIAN_POINT('',(1.351891022846,0.754808530097));
#6313 = CARTESIAN_POINT('',(1.301338610463,0.754808530097));
#6314 = CARTESIAN_POINT('',(1.201638015546,0.754808530097));
#6315 = CARTESIAN_POINT('',(1.152578588704,0.754808530097));
#6316 = CARTESIAN_POINT('',(1.102712784348,0.754808530097));
#6317 = CARTESIAN_POINT('',(1.051911988306,0.754808530097));
#6318 = CARTESIAN_POINT('',(1.,0.754808530097));
#6319 = ( GEOMETRIC_REPRESENTATION_CONTEXT(2) 
PARAMETRIC_REPRESENTATION_CONTEXT() REPRESENTATION_CONTEXT('2D SPACE',''
  ) );
#6320 = PCURVE('',#5254,#6321);
#6321 = DEFINITIONAL_REPRESENTATION('',(#6322),#6341);
#6322 = B_SPLINE_CURVE_WITH_KNOTS('',5,(#6323,#6324,#6325,#6326,#6327,
    #6328,#6329,#6330,#6331,#6332,#6333,#6334,#6335,#6336,#6337,#6338,
    #6339,#6340),.UNSPECIFIED.,.F.,.F.,(6,4,4,4,6),(0.,0.262376538977,
    0.519606231967,0.766974349945,1.),.UNSPECIFIED.);
#6323 = CARTESIAN_POINT('',(37.286890513832,1.825232402775));
#6324 = CARTESIAN_POINT('',(37.523779996634,1.828457994457));
#6325 = CARTESIAN_POINT('',(37.76076367599,1.824511707387));
#6326 = CARTESIAN_POINT('',(37.997537042223,1.813389846244));
#6327 = CARTESIAN_POINT('',(38.233793127332,1.795093975378));
#6328 = CARTESIAN_POINT('',(38.700030496659,1.744669177465));
#6329 = CARTESIAN_POINT('',(38.930043257077,1.712818714603));
#6330 = CARTESIAN_POINT('',(39.158966155343,1.674087776363));
#6331 = CARTESIAN_POINT('',(39.386497849289,1.628489774356));
#6332 = CARTESIAN_POINT('',(39.829498158493,1.525614128714));
#6333 = CARTESIAN_POINT('',(40.045094101314,1.468851430723));
#6334 = CARTESIAN_POINT('',(40.258837752657,1.405778249048));
#6335 = CARTESIAN_POINT('',(40.470438837284,1.336422387795));
#6336 = CARTESIAN_POINT('',(40.876617840378,1.18961192334));
#6337 = CARTESIAN_POINT('',(41.071470679772,1.112860283712));
#6338 = CARTESIAN_POINT('',(41.263894764716,1.03060593677));
#6339 = CARTESIAN_POINT('',(41.453617721086,0.942896190676));
#6340 = CARTESIAN_POINT('',(41.640348523929,0.849803031101));
#6341 = ( GEOMETRIC_REPRESENTATION_CONTEXT(2) 
PARAMETRIC_REPRESENTATION_CONTEXT() REPRESENTATION_CONTEXT('2D SPACE',''
  ) );
#6342 = ADVANCED_FACE('',(#6343),#4529,.F.);
#6343 = FACE_BOUND('',#6344,.F.);
#6344 = EDGE_LOOP('',(#6345,#6346,#6370,#6407));
#6345 = ORIENTED_EDGE('',*,*,#4497,.T.);
#6346 = ORIENTED_EDGE('',*,*,#6347,.T.);
#6347 = EDGE_CURVE('',#4414,#6348,#6350,.T.);
#6348 = VERTEX_POINT('',#6349);
#6349 = CARTESIAN_POINT('',(1.4375,0.75,99.));
#6350 = SURFACE_CURVE('',#6351,(#6356,#6363),.PCURVE_S1.);
#6351 = ( BOUNDED_CURVE() B_SPLINE_CURVE(3,(#6352,#6353,#6354,#6355),
.UNSPECIFIED.,.F.,.F.) B_SPLINE_CURVE_WITH_KNOTS((4,4),(0.,1.),
.PIECEWISE_BEZIER_KNOTS.) CURVE() GEOMETRIC_REPRESENTATION_ITEM() 
RATIONAL_B_SPLINE_CURVE((1.,1.,1.,1.)) REPRESENTATION_ITEM('') );
#6352 = CARTESIAN_POINT('',(33.512907185054,17.484995053072,0.));
#6353 = CARTESIAN_POINT('',(2.020494012455,1.054170789107,3.));
#6354 = CARTESIAN_POINT('',(2.785552395018,1.453331684357,90.));
#6355 = CARTESIAN_POINT('',(1.4375,0.75,99.));
#6356 = PCURVE('',#4529,#6357);
#6357 = DEFINITIONAL_REPRESENTATION('',(#6358),#6362);
#6358 = LINE('',#6359,#6360);
#6359 = CARTESIAN_POINT('',(3.,0.));
#6360 = VECTOR('',#6361,1.);
#6361 = DIRECTION('',(0.,1.));
#6362 = ( GEOMETRIC_REPRESENTATION_CONTEXT(2) 
PARAMETRIC_REPRESENTATION_CONTEXT() REPRESENTATION_CONTEXT('2D SPACE',''
  ) );
#6363 = PCURVE('',#4445,#6364);
#6364 = DEFINITIONAL_REPRESENTATION('',(#6365),#6369);
#6365 = LINE('',#6366,#6367);
#6366 = CARTESIAN_POINT('',(3.,0.));
#6367 = VECTOR('',#6368,1.);
#6368 = DIRECTION('',(0.,1.));
#6369 = ( GEOMETRIC_REPRESENTATION_CONTEXT(2) 
PARAMETRIC_REPRESENTATION_CONTEXT() REPRESENTATION_CONTEXT('2D SPACE',''
  ) );
#6370 = ORIENTED_EDGE('',*,*,#6371,.F.);
#6371 = EDGE_CURVE('',#5990,#6348,#6372,.T.);
#6372 = SURFACE_CURVE('',#6373,(#6385,#6392),.PCURVE_S1.);
#6373 = B_SPLINE_CURVE_WITH_KNOTS('',10,(#6374,#6375,#6376,#6377,#6378,
    #6379,#6380,#6381,#6382,#6383,#6384),.UNSPECIFIED.,.F.,.F.,(11,11),(
    2.,3.),.PIECEWISE_BEZIER_KNOTS.);
#6374 = CARTESIAN_POINT('',(15.321428571426,0.75,99.));
#6375 = CARTESIAN_POINT('',(13.933035714284,0.75,99.));
#6376 = CARTESIAN_POINT('',(12.544642857141,0.75,99.));
#6377 = CARTESIAN_POINT('',(11.156249999999,0.75,99.));
#6378 = CARTESIAN_POINT('',(9.767857142856,0.75,99.));
#6379 = CARTESIAN_POINT('',(8.379464285713,0.75,99.));
#6380 = CARTESIAN_POINT('',(6.991071428571,0.75,99.));
#6381 = CARTESIAN_POINT('',(5.602678571428,0.75,99.));
#6382 = CARTESIAN_POINT('',(4.214285714285,0.75,99.));
#6383 = CARTESIAN_POINT('',(2.825892857143,0.75,99.));
#6384 = CARTESIAN_POINT('',(1.4375,0.75,99.));
#6385 = PCURVE('',#4529,#6386);
#6386 = DEFINITIONAL_REPRESENTATION('',(#6387),#6391);
#6387 = LINE('',#6388,#6389);
#6388 = CARTESIAN_POINT('',(0.,1.));
#6389 = VECTOR('',#6390,1.);
#6390 = DIRECTION('',(1.,0.));
#6391 = ( GEOMETRIC_REPRESENTATION_CONTEXT(2) 
PARAMETRIC_REPRESENTATION_CONTEXT() REPRESENTATION_CONTEXT('2D SPACE',''
  ) );
#6392 = PCURVE('',#6037,#6393);
#6393 = DEFINITIONAL_REPRESENTATION('',(#6394),#6406);
#6394 = B_SPLINE_CURVE_WITH_KNOTS('',10,(#6395,#6396,#6397,#6398,#6399,
    #6400,#6401,#6402,#6403,#6404,#6405),.UNSPECIFIED.,.F.,.F.,(11,11),(
    2.,3.),.PIECEWISE_BEZIER_KNOTS.);
#6395 = CARTESIAN_POINT('',(52.071428571426,0.));
#6396 = CARTESIAN_POINT('',(50.683035714284,0.));
#6397 = CARTESIAN_POINT('',(49.294642857141,0.));
#6398 = CARTESIAN_POINT('',(47.906249999999,0.));
#6399 = CARTESIAN_POINT('',(46.517857142856,0.));
#6400 = CARTESIAN_POINT('',(45.129464285713,0.));
#6401 = CARTESIAN_POINT('',(43.741071428571,0.));
#6402 = CARTESIAN_POINT('',(42.352678571428,0.));
#6403 = CARTESIAN_POINT('',(40.964285714285,0.));
#6404 = CARTESIAN_POINT('',(39.575892857143,0.));
#6405 = CARTESIAN_POINT('',(38.1875,0.));
#6406 = ( GEOMETRIC_REPRESENTATION_CONTEXT(2) 
PARAMETRIC_REPRESENTATION_CONTEXT() REPRESENTATION_CONTEXT('2D SPACE',''
  ) );
#6407 = ORIENTED_EDGE('',*,*,#5989,.F.);
#6408 = ADVANCED_FACE('',(#6409),#4445,.F.);
#6409 = FACE_BOUND('',#6410,.F.);
#6410 = EDGE_LOOP('',(#6411,#6412,#6436,#6473));
#6411 = ORIENTED_EDGE('',*,*,#4413,.T.);
#6412 = ORIENTED_EDGE('',*,*,#6413,.T.);
#6413 = EDGE_CURVE('',#4330,#6414,#6416,.T.);
#6414 = VERTEX_POINT('',#6415);
#6415 = CARTESIAN_POINT('',(-1.4375,0.75,99.));
#6416 = SURFACE_CURVE('',#6417,(#6422,#6429),.PCURVE_S1.);
#6417 = ( BOUNDED_CURVE() B_SPLINE_CURVE(3,(#6418,#6419,#6420,#6421),
.UNSPECIFIED.,.F.,.F.) B_SPLINE_CURVE_WITH_KNOTS((4,4),(0.,1.),
.PIECEWISE_BEZIER_KNOTS.) CURVE() GEOMETRIC_REPRESENTATION_ITEM() 
RATIONAL_B_SPLINE_CURVE((1.,1.,1.,1.)) REPRESENTATION_ITEM('') );
#6418 = CARTESIAN_POINT('',(-33.51290718505,17.484995053072,0.));
#6419 = CARTESIAN_POINT('',(-2.020494012455,1.054170789107,3.));
#6420 = CARTESIAN_POINT('',(-2.785552395018,1.453331684357,90.));
#6421 = CARTESIAN_POINT('',(-1.4375,0.75,99.));
#6422 = PCURVE('',#4445,#6423);
#6423 = DEFINITIONAL_REPRESENTATION('',(#6424),#6428);
#6424 = LINE('',#6425,#6426);
#6425 = CARTESIAN_POINT('',(4.,0.));
#6426 = VECTOR('',#6427,1.);
#6427 = DIRECTION('',(0.,1.));
#6428 = ( GEOMETRIC_REPRESENTATION_CONTEXT(2) 
PARAMETRIC_REPRESENTATION_CONTEXT() REPRESENTATION_CONTEXT('2D SPACE',''
  ) );
#6429 = PCURVE('',#4361,#6430);
#6430 = DEFINITIONAL_REPRESENTATION('',(#6431),#6435);
#6431 = LINE('',#6432,#6433);
#6432 = CARTESIAN_POINT('',(4.,0.));
#6433 = VECTOR('',#6434,1.);
#6434 = DIRECTION('',(0.,1.));
#6435 = ( GEOMETRIC_REPRESENTATION_CONTEXT(2) 
PARAMETRIC_REPRESENTATION_CONTEXT() REPRESENTATION_CONTEXT('2D SPACE',''
  ) );
#6436 = ORIENTED_EDGE('',*,*,#6437,.F.);
#6437 = EDGE_CURVE('',#6348,#6414,#6438,.T.);
#6438 = SURFACE_CURVE('',#6439,(#6451,#6458),.PCURVE_S1.);
#6439 = B_SPLINE_CURVE_WITH_KNOTS('',10,(#6440,#6441,#6442,#6443,#6444,
    #6445,#6446,#6447,#6448,#6449,#6450),.UNSPECIFIED.,.F.,.F.,(11,11),(
    3.,4.),.PIECEWISE_BEZIER_KNOTS.);
#6440 = CARTESIAN_POINT('',(1.4375,0.75,99.));
#6441 = CARTESIAN_POINT('',(1.15,0.75,99.));
#6442 = CARTESIAN_POINT('',(0.8625,0.75,99.));
#6443 = CARTESIAN_POINT('',(0.575,0.75,99.));
#6444 = CARTESIAN_POINT('',(0.2875,0.75,99.));
#6445 = CARTESIAN_POINT('',(2.13162820728E-14,0.75,99.));
#6446 = CARTESIAN_POINT('',(-0.2875,0.75,99.));
#6447 = CARTESIAN_POINT('',(-0.575,0.75,99.));
#6448 = CARTESIAN_POINT('',(-0.8625,0.75,99.));
#6449 = CARTESIAN_POINT('',(-1.15,0.75,99.));
#6450 = CARTESIAN_POINT('',(-1.4375,0.75,99.));
#6451 = PCURVE('',#4445,#6452);
#6452 = DEFINITIONAL_REPRESENTATION('',(#6453),#6457);
#6453 = LINE('',#6454,#6455);
#6454 = CARTESIAN_POINT('',(0.,1.));
#6455 = VECTOR('',#6456,1.);
#6456 = DIRECTION('',(1.,0.));
#6457 = ( GEOMETRIC_REPRESENTATION_CONTEXT(2) 
PARAMETRIC_REPRESENTATION_CONTEXT() REPRESENTATION_CONTEXT('2D SPACE',''
  ) );
#6458 = PCURVE('',#6037,#6459);
#6459 = DEFINITIONAL_REPRESENTATION('',(#6460),#6472);
#6460 = B_SPLINE_CURVE_WITH_KNOTS('',10,(#6461,#6462,#6463,#6464,#6465,
    #6466,#6467,#6468,#6469,#6470,#6471),.UNSPECIFIED.,.F.,.F.,(11,11),(
    3.,4.),.PIECEWISE_BEZIER_KNOTS.);
#6461 = CARTESIAN_POINT('',(38.1875,0.));
#6462 = CARTESIAN_POINT('',(37.9,0.));
#6463 = CARTESIAN_POINT('',(37.6125,0.));
#6464 = CARTESIAN_POINT('',(37.325,0.));
#6465 = CARTESIAN_POINT('',(37.0375,0.));
#6466 = CARTESIAN_POINT('',(36.75,0.));
#6467 = CARTESIAN_POINT('',(36.4625,0.));
#6468 = CARTESIAN_POINT('',(36.175,0.));
#6469 = CARTESIAN_POINT('',(35.8875,0.));
#6470 = CARTESIAN_POINT('',(35.6,0.));
#6471 = CARTESIAN_POINT('',(35.3125,0.));
#6472 = ( GEOMETRIC_REPRESENTATION_CONTEXT(2) 
PARAMETRIC_REPRESENTATION_CONTEXT() REPRESENTATION_CONTEXT('2D SPACE',''
  ) );
#6473 = ORIENTED_EDGE('',*,*,#6347,.F.);
#6474 = ADVANCED_FACE('',(#6475),#4361,.F.);
#6475 = FACE_BOUND('',#6476,.F.);
#6476 = EDGE_LOOP('',(#6477,#6478,#6502,#6539));
#6477 = ORIENTED_EDGE('',*,*,#4329,.T.);
#6478 = ORIENTED_EDGE('',*,*,#6479,.T.);
#6479 = EDGE_CURVE('',#4246,#6480,#6482,.T.);
#6480 = VERTEX_POINT('',#6481);
#6481 = CARTESIAN_POINT('',(-15.32142857142,0.75,99.));
#6482 = SURFACE_CURVE('',#6483,(#6488,#6495),.PCURVE_S1.);
#6483 = ( BOUNDED_CURVE() B_SPLINE_CURVE(3,(#6484,#6485,#6486,#6487),
.UNSPECIFIED.,.F.,.F.) B_SPLINE_CURVE_WITH_KNOTS((4,4),(0.,1.),
.PIECEWISE_BEZIER_KNOTS.) CURVE() GEOMETRIC_REPRESENTATION_ITEM() 
RATIONAL_B_SPLINE_CURVE((1.,1.,1.,1.)) REPRESENTATION_ITEM('') );
#6484 = CARTESIAN_POINT('',(-37.75479294966,1.848136717816,0.));
#6485 = CARTESIAN_POINT('',(27.663297928826,-1.354147451061,3.));
#6486 = CARTESIAN_POINT('',(-80.90863050432,3.960562332379,90.));
#6487 = CARTESIAN_POINT('',(-15.32142857142,0.75,99.));
#6488 = PCURVE('',#4361,#6489);
#6489 = DEFINITIONAL_REPRESENTATION('',(#6490),#6494);
#6490 = LINE('',#6491,#6492);
#6491 = CARTESIAN_POINT('',(5.,0.));
#6492 = VECTOR('',#6493,1.);
#6493 = DIRECTION('',(0.,1.));
#6494 = ( GEOMETRIC_REPRESENTATION_CONTEXT(2) 
PARAMETRIC_REPRESENTATION_CONTEXT() REPRESENTATION_CONTEXT('2D SPACE',''
  ) );
#6495 = PCURVE('',#4277,#6496);
#6496 = DEFINITIONAL_REPRESENTATION('',(#6497),#6501);
#6497 = LINE('',#6498,#6499);
#6498 = CARTESIAN_POINT('',(5.,0.));
#6499 = VECTOR('',#6500,1.);
#6500 = DIRECTION('',(0.,1.));
#6501 = ( GEOMETRIC_REPRESENTATION_CONTEXT(2) 
PARAMETRIC_REPRESENTATION_CONTEXT() REPRESENTATION_CONTEXT('2D SPACE',''
  ) );
#6502 = ORIENTED_EDGE('',*,*,#6503,.F.);
#6503 = EDGE_CURVE('',#6414,#6480,#6504,.T.);
#6504 = SURFACE_CURVE('',#6505,(#6517,#6524),.PCURVE_S1.);
#6505 = B_SPLINE_CURVE_WITH_KNOTS('',10,(#6506,#6507,#6508,#6509,#6510,
    #6511,#6512,#6513,#6514,#6515,#6516),.UNSPECIFIED.,.F.,.F.,(11,11),(
    4.,5.),.PIECEWISE_BEZIER_KNOTS.);
#6506 = CARTESIAN_POINT('',(-1.4375,0.75,99.));
#6507 = CARTESIAN_POINT('',(-2.825892857143,0.75,99.));
#6508 = CARTESIAN_POINT('',(-4.214285714286,0.75,99.));
#6509 = CARTESIAN_POINT('',(-5.602678571428,0.75,99.));
#6510 = CARTESIAN_POINT('',(-6.991071428571,0.75,99.));
#6511 = CARTESIAN_POINT('',(-8.379464285714,0.75,99.));
#6512 = CARTESIAN_POINT('',(-9.767857142857,0.75,99.));
#6513 = CARTESIAN_POINT('',(-11.15625,0.75,99.));
#6514 = CARTESIAN_POINT('',(-12.54464285714,0.75,99.));
#6515 = CARTESIAN_POINT('',(-13.93303571428,0.75,99.));
#6516 = CARTESIAN_POINT('',(-15.32142857142,0.75,99.));
#6517 = PCURVE('',#4361,#6518);
#6518 = DEFINITIONAL_REPRESENTATION('',(#6519),#6523);
#6519 = LINE('',#6520,#6521);
#6520 = CARTESIAN_POINT('',(0.,1.));
#6521 = VECTOR('',#6522,1.);
#6522 = DIRECTION('',(1.,0.));
#6523 = ( GEOMETRIC_REPRESENTATION_CONTEXT(2) 
PARAMETRIC_REPRESENTATION_CONTEXT() REPRESENTATION_CONTEXT('2D SPACE',''
  ) );
#6524 = PCURVE('',#6037,#6525);
#6525 = DEFINITIONAL_REPRESENTATION('',(#6526),#6538);
#6526 = B_SPLINE_CURVE_WITH_KNOTS('',10,(#6527,#6528,#6529,#6530,#6531,
    #6532,#6533,#6534,#6535,#6536,#6537),.UNSPECIFIED.,.F.,.F.,(11,11),(
    4.,5.),.PIECEWISE_BEZIER_KNOTS.);
#6527 = CARTESIAN_POINT('',(35.3125,0.));
#6528 = CARTESIAN_POINT('',(33.924107142857,0.));
#6529 = CARTESIAN_POINT('',(32.535714285714,0.));
#6530 = CARTESIAN_POINT('',(31.147321428572,0.));
#6531 = CARTESIAN_POINT('',(29.758928571429,0.));
#6532 = CARTESIAN_POINT('',(28.370535714286,0.));
#6533 = CARTESIAN_POINT('',(26.982142857143,0.));
#6534 = CARTESIAN_POINT('',(25.59375,0.));
#6535 = CARTESIAN_POINT('',(24.205357142858,0.));
#6536 = CARTESIAN_POINT('',(22.816964285715,0.));
#6537 = CARTESIAN_POINT('',(21.428571428572,0.));
#6538 = ( GEOMETRIC_REPRESENTATION_CONTEXT(2) 
PARAMETRIC_REPRESENTATION_CONTEXT() REPRESENTATION_CONTEXT('2D SPACE',''
  ) );
#6539 = ORIENTED_EDGE('',*,*,#6413,.F.);
#6540 = ADVANCED_FACE('',(#6541),#4277,.F.);
#6541 = FACE_BOUND('',#6542,.F.);
#6542 = EDGE_LOOP('',(#6543,#6544,#6545,#6569,#6637,#6783,#6852));
#6543 = ORIENTED_EDGE('',*,*,#6479,.F.);
#6544 = ORIENTED_EDGE('',*,*,#4245,.T.);
#6545 = ORIENTED_EDGE('',*,*,#6546,.T.);
#6546 = EDGE_CURVE('',#4162,#6547,#6549,.T.);
#6547 = VERTEX_POINT('',#6548);
#6548 = CARTESIAN_POINT('',(-41.64034852392,0.849803031101,80.7));
#6549 = SURFACE_CURVE('',#6550,(#6555,#6562),.PCURVE_S1.);
#6550 = ( BOUNDED_CURVE() B_SPLINE_CURVE(3,(#6551,#6552,#6553,#6554),
.UNSPECIFIED.,.F.,.F.) B_SPLINE_CURVE_WITH_KNOTS((4,4),(0.,1.),
.PIECEWISE_BEZIER_KNOTS.) CURVE() GEOMETRIC_REPRESENTATION_ITEM() 
RATIONAL_B_SPLINE_CURVE((1.,1.,1.,1.)) REPRESENTATION_ITEM('') );
#6551 = CARTESIAN_POINT('',(-37.79213073791,0.771267974243,0.));
#6552 = CARTESIAN_POINT('',(22.763590509555,-0.464563071624,3.));
#6553 = CARTESIAN_POINT('',(-67.71485746365,1.381935866605,90.));
#6554 = CARTESIAN_POINT('',(-36.75,0.75,99.));
#6555 = PCURVE('',#4277,#6556);
#6556 = DEFINITIONAL_REPRESENTATION('',(#6557),#6561);
#6557 = LINE('',#6558,#6559);
#6558 = CARTESIAN_POINT('',(6.,0.));
#6559 = VECTOR('',#6560,1.);
#6560 = DIRECTION('',(0.,1.));
#6561 = ( GEOMETRIC_REPRESENTATION_CONTEXT(2) 
PARAMETRIC_REPRESENTATION_CONTEXT() REPRESENTATION_CONTEXT('2D SPACE',''
  ) );
#6562 = PCURVE('',#4193,#6563);
#6563 = DEFINITIONAL_REPRESENTATION('',(#6564),#6568);
#6564 = LINE('',#6565,#6566);
#6565 = CARTESIAN_POINT('',(6.,0.));
#6566 = VECTOR('',#6567,1.);
#6567 = DIRECTION('',(0.,1.));
#6568 = ( GEOMETRIC_REPRESENTATION_CONTEXT(2) 
PARAMETRIC_REPRESENTATION_CONTEXT() REPRESENTATION_CONTEXT('2D SPACE',''
  ) );
#6569 = ORIENTED_EDGE('',*,*,#6570,.T.);
#6570 = EDGE_CURVE('',#6547,#6571,#6573,.T.);
#6571 = VERTEX_POINT('',#6572);
#6572 = CARTESIAN_POINT('',(-39.71975111122,1.550442408501,80.7));
#6573 = SURFACE_CURVE('',#6574,(#6593,#6615),.PCURVE_S1.);
#6574 = B_SPLINE_CURVE_WITH_KNOTS('',5,(#6575,#6576,#6577,#6578,#6579,
    #6580,#6581,#6582,#6583,#6584,#6585,#6586,#6587,#6588,#6589,#6590,
    #6591,#6592),.UNSPECIFIED.,.F.,.F.,(6,4,4,4,6),(0.,0.233989439656,
    0.481406124888,0.738665913972,1.),.UNSPECIFIED.);
#6575 = CARTESIAN_POINT('',(-41.64034852392,0.849803031101,80.7));
#6576 = CARTESIAN_POINT('',(-41.45284540548,0.943281222487,80.7));
#6577 = CARTESIAN_POINT('',(-41.26232533712,1.031331373398,80.7));
#6578 = CARTESIAN_POINT('',(-41.06908295913,1.113880610272,80.7));
#6579 = CARTESIAN_POINT('',(-40.8733939624,1.190881130352,80.7));
#6580 = CARTESIAN_POINT('',(-40.46628478712,1.337811688552,80.7));
#6581 = CARTESIAN_POINT('',(-40.25460712337,1.407082164264,80.7));
#6582 = CARTESIAN_POINT('',(-40.04078955739,1.470067111572,80.7));
#6583 = CARTESIAN_POINT('',(-39.82512242108,1.526738792056,80.7));
#6584 = CARTESIAN_POINT('',(-39.38200050741,1.629419055452,80.7));
#6585 = CARTESIAN_POINT('',(-39.15441889933,1.674913557498,80.7));
#6586 = CARTESIAN_POINT('',(-38.92544938875,1.713539197081,80.7));
#6587 = CARTESIAN_POINT('',(-38.69539335053,1.745282613707,80.7));
#6588 = CARTESIAN_POINT('',(-38.23003838748,1.795384062353,80.7));
#6589 = CARTESIAN_POINT('',(-37.99471485133,1.813522071578,80.7));
#6590 = CARTESIAN_POINT('',(-37.75888055346,1.824542952247,80.7));
#6591 = CARTESIAN_POINT('',(-37.52283880684,1.828445178802,80.7));
#6592 = CARTESIAN_POINT('',(-37.28689051383,1.825232402775,80.7));
#6593 = PCURVE('',#4277,#6594);
#6594 = DEFINITIONAL_REPRESENTATION('',(#6595),#6614);
#6595 = B_SPLINE_CURVE_WITH_KNOTS('',5,(#6596,#6597,#6598,#6599,#6600,
    #6601,#6602,#6603,#6604,#6605,#6606,#6607,#6608,#6609,#6610,#6611,
    #6612,#6613),.UNSPECIFIED.,.F.,.F.,(6,4,4,4,6),(0.,0.233989439656,
    0.481406124888,0.738665913972,1.),.UNSPECIFIED.);
#6596 = CARTESIAN_POINT('',(6.,0.754808530097));
#6597 = CARTESIAN_POINT('',(5.947873304545,0.754808530097));
#6598 = CARTESIAN_POINT('',(5.896867012122,0.754808530097));
#6599 = CARTESIAN_POINT('',(5.846802731313,0.754808530097));
#6600 = CARTESIAN_POINT('',(5.797550430623,0.754808530097));
#6601 = CARTESIAN_POINT('',(5.697663552384,0.754808530097));
#6602 = CARTESIAN_POINT('',(5.647112100965,0.754808530097));
#6603 = CARTESIAN_POINT('',(5.597216516732,0.754808530097));
#6604 = CARTESIAN_POINT('',(5.547875617875,0.754808530097));
#6605 = CARTESIAN_POINT('',(5.448179938556,0.754808530097));
#6606 = CARTESIAN_POINT('',(5.397863116876,0.754808530097));
#6607 = CARTESIAN_POINT('',(5.347949508905,0.754808530097));
#6608 = CARTESIAN_POINT('',(5.298354759292,0.754808530097));
#6609 = CARTESIAN_POINT('',(5.198863595252,0.754808530097));
#6610 = CARTESIAN_POINT('',(5.148975010268,0.754808530097));
#6611 = CARTESIAN_POINT('',(5.099251761332,0.754808530097));
#6612 = CARTESIAN_POINT('',(5.049618581229,0.754808530097));
#6613 = CARTESIAN_POINT('',(5.,0.754808530097));
#6614 = ( GEOMETRIC_REPRESENTATION_CONTEXT(2) 
PARAMETRIC_REPRESENTATION_CONTEXT() REPRESENTATION_CONTEXT('2D SPACE',''
  ) );
#6615 = PCURVE('',#5254,#6616);
#6616 = DEFINITIONAL_REPRESENTATION('',(#6617),#6636);
#6617 = B_SPLINE_CURVE_WITH_KNOTS('',5,(#6618,#6619,#6620,#6621,#6622,
    #6623,#6624,#6625,#6626,#6627,#6628,#6629,#6630,#6631,#6632,#6633,
    #6634,#6635),.UNSPECIFIED.,.F.,.F.,(6,4,4,4,6),(0.,0.233989439656,
    0.481406124888,0.738665913972,1.),.UNSPECIFIED.);
#6618 = CARTESIAN_POINT('',(-41.64034852392,0.849803031101));
#6619 = CARTESIAN_POINT('',(-41.45284540548,0.943281222487));
#6620 = CARTESIAN_POINT('',(-41.26232533712,1.031331373398));
#6621 = CARTESIAN_POINT('',(-41.06908295913,1.113880610272));
#6622 = CARTESIAN_POINT('',(-40.8733939624,1.190881130352));
#6623 = CARTESIAN_POINT('',(-40.46628478712,1.337811688552));
#6624 = CARTESIAN_POINT('',(-40.25460712337,1.407082164264));
#6625 = CARTESIAN_POINT('',(-40.04078955739,1.470067111572));
#6626 = CARTESIAN_POINT('',(-39.82512242108,1.526738792056));
#6627 = CARTESIAN_POINT('',(-39.38200050741,1.629419055452));
#6628 = CARTESIAN_POINT('',(-39.15441889933,1.674913557498));
#6629 = CARTESIAN_POINT('',(-38.92544938875,1.713539197081));
#6630 = CARTESIAN_POINT('',(-38.69539335053,1.745282613707));
#6631 = CARTESIAN_POINT('',(-38.23003838748,1.795384062353));
#6632 = CARTESIAN_POINT('',(-37.99471485133,1.813522071578));
#6633 = CARTESIAN_POINT('',(-37.75888055346,1.824542952247));
#6634 = CARTESIAN_POINT('',(-37.52283880684,1.828445178802));
#6635 = CARTESIAN_POINT('',(-37.28689051383,1.825232402775));
#6636 = ( GEOMETRIC_REPRESENTATION_CONTEXT(2) 
PARAMETRIC_REPRESENTATION_CONTEXT() REPRESENTATION_CONTEXT('2D SPACE',''
  ) );
#6637 = ORIENTED_EDGE('',*,*,#6638,.T.);
#6638 = EDGE_CURVE('',#6571,#6639,#6641,.T.);
#6639 = VERTEX_POINT('',#6640);
#6640 = CARTESIAN_POINT('',(-39.74172478392,0.811055607835,
    97.662934369643));
#6641 = SURFACE_CURVE('',#6642,(#6687,#6735),.PCURVE_S1.);
#6642 = B_SPLINE_CURVE_WITH_KNOTS('',8,(#6643,#6644,#6645,#6646,#6647,
    #6648,#6649,#6650,#6651,#6652,#6653,#6654,#6655,#6656,#6657,#6658,
    #6659,#6660,#6661,#6662,#6663,#6664,#6665,#6666,#6667,#6668,#6669,
    #6670,#6671,#6672,#6673,#6674,#6675,#6676,#6677,#6678,#6679,#6680,
    #6681,#6682,#6683,#6684,#6685,#6686),.UNSPECIFIED.,.F.,.F.,(9,7,7,7,
    7,7,9),(0.,0.332016151877,0.613686413096,0.783089274045,
    0.845897790165,0.980649262848,1.),.UNSPECIFIED.);
#6643 = CARTESIAN_POINT('',(-39.71975111217,1.550442384208,80.6999994));
#6644 = CARTESIAN_POINT('',(-39.71863786088,1.578962027937,
    81.404381293866));
#6645 = CARTESIAN_POINT('',(-39.71792280422,1.59668054785,
    82.109085567662));
#6646 = CARTESIAN_POINT('',(-39.71752637902,1.60642833873,
    82.813960896803));
#6647 = CARTESIAN_POINT('',(-39.71739619555,1.609604872789,
    83.518897132477));
#6648 = CARTESIAN_POINT('',(-39.71750003386,1.607080638606,
    84.223818613627));
#6649 = CARTESIAN_POINT('',(-39.71781653826,1.59930056863,
    84.928684287697));
#6650 = CARTESIAN_POINT('',(-39.71833064968,1.586513011404,
    85.633485330153));
#6651 = CARTESIAN_POINT('',(-39.71962154411,1.553830673056,
    86.936138330641));
#6652 = CARTESIAN_POINT('',(-39.72034664193,1.535309187106,
    87.533967337636));
#6653 = CARTESIAN_POINT('',(-39.72119617762,1.513336740932,
    88.13171739357));
#6654 = CARTESIAN_POINT('',(-39.72216287986,1.487925629881,
    88.729372726562));
#6655 = CARTESIAN_POINT('',(-39.72323859407,1.459064688473,
    89.326917906408));
#6656 = CARTESIAN_POINT('',(-39.7244129615,1.426752551548,
    89.924338618913));
#6657 = CARTESIAN_POINT('',(-39.72567255373,1.391029971736,
    90.521622384382));
#6658 = CARTESIAN_POINT('',(-39.72779909655,1.328544418066,
    91.477890808909));
#6659 = CARTESIAN_POINT('',(-39.7286224397,1.303885639803,91.83696911459
    ));
#6660 = CARTESIAN_POINT('',(-39.7294668157,1.278059732595,
    92.195991574748));
#6661 = CARTESIAN_POINT('',(-39.73032808082,1.251103058624,
    92.554956253355));
#6662 = CARTESIAN_POINT('',(-39.73120160721,1.223064929194,
    92.913861893223));
#6663 = CARTESIAN_POINT('',(-39.73208226329,1.194012546577,
    93.272708063455));
#6664 = CARTESIAN_POINT('',(-39.73296439093,1.164039426619,
    93.631495402044));
#6665 = CARTESIAN_POINT('',(-39.73416708373,1.121871807689,
    94.123230399386));
#6666 = CARTESIAN_POINT('',(-39.73449173648,1.110357857186,
    94.256227046516));
#6667 = CARTESIAN_POINT('',(-39.73481542051,1.098742229318,
    94.389216010023));
#6668 = CARTESIAN_POINT('',(-39.7351378084,1.08703240034,94.522197431783
    ));
#6669 = CARTESIAN_POINT('',(-39.7354585614,1.075236717066,
    94.655171485801));
#6670 = CARTESIAN_POINT('',(-39.73577732837,1.063364569844,
    94.788138383481));
#6671 = CARTESIAN_POINT('',(-39.73609374461,1.051426565538,
    94.921098378896));
#6672 = CARTESIAN_POINT('',(-39.73708042342,1.013706955744,
    95.339294395629));
#6673 = CARTESIAN_POINT('',(-39.73774085125,0.987731142196,
    95.624503970745));
#6674 = CARTESIAN_POINT('',(-39.73838492224,0.961628522985,
    95.909686442414));
#6675 = CARTESIAN_POINT('',(-39.73900867918,0.935542417192,
    96.194846738995));
#6676 = CARTESIAN_POINT('',(-39.73960745709,0.909674653697,
    96.479989666138));
#6677 = CARTESIAN_POINT('',(-39.74017613446,0.884281278078,
    96.765119846855));
#6678 = CARTESIAN_POINT('',(-39.74070859075,0.859717583029,
    97.050242985136));
#6679 = CARTESIAN_POINT('',(-39.74126460112,0.833306010587,
    97.37631597317));
#6680 = CARTESIAN_POINT('',(-39.74133346503,0.830019813082,
    97.417261250045));
#6681 = CARTESIAN_POINT('',(-39.74140134482,0.826765807783,
    97.458206576886));
#6682 = CARTESIAN_POINT('',(-39.74146820872,0.82354602765,
    97.499151968412));
#6683 = CARTESIAN_POINT('',(-39.74153402247,0.82036267107,97.54009743631
    ));
#6684 = CARTESIAN_POINT('',(-39.74159874942,0.817218101849,
    97.581042989235));
#6685 = CARTESIAN_POINT('',(-39.74166235042,0.814114849219,
    97.621988632815));
#6686 = CARTESIAN_POINT('',(-39.74172478392,0.811055607835,
    97.662934369643));
#6687 = PCURVE('',#4277,#6688);
#6688 = DEFINITIONAL_REPRESENTATION('',(#6689),#6734);
#6689 = B_SPLINE_CURVE_WITH_KNOTS('',8,(#6690,#6691,#6692,#6693,#6694,
    #6695,#6696,#6697,#6698,#6699,#6700,#6701,#6702,#6703,#6704,#6705,
    #6706,#6707,#6708,#6709,#6710,#6711,#6712,#6713,#6714,#6715,#6716,
    #6717,#6718,#6719,#6720,#6721,#6722,#6723,#6724,#6725,#6726,#6727,
    #6728,#6729,#6730,#6731,#6732,#6733),.UNSPECIFIED.,.F.,.F.,(9,7,7,7,
    7,7,9),(0.,0.332016151877,0.613686413096,0.783089274045,
    0.845897790165,0.980649262848,1.),.UNSPECIFIED.);
#6690 = CARTESIAN_POINT('',(5.524257521327,0.754808524765));
#6691 = CARTESIAN_POINT('',(5.499119626753,0.761067925345));
#6692 = CARTESIAN_POINT('',(5.481511816324,0.767421579741));
#6693 = CARTESIAN_POINT('',(5.470132086984,0.773876186824));
#6694 = CARTESIAN_POINT('',(5.464165488642,0.780439872729));
#6695 = CARTESIAN_POINT('',(5.462957178963,0.78712243406));
#6696 = CARTESIAN_POINT('',(5.466012917465,0.793935823949));
#6697 = CARTESIAN_POINT('',(5.472927669676,0.800894761054));
#6698 = CARTESIAN_POINT('',(5.492255914054,0.814061521552));
#6699 = CARTESIAN_POINT('',(5.503676039095,0.820222916533));
#6700 = CARTESIAN_POINT('',(5.51744980385,0.826513537894));
#6701 = CARTESIAN_POINT('',(5.533424740117,0.832946866755));
#6702 = CARTESIAN_POINT('',(5.551482549192,0.839538751531));
#6703 = CARTESIAN_POINT('',(5.571536093934,0.846308492331));
#6704 = CARTESIAN_POINT('',(5.593531938052,0.853281002348));
#6705 = CARTESIAN_POINT('',(5.631848367196,0.864825728168));
#6706 = CARTESIAN_POINT('',(5.646936705115,0.869246993093));
#6707 = CARTESIAN_POINT('',(5.662720785592,0.873761159364));
#6708 = CARTESIAN_POINT('',(5.679204102497,0.878376940244));
#6709 = CARTESIAN_POINT('',(5.696396313982,0.883104521621));
#6710 = CARTESIAN_POINT('',(5.714314955447,0.887956162213));
#6711 = CARTESIAN_POINT('',(5.732988855846,0.892947316288));
#6712 = CARTESIAN_POINT('',(5.759683668203,0.900008071413));
#6713 = CARTESIAN_POINT('',(5.767014123848,0.90193983313));
#6714 = CARTESIAN_POINT('',(5.774456960777,0.903894607971));
#6715 = CARTESIAN_POINT('',(5.782014814057,0.905873527759));
#6716 = CARTESIAN_POINT('',(5.789690694712,0.907877836686));
#6717 = CARTESIAN_POINT('',(5.797488067135,0.90990891579));
#6718 = CARTESIAN_POINT('',(5.80541092649,0.911968307437));
#6719 = CARTESIAN_POINT('',(5.830740941231,0.918540477258));
#6720 = CARTESIAN_POINT('',(5.848616455006,0.923161390619));
#6721 = CARTESIAN_POINT('',(5.867137435148,0.927938023578));
#6722 = CARTESIAN_POINT('',(5.886360249495,0.932890759313));
#6723 = CARTESIAN_POINT('',(5.906367250832,0.938048019314));
#6724 = CARTESIAN_POINT('',(5.927264703338,0.943445640147));
#6725 = CARTESIAN_POINT('',(5.949203442129,0.949133329425));
#6726 = CARTESIAN_POINT('',(5.975803954942,0.956072453582));
#6727 = CARTESIAN_POINT('',(5.979171464967,0.95695164637));
#6728 = CARTESIAN_POINT('',(5.982567054051,0.957838943095));
#6729 = CARTESIAN_POINT('',(5.985991613563,0.958734629571));
#6730 = CARTESIAN_POINT('',(5.989446109633,0.959639014924));
#6731 = CARTESIAN_POINT('',(5.99293158316,0.960552431601));
#6732 = CARTESIAN_POINT('',(5.996449149806,0.961475235362));
#6733 = CARTESIAN_POINT('',(6.,0.962407805286));
#6734 = ( GEOMETRIC_REPRESENTATION_CONTEXT(2) 
PARAMETRIC_REPRESENTATION_CONTEXT() REPRESENTATION_CONTEXT('2D SPACE',''
  ) );
#6735 = PCURVE('',#6224,#6736);
#6736 = DEFINITIONAL_REPRESENTATION('',(#6737),#6782);
#6737 = B_SPLINE_CURVE_WITH_KNOTS('',8,(#6738,#6739,#6740,#6741,#6742,
    #6743,#6744,#6745,#6746,#6747,#6748,#6749,#6750,#6751,#6752,#6753,
    #6754,#6755,#6756,#6757,#6758,#6759,#6760,#6761,#6762,#6763,#6764,
    #6765,#6766,#6767,#6768,#6769,#6770,#6771,#6772,#6773,#6774,#6775,
    #6776,#6777,#6778,#6779,#6780,#6781),.UNSPECIFIED.,.F.,.F.,(9,7,7,7,
    7,7,9),(0.,0.332016151877,0.613686413096,0.783089274045,
    0.845897790165,0.980649262848,1.),.UNSPECIFIED.);
#6738 = CARTESIAN_POINT('',(-3.102577916777,5.999999999062E-07));
#6739 = CARTESIAN_POINT('',(-3.101859895064,-0.704381293866));
#6740 = CARTESIAN_POINT('',(-3.101413783684,-1.409085567663));
#6741 = CARTESIAN_POINT('',(-3.10116835333,-2.113960896799));
#6742 = CARTESIAN_POINT('',(-3.101088373559,-2.818897132483));
#6743 = CARTESIAN_POINT('',(-3.101151929955,-3.523818613623));
#6744 = CARTESIAN_POINT('',(-3.101347816901,-4.228684287698));
#6745 = CARTESIAN_POINT('',(-3.101669776257,-4.933485330153));
#6746 = CARTESIAN_POINT('',(-3.102492614557,-6.236138330641));
#6747 = CARTESIAN_POINT('',(-3.102958920787,-6.833967337636));
#6748 = CARTESIAN_POINT('',(-3.103512099632,-7.43171739357));
#6749 = CARTESIAN_POINT('',(-3.104151835019,-8.029372726562));
#6750 = CARTESIAN_POINT('',(-3.104878400086,-8.626917906408));
#6751 = CARTESIAN_POINT('',(-3.10569182002,-9.224338618913));
#6752 = CARTESIAN_POINT('',(-3.106591059083,-9.821622384382));
#6753 = CARTESIAN_POINT('',(-3.10816393277,-10.7778908089));
#6754 = CARTESIAN_POINT('',(-3.108784624966,-11.13696911459));
#6755 = CARTESIAN_POINT('',(-3.109434680222,-11.49599157474));
#6756 = CARTESIAN_POINT('',(-3.110113181192,-11.85495625335));
#6757 = CARTESIAN_POINT('',(-3.110818884703,-12.21386189322));
#6758 = CARTESIAN_POINT('',(-3.111550097502,-12.57270806345));
#6759 = CARTESIAN_POINT('',(-3.112304464433,-12.93149540204));
#6760 = CARTESIAN_POINT('',(-3.11336571643,-13.42323039938));
#6761 = CARTESIAN_POINT('',(-3.11365549067,-13.55622704651));
#6762 = CARTESIAN_POINT('',(-3.113947821132,-13.68921601002));
#6763 = CARTESIAN_POINT('',(-3.114242519615,-13.82219743178));
#6764 = CARTESIAN_POINT('',(-3.11453937602,-13.9551714858));
#6765 = CARTESIAN_POINT('',(-3.114838154001,-14.08813838348));
#6766 = CARTESIAN_POINT('',(-3.115138586608,-14.22109837889));
#6767 = CARTESIAN_POINT('',(-3.116087832205,-14.63929439562));
#6768 = CARTESIAN_POINT('',(-3.116741522792,-14.92450397074));
#6769 = CARTESIAN_POINT('',(-3.117398392019,-15.20968644241));
#6770 = CARTESIAN_POINT('',(-3.118054833457,-15.49484673899));
#6771 = CARTESIAN_POINT('',(-3.118705768752,-15.77998966613));
#6772 = CARTESIAN_POINT('',(-3.119344755708,-16.06511984685));
#6773 = CARTESIAN_POINT('',(-3.119962855343,-16.35024298513));
#6774 = CARTESIAN_POINT('',(-3.120627444633,-16.67631597317));
#6775 = CARTESIAN_POINT('',(-3.120710134418,-16.71726125004));
#6776 = CARTESIAN_POINT('',(-3.120792013995,-16.75820657688));
#6777 = CARTESIAN_POINT('',(-3.120873032217,-16.79915196841));
#6778 = CARTESIAN_POINT('',(-3.120953133772,-16.84009743631));
#6779 = CARTESIAN_POINT('',(-3.121032259188,-16.88104298923));
#6780 = CARTESIAN_POINT('',(-3.12111034483,-16.92198863281));
#6781 = CARTESIAN_POINT('',(-3.121187322903,-16.96293436964));
#6782 = ( GEOMETRIC_REPRESENTATION_CONTEXT(2) 
PARAMETRIC_REPRESENTATION_CONTEXT() REPRESENTATION_CONTEXT('2D SPACE',''
  ) );
#6783 = ORIENTED_EDGE('',*,*,#6784,.T.);
#6784 = EDGE_CURVE('',#6639,#6785,#6787,.T.);
#6785 = VERTEX_POINT('',#6786);
#6786 = CARTESIAN_POINT('',(-36.75,0.75,99.));
#6787 = SURFACE_CURVE('',#6788,(#6793,#6800),.PCURVE_S1.);
#6788 = ( BOUNDED_CURVE() B_SPLINE_CURVE(3,(#6789,#6790,#6791,#6792),
.UNSPECIFIED.,.F.,.F.) B_SPLINE_CURVE_WITH_KNOTS((4,4),(0.,1.),
.PIECEWISE_BEZIER_KNOTS.) CURVE() GEOMETRIC_REPRESENTATION_ITEM() 
RATIONAL_B_SPLINE_CURVE((1.,1.,1.,1.)) REPRESENTATION_ITEM('') );
#6789 = CARTESIAN_POINT('',(-37.79213073791,0.771267974243,0.));
#6790 = CARTESIAN_POINT('',(22.763590509555,-0.464563071624,3.));
#6791 = CARTESIAN_POINT('',(-67.71485746365,1.381935866605,90.));
#6792 = CARTESIAN_POINT('',(-36.75,0.75,99.));
#6793 = PCURVE('',#4277,#6794);
#6794 = DEFINITIONAL_REPRESENTATION('',(#6795),#6799);
#6795 = LINE('',#6796,#6797);
#6796 = CARTESIAN_POINT('',(6.,0.));
#6797 = VECTOR('',#6798,1.);
#6798 = DIRECTION('',(0.,1.));
#6799 = ( GEOMETRIC_REPRESENTATION_CONTEXT(2) 
PARAMETRIC_REPRESENTATION_CONTEXT() REPRESENTATION_CONTEXT('2D SPACE',''
  ) );
#6800 = PCURVE('',#6801,#6846);
#6801 = ( BOUNDED_SURFACE() B_SPLINE_SURFACE(10,3,(
    (#6802,#6803,#6804,#6805)
    ,(#6806,#6807,#6808,#6809)
    ,(#6810,#6811,#6812,#6813)
    ,(#6814,#6815,#6816,#6817)
    ,(#6818,#6819,#6820,#6821)
    ,(#6822,#6823,#6824,#6825)
    ,(#6826,#6827,#6828,#6829)
    ,(#6830,#6831,#6832,#6833)
    ,(#6834,#6835,#6836,#6837)
    ,(#6838,#6839,#6840,#6841)
    ,(#6842,#6843,#6844,#6845
)),.UNSPECIFIED.,.F.,.F.,.F.) B_SPLINE_SURFACE_WITH_KNOTS((11,11),(4,4),
  (6.,7.),(0.,1.),.PIECEWISE_BEZIER_KNOTS.) 
GEOMETRIC_REPRESENTATION_ITEM() RATIONAL_B_SPLINE_SURFACE((
    (1.,1.,1.,1.)
    ,(1.,1.,1.,1.)
    ,(1.,1.,1.,1.)
    ,(1.,1.,1.,1.)
    ,(1.,1.,1.,1.)
    ,(1.,1.,1.,1.)
    ,(1.,1.,1.,1.)
    ,(1.,1.,1.,1.)
    ,(1.,1.,1.,1.)
    ,(1.,1.,1.,1.)
,(1.,1.,1.,1.))) REPRESENTATION_ITEM('') SURFACE() );
#6802 = CARTESIAN_POINT('',(-37.79213073791,0.771267974243,0.));
#6803 = CARTESIAN_POINT('',(22.763590509555,-0.464563071624,3.));
#6804 = CARTESIAN_POINT('',(-67.71485746365,1.381935866605,90.));
#6805 = CARTESIAN_POINT('',(-36.75,0.75,99.));
#6806 = CARTESIAN_POINT('',(-37.79527833353,0.617035789232,0.));
#6807 = CARTESIAN_POINT('',(22.777842712702,-0.337077857202,3.));
#6808 = CARTESIAN_POINT('',(-67.71901588225,1.011754409159,90.));
#6809 = CARTESIAN_POINT('',(-36.98561944901,0.75,99.));
#6810 = CARTESIAN_POINT('',(-37.79772656053,0.462789330996,0.));
#6811 = CARTESIAN_POINT('',(22.773037933434,-0.226865742579,3.));
#6812 = CARTESIAN_POINT('',(-67.68174843734,0.689592953924,90.));
#6813 = CARTESIAN_POINT('',(-37.22124107155,0.667753520049,99.));
#6814 = CARTESIAN_POINT('',(-37.79947534612,0.308532167841,0.));
#6815 = CARTESIAN_POINT('',(22.758790589105,-0.13628483069,3.));
#6816 = CARTESIAN_POINT('',(-67.62766603524,0.420226532402,90.));
#6817 = CARTESIAN_POINT('',(-37.42455043143,0.503258522416,99.));
#6818 = CARTESIAN_POINT('',(-37.80052463827,0.154267868074,0.));
#6819 = CARTESIAN_POINT('',(22.744998603816,-6.301040528433E-02,3.));
#6820 = CARTESIAN_POINT('',(-67.58193558956,0.196646767552,90.));
#6821 = CARTESIAN_POINT('',(-37.56330541722,0.271019590411,99.));
#6822 = CARTESIAN_POINT('',(-37.80087440579,4.640732242933E-15,0.));
#6823 = CARTESIAN_POINT('',(22.73941830552,-7.367948843632E-15,3.));
#6824 = CARTESIAN_POINT('',(-67.56420577698,5.591938948927E-15,90.));
#6825 = CARTESIAN_POINT('',(-37.61268047281,-3.863576125696E-15,99.));
#6826 = CARTESIAN_POINT('',(-37.80052463827,-0.154267868074,0.));
#6827 = CARTESIAN_POINT('',(22.744998603815,6.301040528432E-02,3.));
#6828 = CARTESIAN_POINT('',(-67.58193558956,-0.196646767552,90.));
#6829 = CARTESIAN_POINT('',(-37.56330541722,-0.271019590411,99.));
#6830 = CARTESIAN_POINT('',(-37.79947534612,-0.308532167841,0.));
#6831 = CARTESIAN_POINT('',(22.758790589106,0.13628483069,3.));
#6832 = CARTESIAN_POINT('',(-67.62766603525,-0.420226532402,90.));
#6833 = CARTESIAN_POINT('',(-37.42455043143,-0.503258522416,99.));
#6834 = CARTESIAN_POINT('',(-37.79772656053,-0.462789330996,0.));
#6835 = CARTESIAN_POINT('',(22.773037933433,0.226865742579,3.));
#6836 = CARTESIAN_POINT('',(-67.68174843734,-0.689592953924,90.));
#6837 = CARTESIAN_POINT('',(-37.22124107156,-0.667753520049,99.));
#6838 = CARTESIAN_POINT('',(-37.79527833353,-0.617035789232,0.));
#6839 = CARTESIAN_POINT('',(22.777842712702,0.337077857202,3.));
#6840 = CARTESIAN_POINT('',(-67.71901588225,-1.011754409159,90.));
#6841 = CARTESIAN_POINT('',(-36.98561944901,-0.75,99.));
#6842 = CARTESIAN_POINT('',(-37.79213073791,-0.771267974243,0.));
#6843 = CARTESIAN_POINT('',(22.763590509555,0.464563071624,3.));
#6844 = CARTESIAN_POINT('',(-67.71485746365,-1.381935866605,90.));
#6845 = CARTESIAN_POINT('',(-36.75,-0.75,99.));
#6846 = DEFINITIONAL_REPRESENTATION('',(#6847),#6851);
#6847 = LINE('',#6848,#6849);
#6848 = CARTESIAN_POINT('',(6.,0.));
#6849 = VECTOR('',#6850,1.);
#6850 = DIRECTION('',(0.,1.));
#6851 = ( GEOMETRIC_REPRESENTATION_CONTEXT(2) 
PARAMETRIC_REPRESENTATION_CONTEXT() REPRESENTATION_CONTEXT('2D SPACE',''
  ) );
#6852 = ORIENTED_EDGE('',*,*,#6853,.F.);
#6853 = EDGE_CURVE('',#6480,#6785,#6854,.T.);
#6854 = SURFACE_CURVE('',#6855,(#6867,#6874),.PCURVE_S1.);
#6855 = B_SPLINE_CURVE_WITH_KNOTS('',10,(#6856,#6857,#6858,#6859,#6860,
    #6861,#6862,#6863,#6864,#6865,#6866),.UNSPECIFIED.,.F.,.F.,(11,11),(
    5.,6.),.PIECEWISE_BEZIER_KNOTS.);
#6856 = CARTESIAN_POINT('',(-15.32142857142,0.75,99.));
#6857 = CARTESIAN_POINT('',(-17.46428571428,0.75,99.));
#6858 = CARTESIAN_POINT('',(-19.60714285714,0.75,99.));
#6859 = CARTESIAN_POINT('',(-21.75,0.75,99.));
#6860 = CARTESIAN_POINT('',(-23.89285714285,0.75,99.));
#6861 = CARTESIAN_POINT('',(-26.03571428571,0.75,99.));
#6862 = CARTESIAN_POINT('',(-28.17857142857,0.75,99.));
#6863 = CARTESIAN_POINT('',(-30.32142857142,0.75,99.));
#6864 = CARTESIAN_POINT('',(-32.46428571428,0.75,99.));
#6865 = CARTESIAN_POINT('',(-34.60714285714,0.75,99.));
#6866 = CARTESIAN_POINT('',(-36.75,0.75,99.));
#6867 = PCURVE('',#4277,#6868);
#6868 = DEFINITIONAL_REPRESENTATION('',(#6869),#6873);
#6869 = LINE('',#6870,#6871);
#6870 = CARTESIAN_POINT('',(0.,1.));
#6871 = VECTOR('',#6872,1.);
#6872 = DIRECTION('',(1.,0.));
#6873 = ( GEOMETRIC_REPRESENTATION_CONTEXT(2) 
PARAMETRIC_REPRESENTATION_CONTEXT() REPRESENTATION_CONTEXT('2D SPACE',''
  ) );
#6874 = PCURVE('',#6037,#6875);
#6875 = DEFINITIONAL_REPRESENTATION('',(#6876),#6888);
#6876 = B_SPLINE_CURVE_WITH_KNOTS('',10,(#6877,#6878,#6879,#6880,#6881,
    #6882,#6883,#6884,#6885,#6886,#6887),.UNSPECIFIED.,.F.,.F.,(11,11),(
    5.,6.),.PIECEWISE_BEZIER_KNOTS.);
#6877 = CARTESIAN_POINT('',(21.428571428572,0.));
#6878 = CARTESIAN_POINT('',(19.285714285715,0.));
#6879 = CARTESIAN_POINT('',(17.142857142858,0.));
#6880 = CARTESIAN_POINT('',(15.,0.));
#6881 = CARTESIAN_POINT('',(12.857142857143,0.));
#6882 = CARTESIAN_POINT('',(10.714285714286,0.));
#6883 = CARTESIAN_POINT('',(8.571428571429,0.));
#6884 = CARTESIAN_POINT('',(6.428571428572,0.));
#6885 = CARTESIAN_POINT('',(4.285714285714,0.));
#6886 = CARTESIAN_POINT('',(2.142857142857,0.));
#6887 = CARTESIAN_POINT('',(-7.105427357601E-15,0.));
#6888 = ( GEOMETRIC_REPRESENTATION_CONTEXT(2) 
PARAMETRIC_REPRESENTATION_CONTEXT() REPRESENTATION_CONTEXT('2D SPACE',''
  ) );
#6889 = ADVANCED_FACE('',(#6890),#4193,.F.);
#6890 = FACE_BOUND('',#6891,.F.);
#6891 = EDGE_LOOP('',(#6892,#6893,#6894,#6895));
#6892 = ORIENTED_EDGE('',*,*,#6546,.F.);
#6893 = ORIENTED_EDGE('',*,*,#4161,.T.);
#6894 = ORIENTED_EDGE('',*,*,#4883,.T.);
#6895 = ORIENTED_EDGE('',*,*,#6896,.T.);
#6896 = EDGE_CURVE('',#4884,#6547,#6897,.T.);
#6897 = SURFACE_CURVE('',#6898,(#6925,#6955),.PCURVE_S1.);
#6898 = B_SPLINE_CURVE_WITH_KNOTS('',5,(#6899,#6900,#6901,#6902,#6903,
    #6904,#6905,#6906,#6907,#6908,#6909,#6910,#6911,#6912,#6913,#6914,
    #6915,#6916,#6917,#6918,#6919,#6920,#6921,#6922,#6923,#6924),
  .UNSPECIFIED.,.F.,.F.,(6,4,4,4,4,4,6),(0.,0.128778209935,
    0.229312746495,0.5,0.770687253505,0.871221790065,1.),.UNSPECIFIED.);
#6899 = CARTESIAN_POINT('',(-41.64034852392,-0.849803031101,80.7));
#6900 = CARTESIAN_POINT('',(-41.66741980826,-0.812328649643,80.7));
#6901 = CARTESIAN_POINT('',(-41.69310289397,-0.773711162177,80.7));
#6902 = CARTESIAN_POINT('',(-41.71730932488,-0.734016753956,80.7));
#6903 = CARTESIAN_POINT('',(-41.73996056536,-0.693323021802,80.7));
#6904 = CARTESIAN_POINT('',(-41.7774036924,-0.619239537901,80.7));
#6905 = CARTESIAN_POINT('',(-41.79282984586,-0.586205049175,80.7));
#6906 = CARTESIAN_POINT('',(-41.80723392159,-0.552657646822,80.7));
#6907 = CARTESIAN_POINT('',(-41.82058755016,-0.518642398756,80.7));
#6908 = CARTESIAN_POINT('',(-41.86592744788,-0.391491483968,80.7));
#6909 = CARTESIAN_POINT('',(-41.89119966843,-0.295724671043,80.7));
#6910 = CARTESIAN_POINT('',(-41.90820669695,-0.197859418138,80.7));
#6911 = CARTESIAN_POINT('',(-41.91671097198,-9.892615730962E-02,80.7));
#6912 = CARTESIAN_POINT('',(-41.91671097198,9.892615731022E-02,80.7));
#6913 = CARTESIAN_POINT('',(-41.90820669695,0.197859418139,80.7));
#6914 = CARTESIAN_POINT('',(-41.89119966843,0.295724671044,80.7));
#6915 = CARTESIAN_POINT('',(-41.86592744788,0.391491483969,80.7));
#6916 = CARTESIAN_POINT('',(-41.82058755016,0.518642398757,80.7));
#6917 = CARTESIAN_POINT('',(-41.80723392159,0.552657646823,80.7));
#6918 = CARTESIAN_POINT('',(-41.79282984586,0.586205049176,80.7));
#6919 = CARTESIAN_POINT('',(-41.7774036924,0.619239537902,80.7));
#6920 = CARTESIAN_POINT('',(-41.73996056536,0.693323021803,80.7));
#6921 = CARTESIAN_POINT('',(-41.71730932488,0.734016753956,80.7));
#6922 = CARTESIAN_POINT('',(-41.69310289397,0.773711162177,80.7));
#6923 = CARTESIAN_POINT('',(-41.66741980826,0.812328649643,80.7));
#6924 = CARTESIAN_POINT('',(-41.64034852392,0.849803031101,80.7));
#6925 = PCURVE('',#4193,#6926);
#6926 = DEFINITIONAL_REPRESENTATION('',(#6927),#6954);
#6927 = B_SPLINE_CURVE_WITH_KNOTS('',5,(#6928,#6929,#6930,#6931,#6932,
    #6933,#6934,#6935,#6936,#6937,#6938,#6939,#6940,#6941,#6942,#6943,
    #6944,#6945,#6946,#6947,#6948,#6949,#6950,#6951,#6952,#6953),
  .UNSPECIFIED.,.F.,.F.,(6,4,4,4,4,4,6),(0.,0.128778209935,
    0.229312746495,0.5,0.770687253505,0.871221790065,1.),.UNSPECIFIED.);
#6928 = CARTESIAN_POINT('',(7.,0.754808530097));
#6929 = CARTESIAN_POINT('',(6.97324312237,0.754808530097));
#6930 = CARTESIAN_POINT('',(6.946682178402,0.754808530097));
#6931 = CARTESIAN_POINT('',(6.920299626593,0.754808530097));
#6932 = CARTESIAN_POINT('',(6.894078018751,0.754808530097));
#6933 = CARTESIAN_POINT('',(6.847641419687,0.754808530097));
#6934 = CARTESIAN_POINT('',(6.827370320341,0.754808530097));
#6935 = CARTESIAN_POINT('',(6.807178457126,0.754808530097));
#6936 = CARTESIAN_POINT('',(6.787057693256,0.754808530097));
#6937 = CARTESIAN_POINT('',(6.712995057172,0.754808530097));
#6938 = CARTESIAN_POINT('',(6.659443526936,0.754808530097));
#6939 = CARTESIAN_POINT('',(6.606199357817,0.754808530097));
#6940 = CARTESIAN_POINT('',(6.553097715408,0.754808530097));
#6941 = CARTESIAN_POINT('',(6.446902284592,0.754808530097));
#6942 = CARTESIAN_POINT('',(6.393800642183,0.754808530097));
#6943 = CARTESIAN_POINT('',(6.340556473063,0.754808530097));
#6944 = CARTESIAN_POINT('',(6.287004942827,0.754808530097));
#6945 = CARTESIAN_POINT('',(6.212942306744,0.754808530097));
#6946 = CARTESIAN_POINT('',(6.192821542874,0.754808530097));
#6947 = CARTESIAN_POINT('',(6.172629679659,0.754808530097));
#6948 = CARTESIAN_POINT('',(6.152358580313,0.754808530097));
#6949 = CARTESIAN_POINT('',(6.105921981248,0.754808530097));
#6950 = CARTESIAN_POINT('',(6.079700373407,0.754808530097));
#6951 = CARTESIAN_POINT('',(6.053317821598,0.754808530097));
#6952 = CARTESIAN_POINT('',(6.02675687763,0.754808530097));
#6953 = CARTESIAN_POINT('',(6.,0.754808530097));
#6954 = ( GEOMETRIC_REPRESENTATION_CONTEXT(2) 
PARAMETRIC_REPRESENTATION_CONTEXT() REPRESENTATION_CONTEXT('2D SPACE',''
  ) );
#6955 = PCURVE('',#5254,#6956);
#6956 = DEFINITIONAL_REPRESENTATION('',(#6957),#6984);
#6957 = B_SPLINE_CURVE_WITH_KNOTS('',5,(#6958,#6959,#6960,#6961,#6962,
    #6963,#6964,#6965,#6966,#6967,#6968,#6969,#6970,#6971,#6972,#6973,
    #6974,#6975,#6976,#6977,#6978,#6979,#6980,#6981,#6982,#6983),
  .UNSPECIFIED.,.F.,.F.,(6,4,4,4,4,4,6),(0.,0.128778209935,
    0.229312746495,0.5,0.770687253505,0.871221790065,1.),.UNSPECIFIED.);
#6958 = CARTESIAN_POINT('',(-41.64034852392,-0.849803031101));
#6959 = CARTESIAN_POINT('',(-41.66741980826,-0.812328649643));
#6960 = CARTESIAN_POINT('',(-41.69310289397,-0.773711162177));
#6961 = CARTESIAN_POINT('',(-41.71730932488,-0.734016753956));
#6962 = CARTESIAN_POINT('',(-41.73996056536,-0.693323021802));
#6963 = CARTESIAN_POINT('',(-41.7774036924,-0.619239537901));
#6964 = CARTESIAN_POINT('',(-41.79282984586,-0.586205049175));
#6965 = CARTESIAN_POINT('',(-41.80723392159,-0.552657646822));
#6966 = CARTESIAN_POINT('',(-41.82058755016,-0.518642398756));
#6967 = CARTESIAN_POINT('',(-41.86592744788,-0.391491483968));
#6968 = CARTESIAN_POINT('',(-41.89119966843,-0.295724671043));
#6969 = CARTESIAN_POINT('',(-41.90820669695,-0.197859418138));
#6970 = CARTESIAN_POINT('',(-41.91671097198,-9.892615730963E-02));
#6971 = CARTESIAN_POINT('',(-41.91671097198,9.892615731022E-02));
#6972 = CARTESIAN_POINT('',(-41.90820669695,0.197859418139));
#6973 = CARTESIAN_POINT('',(-41.89119966843,0.295724671044));
#6974 = CARTESIAN_POINT('',(-41.86592744788,0.391491483969));
#6975 = CARTESIAN_POINT('',(-41.82058755016,0.518642398757));
#6976 = CARTESIAN_POINT('',(-41.80723392159,0.552657646823));
#6977 = CARTESIAN_POINT('',(-41.79282984586,0.586205049176));
#6978 = CARTESIAN_POINT('',(-41.7774036924,0.619239537902));
#6979 = CARTESIAN_POINT('',(-41.73996056536,0.693323021803));
#6980 = CARTESIAN_POINT('',(-41.71730932488,0.734016753956));
#6981 = CARTESIAN_POINT('',(-41.69310289397,0.773711162177));
#6982 = CARTESIAN_POINT('',(-41.66741980826,0.812328649643));
#6983 = CARTESIAN_POINT('',(-41.64034852392,0.849803031101));
#6984 = ( GEOMETRIC_REPRESENTATION_CONTEXT(2) 
PARAMETRIC_REPRESENTATION_CONTEXT() REPRESENTATION_CONTEXT('2D SPACE',''
  ) );
#6985 = ADVANCED_FACE('',(#6986),#5278,.T.);
#6986 = FACE_BOUND('',#6987,.F.);
#6987 = EDGE_LOOP('',(#6988,#6989,#7012,#7034));
#6988 = ORIENTED_EDGE('',*,*,#5318,.F.);
#6989 = ORIENTED_EDGE('',*,*,#6990,.T.);
#6990 = EDGE_CURVE('',#5319,#6991,#6993,.T.);
#6991 = VERTEX_POINT('',#6992);
#6992 = CARTESIAN_POINT('',(44.75,0.,80.7));
#6993 = SURFACE_CURVE('',#6994,(#6998,#7005),.PCURVE_S1.);
#6994 = LINE('',#6995,#6996);
#6995 = CARTESIAN_POINT('',(44.75,0.,69.9));
#6996 = VECTOR('',#6997,1.);
#6997 = DIRECTION('',(0.,0.,1.));
#6998 = PCURVE('',#5278,#6999);
#6999 = DEFINITIONAL_REPRESENTATION('',(#7000),#7004);
#7000 = LINE('',#7001,#7002);
#7001 = CARTESIAN_POINT('',(-0.,0.));
#7002 = VECTOR('',#7003,1.);
#7003 = DIRECTION('',(-0.,-1.));
#7004 = ( GEOMETRIC_REPRESENTATION_CONTEXT(2) 
PARAMETRIC_REPRESENTATION_CONTEXT() REPRESENTATION_CONTEXT('2D SPACE',''
  ) );
#7005 = PCURVE('',#5359,#7006);
#7006 = DEFINITIONAL_REPRESENTATION('',(#7007),#7011);
#7007 = LINE('',#7008,#7009);
#7008 = CARTESIAN_POINT('',(-6.28318530718,0.));
#7009 = VECTOR('',#7010,1.);
#7010 = DIRECTION('',(-0.,-1.));
#7011 = ( GEOMETRIC_REPRESENTATION_CONTEXT(2) 
PARAMETRIC_REPRESENTATION_CONTEXT() REPRESENTATION_CONTEXT('2D SPACE',''
  ) );
#7012 = ORIENTED_EDGE('',*,*,#7013,.T.);
#7013 = EDGE_CURVE('',#6991,#5240,#7014,.T.);
#7014 = SURFACE_CURVE('',#7015,(#7020,#7027),.PCURVE_S1.);
#7015 = CIRCLE('',#7016,44.75);
#7016 = AXIS2_PLACEMENT_3D('',#7017,#7018,#7019);
#7017 = CARTESIAN_POINT('',(0.,0.,80.7));
#7018 = DIRECTION('',(0.,0.,1.));
#7019 = DIRECTION('',(1.,0.,0.));
#7020 = PCURVE('',#5278,#7021);
#7021 = DEFINITIONAL_REPRESENTATION('',(#7022),#7026);
#7022 = LINE('',#7023,#7024);
#7023 = CARTESIAN_POINT('',(-0.,-10.8));
#7024 = VECTOR('',#7025,1.);
#7025 = DIRECTION('',(-1.,0.));
#7026 = ( GEOMETRIC_REPRESENTATION_CONTEXT(2) 
PARAMETRIC_REPRESENTATION_CONTEXT() REPRESENTATION_CONTEXT('2D SPACE',''
  ) );
#7027 = PCURVE('',#5254,#7028);
#7028 = DEFINITIONAL_REPRESENTATION('',(#7029),#7033);
#7029 = CIRCLE('',#7030,44.75);
#7030 = AXIS2_PLACEMENT_2D('',#7031,#7032);
#7031 = CARTESIAN_POINT('',(2.933502854163E-15,-4.040240899597E-15));
#7032 = DIRECTION('',(1.,0.));
#7033 = ( GEOMETRIC_REPRESENTATION_CONTEXT(2) 
PARAMETRIC_REPRESENTATION_CONTEXT() REPRESENTATION_CONTEXT('2D SPACE',''
  ) );
#7034 = ORIENTED_EDGE('',*,*,#5265,.T.);
#7035 = ADVANCED_FACE('',(#7036),#5254,.T.);
#7036 = FACE_BOUND('',#7037,.T.);
#7037 = EDGE_LOOP('',(#7038,#7060,#7061,#7062,#7063,#7064,#7086,#7087,
    #7088));
#7038 = ORIENTED_EDGE('',*,*,#7039,.T.);
#7039 = EDGE_CURVE('',#5421,#6991,#7040,.T.);
#7040 = SURFACE_CURVE('',#7041,(#7046,#7053),.PCURVE_S1.);
#7041 = CIRCLE('',#7042,44.75);
#7042 = AXIS2_PLACEMENT_3D('',#7043,#7044,#7045);
#7043 = CARTESIAN_POINT('',(0.,0.,80.7));
#7044 = DIRECTION('',(0.,0.,1.));
#7045 = DIRECTION('',(1.,0.,0.));
#7046 = PCURVE('',#5254,#7047);
#7047 = DEFINITIONAL_REPRESENTATION('',(#7048),#7052);
#7048 = CIRCLE('',#7049,44.75);
#7049 = AXIS2_PLACEMENT_2D('',#7050,#7051);
#7050 = CARTESIAN_POINT('',(2.933502854163E-15,-4.040240899597E-15));
#7051 = DIRECTION('',(1.,0.));
#7052 = ( GEOMETRIC_REPRESENTATION_CONTEXT(2) 
PARAMETRIC_REPRESENTATION_CONTEXT() REPRESENTATION_CONTEXT('2D SPACE',''
  ) );
#7053 = PCURVE('',#5359,#7054);
#7054 = DEFINITIONAL_REPRESENTATION('',(#7055),#7059);
#7055 = LINE('',#7056,#7057);
#7056 = CARTESIAN_POINT('',(-0.,-10.8));
#7057 = VECTOR('',#7058,1.);
#7058 = DIRECTION('',(-1.,0.));
#7059 = ( GEOMETRIC_REPRESENTATION_CONTEXT(2) 
PARAMETRIC_REPRESENTATION_CONTEXT() REPRESENTATION_CONTEXT('2D SPACE',''
  ) );
#7060 = ORIENTED_EDGE('',*,*,#7013,.T.);
#7061 = ORIENTED_EDGE('',*,*,#5239,.T.);
#7062 = ORIENTED_EDGE('',*,*,#6896,.T.);
#7063 = ORIENTED_EDGE('',*,*,#6570,.T.);
#7064 = ORIENTED_EDGE('',*,*,#7065,.F.);
#7065 = EDGE_CURVE('',#6127,#6571,#7066,.T.);
#7066 = SURFACE_CURVE('',#7067,(#7072,#7079),.PCURVE_S1.);
#7067 = CIRCLE('',#7068,39.75);
#7068 = AXIS2_PLACEMENT_3D('',#7069,#7070,#7071);
#7069 = CARTESIAN_POINT('',(0.,0.,80.7));
#7070 = DIRECTION('',(0.,0.,1.));
#7071 = DIRECTION('',(1.,0.,0.));
#7072 = PCURVE('',#5254,#7073);
#7073 = DEFINITIONAL_REPRESENTATION('',(#7074),#7078);
#7074 = CIRCLE('',#7075,39.75);
#7075 = AXIS2_PLACEMENT_2D('',#7076,#7077);
#7076 = CARTESIAN_POINT('',(2.933502854163E-15,-4.040240899597E-15));
#7077 = DIRECTION('',(1.,0.));
#7078 = ( GEOMETRIC_REPRESENTATION_CONTEXT(2) 
PARAMETRIC_REPRESENTATION_CONTEXT() REPRESENTATION_CONTEXT('2D SPACE',''
  ) );
#7079 = PCURVE('',#6224,#7080);
#7080 = DEFINITIONAL_REPRESENTATION('',(#7081),#7085);
#7081 = LINE('',#7082,#7083);
#7082 = CARTESIAN_POINT('',(-0.,0.));
#7083 = VECTOR('',#7084,1.);
#7084 = DIRECTION('',(-1.,0.));
#7085 = ( GEOMETRIC_REPRESENTATION_CONTEXT(2) 
PARAMETRIC_REPRESENTATION_CONTEXT() REPRESENTATION_CONTEXT('2D SPACE',''
  ) );
#7086 = ORIENTED_EDGE('',*,*,#6277,.T.);
#7087 = ORIENTED_EDGE('',*,*,#5893,.T.);
#7088 = ORIENTED_EDGE('',*,*,#5441,.T.);
#7089 = ADVANCED_FACE('',(#7090),#5359,.T.);
#7090 = FACE_BOUND('',#7091,.F.);
#7091 = EDGE_LOOP('',(#7092,#7093,#7094,#7095));
#7092 = ORIENTED_EDGE('',*,*,#6990,.F.);
#7093 = ORIENTED_EDGE('',*,*,#5342,.F.);
#7094 = ORIENTED_EDGE('',*,*,#5420,.F.);
#7095 = ORIENTED_EDGE('',*,*,#7039,.T.);
#7096 = ADVANCED_FACE('',(#7097),#6224,.T.);
#7097 = FACE_BOUND('',#7098,.F.);
#7098 = EDGE_LOOP('',(#7099,#7100,#7210,#7238,#7267,#7293,#7443,#7444));
#7099 = ORIENTED_EDGE('',*,*,#6126,.F.);
#7100 = ORIENTED_EDGE('',*,*,#7101,.T.);
#7101 = EDGE_CURVE('',#6058,#7102,#7104,.T.);
#7102 = VERTEX_POINT('',#7103);
#7103 = CARTESIAN_POINT('',(39.75,0.,98.064636865758));
#7104 = SURFACE_CURVE('',#7105,(#7138,#7174),.PCURVE_S1.);
#7105 = B_SPLINE_CURVE_WITH_KNOTS('',6,(#7106,#7107,#7108,#7109,#7110,
    #7111,#7112,#7113,#7114,#7115,#7116,#7117,#7118,#7119,#7120,#7121,
    #7122,#7123,#7124,#7125,#7126,#7127,#7128,#7129,#7130,#7131,#7132,
    #7133,#7134,#7135,#7136,#7137),.UNSPECIFIED.,.F.,.F.,(7,5,5,5,5,5,7)
  ,(0.,0.208133644036,0.363873660848,0.43550814977,0.558122547389,
    0.938201076344,1.),.UNSPECIFIED.);
#7106 = CARTESIAN_POINT('',(39.741724783922,0.811055607835,
    97.662934369643));
#7107 = CARTESIAN_POINT('',(39.741875760513,0.803657754889,
    97.688457716842));
#7108 = CARTESIAN_POINT('',(39.74207222643,0.793949350383,
    97.713641432969));
#7109 = CARTESIAN_POINT('',(39.742312995635,0.781896309706,
    97.738339653167));
#7110 = CARTESIAN_POINT('',(39.742594995565,0.767497447494,
    97.762406516431));
#7111 = CARTESIAN_POINT('',(39.742913299659,0.750799156736,
    97.785701311584));
#7112 = CARTESIAN_POINT('',(39.743521453024,0.717775977503,
    97.824849102716));
#7113 = CARTESIAN_POINT('',(39.743798334802,0.702413426938,
    97.841101462881));
#7114 = CARTESIAN_POINT('',(39.744089024504,0.685866738886,
    97.856796764178));
#7115 = CARTESIAN_POINT('',(39.744390328213,0.668193741936,
    97.87189102005));
#7116 = CARTESIAN_POINT('',(39.744698838804,0.64946345724,
    97.886349249581));
#7117 = CARTESIAN_POINT('',(39.745154780741,0.620688055869,
    97.906489834875));
#7118 = CARTESIAN_POINT('',(39.745299231047,0.611414891547,
    97.912695034728));
#7119 = CARTESIAN_POINT('',(39.745444154953,0.601941692148,
    97.918757660461));
#7120 = CARTESIAN_POINT('',(39.745589226365,0.592275999805,
    97.924675649273));
#7121 = CARTESIAN_POINT('',(39.745734124991,0.582425478837,
    97.930447344777));
#7122 = CARTESIAN_POINT('',(39.746125720513,0.555234065961,
    97.945698173289));
#7123 = CARTESIAN_POINT('',(39.746371484217,0.537551316221,
    97.95489236952));
#7124 = CARTESIAN_POINT('',(39.746614245531,0.519388867359,
    97.963648258138));
#7125 = CARTESIAN_POINT('',(39.746852537864,0.500784908541,
    97.971962421056));
#7126 = CARTESIAN_POINT('',(39.74708500996,0.48177661727,97.979833849658
    ));
#7127 = CARTESIAN_POINT('',(39.748009167311,0.402337265048,
    98.010295657912));
#7128 = CARTESIAN_POINT('',(39.748639685887,0.338775983932,
    98.029069294018));
#7129 = CARTESIAN_POINT('',(39.749166637877,0.272705250225,
    98.043657123158));
#7130 = CARTESIAN_POINT('',(39.749565887099,0.205001302555,
    98.054199769467));
#7131 = CARTESIAN_POINT('',(39.749825921607,0.136377938026,
    98.060815746738));
#7132 = CARTESIAN_POINT('',(39.749961896959,5.616960389942E-02,
    98.063973820145));
#7133 = CARTESIAN_POINT('',(39.749977130322,4.4943038808E-02,
    98.064312364969));
#7134 = CARTESIAN_POINT('',(39.749988564236,3.371014099817E-02,
    98.064547903333));
#7135 = CARTESIAN_POINT('',(39.749996188771,2.247356975892E-02,
    98.064680501698));
#7136 = CARTESIAN_POINT('',(39.75,1.123597554962E-02,98.064710170822));
#7137 = CARTESIAN_POINT('',(39.75,-9.719992588918E-15,98.064636865758));
#7138 = PCURVE('',#6224,#7139);
#7139 = DEFINITIONAL_REPRESENTATION('',(#7140),#7173);
#7140 = B_SPLINE_CURVE_WITH_KNOTS('',6,(#7141,#7142,#7143,#7144,#7145,
    #7146,#7147,#7148,#7149,#7150,#7151,#7152,#7153,#7154,#7155,#7156,
    #7157,#7158,#7159,#7160,#7161,#7162,#7163,#7164,#7165,#7166,#7167,
    #7168,#7169,#7170,#7171,#7172),.UNSPECIFIED.,.F.,.F.,(7,5,5,5,5,5,7)
  ,(0.,0.208133644036,0.363873660848,0.43550814977,0.558122547389,
    0.938201076344,1.),.UNSPECIFIED.);
#7141 = CARTESIAN_POINT('',(-2.040533068654E-02,-16.96293436964));
#7142 = CARTESIAN_POINT('',(-2.021918242583E-02,-16.98845771684));
#7143 = CARTESIAN_POINT('',(-1.997489583361E-02,-17.01364143296));
#7144 = CARTESIAN_POINT('',(-1.967161420718E-02,-17.03833965316));
#7145 = CARTESIAN_POINT('',(-1.930930927133E-02,-17.06240651643));
#7146 = CARTESIAN_POINT('',(-1.888915025751E-02,-17.08570131158));
#7147 = CARTESIAN_POINT('',(-1.805823758781E-02,-17.12484910271));
#7148 = CARTESIAN_POINT('',(-1.767169559181E-02,-17.14110146288));
#7149 = CARTESIAN_POINT('',(-1.725536254861E-02,-17.15679676417));
#7150 = CARTESIAN_POINT('',(-1.681069434267E-02,-17.17189102005));
#7151 = CARTESIAN_POINT('',(-1.633942839044E-02,-17.18634924958));
#7152 = CARTESIAN_POINT('',(-1.561542805558E-02,-17.20648983487));
#7153 = CARTESIAN_POINT('',(-1.53821126093E-02,-17.21269503472));
#7154 = CARTESIAN_POINT('',(-1.514376525549E-02,-17.21875766046));
#7155 = CARTESIAN_POINT('',(-1.490057581323E-02,-17.22467564927));
#7156 = CARTESIAN_POINT('',(-1.465273716787E-02,-17.23044734477));
#7157 = CARTESIAN_POINT('',(-1.396860553266E-02,-17.24569817328));
#7158 = CARTESIAN_POINT('',(-1.352371357668E-02,-17.25489236952));
#7159 = CARTESIAN_POINT('',(-1.306675591012E-02,-17.26364825813));
#7160 = CARTESIAN_POINT('',(-1.259869351115E-02,-17.27196242105));
#7161 = CARTESIAN_POINT('',(-1.212046182908E-02,-17.27983384965));
#7162 = CARTESIAN_POINT('',(-1.012185232894E-02,-17.31029565791));
#7163 = CARTESIAN_POINT('',(-8.522750056001E-03,-17.32906929401));
#7164 = CARTESIAN_POINT('',(-6.8605453139E-03,-17.34365712315));
#7165 = CARTESIAN_POINT('',(-5.157277397016E-03,-17.35419976946));
#7166 = CARTESIAN_POINT('',(-3.430894828736E-03,-17.36081574673));
#7167 = CARTESIAN_POINT('',(-1.413072202717E-03,-17.36397382014));
#7168 = CARTESIAN_POINT('',(-1.130642648471E-03,-17.36431236496));
#7169 = CARTESIAN_POINT('',(-8.480539022421E-04,-17.36454790333));
#7170 = CARTESIAN_POINT('',(-5.653728240599E-04,-17.36468050169));
#7171 = CARTESIAN_POINT('',(-2.82666051563E-04,-17.36471017082));
#7172 = CARTESIAN_POINT('',(0.,-17.36463686575));
#7173 = ( GEOMETRIC_REPRESENTATION_CONTEXT(2) 
PARAMETRIC_REPRESENTATION_CONTEXT() REPRESENTATION_CONTEXT('2D SPACE',''
  ) );
#7174 = PCURVE('',#6074,#7175);
#7175 = DEFINITIONAL_REPRESENTATION('',(#7176),#7209);
#7176 = B_SPLINE_CURVE_WITH_KNOTS('',6,(#7177,#7178,#7179,#7180,#7181,
    #7182,#7183,#7184,#7185,#7186,#7187,#7188,#7189,#7190,#7191,#7192,
    #7193,#7194,#7195,#7196,#7197,#7198,#7199,#7200,#7201,#7202,#7203,
    #7204,#7205,#7206,#7207,#7208),.UNSPECIFIED.,.F.,.F.,(7,5,5,5,5,5,7)
  ,(0.,0.208133644036,0.363873660848,0.43550814977,0.558122547389,
    0.938201076344,1.),.UNSPECIFIED.);
#7177 = CARTESIAN_POINT('',(1.,0.962407805286));
#7178 = CARTESIAN_POINT('',(0.981507891821,0.962989118698));
#7179 = CARTESIAN_POINT('',(0.962989529296,0.96356668083));
#7180 = CARTESIAN_POINT('',(0.944458072344,0.96413708478));
#7181 = CARTESIAN_POINT('',(0.92593115787,0.964696757099));
#7182 = CARTESIAN_POINT('',(0.907433577913,0.965242092051));
#7183 = CARTESIAN_POINT('',(0.87520664571,0.966164293304));
#7184 = CARTESIAN_POINT('',(0.861447390703,0.966549063394));
#7185 = CARTESIAN_POINT('',(0.847736049711,0.966922447083));
#7186 = CARTESIAN_POINT('',(0.83408429362,0.967283190365));
#7187 = CARTESIAN_POINT('',(0.820502376489,0.967630230027));
#7188 = CARTESIAN_POINT('',(0.800789280929,0.96811560807));
#7189 = CARTESIAN_POINT('',(0.79459530793,0.968265445783));
#7190 = CARTESIAN_POINT('',(0.78841878059,0.968412120651));
#7191 = CARTESIAN_POINT('',(0.782260364224,0.968555560598));
#7192 = CARTESIAN_POINT('',(0.77612059464,0.968695703367));
#7193 = CARTESIAN_POINT('',(0.759523249106,0.969066640831));
#7194 = CARTESIAN_POINT('',(0.749102498953,0.969290967194));
#7195 = CARTESIAN_POINT('',(0.738739495119,0.969505222342));
#7196 = CARTESIAN_POINT('',(0.728435051592,0.969709217401));
#7197 = CARTESIAN_POINT('',(0.718188928912,0.969902827885));
#7198 = CARTESIAN_POINT('',(0.67641580966,0.970653768701));
#7199 = CARTESIAN_POINT('',(0.645401535078,0.971120761129));
#7200 = CARTESIAN_POINT('',(0.614875807063,0.971485965404));
#7201 = CARTESIAN_POINT('',(0.584727731327,0.971750861844));
#7202 = CARTESIAN_POINT('',(0.554830972178,0.971917327412));
#7203 = CARTESIAN_POINT('',(0.52014934398,0.971996817236));
#7204 = CARTESIAN_POINT('',(0.515300972569,0.972005340174));
#7205 = CARTESIAN_POINT('',(0.510453970957,0.972011270609));
#7206 = CARTESIAN_POINT('',(0.505607667775,0.972014609335));
#7207 = CARTESIAN_POINT('',(0.500761390156,0.972015356303));
#7208 = CARTESIAN_POINT('',(0.495914463738,0.972013510619));
#7209 = ( GEOMETRIC_REPRESENTATION_CONTEXT(2) 
PARAMETRIC_REPRESENTATION_CONTEXT() REPRESENTATION_CONTEXT('2D SPACE',''
  ) );
#7210 = ORIENTED_EDGE('',*,*,#7211,.T.);
#7211 = EDGE_CURVE('',#7102,#7212,#7214,.T.);
#7212 = VERTEX_POINT('',#7213);
#7213 = CARTESIAN_POINT('',(39.75,0.,109.));
#7214 = SURFACE_CURVE('',#7215,(#7219,#7226),.PCURVE_S1.);
#7215 = LINE('',#7216,#7217);
#7216 = CARTESIAN_POINT('',(39.75,0.,80.7));
#7217 = VECTOR('',#7218,1.);
#7218 = DIRECTION('',(0.,0.,1.));
#7219 = PCURVE('',#6224,#7220);
#7220 = DEFINITIONAL_REPRESENTATION('',(#7221),#7225);
#7221 = LINE('',#7222,#7223);
#7222 = CARTESIAN_POINT('',(-0.,0.));
#7223 = VECTOR('',#7224,1.);
#7224 = DIRECTION('',(-0.,-1.));
#7225 = ( GEOMETRIC_REPRESENTATION_CONTEXT(2) 
PARAMETRIC_REPRESENTATION_CONTEXT() REPRESENTATION_CONTEXT('2D SPACE',''
  ) );
#7226 = PCURVE('',#7227,#7232);
#7227 = CYLINDRICAL_SURFACE('',#7228,39.75);
#7228 = AXIS2_PLACEMENT_3D('',#7229,#7230,#7231);
#7229 = CARTESIAN_POINT('',(0.,0.,80.7));
#7230 = DIRECTION('',(-0.,-0.,-1.));
#7231 = DIRECTION('',(1.,0.,0.));
#7232 = DEFINITIONAL_REPRESENTATION('',(#7233),#7237);
#7233 = LINE('',#7234,#7235);
#7234 = CARTESIAN_POINT('',(-6.28318530718,0.));
#7235 = VECTOR('',#7236,1.);
#7236 = DIRECTION('',(-0.,-1.));
#7237 = ( GEOMETRIC_REPRESENTATION_CONTEXT(2) 
PARAMETRIC_REPRESENTATION_CONTEXT() REPRESENTATION_CONTEXT('2D SPACE',''
  ) );
#7238 = ORIENTED_EDGE('',*,*,#7239,.T.);
#7239 = EDGE_CURVE('',#7212,#7240,#7242,.T.);
#7240 = VERTEX_POINT('',#7241);
#7241 = CARTESIAN_POINT('',(-39.75,-5.670707908706E-06,109.));
#7242 = SURFACE_CURVE('',#7243,(#7248,#7255),.PCURVE_S1.);
#7243 = CIRCLE('',#7244,39.75);
#7244 = AXIS2_PLACEMENT_3D('',#7245,#7246,#7247);
#7245 = CARTESIAN_POINT('',(0.,0.,109.));
#7246 = DIRECTION('',(0.,0.,1.));
#7247 = DIRECTION('',(1.,0.,0.));
#7248 = PCURVE('',#6224,#7249);
#7249 = DEFINITIONAL_REPRESENTATION('',(#7250),#7254);
#7250 = LINE('',#7251,#7252);
#7251 = CARTESIAN_POINT('',(-0.,-28.3));
#7252 = VECTOR('',#7253,1.);
#7253 = DIRECTION('',(-1.,0.));
#7254 = ( GEOMETRIC_REPRESENTATION_CONTEXT(2) 
PARAMETRIC_REPRESENTATION_CONTEXT() REPRESENTATION_CONTEXT('2D SPACE',''
  ) );
#7255 = PCURVE('',#7256,#7261);
#7256 = PLANE('',#7257);
#7257 = AXIS2_PLACEMENT_3D('',#7258,#7259,#7260);
#7258 = CARTESIAN_POINT('',(-4.403329231825E-15,5.790076070423E-16,109.)
  );
#7259 = DIRECTION('',(0.,0.,1.));
#7260 = DIRECTION('',(1.,0.,-0.));
#7261 = DEFINITIONAL_REPRESENTATION('',(#7262),#7266);
#7262 = CIRCLE('',#7263,39.75);
#7263 = AXIS2_PLACEMENT_2D('',#7264,#7265);
#7264 = CARTESIAN_POINT('',(4.403329231825E-15,-5.790076070423E-16));
#7265 = DIRECTION('',(1.,0.));
#7266 = ( GEOMETRIC_REPRESENTATION_CONTEXT(2) 
PARAMETRIC_REPRESENTATION_CONTEXT() REPRESENTATION_CONTEXT('2D SPACE',''
  ) );
#7267 = ORIENTED_EDGE('',*,*,#7268,.T.);
#7268 = EDGE_CURVE('',#7240,#7269,#7271,.T.);
#7269 = VERTEX_POINT('',#7270);
#7270 = CARTESIAN_POINT('',(-39.75,-5.670707919993E-06,98.064694677996)
  );
#7271 = SURFACE_CURVE('',#7272,(#7276,#7282),.PCURVE_S1.);
#7272 = LINE('',#7273,#7274);
#7273 = CARTESIAN_POINT('',(-39.75,-5.670707919931E-06,80.7));
#7274 = VECTOR('',#7275,1.);
#7275 = DIRECTION('',(-0.,-0.,-1.));
#7276 = PCURVE('',#6224,#7277);
#7277 = DEFINITIONAL_REPRESENTATION('',(#7278),#7281);
#7278 = B_SPLINE_CURVE_WITH_KNOTS('',1,(#7279,#7280),.UNSPECIFIED.,.F.,
  .F.,(2,2),(-28.3000006,1.199999999812E-06),.PIECEWISE_BEZIER_KNOTS.);
#7279 = CARTESIAN_POINT('',(-3.141592796249,-28.3000006));
#7280 = CARTESIAN_POINT('',(-3.141592796249,1.199999999812E-06));
#7281 = ( GEOMETRIC_REPRESENTATION_CONTEXT(2) 
PARAMETRIC_REPRESENTATION_CONTEXT() REPRESENTATION_CONTEXT('2D SPACE',''
  ) );
#7282 = PCURVE('',#7283,#7288);
#7283 = PLANE('',#7284);
#7284 = AXIS2_PLACEMENT_3D('',#7285,#7286,#7287);
#7285 = CARTESIAN_POINT('',(1.847204318023E-04,-5.670707919931E-06,
    52.831249336744));
#7286 = DIRECTION('',(-0.,-1.,-0.));
#7287 = DIRECTION('',(0.,0.,-1.));
#7288 = DEFINITIONAL_REPRESENTATION('',(#7289),#7292);
#7289 = B_SPLINE_CURVE_WITH_KNOTS('',1,(#7290,#7291),.UNSPECIFIED.,.F.,
  .F.,(2,2),(-28.3000006,1.199999999812E-06),.PIECEWISE_BEZIER_KNOTS.);
#7290 = CARTESIAN_POINT('',(-56.16875126325,-39.75018472043));
#7291 = CARTESIAN_POINT('',(-27.86874946325,-39.75018472043));
#7292 = ( GEOMETRIC_REPRESENTATION_CONTEXT(2) 
PARAMETRIC_REPRESENTATION_CONTEXT() REPRESENTATION_CONTEXT('2D SPACE',''
  ) );
#7293 = ORIENTED_EDGE('',*,*,#7294,.T.);
#7294 = EDGE_CURVE('',#7269,#6639,#7295,.T.);
#7295 = SURFACE_CURVE('',#7296,(#7343,#7393),.PCURVE_S1.);
#7296 = B_SPLINE_CURVE_WITH_KNOTS('',5,(#7297,#7298,#7299,#7300,#7301,
    #7302,#7303,#7304,#7305,#7306,#7307,#7308,#7309,#7310,#7311,#7312,
    #7313,#7314,#7315,#7316,#7317,#7318,#7319,#7320,#7321,#7322,#7323,
    #7324,#7325,#7326,#7327,#7328,#7329,#7330,#7331,#7332,#7333,#7334,
    #7335,#7336,#7337,#7338,#7339,#7340,#7341,#7342),.UNSPECIFIED.,.F.,
  .F.,(6,4,4,4,4,4,4,4,4,4,4,6),(0.,0.103830234083,0.182334703089,
    0.21944291256,0.28131618191,0.349114832632,0.500005178744,
    0.650514413687,0.718323751624,0.781191398699,0.896774291498,1.),
  .UNSPECIFIED.);
#7297 = CARTESIAN_POINT('',(-39.74172478392,-0.811055607835,
    97.662934369644));
#7298 = CARTESIAN_POINT('',(-39.74191543927,-0.80171349551,
    97.693322089952));
#7299 = CARTESIAN_POINT('',(-39.74217243903,-0.788985162117,
    97.723187213926));
#7300 = CARTESIAN_POINT('',(-39.74249307291,-0.772813226825,
    97.752248780794));
#7301 = CARTESIAN_POINT('',(-39.74286926245,-0.753234156873,
    97.780227797878));
#7302 = CARTESIAN_POINT('',(-39.7436043667,-0.713238097707,
    97.82702385783));
#7303 = CARTESIAN_POINT('',(-39.7439451715,-0.694187703845,
    97.846414182611));
#7304 = CARTESIAN_POINT('',(-39.74430468861,-0.673395943118,
    97.864940583038));
#7305 = CARTESIAN_POINT('',(-39.74467612867,-0.650990847381,
    97.882526285847));
#7306 = CARTESIAN_POINT('',(-39.74523067206,-0.615845845461,
    97.906961199361));
#7307 = CARTESIAN_POINT('',(-39.74540981284,-0.604238884963,
    97.914582287225));
#7308 = CARTESIAN_POINT('',(-39.74558938483,-0.592321385827,
    97.921976311997));
#7309 = CARTESIAN_POINT('',(-39.74576869035,-0.580109666895,
    97.929139332028));
#7310 = CARTESIAN_POINT('',(-39.74624444687,-0.546796219775,
    97.947622653283));
#7311 = CARTESIAN_POINT('',(-39.74653922786,-0.525200181535,
    97.958526787087));
#7312 = CARTESIAN_POINT('',(-39.74682824563,-0.502910031708,
    97.968769903726));
#7313 = CARTESIAN_POINT('',(-39.74710869886,-0.480000423366,
    97.97834786557));
#7314 = CARTESIAN_POINT('',(-39.74767337208,-0.43083904668,
    97.997033233881));
#7315 = CARTESIAN_POINT('',(-39.74795538775,-0.404476978674,
    98.006007143547));
#7316 = CARTESIAN_POINT('',(-39.74822099596,-0.377549267935,
    98.014189591292));
#7317 = CARTESIAN_POINT('',(-39.74846759315,-0.350139687198,
    98.021588315755));
#7318 = CARTESIAN_POINT('',(-39.74919516513,-0.260415988598,
    98.04296172087));
#7319 = CARTESIAN_POINT('',(-39.74959285801,-0.196510815854,
    98.053877305428));
#7320 = CARTESIAN_POINT('',(-39.7498642734,-0.131386016977,
    98.061088390712));
#7321 = CARTESIAN_POINT('',(-39.75000000095,-6.570019485329E-02,
    98.064694703278));
#7322 = CARTESIAN_POINT('',(-39.74999999905,6.553540211208E-02,
    98.064694652798));
#7323 = CARTESIAN_POINT('',(-39.74986495418,0.131055456514,
    98.061106482555));
#7324 = CARTESIAN_POINT('',(-39.74959490586,0.196018561629,
    98.053931704671));
#7325 = CARTESIAN_POINT('',(-39.74919917075,0.259771452039,
    98.04307165632));
#7326 = CARTESIAN_POINT('',(-39.74847435311,0.349372516239,
    98.021790313158));
#7327 = CARTESIAN_POINT('',(-39.74822815237,0.376796724506,
    98.014407821509));
#7328 = CARTESIAN_POINT('',(-39.7479628945,0.403740261412,
    98.006241522359));
#7329 = CARTESIAN_POINT('',(-39.74768117781,0.430119414182,
    97.99728363352));
#7330 = CARTESIAN_POINT('',(-39.74711268509,0.479689470665,
    97.97848688883));
#7331 = CARTESIAN_POINT('',(-39.74682777658,0.502972563219,
    97.968760107723));
#7332 = CARTESIAN_POINT('',(-39.74653399306,0.5256171767,97.9583472902)
  );
#7333 = CARTESIAN_POINT('',(-39.74623432134,0.547543349251,
    97.947251245618));
#7334 = CARTESIAN_POINT('',(-39.74537629821,0.60751292892,
    97.913852764598));
#7335 = CARTESIAN_POINT('',(-39.74481158892,0.643665388928,
    97.889949144179));
#7336 = CARTESIAN_POINT('',(-39.74425858627,0.676598609652,
    97.863868138252));
#7337 = CARTESIAN_POINT('',(-39.74374065698,0.705845220196,
    97.835802761081));
#7338 = CARTESIAN_POINT('',(-39.74286055757,0.753687122727,
    97.779579289485));
#7339 = CARTESIAN_POINT('',(-39.74248750574,0.773093965529,
    97.751743610677));
#7340 = CARTESIAN_POINT('',(-39.7421694639,0.789132524185,
    97.722841140102));
#7341 = CARTESIAN_POINT('',(-39.74191433501,0.80176760433,
    97.693146086538));
#7342 = CARTESIAN_POINT('',(-39.74172478392,0.811055607835,
    97.662934369643));
#7343 = PCURVE('',#6224,#7344);
#7344 = DEFINITIONAL_REPRESENTATION('',(#7345),#7392);
#7345 = B_SPLINE_CURVE_WITH_KNOTS('',5,(#7346,#7347,#7348,#7349,#7350,
    #7351,#7352,#7353,#7354,#7355,#7356,#7357,#7358,#7359,#7360,#7361,
    #7362,#7363,#7364,#7365,#7366,#7367,#7368,#7369,#7370,#7371,#7372,
    #7373,#7374,#7375,#7376,#7377,#7378,#7379,#7380,#7381,#7382,#7383,
    #7384,#7385,#7386,#7387,#7388,#7389,#7390,#7391),.UNSPECIFIED.,.F.,
  .F.,(6,4,4,4,4,4,4,4,4,4,4,6),(0.,0.103830234083,0.182334703089,
    0.21944291256,0.28131618191,0.349114832632,0.500005178744,
    0.650514413687,0.718323751624,0.781191398699,0.896774291498,1.),
  .UNSPECIFIED.);
#7346 = CARTESIAN_POINT('',(-3.161997984276,-16.96293436964));
#7347 = CARTESIAN_POINT('',(-3.161762913645,-16.99332208995));
#7348 = CARTESIAN_POINT('',(-3.161442638743,-17.02318721392));
#7349 = CARTESIAN_POINT('',(-3.161035717685,-17.05224878079));
#7350 = CARTESIAN_POINT('',(-3.160543071726,-17.08022779787));
#7351 = CARTESIAN_POINT('',(-3.159536711626,-17.12702385783));
#7352 = CARTESIAN_POINT('',(-3.159057379807,-17.14641418261));
#7353 = CARTESIAN_POINT('',(-3.158534238598,-17.16494058303));
#7354 = CARTESIAN_POINT('',(-3.15797051112,-17.18252628584));
#7355 = CARTESIAN_POINT('',(-3.157086250072,-17.20696119936));
#7356 = CARTESIAN_POINT('',(-3.156794216307,-17.21458228722));
#7357 = CARTESIAN_POINT('',(-3.156494371003,-17.22197631199));
#7358 = CARTESIAN_POINT('',(-3.156187124859,-17.22913933202));
#7359 = CARTESIAN_POINT('',(-3.155348965258,-17.24762265328));
#7360 = CARTESIAN_POINT('',(-3.154805618198,-17.25852678708));
#7361 = CARTESIAN_POINT('',(-3.154244812758,-17.26876990372));
#7362 = CARTESIAN_POINT('',(-3.153668427392,-17.27834786557));
#7363 = CARTESIAN_POINT('',(-3.152431581618,-17.29703323388));
#7364 = CARTESIAN_POINT('',(-3.151768347201,-17.30600714354));
#7365 = CARTESIAN_POINT('',(-3.151090887881,-17.31418959129));
#7366 = CARTESIAN_POINT('',(-3.150401311051,-17.32158831575));
#7367 = CARTESIAN_POINT('',(-3.148144036875,-17.34296172087));
#7368 = CARTESIAN_POINT('',(-3.146536331305,-17.35387730542));
#7369 = CARTESIAN_POINT('',(-3.144897962196,-17.36108839071));
#7370 = CARTESIAN_POINT('',(-3.14324548868,-17.36469470327));
#7371 = CARTESIAN_POINT('',(-3.139943964228,-17.36469465279));
#7372 = CARTESIAN_POINT('',(-3.13829566097,-17.36110648255));
#7373 = CARTESIAN_POINT('',(-3.136661359699,-17.35393170467));
#7374 = CARTESIAN_POINT('',(-3.135057485346,-17.34307165632));
#7375 = CARTESIAN_POINT('',(-3.132803296771,-17.32179031315));
#7376 = CARTESIAN_POINT('',(-3.132113352058,-17.3144078215));
#7377 = CARTESIAN_POINT('',(-3.131435494702,-17.30624152235));
#7378 = CARTESIAN_POINT('',(-3.130771830585,-17.29728363352));
#7379 = CARTESIAN_POINT('',(-3.129524703132,-17.27848688883));
#7380 = CARTESIAN_POINT('',(-3.128938921276,-17.26876010772));
#7381 = CARTESIAN_POINT('',(-3.128369197719,-17.2583472902));
#7382 = CARTESIAN_POINT('',(-3.127817544491,-17.24725124561));
#7383 = CARTESIAN_POINT('',(-3.126308721409,-17.21385276459));
#7384 = CARTESIAN_POINT('',(-3.125399115405,-17.18994914417));
#7385 = CARTESIAN_POINT('',(-3.12457049048,-17.16386813825));
#7386 = CARTESIAN_POINT('',(-3.123834611495,-17.13580276108));
#7387 = CARTESIAN_POINT('',(-3.122630837986,-17.07957928948));
#7388 = CARTESIAN_POINT('',(-3.122142525497,-17.05174361067));
#7389 = CARTESIAN_POINT('',(-3.121738960459,-17.0228411401));
#7390 = CARTESIAN_POINT('',(-3.121421032023,-16.99314608653));
#7391 = CARTESIAN_POINT('',(-3.121187322903,-16.96293436964));
#7392 = ( GEOMETRIC_REPRESENTATION_CONTEXT(2) 
PARAMETRIC_REPRESENTATION_CONTEXT() REPRESENTATION_CONTEXT('2D SPACE',''
  ) );
#7393 = PCURVE('',#6801,#7394);
#7394 = DEFINITIONAL_REPRESENTATION('',(#7395),#7442);
#7395 = B_SPLINE_CURVE_WITH_KNOTS('',5,(#7396,#7397,#7398,#7399,#7400,
    #7401,#7402,#7403,#7404,#7405,#7406,#7407,#7408,#7409,#7410,#7411,
    #7412,#7413,#7414,#7415,#7416,#7417,#7418,#7419,#7420,#7421,#7422,
    #7423,#7424,#7425,#7426,#7427,#7428,#7429,#7430,#7431,#7432,#7433,
    #7434,#7435,#7436,#7437,#7438,#7439,#7440,#7441),.UNSPECIFIED.,.F.,
  .F.,(6,4,4,4,4,4,4,4,4,4,4,6),(0.,0.103830234083,0.182334703089,
    0.21944291256,0.28131618191,0.349114832632,0.500005178744,
    0.650514413687,0.718323751624,0.781191398699,0.896774291498,1.),
  .UNSPECIFIED.);
#7396 = CARTESIAN_POINT('',(7.,0.962407805286));
#7397 = CARTESIAN_POINT('',(6.977983569048,0.963099908451));
#7398 = CARTESIAN_POINT('',(6.955943392896,0.963785991873));
#7399 = CARTESIAN_POINT('',(6.933903502847,0.964459474199));
#7400 = CARTESIAN_POINT('',(6.911900917102,0.965113341504));
#7401 = CARTESIAN_POINT('',(6.873440974796,0.96621538866));
#7402 = CARTESIAN_POINT('',(6.856937572359,0.966674911832));
#7403 = CARTESIAN_POINT('',(6.840516349675,0.967116611908));
#7404 = CARTESIAN_POINT('',(6.824197634452,0.967538205798));
#7405 = CARTESIAN_POINT('',(6.800343414993,0.968126921745));
#7406 = CARTESIAN_POINT('',(6.792713717154,0.968311008217));
#7407 = CARTESIAN_POINT('',(6.785112470855,0.968490045265));
#7408 = CARTESIAN_POINT('',(6.777540916931,0.968663889417));
#7409 = CARTESIAN_POINT('',(6.757426144988,0.969113448692));
#7410 = CARTESIAN_POINT('',(6.744937328059,0.969379715568));
#7411 = CARTESIAN_POINT('',(6.732536906765,0.969630733363));
#7412 = CARTESIAN_POINT('',(6.720225293608,0.969866195603));
#7413 = CARTESIAN_POINT('',(6.694603586305,0.970326825006));
#7414 = CARTESIAN_POINT('',(6.68131092568,0.970548833651));
#7415 = CARTESIAN_POINT('',(6.668117852182,0.970751869828));
#7416 = CARTESIAN_POINT('',(6.655017431222,0.970935916609));
#7417 = CARTESIAN_POINT('',(6.613028187356,0.971468669304));
#7418 = CARTESIAN_POINT('',(6.584475302007,0.97174260273));
#7419 = CARTESIAN_POINT('',(6.556210696578,0.971924164784));
#7420 = CARTESIAN_POINT('',(6.528108319777,0.972014966871));
#7421 = CARTESIAN_POINT('',(6.471962183014,0.9720149656));
#7422 = CARTESIAN_POINT('',(6.443930725736,0.971924620311));
#7423 = CARTESIAN_POINT('',(6.415738320091,0.971743972414));
#7424 = CARTESIAN_POINT('',(6.387259759958,0.97147142823));
#7425 = CARTESIAN_POINT('',(6.345347633405,0.970940943344));
#7426 = CARTESIAN_POINT('',(6.332247158917,0.970757290068));
#7427 = CARTESIAN_POINT('',(6.319054138927,0.970554642157));
#7428 = CARTESIAN_POINT('',(6.305761601547,0.970333015137));
#7429 = CARTESIAN_POINT('',(6.279945659415,0.969869607188));
#7430 = CARTESIAN_POINT('',(6.267436920761,0.969630479127));
#7431 = CARTESIAN_POINT('',(6.254836586731,0.969375304404));
#7432 = CARTESIAN_POINT('',(6.242144790762,0.969104372985));
#7433 = CARTESIAN_POINT('',(6.205870758888,0.968292163536));
#7434 = CARTESIAN_POINT('',(6.182073641618,0.967714540932));
#7435 = CARTESIAN_POINT('',(6.15801569144,0.96708907731));
#7436 = CARTESIAN_POINT('',(6.133748847451,0.966422003324));
#7437 = CARTESIAN_POINT('',(6.087589262272,0.965098187097));
#7438 = CARTESIAN_POINT('',(6.06571344397,0.964447767753));
#7439 = CARTESIAN_POINT('',(6.043801221839,0.963778041858));
#7440 = CARTESIAN_POINT('',(6.021888913423,0.963095899841));
#7441 = CARTESIAN_POINT('',(6.,0.962407805286));
#7442 = ( GEOMETRIC_REPRESENTATION_CONTEXT(2) 
PARAMETRIC_REPRESENTATION_CONTEXT() REPRESENTATION_CONTEXT('2D SPACE',''
  ) );
#7443 = ORIENTED_EDGE('',*,*,#6638,.F.);
#7444 = ORIENTED_EDGE('',*,*,#7065,.F.);
#7445 = ADVANCED_FACE('',(#7446),#6074,.F.);
#7446 = FACE_BOUND('',#7447,.F.);
#7447 = EDGE_LOOP('',(#7448,#7521,#7522,#7523));
#7448 = ORIENTED_EDGE('',*,*,#7449,.F.);
#7449 = EDGE_CURVE('',#7102,#7450,#7452,.T.);
#7450 = VERTEX_POINT('',#7451);
#7451 = CARTESIAN_POINT('',(37.499999944657,-5.670707919986E-06,99.));
#7452 = SURFACE_CURVE('',#7453,(#7472,#7494),.PCURVE_S1.);
#7453 = B_SPLINE_CURVE_WITH_KNOTS('',5,(#7454,#7455,#7456,#7457,#7458,
    #7459,#7460,#7461,#7462,#7463,#7464,#7465,#7466,#7467,#7468,#7469,
    #7470,#7471),.UNSPECIFIED.,.F.,.F.,(6,4,4,4,6),(0.,0.233745435443,
    0.476856751384,0.732073902092,1.),.UNSPECIFIED.);
#7454 = CARTESIAN_POINT('',(40.398461158838,-5.670707919931E-06,
    97.662749791701));
#7455 = CARTESIAN_POINT('',(40.274751951058,-5.670707919931E-06,
    97.747259417339));
#7456 = CARTESIAN_POINT('',(40.149137394266,-5.670707919931E-06,
    97.828980284334));
#7457 = CARTESIAN_POINT('',(40.021758281043,-5.670707919931E-06,
    97.907938406904));
#7458 = CARTESIAN_POINT('',(39.892750140383,-5.670707919931E-06,
    97.984177025991));
#7459 = CARTESIAN_POINT('',(39.626498335513,-5.670707919931E-06,
    98.134270420115));
#7460 = CARTESIAN_POINT('',(39.489131788296,-5.670707919931E-06,
    98.207906892426));
#7461 = CARTESIAN_POINT('',(39.350281236643,-5.670707919931E-06,
    98.278721077924));
#7462 = CARTESIAN_POINT('',(39.210076644009,-5.670707919931E-06,
    98.346783405695));
#7463 = CARTESIAN_POINT('',(38.92015226771,-5.670707919931E-06,
    98.480818316003));
#7464 = CARTESIAN_POINT('',(38.770306395831,-5.670707919931E-06,
    98.546517341355));
#7465 = CARTESIAN_POINT('',(38.619234196899,-5.670707919931E-06,
    98.609361065377));
#7466 = CARTESIAN_POINT('',(38.467056699929,-5.670707919931E-06,
    98.669443687692));
#7467 = CARTESIAN_POINT('',(38.153075939763,-5.670707919931E-06,
    98.7871404346));
#7468 = CARTESIAN_POINT('',(37.991171092031,-5.670707919931E-06,
    98.844482049736));
#7469 = CARTESIAN_POINT('',(37.82828810269,-5.670707919931E-06,
    98.898999436526));
#7470 = CARTESIAN_POINT('',(37.664533918883,-5.670707919931E-06,
    98.950802721793));
#7471 = CARTESIAN_POINT('',(37.499999944657,-5.670707919931E-06,99.));
#7472 = PCURVE('',#6074,#7473);
#7473 = DEFINITIONAL_REPRESENTATION('',(#7474),#7493);
#7474 = B_SPLINE_CURVE_WITH_KNOTS('',5,(#7475,#7476,#7477,#7478,#7479,
    #7480,#7481,#7482,#7483,#7484,#7485,#7486,#7487,#7488,#7489,#7490,
    #7491,#7492),.UNSPECIFIED.,.F.,.F.,(6,4,4,4,6),(0.,0.233745435443,
    0.476856751384,0.732073902092,1.),.UNSPECIFIED.);
#7475 = CARTESIAN_POINT('',(0.49472854772,0.962403601472));
#7476 = CARTESIAN_POINT('',(0.494954773658,0.96432829219));
#7477 = CARTESIAN_POINT('',(0.495184239243,0.966234970841));
#7478 = CARTESIAN_POINT('',(0.495416702795,0.968122854707));
#7479 = CARTESIAN_POINT('',(0.49565193374,0.969991403556));
#7480 = CARTESIAN_POINT('',(0.496137032743,0.973763222775));
#7481 = CARTESIAN_POINT('',(0.496387109617,0.975664880092));
#7482 = CARTESIAN_POINT('',(0.496639710484,0.97754487327));
#7483 = CARTESIAN_POINT('',(0.496894617726,0.979403023427));
#7484 = CARTESIAN_POINT('',(0.497421451815,0.983167104437));
#7485 = CARTESIAN_POINT('',(0.497693593884,0.985070797975));
#7486 = CARTESIAN_POINT('',(0.497967836587,0.986950443239));
#7487 = CARTESIAN_POINT('',(0.498243980904,0.988806208612));
#7488 = CARTESIAN_POINT('',(0.498813564271,0.992561852848));
#7489 = CARTESIAN_POINT('',(0.499107179031,0.994459316652));
#7490 = CARTESIAN_POINT('',(0.499402499092,0.996331170718));
#7491 = CARTESIAN_POINT('',(0.499699352245,0.998177878585));
#7492 = CARTESIAN_POINT('',(0.499997593277,1.));
#7493 = ( GEOMETRIC_REPRESENTATION_CONTEXT(2) 
PARAMETRIC_REPRESENTATION_CONTEXT() REPRESENTATION_CONTEXT('2D SPACE',''
  ) );
#7494 = PCURVE('',#7495,#7500);
#7495 = PLANE('',#7496);
#7496 = AXIS2_PLACEMENT_3D('',#7497,#7498,#7499);
#7497 = CARTESIAN_POINT('',(1.847204318023E-04,-5.670707919931E-06,
    52.831249336744));
#7498 = DIRECTION('',(-0.,-1.,-0.));
#7499 = DIRECTION('',(0.,0.,-1.));
#7500 = DEFINITIONAL_REPRESENTATION('',(#7501),#7520);
#7501 = B_SPLINE_CURVE_WITH_KNOTS('',5,(#7502,#7503,#7504,#7505,#7506,
    #7507,#7508,#7509,#7510,#7511,#7512,#7513,#7514,#7515,#7516,#7517,
    #7518,#7519),.UNSPECIFIED.,.F.,.F.,(6,4,4,4,6),(0.,0.233745435443,
    0.476856751384,0.732073902092,1.),.UNSPECIFIED.);
#7502 = CARTESIAN_POINT('',(-44.83150045495,40.398276438406));
#7503 = CARTESIAN_POINT('',(-44.91601008059,40.274567230626));
#7504 = CARTESIAN_POINT('',(-44.99773094759,40.148952673834));
#7505 = CARTESIAN_POINT('',(-45.07668907016,40.021573560611));
#7506 = CARTESIAN_POINT('',(-45.15292768924,39.892565419951));
#7507 = CARTESIAN_POINT('',(-45.30302108337,39.626313615082));
#7508 = CARTESIAN_POINT('',(-45.37665755568,39.488947067865));
#7509 = CARTESIAN_POINT('',(-45.44747174118,39.350096516212));
#7510 = CARTESIAN_POINT('',(-45.51553406895,39.209891923577));
#7511 = CARTESIAN_POINT('',(-45.64956897925,38.919967547278));
#7512 = CARTESIAN_POINT('',(-45.71526800461,38.770121675399));
#7513 = CARTESIAN_POINT('',(-45.77811172863,38.619049476467));
#7514 = CARTESIAN_POINT('',(-45.83819435094,38.466871979498));
#7515 = CARTESIAN_POINT('',(-45.95589109785,38.152891219331));
#7516 = CARTESIAN_POINT('',(-46.01323271299,37.990986371599));
#7517 = CARTESIAN_POINT('',(-46.06775009978,37.828103382259));
#7518 = CARTESIAN_POINT('',(-46.11955338505,37.664349198451));
#7519 = CARTESIAN_POINT('',(-46.16875066325,37.499815224225));
#7520 = ( GEOMETRIC_REPRESENTATION_CONTEXT(2) 
PARAMETRIC_REPRESENTATION_CONTEXT() REPRESENTATION_CONTEXT('2D SPACE',''
  ) );
#7521 = ORIENTED_EDGE('',*,*,#7101,.F.);
#7522 = ORIENTED_EDGE('',*,*,#6057,.T.);
#7523 = ORIENTED_EDGE('',*,*,#7524,.F.);
#7524 = EDGE_CURVE('',#7450,#6014,#7525,.T.);
#7525 = SURFACE_CURVE('',#7526,(#7538,#7545),.PCURVE_S1.);
#7526 = B_SPLINE_CURVE_WITH_KNOTS('',10,(#7527,#7528,#7529,#7530,#7531,
    #7532,#7533,#7534,#7535,#7536,#7537),.UNSPECIFIED.,.F.,.F.,(11,11),(
    0.,1.),.PIECEWISE_BEZIER_KNOTS.);
#7527 = CARTESIAN_POINT('',(36.75,-0.75,99.));
#7528 = CARTESIAN_POINT('',(36.985619449019,-0.75,99.));
#7529 = CARTESIAN_POINT('',(37.221241071558,-0.667753520049,99.));
#7530 = CARTESIAN_POINT('',(37.424550431438,-0.503258522416,99.));
#7531 = CARTESIAN_POINT('',(37.563305417225,-0.271019590411,99.));
#7532 = CARTESIAN_POINT('',(37.612680472819,3.869127240819E-15,99.));
#7533 = CARTESIAN_POINT('',(37.563305417228,0.271019590411,99.));
#7534 = CARTESIAN_POINT('',(37.424550431434,0.503258522416,99.));
#7535 = CARTESIAN_POINT('',(37.22124107156,0.667753520049,99.));
#7536 = CARTESIAN_POINT('',(36.985619449019,0.75,99.));
#7537 = CARTESIAN_POINT('',(36.75,0.75,99.));
#7538 = PCURVE('',#6074,#7539);
#7539 = DEFINITIONAL_REPRESENTATION('',(#7540),#7544);
#7540 = LINE('',#7541,#7542);
#7541 = CARTESIAN_POINT('',(0.,1.));
#7542 = VECTOR('',#7543,1.);
#7543 = DIRECTION('',(1.,0.));
#7544 = ( GEOMETRIC_REPRESENTATION_CONTEXT(2) 
PARAMETRIC_REPRESENTATION_CONTEXT() REPRESENTATION_CONTEXT('2D SPACE',''
  ) );
#7545 = PCURVE('',#7546,#7551);
#7546 = CYLINDRICAL_SURFACE('',#7547,0.75);
#7547 = AXIS2_PLACEMENT_3D('',#7548,#7549,#7550);
#7548 = CARTESIAN_POINT('',(36.75,0.,99.));
#7549 = DIRECTION('',(0.,0.,-1.));
#7550 = DIRECTION('',(0.,1.,0.));
#7551 = DEFINITIONAL_REPRESENTATION('',(#7552),#7555);
#7552 = B_SPLINE_CURVE_WITH_KNOTS('',1,(#7553,#7554),.UNSPECIFIED.,.F.,
  .F.,(2,2),(0.,1.),.PIECEWISE_BEZIER_KNOTS.);
#7553 = CARTESIAN_POINT('',(3.14159265359,0.));
#7554 = CARTESIAN_POINT('',(0.,0.));
#7555 = ( GEOMETRIC_REPRESENTATION_CONTEXT(2) 
PARAMETRIC_REPRESENTATION_CONTEXT() REPRESENTATION_CONTEXT('2D SPACE',''
  ) );
#7556 = ADVANCED_FACE('',(#7557),#6037,.F.);
#7557 = FACE_BOUND('',#7558,.F.);
#7558 = EDGE_LOOP('',(#7559,#7560,#7588,#7616,#7637,#7638,#7639,#7640));
#7559 = ORIENTED_EDGE('',*,*,#6853,.T.);
#7560 = ORIENTED_EDGE('',*,*,#7561,.T.);
#7561 = EDGE_CURVE('',#6785,#7562,#7564,.T.);
#7562 = VERTEX_POINT('',#7563);
#7563 = CARTESIAN_POINT('',(-36.75,0.75,107.5));
#7564 = SURFACE_CURVE('',#7565,(#7569,#7576),.PCURVE_S1.);
#7565 = LINE('',#7566,#7567);
#7566 = CARTESIAN_POINT('',(-36.75,0.75,99.));
#7567 = VECTOR('',#7568,1.);
#7568 = DIRECTION('',(0.,0.,1.));
#7569 = PCURVE('',#6037,#7570);
#7570 = DEFINITIONAL_REPRESENTATION('',(#7571),#7575);
#7571 = LINE('',#7572,#7573);
#7572 = CARTESIAN_POINT('',(0.,0.));
#7573 = VECTOR('',#7574,1.);
#7574 = DIRECTION('',(0.,-1.));
#7575 = ( GEOMETRIC_REPRESENTATION_CONTEXT(2) 
PARAMETRIC_REPRESENTATION_CONTEXT() REPRESENTATION_CONTEXT('2D SPACE',''
  ) );
#7576 = PCURVE('',#7577,#7582);
#7577 = CYLINDRICAL_SURFACE('',#7578,0.75);
#7578 = AXIS2_PLACEMENT_3D('',#7579,#7580,#7581);
#7579 = CARTESIAN_POINT('',(-36.75,0.,99.));
#7580 = DIRECTION('',(0.,-0.,-1.));
#7581 = DIRECTION('',(0.,-1.,0.));
#7582 = DEFINITIONAL_REPRESENTATION('',(#7583),#7587);
#7583 = LINE('',#7584,#7585);
#7584 = CARTESIAN_POINT('',(3.14159265359,0.));
#7585 = VECTOR('',#7586,1.);
#7586 = DIRECTION('',(0.,-1.));
#7587 = ( GEOMETRIC_REPRESENTATION_CONTEXT(2) 
PARAMETRIC_REPRESENTATION_CONTEXT() REPRESENTATION_CONTEXT('2D SPACE',''
  ) );
#7588 = ORIENTED_EDGE('',*,*,#7589,.T.);
#7589 = EDGE_CURVE('',#7562,#7590,#7592,.T.);
#7590 = VERTEX_POINT('',#7591);
#7591 = CARTESIAN_POINT('',(36.75,0.75,107.5));
#7592 = SURFACE_CURVE('',#7593,(#7597,#7604),.PCURVE_S1.);
#7593 = LINE('',#7594,#7595);
#7594 = CARTESIAN_POINT('',(-36.75,0.75,107.5));
#7595 = VECTOR('',#7596,1.);
#7596 = DIRECTION('',(1.,0.,0.));
#7597 = PCURVE('',#6037,#7598);
#7598 = DEFINITIONAL_REPRESENTATION('',(#7599),#7603);
#7599 = LINE('',#7600,#7601);
#7600 = CARTESIAN_POINT('',(0.,-8.5));
#7601 = VECTOR('',#7602,1.);
#7602 = DIRECTION('',(1.,0.));
#7603 = ( GEOMETRIC_REPRESENTATION_CONTEXT(2) 
PARAMETRIC_REPRESENTATION_CONTEXT() REPRESENTATION_CONTEXT('2D SPACE',''
  ) );
#7604 = PCURVE('',#7605,#7610);
#7605 = PLANE('',#7606);
#7606 = AXIS2_PLACEMENT_3D('',#7607,#7608,#7609);
#7607 = CARTESIAN_POINT('',(-36.75,2.25,109.));
#7608 = DIRECTION('',(0.,-0.707106781187,0.707106781187));
#7609 = DIRECTION('',(1.,0.,0.));
#7610 = DEFINITIONAL_REPRESENTATION('',(#7611),#7615);
#7611 = LINE('',#7612,#7613);
#7612 = CARTESIAN_POINT('',(0.,-2.12132034356));
#7613 = VECTOR('',#7614,1.);
#7614 = DIRECTION('',(1.,0.));
#7615 = ( GEOMETRIC_REPRESENTATION_CONTEXT(2) 
PARAMETRIC_REPRESENTATION_CONTEXT() REPRESENTATION_CONTEXT('2D SPACE',''
  ) );
#7616 = ORIENTED_EDGE('',*,*,#7617,.F.);
#7617 = EDGE_CURVE('',#6014,#7590,#7618,.T.);
#7618 = SURFACE_CURVE('',#7619,(#7623,#7630),.PCURVE_S1.);
#7619 = LINE('',#7620,#7621);
#7620 = CARTESIAN_POINT('',(36.75,0.75,99.));
#7621 = VECTOR('',#7622,1.);
#7622 = DIRECTION('',(0.,0.,1.));
#7623 = PCURVE('',#6037,#7624);
#7624 = DEFINITIONAL_REPRESENTATION('',(#7625),#7629);
#7625 = LINE('',#7626,#7627);
#7626 = CARTESIAN_POINT('',(73.5,0.));
#7627 = VECTOR('',#7628,1.);
#7628 = DIRECTION('',(0.,-1.));
#7629 = ( GEOMETRIC_REPRESENTATION_CONTEXT(2) 
PARAMETRIC_REPRESENTATION_CONTEXT() REPRESENTATION_CONTEXT('2D SPACE',''
  ) );
#7630 = PCURVE('',#7546,#7631);
#7631 = DEFINITIONAL_REPRESENTATION('',(#7632),#7636);
#7632 = LINE('',#7633,#7634);
#7633 = CARTESIAN_POINT('',(0.,0.));
#7634 = VECTOR('',#7635,1.);
#7635 = DIRECTION('',(0.,-1.));
#7636 = ( GEOMETRIC_REPRESENTATION_CONTEXT(2) 
PARAMETRIC_REPRESENTATION_CONTEXT() REPRESENTATION_CONTEXT('2D SPACE',''
  ) );
#7637 = ORIENTED_EDGE('',*,*,#6013,.T.);
#7638 = ORIENTED_EDGE('',*,*,#6371,.T.);
#7639 = ORIENTED_EDGE('',*,*,#6437,.T.);
#7640 = ORIENTED_EDGE('',*,*,#6503,.T.);
#7641 = ADVANCED_FACE('',(#7642),#6801,.F.);
#7642 = FACE_BOUND('',#7643,.F.);
#7643 = EDGE_LOOP('',(#7644,#7645,#7646,#7696));
#7644 = ORIENTED_EDGE('',*,*,#6784,.F.);
#7645 = ORIENTED_EDGE('',*,*,#7294,.F.);
#7646 = ORIENTED_EDGE('',*,*,#7647,.T.);
#7647 = EDGE_CURVE('',#7269,#7648,#7650,.T.);
#7648 = VERTEX_POINT('',#7649);
#7649 = CARTESIAN_POINT('',(-37.49999994465,-5.670707920097E-06,99.));
#7650 = SURFACE_CURVE('',#7651,(#7664,#7680),.PCURVE_S1.);
#7651 = B_SPLINE_CURVE_WITH_KNOTS('',6,(#7652,#7653,#7654,#7655,#7656,
    #7657,#7658,#7659,#7660,#7661,#7662,#7663),.UNSPECIFIED.,.F.,.F.,(7,
    5,7),(0.,0.324816013674,1.),.UNSPECIFIED.);
#7652 = CARTESIAN_POINT('',(-40.39837887916,-5.670707919931E-06,
    97.662908025759));
#7653 = CARTESIAN_POINT('',(-40.25511975457,-5.670707919931E-06,
    97.760758280994));
#7654 = CARTESIAN_POINT('',(-40.10940867417,-5.670707919931E-06,
    97.855018903527));
#7655 = CARTESIAN_POINT('',(-39.96143442771,-5.670707919931E-06,
    97.945725057039));
#7656 = CARTESIAN_POINT('',(-39.81137912495,-5.670707919931E-06,
    98.032933017424));
#7657 = CARTESIAN_POINT('',(-39.65941477867,-5.670707919931E-06,
    98.116714534528));
#7658 = CARTESIAN_POINT('',(-39.18617797818,-5.670707919931E-06,
    98.364352138545));
#7659 = CARTESIAN_POINT('',(-38.85911523573,-5.670707919931E-06,
    98.517088479654));
#7660 = CARTESIAN_POINT('',(-38.52589374471,-5.670707919931E-06,
    98.656122321696));
#7661 = CARTESIAN_POINT('',(-38.1877087122,-5.670707919931E-06,
    98.782354475465));
#7662 = CARTESIAN_POINT('',(-37.8455128247,-5.670707919931E-06,
    98.89669050132));
#7663 = CARTESIAN_POINT('',(-37.49999994465,-5.670707919931E-06,99.));
#7664 = PCURVE('',#6801,#7665);
#7665 = DEFINITIONAL_REPRESENTATION('',(#7666),#7679);
#7666 = B_SPLINE_CURVE_WITH_KNOTS('',6,(#7667,#7668,#7669,#7670,#7671,
    #7672,#7673,#7674,#7675,#7676,#7677,#7678),.UNSPECIFIED.,.F.,.F.,(7,
    5,7),(0.,0.324816013674,1.),.UNSPECIFIED.);
#7667 = CARTESIAN_POINT('',(6.500002435752,0.962407205286));
#7668 = CARTESIAN_POINT('',(6.500002433332,0.964635805237));
#7669 = CARTESIAN_POINT('',(6.500002431035,0.966841217031));
#7670 = CARTESIAN_POINT('',(6.50000242886,0.969022394837));
#7671 = CARTESIAN_POINT('',(6.500002426802,0.971178591808));
#7672 = CARTESIAN_POINT('',(6.50000242486,0.973309320328));
#7673 = CARTESIAN_POINT('',(6.500002419221,0.979789887298));
#7674 = CARTESIAN_POINT('',(6.500002415894,0.98405394406));
#7675 = CARTESIAN_POINT('',(6.500002413015,0.988204730963));
#7676 = CARTESIAN_POINT('',(6.500002410548,0.992243572485));
#7677 = CARTESIAN_POINT('',(6.500002408461,0.996173722271));
#7678 = CARTESIAN_POINT('',(6.500002406723,1.));
#7679 = ( GEOMETRIC_REPRESENTATION_CONTEXT(2) 
PARAMETRIC_REPRESENTATION_CONTEXT() REPRESENTATION_CONTEXT('2D SPACE',''
  ) );
#7680 = PCURVE('',#7283,#7681);
#7681 = DEFINITIONAL_REPRESENTATION('',(#7682),#7695);
#7682 = B_SPLINE_CURVE_WITH_KNOTS('',6,(#7683,#7684,#7685,#7686,#7687,
    #7688,#7689,#7690,#7691,#7692,#7693,#7694),.UNSPECIFIED.,.F.,.F.,(7,
    5,7),(0.,0.324816013674,1.),.UNSPECIFIED.);
#7683 = CARTESIAN_POINT('',(-44.83165868901,-40.39856359959));
#7684 = CARTESIAN_POINT('',(-44.92950894425,-40.255304475));
#7685 = CARTESIAN_POINT('',(-45.02376956678,-40.1095933946));
#7686 = CARTESIAN_POINT('',(-45.11447572029,-39.96161914814));
#7687 = CARTESIAN_POINT('',(-45.20168368068,-39.81156384538));
#7688 = CARTESIAN_POINT('',(-45.28546519778,-39.6595994991));
#7689 = CARTESIAN_POINT('',(-45.5331028018,-39.18636269862));
#7690 = CARTESIAN_POINT('',(-45.68583914291,-38.85929995616));
#7691 = CARTESIAN_POINT('',(-45.82487298495,-38.52607846515));
#7692 = CARTESIAN_POINT('',(-45.95110513872,-38.18789343263));
#7693 = CARTESIAN_POINT('',(-46.06544116457,-37.84569754513));
#7694 = CARTESIAN_POINT('',(-46.16875066325,-37.50018466508));
#7695 = ( GEOMETRIC_REPRESENTATION_CONTEXT(2) 
PARAMETRIC_REPRESENTATION_CONTEXT() REPRESENTATION_CONTEXT('2D SPACE',''
  ) );
#7696 = ORIENTED_EDGE('',*,*,#7697,.F.);
#7697 = EDGE_CURVE('',#6785,#7648,#7698,.T.);
#7698 = SURFACE_CURVE('',#7699,(#7711,#7718),.PCURVE_S1.);
#7699 = B_SPLINE_CURVE_WITH_KNOTS('',10,(#7700,#7701,#7702,#7703,#7704,
    #7705,#7706,#7707,#7708,#7709,#7710),.UNSPECIFIED.,.F.,.F.,(11,11),(
    6.,7.),.PIECEWISE_BEZIER_KNOTS.);
#7700 = CARTESIAN_POINT('',(-36.75,0.75,99.));
#7701 = CARTESIAN_POINT('',(-36.98561944901,0.75,99.));
#7702 = CARTESIAN_POINT('',(-37.22124107155,0.667753520049,99.));
#7703 = CARTESIAN_POINT('',(-37.42455043143,0.503258522416,99.));
#7704 = CARTESIAN_POINT('',(-37.56330541722,0.271019590411,99.));
#7705 = CARTESIAN_POINT('',(-37.61268047281,-3.863576125696E-15,99.));
#7706 = CARTESIAN_POINT('',(-37.56330541722,-0.271019590411,99.));
#7707 = CARTESIAN_POINT('',(-37.42455043143,-0.503258522416,99.));
#7708 = CARTESIAN_POINT('',(-37.22124107156,-0.667753520049,99.));
#7709 = CARTESIAN_POINT('',(-36.98561944901,-0.75,99.));
#7710 = CARTESIAN_POINT('',(-36.75,-0.75,99.));
#7711 = PCURVE('',#6801,#7712);
#7712 = DEFINITIONAL_REPRESENTATION('',(#7713),#7717);
#7713 = LINE('',#7714,#7715);
#7714 = CARTESIAN_POINT('',(0.,1.));
#7715 = VECTOR('',#7716,1.);
#7716 = DIRECTION('',(1.,0.));
#7717 = ( GEOMETRIC_REPRESENTATION_CONTEXT(2) 
PARAMETRIC_REPRESENTATION_CONTEXT() REPRESENTATION_CONTEXT('2D SPACE',''
  ) );
#7718 = PCURVE('',#7577,#7719);
#7719 = DEFINITIONAL_REPRESENTATION('',(#7720),#7723);
#7720 = B_SPLINE_CURVE_WITH_KNOTS('',1,(#7721,#7722),.UNSPECIFIED.,.F.,
  .F.,(2,2),(6.,7.),.PIECEWISE_BEZIER_KNOTS.);
#7721 = CARTESIAN_POINT('',(3.14159265359,0.));
#7722 = CARTESIAN_POINT('',(0.,0.));
#7723 = ( GEOMETRIC_REPRESENTATION_CONTEXT(2) 
PARAMETRIC_REPRESENTATION_CONTEXT() REPRESENTATION_CONTEXT('2D SPACE',''
  ) );
#7724 = ADVANCED_FACE('',(#7725),#7283,.T.);
#7725 = FACE_BOUND('',#7726,.T.);
#7726 = EDGE_LOOP('',(#7727,#7748,#7749,#7750,#7771));
#7727 = ORIENTED_EDGE('',*,*,#7728,.F.);
#7728 = EDGE_CURVE('',#7240,#7729,#7731,.T.);
#7729 = VERTEX_POINT('',#7730);
#7730 = CARTESIAN_POINT('',(-38.99999999999,-5.670707919868E-06,109.));
#7731 = SURFACE_CURVE('',#7732,(#7736,#7742),.PCURVE_S1.);
#7732 = LINE('',#7733,#7734);
#7733 = CARTESIAN_POINT('',(9.236021589894E-05,-5.670707919931E-06,109.)
  );
#7734 = VECTOR('',#7735,1.);
#7735 = DIRECTION('',(1.,0.,0.));
#7736 = PCURVE('',#7283,#7737);
#7737 = DEFINITIONAL_REPRESENTATION('',(#7738),#7741);
#7738 = B_SPLINE_CURVE_WITH_KNOTS('',1,(#7739,#7740),.UNSPECIFIED.,.F.,
  .F.,(2,2),(-39.75009236021,39.749907639784),.PIECEWISE_BEZIER_KNOTS.);
#7739 = CARTESIAN_POINT('',(-56.16875066325,-39.75018472043));
#7740 = CARTESIAN_POINT('',(-56.16875066325,39.749815279568));
#7741 = ( GEOMETRIC_REPRESENTATION_CONTEXT(2) 
PARAMETRIC_REPRESENTATION_CONTEXT() REPRESENTATION_CONTEXT('2D SPACE',''
  ) );
#7742 = PCURVE('',#7256,#7743);
#7743 = DEFINITIONAL_REPRESENTATION('',(#7744),#7747);
#7744 = B_SPLINE_CURVE_WITH_KNOTS('',1,(#7745,#7746),.UNSPECIFIED.,.F.,
  .F.,(2,2),(-39.75009236021,39.749907639784),.PIECEWISE_BEZIER_KNOTS.);
#7745 = CARTESIAN_POINT('',(-39.75,-5.67070792051E-06));
#7746 = CARTESIAN_POINT('',(39.75,-5.67070792051E-06));
#7747 = ( GEOMETRIC_REPRESENTATION_CONTEXT(2) 
PARAMETRIC_REPRESENTATION_CONTEXT() REPRESENTATION_CONTEXT('2D SPACE',''
  ) );
#7748 = ORIENTED_EDGE('',*,*,#7268,.T.);
#7749 = ORIENTED_EDGE('',*,*,#7647,.T.);
#7750 = ORIENTED_EDGE('',*,*,#7751,.F.);
#7751 = EDGE_CURVE('',#7752,#7648,#7754,.T.);
#7752 = VERTEX_POINT('',#7753);
#7753 = CARTESIAN_POINT('',(-37.49999999997,-5.670707919894E-06,107.5));
#7754 = SURFACE_CURVE('',#7755,(#7759,#7765),.PCURVE_S1.);
#7755 = LINE('',#7756,#7757);
#7756 = CARTESIAN_POINT('',(-37.49999999997,-5.670707919931E-06,99.));
#7757 = VECTOR('',#7758,1.);
#7758 = DIRECTION('',(0.,-0.,-1.));
#7759 = PCURVE('',#7283,#7760);
#7760 = DEFINITIONAL_REPRESENTATION('',(#7761),#7764);
#7761 = B_SPLINE_CURVE_WITH_KNOTS('',1,(#7762,#7763),.UNSPECIFIED.,.F.,
  .F.,(2,2),(-8.5000006,6.000000070117E-07),.PIECEWISE_BEZIER_KNOTS.);
#7762 = CARTESIAN_POINT('',(-54.66875126325,-37.50018472041));
#7763 = CARTESIAN_POINT('',(-46.16875006325,-37.50018472041));
#7764 = ( GEOMETRIC_REPRESENTATION_CONTEXT(2) 
PARAMETRIC_REPRESENTATION_CONTEXT() REPRESENTATION_CONTEXT('2D SPACE',''
  ) );
#7765 = PCURVE('',#7577,#7766);
#7766 = DEFINITIONAL_REPRESENTATION('',(#7767),#7770);
#7767 = B_SPLINE_CURVE_WITH_KNOTS('',1,(#7768,#7769),.UNSPECIFIED.,.F.,
  .F.,(2,2),(-8.5000006,6.000000070117E-07),.PIECEWISE_BEZIER_KNOTS.);
#7768 = CARTESIAN_POINT('',(1.570788765851,-8.5000006));
#7769 = CARTESIAN_POINT('',(1.570788765851,6.000000070117E-07));
#7770 = ( GEOMETRIC_REPRESENTATION_CONTEXT(2) 
PARAMETRIC_REPRESENTATION_CONTEXT() REPRESENTATION_CONTEXT('2D SPACE',''
  ) );
#7771 = ORIENTED_EDGE('',*,*,#7772,.T.);
#7772 = EDGE_CURVE('',#7752,#7729,#7773,.T.);
#7773 = SURFACE_CURVE('',#7774,(#7779,#7786),.PCURVE_S1.);
#7774 = HYPERBOLA('',#7775,5.670707919931E-06,5.670707919931E-06);
#7775 = AXIS2_PLACEMENT_3D('',#7776,#7777,#7778);
#7776 = CARTESIAN_POINT('',(-36.75,-5.670707919931E-06,106.75));
#7777 = DIRECTION('',(-0.,-1.,0.));
#7778 = DIRECTION('',(-0.,0.,1.));
#7779 = PCURVE('',#7283,#7780);
#7780 = DEFINITIONAL_REPRESENTATION('',(#7781),#7785);
#7781 = ( BOUNDED_CURVE() B_SPLINE_CURVE(2,(#7782,#7783,#7784),
.UNSPECIFIED.,.F.,.F.) B_SPLINE_CURVE_WITH_KNOTS((3,3),(12.485661702509,
13.58427399119),.PIECEWISE_BEZIER_KNOTS.) CURVE() 
GEOMETRIC_REPRESENTATION_ITEM() RATIONAL_B_SPLINE_CURVE((1.,
1.154700538383,1.)) REPRESENTATION_ITEM('') );
#7782 = CARTESIAN_POINT('',(-54.66875066325,-37.50018472041));
#7783 = CARTESIAN_POINT('',(-55.04375066324,-37.87518472041));
#7784 = CARTESIAN_POINT('',(-56.16875066325,-39.00018472042));
#7785 = ( GEOMETRIC_REPRESENTATION_CONTEXT(2) 
PARAMETRIC_REPRESENTATION_CONTEXT() REPRESENTATION_CONTEXT('2D SPACE',''
  ) );
#7786 = PCURVE('',#7787,#7792);
#7787 = CONICAL_SURFACE('',#7788,0.75,0.785398163397);
#7788 = AXIS2_PLACEMENT_3D('',#7789,#7790,#7791);
#7789 = CARTESIAN_POINT('',(-36.75,0.,107.5));
#7790 = DIRECTION('',(-0.,0.,1.));
#7791 = DIRECTION('',(0.,-1.,0.));
#7792 = DEFINITIONAL_REPRESENTATION('',(#7793),#7802);
#7793 = B_SPLINE_CURVE_WITH_KNOTS('',7,(#7794,#7795,#7796,#7797,#7798,
    #7799,#7800,#7801),.UNSPECIFIED.,.F.,.F.,(8,8),(12.485661702509,
    13.58427399119),.PIECEWISE_BEZIER_KNOTS.);
#7794 = CARTESIAN_POINT('',(-1.570788765851,4.440892098501E-16));
#7795 = CARTESIAN_POINT('',(-1.5707899525,0.117708459498));
#7796 = CARTESIAN_POINT('',(-1.570790921872,0.256969477826));
#7797 = CARTESIAN_POINT('',(-1.570791721704,0.42251947216));
#7798 = CARTESIAN_POINT('',(-1.570792386638,0.620391574764));
#7799 = CARTESIAN_POINT('',(-1.570792942955,0.858407113042));
#7800 = CARTESIAN_POINT('',(-1.57079341093,1.146874621497));
#7801 = CARTESIAN_POINT('',(-1.57079380648,1.5));
#7802 = ( GEOMETRIC_REPRESENTATION_CONTEXT(2) 
PARAMETRIC_REPRESENTATION_CONTEXT() REPRESENTATION_CONTEXT('2D SPACE',''
  ) );
#7803 = ADVANCED_FACE('',(#7804),#7256,.T.);
#7804 = FACE_BOUND('',#7805,.T.);
#7805 = EDGE_LOOP('',(#7806,#7830,#7831,#7832,#7860,#7883,#7916));
#7806 = ORIENTED_EDGE('',*,*,#7807,.T.);
#7807 = EDGE_CURVE('',#7808,#7212,#7810,.T.);
#7808 = VERTEX_POINT('',#7809);
#7809 = CARTESIAN_POINT('',(39.75,-5.670707940963E-06,109.));
#7810 = SURFACE_CURVE('',#7811,(#7816,#7823),.PCURVE_S1.);
#7811 = CIRCLE('',#7812,39.75);
#7812 = AXIS2_PLACEMENT_3D('',#7813,#7814,#7815);
#7813 = CARTESIAN_POINT('',(0.,0.,109.));
#7814 = DIRECTION('',(0.,0.,1.));
#7815 = DIRECTION('',(1.,0.,0.));
#7816 = PCURVE('',#7256,#7817);
#7817 = DEFINITIONAL_REPRESENTATION('',(#7818),#7822);
#7818 = CIRCLE('',#7819,39.75);
#7819 = AXIS2_PLACEMENT_2D('',#7820,#7821);
#7820 = CARTESIAN_POINT('',(4.403329231825E-15,-5.790076070423E-16));
#7821 = DIRECTION('',(1.,0.));
#7822 = ( GEOMETRIC_REPRESENTATION_CONTEXT(2) 
PARAMETRIC_REPRESENTATION_CONTEXT() REPRESENTATION_CONTEXT('2D SPACE',''
  ) );
#7823 = PCURVE('',#7227,#7824);
#7824 = DEFINITIONAL_REPRESENTATION('',(#7825),#7829);
#7825 = LINE('',#7826,#7827);
#7826 = CARTESIAN_POINT('',(-0.,-28.3));
#7827 = VECTOR('',#7828,1.);
#7828 = DIRECTION('',(-1.,0.));
#7829 = ( GEOMETRIC_REPRESENTATION_CONTEXT(2) 
PARAMETRIC_REPRESENTATION_CONTEXT() REPRESENTATION_CONTEXT('2D SPACE',''
  ) );
#7830 = ORIENTED_EDGE('',*,*,#7239,.T.);
#7831 = ORIENTED_EDGE('',*,*,#7728,.T.);
#7832 = ORIENTED_EDGE('',*,*,#7833,.T.);
#7833 = EDGE_CURVE('',#7729,#7834,#7836,.T.);
#7834 = VERTEX_POINT('',#7835);
#7835 = CARTESIAN_POINT('',(-36.75,2.25,109.));
#7836 = SURFACE_CURVE('',#7837,(#7842,#7853),.PCURVE_S1.);
#7837 = CIRCLE('',#7838,2.25);
#7838 = AXIS2_PLACEMENT_3D('',#7839,#7840,#7841);
#7839 = CARTESIAN_POINT('',(-36.75,0.,109.));
#7840 = DIRECTION('',(0.,-0.,-1.));
#7841 = DIRECTION('',(0.,-1.,0.));
#7842 = PCURVE('',#7256,#7843);
#7843 = DEFINITIONAL_REPRESENTATION('',(#7844),#7852);
#7844 = ( BOUNDED_CURVE() B_SPLINE_CURVE(2,(#7845,#7846,#7847,#7848,
#7849,#7850,#7851),.UNSPECIFIED.,.T.,.F.) B_SPLINE_CURVE_WITH_KNOTS((1,2
    ,2,2,2,1),(-2.094395102393,0.,2.094395102393,4.188790204786,
6.28318530718,8.377580409573),.UNSPECIFIED.) CURVE() 
GEOMETRIC_REPRESENTATION_ITEM() RATIONAL_B_SPLINE_CURVE((1.,0.5,1.,0.5,
1.,0.5,1.)) REPRESENTATION_ITEM('') );
#7845 = CARTESIAN_POINT('',(-36.75,-2.25));
#7846 = CARTESIAN_POINT('',(-40.64711431703,-2.25));
#7847 = CARTESIAN_POINT('',(-38.69855715851,1.125));
#7848 = CARTESIAN_POINT('',(-36.75,4.5));
#7849 = CARTESIAN_POINT('',(-34.80144284148,1.125));
#7850 = CARTESIAN_POINT('',(-32.85288568297,-2.25));
#7851 = CARTESIAN_POINT('',(-36.75,-2.25));
#7852 = ( GEOMETRIC_REPRESENTATION_CONTEXT(2) 
PARAMETRIC_REPRESENTATION_CONTEXT() REPRESENTATION_CONTEXT('2D SPACE',''
  ) );
#7853 = PCURVE('',#7787,#7854);
#7854 = DEFINITIONAL_REPRESENTATION('',(#7855),#7859);
#7855 = LINE('',#7856,#7857);
#7856 = CARTESIAN_POINT('',(-0.,1.5));
#7857 = VECTOR('',#7858,1.);
#7858 = DIRECTION('',(-1.,0.));
#7859 = ( GEOMETRIC_REPRESENTATION_CONTEXT(2) 
PARAMETRIC_REPRESENTATION_CONTEXT() REPRESENTATION_CONTEXT('2D SPACE',''
  ) );
#7860 = ORIENTED_EDGE('',*,*,#7861,.T.);
#7861 = EDGE_CURVE('',#7834,#7862,#7864,.T.);
#7862 = VERTEX_POINT('',#7863);
#7863 = CARTESIAN_POINT('',(36.75,2.25,109.));
#7864 = SURFACE_CURVE('',#7865,(#7869,#7876),.PCURVE_S1.);
#7865 = LINE('',#7866,#7867);
#7866 = CARTESIAN_POINT('',(-36.75,2.25,109.));
#7867 = VECTOR('',#7868,1.);
#7868 = DIRECTION('',(1.,0.,0.));
#7869 = PCURVE('',#7256,#7870);
#7870 = DEFINITIONAL_REPRESENTATION('',(#7871),#7875);
#7871 = LINE('',#7872,#7873);
#7872 = CARTESIAN_POINT('',(-36.75,2.25));
#7873 = VECTOR('',#7874,1.);
#7874 = DIRECTION('',(1.,0.));
#7875 = ( GEOMETRIC_REPRESENTATION_CONTEXT(2) 
PARAMETRIC_REPRESENTATION_CONTEXT() REPRESENTATION_CONTEXT('2D SPACE',''
  ) );
#7876 = PCURVE('',#7605,#7877);
#7877 = DEFINITIONAL_REPRESENTATION('',(#7878),#7882);
#7878 = LINE('',#7879,#7880);
#7879 = CARTESIAN_POINT('',(0.,0.));
#7880 = VECTOR('',#7881,1.);
#7881 = DIRECTION('',(1.,0.));
#7882 = ( GEOMETRIC_REPRESENTATION_CONTEXT(2) 
PARAMETRIC_REPRESENTATION_CONTEXT() REPRESENTATION_CONTEXT('2D SPACE',''
  ) );
#7883 = ORIENTED_EDGE('',*,*,#7884,.T.);
#7884 = EDGE_CURVE('',#7862,#7885,#7887,.T.);
#7885 = VERTEX_POINT('',#7886);
#7886 = CARTESIAN_POINT('',(38.999999999993,-5.670707920092E-06,109.));
#7887 = SURFACE_CURVE('',#7888,(#7893,#7904),.PCURVE_S1.);
#7888 = CIRCLE('',#7889,2.25);
#7889 = AXIS2_PLACEMENT_3D('',#7890,#7891,#7892);
#7890 = CARTESIAN_POINT('',(36.75,0.,109.));
#7891 = DIRECTION('',(0.,0.,-1.));
#7892 = DIRECTION('',(0.,1.,0.));
#7893 = PCURVE('',#7256,#7894);
#7894 = DEFINITIONAL_REPRESENTATION('',(#7895),#7903);
#7895 = ( BOUNDED_CURVE() B_SPLINE_CURVE(2,(#7896,#7897,#7898,#7899,
#7900,#7901,#7902),.UNSPECIFIED.,.T.,.F.) B_SPLINE_CURVE_WITH_KNOTS((1,2
    ,2,2,2,1),(-2.094395102393,0.,2.094395102393,4.188790204786,
6.28318530718,8.377580409573),.UNSPECIFIED.) CURVE() 
GEOMETRIC_REPRESENTATION_ITEM() RATIONAL_B_SPLINE_CURVE((1.,0.5,1.,0.5,
1.,0.5,1.)) REPRESENTATION_ITEM('') );
#7896 = CARTESIAN_POINT('',(36.75,2.25));
#7897 = CARTESIAN_POINT('',(40.64711431703,2.25));
#7898 = CARTESIAN_POINT('',(38.698557158515,-1.125));
#7899 = CARTESIAN_POINT('',(36.75,-4.5));
#7900 = CARTESIAN_POINT('',(34.801442841485,-1.125));
#7901 = CARTESIAN_POINT('',(32.85288568297,2.25));
#7902 = CARTESIAN_POINT('',(36.75,2.25));
#7903 = ( GEOMETRIC_REPRESENTATION_CONTEXT(2) 
PARAMETRIC_REPRESENTATION_CONTEXT() REPRESENTATION_CONTEXT('2D SPACE',''
  ) );
#7904 = PCURVE('',#7905,#7910);
#7905 = CONICAL_SURFACE('',#7906,0.75,0.785398163397);
#7906 = AXIS2_PLACEMENT_3D('',#7907,#7908,#7909);
#7907 = CARTESIAN_POINT('',(36.75,0.,107.5));
#7908 = DIRECTION('',(-0.,-0.,1.));
#7909 = DIRECTION('',(0.,1.,0.));
#7910 = DEFINITIONAL_REPRESENTATION('',(#7911),#7915);
#7911 = LINE('',#7912,#7913);
#7912 = CARTESIAN_POINT('',(-0.,1.5));
#7913 = VECTOR('',#7914,1.);
#7914 = DIRECTION('',(-1.,0.));
#7915 = ( GEOMETRIC_REPRESENTATION_CONTEXT(2) 
PARAMETRIC_REPRESENTATION_CONTEXT() REPRESENTATION_CONTEXT('2D SPACE',''
  ) );
#7916 = ORIENTED_EDGE('',*,*,#7917,.T.);
#7917 = EDGE_CURVE('',#7885,#7808,#7918,.T.);
#7918 = SURFACE_CURVE('',#7919,(#7923,#7929),.PCURVE_S1.);
#7919 = LINE('',#7920,#7921);
#7920 = CARTESIAN_POINT('',(9.236021589894E-05,-5.670707919931E-06,109.)
  );
#7921 = VECTOR('',#7922,1.);
#7922 = DIRECTION('',(1.,0.,0.));
#7923 = PCURVE('',#7256,#7924);
#7924 = DEFINITIONAL_REPRESENTATION('',(#7925),#7928);
#7925 = B_SPLINE_CURVE_WITH_KNOTS('',1,(#7926,#7927),.UNSPECIFIED.,.F.,
  .F.,(2,2),(-39.75009236021,39.749907639784),.PIECEWISE_BEZIER_KNOTS.);
#7926 = CARTESIAN_POINT('',(-39.75,-5.67070792051E-06));
#7927 = CARTESIAN_POINT('',(39.75,-5.67070792051E-06));
#7928 = ( GEOMETRIC_REPRESENTATION_CONTEXT(2) 
PARAMETRIC_REPRESENTATION_CONTEXT() REPRESENTATION_CONTEXT('2D SPACE',''
  ) );
#7929 = PCURVE('',#7495,#7930);
#7930 = DEFINITIONAL_REPRESENTATION('',(#7931),#7934);
#7931 = B_SPLINE_CURVE_WITH_KNOTS('',1,(#7932,#7933),.UNSPECIFIED.,.F.,
  .F.,(2,2),(-39.75009236021,39.749907639784),.PIECEWISE_BEZIER_KNOTS.);
#7932 = CARTESIAN_POINT('',(-56.16875066325,-39.75018472043));
#7933 = CARTESIAN_POINT('',(-56.16875066325,39.749815279568));
#7934 = ( GEOMETRIC_REPRESENTATION_CONTEXT(2) 
PARAMETRIC_REPRESENTATION_CONTEXT() REPRESENTATION_CONTEXT('2D SPACE',''
  ) );
#7935 = ADVANCED_FACE('',(#7936),#7227,.T.);
#7936 = FACE_BOUND('',#7937,.F.);
#7937 = EDGE_LOOP('',(#7938,#7939,#7958));
#7938 = ORIENTED_EDGE('',*,*,#7211,.F.);
#7939 = ORIENTED_EDGE('',*,*,#7940,.F.);
#7940 = EDGE_CURVE('',#7808,#7102,#7941,.T.);
#7941 = SURFACE_CURVE('',#7942,(#7946,#7952),.PCURVE_S1.);
#7942 = LINE('',#7943,#7944);
#7943 = CARTESIAN_POINT('',(39.75,-5.670707919931E-06,80.7));
#7944 = VECTOR('',#7945,1.);
#7945 = DIRECTION('',(-0.,-0.,-1.));
#7946 = PCURVE('',#7227,#7947);
#7947 = DEFINITIONAL_REPRESENTATION('',(#7948),#7951);
#7948 = B_SPLINE_CURVE_WITH_KNOTS('',1,(#7949,#7950),.UNSPECIFIED.,.F.,
  .F.,(2,2),(-28.3000006,1.199999999812E-06),.PIECEWISE_BEZIER_KNOTS.);
#7949 = CARTESIAN_POINT('',(-6.28318516452,-28.3000006));
#7950 = CARTESIAN_POINT('',(-6.28318516452,1.199999999812E-06));
#7951 = ( GEOMETRIC_REPRESENTATION_CONTEXT(2) 
PARAMETRIC_REPRESENTATION_CONTEXT() REPRESENTATION_CONTEXT('2D SPACE',''
  ) );
#7952 = PCURVE('',#7495,#7953);
#7953 = DEFINITIONAL_REPRESENTATION('',(#7954),#7957);
#7954 = B_SPLINE_CURVE_WITH_KNOTS('',1,(#7955,#7956),.UNSPECIFIED.,.F.,
  .F.,(2,2),(-28.3000006,1.199999999812E-06),.PIECEWISE_BEZIER_KNOTS.);
#7955 = CARTESIAN_POINT('',(-56.16875126325,39.749815279568));
#7956 = CARTESIAN_POINT('',(-27.86874946325,39.749815279568));
#7957 = ( GEOMETRIC_REPRESENTATION_CONTEXT(2) 
PARAMETRIC_REPRESENTATION_CONTEXT() REPRESENTATION_CONTEXT('2D SPACE',''
  ) );
#7958 = ORIENTED_EDGE('',*,*,#7807,.T.);
#7959 = ADVANCED_FACE('',(#7960),#7495,.T.);
#7960 = FACE_BOUND('',#7961,.T.);
#7961 = EDGE_LOOP('',(#7962,#7963,#7964,#7993,#8012));
#7962 = ORIENTED_EDGE('',*,*,#7940,.F.);
#7963 = ORIENTED_EDGE('',*,*,#7917,.F.);
#7964 = ORIENTED_EDGE('',*,*,#7965,.T.);
#7965 = EDGE_CURVE('',#7885,#7966,#7968,.T.);
#7966 = VERTEX_POINT('',#7967);
#7967 = CARTESIAN_POINT('',(37.499999999979,-5.670707919969E-06,107.5));
#7968 = SURFACE_CURVE('',#7969,(#7974,#7981),.PCURVE_S1.);
#7969 = HYPERBOLA('',#7970,5.670707919931E-06,5.670707919931E-06);
#7970 = AXIS2_PLACEMENT_3D('',#7971,#7972,#7973);
#7971 = CARTESIAN_POINT('',(36.75,-5.670707919931E-06,106.75));
#7972 = DIRECTION('',(-0.,-1.,0.));
#7973 = DIRECTION('',(0.,-0.,1.));
#7974 = PCURVE('',#7495,#7975);
#7975 = DEFINITIONAL_REPRESENTATION('',(#7976),#7980);
#7976 = ( BOUNDED_CURVE() B_SPLINE_CURVE(2,(#7977,#7978,#7979),
.UNSPECIFIED.,.F.,.F.) B_SPLINE_CURVE_WITH_KNOTS((3,3),(-13.58427399119,
-12.4856617025),.PIECEWISE_BEZIER_KNOTS.) CURVE() 
GEOMETRIC_REPRESENTATION_ITEM() RATIONAL_B_SPLINE_CURVE((1.,
1.154700538383,1.)) REPRESENTATION_ITEM('') );
#7977 = CARTESIAN_POINT('',(-56.16875066325,38.999815279561));
#7978 = CARTESIAN_POINT('',(-55.04375066324,37.87481527955));
#7979 = CARTESIAN_POINT('',(-54.66875066325,37.499815279547));
#7980 = ( GEOMETRIC_REPRESENTATION_CONTEXT(2) 
PARAMETRIC_REPRESENTATION_CONTEXT() REPRESENTATION_CONTEXT('2D SPACE',''
  ) );
#7981 = PCURVE('',#7905,#7982);
#7982 = DEFINITIONAL_REPRESENTATION('',(#7983),#7992);
#7983 = B_SPLINE_CURVE_WITH_KNOTS('',7,(#7984,#7985,#7986,#7987,#7988,
    #7989,#7990,#7991),.UNSPECIFIED.,.F.,.F.,(8,8),(-13.58427399119,
    -12.4856617025),.PIECEWISE_BEZIER_KNOTS.);
#7984 = CARTESIAN_POINT('',(-1.57079884711,1.5));
#7985 = CARTESIAN_POINT('',(-1.570799242659,1.146874621497));
#7986 = CARTESIAN_POINT('',(-1.570799710635,0.858407113042));
#7987 = CARTESIAN_POINT('',(-1.570800266953,0.620391574764));
#7988 = CARTESIAN_POINT('',(-1.570800931886,0.42251947216));
#7989 = CARTESIAN_POINT('',(-1.570801731718,0.256969477826));
#7990 = CARTESIAN_POINT('',(-1.570802701089,0.117708459498));
#7991 = CARTESIAN_POINT('',(-1.570803887739,4.440892098501E-16));
#7992 = ( GEOMETRIC_REPRESENTATION_CONTEXT(2) 
PARAMETRIC_REPRESENTATION_CONTEXT() REPRESENTATION_CONTEXT('2D SPACE',''
  ) );
#7993 = ORIENTED_EDGE('',*,*,#7994,.T.);
#7994 = EDGE_CURVE('',#7966,#7450,#7995,.T.);
#7995 = SURFACE_CURVE('',#7996,(#8000,#8006),.PCURVE_S1.);
#7996 = LINE('',#7997,#7998);
#7997 = CARTESIAN_POINT('',(37.499999999979,-5.670707919931E-06,99.));
#7998 = VECTOR('',#7999,1.);
#7999 = DIRECTION('',(0.,0.,-1.));
#8000 = PCURVE('',#7495,#8001);
#8001 = DEFINITIONAL_REPRESENTATION('',(#8002),#8005);
#8002 = B_SPLINE_CURVE_WITH_KNOTS('',1,(#8003,#8004),.UNSPECIFIED.,.F.,
  .F.,(2,2),(-8.5000006,6.000000070117E-07),.PIECEWISE_BEZIER_KNOTS.);
#8003 = CARTESIAN_POINT('',(-54.66875126325,37.499815279547));
#8004 = CARTESIAN_POINT('',(-46.16875006325,37.499815279547));
#8005 = ( GEOMETRIC_REPRESENTATION_CONTEXT(2) 
PARAMETRIC_REPRESENTATION_CONTEXT() REPRESENTATION_CONTEXT('2D SPACE',''
  ) );
#8006 = PCURVE('',#7546,#8007);
#8007 = DEFINITIONAL_REPRESENTATION('',(#8008),#8011);
#8008 = B_SPLINE_CURVE_WITH_KNOTS('',1,(#8009,#8010),.UNSPECIFIED.,.F.,
  .F.,(2,2),(-8.5000006,6.000000070117E-07),.PIECEWISE_BEZIER_KNOTS.);
#8009 = CARTESIAN_POINT('',(1.570803887739,-8.5000006));
#8010 = CARTESIAN_POINT('',(1.570803887739,6.000000070117E-07));
#8011 = ( GEOMETRIC_REPRESENTATION_CONTEXT(2) 
PARAMETRIC_REPRESENTATION_CONTEXT() REPRESENTATION_CONTEXT('2D SPACE',''
  ) );
#8012 = ORIENTED_EDGE('',*,*,#7449,.F.);
#8013 = ADVANCED_FACE('',(#8014),#7546,.F.);
#8014 = FACE_BOUND('',#8015,.F.);
#8015 = EDGE_LOOP('',(#8016,#8017,#8018,#8019));
#8016 = ORIENTED_EDGE('',*,*,#7994,.T.);
#8017 = ORIENTED_EDGE('',*,*,#7524,.T.);
#8018 = ORIENTED_EDGE('',*,*,#7617,.T.);
#8019 = ORIENTED_EDGE('',*,*,#8020,.T.);
#8020 = EDGE_CURVE('',#7590,#7966,#8021,.T.);
#8021 = SURFACE_CURVE('',#8022,(#8027,#8034),.PCURVE_S1.);
#8022 = CIRCLE('',#8023,0.75);
#8023 = AXIS2_PLACEMENT_3D('',#8024,#8025,#8026);
#8024 = CARTESIAN_POINT('',(36.75,0.,107.5));
#8025 = DIRECTION('',(0.,0.,-1.));
#8026 = DIRECTION('',(0.,1.,0.));
#8027 = PCURVE('',#7546,#8028);
#8028 = DEFINITIONAL_REPRESENTATION('',(#8029),#8033);
#8029 = LINE('',#8030,#8031);
#8030 = CARTESIAN_POINT('',(0.,-8.5));
#8031 = VECTOR('',#8032,1.);
#8032 = DIRECTION('',(1.,0.));
#8033 = ( GEOMETRIC_REPRESENTATION_CONTEXT(2) 
PARAMETRIC_REPRESENTATION_CONTEXT() REPRESENTATION_CONTEXT('2D SPACE',''
  ) );
#8034 = PCURVE('',#7905,#8035);
#8035 = DEFINITIONAL_REPRESENTATION('',(#8036),#8040);
#8036 = LINE('',#8037,#8038);
#8037 = CARTESIAN_POINT('',(-0.,0.));
#8038 = VECTOR('',#8039,1.);
#8039 = DIRECTION('',(-1.,0.));
#8040 = ( GEOMETRIC_REPRESENTATION_CONTEXT(2) 
PARAMETRIC_REPRESENTATION_CONTEXT() REPRESENTATION_CONTEXT('2D SPACE',''
  ) );
#8041 = ADVANCED_FACE('',(#8042),#7605,.T.);
#8042 = FACE_BOUND('',#8043,.T.);
#8043 = EDGE_LOOP('',(#8044,#8045,#8063,#8064));
#8044 = ORIENTED_EDGE('',*,*,#7589,.T.);
#8045 = ORIENTED_EDGE('',*,*,#8046,.T.);
#8046 = EDGE_CURVE('',#7590,#7862,#8047,.T.);
#8047 = SURFACE_CURVE('',#8048,(#8051,#8057),.PCURVE_S1.);
#8048 = B_SPLINE_CURVE_WITH_KNOTS('',1,(#8049,#8050),.UNSPECIFIED.,.F.,
  .F.,(2,2),(0.,1.),.PIECEWISE_BEZIER_KNOTS.);
#8049 = CARTESIAN_POINT('',(36.75,0.75,107.5));
#8050 = CARTESIAN_POINT('',(36.75,2.25,109.));
#8051 = PCURVE('',#7605,#8052);
#8052 = DEFINITIONAL_REPRESENTATION('',(#8053),#8056);
#8053 = B_SPLINE_CURVE_WITH_KNOTS('',1,(#8054,#8055),.UNSPECIFIED.,.F.,
  .F.,(2,2),(0.,1.),.PIECEWISE_BEZIER_KNOTS.);
#8054 = CARTESIAN_POINT('',(73.5,-2.12132034356));
#8055 = CARTESIAN_POINT('',(73.5,0.));
#8056 = ( GEOMETRIC_REPRESENTATION_CONTEXT(2) 
PARAMETRIC_REPRESENTATION_CONTEXT() REPRESENTATION_CONTEXT('2D SPACE',''
  ) );
#8057 = PCURVE('',#7905,#8058);
#8058 = DEFINITIONAL_REPRESENTATION('',(#8059),#8062);
#8059 = B_SPLINE_CURVE_WITH_KNOTS('',1,(#8060,#8061),.UNSPECIFIED.,.F.,
  .F.,(2,2),(0.,1.),.PIECEWISE_BEZIER_KNOTS.);
#8060 = CARTESIAN_POINT('',(0.,0.));
#8061 = CARTESIAN_POINT('',(0.,1.5));
#8062 = ( GEOMETRIC_REPRESENTATION_CONTEXT(2) 
PARAMETRIC_REPRESENTATION_CONTEXT() REPRESENTATION_CONTEXT('2D SPACE',''
  ) );
#8063 = ORIENTED_EDGE('',*,*,#7861,.F.);
#8064 = ORIENTED_EDGE('',*,*,#8065,.F.);
#8065 = EDGE_CURVE('',#7562,#7834,#8066,.T.);
#8066 = SURFACE_CURVE('',#8067,(#8070,#8076),.PCURVE_S1.);
#8067 = B_SPLINE_CURVE_WITH_KNOTS('',1,(#8068,#8069),.UNSPECIFIED.,.F.,
  .F.,(2,2),(0.,1.),.PIECEWISE_BEZIER_KNOTS.);
#8068 = CARTESIAN_POINT('',(-36.75,0.75,107.5));
#8069 = CARTESIAN_POINT('',(-36.75,2.25,109.));
#8070 = PCURVE('',#7605,#8071);
#8071 = DEFINITIONAL_REPRESENTATION('',(#8072),#8075);
#8072 = B_SPLINE_CURVE_WITH_KNOTS('',1,(#8073,#8074),.UNSPECIFIED.,.F.,
  .F.,(2,2),(0.,1.),.PIECEWISE_BEZIER_KNOTS.);
#8073 = CARTESIAN_POINT('',(0.,-2.12132034356));
#8074 = CARTESIAN_POINT('',(0.,0.));
#8075 = ( GEOMETRIC_REPRESENTATION_CONTEXT(2) 
PARAMETRIC_REPRESENTATION_CONTEXT() REPRESENTATION_CONTEXT('2D SPACE',''
  ) );
#8076 = PCURVE('',#7787,#8077);
#8077 = DEFINITIONAL_REPRESENTATION('',(#8078),#8081);
#8078 = B_SPLINE_CURVE_WITH_KNOTS('',1,(#8079,#8080),.UNSPECIFIED.,.F.,
  .F.,(2,2),(0.,1.),.PIECEWISE_BEZIER_KNOTS.);
#8079 = CARTESIAN_POINT('',(-3.14159265359,0.));
#8080 = CARTESIAN_POINT('',(-3.14159265359,1.5));
#8081 = ( GEOMETRIC_REPRESENTATION_CONTEXT(2) 
PARAMETRIC_REPRESENTATION_CONTEXT() REPRESENTATION_CONTEXT('2D SPACE',''
  ) );
#8082 = ADVANCED_FACE('',(#8083),#7577,.F.);
#8083 = FACE_BOUND('',#8084,.F.);
#8084 = EDGE_LOOP('',(#8085,#8086,#8087,#8088));
#8085 = ORIENTED_EDGE('',*,*,#7561,.F.);
#8086 = ORIENTED_EDGE('',*,*,#7697,.T.);
#8087 = ORIENTED_EDGE('',*,*,#7751,.F.);
#8088 = ORIENTED_EDGE('',*,*,#8089,.T.);
#8089 = EDGE_CURVE('',#7752,#7562,#8090,.T.);
#8090 = SURFACE_CURVE('',#8091,(#8096,#8103),.PCURVE_S1.);
#8091 = CIRCLE('',#8092,0.75);
#8092 = AXIS2_PLACEMENT_3D('',#8093,#8094,#8095);
#8093 = CARTESIAN_POINT('',(-36.75,0.,107.5));
#8094 = DIRECTION('',(0.,-0.,-1.));
#8095 = DIRECTION('',(0.,-1.,0.));
#8096 = PCURVE('',#7577,#8097);
#8097 = DEFINITIONAL_REPRESENTATION('',(#8098),#8102);
#8098 = LINE('',#8099,#8100);
#8099 = CARTESIAN_POINT('',(0.,-8.5));
#8100 = VECTOR('',#8101,1.);
#8101 = DIRECTION('',(1.,0.));
#8102 = ( GEOMETRIC_REPRESENTATION_CONTEXT(2) 
PARAMETRIC_REPRESENTATION_CONTEXT() REPRESENTATION_CONTEXT('2D SPACE',''
  ) );
#8103 = PCURVE('',#7787,#8104);
#8104 = DEFINITIONAL_REPRESENTATION('',(#8105),#8109);
#8105 = LINE('',#8106,#8107);
#8106 = CARTESIAN_POINT('',(-0.,0.));
#8107 = VECTOR('',#8108,1.);
#8108 = DIRECTION('',(-1.,0.));
#8109 = ( GEOMETRIC_REPRESENTATION_CONTEXT(2) 
PARAMETRIC_REPRESENTATION_CONTEXT() REPRESENTATION_CONTEXT('2D SPACE',''
  ) );
#8110 = ADVANCED_FACE('',(#8111),#7787,.F.);
#8111 = FACE_BOUND('',#8112,.T.);
#8112 = EDGE_LOOP('',(#8113,#8114,#8115,#8116));
#8113 = ORIENTED_EDGE('',*,*,#7772,.F.);
#8114 = ORIENTED_EDGE('',*,*,#8089,.T.);
#8115 = ORIENTED_EDGE('',*,*,#8065,.T.);
#8116 = ORIENTED_EDGE('',*,*,#7833,.F.);
#8117 = ADVANCED_FACE('',(#8118),#7905,.F.);
#8118 = FACE_BOUND('',#8119,.T.);
#8119 = EDGE_LOOP('',(#8120,#8121,#8122,#8123));
#8120 = ORIENTED_EDGE('',*,*,#8046,.F.);
#8121 = ORIENTED_EDGE('',*,*,#8020,.T.);
#8122 = ORIENTED_EDGE('',*,*,#7965,.F.);
#8123 = ORIENTED_EDGE('',*,*,#7884,.F.);
#8124 = ( GEOMETRIC_REPRESENTATION_CONTEXT(3) 
GLOBAL_UNCERTAINTY_ASSIGNED_CONTEXT((#8128)) 
GLOBAL_UNIT_ASSIGNED_CONTEXT((#8125,#8126,#8127)) REPRESENTATION_CONTEXT
('Context #1','3D Context with UNIT and UNCERTAINTY') );
#8125 = ( LENGTH_UNIT() NAMED_UNIT(*) SI_UNIT(.MILLI.,.METRE.) );
#8126 = ( NAMED_UNIT(*) PLANE_ANGLE_UNIT() SI_UNIT($,.RADIAN.) );
#8127 = ( NAMED_UNIT(*) SI_UNIT($,.STERADIAN.) SOLID_ANGLE_UNIT() );
#8128 = UNCERTAINTY_MEASURE_WITH_UNIT(LENGTH_MEASURE(1.E-06),#8125,
  'distance_accuracy_value','confusion accuracy');
#8129 = CONTEXT_DEPENDENT_SHAPE_REPRESENTATION(#8130,#8132);
#8130 = ( REPRESENTATION_RELATIONSHIP('','',#3988,#10) 
REPRESENTATION_RELATIONSHIP_WITH_TRANSFORMATION(#8131) 
SHAPE_REPRESENTATION_RELATIONSHIP() );
#8131 = ITEM_DEFINED_TRANSFORMATION('','',#11,#19);
#8132 = PRODUCT_DEFINITION_SHAPE('Placement','Placement of an item',
  #8133);
#8133 = NEXT_ASSEMBLY_USAGE_OCCURRENCE('2','Camada_02_Body_B','',#5,
  #3983,$);
#8134 = PRODUCT_RELATED_PRODUCT_CATEGORY('part',$,(#3985));
#8135 = MECHANICAL_DESIGN_GEOMETRIC_PRESENTATION_REPRESENTATION('',(
    #8136),#8124);
#8136 = STYLED_ITEM('color',(#8137),#3989);
#8137 = PRESENTATION_STYLE_ASSIGNMENT((#8138));
#8138 = SURFACE_STYLE_USAGE(.BOTH.,#8139);
#8139 = SURFACE_SIDE_STYLE('',(#8140));
#8140 = SURFACE_STYLE_FILL_AREA(#8141);
#8141 = FILL_AREA_STYLE('',(#8142));
#8142 = FILL_AREA_STYLE_COLOUR('',#8143);
#8143 = COLOUR_RGB('',0.55000000909,0.620000000292,0.720000003324);
#8144 = MECHANICAL_DESIGN_GEOMETRIC_PRESENTATION_REPRESENTATION('',(
    #8145),#3970);
#8145 = STYLED_ITEM('color',(#8146),#37);
#8146 = PRESENTATION_STYLE_ASSIGNMENT((#8147));
#8147 = SURFACE_STYLE_USAGE(.BOTH.,#8148);
#8148 = SURFACE_SIDE_STYLE('',(#8149));
#8149 = SURFACE_STYLE_FILL_AREA(#8150);
#8150 = FILL_AREA_STYLE('',(#8151));
#8151 = FILL_AREA_STYLE_COLOUR('',#8152);
#8152 = COLOUR_RGB('',0.679999990811,0.750000000934,0.850000012718);
ENDSEC;
END-ISO-10303-21;
