ISO-10303-21;
HEADER;
FILE_DESCRIPTION(('Open CASCADE Model'),'2;1');
FILE_NAME('Open CASCADE Shape Model','2026-09-13T13:48:29',('Author'),(
    'Open CASCADE'),'Open CASCADE STEP processor 7.9','Open CASCADE 7.9'
  ,'Unknown');
FILE_SCHEMA(('AUTOMOTIVE_DESIGN { 1 0 10303 214 1 1 1 1 }'));
ENDSEC;
DATA;
#1 = APPLICATION_PROTOCOL_DEFINITION('international standard',
  'automotive_design',2000,#2);
#2 = APPLICATION_CONTEXT(
  'core data for automotive mechanical design processes');
#3 = SHAPE_DEFINITION_REPRESENTATION(#4,#10);
#4 = PRODUCT_DEFINITION_SHAPE('','',#5);
#5 = PRODUCT_DEFINITION('design','',#6,#9);
#6 = PRODUCT_DEFINITION_FORMATION('','',#7);
#7 = PRODUCT('Open CASCADE STEP translator 7.9 7',
  'Open CASCADE STEP translator 7.9 7','',(#8));
#8 = PRODUCT_CONTEXT('',#2,'mechanical');
#9 = PRODUCT_DEFINITION_CONTEXT('part definition',#2,'design');
#10 = SHAPE_REPRESENTATION('',(#11,#15,#19,#23),#27);
#11 = AXIS2_PLACEMENT_3D('',#12,#13,#14);
#12 = CARTESIAN_POINT('',(0.,0.,0.));
#13 = DIRECTION('',(0.,0.,1.));
#14 = DIRECTION('',(1.,0.,-0.));
#15 = AXIS2_PLACEMENT_3D('',#16,#17,#18);
#16 = CARTESIAN_POINT('',(0.,0.,0.));
#17 = DIRECTION('',(0.,0.,1.));
#18 = DIRECTION('',(1.,0.,-0.));
#19 = AXIS2_PLACEMENT_3D('',#20,#21,#22);
#20 = CARTESIAN_POINT('',(0.,0.,0.));
#21 = DIRECTION('',(0.,0.,1.));
#22 = DIRECTION('',(1.,0.,0.));
#23 = AXIS2_PLACEMENT_3D('',#24,#25,#26);
#24 = CARTESIAN_POINT('',(0.,0.,0.));
#25 = DIRECTION('',(0.,0.,1.));
#26 = DIRECTION('',(1.,0.,0.));
#27 = ( GEOMETRIC_REPRESENTATION_CONTEXT(3) 
GLOBAL_UNCERTAINTY_ASSIGNED_CONTEXT((#31)) GLOBAL_UNIT_ASSIGNED_CONTEXT(
(#28,#29,#30)) REPRESENTATION_CONTEXT('Context #1',
  '3D Context with UNIT and UNCERTAINTY') );
#28 = ( LENGTH_UNIT() NAMED_UNIT(*) SI_UNIT(.MILLI.,.METRE.) );
#29 = ( NAMED_UNIT(*) PLANE_ANGLE_UNIT() SI_UNIT($,.RADIAN.) );
#30 = ( NAMED_UNIT(*) SI_UNIT($,.STERADIAN.) SOLID_ANGLE_UNIT() );
#31 = UNCERTAINTY_MEASURE_WITH_UNIT(LENGTH_MEASURE(1.E-07),#28,
  'distance_accuracy_value','confusion accuracy');
#32 = PRODUCT_RELATED_PRODUCT_CATEGORY('part',$,(#7));
#33 = SHAPE_DEFINITION_REPRESENTATION(#34,#40);
#34 = PRODUCT_DEFINITION_SHAPE('','',#35);
#35 = PRODUCT_DEFINITION('design','',#36,#39);
#36 = PRODUCT_DEFINITION_FORMATION('','',#37);
#37 = PRODUCT('Open CASCADE STEP translator 7.9 7.1',
  'Open CASCADE STEP translator 7.9 7.1','',(#38));
#38 = PRODUCT_CONTEXT('',#2,'mechanical');
#39 = PRODUCT_DEFINITION_CONTEXT('part definition',#2,'design');
#40 = ADVANCED_BREP_SHAPE_REPRESENTATION('',(#11,#41),#1142);
#41 = MANIFOLD_SOLID_BREP('',#42);
#42 = CLOSED_SHELL('',(#43,#131,#352,#543,#570,#597,#624,#651,#706,#733,
    #760,#815,#870,#905,#940,#995,#1050,#1085,#1115));
#43 = ADVANCED_FACE('',(#44),#57,.T.);
#44 = FACE_BOUND('',#45,.T.);
#45 = EDGE_LOOP('',(#46,#80,#103,#130));
#46 = ORIENTED_EDGE('',*,*,#47,.F.);
#47 = EDGE_CURVE('',#48,#48,#50,.T.);
#48 = VERTEX_POINT('',#49);
#49 = CARTESIAN_POINT('',(110.,-2.694222958124E-14,43.));
#50 = SURFACE_CURVE('',#51,(#56,#68),.PCURVE_S1.);
#51 = CIRCLE('',#52,110.);
#52 = AXIS2_PLACEMENT_3D('',#53,#54,#55);
#53 = CARTESIAN_POINT('',(0.,0.,43.));
#54 = DIRECTION('',(0.,0.,1.));
#55 = DIRECTION('',(1.,0.,-0.));
#56 = PCURVE('',#57,#62);
#57 = CYLINDRICAL_SURFACE('',#58,110.);
#58 = AXIS2_PLACEMENT_3D('',#59,#60,#61);
#59 = CARTESIAN_POINT('',(0.,0.,3.));
#60 = DIRECTION('',(0.,0.,1.));
#61 = DIRECTION('',(1.,0.,-0.));
#62 = DEFINITIONAL_REPRESENTATION('',(#63),#67);
#63 = LINE('',#64,#65);
#64 = CARTESIAN_POINT('',(0.,40.));
#65 = VECTOR('',#66,1.);
#66 = DIRECTION('',(1.,0.));
#67 = ( GEOMETRIC_REPRESENTATION_CONTEXT(2) 
PARAMETRIC_REPRESENTATION_CONTEXT() REPRESENTATION_CONTEXT('2D SPACE',''
  ) );
#68 = PCURVE('',#69,#74);
#69 = PLANE('',#70);
#70 = AXIS2_PLACEMENT_3D('',#71,#72,#73);
#71 = CARTESIAN_POINT('',(0.,0.,43.));
#72 = DIRECTION('',(0.,0.,1.));
#73 = DIRECTION('',(1.,0.,-0.));
#74 = DEFINITIONAL_REPRESENTATION('',(#75),#79);
#75 = CIRCLE('',#76,110.);
#76 = AXIS2_PLACEMENT_2D('',#77,#78);
#77 = CARTESIAN_POINT('',(0.,0.));
#78 = DIRECTION('',(1.,0.));
#79 = ( GEOMETRIC_REPRESENTATION_CONTEXT(2) 
PARAMETRIC_REPRESENTATION_CONTEXT() REPRESENTATION_CONTEXT('2D SPACE',''
  ) );
#80 = ORIENTED_EDGE('',*,*,#81,.F.);
#81 = EDGE_CURVE('',#82,#48,#84,.T.);
#82 = VERTEX_POINT('',#83);
#83 = CARTESIAN_POINT('',(110.,-2.694222958124E-14,3.));
#84 = SEAM_CURVE('',#85,(#89,#96),.PCURVE_S1.);
#85 = LINE('',#86,#87);
#86 = CARTESIAN_POINT('',(110.,-2.694222958124E-14,3.));
#87 = VECTOR('',#88,1.);
#88 = DIRECTION('',(0.,0.,1.));
#89 = PCURVE('',#57,#90);
#90 = DEFINITIONAL_REPRESENTATION('',(#91),#95);
#91 = LINE('',#92,#93);
#92 = CARTESIAN_POINT('',(6.28318530718,-0.));
#93 = VECTOR('',#94,1.);
#94 = DIRECTION('',(0.,1.));
#95 = ( GEOMETRIC_REPRESENTATION_CONTEXT(2) 
PARAMETRIC_REPRESENTATION_CONTEXT() REPRESENTATION_CONTEXT('2D SPACE',''
  ) );
#96 = PCURVE('',#57,#97);
#97 = DEFINITIONAL_REPRESENTATION('',(#98),#102);
#98 = LINE('',#99,#100);
#99 = CARTESIAN_POINT('',(0.,-0.));
#100 = VECTOR('',#101,1.);
#101 = DIRECTION('',(0.,1.));
#102 = ( GEOMETRIC_REPRESENTATION_CONTEXT(2) 
PARAMETRIC_REPRESENTATION_CONTEXT() REPRESENTATION_CONTEXT('2D SPACE',''
  ) );
#103 = ORIENTED_EDGE('',*,*,#104,.T.);
#104 = EDGE_CURVE('',#82,#82,#105,.T.);
#105 = SURFACE_CURVE('',#106,(#111,#118),.PCURVE_S1.);
#106 = CIRCLE('',#107,110.);
#107 = AXIS2_PLACEMENT_3D('',#108,#109,#110);
#108 = CARTESIAN_POINT('',(0.,0.,3.));
#109 = DIRECTION('',(0.,0.,1.));
#110 = DIRECTION('',(1.,0.,-0.));
#111 = PCURVE('',#57,#112);
#112 = DEFINITIONAL_REPRESENTATION('',(#113),#117);
#113 = LINE('',#114,#115);
#114 = CARTESIAN_POINT('',(0.,0.));
#115 = VECTOR('',#116,1.);
#116 = DIRECTION('',(1.,0.));
#117 = ( GEOMETRIC_REPRESENTATION_CONTEXT(2) 
PARAMETRIC_REPRESENTATION_CONTEXT() REPRESENTATION_CONTEXT('2D SPACE',''
  ) );
#118 = PCURVE('',#119,#124);
#119 = PLANE('',#120);
#120 = AXIS2_PLACEMENT_3D('',#121,#122,#123);
#121 = CARTESIAN_POINT('',(0.,0.,3.));
#122 = DIRECTION('',(0.,0.,1.));
#123 = DIRECTION('',(1.,0.,-0.));
#124 = DEFINITIONAL_REPRESENTATION('',(#125),#129);
#125 = CIRCLE('',#126,110.);
#126 = AXIS2_PLACEMENT_2D('',#127,#128);
#127 = CARTESIAN_POINT('',(0.,0.));
#128 = DIRECTION('',(1.,0.));
#129 = ( GEOMETRIC_REPRESENTATION_CONTEXT(2) 
PARAMETRIC_REPRESENTATION_CONTEXT() REPRESENTATION_CONTEXT('2D SPACE',''
  ) );
#130 = ORIENTED_EDGE('',*,*,#81,.T.);
#131 = ADVANCED_FACE('',(#132,#135,#166,#197,#228,#259,#290,#321),#69,
  .T.);
#132 = FACE_BOUND('',#133,.T.);
#133 = EDGE_LOOP('',(#134));
#134 = ORIENTED_EDGE('',*,*,#47,.T.);
#135 = FACE_BOUND('',#136,.T.);
#136 = EDGE_LOOP('',(#137));
#137 = ORIENTED_EDGE('',*,*,#138,.F.);
#138 = EDGE_CURVE('',#139,#139,#141,.T.);
#139 = VERTEX_POINT('',#140);
#140 = CARTESIAN_POINT('',(-36.75,-77.94228634059,43.));
#141 = SURFACE_CURVE('',#142,(#147,#154),.PCURVE_S1.);
#142 = CIRCLE('',#143,8.25);
#143 = AXIS2_PLACEMENT_3D('',#144,#145,#146);
#144 = CARTESIAN_POINT('',(-45.,-77.94228634059,43.));
#145 = DIRECTION('',(0.,0.,1.));
#146 = DIRECTION('',(1.,0.,-0.));
#147 = PCURVE('',#69,#148);
#148 = DEFINITIONAL_REPRESENTATION('',(#149),#153);
#149 = CIRCLE('',#150,8.25);
#150 = AXIS2_PLACEMENT_2D('',#151,#152);
#151 = CARTESIAN_POINT('',(-45.,-77.94228634059));
#152 = DIRECTION('',(1.,0.));
#153 = ( GEOMETRIC_REPRESENTATION_CONTEXT(2) 
PARAMETRIC_REPRESENTATION_CONTEXT() REPRESENTATION_CONTEXT('2D SPACE',''
  ) );
#154 = PCURVE('',#155,#160);
#155 = CYLINDRICAL_SURFACE('',#156,8.25);
#156 = AXIS2_PLACEMENT_3D('',#157,#158,#159);
#157 = CARTESIAN_POINT('',(-45.,-77.94228634059,-2.));
#158 = DIRECTION('',(0.,0.,1.));
#159 = DIRECTION('',(1.,0.,-0.));
#160 = DEFINITIONAL_REPRESENTATION('',(#161),#165);
#161 = LINE('',#162,#163);
#162 = CARTESIAN_POINT('',(0.,45.));
#163 = VECTOR('',#164,1.);
#164 = DIRECTION('',(1.,0.));
#165 = ( GEOMETRIC_REPRESENTATION_CONTEXT(2) 
PARAMETRIC_REPRESENTATION_CONTEXT() REPRESENTATION_CONTEXT('2D SPACE',''
  ) );
#166 = FACE_BOUND('',#167,.T.);
#167 = EDGE_LOOP('',(#168));
#168 = ORIENTED_EDGE('',*,*,#169,.F.);
#169 = EDGE_CURVE('',#170,#170,#172,.T.);
#170 = VERTEX_POINT('',#171);
#171 = CARTESIAN_POINT('',(53.25,-77.94228634059,43.));
#172 = SURFACE_CURVE('',#173,(#178,#185),.PCURVE_S1.);
#173 = CIRCLE('',#174,8.25);
#174 = AXIS2_PLACEMENT_3D('',#175,#176,#177);
#175 = CARTESIAN_POINT('',(45.,-77.94228634059,43.));
#176 = DIRECTION('',(0.,0.,1.));
#177 = DIRECTION('',(1.,0.,-0.));
#178 = PCURVE('',#69,#179);
#179 = DEFINITIONAL_REPRESENTATION('',(#180),#184);
#180 = CIRCLE('',#181,8.25);
#181 = AXIS2_PLACEMENT_2D('',#182,#183);
#182 = CARTESIAN_POINT('',(45.,-77.94228634059));
#183 = DIRECTION('',(1.,0.));
#184 = ( GEOMETRIC_REPRESENTATION_CONTEXT(2) 
PARAMETRIC_REPRESENTATION_CONTEXT() REPRESENTATION_CONTEXT('2D SPACE',''
  ) );
#185 = PCURVE('',#186,#191);
#186 = CYLINDRICAL_SURFACE('',#187,8.25);
#187 = AXIS2_PLACEMENT_3D('',#188,#189,#190);
#188 = CARTESIAN_POINT('',(45.,-77.94228634059,-2.));
#189 = DIRECTION('',(0.,0.,1.));
#190 = DIRECTION('',(1.,0.,-0.));
#191 = DEFINITIONAL_REPRESENTATION('',(#192),#196);
#192 = LINE('',#193,#194);
#193 = CARTESIAN_POINT('',(0.,45.));
#194 = VECTOR('',#195,1.);
#195 = DIRECTION('',(1.,0.));
#196 = ( GEOMETRIC_REPRESENTATION_CONTEXT(2) 
PARAMETRIC_REPRESENTATION_CONTEXT() REPRESENTATION_CONTEXT('2D SPACE',''
  ) );
#197 = FACE_BOUND('',#198,.T.);
#198 = EDGE_LOOP('',(#199));
#199 = ORIENTED_EDGE('',*,*,#200,.F.);
#200 = EDGE_CURVE('',#201,#201,#203,.T.);
#201 = VERTEX_POINT('',#202);
#202 = CARTESIAN_POINT('',(-81.75,9.001153973733E-15,43.));
#203 = SURFACE_CURVE('',#204,(#209,#216),.PCURVE_S1.);
#204 = CIRCLE('',#205,8.25);
#205 = AXIS2_PLACEMENT_3D('',#206,#207,#208);
#206 = CARTESIAN_POINT('',(-90.,1.102182119233E-14,43.));
#207 = DIRECTION('',(0.,0.,1.));
#208 = DIRECTION('',(1.,0.,-0.));
#209 = PCURVE('',#69,#210);
#210 = DEFINITIONAL_REPRESENTATION('',(#211),#215);
#211 = CIRCLE('',#212,8.25);
#212 = AXIS2_PLACEMENT_2D('',#213,#214);
#213 = CARTESIAN_POINT('',(-90.,1.102182119233E-14));
#214 = DIRECTION('',(1.,0.));
#215 = ( GEOMETRIC_REPRESENTATION_CONTEXT(2) 
PARAMETRIC_REPRESENTATION_CONTEXT() REPRESENTATION_CONTEXT('2D SPACE',''
  ) );
#216 = PCURVE('',#217,#222);
#217 = CYLINDRICAL_SURFACE('',#218,8.25);
#218 = AXIS2_PLACEMENT_3D('',#219,#220,#221);
#219 = CARTESIAN_POINT('',(-90.,1.102182119233E-14,-2.));
#220 = DIRECTION('',(0.,0.,1.));
#221 = DIRECTION('',(1.,0.,-0.));
#222 = DEFINITIONAL_REPRESENTATION('',(#223),#227);
#223 = LINE('',#224,#225);
#224 = CARTESIAN_POINT('',(0.,45.));
#225 = VECTOR('',#226,1.);
#226 = DIRECTION('',(1.,0.));
#227 = ( GEOMETRIC_REPRESENTATION_CONTEXT(2) 
PARAMETRIC_REPRESENTATION_CONTEXT() REPRESENTATION_CONTEXT('2D SPACE',''
  ) );
#228 = FACE_BOUND('',#229,.T.);
#229 = EDGE_LOOP('',(#230));
#230 = ORIENTED_EDGE('',*,*,#231,.F.);
#231 = EDGE_CURVE('',#232,#232,#234,.T.);
#232 = VERTEX_POINT('',#233);
#233 = CARTESIAN_POINT('',(-36.75,77.942286340599,43.));
#234 = SURFACE_CURVE('',#235,(#240,#247),.PCURVE_S1.);
#235 = CIRCLE('',#236,8.25);
#236 = AXIS2_PLACEMENT_3D('',#237,#238,#239);
#237 = CARTESIAN_POINT('',(-45.,77.942286340599,43.));
#238 = DIRECTION('',(0.,0.,1.));
#239 = DIRECTION('',(1.,0.,-0.));
#240 = PCURVE('',#69,#241);
#241 = DEFINITIONAL_REPRESENTATION('',(#242),#246);
#242 = CIRCLE('',#243,8.25);
#243 = AXIS2_PLACEMENT_2D('',#244,#245);
#244 = CARTESIAN_POINT('',(-45.,77.942286340599));
#245 = DIRECTION('',(1.,0.));
#246 = ( GEOMETRIC_REPRESENTATION_CONTEXT(2) 
PARAMETRIC_REPRESENTATION_CONTEXT() REPRESENTATION_CONTEXT('2D SPACE',''
  ) );
#247 = PCURVE('',#248,#253);
#248 = CYLINDRICAL_SURFACE('',#249,8.25);
#249 = AXIS2_PLACEMENT_3D('',#250,#251,#252);
#250 = CARTESIAN_POINT('',(-45.,77.942286340599,-2.));
#251 = DIRECTION('',(0.,0.,1.));
#252 = DIRECTION('',(1.,0.,-0.));
#253 = DEFINITIONAL_REPRESENTATION('',(#254),#258);
#254 = LINE('',#255,#256);
#255 = CARTESIAN_POINT('',(0.,45.));
#256 = VECTOR('',#257,1.);
#257 = DIRECTION('',(1.,0.));
#258 = ( GEOMETRIC_REPRESENTATION_CONTEXT(2) 
PARAMETRIC_REPRESENTATION_CONTEXT() REPRESENTATION_CONTEXT('2D SPACE',''
  ) );
#259 = FACE_BOUND('',#260,.T.);
#260 = EDGE_LOOP('',(#261));
#261 = ORIENTED_EDGE('',*,*,#262,.F.);
#262 = EDGE_CURVE('',#263,#263,#265,.T.);
#263 = VERTEX_POINT('',#264);
#264 = CARTESIAN_POINT('',(75.,-1.836970198721E-14,43.));
#265 = SURFACE_CURVE('',#266,(#271,#278),.PCURVE_S1.);
#266 = CIRCLE('',#267,75.);
#267 = AXIS2_PLACEMENT_3D('',#268,#269,#270);
#268 = CARTESIAN_POINT('',(0.,0.,43.));
#269 = DIRECTION('',(0.,0.,1.));
#270 = DIRECTION('',(1.,0.,-0.));
#271 = PCURVE('',#69,#272);
#272 = DEFINITIONAL_REPRESENTATION('',(#273),#277);
#273 = CIRCLE('',#274,75.);
#274 = AXIS2_PLACEMENT_2D('',#275,#276);
#275 = CARTESIAN_POINT('',(0.,0.));
#276 = DIRECTION('',(1.,0.));
#277 = ( GEOMETRIC_REPRESENTATION_CONTEXT(2) 
PARAMETRIC_REPRESENTATION_CONTEXT() REPRESENTATION_CONTEXT('2D SPACE',''
  ) );
#278 = PCURVE('',#279,#284);
#279 = CONICAL_SURFACE('',#280,75.,0.785398163397);
#280 = AXIS2_PLACEMENT_3D('',#281,#282,#283);
#281 = CARTESIAN_POINT('',(0.,0.,43.));
#282 = DIRECTION('',(-0.,-0.,-1.));
#283 = DIRECTION('',(1.,0.,-0.));
#284 = DEFINITIONAL_REPRESENTATION('',(#285),#289);
#285 = LINE('',#286,#287);
#286 = CARTESIAN_POINT('',(-0.,-0.));
#287 = VECTOR('',#288,1.);
#288 = DIRECTION('',(-1.,-0.));
#289 = ( GEOMETRIC_REPRESENTATION_CONTEXT(2) 
PARAMETRIC_REPRESENTATION_CONTEXT() REPRESENTATION_CONTEXT('2D SPACE',''
  ) );
#290 = FACE_BOUND('',#291,.T.);
#291 = EDGE_LOOP('',(#292));
#292 = ORIENTED_EDGE('',*,*,#293,.F.);
#293 = EDGE_CURVE('',#294,#294,#296,.T.);
#294 = VERTEX_POINT('',#295);
#295 = CARTESIAN_POINT('',(98.25,-2.020667218593E-15,43.));
#296 = SURFACE_CURVE('',#297,(#302,#309),.PCURVE_S1.);
#297 = CIRCLE('',#298,8.25);
#298 = AXIS2_PLACEMENT_3D('',#299,#300,#301);
#299 = CARTESIAN_POINT('',(90.,0.,43.));
#300 = DIRECTION('',(0.,0.,1.));
#301 = DIRECTION('',(1.,0.,-0.));
#302 = PCURVE('',#69,#303);
#303 = DEFINITIONAL_REPRESENTATION('',(#304),#308);
#304 = CIRCLE('',#305,8.25);
#305 = AXIS2_PLACEMENT_2D('',#306,#307);
#306 = CARTESIAN_POINT('',(90.,0.));
#307 = DIRECTION('',(1.,0.));
#308 = ( GEOMETRIC_REPRESENTATION_CONTEXT(2) 
PARAMETRIC_REPRESENTATION_CONTEXT() REPRESENTATION_CONTEXT('2D SPACE',''
  ) );
#309 = PCURVE('',#310,#315);
#310 = CYLINDRICAL_SURFACE('',#311,8.25);
#311 = AXIS2_PLACEMENT_3D('',#312,#313,#314);
#312 = CARTESIAN_POINT('',(90.,0.,-2.));
#313 = DIRECTION('',(0.,0.,1.));
#314 = DIRECTION('',(1.,0.,-0.));
#315 = DEFINITIONAL_REPRESENTATION('',(#316),#320);
#316 = LINE('',#317,#318);
#317 = CARTESIAN_POINT('',(0.,45.));
#318 = VECTOR('',#319,1.);
#319 = DIRECTION('',(1.,0.));
#320 = ( GEOMETRIC_REPRESENTATION_CONTEXT(2) 
PARAMETRIC_REPRESENTATION_CONTEXT() REPRESENTATION_CONTEXT('2D SPACE',''
  ) );
#321 = FACE_BOUND('',#322,.T.);
#322 = EDGE_LOOP('',(#323));
#323 = ORIENTED_EDGE('',*,*,#324,.F.);
#324 = EDGE_CURVE('',#325,#325,#327,.T.);
#325 = VERTEX_POINT('',#326);
#326 = CARTESIAN_POINT('',(53.25,77.942286340599,43.));
#327 = SURFACE_CURVE('',#328,(#333,#340),.PCURVE_S1.);
#328 = CIRCLE('',#329,8.25);
#329 = AXIS2_PLACEMENT_3D('',#330,#331,#332);
#330 = CARTESIAN_POINT('',(45.,77.942286340599,43.));
#331 = DIRECTION('',(0.,0.,1.));
#332 = DIRECTION('',(1.,0.,-0.));
#333 = PCURVE('',#69,#334);
#334 = DEFINITIONAL_REPRESENTATION('',(#335),#339);
#335 = CIRCLE('',#336,8.25);
#336 = AXIS2_PLACEMENT_2D('',#337,#338);
#337 = CARTESIAN_POINT('',(45.,77.942286340599));
#338 = DIRECTION('',(1.,0.));
#339 = ( GEOMETRIC_REPRESENTATION_CONTEXT(2) 
PARAMETRIC_REPRESENTATION_CONTEXT() REPRESENTATION_CONTEXT('2D SPACE',''
  ) );
#340 = PCURVE('',#341,#346);
#341 = CYLINDRICAL_SURFACE('',#342,8.25);
#342 = AXIS2_PLACEMENT_3D('',#343,#344,#345);
#343 = CARTESIAN_POINT('',(45.,77.942286340599,-2.));
#344 = DIRECTION('',(0.,0.,1.));
#345 = DIRECTION('',(1.,0.,-0.));
#346 = DEFINITIONAL_REPRESENTATION('',(#347),#351);
#347 = LINE('',#348,#349);
#348 = CARTESIAN_POINT('',(0.,45.));
#349 = VECTOR('',#350,1.);
#350 = DIRECTION('',(1.,0.));
#351 = ( GEOMETRIC_REPRESENTATION_CONTEXT(2) 
PARAMETRIC_REPRESENTATION_CONTEXT() REPRESENTATION_CONTEXT('2D SPACE',''
  ) );
#352 = ADVANCED_FACE('',(#353,#356,#382,#408,#434,#460,#491,#517),#119,
  .F.);
#353 = FACE_BOUND('',#354,.F.);
#354 = EDGE_LOOP('',(#355));
#355 = ORIENTED_EDGE('',*,*,#104,.T.);
#356 = FACE_BOUND('',#357,.F.);
#357 = EDGE_LOOP('',(#358));
#358 = ORIENTED_EDGE('',*,*,#359,.F.);
#359 = EDGE_CURVE('',#360,#360,#362,.T.);
#360 = VERTEX_POINT('',#361);
#361 = CARTESIAN_POINT('',(-36.75,-77.94228634059,3.));
#362 = SURFACE_CURVE('',#363,(#368,#375),.PCURVE_S1.);
#363 = CIRCLE('',#364,8.25);
#364 = AXIS2_PLACEMENT_3D('',#365,#366,#367);
#365 = CARTESIAN_POINT('',(-45.,-77.94228634059,3.));
#366 = DIRECTION('',(0.,0.,1.));
#367 = DIRECTION('',(1.,0.,-0.));
#368 = PCURVE('',#119,#369);
#369 = DEFINITIONAL_REPRESENTATION('',(#370),#374);
#370 = CIRCLE('',#371,8.25);
#371 = AXIS2_PLACEMENT_2D('',#372,#373);
#372 = CARTESIAN_POINT('',(-45.,-77.94228634059));
#373 = DIRECTION('',(1.,0.));
#374 = ( GEOMETRIC_REPRESENTATION_CONTEXT(2) 
PARAMETRIC_REPRESENTATION_CONTEXT() REPRESENTATION_CONTEXT('2D SPACE',''
  ) );
#375 = PCURVE('',#155,#376);
#376 = DEFINITIONAL_REPRESENTATION('',(#377),#381);
#377 = LINE('',#378,#379);
#378 = CARTESIAN_POINT('',(0.,5.));
#379 = VECTOR('',#380,1.);
#380 = DIRECTION('',(1.,0.));
#381 = ( GEOMETRIC_REPRESENTATION_CONTEXT(2) 
PARAMETRIC_REPRESENTATION_CONTEXT() REPRESENTATION_CONTEXT('2D SPACE',''
  ) );
#382 = FACE_BOUND('',#383,.F.);
#383 = EDGE_LOOP('',(#384));
#384 = ORIENTED_EDGE('',*,*,#385,.F.);
#385 = EDGE_CURVE('',#386,#386,#388,.T.);
#386 = VERTEX_POINT('',#387);
#387 = CARTESIAN_POINT('',(53.25,-77.94228634059,3.));
#388 = SURFACE_CURVE('',#389,(#394,#401),.PCURVE_S1.);
#389 = CIRCLE('',#390,8.25);
#390 = AXIS2_PLACEMENT_3D('',#391,#392,#393);
#391 = CARTESIAN_POINT('',(45.,-77.94228634059,3.));
#392 = DIRECTION('',(0.,0.,1.));
#393 = DIRECTION('',(1.,0.,-0.));
#394 = PCURVE('',#119,#395);
#395 = DEFINITIONAL_REPRESENTATION('',(#396),#400);
#396 = CIRCLE('',#397,8.25);
#397 = AXIS2_PLACEMENT_2D('',#398,#399);
#398 = CARTESIAN_POINT('',(45.,-77.94228634059));
#399 = DIRECTION('',(1.,0.));
#400 = ( GEOMETRIC_REPRESENTATION_CONTEXT(2) 
PARAMETRIC_REPRESENTATION_CONTEXT() REPRESENTATION_CONTEXT('2D SPACE',''
  ) );
#401 = PCURVE('',#186,#402);
#402 = DEFINITIONAL_REPRESENTATION('',(#403),#407);
#403 = LINE('',#404,#405);
#404 = CARTESIAN_POINT('',(0.,5.));
#405 = VECTOR('',#406,1.);
#406 = DIRECTION('',(1.,0.));
#407 = ( GEOMETRIC_REPRESENTATION_CONTEXT(2) 
PARAMETRIC_REPRESENTATION_CONTEXT() REPRESENTATION_CONTEXT('2D SPACE',''
  ) );
#408 = FACE_BOUND('',#409,.F.);
#409 = EDGE_LOOP('',(#410));
#410 = ORIENTED_EDGE('',*,*,#411,.F.);
#411 = EDGE_CURVE('',#412,#412,#414,.T.);
#412 = VERTEX_POINT('',#413);
#413 = CARTESIAN_POINT('',(-81.75,9.001153973733E-15,3.));
#414 = SURFACE_CURVE('',#415,(#420,#427),.PCURVE_S1.);
#415 = CIRCLE('',#416,8.25);
#416 = AXIS2_PLACEMENT_3D('',#417,#418,#419);
#417 = CARTESIAN_POINT('',(-90.,1.102182119233E-14,3.));
#418 = DIRECTION('',(0.,0.,1.));
#419 = DIRECTION('',(1.,0.,-0.));
#420 = PCURVE('',#119,#421);
#421 = DEFINITIONAL_REPRESENTATION('',(#422),#426);
#422 = CIRCLE('',#423,8.25);
#423 = AXIS2_PLACEMENT_2D('',#424,#425);
#424 = CARTESIAN_POINT('',(-90.,1.102182119233E-14));
#425 = DIRECTION('',(1.,0.));
#426 = ( GEOMETRIC_REPRESENTATION_CONTEXT(2) 
PARAMETRIC_REPRESENTATION_CONTEXT() REPRESENTATION_CONTEXT('2D SPACE',''
  ) );
#427 = PCURVE('',#217,#428);
#428 = DEFINITIONAL_REPRESENTATION('',(#429),#433);
#429 = LINE('',#430,#431);
#430 = CARTESIAN_POINT('',(0.,5.));
#431 = VECTOR('',#432,1.);
#432 = DIRECTION('',(1.,0.));
#433 = ( GEOMETRIC_REPRESENTATION_CONTEXT(2) 
PARAMETRIC_REPRESENTATION_CONTEXT() REPRESENTATION_CONTEXT('2D SPACE',''
  ) );
#434 = FACE_BOUND('',#435,.F.);
#435 = EDGE_LOOP('',(#436));
#436 = ORIENTED_EDGE('',*,*,#437,.F.);
#437 = EDGE_CURVE('',#438,#438,#440,.T.);
#438 = VERTEX_POINT('',#439);
#439 = CARTESIAN_POINT('',(-36.75,77.942286340599,3.));
#440 = SURFACE_CURVE('',#441,(#446,#453),.PCURVE_S1.);
#441 = CIRCLE('',#442,8.25);
#442 = AXIS2_PLACEMENT_3D('',#443,#444,#445);
#443 = CARTESIAN_POINT('',(-45.,77.942286340599,3.));
#444 = DIRECTION('',(0.,0.,1.));
#445 = DIRECTION('',(1.,0.,-0.));
#446 = PCURVE('',#119,#447);
#447 = DEFINITIONAL_REPRESENTATION('',(#448),#452);
#448 = CIRCLE('',#449,8.25);
#449 = AXIS2_PLACEMENT_2D('',#450,#451);
#450 = CARTESIAN_POINT('',(-45.,77.942286340599));
#451 = DIRECTION('',(1.,0.));
#452 = ( GEOMETRIC_REPRESENTATION_CONTEXT(2) 
PARAMETRIC_REPRESENTATION_CONTEXT() REPRESENTATION_CONTEXT('2D SPACE',''
  ) );
#453 = PCURVE('',#248,#454);
#454 = DEFINITIONAL_REPRESENTATION('',(#455),#459);
#455 = LINE('',#456,#457);
#456 = CARTESIAN_POINT('',(0.,5.));
#457 = VECTOR('',#458,1.);
#458 = DIRECTION('',(1.,0.));
#459 = ( GEOMETRIC_REPRESENTATION_CONTEXT(2) 
PARAMETRIC_REPRESENTATION_CONTEXT() REPRESENTATION_CONTEXT('2D SPACE',''
  ) );
#460 = FACE_BOUND('',#461,.F.);
#461 = EDGE_LOOP('',(#462));
#462 = ORIENTED_EDGE('',*,*,#463,.F.);
#463 = EDGE_CURVE('',#464,#464,#466,.T.);
#464 = VERTEX_POINT('',#465);
#465 = CARTESIAN_POINT('',(52.5,-1.285879139105E-14,3.));
#466 = SURFACE_CURVE('',#467,(#472,#479),.PCURVE_S1.);
#467 = CIRCLE('',#468,52.5);
#468 = AXIS2_PLACEMENT_3D('',#469,#470,#471);
#469 = CARTESIAN_POINT('',(0.,0.,3.));
#470 = DIRECTION('',(0.,0.,1.));
#471 = DIRECTION('',(1.,0.,-0.));
#472 = PCURVE('',#119,#473);
#473 = DEFINITIONAL_REPRESENTATION('',(#474),#478);
#474 = CIRCLE('',#475,52.5);
#475 = AXIS2_PLACEMENT_2D('',#476,#477);
#476 = CARTESIAN_POINT('',(0.,0.));
#477 = DIRECTION('',(1.,0.));
#478 = ( GEOMETRIC_REPRESENTATION_CONTEXT(2) 
PARAMETRIC_REPRESENTATION_CONTEXT() REPRESENTATION_CONTEXT('2D SPACE',''
  ) );
#479 = PCURVE('',#480,#485);
#480 = CYLINDRICAL_SURFACE('',#481,52.5);
#481 = AXIS2_PLACEMENT_3D('',#482,#483,#484);
#482 = CARTESIAN_POINT('',(0.,0.,0.));
#483 = DIRECTION('',(0.,0.,1.));
#484 = DIRECTION('',(1.,0.,-0.));
#485 = DEFINITIONAL_REPRESENTATION('',(#486),#490);
#486 = LINE('',#487,#488);
#487 = CARTESIAN_POINT('',(0.,3.));
#488 = VECTOR('',#489,1.);
#489 = DIRECTION('',(1.,0.));
#490 = ( GEOMETRIC_REPRESENTATION_CONTEXT(2) 
PARAMETRIC_REPRESENTATION_CONTEXT() REPRESENTATION_CONTEXT('2D SPACE',''
  ) );
#491 = FACE_BOUND('',#492,.F.);
#492 = EDGE_LOOP('',(#493));
#493 = ORIENTED_EDGE('',*,*,#494,.F.);
#494 = EDGE_CURVE('',#495,#495,#497,.T.);
#495 = VERTEX_POINT('',#496);
#496 = CARTESIAN_POINT('',(98.25,-2.020667218593E-15,3.));
#497 = SURFACE_CURVE('',#498,(#503,#510),.PCURVE_S1.);
#498 = CIRCLE('',#499,8.25);
#499 = AXIS2_PLACEMENT_3D('',#500,#501,#502);
#500 = CARTESIAN_POINT('',(90.,0.,3.));
#501 = DIRECTION('',(0.,0.,1.));
#502 = DIRECTION('',(1.,0.,-0.));
#503 = PCURVE('',#119,#504);
#504 = DEFINITIONAL_REPRESENTATION('',(#505),#509);
#505 = CIRCLE('',#506,8.25);
#506 = AXIS2_PLACEMENT_2D('',#507,#508);
#507 = CARTESIAN_POINT('',(90.,0.));
#508 = DIRECTION('',(1.,0.));
#509 = ( GEOMETRIC_REPRESENTATION_CONTEXT(2) 
PARAMETRIC_REPRESENTATION_CONTEXT() REPRESENTATION_CONTEXT('2D SPACE',''
  ) );
#510 = PCURVE('',#310,#511);
#511 = DEFINITIONAL_REPRESENTATION('',(#512),#516);
#512 = LINE('',#513,#514);
#513 = CARTESIAN_POINT('',(0.,5.));
#514 = VECTOR('',#515,1.);
#515 = DIRECTION('',(1.,0.));
#516 = ( GEOMETRIC_REPRESENTATION_CONTEXT(2) 
PARAMETRIC_REPRESENTATION_CONTEXT() REPRESENTATION_CONTEXT('2D SPACE',''
  ) );
#517 = FACE_BOUND('',#518,.F.);
#518 = EDGE_LOOP('',(#519));
#519 = ORIENTED_EDGE('',*,*,#520,.F.);
#520 = EDGE_CURVE('',#521,#521,#523,.T.);
#521 = VERTEX_POINT('',#522);
#522 = CARTESIAN_POINT('',(53.25,77.942286340599,3.));
#523 = SURFACE_CURVE('',#524,(#529,#536),.PCURVE_S1.);
#524 = CIRCLE('',#525,8.25);
#525 = AXIS2_PLACEMENT_3D('',#526,#527,#528);
#526 = CARTESIAN_POINT('',(45.,77.942286340599,3.));
#527 = DIRECTION('',(0.,0.,1.));
#528 = DIRECTION('',(1.,0.,-0.));
#529 = PCURVE('',#119,#530);
#530 = DEFINITIONAL_REPRESENTATION('',(#531),#535);
#531 = CIRCLE('',#532,8.25);
#532 = AXIS2_PLACEMENT_2D('',#533,#534);
#533 = CARTESIAN_POINT('',(45.,77.942286340599));
#534 = DIRECTION('',(1.,0.));
#535 = ( GEOMETRIC_REPRESENTATION_CONTEXT(2) 
PARAMETRIC_REPRESENTATION_CONTEXT() REPRESENTATION_CONTEXT('2D SPACE',''
  ) );
#536 = PCURVE('',#341,#537);
#537 = DEFINITIONAL_REPRESENTATION('',(#538),#542);
#538 = LINE('',#539,#540);
#539 = CARTESIAN_POINT('',(0.,5.));
#540 = VECTOR('',#541,1.);
#541 = DIRECTION('',(1.,0.));
#542 = ( GEOMETRIC_REPRESENTATION_CONTEXT(2) 
PARAMETRIC_REPRESENTATION_CONTEXT() REPRESENTATION_CONTEXT('2D SPACE',''
  ) );
#543 = ADVANCED_FACE('',(#544),#155,.F.);
#544 = FACE_BOUND('',#545,.F.);
#545 = EDGE_LOOP('',(#546,#547,#568,#569));
#546 = ORIENTED_EDGE('',*,*,#138,.F.);
#547 = ORIENTED_EDGE('',*,*,#548,.F.);
#548 = EDGE_CURVE('',#360,#139,#549,.T.);
#549 = SEAM_CURVE('',#550,(#554,#561),.PCURVE_S1.);
#550 = LINE('',#551,#552);
#551 = CARTESIAN_POINT('',(-36.75,-77.94228634059,-2.));
#552 = VECTOR('',#553,1.);
#553 = DIRECTION('',(0.,0.,1.));
#554 = PCURVE('',#155,#555);
#555 = DEFINITIONAL_REPRESENTATION('',(#556),#560);
#556 = LINE('',#557,#558);
#557 = CARTESIAN_POINT('',(6.28318530718,-0.));
#558 = VECTOR('',#559,1.);
#559 = DIRECTION('',(0.,1.));
#560 = ( GEOMETRIC_REPRESENTATION_CONTEXT(2) 
PARAMETRIC_REPRESENTATION_CONTEXT() REPRESENTATION_CONTEXT('2D SPACE',''
  ) );
#561 = PCURVE('',#155,#562);
#562 = DEFINITIONAL_REPRESENTATION('',(#563),#567);
#563 = LINE('',#564,#565);
#564 = CARTESIAN_POINT('',(0.,-0.));
#565 = VECTOR('',#566,1.);
#566 = DIRECTION('',(0.,1.));
#567 = ( GEOMETRIC_REPRESENTATION_CONTEXT(2) 
PARAMETRIC_REPRESENTATION_CONTEXT() REPRESENTATION_CONTEXT('2D SPACE',''
  ) );
#568 = ORIENTED_EDGE('',*,*,#359,.T.);
#569 = ORIENTED_EDGE('',*,*,#548,.T.);
#570 = ADVANCED_FACE('',(#571),#186,.F.);
#571 = FACE_BOUND('',#572,.F.);
#572 = EDGE_LOOP('',(#573,#574,#595,#596));
#573 = ORIENTED_EDGE('',*,*,#169,.F.);
#574 = ORIENTED_EDGE('',*,*,#575,.F.);
#575 = EDGE_CURVE('',#386,#170,#576,.T.);
#576 = SEAM_CURVE('',#577,(#581,#588),.PCURVE_S1.);
#577 = LINE('',#578,#579);
#578 = CARTESIAN_POINT('',(53.25,-77.94228634059,-2.));
#579 = VECTOR('',#580,1.);
#580 = DIRECTION('',(0.,0.,1.));
#581 = PCURVE('',#186,#582);
#582 = DEFINITIONAL_REPRESENTATION('',(#583),#587);
#583 = LINE('',#584,#585);
#584 = CARTESIAN_POINT('',(6.28318530718,-0.));
#585 = VECTOR('',#586,1.);
#586 = DIRECTION('',(0.,1.));
#587 = ( GEOMETRIC_REPRESENTATION_CONTEXT(2) 
PARAMETRIC_REPRESENTATION_CONTEXT() REPRESENTATION_CONTEXT('2D SPACE',''
  ) );
#588 = PCURVE('',#186,#589);
#589 = DEFINITIONAL_REPRESENTATION('',(#590),#594);
#590 = LINE('',#591,#592);
#591 = CARTESIAN_POINT('',(0.,-0.));
#592 = VECTOR('',#593,1.);
#593 = DIRECTION('',(0.,1.));
#594 = ( GEOMETRIC_REPRESENTATION_CONTEXT(2) 
PARAMETRIC_REPRESENTATION_CONTEXT() REPRESENTATION_CONTEXT('2D SPACE',''
  ) );
#595 = ORIENTED_EDGE('',*,*,#385,.T.);
#596 = ORIENTED_EDGE('',*,*,#575,.T.);
#597 = ADVANCED_FACE('',(#598),#217,.F.);
#598 = FACE_BOUND('',#599,.F.);
#599 = EDGE_LOOP('',(#600,#601,#622,#623));
#600 = ORIENTED_EDGE('',*,*,#200,.F.);
#601 = ORIENTED_EDGE('',*,*,#602,.F.);
#602 = EDGE_CURVE('',#412,#201,#603,.T.);
#603 = SEAM_CURVE('',#604,(#608,#615),.PCURVE_S1.);
#604 = LINE('',#605,#606);
#605 = CARTESIAN_POINT('',(-81.75,9.001153973733E-15,-2.));
#606 = VECTOR('',#607,1.);
#607 = DIRECTION('',(0.,0.,1.));
#608 = PCURVE('',#217,#609);
#609 = DEFINITIONAL_REPRESENTATION('',(#610),#614);
#610 = LINE('',#611,#612);
#611 = CARTESIAN_POINT('',(6.28318530718,-0.));
#612 = VECTOR('',#613,1.);
#613 = DIRECTION('',(0.,1.));
#614 = ( GEOMETRIC_REPRESENTATION_CONTEXT(2) 
PARAMETRIC_REPRESENTATION_CONTEXT() REPRESENTATION_CONTEXT('2D SPACE',''
  ) );
#615 = PCURVE('',#217,#616);
#616 = DEFINITIONAL_REPRESENTATION('',(#617),#621);
#617 = LINE('',#618,#619);
#618 = CARTESIAN_POINT('',(0.,-0.));
#619 = VECTOR('',#620,1.);
#620 = DIRECTION('',(0.,1.));
#621 = ( GEOMETRIC_REPRESENTATION_CONTEXT(2) 
PARAMETRIC_REPRESENTATION_CONTEXT() REPRESENTATION_CONTEXT('2D SPACE',''
  ) );
#622 = ORIENTED_EDGE('',*,*,#411,.T.);
#623 = ORIENTED_EDGE('',*,*,#602,.T.);
#624 = ADVANCED_FACE('',(#625),#248,.F.);
#625 = FACE_BOUND('',#626,.F.);
#626 = EDGE_LOOP('',(#627,#628,#649,#650));
#627 = ORIENTED_EDGE('',*,*,#231,.F.);
#628 = ORIENTED_EDGE('',*,*,#629,.F.);
#629 = EDGE_CURVE('',#438,#232,#630,.T.);
#630 = SEAM_CURVE('',#631,(#635,#642),.PCURVE_S1.);
#631 = LINE('',#632,#633);
#632 = CARTESIAN_POINT('',(-36.75,77.942286340599,-2.));
#633 = VECTOR('',#634,1.);
#634 = DIRECTION('',(0.,0.,1.));
#635 = PCURVE('',#248,#636);
#636 = DEFINITIONAL_REPRESENTATION('',(#637),#641);
#637 = LINE('',#638,#639);
#638 = CARTESIAN_POINT('',(6.28318530718,-0.));
#639 = VECTOR('',#640,1.);
#640 = DIRECTION('',(0.,1.));
#641 = ( GEOMETRIC_REPRESENTATION_CONTEXT(2) 
PARAMETRIC_REPRESENTATION_CONTEXT() REPRESENTATION_CONTEXT('2D SPACE',''
  ) );
#642 = PCURVE('',#248,#643);
#643 = DEFINITIONAL_REPRESENTATION('',(#644),#648);
#644 = LINE('',#645,#646);
#645 = CARTESIAN_POINT('',(0.,-0.));
#646 = VECTOR('',#647,1.);
#647 = DIRECTION('',(0.,1.));
#648 = ( GEOMETRIC_REPRESENTATION_CONTEXT(2) 
PARAMETRIC_REPRESENTATION_CONTEXT() REPRESENTATION_CONTEXT('2D SPACE',''
  ) );
#649 = ORIENTED_EDGE('',*,*,#437,.T.);
#650 = ORIENTED_EDGE('',*,*,#629,.T.);
#651 = ADVANCED_FACE('',(#652),#279,.T.);
#652 = FACE_BOUND('',#653,.T.);
#653 = EDGE_LOOP('',(#654,#683,#704,#705));
#654 = ORIENTED_EDGE('',*,*,#655,.F.);
#655 = EDGE_CURVE('',#656,#656,#658,.T.);
#656 = VERTEX_POINT('',#657);
#657 = CARTESIAN_POINT('',(65.,-1.592040838892E-14,53.));
#658 = SURFACE_CURVE('',#659,(#664,#671),.PCURVE_S1.);
#659 = CIRCLE('',#660,65.);
#660 = AXIS2_PLACEMENT_3D('',#661,#662,#663);
#661 = CARTESIAN_POINT('',(0.,0.,53.));
#662 = DIRECTION('',(0.,0.,1.));
#663 = DIRECTION('',(1.,0.,-0.));
#664 = PCURVE('',#279,#665);
#665 = DEFINITIONAL_REPRESENTATION('',(#666),#670);
#666 = LINE('',#667,#668);
#667 = CARTESIAN_POINT('',(-0.,-10.));
#668 = VECTOR('',#669,1.);
#669 = DIRECTION('',(-1.,-0.));
#670 = ( GEOMETRIC_REPRESENTATION_CONTEXT(2) 
PARAMETRIC_REPRESENTATION_CONTEXT() REPRESENTATION_CONTEXT('2D SPACE',''
  ) );
#671 = PCURVE('',#672,#677);
#672 = CYLINDRICAL_SURFACE('',#673,65.);
#673 = AXIS2_PLACEMENT_3D('',#674,#675,#676);
#674 = CARTESIAN_POINT('',(0.,0.,53.));
#675 = DIRECTION('',(0.,0.,1.));
#676 = DIRECTION('',(1.,0.,-0.));
#677 = DEFINITIONAL_REPRESENTATION('',(#678),#682);
#678 = LINE('',#679,#680);
#679 = CARTESIAN_POINT('',(0.,0.));
#680 = VECTOR('',#681,1.);
#681 = DIRECTION('',(1.,0.));
#682 = ( GEOMETRIC_REPRESENTATION_CONTEXT(2) 
PARAMETRIC_REPRESENTATION_CONTEXT() REPRESENTATION_CONTEXT('2D SPACE',''
  ) );
#683 = ORIENTED_EDGE('',*,*,#684,.F.);
#684 = EDGE_CURVE('',#263,#656,#685,.T.);
#685 = SEAM_CURVE('',#686,(#690,#697),.PCURVE_S1.);
#686 = LINE('',#687,#688);
#687 = CARTESIAN_POINT('',(75.,-1.836970198721E-14,43.));
#688 = VECTOR('',#689,1.);
#689 = DIRECTION('',(-0.707106781187,1.731912112471E-16,0.707106781187)
  );
#690 = PCURVE('',#279,#691);
#691 = DEFINITIONAL_REPRESENTATION('',(#692),#696);
#692 = LINE('',#693,#694);
#693 = CARTESIAN_POINT('',(-6.28318530718,0.));
#694 = VECTOR('',#695,1.);
#695 = DIRECTION('',(-0.,-1.));
#696 = ( GEOMETRIC_REPRESENTATION_CONTEXT(2) 
PARAMETRIC_REPRESENTATION_CONTEXT() REPRESENTATION_CONTEXT('2D SPACE',''
  ) );
#697 = PCURVE('',#279,#698);
#698 = DEFINITIONAL_REPRESENTATION('',(#699),#703);
#699 = LINE('',#700,#701);
#700 = CARTESIAN_POINT('',(0.,-0.));
#701 = VECTOR('',#702,1.);
#702 = DIRECTION('',(-0.,-1.));
#703 = ( GEOMETRIC_REPRESENTATION_CONTEXT(2) 
PARAMETRIC_REPRESENTATION_CONTEXT() REPRESENTATION_CONTEXT('2D SPACE',''
  ) );
#704 = ORIENTED_EDGE('',*,*,#262,.T.);
#705 = ORIENTED_EDGE('',*,*,#684,.T.);
#706 = ADVANCED_FACE('',(#707),#310,.F.);
#707 = FACE_BOUND('',#708,.F.);
#708 = EDGE_LOOP('',(#709,#710,#731,#732));
#709 = ORIENTED_EDGE('',*,*,#293,.F.);
#710 = ORIENTED_EDGE('',*,*,#711,.F.);
#711 = EDGE_CURVE('',#495,#294,#712,.T.);
#712 = SEAM_CURVE('',#713,(#717,#724),.PCURVE_S1.);
#713 = LINE('',#714,#715);
#714 = CARTESIAN_POINT('',(98.25,-2.020667218593E-15,-2.));
#715 = VECTOR('',#716,1.);
#716 = DIRECTION('',(0.,0.,1.));
#717 = PCURVE('',#310,#718);
#718 = DEFINITIONAL_REPRESENTATION('',(#719),#723);
#719 = LINE('',#720,#721);
#720 = CARTESIAN_POINT('',(6.28318530718,-0.));
#721 = VECTOR('',#722,1.);
#722 = DIRECTION('',(0.,1.));
#723 = ( GEOMETRIC_REPRESENTATION_CONTEXT(2) 
PARAMETRIC_REPRESENTATION_CONTEXT() REPRESENTATION_CONTEXT('2D SPACE',''
  ) );
#724 = PCURVE('',#310,#725);
#725 = DEFINITIONAL_REPRESENTATION('',(#726),#730);
#726 = LINE('',#727,#728);
#727 = CARTESIAN_POINT('',(0.,-0.));
#728 = VECTOR('',#729,1.);
#729 = DIRECTION('',(0.,1.));
#730 = ( GEOMETRIC_REPRESENTATION_CONTEXT(2) 
PARAMETRIC_REPRESENTATION_CONTEXT() REPRESENTATION_CONTEXT('2D SPACE',''
  ) );
#731 = ORIENTED_EDGE('',*,*,#494,.T.);
#732 = ORIENTED_EDGE('',*,*,#711,.T.);
#733 = ADVANCED_FACE('',(#734),#341,.F.);
#734 = FACE_BOUND('',#735,.F.);
#735 = EDGE_LOOP('',(#736,#737,#758,#759));
#736 = ORIENTED_EDGE('',*,*,#324,.F.);
#737 = ORIENTED_EDGE('',*,*,#738,.F.);
#738 = EDGE_CURVE('',#521,#325,#739,.T.);
#739 = SEAM_CURVE('',#740,(#744,#751),.PCURVE_S1.);
#740 = LINE('',#741,#742);
#741 = CARTESIAN_POINT('',(53.25,77.942286340599,-2.));
#742 = VECTOR('',#743,1.);
#743 = DIRECTION('',(0.,0.,1.));
#744 = PCURVE('',#341,#745);
#745 = DEFINITIONAL_REPRESENTATION('',(#746),#750);
#746 = LINE('',#747,#748);
#747 = CARTESIAN_POINT('',(6.28318530718,-0.));
#748 = VECTOR('',#749,1.);
#749 = DIRECTION('',(0.,1.));
#750 = ( GEOMETRIC_REPRESENTATION_CONTEXT(2) 
PARAMETRIC_REPRESENTATION_CONTEXT() REPRESENTATION_CONTEXT('2D SPACE',''
  ) );
#751 = PCURVE('',#341,#752);
#752 = DEFINITIONAL_REPRESENTATION('',(#753),#757);
#753 = LINE('',#754,#755);
#754 = CARTESIAN_POINT('',(0.,-0.));
#755 = VECTOR('',#756,1.);
#756 = DIRECTION('',(0.,1.));
#757 = ( GEOMETRIC_REPRESENTATION_CONTEXT(2) 
PARAMETRIC_REPRESENTATION_CONTEXT() REPRESENTATION_CONTEXT('2D SPACE',''
  ) );
#758 = ORIENTED_EDGE('',*,*,#520,.T.);
#759 = ORIENTED_EDGE('',*,*,#738,.T.);
#760 = ADVANCED_FACE('',(#761),#480,.T.);
#761 = FACE_BOUND('',#762,.T.);
#762 = EDGE_LOOP('',(#763,#764,#787,#814));
#763 = ORIENTED_EDGE('',*,*,#463,.F.);
#764 = ORIENTED_EDGE('',*,*,#765,.F.);
#765 = EDGE_CURVE('',#766,#464,#768,.T.);
#766 = VERTEX_POINT('',#767);
#767 = CARTESIAN_POINT('',(52.5,-1.285879139105E-14,0.));
#768 = SEAM_CURVE('',#769,(#773,#780),.PCURVE_S1.);
#769 = LINE('',#770,#771);
#770 = CARTESIAN_POINT('',(52.5,-1.285879139105E-14,0.));
#771 = VECTOR('',#772,1.);
#772 = DIRECTION('',(0.,0.,1.));
#773 = PCURVE('',#480,#774);
#774 = DEFINITIONAL_REPRESENTATION('',(#775),#779);
#775 = LINE('',#776,#777);
#776 = CARTESIAN_POINT('',(6.28318530718,-0.));
#777 = VECTOR('',#778,1.);
#778 = DIRECTION('',(0.,1.));
#779 = ( GEOMETRIC_REPRESENTATION_CONTEXT(2) 
PARAMETRIC_REPRESENTATION_CONTEXT() REPRESENTATION_CONTEXT('2D SPACE',''
  ) );
#780 = PCURVE('',#480,#781);
#781 = DEFINITIONAL_REPRESENTATION('',(#782),#786);
#782 = LINE('',#783,#784);
#783 = CARTESIAN_POINT('',(0.,-0.));
#784 = VECTOR('',#785,1.);
#785 = DIRECTION('',(0.,1.));
#786 = ( GEOMETRIC_REPRESENTATION_CONTEXT(2) 
PARAMETRIC_REPRESENTATION_CONTEXT() REPRESENTATION_CONTEXT('2D SPACE',''
  ) );
#787 = ORIENTED_EDGE('',*,*,#788,.T.);
#788 = EDGE_CURVE('',#766,#766,#789,.T.);
#789 = SURFACE_CURVE('',#790,(#795,#802),.PCURVE_S1.);
#790 = CIRCLE('',#791,52.5);
#791 = AXIS2_PLACEMENT_3D('',#792,#793,#794);
#792 = CARTESIAN_POINT('',(0.,0.,0.));
#793 = DIRECTION('',(0.,0.,1.));
#794 = DIRECTION('',(1.,0.,-0.));
#795 = PCURVE('',#480,#796);
#796 = DEFINITIONAL_REPRESENTATION('',(#797),#801);
#797 = LINE('',#798,#799);
#798 = CARTESIAN_POINT('',(0.,0.));
#799 = VECTOR('',#800,1.);
#800 = DIRECTION('',(1.,0.));
#801 = ( GEOMETRIC_REPRESENTATION_CONTEXT(2) 
PARAMETRIC_REPRESENTATION_CONTEXT() REPRESENTATION_CONTEXT('2D SPACE',''
  ) );
#802 = PCURVE('',#803,#808);
#803 = PLANE('',#804);
#804 = AXIS2_PLACEMENT_3D('',#805,#806,#807);
#805 = CARTESIAN_POINT('',(0.,0.,0.));
#806 = DIRECTION('',(0.,0.,1.));
#807 = DIRECTION('',(1.,0.,-0.));
#808 = DEFINITIONAL_REPRESENTATION('',(#809),#813);
#809 = CIRCLE('',#810,52.5);
#810 = AXIS2_PLACEMENT_2D('',#811,#812);
#811 = CARTESIAN_POINT('',(0.,0.));
#812 = DIRECTION('',(1.,0.));
#813 = ( GEOMETRIC_REPRESENTATION_CONTEXT(2) 
PARAMETRIC_REPRESENTATION_CONTEXT() REPRESENTATION_CONTEXT('2D SPACE',''
  ) );
#814 = ORIENTED_EDGE('',*,*,#765,.T.);
#815 = ADVANCED_FACE('',(#816),#672,.T.);
#816 = FACE_BOUND('',#817,.T.);
#817 = EDGE_LOOP('',(#818,#847,#868,#869));
#818 = ORIENTED_EDGE('',*,*,#819,.F.);
#819 = EDGE_CURVE('',#820,#820,#822,.T.);
#820 = VERTEX_POINT('',#821);
#821 = CARTESIAN_POINT('',(65.,-1.592040838892E-14,95.));
#822 = SURFACE_CURVE('',#823,(#828,#835),.PCURVE_S1.);
#823 = CIRCLE('',#824,65.);
#824 = AXIS2_PLACEMENT_3D('',#825,#826,#827);
#825 = CARTESIAN_POINT('',(0.,0.,95.));
#826 = DIRECTION('',(0.,0.,1.));
#827 = DIRECTION('',(1.,0.,-0.));
#828 = PCURVE('',#672,#829);
#829 = DEFINITIONAL_REPRESENTATION('',(#830),#834);
#830 = LINE('',#831,#832);
#831 = CARTESIAN_POINT('',(0.,42.));
#832 = VECTOR('',#833,1.);
#833 = DIRECTION('',(1.,0.));
#834 = ( GEOMETRIC_REPRESENTATION_CONTEXT(2) 
PARAMETRIC_REPRESENTATION_CONTEXT() REPRESENTATION_CONTEXT('2D SPACE',''
  ) );
#835 = PCURVE('',#836,#841);
#836 = PLANE('',#837);
#837 = AXIS2_PLACEMENT_3D('',#838,#839,#840);
#838 = CARTESIAN_POINT('',(0.,0.,95.));
#839 = DIRECTION('',(0.,0.,1.));
#840 = DIRECTION('',(1.,0.,-0.));
#841 = DEFINITIONAL_REPRESENTATION('',(#842),#846);
#842 = CIRCLE('',#843,65.);
#843 = AXIS2_PLACEMENT_2D('',#844,#845);
#844 = CARTESIAN_POINT('',(0.,0.));
#845 = DIRECTION('',(1.,0.));
#846 = ( GEOMETRIC_REPRESENTATION_CONTEXT(2) 
PARAMETRIC_REPRESENTATION_CONTEXT() REPRESENTATION_CONTEXT('2D SPACE',''
  ) );
#847 = ORIENTED_EDGE('',*,*,#848,.F.);
#848 = EDGE_CURVE('',#656,#820,#849,.T.);
#849 = SEAM_CURVE('',#850,(#854,#861),.PCURVE_S1.);
#850 = LINE('',#851,#852);
#851 = CARTESIAN_POINT('',(65.,-1.592040838892E-14,53.));
#852 = VECTOR('',#853,1.);
#853 = DIRECTION('',(0.,0.,1.));
#854 = PCURVE('',#672,#855);
#855 = DEFINITIONAL_REPRESENTATION('',(#856),#860);
#856 = LINE('',#857,#858);
#857 = CARTESIAN_POINT('',(6.28318530718,-0.));
#858 = VECTOR('',#859,1.);
#859 = DIRECTION('',(0.,1.));
#860 = ( GEOMETRIC_REPRESENTATION_CONTEXT(2) 
PARAMETRIC_REPRESENTATION_CONTEXT() REPRESENTATION_CONTEXT('2D SPACE',''
  ) );
#861 = PCURVE('',#672,#862);
#862 = DEFINITIONAL_REPRESENTATION('',(#863),#867);
#863 = LINE('',#864,#865);
#864 = CARTESIAN_POINT('',(0.,-0.));
#865 = VECTOR('',#866,1.);
#866 = DIRECTION('',(0.,1.));
#867 = ( GEOMETRIC_REPRESENTATION_CONTEXT(2) 
PARAMETRIC_REPRESENTATION_CONTEXT() REPRESENTATION_CONTEXT('2D SPACE',''
  ) );
#868 = ORIENTED_EDGE('',*,*,#655,.T.);
#869 = ORIENTED_EDGE('',*,*,#848,.T.);
#870 = ADVANCED_FACE('',(#871,#874),#803,.F.);
#871 = FACE_BOUND('',#872,.F.);
#872 = EDGE_LOOP('',(#873));
#873 = ORIENTED_EDGE('',*,*,#788,.T.);
#874 = FACE_BOUND('',#875,.F.);
#875 = EDGE_LOOP('',(#876));
#876 = ORIENTED_EDGE('',*,*,#877,.F.);
#877 = EDGE_CURVE('',#878,#878,#880,.T.);
#878 = VERTEX_POINT('',#879);
#879 = CARTESIAN_POINT('',(47.5,-1.16341445919E-14,0.));
#880 = SURFACE_CURVE('',#881,(#886,#893),.PCURVE_S1.);
#881 = CIRCLE('',#882,47.5);
#882 = AXIS2_PLACEMENT_3D('',#883,#884,#885);
#883 = CARTESIAN_POINT('',(0.,0.,0.));
#884 = DIRECTION('',(0.,0.,1.));
#885 = DIRECTION('',(1.,0.,-0.));
#886 = PCURVE('',#803,#887);
#887 = DEFINITIONAL_REPRESENTATION('',(#888),#892);
#888 = CIRCLE('',#889,47.5);
#889 = AXIS2_PLACEMENT_2D('',#890,#891);
#890 = CARTESIAN_POINT('',(0.,0.));
#891 = DIRECTION('',(1.,0.));
#892 = ( GEOMETRIC_REPRESENTATION_CONTEXT(2) 
PARAMETRIC_REPRESENTATION_CONTEXT() REPRESENTATION_CONTEXT('2D SPACE',''
  ) );
#893 = PCURVE('',#894,#899);
#894 = CYLINDRICAL_SURFACE('',#895,47.5);
#895 = AXIS2_PLACEMENT_3D('',#896,#897,#898);
#896 = CARTESIAN_POINT('',(0.,0.,-1.));
#897 = DIRECTION('',(0.,0.,1.));
#898 = DIRECTION('',(1.,0.,-0.));
#899 = DEFINITIONAL_REPRESENTATION('',(#900),#904);
#900 = LINE('',#901,#902);
#901 = CARTESIAN_POINT('',(0.,1.));
#902 = VECTOR('',#903,1.);
#903 = DIRECTION('',(1.,0.));
#904 = ( GEOMETRIC_REPRESENTATION_CONTEXT(2) 
PARAMETRIC_REPRESENTATION_CONTEXT() REPRESENTATION_CONTEXT('2D SPACE',''
  ) );
#905 = ADVANCED_FACE('',(#906,#909),#836,.T.);
#906 = FACE_BOUND('',#907,.T.);
#907 = EDGE_LOOP('',(#908));
#908 = ORIENTED_EDGE('',*,*,#819,.T.);
#909 = FACE_BOUND('',#910,.T.);
#910 = EDGE_LOOP('',(#911));
#911 = ORIENTED_EDGE('',*,*,#912,.F.);
#912 = EDGE_CURVE('',#913,#913,#915,.T.);
#913 = VERTEX_POINT('',#914);
#914 = CARTESIAN_POINT('',(40.,-9.797174393179E-15,95.));
#915 = SURFACE_CURVE('',#916,(#921,#928),.PCURVE_S1.);
#916 = CIRCLE('',#917,40.);
#917 = AXIS2_PLACEMENT_3D('',#918,#919,#920);
#918 = CARTESIAN_POINT('',(0.,0.,95.));
#919 = DIRECTION('',(0.,0.,1.));
#920 = DIRECTION('',(1.,0.,-0.));
#921 = PCURVE('',#836,#922);
#922 = DEFINITIONAL_REPRESENTATION('',(#923),#927);
#923 = CIRCLE('',#924,40.);
#924 = AXIS2_PLACEMENT_2D('',#925,#926);
#925 = CARTESIAN_POINT('',(0.,0.));
#926 = DIRECTION('',(1.,0.));
#927 = ( GEOMETRIC_REPRESENTATION_CONTEXT(2) 
PARAMETRIC_REPRESENTATION_CONTEXT() REPRESENTATION_CONTEXT('2D SPACE',''
  ) );
#928 = PCURVE('',#929,#934);
#929 = CYLINDRICAL_SURFACE('',#930,40.);
#930 = AXIS2_PLACEMENT_3D('',#931,#932,#933);
#931 = CARTESIAN_POINT('',(0.,0.,81.));
#932 = DIRECTION('',(0.,0.,1.));
#933 = DIRECTION('',(1.,0.,-0.));
#934 = DEFINITIONAL_REPRESENTATION('',(#935),#939);
#935 = LINE('',#936,#937);
#936 = CARTESIAN_POINT('',(0.,14.));
#937 = VECTOR('',#938,1.);
#938 = DIRECTION('',(1.,0.));
#939 = ( GEOMETRIC_REPRESENTATION_CONTEXT(2) 
PARAMETRIC_REPRESENTATION_CONTEXT() REPRESENTATION_CONTEXT('2D SPACE',''
  ) );
#940 = ADVANCED_FACE('',(#941),#894,.F.);
#941 = FACE_BOUND('',#942,.F.);
#942 = EDGE_LOOP('',(#943,#966,#993,#994));
#943 = ORIENTED_EDGE('',*,*,#944,.T.);
#944 = EDGE_CURVE('',#878,#945,#947,.T.);
#945 = VERTEX_POINT('',#946);
#946 = CARTESIAN_POINT('',(47.5,-1.16341445919E-14,70.));
#947 = SEAM_CURVE('',#948,(#952,#959),.PCURVE_S1.);
#948 = LINE('',#949,#950);
#949 = CARTESIAN_POINT('',(47.5,-1.16341445919E-14,-1.));
#950 = VECTOR('',#951,1.);
#951 = DIRECTION('',(0.,0.,1.));
#952 = PCURVE('',#894,#953);
#953 = DEFINITIONAL_REPRESENTATION('',(#954),#958);
#954 = LINE('',#955,#956);
#955 = CARTESIAN_POINT('',(6.28318530718,-0.));
#956 = VECTOR('',#957,1.);
#957 = DIRECTION('',(0.,1.));
#958 = ( GEOMETRIC_REPRESENTATION_CONTEXT(2) 
PARAMETRIC_REPRESENTATION_CONTEXT() REPRESENTATION_CONTEXT('2D SPACE',''
  ) );
#959 = PCURVE('',#894,#960);
#960 = DEFINITIONAL_REPRESENTATION('',(#961),#965);
#961 = LINE('',#962,#963);
#962 = CARTESIAN_POINT('',(0.,-0.));
#963 = VECTOR('',#964,1.);
#964 = DIRECTION('',(0.,1.));
#965 = ( GEOMETRIC_REPRESENTATION_CONTEXT(2) 
PARAMETRIC_REPRESENTATION_CONTEXT() REPRESENTATION_CONTEXT('2D SPACE',''
  ) );
#966 = ORIENTED_EDGE('',*,*,#967,.F.);
#967 = EDGE_CURVE('',#945,#945,#968,.T.);
#968 = SURFACE_CURVE('',#969,(#974,#981),.PCURVE_S1.);
#969 = CIRCLE('',#970,47.5);
#970 = AXIS2_PLACEMENT_3D('',#971,#972,#973);
#971 = CARTESIAN_POINT('',(0.,0.,70.));
#972 = DIRECTION('',(0.,0.,1.));
#973 = DIRECTION('',(1.,0.,-0.));
#974 = PCURVE('',#894,#975);
#975 = DEFINITIONAL_REPRESENTATION('',(#976),#980);
#976 = LINE('',#977,#978);
#977 = CARTESIAN_POINT('',(0.,71.));
#978 = VECTOR('',#979,1.);
#979 = DIRECTION('',(1.,0.));
#980 = ( GEOMETRIC_REPRESENTATION_CONTEXT(2) 
PARAMETRIC_REPRESENTATION_CONTEXT() REPRESENTATION_CONTEXT('2D SPACE',''
  ) );
#981 = PCURVE('',#982,#987);
#982 = PLANE('',#983);
#983 = AXIS2_PLACEMENT_3D('',#984,#985,#986);
#984 = CARTESIAN_POINT('',(0.,0.,70.));
#985 = DIRECTION('',(0.,0.,1.));
#986 = DIRECTION('',(1.,0.,-0.));
#987 = DEFINITIONAL_REPRESENTATION('',(#988),#992);
#988 = CIRCLE('',#989,47.5);
#989 = AXIS2_PLACEMENT_2D('',#990,#991);
#990 = CARTESIAN_POINT('',(0.,0.));
#991 = DIRECTION('',(1.,0.));
#992 = ( GEOMETRIC_REPRESENTATION_CONTEXT(2) 
PARAMETRIC_REPRESENTATION_CONTEXT() REPRESENTATION_CONTEXT('2D SPACE',''
  ) );
#993 = ORIENTED_EDGE('',*,*,#944,.F.);
#994 = ORIENTED_EDGE('',*,*,#877,.T.);
#995 = ADVANCED_FACE('',(#996),#929,.F.);
#996 = FACE_BOUND('',#997,.F.);
#997 = EDGE_LOOP('',(#998,#999,#1022,#1049));
#998 = ORIENTED_EDGE('',*,*,#912,.F.);
#999 = ORIENTED_EDGE('',*,*,#1000,.F.);
#1000 = EDGE_CURVE('',#1001,#913,#1003,.T.);
#1001 = VERTEX_POINT('',#1002);
#1002 = CARTESIAN_POINT('',(40.,-9.797174393179E-15,81.));
#1003 = SEAM_CURVE('',#1004,(#1008,#1015),.PCURVE_S1.);
#1004 = LINE('',#1005,#1006);
#1005 = CARTESIAN_POINT('',(40.,-9.797174393179E-15,81.));
#1006 = VECTOR('',#1007,1.);
#1007 = DIRECTION('',(0.,0.,1.));
#1008 = PCURVE('',#929,#1009);
#1009 = DEFINITIONAL_REPRESENTATION('',(#1010),#1014);
#1010 = LINE('',#1011,#1012);
#1011 = CARTESIAN_POINT('',(6.28318530718,-0.));
#1012 = VECTOR('',#1013,1.);
#1013 = DIRECTION('',(0.,1.));
#1014 = ( GEOMETRIC_REPRESENTATION_CONTEXT(2) 
PARAMETRIC_REPRESENTATION_CONTEXT() REPRESENTATION_CONTEXT('2D SPACE',''
  ) );
#1015 = PCURVE('',#929,#1016);
#1016 = DEFINITIONAL_REPRESENTATION('',(#1017),#1021);
#1017 = LINE('',#1018,#1019);
#1018 = CARTESIAN_POINT('',(0.,-0.));
#1019 = VECTOR('',#1020,1.);
#1020 = DIRECTION('',(0.,1.));
#1021 = ( GEOMETRIC_REPRESENTATION_CONTEXT(2) 
PARAMETRIC_REPRESENTATION_CONTEXT() REPRESENTATION_CONTEXT('2D SPACE',''
  ) );
#1022 = ORIENTED_EDGE('',*,*,#1023,.T.);
#1023 = EDGE_CURVE('',#1001,#1001,#1024,.T.);
#1024 = SURFACE_CURVE('',#1025,(#1030,#1037),.PCURVE_S1.);
#1025 = CIRCLE('',#1026,40.);
#1026 = AXIS2_PLACEMENT_3D('',#1027,#1028,#1029);
#1027 = CARTESIAN_POINT('',(0.,0.,81.));
#1028 = DIRECTION('',(0.,0.,1.));
#1029 = DIRECTION('',(1.,0.,-0.));
#1030 = PCURVE('',#929,#1031);
#1031 = DEFINITIONAL_REPRESENTATION('',(#1032),#1036);
#1032 = LINE('',#1033,#1034);
#1033 = CARTESIAN_POINT('',(0.,0.));
#1034 = VECTOR('',#1035,1.);
#1035 = DIRECTION('',(1.,0.));
#1036 = ( GEOMETRIC_REPRESENTATION_CONTEXT(2) 
PARAMETRIC_REPRESENTATION_CONTEXT() REPRESENTATION_CONTEXT('2D SPACE',''
  ) );
#1037 = PCURVE('',#1038,#1043);
#1038 = PLANE('',#1039);
#1039 = AXIS2_PLACEMENT_3D('',#1040,#1041,#1042);
#1040 = CARTESIAN_POINT('',(0.,0.,81.));
#1041 = DIRECTION('',(0.,0.,1.));
#1042 = DIRECTION('',(1.,0.,-0.));
#1043 = DEFINITIONAL_REPRESENTATION('',(#1044),#1048);
#1044 = CIRCLE('',#1045,40.);
#1045 = AXIS2_PLACEMENT_2D('',#1046,#1047);
#1046 = CARTESIAN_POINT('',(0.,0.));
#1047 = DIRECTION('',(1.,0.));
#1048 = ( GEOMETRIC_REPRESENTATION_CONTEXT(2) 
PARAMETRIC_REPRESENTATION_CONTEXT() REPRESENTATION_CONTEXT('2D SPACE',''
  ) );
#1049 = ORIENTED_EDGE('',*,*,#1000,.T.);
#1050 = ADVANCED_FACE('',(#1051,#1054),#982,.F.);
#1051 = FACE_BOUND('',#1052,.F.);
#1052 = EDGE_LOOP('',(#1053));
#1053 = ORIENTED_EDGE('',*,*,#967,.T.);
#1054 = FACE_BOUND('',#1055,.F.);
#1055 = EDGE_LOOP('',(#1056));
#1056 = ORIENTED_EDGE('',*,*,#1057,.F.);
#1057 = EDGE_CURVE('',#1058,#1058,#1060,.T.);
#1058 = VERTEX_POINT('',#1059);
#1059 = CARTESIAN_POINT('',(45.,-1.102182119233E-14,70.));
#1060 = SURFACE_CURVE('',#1061,(#1066,#1073),.PCURVE_S1.);
#1061 = CIRCLE('',#1062,45.);
#1062 = AXIS2_PLACEMENT_3D('',#1063,#1064,#1065);
#1063 = CARTESIAN_POINT('',(0.,0.,70.));
#1064 = DIRECTION('',(0.,0.,1.));
#1065 = DIRECTION('',(1.,0.,-0.));
#1066 = PCURVE('',#982,#1067);
#1067 = DEFINITIONAL_REPRESENTATION('',(#1068),#1072);
#1068 = CIRCLE('',#1069,45.);
#1069 = AXIS2_PLACEMENT_2D('',#1070,#1071);
#1070 = CARTESIAN_POINT('',(0.,0.));
#1071 = DIRECTION('',(1.,0.));
#1072 = ( GEOMETRIC_REPRESENTATION_CONTEXT(2) 
PARAMETRIC_REPRESENTATION_CONTEXT() REPRESENTATION_CONTEXT('2D SPACE',''
  ) );
#1073 = PCURVE('',#1074,#1079);
#1074 = CYLINDRICAL_SURFACE('',#1075,45.);
#1075 = AXIS2_PLACEMENT_3D('',#1076,#1077,#1078);
#1076 = CARTESIAN_POINT('',(0.,0.,70.));
#1077 = DIRECTION('',(0.,0.,1.));
#1078 = DIRECTION('',(1.,0.,-0.));
#1079 = DEFINITIONAL_REPRESENTATION('',(#1080),#1084);
#1080 = LINE('',#1081,#1082);
#1081 = CARTESIAN_POINT('',(0.,0.));
#1082 = VECTOR('',#1083,1.);
#1083 = DIRECTION('',(1.,0.));
#1084 = ( GEOMETRIC_REPRESENTATION_CONTEXT(2) 
PARAMETRIC_REPRESENTATION_CONTEXT() REPRESENTATION_CONTEXT('2D SPACE',''
  ) );
#1085 = ADVANCED_FACE('',(#1086,#1112),#1038,.F.);
#1086 = FACE_BOUND('',#1087,.F.);
#1087 = EDGE_LOOP('',(#1088));
#1088 = ORIENTED_EDGE('',*,*,#1089,.T.);
#1089 = EDGE_CURVE('',#1090,#1090,#1092,.T.);
#1090 = VERTEX_POINT('',#1091);
#1091 = CARTESIAN_POINT('',(45.,-1.102182119233E-14,81.));
#1092 = SURFACE_CURVE('',#1093,(#1098,#1105),.PCURVE_S1.);
#1093 = CIRCLE('',#1094,45.);
#1094 = AXIS2_PLACEMENT_3D('',#1095,#1096,#1097);
#1095 = CARTESIAN_POINT('',(0.,0.,81.));
#1096 = DIRECTION('',(0.,0.,1.));
#1097 = DIRECTION('',(1.,0.,-0.));
#1098 = PCURVE('',#1038,#1099);
#1099 = DEFINITIONAL_REPRESENTATION('',(#1100),#1104);
#1100 = CIRCLE('',#1101,45.);
#1101 = AXIS2_PLACEMENT_2D('',#1102,#1103);
#1102 = CARTESIAN_POINT('',(0.,0.));
#1103 = DIRECTION('',(1.,0.));
#1104 = ( GEOMETRIC_REPRESENTATION_CONTEXT(2) 
PARAMETRIC_REPRESENTATION_CONTEXT() REPRESENTATION_CONTEXT('2D SPACE',''
  ) );
#1105 = PCURVE('',#1074,#1106);
#1106 = DEFINITIONAL_REPRESENTATION('',(#1107),#1111);
#1107 = LINE('',#1108,#1109);
#1108 = CARTESIAN_POINT('',(0.,11.));
#1109 = VECTOR('',#1110,1.);
#1110 = DIRECTION('',(1.,0.));
#1111 = ( GEOMETRIC_REPRESENTATION_CONTEXT(2) 
PARAMETRIC_REPRESENTATION_CONTEXT() REPRESENTATION_CONTEXT('2D SPACE',''
  ) );
#1112 = FACE_BOUND('',#1113,.F.);
#1113 = EDGE_LOOP('',(#1114));
#1114 = ORIENTED_EDGE('',*,*,#1023,.F.);
#1115 = ADVANCED_FACE('',(#1116),#1074,.F.);
#1116 = FACE_BOUND('',#1117,.F.);
#1117 = EDGE_LOOP('',(#1118,#1119,#1140,#1141));
#1118 = ORIENTED_EDGE('',*,*,#1089,.F.);
#1119 = ORIENTED_EDGE('',*,*,#1120,.F.);
#1120 = EDGE_CURVE('',#1058,#1090,#1121,.T.);
#1121 = SEAM_CURVE('',#1122,(#1126,#1133),.PCURVE_S1.);
#1122 = LINE('',#1123,#1124);
#1123 = CARTESIAN_POINT('',(45.,-1.102182119233E-14,70.));
#1124 = VECTOR('',#1125,1.);
#1125 = DIRECTION('',(0.,0.,1.));
#1126 = PCURVE('',#1074,#1127);
#1127 = DEFINITIONAL_REPRESENTATION('',(#1128),#1132);
#1128 = LINE('',#1129,#1130);
#1129 = CARTESIAN_POINT('',(6.28318530718,-0.));
#1130 = VECTOR('',#1131,1.);
#1131 = DIRECTION('',(0.,1.));
#1132 = ( GEOMETRIC_REPRESENTATION_CONTEXT(2) 
PARAMETRIC_REPRESENTATION_CONTEXT() REPRESENTATION_CONTEXT('2D SPACE',''
  ) );
#1133 = PCURVE('',#1074,#1134);
#1134 = DEFINITIONAL_REPRESENTATION('',(#1135),#1139);
#1135 = LINE('',#1136,#1137);
#1136 = CARTESIAN_POINT('',(0.,-0.));
#1137 = VECTOR('',#1138,1.);
#1138 = DIRECTION('',(0.,1.));
#1139 = ( GEOMETRIC_REPRESENTATION_CONTEXT(2) 
PARAMETRIC_REPRESENTATION_CONTEXT() REPRESENTATION_CONTEXT('2D SPACE',''
  ) );
#1140 = ORIENTED_EDGE('',*,*,#1057,.T.);
#1141 = ORIENTED_EDGE('',*,*,#1120,.T.);
#1142 = ( GEOMETRIC_REPRESENTATION_CONTEXT(3) 
GLOBAL_UNCERTAINTY_ASSIGNED_CONTEXT((#1146)) 
GLOBAL_UNIT_ASSIGNED_CONTEXT((#1143,#1144,#1145)) REPRESENTATION_CONTEXT
('Context #1','3D Context with UNIT and UNCERTAINTY') );
#1143 = ( LENGTH_UNIT() NAMED_UNIT(*) SI_UNIT(.MILLI.,.METRE.) );
#1144 = ( NAMED_UNIT(*) PLANE_ANGLE_UNIT() SI_UNIT($,.RADIAN.) );
#1145 = ( NAMED_UNIT(*) SI_UNIT($,.STERADIAN.) SOLID_ANGLE_UNIT() );
#1146 = UNCERTAINTY_MEASURE_WITH_UNIT(LENGTH_MEASURE(1.E-07),#1143,
  'distance_accuracy_value','confusion accuracy');
#1147 = CONTEXT_DEPENDENT_SHAPE_REPRESENTATION(#1148,#1150);
#1148 = ( REPRESENTATION_RELATIONSHIP('','',#40,#10) 
REPRESENTATION_RELATIONSHIP_WITH_TRANSFORMATION(#1149) 
SHAPE_REPRESENTATION_RELATIONSHIP() );
#1149 = ITEM_DEFINED_TRANSFORMATION('','',#11,#15);
#1150 = PRODUCT_DEFINITION_SHAPE('Placement','Placement of an item',
  #1151);
#1151 = NEXT_ASSEMBLY_USAGE_OCCURRENCE('11','','',#5,#35,$);
#1152 = PRODUCT_RELATED_PRODUCT_CATEGORY('part',$,(#37));
#1153 = SHAPE_DEFINITION_REPRESENTATION(#1154,#1160);
#1154 = PRODUCT_DEFINITION_SHAPE('','',#1155);
#1155 = PRODUCT_DEFINITION('design','',#1156,#1159);
#1156 = PRODUCT_DEFINITION_FORMATION('','',#1157);
#1157 = PRODUCT('Open CASCADE STEP translator 7.9 7.2',
  'Open CASCADE STEP translator 7.9 7.2','',(#1158));
#1158 = PRODUCT_CONTEXT('',#2,'mechanical');
#1159 = PRODUCT_DEFINITION_CONTEXT('part definition',#2,'design');
#1160 = ADVANCED_BREP_SHAPE_REPRESENTATION('',(#11,#1161),#2830);
#1161 = BREP_WITH_VOIDS('',#1162,(#2634,#2732));
#1162 = CLOSED_SHELL('',(#1163,#1287,#1519,#1760,#1814,#2126,#2151,#2200
    ,#2253,#2280,#2308,#2336,#2364,#2452,#2499,#2526,#2576,#2600,#2627)
  );
#1163 = ADVANCED_FACE('',(#1164),#1178,.T.);
#1164 = FACE_BOUND('',#1165,.T.);
#1165 = EDGE_LOOP('',(#1166,#1200,#1233,#1260));
#1166 = ORIENTED_EDGE('',*,*,#1167,.F.);
#1167 = EDGE_CURVE('',#1168,#1170,#1172,.T.);
#1168 = VERTEX_POINT('',#1169);
#1169 = CARTESIAN_POINT('',(46.499999888739,3.216713912751E-03,69.9));
#1170 = VERTEX_POINT('',#1171);
#1171 = CARTESIAN_POINT('',(46.499999888739,3.216713912751E-03,0.));
#1172 = SURFACE_CURVE('',#1173,(#1177,#1188),.PCURVE_S1.);
#1173 = LINE('',#1174,#1175);
#1174 = CARTESIAN_POINT('',(46.499999888739,3.216713912751E-03,0.));
#1175 = VECTOR('',#1176,1.);
#1176 = DIRECTION('',(-0.,-0.,-1.));
#1177 = PCURVE('',#1178,#1183);
#1178 = CYLINDRICAL_SURFACE('',#1179,46.5);
#1179 = AXIS2_PLACEMENT_3D('',#1180,#1181,#1182);
#1180 = CARTESIAN_POINT('',(0.,0.,0.));
#1181 = DIRECTION('',(-0.,-0.,-1.));
#1182 = DIRECTION('',(1.,0.,0.));
#1183 = DEFINITIONAL_REPRESENTATION('',(#1184),#1187);
#1184 = B_SPLINE_CURVE_WITH_KNOTS('',1,(#1185,#1186),.UNSPECIFIED.,.F.,
  .F.,(2,2),(-69.9,-0.),.PIECEWISE_BEZIER_KNOTS.);
#1185 = CARTESIAN_POINT('',(-6.917664341355E-05,-69.9));
#1186 = CARTESIAN_POINT('',(-6.917664341355E-05,0.));
#1187 = ( GEOMETRIC_REPRESENTATION_CONTEXT(2) 
PARAMETRIC_REPRESENTATION_CONTEXT() REPRESENTATION_CONTEXT('2D SPACE',''
  ) );
#1188 = PCURVE('',#1189,#1194);
#1189 = PLANE('',#1190);
#1190 = AXIS2_PLACEMENT_3D('',#1191,#1192,#1193);
#1191 = CARTESIAN_POINT('',(1.724152738263E-02,3.216713912751E-03,
    59.554144798701));
#1192 = DIRECTION('',(-0.,-1.,-0.));
#1193 = DIRECTION('',(0.,0.,-1.));
#1194 = DEFINITIONAL_REPRESENTATION('',(#1195),#1199);
#1195 = LINE('',#1196,#1197);
#1196 = CARTESIAN_POINT('',(59.554144798701,46.482758361356));
#1197 = VECTOR('',#1198,1.);
#1198 = DIRECTION('',(1.,0.));
#1199 = ( GEOMETRIC_REPRESENTATION_CONTEXT(2) 
PARAMETRIC_REPRESENTATION_CONTEXT() REPRESENTATION_CONTEXT('2D SPACE',''
  ) );
#1200 = ORIENTED_EDGE('',*,*,#1201,.T.);
#1201 = EDGE_CURVE('',#1168,#1202,#1204,.T.);
#1202 = VERTEX_POINT('',#1203);
#1203 = CARTESIAN_POINT('',(-46.49999988873,3.216713912742E-03,69.9));
#1204 = SURFACE_CURVE('',#1205,(#1210,#1217),.PCURVE_S1.);
#1205 = CIRCLE('',#1206,46.5);
#1206 = AXIS2_PLACEMENT_3D('',#1207,#1208,#1209);
#1207 = CARTESIAN_POINT('',(0.,0.,69.9));
#1208 = DIRECTION('',(0.,0.,-1.));
#1209 = DIRECTION('',(0.999999997607,6.9176643285E-05,0.));
#1210 = PCURVE('',#1178,#1211);
#1211 = DEFINITIONAL_REPRESENTATION('',(#1212),#1216);
#1212 = LINE('',#1213,#1214);
#1213 = CARTESIAN_POINT('',(-6.917664341355E-05,-69.9));
#1214 = VECTOR('',#1215,1.);
#1215 = DIRECTION('',(1.,-0.));
#1216 = ( GEOMETRIC_REPRESENTATION_CONTEXT(2) 
PARAMETRIC_REPRESENTATION_CONTEXT() REPRESENTATION_CONTEXT('2D SPACE',''
  ) );
#1217 = PCURVE('',#1218,#1223);
#1218 = PLANE('',#1219);
#1219 = AXIS2_PLACEMENT_3D('',#1220,#1221,#1222);
#1220 = CARTESIAN_POINT('',(-1.882068139409E-15,-1.61343992693E-17,69.9)
  );
#1221 = DIRECTION('',(0.,0.,1.));
#1222 = DIRECTION('',(1.,0.,-0.));
#1223 = DEFINITIONAL_REPRESENTATION('',(#1224),#1232);
#1224 = ( BOUNDED_CURVE() B_SPLINE_CURVE(2,(#1225,#1226,#1227,#1228,
#1229,#1230,#1231),.UNSPECIFIED.,.T.,.F.) B_SPLINE_CURVE_WITH_KNOTS((1,2
    ,2,2,2,1),(-2.094395102393,0.,2.094395102393,4.188790204786,
6.28318530718,8.377580409573),.UNSPECIFIED.) CURVE() 
GEOMETRIC_REPRESENTATION_ITEM() RATIONAL_B_SPLINE_CURVE((1.,0.5,1.,0.5,
1.,0.5,1.)) REPRESENTATION_ITEM('') );
#1225 = CARTESIAN_POINT('',(46.499999888739,3.216713912753E-03));
#1226 = CARTESIAN_POINT('',(46.50557140067,-80.53714564533));
#1227 = CARTESIAN_POINT('',(-23.2472141884,-40.27178953657));
#1228 = CARTESIAN_POINT('',(-92.99999977747,-6.433427825516E-03));
#1229 = CARTESIAN_POINT('',(-23.25278570033,40.268572822665));
#1230 = CARTESIAN_POINT('',(46.494428376809,80.543579073156));
#1231 = CARTESIAN_POINT('',(46.499999888739,3.216713912753E-03));
#1232 = ( GEOMETRIC_REPRESENTATION_CONTEXT(2) 
PARAMETRIC_REPRESENTATION_CONTEXT() REPRESENTATION_CONTEXT('2D SPACE',''
  ) );
#1233 = ORIENTED_EDGE('',*,*,#1234,.T.);
#1234 = EDGE_CURVE('',#1202,#1235,#1237,.T.);
#1235 = VERTEX_POINT('',#1236);
#1236 = CARTESIAN_POINT('',(-46.49999988873,3.216713912742E-03,0.));
#1237 = SURFACE_CURVE('',#1238,(#1242,#1248),.PCURVE_S1.);
#1238 = LINE('',#1239,#1240);
#1239 = CARTESIAN_POINT('',(-46.49999988873,3.216713912751E-03,0.));
#1240 = VECTOR('',#1241,1.);
#1241 = DIRECTION('',(-0.,-0.,-1.));
#1242 = PCURVE('',#1178,#1243);
#1243 = DEFINITIONAL_REPRESENTATION('',(#1244),#1247);
#1244 = B_SPLINE_CURVE_WITH_KNOTS('',1,(#1245,#1246),.UNSPECIFIED.,.F.,
  .F.,(2,2),(-69.9,0.),.PIECEWISE_BEZIER_KNOTS.);
#1245 = CARTESIAN_POINT('',(3.141661830234,-69.9));
#1246 = CARTESIAN_POINT('',(3.141661830234,0.));
#1247 = ( GEOMETRIC_REPRESENTATION_CONTEXT(2) 
PARAMETRIC_REPRESENTATION_CONTEXT() REPRESENTATION_CONTEXT('2D SPACE',''
  ) );
#1248 = PCURVE('',#1249,#1254);
#1249 = PLANE('',#1250);
#1250 = AXIS2_PLACEMENT_3D('',#1251,#1252,#1253);
#1251 = CARTESIAN_POINT('',(1.724152738263E-02,3.216713912751E-03,
    59.554144798701));
#1252 = DIRECTION('',(-0.,-1.,-0.));
#1253 = DIRECTION('',(0.,0.,-1.));
#1254 = DEFINITIONAL_REPRESENTATION('',(#1255),#1259);
#1255 = LINE('',#1256,#1257);
#1256 = CARTESIAN_POINT('',(59.554144798701,-46.51724141611));
#1257 = VECTOR('',#1258,1.);
#1258 = DIRECTION('',(1.,0.));
#1259 = ( GEOMETRIC_REPRESENTATION_CONTEXT(2) 
PARAMETRIC_REPRESENTATION_CONTEXT() REPRESENTATION_CONTEXT('2D SPACE',''
  ) );
#1260 = ORIENTED_EDGE('',*,*,#1261,.T.);
#1261 = EDGE_CURVE('',#1235,#1170,#1262,.T.);
#1262 = SURFACE_CURVE('',#1263,(#1268,#1275),.PCURVE_S1.);
#1263 = CIRCLE('',#1264,46.5);
#1264 = AXIS2_PLACEMENT_3D('',#1265,#1266,#1267);
#1265 = CARTESIAN_POINT('',(0.,0.,0.));
#1266 = DIRECTION('',(0.,0.,1.));
#1267 = DIRECTION('',(-0.999999997607,6.917664328482E-05,0.));
#1268 = PCURVE('',#1178,#1269);
#1269 = DEFINITIONAL_REPRESENTATION('',(#1270),#1274);
#1270 = LINE('',#1271,#1272);
#1271 = CARTESIAN_POINT('',(3.141661830234,0.));
#1272 = VECTOR('',#1273,1.);
#1273 = DIRECTION('',(-1.,0.));
#1274 = ( GEOMETRIC_REPRESENTATION_CONTEXT(2) 
PARAMETRIC_REPRESENTATION_CONTEXT() REPRESENTATION_CONTEXT('2D SPACE',''
  ) );
#1275 = PCURVE('',#1276,#1281);
#1276 = PLANE('',#1277);
#1277 = AXIS2_PLACEMENT_3D('',#1278,#1279,#1280);
#1278 = CARTESIAN_POINT('',(-1.882068139409E-15,-1.61343992693E-17,0.));
#1279 = DIRECTION('',(0.,0.,1.));
#1280 = DIRECTION('',(1.,0.,-0.));
#1281 = DEFINITIONAL_REPRESENTATION('',(#1282),#1286);
#1282 = CIRCLE('',#1283,46.5);
#1283 = AXIS2_PLACEMENT_2D('',#1284,#1285);
#1284 = CARTESIAN_POINT('',(1.882068139409E-15,1.61343992693E-17));
#1285 = DIRECTION('',(-0.999999997607,6.917664328482E-05));
#1286 = ( GEOMETRIC_REPRESENTATION_CONTEXT(2) 
PARAMETRIC_REPRESENTATION_CONTEXT() REPRESENTATION_CONTEXT('2D SPACE',''
  ) );
#1287 = ADVANCED_FACE('',(#1288),#1276,.F.);
#1288 = FACE_BOUND('',#1289,.F.);
#1289 = EDGE_LOOP('',(#1290,#1291,#1314,#1362,#1406,#1454,#1498));
#1290 = ORIENTED_EDGE('',*,*,#1261,.T.);
#1291 = ORIENTED_EDGE('',*,*,#1292,.F.);
#1292 = EDGE_CURVE('',#1293,#1170,#1295,.T.);
#1293 = VERTEX_POINT('',#1294);
#1294 = CARTESIAN_POINT('',(37.799999863132,3.216713912751E-03,0.));
#1295 = SURFACE_CURVE('',#1296,(#1300,#1307),.PCURVE_S1.);
#1296 = LINE('',#1297,#1298);
#1297 = CARTESIAN_POINT('',(8.620763691316E-03,3.216713912751E-03,0.));
#1298 = VECTOR('',#1299,1.);
#1299 = DIRECTION('',(1.,0.,0.));
#1300 = PCURVE('',#1276,#1301);
#1301 = DEFINITIONAL_REPRESENTATION('',(#1302),#1306);
#1302 = LINE('',#1303,#1304);
#1303 = CARTESIAN_POINT('',(8.620763691318E-03,3.216713912751E-03));
#1304 = VECTOR('',#1305,1.);
#1305 = DIRECTION('',(1.,0.));
#1306 = ( GEOMETRIC_REPRESENTATION_CONTEXT(2) 
PARAMETRIC_REPRESENTATION_CONTEXT() REPRESENTATION_CONTEXT('2D SPACE',''
  ) );
#1307 = PCURVE('',#1189,#1308);
#1308 = DEFINITIONAL_REPRESENTATION('',(#1309),#1313);
#1309 = LINE('',#1310,#1311);
#1310 = CARTESIAN_POINT('',(59.554144798701,-8.620763691314E-03));
#1311 = VECTOR('',#1312,1.);
#1312 = DIRECTION('',(0.,1.));
#1313 = ( GEOMETRIC_REPRESENTATION_CONTEXT(2) 
PARAMETRIC_REPRESENTATION_CONTEXT() REPRESENTATION_CONTEXT('2D SPACE',''
  ) );
#1314 = ORIENTED_EDGE('',*,*,#1315,.F.);
#1315 = EDGE_CURVE('',#1316,#1293,#1318,.T.);
#1316 = VERTEX_POINT('',#1317);
#1317 = CARTESIAN_POINT('',(37.8,0.,0.));
#1318 = SURFACE_CURVE('',#1319,(#1324,#1331),.PCURVE_S1.);
#1319 = CIRCLE('',#1320,37.8);
#1320 = AXIS2_PLACEMENT_3D('',#1321,#1322,#1323);
#1321 = CARTESIAN_POINT('',(0.,0.,0.));
#1322 = DIRECTION('',(0.,0.,1.));
#1323 = DIRECTION('',(1.,0.,-0.));
#1324 = PCURVE('',#1276,#1325);
#1325 = DEFINITIONAL_REPRESENTATION('',(#1326),#1330);
#1326 = CIRCLE('',#1327,37.8);
#1327 = AXIS2_PLACEMENT_2D('',#1328,#1329);
#1328 = CARTESIAN_POINT('',(1.882068139409E-15,1.61343992693E-17));
#1329 = DIRECTION('',(1.,0.));
#1330 = ( GEOMETRIC_REPRESENTATION_CONTEXT(2) 
PARAMETRIC_REPRESENTATION_CONTEXT() REPRESENTATION_CONTEXT('2D SPACE',''
  ) );
#1331 = PCURVE('',#1332,#1357);
#1332 = B_SPLINE_SURFACE_WITH_KNOTS('',11,1,(
    (#1333,#1334)
    ,(#1335,#1336)
    ,(#1337,#1338)
    ,(#1339,#1340)
    ,(#1341,#1342)
    ,(#1343,#1344)
    ,(#1345,#1346)
    ,(#1347,#1348)
    ,(#1349,#1350)
    ,(#1351,#1352)
    ,(#1353,#1354)
    ,(#1355,#1356
    )),.UNSPECIFIED.,.F.,.F.,.F.,(12,12),(2,2),(-73.5,0.),(0.,1.),
  .PIECEWISE_BEZIER_KNOTS.);
#1333 = CARTESIAN_POINT('',(37.8,-7.105427357601E-15,0.));
#1334 = CARTESIAN_POINT('',(36.75,0.75,99.));
#1335 = CARTESIAN_POINT('',(37.8,10.725534618702,0.));
#1336 = CARTESIAN_POINT('',(30.068181818182,0.75,99.));
#1337 = CARTESIAN_POINT('',(34.452359659639,21.451068457069,0.));
#1338 = CARTESIAN_POINT('',(23.386363636364,0.75,99.));
#1339 = CARTESIAN_POINT('',(27.757079789678,31.015652162493,0.));
#1340 = CARTESIAN_POINT('',(16.704545454545,0.75,99.));
#1341 = CARTESIAN_POINT('',(18.167101192845,38.2582922896,0.));
#1342 = CARTESIAN_POINT('',(10.022727272727,0.75,99.));
#1343 = CARTESIAN_POINT('',(6.588333853533,42.220109895496,0.));
#1344 = CARTESIAN_POINT('',(3.340909090909,0.75,99.));
#1345 = CARTESIAN_POINT('',(-5.725506764718,42.345748249928,0.));
#1346 = CARTESIAN_POINT('',(-3.340909090909,0.75,99.));
#1347 = CARTESIAN_POINT('',(-17.38270020679,38.621007601877,0.));
#1348 = CARTESIAN_POINT('',(-10.02272727272,0.75,99.));
#1349 = CARTESIAN_POINT('',(-27.11846055823,31.575548363709,0.));
#1350 = CARTESIAN_POINT('',(-16.70454545454,0.75,99.));
#1351 = CARTESIAN_POINT('',(-34.00750154424,22.149565747081,0.));
#1352 = CARTESIAN_POINT('',(-23.38636363636,0.75,99.));
#1353 = CARTESIAN_POINT('',(-37.57328784484,11.494569734672,0.));
#1354 = CARTESIAN_POINT('',(-30.06818181818,0.75,99.));
#1355 = CARTESIAN_POINT('',(-37.79213073791,0.771267974243,0.));
#1356 = CARTESIAN_POINT('',(-36.75,0.75,99.));
#1357 = DEFINITIONAL_REPRESENTATION('',(#1358),#1361);
#1358 = B_SPLINE_CURVE_WITH_KNOTS('',1,(#1359,#1360),.UNSPECIFIED.,.F.,
  .F.,(2,2),(0.,3.121187322903),.PIECEWISE_BEZIER_KNOTS.);
#1359 = CARTESIAN_POINT('',(-73.5,0.));
#1360 = CARTESIAN_POINT('',(0.,0.));
#1361 = ( GEOMETRIC_REPRESENTATION_CONTEXT(2) 
PARAMETRIC_REPRESENTATION_CONTEXT() REPRESENTATION_CONTEXT('2D SPACE',''
  ) );
#1362 = ORIENTED_EDGE('',*,*,#1363,.F.);
#1363 = EDGE_CURVE('',#1364,#1316,#1366,.T.);
#1364 = VERTEX_POINT('',#1365);
#1365 = CARTESIAN_POINT('',(37.792130737918,-0.771267974243,0.));
#1366 = SURFACE_CURVE('',#1367,(#1372,#1379),.PCURVE_S1.);
#1367 = CIRCLE('',#1368,37.8);
#1368 = AXIS2_PLACEMENT_3D('',#1369,#1370,#1371);
#1369 = CARTESIAN_POINT('',(0.,0.,0.));
#1370 = DIRECTION('',(0.,0.,1.));
#1371 = DIRECTION('',(1.,0.,-0.));
#1372 = PCURVE('',#1276,#1373);
#1373 = DEFINITIONAL_REPRESENTATION('',(#1374),#1378);
#1374 = CIRCLE('',#1375,37.8);
#1375 = AXIS2_PLACEMENT_2D('',#1376,#1377);
#1376 = CARTESIAN_POINT('',(1.882068139409E-15,1.61343992693E-17));
#1377 = DIRECTION('',(1.,0.));
#1378 = ( GEOMETRIC_REPRESENTATION_CONTEXT(2) 
PARAMETRIC_REPRESENTATION_CONTEXT() REPRESENTATION_CONTEXT('2D SPACE',''
  ) );
#1379 = PCURVE('',#1380,#1401);
#1380 = B_SPLINE_SURFACE_WITH_KNOTS('',9,1,(
    (#1381,#1382)
    ,(#1383,#1384)
    ,(#1385,#1386)
    ,(#1387,#1388)
    ,(#1389,#1390)
    ,(#1391,#1392)
    ,(#1393,#1394)
    ,(#1395,#1396)
    ,(#1397,#1398)
    ,(#1399,#1400
    )),.UNSPECIFIED.,.F.,.F.,.F.,(10,10),(2,2),(3.14159265359,
    6.28318530718),(0.,1.),.PIECEWISE_BEZIER_KNOTS.);
#1381 = CARTESIAN_POINT('',(37.792130737918,-0.771267974243,0.));
#1382 = CARTESIAN_POINT('',(36.75,-0.75,99.));
#1383 = CARTESIAN_POINT('',(37.793879402147,-0.685583427015,0.));
#1384 = CARTESIAN_POINT('',(37.011799387799,-0.75,99.));
#1385 = CARTESIAN_POINT('',(37.795409506102,-0.599894419434,0.));
#1386 = CARTESIAN_POINT('',(37.273601492499,-0.647191900061,
    98.999999999999));
#1387 = CARTESIAN_POINT('',(37.796721043281,-0.514201588687,0.));
#1388 = CARTESIAN_POINT('',(37.48924283384,-0.44157278914,
    99.000000000004));
#1389 = CARTESIAN_POINT('',(37.797814007183,-0.428505571955,0.));
#1390 = CARTESIAN_POINT('',(37.612680472816,-0.157317457926,
    98.999999999993));
#1391 = CARTESIAN_POINT('',(37.798688391308,-0.342807006425,0.));
#1392 = CARTESIAN_POINT('',(37.612680472822,0.157317457926,
    99.000000000007));
#1393 = CARTESIAN_POINT('',(37.799344189153,-0.25710652928,0.));
#1394 = CARTESIAN_POINT('',(37.489242833835,0.44157278914,
    98.999999999994));
#1395 = CARTESIAN_POINT('',(37.799781394217,-0.171404777705,0.));
#1396 = CARTESIAN_POINT('',(37.2736014925,0.647191900061,99.000000000003
    ));
#1397 = CARTESIAN_POINT('',(37.8,-8.570238888347E-02,0.));
#1398 = CARTESIAN_POINT('',(37.011799387799,0.75,98.999999999999));
#1399 = CARTESIAN_POINT('',(37.8,-9.27036225562E-15,0.));
#1400 = CARTESIAN_POINT('',(36.75,0.75,99.));
#1401 = DEFINITIONAL_REPRESENTATION('',(#1402),#1405);
#1402 = B_SPLINE_CURVE_WITH_KNOTS('',1,(#1403,#1404),.UNSPECIFIED.,.F.,
  .F.,(2,2),(6.262779976493,6.28318530718),.PIECEWISE_BEZIER_KNOTS.);
#1403 = CARTESIAN_POINT('',(3.14159265359,0.));
#1404 = CARTESIAN_POINT('',(6.28318530718,0.));
#1405 = ( GEOMETRIC_REPRESENTATION_CONTEXT(2) 
PARAMETRIC_REPRESENTATION_CONTEXT() REPRESENTATION_CONTEXT('2D SPACE',''
  ) );
#1406 = ORIENTED_EDGE('',*,*,#1407,.F.);
#1407 = EDGE_CURVE('',#1408,#1364,#1410,.T.);
#1408 = VERTEX_POINT('',#1409);
#1409 = CARTESIAN_POINT('',(-37.79213073791,-0.771267974243,0.));
#1410 = SURFACE_CURVE('',#1411,(#1416,#1423),.PCURVE_S1.);
#1411 = CIRCLE('',#1412,37.8);
#1412 = AXIS2_PLACEMENT_3D('',#1413,#1414,#1415);
#1413 = CARTESIAN_POINT('',(0.,0.,0.));
#1414 = DIRECTION('',(0.,0.,1.));
#1415 = DIRECTION('',(1.,0.,-0.));
#1416 = PCURVE('',#1276,#1417);
#1417 = DEFINITIONAL_REPRESENTATION('',(#1418),#1422);
#1418 = CIRCLE('',#1419,37.8);
#1419 = AXIS2_PLACEMENT_2D('',#1420,#1421);
#1420 = CARTESIAN_POINT('',(1.882068139409E-15,1.61343992693E-17));
#1421 = DIRECTION('',(1.,0.));
#1422 = ( GEOMETRIC_REPRESENTATION_CONTEXT(2) 
PARAMETRIC_REPRESENTATION_CONTEXT() REPRESENTATION_CONTEXT('2D SPACE',''
  ) );
#1423 = PCURVE('',#1424,#1449);
#1424 = B_SPLINE_SURFACE_WITH_KNOTS('',11,1,(
    (#1425,#1426)
    ,(#1427,#1428)
    ,(#1429,#1430)
    ,(#1431,#1432)
    ,(#1433,#1434)
    ,(#1435,#1436)
    ,(#1437,#1438)
    ,(#1439,#1440)
    ,(#1441,#1442)
    ,(#1443,#1444)
    ,(#1445,#1446)
    ,(#1447,#1448
    )),.UNSPECIFIED.,.F.,.F.,.F.,(12,12),(2,2),(-73.5,0.),(0.,1.),
  .PIECEWISE_BEZIER_KNOTS.);
#1425 = CARTESIAN_POINT('',(-37.79213073791,-0.771267974243,0.));
#1426 = CARTESIAN_POINT('',(-36.75,-0.75,99.));
#1427 = CARTESIAN_POINT('',(-37.57471857012,-11.42446419602,0.));
#1428 = CARTESIAN_POINT('',(-30.06818181818,-0.75,99.));
#1429 = CARTESIAN_POINT('',(-34.05398244305,-22.01024492189,0.));
#1430 = CARTESIAN_POINT('',(-23.38636363636,-0.75,99.));
#1431 = CARTESIAN_POINT('',(-27.25314953237,-31.390518583,0.));
#1432 = CARTESIAN_POINT('',(-16.70454545454,-0.75,99.));
#1433 = CARTESIAN_POINT('',(-17.63656680973,-38.43615531257,0.));
#1434 = CARTESIAN_POINT('',(-10.02272727272,-0.75,99.));
#1435 = CARTESIAN_POINT('',(-6.105738169345,-42.22257429826,0.));
#1436 = CARTESIAN_POINT('',(-3.340909090909,-0.75,99.));
#1437 = CARTESIAN_POINT('',(6.105738169345,-42.22257429824,0.));
#1438 = CARTESIAN_POINT('',(3.340909090909,-0.75,99.));
#1439 = CARTESIAN_POINT('',(17.636566809734,-38.43615531259,0.));
#1440 = CARTESIAN_POINT('',(10.022727272727,-0.75,99.));
#1441 = CARTESIAN_POINT('',(27.253149532378,-31.39051858299,0.));
#1442 = CARTESIAN_POINT('',(16.704545454545,-0.75,99.));
#1443 = CARTESIAN_POINT('',(34.053982443054,-22.01024492189,0.));
#1444 = CARTESIAN_POINT('',(23.386363636364,-0.75,99.));
#1445 = CARTESIAN_POINT('',(37.574718570127,-11.42446419602,0.));
#1446 = CARTESIAN_POINT('',(30.068181818182,-0.75,99.));
#1447 = CARTESIAN_POINT('',(37.792130737918,-0.771267974243,0.));
#1448 = CARTESIAN_POINT('',(36.75,-0.75,99.));
#1449 = DEFINITIONAL_REPRESENTATION('',(#1450),#1453);
#1450 = B_SPLINE_CURVE_WITH_KNOTS('',1,(#1451,#1452),.UNSPECIFIED.,.F.,
  .F.,(2,2),(3.161997984276,6.262779976493),.PIECEWISE_BEZIER_KNOTS.);
#1451 = CARTESIAN_POINT('',(-73.5,0.));
#1452 = CARTESIAN_POINT('',(0.,0.));
#1453 = ( GEOMETRIC_REPRESENTATION_CONTEXT(2) 
PARAMETRIC_REPRESENTATION_CONTEXT() REPRESENTATION_CONTEXT('2D SPACE',''
  ) );
#1454 = ORIENTED_EDGE('',*,*,#1455,.F.);
#1455 = EDGE_CURVE('',#1456,#1408,#1458,.T.);
#1456 = VERTEX_POINT('',#1457);
#1457 = CARTESIAN_POINT('',(-37.79999986313,3.216713912749E-03,0.));
#1458 = SURFACE_CURVE('',#1459,(#1464,#1471),.PCURVE_S1.);
#1459 = CIRCLE('',#1460,37.8);
#1460 = AXIS2_PLACEMENT_3D('',#1461,#1462,#1463);
#1461 = CARTESIAN_POINT('',(0.,0.,0.));
#1462 = DIRECTION('',(0.,0.,1.));
#1463 = DIRECTION('',(1.,0.,-0.));
#1464 = PCURVE('',#1276,#1465);
#1465 = DEFINITIONAL_REPRESENTATION('',(#1466),#1470);
#1466 = CIRCLE('',#1467,37.8);
#1467 = AXIS2_PLACEMENT_2D('',#1468,#1469);
#1468 = CARTESIAN_POINT('',(1.882068139409E-15,1.61343992693E-17));
#1469 = DIRECTION('',(1.,0.));
#1470 = ( GEOMETRIC_REPRESENTATION_CONTEXT(2) 
PARAMETRIC_REPRESENTATION_CONTEXT() REPRESENTATION_CONTEXT('2D SPACE',''
  ) );
#1471 = PCURVE('',#1472,#1493);
#1472 = B_SPLINE_SURFACE_WITH_KNOTS('',9,1,(
    (#1473,#1474)
    ,(#1475,#1476)
    ,(#1477,#1478)
    ,(#1479,#1480)
    ,(#1481,#1482)
    ,(#1483,#1484)
    ,(#1485,#1486)
    ,(#1487,#1488)
    ,(#1489,#1490)
    ,(#1491,#1492
    )),.UNSPECIFIED.,.F.,.F.,.F.,(10,10),(2,2),(3.14159265359,
    6.28318530718),(0.,1.),.PIECEWISE_BEZIER_KNOTS.);
#1473 = CARTESIAN_POINT('',(-37.79213073791,0.771267974243,0.));
#1474 = CARTESIAN_POINT('',(-36.75,0.75,99.));
#1475 = CARTESIAN_POINT('',(-37.79562806637,0.599898879786,0.));
#1476 = CARTESIAN_POINT('',(-37.01179938779,0.75,99.));
#1477 = CARTESIAN_POINT('',(-37.79825118407,0.428511943798,0.));
#1478 = CARTESIAN_POINT('',(-37.27360149249,0.647191900061,
    98.999999999999));
#1479 = CARTESIAN_POINT('',(-37.79999998699,0.257112263859,0.));
#1480 = CARTESIAN_POINT('',(-37.48924283384,0.44157278914,
    99.000000000004));
#1481 = CARTESIAN_POINT('',(-37.80087440579,8.570493754982E-02,0.));
#1482 = CARTESIAN_POINT('',(-37.61268047281,0.157317457926,
    98.999999999993));
#1483 = CARTESIAN_POINT('',(-37.80087440579,-8.570493754981E-02,0.));
#1484 = CARTESIAN_POINT('',(-37.61268047282,-0.157317457926,
    99.000000000007));
#1485 = CARTESIAN_POINT('',(-37.79999998699,-0.257112263859,0.));
#1486 = CARTESIAN_POINT('',(-37.48924283383,-0.44157278914,
    98.999999999994));
#1487 = CARTESIAN_POINT('',(-37.79825118407,-0.428511943798,0.));
#1488 = CARTESIAN_POINT('',(-37.2736014925,-0.647191900061,
    99.000000000003));
#1489 = CARTESIAN_POINT('',(-37.79562806637,-0.599898879786,0.));
#1490 = CARTESIAN_POINT('',(-37.01179938779,-0.75,98.999999999999));
#1491 = CARTESIAN_POINT('',(-37.79213073791,-0.771267974243,0.));
#1492 = CARTESIAN_POINT('',(-36.75,-0.75,99.));
#1493 = DEFINITIONAL_REPRESENTATION('',(#1494),#1497);
#1494 = B_SPLINE_CURVE_WITH_KNOTS('',1,(#1495,#1496),.UNSPECIFIED.,.F.,
  .F.,(2,2),(3.121187322903,3.161997984276),.PIECEWISE_BEZIER_KNOTS.);
#1495 = CARTESIAN_POINT('',(3.14159265359,0.));
#1496 = CARTESIAN_POINT('',(6.28318530718,0.));
#1497 = ( GEOMETRIC_REPRESENTATION_CONTEXT(2) 
PARAMETRIC_REPRESENTATION_CONTEXT() REPRESENTATION_CONTEXT('2D SPACE',''
  ) );
#1498 = ORIENTED_EDGE('',*,*,#1499,.F.);
#1499 = EDGE_CURVE('',#1235,#1456,#1500,.T.);
#1500 = SURFACE_CURVE('',#1501,(#1505,#1512),.PCURVE_S1.);
#1501 = LINE('',#1502,#1503);
#1502 = CARTESIAN_POINT('',(8.620763691316E-03,3.216713912751E-03,0.));
#1503 = VECTOR('',#1504,1.);
#1504 = DIRECTION('',(1.,0.,0.));
#1505 = PCURVE('',#1276,#1506);
#1506 = DEFINITIONAL_REPRESENTATION('',(#1507),#1511);
#1507 = LINE('',#1508,#1509);
#1508 = CARTESIAN_POINT('',(8.620763691318E-03,3.216713912751E-03));
#1509 = VECTOR('',#1510,1.);
#1510 = DIRECTION('',(1.,0.));
#1511 = ( GEOMETRIC_REPRESENTATION_CONTEXT(2) 
PARAMETRIC_REPRESENTATION_CONTEXT() REPRESENTATION_CONTEXT('2D SPACE',''
  ) );
#1512 = PCURVE('',#1249,#1513);
#1513 = DEFINITIONAL_REPRESENTATION('',(#1514),#1518);
#1514 = LINE('',#1515,#1516);
#1515 = CARTESIAN_POINT('',(59.554144798701,-8.620763691314E-03));
#1516 = VECTOR('',#1517,1.);
#1517 = DIRECTION('',(0.,1.));
#1518 = ( GEOMETRIC_REPRESENTATION_CONTEXT(2) 
PARAMETRIC_REPRESENTATION_CONTEXT() REPRESENTATION_CONTEXT('2D SPACE',''
  ) );
#1519 = ADVANCED_FACE('',(#1520),#1249,.F.);
#1520 = FACE_BOUND('',#1521,.F.);
#1521 = EDGE_LOOP('',(#1522,#1545,#1546,#1547,#1591,#1618,#1652,#1680,
    #1707,#1735));
#1522 = ORIENTED_EDGE('',*,*,#1523,.F.);
#1523 = EDGE_CURVE('',#1202,#1524,#1526,.T.);
#1524 = VERTEX_POINT('',#1525);
#1525 = CARTESIAN_POINT('',(-44.74999988438,3.216713912759E-03,69.9));
#1526 = SURFACE_CURVE('',#1527,(#1531,#1538),.PCURVE_S1.);
#1527 = LINE('',#1528,#1529);
#1528 = CARTESIAN_POINT('',(8.620763691316E-03,3.216713912751E-03,69.9)
  );
#1529 = VECTOR('',#1530,1.);
#1530 = DIRECTION('',(1.,0.,0.));
#1531 = PCURVE('',#1249,#1532);
#1532 = DEFINITIONAL_REPRESENTATION('',(#1533),#1537);
#1533 = LINE('',#1534,#1535);
#1534 = CARTESIAN_POINT('',(-10.34585520129,-8.620763691314E-03));
#1535 = VECTOR('',#1536,1.);
#1536 = DIRECTION('',(0.,1.));
#1537 = ( GEOMETRIC_REPRESENTATION_CONTEXT(2) 
PARAMETRIC_REPRESENTATION_CONTEXT() REPRESENTATION_CONTEXT('2D SPACE',''
  ) );
#1538 = PCURVE('',#1218,#1539);
#1539 = DEFINITIONAL_REPRESENTATION('',(#1540),#1544);
#1540 = LINE('',#1541,#1542);
#1541 = CARTESIAN_POINT('',(8.620763691318E-03,3.216713912751E-03));
#1542 = VECTOR('',#1543,1.);
#1543 = DIRECTION('',(1.,0.));
#1544 = ( GEOMETRIC_REPRESENTATION_CONTEXT(2) 
PARAMETRIC_REPRESENTATION_CONTEXT() REPRESENTATION_CONTEXT('2D SPACE',''
  ) );
#1545 = ORIENTED_EDGE('',*,*,#1234,.T.);
#1546 = ORIENTED_EDGE('',*,*,#1499,.T.);
#1547 = ORIENTED_EDGE('',*,*,#1548,.T.);
#1548 = EDGE_CURVE('',#1456,#1549,#1551,.T.);
#1549 = VERTEX_POINT('',#1550);
#1550 = CARTESIAN_POINT('',(-37.4999931018,3.216713912751E-03,99.));
#1551 = SURFACE_CURVE('',#1552,(#1563,#1577),.PCURVE_S1.);
#1552 = B_SPLINE_CURVE_WITH_KNOTS('',5,(#1553,#1554,#1555,#1556,#1557,
    #1558,#1559,#1560,#1561,#1562),.UNSPECIFIED.,.F.,.F.,(6,4,6),(0.,
    0.842000002342,1.),.UNSPECIFIED.);
#1553 = CARTESIAN_POINT('',(-37.79999986313,3.216713912751E-03,0.));
#1554 = CARTESIAN_POINT('',(-37.74947719109,3.216713912751E-03,
    16.671600036235));
#1555 = CARTESIAN_POINT('',(-37.69895569622,3.216713912751E-03,
    33.343200080379));
#1556 = CARTESIAN_POINT('',(-37.64843464493,3.216713912751E-03,
    50.014800127579));
#1557 = CARTESIAN_POINT('',(-37.59791394192,3.216713912751E-03,
    66.686400176733));
#1558 = CARTESIAN_POINT('',(-37.53791335127,3.216713912751E-03,
    86.486400181832));
#1559 = CARTESIAN_POINT('',(-37.52843326553,3.216713912751E-03,
    89.614800136313));
#1560 = CARTESIAN_POINT('',(-37.51895318655,3.216713912751E-03,
    92.743200090837));
#1561 = CARTESIAN_POINT('',(-37.5094731137,3.216713912751E-03,
    95.8716000454));
#1562 = CARTESIAN_POINT('',(-37.4999930465,3.216713912751E-03,99.));
#1563 = PCURVE('',#1249,#1564);
#1564 = DEFINITIONAL_REPRESENTATION('',(#1565),#1576);
#1565 = B_SPLINE_CURVE_WITH_KNOTS('',5,(#1566,#1567,#1568,#1569,#1570,
    #1571,#1572,#1573,#1574,#1575),.UNSPECIFIED.,.F.,.F.,(6,4,6),(0.,
    0.842000002342,1.),.UNSPECIFIED.);
#1566 = CARTESIAN_POINT('',(59.554144798701,-37.81724139051));
#1567 = CARTESIAN_POINT('',(42.882544762466,-37.76671871847));
#1568 = CARTESIAN_POINT('',(26.210944718322,-37.7161972236));
#1569 = CARTESIAN_POINT('',(9.539344671122,-37.66567617231));
#1570 = CARTESIAN_POINT('',(-7.132255378032,-37.6151554693));
#1571 = CARTESIAN_POINT('',(-26.93225538313,-37.55515487865));
#1572 = CARTESIAN_POINT('',(-30.06065533761,-37.54567479291));
#1573 = CARTESIAN_POINT('',(-33.18905529213,-37.53619471393));
#1574 = CARTESIAN_POINT('',(-36.31745524669,-37.52671464108));
#1575 = CARTESIAN_POINT('',(-39.44585520129,-37.51723457388));
#1576 = ( GEOMETRIC_REPRESENTATION_CONTEXT(2) 
PARAMETRIC_REPRESENTATION_CONTEXT() REPRESENTATION_CONTEXT('2D SPACE',''
  ) );
#1577 = PCURVE('',#1472,#1578);
#1578 = DEFINITIONAL_REPRESENTATION('',(#1579),#1590);
#1579 = B_SPLINE_CURVE_WITH_KNOTS('',5,(#1580,#1581,#1582,#1583,#1584,
    #1585,#1586,#1587,#1588,#1589),.UNSPECIFIED.,.F.,.F.,(6,4,6),(0.,
    0.842000002342,1.),.UNSPECIFIED.);
#1580 = CARTESIAN_POINT('',(4.7058381421,0.));
#1581 = CARTESIAN_POINT('',(4.706419909718,0.168400000366));
#1582 = CARTESIAN_POINT('',(4.706872857408,0.336800000812));
#1583 = CARTESIAN_POINT('',(4.707251924966,0.505200001289));
#1584 = CARTESIAN_POINT('',(4.707573537111,0.673600001785));
#1585 = CARTESIAN_POINT('',(4.707904884159,0.873600001837));
#1586 = CARTESIAN_POINT('',(4.707955726691,0.905200001377));
#1587 = CARTESIAN_POINT('',(4.708005145563,0.936800000918));
#1588 = CARTESIAN_POINT('',(4.708053218681,0.968400000459));
#1589 = CARTESIAN_POINT('',(4.708100015207,1.));
#1590 = ( GEOMETRIC_REPRESENTATION_CONTEXT(2) 
PARAMETRIC_REPRESENTATION_CONTEXT() REPRESENTATION_CONTEXT('2D SPACE',''
  ) );
#1591 = ORIENTED_EDGE('',*,*,#1592,.F.);
#1592 = EDGE_CURVE('',#1593,#1549,#1595,.T.);
#1593 = VERTEX_POINT('',#1594);
#1594 = CARTESIAN_POINT('',(-37.4999931018,3.216713912751E-03,107.5));
#1595 = SURFACE_CURVE('',#1596,(#1600,#1607),.PCURVE_S1.);
#1596 = LINE('',#1597,#1598);
#1597 = CARTESIAN_POINT('',(-37.4999931018,3.216713912751E-03,99.));
#1598 = VECTOR('',#1599,1.);
#1599 = DIRECTION('',(0.,0.,-1.));
#1600 = PCURVE('',#1249,#1601);
#1601 = DEFINITIONAL_REPRESENTATION('',(#1602),#1606);
#1602 = LINE('',#1603,#1604);
#1603 = CARTESIAN_POINT('',(-39.44585520129,-37.51723462918));
#1604 = VECTOR('',#1605,1.);
#1605 = DIRECTION('',(1.,0.));
#1606 = ( GEOMETRIC_REPRESENTATION_CONTEXT(2) 
PARAMETRIC_REPRESENTATION_CONTEXT() REPRESENTATION_CONTEXT('2D SPACE',''
  ) );
#1607 = PCURVE('',#1608,#1613);
#1608 = CYLINDRICAL_SURFACE('',#1609,0.75);
#1609 = AXIS2_PLACEMENT_3D('',#1610,#1611,#1612);
#1610 = CARTESIAN_POINT('',(-36.75,0.,99.));
#1611 = DIRECTION('',(0.,0.,-1.));
#1612 = DIRECTION('',(0.,-1.,0.));
#1613 = DEFINITIONAL_REPRESENTATION('',(#1614),#1617);
#1614 = B_SPLINE_CURVE_WITH_KNOTS('',1,(#1615,#1616),.UNSPECIFIED.,.F.,
  .F.,(2,2),(-8.5000006,6.000000070117E-07),.PIECEWISE_BEZIER_KNOTS.);
#1615 = CARTESIAN_POINT('',(1.575085291828,-8.5000006));
#1616 = CARTESIAN_POINT('',(1.575085291828,6.000000070117E-07));
#1617 = ( GEOMETRIC_REPRESENTATION_CONTEXT(2) 
PARAMETRIC_REPRESENTATION_CONTEXT() REPRESENTATION_CONTEXT('2D SPACE',''
  ) );
#1618 = ORIENTED_EDGE('',*,*,#1619,.T.);
#1619 = EDGE_CURVE('',#1593,#1620,#1622,.T.);
#1620 = VERTEX_POINT('',#1621);
#1621 = CARTESIAN_POINT('',(-38.99999770061,3.216713912751E-03,109.));
#1622 = SURFACE_CURVE('',#1623,(#1628,#1635),.PCURVE_S1.);
#1623 = HYPERBOLA('',#1624,3.216713912751E-03,3.216713912751E-03);
#1624 = AXIS2_PLACEMENT_3D('',#1625,#1626,#1627);
#1625 = CARTESIAN_POINT('',(-36.75,3.216713912751E-03,106.75));
#1626 = DIRECTION('',(0.,-1.,0.));
#1627 = DIRECTION('',(0.,0.,1.));
#1628 = PCURVE('',#1249,#1629);
#1629 = DEFINITIONAL_REPRESENTATION('',(#1630),#1634);
#1630 = HYPERBOLA('',#1631,3.216713912751E-03,3.216713912751E-03);
#1631 = AXIS2_PLACEMENT_2D('',#1632,#1633);
#1632 = CARTESIAN_POINT('',(-47.19585520129,-36.76724152738));
#1633 = DIRECTION('',(-1.,0.));
#1634 = ( GEOMETRIC_REPRESENTATION_CONTEXT(2) 
PARAMETRIC_REPRESENTATION_CONTEXT() REPRESENTATION_CONTEXT('2D SPACE',''
  ) );
#1635 = PCURVE('',#1636,#1641);
#1636 = CONICAL_SURFACE('',#1637,0.75,0.785398163397);
#1637 = AXIS2_PLACEMENT_3D('',#1638,#1639,#1640);
#1638 = CARTESIAN_POINT('',(-36.75,0.,107.5));
#1639 = DIRECTION('',(0.,0.,1.));
#1640 = DIRECTION('',(0.,-1.,0.));
#1641 = DEFINITIONAL_REPRESENTATION('',(#1642),#1651);
#1642 = B_SPLINE_CURVE_WITH_KNOTS('',7,(#1643,#1644,#1645,#1646,#1647,
    #1648,#1649,#1650),.UNSPECIFIED.,.F.,.F.,(8,8),(6.144855473805,
    7.243471850306),.PIECEWISE_BEZIER_KNOTS.);
#1643 = CARTESIAN_POINT('',(4.708100015352,5.551115123126E-16));
#1644 = CARTESIAN_POINT('',(4.708773145749,0.117707814843));
#1645 = CARTESIAN_POINT('',(4.709323025475,0.256968348904));
#1646 = CARTESIAN_POINT('',(4.709776733143,0.422518028688));
#1647 = CARTESIAN_POINT('',(4.710153918941,0.620390015033));
#1648 = CARTESIAN_POINT('',(4.710469491903,0.858405688081));
#1649 = CARTESIAN_POINT('',(4.710734952471,1.146873668431));
#1650 = CARTESIAN_POINT('',(4.71095932927,1.5));
#1651 = ( GEOMETRIC_REPRESENTATION_CONTEXT(2) 
PARAMETRIC_REPRESENTATION_CONTEXT() REPRESENTATION_CONTEXT('2D SPACE',''
  ) );
#1652 = ORIENTED_EDGE('',*,*,#1653,.F.);
#1653 = EDGE_CURVE('',#1654,#1620,#1656,.T.);
#1654 = VERTEX_POINT('',#1655);
#1655 = CARTESIAN_POINT('',(-39.74999986984,3.216713912752E-03,109.));
#1656 = SURFACE_CURVE('',#1657,(#1661,#1668),.PCURVE_S1.);
#1657 = LINE('',#1658,#1659);
#1658 = CARTESIAN_POINT('',(8.620763691314E-03,3.216713912751E-03,109.)
  );
#1659 = VECTOR('',#1660,1.);
#1660 = DIRECTION('',(1.,0.,0.));
#1661 = PCURVE('',#1249,#1662);
#1662 = DEFINITIONAL_REPRESENTATION('',(#1663),#1667);
#1663 = LINE('',#1664,#1665);
#1664 = CARTESIAN_POINT('',(-49.44585520129,-8.620763691316E-03));
#1665 = VECTOR('',#1666,1.);
#1666 = DIRECTION('',(0.,1.));
#1667 = ( GEOMETRIC_REPRESENTATION_CONTEXT(2) 
PARAMETRIC_REPRESENTATION_CONTEXT() REPRESENTATION_CONTEXT('2D SPACE',''
  ) );
#1668 = PCURVE('',#1669,#1674);
#1669 = PLANE('',#1670);
#1670 = AXIS2_PLACEMENT_3D('',#1671,#1672,#1673);
#1671 = CARTESIAN_POINT('',(-4.403329231825E-15,5.790076070423E-16,109.)
  );
#1672 = DIRECTION('',(0.,0.,1.));
#1673 = DIRECTION('',(1.,0.,-0.));
#1674 = DEFINITIONAL_REPRESENTATION('',(#1675),#1679);
#1675 = LINE('',#1676,#1677);
#1676 = CARTESIAN_POINT('',(8.620763691318E-03,3.21671391275E-03));
#1677 = VECTOR('',#1678,1.);
#1678 = DIRECTION('',(1.,0.));
#1679 = ( GEOMETRIC_REPRESENTATION_CONTEXT(2) 
PARAMETRIC_REPRESENTATION_CONTEXT() REPRESENTATION_CONTEXT('2D SPACE',''
  ) );
#1680 = ORIENTED_EDGE('',*,*,#1681,.T.);
#1681 = EDGE_CURVE('',#1654,#1682,#1684,.T.);
#1682 = VERTEX_POINT('',#1683);
#1683 = CARTESIAN_POINT('',(-39.74999986984,3.216713912752E-03,80.7));
#1684 = SURFACE_CURVE('',#1685,(#1689,#1696),.PCURVE_S1.);
#1685 = LINE('',#1686,#1687);
#1686 = CARTESIAN_POINT('',(-39.74999986984,3.216713912751E-03,80.7));
#1687 = VECTOR('',#1688,1.);
#1688 = DIRECTION('',(-0.,-0.,-1.));
#1689 = PCURVE('',#1249,#1690);
#1690 = DEFINITIONAL_REPRESENTATION('',(#1691),#1695);
#1691 = LINE('',#1692,#1693);
#1692 = CARTESIAN_POINT('',(-21.14585520129,-39.76724139722));
#1693 = VECTOR('',#1694,1.);
#1694 = DIRECTION('',(1.,0.));
#1695 = ( GEOMETRIC_REPRESENTATION_CONTEXT(2) 
PARAMETRIC_REPRESENTATION_CONTEXT() REPRESENTATION_CONTEXT('2D SPACE',''
  ) );
#1696 = PCURVE('',#1697,#1702);
#1697 = CYLINDRICAL_SURFACE('',#1698,39.75);
#1698 = AXIS2_PLACEMENT_3D('',#1699,#1700,#1701);
#1699 = CARTESIAN_POINT('',(0.,0.,80.7));
#1700 = DIRECTION('',(-0.,-0.,-1.));
#1701 = DIRECTION('',(1.,0.,0.));
#1702 = DEFINITIONAL_REPRESENTATION('',(#1703),#1706);
#1703 = B_SPLINE_CURVE_WITH_KNOTS('',1,(#1704,#1705),.UNSPECIFIED.,.F.,
  .F.,(2,2),(-28.3,0.),.PIECEWISE_BEZIER_KNOTS.);
#1704 = CARTESIAN_POINT('',(3.141673577211,-28.3));
#1705 = CARTESIAN_POINT('',(3.141673577211,0.));
#1706 = ( GEOMETRIC_REPRESENTATION_CONTEXT(2) 
PARAMETRIC_REPRESENTATION_CONTEXT() REPRESENTATION_CONTEXT('2D SPACE',''
  ) );
#1707 = ORIENTED_EDGE('',*,*,#1708,.F.);
#1708 = EDGE_CURVE('',#1709,#1682,#1711,.T.);
#1709 = VERTEX_POINT('',#1710);
#1710 = CARTESIAN_POINT('',(-44.74999988438,3.216713912759E-03,80.7));
#1711 = SURFACE_CURVE('',#1712,(#1716,#1723),.PCURVE_S1.);
#1712 = LINE('',#1713,#1714);
#1713 = CARTESIAN_POINT('',(8.620763691315E-03,3.216713912751E-03,80.7)
  );
#1714 = VECTOR('',#1715,1.);
#1715 = DIRECTION('',(1.,0.,0.));
#1716 = PCURVE('',#1249,#1717);
#1717 = DEFINITIONAL_REPRESENTATION('',(#1718),#1722);
#1718 = LINE('',#1719,#1720);
#1719 = CARTESIAN_POINT('',(-21.14585520129,-8.620763691315E-03));
#1720 = VECTOR('',#1721,1.);
#1721 = DIRECTION('',(0.,1.));
#1722 = ( GEOMETRIC_REPRESENTATION_CONTEXT(2) 
PARAMETRIC_REPRESENTATION_CONTEXT() REPRESENTATION_CONTEXT('2D SPACE',''
  ) );
#1723 = PCURVE('',#1724,#1729);
#1724 = PLANE('',#1725);
#1725 = AXIS2_PLACEMENT_3D('',#1726,#1727,#1728);
#1726 = CARTESIAN_POINT('',(-2.933502854163E-15,4.040240899597E-15,80.7)
  );
#1727 = DIRECTION('',(0.,0.,1.));
#1728 = DIRECTION('',(1.,0.,-0.));
#1729 = DEFINITIONAL_REPRESENTATION('',(#1730),#1734);
#1730 = LINE('',#1731,#1732);
#1731 = CARTESIAN_POINT('',(8.620763691318E-03,3.216713912747E-03));
#1732 = VECTOR('',#1733,1.);
#1733 = DIRECTION('',(1.,0.));
#1734 = ( GEOMETRIC_REPRESENTATION_CONTEXT(2) 
PARAMETRIC_REPRESENTATION_CONTEXT() REPRESENTATION_CONTEXT('2D SPACE',''
  ) );
#1735 = ORIENTED_EDGE('',*,*,#1736,.T.);
#1736 = EDGE_CURVE('',#1709,#1524,#1737,.T.);
#1737 = SURFACE_CURVE('',#1738,(#1742,#1749),.PCURVE_S1.);
#1738 = LINE('',#1739,#1740);
#1739 = CARTESIAN_POINT('',(-44.74999988438,3.216713912751E-03,69.9));
#1740 = VECTOR('',#1741,1.);
#1741 = DIRECTION('',(-0.,-0.,-1.));
#1742 = PCURVE('',#1249,#1743);
#1743 = DEFINITIONAL_REPRESENTATION('',(#1744),#1748);
#1744 = LINE('',#1745,#1746);
#1745 = CARTESIAN_POINT('',(-10.34585520129,-44.76724141176));
#1746 = VECTOR('',#1747,1.);
#1747 = DIRECTION('',(1.,0.));
#1748 = ( GEOMETRIC_REPRESENTATION_CONTEXT(2) 
PARAMETRIC_REPRESENTATION_CONTEXT() REPRESENTATION_CONTEXT('2D SPACE',''
  ) );
#1749 = PCURVE('',#1750,#1755);
#1750 = CYLINDRICAL_SURFACE('',#1751,44.75);
#1751 = AXIS2_PLACEMENT_3D('',#1752,#1753,#1754);
#1752 = CARTESIAN_POINT('',(0.,0.,69.9));
#1753 = DIRECTION('',(-0.,-0.,-1.));
#1754 = DIRECTION('',(1.,0.,0.));
#1755 = DEFINITIONAL_REPRESENTATION('',(#1756),#1759);
#1756 = B_SPLINE_CURVE_WITH_KNOTS('',1,(#1757,#1758),.UNSPECIFIED.,.F.,
  .F.,(2,2),(-10.8,-0.),.PIECEWISE_BEZIER_KNOTS.);
#1757 = CARTESIAN_POINT('',(3.141664535465,-10.8));
#1758 = CARTESIAN_POINT('',(3.141664535465,0.));
#1759 = ( GEOMETRIC_REPRESENTATION_CONTEXT(2) 
PARAMETRIC_REPRESENTATION_CONTEXT() REPRESENTATION_CONTEXT('2D SPACE',''
  ) );
#1760 = ADVANCED_FACE('',(#1761),#1218,.T.);
#1761 = FACE_BOUND('',#1762,.T.);
#1762 = EDGE_LOOP('',(#1763,#1764,#1765,#1788));
#1763 = ORIENTED_EDGE('',*,*,#1523,.F.);
#1764 = ORIENTED_EDGE('',*,*,#1201,.F.);
#1765 = ORIENTED_EDGE('',*,*,#1766,.F.);
#1766 = EDGE_CURVE('',#1767,#1168,#1769,.T.);
#1767 = VERTEX_POINT('',#1768);
#1768 = CARTESIAN_POINT('',(44.749999884388,3.216713912751E-03,69.9));
#1769 = SURFACE_CURVE('',#1770,(#1774,#1781),.PCURVE_S1.);
#1770 = LINE('',#1771,#1772);
#1771 = CARTESIAN_POINT('',(8.620763691316E-03,3.216713912751E-03,69.9)
  );
#1772 = VECTOR('',#1773,1.);
#1773 = DIRECTION('',(1.,0.,0.));
#1774 = PCURVE('',#1218,#1775);
#1775 = DEFINITIONAL_REPRESENTATION('',(#1776),#1780);
#1776 = LINE('',#1777,#1778);
#1777 = CARTESIAN_POINT('',(8.620763691318E-03,3.216713912751E-03));
#1778 = VECTOR('',#1779,1.);
#1779 = DIRECTION('',(1.,0.));
#1780 = ( GEOMETRIC_REPRESENTATION_CONTEXT(2) 
PARAMETRIC_REPRESENTATION_CONTEXT() REPRESENTATION_CONTEXT('2D SPACE',''
  ) );
#1781 = PCURVE('',#1189,#1782);
#1782 = DEFINITIONAL_REPRESENTATION('',(#1783),#1787);
#1783 = LINE('',#1784,#1785);
#1784 = CARTESIAN_POINT('',(-10.34585520129,-8.620763691314E-03));
#1785 = VECTOR('',#1786,1.);
#1786 = DIRECTION('',(0.,1.));
#1787 = ( GEOMETRIC_REPRESENTATION_CONTEXT(2) 
PARAMETRIC_REPRESENTATION_CONTEXT() REPRESENTATION_CONTEXT('2D SPACE',''
  ) );
#1788 = ORIENTED_EDGE('',*,*,#1789,.T.);
#1789 = EDGE_CURVE('',#1767,#1524,#1790,.T.);
#1790 = SURFACE_CURVE('',#1791,(#1796,#1807),.PCURVE_S1.);
#1791 = CIRCLE('',#1792,44.75);
#1792 = AXIS2_PLACEMENT_3D('',#1793,#1794,#1795);
#1793 = CARTESIAN_POINT('',(0.,0.,69.9));
#1794 = DIRECTION('',(0.,0.,-1.));
#1795 = DIRECTION('',(0.999999997416,7.188187514535E-05,0.));
#1796 = PCURVE('',#1218,#1797);
#1797 = DEFINITIONAL_REPRESENTATION('',(#1798),#1806);
#1798 = ( BOUNDED_CURVE() B_SPLINE_CURVE(2,(#1799,#1800,#1801,#1802,
#1803,#1804,#1805),.UNSPECIFIED.,.T.,.F.) B_SPLINE_CURVE_WITH_KNOTS((1,2
    ,2,2,2,1),(-2.094395102393,0.,2.094395102393,4.188790204786,
6.28318530718,8.377580409573),.UNSPECIFIED.) CURVE() 
GEOMETRIC_REPRESENTATION_ITEM() RATIONAL_B_SPLINE_CURVE((1.,0.5,1.,0.5,
1.,0.5,1.)) REPRESENTATION_ITEM('') );
#1799 = CARTESIAN_POINT('',(44.749999884388,3.216713912754E-03));
#1800 = CARTESIAN_POINT('',(44.755571396319,-77.50605672454));
#1801 = CARTESIAN_POINT('',(-22.37221418622,-38.75624507618));
#1802 = CARTESIAN_POINT('',(-89.49999976877,-6.433427825519E-03));
#1803 = CARTESIAN_POINT('',(-22.37778569815,38.753028362275));
#1804 = CARTESIAN_POINT('',(44.744428372458,77.512490152375));
#1805 = CARTESIAN_POINT('',(44.749999884388,3.216713912754E-03));
#1806 = ( GEOMETRIC_REPRESENTATION_CONTEXT(2) 
PARAMETRIC_REPRESENTATION_CONTEXT() REPRESENTATION_CONTEXT('2D SPACE',''
  ) );
#1807 = PCURVE('',#1750,#1808);
#1808 = DEFINITIONAL_REPRESENTATION('',(#1809),#1813);
#1809 = LINE('',#1810,#1811);
#1810 = CARTESIAN_POINT('',(-7.188187541374E-05,0.));
#1811 = VECTOR('',#1812,1.);
#1812 = DIRECTION('',(1.,-0.));
#1813 = ( GEOMETRIC_REPRESENTATION_CONTEXT(2) 
PARAMETRIC_REPRESENTATION_CONTEXT() REPRESENTATION_CONTEXT('2D SPACE',''
  ) );
#1814 = ADVANCED_FACE('',(#1815),#1189,.F.);
#1815 = FACE_BOUND('',#1816,.F.);
#1816 = EDGE_LOOP('',(#1817,#1818,#1819,#1841,#1864,#1886,#1909,#1943,
    #1970,#2098,#2125));
#1817 = ORIENTED_EDGE('',*,*,#1167,.F.);
#1818 = ORIENTED_EDGE('',*,*,#1766,.F.);
#1819 = ORIENTED_EDGE('',*,*,#1820,.F.);
#1820 = EDGE_CURVE('',#1821,#1767,#1823,.T.);
#1821 = VERTEX_POINT('',#1822);
#1822 = CARTESIAN_POINT('',(44.749999884388,3.216713912751E-03,80.7));
#1823 = SURFACE_CURVE('',#1824,(#1828,#1835),.PCURVE_S1.);
#1824 = LINE('',#1825,#1826);
#1825 = CARTESIAN_POINT('',(44.749999884388,3.216713912751E-03,69.9));
#1826 = VECTOR('',#1827,1.);
#1827 = DIRECTION('',(-0.,-0.,-1.));
#1828 = PCURVE('',#1189,#1829);
#1829 = DEFINITIONAL_REPRESENTATION('',(#1830),#1834);
#1830 = LINE('',#1831,#1832);
#1831 = CARTESIAN_POINT('',(-10.34585520129,44.732758357005));
#1832 = VECTOR('',#1833,1.);
#1833 = DIRECTION('',(1.,0.));
#1834 = ( GEOMETRIC_REPRESENTATION_CONTEXT(2) 
PARAMETRIC_REPRESENTATION_CONTEXT() REPRESENTATION_CONTEXT('2D SPACE',''
  ) );
#1835 = PCURVE('',#1750,#1836);
#1836 = DEFINITIONAL_REPRESENTATION('',(#1837),#1840);
#1837 = B_SPLINE_CURVE_WITH_KNOTS('',1,(#1838,#1839),.UNSPECIFIED.,.F.,
  .F.,(2,2),(-10.8,-0.),.PIECEWISE_BEZIER_KNOTS.);
#1838 = CARTESIAN_POINT('',(-7.188187541374E-05,-10.8));
#1839 = CARTESIAN_POINT('',(-7.188187541374E-05,0.));
#1840 = ( GEOMETRIC_REPRESENTATION_CONTEXT(2) 
PARAMETRIC_REPRESENTATION_CONTEXT() REPRESENTATION_CONTEXT('2D SPACE',''
  ) );
#1841 = ORIENTED_EDGE('',*,*,#1842,.F.);
#1842 = EDGE_CURVE('',#1843,#1821,#1845,.T.);
#1843 = VERTEX_POINT('',#1844);
#1844 = CARTESIAN_POINT('',(39.749999869846,3.216713912751E-03,80.7));
#1845 = SURFACE_CURVE('',#1846,(#1850,#1857),.PCURVE_S1.);
#1846 = LINE('',#1847,#1848);
#1847 = CARTESIAN_POINT('',(8.620763691315E-03,3.216713912751E-03,80.7)
  );
#1848 = VECTOR('',#1849,1.);
#1849 = DIRECTION('',(1.,0.,0.));
#1850 = PCURVE('',#1189,#1851);
#1851 = DEFINITIONAL_REPRESENTATION('',(#1852),#1856);
#1852 = LINE('',#1853,#1854);
#1853 = CARTESIAN_POINT('',(-21.14585520129,-8.620763691315E-03));
#1854 = VECTOR('',#1855,1.);
#1855 = DIRECTION('',(0.,1.));
#1856 = ( GEOMETRIC_REPRESENTATION_CONTEXT(2) 
PARAMETRIC_REPRESENTATION_CONTEXT() REPRESENTATION_CONTEXT('2D SPACE',''
  ) );
#1857 = PCURVE('',#1724,#1858);
#1858 = DEFINITIONAL_REPRESENTATION('',(#1859),#1863);
#1859 = LINE('',#1860,#1861);
#1860 = CARTESIAN_POINT('',(8.620763691318E-03,3.216713912747E-03));
#1861 = VECTOR('',#1862,1.);
#1862 = DIRECTION('',(1.,0.));
#1863 = ( GEOMETRIC_REPRESENTATION_CONTEXT(2) 
PARAMETRIC_REPRESENTATION_CONTEXT() REPRESENTATION_CONTEXT('2D SPACE',''
  ) );
#1864 = ORIENTED_EDGE('',*,*,#1865,.F.);
#1865 = EDGE_CURVE('',#1866,#1843,#1868,.T.);
#1866 = VERTEX_POINT('',#1867);
#1867 = CARTESIAN_POINT('',(39.749999869846,3.216713912751E-03,109.));
#1868 = SURFACE_CURVE('',#1869,(#1873,#1880),.PCURVE_S1.);
#1869 = LINE('',#1870,#1871);
#1870 = CARTESIAN_POINT('',(39.749999869846,3.216713912751E-03,80.7));
#1871 = VECTOR('',#1872,1.);
#1872 = DIRECTION('',(-0.,-0.,-1.));
#1873 = PCURVE('',#1189,#1874);
#1874 = DEFINITIONAL_REPRESENTATION('',(#1875),#1879);
#1875 = LINE('',#1876,#1877);
#1876 = CARTESIAN_POINT('',(-21.14585520129,39.732758342463));
#1877 = VECTOR('',#1878,1.);
#1878 = DIRECTION('',(1.,0.));
#1879 = ( GEOMETRIC_REPRESENTATION_CONTEXT(2) 
PARAMETRIC_REPRESENTATION_CONTEXT() REPRESENTATION_CONTEXT('2D SPACE',''
  ) );
#1880 = PCURVE('',#1697,#1881);
#1881 = DEFINITIONAL_REPRESENTATION('',(#1882),#1885);
#1882 = B_SPLINE_CURVE_WITH_KNOTS('',1,(#1883,#1884),.UNSPECIFIED.,.F.,
  .F.,(2,2),(-28.3,-0.),.PIECEWISE_BEZIER_KNOTS.);
#1883 = CARTESIAN_POINT('',(-8.092362041356E-05,-28.3));
#1884 = CARTESIAN_POINT('',(-8.092362041356E-05,0.));
#1885 = ( GEOMETRIC_REPRESENTATION_CONTEXT(2) 
PARAMETRIC_REPRESENTATION_CONTEXT() REPRESENTATION_CONTEXT('2D SPACE',''
  ) );
#1886 = ORIENTED_EDGE('',*,*,#1887,.F.);
#1887 = EDGE_CURVE('',#1888,#1866,#1890,.T.);
#1888 = VERTEX_POINT('',#1889);
#1889 = CARTESIAN_POINT('',(38.99999770061,3.216713912751E-03,109.));
#1890 = SURFACE_CURVE('',#1891,(#1895,#1902),.PCURVE_S1.);
#1891 = LINE('',#1892,#1893);
#1892 = CARTESIAN_POINT('',(8.620763691314E-03,3.216713912751E-03,109.)
  );
#1893 = VECTOR('',#1894,1.);
#1894 = DIRECTION('',(1.,0.,0.));
#1895 = PCURVE('',#1189,#1896);
#1896 = DEFINITIONAL_REPRESENTATION('',(#1897),#1901);
#1897 = LINE('',#1898,#1899);
#1898 = CARTESIAN_POINT('',(-49.44585520129,-8.620763691316E-03));
#1899 = VECTOR('',#1900,1.);
#1900 = DIRECTION('',(0.,1.));
#1901 = ( GEOMETRIC_REPRESENTATION_CONTEXT(2) 
PARAMETRIC_REPRESENTATION_CONTEXT() REPRESENTATION_CONTEXT('2D SPACE',''
  ) );
#1902 = PCURVE('',#1669,#1903);
#1903 = DEFINITIONAL_REPRESENTATION('',(#1904),#1908);
#1904 = LINE('',#1905,#1906);
#1905 = CARTESIAN_POINT('',(8.620763691318E-03,3.21671391275E-03));
#1906 = VECTOR('',#1907,1.);
#1907 = DIRECTION('',(1.,0.));
#1908 = ( GEOMETRIC_REPRESENTATION_CONTEXT(2) 
PARAMETRIC_REPRESENTATION_CONTEXT() REPRESENTATION_CONTEXT('2D SPACE',''
  ) );
#1909 = ORIENTED_EDGE('',*,*,#1910,.T.);
#1910 = EDGE_CURVE('',#1888,#1911,#1913,.T.);
#1911 = VERTEX_POINT('',#1912);
#1912 = CARTESIAN_POINT('',(37.499993101803,3.216713912751E-03,107.5));
#1913 = SURFACE_CURVE('',#1914,(#1919,#1926),.PCURVE_S1.);
#1914 = HYPERBOLA('',#1915,3.216713912751E-03,3.216713912751E-03);
#1915 = AXIS2_PLACEMENT_3D('',#1916,#1917,#1918);
#1916 = CARTESIAN_POINT('',(36.75,3.216713912751E-03,106.75));
#1917 = DIRECTION('',(0.,-1.,0.));
#1918 = DIRECTION('',(0.,0.,1.));
#1919 = PCURVE('',#1189,#1920);
#1920 = DEFINITIONAL_REPRESENTATION('',(#1921),#1925);
#1921 = HYPERBOLA('',#1922,3.216713912751E-03,3.216713912751E-03);
#1922 = AXIS2_PLACEMENT_2D('',#1923,#1924);
#1923 = CARTESIAN_POINT('',(-47.19585520129,36.732758472617));
#1924 = DIRECTION('',(-1.,0.));
#1925 = ( GEOMETRIC_REPRESENTATION_CONTEXT(2) 
PARAMETRIC_REPRESENTATION_CONTEXT() REPRESENTATION_CONTEXT('2D SPACE',''
  ) );
#1926 = PCURVE('',#1927,#1932);
#1927 = CONICAL_SURFACE('',#1928,0.75,0.785398163397);
#1928 = AXIS2_PLACEMENT_3D('',#1929,#1930,#1931);
#1929 = CARTESIAN_POINT('',(36.75,0.,107.5));
#1930 = DIRECTION('',(0.,0.,1.));
#1931 = DIRECTION('',(0.,1.,0.));
#1932 = DEFINITIONAL_REPRESENTATION('',(#1933),#1942);
#1933 = B_SPLINE_CURVE_WITH_KNOTS('',7,(#1934,#1935,#1936,#1937,#1938,
    #1939,#1940,#1941),.UNSPECIFIED.,.F.,.F.,(8,8),(-7.243471850306,
    -6.144855473805),.PIECEWISE_BEZIER_KNOTS.);
#1934 = CARTESIAN_POINT('',(4.7138186315,1.5));
#1935 = CARTESIAN_POINT('',(4.714043008299,1.146873668431));
#1936 = CARTESIAN_POINT('',(4.714308468868,0.858405688081));
#1937 = CARTESIAN_POINT('',(4.714624041828,0.620390015032));
#1938 = CARTESIAN_POINT('',(4.715001227628,0.422518028688));
#1939 = CARTESIAN_POINT('',(4.715454935295,0.256968348904));
#1940 = CARTESIAN_POINT('',(4.716004815021,0.117707814843));
#1941 = CARTESIAN_POINT('',(4.716677945418,5.551115123126E-16));
#1942 = ( GEOMETRIC_REPRESENTATION_CONTEXT(2) 
PARAMETRIC_REPRESENTATION_CONTEXT() REPRESENTATION_CONTEXT('2D SPACE',''
  ) );
#1943 = ORIENTED_EDGE('',*,*,#1944,.T.);
#1944 = EDGE_CURVE('',#1911,#1945,#1947,.T.);
#1945 = VERTEX_POINT('',#1946);
#1946 = CARTESIAN_POINT('',(37.499993101803,3.216713912751E-03,99.));
#1947 = SURFACE_CURVE('',#1948,(#1952,#1959),.PCURVE_S1.);
#1948 = LINE('',#1949,#1950);
#1949 = CARTESIAN_POINT('',(37.499993101803,3.216713912751E-03,99.));
#1950 = VECTOR('',#1951,1.);
#1951 = DIRECTION('',(0.,0.,-1.));
#1952 = PCURVE('',#1189,#1953);
#1953 = DEFINITIONAL_REPRESENTATION('',(#1954),#1958);
#1954 = LINE('',#1955,#1956);
#1955 = CARTESIAN_POINT('',(-39.44585520129,37.48275157442));
#1956 = VECTOR('',#1957,1.);
#1957 = DIRECTION('',(1.,0.));
#1958 = ( GEOMETRIC_REPRESENTATION_CONTEXT(2) 
PARAMETRIC_REPRESENTATION_CONTEXT() REPRESENTATION_CONTEXT('2D SPACE',''
  ) );
#1959 = PCURVE('',#1960,#1965);
#1960 = CYLINDRICAL_SURFACE('',#1961,0.75);
#1961 = AXIS2_PLACEMENT_3D('',#1962,#1963,#1964);
#1962 = CARTESIAN_POINT('',(36.75,0.,99.));
#1963 = DIRECTION('',(0.,0.,-1.));
#1964 = DIRECTION('',(0.,1.,0.));
#1965 = DEFINITIONAL_REPRESENTATION('',(#1966),#1969);
#1966 = B_SPLINE_CURVE_WITH_KNOTS('',1,(#1967,#1968),.UNSPECIFIED.,.F.,
  .F.,(2,2),(-8.5000006,6.000000070117E-07),.PIECEWISE_BEZIER_KNOTS.);
#1967 = CARTESIAN_POINT('',(1.566507361762,-8.5000006));
#1968 = CARTESIAN_POINT('',(1.566507361762,6.000000070117E-07));
#1969 = ( GEOMETRIC_REPRESENTATION_CONTEXT(2) 
PARAMETRIC_REPRESENTATION_CONTEXT() REPRESENTATION_CONTEXT('2D SPACE',''
  ) );
#1970 = ORIENTED_EDGE('',*,*,#1971,.F.);
#1971 = EDGE_CURVE('',#1972,#1945,#1974,.T.);
#1972 = VERTEX_POINT('',#1973);
#1973 = CARTESIAN_POINT('',(37.795496600522,3.216713912751E-03,
    0.424606236484));
#1974 = SURFACE_CURVE('',#1975,(#2014,#2056),.PCURVE_S1.);
#1975 = B_SPLINE_CURVE_WITH_KNOTS('',7,(#1976,#1977,#1978,#1979,#1980,
    #1981,#1982,#1983,#1984,#1985,#1986,#1987,#1988,#1989,#1990,#1991,
    #1992,#1993,#1994,#1995,#1996,#1997,#1998,#1999,#2000,#2001,#2002,
    #2003,#2004,#2005,#2006,#2007,#2008,#2009,#2010,#2011,#2012,#2013),
  .UNSPECIFIED.,.F.,.F.,(8,6,6,6,6,6,8),(0.,7.444463539427E-02,
    0.19473740372,0.376729374166,0.55863294258,0.969467266241,1.),
  .UNSPECIFIED.);
#1976 = CARTESIAN_POINT('',(37.795496600522,3.216713912751E-03,
    0.424606236484));
#1977 = CARTESIAN_POINT('',(37.784486232802,3.216713912751E-03,
    1.472576124453));
#1978 = CARTESIAN_POINT('',(37.774078252353,3.216713912751E-03,
    2.520527814157));
#1979 = CARTESIAN_POINT('',(37.764298146723,3.216713912751E-03,
    3.568464673152));
#1980 = CARTESIAN_POINT('',(37.755161014797,3.216713912751E-03,
    4.616391443341));
#1981 = CARTESIAN_POINT('',(37.746666482676,3.216713912751E-03,
    5.664313788188));
#1982 = CARTESIAN_POINT('',(37.738798259306,3.216713912751E-03,
    6.712237707624));
#1983 = CARTESIAN_POINT('',(37.719781082469,3.216713912751E-03,
    9.453488076345));
#1984 = CARTESIAN_POINT('',(37.709595891579,3.216713912751E-03,
    11.14682603285));
#1985 = CARTESIAN_POINT('',(37.700855424893,3.216713912751E-03,
    12.840205670887));
#1986 = CARTESIAN_POINT('',(37.693358080667,3.216713912751E-03,
    14.533645750873));
#1987 = CARTESIAN_POINT('',(37.686875443827,3.216713912751E-03,
    16.227154096293));
#1988 = CARTESIAN_POINT('',(37.68121273103,3.216713912751E-03,
    17.920731107828));
#1989 = CARTESIAN_POINT('',(37.668623150032,3.216713912751E-03,
    22.176696158487));
#1990 = CARTESIAN_POINT('',(37.662538157324,3.216713912751E-03,
    24.739168149203));
#1991 = CARTESIAN_POINT('',(37.657369123469,3.216713912751E-03,
    27.30177566164));
#1992 = CARTESIAN_POINT('',(37.652712013809,3.216713912751E-03,
    29.864494001434));
#1993 = CARTESIAN_POINT('',(37.648340621158,3.216713912751E-03,
    32.427300987111));
#1994 = CARTESIAN_POINT('',(37.64409305003,3.216713912751E-03,
    34.990178229651));
#1995 = CARTESIAN_POINT('',(37.635642364291,3.216713912751E-03,
    40.114800560927));
#1996 = CARTESIAN_POINT('',(37.631438885845,3.216713912751E-03,
    42.676546319639));
#1997 = CARTESIAN_POINT('',(37.627152687144,3.216713912751E-03,
    45.238337133044));
#1998 = CARTESIAN_POINT('',(37.622729867682,3.216713912751E-03,
    47.8001633524));
#1999 = CARTESIAN_POINT('',(37.618140714134,3.216713912751E-03,
    50.362017691611));
#2000 = CARTESIAN_POINT('',(37.613366381798,3.216713912751E-03,
    52.923895090678));
#2001 = CARTESIAN_POINT('',(37.597175883693,3.216713912751E-03,
    61.271909627469));
#2002 = CARTESIAN_POINT('',(37.584961951229,3.216713912751E-03,
    67.058122000603));
#2003 = CARTESIAN_POINT('',(37.571648184461,3.216713912751E-03,
    72.844393205691));
#2004 = CARTESIAN_POINT('',(37.557321346263,3.216713912751E-03,
    78.630701117722));
#2005 = CARTESIAN_POINT('',(37.542039039641,3.216713912751E-03,
    84.417032128806));
#2006 = CARTESIAN_POINT('',(37.525881059143,3.216713912751E-03,
    90.203380258518));
#2007 = CARTESIAN_POINT('',(37.507652169882,3.216713912751E-03,
    96.419782179988));
#2008 = CARTESIAN_POINT('',(37.506386666691,3.216713912751E-03,
    96.849818303643));
#2009 = CARTESIAN_POINT('',(37.505116719802,3.216713912751E-03,
    97.279854501635));
#2010 = CARTESIAN_POINT('',(37.503842356905,3.216713912751E-03,
    97.709890772066));
#2011 = CARTESIAN_POINT('',(37.502563605517,3.216713912751E-03,
    98.139927113105));
#2012 = CARTESIAN_POINT('',(37.501280492988,3.216713912751E-03,
    98.569963522984));
#2013 = CARTESIAN_POINT('',(37.4999930465,3.216713912751E-03,99.));
#2014 = PCURVE('',#1189,#2015);
#2015 = DEFINITIONAL_REPRESENTATION('',(#2016),#2055);
#2016 = B_SPLINE_CURVE_WITH_KNOTS('',7,(#2017,#2018,#2019,#2020,#2021,
    #2022,#2023,#2024,#2025,#2026,#2027,#2028,#2029,#2030,#2031,#2032,
    #2033,#2034,#2035,#2036,#2037,#2038,#2039,#2040,#2041,#2042,#2043,
    #2044,#2045,#2046,#2047,#2048,#2049,#2050,#2051,#2052,#2053,#2054),
  .UNSPECIFIED.,.F.,.F.,(8,6,6,6,6,6,8),(0.,7.444463539427E-02,
    0.19473740372,0.376729374166,0.55863294258,0.969467266241,1.),
  .UNSPECIFIED.);
#2017 = CARTESIAN_POINT('',(59.129538562217,37.778255073139));
#2018 = CARTESIAN_POINT('',(58.081568674248,37.767244705419));
#2019 = CARTESIAN_POINT('',(57.033616984544,37.75683672497));
#2020 = CARTESIAN_POINT('',(55.985680125549,37.74705661934));
#2021 = CARTESIAN_POINT('',(54.93775335536,37.737919487414));
#2022 = CARTESIAN_POINT('',(53.889831010513,37.729424955293));
#2023 = CARTESIAN_POINT('',(52.841907091077,37.721556731923));
#2024 = CARTESIAN_POINT('',(50.100656722356,37.702539555086));
#2025 = CARTESIAN_POINT('',(48.407318765851,37.692354364196));
#2026 = CARTESIAN_POINT('',(46.713939127814,37.68361389751));
#2027 = CARTESIAN_POINT('',(45.020499047828,37.676116553284));
#2028 = CARTESIAN_POINT('',(43.326990702408,37.669633916444));
#2029 = CARTESIAN_POINT('',(41.633413690873,37.663971203647));
#2030 = CARTESIAN_POINT('',(37.377448640214,37.651381622649));
#2031 = CARTESIAN_POINT('',(34.814976649498,37.645296629941));
#2032 = CARTESIAN_POINT('',(32.252369137061,37.640127596086));
#2033 = CARTESIAN_POINT('',(29.689650797267,37.635470486426));
#2034 = CARTESIAN_POINT('',(27.12684381159,37.631099093775));
#2035 = CARTESIAN_POINT('',(24.56396656905,37.626851522647));
#2036 = CARTESIAN_POINT('',(19.439344237774,37.618400836908));
#2037 = CARTESIAN_POINT('',(16.877598479062,37.614197358462));
#2038 = CARTESIAN_POINT('',(14.315807665657,37.609911159761));
#2039 = CARTESIAN_POINT('',(11.753981446301,37.605488340299));
#2040 = CARTESIAN_POINT('',(9.19212710709,37.600899186751));
#2041 = CARTESIAN_POINT('',(6.630249708023,37.596124854415));
#2042 = CARTESIAN_POINT('',(-1.717764828768,37.57993435631));
#2043 = CARTESIAN_POINT('',(-7.503977201902,37.567720423846));
#2044 = CARTESIAN_POINT('',(-13.29024840699,37.554406657078));
#2045 = CARTESIAN_POINT('',(-19.07655631902,37.54007981888));
#2046 = CARTESIAN_POINT('',(-24.8628873301,37.524797512258));
#2047 = CARTESIAN_POINT('',(-30.64923545981,37.50863953176));
#2048 = CARTESIAN_POINT('',(-36.86563738128,37.490410642499));
#2049 = CARTESIAN_POINT('',(-37.29567350494,37.489145139308));
#2050 = CARTESIAN_POINT('',(-37.72570970293,37.487875192419));
#2051 = CARTESIAN_POINT('',(-38.15574597336,37.486600829522));
#2052 = CARTESIAN_POINT('',(-38.5857823144,37.485322078134));
#2053 = CARTESIAN_POINT('',(-39.01581872428,37.484038965605));
#2054 = CARTESIAN_POINT('',(-39.44585520129,37.482751519117));
#2055 = ( GEOMETRIC_REPRESENTATION_CONTEXT(2) 
PARAMETRIC_REPRESENTATION_CONTEXT() REPRESENTATION_CONTEXT('2D SPACE',''
  ) );
#2056 = PCURVE('',#1380,#2057);
#2057 = DEFINITIONAL_REPRESENTATION('',(#2058),#2097);
#2058 = B_SPLINE_CURVE_WITH_KNOTS('',7,(#2059,#2060,#2061,#2062,#2063,
    #2064,#2065,#2066,#2067,#2068,#2069,#2070,#2071,#2072,#2073,#2074,
    #2075,#2076,#2077,#2078,#2079,#2080,#2081,#2082,#2083,#2084,#2085,
    #2086,#2087,#2088,#2089,#2090,#2091,#2092,#2093,#2094,#2095,#2096),
  .UNSPECIFIED.,.F.,.F.,(8,6,6,6,6,6,8),(0.,7.444463539427E-02,
    0.19473740372,0.376729374166,0.55863294258,0.969467266241,1.),
  .UNSPECIFIED.);
#2059 = CARTESIAN_POINT('',(6.28318530718,4.28895188368E-03));
#2060 = CARTESIAN_POINT('',(6.250709797006,1.487450630761E-02));
#2061 = CARTESIAN_POINT('',(6.21744557306,2.545987691068E-02));
#2062 = CARTESIAN_POINT('',(6.183525931298,3.604509770861E-02));
#2063 = CARTESIAN_POINT('',(6.149120208428,4.66302165994E-02));
#2064 = CARTESIAN_POINT('',(6.114421607825,5.721529078978E-02));
#2065 = CARTESIAN_POINT('',(6.079629603808,6.780038088509E-02));
#2066 = CARTESIAN_POINT('',(5.98885194505,9.548977854894E-02));
#2067 = CARTESIAN_POINT('',(5.933010724573,0.112594202352));
#2068 = CARTESIAN_POINT('',(5.878175818595,0.129699047181));
#2069 = CARTESIAN_POINT('',(5.825030734921,0.146804502534));
#2070 = CARTESIAN_POINT('',(5.77395167175,0.163910647437));
#2071 = CARTESIAN_POINT('',(5.725114306725,0.181017485938));
#2072 = CARTESIAN_POINT('',(5.608146931779,0.224007031904));
#2073 = CARTESIAN_POINT('',(5.542969015149,0.249890587366));
#2074 = CARTESIAN_POINT('',(5.483204952483,0.275775511734));
#2075 = CARTESIAN_POINT('',(5.428342744793,0.30166155557));
#2076 = CARTESIAN_POINT('',(5.37784971102,0.327548494819));
#2077 = CARTESIAN_POINT('',(5.331222311046,0.353436143734));
#2078 = CARTESIAN_POINT('',(5.244832386812,0.405200005666));
#2079 = CARTESIAN_POINT('',(5.205066841876,0.431076225451));
#2080 = CARTESIAN_POINT('',(5.168275287732,0.456952900334));
#2081 = CARTESIAN_POINT('',(5.134077994546,0.482829932853));
#2082 = CARTESIAN_POINT('',(5.102161212276,0.50870724941));
#2083 = CARTESIAN_POINT('',(5.072268105382,0.534584798896));
#2084 = CARTESIAN_POINT('',(4.980741720974,0.618908178055));
#2085 = CARTESIAN_POINT('',(4.926511109839,0.677354767683));
#2086 = CARTESIAN_POINT('',(4.878980141188,0.735801951573));
#2087 = CARTESIAN_POINT('',(4.836719326568,0.794249506239));
#2088 = CARTESIAN_POINT('',(4.798713229686,0.85269729423));
#2089 = CARTESIAN_POINT('',(4.764235289529,0.911145255137));
#2090 = CARTESIAN_POINT('',(4.730389192199,0.973937193737));
#2091 = CARTESIAN_POINT('',(4.728064221807,0.978280992966));
#2092 = CARTESIAN_POINT('',(4.725755447295,0.982624792946));
#2093 = CARTESIAN_POINT('',(4.723462646713,0.986968593657));
#2094 = CARTESIAN_POINT('',(4.721185603214,0.991312395082));
#2095 = CARTESIAN_POINT('',(4.718924105047,0.995656197202));
#2096 = CARTESIAN_POINT('',(4.716677945562,1.));
#2097 = ( GEOMETRIC_REPRESENTATION_CONTEXT(2) 
PARAMETRIC_REPRESENTATION_CONTEXT() REPRESENTATION_CONTEXT('2D SPACE',''
  ) );
#2098 = ORIENTED_EDGE('',*,*,#2099,.F.);
#2099 = EDGE_CURVE('',#1293,#1972,#2100,.T.);
#2100 = SURFACE_CURVE('',#2101,(#2107,#2116),.PCURVE_S1.);
#2101 = B_SPLINE_CURVE_WITH_KNOTS('',4,(#2102,#2103,#2104,#2105,#2106),
  .UNSPECIFIED.,.F.,.F.,(5,5),(0.,1.),.PIECEWISE_BEZIER_KNOTS.);
#2102 = CARTESIAN_POINT('',(37.799999863132,3.216713912751E-03,0.));
#2103 = CARTESIAN_POINT('',(37.798871932963,3.216713912751E-03,
    0.106151546809));
#2104 = CARTESIAN_POINT('',(37.797745406425,3.216713912751E-03,
    0.212303101828));
#2105 = CARTESIAN_POINT('',(37.796620292549,3.216713912751E-03,
    0.318454665056));
#2106 = CARTESIAN_POINT('',(37.795496600522,3.216713912751E-03,
    0.424606236484));
#2107 = PCURVE('',#1189,#2108);
#2108 = DEFINITIONAL_REPRESENTATION('',(#2109),#2115);
#2109 = B_SPLINE_CURVE_WITH_KNOTS('',4,(#2110,#2111,#2112,#2113,#2114),
  .UNSPECIFIED.,.F.,.F.,(5,5),(0.,1.),.PIECEWISE_BEZIER_KNOTS.);
#2110 = CARTESIAN_POINT('',(59.554144798701,37.782758335749));
#2111 = CARTESIAN_POINT('',(59.447993251892,37.78163040558));
#2112 = CARTESIAN_POINT('',(59.341841696873,37.780503879042));
#2113 = CARTESIAN_POINT('',(59.235690133645,37.779378765166));
#2114 = CARTESIAN_POINT('',(59.129538562217,37.778255073139));
#2115 = ( GEOMETRIC_REPRESENTATION_CONTEXT(2) 
PARAMETRIC_REPRESENTATION_CONTEXT() REPRESENTATION_CONTEXT('2D SPACE',''
  ) );
#2116 = PCURVE('',#1332,#2117);
#2117 = DEFINITIONAL_REPRESENTATION('',(#2118),#2124);
#2118 = B_SPLINE_CURVE_WITH_KNOTS('',4,(#2119,#2120,#2121,#2122,#2123),
  .UNSPECIFIED.,.F.,.F.,(5,5),(0.,1.),.PIECEWISE_BEZIER_KNOTS.);
#2119 = CARTESIAN_POINT('',(-73.49799604417,0.));
#2120 = CARTESIAN_POINT('',(-73.49849488436,1.072237846559E-03));
#2121 = CARTESIAN_POINT('',(-73.49899515091,2.144475776043E-03));
#2122 = CARTESIAN_POINT('',(-73.49949685301,3.216713788446E-03));
#2123 = CARTESIAN_POINT('',(-73.5,4.288951883677E-03));
#2124 = ( GEOMETRIC_REPRESENTATION_CONTEXT(2) 
PARAMETRIC_REPRESENTATION_CONTEXT() REPRESENTATION_CONTEXT('2D SPACE',''
  ) );
#2125 = ORIENTED_EDGE('',*,*,#1292,.T.);
#2126 = ADVANCED_FACE('',(#2127),#1332,.F.);
#2127 = FACE_BOUND('',#2128,.F.);
#2128 = EDGE_LOOP('',(#2129,#2149,#2150));
#2129 = ORIENTED_EDGE('',*,*,#2130,.F.);
#2130 = EDGE_CURVE('',#1316,#1972,#2131,.T.);
#2131 = SURFACE_CURVE('',#2132,(#2135,#2142),.PCURVE_S1.);
#2132 = B_SPLINE_CURVE_WITH_KNOTS('',1,(#2133,#2134),.UNSPECIFIED.,.F.,
  .F.,(2,2),(0.,1.),.PIECEWISE_BEZIER_KNOTS.);
#2133 = CARTESIAN_POINT('',(37.8,-7.105427357601E-15,0.));
#2134 = CARTESIAN_POINT('',(36.75,0.75,99.));
#2135 = PCURVE('',#1332,#2136);
#2136 = DEFINITIONAL_REPRESENTATION('',(#2137),#2141);
#2137 = LINE('',#2138,#2139);
#2138 = CARTESIAN_POINT('',(-73.5,0.));
#2139 = VECTOR('',#2140,1.);
#2140 = DIRECTION('',(0.,1.));
#2141 = ( GEOMETRIC_REPRESENTATION_CONTEXT(2) 
PARAMETRIC_REPRESENTATION_CONTEXT() REPRESENTATION_CONTEXT('2D SPACE',''
  ) );
#2142 = PCURVE('',#1380,#2143);
#2143 = DEFINITIONAL_REPRESENTATION('',(#2144),#2148);
#2144 = LINE('',#2145,#2146);
#2145 = CARTESIAN_POINT('',(6.28318530718,0.));
#2146 = VECTOR('',#2147,1.);
#2147 = DIRECTION('',(0.,1.));
#2148 = ( GEOMETRIC_REPRESENTATION_CONTEXT(2) 
PARAMETRIC_REPRESENTATION_CONTEXT() REPRESENTATION_CONTEXT('2D SPACE',''
  ) );
#2149 = ORIENTED_EDGE('',*,*,#1315,.T.);
#2150 = ORIENTED_EDGE('',*,*,#2099,.T.);
#2151 = ADVANCED_FACE('',(#2152),#1380,.F.);
#2152 = FACE_BOUND('',#2153,.F.);
#2153 = EDGE_LOOP('',(#2154,#2176,#2177,#2178,#2179));
#2154 = ORIENTED_EDGE('',*,*,#2155,.F.);
#2155 = EDGE_CURVE('',#1364,#2156,#2158,.T.);
#2156 = VERTEX_POINT('',#2157);
#2157 = CARTESIAN_POINT('',(36.75,-0.75,99.));
#2158 = SURFACE_CURVE('',#2159,(#2162,#2169),.PCURVE_S1.);
#2159 = B_SPLINE_CURVE_WITH_KNOTS('',1,(#2160,#2161),.UNSPECIFIED.,.F.,
  .F.,(2,2),(0.,1.),.PIECEWISE_BEZIER_KNOTS.);
#2160 = CARTESIAN_POINT('',(37.792130737918,-0.771267974243,0.));
#2161 = CARTESIAN_POINT('',(36.75,-0.75,99.));
#2162 = PCURVE('',#1380,#2163);
#2163 = DEFINITIONAL_REPRESENTATION('',(#2164),#2168);
#2164 = LINE('',#2165,#2166);
#2165 = CARTESIAN_POINT('',(3.14159265359,0.));
#2166 = VECTOR('',#2167,1.);
#2167 = DIRECTION('',(0.,1.));
#2168 = ( GEOMETRIC_REPRESENTATION_CONTEXT(2) 
PARAMETRIC_REPRESENTATION_CONTEXT() REPRESENTATION_CONTEXT('2D SPACE',''
  ) );
#2169 = PCURVE('',#1424,#2170);
#2170 = DEFINITIONAL_REPRESENTATION('',(#2171),#2175);
#2171 = LINE('',#2172,#2173);
#2172 = CARTESIAN_POINT('',(0.,0.));
#2173 = VECTOR('',#2174,1.);
#2174 = DIRECTION('',(0.,1.));
#2175 = ( GEOMETRIC_REPRESENTATION_CONTEXT(2) 
PARAMETRIC_REPRESENTATION_CONTEXT() REPRESENTATION_CONTEXT('2D SPACE',''
  ) );
#2176 = ORIENTED_EDGE('',*,*,#1363,.T.);
#2177 = ORIENTED_EDGE('',*,*,#2130,.T.);
#2178 = ORIENTED_EDGE('',*,*,#1971,.T.);
#2179 = ORIENTED_EDGE('',*,*,#2180,.T.);
#2180 = EDGE_CURVE('',#1945,#2156,#2181,.T.);
#2181 = SURFACE_CURVE('',#2182,(#2187,#2194),.PCURVE_S1.);
#2182 = CIRCLE('',#2183,0.75);
#2183 = AXIS2_PLACEMENT_3D('',#2184,#2185,#2186);
#2184 = CARTESIAN_POINT('',(36.75,0.,99.));
#2185 = DIRECTION('',(0.,0.,-1.));
#2186 = DIRECTION('',(0.,1.,0.));
#2187 = PCURVE('',#1380,#2188);
#2188 = DEFINITIONAL_REPRESENTATION('',(#2189),#2193);
#2189 = LINE('',#2190,#2191);
#2190 = CARTESIAN_POINT('',(6.28318530718,1.));
#2191 = VECTOR('',#2192,1.);
#2192 = DIRECTION('',(-1.,0.));
#2193 = ( GEOMETRIC_REPRESENTATION_CONTEXT(2) 
PARAMETRIC_REPRESENTATION_CONTEXT() REPRESENTATION_CONTEXT('2D SPACE',''
  ) );
#2194 = PCURVE('',#1960,#2195);
#2195 = DEFINITIONAL_REPRESENTATION('',(#2196),#2199);
#2196 = B_SPLINE_CURVE_WITH_KNOTS('',1,(#2197,#2198),.UNSPECIFIED.,.F.,
  .F.,(2,2),(0.,3.14159265359),.PIECEWISE_BEZIER_KNOTS.);
#2197 = CARTESIAN_POINT('',(0.,0.));
#2198 = CARTESIAN_POINT('',(3.14159265359,0.));
#2199 = ( GEOMETRIC_REPRESENTATION_CONTEXT(2) 
PARAMETRIC_REPRESENTATION_CONTEXT() REPRESENTATION_CONTEXT('2D SPACE',''
  ) );
#2200 = ADVANCED_FACE('',(#2201),#1424,.F.);
#2201 = FACE_BOUND('',#2202,.F.);
#2202 = EDGE_LOOP('',(#2203,#2204,#2205,#2233));
#2203 = ORIENTED_EDGE('',*,*,#1407,.T.);
#2204 = ORIENTED_EDGE('',*,*,#2155,.T.);
#2205 = ORIENTED_EDGE('',*,*,#2206,.T.);
#2206 = EDGE_CURVE('',#2156,#2207,#2209,.T.);
#2207 = VERTEX_POINT('',#2208);
#2208 = CARTESIAN_POINT('',(-36.75,-0.75,99.));
#2209 = SURFACE_CURVE('',#2210,(#2214,#2221),.PCURVE_S1.);
#2210 = LINE('',#2211,#2212);
#2211 = CARTESIAN_POINT('',(36.75,-0.75,99.));
#2212 = VECTOR('',#2213,1.);
#2213 = DIRECTION('',(-1.,0.,0.));
#2214 = PCURVE('',#1424,#2215);
#2215 = DEFINITIONAL_REPRESENTATION('',(#2216),#2220);
#2216 = LINE('',#2217,#2218);
#2217 = CARTESIAN_POINT('',(0.,1.));
#2218 = VECTOR('',#2219,1.);
#2219 = DIRECTION('',(-1.,0.));
#2220 = ( GEOMETRIC_REPRESENTATION_CONTEXT(2) 
PARAMETRIC_REPRESENTATION_CONTEXT() REPRESENTATION_CONTEXT('2D SPACE',''
  ) );
#2221 = PCURVE('',#2222,#2227);
#2222 = PLANE('',#2223);
#2223 = AXIS2_PLACEMENT_3D('',#2224,#2225,#2226);
#2224 = CARTESIAN_POINT('',(36.75,-0.75,99.));
#2225 = DIRECTION('',(0.,-1.,0.));
#2226 = DIRECTION('',(-1.,0.,0.));
#2227 = DEFINITIONAL_REPRESENTATION('',(#2228),#2232);
#2228 = LINE('',#2229,#2230);
#2229 = CARTESIAN_POINT('',(0.,-0.));
#2230 = VECTOR('',#2231,1.);
#2231 = DIRECTION('',(1.,0.));
#2232 = ( GEOMETRIC_REPRESENTATION_CONTEXT(2) 
PARAMETRIC_REPRESENTATION_CONTEXT() REPRESENTATION_CONTEXT('2D SPACE',''
  ) );
#2233 = ORIENTED_EDGE('',*,*,#2234,.F.);
#2234 = EDGE_CURVE('',#1408,#2207,#2235,.T.);
#2235 = SURFACE_CURVE('',#2236,(#2239,#2246),.PCURVE_S1.);
#2236 = B_SPLINE_CURVE_WITH_KNOTS('',1,(#2237,#2238),.UNSPECIFIED.,.F.,
  .F.,(2,2),(0.,1.),.PIECEWISE_BEZIER_KNOTS.);
#2237 = CARTESIAN_POINT('',(-37.79213073791,-0.771267974243,0.));
#2238 = CARTESIAN_POINT('',(-36.75,-0.75,99.));
#2239 = PCURVE('',#1424,#2240);
#2240 = DEFINITIONAL_REPRESENTATION('',(#2241),#2245);
#2241 = LINE('',#2242,#2243);
#2242 = CARTESIAN_POINT('',(-73.5,0.));
#2243 = VECTOR('',#2244,1.);
#2244 = DIRECTION('',(0.,1.));
#2245 = ( GEOMETRIC_REPRESENTATION_CONTEXT(2) 
PARAMETRIC_REPRESENTATION_CONTEXT() REPRESENTATION_CONTEXT('2D SPACE',''
  ) );
#2246 = PCURVE('',#1472,#2247);
#2247 = DEFINITIONAL_REPRESENTATION('',(#2248),#2252);
#2248 = LINE('',#2249,#2250);
#2249 = CARTESIAN_POINT('',(6.28318530718,0.));
#2250 = VECTOR('',#2251,1.);
#2251 = DIRECTION('',(0.,1.));
#2252 = ( GEOMETRIC_REPRESENTATION_CONTEXT(2) 
PARAMETRIC_REPRESENTATION_CONTEXT() REPRESENTATION_CONTEXT('2D SPACE',''
  ) );
#2253 = ADVANCED_FACE('',(#2254),#1472,.F.);
#2254 = FACE_BOUND('',#2255,.F.);
#2255 = EDGE_LOOP('',(#2256,#2257,#2258,#2259));
#2256 = ORIENTED_EDGE('',*,*,#1548,.F.);
#2257 = ORIENTED_EDGE('',*,*,#1455,.T.);
#2258 = ORIENTED_EDGE('',*,*,#2234,.T.);
#2259 = ORIENTED_EDGE('',*,*,#2260,.T.);
#2260 = EDGE_CURVE('',#2207,#1549,#2261,.T.);
#2261 = SURFACE_CURVE('',#2262,(#2267,#2274),.PCURVE_S1.);
#2262 = CIRCLE('',#2263,0.75);
#2263 = AXIS2_PLACEMENT_3D('',#2264,#2265,#2266);
#2264 = CARTESIAN_POINT('',(-36.75,0.,99.));
#2265 = DIRECTION('',(-0.,-0.,-1.));
#2266 = DIRECTION('',(0.,-1.,0.));
#2267 = PCURVE('',#1472,#2268);
#2268 = DEFINITIONAL_REPRESENTATION('',(#2269),#2273);
#2269 = LINE('',#2270,#2271);
#2270 = CARTESIAN_POINT('',(6.28318530718,1.));
#2271 = VECTOR('',#2272,1.);
#2272 = DIRECTION('',(-1.,0.));
#2273 = ( GEOMETRIC_REPRESENTATION_CONTEXT(2) 
PARAMETRIC_REPRESENTATION_CONTEXT() REPRESENTATION_CONTEXT('2D SPACE',''
  ) );
#2274 = PCURVE('',#1608,#2275);
#2275 = DEFINITIONAL_REPRESENTATION('',(#2276),#2279);
#2276 = B_SPLINE_CURVE_WITH_KNOTS('',1,(#2277,#2278),.UNSPECIFIED.,.F.,
  .F.,(2,2),(0.,3.14159265359),.PIECEWISE_BEZIER_KNOTS.);
#2277 = CARTESIAN_POINT('',(0.,0.));
#2278 = CARTESIAN_POINT('',(3.14159265359,0.));
#2279 = ( GEOMETRIC_REPRESENTATION_CONTEXT(2) 
PARAMETRIC_REPRESENTATION_CONTEXT() REPRESENTATION_CONTEXT('2D SPACE',''
  ) );
#2280 = ADVANCED_FACE('',(#2281),#1750,.T.);
#2281 = FACE_BOUND('',#2282,.T.);
#2282 = EDGE_LOOP('',(#2283,#2284,#2306,#2307));
#2283 = ORIENTED_EDGE('',*,*,#1820,.F.);
#2284 = ORIENTED_EDGE('',*,*,#2285,.F.);
#2285 = EDGE_CURVE('',#1709,#1821,#2286,.T.);
#2286 = SURFACE_CURVE('',#2287,(#2292,#2299),.PCURVE_S1.);
#2287 = CIRCLE('',#2288,44.75);
#2288 = AXIS2_PLACEMENT_3D('',#2289,#2290,#2291);
#2289 = CARTESIAN_POINT('',(0.,0.,80.7));
#2290 = DIRECTION('',(0.,0.,1.));
#2291 = DIRECTION('',(-0.999999997416,7.188187514554E-05,0.));
#2292 = PCURVE('',#1750,#2293);
#2293 = DEFINITIONAL_REPRESENTATION('',(#2294),#2298);
#2294 = LINE('',#2295,#2296);
#2295 = CARTESIAN_POINT('',(3.141664535465,-10.8));
#2296 = VECTOR('',#2297,1.);
#2297 = DIRECTION('',(-1.,0.));
#2298 = ( GEOMETRIC_REPRESENTATION_CONTEXT(2) 
PARAMETRIC_REPRESENTATION_CONTEXT() REPRESENTATION_CONTEXT('2D SPACE',''
  ) );
#2299 = PCURVE('',#1724,#2300);
#2300 = DEFINITIONAL_REPRESENTATION('',(#2301),#2305);
#2301 = CIRCLE('',#2302,44.75);
#2302 = AXIS2_PLACEMENT_2D('',#2303,#2304);
#2303 = CARTESIAN_POINT('',(2.933502854163E-15,-4.040240899597E-15));
#2304 = DIRECTION('',(-0.999999997416,7.188187514554E-05));
#2305 = ( GEOMETRIC_REPRESENTATION_CONTEXT(2) 
PARAMETRIC_REPRESENTATION_CONTEXT() REPRESENTATION_CONTEXT('2D SPACE',''
  ) );
#2306 = ORIENTED_EDGE('',*,*,#1736,.T.);
#2307 = ORIENTED_EDGE('',*,*,#1789,.F.);
#2308 = ADVANCED_FACE('',(#2309),#1724,.T.);
#2309 = FACE_BOUND('',#2310,.T.);
#2310 = EDGE_LOOP('',(#2311,#2312,#2313,#2335));
#2311 = ORIENTED_EDGE('',*,*,#2285,.T.);
#2312 = ORIENTED_EDGE('',*,*,#1842,.F.);
#2313 = ORIENTED_EDGE('',*,*,#2314,.F.);
#2314 = EDGE_CURVE('',#1682,#1843,#2315,.T.);
#2315 = SURFACE_CURVE('',#2316,(#2321,#2328),.PCURVE_S1.);
#2316 = CIRCLE('',#2317,39.75);
#2317 = AXIS2_PLACEMENT_3D('',#2318,#2319,#2320);
#2318 = CARTESIAN_POINT('',(0.,0.,80.7));
#2319 = DIRECTION('',(0.,0.,1.));
#2320 = DIRECTION('',(-0.999999996726,8.092362044654E-05,0.));
#2321 = PCURVE('',#1724,#2322);
#2322 = DEFINITIONAL_REPRESENTATION('',(#2323),#2327);
#2323 = CIRCLE('',#2324,39.75);
#2324 = AXIS2_PLACEMENT_2D('',#2325,#2326);
#2325 = CARTESIAN_POINT('',(2.933502854163E-15,-4.040240899597E-15));
#2326 = DIRECTION('',(-0.999999996726,8.092362044654E-05));
#2327 = ( GEOMETRIC_REPRESENTATION_CONTEXT(2) 
PARAMETRIC_REPRESENTATION_CONTEXT() REPRESENTATION_CONTEXT('2D SPACE',''
  ) );
#2328 = PCURVE('',#1697,#2329);
#2329 = DEFINITIONAL_REPRESENTATION('',(#2330),#2334);
#2330 = LINE('',#2331,#2332);
#2331 = CARTESIAN_POINT('',(3.141673577211,0.));
#2332 = VECTOR('',#2333,1.);
#2333 = DIRECTION('',(-1.,0.));
#2334 = ( GEOMETRIC_REPRESENTATION_CONTEXT(2) 
PARAMETRIC_REPRESENTATION_CONTEXT() REPRESENTATION_CONTEXT('2D SPACE',''
  ) );
#2335 = ORIENTED_EDGE('',*,*,#1708,.F.);
#2336 = ADVANCED_FACE('',(#2337),#1697,.T.);
#2337 = FACE_BOUND('',#2338,.T.);
#2338 = EDGE_LOOP('',(#2339,#2340,#2362,#2363));
#2339 = ORIENTED_EDGE('',*,*,#1865,.F.);
#2340 = ORIENTED_EDGE('',*,*,#2341,.F.);
#2341 = EDGE_CURVE('',#1654,#1866,#2342,.T.);
#2342 = SURFACE_CURVE('',#2343,(#2348,#2355),.PCURVE_S1.);
#2343 = CIRCLE('',#2344,39.75);
#2344 = AXIS2_PLACEMENT_3D('',#2345,#2346,#2347);
#2345 = CARTESIAN_POINT('',(0.,0.,109.));
#2346 = DIRECTION('',(0.,0.,1.));
#2347 = DIRECTION('',(-0.999999996726,8.092362044654E-05,0.));
#2348 = PCURVE('',#1697,#2349);
#2349 = DEFINITIONAL_REPRESENTATION('',(#2350),#2354);
#2350 = LINE('',#2351,#2352);
#2351 = CARTESIAN_POINT('',(3.141673577211,-28.3));
#2352 = VECTOR('',#2353,1.);
#2353 = DIRECTION('',(-1.,0.));
#2354 = ( GEOMETRIC_REPRESENTATION_CONTEXT(2) 
PARAMETRIC_REPRESENTATION_CONTEXT() REPRESENTATION_CONTEXT('2D SPACE',''
  ) );
#2355 = PCURVE('',#1669,#2356);
#2356 = DEFINITIONAL_REPRESENTATION('',(#2357),#2361);
#2357 = CIRCLE('',#2358,39.75);
#2358 = AXIS2_PLACEMENT_2D('',#2359,#2360);
#2359 = CARTESIAN_POINT('',(4.403329231825E-15,-5.790076070423E-16));
#2360 = DIRECTION('',(-0.999999996726,8.092362044654E-05));
#2361 = ( GEOMETRIC_REPRESENTATION_CONTEXT(2) 
PARAMETRIC_REPRESENTATION_CONTEXT() REPRESENTATION_CONTEXT('2D SPACE',''
  ) );
#2362 = ORIENTED_EDGE('',*,*,#1681,.T.);
#2363 = ORIENTED_EDGE('',*,*,#2314,.T.);
#2364 = ADVANCED_FACE('',(#2365),#1669,.T.);
#2365 = FACE_BOUND('',#2366,.T.);
#2366 = EDGE_LOOP('',(#2367,#2368,#2369,#2397,#2425,#2451));
#2367 = ORIENTED_EDGE('',*,*,#2341,.T.);
#2368 = ORIENTED_EDGE('',*,*,#1887,.F.);
#2369 = ORIENTED_EDGE('',*,*,#2370,.T.);
#2370 = EDGE_CURVE('',#1888,#2371,#2373,.T.);
#2371 = VERTEX_POINT('',#2372);
#2372 = CARTESIAN_POINT('',(36.75,-2.25,109.));
#2373 = SURFACE_CURVE('',#2374,(#2379,#2390),.PCURVE_S1.);
#2374 = CIRCLE('',#2375,2.25);
#2375 = AXIS2_PLACEMENT_3D('',#2376,#2377,#2378);
#2376 = CARTESIAN_POINT('',(36.75,0.,109.));
#2377 = DIRECTION('',(0.,0.,-1.));
#2378 = DIRECTION('',(0.,1.,0.));
#2379 = PCURVE('',#1669,#2380);
#2380 = DEFINITIONAL_REPRESENTATION('',(#2381),#2389);
#2381 = ( BOUNDED_CURVE() B_SPLINE_CURVE(2,(#2382,#2383,#2384,#2385,
#2386,#2387,#2388),.UNSPECIFIED.,.T.,.F.) B_SPLINE_CURVE_WITH_KNOTS((1,2
    ,2,2,2,1),(-2.094395102393,0.,2.094395102393,4.188790204786,
6.28318530718,8.377580409573),.UNSPECIFIED.) CURVE() 
GEOMETRIC_REPRESENTATION_ITEM() RATIONAL_B_SPLINE_CURVE((1.,0.5,1.,0.5,
1.,0.5,1.)) REPRESENTATION_ITEM('') );
#2382 = CARTESIAN_POINT('',(36.75,2.25));
#2383 = CARTESIAN_POINT('',(40.64711431703,2.25));
#2384 = CARTESIAN_POINT('',(38.698557158515,-1.125));
#2385 = CARTESIAN_POINT('',(36.75,-4.5));
#2386 = CARTESIAN_POINT('',(34.801442841485,-1.125));
#2387 = CARTESIAN_POINT('',(32.85288568297,2.25));
#2388 = CARTESIAN_POINT('',(36.75,2.25));
#2389 = ( GEOMETRIC_REPRESENTATION_CONTEXT(2) 
PARAMETRIC_REPRESENTATION_CONTEXT() REPRESENTATION_CONTEXT('2D SPACE',''
  ) );
#2390 = PCURVE('',#1927,#2391);
#2391 = DEFINITIONAL_REPRESENTATION('',(#2392),#2396);
#2392 = LINE('',#2393,#2394);
#2393 = CARTESIAN_POINT('',(6.28318530718,1.5));
#2394 = VECTOR('',#2395,1.);
#2395 = DIRECTION('',(-1.,0.));
#2396 = ( GEOMETRIC_REPRESENTATION_CONTEXT(2) 
PARAMETRIC_REPRESENTATION_CONTEXT() REPRESENTATION_CONTEXT('2D SPACE',''
  ) );
#2397 = ORIENTED_EDGE('',*,*,#2398,.T.);
#2398 = EDGE_CURVE('',#2371,#2399,#2401,.T.);
#2399 = VERTEX_POINT('',#2400);
#2400 = CARTESIAN_POINT('',(-36.75,-2.25,109.));
#2401 = SURFACE_CURVE('',#2402,(#2406,#2413),.PCURVE_S1.);
#2402 = LINE('',#2403,#2404);
#2403 = CARTESIAN_POINT('',(36.75,-2.25,109.));
#2404 = VECTOR('',#2405,1.);
#2405 = DIRECTION('',(-1.,0.,0.));
#2406 = PCURVE('',#1669,#2407);
#2407 = DEFINITIONAL_REPRESENTATION('',(#2408),#2412);
#2408 = LINE('',#2409,#2410);
#2409 = CARTESIAN_POINT('',(36.75,-2.25));
#2410 = VECTOR('',#2411,1.);
#2411 = DIRECTION('',(-1.,0.));
#2412 = ( GEOMETRIC_REPRESENTATION_CONTEXT(2) 
PARAMETRIC_REPRESENTATION_CONTEXT() REPRESENTATION_CONTEXT('2D SPACE',''
  ) );
#2413 = PCURVE('',#2414,#2419);
#2414 = PLANE('',#2415);
#2415 = AXIS2_PLACEMENT_3D('',#2416,#2417,#2418);
#2416 = CARTESIAN_POINT('',(36.75,-2.25,109.));
#2417 = DIRECTION('',(0.,0.707106781187,0.707106781187));
#2418 = DIRECTION('',(-1.,0.,0.));
#2419 = DEFINITIONAL_REPRESENTATION('',(#2420),#2424);
#2420 = LINE('',#2421,#2422);
#2421 = CARTESIAN_POINT('',(0.,0.));
#2422 = VECTOR('',#2423,1.);
#2423 = DIRECTION('',(1.,0.));
#2424 = ( GEOMETRIC_REPRESENTATION_CONTEXT(2) 
PARAMETRIC_REPRESENTATION_CONTEXT() REPRESENTATION_CONTEXT('2D SPACE',''
  ) );
#2425 = ORIENTED_EDGE('',*,*,#2426,.T.);
#2426 = EDGE_CURVE('',#2399,#1620,#2427,.T.);
#2427 = SURFACE_CURVE('',#2428,(#2433,#2444),.PCURVE_S1.);
#2428 = CIRCLE('',#2429,2.25);
#2429 = AXIS2_PLACEMENT_3D('',#2430,#2431,#2432);
#2430 = CARTESIAN_POINT('',(-36.75,0.,109.));
#2431 = DIRECTION('',(-0.,-0.,-1.));
#2432 = DIRECTION('',(0.,-1.,0.));
#2433 = PCURVE('',#1669,#2434);
#2434 = DEFINITIONAL_REPRESENTATION('',(#2435),#2443);
#2435 = ( BOUNDED_CURVE() B_SPLINE_CURVE(2,(#2436,#2437,#2438,#2439,
#2440,#2441,#2442),.UNSPECIFIED.,.T.,.F.) B_SPLINE_CURVE_WITH_KNOTS((1,2
    ,2,2,2,1),(-2.094395102393,0.,2.094395102393,4.188790204786,
6.28318530718,8.377580409573),.UNSPECIFIED.) CURVE() 
GEOMETRIC_REPRESENTATION_ITEM() RATIONAL_B_SPLINE_CURVE((1.,0.5,1.,0.5,
1.,0.5,1.)) REPRESENTATION_ITEM('') );
#2436 = CARTESIAN_POINT('',(-36.75,-2.25));
#2437 = CARTESIAN_POINT('',(-40.64711431703,-2.25));
#2438 = CARTESIAN_POINT('',(-38.69855715851,1.125));
#2439 = CARTESIAN_POINT('',(-36.75,4.5));
#2440 = CARTESIAN_POINT('',(-34.80144284148,1.125));
#2441 = CARTESIAN_POINT('',(-32.85288568297,-2.25));
#2442 = CARTESIAN_POINT('',(-36.75,-2.25));
#2443 = ( GEOMETRIC_REPRESENTATION_CONTEXT(2) 
PARAMETRIC_REPRESENTATION_CONTEXT() REPRESENTATION_CONTEXT('2D SPACE',''
  ) );
#2444 = PCURVE('',#1636,#2445);
#2445 = DEFINITIONAL_REPRESENTATION('',(#2446),#2450);
#2446 = LINE('',#2447,#2448);
#2447 = CARTESIAN_POINT('',(6.28318530718,1.5));
#2448 = VECTOR('',#2449,1.);
#2449 = DIRECTION('',(-1.,0.));
#2450 = ( GEOMETRIC_REPRESENTATION_CONTEXT(2) 
PARAMETRIC_REPRESENTATION_CONTEXT() REPRESENTATION_CONTEXT('2D SPACE',''
  ) );
#2451 = ORIENTED_EDGE('',*,*,#1653,.F.);
#2452 = ADVANCED_FACE('',(#2453),#1636,.F.);
#2453 = FACE_BOUND('',#2454,.F.);
#2454 = EDGE_LOOP('',(#2455,#2456,#2457,#2481));
#2455 = ORIENTED_EDGE('',*,*,#2426,.T.);
#2456 = ORIENTED_EDGE('',*,*,#1619,.F.);
#2457 = ORIENTED_EDGE('',*,*,#2458,.F.);
#2458 = EDGE_CURVE('',#2459,#1593,#2461,.T.);
#2459 = VERTEX_POINT('',#2460);
#2460 = CARTESIAN_POINT('',(-36.75,-0.75,107.5));
#2461 = SURFACE_CURVE('',#2462,(#2467,#2474),.PCURVE_S1.);
#2462 = CIRCLE('',#2463,0.75);
#2463 = AXIS2_PLACEMENT_3D('',#2464,#2465,#2466);
#2464 = CARTESIAN_POINT('',(-36.75,0.,107.5));
#2465 = DIRECTION('',(-0.,-0.,-1.));
#2466 = DIRECTION('',(0.,-1.,0.));
#2467 = PCURVE('',#1636,#2468);
#2468 = DEFINITIONAL_REPRESENTATION('',(#2469),#2473);
#2469 = LINE('',#2470,#2471);
#2470 = CARTESIAN_POINT('',(6.28318530718,0.));
#2471 = VECTOR('',#2472,1.);
#2472 = DIRECTION('',(-1.,0.));
#2473 = ( GEOMETRIC_REPRESENTATION_CONTEXT(2) 
PARAMETRIC_REPRESENTATION_CONTEXT() REPRESENTATION_CONTEXT('2D SPACE',''
  ) );
#2474 = PCURVE('',#1608,#2475);
#2475 = DEFINITIONAL_REPRESENTATION('',(#2476),#2480);
#2476 = LINE('',#2477,#2478);
#2477 = CARTESIAN_POINT('',(0.,-8.5));
#2478 = VECTOR('',#2479,1.);
#2479 = DIRECTION('',(1.,0.));
#2480 = ( GEOMETRIC_REPRESENTATION_CONTEXT(2) 
PARAMETRIC_REPRESENTATION_CONTEXT() REPRESENTATION_CONTEXT('2D SPACE',''
  ) );
#2481 = ORIENTED_EDGE('',*,*,#2482,.T.);
#2482 = EDGE_CURVE('',#2459,#2399,#2483,.T.);
#2483 = SURFACE_CURVE('',#2484,(#2487,#2493),.PCURVE_S1.);
#2484 = B_SPLINE_CURVE_WITH_KNOTS('',1,(#2485,#2486),.UNSPECIFIED.,.F.,
  .F.,(2,2),(0.,1.),.PIECEWISE_BEZIER_KNOTS.);
#2485 = CARTESIAN_POINT('',(-36.75,-0.75,107.5));
#2486 = CARTESIAN_POINT('',(-36.75,-2.25,109.));
#2487 = PCURVE('',#1636,#2488);
#2488 = DEFINITIONAL_REPRESENTATION('',(#2489),#2492);
#2489 = B_SPLINE_CURVE_WITH_KNOTS('',1,(#2490,#2491),.UNSPECIFIED.,.F.,
  .F.,(2,2),(0.,1.),.PIECEWISE_BEZIER_KNOTS.);
#2490 = CARTESIAN_POINT('',(6.28318530718,0.));
#2491 = CARTESIAN_POINT('',(6.28318530718,1.5));
#2492 = ( GEOMETRIC_REPRESENTATION_CONTEXT(2) 
PARAMETRIC_REPRESENTATION_CONTEXT() REPRESENTATION_CONTEXT('2D SPACE',''
  ) );
#2493 = PCURVE('',#2414,#2494);
#2494 = DEFINITIONAL_REPRESENTATION('',(#2495),#2498);
#2495 = B_SPLINE_CURVE_WITH_KNOTS('',1,(#2496,#2497),.UNSPECIFIED.,.F.,
  .F.,(2,2),(0.,1.),.PIECEWISE_BEZIER_KNOTS.);
#2496 = CARTESIAN_POINT('',(73.5,-2.12132034356));
#2497 = CARTESIAN_POINT('',(73.5,0.));
#2498 = ( GEOMETRIC_REPRESENTATION_CONTEXT(2) 
PARAMETRIC_REPRESENTATION_CONTEXT() REPRESENTATION_CONTEXT('2D SPACE',''
  ) );
#2499 = ADVANCED_FACE('',(#2500),#1608,.F.);
#2500 = FACE_BOUND('',#2501,.F.);
#2501 = EDGE_LOOP('',(#2502,#2503,#2524,#2525));
#2502 = ORIENTED_EDGE('',*,*,#2260,.F.);
#2503 = ORIENTED_EDGE('',*,*,#2504,.T.);
#2504 = EDGE_CURVE('',#2207,#2459,#2505,.T.);
#2505 = SURFACE_CURVE('',#2506,(#2510,#2517),.PCURVE_S1.);
#2506 = LINE('',#2507,#2508);
#2507 = CARTESIAN_POINT('',(-36.75,-0.75,99.));
#2508 = VECTOR('',#2509,1.);
#2509 = DIRECTION('',(0.,0.,1.));
#2510 = PCURVE('',#1608,#2511);
#2511 = DEFINITIONAL_REPRESENTATION('',(#2512),#2516);
#2512 = LINE('',#2513,#2514);
#2513 = CARTESIAN_POINT('',(0.,0.));
#2514 = VECTOR('',#2515,1.);
#2515 = DIRECTION('',(0.,-1.));
#2516 = ( GEOMETRIC_REPRESENTATION_CONTEXT(2) 
PARAMETRIC_REPRESENTATION_CONTEXT() REPRESENTATION_CONTEXT('2D SPACE',''
  ) );
#2517 = PCURVE('',#2222,#2518);
#2518 = DEFINITIONAL_REPRESENTATION('',(#2519),#2523);
#2519 = LINE('',#2520,#2521);
#2520 = CARTESIAN_POINT('',(73.5,0.));
#2521 = VECTOR('',#2522,1.);
#2522 = DIRECTION('',(0.,-1.));
#2523 = ( GEOMETRIC_REPRESENTATION_CONTEXT(2) 
PARAMETRIC_REPRESENTATION_CONTEXT() REPRESENTATION_CONTEXT('2D SPACE',''
  ) );
#2524 = ORIENTED_EDGE('',*,*,#2458,.T.);
#2525 = ORIENTED_EDGE('',*,*,#1592,.T.);
#2526 = ADVANCED_FACE('',(#2527),#1960,.F.);
#2527 = FACE_BOUND('',#2528,.F.);
#2528 = EDGE_LOOP('',(#2529,#2530,#2531,#2555));
#2529 = ORIENTED_EDGE('',*,*,#2180,.F.);
#2530 = ORIENTED_EDGE('',*,*,#1944,.F.);
#2531 = ORIENTED_EDGE('',*,*,#2532,.T.);
#2532 = EDGE_CURVE('',#1911,#2533,#2535,.T.);
#2533 = VERTEX_POINT('',#2534);
#2534 = CARTESIAN_POINT('',(36.75,-0.75,107.5));
#2535 = SURFACE_CURVE('',#2536,(#2541,#2548),.PCURVE_S1.);
#2536 = CIRCLE('',#2537,0.75);
#2537 = AXIS2_PLACEMENT_3D('',#2538,#2539,#2540);
#2538 = CARTESIAN_POINT('',(36.75,0.,107.5));
#2539 = DIRECTION('',(0.,0.,-1.));
#2540 = DIRECTION('',(0.,1.,0.));
#2541 = PCURVE('',#1960,#2542);
#2542 = DEFINITIONAL_REPRESENTATION('',(#2543),#2547);
#2543 = LINE('',#2544,#2545);
#2544 = CARTESIAN_POINT('',(0.,-8.5));
#2545 = VECTOR('',#2546,1.);
#2546 = DIRECTION('',(1.,0.));
#2547 = ( GEOMETRIC_REPRESENTATION_CONTEXT(2) 
PARAMETRIC_REPRESENTATION_CONTEXT() REPRESENTATION_CONTEXT('2D SPACE',''
  ) );
#2548 = PCURVE('',#1927,#2549);
#2549 = DEFINITIONAL_REPRESENTATION('',(#2550),#2554);
#2550 = LINE('',#2551,#2552);
#2551 = CARTESIAN_POINT('',(6.28318530718,0.));
#2552 = VECTOR('',#2553,1.);
#2553 = DIRECTION('',(-1.,0.));
#2554 = ( GEOMETRIC_REPRESENTATION_CONTEXT(2) 
PARAMETRIC_REPRESENTATION_CONTEXT() REPRESENTATION_CONTEXT('2D SPACE',''
  ) );
#2555 = ORIENTED_EDGE('',*,*,#2556,.F.);
#2556 = EDGE_CURVE('',#2156,#2533,#2557,.T.);
#2557 = SURFACE_CURVE('',#2558,(#2562,#2569),.PCURVE_S1.);
#2558 = LINE('',#2559,#2560);
#2559 = CARTESIAN_POINT('',(36.75,-0.75,99.));
#2560 = VECTOR('',#2561,1.);
#2561 = DIRECTION('',(0.,0.,1.));
#2562 = PCURVE('',#1960,#2563);
#2563 = DEFINITIONAL_REPRESENTATION('',(#2564),#2568);
#2564 = LINE('',#2565,#2566);
#2565 = CARTESIAN_POINT('',(3.14159265359,0.));
#2566 = VECTOR('',#2567,1.);
#2567 = DIRECTION('',(0.,-1.));
#2568 = ( GEOMETRIC_REPRESENTATION_CONTEXT(2) 
PARAMETRIC_REPRESENTATION_CONTEXT() REPRESENTATION_CONTEXT('2D SPACE',''
  ) );
#2569 = PCURVE('',#2222,#2570);
#2570 = DEFINITIONAL_REPRESENTATION('',(#2571),#2575);
#2571 = LINE('',#2572,#2573);
#2572 = CARTESIAN_POINT('',(0.,-0.));
#2573 = VECTOR('',#2574,1.);
#2574 = DIRECTION('',(0.,-1.));
#2575 = ( GEOMETRIC_REPRESENTATION_CONTEXT(2) 
PARAMETRIC_REPRESENTATION_CONTEXT() REPRESENTATION_CONTEXT('2D SPACE',''
  ) );
#2576 = ADVANCED_FACE('',(#2577),#1927,.F.);
#2577 = FACE_BOUND('',#2578,.F.);
#2578 = EDGE_LOOP('',(#2579,#2580,#2598,#2599));
#2579 = ORIENTED_EDGE('',*,*,#2370,.T.);
#2580 = ORIENTED_EDGE('',*,*,#2581,.F.);
#2581 = EDGE_CURVE('',#2533,#2371,#2582,.T.);
#2582 = SURFACE_CURVE('',#2583,(#2586,#2592),.PCURVE_S1.);
#2583 = B_SPLINE_CURVE_WITH_KNOTS('',1,(#2584,#2585),.UNSPECIFIED.,.F.,
  .F.,(2,2),(0.,1.),.PIECEWISE_BEZIER_KNOTS.);
#2584 = CARTESIAN_POINT('',(36.75,-0.75,107.5));
#2585 = CARTESIAN_POINT('',(36.75,-2.25,109.));
#2586 = PCURVE('',#1927,#2587);
#2587 = DEFINITIONAL_REPRESENTATION('',(#2588),#2591);
#2588 = B_SPLINE_CURVE_WITH_KNOTS('',1,(#2589,#2590),.UNSPECIFIED.,.F.,
  .F.,(2,2),(0.,1.),.PIECEWISE_BEZIER_KNOTS.);
#2589 = CARTESIAN_POINT('',(3.14159265359,0.));
#2590 = CARTESIAN_POINT('',(3.14159265359,1.5));
#2591 = ( GEOMETRIC_REPRESENTATION_CONTEXT(2) 
PARAMETRIC_REPRESENTATION_CONTEXT() REPRESENTATION_CONTEXT('2D SPACE',''
  ) );
#2592 = PCURVE('',#2414,#2593);
#2593 = DEFINITIONAL_REPRESENTATION('',(#2594),#2597);
#2594 = B_SPLINE_CURVE_WITH_KNOTS('',1,(#2595,#2596),.UNSPECIFIED.,.F.,
  .F.,(2,2),(0.,1.),.PIECEWISE_BEZIER_KNOTS.);
#2595 = CARTESIAN_POINT('',(0.,-2.12132034356));
#2596 = CARTESIAN_POINT('',(0.,0.));
#2597 = ( GEOMETRIC_REPRESENTATION_CONTEXT(2) 
PARAMETRIC_REPRESENTATION_CONTEXT() REPRESENTATION_CONTEXT('2D SPACE',''
  ) );
#2598 = ORIENTED_EDGE('',*,*,#2532,.F.);
#2599 = ORIENTED_EDGE('',*,*,#1910,.F.);
#2600 = ADVANCED_FACE('',(#2601),#2222,.F.);
#2601 = FACE_BOUND('',#2602,.F.);
#2602 = EDGE_LOOP('',(#2603,#2604,#2605,#2626));
#2603 = ORIENTED_EDGE('',*,*,#2206,.F.);
#2604 = ORIENTED_EDGE('',*,*,#2556,.T.);
#2605 = ORIENTED_EDGE('',*,*,#2606,.T.);
#2606 = EDGE_CURVE('',#2533,#2459,#2607,.T.);
#2607 = SURFACE_CURVE('',#2608,(#2612,#2619),.PCURVE_S1.);
#2608 = LINE('',#2609,#2610);
#2609 = CARTESIAN_POINT('',(36.75,-0.75,107.5));
#2610 = VECTOR('',#2611,1.);
#2611 = DIRECTION('',(-1.,0.,0.));
#2612 = PCURVE('',#2222,#2613);
#2613 = DEFINITIONAL_REPRESENTATION('',(#2614),#2618);
#2614 = LINE('',#2615,#2616);
#2615 = CARTESIAN_POINT('',(0.,-8.5));
#2616 = VECTOR('',#2617,1.);
#2617 = DIRECTION('',(1.,0.));
#2618 = ( GEOMETRIC_REPRESENTATION_CONTEXT(2) 
PARAMETRIC_REPRESENTATION_CONTEXT() REPRESENTATION_CONTEXT('2D SPACE',''
  ) );
#2619 = PCURVE('',#2414,#2620);
#2620 = DEFINITIONAL_REPRESENTATION('',(#2621),#2625);
#2621 = LINE('',#2622,#2623);
#2622 = CARTESIAN_POINT('',(0.,-2.12132034356));
#2623 = VECTOR('',#2624,1.);
#2624 = DIRECTION('',(1.,0.));
#2625 = ( GEOMETRIC_REPRESENTATION_CONTEXT(2) 
PARAMETRIC_REPRESENTATION_CONTEXT() REPRESENTATION_CONTEXT('2D SPACE',''
  ) );
#2626 = ORIENTED_EDGE('',*,*,#2504,.F.);
#2627 = ADVANCED_FACE('',(#2628),#2414,.T.);
#2628 = FACE_BOUND('',#2629,.T.);
#2629 = EDGE_LOOP('',(#2630,#2631,#2632,#2633));
#2630 = ORIENTED_EDGE('',*,*,#2606,.T.);
#2631 = ORIENTED_EDGE('',*,*,#2482,.T.);
#2632 = ORIENTED_EDGE('',*,*,#2398,.F.);
#2633 = ORIENTED_EDGE('',*,*,#2581,.F.);
#2634 = ORIENTED_CLOSED_SHELL('',*,#2635,.F.);
#2635 = CLOSED_SHELL('',(#2636,#2724,#2728));
#2636 = ADVANCED_FACE('',(#2637),#2650,.T.);
#2637 = FACE_BOUND('',#2638,.T.);
#2638 = EDGE_LOOP('',(#2639,#2673,#2696,#2723));
#2639 = ORIENTED_EDGE('',*,*,#2640,.T.);
#2640 = EDGE_CURVE('',#2641,#2641,#2643,.T.);
#2641 = VERTEX_POINT('',#2642);
#2642 = CARTESIAN_POINT('',(-39.5,0.,54.5));
#2643 = SURFACE_CURVE('',#2644,(#2649,#2661),.PCURVE_S1.);
#2644 = CIRCLE('',#2645,2.);
#2645 = AXIS2_PLACEMENT_3D('',#2646,#2647,#2648);
#2646 = CARTESIAN_POINT('',(-41.5,0.,54.5));
#2647 = DIRECTION('',(0.,-1.,0.));
#2648 = DIRECTION('',(1.,0.,0.));
#2649 = PCURVE('',#2650,#2655);
#2650 = CYLINDRICAL_SURFACE('',#2651,2.);
#2651 = AXIS2_PLACEMENT_3D('',#2652,#2653,#2654);
#2652 = CARTESIAN_POINT('',(-41.5,0.,54.5));
#2653 = DIRECTION('',(0.,1.,0.));
#2654 = DIRECTION('',(1.,0.,0.));
#2655 = DEFINITIONAL_REPRESENTATION('',(#2656),#2660);
#2656 = LINE('',#2657,#2658);
#2657 = CARTESIAN_POINT('',(6.28318530718,0.));
#2658 = VECTOR('',#2659,1.);
#2659 = DIRECTION('',(-1.,0.));
#2660 = ( GEOMETRIC_REPRESENTATION_CONTEXT(2) 
PARAMETRIC_REPRESENTATION_CONTEXT() REPRESENTATION_CONTEXT('2D SPACE',''
  ) );
#2661 = PCURVE('',#2662,#2667);
#2662 = PLANE('',#2663);
#2663 = AXIS2_PLACEMENT_3D('',#2664,#2665,#2666);
#2664 = CARTESIAN_POINT('',(-41.5,0.,54.5));
#2665 = DIRECTION('',(-0.,-1.,-0.));
#2666 = DIRECTION('',(0.,0.,-1.));
#2667 = DEFINITIONAL_REPRESENTATION('',(#2668),#2672);
#2668 = CIRCLE('',#2669,2.);
#2669 = AXIS2_PLACEMENT_2D('',#2670,#2671);
#2670 = CARTESIAN_POINT('',(0.,0.));
#2671 = DIRECTION('',(0.,1.));
#2672 = ( GEOMETRIC_REPRESENTATION_CONTEXT(2) 
PARAMETRIC_REPRESENTATION_CONTEXT() REPRESENTATION_CONTEXT('2D SPACE',''
  ) );
#2673 = ORIENTED_EDGE('',*,*,#2674,.T.);
#2674 = EDGE_CURVE('',#2641,#2675,#2677,.T.);
#2675 = VERTEX_POINT('',#2676);
#2676 = CARTESIAN_POINT('',(-39.5,-12.,54.5));
#2677 = SEAM_CURVE('',#2678,(#2682,#2689),.PCURVE_S1.);
#2678 = LINE('',#2679,#2680);
#2679 = CARTESIAN_POINT('',(-39.5,0.,54.5));
#2680 = VECTOR('',#2681,1.);
#2681 = DIRECTION('',(0.,-1.,0.));
#2682 = PCURVE('',#2650,#2683);
#2683 = DEFINITIONAL_REPRESENTATION('',(#2684),#2688);
#2684 = LINE('',#2685,#2686);
#2685 = CARTESIAN_POINT('',(4.138911435803E-13,0.));
#2686 = VECTOR('',#2687,1.);
#2687 = DIRECTION('',(-0.,-1.));
#2688 = ( GEOMETRIC_REPRESENTATION_CONTEXT(2) 
PARAMETRIC_REPRESENTATION_CONTEXT() REPRESENTATION_CONTEXT('2D SPACE',''
  ) );
#2689 = PCURVE('',#2650,#2690);
#2690 = DEFINITIONAL_REPRESENTATION('',(#2691),#2695);
#2691 = LINE('',#2692,#2693);
#2692 = CARTESIAN_POINT('',(6.283185307179,0.));
#2693 = VECTOR('',#2694,1.);
#2694 = DIRECTION('',(-0.,-1.));
#2695 = ( GEOMETRIC_REPRESENTATION_CONTEXT(2) 
PARAMETRIC_REPRESENTATION_CONTEXT() REPRESENTATION_CONTEXT('2D SPACE',''
  ) );
#2696 = ORIENTED_EDGE('',*,*,#2697,.F.);
#2697 = EDGE_CURVE('',#2675,#2675,#2698,.T.);
#2698 = SURFACE_CURVE('',#2699,(#2704,#2711),.PCURVE_S1.);
#2699 = CIRCLE('',#2700,2.);
#2700 = AXIS2_PLACEMENT_3D('',#2701,#2702,#2703);
#2701 = CARTESIAN_POINT('',(-41.5,-12.,54.5));
#2702 = DIRECTION('',(0.,-1.,0.));
#2703 = DIRECTION('',(1.,0.,0.));
#2704 = PCURVE('',#2650,#2705);
#2705 = DEFINITIONAL_REPRESENTATION('',(#2706),#2710);
#2706 = LINE('',#2707,#2708);
#2707 = CARTESIAN_POINT('',(6.28318530718,-12.));
#2708 = VECTOR('',#2709,1.);
#2709 = DIRECTION('',(-1.,0.));
#2710 = ( GEOMETRIC_REPRESENTATION_CONTEXT(2) 
PARAMETRIC_REPRESENTATION_CONTEXT() REPRESENTATION_CONTEXT('2D SPACE',''
  ) );
#2711 = PCURVE('',#2712,#2717);
#2712 = PLANE('',#2713);
#2713 = AXIS2_PLACEMENT_3D('',#2714,#2715,#2716);
#2714 = CARTESIAN_POINT('',(-41.5,-12.,54.5));
#2715 = DIRECTION('',(-0.,-1.,-0.));
#2716 = DIRECTION('',(0.,0.,-1.));
#2717 = DEFINITIONAL_REPRESENTATION('',(#2718),#2722);
#2718 = CIRCLE('',#2719,2.);
#2719 = AXIS2_PLACEMENT_2D('',#2720,#2721);
#2720 = CARTESIAN_POINT('',(0.,0.));
#2721 = DIRECTION('',(0.,1.));
#2722 = ( GEOMETRIC_REPRESENTATION_CONTEXT(2) 
PARAMETRIC_REPRESENTATION_CONTEXT() REPRESENTATION_CONTEXT('2D SPACE',''
  ) );
#2723 = ORIENTED_EDGE('',*,*,#2674,.F.);
#2724 = ADVANCED_FACE('',(#2725),#2662,.F.);
#2725 = FACE_BOUND('',#2726,.F.);
#2726 = EDGE_LOOP('',(#2727));
#2727 = ORIENTED_EDGE('',*,*,#2640,.T.);
#2728 = ADVANCED_FACE('',(#2729),#2712,.T.);
#2729 = FACE_BOUND('',#2730,.T.);
#2730 = EDGE_LOOP('',(#2731));
#2731 = ORIENTED_EDGE('',*,*,#2697,.T.);
#2732 = ORIENTED_CLOSED_SHELL('',*,#2733,.F.);
#2733 = CLOSED_SHELL('',(#2734,#2822,#2826));
#2734 = ADVANCED_FACE('',(#2735),#2748,.T.);
#2735 = FACE_BOUND('',#2736,.T.);
#2736 = EDGE_LOOP('',(#2737,#2771,#2794,#2821));
#2737 = ORIENTED_EDGE('',*,*,#2738,.T.);
#2738 = EDGE_CURVE('',#2739,#2739,#2741,.T.);
#2739 = VERTEX_POINT('',#2740);
#2740 = CARTESIAN_POINT('',(43.5,0.,54.5));
#2741 = SURFACE_CURVE('',#2742,(#2747,#2759),.PCURVE_S1.);
#2742 = CIRCLE('',#2743,2.);
#2743 = AXIS2_PLACEMENT_3D('',#2744,#2745,#2746);
#2744 = CARTESIAN_POINT('',(41.5,0.,54.5));
#2745 = DIRECTION('',(0.,-1.,0.));
#2746 = DIRECTION('',(1.,0.,0.));
#2747 = PCURVE('',#2748,#2753);
#2748 = CYLINDRICAL_SURFACE('',#2749,2.);
#2749 = AXIS2_PLACEMENT_3D('',#2750,#2751,#2752);
#2750 = CARTESIAN_POINT('',(41.5,0.,54.5));
#2751 = DIRECTION('',(0.,1.,0.));
#2752 = DIRECTION('',(1.,0.,0.));
#2753 = DEFINITIONAL_REPRESENTATION('',(#2754),#2758);
#2754 = LINE('',#2755,#2756);
#2755 = CARTESIAN_POINT('',(6.28318530718,0.));
#2756 = VECTOR('',#2757,1.);
#2757 = DIRECTION('',(-1.,0.));
#2758 = ( GEOMETRIC_REPRESENTATION_CONTEXT(2) 
PARAMETRIC_REPRESENTATION_CONTEXT() REPRESENTATION_CONTEXT('2D SPACE',''
  ) );
#2759 = PCURVE('',#2760,#2765);
#2760 = PLANE('',#2761);
#2761 = AXIS2_PLACEMENT_3D('',#2762,#2763,#2764);
#2762 = CARTESIAN_POINT('',(41.5,0.,54.5));
#2763 = DIRECTION('',(-0.,-1.,-0.));
#2764 = DIRECTION('',(0.,0.,-1.));
#2765 = DEFINITIONAL_REPRESENTATION('',(#2766),#2770);
#2766 = CIRCLE('',#2767,2.);
#2767 = AXIS2_PLACEMENT_2D('',#2768,#2769);
#2768 = CARTESIAN_POINT('',(0.,0.));
#2769 = DIRECTION('',(0.,1.));
#2770 = ( GEOMETRIC_REPRESENTATION_CONTEXT(2) 
PARAMETRIC_REPRESENTATION_CONTEXT() REPRESENTATION_CONTEXT('2D SPACE',''
  ) );
#2771 = ORIENTED_EDGE('',*,*,#2772,.T.);
#2772 = EDGE_CURVE('',#2739,#2773,#2775,.T.);
#2773 = VERTEX_POINT('',#2774);
#2774 = CARTESIAN_POINT('',(43.5,-12.,54.5));
#2775 = SEAM_CURVE('',#2776,(#2780,#2787),.PCURVE_S1.);
#2776 = LINE('',#2777,#2778);
#2777 = CARTESIAN_POINT('',(43.5,0.,54.5));
#2778 = VECTOR('',#2779,1.);
#2779 = DIRECTION('',(0.,-1.,0.));
#2780 = PCURVE('',#2748,#2781);
#2781 = DEFINITIONAL_REPRESENTATION('',(#2782),#2786);
#2782 = LINE('',#2783,#2784);
#2783 = CARTESIAN_POINT('',(4.138911435803E-13,0.));
#2784 = VECTOR('',#2785,1.);
#2785 = DIRECTION('',(-0.,-1.));
#2786 = ( GEOMETRIC_REPRESENTATION_CONTEXT(2) 
PARAMETRIC_REPRESENTATION_CONTEXT() REPRESENTATION_CONTEXT('2D SPACE',''
  ) );
#2787 = PCURVE('',#2748,#2788);
#2788 = DEFINITIONAL_REPRESENTATION('',(#2789),#2793);
#2789 = LINE('',#2790,#2791);
#2790 = CARTESIAN_POINT('',(6.283185307179,0.));
#2791 = VECTOR('',#2792,1.);
#2792 = DIRECTION('',(-0.,-1.));
#2793 = ( GEOMETRIC_REPRESENTATION_CONTEXT(2) 
PARAMETRIC_REPRESENTATION_CONTEXT() REPRESENTATION_CONTEXT('2D SPACE',''
  ) );
#2794 = ORIENTED_EDGE('',*,*,#2795,.F.);
#2795 = EDGE_CURVE('',#2773,#2773,#2796,.T.);
#2796 = SURFACE_CURVE('',#2797,(#2802,#2809),.PCURVE_S1.);
#2797 = CIRCLE('',#2798,2.);
#2798 = AXIS2_PLACEMENT_3D('',#2799,#2800,#2801);
#2799 = CARTESIAN_POINT('',(41.5,-12.,54.5));
#2800 = DIRECTION('',(0.,-1.,0.));
#2801 = DIRECTION('',(1.,0.,0.));
#2802 = PCURVE('',#2748,#2803);
#2803 = DEFINITIONAL_REPRESENTATION('',(#2804),#2808);
#2804 = LINE('',#2805,#2806);
#2805 = CARTESIAN_POINT('',(6.28318530718,-12.));
#2806 = VECTOR('',#2807,1.);
#2807 = DIRECTION('',(-1.,0.));
#2808 = ( GEOMETRIC_REPRESENTATION_CONTEXT(2) 
PARAMETRIC_REPRESENTATION_CONTEXT() REPRESENTATION_CONTEXT('2D SPACE',''
  ) );
#2809 = PCURVE('',#2810,#2815);
#2810 = PLANE('',#2811);
#2811 = AXIS2_PLACEMENT_3D('',#2812,#2813,#2814);
#2812 = CARTESIAN_POINT('',(41.5,-12.,54.5));
#2813 = DIRECTION('',(-0.,-1.,-0.));
#2814 = DIRECTION('',(0.,0.,-1.));
#2815 = DEFINITIONAL_REPRESENTATION('',(#2816),#2820);
#2816 = CIRCLE('',#2817,2.);
#2817 = AXIS2_PLACEMENT_2D('',#2818,#2819);
#2818 = CARTESIAN_POINT('',(0.,0.));
#2819 = DIRECTION('',(0.,1.));
#2820 = ( GEOMETRIC_REPRESENTATION_CONTEXT(2) 
PARAMETRIC_REPRESENTATION_CONTEXT() REPRESENTATION_CONTEXT('2D SPACE',''
  ) );
#2821 = ORIENTED_EDGE('',*,*,#2772,.F.);
#2822 = ADVANCED_FACE('',(#2823),#2760,.F.);
#2823 = FACE_BOUND('',#2824,.F.);
#2824 = EDGE_LOOP('',(#2825));
#2825 = ORIENTED_EDGE('',*,*,#2738,.T.);
#2826 = ADVANCED_FACE('',(#2827),#2810,.T.);
#2827 = FACE_BOUND('',#2828,.T.);
#2828 = EDGE_LOOP('',(#2829));
#2829 = ORIENTED_EDGE('',*,*,#2795,.T.);
#2830 = ( GEOMETRIC_REPRESENTATION_CONTEXT(3) 
GLOBAL_UNCERTAINTY_ASSIGNED_CONTEXT((#2834)) 
GLOBAL_UNIT_ASSIGNED_CONTEXT((#2831,#2832,#2833)) REPRESENTATION_CONTEXT
('Context #1','3D Context with UNIT and UNCERTAINTY') );
#2831 = ( LENGTH_UNIT() NAMED_UNIT(*) SI_UNIT(.MILLI.,.METRE.) );
#2832 = ( NAMED_UNIT(*) PLANE_ANGLE_UNIT() SI_UNIT($,.RADIAN.) );
#2833 = ( NAMED_UNIT(*) SI_UNIT($,.STERADIAN.) SOLID_ANGLE_UNIT() );
#2834 = UNCERTAINTY_MEASURE_WITH_UNIT(LENGTH_MEASURE(1.E-07),#2831,
  'distance_accuracy_value','confusion accuracy');
#2835 = CONTEXT_DEPENDENT_SHAPE_REPRESENTATION(#2836,#2838);
#2836 = ( REPRESENTATION_RELATIONSHIP('','',#1160,#10) 
REPRESENTATION_RELATIONSHIP_WITH_TRANSFORMATION(#2837) 
SHAPE_REPRESENTATION_RELATIONSHIP() );
#2837 = ITEM_DEFINED_TRANSFORMATION('','',#11,#19);
#2838 = PRODUCT_DEFINITION_SHAPE('Placement','Placement of an item',
  #2839);
#2839 = NEXT_ASSEMBLY_USAGE_OCCURRENCE('12','','',#5,#1155,$);
#2840 = PRODUCT_RELATED_PRODUCT_CATEGORY('part',$,(#1157));
#2841 = SHAPE_DEFINITION_REPRESENTATION(#2842,#2848);
#2842 = PRODUCT_DEFINITION_SHAPE('','',#2843);
#2843 = PRODUCT_DEFINITION('design','',#2844,#2847);
#2844 = PRODUCT_DEFINITION_FORMATION('','',#2845);
#2845 = PRODUCT('Open CASCADE STEP translator 7.9 7.3',
  'Open CASCADE STEP translator 7.9 7.3','',(#2846));
#2846 = PRODUCT_CONTEXT('',#2,'mechanical');
#2847 = PRODUCT_DEFINITION_CONTEXT('part definition',#2,'design');
#2848 = ADVANCED_BREP_SHAPE_REPRESENTATION('',(#11,#2849),#4217);
#2849 = MANIFOLD_SOLID_BREP('',#2850);
#2850 = CLOSED_SHELL('',(#2851,#2971,#3111,#3352,#3402,#3735,#3810,#3837
    ,#3865,#3893,#3921,#4009,#4056,#4083,#4109,#4159,#4183,#4210));
#2851 = ADVANCED_FACE('',(#2852),#2866,.T.);
#2852 = FACE_BOUND('',#2853,.T.);
#2853 = EDGE_LOOP('',(#2854,#2888,#2917,#2944));
#2854 = ORIENTED_EDGE('',*,*,#2855,.F.);
#2855 = EDGE_CURVE('',#2856,#2858,#2860,.T.);
#2856 = VERTEX_POINT('',#2857);
#2857 = CARTESIAN_POINT('',(-46.49999988873,3.216713912742E-03,69.9));
#2858 = VERTEX_POINT('',#2859);
#2859 = CARTESIAN_POINT('',(-46.49999988873,3.216713912742E-03,0.));
#2860 = SURFACE_CURVE('',#2861,(#2865,#2876),.PCURVE_S1.);
#2861 = LINE('',#2862,#2863);
#2862 = CARTESIAN_POINT('',(-46.49999988873,3.216713912751E-03,0.));
#2863 = VECTOR('',#2864,1.);
#2864 = DIRECTION('',(-0.,-0.,-1.));
#2865 = PCURVE('',#2866,#2871);
#2866 = CYLINDRICAL_SURFACE('',#2867,46.5);
#2867 = AXIS2_PLACEMENT_3D('',#2868,#2869,#2870);
#2868 = CARTESIAN_POINT('',(0.,0.,0.));
#2869 = DIRECTION('',(-0.,-0.,-1.));
#2870 = DIRECTION('',(1.,0.,0.));
#2871 = DEFINITIONAL_REPRESENTATION('',(#2872),#2875);
#2872 = B_SPLINE_CURVE_WITH_KNOTS('',1,(#2873,#2874),.UNSPECIFIED.,.F.,
  .F.,(2,2),(-69.9000006,6.E-07),.PIECEWISE_BEZIER_KNOTS.);
#2873 = CARTESIAN_POINT('',(3.141661830234,-69.9000006));
#2874 = CARTESIAN_POINT('',(3.141661830234,6.E-07));
#2875 = ( GEOMETRIC_REPRESENTATION_CONTEXT(2) 
PARAMETRIC_REPRESENTATION_CONTEXT() REPRESENTATION_CONTEXT('2D SPACE',''
  ) );
#2876 = PCURVE('',#2877,#2882);
#2877 = PLANE('',#2878);
#2878 = AXIS2_PLACEMENT_3D('',#2879,#2880,#2881);
#2879 = CARTESIAN_POINT('',(1.724152738263E-02,3.216713912751E-03,
    59.554144798701));
#2880 = DIRECTION('',(-0.,-1.,-0.));
#2881 = DIRECTION('',(0.,0.,-1.));
#2882 = DEFINITIONAL_REPRESENTATION('',(#2883),#2887);
#2883 = LINE('',#2884,#2885);
#2884 = CARTESIAN_POINT('',(59.554144798701,-46.51724141611));
#2885 = VECTOR('',#2886,1.);
#2886 = DIRECTION('',(1.,0.));
#2887 = ( GEOMETRIC_REPRESENTATION_CONTEXT(2) 
PARAMETRIC_REPRESENTATION_CONTEXT() REPRESENTATION_CONTEXT('2D SPACE',''
  ) );
#2888 = ORIENTED_EDGE('',*,*,#2889,.F.);
#2889 = EDGE_CURVE('',#2890,#2856,#2892,.T.);
#2890 = VERTEX_POINT('',#2891);
#2891 = CARTESIAN_POINT('',(46.499999888739,3.216713912751E-03,69.9));
#2892 = SURFACE_CURVE('',#2893,(#2898,#2905),.PCURVE_S1.);
#2893 = CIRCLE('',#2894,46.5);
#2894 = AXIS2_PLACEMENT_3D('',#2895,#2896,#2897);
#2895 = CARTESIAN_POINT('',(0.,0.,69.9));
#2896 = DIRECTION('',(0.,0.,1.));
#2897 = DIRECTION('',(1.,0.,-0.));
#2898 = PCURVE('',#2866,#2899);
#2899 = DEFINITIONAL_REPRESENTATION('',(#2900),#2904);
#2900 = LINE('',#2901,#2902);
#2901 = CARTESIAN_POINT('',(6.28318530718,-69.9));
#2902 = VECTOR('',#2903,1.);
#2903 = DIRECTION('',(-1.,0.));
#2904 = ( GEOMETRIC_REPRESENTATION_CONTEXT(2) 
PARAMETRIC_REPRESENTATION_CONTEXT() REPRESENTATION_CONTEXT('2D SPACE',''
  ) );
#2905 = PCURVE('',#2906,#2911);
#2906 = PLANE('',#2907);
#2907 = AXIS2_PLACEMENT_3D('',#2908,#2909,#2910);
#2908 = CARTESIAN_POINT('',(-1.882068139409E-15,-1.61343992693E-17,69.9)
  );
#2909 = DIRECTION('',(0.,0.,1.));
#2910 = DIRECTION('',(1.,0.,-0.));
#2911 = DEFINITIONAL_REPRESENTATION('',(#2912),#2916);
#2912 = CIRCLE('',#2913,46.5);
#2913 = AXIS2_PLACEMENT_2D('',#2914,#2915);
#2914 = CARTESIAN_POINT('',(1.882068139409E-15,1.61343992693E-17));
#2915 = DIRECTION('',(1.,0.));
#2916 = ( GEOMETRIC_REPRESENTATION_CONTEXT(2) 
PARAMETRIC_REPRESENTATION_CONTEXT() REPRESENTATION_CONTEXT('2D SPACE',''
  ) );
#2917 = ORIENTED_EDGE('',*,*,#2918,.T.);
#2918 = EDGE_CURVE('',#2890,#2919,#2921,.T.);
#2919 = VERTEX_POINT('',#2920);
#2920 = CARTESIAN_POINT('',(46.499999888739,3.216713912751E-03,0.));
#2921 = SURFACE_CURVE('',#2922,(#2926,#2932),.PCURVE_S1.);
#2922 = LINE('',#2923,#2924);
#2923 = CARTESIAN_POINT('',(46.499999888739,3.216713912751E-03,0.));
#2924 = VECTOR('',#2925,1.);
#2925 = DIRECTION('',(-0.,-0.,-1.));
#2926 = PCURVE('',#2866,#2927);
#2927 = DEFINITIONAL_REPRESENTATION('',(#2928),#2931);
#2928 = B_SPLINE_CURVE_WITH_KNOTS('',1,(#2929,#2930),.UNSPECIFIED.,.F.,
  .F.,(2,2),(-69.9000006,6.E-07),.PIECEWISE_BEZIER_KNOTS.);
#2929 = CARTESIAN_POINT('',(6.283116130536,-69.9000006));
#2930 = CARTESIAN_POINT('',(6.283116130536,6.E-07));
#2931 = ( GEOMETRIC_REPRESENTATION_CONTEXT(2) 
PARAMETRIC_REPRESENTATION_CONTEXT() REPRESENTATION_CONTEXT('2D SPACE',''
  ) );
#2932 = PCURVE('',#2933,#2938);
#2933 = PLANE('',#2934);
#2934 = AXIS2_PLACEMENT_3D('',#2935,#2936,#2937);
#2935 = CARTESIAN_POINT('',(1.724152738263E-02,3.216713912751E-03,
    59.554144798701));
#2936 = DIRECTION('',(-0.,-1.,-0.));
#2937 = DIRECTION('',(0.,0.,-1.));
#2938 = DEFINITIONAL_REPRESENTATION('',(#2939),#2943);
#2939 = LINE('',#2940,#2941);
#2940 = CARTESIAN_POINT('',(59.554144798701,46.482758361356));
#2941 = VECTOR('',#2942,1.);
#2942 = DIRECTION('',(1.,0.));
#2943 = ( GEOMETRIC_REPRESENTATION_CONTEXT(2) 
PARAMETRIC_REPRESENTATION_CONTEXT() REPRESENTATION_CONTEXT('2D SPACE',''
  ) );
#2944 = ORIENTED_EDGE('',*,*,#2945,.T.);
#2945 = EDGE_CURVE('',#2919,#2858,#2946,.T.);
#2946 = SURFACE_CURVE('',#2947,(#2952,#2959),.PCURVE_S1.);
#2947 = CIRCLE('',#2948,46.5);
#2948 = AXIS2_PLACEMENT_3D('',#2949,#2950,#2951);
#2949 = CARTESIAN_POINT('',(0.,0.,0.));
#2950 = DIRECTION('',(0.,0.,1.));
#2951 = DIRECTION('',(1.,0.,-0.));
#2952 = PCURVE('',#2866,#2953);
#2953 = DEFINITIONAL_REPRESENTATION('',(#2954),#2958);
#2954 = LINE('',#2955,#2956);
#2955 = CARTESIAN_POINT('',(6.28318530718,0.));
#2956 = VECTOR('',#2957,1.);
#2957 = DIRECTION('',(-1.,0.));
#2958 = ( GEOMETRIC_REPRESENTATION_CONTEXT(2) 
PARAMETRIC_REPRESENTATION_CONTEXT() REPRESENTATION_CONTEXT('2D SPACE',''
  ) );
#2959 = PCURVE('',#2960,#2965);
#2960 = PLANE('',#2961);
#2961 = AXIS2_PLACEMENT_3D('',#2962,#2963,#2964);
#2962 = CARTESIAN_POINT('',(-1.882068139409E-15,-1.61343992693E-17,0.));
#2963 = DIRECTION('',(0.,0.,1.));
#2964 = DIRECTION('',(1.,0.,-0.));
#2965 = DEFINITIONAL_REPRESENTATION('',(#2966),#2970);
#2966 = CIRCLE('',#2967,46.5);
#2967 = AXIS2_PLACEMENT_2D('',#2968,#2969);
#2968 = CARTESIAN_POINT('',(1.882068139409E-15,1.61343992693E-17));
#2969 = DIRECTION('',(1.,0.));
#2970 = ( GEOMETRIC_REPRESENTATION_CONTEXT(2) 
PARAMETRIC_REPRESENTATION_CONTEXT() REPRESENTATION_CONTEXT('2D SPACE',''
  ) );
#2971 = ADVANCED_FACE('',(#2972),#2960,.F.);
#2972 = FACE_BOUND('',#2973,.F.);
#2973 = EDGE_LOOP('',(#2974,#2997,#2998,#3021,#3065));
#2974 = ORIENTED_EDGE('',*,*,#2975,.T.);
#2975 = EDGE_CURVE('',#2976,#2919,#2978,.T.);
#2976 = VERTEX_POINT('',#2977);
#2977 = CARTESIAN_POINT('',(37.799999863132,3.216713912751E-03,0.));
#2978 = SURFACE_CURVE('',#2979,(#2983,#2990),.PCURVE_S1.);
#2979 = LINE('',#2980,#2981);
#2980 = CARTESIAN_POINT('',(8.620763691316E-03,3.216713912751E-03,0.));
#2981 = VECTOR('',#2982,1.);
#2982 = DIRECTION('',(1.,0.,0.));
#2983 = PCURVE('',#2960,#2984);
#2984 = DEFINITIONAL_REPRESENTATION('',(#2985),#2989);
#2985 = LINE('',#2986,#2987);
#2986 = CARTESIAN_POINT('',(8.620763691318E-03,3.216713912751E-03));
#2987 = VECTOR('',#2988,1.);
#2988 = DIRECTION('',(1.,0.));
#2989 = ( GEOMETRIC_REPRESENTATION_CONTEXT(2) 
PARAMETRIC_REPRESENTATION_CONTEXT() REPRESENTATION_CONTEXT('2D SPACE',''
  ) );
#2990 = PCURVE('',#2933,#2991);
#2991 = DEFINITIONAL_REPRESENTATION('',(#2992),#2996);
#2992 = LINE('',#2993,#2994);
#2993 = CARTESIAN_POINT('',(59.554144798701,-8.620763691314E-03));
#2994 = VECTOR('',#2995,1.);
#2995 = DIRECTION('',(0.,1.));
#2996 = ( GEOMETRIC_REPRESENTATION_CONTEXT(2) 
PARAMETRIC_REPRESENTATION_CONTEXT() REPRESENTATION_CONTEXT('2D SPACE',''
  ) );
#2997 = ORIENTED_EDGE('',*,*,#2945,.T.);
#2998 = ORIENTED_EDGE('',*,*,#2999,.T.);
#2999 = EDGE_CURVE('',#2858,#3000,#3002,.T.);
#3000 = VERTEX_POINT('',#3001);
#3001 = CARTESIAN_POINT('',(-37.79999986313,3.216713912749E-03,0.));
#3002 = SURFACE_CURVE('',#3003,(#3007,#3014),.PCURVE_S1.);
#3003 = LINE('',#3004,#3005);
#3004 = CARTESIAN_POINT('',(8.620763691316E-03,3.216713912751E-03,0.));
#3005 = VECTOR('',#3006,1.);
#3006 = DIRECTION('',(1.,0.,0.));
#3007 = PCURVE('',#2960,#3008);
#3008 = DEFINITIONAL_REPRESENTATION('',(#3009),#3013);
#3009 = LINE('',#3010,#3011);
#3010 = CARTESIAN_POINT('',(8.620763691318E-03,3.216713912751E-03));
#3011 = VECTOR('',#3012,1.);
#3012 = DIRECTION('',(1.,0.));
#3013 = ( GEOMETRIC_REPRESENTATION_CONTEXT(2) 
PARAMETRIC_REPRESENTATION_CONTEXT() REPRESENTATION_CONTEXT('2D SPACE',''
  ) );
#3014 = PCURVE('',#2877,#3015);
#3015 = DEFINITIONAL_REPRESENTATION('',(#3016),#3020);
#3016 = LINE('',#3017,#3018);
#3017 = CARTESIAN_POINT('',(59.554144798701,-8.620763691314E-03));
#3018 = VECTOR('',#3019,1.);
#3019 = DIRECTION('',(0.,1.));
#3020 = ( GEOMETRIC_REPRESENTATION_CONTEXT(2) 
PARAMETRIC_REPRESENTATION_CONTEXT() REPRESENTATION_CONTEXT('2D SPACE',''
  ) );
#3021 = ORIENTED_EDGE('',*,*,#3022,.F.);
#3022 = EDGE_CURVE('',#3023,#3000,#3025,.T.);
#3023 = VERTEX_POINT('',#3024);
#3024 = CARTESIAN_POINT('',(-37.79213073791,0.771267974243,0.));
#3025 = SURFACE_CURVE('',#3026,(#3031,#3038),.PCURVE_S1.);
#3026 = CIRCLE('',#3027,37.8);
#3027 = AXIS2_PLACEMENT_3D('',#3028,#3029,#3030);
#3028 = CARTESIAN_POINT('',(0.,0.,0.));
#3029 = DIRECTION('',(0.,0.,1.));
#3030 = DIRECTION('',(1.,0.,-0.));
#3031 = PCURVE('',#2960,#3032);
#3032 = DEFINITIONAL_REPRESENTATION('',(#3033),#3037);
#3033 = CIRCLE('',#3034,37.8);
#3034 = AXIS2_PLACEMENT_2D('',#3035,#3036);
#3035 = CARTESIAN_POINT('',(1.882068139409E-15,1.61343992693E-17));
#3036 = DIRECTION('',(1.,0.));
#3037 = ( GEOMETRIC_REPRESENTATION_CONTEXT(2) 
PARAMETRIC_REPRESENTATION_CONTEXT() REPRESENTATION_CONTEXT('2D SPACE',''
  ) );
#3038 = PCURVE('',#3039,#3060);
#3039 = B_SPLINE_SURFACE_WITH_KNOTS('',9,1,(
    (#3040,#3041)
    ,(#3042,#3043)
    ,(#3044,#3045)
    ,(#3046,#3047)
    ,(#3048,#3049)
    ,(#3050,#3051)
    ,(#3052,#3053)
    ,(#3054,#3055)
    ,(#3056,#3057)
    ,(#3058,#3059
    )),.UNSPECIFIED.,.F.,.F.,.F.,(10,10),(2,2),(3.14159265359,
    6.28318530718),(0.,1.),.PIECEWISE_BEZIER_KNOTS.);
#3040 = CARTESIAN_POINT('',(-37.79213073791,0.771267974243,0.));
#3041 = CARTESIAN_POINT('',(-36.75,0.75,99.));
#3042 = CARTESIAN_POINT('',(-37.79562806637,0.599898879786,0.));
#3043 = CARTESIAN_POINT('',(-37.01179938779,0.75,99.));
#3044 = CARTESIAN_POINT('',(-37.79825118407,0.428511943798,0.));
#3045 = CARTESIAN_POINT('',(-37.27360149249,0.647191900061,
    98.999999999999));
#3046 = CARTESIAN_POINT('',(-37.79999998699,0.257112263859,0.));
#3047 = CARTESIAN_POINT('',(-37.48924283384,0.44157278914,
    99.000000000004));
#3048 = CARTESIAN_POINT('',(-37.80087440579,8.570493754982E-02,0.));
#3049 = CARTESIAN_POINT('',(-37.61268047281,0.157317457926,
    98.999999999993));
#3050 = CARTESIAN_POINT('',(-37.80087440579,-8.570493754981E-02,0.));
#3051 = CARTESIAN_POINT('',(-37.61268047282,-0.157317457926,
    99.000000000007));
#3052 = CARTESIAN_POINT('',(-37.79999998699,-0.257112263859,0.));
#3053 = CARTESIAN_POINT('',(-37.48924283383,-0.44157278914,
    98.999999999994));
#3054 = CARTESIAN_POINT('',(-37.79825118407,-0.428511943798,0.));
#3055 = CARTESIAN_POINT('',(-37.2736014925,-0.647191900061,
    99.000000000003));
#3056 = CARTESIAN_POINT('',(-37.79562806637,-0.599898879786,0.));
#3057 = CARTESIAN_POINT('',(-37.01179938779,-0.75,98.999999999999));
#3058 = CARTESIAN_POINT('',(-37.79213073791,-0.771267974243,0.));
#3059 = CARTESIAN_POINT('',(-36.75,-0.75,99.));
#3060 = DEFINITIONAL_REPRESENTATION('',(#3061),#3064);
#3061 = B_SPLINE_CURVE_WITH_KNOTS('',1,(#3062,#3063),.UNSPECIFIED.,.F.,
  .F.,(2,2),(3.121187322903,3.161997984276),.PIECEWISE_BEZIER_KNOTS.);
#3062 = CARTESIAN_POINT('',(3.14159265359,0.));
#3063 = CARTESIAN_POINT('',(6.28318530718,0.));
#3064 = ( GEOMETRIC_REPRESENTATION_CONTEXT(2) 
PARAMETRIC_REPRESENTATION_CONTEXT() REPRESENTATION_CONTEXT('2D SPACE',''
  ) );
#3065 = ORIENTED_EDGE('',*,*,#3066,.F.);
#3066 = EDGE_CURVE('',#2976,#3023,#3067,.T.);
#3067 = SURFACE_CURVE('',#3068,(#3073,#3080),.PCURVE_S1.);
#3068 = CIRCLE('',#3069,37.8);
#3069 = AXIS2_PLACEMENT_3D('',#3070,#3071,#3072);
#3070 = CARTESIAN_POINT('',(0.,0.,0.));
#3071 = DIRECTION('',(0.,0.,1.));
#3072 = DIRECTION('',(1.,0.,-0.));
#3073 = PCURVE('',#2960,#3074);
#3074 = DEFINITIONAL_REPRESENTATION('',(#3075),#3079);
#3075 = CIRCLE('',#3076,37.8);
#3076 = AXIS2_PLACEMENT_2D('',#3077,#3078);
#3077 = CARTESIAN_POINT('',(1.882068139409E-15,1.61343992693E-17));
#3078 = DIRECTION('',(1.,0.));
#3079 = ( GEOMETRIC_REPRESENTATION_CONTEXT(2) 
PARAMETRIC_REPRESENTATION_CONTEXT() REPRESENTATION_CONTEXT('2D SPACE',''
  ) );
#3080 = PCURVE('',#3081,#3106);
#3081 = B_SPLINE_SURFACE_WITH_KNOTS('',11,1,(
    (#3082,#3083)
    ,(#3084,#3085)
    ,(#3086,#3087)
    ,(#3088,#3089)
    ,(#3090,#3091)
    ,(#3092,#3093)
    ,(#3094,#3095)
    ,(#3096,#3097)
    ,(#3098,#3099)
    ,(#3100,#3101)
    ,(#3102,#3103)
    ,(#3104,#3105
    )),.UNSPECIFIED.,.F.,.F.,.F.,(12,12),(2,2),(-73.5,0.),(0.,1.),
  .PIECEWISE_BEZIER_KNOTS.);
#3082 = CARTESIAN_POINT('',(37.8,-7.105427357601E-15,0.));
#3083 = CARTESIAN_POINT('',(36.75,0.75,99.));
#3084 = CARTESIAN_POINT('',(37.8,10.725534618702,0.));
#3085 = CARTESIAN_POINT('',(30.068181818182,0.75,99.));
#3086 = CARTESIAN_POINT('',(34.452359659639,21.451068457069,0.));
#3087 = CARTESIAN_POINT('',(23.386363636364,0.75,99.));
#3088 = CARTESIAN_POINT('',(27.757079789678,31.015652162493,0.));
#3089 = CARTESIAN_POINT('',(16.704545454545,0.75,99.));
#3090 = CARTESIAN_POINT('',(18.167101192845,38.2582922896,0.));
#3091 = CARTESIAN_POINT('',(10.022727272727,0.75,99.));
#3092 = CARTESIAN_POINT('',(6.588333853533,42.220109895496,0.));
#3093 = CARTESIAN_POINT('',(3.340909090909,0.75,99.));
#3094 = CARTESIAN_POINT('',(-5.725506764718,42.345748249928,0.));
#3095 = CARTESIAN_POINT('',(-3.340909090909,0.75,99.));
#3096 = CARTESIAN_POINT('',(-17.38270020679,38.621007601877,0.));
#3097 = CARTESIAN_POINT('',(-10.02272727272,0.75,99.));
#3098 = CARTESIAN_POINT('',(-27.11846055823,31.575548363709,0.));
#3099 = CARTESIAN_POINT('',(-16.70454545454,0.75,99.));
#3100 = CARTESIAN_POINT('',(-34.00750154424,22.149565747081,0.));
#3101 = CARTESIAN_POINT('',(-23.38636363636,0.75,99.));
#3102 = CARTESIAN_POINT('',(-37.57328784484,11.494569734672,0.));
#3103 = CARTESIAN_POINT('',(-30.06818181818,0.75,99.));
#3104 = CARTESIAN_POINT('',(-37.79213073791,0.771267974243,0.));
#3105 = CARTESIAN_POINT('',(-36.75,0.75,99.));
#3106 = DEFINITIONAL_REPRESENTATION('',(#3107),#3110);
#3107 = B_SPLINE_CURVE_WITH_KNOTS('',1,(#3108,#3109),.UNSPECIFIED.,.F.,
  .F.,(2,2),(0.,3.121187322903),.PIECEWISE_BEZIER_KNOTS.);
#3108 = CARTESIAN_POINT('',(-73.5,0.));
#3109 = CARTESIAN_POINT('',(0.,0.));
#3110 = ( GEOMETRIC_REPRESENTATION_CONTEXT(2) 
PARAMETRIC_REPRESENTATION_CONTEXT() REPRESENTATION_CONTEXT('2D SPACE',''
  ) );
#3111 = ADVANCED_FACE('',(#3112),#2877,.T.);
#3112 = FACE_BOUND('',#3113,.T.);
#3113 = EDGE_LOOP('',(#3114,#3137,#3138,#3139,#3183,#3210,#3244,#3272,
    #3299,#3327));
#3114 = ORIENTED_EDGE('',*,*,#3115,.F.);
#3115 = EDGE_CURVE('',#2856,#3116,#3118,.T.);
#3116 = VERTEX_POINT('',#3117);
#3117 = CARTESIAN_POINT('',(-44.74999988438,3.216713912759E-03,69.9));
#3118 = SURFACE_CURVE('',#3119,(#3123,#3130),.PCURVE_S1.);
#3119 = LINE('',#3120,#3121);
#3120 = CARTESIAN_POINT('',(8.620763691316E-03,3.216713912751E-03,69.9)
  );
#3121 = VECTOR('',#3122,1.);
#3122 = DIRECTION('',(1.,0.,0.));
#3123 = PCURVE('',#2877,#3124);
#3124 = DEFINITIONAL_REPRESENTATION('',(#3125),#3129);
#3125 = LINE('',#3126,#3127);
#3126 = CARTESIAN_POINT('',(-10.34585520129,-8.620763691314E-03));
#3127 = VECTOR('',#3128,1.);
#3128 = DIRECTION('',(0.,1.));
#3129 = ( GEOMETRIC_REPRESENTATION_CONTEXT(2) 
PARAMETRIC_REPRESENTATION_CONTEXT() REPRESENTATION_CONTEXT('2D SPACE',''
  ) );
#3130 = PCURVE('',#2906,#3131);
#3131 = DEFINITIONAL_REPRESENTATION('',(#3132),#3136);
#3132 = LINE('',#3133,#3134);
#3133 = CARTESIAN_POINT('',(8.620763691318E-03,3.216713912751E-03));
#3134 = VECTOR('',#3135,1.);
#3135 = DIRECTION('',(1.,0.));
#3136 = ( GEOMETRIC_REPRESENTATION_CONTEXT(2) 
PARAMETRIC_REPRESENTATION_CONTEXT() REPRESENTATION_CONTEXT('2D SPACE',''
  ) );
#3137 = ORIENTED_EDGE('',*,*,#2855,.T.);
#3138 = ORIENTED_EDGE('',*,*,#2999,.T.);
#3139 = ORIENTED_EDGE('',*,*,#3140,.T.);
#3140 = EDGE_CURVE('',#3000,#3141,#3143,.T.);
#3141 = VERTEX_POINT('',#3142);
#3142 = CARTESIAN_POINT('',(-37.4999931018,3.216713912751E-03,99.));
#3143 = SURFACE_CURVE('',#3144,(#3155,#3169),.PCURVE_S1.);
#3144 = B_SPLINE_CURVE_WITH_KNOTS('',5,(#3145,#3146,#3147,#3148,#3149,
    #3150,#3151,#3152,#3153,#3154),.UNSPECIFIED.,.F.,.F.,(6,4,6),(0.,
    0.842000002342,1.),.UNSPECIFIED.);
#3145 = CARTESIAN_POINT('',(-37.79999986313,3.216713912751E-03,0.));
#3146 = CARTESIAN_POINT('',(-37.74947719109,3.216713912751E-03,
    16.671600036235));
#3147 = CARTESIAN_POINT('',(-37.69895569622,3.216713912751E-03,
    33.343200080379));
#3148 = CARTESIAN_POINT('',(-37.64843464493,3.216713912751E-03,
    50.014800127579));
#3149 = CARTESIAN_POINT('',(-37.59791394192,3.216713912751E-03,
    66.686400176733));
#3150 = CARTESIAN_POINT('',(-37.53791335127,3.216713912751E-03,
    86.486400181832));
#3151 = CARTESIAN_POINT('',(-37.52843326553,3.216713912751E-03,
    89.614800136313));
#3152 = CARTESIAN_POINT('',(-37.51895318655,3.216713912751E-03,
    92.743200090837));
#3153 = CARTESIAN_POINT('',(-37.5094731137,3.216713912751E-03,
    95.8716000454));
#3154 = CARTESIAN_POINT('',(-37.4999930465,3.216713912751E-03,99.));
#3155 = PCURVE('',#2877,#3156);
#3156 = DEFINITIONAL_REPRESENTATION('',(#3157),#3168);
#3157 = B_SPLINE_CURVE_WITH_KNOTS('',5,(#3158,#3159,#3160,#3161,#3162,
    #3163,#3164,#3165,#3166,#3167),.UNSPECIFIED.,.F.,.F.,(6,4,6),(0.,
    0.842000002342,1.),.UNSPECIFIED.);
#3158 = CARTESIAN_POINT('',(59.554144798701,-37.81724139051));
#3159 = CARTESIAN_POINT('',(42.882544762466,-37.76671871847));
#3160 = CARTESIAN_POINT('',(26.210944718322,-37.7161972236));
#3161 = CARTESIAN_POINT('',(9.539344671122,-37.66567617231));
#3162 = CARTESIAN_POINT('',(-7.132255378032,-37.6151554693));
#3163 = CARTESIAN_POINT('',(-26.93225538313,-37.55515487865));
#3164 = CARTESIAN_POINT('',(-30.06065533761,-37.54567479291));
#3165 = CARTESIAN_POINT('',(-33.18905529213,-37.53619471393));
#3166 = CARTESIAN_POINT('',(-36.31745524669,-37.52671464108));
#3167 = CARTESIAN_POINT('',(-39.44585520129,-37.51723457388));
#3168 = ( GEOMETRIC_REPRESENTATION_CONTEXT(2) 
PARAMETRIC_REPRESENTATION_CONTEXT() REPRESENTATION_CONTEXT('2D SPACE',''
  ) );
#3169 = PCURVE('',#3039,#3170);
#3170 = DEFINITIONAL_REPRESENTATION('',(#3171),#3182);
#3171 = B_SPLINE_CURVE_WITH_KNOTS('',5,(#3172,#3173,#3174,#3175,#3176,
    #3177,#3178,#3179,#3180,#3181),.UNSPECIFIED.,.F.,.F.,(6,4,6),(0.,
    0.842000002342,1.),.UNSPECIFIED.);
#3172 = CARTESIAN_POINT('',(4.7058381421,0.));
#3173 = CARTESIAN_POINT('',(4.706419909718,0.168400000366));
#3174 = CARTESIAN_POINT('',(4.706872857408,0.336800000812));
#3175 = CARTESIAN_POINT('',(4.707251924966,0.505200001289));
#3176 = CARTESIAN_POINT('',(4.707573537111,0.673600001785));
#3177 = CARTESIAN_POINT('',(4.707904884159,0.873600001837));
#3178 = CARTESIAN_POINT('',(4.707955726691,0.905200001377));
#3179 = CARTESIAN_POINT('',(4.708005145563,0.936800000918));
#3180 = CARTESIAN_POINT('',(4.708053218681,0.968400000459));
#3181 = CARTESIAN_POINT('',(4.708100015207,1.));
#3182 = ( GEOMETRIC_REPRESENTATION_CONTEXT(2) 
PARAMETRIC_REPRESENTATION_CONTEXT() REPRESENTATION_CONTEXT('2D SPACE',''
  ) );
#3183 = ORIENTED_EDGE('',*,*,#3184,.F.);
#3184 = EDGE_CURVE('',#3185,#3141,#3187,.T.);
#3185 = VERTEX_POINT('',#3186);
#3186 = CARTESIAN_POINT('',(-37.4999931018,3.216713912751E-03,107.5));
#3187 = SURFACE_CURVE('',#3188,(#3192,#3199),.PCURVE_S1.);
#3188 = LINE('',#3189,#3190);
#3189 = CARTESIAN_POINT('',(-37.4999931018,3.216713912751E-03,99.));
#3190 = VECTOR('',#3191,1.);
#3191 = DIRECTION('',(0.,0.,-1.));
#3192 = PCURVE('',#2877,#3193);
#3193 = DEFINITIONAL_REPRESENTATION('',(#3194),#3198);
#3194 = LINE('',#3195,#3196);
#3195 = CARTESIAN_POINT('',(-39.44585520129,-37.51723462918));
#3196 = VECTOR('',#3197,1.);
#3197 = DIRECTION('',(1.,0.));
#3198 = ( GEOMETRIC_REPRESENTATION_CONTEXT(2) 
PARAMETRIC_REPRESENTATION_CONTEXT() REPRESENTATION_CONTEXT('2D SPACE',''
  ) );
#3199 = PCURVE('',#3200,#3205);
#3200 = CYLINDRICAL_SURFACE('',#3201,0.75);
#3201 = AXIS2_PLACEMENT_3D('',#3202,#3203,#3204);
#3202 = CARTESIAN_POINT('',(-36.75,0.,99.));
#3203 = DIRECTION('',(0.,0.,-1.));
#3204 = DIRECTION('',(0.,-1.,0.));
#3205 = DEFINITIONAL_REPRESENTATION('',(#3206),#3209);
#3206 = B_SPLINE_CURVE_WITH_KNOTS('',1,(#3207,#3208),.UNSPECIFIED.,.F.,
  .F.,(2,2),(-8.5000006,6.000000070117E-07),.PIECEWISE_BEZIER_KNOTS.);
#3207 = CARTESIAN_POINT('',(1.575085291828,-8.5000006));
#3208 = CARTESIAN_POINT('',(1.575085291828,6.000000070117E-07));
#3209 = ( GEOMETRIC_REPRESENTATION_CONTEXT(2) 
PARAMETRIC_REPRESENTATION_CONTEXT() REPRESENTATION_CONTEXT('2D SPACE',''
  ) );
#3210 = ORIENTED_EDGE('',*,*,#3211,.T.);
#3211 = EDGE_CURVE('',#3185,#3212,#3214,.T.);
#3212 = VERTEX_POINT('',#3213);
#3213 = CARTESIAN_POINT('',(-38.99999770061,3.216713912751E-03,109.));
#3214 = SURFACE_CURVE('',#3215,(#3220,#3227),.PCURVE_S1.);
#3215 = HYPERBOLA('',#3216,3.216713912751E-03,3.216713912751E-03);
#3216 = AXIS2_PLACEMENT_3D('',#3217,#3218,#3219);
#3217 = CARTESIAN_POINT('',(-36.75,3.216713912751E-03,106.75));
#3218 = DIRECTION('',(0.,-1.,0.));
#3219 = DIRECTION('',(0.,0.,1.));
#3220 = PCURVE('',#2877,#3221);
#3221 = DEFINITIONAL_REPRESENTATION('',(#3222),#3226);
#3222 = HYPERBOLA('',#3223,3.216713912751E-03,3.216713912751E-03);
#3223 = AXIS2_PLACEMENT_2D('',#3224,#3225);
#3224 = CARTESIAN_POINT('',(-47.19585520129,-36.76724152738));
#3225 = DIRECTION('',(-1.,0.));
#3226 = ( GEOMETRIC_REPRESENTATION_CONTEXT(2) 
PARAMETRIC_REPRESENTATION_CONTEXT() REPRESENTATION_CONTEXT('2D SPACE',''
  ) );
#3227 = PCURVE('',#3228,#3233);
#3228 = CONICAL_SURFACE('',#3229,0.75,0.785398163397);
#3229 = AXIS2_PLACEMENT_3D('',#3230,#3231,#3232);
#3230 = CARTESIAN_POINT('',(-36.75,0.,107.5));
#3231 = DIRECTION('',(0.,0.,1.));
#3232 = DIRECTION('',(0.,-1.,0.));
#3233 = DEFINITIONAL_REPRESENTATION('',(#3234),#3243);
#3234 = B_SPLINE_CURVE_WITH_KNOTS('',7,(#3235,#3236,#3237,#3238,#3239,
    #3240,#3241,#3242),.UNSPECIFIED.,.F.,.F.,(8,8),(6.144855473805,
    7.243471850306),.PIECEWISE_BEZIER_KNOTS.);
#3235 = CARTESIAN_POINT('',(4.708100015352,5.551115123126E-16));
#3236 = CARTESIAN_POINT('',(4.708773145749,0.117707814843));
#3237 = CARTESIAN_POINT('',(4.709323025475,0.256968348904));
#3238 = CARTESIAN_POINT('',(4.709776733143,0.422518028688));
#3239 = CARTESIAN_POINT('',(4.710153918941,0.620390015033));
#3240 = CARTESIAN_POINT('',(4.710469491903,0.858405688081));
#3241 = CARTESIAN_POINT('',(4.710734952471,1.146873668431));
#3242 = CARTESIAN_POINT('',(4.71095932927,1.5));
#3243 = ( GEOMETRIC_REPRESENTATION_CONTEXT(2) 
PARAMETRIC_REPRESENTATION_CONTEXT() REPRESENTATION_CONTEXT('2D SPACE',''
  ) );
#3244 = ORIENTED_EDGE('',*,*,#3245,.F.);
#3245 = EDGE_CURVE('',#3246,#3212,#3248,.T.);
#3246 = VERTEX_POINT('',#3247);
#3247 = CARTESIAN_POINT('',(-39.74999986984,3.216713912752E-03,109.));
#3248 = SURFACE_CURVE('',#3249,(#3253,#3260),.PCURVE_S1.);
#3249 = LINE('',#3250,#3251);
#3250 = CARTESIAN_POINT('',(8.620763691314E-03,3.216713912751E-03,109.)
  );
#3251 = VECTOR('',#3252,1.);
#3252 = DIRECTION('',(1.,0.,0.));
#3253 = PCURVE('',#2877,#3254);
#3254 = DEFINITIONAL_REPRESENTATION('',(#3255),#3259);
#3255 = LINE('',#3256,#3257);
#3256 = CARTESIAN_POINT('',(-49.44585520129,-8.620763691316E-03));
#3257 = VECTOR('',#3258,1.);
#3258 = DIRECTION('',(0.,1.));
#3259 = ( GEOMETRIC_REPRESENTATION_CONTEXT(2) 
PARAMETRIC_REPRESENTATION_CONTEXT() REPRESENTATION_CONTEXT('2D SPACE',''
  ) );
#3260 = PCURVE('',#3261,#3266);
#3261 = PLANE('',#3262);
#3262 = AXIS2_PLACEMENT_3D('',#3263,#3264,#3265);
#3263 = CARTESIAN_POINT('',(-4.403329231825E-15,5.790076070423E-16,109.)
  );
#3264 = DIRECTION('',(0.,0.,1.));
#3265 = DIRECTION('',(1.,0.,-0.));
#3266 = DEFINITIONAL_REPRESENTATION('',(#3267),#3271);
#3267 = LINE('',#3268,#3269);
#3268 = CARTESIAN_POINT('',(8.620763691318E-03,3.21671391275E-03));
#3269 = VECTOR('',#3270,1.);
#3270 = DIRECTION('',(1.,0.));
#3271 = ( GEOMETRIC_REPRESENTATION_CONTEXT(2) 
PARAMETRIC_REPRESENTATION_CONTEXT() REPRESENTATION_CONTEXT('2D SPACE',''
  ) );
#3272 = ORIENTED_EDGE('',*,*,#3273,.T.);
#3273 = EDGE_CURVE('',#3246,#3274,#3276,.T.);
#3274 = VERTEX_POINT('',#3275);
#3275 = CARTESIAN_POINT('',(-39.74999986984,3.216713912752E-03,80.7));
#3276 = SURFACE_CURVE('',#3277,(#3281,#3288),.PCURVE_S1.);
#3277 = LINE('',#3278,#3279);
#3278 = CARTESIAN_POINT('',(-39.74999986984,3.216713912751E-03,80.7));
#3279 = VECTOR('',#3280,1.);
#3280 = DIRECTION('',(-0.,-0.,-1.));
#3281 = PCURVE('',#2877,#3282);
#3282 = DEFINITIONAL_REPRESENTATION('',(#3283),#3287);
#3283 = LINE('',#3284,#3285);
#3284 = CARTESIAN_POINT('',(-21.14585520129,-39.76724139722));
#3285 = VECTOR('',#3286,1.);
#3286 = DIRECTION('',(1.,0.));
#3287 = ( GEOMETRIC_REPRESENTATION_CONTEXT(2) 
PARAMETRIC_REPRESENTATION_CONTEXT() REPRESENTATION_CONTEXT('2D SPACE',''
  ) );
#3288 = PCURVE('',#3289,#3294);
#3289 = CYLINDRICAL_SURFACE('',#3290,39.75);
#3290 = AXIS2_PLACEMENT_3D('',#3291,#3292,#3293);
#3291 = CARTESIAN_POINT('',(0.,0.,80.7));
#3292 = DIRECTION('',(-0.,-0.,-1.));
#3293 = DIRECTION('',(1.,0.,0.));
#3294 = DEFINITIONAL_REPRESENTATION('',(#3295),#3298);
#3295 = B_SPLINE_CURVE_WITH_KNOTS('',1,(#3296,#3297),.UNSPECIFIED.,.F.,
  .F.,(2,2),(-28.3000006,6.000000070117E-07),.PIECEWISE_BEZIER_KNOTS.);
#3296 = CARTESIAN_POINT('',(3.141673577211,-28.3000006));
#3297 = CARTESIAN_POINT('',(3.141673577211,6.000000070117E-07));
#3298 = ( GEOMETRIC_REPRESENTATION_CONTEXT(2) 
PARAMETRIC_REPRESENTATION_CONTEXT() REPRESENTATION_CONTEXT('2D SPACE',''
  ) );
#3299 = ORIENTED_EDGE('',*,*,#3300,.F.);
#3300 = EDGE_CURVE('',#3301,#3274,#3303,.T.);
#3301 = VERTEX_POINT('',#3302);
#3302 = CARTESIAN_POINT('',(-44.74999988438,3.216713912759E-03,80.7));
#3303 = SURFACE_CURVE('',#3304,(#3308,#3315),.PCURVE_S1.);
#3304 = LINE('',#3305,#3306);
#3305 = CARTESIAN_POINT('',(8.620763691315E-03,3.216713912751E-03,80.7)
  );
#3306 = VECTOR('',#3307,1.);
#3307 = DIRECTION('',(1.,0.,0.));
#3308 = PCURVE('',#2877,#3309);
#3309 = DEFINITIONAL_REPRESENTATION('',(#3310),#3314);
#3310 = LINE('',#3311,#3312);
#3311 = CARTESIAN_POINT('',(-21.14585520129,-8.620763691315E-03));
#3312 = VECTOR('',#3313,1.);
#3313 = DIRECTION('',(0.,1.));
#3314 = ( GEOMETRIC_REPRESENTATION_CONTEXT(2) 
PARAMETRIC_REPRESENTATION_CONTEXT() REPRESENTATION_CONTEXT('2D SPACE',''
  ) );
#3315 = PCURVE('',#3316,#3321);
#3316 = PLANE('',#3317);
#3317 = AXIS2_PLACEMENT_3D('',#3318,#3319,#3320);
#3318 = CARTESIAN_POINT('',(-2.933502854163E-15,4.040240899597E-15,80.7)
  );
#3319 = DIRECTION('',(0.,0.,1.));
#3320 = DIRECTION('',(1.,0.,-0.));
#3321 = DEFINITIONAL_REPRESENTATION('',(#3322),#3326);
#3322 = LINE('',#3323,#3324);
#3323 = CARTESIAN_POINT('',(8.620763691318E-03,3.216713912747E-03));
#3324 = VECTOR('',#3325,1.);
#3325 = DIRECTION('',(1.,0.));
#3326 = ( GEOMETRIC_REPRESENTATION_CONTEXT(2) 
PARAMETRIC_REPRESENTATION_CONTEXT() REPRESENTATION_CONTEXT('2D SPACE',''
  ) );
#3327 = ORIENTED_EDGE('',*,*,#3328,.T.);
#3328 = EDGE_CURVE('',#3301,#3116,#3329,.T.);
#3329 = SURFACE_CURVE('',#3330,(#3334,#3341),.PCURVE_S1.);
#3330 = LINE('',#3331,#3332);
#3331 = CARTESIAN_POINT('',(-44.74999988438,3.216713912751E-03,69.9));
#3332 = VECTOR('',#3333,1.);
#3333 = DIRECTION('',(-0.,-0.,-1.));
#3334 = PCURVE('',#2877,#3335);
#3335 = DEFINITIONAL_REPRESENTATION('',(#3336),#3340);
#3336 = LINE('',#3337,#3338);
#3337 = CARTESIAN_POINT('',(-10.34585520129,-44.76724141176));
#3338 = VECTOR('',#3339,1.);
#3339 = DIRECTION('',(1.,0.));
#3340 = ( GEOMETRIC_REPRESENTATION_CONTEXT(2) 
PARAMETRIC_REPRESENTATION_CONTEXT() REPRESENTATION_CONTEXT('2D SPACE',''
  ) );
#3341 = PCURVE('',#3342,#3347);
#3342 = CYLINDRICAL_SURFACE('',#3343,44.75);
#3343 = AXIS2_PLACEMENT_3D('',#3344,#3345,#3346);
#3344 = CARTESIAN_POINT('',(0.,0.,69.9));
#3345 = DIRECTION('',(-0.,-0.,-1.));
#3346 = DIRECTION('',(1.,0.,0.));
#3347 = DEFINITIONAL_REPRESENTATION('',(#3348),#3351);
#3348 = B_SPLINE_CURVE_WITH_KNOTS('',1,(#3349,#3350),.UNSPECIFIED.,.F.,
  .F.,(2,2),(-10.8000006,6.000000070117E-07),.PIECEWISE_BEZIER_KNOTS.);
#3349 = CARTESIAN_POINT('',(3.141664535465,-10.8000006));
#3350 = CARTESIAN_POINT('',(3.141664535465,6.000000070117E-07));
#3351 = ( GEOMETRIC_REPRESENTATION_CONTEXT(2) 
PARAMETRIC_REPRESENTATION_CONTEXT() REPRESENTATION_CONTEXT('2D SPACE',''
  ) );
#3352 = ADVANCED_FACE('',(#3353),#2906,.T.);
#3353 = FACE_BOUND('',#3354,.T.);
#3354 = EDGE_LOOP('',(#3355,#3378,#3379,#3380));
#3355 = ORIENTED_EDGE('',*,*,#3356,.T.);
#3356 = EDGE_CURVE('',#3357,#2890,#3359,.T.);
#3357 = VERTEX_POINT('',#3358);
#3358 = CARTESIAN_POINT('',(44.749999884388,3.216713912751E-03,69.9));
#3359 = SURFACE_CURVE('',#3360,(#3364,#3371),.PCURVE_S1.);
#3360 = LINE('',#3361,#3362);
#3361 = CARTESIAN_POINT('',(8.620763691316E-03,3.216713912751E-03,69.9)
  );
#3362 = VECTOR('',#3363,1.);
#3363 = DIRECTION('',(1.,0.,0.));
#3364 = PCURVE('',#2906,#3365);
#3365 = DEFINITIONAL_REPRESENTATION('',(#3366),#3370);
#3366 = LINE('',#3367,#3368);
#3367 = CARTESIAN_POINT('',(8.620763691318E-03,3.216713912751E-03));
#3368 = VECTOR('',#3369,1.);
#3369 = DIRECTION('',(1.,0.));
#3370 = ( GEOMETRIC_REPRESENTATION_CONTEXT(2) 
PARAMETRIC_REPRESENTATION_CONTEXT() REPRESENTATION_CONTEXT('2D SPACE',''
  ) );
#3371 = PCURVE('',#2933,#3372);
#3372 = DEFINITIONAL_REPRESENTATION('',(#3373),#3377);
#3373 = LINE('',#3374,#3375);
#3374 = CARTESIAN_POINT('',(-10.34585520129,-8.620763691314E-03));
#3375 = VECTOR('',#3376,1.);
#3376 = DIRECTION('',(0.,1.));
#3377 = ( GEOMETRIC_REPRESENTATION_CONTEXT(2) 
PARAMETRIC_REPRESENTATION_CONTEXT() REPRESENTATION_CONTEXT('2D SPACE',''
  ) );
#3378 = ORIENTED_EDGE('',*,*,#2889,.T.);
#3379 = ORIENTED_EDGE('',*,*,#3115,.T.);
#3380 = ORIENTED_EDGE('',*,*,#3381,.F.);
#3381 = EDGE_CURVE('',#3357,#3116,#3382,.T.);
#3382 = SURFACE_CURVE('',#3383,(#3388,#3395),.PCURVE_S1.);
#3383 = CIRCLE('',#3384,44.75);
#3384 = AXIS2_PLACEMENT_3D('',#3385,#3386,#3387);
#3385 = CARTESIAN_POINT('',(0.,0.,69.9));
#3386 = DIRECTION('',(0.,0.,1.));
#3387 = DIRECTION('',(1.,0.,-0.));
#3388 = PCURVE('',#2906,#3389);
#3389 = DEFINITIONAL_REPRESENTATION('',(#3390),#3394);
#3390 = CIRCLE('',#3391,44.75);
#3391 = AXIS2_PLACEMENT_2D('',#3392,#3393);
#3392 = CARTESIAN_POINT('',(1.882068139409E-15,1.61343992693E-17));
#3393 = DIRECTION('',(1.,0.));
#3394 = ( GEOMETRIC_REPRESENTATION_CONTEXT(2) 
PARAMETRIC_REPRESENTATION_CONTEXT() REPRESENTATION_CONTEXT('2D SPACE',''
  ) );
#3395 = PCURVE('',#3342,#3396);
#3396 = DEFINITIONAL_REPRESENTATION('',(#3397),#3401);
#3397 = LINE('',#3398,#3399);
#3398 = CARTESIAN_POINT('',(6.28318530718,0.));
#3399 = VECTOR('',#3400,1.);
#3400 = DIRECTION('',(-1.,0.));
#3401 = ( GEOMETRIC_REPRESENTATION_CONTEXT(2) 
PARAMETRIC_REPRESENTATION_CONTEXT() REPRESENTATION_CONTEXT('2D SPACE',''
  ) );
#3402 = ADVANCED_FACE('',(#3403),#2933,.T.);
#3403 = FACE_BOUND('',#3404,.T.);
#3404 = EDGE_LOOP('',(#3405,#3406,#3407,#3429,#3452,#3474,#3497,#3531,
    #3558,#3707,#3734));
#3405 = ORIENTED_EDGE('',*,*,#2918,.F.);
#3406 = ORIENTED_EDGE('',*,*,#3356,.F.);
#3407 = ORIENTED_EDGE('',*,*,#3408,.F.);
#3408 = EDGE_CURVE('',#3409,#3357,#3411,.T.);
#3409 = VERTEX_POINT('',#3410);
#3410 = CARTESIAN_POINT('',(44.749999884388,3.216713912751E-03,80.7));
#3411 = SURFACE_CURVE('',#3412,(#3416,#3423),.PCURVE_S1.);
#3412 = LINE('',#3413,#3414);
#3413 = CARTESIAN_POINT('',(44.749999884388,3.216713912751E-03,69.9));
#3414 = VECTOR('',#3415,1.);
#3415 = DIRECTION('',(-0.,-0.,-1.));
#3416 = PCURVE('',#2933,#3417);
#3417 = DEFINITIONAL_REPRESENTATION('',(#3418),#3422);
#3418 = LINE('',#3419,#3420);
#3419 = CARTESIAN_POINT('',(-10.34585520129,44.732758357005));
#3420 = VECTOR('',#3421,1.);
#3421 = DIRECTION('',(1.,0.));
#3422 = ( GEOMETRIC_REPRESENTATION_CONTEXT(2) 
PARAMETRIC_REPRESENTATION_CONTEXT() REPRESENTATION_CONTEXT('2D SPACE',''
  ) );
#3423 = PCURVE('',#3342,#3424);
#3424 = DEFINITIONAL_REPRESENTATION('',(#3425),#3428);
#3425 = B_SPLINE_CURVE_WITH_KNOTS('',1,(#3426,#3427),.UNSPECIFIED.,.F.,
  .F.,(2,2),(-10.8000006,6.000000070117E-07),.PIECEWISE_BEZIER_KNOTS.);
#3426 = CARTESIAN_POINT('',(6.283113425304,-10.8000006));
#3427 = CARTESIAN_POINT('',(6.283113425304,6.000000070117E-07));
#3428 = ( GEOMETRIC_REPRESENTATION_CONTEXT(2) 
PARAMETRIC_REPRESENTATION_CONTEXT() REPRESENTATION_CONTEXT('2D SPACE',''
  ) );
#3429 = ORIENTED_EDGE('',*,*,#3430,.F.);
#3430 = EDGE_CURVE('',#3431,#3409,#3433,.T.);
#3431 = VERTEX_POINT('',#3432);
#3432 = CARTESIAN_POINT('',(39.749999869846,3.216713912751E-03,80.7));
#3433 = SURFACE_CURVE('',#3434,(#3438,#3445),.PCURVE_S1.);
#3434 = LINE('',#3435,#3436);
#3435 = CARTESIAN_POINT('',(8.620763691315E-03,3.216713912751E-03,80.7)
  );
#3436 = VECTOR('',#3437,1.);
#3437 = DIRECTION('',(1.,0.,0.));
#3438 = PCURVE('',#2933,#3439);
#3439 = DEFINITIONAL_REPRESENTATION('',(#3440),#3444);
#3440 = LINE('',#3441,#3442);
#3441 = CARTESIAN_POINT('',(-21.14585520129,-8.620763691315E-03));
#3442 = VECTOR('',#3443,1.);
#3443 = DIRECTION('',(0.,1.));
#3444 = ( GEOMETRIC_REPRESENTATION_CONTEXT(2) 
PARAMETRIC_REPRESENTATION_CONTEXT() REPRESENTATION_CONTEXT('2D SPACE',''
  ) );
#3445 = PCURVE('',#3316,#3446);
#3446 = DEFINITIONAL_REPRESENTATION('',(#3447),#3451);
#3447 = LINE('',#3448,#3449);
#3448 = CARTESIAN_POINT('',(8.620763691318E-03,3.216713912747E-03));
#3449 = VECTOR('',#3450,1.);
#3450 = DIRECTION('',(1.,0.));
#3451 = ( GEOMETRIC_REPRESENTATION_CONTEXT(2) 
PARAMETRIC_REPRESENTATION_CONTEXT() REPRESENTATION_CONTEXT('2D SPACE',''
  ) );
#3452 = ORIENTED_EDGE('',*,*,#3453,.F.);
#3453 = EDGE_CURVE('',#3454,#3431,#3456,.T.);
#3454 = VERTEX_POINT('',#3455);
#3455 = CARTESIAN_POINT('',(39.749999869846,3.216713912751E-03,109.));
#3456 = SURFACE_CURVE('',#3457,(#3461,#3468),.PCURVE_S1.);
#3457 = LINE('',#3458,#3459);
#3458 = CARTESIAN_POINT('',(39.749999869846,3.216713912751E-03,80.7));
#3459 = VECTOR('',#3460,1.);
#3460 = DIRECTION('',(-0.,-0.,-1.));
#3461 = PCURVE('',#2933,#3462);
#3462 = DEFINITIONAL_REPRESENTATION('',(#3463),#3467);
#3463 = LINE('',#3464,#3465);
#3464 = CARTESIAN_POINT('',(-21.14585520129,39.732758342463));
#3465 = VECTOR('',#3466,1.);
#3466 = DIRECTION('',(1.,0.));
#3467 = ( GEOMETRIC_REPRESENTATION_CONTEXT(2) 
PARAMETRIC_REPRESENTATION_CONTEXT() REPRESENTATION_CONTEXT('2D SPACE',''
  ) );
#3468 = PCURVE('',#3289,#3469);
#3469 = DEFINITIONAL_REPRESENTATION('',(#3470),#3473);
#3470 = B_SPLINE_CURVE_WITH_KNOTS('',1,(#3471,#3472),.UNSPECIFIED.,.F.,
  .F.,(2,2),(-28.3000006,6.000000070117E-07),.PIECEWISE_BEZIER_KNOTS.);
#3471 = CARTESIAN_POINT('',(6.283104383559,-28.3000006));
#3472 = CARTESIAN_POINT('',(6.283104383559,6.000000070117E-07));
#3473 = ( GEOMETRIC_REPRESENTATION_CONTEXT(2) 
PARAMETRIC_REPRESENTATION_CONTEXT() REPRESENTATION_CONTEXT('2D SPACE',''
  ) );
#3474 = ORIENTED_EDGE('',*,*,#3475,.F.);
#3475 = EDGE_CURVE('',#3476,#3454,#3478,.T.);
#3476 = VERTEX_POINT('',#3477);
#3477 = CARTESIAN_POINT('',(38.99999770061,3.216713912751E-03,109.));
#3478 = SURFACE_CURVE('',#3479,(#3483,#3490),.PCURVE_S1.);
#3479 = LINE('',#3480,#3481);
#3480 = CARTESIAN_POINT('',(8.620763691314E-03,3.216713912751E-03,109.)
  );
#3481 = VECTOR('',#3482,1.);
#3482 = DIRECTION('',(1.,0.,0.));
#3483 = PCURVE('',#2933,#3484);
#3484 = DEFINITIONAL_REPRESENTATION('',(#3485),#3489);
#3485 = LINE('',#3486,#3487);
#3486 = CARTESIAN_POINT('',(-49.44585520129,-8.620763691316E-03));
#3487 = VECTOR('',#3488,1.);
#3488 = DIRECTION('',(0.,1.));
#3489 = ( GEOMETRIC_REPRESENTATION_CONTEXT(2) 
PARAMETRIC_REPRESENTATION_CONTEXT() REPRESENTATION_CONTEXT('2D SPACE',''
  ) );
#3490 = PCURVE('',#3261,#3491);
#3491 = DEFINITIONAL_REPRESENTATION('',(#3492),#3496);
#3492 = LINE('',#3493,#3494);
#3493 = CARTESIAN_POINT('',(8.620763691318E-03,3.21671391275E-03));
#3494 = VECTOR('',#3495,1.);
#3495 = DIRECTION('',(1.,0.));
#3496 = ( GEOMETRIC_REPRESENTATION_CONTEXT(2) 
PARAMETRIC_REPRESENTATION_CONTEXT() REPRESENTATION_CONTEXT('2D SPACE',''
  ) );
#3497 = ORIENTED_EDGE('',*,*,#3498,.T.);
#3498 = EDGE_CURVE('',#3476,#3499,#3501,.T.);
#3499 = VERTEX_POINT('',#3500);
#3500 = CARTESIAN_POINT('',(37.499993101803,3.216713912751E-03,107.5));
#3501 = SURFACE_CURVE('',#3502,(#3507,#3514),.PCURVE_S1.);
#3502 = HYPERBOLA('',#3503,3.216713912751E-03,3.216713912751E-03);
#3503 = AXIS2_PLACEMENT_3D('',#3504,#3505,#3506);
#3504 = CARTESIAN_POINT('',(36.75,3.216713912751E-03,106.75));
#3505 = DIRECTION('',(0.,-1.,0.));
#3506 = DIRECTION('',(0.,0.,1.));
#3507 = PCURVE('',#2933,#3508);
#3508 = DEFINITIONAL_REPRESENTATION('',(#3509),#3513);
#3509 = HYPERBOLA('',#3510,3.216713912751E-03,3.216713912751E-03);
#3510 = AXIS2_PLACEMENT_2D('',#3511,#3512);
#3511 = CARTESIAN_POINT('',(-47.19585520129,36.732758472617));
#3512 = DIRECTION('',(-1.,0.));
#3513 = ( GEOMETRIC_REPRESENTATION_CONTEXT(2) 
PARAMETRIC_REPRESENTATION_CONTEXT() REPRESENTATION_CONTEXT('2D SPACE',''
  ) );
#3514 = PCURVE('',#3515,#3520);
#3515 = CONICAL_SURFACE('',#3516,0.75,0.785398163397);
#3516 = AXIS2_PLACEMENT_3D('',#3517,#3518,#3519);
#3517 = CARTESIAN_POINT('',(36.75,0.,107.5));
#3518 = DIRECTION('',(0.,0.,1.));
#3519 = DIRECTION('',(0.,1.,0.));
#3520 = DEFINITIONAL_REPRESENTATION('',(#3521),#3530);
#3521 = B_SPLINE_CURVE_WITH_KNOTS('',7,(#3522,#3523,#3524,#3525,#3526,
    #3527,#3528,#3529),.UNSPECIFIED.,.F.,.F.,(8,8),(-7.243471850306,
    -6.144855473805),.PIECEWISE_BEZIER_KNOTS.);
#3522 = CARTESIAN_POINT('',(4.7138186315,1.5));
#3523 = CARTESIAN_POINT('',(4.714043008299,1.146873668431));
#3524 = CARTESIAN_POINT('',(4.714308468868,0.858405688081));
#3525 = CARTESIAN_POINT('',(4.714624041828,0.620390015032));
#3526 = CARTESIAN_POINT('',(4.715001227628,0.422518028688));
#3527 = CARTESIAN_POINT('',(4.715454935295,0.256968348904));
#3528 = CARTESIAN_POINT('',(4.716004815021,0.117707814843));
#3529 = CARTESIAN_POINT('',(4.716677945418,5.551115123126E-16));
#3530 = ( GEOMETRIC_REPRESENTATION_CONTEXT(2) 
PARAMETRIC_REPRESENTATION_CONTEXT() REPRESENTATION_CONTEXT('2D SPACE',''
  ) );
#3531 = ORIENTED_EDGE('',*,*,#3532,.T.);
#3532 = EDGE_CURVE('',#3499,#3533,#3535,.T.);
#3533 = VERTEX_POINT('',#3534);
#3534 = CARTESIAN_POINT('',(37.499993101803,3.216713912751E-03,99.));
#3535 = SURFACE_CURVE('',#3536,(#3540,#3547),.PCURVE_S1.);
#3536 = LINE('',#3537,#3538);
#3537 = CARTESIAN_POINT('',(37.499993101803,3.216713912751E-03,99.));
#3538 = VECTOR('',#3539,1.);
#3539 = DIRECTION('',(0.,0.,-1.));
#3540 = PCURVE('',#2933,#3541);
#3541 = DEFINITIONAL_REPRESENTATION('',(#3542),#3546);
#3542 = LINE('',#3543,#3544);
#3543 = CARTESIAN_POINT('',(-39.44585520129,37.48275157442));
#3544 = VECTOR('',#3545,1.);
#3545 = DIRECTION('',(1.,0.));
#3546 = ( GEOMETRIC_REPRESENTATION_CONTEXT(2) 
PARAMETRIC_REPRESENTATION_CONTEXT() REPRESENTATION_CONTEXT('2D SPACE',''
  ) );
#3547 = PCURVE('',#3548,#3553);
#3548 = CYLINDRICAL_SURFACE('',#3549,0.75);
#3549 = AXIS2_PLACEMENT_3D('',#3550,#3551,#3552);
#3550 = CARTESIAN_POINT('',(36.75,0.,99.));
#3551 = DIRECTION('',(0.,0.,-1.));
#3552 = DIRECTION('',(0.,1.,0.));
#3553 = DEFINITIONAL_REPRESENTATION('',(#3554),#3557);
#3554 = B_SPLINE_CURVE_WITH_KNOTS('',1,(#3555,#3556),.UNSPECIFIED.,.F.,
  .F.,(2,2),(-8.5000006,6.000000070117E-07),.PIECEWISE_BEZIER_KNOTS.);
#3555 = CARTESIAN_POINT('',(1.566507361762,-8.5000006));
#3556 = CARTESIAN_POINT('',(1.566507361762,6.000000070117E-07));
#3557 = ( GEOMETRIC_REPRESENTATION_CONTEXT(2) 
PARAMETRIC_REPRESENTATION_CONTEXT() REPRESENTATION_CONTEXT('2D SPACE',''
  ) );
#3558 = ORIENTED_EDGE('',*,*,#3559,.F.);
#3559 = EDGE_CURVE('',#3560,#3533,#3562,.T.);
#3560 = VERTEX_POINT('',#3561);
#3561 = CARTESIAN_POINT('',(37.795496600522,3.216713912751E-03,
    0.424606236484));
#3562 = SURFACE_CURVE('',#3563,(#3602,#3644),.PCURVE_S1.);
#3563 = B_SPLINE_CURVE_WITH_KNOTS('',7,(#3564,#3565,#3566,#3567,#3568,
    #3569,#3570,#3571,#3572,#3573,#3574,#3575,#3576,#3577,#3578,#3579,
    #3580,#3581,#3582,#3583,#3584,#3585,#3586,#3587,#3588,#3589,#3590,
    #3591,#3592,#3593,#3594,#3595,#3596,#3597,#3598,#3599,#3600,#3601),
  .UNSPECIFIED.,.F.,.F.,(8,6,6,6,6,6,8),(0.,7.444463539427E-02,
    0.19473740372,0.376729374166,0.55863294258,0.969467266241,1.),
  .UNSPECIFIED.);
#3564 = CARTESIAN_POINT('',(37.795496600522,3.216713912751E-03,
    0.424606236484));
#3565 = CARTESIAN_POINT('',(37.784486232802,3.216713912751E-03,
    1.472576124453));
#3566 = CARTESIAN_POINT('',(37.774078252353,3.216713912751E-03,
    2.520527814157));
#3567 = CARTESIAN_POINT('',(37.764298146723,3.216713912751E-03,
    3.568464673152));
#3568 = CARTESIAN_POINT('',(37.755161014797,3.216713912751E-03,
    4.616391443341));
#3569 = CARTESIAN_POINT('',(37.746666482676,3.216713912751E-03,
    5.664313788188));
#3570 = CARTESIAN_POINT('',(37.738798259306,3.216713912751E-03,
    6.712237707624));
#3571 = CARTESIAN_POINT('',(37.719781082469,3.216713912751E-03,
    9.453488076345));
#3572 = CARTESIAN_POINT('',(37.709595891579,3.216713912751E-03,
    11.14682603285));
#3573 = CARTESIAN_POINT('',(37.700855424893,3.216713912751E-03,
    12.840205670887));
#3574 = CARTESIAN_POINT('',(37.693358080667,3.216713912751E-03,
    14.533645750873));
#3575 = CARTESIAN_POINT('',(37.686875443827,3.216713912751E-03,
    16.227154096293));
#3576 = CARTESIAN_POINT('',(37.68121273103,3.216713912751E-03,
    17.920731107828));
#3577 = CARTESIAN_POINT('',(37.668623150032,3.216713912751E-03,
    22.176696158487));
#3578 = CARTESIAN_POINT('',(37.662538157324,3.216713912751E-03,
    24.739168149203));
#3579 = CARTESIAN_POINT('',(37.657369123469,3.216713912751E-03,
    27.30177566164));
#3580 = CARTESIAN_POINT('',(37.652712013809,3.216713912751E-03,
    29.864494001434));
#3581 = CARTESIAN_POINT('',(37.648340621158,3.216713912751E-03,
    32.427300987111));
#3582 = CARTESIAN_POINT('',(37.64409305003,3.216713912751E-03,
    34.990178229651));
#3583 = CARTESIAN_POINT('',(37.635642364291,3.216713912751E-03,
    40.114800560927));
#3584 = CARTESIAN_POINT('',(37.631438885845,3.216713912751E-03,
    42.676546319639));
#3585 = CARTESIAN_POINT('',(37.627152687144,3.216713912751E-03,
    45.238337133044));
#3586 = CARTESIAN_POINT('',(37.622729867682,3.216713912751E-03,
    47.8001633524));
#3587 = CARTESIAN_POINT('',(37.618140714134,3.216713912751E-03,
    50.362017691611));
#3588 = CARTESIAN_POINT('',(37.613366381798,3.216713912751E-03,
    52.923895090678));
#3589 = CARTESIAN_POINT('',(37.597175883693,3.216713912751E-03,
    61.271909627469));
#3590 = CARTESIAN_POINT('',(37.584961951229,3.216713912751E-03,
    67.058122000603));
#3591 = CARTESIAN_POINT('',(37.571648184461,3.216713912751E-03,
    72.844393205691));
#3592 = CARTESIAN_POINT('',(37.557321346263,3.216713912751E-03,
    78.630701117722));
#3593 = CARTESIAN_POINT('',(37.542039039641,3.216713912751E-03,
    84.417032128806));
#3594 = CARTESIAN_POINT('',(37.525881059143,3.216713912751E-03,
    90.203380258518));
#3595 = CARTESIAN_POINT('',(37.507652169882,3.216713912751E-03,
    96.419782179988));
#3596 = CARTESIAN_POINT('',(37.506386666691,3.216713912751E-03,
    96.849818303643));
#3597 = CARTESIAN_POINT('',(37.505116719802,3.216713912751E-03,
    97.279854501635));
#3598 = CARTESIAN_POINT('',(37.503842356905,3.216713912751E-03,
    97.709890772066));
#3599 = CARTESIAN_POINT('',(37.502563605517,3.216713912751E-03,
    98.139927113105));
#3600 = CARTESIAN_POINT('',(37.501280492988,3.216713912751E-03,
    98.569963522984));
#3601 = CARTESIAN_POINT('',(37.4999930465,3.216713912751E-03,99.));
#3602 = PCURVE('',#2933,#3603);
#3603 = DEFINITIONAL_REPRESENTATION('',(#3604),#3643);
#3604 = B_SPLINE_CURVE_WITH_KNOTS('',7,(#3605,#3606,#3607,#3608,#3609,
    #3610,#3611,#3612,#3613,#3614,#3615,#3616,#3617,#3618,#3619,#3620,
    #3621,#3622,#3623,#3624,#3625,#3626,#3627,#3628,#3629,#3630,#3631,
    #3632,#3633,#3634,#3635,#3636,#3637,#3638,#3639,#3640,#3641,#3642),
  .UNSPECIFIED.,.F.,.F.,(8,6,6,6,6,6,8),(0.,7.444463539427E-02,
    0.19473740372,0.376729374166,0.55863294258,0.969467266241,1.),
  .UNSPECIFIED.);
#3605 = CARTESIAN_POINT('',(59.129538562217,37.778255073139));
#3606 = CARTESIAN_POINT('',(58.081568674248,37.767244705419));
#3607 = CARTESIAN_POINT('',(57.033616984544,37.75683672497));
#3608 = CARTESIAN_POINT('',(55.985680125549,37.74705661934));
#3609 = CARTESIAN_POINT('',(54.93775335536,37.737919487414));
#3610 = CARTESIAN_POINT('',(53.889831010513,37.729424955293));
#3611 = CARTESIAN_POINT('',(52.841907091077,37.721556731923));
#3612 = CARTESIAN_POINT('',(50.100656722356,37.702539555086));
#3613 = CARTESIAN_POINT('',(48.407318765851,37.692354364196));
#3614 = CARTESIAN_POINT('',(46.713939127814,37.68361389751));
#3615 = CARTESIAN_POINT('',(45.020499047828,37.676116553284));
#3616 = CARTESIAN_POINT('',(43.326990702408,37.669633916444));
#3617 = CARTESIAN_POINT('',(41.633413690873,37.663971203647));
#3618 = CARTESIAN_POINT('',(37.377448640214,37.651381622649));
#3619 = CARTESIAN_POINT('',(34.814976649498,37.645296629941));
#3620 = CARTESIAN_POINT('',(32.252369137061,37.640127596086));
#3621 = CARTESIAN_POINT('',(29.689650797267,37.635470486426));
#3622 = CARTESIAN_POINT('',(27.12684381159,37.631099093775));
#3623 = CARTESIAN_POINT('',(24.56396656905,37.626851522647));
#3624 = CARTESIAN_POINT('',(19.439344237774,37.618400836908));
#3625 = CARTESIAN_POINT('',(16.877598479062,37.614197358462));
#3626 = CARTESIAN_POINT('',(14.315807665657,37.609911159761));
#3627 = CARTESIAN_POINT('',(11.753981446301,37.605488340299));
#3628 = CARTESIAN_POINT('',(9.19212710709,37.600899186751));
#3629 = CARTESIAN_POINT('',(6.630249708023,37.596124854415));
#3630 = CARTESIAN_POINT('',(-1.717764828768,37.57993435631));
#3631 = CARTESIAN_POINT('',(-7.503977201902,37.567720423846));
#3632 = CARTESIAN_POINT('',(-13.29024840699,37.554406657078));
#3633 = CARTESIAN_POINT('',(-19.07655631902,37.54007981888));
#3634 = CARTESIAN_POINT('',(-24.8628873301,37.524797512258));
#3635 = CARTESIAN_POINT('',(-30.64923545981,37.50863953176));
#3636 = CARTESIAN_POINT('',(-36.86563738128,37.490410642499));
#3637 = CARTESIAN_POINT('',(-37.29567350494,37.489145139308));
#3638 = CARTESIAN_POINT('',(-37.72570970293,37.487875192419));
#3639 = CARTESIAN_POINT('',(-38.15574597336,37.486600829522));
#3640 = CARTESIAN_POINT('',(-38.5857823144,37.485322078134));
#3641 = CARTESIAN_POINT('',(-39.01581872428,37.484038965605));
#3642 = CARTESIAN_POINT('',(-39.44585520129,37.482751519117));
#3643 = ( GEOMETRIC_REPRESENTATION_CONTEXT(2) 
PARAMETRIC_REPRESENTATION_CONTEXT() REPRESENTATION_CONTEXT('2D SPACE',''
  ) );
#3644 = PCURVE('',#3645,#3666);
#3645 = B_SPLINE_SURFACE_WITH_KNOTS('',9,1,(
    (#3646,#3647)
    ,(#3648,#3649)
    ,(#3650,#3651)
    ,(#3652,#3653)
    ,(#3654,#3655)
    ,(#3656,#3657)
    ,(#3658,#3659)
    ,(#3660,#3661)
    ,(#3662,#3663)
    ,(#3664,#3665
    )),.UNSPECIFIED.,.F.,.F.,.F.,(10,10),(2,2),(3.14159265359,
    6.28318530718),(0.,1.),.PIECEWISE_BEZIER_KNOTS.);
#3646 = CARTESIAN_POINT('',(37.792130737918,-0.771267974243,0.));
#3647 = CARTESIAN_POINT('',(36.75,-0.75,99.));
#3648 = CARTESIAN_POINT('',(37.793879402147,-0.685583427015,0.));
#3649 = CARTESIAN_POINT('',(37.011799387799,-0.75,99.));
#3650 = CARTESIAN_POINT('',(37.795409506102,-0.599894419434,0.));
#3651 = CARTESIAN_POINT('',(37.273601492499,-0.647191900061,
    98.999999999999));
#3652 = CARTESIAN_POINT('',(37.796721043281,-0.514201588687,0.));
#3653 = CARTESIAN_POINT('',(37.48924283384,-0.44157278914,
    99.000000000004));
#3654 = CARTESIAN_POINT('',(37.797814007183,-0.428505571955,0.));
#3655 = CARTESIAN_POINT('',(37.612680472816,-0.157317457926,
    98.999999999993));
#3656 = CARTESIAN_POINT('',(37.798688391308,-0.342807006425,0.));
#3657 = CARTESIAN_POINT('',(37.612680472822,0.157317457926,
    99.000000000007));
#3658 = CARTESIAN_POINT('',(37.799344189153,-0.25710652928,0.));
#3659 = CARTESIAN_POINT('',(37.489242833835,0.44157278914,
    98.999999999994));
#3660 = CARTESIAN_POINT('',(37.799781394217,-0.171404777705,0.));
#3661 = CARTESIAN_POINT('',(37.2736014925,0.647191900061,99.000000000003
    ));
#3662 = CARTESIAN_POINT('',(37.8,-8.570238888347E-02,0.));
#3663 = CARTESIAN_POINT('',(37.011799387799,0.75,98.999999999999));
#3664 = CARTESIAN_POINT('',(37.8,-9.27036225562E-15,0.));
#3665 = CARTESIAN_POINT('',(36.75,0.75,99.));
#3666 = DEFINITIONAL_REPRESENTATION('',(#3667),#3706);
#3667 = B_SPLINE_CURVE_WITH_KNOTS('',7,(#3668,#3669,#3670,#3671,#3672,
    #3673,#3674,#3675,#3676,#3677,#3678,#3679,#3680,#3681,#3682,#3683,
    #3684,#3685,#3686,#3687,#3688,#3689,#3690,#3691,#3692,#3693,#3694,
    #3695,#3696,#3697,#3698,#3699,#3700,#3701,#3702,#3703,#3704,#3705),
  .UNSPECIFIED.,.F.,.F.,(8,6,6,6,6,6,8),(0.,7.444463539427E-02,
    0.19473740372,0.376729374166,0.55863294258,0.969467266241,1.),
  .UNSPECIFIED.);
#3668 = CARTESIAN_POINT('',(6.28318530718,4.28895188368E-03));
#3669 = CARTESIAN_POINT('',(6.250709797006,1.487450630761E-02));
#3670 = CARTESIAN_POINT('',(6.21744557306,2.545987691068E-02));
#3671 = CARTESIAN_POINT('',(6.183525931298,3.604509770861E-02));
#3672 = CARTESIAN_POINT('',(6.149120208428,4.66302165994E-02));
#3673 = CARTESIAN_POINT('',(6.114421607825,5.721529078978E-02));
#3674 = CARTESIAN_POINT('',(6.079629603808,6.780038088509E-02));
#3675 = CARTESIAN_POINT('',(5.98885194505,9.548977854894E-02));
#3676 = CARTESIAN_POINT('',(5.933010724573,0.112594202352));
#3677 = CARTESIAN_POINT('',(5.878175818595,0.129699047181));
#3678 = CARTESIAN_POINT('',(5.825030734921,0.146804502534));
#3679 = CARTESIAN_POINT('',(5.77395167175,0.163910647437));
#3680 = CARTESIAN_POINT('',(5.725114306725,0.181017485938));
#3681 = CARTESIAN_POINT('',(5.608146931779,0.224007031904));
#3682 = CARTESIAN_POINT('',(5.542969015149,0.249890587366));
#3683 = CARTESIAN_POINT('',(5.483204952483,0.275775511734));
#3684 = CARTESIAN_POINT('',(5.428342744793,0.30166155557));
#3685 = CARTESIAN_POINT('',(5.37784971102,0.327548494819));
#3686 = CARTESIAN_POINT('',(5.331222311046,0.353436143734));
#3687 = CARTESIAN_POINT('',(5.244832386812,0.405200005666));
#3688 = CARTESIAN_POINT('',(5.205066841876,0.431076225451));
#3689 = CARTESIAN_POINT('',(5.168275287732,0.456952900334));
#3690 = CARTESIAN_POINT('',(5.134077994546,0.482829932853));
#3691 = CARTESIAN_POINT('',(5.102161212276,0.50870724941));
#3692 = CARTESIAN_POINT('',(5.072268105382,0.534584798896));
#3693 = CARTESIAN_POINT('',(4.980741720974,0.618908178055));
#3694 = CARTESIAN_POINT('',(4.926511109839,0.677354767683));
#3695 = CARTESIAN_POINT('',(4.878980141188,0.735801951573));
#3696 = CARTESIAN_POINT('',(4.836719326568,0.794249506239));
#3697 = CARTESIAN_POINT('',(4.798713229686,0.85269729423));
#3698 = CARTESIAN_POINT('',(4.764235289529,0.911145255137));
#3699 = CARTESIAN_POINT('',(4.730389192199,0.973937193737));
#3700 = CARTESIAN_POINT('',(4.728064221807,0.978280992966));
#3701 = CARTESIAN_POINT('',(4.725755447295,0.982624792946));
#3702 = CARTESIAN_POINT('',(4.723462646713,0.986968593657));
#3703 = CARTESIAN_POINT('',(4.721185603214,0.991312395082));
#3704 = CARTESIAN_POINT('',(4.718924105047,0.995656197202));
#3705 = CARTESIAN_POINT('',(4.716677945562,1.));
#3706 = ( GEOMETRIC_REPRESENTATION_CONTEXT(2) 
PARAMETRIC_REPRESENTATION_CONTEXT() REPRESENTATION_CONTEXT('2D SPACE',''
  ) );
#3707 = ORIENTED_EDGE('',*,*,#3708,.F.);
#3708 = EDGE_CURVE('',#2976,#3560,#3709,.T.);
#3709 = SURFACE_CURVE('',#3710,(#3716,#3725),.PCURVE_S1.);
#3710 = B_SPLINE_CURVE_WITH_KNOTS('',4,(#3711,#3712,#3713,#3714,#3715),
  .UNSPECIFIED.,.F.,.F.,(5,5),(0.,1.),.PIECEWISE_BEZIER_KNOTS.);
#3711 = CARTESIAN_POINT('',(37.799999863132,3.216713912751E-03,0.));
#3712 = CARTESIAN_POINT('',(37.798871932963,3.216713912751E-03,
    0.106151546809));
#3713 = CARTESIAN_POINT('',(37.797745406425,3.216713912751E-03,
    0.212303101828));
#3714 = CARTESIAN_POINT('',(37.796620292549,3.216713912751E-03,
    0.318454665056));
#3715 = CARTESIAN_POINT('',(37.795496600522,3.216713912751E-03,
    0.424606236484));
#3716 = PCURVE('',#2933,#3717);
#3717 = DEFINITIONAL_REPRESENTATION('',(#3718),#3724);
#3718 = B_SPLINE_CURVE_WITH_KNOTS('',4,(#3719,#3720,#3721,#3722,#3723),
  .UNSPECIFIED.,.F.,.F.,(5,5),(0.,1.),.PIECEWISE_BEZIER_KNOTS.);
#3719 = CARTESIAN_POINT('',(59.554144798701,37.782758335749));
#3720 = CARTESIAN_POINT('',(59.447993251892,37.78163040558));
#3721 = CARTESIAN_POINT('',(59.341841696873,37.780503879042));
#3722 = CARTESIAN_POINT('',(59.235690133645,37.779378765166));
#3723 = CARTESIAN_POINT('',(59.129538562217,37.778255073139));
#3724 = ( GEOMETRIC_REPRESENTATION_CONTEXT(2) 
PARAMETRIC_REPRESENTATION_CONTEXT() REPRESENTATION_CONTEXT('2D SPACE',''
  ) );
#3725 = PCURVE('',#3081,#3726);
#3726 = DEFINITIONAL_REPRESENTATION('',(#3727),#3733);
#3727 = B_SPLINE_CURVE_WITH_KNOTS('',4,(#3728,#3729,#3730,#3731,#3732),
  .UNSPECIFIED.,.F.,.F.,(5,5),(0.,1.),.PIECEWISE_BEZIER_KNOTS.);
#3728 = CARTESIAN_POINT('',(-73.49799604417,0.));
#3729 = CARTESIAN_POINT('',(-73.49849488436,1.072237846559E-03));
#3730 = CARTESIAN_POINT('',(-73.49899515091,2.144475776043E-03));
#3731 = CARTESIAN_POINT('',(-73.49949685301,3.216713788446E-03));
#3732 = CARTESIAN_POINT('',(-73.5,4.288951883677E-03));
#3733 = ( GEOMETRIC_REPRESENTATION_CONTEXT(2) 
PARAMETRIC_REPRESENTATION_CONTEXT() REPRESENTATION_CONTEXT('2D SPACE',''
  ) );
#3734 = ORIENTED_EDGE('',*,*,#2975,.T.);
#3735 = ADVANCED_FACE('',(#3736),#3081,.F.);
#3736 = FACE_BOUND('',#3737,.F.);
#3737 = EDGE_LOOP('',(#3738,#3739,#3740,#3762,#3790));
#3738 = ORIENTED_EDGE('',*,*,#3708,.F.);
#3739 = ORIENTED_EDGE('',*,*,#3066,.T.);
#3740 = ORIENTED_EDGE('',*,*,#3741,.T.);
#3741 = EDGE_CURVE('',#3023,#3742,#3744,.T.);
#3742 = VERTEX_POINT('',#3743);
#3743 = CARTESIAN_POINT('',(-36.75,0.75,99.));
#3744 = SURFACE_CURVE('',#3745,(#3748,#3755),.PCURVE_S1.);
#3745 = B_SPLINE_CURVE_WITH_KNOTS('',1,(#3746,#3747),.UNSPECIFIED.,.F.,
  .F.,(2,2),(0.,1.),.PIECEWISE_BEZIER_KNOTS.);
#3746 = CARTESIAN_POINT('',(-37.79213073791,0.771267974243,0.));
#3747 = CARTESIAN_POINT('',(-36.75,0.75,99.));
#3748 = PCURVE('',#3081,#3749);
#3749 = DEFINITIONAL_REPRESENTATION('',(#3750),#3754);
#3750 = LINE('',#3751,#3752);
#3751 = CARTESIAN_POINT('',(0.,0.));
#3752 = VECTOR('',#3753,1.);
#3753 = DIRECTION('',(0.,1.));
#3754 = ( GEOMETRIC_REPRESENTATION_CONTEXT(2) 
PARAMETRIC_REPRESENTATION_CONTEXT() REPRESENTATION_CONTEXT('2D SPACE',''
  ) );
#3755 = PCURVE('',#3039,#3756);
#3756 = DEFINITIONAL_REPRESENTATION('',(#3757),#3761);
#3757 = LINE('',#3758,#3759);
#3758 = CARTESIAN_POINT('',(3.14159265359,0.));
#3759 = VECTOR('',#3760,1.);
#3760 = DIRECTION('',(0.,1.));
#3761 = ( GEOMETRIC_REPRESENTATION_CONTEXT(2) 
PARAMETRIC_REPRESENTATION_CONTEXT() REPRESENTATION_CONTEXT('2D SPACE',''
  ) );
#3762 = ORIENTED_EDGE('',*,*,#3763,.T.);
#3763 = EDGE_CURVE('',#3742,#3764,#3766,.T.);
#3764 = VERTEX_POINT('',#3765);
#3765 = CARTESIAN_POINT('',(36.75,0.75,99.));
#3766 = SURFACE_CURVE('',#3767,(#3771,#3778),.PCURVE_S1.);
#3767 = LINE('',#3768,#3769);
#3768 = CARTESIAN_POINT('',(-36.75,0.75,99.));
#3769 = VECTOR('',#3770,1.);
#3770 = DIRECTION('',(1.,0.,0.));
#3771 = PCURVE('',#3081,#3772);
#3772 = DEFINITIONAL_REPRESENTATION('',(#3773),#3777);
#3773 = LINE('',#3774,#3775);
#3774 = CARTESIAN_POINT('',(0.,1.));
#3775 = VECTOR('',#3776,1.);
#3776 = DIRECTION('',(-1.,0.));
#3777 = ( GEOMETRIC_REPRESENTATION_CONTEXT(2) 
PARAMETRIC_REPRESENTATION_CONTEXT() REPRESENTATION_CONTEXT('2D SPACE',''
  ) );
#3778 = PCURVE('',#3779,#3784);
#3779 = PLANE('',#3780);
#3780 = AXIS2_PLACEMENT_3D('',#3781,#3782,#3783);
#3781 = CARTESIAN_POINT('',(-36.75,0.75,99.));
#3782 = DIRECTION('',(0.,1.,0.));
#3783 = DIRECTION('',(1.,0.,0.));
#3784 = DEFINITIONAL_REPRESENTATION('',(#3785),#3789);
#3785 = LINE('',#3786,#3787);
#3786 = CARTESIAN_POINT('',(0.,0.));
#3787 = VECTOR('',#3788,1.);
#3788 = DIRECTION('',(1.,0.));
#3789 = ( GEOMETRIC_REPRESENTATION_CONTEXT(2) 
PARAMETRIC_REPRESENTATION_CONTEXT() REPRESENTATION_CONTEXT('2D SPACE',''
  ) );
#3790 = ORIENTED_EDGE('',*,*,#3791,.F.);
#3791 = EDGE_CURVE('',#3560,#3764,#3792,.T.);
#3792 = SURFACE_CURVE('',#3793,(#3796,#3803),.PCURVE_S1.);
#3793 = B_SPLINE_CURVE_WITH_KNOTS('',1,(#3794,#3795),.UNSPECIFIED.,.F.,
  .F.,(2,2),(0.,1.),.PIECEWISE_BEZIER_KNOTS.);
#3794 = CARTESIAN_POINT('',(37.8,-7.105427357601E-15,0.));
#3795 = CARTESIAN_POINT('',(36.75,0.75,99.));
#3796 = PCURVE('',#3081,#3797);
#3797 = DEFINITIONAL_REPRESENTATION('',(#3798),#3802);
#3798 = LINE('',#3799,#3800);
#3799 = CARTESIAN_POINT('',(-73.5,0.));
#3800 = VECTOR('',#3801,1.);
#3801 = DIRECTION('',(0.,1.));
#3802 = ( GEOMETRIC_REPRESENTATION_CONTEXT(2) 
PARAMETRIC_REPRESENTATION_CONTEXT() REPRESENTATION_CONTEXT('2D SPACE',''
  ) );
#3803 = PCURVE('',#3645,#3804);
#3804 = DEFINITIONAL_REPRESENTATION('',(#3805),#3809);
#3805 = LINE('',#3806,#3807);
#3806 = CARTESIAN_POINT('',(6.28318530718,0.));
#3807 = VECTOR('',#3808,1.);
#3808 = DIRECTION('',(0.,1.));
#3809 = ( GEOMETRIC_REPRESENTATION_CONTEXT(2) 
PARAMETRIC_REPRESENTATION_CONTEXT() REPRESENTATION_CONTEXT('2D SPACE',''
  ) );
#3810 = ADVANCED_FACE('',(#3811),#3039,.F.);
#3811 = FACE_BOUND('',#3812,.F.);
#3812 = EDGE_LOOP('',(#3813,#3814,#3815,#3816));
#3813 = ORIENTED_EDGE('',*,*,#3741,.F.);
#3814 = ORIENTED_EDGE('',*,*,#3022,.T.);
#3815 = ORIENTED_EDGE('',*,*,#3140,.T.);
#3816 = ORIENTED_EDGE('',*,*,#3817,.T.);
#3817 = EDGE_CURVE('',#3141,#3742,#3818,.T.);
#3818 = SURFACE_CURVE('',#3819,(#3824,#3831),.PCURVE_S1.);
#3819 = CIRCLE('',#3820,0.75);
#3820 = AXIS2_PLACEMENT_3D('',#3821,#3822,#3823);
#3821 = CARTESIAN_POINT('',(-36.75,0.,99.));
#3822 = DIRECTION('',(-0.,-0.,-1.));
#3823 = DIRECTION('',(0.,-1.,0.));
#3824 = PCURVE('',#3039,#3825);
#3825 = DEFINITIONAL_REPRESENTATION('',(#3826),#3830);
#3826 = LINE('',#3827,#3828);
#3827 = CARTESIAN_POINT('',(6.28318530718,1.));
#3828 = VECTOR('',#3829,1.);
#3829 = DIRECTION('',(-1.,0.));
#3830 = ( GEOMETRIC_REPRESENTATION_CONTEXT(2) 
PARAMETRIC_REPRESENTATION_CONTEXT() REPRESENTATION_CONTEXT('2D SPACE',''
  ) );
#3831 = PCURVE('',#3200,#3832);
#3832 = DEFINITIONAL_REPRESENTATION('',(#3833),#3836);
#3833 = B_SPLINE_CURVE_WITH_KNOTS('',1,(#3834,#3835),.UNSPECIFIED.,.F.,
  .F.,(2,2),(0.,3.14159265359),.PIECEWISE_BEZIER_KNOTS.);
#3834 = CARTESIAN_POINT('',(0.,0.));
#3835 = CARTESIAN_POINT('',(3.14159265359,0.));
#3836 = ( GEOMETRIC_REPRESENTATION_CONTEXT(2) 
PARAMETRIC_REPRESENTATION_CONTEXT() REPRESENTATION_CONTEXT('2D SPACE',''
  ) );
#3837 = ADVANCED_FACE('',(#3838),#3342,.T.);
#3838 = FACE_BOUND('',#3839,.T.);
#3839 = EDGE_LOOP('',(#3840,#3841,#3863,#3864));
#3840 = ORIENTED_EDGE('',*,*,#3328,.F.);
#3841 = ORIENTED_EDGE('',*,*,#3842,.F.);
#3842 = EDGE_CURVE('',#3409,#3301,#3843,.T.);
#3843 = SURFACE_CURVE('',#3844,(#3849,#3856),.PCURVE_S1.);
#3844 = CIRCLE('',#3845,44.75);
#3845 = AXIS2_PLACEMENT_3D('',#3846,#3847,#3848);
#3846 = CARTESIAN_POINT('',(0.,0.,80.7));
#3847 = DIRECTION('',(0.,0.,1.));
#3848 = DIRECTION('',(1.,0.,-0.));
#3849 = PCURVE('',#3342,#3850);
#3850 = DEFINITIONAL_REPRESENTATION('',(#3851),#3855);
#3851 = LINE('',#3852,#3853);
#3852 = CARTESIAN_POINT('',(6.28318530718,-10.8));
#3853 = VECTOR('',#3854,1.);
#3854 = DIRECTION('',(-1.,0.));
#3855 = ( GEOMETRIC_REPRESENTATION_CONTEXT(2) 
PARAMETRIC_REPRESENTATION_CONTEXT() REPRESENTATION_CONTEXT('2D SPACE',''
  ) );
#3856 = PCURVE('',#3316,#3857);
#3857 = DEFINITIONAL_REPRESENTATION('',(#3858),#3862);
#3858 = CIRCLE('',#3859,44.75);
#3859 = AXIS2_PLACEMENT_2D('',#3860,#3861);
#3860 = CARTESIAN_POINT('',(2.933502854163E-15,-4.040240899597E-15));
#3861 = DIRECTION('',(1.,0.));
#3862 = ( GEOMETRIC_REPRESENTATION_CONTEXT(2) 
PARAMETRIC_REPRESENTATION_CONTEXT() REPRESENTATION_CONTEXT('2D SPACE',''
  ) );
#3863 = ORIENTED_EDGE('',*,*,#3408,.T.);
#3864 = ORIENTED_EDGE('',*,*,#3381,.T.);
#3865 = ADVANCED_FACE('',(#3866),#3316,.T.);
#3866 = FACE_BOUND('',#3867,.T.);
#3867 = EDGE_LOOP('',(#3868,#3869,#3870,#3871));
#3868 = ORIENTED_EDGE('',*,*,#3430,.T.);
#3869 = ORIENTED_EDGE('',*,*,#3842,.T.);
#3870 = ORIENTED_EDGE('',*,*,#3300,.T.);
#3871 = ORIENTED_EDGE('',*,*,#3872,.F.);
#3872 = EDGE_CURVE('',#3431,#3274,#3873,.T.);
#3873 = SURFACE_CURVE('',#3874,(#3879,#3886),.PCURVE_S1.);
#3874 = CIRCLE('',#3875,39.75);
#3875 = AXIS2_PLACEMENT_3D('',#3876,#3877,#3878);
#3876 = CARTESIAN_POINT('',(0.,0.,80.7));
#3877 = DIRECTION('',(0.,0.,1.));
#3878 = DIRECTION('',(1.,0.,-0.));
#3879 = PCURVE('',#3316,#3880);
#3880 = DEFINITIONAL_REPRESENTATION('',(#3881),#3885);
#3881 = CIRCLE('',#3882,39.75);
#3882 = AXIS2_PLACEMENT_2D('',#3883,#3884);
#3883 = CARTESIAN_POINT('',(2.933502854163E-15,-4.040240899597E-15));
#3884 = DIRECTION('',(1.,0.));
#3885 = ( GEOMETRIC_REPRESENTATION_CONTEXT(2) 
PARAMETRIC_REPRESENTATION_CONTEXT() REPRESENTATION_CONTEXT('2D SPACE',''
  ) );
#3886 = PCURVE('',#3289,#3887);
#3887 = DEFINITIONAL_REPRESENTATION('',(#3888),#3892);
#3888 = LINE('',#3889,#3890);
#3889 = CARTESIAN_POINT('',(6.28318530718,0.));
#3890 = VECTOR('',#3891,1.);
#3891 = DIRECTION('',(-1.,0.));
#3892 = ( GEOMETRIC_REPRESENTATION_CONTEXT(2) 
PARAMETRIC_REPRESENTATION_CONTEXT() REPRESENTATION_CONTEXT('2D SPACE',''
  ) );
#3893 = ADVANCED_FACE('',(#3894),#3289,.T.);
#3894 = FACE_BOUND('',#3895,.T.);
#3895 = EDGE_LOOP('',(#3896,#3897,#3919,#3920));
#3896 = ORIENTED_EDGE('',*,*,#3273,.F.);
#3897 = ORIENTED_EDGE('',*,*,#3898,.F.);
#3898 = EDGE_CURVE('',#3454,#3246,#3899,.T.);
#3899 = SURFACE_CURVE('',#3900,(#3905,#3912),.PCURVE_S1.);
#3900 = CIRCLE('',#3901,39.75);
#3901 = AXIS2_PLACEMENT_3D('',#3902,#3903,#3904);
#3902 = CARTESIAN_POINT('',(0.,0.,109.));
#3903 = DIRECTION('',(0.,0.,1.));
#3904 = DIRECTION('',(1.,0.,-0.));
#3905 = PCURVE('',#3289,#3906);
#3906 = DEFINITIONAL_REPRESENTATION('',(#3907),#3911);
#3907 = LINE('',#3908,#3909);
#3908 = CARTESIAN_POINT('',(6.28318530718,-28.3));
#3909 = VECTOR('',#3910,1.);
#3910 = DIRECTION('',(-1.,0.));
#3911 = ( GEOMETRIC_REPRESENTATION_CONTEXT(2) 
PARAMETRIC_REPRESENTATION_CONTEXT() REPRESENTATION_CONTEXT('2D SPACE',''
  ) );
#3912 = PCURVE('',#3261,#3913);
#3913 = DEFINITIONAL_REPRESENTATION('',(#3914),#3918);
#3914 = CIRCLE('',#3915,39.75);
#3915 = AXIS2_PLACEMENT_2D('',#3916,#3917);
#3916 = CARTESIAN_POINT('',(4.403329231825E-15,-5.790076070423E-16));
#3917 = DIRECTION('',(1.,0.));
#3918 = ( GEOMETRIC_REPRESENTATION_CONTEXT(2) 
PARAMETRIC_REPRESENTATION_CONTEXT() REPRESENTATION_CONTEXT('2D SPACE',''
  ) );
#3919 = ORIENTED_EDGE('',*,*,#3453,.T.);
#3920 = ORIENTED_EDGE('',*,*,#3872,.T.);
#3921 = ADVANCED_FACE('',(#3922),#3261,.T.);
#3922 = FACE_BOUND('',#3923,.T.);
#3923 = EDGE_LOOP('',(#3924,#3925,#3926,#3927,#3955,#3983));
#3924 = ORIENTED_EDGE('',*,*,#3475,.T.);
#3925 = ORIENTED_EDGE('',*,*,#3898,.T.);
#3926 = ORIENTED_EDGE('',*,*,#3245,.T.);
#3927 = ORIENTED_EDGE('',*,*,#3928,.T.);
#3928 = EDGE_CURVE('',#3212,#3929,#3931,.T.);
#3929 = VERTEX_POINT('',#3930);
#3930 = CARTESIAN_POINT('',(-36.75,2.25,109.));
#3931 = SURFACE_CURVE('',#3932,(#3937,#3948),.PCURVE_S1.);
#3932 = CIRCLE('',#3933,2.25);
#3933 = AXIS2_PLACEMENT_3D('',#3934,#3935,#3936);
#3934 = CARTESIAN_POINT('',(-36.75,0.,109.));
#3935 = DIRECTION('',(-0.,-0.,-1.));
#3936 = DIRECTION('',(0.,-1.,0.));
#3937 = PCURVE('',#3261,#3938);
#3938 = DEFINITIONAL_REPRESENTATION('',(#3939),#3947);
#3939 = ( BOUNDED_CURVE() B_SPLINE_CURVE(2,(#3940,#3941,#3942,#3943,
#3944,#3945,#3946),.UNSPECIFIED.,.T.,.F.) B_SPLINE_CURVE_WITH_KNOTS((1,2
    ,2,2,2,1),(-2.094395102393,0.,2.094395102393,4.188790204786,
6.28318530718,8.377580409573),.UNSPECIFIED.) CURVE() 
GEOMETRIC_REPRESENTATION_ITEM() RATIONAL_B_SPLINE_CURVE((1.,0.5,1.,0.5,
1.,0.5,1.)) REPRESENTATION_ITEM('') );
#3940 = CARTESIAN_POINT('',(-36.75,-2.25));
#3941 = CARTESIAN_POINT('',(-40.64711431703,-2.25));
#3942 = CARTESIAN_POINT('',(-38.69855715851,1.125));
#3943 = CARTESIAN_POINT('',(-36.75,4.5));
#3944 = CARTESIAN_POINT('',(-34.80144284148,1.125));
#3945 = CARTESIAN_POINT('',(-32.85288568297,-2.25));
#3946 = CARTESIAN_POINT('',(-36.75,-2.25));
#3947 = ( GEOMETRIC_REPRESENTATION_CONTEXT(2) 
PARAMETRIC_REPRESENTATION_CONTEXT() REPRESENTATION_CONTEXT('2D SPACE',''
  ) );
#3948 = PCURVE('',#3228,#3949);
#3949 = DEFINITIONAL_REPRESENTATION('',(#3950),#3954);
#3950 = LINE('',#3951,#3952);
#3951 = CARTESIAN_POINT('',(6.28318530718,1.5));
#3952 = VECTOR('',#3953,1.);
#3953 = DIRECTION('',(-1.,0.));
#3954 = ( GEOMETRIC_REPRESENTATION_CONTEXT(2) 
PARAMETRIC_REPRESENTATION_CONTEXT() REPRESENTATION_CONTEXT('2D SPACE',''
  ) );
#3955 = ORIENTED_EDGE('',*,*,#3956,.T.);
#3956 = EDGE_CURVE('',#3929,#3957,#3959,.T.);
#3957 = VERTEX_POINT('',#3958);
#3958 = CARTESIAN_POINT('',(36.75,2.25,109.));
#3959 = SURFACE_CURVE('',#3960,(#3964,#3971),.PCURVE_S1.);
#3960 = LINE('',#3961,#3962);
#3961 = CARTESIAN_POINT('',(-36.75,2.25,109.));
#3962 = VECTOR('',#3963,1.);
#3963 = DIRECTION('',(1.,0.,0.));
#3964 = PCURVE('',#3261,#3965);
#3965 = DEFINITIONAL_REPRESENTATION('',(#3966),#3970);
#3966 = LINE('',#3967,#3968);
#3967 = CARTESIAN_POINT('',(-36.75,2.25));
#3968 = VECTOR('',#3969,1.);
#3969 = DIRECTION('',(1.,0.));
#3970 = ( GEOMETRIC_REPRESENTATION_CONTEXT(2) 
PARAMETRIC_REPRESENTATION_CONTEXT() REPRESENTATION_CONTEXT('2D SPACE',''
  ) );
#3971 = PCURVE('',#3972,#3977);
#3972 = PLANE('',#3973);
#3973 = AXIS2_PLACEMENT_3D('',#3974,#3975,#3976);
#3974 = CARTESIAN_POINT('',(-36.75,2.25,109.));
#3975 = DIRECTION('',(0.,-0.707106781187,0.707106781187));
#3976 = DIRECTION('',(1.,0.,0.));
#3977 = DEFINITIONAL_REPRESENTATION('',(#3978),#3982);
#3978 = LINE('',#3979,#3980);
#3979 = CARTESIAN_POINT('',(0.,0.));
#3980 = VECTOR('',#3981,1.);
#3981 = DIRECTION('',(1.,0.));
#3982 = ( GEOMETRIC_REPRESENTATION_CONTEXT(2) 
PARAMETRIC_REPRESENTATION_CONTEXT() REPRESENTATION_CONTEXT('2D SPACE',''
  ) );
#3983 = ORIENTED_EDGE('',*,*,#3984,.T.);
#3984 = EDGE_CURVE('',#3957,#3476,#3985,.T.);
#3985 = SURFACE_CURVE('',#3986,(#3991,#4002),.PCURVE_S1.);
#3986 = CIRCLE('',#3987,2.25);
#3987 = AXIS2_PLACEMENT_3D('',#3988,#3989,#3990);
#3988 = CARTESIAN_POINT('',(36.75,0.,109.));
#3989 = DIRECTION('',(0.,0.,-1.));
#3990 = DIRECTION('',(0.,1.,0.));
#3991 = PCURVE('',#3261,#3992);
#3992 = DEFINITIONAL_REPRESENTATION('',(#3993),#4001);
#3993 = ( BOUNDED_CURVE() B_SPLINE_CURVE(2,(#3994,#3995,#3996,#3997,
#3998,#3999,#4000),.UNSPECIFIED.,.T.,.F.) B_SPLINE_CURVE_WITH_KNOTS((1,2
    ,2,2,2,1),(-2.094395102393,0.,2.094395102393,4.188790204786,
6.28318530718,8.377580409573),.UNSPECIFIED.) CURVE() 
GEOMETRIC_REPRESENTATION_ITEM() RATIONAL_B_SPLINE_CURVE((1.,0.5,1.,0.5,
1.,0.5,1.)) REPRESENTATION_ITEM('') );
#3994 = CARTESIAN_POINT('',(36.75,2.25));
#3995 = CARTESIAN_POINT('',(40.64711431703,2.25));
#3996 = CARTESIAN_POINT('',(38.698557158515,-1.125));
#3997 = CARTESIAN_POINT('',(36.75,-4.5));
#3998 = CARTESIAN_POINT('',(34.801442841485,-1.125));
#3999 = CARTESIAN_POINT('',(32.85288568297,2.25));
#4000 = CARTESIAN_POINT('',(36.75,2.25));
#4001 = ( GEOMETRIC_REPRESENTATION_CONTEXT(2) 
PARAMETRIC_REPRESENTATION_CONTEXT() REPRESENTATION_CONTEXT('2D SPACE',''
  ) );
#4002 = PCURVE('',#3515,#4003);
#4003 = DEFINITIONAL_REPRESENTATION('',(#4004),#4008);
#4004 = LINE('',#4005,#4006);
#4005 = CARTESIAN_POINT('',(6.28318530718,1.5));
#4006 = VECTOR('',#4007,1.);
#4007 = DIRECTION('',(-1.,0.));
#4008 = ( GEOMETRIC_REPRESENTATION_CONTEXT(2) 
PARAMETRIC_REPRESENTATION_CONTEXT() REPRESENTATION_CONTEXT('2D SPACE',''
  ) );
#4009 = ADVANCED_FACE('',(#4010),#3228,.F.);
#4010 = FACE_BOUND('',#4011,.F.);
#4011 = EDGE_LOOP('',(#4012,#4013,#4033,#4055));
#4012 = ORIENTED_EDGE('',*,*,#3928,.T.);
#4013 = ORIENTED_EDGE('',*,*,#4014,.F.);
#4014 = EDGE_CURVE('',#4015,#3929,#4017,.T.);
#4015 = VERTEX_POINT('',#4016);
#4016 = CARTESIAN_POINT('',(-36.75,0.75,107.5));
#4017 = SURFACE_CURVE('',#4018,(#4021,#4027),.PCURVE_S1.);
#4018 = B_SPLINE_CURVE_WITH_KNOTS('',1,(#4019,#4020),.UNSPECIFIED.,.F.,
  .F.,(2,2),(0.,1.),.PIECEWISE_BEZIER_KNOTS.);
#4019 = CARTESIAN_POINT('',(-36.75,0.75,107.5));
#4020 = CARTESIAN_POINT('',(-36.75,2.25,109.));
#4021 = PCURVE('',#3228,#4022);
#4022 = DEFINITIONAL_REPRESENTATION('',(#4023),#4026);
#4023 = B_SPLINE_CURVE_WITH_KNOTS('',1,(#4024,#4025),.UNSPECIFIED.,.F.,
  .F.,(2,2),(0.,1.),.PIECEWISE_BEZIER_KNOTS.);
#4024 = CARTESIAN_POINT('',(3.14159265359,0.));
#4025 = CARTESIAN_POINT('',(3.14159265359,1.5));
#4026 = ( GEOMETRIC_REPRESENTATION_CONTEXT(2) 
PARAMETRIC_REPRESENTATION_CONTEXT() REPRESENTATION_CONTEXT('2D SPACE',''
  ) );
#4027 = PCURVE('',#3972,#4028);
#4028 = DEFINITIONAL_REPRESENTATION('',(#4029),#4032);
#4029 = B_SPLINE_CURVE_WITH_KNOTS('',1,(#4030,#4031),.UNSPECIFIED.,.F.,
  .F.,(2,2),(0.,1.),.PIECEWISE_BEZIER_KNOTS.);
#4030 = CARTESIAN_POINT('',(0.,-2.12132034356));
#4031 = CARTESIAN_POINT('',(0.,0.));
#4032 = ( GEOMETRIC_REPRESENTATION_CONTEXT(2) 
PARAMETRIC_REPRESENTATION_CONTEXT() REPRESENTATION_CONTEXT('2D SPACE',''
  ) );
#4033 = ORIENTED_EDGE('',*,*,#4034,.F.);
#4034 = EDGE_CURVE('',#3185,#4015,#4035,.T.);
#4035 = SURFACE_CURVE('',#4036,(#4041,#4048),.PCURVE_S1.);
#4036 = CIRCLE('',#4037,0.75);
#4037 = AXIS2_PLACEMENT_3D('',#4038,#4039,#4040);
#4038 = CARTESIAN_POINT('',(-36.75,0.,107.5));
#4039 = DIRECTION('',(-0.,-0.,-1.));
#4040 = DIRECTION('',(0.,-1.,0.));
#4041 = PCURVE('',#3228,#4042);
#4042 = DEFINITIONAL_REPRESENTATION('',(#4043),#4047);
#4043 = LINE('',#4044,#4045);
#4044 = CARTESIAN_POINT('',(6.28318530718,0.));
#4045 = VECTOR('',#4046,1.);
#4046 = DIRECTION('',(-1.,0.));
#4047 = ( GEOMETRIC_REPRESENTATION_CONTEXT(2) 
PARAMETRIC_REPRESENTATION_CONTEXT() REPRESENTATION_CONTEXT('2D SPACE',''
  ) );
#4048 = PCURVE('',#3200,#4049);
#4049 = DEFINITIONAL_REPRESENTATION('',(#4050),#4054);
#4050 = LINE('',#4051,#4052);
#4051 = CARTESIAN_POINT('',(0.,-8.5));
#4052 = VECTOR('',#4053,1.);
#4053 = DIRECTION('',(1.,0.));
#4054 = ( GEOMETRIC_REPRESENTATION_CONTEXT(2) 
PARAMETRIC_REPRESENTATION_CONTEXT() REPRESENTATION_CONTEXT('2D SPACE',''
  ) );
#4055 = ORIENTED_EDGE('',*,*,#3211,.T.);
#4056 = ADVANCED_FACE('',(#4057),#3200,.F.);
#4057 = FACE_BOUND('',#4058,.F.);
#4058 = EDGE_LOOP('',(#4059,#4060,#4061,#4062));
#4059 = ORIENTED_EDGE('',*,*,#3817,.F.);
#4060 = ORIENTED_EDGE('',*,*,#3184,.F.);
#4061 = ORIENTED_EDGE('',*,*,#4034,.T.);
#4062 = ORIENTED_EDGE('',*,*,#4063,.F.);
#4063 = EDGE_CURVE('',#3742,#4015,#4064,.T.);
#4064 = SURFACE_CURVE('',#4065,(#4069,#4076),.PCURVE_S1.);
#4065 = LINE('',#4066,#4067);
#4066 = CARTESIAN_POINT('',(-36.75,0.75,99.));
#4067 = VECTOR('',#4068,1.);
#4068 = DIRECTION('',(0.,0.,1.));
#4069 = PCURVE('',#3200,#4070);
#4070 = DEFINITIONAL_REPRESENTATION('',(#4071),#4075);
#4071 = LINE('',#4072,#4073);
#4072 = CARTESIAN_POINT('',(3.14159265359,0.));
#4073 = VECTOR('',#4074,1.);
#4074 = DIRECTION('',(0.,-1.));
#4075 = ( GEOMETRIC_REPRESENTATION_CONTEXT(2) 
PARAMETRIC_REPRESENTATION_CONTEXT() REPRESENTATION_CONTEXT('2D SPACE',''
  ) );
#4076 = PCURVE('',#3779,#4077);
#4077 = DEFINITIONAL_REPRESENTATION('',(#4078),#4082);
#4078 = LINE('',#4079,#4080);
#4079 = CARTESIAN_POINT('',(0.,0.));
#4080 = VECTOR('',#4081,1.);
#4081 = DIRECTION('',(0.,-1.));
#4082 = ( GEOMETRIC_REPRESENTATION_CONTEXT(2) 
PARAMETRIC_REPRESENTATION_CONTEXT() REPRESENTATION_CONTEXT('2D SPACE',''
  ) );
#4083 = ADVANCED_FACE('',(#4084),#3645,.F.);
#4084 = FACE_BOUND('',#4085,.F.);
#4085 = EDGE_LOOP('',(#4086,#4087,#4088));
#4086 = ORIENTED_EDGE('',*,*,#3559,.F.);
#4087 = ORIENTED_EDGE('',*,*,#3791,.T.);
#4088 = ORIENTED_EDGE('',*,*,#4089,.T.);
#4089 = EDGE_CURVE('',#3764,#3533,#4090,.T.);
#4090 = SURFACE_CURVE('',#4091,(#4096,#4103),.PCURVE_S1.);
#4091 = CIRCLE('',#4092,0.75);
#4092 = AXIS2_PLACEMENT_3D('',#4093,#4094,#4095);
#4093 = CARTESIAN_POINT('',(36.75,0.,99.));
#4094 = DIRECTION('',(0.,0.,-1.));
#4095 = DIRECTION('',(0.,1.,0.));
#4096 = PCURVE('',#3645,#4097);
#4097 = DEFINITIONAL_REPRESENTATION('',(#4098),#4102);
#4098 = LINE('',#4099,#4100);
#4099 = CARTESIAN_POINT('',(6.28318530718,1.));
#4100 = VECTOR('',#4101,1.);
#4101 = DIRECTION('',(-1.,0.));
#4102 = ( GEOMETRIC_REPRESENTATION_CONTEXT(2) 
PARAMETRIC_REPRESENTATION_CONTEXT() REPRESENTATION_CONTEXT('2D SPACE',''
  ) );
#4103 = PCURVE('',#3548,#4104);
#4104 = DEFINITIONAL_REPRESENTATION('',(#4105),#4108);
#4105 = B_SPLINE_CURVE_WITH_KNOTS('',1,(#4106,#4107),.UNSPECIFIED.,.F.,
  .F.,(2,2),(0.,3.14159265359),.PIECEWISE_BEZIER_KNOTS.);
#4106 = CARTESIAN_POINT('',(0.,0.));
#4107 = CARTESIAN_POINT('',(3.14159265359,0.));
#4108 = ( GEOMETRIC_REPRESENTATION_CONTEXT(2) 
PARAMETRIC_REPRESENTATION_CONTEXT() REPRESENTATION_CONTEXT('2D SPACE',''
  ) );
#4109 = ADVANCED_FACE('',(#4110),#3548,.F.);
#4110 = FACE_BOUND('',#4111,.F.);
#4111 = EDGE_LOOP('',(#4112,#4113,#4136,#4158));
#4112 = ORIENTED_EDGE('',*,*,#4089,.F.);
#4113 = ORIENTED_EDGE('',*,*,#4114,.T.);
#4114 = EDGE_CURVE('',#3764,#4115,#4117,.T.);
#4115 = VERTEX_POINT('',#4116);
#4116 = CARTESIAN_POINT('',(36.75,0.75,107.5));
#4117 = SURFACE_CURVE('',#4118,(#4122,#4129),.PCURVE_S1.);
#4118 = LINE('',#4119,#4120);
#4119 = CARTESIAN_POINT('',(36.75,0.75,99.));
#4120 = VECTOR('',#4121,1.);
#4121 = DIRECTION('',(0.,0.,1.));
#4122 = PCURVE('',#3548,#4123);
#4123 = DEFINITIONAL_REPRESENTATION('',(#4124),#4128);
#4124 = LINE('',#4125,#4126);
#4125 = CARTESIAN_POINT('',(0.,0.));
#4126 = VECTOR('',#4127,1.);
#4127 = DIRECTION('',(0.,-1.));
#4128 = ( GEOMETRIC_REPRESENTATION_CONTEXT(2) 
PARAMETRIC_REPRESENTATION_CONTEXT() REPRESENTATION_CONTEXT('2D SPACE',''
  ) );
#4129 = PCURVE('',#3779,#4130);
#4130 = DEFINITIONAL_REPRESENTATION('',(#4131),#4135);
#4131 = LINE('',#4132,#4133);
#4132 = CARTESIAN_POINT('',(73.5,0.));
#4133 = VECTOR('',#4134,1.);
#4134 = DIRECTION('',(0.,-1.));
#4135 = ( GEOMETRIC_REPRESENTATION_CONTEXT(2) 
PARAMETRIC_REPRESENTATION_CONTEXT() REPRESENTATION_CONTEXT('2D SPACE',''
  ) );
#4136 = ORIENTED_EDGE('',*,*,#4137,.T.);
#4137 = EDGE_CURVE('',#4115,#3499,#4138,.T.);
#4138 = SURFACE_CURVE('',#4139,(#4144,#4151),.PCURVE_S1.);
#4139 = CIRCLE('',#4140,0.75);
#4140 = AXIS2_PLACEMENT_3D('',#4141,#4142,#4143);
#4141 = CARTESIAN_POINT('',(36.75,0.,107.5));
#4142 = DIRECTION('',(0.,0.,-1.));
#4143 = DIRECTION('',(0.,1.,0.));
#4144 = PCURVE('',#3548,#4145);
#4145 = DEFINITIONAL_REPRESENTATION('',(#4146),#4150);
#4146 = LINE('',#4147,#4148);
#4147 = CARTESIAN_POINT('',(0.,-8.5));
#4148 = VECTOR('',#4149,1.);
#4149 = DIRECTION('',(1.,0.));
#4150 = ( GEOMETRIC_REPRESENTATION_CONTEXT(2) 
PARAMETRIC_REPRESENTATION_CONTEXT() REPRESENTATION_CONTEXT('2D SPACE',''
  ) );
#4151 = PCURVE('',#3515,#4152);
#4152 = DEFINITIONAL_REPRESENTATION('',(#4153),#4157);
#4153 = LINE('',#4154,#4155);
#4154 = CARTESIAN_POINT('',(6.28318530718,0.));
#4155 = VECTOR('',#4156,1.);
#4156 = DIRECTION('',(-1.,0.));
#4157 = ( GEOMETRIC_REPRESENTATION_CONTEXT(2) 
PARAMETRIC_REPRESENTATION_CONTEXT() REPRESENTATION_CONTEXT('2D SPACE',''
  ) );
#4158 = ORIENTED_EDGE('',*,*,#3532,.T.);
#4159 = ADVANCED_FACE('',(#4160),#3515,.F.);
#4160 = FACE_BOUND('',#4161,.F.);
#4161 = EDGE_LOOP('',(#4162,#4163,#4164,#4165));
#4162 = ORIENTED_EDGE('',*,*,#3984,.T.);
#4163 = ORIENTED_EDGE('',*,*,#3498,.T.);
#4164 = ORIENTED_EDGE('',*,*,#4137,.F.);
#4165 = ORIENTED_EDGE('',*,*,#4166,.T.);
#4166 = EDGE_CURVE('',#4115,#3957,#4167,.T.);
#4167 = SURFACE_CURVE('',#4168,(#4171,#4177),.PCURVE_S1.);
#4168 = B_SPLINE_CURVE_WITH_KNOTS('',1,(#4169,#4170),.UNSPECIFIED.,.F.,
  .F.,(2,2),(0.,1.),.PIECEWISE_BEZIER_KNOTS.);
#4169 = CARTESIAN_POINT('',(36.75,0.75,107.5));
#4170 = CARTESIAN_POINT('',(36.75,2.25,109.));
#4171 = PCURVE('',#3515,#4172);
#4172 = DEFINITIONAL_REPRESENTATION('',(#4173),#4176);
#4173 = B_SPLINE_CURVE_WITH_KNOTS('',1,(#4174,#4175),.UNSPECIFIED.,.F.,
  .F.,(2,2),(0.,1.),.PIECEWISE_BEZIER_KNOTS.);
#4174 = CARTESIAN_POINT('',(6.28318530718,0.));
#4175 = CARTESIAN_POINT('',(6.28318530718,1.5));
#4176 = ( GEOMETRIC_REPRESENTATION_CONTEXT(2) 
PARAMETRIC_REPRESENTATION_CONTEXT() REPRESENTATION_CONTEXT('2D SPACE',''
  ) );
#4177 = PCURVE('',#3972,#4178);
#4178 = DEFINITIONAL_REPRESENTATION('',(#4179),#4182);
#4179 = B_SPLINE_CURVE_WITH_KNOTS('',1,(#4180,#4181),.UNSPECIFIED.,.F.,
  .F.,(2,2),(0.,1.),.PIECEWISE_BEZIER_KNOTS.);
#4180 = CARTESIAN_POINT('',(73.5,-2.12132034356));
#4181 = CARTESIAN_POINT('',(73.5,0.));
#4182 = ( GEOMETRIC_REPRESENTATION_CONTEXT(2) 
PARAMETRIC_REPRESENTATION_CONTEXT() REPRESENTATION_CONTEXT('2D SPACE',''
  ) );
#4183 = ADVANCED_FACE('',(#4184),#3779,.F.);
#4184 = FACE_BOUND('',#4185,.F.);
#4185 = EDGE_LOOP('',(#4186,#4187,#4188,#4209));
#4186 = ORIENTED_EDGE('',*,*,#3763,.F.);
#4187 = ORIENTED_EDGE('',*,*,#4063,.T.);
#4188 = ORIENTED_EDGE('',*,*,#4189,.T.);
#4189 = EDGE_CURVE('',#4015,#4115,#4190,.T.);
#4190 = SURFACE_CURVE('',#4191,(#4195,#4202),.PCURVE_S1.);
#4191 = LINE('',#4192,#4193);
#4192 = CARTESIAN_POINT('',(-36.75,0.75,107.5));
#4193 = VECTOR('',#4194,1.);
#4194 = DIRECTION('',(1.,0.,0.));
#4195 = PCURVE('',#3779,#4196);
#4196 = DEFINITIONAL_REPRESENTATION('',(#4197),#4201);
#4197 = LINE('',#4198,#4199);
#4198 = CARTESIAN_POINT('',(0.,-8.5));
#4199 = VECTOR('',#4200,1.);
#4200 = DIRECTION('',(1.,0.));
#4201 = ( GEOMETRIC_REPRESENTATION_CONTEXT(2) 
PARAMETRIC_REPRESENTATION_CONTEXT() REPRESENTATION_CONTEXT('2D SPACE',''
  ) );
#4202 = PCURVE('',#3972,#4203);
#4203 = DEFINITIONAL_REPRESENTATION('',(#4204),#4208);
#4204 = LINE('',#4205,#4206);
#4205 = CARTESIAN_POINT('',(0.,-2.12132034356));
#4206 = VECTOR('',#4207,1.);
#4207 = DIRECTION('',(1.,0.));
#4208 = ( GEOMETRIC_REPRESENTATION_CONTEXT(2) 
PARAMETRIC_REPRESENTATION_CONTEXT() REPRESENTATION_CONTEXT('2D SPACE',''
  ) );
#4209 = ORIENTED_EDGE('',*,*,#4114,.F.);
#4210 = ADVANCED_FACE('',(#4211),#3972,.T.);
#4211 = FACE_BOUND('',#4212,.T.);
#4212 = EDGE_LOOP('',(#4213,#4214,#4215,#4216));
#4213 = ORIENTED_EDGE('',*,*,#4189,.T.);
#4214 = ORIENTED_EDGE('',*,*,#4166,.T.);
#4215 = ORIENTED_EDGE('',*,*,#3956,.F.);
#4216 = ORIENTED_EDGE('',*,*,#4014,.F.);
#4217 = ( GEOMETRIC_REPRESENTATION_CONTEXT(3) 
GLOBAL_UNCERTAINTY_ASSIGNED_CONTEXT((#4221)) 
GLOBAL_UNIT_ASSIGNED_CONTEXT((#4218,#4219,#4220)) REPRESENTATION_CONTEXT
('Context #1','3D Context with UNIT and UNCERTAINTY') );
#4218 = ( LENGTH_UNIT() NAMED_UNIT(*) SI_UNIT(.MILLI.,.METRE.) );
#4219 = ( NAMED_UNIT(*) PLANE_ANGLE_UNIT() SI_UNIT($,.RADIAN.) );
#4220 = ( NAMED_UNIT(*) SI_UNIT($,.STERADIAN.) SOLID_ANGLE_UNIT() );
#4221 = UNCERTAINTY_MEASURE_WITH_UNIT(LENGTH_MEASURE(1.E-07),#4218,
  'distance_accuracy_value','confusion accuracy');
#4222 = CONTEXT_DEPENDENT_SHAPE_REPRESENTATION(#4223,#4225);
#4223 = ( REPRESENTATION_RELATIONSHIP('','',#2848,#10) 
REPRESENTATION_RELATIONSHIP_WITH_TRANSFORMATION(#4224) 
SHAPE_REPRESENTATION_RELATIONSHIP() );
#4224 = ITEM_DEFINED_TRANSFORMATION('','',#11,#23);
#4225 = PRODUCT_DEFINITION_SHAPE('Placement','Placement of an item',
  #4226);
#4226 = NEXT_ASSEMBLY_USAGE_OCCURRENCE('13','','',#5,#2843,$);
#4227 = PRODUCT_RELATED_PRODUCT_CATEGORY('part',$,(#2845));
ENDSEC;
END-ISO-10303-21;
