ISO-10303-21;
HEADER;
FILE_DESCRIPTION(('Open CASCADE Model'),'2;1');
FILE_NAME('Open CASCADE Shape Model','2026-09-11T02:09:20',('Author'),(
    'Open CASCADE'),'Open CASCADE STEP processor 7.9','Open CASCADE 7.9'
  ,'Unknown');
FILE_SCHEMA(('AUTOMOTIVE_DESIGN { 1 0 10303 214 1 1 1 1 }'));
ENDSEC;
DATA;
#1 = APPLICATION_PROTOCOL_DEFINITION('international standard',
  'automotive_design',2000,#2);
#2 = APPLICATION_CONTEXT(
  'core data for automotive mechanical design processes');
#3 = SHAPE_DEFINITION_REPRESENTATION(#4,#10);
#4 = PRODUCT_DEFINITION_SHAPE('','',#5);
#5 = PRODUCT_DEFINITION('design','',#6,#9);
#6 = PRODUCT_DEFINITION_FORMATION('','',#7);
#7 = PRODUCT('Open CASCADE STEP translator 7.9 5',
  'Open CASCADE STEP translator 7.9 5','',(#8));
#8 = PRODUCT_CONTEXT('',#2,'mechanical');
#9 = PRODUCT_DEFINITION_CONTEXT('part definition',#2,'design');
#10 = ADVANCED_BREP_SHAPE_REPRESENTATION('',(#11,#15),#4150);
#11 = AXIS2_PLACEMENT_3D('',#12,#13,#14);
#12 = CARTESIAN_POINT('',(0.,0.,0.));
#13 = DIRECTION('',(0.,0.,1.));
#14 = DIRECTION('',(1.,0.,-0.));
#15 = MANIFOLD_SOLID_BREP('',#16);
#16 = CLOSED_SHELL('',(#17,#137,#882,#1314,#1415,#1440,#1862,#1889,#2009
    ,#2368,#2434,#2500,#2566,#2915,#3011,#3061,#3115,#3122,#3471,#3582,
    #3667,#3750,#3829,#3961,#3985,#4039,#4067,#4108,#4136,#4143));
#17 = ADVANCED_FACE('',(#18),#33,.T.);
#18 = FACE_BOUND('',#19,.F.);
#19 = EDGE_LOOP('',(#20,#56,#84,#113));
#20 = ORIENTED_EDGE('',*,*,#21,.F.);
#21 = EDGE_CURVE('',#22,#24,#26,.T.);
#22 = VERTEX_POINT('',#23);
#23 = CARTESIAN_POINT('',(46.5,0.,0.));
#24 = VERTEX_POINT('',#25);
#25 = CARTESIAN_POINT('',(-46.5,-5.670707925532E-06,0.));
#26 = SURFACE_CURVE('',#27,(#32,#44),.PCURVE_S1.);
#27 = CIRCLE('',#28,46.5);
#28 = AXIS2_PLACEMENT_3D('',#29,#30,#31);
#29 = CARTESIAN_POINT('',(0.,0.,0.));
#30 = DIRECTION('',(0.,0.,1.));
#31 = DIRECTION('',(1.,0.,0.));
#32 = PCURVE('',#33,#38);
#33 = CYLINDRICAL_SURFACE('',#34,46.5);
#34 = AXIS2_PLACEMENT_3D('',#35,#36,#37);
#35 = CARTESIAN_POINT('',(0.,0.,0.));
#36 = DIRECTION('',(-0.,-0.,-1.));
#37 = DIRECTION('',(1.,0.,0.));
#38 = DEFINITIONAL_REPRESENTATION('',(#39),#43);
#39 = LINE('',#40,#41);
#40 = CARTESIAN_POINT('',(-0.,0.));
#41 = VECTOR('',#42,1.);
#42 = DIRECTION('',(-1.,0.));
#43 = ( GEOMETRIC_REPRESENTATION_CONTEXT(2) 
PARAMETRIC_REPRESENTATION_CONTEXT() REPRESENTATION_CONTEXT('2D SPACE',''
  ) );
#44 = PCURVE('',#45,#50);
#45 = PLANE('',#46);
#46 = AXIS2_PLACEMENT_3D('',#47,#48,#49);
#47 = CARTESIAN_POINT('',(-1.882068139409E-15,-1.61343992693E-17,0.));
#48 = DIRECTION('',(0.,0.,1.));
#49 = DIRECTION('',(1.,0.,-0.));
#50 = DEFINITIONAL_REPRESENTATION('',(#51),#55);
#51 = CIRCLE('',#52,46.5);
#52 = AXIS2_PLACEMENT_2D('',#53,#54);
#53 = CARTESIAN_POINT('',(1.882068139409E-15,1.61343992693E-17));
#54 = DIRECTION('',(1.,0.));
#55 = ( GEOMETRIC_REPRESENTATION_CONTEXT(2) 
PARAMETRIC_REPRESENTATION_CONTEXT() REPRESENTATION_CONTEXT('2D SPACE',''
  ) );
#56 = ORIENTED_EDGE('',*,*,#57,.T.);
#57 = EDGE_CURVE('',#22,#58,#60,.T.);
#58 = VERTEX_POINT('',#59);
#59 = CARTESIAN_POINT('',(46.5,0.,69.9));
#60 = SURFACE_CURVE('',#61,(#65,#72),.PCURVE_S1.);
#61 = LINE('',#62,#63);
#62 = CARTESIAN_POINT('',(46.5,0.,0.));
#63 = VECTOR('',#64,1.);
#64 = DIRECTION('',(0.,0.,1.));
#65 = PCURVE('',#33,#66);
#66 = DEFINITIONAL_REPRESENTATION('',(#67),#71);
#67 = LINE('',#68,#69);
#68 = CARTESIAN_POINT('',(-0.,0.));
#69 = VECTOR('',#70,1.);
#70 = DIRECTION('',(-0.,-1.));
#71 = ( GEOMETRIC_REPRESENTATION_CONTEXT(2) 
PARAMETRIC_REPRESENTATION_CONTEXT() REPRESENTATION_CONTEXT('2D SPACE',''
  ) );
#72 = PCURVE('',#73,#78);
#73 = CYLINDRICAL_SURFACE('',#74,46.5);
#74 = AXIS2_PLACEMENT_3D('',#75,#76,#77);
#75 = CARTESIAN_POINT('',(0.,0.,0.));
#76 = DIRECTION('',(-0.,-0.,-1.));
#77 = DIRECTION('',(1.,0.,0.));
#78 = DEFINITIONAL_REPRESENTATION('',(#79),#83);
#79 = LINE('',#80,#81);
#80 = CARTESIAN_POINT('',(-6.28318530718,0.));
#81 = VECTOR('',#82,1.);
#82 = DIRECTION('',(-0.,-1.));
#83 = ( GEOMETRIC_REPRESENTATION_CONTEXT(2) 
PARAMETRIC_REPRESENTATION_CONTEXT() REPRESENTATION_CONTEXT('2D SPACE',''
  ) );
#84 = ORIENTED_EDGE('',*,*,#85,.T.);
#85 = EDGE_CURVE('',#58,#86,#88,.T.);
#86 = VERTEX_POINT('',#87);
#87 = CARTESIAN_POINT('',(-46.5,-5.670707925532E-06,69.9));
#88 = SURFACE_CURVE('',#89,(#94,#101),.PCURVE_S1.);
#89 = CIRCLE('',#90,46.5);
#90 = AXIS2_PLACEMENT_3D('',#91,#92,#93);
#91 = CARTESIAN_POINT('',(0.,0.,69.9));
#92 = DIRECTION('',(0.,0.,1.));
#93 = DIRECTION('',(1.,0.,0.));
#94 = PCURVE('',#33,#95);
#95 = DEFINITIONAL_REPRESENTATION('',(#96),#100);
#96 = LINE('',#97,#98);
#97 = CARTESIAN_POINT('',(-0.,-69.9));
#98 = VECTOR('',#99,1.);
#99 = DIRECTION('',(-1.,0.));
#100 = ( GEOMETRIC_REPRESENTATION_CONTEXT(2) 
PARAMETRIC_REPRESENTATION_CONTEXT() REPRESENTATION_CONTEXT('2D SPACE',''
  ) );
#101 = PCURVE('',#102,#107);
#102 = PLANE('',#103);
#103 = AXIS2_PLACEMENT_3D('',#104,#105,#106);
#104 = CARTESIAN_POINT('',(-1.882068139409E-15,-1.61343992693E-17,69.9)
  );
#105 = DIRECTION('',(0.,0.,1.));
#106 = DIRECTION('',(1.,0.,-0.));
#107 = DEFINITIONAL_REPRESENTATION('',(#108),#112);
#108 = CIRCLE('',#109,46.5);
#109 = AXIS2_PLACEMENT_2D('',#110,#111);
#110 = CARTESIAN_POINT('',(1.882068139409E-15,1.61343992693E-17));
#111 = DIRECTION('',(1.,0.));
#112 = ( GEOMETRIC_REPRESENTATION_CONTEXT(2) 
PARAMETRIC_REPRESENTATION_CONTEXT() REPRESENTATION_CONTEXT('2D SPACE',''
  ) );
#113 = ORIENTED_EDGE('',*,*,#114,.T.);
#114 = EDGE_CURVE('',#86,#24,#115,.T.);
#115 = SURFACE_CURVE('',#116,(#120,#126),.PCURVE_S1.);
#116 = LINE('',#117,#118);
#117 = CARTESIAN_POINT('',(-46.5,-5.670707919931E-06,0.));
#118 = VECTOR('',#119,1.);
#119 = DIRECTION('',(-0.,-0.,-1.));
#120 = PCURVE('',#33,#121);
#121 = DEFINITIONAL_REPRESENTATION('',(#122),#125);
#122 = B_SPLINE_CURVE_WITH_KNOTS('',1,(#123,#124),.UNSPECIFIED.,.F.,.F.,
  (2,2),(-69.9000006,6.E-07),.PIECEWISE_BEZIER_KNOTS.);
#123 = CARTESIAN_POINT('',(-3.141592775541,-69.9000006));
#124 = CARTESIAN_POINT('',(-3.141592775541,6.E-07));
#125 = ( GEOMETRIC_REPRESENTATION_CONTEXT(2) 
PARAMETRIC_REPRESENTATION_CONTEXT() REPRESENTATION_CONTEXT('2D SPACE',''
  ) );
#126 = PCURVE('',#127,#132);
#127 = PLANE('',#128);
#128 = AXIS2_PLACEMENT_3D('',#129,#130,#131);
#129 = CARTESIAN_POINT('',(1.847204318023E-04,-5.670707919931E-06,
    52.831249336744));
#130 = DIRECTION('',(-0.,-1.,-0.));
#131 = DIRECTION('',(0.,0.,-1.));
#132 = DEFINITIONAL_REPRESENTATION('',(#133),#136);
#133 = B_SPLINE_CURVE_WITH_KNOTS('',1,(#134,#135),.UNSPECIFIED.,.F.,.F.,
  (2,2),(-69.9000006,6.E-07),.PIECEWISE_BEZIER_KNOTS.);
#134 = CARTESIAN_POINT('',(-17.06875126325,-46.50018472043));
#135 = CARTESIAN_POINT('',(52.831249936744,-46.50018472043));
#136 = ( GEOMETRIC_REPRESENTATION_CONTEXT(2) 
PARAMETRIC_REPRESENTATION_CONTEXT() REPRESENTATION_CONTEXT('2D SPACE',''
  ) );
#137 = ADVANCED_FACE('',(#138),#45,.F.);
#138 = FACE_BOUND('',#139,.F.);
#139 = EDGE_LOOP('',(#140,#164,#165,#186,#270,#354,#438,#522,#606,#690,
    #774,#858));
#140 = ORIENTED_EDGE('',*,*,#141,.T.);
#141 = EDGE_CURVE('',#142,#22,#144,.T.);
#142 = VERTEX_POINT('',#143);
#143 = CARTESIAN_POINT('',(46.5,-5.670707942616E-06,0.));
#144 = SURFACE_CURVE('',#145,(#150,#157),.PCURVE_S1.);
#145 = CIRCLE('',#146,46.5);
#146 = AXIS2_PLACEMENT_3D('',#147,#148,#149);
#147 = CARTESIAN_POINT('',(0.,0.,0.));
#148 = DIRECTION('',(0.,0.,1.));
#149 = DIRECTION('',(1.,0.,0.));
#150 = PCURVE('',#45,#151);
#151 = DEFINITIONAL_REPRESENTATION('',(#152),#156);
#152 = CIRCLE('',#153,46.5);
#153 = AXIS2_PLACEMENT_2D('',#154,#155);
#154 = CARTESIAN_POINT('',(1.882068139409E-15,1.61343992693E-17));
#155 = DIRECTION('',(1.,0.));
#156 = ( GEOMETRIC_REPRESENTATION_CONTEXT(2) 
PARAMETRIC_REPRESENTATION_CONTEXT() REPRESENTATION_CONTEXT('2D SPACE',''
  ) );
#157 = PCURVE('',#73,#158);
#158 = DEFINITIONAL_REPRESENTATION('',(#159),#163);
#159 = LINE('',#160,#161);
#160 = CARTESIAN_POINT('',(-0.,0.));
#161 = VECTOR('',#162,1.);
#162 = DIRECTION('',(-1.,0.));
#163 = ( GEOMETRIC_REPRESENTATION_CONTEXT(2) 
PARAMETRIC_REPRESENTATION_CONTEXT() REPRESENTATION_CONTEXT('2D SPACE',''
  ) );
#164 = ORIENTED_EDGE('',*,*,#21,.T.);
#165 = ORIENTED_EDGE('',*,*,#166,.T.);
#166 = EDGE_CURVE('',#24,#167,#169,.T.);
#167 = VERTEX_POINT('',#168);
#168 = CARTESIAN_POINT('',(-37.79999999999,-5.670707919687E-06,0.));
#169 = SURFACE_CURVE('',#170,(#174,#180),.PCURVE_S1.);
#170 = LINE('',#171,#172);
#171 = CARTESIAN_POINT('',(9.23602159002E-05,-5.670707919931E-06,0.));
#172 = VECTOR('',#173,1.);
#173 = DIRECTION('',(1.,0.,0.));
#174 = PCURVE('',#45,#175);
#175 = DEFINITIONAL_REPRESENTATION('',(#176),#179);
#176 = B_SPLINE_CURVE_WITH_KNOTS('',1,(#177,#178),.UNSPECIFIED.,.F.,.F.,
  (2,2),(-46.50009236021,46.499907639784),.PIECEWISE_BEZIER_KNOTS.);
#177 = CARTESIAN_POINT('',(-46.5,-5.670707919915E-06));
#178 = CARTESIAN_POINT('',(46.5,-5.670707919915E-06));
#179 = ( GEOMETRIC_REPRESENTATION_CONTEXT(2) 
PARAMETRIC_REPRESENTATION_CONTEXT() REPRESENTATION_CONTEXT('2D SPACE',''
  ) );
#180 = PCURVE('',#127,#181);
#181 = DEFINITIONAL_REPRESENTATION('',(#182),#185);
#182 = B_SPLINE_CURVE_WITH_KNOTS('',1,(#183,#184),.UNSPECIFIED.,.F.,.F.,
  (2,2),(-46.50009236021,46.499907639784),.PIECEWISE_BEZIER_KNOTS.);
#183 = CARTESIAN_POINT('',(52.831249336744,-46.50018472043));
#184 = CARTESIAN_POINT('',(52.831249336744,46.499815279568));
#185 = ( GEOMETRIC_REPRESENTATION_CONTEXT(2) 
PARAMETRIC_REPRESENTATION_CONTEXT() REPRESENTATION_CONTEXT('2D SPACE',''
  ) );
#186 = ORIENTED_EDGE('',*,*,#187,.F.);
#187 = EDGE_CURVE('',#188,#167,#190,.T.);
#188 = VERTEX_POINT('',#189);
#189 = CARTESIAN_POINT('',(-37.79213073791,0.771267974243,0.));
#190 = SURFACE_CURVE('',#191,(#203,#218),.PCURVE_S1.);
#191 = B_SPLINE_CURVE_WITH_KNOTS('',10,(#192,#193,#194,#195,#196,#197,
    #198,#199,#200,#201,#202),.UNSPECIFIED.,.F.,.F.,(11,11),(6.,7.),
  .PIECEWISE_BEZIER_KNOTS.);
#192 = CARTESIAN_POINT('',(-37.79213073791,0.771267974243,0.));
#193 = CARTESIAN_POINT('',(-37.79527833353,0.617035789232,0.));
#194 = CARTESIAN_POINT('',(-37.79772656053,0.462789330996,0.));
#195 = CARTESIAN_POINT('',(-37.79947534612,0.308532167841,0.));
#196 = CARTESIAN_POINT('',(-37.80052463827,0.154267868074,0.));
#197 = CARTESIAN_POINT('',(-37.80087440579,4.640732242933E-15,0.));
#198 = CARTESIAN_POINT('',(-37.80052463827,-0.154267868074,0.));
#199 = CARTESIAN_POINT('',(-37.79947534612,-0.308532167841,0.));
#200 = CARTESIAN_POINT('',(-37.79772656053,-0.462789330996,0.));
#201 = CARTESIAN_POINT('',(-37.79527833353,-0.617035789232,0.));
#202 = CARTESIAN_POINT('',(-37.79213073791,-0.771267974243,0.));
#203 = PCURVE('',#45,#204);
#204 = DEFINITIONAL_REPRESENTATION('',(#205),#217);
#205 = B_SPLINE_CURVE_WITH_KNOTS('',10,(#206,#207,#208,#209,#210,#211,
    #212,#213,#214,#215,#216),.UNSPECIFIED.,.F.,.F.,(11,11),(6.,7.),
  .PIECEWISE_BEZIER_KNOTS.);
#206 = CARTESIAN_POINT('',(-37.79213073791,0.771267974243));
#207 = CARTESIAN_POINT('',(-37.79527833353,0.617035789232));
#208 = CARTESIAN_POINT('',(-37.79772656053,0.462789330996));
#209 = CARTESIAN_POINT('',(-37.79947534612,0.308532167841));
#210 = CARTESIAN_POINT('',(-37.80052463827,0.154267868074));
#211 = CARTESIAN_POINT('',(-37.80087440579,4.656866642202E-15));
#212 = CARTESIAN_POINT('',(-37.80052463827,-0.154267868074));
#213 = CARTESIAN_POINT('',(-37.79947534612,-0.308532167841));
#214 = CARTESIAN_POINT('',(-37.79772656053,-0.462789330996));
#215 = CARTESIAN_POINT('',(-37.79527833353,-0.617035789232));
#216 = CARTESIAN_POINT('',(-37.79213073791,-0.771267974243));
#217 = ( GEOMETRIC_REPRESENTATION_CONTEXT(2) 
PARAMETRIC_REPRESENTATION_CONTEXT() REPRESENTATION_CONTEXT('2D SPACE',''
  ) );
#218 = PCURVE('',#219,#264);
#219 = ( BOUNDED_SURFACE() B_SPLINE_SURFACE(10,3,(
    (#220,#221,#222,#223)
    ,(#224,#225,#226,#227)
    ,(#228,#229,#230,#231)
    ,(#232,#233,#234,#235)
    ,(#236,#237,#238,#239)
    ,(#240,#241,#242,#243)
    ,(#244,#245,#246,#247)
    ,(#248,#249,#250,#251)
    ,(#252,#253,#254,#255)
    ,(#256,#257,#258,#259)
    ,(#260,#261,#262,#263
)),.UNSPECIFIED.,.F.,.F.,.F.) B_SPLINE_SURFACE_WITH_KNOTS((11,11),(4,4),
  (6.,7.),(0.,1.),.PIECEWISE_BEZIER_KNOTS.) 
GEOMETRIC_REPRESENTATION_ITEM() RATIONAL_B_SPLINE_SURFACE((
    (1.,1.,1.,1.)
    ,(1.,1.,1.,1.)
    ,(1.,1.,1.,1.)
    ,(1.,1.,1.,1.)
    ,(1.,1.,1.,1.)
    ,(1.,1.,1.,1.)
    ,(1.,1.,1.,1.)
    ,(1.,1.,1.,1.)
    ,(1.,1.,1.,1.)
    ,(1.,1.,1.,1.)
,(1.,1.,1.,1.))) REPRESENTATION_ITEM('') SURFACE() );
#220 = CARTESIAN_POINT('',(-37.79213073791,0.771267974243,0.));
#221 = CARTESIAN_POINT('',(22.763590509555,-0.464563071624,3.));
#222 = CARTESIAN_POINT('',(-67.71485746365,1.381935866605,90.));
#223 = CARTESIAN_POINT('',(-36.75,0.75,99.));
#224 = CARTESIAN_POINT('',(-37.79527833353,0.617035789232,0.));
#225 = CARTESIAN_POINT('',(22.777842712702,-0.337077857202,3.));
#226 = CARTESIAN_POINT('',(-67.71901588225,1.011754409159,90.));
#227 = CARTESIAN_POINT('',(-36.98561944901,0.75,99.));
#228 = CARTESIAN_POINT('',(-37.79772656053,0.462789330996,0.));
#229 = CARTESIAN_POINT('',(22.773037933434,-0.226865742579,3.));
#230 = CARTESIAN_POINT('',(-67.68174843734,0.689592953924,90.));
#231 = CARTESIAN_POINT('',(-37.22124107155,0.667753520049,99.));
#232 = CARTESIAN_POINT('',(-37.79947534612,0.308532167841,0.));
#233 = CARTESIAN_POINT('',(22.758790589105,-0.13628483069,3.));
#234 = CARTESIAN_POINT('',(-67.62766603524,0.420226532402,90.));
#235 = CARTESIAN_POINT('',(-37.42455043143,0.503258522416,99.));
#236 = CARTESIAN_POINT('',(-37.80052463827,0.154267868074,0.));
#237 = CARTESIAN_POINT('',(22.744998603816,-6.301040528433E-02,3.));
#238 = CARTESIAN_POINT('',(-67.58193558956,0.196646767552,90.));
#239 = CARTESIAN_POINT('',(-37.56330541722,0.271019590411,99.));
#240 = CARTESIAN_POINT('',(-37.80087440579,4.640732242933E-15,0.));
#241 = CARTESIAN_POINT('',(22.73941830552,-7.367948843632E-15,3.));
#242 = CARTESIAN_POINT('',(-67.56420577698,5.591938948927E-15,90.));
#243 = CARTESIAN_POINT('',(-37.61268047281,-3.863576125696E-15,99.));
#244 = CARTESIAN_POINT('',(-37.80052463827,-0.154267868074,0.));
#245 = CARTESIAN_POINT('',(22.744998603815,6.301040528432E-02,3.));
#246 = CARTESIAN_POINT('',(-67.58193558956,-0.196646767552,90.));
#247 = CARTESIAN_POINT('',(-37.56330541722,-0.271019590411,99.));
#248 = CARTESIAN_POINT('',(-37.79947534612,-0.308532167841,0.));
#249 = CARTESIAN_POINT('',(22.758790589106,0.13628483069,3.));
#250 = CARTESIAN_POINT('',(-67.62766603525,-0.420226532402,90.));
#251 = CARTESIAN_POINT('',(-37.42455043143,-0.503258522416,99.));
#252 = CARTESIAN_POINT('',(-37.79772656053,-0.462789330996,0.));
#253 = CARTESIAN_POINT('',(22.773037933433,0.226865742579,3.));
#254 = CARTESIAN_POINT('',(-67.68174843734,-0.689592953924,90.));
#255 = CARTESIAN_POINT('',(-37.22124107156,-0.667753520049,99.));
#256 = CARTESIAN_POINT('',(-37.79527833353,-0.617035789232,0.));
#257 = CARTESIAN_POINT('',(22.777842712702,0.337077857202,3.));
#258 = CARTESIAN_POINT('',(-67.71901588225,-1.011754409159,90.));
#259 = CARTESIAN_POINT('',(-36.98561944901,-0.75,99.));
#260 = CARTESIAN_POINT('',(-37.79213073791,-0.771267974243,0.));
#261 = CARTESIAN_POINT('',(22.763590509555,0.464563071624,3.));
#262 = CARTESIAN_POINT('',(-67.71485746365,-1.381935866605,90.));
#263 = CARTESIAN_POINT('',(-36.75,-0.75,99.));
#264 = DEFINITIONAL_REPRESENTATION('',(#265),#269);
#265 = LINE('',#266,#267);
#266 = CARTESIAN_POINT('',(0.,0.));
#267 = VECTOR('',#268,1.);
#268 = DIRECTION('',(1.,0.));
#269 = ( GEOMETRIC_REPRESENTATION_CONTEXT(2) 
PARAMETRIC_REPRESENTATION_CONTEXT() REPRESENTATION_CONTEXT('2D SPACE',''
  ) );
#270 = ORIENTED_EDGE('',*,*,#271,.F.);
#271 = EDGE_CURVE('',#272,#188,#274,.T.);
#272 = VERTEX_POINT('',#273);
#273 = CARTESIAN_POINT('',(-37.75479294966,1.848136717816,0.));
#274 = SURFACE_CURVE('',#275,(#287,#302),.PCURVE_S1.);
#275 = B_SPLINE_CURVE_WITH_KNOTS('',10,(#276,#277,#278,#279,#280,#281,
    #282,#283,#284,#285,#286),.UNSPECIFIED.,.F.,.F.,(11,11),(5.,6.),
  .PIECEWISE_BEZIER_KNOTS.);
#276 = CARTESIAN_POINT('',(-37.75479294966,1.848136717816,0.));
#277 = CARTESIAN_POINT('',(-37.76006137303,1.740510354838,0.));
#278 = CARTESIAN_POINT('',(-37.76498887665,1.632867303746,0.));
#279 = CARTESIAN_POINT('',(-37.76957541839,1.525208779966,0.));
#280 = CARTESIAN_POINT('',(-37.7738209561,1.417535998928,0.));
#281 = CARTESIAN_POINT('',(-37.77772544765,1.309850176059,0.));
#282 = CARTESIAN_POINT('',(-37.78128885089,1.202152526788,0.));
#283 = CARTESIAN_POINT('',(-37.78451112367,1.094444266543,0.));
#284 = CARTESIAN_POINT('',(-37.78739222387,0.986726610751,0.));
#285 = CARTESIAN_POINT('',(-37.78993210933,0.879000774842,0.));
#286 = CARTESIAN_POINT('',(-37.79213073791,0.771267974243,0.));
#287 = PCURVE('',#45,#288);
#288 = DEFINITIONAL_REPRESENTATION('',(#289),#301);
#289 = B_SPLINE_CURVE_WITH_KNOTS('',10,(#290,#291,#292,#293,#294,#295,
    #296,#297,#298,#299,#300),.UNSPECIFIED.,.F.,.F.,(11,11),(5.,6.),
  .PIECEWISE_BEZIER_KNOTS.);
#290 = CARTESIAN_POINT('',(-37.75479294966,1.848136717816));
#291 = CARTESIAN_POINT('',(-37.76006137303,1.740510354838));
#292 = CARTESIAN_POINT('',(-37.76498887665,1.632867303746));
#293 = CARTESIAN_POINT('',(-37.76957541839,1.525208779966));
#294 = CARTESIAN_POINT('',(-37.7738209561,1.417535998928));
#295 = CARTESIAN_POINT('',(-37.77772544765,1.309850176059));
#296 = CARTESIAN_POINT('',(-37.78128885089,1.202152526788));
#297 = CARTESIAN_POINT('',(-37.78451112367,1.094444266543));
#298 = CARTESIAN_POINT('',(-37.78739222387,0.986726610751));
#299 = CARTESIAN_POINT('',(-37.78993210933,0.879000774842));
#300 = CARTESIAN_POINT('',(-37.79213073791,0.771267974243));
#301 = ( GEOMETRIC_REPRESENTATION_CONTEXT(2) 
PARAMETRIC_REPRESENTATION_CONTEXT() REPRESENTATION_CONTEXT('2D SPACE',''
  ) );
#302 = PCURVE('',#303,#348);
#303 = ( BOUNDED_SURFACE() B_SPLINE_SURFACE(10,3,(
    (#304,#305,#306,#307)
    ,(#308,#309,#310,#311)
    ,(#312,#313,#314,#315)
    ,(#316,#317,#318,#319)
    ,(#320,#321,#322,#323)
    ,(#324,#325,#326,#327)
    ,(#328,#329,#330,#331)
    ,(#332,#333,#334,#335)
    ,(#336,#337,#338,#339)
    ,(#340,#341,#342,#343)
    ,(#344,#345,#346,#347
)),.UNSPECIFIED.,.F.,.F.,.F.) B_SPLINE_SURFACE_WITH_KNOTS((11,11),(4,4),
  (5.,6.),(0.,1.),.PIECEWISE_BEZIER_KNOTS.) 
GEOMETRIC_REPRESENTATION_ITEM() RATIONAL_B_SPLINE_SURFACE((
    (1.,1.,1.,1.)
    ,(1.,1.,1.,1.)
    ,(1.,1.,1.,1.)
    ,(1.,1.,1.,1.)
    ,(1.,1.,1.,1.)
    ,(1.,1.,1.,1.)
    ,(1.,1.,1.,1.)
    ,(1.,1.,1.,1.)
    ,(1.,1.,1.,1.)
    ,(1.,1.,1.,1.)
,(1.,1.,1.,1.))) REPRESENTATION_ITEM('') SURFACE() );
#304 = CARTESIAN_POINT('',(-37.75479294966,1.848136717816,0.));
#305 = CARTESIAN_POINT('',(27.663297928826,-1.354147451061,3.));
#306 = CARTESIAN_POINT('',(-80.90863050432,3.960562332379,90.));
#307 = CARTESIAN_POINT('',(-15.32142857142,0.75,99.));
#308 = CARTESIAN_POINT('',(-37.76006137303,1.740510354838,0.));
#309 = CARTESIAN_POINT('',(27.226202204672,-1.412762186442,3.));
#310 = CARTESIAN_POINT('',(-79.7022469146,3.998838563651,90.));
#311 = CARTESIAN_POINT('',(-17.46428571428,0.75,99.));
#312 = CARTESIAN_POINT('',(-37.76498887665,1.632867303746,0.));
#313 = CARTESIAN_POINT('',(26.790193913718,-1.434944388189,3.));
#314 = CARTESIAN_POINT('',(-78.49643535085,3.963976241492,90.));
#315 = CARTESIAN_POINT('',(-19.60714285714,0.75,99.));
#316 = CARTESIAN_POINT('',(-37.76957541839,1.525208779966,0.));
#317 = CARTESIAN_POINT('',(26.350147152968,-1.420681346357,3.));
#318 = CARTESIAN_POINT('',(-77.28094098465,3.855969746953,90.));
#319 = CARTESIAN_POINT('',(-21.75,0.75,99.));
#320 = CARTESIAN_POINT('',(-37.7738209561,1.417535998928,0.));
#321 = CARTESIAN_POINT('',(25.900935063437,-1.370779663026,3.));
#322 = CARTESIAN_POINT('',(-76.04550733145,3.676452111106,
    89.999999999999));
#323 = CARTESIAN_POINT('',(-23.89285714285,0.75,99.));
#324 = CARTESIAN_POINT('',(-37.77772544765,1.309850176059,0.));
#325 = CARTESIAN_POINT('',(25.437584545936,-1.286868218631,3.));
#326 = CARTESIAN_POINT('',(-74.78018568206,3.428700947683,90.));
#327 = CARTESIAN_POINT('',(-26.03571428571,0.75,99.));
#328 = CARTESIAN_POINT('',(-37.78128885089,1.202152526788,0.));
#329 = CARTESIAN_POINT('',(24.955429087276,-1.17136231828,3.));
#330 = CARTESIAN_POINT('',(-73.47564075515,3.117566745734,90.));
#331 = CARTESIAN_POINT('',(-28.17857142857,0.75,99.));
#332 = CARTESIAN_POINT('',(-37.78451112367,1.094444266543,0.));
#333 = CARTESIAN_POINT('',(24.450251637541,-1.027394073369,3.));
#334 = CARTESIAN_POINT('',(-72.12343645175,2.749333632846,90.));
#335 = CARTESIAN_POINT('',(-30.32142857142,0.75,99.));
#336 = CARTESIAN_POINT('',(-37.78739222387,0.986726610751,0.));
#337 = CARTESIAN_POINT('',(23.918409479142,-0.858714073768,3.));
#338 = CARTESIAN_POINT('',(-70.71628559333,2.331522719512,
    89.999999999999));
#339 = CARTESIAN_POINT('',(-32.46428571428,0.75,99.));
#340 = CARTESIAN_POINT('',(-37.78993210933,0.879000774842,0.));
#341 = CARTESIAN_POINT('',(23.356933028284,-0.669569405843,3.));
#342 = CARTESIAN_POINT('',(-69.2482475248,1.872648135185,90.000000000001
    ));
#343 = CARTESIAN_POINT('',(-34.60714285714,0.75,99.));
#344 = CARTESIAN_POINT('',(-37.79213073791,0.771267974243,0.));
#345 = CARTESIAN_POINT('',(22.763590509555,-0.464563071624,3.));
#346 = CARTESIAN_POINT('',(-67.71485746365,1.381935866605,90.));
#347 = CARTESIAN_POINT('',(-36.75,0.75,99.));
#348 = DEFINITIONAL_REPRESENTATION('',(#349),#353);
#349 = LINE('',#350,#351);
#350 = CARTESIAN_POINT('',(0.,0.));
#351 = VECTOR('',#352,1.);
#352 = DIRECTION('',(1.,0.));
#353 = ( GEOMETRIC_REPRESENTATION_CONTEXT(2) 
PARAMETRIC_REPRESENTATION_CONTEXT() REPRESENTATION_CONTEXT('2D SPACE',''
  ) );
#354 = ORIENTED_EDGE('',*,*,#355,.F.);
#355 = EDGE_CURVE('',#356,#272,#358,.T.);
#356 = VERTEX_POINT('',#357);
#357 = CARTESIAN_POINT('',(-33.51290718505,17.484995053072,0.));
#358 = SURFACE_CURVE('',#359,(#371,#386),.PCURVE_S1.);
#359 = B_SPLINE_CURVE_WITH_KNOTS('',10,(#360,#361,#362,#363,#364,#365,
    #366,#367,#368,#369,#370),.UNSPECIFIED.,.F.,.F.,(11,11),(4.,5.),
  .PIECEWISE_BEZIER_KNOTS.);
#360 = CARTESIAN_POINT('',(-33.51290718505,17.484995053072,0.));
#361 = CARTESIAN_POINT('',(-34.26821573802,16.037320326537,0.));
#362 = CARTESIAN_POINT('',(-34.95403986867,14.553392907608,0.));
#363 = CARTESIAN_POINT('',(-35.56842208622,13.03696459141,0.));
#364 = CARTESIAN_POINT('',(-36.10963634546,11.491908258436,0.));
#365 = CARTESIAN_POINT('',(-36.57619686872,9.922200834378,0.));
#366 = CARTESIAN_POINT('',(-36.96686540317,8.331905825521,0.));
#367 = CARTESIAN_POINT('',(-37.28065691357,6.725155429701,0.));
#368 = CARTESIAN_POINT('',(-37.51684371035,5.106132222818,0.));
#369 = CARTESIAN_POINT('',(-37.67495801315,3.479050420915,0.));
#370 = CARTESIAN_POINT('',(-37.75479294966,1.848136717816,0.));
#371 = PCURVE('',#45,#372);
#372 = DEFINITIONAL_REPRESENTATION('',(#373),#385);
#373 = B_SPLINE_CURVE_WITH_KNOTS('',10,(#374,#375,#376,#377,#378,#379,
    #380,#381,#382,#383,#384),.UNSPECIFIED.,.F.,.F.,(11,11),(4.,5.),
  .PIECEWISE_BEZIER_KNOTS.);
#374 = CARTESIAN_POINT('',(-33.51290718505,17.484995053072));
#375 = CARTESIAN_POINT('',(-34.26821573802,16.037320326537));
#376 = CARTESIAN_POINT('',(-34.95403986867,14.553392907608));
#377 = CARTESIAN_POINT('',(-35.56842208622,13.03696459141));
#378 = CARTESIAN_POINT('',(-36.10963634546,11.491908258436));
#379 = CARTESIAN_POINT('',(-36.57619686872,9.922200834378));
#380 = CARTESIAN_POINT('',(-36.96686540317,8.331905825521));
#381 = CARTESIAN_POINT('',(-37.28065691357,6.725155429701));
#382 = CARTESIAN_POINT('',(-37.51684371035,5.106132222818));
#383 = CARTESIAN_POINT('',(-37.67495801315,3.479050420915));
#384 = CARTESIAN_POINT('',(-37.75479294966,1.848136717816));
#385 = ( GEOMETRIC_REPRESENTATION_CONTEXT(2) 
PARAMETRIC_REPRESENTATION_CONTEXT() REPRESENTATION_CONTEXT('2D SPACE',''
  ) );
#386 = PCURVE('',#387,#432);
#387 = ( BOUNDED_SURFACE() B_SPLINE_SURFACE(10,3,(
    (#388,#389,#390,#391)
    ,(#392,#393,#394,#395)
    ,(#396,#397,#398,#399)
    ,(#400,#401,#402,#403)
    ,(#404,#405,#406,#407)
    ,(#408,#409,#410,#411)
    ,(#412,#413,#414,#415)
    ,(#416,#417,#418,#419)
    ,(#420,#421,#422,#423)
    ,(#424,#425,#426,#427)
    ,(#428,#429,#430,#431
)),.UNSPECIFIED.,.F.,.F.,.F.) B_SPLINE_SURFACE_WITH_KNOTS((11,11),(4,4),
  (4.,5.),(0.,1.),.PIECEWISE_BEZIER_KNOTS.) 
GEOMETRIC_REPRESENTATION_ITEM() RATIONAL_B_SPLINE_SURFACE((
    (1.,1.,1.,1.)
    ,(1.,1.,1.,1.)
    ,(1.,1.,1.,1.)
    ,(1.,1.,1.,1.)
    ,(1.,1.,1.,1.)
    ,(1.,1.,1.,1.)
    ,(1.,1.,1.,1.)
    ,(1.,1.,1.,1.)
    ,(1.,1.,1.,1.)
    ,(1.,1.,1.,1.)
,(1.,1.,1.,1.))) REPRESENTATION_ITEM('') SURFACE() );
#388 = CARTESIAN_POINT('',(-33.51290718505,17.484995053072,0.));
#389 = CARTESIAN_POINT('',(-2.020494012455,1.054170789107,3.));
#390 = CARTESIAN_POINT('',(-2.785552395018,1.453331684357,90.));
#391 = CARTESIAN_POINT('',(-1.4375,0.75,99.));
#392 = CARTESIAN_POINT('',(-34.26821573802,16.037320326537,0.));
#393 = CARTESIAN_POINT('',(0.435042392244,2.260566394553,3.));
#394 = CARTESIAN_POINT('',(-10.31384547985,0.970773442179,90.));
#395 = CARTESIAN_POINT('',(-2.825892857143,0.75,99.));
#396 = CARTESIAN_POINT('',(-34.95403986867,14.553392907608,0.));
#397 = CARTESIAN_POINT('',(2.832674800426,3.089314980693,3.));
#398 = CARTESIAN_POINT('',(-17.81897693496,0.680059767353,90.));
#399 = CARTESIAN_POINT('',(-4.214285714286,0.75,99.));
#400 = CARTESIAN_POINT('',(-35.56842208622,13.03696459141,0.));
#401 = CARTESIAN_POINT('',(5.24357822749,3.53729147958,3.));
#402 = CARTESIAN_POINT('',(-25.33669739227,0.582440544259,90.));
#403 = CARTESIAN_POINT('',(-5.602678571428,0.75,99.));
#404 = CARTESIAN_POINT('',(-36.10963634546,11.491908258436,0.));
#405 = CARTESIAN_POINT('',(7.739113810667,3.61611745849,3.));
#406 = CARTESIAN_POINT('',(-32.90283125749,0.671782249219,90.));
#407 = CARTESIAN_POINT('',(-6.991071428571,0.75,99.));
#408 = CARTESIAN_POINT('',(-36.57619686872,9.922200834378,0.));
#409 = CARTESIAN_POINT('',(10.387319319897,3.352187877052,3.));
#410 = CARTESIAN_POINT('',(-40.55152123041,0.934555991943,90.));
#411 = CARTESIAN_POINT('',(-8.379464285714,0.75,99.));
#412 = CARTESIAN_POINT('',(-36.96686540317,8.331905825521,0.));
#413 = CARTESIAN_POINT('',(13.249358656189,2.785663241057,3.));
#414 = CARTESIAN_POINT('',(-48.31345244925,1.350342894012,90.));
#415 = CARTESIAN_POINT('',(-9.767857142857,0.75,99.));
#416 = CARTESIAN_POINT('',(-37.28065691357,6.725155429701,0.));
#417 = CARTESIAN_POINT('',(16.376363679603,1.968467460046,3.));
#418 = CARTESIAN_POINT('',(-56.21427293033,1.892836650835,90.));
#419 = CARTESIAN_POINT('',(-11.15625,0.75,99.));
#420 = CARTESIAN_POINT('',(-37.51684371035,5.106132222818,0.));
#421 = CARTESIAN_POINT('',(19.806991112002,0.961459346444,3.));
#422 = CARTESIAN_POINT('',(-64.27337167537,2.53125930821,90.));
#423 = CARTESIAN_POINT('',(-12.54464285714,0.75,99.));
#424 = CARTESIAN_POINT('',(-37.67495801315,3.479050420915,0.));
#425 = CARTESIAN_POINT('',(23.565906662787,-0.168926675378,3.));
#426 = CARTESIAN_POINT('',(-72.50312052077,3.232042469279,90.));
#427 = CARTESIAN_POINT('',(-13.93303571428,0.75,99.));
#428 = CARTESIAN_POINT('',(-37.75479294966,1.848136717816,0.));
#429 = CARTESIAN_POINT('',(27.663297928826,-1.354147451061,3.));
#430 = CARTESIAN_POINT('',(-80.90863050432,3.960562332379,90.));
#431 = CARTESIAN_POINT('',(-15.32142857142,0.75,99.));
#432 = DEFINITIONAL_REPRESENTATION('',(#433),#437);
#433 = LINE('',#434,#435);
#434 = CARTESIAN_POINT('',(0.,0.));
#435 = VECTOR('',#436,1.);
#436 = DIRECTION('',(1.,0.));
#437 = ( GEOMETRIC_REPRESENTATION_CONTEXT(2) 
PARAMETRIC_REPRESENTATION_CONTEXT() REPRESENTATION_CONTEXT('2D SPACE',''
  ) );
#438 = ORIENTED_EDGE('',*,*,#439,.F.);
#439 = EDGE_CURVE('',#440,#356,#442,.T.);
#440 = VERTEX_POINT('',#441);
#441 = CARTESIAN_POINT('',(33.512907185054,17.484995053072,0.));
#442 = SURFACE_CURVE('',#443,(#455,#470),.PCURVE_S1.);
#443 = B_SPLINE_CURVE_WITH_KNOTS('',10,(#444,#445,#446,#447,#448,#449,
    #450,#451,#452,#453,#454),.UNSPECIFIED.,.F.,.F.,(11,11),(3.,4.),
  .PIECEWISE_BEZIER_KNOTS.);
#444 = CARTESIAN_POINT('',(33.512907185054,17.484995053072,0.));
#445 = CARTESIAN_POINT('',(29.701496327437,24.790199196842,0.));
#446 = CARTESIAN_POINT('',(24.12075054881,31.172271955371,0.));
#447 = CARTESIAN_POINT('',(17.022200251045,36.149109882267,0.));
#448 = CARTESIAN_POINT('',(8.807514663465,39.316936378295,0.));
#449 = CARTESIAN_POINT('',(6.718181566612E-12,40.404848806332,0.));
#450 = CARTESIAN_POINT('',(-8.807514663477,39.316936378299,0.));
#451 = CARTESIAN_POINT('',(-17.02220025103,36.149109882262,0.));
#452 = CARTESIAN_POINT('',(-24.12075054881,31.172271955374,0.));
#453 = CARTESIAN_POINT('',(-29.70149632743,24.790199196841,0.));
#454 = CARTESIAN_POINT('',(-33.51290718505,17.484995053072,0.));
#455 = PCURVE('',#45,#456);
#456 = DEFINITIONAL_REPRESENTATION('',(#457),#469);
#457 = B_SPLINE_CURVE_WITH_KNOTS('',10,(#458,#459,#460,#461,#462,#463,
    #464,#465,#466,#467,#468),.UNSPECIFIED.,.F.,.F.,(11,11),(3.,4.),
  .PIECEWISE_BEZIER_KNOTS.);
#458 = CARTESIAN_POINT('',(33.512907185054,17.484995053072));
#459 = CARTESIAN_POINT('',(29.701496327437,24.790199196842));
#460 = CARTESIAN_POINT('',(24.12075054881,31.172271955371));
#461 = CARTESIAN_POINT('',(17.022200251045,36.149109882267));
#462 = CARTESIAN_POINT('',(8.807514663465,39.316936378295));
#463 = CARTESIAN_POINT('',(6.720063634751E-12,40.404848806332));
#464 = CARTESIAN_POINT('',(-8.807514663477,39.316936378299));
#465 = CARTESIAN_POINT('',(-17.02220025103,36.149109882262));
#466 = CARTESIAN_POINT('',(-24.12075054881,31.172271955374));
#467 = CARTESIAN_POINT('',(-29.70149632743,24.790199196841));
#468 = CARTESIAN_POINT('',(-33.51290718505,17.484995053072));
#469 = ( GEOMETRIC_REPRESENTATION_CONTEXT(2) 
PARAMETRIC_REPRESENTATION_CONTEXT() REPRESENTATION_CONTEXT('2D SPACE',''
  ) );
#470 = PCURVE('',#471,#516);
#471 = ( BOUNDED_SURFACE() B_SPLINE_SURFACE(10,3,(
    (#472,#473,#474,#475)
    ,(#476,#477,#478,#479)
    ,(#480,#481,#482,#483)
    ,(#484,#485,#486,#487)
    ,(#488,#489,#490,#491)
    ,(#492,#493,#494,#495)
    ,(#496,#497,#498,#499)
    ,(#500,#501,#502,#503)
    ,(#504,#505,#506,#507)
    ,(#508,#509,#510,#511)
    ,(#512,#513,#514,#515
)),.UNSPECIFIED.,.F.,.F.,.F.) B_SPLINE_SURFACE_WITH_KNOTS((11,11),(4,4),
  (3.,4.),(0.,1.),.PIECEWISE_BEZIER_KNOTS.) 
GEOMETRIC_REPRESENTATION_ITEM() RATIONAL_B_SPLINE_SURFACE((
    (1.,1.,1.,1.)
    ,(1.,1.,1.,1.)
    ,(1.,1.,1.,1.)
    ,(1.,1.,1.,1.)
    ,(1.,1.,1.,1.)
    ,(1.,1.,1.,1.)
    ,(1.,1.,1.,1.)
    ,(1.,1.,1.,1.)
    ,(1.,1.,1.,1.)
    ,(1.,1.,1.,1.)
,(1.,1.,1.,1.))) REPRESENTATION_ITEM('') SURFACE() );
#472 = CARTESIAN_POINT('',(33.512907185054,17.484995053072,0.));
#473 = CARTESIAN_POINT('',(2.020494012455,1.054170789107,3.));
#474 = CARTESIAN_POINT('',(2.785552395018,1.453331684357,90.));
#475 = CARTESIAN_POINT('',(1.4375,0.75,99.));
#476 = CARTESIAN_POINT('',(29.701496327437,24.790199196842,0.));
#477 = CARTESIAN_POINT('',(-0.792913606197,-5.033499330702,3.));
#478 = CARTESIAN_POINT('',(3.192165442479,3.888399732281,90.));
#479 = CARTESIAN_POINT('',(1.15,0.75,99.));
#480 = CARTESIAN_POINT('',(24.12075054881,31.172271955371,0.));
#481 = CARTESIAN_POINT('',(-2.131875457342,-10.35189329614,3.));
#482 = CARTESIAN_POINT('',(3.009000182937,6.015757318457,90.));
#483 = CARTESIAN_POINT('',(0.8625,0.75,99.));
#484 = CARTESIAN_POINT('',(17.022200251045,36.149109882267,0.));
#485 = CARTESIAN_POINT('',(-2.206000209204,-14.49925823522,3.));
#486 = CARTESIAN_POINT('',(2.319900083682,7.674703294089,90.));
#487 = CARTESIAN_POINT('',(0.575,0.75,99.));
#488 = CARTESIAN_POINT('',(8.807514663465,39.316936378295,0.));
#489 = CARTESIAN_POINT('',(-1.350012219554,-17.13911364857,3.));
#490 = CARTESIAN_POINT('',(1.258754887822,8.730645459432,90.));
#491 = CARTESIAN_POINT('',(0.2875,0.75,99.));
#492 = CARTESIAN_POINT('',(6.718181566612E-12,40.404848806332,0.));
#493 = CARTESIAN_POINT('',(-5.612562266795E-12,-18.04570733861,3.));
#494 = CARTESIAN_POINT('',(2.263996397763E-12,9.093282935444,90.));
#495 = CARTESIAN_POINT('',(2.13162820728E-14,0.75,99.));
#496 = CARTESIAN_POINT('',(-8.807514663477,39.316936378299,0.));
#497 = CARTESIAN_POINT('',(1.350012219564,-17.13911364858,3.));
#498 = CARTESIAN_POINT('',(-1.258754887826,8.730645459433,90.));
#499 = CARTESIAN_POINT('',(-0.2875,0.75,99.));
#500 = CARTESIAN_POINT('',(-17.02220025103,36.149109882262,0.));
#501 = CARTESIAN_POINT('',(2.206000209198,-14.49925823521,3.));
#502 = CARTESIAN_POINT('',(-2.319900083679,7.674703294087,90.));
#503 = CARTESIAN_POINT('',(-0.575,0.75,99.));
#504 = CARTESIAN_POINT('',(-24.12075054881,31.172271955374,0.));
#505 = CARTESIAN_POINT('',(2.131875457345,-10.35189329614,3.));
#506 = CARTESIAN_POINT('',(-3.009000182938,6.015757318458,90.));
#507 = CARTESIAN_POINT('',(-0.8625,0.75,99.));
#508 = CARTESIAN_POINT('',(-29.70149632743,24.790199196841,0.));
#509 = CARTESIAN_POINT('',(0.792913606196,-5.033499330701,3.));
#510 = CARTESIAN_POINT('',(-3.192165442479,3.88839973228,90.));
#511 = CARTESIAN_POINT('',(-1.15,0.75,99.));
#512 = CARTESIAN_POINT('',(-33.51290718505,17.484995053072,0.));
#513 = CARTESIAN_POINT('',(-2.020494012455,1.054170789107,3.));
#514 = CARTESIAN_POINT('',(-2.785552395018,1.453331684357,90.));
#515 = CARTESIAN_POINT('',(-1.4375,0.75,99.));
#516 = DEFINITIONAL_REPRESENTATION('',(#517),#521);
#517 = LINE('',#518,#519);
#518 = CARTESIAN_POINT('',(0.,0.));
#519 = VECTOR('',#520,1.);
#520 = DIRECTION('',(1.,0.));
#521 = ( GEOMETRIC_REPRESENTATION_CONTEXT(2) 
PARAMETRIC_REPRESENTATION_CONTEXT() REPRESENTATION_CONTEXT('2D SPACE',''
  ) );
#522 = ORIENTED_EDGE('',*,*,#523,.F.);
#523 = EDGE_CURVE('',#524,#440,#526,.T.);
#524 = VERTEX_POINT('',#525);
#525 = CARTESIAN_POINT('',(37.754792949667,1.848136717816,0.));
#526 = SURFACE_CURVE('',#527,(#539,#554),.PCURVE_S1.);
#527 = B_SPLINE_CURVE_WITH_KNOTS('',10,(#528,#529,#530,#531,#532,#533,
    #534,#535,#536,#537,#538),.UNSPECIFIED.,.F.,.F.,(11,11),(2.,3.),
  .PIECEWISE_BEZIER_KNOTS.);
#528 = CARTESIAN_POINT('',(37.754792949667,1.848136717816,0.));
#529 = CARTESIAN_POINT('',(37.674958013152,3.479050420915,0.));
#530 = CARTESIAN_POINT('',(37.516843710359,5.106132222818,0.));
#531 = CARTESIAN_POINT('',(37.280656913576,6.725155429701,0.));
#532 = CARTESIAN_POINT('',(36.966865403175,8.331905825521,0.));
#533 = CARTESIAN_POINT('',(36.576196868721,9.922200834378,0.));
#534 = CARTESIAN_POINT('',(36.109636345462,11.491908258436,0.));
#535 = CARTESIAN_POINT('',(35.568422086223,13.03696459141,0.));
#536 = CARTESIAN_POINT('',(34.954039868679,14.553392907608,0.));
#537 = CARTESIAN_POINT('',(34.268215738029,16.037320326537,0.));
#538 = CARTESIAN_POINT('',(33.512907185054,17.484995053072,0.));
#539 = PCURVE('',#45,#540);
#540 = DEFINITIONAL_REPRESENTATION('',(#541),#553);
#541 = B_SPLINE_CURVE_WITH_KNOTS('',10,(#542,#543,#544,#545,#546,#547,
    #548,#549,#550,#551,#552),.UNSPECIFIED.,.F.,.F.,(11,11),(2.,3.),
  .PIECEWISE_BEZIER_KNOTS.);
#542 = CARTESIAN_POINT('',(37.754792949667,1.848136717816));
#543 = CARTESIAN_POINT('',(37.674958013152,3.479050420915));
#544 = CARTESIAN_POINT('',(37.516843710359,5.106132222818));
#545 = CARTESIAN_POINT('',(37.280656913576,6.725155429701));
#546 = CARTESIAN_POINT('',(36.966865403175,8.331905825521));
#547 = CARTESIAN_POINT('',(36.576196868721,9.922200834378));
#548 = CARTESIAN_POINT('',(36.109636345462,11.491908258436));
#549 = CARTESIAN_POINT('',(35.568422086223,13.03696459141));
#550 = CARTESIAN_POINT('',(34.954039868679,14.553392907608));
#551 = CARTESIAN_POINT('',(34.268215738029,16.037320326537));
#552 = CARTESIAN_POINT('',(33.512907185054,17.484995053072));
#553 = ( GEOMETRIC_REPRESENTATION_CONTEXT(2) 
PARAMETRIC_REPRESENTATION_CONTEXT() REPRESENTATION_CONTEXT('2D SPACE',''
  ) );
#554 = PCURVE('',#555,#600);
#555 = ( BOUNDED_SURFACE() B_SPLINE_SURFACE(10,3,(
    (#556,#557,#558,#559)
    ,(#560,#561,#562,#563)
    ,(#564,#565,#566,#567)
    ,(#568,#569,#570,#571)
    ,(#572,#573,#574,#575)
    ,(#576,#577,#578,#579)
    ,(#580,#581,#582,#583)
    ,(#584,#585,#586,#587)
    ,(#588,#589,#590,#591)
    ,(#592,#593,#594,#595)
    ,(#596,#597,#598,#599
)),.UNSPECIFIED.,.F.,.F.,.F.) B_SPLINE_SURFACE_WITH_KNOTS((11,11),(4,4),
  (2.,3.),(0.,1.),.PIECEWISE_BEZIER_KNOTS.) 
GEOMETRIC_REPRESENTATION_ITEM() RATIONAL_B_SPLINE_SURFACE((
    (1.,1.,1.,1.)
    ,(1.,1.,1.,1.)
    ,(1.,1.,1.,1.)
    ,(1.,1.,1.,1.)
    ,(1.,1.,1.,1.)
    ,(1.,1.,1.,1.)
    ,(1.,1.,1.,1.)
    ,(1.,1.,1.,1.)
    ,(1.,1.,1.,1.)
    ,(1.,1.,1.,1.)
,(1.,1.,1.,1.))) REPRESENTATION_ITEM('') SURFACE() );
#556 = CARTESIAN_POINT('',(37.754792949667,1.848136717816,0.));
#557 = CARTESIAN_POINT('',(-27.66329792882,-1.354147451061,3.));
#558 = CARTESIAN_POINT('',(80.908630504323,3.960562332379,90.));
#559 = CARTESIAN_POINT('',(15.321428571426,0.75,99.));
#560 = CARTESIAN_POINT('',(37.674958013152,3.479050420915,0.));
#561 = CARTESIAN_POINT('',(-23.56590666278,-0.168926675378,3.));
#562 = CARTESIAN_POINT('',(72.503120520775,3.232042469279,90.));
#563 = CARTESIAN_POINT('',(13.933035714284,0.75,99.));
#564 = CARTESIAN_POINT('',(37.516843710359,5.106132222818,0.));
#565 = CARTESIAN_POINT('',(-19.806991112,0.961459346444,3.));
#566 = CARTESIAN_POINT('',(64.273371675377,2.53125930821,90.));
#567 = CARTESIAN_POINT('',(12.544642857141,0.75,99.));
#568 = CARTESIAN_POINT('',(37.280656913576,6.725155429701,0.));
#569 = CARTESIAN_POINT('',(-16.3763636796,1.968467460046,2.999999999999)
  );
#570 = CARTESIAN_POINT('',(56.214272930338,1.892836650835,90.));
#571 = CARTESIAN_POINT('',(11.156249999999,0.75,99.));
#572 = CARTESIAN_POINT('',(36.966865403175,8.331905825521,0.));
#573 = CARTESIAN_POINT('',(-13.24935865618,2.785663241057,3.));
#574 = CARTESIAN_POINT('',(48.313452449259,1.350342894012,90.));
#575 = CARTESIAN_POINT('',(9.767857142856,0.75,99.));
#576 = CARTESIAN_POINT('',(36.576196868721,9.922200834378,0.));
#577 = CARTESIAN_POINT('',(-10.38731931989,3.352187877052,3.000000000001
    ));
#578 = CARTESIAN_POINT('',(40.551521230412,0.934555991942,90.));
#579 = CARTESIAN_POINT('',(8.379464285713,0.75,99.));
#580 = CARTESIAN_POINT('',(36.109636345462,11.491908258436,0.));
#581 = CARTESIAN_POINT('',(-7.739113810668,3.61611745849,3.));
#582 = CARTESIAN_POINT('',(32.902831257498,0.671782249219,90.));
#583 = CARTESIAN_POINT('',(6.991071428571,0.75,99.));
#584 = CARTESIAN_POINT('',(35.568422086223,13.03696459141,0.));
#585 = CARTESIAN_POINT('',(-5.243578227491,3.53729147958,2.999999999999)
  );
#586 = CARTESIAN_POINT('',(25.336697392275,0.582440544259,90.));
#587 = CARTESIAN_POINT('',(5.602678571428,0.75,99.));
#588 = CARTESIAN_POINT('',(34.954039868679,14.553392907608,0.));
#589 = CARTESIAN_POINT('',(-2.832674800425,3.089314980693,3.000000000001
    ));
#590 = CARTESIAN_POINT('',(17.818976934966,0.680059767353,
    89.999999999999));
#591 = CARTESIAN_POINT('',(4.214285714285,0.75,99.));
#592 = CARTESIAN_POINT('',(34.268215738029,16.037320326537,0.));
#593 = CARTESIAN_POINT('',(-0.435042392244,2.260566394552,3.));
#594 = CARTESIAN_POINT('',(10.313845479858,0.970773442179,90.));
#595 = CARTESIAN_POINT('',(2.825892857143,0.75,99.));
#596 = CARTESIAN_POINT('',(33.512907185054,17.484995053072,0.));
#597 = CARTESIAN_POINT('',(2.020494012455,1.054170789107,3.));
#598 = CARTESIAN_POINT('',(2.785552395018,1.453331684357,90.));
#599 = CARTESIAN_POINT('',(1.4375,0.75,99.));
#600 = DEFINITIONAL_REPRESENTATION('',(#601),#605);
#601 = LINE('',#602,#603);
#602 = CARTESIAN_POINT('',(0.,0.));
#603 = VECTOR('',#604,1.);
#604 = DIRECTION('',(1.,0.));
#605 = ( GEOMETRIC_REPRESENTATION_CONTEXT(2) 
PARAMETRIC_REPRESENTATION_CONTEXT() REPRESENTATION_CONTEXT('2D SPACE',''
  ) );
#606 = ORIENTED_EDGE('',*,*,#607,.F.);
#607 = EDGE_CURVE('',#608,#524,#610,.T.);
#608 = VERTEX_POINT('',#609);
#609 = CARTESIAN_POINT('',(37.792130737918,0.771267974243,0.));
#610 = SURFACE_CURVE('',#611,(#623,#638),.PCURVE_S1.);
#611 = B_SPLINE_CURVE_WITH_KNOTS('',10,(#612,#613,#614,#615,#616,#617,
    #618,#619,#620,#621,#622),.UNSPECIFIED.,.F.,.F.,(11,11),(1.,2.),
  .PIECEWISE_BEZIER_KNOTS.);
#612 = CARTESIAN_POINT('',(37.792130737918,0.771267974243,0.));
#613 = CARTESIAN_POINT('',(37.789932109335,0.879000774842,0.));
#614 = CARTESIAN_POINT('',(37.787392223874,0.986726610751,0.));
#615 = CARTESIAN_POINT('',(37.784511123679,1.094444266543,0.));
#616 = CARTESIAN_POINT('',(37.781288850891,1.202152526788,0.));
#617 = CARTESIAN_POINT('',(37.777725447652,1.309850176059,0.));
#618 = CARTESIAN_POINT('',(37.773820956105,1.417535998928,0.));
#619 = CARTESIAN_POINT('',(37.769575418391,1.525208779966,0.));
#620 = CARTESIAN_POINT('',(37.764988876652,1.632867303746,0.));
#621 = CARTESIAN_POINT('',(37.76006137303,1.740510354838,0.));
#622 = CARTESIAN_POINT('',(37.754792949667,1.848136717816,0.));
#623 = PCURVE('',#45,#624);
#624 = DEFINITIONAL_REPRESENTATION('',(#625),#637);
#625 = B_SPLINE_CURVE_WITH_KNOTS('',10,(#626,#627,#628,#629,#630,#631,
    #632,#633,#634,#635,#636),.UNSPECIFIED.,.F.,.F.,(11,11),(1.,2.),
  .PIECEWISE_BEZIER_KNOTS.);
#626 = CARTESIAN_POINT('',(37.792130737918,0.771267974243));
#627 = CARTESIAN_POINT('',(37.789932109335,0.879000774842));
#628 = CARTESIAN_POINT('',(37.787392223874,0.986726610751));
#629 = CARTESIAN_POINT('',(37.784511123679,1.094444266543));
#630 = CARTESIAN_POINT('',(37.781288850891,1.202152526788));
#631 = CARTESIAN_POINT('',(37.777725447652,1.309850176059));
#632 = CARTESIAN_POINT('',(37.773820956105,1.417535998928));
#633 = CARTESIAN_POINT('',(37.769575418391,1.525208779966));
#634 = CARTESIAN_POINT('',(37.764988876652,1.632867303746));
#635 = CARTESIAN_POINT('',(37.76006137303,1.740510354838));
#636 = CARTESIAN_POINT('',(37.754792949667,1.848136717816));
#637 = ( GEOMETRIC_REPRESENTATION_CONTEXT(2) 
PARAMETRIC_REPRESENTATION_CONTEXT() REPRESENTATION_CONTEXT('2D SPACE',''
  ) );
#638 = PCURVE('',#639,#684);
#639 = ( BOUNDED_SURFACE() B_SPLINE_SURFACE(10,3,(
    (#640,#641,#642,#643)
    ,(#644,#645,#646,#647)
    ,(#648,#649,#650,#651)
    ,(#652,#653,#654,#655)
    ,(#656,#657,#658,#659)
    ,(#660,#661,#662,#663)
    ,(#664,#665,#666,#667)
    ,(#668,#669,#670,#671)
    ,(#672,#673,#674,#675)
    ,(#676,#677,#678,#679)
    ,(#680,#681,#682,#683
)),.UNSPECIFIED.,.F.,.F.,.F.) B_SPLINE_SURFACE_WITH_KNOTS((11,11),(4,4),
  (1.,2.),(0.,1.),.PIECEWISE_BEZIER_KNOTS.) 
GEOMETRIC_REPRESENTATION_ITEM() RATIONAL_B_SPLINE_SURFACE((
    (1.,1.,1.,1.)
    ,(1.,1.,1.,1.)
    ,(1.,1.,1.,1.)
    ,(1.,1.,1.,1.)
    ,(1.,1.,1.,1.)
    ,(1.,1.,1.,1.)
    ,(1.,1.,1.,1.)
    ,(1.,1.,1.,1.)
    ,(1.,1.,1.,1.)
    ,(1.,1.,1.,1.)
,(1.,1.,1.,1.))) REPRESENTATION_ITEM('') SURFACE() );
#640 = CARTESIAN_POINT('',(37.792130737918,0.771267974243,0.));
#641 = CARTESIAN_POINT('',(-22.76359050955,-0.464563071624,3.));
#642 = CARTESIAN_POINT('',(67.714857463656,1.381935866605,90.));
#643 = CARTESIAN_POINT('',(36.75,0.75,99.));
#644 = CARTESIAN_POINT('',(37.789932109335,0.879000774842,0.));
#645 = CARTESIAN_POINT('',(-23.35693302828,-0.669569405843,3.));
#646 = CARTESIAN_POINT('',(69.248247524805,1.872648135185,
    89.999999999999));
#647 = CARTESIAN_POINT('',(34.607142857143,0.75,99.));
#648 = CARTESIAN_POINT('',(37.787392223874,0.986726610751,0.));
#649 = CARTESIAN_POINT('',(-23.91840947914,-0.858714073768,
    2.999999999999));
#650 = CARTESIAN_POINT('',(70.716285593333,2.331522719512,
    90.000000000001));
#651 = CARTESIAN_POINT('',(32.464285714285,0.75,99.));
#652 = CARTESIAN_POINT('',(37.784511123679,1.094444266543,0.));
#653 = CARTESIAN_POINT('',(-24.45025163754,-1.027394073369,3.));
#654 = CARTESIAN_POINT('',(72.123436451751,2.749333632846,90.));
#655 = CARTESIAN_POINT('',(30.321428571428,0.75,99.));
#656 = CARTESIAN_POINT('',(37.781288850891,1.202152526788,0.));
#657 = CARTESIAN_POINT('',(-24.95542908727,-1.17136231828,3.));
#658 = CARTESIAN_POINT('',(73.475640755159,3.117566745734,
    89.999999999999));
#659 = CARTESIAN_POINT('',(28.178571428571,0.75,99.));
#660 = CARTESIAN_POINT('',(37.777725447652,1.309850176059,0.));
#661 = CARTESIAN_POINT('',(-25.43758454593,-1.286868218631,3.));
#662 = CARTESIAN_POINT('',(74.780185682069,3.428700947683,90.));
#663 = CARTESIAN_POINT('',(26.035714285713,0.75,99.));
#664 = CARTESIAN_POINT('',(37.773820956105,1.417535998928,0.));
#665 = CARTESIAN_POINT('',(-25.90093506343,-1.370779663026,
    2.999999999999));
#666 = CARTESIAN_POINT('',(76.045507331453,3.676452111106,
    90.000000000001));
#667 = CARTESIAN_POINT('',(23.892857142856,0.75,99.));
#668 = CARTESIAN_POINT('',(37.769575418391,1.525208779966,0.));
#669 = CARTESIAN_POINT('',(-26.35014715296,-1.420681346357,3.));
#670 = CARTESIAN_POINT('',(77.28094098466,3.855969746953,90.));
#671 = CARTESIAN_POINT('',(21.749999999999,0.75,99.));
#672 = CARTESIAN_POINT('',(37.764988876652,1.632867303746,0.));
#673 = CARTESIAN_POINT('',(-26.79019391371,-1.434944388189,
    3.000000000001));
#674 = CARTESIAN_POINT('',(78.496435350851,3.963976241492,
    89.999999999999));
#675 = CARTESIAN_POINT('',(19.607142857141,0.75,99.));
#676 = CARTESIAN_POINT('',(37.76006137303,1.740510354838,0.));
#677 = CARTESIAN_POINT('',(-27.22620220467,-1.412762186442,3.));
#678 = CARTESIAN_POINT('',(79.7022469146,3.998838563651,90.));
#679 = CARTESIAN_POINT('',(17.464285714284,0.75,99.));
#680 = CARTESIAN_POINT('',(37.754792949667,1.848136717816,0.));
#681 = CARTESIAN_POINT('',(-27.66329792882,-1.354147451061,3.));
#682 = CARTESIAN_POINT('',(80.908630504323,3.960562332379,90.));
#683 = CARTESIAN_POINT('',(15.321428571426,0.75,99.));
#684 = DEFINITIONAL_REPRESENTATION('',(#685),#689);
#685 = LINE('',#686,#687);
#686 = CARTESIAN_POINT('',(0.,0.));
#687 = VECTOR('',#688,1.);
#688 = DIRECTION('',(1.,0.));
#689 = ( GEOMETRIC_REPRESENTATION_CONTEXT(2) 
PARAMETRIC_REPRESENTATION_CONTEXT() REPRESENTATION_CONTEXT('2D SPACE',''
  ) );
#690 = ORIENTED_EDGE('',*,*,#691,.F.);
#691 = EDGE_CURVE('',#692,#608,#694,.T.);
#692 = VERTEX_POINT('',#693);
#693 = CARTESIAN_POINT('',(37.8,0.,0.));
#694 = SURFACE_CURVE('',#695,(#707,#722),.PCURVE_S1.);
#695 = B_SPLINE_CURVE_WITH_KNOTS('',10,(#696,#697,#698,#699,#700,#701,
    #702,#703,#704,#705,#706),.UNSPECIFIED.,.F.,.F.,(11,11),(0.,1.),
  .PIECEWISE_BEZIER_KNOTS.);
#696 = CARTESIAN_POINT('',(37.8,5.551115123126E-17,0.));
#697 = CARTESIAN_POINT('',(37.8,7.713214999511E-02,0.));
#698 = CARTESIAN_POINT('',(37.799825115374,0.154264299941,0.));
#699 = CARTESIAN_POINT('',(37.799475350672,0.231396003808,0.));
#700 = CARTESIAN_POINT('',(37.798950710446,0.308526815567,0.));
#701 = CARTESIAN_POINT('',(37.798251199246,0.38565628919,0.));
#702 = CARTESIAN_POINT('',(37.797376821623,0.462783978648,0.));
#703 = CARTESIAN_POINT('',(37.796327582128,0.539909437911,0.));
#704 = CARTESIAN_POINT('',(37.795103485311,0.617032220951,0.));
#705 = CARTESIAN_POINT('',(37.793704535725,0.694151881738,0.));
#706 = CARTESIAN_POINT('',(37.792130737918,0.771267974243,0.));
#707 = PCURVE('',#45,#708);
#708 = DEFINITIONAL_REPRESENTATION('',(#709),#721);
#709 = B_SPLINE_CURVE_WITH_KNOTS('',10,(#710,#711,#712,#713,#714,#715,
    #716,#717,#718,#719,#720),.UNSPECIFIED.,.F.,.F.,(11,11),(0.,1.),
  .PIECEWISE_BEZIER_KNOTS.);
#710 = CARTESIAN_POINT('',(37.8,7.164555050056E-17));
#711 = CARTESIAN_POINT('',(37.8,7.713214999511E-02));
#712 = CARTESIAN_POINT('',(37.799825115374,0.154264299941));
#713 = CARTESIAN_POINT('',(37.799475350672,0.231396003808));
#714 = CARTESIAN_POINT('',(37.798950710446,0.308526815567));
#715 = CARTESIAN_POINT('',(37.798251199246,0.38565628919));
#716 = CARTESIAN_POINT('',(37.797376821623,0.462783978648));
#717 = CARTESIAN_POINT('',(37.796327582128,0.539909437911));
#718 = CARTESIAN_POINT('',(37.795103485311,0.617032220951));
#719 = CARTESIAN_POINT('',(37.793704535725,0.694151881738));
#720 = CARTESIAN_POINT('',(37.792130737918,0.771267974243));
#721 = ( GEOMETRIC_REPRESENTATION_CONTEXT(2) 
PARAMETRIC_REPRESENTATION_CONTEXT() REPRESENTATION_CONTEXT('2D SPACE',''
  ) );
#722 = PCURVE('',#723,#768);
#723 = ( BOUNDED_SURFACE() B_SPLINE_SURFACE(10,3,(
    (#724,#725,#726,#727)
    ,(#728,#729,#730,#731)
    ,(#732,#733,#734,#735)
    ,(#736,#737,#738,#739)
    ,(#740,#741,#742,#743)
    ,(#744,#745,#746,#747)
    ,(#748,#749,#750,#751)
    ,(#752,#753,#754,#755)
    ,(#756,#757,#758,#759)
    ,(#760,#761,#762,#763)
    ,(#764,#765,#766,#767
)),.UNSPECIFIED.,.F.,.F.,.F.) B_SPLINE_SURFACE_WITH_KNOTS((11,11),(4,4),
  (0.,1.),(0.,1.),.PIECEWISE_BEZIER_KNOTS.) 
GEOMETRIC_REPRESENTATION_ITEM() RATIONAL_B_SPLINE_SURFACE((
    (1.,1.,1.,1.)
    ,(1.,1.,1.,1.)
    ,(1.,1.,1.,1.)
    ,(1.,1.,1.,1.)
    ,(1.,1.,1.,1.)
    ,(1.,1.,1.,1.)
    ,(1.,1.,1.,1.)
    ,(1.,1.,1.,1.)
    ,(1.,1.,1.,1.)
    ,(1.,1.,1.,1.)
,(1.,1.,1.,1.))) REPRESENTATION_ITEM('') SURFACE() );
#724 = CARTESIAN_POINT('',(37.8,5.551115123126E-17,0.));
#725 = CARTESIAN_POINT('',(-22.77014822795,-0.178160240246,3.));
#726 = CARTESIAN_POINT('',(67.717480551016,-1.124846541857,90.));
#727 = CARTESIAN_POINT('',(36.75,-0.75,99.));
#728 = CARTESIAN_POINT('',(37.8,7.713214999511E-02,0.));
#729 = CARTESIAN_POINT('',(-22.78177743475,-0.241395425488,3.));
#730 = CARTESIAN_POINT('',(67.720589771074,-0.780365096084,90.));
#731 = CARTESIAN_POINT('',(36.985619449019,-0.75,99.));
#732 = CARTESIAN_POINT('',(37.799825115374,0.154264299941,0.));
#733 = CARTESIAN_POINT('',(-22.77478672913,-0.287345616535,3.));
#734 = CARTESIAN_POINT('',(67.682447955627,-0.483908410279,90.));
#735 = CARTESIAN_POINT('',(37.221241071558,-0.667753520049,99.));
#736 = CARTESIAN_POINT('',(37.799475350672,0.231396003808,0.));
#737 = CARTESIAN_POINT('',(-22.75879059289,-0.313655312351,3.));
#738 = CARTESIAN_POINT('',(67.627666036766,-0.240250475186,90.));
#739 = CARTESIAN_POINT('',(37.424550431438,-0.503258522416,99.));
#740 = CARTESIAN_POINT('',(37.798950710446,0.308526815567,0.));
#741 = CARTESIAN_POINT('',(-22.74368699729,-0.322651831083,3.));
#742 = CARTESIAN_POINT('',(67.581410946952,-4.238187300455E-02,90.));
#743 = CARTESIAN_POINT('',(37.563305417225,-0.271019590411,99.));
#744 = CARTESIAN_POINT('',(37.798251199246,0.38565628919,0.));
#745 = CARTESIAN_POINT('',(-22.73723230006,-0.321380240992,3.));
#746 = CARTESIAN_POINT('',(67.563331374798,0.128552096397,90.));
#747 = CARTESIAN_POINT('',(37.612680472819,3.869127240819E-15,99.));
#748 = CARTESIAN_POINT('',(37.797376821623,0.462783978648,0.));
#749 = CARTESIAN_POINT('',(-22.74237542327,-0.320107164096,3.));
#750 = CARTESIAN_POINT('',(67.580886317342,0.299485471076,90.));
#751 = CARTESIAN_POINT('',(37.563305417228,0.271019590411,99.));
#752 = CARTESIAN_POINT('',(37.796327582128,0.539909437911,0.));
#753 = CARTESIAN_POINT('',(-22.75616745244,-0.329099222415,3.));
#754 = CARTESIAN_POINT('',(67.626616780587,0.497352289092,90.));
#755 = CARTESIAN_POINT('',(37.424550431434,0.503258522416,99.));
#756 = CARTESIAN_POINT('',(37.795103485311,0.617032220951,0.));
#757 = CARTESIAN_POINT('',(-22.77085203741,-0.355401484208,3.));
#758 = CARTESIAN_POINT('',(67.680874078938,0.741007250576,90.));
#759 = CARTESIAN_POINT('',(37.22124107156,0.667753520049,99.));
#760 = CARTESIAN_POINT('',(37.793704535725,0.694151881738,0.));
#761 = CARTESIAN_POINT('',(-22.77653121453,-0.401341267623,3.));
#762 = CARTESIAN_POINT('',(67.718491282983,1.037459773328,90.));
#763 = CARTESIAN_POINT('',(36.985619449019,0.75,99.));
#764 = CARTESIAN_POINT('',(37.792130737918,0.771267974243,0.));
#765 = CARTESIAN_POINT('',(-22.76359050955,-0.464563071624,3.));
#766 = CARTESIAN_POINT('',(67.714857463656,1.381935866605,90.));
#767 = CARTESIAN_POINT('',(36.75,0.75,99.));
#768 = DEFINITIONAL_REPRESENTATION('',(#769),#773);
#769 = LINE('',#770,#771);
#770 = CARTESIAN_POINT('',(0.,0.));
#771 = VECTOR('',#772,1.);
#772 = DIRECTION('',(1.,0.));
#773 = ( GEOMETRIC_REPRESENTATION_CONTEXT(2) 
PARAMETRIC_REPRESENTATION_CONTEXT() REPRESENTATION_CONTEXT('2D SPACE',''
  ) );
#774 = ORIENTED_EDGE('',*,*,#775,.F.);
#775 = EDGE_CURVE('',#776,#692,#778,.T.);
#776 = VERTEX_POINT('',#777);
#777 = CARTESIAN_POINT('',(37.8,-5.670707920429E-06,0.));
#778 = SURFACE_CURVE('',#779,(#791,#806),.PCURVE_S1.);
#779 = B_SPLINE_CURVE_WITH_KNOTS('',10,(#780,#781,#782,#783,#784,#785,
    #786,#787,#788,#789,#790),.UNSPECIFIED.,.F.,.F.,(11,11),(11.,12.),
  .PIECEWISE_BEZIER_KNOTS.);
#780 = CARTESIAN_POINT('',(37.754792949667,-1.848136717816,0.));
#781 = CARTESIAN_POINT('',(37.763832557118,-1.663470451324,0.));
#782 = CARTESIAN_POINT('',(37.771868564867,-1.478755056594,0.));
#783 = CARTESIAN_POINT('',(37.778900672506,-1.293996671103,0.));
#784 = CARTESIAN_POINT('',(37.784928622537,-1.10920143338,0.));
#785 = CARTESIAN_POINT('',(37.789952200376,-0.924375483003,0.));
#786 = CARTESIAN_POINT('',(37.793971234348,-0.739524960599,0.));
#787 = CARTESIAN_POINT('',(37.796985595691,-0.554656007844,0.));
#788 = CARTESIAN_POINT('',(37.798995198555,-0.369774767467,0.));
#789 = CARTESIAN_POINT('',(37.8,-0.184887383244,0.));
#790 = CARTESIAN_POINT('',(37.8,-9.214851104389E-15,0.));
#791 = PCURVE('',#45,#792);
#792 = DEFINITIONAL_REPRESENTATION('',(#793),#805);
#793 = B_SPLINE_CURVE_WITH_KNOTS('',10,(#794,#795,#796,#797,#798,#799,
    #800,#801,#802,#803,#804),.UNSPECIFIED.,.F.,.F.,(11,11),(11.,12.),
  .PIECEWISE_BEZIER_KNOTS.);
#794 = CARTESIAN_POINT('',(37.754792949667,-1.848136717816));
#795 = CARTESIAN_POINT('',(37.763832557118,-1.663470451324));
#796 = CARTESIAN_POINT('',(37.771868564867,-1.478755056594));
#797 = CARTESIAN_POINT('',(37.778900672506,-1.293996671103));
#798 = CARTESIAN_POINT('',(37.784928622537,-1.10920143338));
#799 = CARTESIAN_POINT('',(37.789952200376,-0.924375483003));
#800 = CARTESIAN_POINT('',(37.793971234348,-0.739524960599));
#801 = CARTESIAN_POINT('',(37.796985595691,-0.554656007844));
#802 = CARTESIAN_POINT('',(37.798995198555,-0.369774767467));
#803 = CARTESIAN_POINT('',(37.8,-0.184887383244));
#804 = CARTESIAN_POINT('',(37.8,-9.19871670512E-15));
#805 = ( GEOMETRIC_REPRESENTATION_CONTEXT(2) 
PARAMETRIC_REPRESENTATION_CONTEXT() REPRESENTATION_CONTEXT('2D SPACE',''
  ) );
#806 = PCURVE('',#807,#852);
#807 = ( BOUNDED_SURFACE() B_SPLINE_SURFACE(10,3,(
    (#808,#809,#810,#811)
    ,(#812,#813,#814,#815)
    ,(#816,#817,#818,#819)
    ,(#820,#821,#822,#823)
    ,(#824,#825,#826,#827)
    ,(#828,#829,#830,#831)
    ,(#832,#833,#834,#835)
    ,(#836,#837,#838,#839)
    ,(#840,#841,#842,#843)
    ,(#844,#845,#846,#847)
    ,(#848,#849,#850,#851
)),.UNSPECIFIED.,.F.,.F.,.F.) B_SPLINE_SURFACE_WITH_KNOTS((11,11),(4,4),
  (11.,12.),(0.,1.),.PIECEWISE_BEZIER_KNOTS.) 
GEOMETRIC_REPRESENTATION_ITEM() RATIONAL_B_SPLINE_SURFACE((
    (1.,1.,1.,1.)
    ,(1.,1.,1.,1.)
    ,(1.,1.,1.,1.)
    ,(1.,1.,1.,1.)
    ,(1.,1.,1.,1.)
    ,(1.,1.,1.,1.)
    ,(1.,1.,1.,1.)
    ,(1.,1.,1.,1.)
    ,(1.,1.,1.,1.)
    ,(1.,1.,1.,1.)
,(1.,1.,1.,1.))) REPRESENTATION_ITEM('') SURFACE() );
#808 = CARTESIAN_POINT('',(37.754792949667,-1.848136717816,0.));
#809 = CARTESIAN_POINT('',(-27.66329792882,1.354147451061,3.));
#810 = CARTESIAN_POINT('',(80.908630504322,-3.960562332379,90.));
#811 = CARTESIAN_POINT('',(15.321428571428,-0.75,99.));
#812 = CARTESIAN_POINT('',(37.763832557118,-1.663470451324,0.));
#813 = CARTESIAN_POINT('',(-27.22934485807,1.348562266847,3.));
#814 = CARTESIAN_POINT('',(79.703503975962,-3.973158595813,
    89.999999999999));
#815 = CARTESIAN_POINT('',(17.464285714285,-0.75,99.));
#816 = CARTESIAN_POINT('',(37.771868564867,-1.478755056594,0.));
#817 = CARTESIAN_POINT('',(-26.79592698723,1.306517515563,2.999999999999
    ));
#818 = CARTESIAN_POINT('',(78.498728580256,-3.912605492442,
    90.000000000001));
#819 = CARTESIAN_POINT('',(19.607142857142,-0.75,99.));
#820 = CARTESIAN_POINT('',(37.778900672506,-1.293996671103,0.));
#821 = CARTESIAN_POINT('',(-26.35791819806,1.228004588971,3.));
#822 = CARTESIAN_POINT('',(77.284049402698,-3.778899043999,90.));
#823 = CARTESIAN_POINT('',(21.75,-0.75,99.));
#824 = CARTESIAN_POINT('',(37.784928622537,-1.10920143338,0.));
#825 = CARTESIAN_POINT('',(-25.91019145213,1.113834191737,3.000000000001
    ));
#826 = CARTESIAN_POINT('',(76.049209886929,-3.57367392259,
    89.999999999999));
#827 = CARTESIAN_POINT('',(23.892857142857,-0.75,99.));
#828 = CARTESIAN_POINT('',(37.789952200376,-0.924375483003,0.));
#829 = CARTESIAN_POINT('',(-25.44777350653,0.965639307751,3.));
#830 = CARTESIAN_POINT('',(74.784261266309,-3.300209383331,90.));
#831 = CARTESIAN_POINT('',(26.035714285714,-0.75,99.));
#832 = CARTESIAN_POINT('',(37.793971234348,-0.739524960599,0.));
#833 = CARTESIAN_POINT('',(-24.96599774015,0.785839346455,2.999999999999
    ));
#834 = CARTESIAN_POINT('',(73.479868216311,-2.963357557004,
    90.000000000001));
#835 = CARTESIAN_POINT('',(28.178571428571,-0.75,99.));
#836 = CARTESIAN_POINT('',(37.796985595691,-0.554656007844,0.));
#837 = CARTESIAN_POINT('',(-24.46064703088,0.577570524454,3.));
#838 = CARTESIAN_POINT('',(72.127594609088,-2.56940421328,90.));
#839 = CARTESIAN_POINT('',(30.321428571428,-0.75,99.));
#840 = CARTESIAN_POINT('',(37.798995198555,-0.369774767467,0.));
#841 = CARTESIAN_POINT('',(-23.9280786247,0.344587537698,3.000000000001)
  );
#842 = CARTESIAN_POINT('',(70.720153251558,-2.125872105084,
    89.999999999999));
#843 = CARTESIAN_POINT('',(32.464285714286,-0.75,99.));
#844 = CARTESIAN_POINT('',(37.8,-0.184887383244,0.));
#845 = CARTESIAN_POINT('',(-23.36532293717,9.114157951111E-02,3.));
#846 = CARTESIAN_POINT('',(69.251603488361,-1.641277004652,
    90.000000000001));
#847 = CARTESIAN_POINT('',(34.607142857143,-0.75,99.));
#848 = CARTESIAN_POINT('',(37.8,-9.214851104389E-15,0.));
#849 = CARTESIAN_POINT('',(-22.77014822795,-0.178160240246,3.));
#850 = CARTESIAN_POINT('',(67.717480551016,-1.124846541857,90.));
#851 = CARTESIAN_POINT('',(36.75,-0.75,99.));
#852 = DEFINITIONAL_REPRESENTATION('',(#853),#857);
#853 = LINE('',#854,#855);
#854 = CARTESIAN_POINT('',(0.,0.));
#855 = VECTOR('',#856,1.);
#856 = DIRECTION('',(1.,0.));
#857 = ( GEOMETRIC_REPRESENTATION_CONTEXT(2) 
PARAMETRIC_REPRESENTATION_CONTEXT() REPRESENTATION_CONTEXT('2D SPACE',''
  ) );
#858 = ORIENTED_EDGE('',*,*,#859,.T.);
#859 = EDGE_CURVE('',#776,#142,#860,.T.);
#860 = SURFACE_CURVE('',#861,(#865,#871),.PCURVE_S1.);
#861 = LINE('',#862,#863);
#862 = CARTESIAN_POINT('',(9.23602159002E-05,-5.670707919931E-06,0.));
#863 = VECTOR('',#864,1.);
#864 = DIRECTION('',(1.,0.,0.));
#865 = PCURVE('',#45,#866);
#866 = DEFINITIONAL_REPRESENTATION('',(#867),#870);
#867 = B_SPLINE_CURVE_WITH_KNOTS('',1,(#868,#869),.UNSPECIFIED.,.F.,.F.,
  (2,2),(-46.50009236021,46.499907639784),.PIECEWISE_BEZIER_KNOTS.);
#868 = CARTESIAN_POINT('',(-46.5,-5.670707919915E-06));
#869 = CARTESIAN_POINT('',(46.5,-5.670707919915E-06));
#870 = ( GEOMETRIC_REPRESENTATION_CONTEXT(2) 
PARAMETRIC_REPRESENTATION_CONTEXT() REPRESENTATION_CONTEXT('2D SPACE',''
  ) );
#871 = PCURVE('',#872,#877);
#872 = PLANE('',#873);
#873 = AXIS2_PLACEMENT_3D('',#874,#875,#876);
#874 = CARTESIAN_POINT('',(1.847204318023E-04,-5.670707919931E-06,
    52.831249336744));
#875 = DIRECTION('',(-0.,-1.,-0.));
#876 = DIRECTION('',(0.,0.,-1.));
#877 = DEFINITIONAL_REPRESENTATION('',(#878),#881);
#878 = B_SPLINE_CURVE_WITH_KNOTS('',1,(#879,#880),.UNSPECIFIED.,.F.,.F.,
  (2,2),(-46.50009236021,46.499907639784),.PIECEWISE_BEZIER_KNOTS.);
#879 = CARTESIAN_POINT('',(52.831249336744,-46.50018472043));
#880 = CARTESIAN_POINT('',(52.831249336744,46.499815279568));
#881 = ( GEOMETRIC_REPRESENTATION_CONTEXT(2) 
PARAMETRIC_REPRESENTATION_CONTEXT() REPRESENTATION_CONTEXT('2D SPACE',''
  ) );
#882 = ADVANCED_FACE('',(#883),#127,.T.);
#883 = FACE_BOUND('',#884,.T.);
#884 = EDGE_LOOP('',(#885,#906,#907,#908,#1264,#1290));
#885 = ORIENTED_EDGE('',*,*,#886,.F.);
#886 = EDGE_CURVE('',#86,#887,#889,.T.);
#887 = VERTEX_POINT('',#888);
#888 = CARTESIAN_POINT('',(-44.75,-5.670707923859E-06,69.9));
#889 = SURFACE_CURVE('',#890,(#894,#900),.PCURVE_S1.);
#890 = LINE('',#891,#892);
#891 = CARTESIAN_POINT('',(9.23602159002E-05,-5.670707919931E-06,69.9));
#892 = VECTOR('',#893,1.);
#893 = DIRECTION('',(1.,0.,0.));
#894 = PCURVE('',#127,#895);
#895 = DEFINITIONAL_REPRESENTATION('',(#896),#899);
#896 = B_SPLINE_CURVE_WITH_KNOTS('',1,(#897,#898),.UNSPECIFIED.,.F.,.F.,
  (2,2),(-46.50009236021,46.499907639784),.PIECEWISE_BEZIER_KNOTS.);
#897 = CARTESIAN_POINT('',(-17.06875066325,-46.50018472043));
#898 = CARTESIAN_POINT('',(-17.06875066325,46.499815279568));
#899 = ( GEOMETRIC_REPRESENTATION_CONTEXT(2) 
PARAMETRIC_REPRESENTATION_CONTEXT() REPRESENTATION_CONTEXT('2D SPACE',''
  ) );
#900 = PCURVE('',#102,#901);
#901 = DEFINITIONAL_REPRESENTATION('',(#902),#905);
#902 = B_SPLINE_CURVE_WITH_KNOTS('',1,(#903,#904),.UNSPECIFIED.,.F.,.F.,
  (2,2),(-46.50009236021,46.499907639784),.PIECEWISE_BEZIER_KNOTS.);
#903 = CARTESIAN_POINT('',(-46.5,-5.670707919915E-06));
#904 = CARTESIAN_POINT('',(46.5,-5.670707919915E-06));
#905 = ( GEOMETRIC_REPRESENTATION_CONTEXT(2) 
PARAMETRIC_REPRESENTATION_CONTEXT() REPRESENTATION_CONTEXT('2D SPACE',''
  ) );
#906 = ORIENTED_EDGE('',*,*,#114,.T.);
#907 = ORIENTED_EDGE('',*,*,#166,.T.);
#908 = ORIENTED_EDGE('',*,*,#909,.T.);
#909 = EDGE_CURVE('',#167,#910,#912,.T.);
#910 = VERTEX_POINT('',#911);
#911 = CARTESIAN_POINT('',(-41.91671097197,-5.670707919938E-06,80.7));
#912 = SURFACE_CURVE('',#913,(#1028,#1146),.PCURVE_S1.);
#913 = B_SPLINE_CURVE_WITH_KNOTS('',8,(#914,#915,#916,#917,#918,#919,
    #920,#921,#922,#923,#924,#925,#926,#927,#928,#929,#930,#931,#932,
    #933,#934,#935,#936,#937,#938,#939,#940,#941,#942,#943,#944,#945,
    #946,#947,#948,#949,#950,#951,#952,#953,#954,#955,#956,#957,#958,
    #959,#960,#961,#962,#963,#964,#965,#966,#967,#968,#969,#970,#971,
    #972,#973,#974,#975,#976,#977,#978,#979,#980,#981,#982,#983,#984,
    #985,#986,#987,#988,#989,#990,#991,#992,#993,#994,#995,#996,#997,
    #998,#999,#1000,#1001,#1002,#1003,#1004,#1005,#1006,#1007,#1008,
    #1009,#1010,#1011,#1012,#1013,#1014,#1015,#1016,#1017,#1018,#1019,
    #1020,#1021,#1022,#1023,#1024,#1025,#1026,#1027),.UNSPECIFIED.,.F.,
  .F.,(9,7,7,7,7,7,7,7,7,7,7,7,7,7,7,7,9),(0.,0.126101701205,
    0.1588000658,0.176215029474,0.209693173015,0.247975038079,
    0.268698128478,0.312700284515,0.441568688861,0.592372899011,
    0.68955334911,0.726017269526,0.752936447886,0.772704074659,
    0.825357059871,0.924789241636,1.),.UNSPECIFIED.);
#914 = CARTESIAN_POINT('',(-37.79999999999,-5.670707919931E-06,0.));
#915 = CARTESIAN_POINT('',(-36.22610999152,-5.670707919931E-06,
    7.797968660788E-02));
#916 = CARTESIAN_POINT('',(-34.65758907684,-5.670707919931E-06,
    0.20278441223));
#917 = CARTESIAN_POINT('',(-33.09267447092,-5.670707919931E-06,
    0.381023984731));
#918 = CARTESIAN_POINT('',(-31.53319126939,-5.670707919931E-06,
    0.621362787469));
#919 = CARTESIAN_POINT('',(-29.98455862121,-5.670707919931E-06,
    0.934601662273));
#920 = CARTESIAN_POINT('',(-28.45595018174,-5.670707919931E-06,
    1.334269352967));
#921 = CARTESIAN_POINT('',(-26.96031209824,-5.670707919931E-06,
    1.836781143923));
#922 = CARTESIAN_POINT('',(-25.1401805053,-5.670707919931E-06,
    2.626587012864));
#923 = CARTESIAN_POINT('',(-24.7690009894,-5.670707919931E-06,
    2.797501607709));
#924 = CARTESIAN_POINT('',(-24.40180748486,-5.670707919931E-06,
    2.977027544815));
#925 = CARTESIAN_POINT('',(-24.03903932843,-5.670707919931E-06,
    3.16548289681));
#926 = CARTESIAN_POINT('',(-23.68118767373,-5.670707919931E-06,
    3.36317247756));
#927 = CARTESIAN_POINT('',(-23.32879029378,-5.670707919931E-06,
    3.570378321727));
#928 = CARTESIAN_POINT('',(-22.98242467573,-5.670707919931E-06,
    3.787347082004));
#929 = CARTESIAN_POINT('',(-22.46176365561,-5.670707919931E-06,
    4.135134517752));
#930 = CARTESIAN_POINT('',(-22.2827136034,-5.670707919931E-06,
    4.258818087341));
#931 = CARTESIAN_POINT('',(-22.10564281297,-5.670707919931E-06,
    4.38535322546));
#932 = CARTESIAN_POINT('',(-21.93064766044,-5.670707919931E-06,
    4.514763672503));
#933 = CARTESIAN_POINT('',(-21.75782670694,-5.670707919931E-06,
    4.647067909239));
#934 = CARTESIAN_POINT('',(-21.58728006936,-5.670707919931E-06,
    4.782278329444));
#935 = CARTESIAN_POINT('',(-21.41910879098,-5.670707919931E-06,
    4.920400412535));
#936 = CARTESIAN_POINT('',(-20.93488659421,-5.670707919931E-06,
    5.332547721782));
#937 = CARTESIAN_POINT('',(-20.62548005716,-5.670707919931E-06,
    5.614442253777));
#938 = CARTESIAN_POINT('',(-20.32595433589,-5.670707919931E-06,
    5.907070921737));
#939 = CARTESIAN_POINT('',(-20.03703209417,-5.670707919931E-06,
    6.210305061129));
#940 = CARTESIAN_POINT('',(-19.75938382938,-5.670707919931E-06,
    6.523918080128));
#941 = CARTESIAN_POINT('',(-19.49361277727,-5.670707919931E-06,
    6.847571626415));
#942 = CARTESIAN_POINT('',(-19.24023981676,-5.670707919931E-06,
    7.180801753977));
#943 = CARTESIAN_POINT('',(-18.72462061784,-5.670707919931E-06,
    7.914310596867));
#944 = CARTESIAN_POINT('',(-18.46626022254,-5.670707919931E-06,
    8.317431299485));
#945 = CARTESIAN_POINT('',(-18.22526433208,-5.670707919931E-06,
    8.731457026935));
#946 = CARTESIAN_POINT('',(-18.00199969218,-5.670707919931E-06,
    9.15540754931));
#947 = CARTESIAN_POINT('',(-17.79658001479,-5.670707919931E-06,
    9.588251381455));
#948 = CARTESIAN_POINT('',(-17.60890334186,-5.670707919931E-06,
    10.028924586811));
#949 = CARTESIAN_POINT('',(-17.43868940912,-5.670707919931E-06,
    10.476349581251));
#950 = CARTESIAN_POINT('',(-17.20260032153,-5.670707919931E-06,
    11.174732543563));
#951 = CARTESIAN_POINT('',(-17.1246702177,-5.670707919931E-06,
    11.421696750526));
#952 = CARTESIAN_POINT('',(-17.05165630237,-5.670707919931E-06,
    11.670190832378));
#953 = CARTESIAN_POINT('',(-16.98347581606,-5.670707919931E-06,
    11.920066015151));
#954 = CARTESIAN_POINT('',(-16.92003582956,-5.670707919931E-06,
    12.171181070498));
#955 = CARTESIAN_POINT('',(-16.8612354376,-5.670707919931E-06,
    12.423402909849));
#956 = CARTESIAN_POINT('',(-16.80696795255,-5.670707919931E-06,
    12.676607178566));
#957 = CARTESIAN_POINT('',(-16.65128555055,-5.670707919931E-06,
    13.470159261585));
#958 = CARTESIAN_POINT('',(-16.56539699143,-5.670707919931E-06,
    14.013502806219));
#959 = CARTESIAN_POINT('',(-16.49837991115,-5.670707919931E-06,
    14.559670474016));
#960 = CARTESIAN_POINT('',(-16.44910375728,-5.670707919931E-06,
    15.107760514087));
#961 = CARTESIAN_POINT('',(-16.416437008,-5.670707919931E-06,
    15.657013272896));
#962 = CARTESIAN_POINT('',(-16.39928601857,-5.670707919931E-06,
    16.20681472624));
#963 = CARTESIAN_POINT('',(-16.39662064085,-5.670707919931E-06,
    16.756698704923));
#964 = CARTESIAN_POINT('',(-16.43930962156,-5.670707919931E-06,
    18.916096290902));
#965 = CARTESIAN_POINT('',(-16.5871376354,-5.670707919931E-06,
    20.52099788761));
#966 = CARTESIAN_POINT('',(-16.82638942143,-5.670707919931E-06,
    22.116490417833));
#967 = CARTESIAN_POINT('',(-17.13969367425,-5.670707919931E-06,
    23.699055479782));
#968 = CARTESIAN_POINT('',(-17.51330809128,-5.670707919931E-06,
    25.266824098809));
#969 = CARTESIAN_POINT('',(-17.93696704664,-5.670707919931E-06,
    26.819627564109));
#970 = CARTESIAN_POINT('',(-18.40303567002,-5.670707919931E-06,
    28.359118666539));
#971 = CARTESIAN_POINT('',(-19.49535848718,-5.670707919931E-06,
    31.678902115425));
#972 = CARTESIAN_POINT('',(-20.13425462998,-5.670707919931E-06,
    33.452178469849));
#973 = CARTESIAN_POINT('',(-20.81325854263,-5.670707919931E-06,
    35.210800911522));
#974 = CARTESIAN_POINT('',(-21.52530637955,-5.670707919931E-06,
    36.956282636557));
#975 = CARTESIAN_POINT('',(-22.26473958245,-5.670707919931E-06,
    38.690025181516));
#976 = CARTESIAN_POINT('',(-23.02703114599,-5.670707919931E-06,
    40.413430860367));
#977 = CARTESIAN_POINT('',(-23.80844903406,-5.670707919931E-06,
    42.128035583062));
#978 = CARTESIAN_POINT('',(-25.11979593326,-5.670707919931E-06,
    44.935934152831));
#979 = CARTESIAN_POINT('',(-25.64027739795,-5.670707919931E-06,
    46.033211229931));
#980 = CARTESIAN_POINT('',(-26.166471956,-5.670707919931E-06,
    47.127768891792));
#981 = CARTESIAN_POINT('',(-26.6975809909,-5.670707919931E-06,
    48.219949360075));
#982 = CARTESIAN_POINT('',(-27.23286445905,-5.670707919931E-06,
    49.310081203661));
#983 = CARTESIAN_POINT('',(-27.77162430466,-5.670707919931E-06,
    50.398487421057));
#984 = CARTESIAN_POINT('',(-28.31319067772,-5.670707919931E-06,
    51.485492173159));
#985 = CARTESIAN_POINT('',(-29.06092496081,-5.670707919931E-06,
    52.978888888164));
#986 = CARTESIAN_POINT('',(-29.26524165822,-5.670707919931E-06,
    53.386200019386));
#987 = CARTESIAN_POINT('',(-29.4698265443,-5.670707919931E-06,
    53.793376553001));
#988 = CARTESIAN_POINT('',(-29.67464516114,-5.670707919931E-06,
    54.200435548286));
#989 = CARTESIAN_POINT('',(-29.87966309582,-5.670707919931E-06,
    54.607394130805));
#990 = CARTESIAN_POINT('',(-30.0848459804,-5.670707919931E-06,
    55.014269492407));
#991 = CARTESIAN_POINT('',(-30.29015949191,-5.670707919931E-06,
    55.421078891226));
#992 = CARTESIAN_POINT('',(-30.64721143054,-5.670707919931E-06,
    56.128127315082));
#993 = CARTESIAN_POINT('',(-30.79890593378,-5.670707919931E-06,
    56.428388486701));
#994 = CARTESIAN_POINT('',(-30.95063903361,-5.670707919931E-06,
    56.728630146054));
#995 = CARTESIAN_POINT('',(-31.10239680296,-5.670707919931E-06,
    57.028859325124));
#996 = CARTESIAN_POINT('',(-31.25416521618,-5.670707919931E-06,
    57.329083108369));
#997 = CARTESIAN_POINT('',(-31.40593014899,-5.670707919931E-06,
    57.629308632718));
#998 = CARTESIAN_POINT('',(-31.55767737855,-5.670707919931E-06,
    57.929543087574));
#999 = CARTESIAN_POINT('',(-31.8208019847,-5.670707919931E-06,
    58.450277499954));
#1000 = CARTESIAN_POINT('',(-31.9321940957,-5.670707919931E-06,
    58.670770010418));
#1001 = CARTESIAN_POINT('',(-32.04356323669,-5.670707919931E-06,
    58.891274116383));
#1002 = CARTESIAN_POINT('',(-32.1549036722,-5.670707919931E-06,
    59.111792711382));
#1003 = CARTESIAN_POINT('',(-32.26620961091,-5.670707919931E-06,
    59.332328712295));
#1004 = CARTESIAN_POINT('',(-32.3774752057,-5.670707919931E-06,
    59.552885059353));
#1005 = CARTESIAN_POINT('',(-32.48869455362,-5.670707919931E-06,
    59.773464716137));
#1006 = CARTESIAN_POINT('',(-32.89596612797,-5.670707919931E-06,
    60.581675956607));
#1007 = CARTESIAN_POINT('',(-33.19170001281,-5.670707919931E-06,
    61.169467494138));
#1008 = CARTESIAN_POINT('',(-33.48695059708,-5.670707919931E-06,
    61.757502277697));
#1009 = CARTESIAN_POINT('',(-33.78160170426,-5.670707919931E-06,
    62.345838201538));
#1010 = CARTESIAN_POINT('',(-34.07553270008,-5.670707919931E-06,
    62.934534575154));
#1011 = CARTESIAN_POINT('',(-34.36861745802,-5.670707919931E-06,
    63.523652639784));
#1012 = CARTESIAN_POINT('',(-34.6607233247,-5.670707919931E-06,
    64.113256084929));
#1013 = CARTESIAN_POINT('',(-35.50122210957,-5.670707919931E-06,
    65.817886778647));
#1014 = CARTESIAN_POINT('',(-36.04672845639,-5.670707919931E-06,
    66.934300993553));
#1015 = CARTESIAN_POINT('',(-36.58729944984,-5.670707919931E-06,
    68.053135820884));
#1016 = CARTESIAN_POINT('',(-37.12189166586,-5.670707919931E-06,
    69.174879130756));
#1017 = CARTESIAN_POINT('',(-37.64930880381,-5.670707919931E-06,
    70.300043254344));
#1018 = CARTESIAN_POINT('',(-38.16816379677,-5.670707919931E-06,
    71.429182782209));
#1019 = CARTESIAN_POINT('',(-38.67680653219,-5.670707919931E-06,
    72.56292844165));
#1020 = CARTESIAN_POINT('',(-39.54864089823,-5.670707919931E-06,
    74.563690691106));
#1021 = CARTESIAN_POINT('',(-39.91705102493,-5.670707919931E-06,
    75.428335909869));
#1022 = CARTESIAN_POINT('',(-40.27754151908,-5.670707919931E-06,
    76.296365699926));
#1023 = CARTESIAN_POINT('',(-40.62908083172,-5.670707919931E-06,
    77.168136017069));
#1024 = CARTESIAN_POINT('',(-40.97043272868,-5.670707919931E-06,
    78.043998818059));
#1025 = CARTESIAN_POINT('',(-41.30011634771,-5.670707919931E-06,
    78.924317640734));
#1026 = CARTESIAN_POINT('',(-41.61632186198,-5.670707919931E-06,
    79.80950039135));
#1027 = CARTESIAN_POINT('',(-41.91673374798,-5.670707919931E-06,
    80.700067519065));
#1028 = PCURVE('',#127,#1029);
#1029 = DEFINITIONAL_REPRESENTATION('',(#1030),#1145);
#1030 = B_SPLINE_CURVE_WITH_KNOTS('',8,(#1031,#1032,#1033,#1034,#1035,
    #1036,#1037,#1038,#1039,#1040,#1041,#1042,#1043,#1044,#1045,#1046,
    #1047,#1048,#1049,#1050,#1051,#1052,#1053,#1054,#1055,#1056,#1057,
    #1058,#1059,#1060,#1061,#1062,#1063,#1064,#1065,#1066,#1067,#1068,
    #1069,#1070,#1071,#1072,#1073,#1074,#1075,#1076,#1077,#1078,#1079,
    #1080,#1081,#1082,#1083,#1084,#1085,#1086,#1087,#1088,#1089,#1090,
    #1091,#1092,#1093,#1094,#1095,#1096,#1097,#1098,#1099,#1100,#1101,
    #1102,#1103,#1104,#1105,#1106,#1107,#1108,#1109,#1110,#1111,#1112,
    #1113,#1114,#1115,#1116,#1117,#1118,#1119,#1120,#1121,#1122,#1123,
    #1124,#1125,#1126,#1127,#1128,#1129,#1130,#1131,#1132,#1133,#1134,
    #1135,#1136,#1137,#1138,#1139,#1140,#1141,#1142,#1143,#1144),
  .UNSPECIFIED.,.F.,.F.,(9,7,7,7,7,7,7,7,7,7,7,7,7,7,7,7,9),(0.,
    0.126101701205,0.1588000658,0.176215029474,0.209693173015,
    0.247975038079,0.268698128478,0.312700284515,0.441568688861,
    0.592372899011,0.68955334911,0.726017269526,0.752936447886,
    0.772704074659,0.825357059871,0.924789241636,1.),.UNSPECIFIED.);
#1031 = CARTESIAN_POINT('',(52.831249336744,-37.80018472043));
#1032 = CARTESIAN_POINT('',(52.753269650136,-36.22629471195));
#1033 = CARTESIAN_POINT('',(52.628464924514,-34.65777379727));
#1034 = CARTESIAN_POINT('',(52.450225352012,-33.09285919136));
#1035 = CARTESIAN_POINT('',(52.209886549275,-31.53337598982));
#1036 = CARTESIAN_POINT('',(51.89664767447,-29.98474334164));
#1037 = CARTESIAN_POINT('',(51.496979983777,-28.45613490217));
#1038 = CARTESIAN_POINT('',(50.994468192821,-26.96049681867));
#1039 = CARTESIAN_POINT('',(50.204662323879,-25.14036522574));
#1040 = CARTESIAN_POINT('',(50.033747729034,-24.76918570983));
#1041 = CARTESIAN_POINT('',(49.854221791929,-24.40199220529));
#1042 = CARTESIAN_POINT('',(49.665766439934,-24.03922404886));
#1043 = CARTESIAN_POINT('',(49.468076859184,-23.68137239416));
#1044 = CARTESIAN_POINT('',(49.260871015017,-23.32897501421));
#1045 = CARTESIAN_POINT('',(49.04390225474,-22.98260939616));
#1046 = CARTESIAN_POINT('',(48.696114818992,-22.46194837605));
#1047 = CARTESIAN_POINT('',(48.572431249403,-22.28289832383));
#1048 = CARTESIAN_POINT('',(48.445896111284,-22.10582753341));
#1049 = CARTESIAN_POINT('',(48.316485664241,-21.93083238087));
#1050 = CARTESIAN_POINT('',(48.184181427504,-21.75801142737));
#1051 = CARTESIAN_POINT('',(48.048971007299,-21.58746478979));
#1052 = CARTESIAN_POINT('',(47.910848924209,-21.41929351141));
#1053 = CARTESIAN_POINT('',(47.498701614962,-20.93507131464));
#1054 = CARTESIAN_POINT('',(47.216807082967,-20.62566477759));
#1055 = CARTESIAN_POINT('',(46.924178415006,-20.32613905633));
#1056 = CARTESIAN_POINT('',(46.620944275614,-20.0372168146));
#1057 = CARTESIAN_POINT('',(46.307331256616,-19.75956854981));
#1058 = CARTESIAN_POINT('',(45.983677710329,-19.4937974977));
#1059 = CARTESIAN_POINT('',(45.650447582766,-19.24042453719));
#1060 = CARTESIAN_POINT('',(44.916938739877,-18.72480533827));
#1061 = CARTESIAN_POINT('',(44.513818037259,-18.46644494297));
#1062 = CARTESIAN_POINT('',(44.099792309808,-18.22544905251));
#1063 = CARTESIAN_POINT('',(43.675841787434,-18.00218441261));
#1064 = CARTESIAN_POINT('',(43.242997955288,-17.79676473522));
#1065 = CARTESIAN_POINT('',(42.802324749933,-17.60908806229));
#1066 = CARTESIAN_POINT('',(42.354899755493,-17.43887412956));
#1067 = CARTESIAN_POINT('',(41.65651679318,-17.20278504196));
#1068 = CARTESIAN_POINT('',(41.409552586218,-17.12485493813));
#1069 = CARTESIAN_POINT('',(41.161058504365,-17.0518410228));
#1070 = CARTESIAN_POINT('',(40.911183321593,-16.98366053649));
#1071 = CARTESIAN_POINT('',(40.660068266246,-16.92022054999));
#1072 = CARTESIAN_POINT('',(40.407846426895,-16.86142015803));
#1073 = CARTESIAN_POINT('',(40.154642158178,-16.80715267298));
#1074 = CARTESIAN_POINT('',(39.361090075158,-16.65147027098));
#1075 = CARTESIAN_POINT('',(38.817746530525,-16.56558171186));
#1076 = CARTESIAN_POINT('',(38.271578862727,-16.49856463158));
#1077 = CARTESIAN_POINT('',(37.723488822657,-16.44928847771));
#1078 = CARTESIAN_POINT('',(37.174236063848,-16.41662172843));
#1079 = CARTESIAN_POINT('',(36.624434610504,-16.399470739));
#1080 = CARTESIAN_POINT('',(36.07455063182,-16.39680536129));
#1081 = CARTESIAN_POINT('',(33.915153045841,-16.439494342));
#1082 = CARTESIAN_POINT('',(32.310251449133,-16.58732235583));
#1083 = CARTESIAN_POINT('',(30.714758918911,-16.82657414186));
#1084 = CARTESIAN_POINT('',(29.132193856961,-17.13987839468));
#1085 = CARTESIAN_POINT('',(27.564425237935,-17.51349281172));
#1086 = CARTESIAN_POINT('',(26.011621772634,-17.93715176707));
#1087 = CARTESIAN_POINT('',(24.472130670204,-18.40322039045));
#1088 = CARTESIAN_POINT('',(21.152347221318,-19.49554320761));
#1089 = CARTESIAN_POINT('',(19.379070866895,-20.13443935042));
#1090 = CARTESIAN_POINT('',(17.620448425221,-20.81344326306));
#1091 = CARTESIAN_POINT('',(15.874966700186,-21.52549109998));
#1092 = CARTESIAN_POINT('',(14.141224155227,-22.26492430288));
#1093 = CARTESIAN_POINT('',(12.417818476377,-23.02721586642));
#1094 = CARTESIAN_POINT('',(10.703213753681,-23.80863375449));
#1095 = CARTESIAN_POINT('',(7.895315183912,-25.1199806537));
#1096 = CARTESIAN_POINT('',(6.798038106812,-25.64046211838));
#1097 = CARTESIAN_POINT('',(5.703480444952,-26.16665667643));
#1098 = CARTESIAN_POINT('',(4.611299976669,-26.69776571133));
#1099 = CARTESIAN_POINT('',(3.521168133083,-27.23304917948));
#1100 = CARTESIAN_POINT('',(2.432761915686,-27.77180902509));
#1101 = CARTESIAN_POINT('',(1.345757163585,-28.31337539815));
#1102 = CARTESIAN_POINT('',(-0.147639551421,-29.06110968124));
#1103 = CARTESIAN_POINT('',(-0.554950682643,-29.26542637865));
#1104 = CARTESIAN_POINT('',(-0.962127216257,-29.47001126473));
#1105 = CARTESIAN_POINT('',(-1.369186211543,-29.67482988157));
#1106 = CARTESIAN_POINT('',(-1.776144794061,-29.87984781625));
#1107 = CARTESIAN_POINT('',(-2.183020155663,-30.08503070083));
#1108 = CARTESIAN_POINT('',(-2.589829554482,-30.29034421234));
#1109 = CARTESIAN_POINT('',(-3.296877978338,-30.64739615097));
#1110 = CARTESIAN_POINT('',(-3.597139149958,-30.79909065421));
#1111 = CARTESIAN_POINT('',(-3.89738080931,-30.95082375404));
#1112 = CARTESIAN_POINT('',(-4.19760998838,-31.10258152339));
#1113 = CARTESIAN_POINT('',(-4.497833771625,-31.25434993661));
#1114 = CARTESIAN_POINT('',(-4.798059295975,-31.40611486942));
#1115 = CARTESIAN_POINT('',(-5.098293750831,-31.55786209898));
#1116 = CARTESIAN_POINT('',(-5.619028163211,-31.82098670513));
#1117 = CARTESIAN_POINT('',(-5.839520673674,-31.93237881613));
#1118 = CARTESIAN_POINT('',(-6.06002477964,-32.04374795712));
#1119 = CARTESIAN_POINT('',(-6.280543374639,-32.15508839263));
#1120 = CARTESIAN_POINT('',(-6.501079375552,-32.26639433134));
#1121 = CARTESIAN_POINT('',(-6.72163572261,-32.37765992613));
#1122 = CARTESIAN_POINT('',(-6.942215379393,-32.48887927405));
#1123 = CARTESIAN_POINT('',(-7.750426619864,-32.89615084841));
#1124 = CARTESIAN_POINT('',(-8.338218157394,-33.19188473324));
#1125 = CARTESIAN_POINT('',(-8.926252940953,-33.48713531751));
#1126 = CARTESIAN_POINT('',(-9.514588864794,-33.78178642469));
#1127 = CARTESIAN_POINT('',(-10.10328523841,-34.07571742052));
#1128 = CARTESIAN_POINT('',(-10.69240330304,-34.36880217845));
#1129 = CARTESIAN_POINT('',(-11.28200674818,-34.66090804513));
#1130 = CARTESIAN_POINT('',(-12.9866374419,-35.50140683));
#1131 = CARTESIAN_POINT('',(-14.10305165681,-36.04691317682));
#1132 = CARTESIAN_POINT('',(-15.22188648414,-36.58748417027));
#1133 = CARTESIAN_POINT('',(-16.34362979401,-37.12207638629));
#1134 = CARTESIAN_POINT('',(-17.4687939176,-37.64949352424));
#1135 = CARTESIAN_POINT('',(-18.59793344546,-38.1683485172));
#1136 = CARTESIAN_POINT('',(-19.7316791049,-38.67699125262));
#1137 = CARTESIAN_POINT('',(-21.73244135436,-39.54882561866));
#1138 = CARTESIAN_POINT('',(-22.59708657312,-39.91723574536));
#1139 = CARTESIAN_POINT('',(-23.46511636318,-40.27772623951));
#1140 = CARTESIAN_POINT('',(-24.33688668032,-40.62926555215));
#1141 = CARTESIAN_POINT('',(-25.21274948131,-40.97061744911));
#1142 = CARTESIAN_POINT('',(-26.09306830399,-41.30030106814));
#1143 = CARTESIAN_POINT('',(-26.9782510546,-41.61650658241));
#1144 = CARTESIAN_POINT('',(-27.86881818232,-41.91691846841));
#1145 = ( GEOMETRIC_REPRESENTATION_CONTEXT(2) 
PARAMETRIC_REPRESENTATION_CONTEXT() REPRESENTATION_CONTEXT('2D SPACE',''
  ) );
#1146 = PCURVE('',#219,#1147);
#1147 = DEFINITIONAL_REPRESENTATION('',(#1148),#1263);
#1148 = B_SPLINE_CURVE_WITH_KNOTS('',8,(#1149,#1150,#1151,#1152,#1153,
    #1154,#1155,#1156,#1157,#1158,#1159,#1160,#1161,#1162,#1163,#1164,
    #1165,#1166,#1167,#1168,#1169,#1170,#1171,#1172,#1173,#1174,#1175,
    #1176,#1177,#1178,#1179,#1180,#1181,#1182,#1183,#1184,#1185,#1186,
    #1187,#1188,#1189,#1190,#1191,#1192,#1193,#1194,#1195,#1196,#1197,
    #1198,#1199,#1200,#1201,#1202,#1203,#1204,#1205,#1206,#1207,#1208,
    #1209,#1210,#1211,#1212,#1213,#1214,#1215,#1216,#1217,#1218,#1219,
    #1220,#1221,#1222,#1223,#1224,#1225,#1226,#1227,#1228,#1229,#1230,
    #1231,#1232,#1233,#1234,#1235,#1236,#1237,#1238,#1239,#1240,#1241,
    #1242,#1243,#1244,#1245,#1246,#1247,#1248,#1249,#1250,#1251,#1252,
    #1253,#1254,#1255,#1256,#1257,#1258,#1259,#1260,#1261,#1262),
  .UNSPECIFIED.,.F.,.F.,(9,7,7,7,7,7,7,7,7,7,7,7,7,7,7,7,9),(0.,
    0.126101701205,0.1588000658,0.176215029474,0.209693173015,
    0.247975038079,0.268698128478,0.312700284515,0.441568688861,
    0.592372899011,0.68955334911,0.726017269526,0.752936447886,
    0.772704074659,0.825357059871,0.924789241636,1.),.UNSPECIFIED.);
#1149 = CARTESIAN_POINT('',(6.500003675969,0.));
#1150 = CARTESIAN_POINT('',(6.500003816219,8.664409623098E-03));
#1151 = CARTESIAN_POINT('',(6.500003968772,1.772690662032E-02));
#1152 = CARTESIAN_POINT('',(6.500004135733,2.725701686949E-02));
#1153 = CARTESIAN_POINT('',(6.500004319466,3.732502371081E-02));
#1154 = CARTESIAN_POINT('',(6.500004522637,4.800279487265E-02));
#1155 = CARTESIAN_POINT('',(6.500004748052,5.936862751354E-02));
#1156 = CARTESIAN_POINT('',(6.500004998617,7.150883049117E-02));
#1157 = CARTESIAN_POINT('',(6.500005347256,8.79172676481E-02));
#1158 = CARTESIAN_POINT('',(6.50000542077,9.135373657814E-02));
#1159 = CARTESIAN_POINT('',(6.500005496007,9.484911530551E-02));
#1160 = CARTESIAN_POINT('',(6.50000557295,9.840415457826E-02));
#1161 = CARTESIAN_POINT('',(6.500005651555,0.102019229411));
#1162 = CARTESIAN_POINT('',(6.500005731755,0.105694278524));
#1163 = CARTESIAN_POINT('',(6.500005813446,0.109428723767));
#1164 = CARTESIAN_POINT('',(6.500005940719,0.115241311146));
#1165 = CARTESIAN_POINT('',(6.500005985331,0.117277738223));
#1166 = CARTESIAN_POINT('',(6.500006030305,0.119330449319));
#1167 = CARTESIAN_POINT('',(6.500006075616,0.121399188799));
#1168 = CARTESIAN_POINT('',(6.500006121236,0.123483642355));
#1169 = CARTESIAN_POINT('',(6.500006167133,0.125583432531));
#1170 = CARTESIAN_POINT('',(6.500006213274,0.127698114257));
#1171 = CARTESIAN_POINT('',(6.500006348709,0.133920021083));
#1172 = CARTESIAN_POINT('',(6.500006438562,0.138066399556));
#1173 = CARTESIAN_POINT('',(6.500006528895,0.142262169038));
#1174 = CARTESIAN_POINT('',(6.500006619381,0.146502614768));
#1175 = CARTESIAN_POINT('',(6.500006709653,0.150782389452));
#1176 = CARTESIAN_POINT('',(6.500006799311,0.155095458738));
#1177 = CARTESIAN_POINT('',(6.500006887932,0.159435046684));
#1178 = CARTESIAN_POINT('',(6.500007074721,0.168777514441));
#1179 = CARTESIAN_POINT('',(6.500007172457,0.173787266444));
#1180 = CARTESIAN_POINT('',(6.50000726762,0.178811321487));
#1181 = CARTESIAN_POINT('',(6.500007359575,0.183838969671));
#1182 = CARTESIAN_POINT('',(6.500007447736,0.188860288457));
#1183 = CARTESIAN_POINT('',(6.500007531581,0.193866124174));
#1184 = CARTESIAN_POINT('',(6.500007610673,0.198848073533));
#1185 = CARTESIAN_POINT('',(6.500007724741,0.206478256519));
#1186 = CARTESIAN_POINT('',(6.500007763315,0.209149033541));
#1187 = CARTESIAN_POINT('',(6.50000780035,0.211809730425));
#1188 = CARTESIAN_POINT('',(6.500007835802,0.2144594059));
#1189 = CARTESIAN_POINT('',(6.500007869638,0.217097237746));
#1190 = CARTESIAN_POINT('',(6.500007901831,0.219722517349));
#1191 = CARTESIAN_POINT('',(6.500007932362,0.222334644265));
#1192 = CARTESIAN_POINT('',(6.500008022501,0.230450568523));
#1193 = CARTESIAN_POINT('',(6.500008076236,0.235905985972));
#1194 = CARTESIAN_POINT('',(6.500008122333,0.241295291952));
#1195 = CARTESIAN_POINT('',(6.500008160838,0.246615911883));
#1196 = CARTESIAN_POINT('',(6.500008191914,0.251866565563));
#1197 = CARTESIAN_POINT('',(6.500008215813,0.257047110165));
#1198 = CARTESIAN_POINT('',(6.500008232852,0.26215843843));
#1199 = CARTESIAN_POINT('',(6.500008274202,0.281974694789));
#1200 = CARTESIAN_POINT('',(6.500008249111,0.296143423439));
#1201 = CARTESIAN_POINT('',(6.500008177256,0.309790439632));
#1202 = CARTESIAN_POINT('',(6.500008069419,0.322970565112));
#1203 = CARTESIAN_POINT('',(6.500007935651,0.335735430133));
#1204 = CARTESIAN_POINT('',(6.500007783661,0.348134963761));
#1205 = CARTESIAN_POINT('',(6.500007619338,0.360223036238));
#1206 = CARTESIAN_POINT('',(6.5000072451,0.385909649016));
#1207 = CARTESIAN_POINT('',(6.500007032571,0.39938876559));
#1208 = CARTESIAN_POINT('',(6.500006816559,0.412566111193));
#1209 = CARTESIAN_POINT('',(6.500006601757,0.42549205934));
#1210 = CARTESIAN_POINT('',(6.500006391039,0.438209116731));
#1211 = CARTESIAN_POINT('',(6.500006186154,0.450754407777));
#1212 = CARTESIAN_POINT('',(6.50000598809,0.463162684957));
#1213 = CARTESIAN_POINT('',(6.500005674423,0.483397468099));
#1214 = CARTESIAN_POINT('',(6.500005554558,0.491283193826));
#1215 = CARTESIAN_POINT('',(6.50000543789,0.499133391981));
#1216 = CARTESIAN_POINT('',(6.500005324481,0.506955896637));
#1217 = CARTESIAN_POINT('',(6.500005214338,0.514758196595));
#1218 = CARTESIAN_POINT('',(6.500005107431,0.522547605719));
#1219 = CARTESIAN_POINT('',(6.500005003704,0.530331411382));
#1220 = CARTESIAN_POINT('',(6.50000486533,0.54103829969));
#1221 = CARTESIAN_POINT('',(6.500004828013,0.543959844366));
#1222 = CARTESIAN_POINT('',(6.50000479113,0.546882020459));
#1223 = CARTESIAN_POINT('',(6.500004754676,0.549805216564));
#1224 = CARTESIAN_POINT('',(6.500004718647,0.552729824448));
#1225 = CARTESIAN_POINT('',(6.500004683039,0.555656239052));
#1226 = CARTESIAN_POINT('',(6.500004647845,0.558584858488));
#1227 = CARTESIAN_POINT('',(6.500004587384,0.563680036318));
#1228 = CARTESIAN_POINT('',(6.50000456193,0.565845409661));
#1229 = CARTESIAN_POINT('',(6.500004536697,0.568012365847));
#1230 = CARTESIAN_POINT('',(6.500004511683,0.570181068685));
#1231 = CARTESIAN_POINT('',(6.500004486887,0.572351684022));
#1232 = CARTESIAN_POINT('',(6.500004462306,0.574524379741));
#1233 = CARTESIAN_POINT('',(6.500004437938,0.57669932576));
#1234 = CARTESIAN_POINT('',(6.500004396042,0.580475606263));
#1235 = CARTESIAN_POINT('',(6.500004378417,0.582075824872));
#1236 = CARTESIAN_POINT('',(6.500004360904,0.58367741804));
#1237 = CARTESIAN_POINT('',(6.500004343503,0.58528045481));
#1238 = CARTESIAN_POINT('',(6.500004326214,0.586885005098));
#1239 = CARTESIAN_POINT('',(6.500004309034,0.588491139686));
#1240 = CARTESIAN_POINT('',(6.500004291964,0.590098930228));
#1241 = CARTESIAN_POINT('',(6.500004229823,0.595995558777));
#1242 = CARTESIAN_POINT('',(6.500004185413,0.600294929052));
#1243 = CARTESIAN_POINT('',(6.500004141756,0.604607937778));
#1244 = CARTESIAN_POINT('',(6.500004098834,0.608936007545));
#1245 = CARTESIAN_POINT('',(6.500004056631,0.613280619212));
#1246 = CARTESIAN_POINT('',(6.50000401513,0.617643325287));
#1247 = CARTESIAN_POINT('',(6.500003974314,0.622025763309));
#1248 = CARTESIAN_POINT('',(6.500003858351,0.634746196251));
#1249 = CARTESIAN_POINT('',(6.500003784924,0.64313906165));
#1250 = CARTESIAN_POINT('',(6.50000371377,0.651620210653));
#1251 = CARTESIAN_POINT('',(6.500003644782,0.660202626855));
#1252 = CARTESIAN_POINT('',(6.500003577856,0.668900827068));
#1253 = CARTESIAN_POINT('',(6.500003512892,0.677731345991));
#1254 = CARTESIAN_POINT('',(6.500003449795,0.686713673722));
#1255 = CARTESIAN_POINT('',(6.500003342084,0.702799573383));
#1256 = CARTESIAN_POINT('',(6.500003296716,0.709827235246));
#1257 = CARTESIAN_POINT('',(6.500003252321,0.716965936944));
#1258 = CARTESIAN_POINT('',(6.500003208862,0.724227551115));
#1259 = CARTESIAN_POINT('',(6.500003166303,0.731625497164));
#1260 = CARTESIAN_POINT('',(6.50000312461,0.73917521995));
#1261 = CARTESIAN_POINT('',(6.500003083753,0.746895208216));
#1262 = CARTESIAN_POINT('',(6.500003043698,0.754809130097));
#1263 = ( GEOMETRIC_REPRESENTATION_CONTEXT(2) 
PARAMETRIC_REPRESENTATION_CONTEXT() REPRESENTATION_CONTEXT('2D SPACE',''
  ) );
#1264 = ORIENTED_EDGE('',*,*,#1265,.F.);
#1265 = EDGE_CURVE('',#1266,#910,#1268,.T.);
#1266 = VERTEX_POINT('',#1267);
#1267 = CARTESIAN_POINT('',(-44.75,-5.670707923859E-06,80.7));
#1268 = SURFACE_CURVE('',#1269,(#1273,#1279),.PCURVE_S1.);
#1269 = LINE('',#1270,#1271);
#1270 = CARTESIAN_POINT('',(9.236021589968E-05,-5.670707919931E-06,80.7)
  );
#1271 = VECTOR('',#1272,1.);
#1272 = DIRECTION('',(1.,0.,0.));
#1273 = PCURVE('',#127,#1274);
#1274 = DEFINITIONAL_REPRESENTATION('',(#1275),#1278);
#1275 = B_SPLINE_CURVE_WITH_KNOTS('',1,(#1276,#1277),.UNSPECIFIED.,.F.,
  .F.,(2,2),(-44.75009236021,44.749907639784),.PIECEWISE_BEZIER_KNOTS.);
#1276 = CARTESIAN_POINT('',(-27.86875066325,-44.75018472043));
#1277 = CARTESIAN_POINT('',(-27.86875066325,44.749815279568));
#1278 = ( GEOMETRIC_REPRESENTATION_CONTEXT(2) 
PARAMETRIC_REPRESENTATION_CONTEXT() REPRESENTATION_CONTEXT('2D SPACE',''
  ) );
#1279 = PCURVE('',#1280,#1285);
#1280 = PLANE('',#1281);
#1281 = AXIS2_PLACEMENT_3D('',#1282,#1283,#1284);
#1282 = CARTESIAN_POINT('',(-2.933502854163E-15,4.040240899597E-15,80.7)
  );
#1283 = DIRECTION('',(0.,0.,1.));
#1284 = DIRECTION('',(1.,0.,-0.));
#1285 = DEFINITIONAL_REPRESENTATION('',(#1286),#1289);
#1286 = B_SPLINE_CURVE_WITH_KNOTS('',1,(#1287,#1288),.UNSPECIFIED.,.F.,
  .F.,(2,2),(-44.75009236021,44.749907639784),.PIECEWISE_BEZIER_KNOTS.);
#1287 = CARTESIAN_POINT('',(-44.75,-5.670707923971E-06));
#1288 = CARTESIAN_POINT('',(44.75,-5.670707923971E-06));
#1289 = ( GEOMETRIC_REPRESENTATION_CONTEXT(2) 
PARAMETRIC_REPRESENTATION_CONTEXT() REPRESENTATION_CONTEXT('2D SPACE',''
  ) );
#1290 = ORIENTED_EDGE('',*,*,#1291,.T.);
#1291 = EDGE_CURVE('',#1266,#887,#1292,.T.);
#1292 = SURFACE_CURVE('',#1293,(#1297,#1303),.PCURVE_S1.);
#1293 = LINE('',#1294,#1295);
#1294 = CARTESIAN_POINT('',(-44.75,-5.670707919931E-06,69.9));
#1295 = VECTOR('',#1296,1.);
#1296 = DIRECTION('',(-0.,-0.,-1.));
#1297 = PCURVE('',#127,#1298);
#1298 = DEFINITIONAL_REPRESENTATION('',(#1299),#1302);
#1299 = B_SPLINE_CURVE_WITH_KNOTS('',1,(#1300,#1301),.UNSPECIFIED.,.F.,
  .F.,(2,2),(-10.8000006,6.000000070117E-07),.PIECEWISE_BEZIER_KNOTS.);
#1300 = CARTESIAN_POINT('',(-27.86875126325,-44.75018472043));
#1301 = CARTESIAN_POINT('',(-17.06875006325,-44.75018472043));
#1302 = ( GEOMETRIC_REPRESENTATION_CONTEXT(2) 
PARAMETRIC_REPRESENTATION_CONTEXT() REPRESENTATION_CONTEXT('2D SPACE',''
  ) );
#1303 = PCURVE('',#1304,#1309);
#1304 = CYLINDRICAL_SURFACE('',#1305,44.75);
#1305 = AXIS2_PLACEMENT_3D('',#1306,#1307,#1308);
#1306 = CARTESIAN_POINT('',(0.,0.,69.9));
#1307 = DIRECTION('',(-0.,-0.,-1.));
#1308 = DIRECTION('',(1.,0.,0.));
#1309 = DEFINITIONAL_REPRESENTATION('',(#1310),#1313);
#1310 = B_SPLINE_CURVE_WITH_KNOTS('',1,(#1311,#1312),.UNSPECIFIED.,.F.,
  .F.,(2,2),(-10.8000006,6.000000070117E-07),.PIECEWISE_BEZIER_KNOTS.);
#1311 = CARTESIAN_POINT('',(-3.14159278031,-10.8000006));
#1312 = CARTESIAN_POINT('',(-3.14159278031,6.000000070117E-07));
#1313 = ( GEOMETRIC_REPRESENTATION_CONTEXT(2) 
PARAMETRIC_REPRESENTATION_CONTEXT() REPRESENTATION_CONTEXT('2D SPACE',''
  ) );
#1314 = ADVANCED_FACE('',(#1315),#102,.T.);
#1315 = FACE_BOUND('',#1316,.T.);
#1316 = EDGE_LOOP('',(#1317,#1341,#1342,#1343,#1367,#1396));
#1317 = ORIENTED_EDGE('',*,*,#1318,.T.);
#1318 = EDGE_CURVE('',#1319,#58,#1321,.T.);
#1319 = VERTEX_POINT('',#1320);
#1320 = CARTESIAN_POINT('',(46.5,-5.670707942616E-06,69.9));
#1321 = SURFACE_CURVE('',#1322,(#1327,#1334),.PCURVE_S1.);
#1322 = CIRCLE('',#1323,46.5);
#1323 = AXIS2_PLACEMENT_3D('',#1324,#1325,#1326);
#1324 = CARTESIAN_POINT('',(0.,0.,69.9));
#1325 = DIRECTION('',(0.,0.,1.));
#1326 = DIRECTION('',(1.,0.,0.));
#1327 = PCURVE('',#102,#1328);
#1328 = DEFINITIONAL_REPRESENTATION('',(#1329),#1333);
#1329 = CIRCLE('',#1330,46.5);
#1330 = AXIS2_PLACEMENT_2D('',#1331,#1332);
#1331 = CARTESIAN_POINT('',(1.882068139409E-15,1.61343992693E-17));
#1332 = DIRECTION('',(1.,0.));
#1333 = ( GEOMETRIC_REPRESENTATION_CONTEXT(2) 
PARAMETRIC_REPRESENTATION_CONTEXT() REPRESENTATION_CONTEXT('2D SPACE',''
  ) );
#1334 = PCURVE('',#73,#1335);
#1335 = DEFINITIONAL_REPRESENTATION('',(#1336),#1340);
#1336 = LINE('',#1337,#1338);
#1337 = CARTESIAN_POINT('',(-0.,-69.9));
#1338 = VECTOR('',#1339,1.);
#1339 = DIRECTION('',(-1.,0.));
#1340 = ( GEOMETRIC_REPRESENTATION_CONTEXT(2) 
PARAMETRIC_REPRESENTATION_CONTEXT() REPRESENTATION_CONTEXT('2D SPACE',''
  ) );
#1341 = ORIENTED_EDGE('',*,*,#85,.T.);
#1342 = ORIENTED_EDGE('',*,*,#886,.T.);
#1343 = ORIENTED_EDGE('',*,*,#1344,.F.);
#1344 = EDGE_CURVE('',#1345,#887,#1347,.T.);
#1345 = VERTEX_POINT('',#1346);
#1346 = CARTESIAN_POINT('',(44.75,0.,69.9));
#1347 = SURFACE_CURVE('',#1348,(#1353,#1360),.PCURVE_S1.);
#1348 = CIRCLE('',#1349,44.75);
#1349 = AXIS2_PLACEMENT_3D('',#1350,#1351,#1352);
#1350 = CARTESIAN_POINT('',(0.,0.,69.9));
#1351 = DIRECTION('',(0.,0.,1.));
#1352 = DIRECTION('',(1.,0.,0.));
#1353 = PCURVE('',#102,#1354);
#1354 = DEFINITIONAL_REPRESENTATION('',(#1355),#1359);
#1355 = CIRCLE('',#1356,44.75);
#1356 = AXIS2_PLACEMENT_2D('',#1357,#1358);
#1357 = CARTESIAN_POINT('',(1.882068139409E-15,1.61343992693E-17));
#1358 = DIRECTION('',(1.,0.));
#1359 = ( GEOMETRIC_REPRESENTATION_CONTEXT(2) 
PARAMETRIC_REPRESENTATION_CONTEXT() REPRESENTATION_CONTEXT('2D SPACE',''
  ) );
#1360 = PCURVE('',#1304,#1361);
#1361 = DEFINITIONAL_REPRESENTATION('',(#1362),#1366);
#1362 = LINE('',#1363,#1364);
#1363 = CARTESIAN_POINT('',(-0.,0.));
#1364 = VECTOR('',#1365,1.);
#1365 = DIRECTION('',(-1.,0.));
#1366 = ( GEOMETRIC_REPRESENTATION_CONTEXT(2) 
PARAMETRIC_REPRESENTATION_CONTEXT() REPRESENTATION_CONTEXT('2D SPACE',''
  ) );
#1367 = ORIENTED_EDGE('',*,*,#1368,.F.);
#1368 = EDGE_CURVE('',#1369,#1345,#1371,.T.);
#1369 = VERTEX_POINT('',#1370);
#1370 = CARTESIAN_POINT('',(44.75,-5.670707920427E-06,69.9));
#1371 = SURFACE_CURVE('',#1372,(#1377,#1384),.PCURVE_S1.);
#1372 = CIRCLE('',#1373,44.75);
#1373 = AXIS2_PLACEMENT_3D('',#1374,#1375,#1376);
#1374 = CARTESIAN_POINT('',(0.,0.,69.9));
#1375 = DIRECTION('',(0.,0.,1.));
#1376 = DIRECTION('',(1.,0.,0.));
#1377 = PCURVE('',#102,#1378);
#1378 = DEFINITIONAL_REPRESENTATION('',(#1379),#1383);
#1379 = CIRCLE('',#1380,44.75);
#1380 = AXIS2_PLACEMENT_2D('',#1381,#1382);
#1381 = CARTESIAN_POINT('',(1.882068139409E-15,1.61343992693E-17));
#1382 = DIRECTION('',(1.,0.));
#1383 = ( GEOMETRIC_REPRESENTATION_CONTEXT(2) 
PARAMETRIC_REPRESENTATION_CONTEXT() REPRESENTATION_CONTEXT('2D SPACE',''
  ) );
#1384 = PCURVE('',#1385,#1390);
#1385 = CYLINDRICAL_SURFACE('',#1386,44.75);
#1386 = AXIS2_PLACEMENT_3D('',#1387,#1388,#1389);
#1387 = CARTESIAN_POINT('',(0.,0.,69.9));
#1388 = DIRECTION('',(-0.,-0.,-1.));
#1389 = DIRECTION('',(1.,0.,0.));
#1390 = DEFINITIONAL_REPRESENTATION('',(#1391),#1395);
#1391 = LINE('',#1392,#1393);
#1392 = CARTESIAN_POINT('',(-0.,0.));
#1393 = VECTOR('',#1394,1.);
#1394 = DIRECTION('',(-1.,0.));
#1395 = ( GEOMETRIC_REPRESENTATION_CONTEXT(2) 
PARAMETRIC_REPRESENTATION_CONTEXT() REPRESENTATION_CONTEXT('2D SPACE',''
  ) );
#1396 = ORIENTED_EDGE('',*,*,#1397,.T.);
#1397 = EDGE_CURVE('',#1369,#1319,#1398,.T.);
#1398 = SURFACE_CURVE('',#1399,(#1403,#1409),.PCURVE_S1.);
#1399 = LINE('',#1400,#1401);
#1400 = CARTESIAN_POINT('',(9.23602159002E-05,-5.670707919931E-06,69.9)
  );
#1401 = VECTOR('',#1402,1.);
#1402 = DIRECTION('',(1.,0.,0.));
#1403 = PCURVE('',#102,#1404);
#1404 = DEFINITIONAL_REPRESENTATION('',(#1405),#1408);
#1405 = B_SPLINE_CURVE_WITH_KNOTS('',1,(#1406,#1407),.UNSPECIFIED.,.F.,
  .F.,(2,2),(-46.50009236021,46.499907639784),.PIECEWISE_BEZIER_KNOTS.);
#1406 = CARTESIAN_POINT('',(-46.5,-5.670707919915E-06));
#1407 = CARTESIAN_POINT('',(46.5,-5.670707919915E-06));
#1408 = ( GEOMETRIC_REPRESENTATION_CONTEXT(2) 
PARAMETRIC_REPRESENTATION_CONTEXT() REPRESENTATION_CONTEXT('2D SPACE',''
  ) );
#1409 = PCURVE('',#872,#1410);
#1410 = DEFINITIONAL_REPRESENTATION('',(#1411),#1414);
#1411 = B_SPLINE_CURVE_WITH_KNOTS('',1,(#1412,#1413),.UNSPECIFIED.,.F.,
  .F.,(2,2),(-46.50009236021,46.499907639784),.PIECEWISE_BEZIER_KNOTS.);
#1412 = CARTESIAN_POINT('',(-17.06875066325,-46.50018472043));
#1413 = CARTESIAN_POINT('',(-17.06875066325,46.499815279568));
#1414 = ( GEOMETRIC_REPRESENTATION_CONTEXT(2) 
PARAMETRIC_REPRESENTATION_CONTEXT() REPRESENTATION_CONTEXT('2D SPACE',''
  ) );
#1415 = ADVANCED_FACE('',(#1416),#73,.T.);
#1416 = FACE_BOUND('',#1417,.F.);
#1417 = EDGE_LOOP('',(#1418,#1419,#1420,#1439));
#1418 = ORIENTED_EDGE('',*,*,#57,.F.);
#1419 = ORIENTED_EDGE('',*,*,#141,.F.);
#1420 = ORIENTED_EDGE('',*,*,#1421,.F.);
#1421 = EDGE_CURVE('',#1319,#142,#1422,.T.);
#1422 = SURFACE_CURVE('',#1423,(#1427,#1433),.PCURVE_S1.);
#1423 = LINE('',#1424,#1425);
#1424 = CARTESIAN_POINT('',(46.5,-5.670707919931E-06,0.));
#1425 = VECTOR('',#1426,1.);
#1426 = DIRECTION('',(-0.,-0.,-1.));
#1427 = PCURVE('',#73,#1428);
#1428 = DEFINITIONAL_REPRESENTATION('',(#1429),#1432);
#1429 = B_SPLINE_CURVE_WITH_KNOTS('',1,(#1430,#1431),.UNSPECIFIED.,.F.,
  .F.,(2,2),(-69.9000006,6.E-07),.PIECEWISE_BEZIER_KNOTS.);
#1430 = CARTESIAN_POINT('',(-6.283185185229,-69.9000006));
#1431 = CARTESIAN_POINT('',(-6.283185185229,6.E-07));
#1432 = ( GEOMETRIC_REPRESENTATION_CONTEXT(2) 
PARAMETRIC_REPRESENTATION_CONTEXT() REPRESENTATION_CONTEXT('2D SPACE',''
  ) );
#1433 = PCURVE('',#872,#1434);
#1434 = DEFINITIONAL_REPRESENTATION('',(#1435),#1438);
#1435 = B_SPLINE_CURVE_WITH_KNOTS('',1,(#1436,#1437),.UNSPECIFIED.,.F.,
  .F.,(2,2),(-69.9000006,6.E-07),.PIECEWISE_BEZIER_KNOTS.);
#1436 = CARTESIAN_POINT('',(-17.06875126325,46.499815279568));
#1437 = CARTESIAN_POINT('',(52.831249936744,46.499815279568));
#1438 = ( GEOMETRIC_REPRESENTATION_CONTEXT(2) 
PARAMETRIC_REPRESENTATION_CONTEXT() REPRESENTATION_CONTEXT('2D SPACE',''
  ) );
#1439 = ORIENTED_EDGE('',*,*,#1318,.T.);
#1440 = ADVANCED_FACE('',(#1441),#872,.T.);
#1441 = FACE_BOUND('',#1442,.T.);
#1442 = EDGE_LOOP('',(#1443,#1444,#1445,#1466,#1487,#1843,#1861));
#1443 = ORIENTED_EDGE('',*,*,#1421,.F.);
#1444 = ORIENTED_EDGE('',*,*,#1397,.F.);
#1445 = ORIENTED_EDGE('',*,*,#1446,.F.);
#1446 = EDGE_CURVE('',#1447,#1369,#1449,.T.);
#1447 = VERTEX_POINT('',#1448);
#1448 = CARTESIAN_POINT('',(44.75,-5.670707920427E-06,80.7));
#1449 = SURFACE_CURVE('',#1450,(#1454,#1460),.PCURVE_S1.);
#1450 = LINE('',#1451,#1452);
#1451 = CARTESIAN_POINT('',(44.75,-5.670707919931E-06,69.9));
#1452 = VECTOR('',#1453,1.);
#1453 = DIRECTION('',(-0.,-0.,-1.));
#1454 = PCURVE('',#872,#1455);
#1455 = DEFINITIONAL_REPRESENTATION('',(#1456),#1459);
#1456 = B_SPLINE_CURVE_WITH_KNOTS('',1,(#1457,#1458),.UNSPECIFIED.,.F.,
  .F.,(2,2),(-10.8000006,6.000000070117E-07),.PIECEWISE_BEZIER_KNOTS.);
#1457 = CARTESIAN_POINT('',(-27.86875126325,44.749815279568));
#1458 = CARTESIAN_POINT('',(-17.06875006325,44.749815279568));
#1459 = ( GEOMETRIC_REPRESENTATION_CONTEXT(2) 
PARAMETRIC_REPRESENTATION_CONTEXT() REPRESENTATION_CONTEXT('2D SPACE',''
  ) );
#1460 = PCURVE('',#1385,#1461);
#1461 = DEFINITIONAL_REPRESENTATION('',(#1462),#1465);
#1462 = B_SPLINE_CURVE_WITH_KNOTS('',1,(#1463,#1464),.UNSPECIFIED.,.F.,
  .F.,(2,2),(-10.8000006,6.000000070117E-07),.PIECEWISE_BEZIER_KNOTS.);
#1463 = CARTESIAN_POINT('',(-6.28318518046,-10.8000006));
#1464 = CARTESIAN_POINT('',(-6.28318518046,6.000000070117E-07));
#1465 = ( GEOMETRIC_REPRESENTATION_CONTEXT(2) 
PARAMETRIC_REPRESENTATION_CONTEXT() REPRESENTATION_CONTEXT('2D SPACE',''
  ) );
#1466 = ORIENTED_EDGE('',*,*,#1467,.F.);
#1467 = EDGE_CURVE('',#1468,#1447,#1470,.T.);
#1468 = VERTEX_POINT('',#1469);
#1469 = CARTESIAN_POINT('',(41.916543238371,-5.670707919893E-06,80.7));
#1470 = SURFACE_CURVE('',#1471,(#1475,#1481),.PCURVE_S1.);
#1471 = LINE('',#1472,#1473);
#1472 = CARTESIAN_POINT('',(9.236021589968E-05,-5.670707919931E-06,80.7)
  );
#1473 = VECTOR('',#1474,1.);
#1474 = DIRECTION('',(1.,0.,0.));
#1475 = PCURVE('',#872,#1476);
#1476 = DEFINITIONAL_REPRESENTATION('',(#1477),#1480);
#1477 = B_SPLINE_CURVE_WITH_KNOTS('',1,(#1478,#1479),.UNSPECIFIED.,.F.,
  .F.,(2,2),(-44.75009236021,44.749907639784),.PIECEWISE_BEZIER_KNOTS.);
#1478 = CARTESIAN_POINT('',(-27.86875066325,-44.75018472043));
#1479 = CARTESIAN_POINT('',(-27.86875066325,44.749815279568));
#1480 = ( GEOMETRIC_REPRESENTATION_CONTEXT(2) 
PARAMETRIC_REPRESENTATION_CONTEXT() REPRESENTATION_CONTEXT('2D SPACE',''
  ) );
#1481 = PCURVE('',#1280,#1482);
#1482 = DEFINITIONAL_REPRESENTATION('',(#1483),#1486);
#1483 = B_SPLINE_CURVE_WITH_KNOTS('',1,(#1484,#1485),.UNSPECIFIED.,.F.,
  .F.,(2,2),(-44.75009236021,44.749907639784),.PIECEWISE_BEZIER_KNOTS.);
#1484 = CARTESIAN_POINT('',(-44.75,-5.670707923971E-06));
#1485 = CARTESIAN_POINT('',(44.75,-5.670707923971E-06));
#1486 = ( GEOMETRIC_REPRESENTATION_CONTEXT(2) 
PARAMETRIC_REPRESENTATION_CONTEXT() REPRESENTATION_CONTEXT('2D SPACE',''
  ) );
#1487 = ORIENTED_EDGE('',*,*,#1488,.T.);
#1488 = EDGE_CURVE('',#1468,#1489,#1491,.T.);
#1489 = VERTEX_POINT('',#1490);
#1490 = CARTESIAN_POINT('',(37.798072236471,-5.670707919946E-06,
    9.551176270836E-05));
#1491 = SURFACE_CURVE('',#1492,(#1607,#1725),.PCURVE_S1.);
#1492 = B_SPLINE_CURVE_WITH_KNOTS('',8,(#1493,#1494,#1495,#1496,#1497,
    #1498,#1499,#1500,#1501,#1502,#1503,#1504,#1505,#1506,#1507,#1508,
    #1509,#1510,#1511,#1512,#1513,#1514,#1515,#1516,#1517,#1518,#1519,
    #1520,#1521,#1522,#1523,#1524,#1525,#1526,#1527,#1528,#1529,#1530,
    #1531,#1532,#1533,#1534,#1535,#1536,#1537,#1538,#1539,#1540,#1541,
    #1542,#1543,#1544,#1545,#1546,#1547,#1548,#1549,#1550,#1551,#1552,
    #1553,#1554,#1555,#1556,#1557,#1558,#1559,#1560,#1561,#1562,#1563,
    #1564,#1565,#1566,#1567,#1568,#1569,#1570,#1571,#1572,#1573,#1574,
    #1575,#1576,#1577,#1578,#1579,#1580,#1581,#1582,#1583,#1584,#1585,
    #1586,#1587,#1588,#1589,#1590,#1591,#1592,#1593,#1594,#1595,#1596,
    #1597,#1598,#1599,#1600,#1601,#1602,#1603,#1604,#1605,#1606),
  .UNSPECIFIED.,.F.,.F.,(9,7,7,7,7,7,7,7,7,7,7,7,7,7,7,7,9),(0.,
    0.108600712244,0.196126711686,0.236489983498,0.265680499619,
    0.283287042782,0.336258740589,0.459934404402,0.608816162059,
    0.710274944794,0.740667961137,0.757037788088,0.79017552892,
    0.824146854167,0.841294193076,0.87377939978,1.),.UNSPECIFIED.);
#1493 = CARTESIAN_POINT('',(41.916566017088,-5.670707919931E-06,
    80.700067519065));
#1494 = CARTESIAN_POINT('',(41.482828575652,-5.670707919931E-06,
    79.414167642164));
#1495 = CARTESIAN_POINT('',(41.016200731975,-5.670707919931E-06,
    78.139612389775));
#1496 = CARTESIAN_POINT('',(40.523609105279,-5.670707919931E-06,
    76.874669077149));
#1497 = CARTESIAN_POINT('',(40.009786154503,-5.670707919931E-06,
    75.61821383909));
#1498 = CARTESIAN_POINT('',(39.478443254311,-5.670707919931E-06,
    74.369261914243));
#1499 = CARTESIAN_POINT('',(38.932451857224,-5.670707919931E-06,
    73.126892738796));
#1500 = CARTESIAN_POINT('',(38.374120786547,-5.670707919931E-06,
    71.890141094071));
#1501 = CARTESIAN_POINT('',(37.346835497417,-5.670707919931E-06,
    69.664891696652));
#1502 = CARTESIAN_POINT('',(36.881636124925,-5.670707919931E-06,
    68.67495008407));
#1503 = CARTESIAN_POINT('',(36.410708571265,-5.670707919931E-06,
    67.687709767677));
#1504 = CARTESIAN_POINT('',(35.934928501822,-5.670707919931E-06,
    66.70279927324));
#1505 = CARTESIAN_POINT('',(35.455063201703,-5.670707919931E-06,
    65.719882632529));
#1506 = CARTESIAN_POINT('',(34.971799909302,-5.670707919931E-06,
    64.738645706726));
#1507 = CARTESIAN_POINT('',(34.485764729345,-5.670707919931E-06,
    63.7587870268));
#1508 = CARTESIAN_POINT('',(33.772379994306,-5.670707919931E-06,
    62.328644229059));
#1509 = CARTESIAN_POINT('',(33.546761560715,-5.670707919931E-06,
    61.877507920514));
#1510 = CARTESIAN_POINT('',(33.32073373703,-5.670707919931E-06,
    61.426576413497));
#1511 = CARTESIAN_POINT('',(33.094351496432,-5.670707919931E-06,
    60.975822682991));
#1512 = CARTESIAN_POINT('',(32.867668109243,-5.670707919931E-06,
    60.525220371964));
#1513 = CARTESIAN_POINT('',(32.640735379284,-5.670707919931E-06,
    60.074743672635));
#1514 = CARTESIAN_POINT('',(32.413603880232,-5.670707919931E-06,
    59.624367207741));
#1515 = CARTESIAN_POINT('',(32.021954935983,-5.670707919931E-06,
    58.848410268748));
#1516 = CARTESIAN_POINT('',(31.857508708586,-5.670707919931E-06,
    58.522793967739));
#1517 = CARTESIAN_POINT('',(31.693003192117,-5.670707919931E-06,
    58.197207590078));
#1518 = CARTESIAN_POINT('',(31.528456881735,-5.670707919931E-06,
    57.871641804854));
#1519 = CARTESIAN_POINT('',(31.363888085435,-5.670707919931E-06,
    57.546087368945));
#1520 = CARTESIAN_POINT('',(31.199314924044,-5.670707919931E-06,
    57.220535127021));
#1521 = CARTESIAN_POINT('',(31.034755331227,-5.670707919931E-06,
    56.894976011543));
#1522 = CARTESIAN_POINT('',(30.770990225609,-5.670707919931E-06,
    56.373027339846));
#1523 = CARTESIAN_POINT('',(30.671764808036,-5.670707919931E-06,
    56.176647865793));
#1524 = CARTESIAN_POINT('',(30.572554706269,-5.670707919931E-06,
    55.98026064693));
#1525 = CARTESIAN_POINT('',(30.473363816968,-5.670707919931E-06,
    55.783863716455));
#1526 = CARTESIAN_POINT('',(30.374196027946,-5.670707919931E-06,
    55.587455114438));
#1527 = CARTESIAN_POINT('',(30.275055218167,-5.670707919931E-06,
    55.391032887822));
#1528 = CARTESIAN_POINT('',(30.17594525775,-5.670707919931E-06,
    55.194595090419));
#1529 = CARTESIAN_POINT('',(29.778788542264,-5.670707919931E-06,
    54.407077069173));
#1530 = CARTESIAN_POINT('',(29.481021396463,-5.670707919931E-06,
    53.815856043093));
#1531 = CARTESIAN_POINT('',(29.18367374807,-5.670707919931E-06,
    53.224423574689));
#1532 = CARTESIAN_POINT('',(28.886850636105,-5.670707919931E-06,
    52.632727202293));
#1533 = CARTESIAN_POINT('',(28.59065758003,-5.670707919931E-06,
    52.040714822487));
#1534 = CARTESIAN_POINT('',(28.295201198676,-5.670707919931E-06,
    51.448334380034));
#1535 = CARTESIAN_POINT('',(28.000589829171,-5.670707919931E-06,
    50.855533557814));
#1536 = CARTESIAN_POINT('',(27.021321581635,-5.670707919931E-06,
    48.877112868227));
#1537 = CARTESIAN_POINT('',(26.340935730067,-5.670707919931E-06,
    47.489421341027));
#1538 = CARTESIAN_POINT('',(25.667165733142,-5.670707919931E-06,
    46.098472516265));
#1539 = CARTESIAN_POINT('',(25.001490230239,-5.670707919931E-06,
    44.703577762598));
#1540 = CARTESIAN_POINT('',(24.345526303358,-5.670707919931E-06,
    43.304049205225));
#1541 = CARTESIAN_POINT('',(23.701075609369,-5.670707919931E-06,
    41.899177984094));
#1542 = CARTESIAN_POINT('',(23.070194817878,-5.670707919931E-06,
    40.488201155574));
#1543 = CARTESIAN_POINT('',(21.715123186088,-5.670707919931E-06,
    37.363297199448));
#1544 = CARTESIAN_POINT('',(20.998496110794,-5.670707919931E-06,
    35.647099304857));
#1545 = CARTESIAN_POINT('',(20.309267085416,-5.670707919931E-06,
    33.919296311356));
#1546 = CARTESIAN_POINT('',(19.652476090441,-5.670707919931E-06,
    32.17804968096));
#1547 = CARTESIAN_POINT('',(19.034546792676,-5.670707919931E-06,
    30.421969569786));
#1548 = CARTESIAN_POINT('',(18.463931622783,-5.670707919931E-06,
    28.649906500974));
#1549 = CARTESIAN_POINT('',(17.951401424276,-5.670707919931E-06,
    26.86084379802));
#1550 = CARTESIAN_POINT('',(17.213937341536,-5.670707919931E-06,
    23.820942590933));
#1551 = CARTESIAN_POINT('',(16.949806241207,-5.670707919931E-06,
    22.581867612032));
#1552 = CARTESIAN_POINT('',(16.725005640704,-5.670707919931E-06,
    21.334046787218));
#1553 = CARTESIAN_POINT('',(16.545765627816,-5.670707919931E-06,
    20.077325076967));
#1554 = CARTESIAN_POINT('',(16.420075512338,-5.670707919931E-06,
    18.813074614603));
#1555 = CARTESIAN_POINT('',(16.357776734414,-5.670707919931E-06,
    17.544183562214));
#1556 = CARTESIAN_POINT('',(16.370706699646,-5.670707919931E-06,
    16.275040545566));
#1557 = CARTESIAN_POINT('',(16.503591784295,-5.670707919931E-06,
    14.633009413488));
#1558 = CARTESIAN_POINT('',(16.542226457701,-5.670707919931E-06,
    14.255160414334));
#1559 = CARTESIAN_POINT('',(16.589227328389,-5.670707919931E-06,
    13.878186908437));
#1560 = CARTESIAN_POINT('',(16.644963657467,-5.670707919931E-06,
    13.502352728814));
#1561 = CARTESIAN_POINT('',(16.709805203517,-5.670707919931E-06,
    13.127962866453));
#1562 = CARTESIAN_POINT('',(16.784113736777,-5.670707919931E-06,
    12.755362034756));
#1563 = CARTESIAN_POINT('',(16.86823210937,-5.670707919931E-06,
    12.384932810616));
#1564 = CARTESIAN_POINT('',(17.013228344272,-5.670707919931E-06,
    11.818973224364));
#1565 = CARTESIAN_POINT('',(17.066921291808,-5.670707919931E-06,
    11.621605955508));
#1566 = CARTESIAN_POINT('',(17.123597737897,-5.670707919931E-06,
    11.425058254965));
#1567 = CARTESIAN_POINT('',(17.183302875288,-5.670707919931E-06,
    11.229399997552));
#1568 = CARTESIAN_POINT('',(17.246078332544,-5.670707919931E-06,
    11.034703986246));
#1569 = CARTESIAN_POINT('',(17.311961430821,-5.670707919931E-06,
    10.841045714932));
#1570 = CARTESIAN_POINT('',(17.380984440645,-5.670707919931E-06,
    10.648503131151));
#1571 = CARTESIAN_POINT('',(17.599308160731,-5.670707919931E-06,
    10.069809700362));
#1572 = CARTESIAN_POINT('',(17.75843210543,-5.670707919931E-06,
    9.687325638996));
#1573 = CARTESIAN_POINT('',(17.930752558637,-5.670707919931E-06,
    9.31041501931));
#1574 = CARTESIAN_POINT('',(18.116385689016,-5.670707919931E-06,
    8.939780423634));
#1575 = CARTESIAN_POINT('',(18.315340280978,-5.670707919931E-06,
    8.576107476746));
#1576 = CARTESIAN_POINT('',(18.527501067619,-5.670707919931E-06,
    8.220056110547));
#1577 = CARTESIAN_POINT('',(18.752612063649,-5.670707919931E-06,
    7.872251828739));
#1578 = CARTESIAN_POINT('',(19.23388579688,-5.670707919931E-06,
    7.185775155253));
#1579 = CARTESIAN_POINT('',(19.490726093966,-5.670707919931E-06,
    6.847497164195));
#1580 = CARTESIAN_POINT('',(19.760341934117,-5.670707919931E-06,
    6.519077512308));
#1581 = CARTESIAN_POINT('',(20.042190902221,-5.670707919931E-06,
    6.201002458364));
#1582 = CARTESIAN_POINT('',(20.33564317652,-5.670707919931E-06,
    5.893624870055));
#1583 = CARTESIAN_POINT('',(20.639997681597,-5.670707919931E-06,
    5.597179088123));
#1584 = CARTESIAN_POINT('',(20.954498241364,-5.670707919931E-06,
    5.311795790487));
#1585 = CARTESIAN_POINT('',(21.441816750969,-5.670707919931E-06,
    4.899072041381));
#1586 = CARTESIAN_POINT('',(21.607674876502,-5.670707919931E-06,
    4.763449091123));
#1587 = CARTESIAN_POINT('',(21.77582738229,-5.670707919931E-06,
    4.630649469133));
#1588 = CARTESIAN_POINT('',(21.946177863968,-5.670707919931E-06,
    4.500667397939));
#1589 = CARTESIAN_POINT('',(22.118630820615,-5.670707919931E-06,
    4.373490626478));
#1590 = CARTESIAN_POINT('',(22.293092236194,-5.670707919931E-06,
    4.249101197518));
#1591 = CARTESIAN_POINT('',(22.469470160999,-5.670707919931E-06,
    4.127476215065));
#1592 = CARTESIAN_POINT('',(22.985280479699,-5.670707919931E-06,
    3.783359006906));
#1593 = CARTESIAN_POINT('',(23.329436356485,-5.670707919931E-06,
    3.567958720578));
#1594 = CARTESIAN_POINT('',(23.679546027577,-5.670707919931E-06,
    3.362194999853));
#1595 = CARTESIAN_POINT('',(24.035042921022,-5.670707919931E-06,
    3.165825256508));
#1596 = CARTESIAN_POINT('',(24.395399180696,-5.670707919931E-06,
    2.978572340956));
#1597 = CARTESIAN_POINT('',(24.760132404223,-5.670707919931E-06,
    2.800136824572));
#1598 = CARTESIAN_POINT('',(25.128810726904,-5.670707919931E-06,
    2.630206290426));
#1599 = CARTESIAN_POINT('',(26.947408555748,-5.670707919931E-06,
    1.840006101861));
#1600 = CARTESIAN_POINT('',(28.44440238207,-5.670707919931E-06,
    1.336527656805));
#1601 = CARTESIAN_POINT('',(29.974546978646,-5.670707919931E-06,
    0.936153141223));
#1602 = CARTESIAN_POINT('',(31.524772010125,-5.670707919931E-06,
    0.622391648281));
#1603 = CARTESIAN_POINT('',(33.085842118975,-5.670707919931E-06,
    0.381679531222));
#1604 = CARTESIAN_POINT('',(34.652328073648,-5.670707919931E-06,
    0.203173446096));
#1605 = CARTESIAN_POINT('',(36.222450761873,-5.670707919931E-06,
    7.818551285841E-02));
#1606 = CARTESIAN_POINT('',(37.798072236471,-5.670707919931E-06,
    9.551176270861E-05));
#1607 = PCURVE('',#872,#1608);
#1608 = DEFINITIONAL_REPRESENTATION('',(#1609),#1724);
#1609 = B_SPLINE_CURVE_WITH_KNOTS('',8,(#1610,#1611,#1612,#1613,#1614,
    #1615,#1616,#1617,#1618,#1619,#1620,#1621,#1622,#1623,#1624,#1625,
    #1626,#1627,#1628,#1629,#1630,#1631,#1632,#1633,#1634,#1635,#1636,
    #1637,#1638,#1639,#1640,#1641,#1642,#1643,#1644,#1645,#1646,#1647,
    #1648,#1649,#1650,#1651,#1652,#1653,#1654,#1655,#1656,#1657,#1658,
    #1659,#1660,#1661,#1662,#1663,#1664,#1665,#1666,#1667,#1668,#1669,
    #1670,#1671,#1672,#1673,#1674,#1675,#1676,#1677,#1678,#1679,#1680,
    #1681,#1682,#1683,#1684,#1685,#1686,#1687,#1688,#1689,#1690,#1691,
    #1692,#1693,#1694,#1695,#1696,#1697,#1698,#1699,#1700,#1701,#1702,
    #1703,#1704,#1705,#1706,#1707,#1708,#1709,#1710,#1711,#1712,#1713,
    #1714,#1715,#1716,#1717,#1718,#1719,#1720,#1721,#1722,#1723),
  .UNSPECIFIED.,.F.,.F.,(9,7,7,7,7,7,7,7,7,7,7,7,7,7,7,7,9),(0.,
    0.108600712244,0.196126711686,0.236489983498,0.265680499619,
    0.283287042782,0.336258740589,0.459934404402,0.608816162059,
    0.710274944794,0.740667961137,0.757037788088,0.79017552892,
    0.824146854167,0.841294193076,0.87377939978,1.),.UNSPECIFIED.);
#1610 = CARTESIAN_POINT('',(-27.86881818232,41.916381296657));
#1611 = CARTESIAN_POINT('',(-26.58291830542,41.48264385522));
#1612 = CARTESIAN_POINT('',(-25.30836305303,41.016016011543));
#1613 = CARTESIAN_POINT('',(-24.0434197404,40.523424384848));
#1614 = CARTESIAN_POINT('',(-22.78696450234,40.009601434071));
#1615 = CARTESIAN_POINT('',(-21.53801257749,39.478258533879));
#1616 = CARTESIAN_POINT('',(-20.29564340205,38.932267136792));
#1617 = CARTESIAN_POINT('',(-19.05889175732,38.373936066115));
#1618 = CARTESIAN_POINT('',(-16.8336423599,37.346650776985));
#1619 = CARTESIAN_POINT('',(-15.84370074732,36.881451404493));
#1620 = CARTESIAN_POINT('',(-14.85646043093,36.410523850833));
#1621 = CARTESIAN_POINT('',(-13.87154993649,35.93474378139));
#1622 = CARTESIAN_POINT('',(-12.88863329578,35.454878481271));
#1623 = CARTESIAN_POINT('',(-11.90739636998,34.971615188871));
#1624 = CARTESIAN_POINT('',(-10.92753769005,34.485580008914));
#1625 = CARTESIAN_POINT('',(-9.497394892315,33.772195273874));
#1626 = CARTESIAN_POINT('',(-9.046258583771,33.546576840283));
#1627 = CARTESIAN_POINT('',(-8.595327076753,33.320549016598));
#1628 = CARTESIAN_POINT('',(-8.144573346247,33.094166776));
#1629 = CARTESIAN_POINT('',(-7.693971035221,32.867483388811));
#1630 = CARTESIAN_POINT('',(-7.243494335892,32.640550658852));
#1631 = CARTESIAN_POINT('',(-6.793117870998,32.4134191598));
#1632 = CARTESIAN_POINT('',(-6.017160932004,32.021770215551));
#1633 = CARTESIAN_POINT('',(-5.691544630995,31.857323988154));
#1634 = CARTESIAN_POINT('',(-5.365958253335,31.692818471685));
#1635 = CARTESIAN_POINT('',(-5.04039246811,31.528272161303));
#1636 = CARTESIAN_POINT('',(-4.714838032201,31.363703365003));
#1637 = CARTESIAN_POINT('',(-4.389285790278,31.199130203612));
#1638 = CARTESIAN_POINT('',(-4.0637266748,31.034570610795));
#1639 = CARTESIAN_POINT('',(-3.541778003102,30.770805505177));
#1640 = CARTESIAN_POINT('',(-3.345398529049,30.671580087604));
#1641 = CARTESIAN_POINT('',(-3.149011310186,30.572369985837));
#1642 = CARTESIAN_POINT('',(-2.952614379711,30.473179096536));
#1643 = CARTESIAN_POINT('',(-2.756205777695,30.374011307514));
#1644 = CARTESIAN_POINT('',(-2.559783551078,30.274870497735));
#1645 = CARTESIAN_POINT('',(-2.363345753676,30.175760537318));
#1646 = CARTESIAN_POINT('',(-1.57582773243,29.778603821832));
#1647 = CARTESIAN_POINT('',(-0.984606706349,29.480836676031));
#1648 = CARTESIAN_POINT('',(-0.393174237946,29.183489027638));
#1649 = CARTESIAN_POINT('',(0.198522134451,28.886665915673));
#1650 = CARTESIAN_POINT('',(0.790534514257,28.590472859598));
#1651 = CARTESIAN_POINT('',(1.382914956709,28.295016478244));
#1652 = CARTESIAN_POINT('',(1.975715778929,28.000405108739));
#1653 = CARTESIAN_POINT('',(3.954136468516,27.021136861203));
#1654 = CARTESIAN_POINT('',(5.341827995717,26.340751009635));
#1655 = CARTESIAN_POINT('',(6.732776820478,25.66698101271));
#1656 = CARTESIAN_POINT('',(8.127671574146,25.001305509808));
#1657 = CARTESIAN_POINT('',(9.527200131519,24.345341582926));
#1658 = CARTESIAN_POINT('',(10.93207135265,23.700890888937));
#1659 = CARTESIAN_POINT('',(12.343048181169,23.070010097447));
#1660 = CARTESIAN_POINT('',(15.467952137296,21.714938465656));
#1661 = CARTESIAN_POINT('',(17.184150031887,20.998311390362));
#1662 = CARTESIAN_POINT('',(18.911953025388,20.309082364985));
#1663 = CARTESIAN_POINT('',(20.653199655783,19.652291370009));
#1664 = CARTESIAN_POINT('',(22.409279766958,19.034362072245));
#1665 = CARTESIAN_POINT('',(24.18134283577,18.463746902351));
#1666 = CARTESIAN_POINT('',(25.970405538723,17.951216703844));
#1667 = CARTESIAN_POINT('',(29.010306745811,17.213752621104));
#1668 = CARTESIAN_POINT('',(30.249381724712,16.949621520775));
#1669 = CARTESIAN_POINT('',(31.497202549525,16.724820920272));
#1670 = CARTESIAN_POINT('',(32.753924259777,16.545580907384));
#1671 = CARTESIAN_POINT('',(34.018174722141,16.419890791907));
#1672 = CARTESIAN_POINT('',(35.28706577453,16.357592013982));
#1673 = CARTESIAN_POINT('',(36.556208791177,16.370521979214));
#1674 = CARTESIAN_POINT('',(38.198239923255,16.503407063864));
#1675 = CARTESIAN_POINT('',(38.576088922409,16.542041737269));
#1676 = CARTESIAN_POINT('',(38.953062428307,16.589042607957));
#1677 = CARTESIAN_POINT('',(39.32889660793,16.644778937036));
#1678 = CARTESIAN_POINT('',(39.70328647029,16.709620483085));
#1679 = CARTESIAN_POINT('',(40.075887301988,16.783929016345));
#1680 = CARTESIAN_POINT('',(40.446316526128,16.868047388938));
#1681 = CARTESIAN_POINT('',(41.012276112379,17.01304362384));
#1682 = CARTESIAN_POINT('',(41.209643381236,17.066736571376));
#1683 = CARTESIAN_POINT('',(41.406191081779,17.123413017465));
#1684 = CARTESIAN_POINT('',(41.601849339192,17.183118154857));
#1685 = CARTESIAN_POINT('',(41.796545350498,17.245893612113));
#1686 = CARTESIAN_POINT('',(41.990203621812,17.311776710389));
#1687 = CARTESIAN_POINT('',(42.182746205592,17.380799720213));
#1688 = CARTESIAN_POINT('',(42.761439636382,17.599123440299));
#1689 = CARTESIAN_POINT('',(43.143923697747,17.758247384998));
#1690 = CARTESIAN_POINT('',(43.520834317433,17.930567838206));
#1691 = CARTESIAN_POINT('',(43.891468913109,18.116200968584));
#1692 = CARTESIAN_POINT('',(44.255141859998,18.315155560546));
#1693 = CARTESIAN_POINT('',(44.611193226197,18.527316347187));
#1694 = CARTESIAN_POINT('',(44.958997508005,18.752427343218));
#1695 = CARTESIAN_POINT('',(45.645474181491,19.233701076448));
#1696 = CARTESIAN_POINT('',(45.983752172548,19.490541373535));
#1697 = CARTESIAN_POINT('',(46.312171824436,19.760157213685));
#1698 = CARTESIAN_POINT('',(46.63024687838,20.042006181789));
#1699 = CARTESIAN_POINT('',(46.937624466689,20.335458456088));
#1700 = CARTESIAN_POINT('',(47.234070248621,20.639812961166));
#1701 = CARTESIAN_POINT('',(47.519453546257,20.954313520933));
#1702 = CARTESIAN_POINT('',(47.932177295363,21.441632030537));
#1703 = CARTESIAN_POINT('',(48.06780024562,21.60749015607));
#1704 = CARTESIAN_POINT('',(48.20059986761,21.775642661858));
#1705 = CARTESIAN_POINT('',(48.330581938805,21.945993143536));
#1706 = CARTESIAN_POINT('',(48.457758710265,22.118446100183));
#1707 = CARTESIAN_POINT('',(48.582148139226,22.292907515762));
#1708 = CARTESIAN_POINT('',(48.703773121678,22.469285440567));
#1709 = CARTESIAN_POINT('',(49.047890329837,22.985095759268));
#1710 = CARTESIAN_POINT('',(49.263290616166,23.329251636053));
#1711 = CARTESIAN_POINT('',(49.469054336891,23.679361307145));
#1712 = CARTESIAN_POINT('',(49.665424080236,24.03485820059));
#1713 = CARTESIAN_POINT('',(49.852676995787,24.395214460264));
#1714 = CARTESIAN_POINT('',(50.031112512171,24.759947683791));
#1715 = CARTESIAN_POINT('',(50.201043046318,25.128626006473));
#1716 = CARTESIAN_POINT('',(50.991243234883,26.947223835317));
#1717 = CARTESIAN_POINT('',(51.494721679938,28.444217661638));
#1718 = CARTESIAN_POINT('',(51.89509619552,29.974362258214));
#1719 = CARTESIAN_POINT('',(52.208857688463,31.524587289694));
#1720 = CARTESIAN_POINT('',(52.449569805522,33.085657398543));
#1721 = CARTESIAN_POINT('',(52.628075890648,34.652143353216));
#1722 = CARTESIAN_POINT('',(52.753063823885,36.222266041441));
#1723 = CARTESIAN_POINT('',(52.831153824981,37.797887516039));
#1724 = ( GEOMETRIC_REPRESENTATION_CONTEXT(2) 
PARAMETRIC_REPRESENTATION_CONTEXT() REPRESENTATION_CONTEXT('2D SPACE',''
  ) );
#1725 = PCURVE('',#723,#1726);
#1726 = DEFINITIONAL_REPRESENTATION('',(#1727),#1842);
#1727 = B_SPLINE_CURVE_WITH_KNOTS('',8,(#1728,#1729,#1730,#1731,#1732,
    #1733,#1734,#1735,#1736,#1737,#1738,#1739,#1740,#1741,#1742,#1743,
    #1744,#1745,#1746,#1747,#1748,#1749,#1750,#1751,#1752,#1753,#1754,
    #1755,#1756,#1757,#1758,#1759,#1760,#1761,#1762,#1763,#1764,#1765,
    #1766,#1767,#1768,#1769,#1770,#1771,#1772,#1773,#1774,#1775,#1776,
    #1777,#1778,#1779,#1780,#1781,#1782,#1783,#1784,#1785,#1786,#1787,
    #1788,#1789,#1790,#1791,#1792,#1793,#1794,#1795,#1796,#1797,#1798,
    #1799,#1800,#1801,#1802,#1803,#1804,#1805,#1806,#1807,#1808,#1809,
    #1810,#1811,#1812,#1813,#1814,#1815,#1816,#1817,#1818,#1819,#1820,
    #1821,#1822,#1823,#1824,#1825,#1826,#1827,#1828,#1829,#1830,#1831,
    #1832,#1833,#1834,#1835,#1836,#1837,#1838,#1839,#1840,#1841),
  .UNSPECIFIED.,.F.,.F.,(9,7,7,7,7,7,7,7,7,7,7,7,7,7,7,7,9),(0.,
    0.108600712244,0.196126711686,0.236489983498,0.265680499619,
    0.283287042782,0.336258740589,0.459934404402,0.608816162059,
    0.710274944794,0.740667961137,0.757037788088,0.79017552892,
    0.824146854167,0.841294193076,0.87377939978,1.),.UNSPECIFIED.);
#1728 = CARTESIAN_POINT('',(0.491365470924,0.754809130097));
#1729 = CARTESIAN_POINT('',(0.492165808203,0.743382129418));
#1730 = CARTESIAN_POINT('',(0.493042195152,0.732360513283));
#1731 = CARTESIAN_POINT('',(0.493982229857,0.721671453882));
#1732 = CARTESIAN_POINT('',(0.494977145627,0.711265998192));
#1733 = CARTESIAN_POINT('',(0.496019722621,0.701104676454));
#1734 = CARTESIAN_POINT('',(0.497103963185,0.691155277339));
#1735 = CARTESIAN_POINT('',(0.498224579251,0.681389502148));
#1736 = CARTESIAN_POINT('',(0.500305373019,0.664038722946));
#1737 = CARTESIAN_POINT('',(0.501254336006,0.656399512322));
#1738 = CARTESIAN_POINT('',(0.502221020862,0.648851863809));
#1739 = CARTESIAN_POINT('',(0.503202881312,0.641385148757));
#1740 = CARTESIAN_POINT('',(0.504197374645,0.633990019543));
#1741 = CARTESIAN_POINT('',(0.505201877369,0.626658038729));
#1742 = CARTESIAN_POINT('',(0.506213606338,0.619381434218));
#1743 = CARTESIAN_POINT('',(0.507698053261,0.608819524688));
#1744 = CARTESIAN_POINT('',(0.508167454415,0.60549632262));
#1745 = CARTESIAN_POINT('',(0.508637451633,0.60218267198));
#1746 = CARTESIAN_POINT('',(0.509107736566,0.598877896859));
#1747 = CARTESIAN_POINT('',(0.509577987764,0.595581344649));
#1748 = CARTESIAN_POINT('',(0.510047868729,0.592292383007));
#1749 = CARTESIAN_POINT('',(0.51051702598,0.58901039683));
#1750 = CARTESIAN_POINT('',(0.511323586574,0.583365879289));
#1751 = CARTESIAN_POINT('',(0.511661512214,0.581000307244));
#1752 = CARTESIAN_POINT('',(0.511998724048,0.578637842973));
#1753 = CARTESIAN_POINT('',(0.5123350759,0.576278263699));
#1754 = CARTESIAN_POINT('',(0.512670415397,0.573921349978));
#1755 = CARTESIAN_POINT('',(0.513004583972,0.571566885694));
#1756 = CARTESIAN_POINT('',(0.513337416862,0.569214658061));
#1757 = CARTESIAN_POINT('',(0.513868585752,0.565446911418));
#1758 = CARTESIAN_POINT('',(0.514067880045,0.564030102546));
#1759 = CARTESIAN_POINT('',(0.514266588348,0.562613984931));
#1760 = CARTESIAN_POINT('',(0.514464671969,0.56119851278));
#1761 = CARTESIAN_POINT('',(0.514662091172,0.559783640577));
#1762 = CARTESIAN_POINT('',(0.514858805171,0.558369323088));
#1763 = CARTESIAN_POINT('',(0.515054772133,0.55695551536));
#1764 = CARTESIAN_POINT('',(0.515837166059,0.551289937719));
#1765 = CARTESIAN_POINT('',(0.516417232644,0.547041913765));
#1766 = CARTESIAN_POINT('',(0.516988976945,0.542796880948));
#1767 = CARTESIAN_POINT('',(0.517551136057,0.538553639319));
#1768 = CARTESIAN_POINT('',(0.51810234028,0.534311001842));
#1769 = CARTESIAN_POINT('',(0.518641097239,0.530067787335));
#1770 = CARTESIAN_POINT('',(0.519165776006,0.525822813424));
#1771 = CARTESIAN_POINT('',(0.520862547465,0.511657049693));
#1772 = CARTESIAN_POINT('',(0.52196399923,0.50172337942));
#1773 = CARTESIAN_POINT('',(0.522956227519,0.491758443408));
#1774 = CARTESIAN_POINT('',(0.523811813041,0.481746865757));
#1775 = CARTESIAN_POINT('',(0.524497101448,0.471672806883));
#1776 = CARTESIAN_POINT('',(0.52497038065,0.461519488467));
#1777 = CARTESIAN_POINT('',(0.525178842726,0.451268506511));
#1778 = CARTESIAN_POINT('',(0.524902397462,0.428415383187));
#1779 = CARTESIAN_POINT('',(0.524267577841,0.415766173993));
#1780 = CARTESIAN_POINT('',(0.523029273853,0.402908216063));
#1781 = CARTESIAN_POINT('',(0.521032318349,0.389797969486));
#1782 = CARTESIAN_POINT('',(0.518075031273,0.376389473898));
#1783 = CARTESIAN_POINT('',(0.513887359271,0.362629053732));
#1784 = CARTESIAN_POINT('',(0.508108031658,0.348452766811));
#1785 = CARTESIAN_POINT('',(0.49485090773,0.32375366371));
#1786 = CARTESIAN_POINT('',(0.488507839763,0.313519127638));
#1787 = CARTESIAN_POINT('',(0.481031687209,0.303021251863));
#1788 = CARTESIAN_POINT('',(0.47223114751,0.292227292967));
#1789 = CARTESIAN_POINT('',(0.46188643378,0.281109878977));
#1790 = CARTESIAN_POINT('',(0.449755784897,0.269646252364));
#1791 = CARTESIAN_POINT('',(0.435595152642,0.257817228878));
#1792 = CARTESIAN_POINT('',(0.414285605852,0.241947387977));
#1793 = CARTESIAN_POINT('',(0.409174782198,0.238256357493));
#1794 = CARTESIAN_POINT('',(0.403860731244,0.234532643623));
#1795 = CARTESIAN_POINT('',(0.398339923074,0.230776806478));
#1796 = CARTESIAN_POINT('',(0.392610002538,0.226989778928));
#1797 = CARTESIAN_POINT('',(0.3866700886,0.223172895013));
#1798 = CARTESIAN_POINT('',(0.38052111268,0.219327926999));
#1799 = CARTESIAN_POINT('',(0.370743406881,0.213372301485));
#1800 = CARTESIAN_POINT('',(0.367260902588,0.211279995923));
#1801 = CARTESIAN_POINT('',(0.363719196529,0.209180582155));
#1802 = CARTESIAN_POINT('',(0.360118992015,0.207074470751));
#1803 = CARTESIAN_POINT('',(0.356461197841,0.204962116623));
#1804 = CARTESIAN_POINT('',(0.352746943865,0.202844020566));
#1805 = CARTESIAN_POINT('',(0.34897759657,0.2007207308));
#1806 = CARTESIAN_POINT('',(0.337416166124,0.194285325283));
#1807 = CARTESIAN_POINT('',(0.32945771758,0.189958550059));
#1808 = CARTESIAN_POINT('',(0.321293518026,0.185617960086));
#1809 = CARTESIAN_POINT('',(0.31294142528,0.181269365691));
#1810 = CARTESIAN_POINT('',(0.304423019496,0.176918951727));
#1811 = CARTESIAN_POINT('',(0.295763556697,0.172573283029));
#1812 = CARTESIAN_POINT('',(0.286991922303,0.168239309856));
#1813 = CARTESIAN_POINT('',(0.269066590422,0.159500894019));
#1814 = CARTESIAN_POINT('',(0.259907343905,0.155096716026));
#1815 = CARTESIAN_POINT('',(0.250697588048,0.15071978097));
#1816 = CARTESIAN_POINT('',(0.241473163491,0.146377184904));
#1817 = CARTESIAN_POINT('',(0.232270153089,0.142075236392));
#1818 = CARTESIAN_POINT('',(0.223124026402,0.137819514571));
#1819 = CARTESIAN_POINT('',(0.214068784205,0.133614927204));
#1820 = CARTESIAN_POINT('',(0.200627249961,0.127371442846));
#1821 = CARTESIAN_POINT('',(0.196149381575,0.125291128296));
#1822 = CARTESIAN_POINT('',(0.191706435223,0.123225313425));
#1823 = CARTESIAN_POINT('',(0.187302131816,0.121174418788));
#1824 = CARTESIAN_POINT('',(0.182939962137,0.119138801312));
#1825 = CARTESIAN_POINT('',(0.17862317319,0.117118758447));
#1826 = CARTESIAN_POINT('',(0.174354754564,0.115114532315));
#1827 = CARTESIAN_POINT('',(0.162147798503,0.109359683498));
#1828 = CARTESIAN_POINT('',(0.15434170466,0.105650585365));
#1829 = CARTESIAN_POINT('',(0.146737372984,0.10200018586));
#1830 = CARTESIAN_POINT('',(0.139349737329,9.840904686277E-02));
#1831 = CARTESIAN_POINT('',(0.132190310415,9.487722388348E-02));
#1832 = CARTESIAN_POINT('',(0.125267233643,9.140434487963E-02));
#1833 = CARTESIAN_POINT('',(0.118585502011,8.798966974471E-02));
#1834 = CARTESIAN_POINT('',(8.713211213731E-02,7.158648089773E-02));
#1835 = CARTESIAN_POINT('',(6.584965685488E-02,5.943237782988E-02));
#1836 = CARTESIAN_POINT('',(4.831701462458E-02,4.805470097575E-02));
#1837 = CARTESIAN_POINT('',(3.414441432261E-02,3.736663569783E-02));
#1838 = CARTESIAN_POINT('',(2.269071095275E-02,2.728974319002E-02));
#1839 = CARTESIAN_POINT('',(1.345989219831E-02,1.77518099128E-02));
#1840 = CARTESIAN_POINT('',(6.009751112122E-03,8.682124196507E-03));
#1841 = CARTESIAN_POINT('',(0.,1.060926651716E-05));
#1842 = ( GEOMETRIC_REPRESENTATION_CONTEXT(2) 
PARAMETRIC_REPRESENTATION_CONTEXT() REPRESENTATION_CONTEXT('2D SPACE',''
  ) );
#1843 = ORIENTED_EDGE('',*,*,#1844,.F.);
#1844 = EDGE_CURVE('',#776,#1489,#1845,.T.);
#1845 = SURFACE_CURVE('',#1846,(#1849,#1855),.PCURVE_S1.);
#1846 = B_SPLINE_CURVE_WITH_KNOTS('',1,(#1847,#1848),.UNSPECIFIED.,.F.,
  .F.,(2,2),(0.,1.),.PIECEWISE_BEZIER_KNOTS.);
#1847 = CARTESIAN_POINT('',(37.8,-5.670707919931E-06,0.));
#1848 = CARTESIAN_POINT('',(37.798072236474,-5.670707919931E-06,
    9.551176255229E-05));
#1849 = PCURVE('',#872,#1850);
#1850 = DEFINITIONAL_REPRESENTATION('',(#1851),#1854);
#1851 = B_SPLINE_CURVE_WITH_KNOTS('',1,(#1852,#1853),.UNSPECIFIED.,.F.,
  .F.,(2,2),(0.,1.),.PIECEWISE_BEZIER_KNOTS.);
#1852 = CARTESIAN_POINT('',(52.831249336744,37.799815279568));
#1853 = CARTESIAN_POINT('',(52.831153824981,37.797887516042));
#1854 = ( GEOMETRIC_REPRESENTATION_CONTEXT(2) 
PARAMETRIC_REPRESENTATION_CONTEXT() REPRESENTATION_CONTEXT('2D SPACE',''
  ) );
#1855 = PCURVE('',#807,#1856);
#1856 = DEFINITIONAL_REPRESENTATION('',(#1857),#1860);
#1857 = B_SPLINE_CURVE_WITH_KNOTS('',1,(#1858,#1859),.UNSPECIFIED.,.F.,
  .F.,(2,2),(0.,1.),.PIECEWISE_BEZIER_KNOTS.);
#1858 = CARTESIAN_POINT('',(11.999996932885,0.));
#1859 = CARTESIAN_POINT('',(12.,1.060926649982E-05));
#1860 = ( GEOMETRIC_REPRESENTATION_CONTEXT(2) 
PARAMETRIC_REPRESENTATION_CONTEXT() REPRESENTATION_CONTEXT('2D SPACE',''
  ) );
#1861 = ORIENTED_EDGE('',*,*,#859,.T.);
#1862 = ADVANCED_FACE('',(#1863),#807,.F.);
#1863 = FACE_BOUND('',#1864,.F.);
#1864 = EDGE_LOOP('',(#1865,#1866,#1867));
#1865 = ORIENTED_EDGE('',*,*,#1844,.F.);
#1866 = ORIENTED_EDGE('',*,*,#775,.T.);
#1867 = ORIENTED_EDGE('',*,*,#1868,.T.);
#1868 = EDGE_CURVE('',#692,#1489,#1869,.T.);
#1869 = SURFACE_CURVE('',#1870,(#1875,#1882),.PCURVE_S1.);
#1870 = ( BOUNDED_CURVE() B_SPLINE_CURVE(3,(#1871,#1872,#1873,#1874),
.UNSPECIFIED.,.F.,.F.) B_SPLINE_CURVE_WITH_KNOTS((4,4),(0.,1.),
.PIECEWISE_BEZIER_KNOTS.) CURVE() GEOMETRIC_REPRESENTATION_ITEM() 
RATIONAL_B_SPLINE_CURVE((1.,1.,1.,1.)) REPRESENTATION_ITEM('') );
#1871 = CARTESIAN_POINT('',(37.8,5.551115123126E-17,0.));
#1872 = CARTESIAN_POINT('',(-22.77014822795,-0.178160240246,3.));
#1873 = CARTESIAN_POINT('',(67.717480551016,-1.124846541857,90.));
#1874 = CARTESIAN_POINT('',(36.75,-0.75,99.));
#1875 = PCURVE('',#807,#1876);
#1876 = DEFINITIONAL_REPRESENTATION('',(#1877),#1881);
#1877 = LINE('',#1878,#1879);
#1878 = CARTESIAN_POINT('',(12.,0.));
#1879 = VECTOR('',#1880,1.);
#1880 = DIRECTION('',(0.,1.));
#1881 = ( GEOMETRIC_REPRESENTATION_CONTEXT(2) 
PARAMETRIC_REPRESENTATION_CONTEXT() REPRESENTATION_CONTEXT('2D SPACE',''
  ) );
#1882 = PCURVE('',#723,#1883);
#1883 = DEFINITIONAL_REPRESENTATION('',(#1884),#1888);
#1884 = LINE('',#1885,#1886);
#1885 = CARTESIAN_POINT('',(0.,0.));
#1886 = VECTOR('',#1887,1.);
#1887 = DIRECTION('',(0.,1.));
#1888 = ( GEOMETRIC_REPRESENTATION_CONTEXT(2) 
PARAMETRIC_REPRESENTATION_CONTEXT() REPRESENTATION_CONTEXT('2D SPACE',''
  ) );
#1889 = ADVANCED_FACE('',(#1890),#723,.F.);
#1890 = FACE_BOUND('',#1891,.F.);
#1891 = EDGE_LOOP('',(#1892,#1893,#1894,#1918,#2008));
#1892 = ORIENTED_EDGE('',*,*,#1868,.F.);
#1893 = ORIENTED_EDGE('',*,*,#691,.T.);
#1894 = ORIENTED_EDGE('',*,*,#1895,.T.);
#1895 = EDGE_CURVE('',#608,#1896,#1898,.T.);
#1896 = VERTEX_POINT('',#1897);
#1897 = CARTESIAN_POINT('',(41.640348523929,0.849803031101,80.7));
#1898 = SURFACE_CURVE('',#1899,(#1904,#1911),.PCURVE_S1.);
#1899 = ( BOUNDED_CURVE() B_SPLINE_CURVE(3,(#1900,#1901,#1902,#1903),
.UNSPECIFIED.,.F.,.F.) B_SPLINE_CURVE_WITH_KNOTS((4,4),(0.,1.),
.PIECEWISE_BEZIER_KNOTS.) CURVE() GEOMETRIC_REPRESENTATION_ITEM() 
RATIONAL_B_SPLINE_CURVE((1.,1.,1.,1.)) REPRESENTATION_ITEM('') );
#1900 = CARTESIAN_POINT('',(37.792130737918,0.771267974243,0.));
#1901 = CARTESIAN_POINT('',(-22.76359050955,-0.464563071624,3.));
#1902 = CARTESIAN_POINT('',(67.714857463656,1.381935866605,90.));
#1903 = CARTESIAN_POINT('',(36.75,0.75,99.));
#1904 = PCURVE('',#723,#1905);
#1905 = DEFINITIONAL_REPRESENTATION('',(#1906),#1910);
#1906 = LINE('',#1907,#1908);
#1907 = CARTESIAN_POINT('',(1.,0.));
#1908 = VECTOR('',#1909,1.);
#1909 = DIRECTION('',(0.,1.));
#1910 = ( GEOMETRIC_REPRESENTATION_CONTEXT(2) 
PARAMETRIC_REPRESENTATION_CONTEXT() REPRESENTATION_CONTEXT('2D SPACE',''
  ) );
#1911 = PCURVE('',#639,#1912);
#1912 = DEFINITIONAL_REPRESENTATION('',(#1913),#1917);
#1913 = LINE('',#1914,#1915);
#1914 = CARTESIAN_POINT('',(1.,0.));
#1915 = VECTOR('',#1916,1.);
#1916 = DIRECTION('',(0.,1.));
#1917 = ( GEOMETRIC_REPRESENTATION_CONTEXT(2) 
PARAMETRIC_REPRESENTATION_CONTEXT() REPRESENTATION_CONTEXT('2D SPACE',''
  ) );
#1918 = ORIENTED_EDGE('',*,*,#1919,.T.);
#1919 = EDGE_CURVE('',#1896,#1468,#1920,.T.);
#1920 = SURFACE_CURVE('',#1921,(#1948,#1978),.PCURVE_S1.);
#1921 = B_SPLINE_CURVE_WITH_KNOTS('',5,(#1922,#1923,#1924,#1925,#1926,
    #1927,#1928,#1929,#1930,#1931,#1932,#1933,#1934,#1935,#1936,#1937,
    #1938,#1939,#1940,#1941,#1942,#1943,#1944,#1945,#1946,#1947),
  .UNSPECIFIED.,.F.,.F.,(6,4,4,4,4,4,6),(0.,0.129880575794,
    0.230451008735,0.501040005407,0.770581142393,0.87112634065,1.),
  .UNSPECIFIED.);
#1922 = CARTESIAN_POINT('',(41.640348523929,0.849803031101,80.7));
#1923 = CARTESIAN_POINT('',(41.667597885306,0.812909951332,80.7));
#1924 = CARTESIAN_POINT('',(41.693447393029,0.774842059614,80.7));
#1925 = CARTESIAN_POINT('',(41.717804726956,0.735667057471,80.7));
#1926 = CARTESIAN_POINT('',(41.740587800059,0.695464802362,80.7));
#1927 = CARTESIAN_POINT('',(41.778091740488,0.622473309319,80.7));
#1928 = CARTESIAN_POINT('',(41.793471852513,0.590058297179,80.7));
#1929 = CARTESIAN_POINT('',(41.807831853498,0.557124778892,80.7));
#1930 = CARTESIAN_POINT('',(41.821142733378,0.523718305995,80.7));
#1931 = CARTESIAN_POINT('',(41.866303823505,0.398864191677,80.7));
#1932 = CARTESIAN_POINT('',(41.891455985063,0.304761374478,80.7));
#1933 = CARTESIAN_POINT('',(41.908349222788,0.208541811779,80.7));
#1934 = CARTESIAN_POINT('',(41.916740367797,0.111249909416,80.7));
#1935 = CARTESIAN_POINT('',(41.916518955874,-8.292067397766E-02,80.7));
#1936 = CARTESIAN_POINT('',(41.907972112687,-0.179813986481,80.7));
#1937 = CARTESIAN_POINT('',(41.890991897272,-0.275625811382,80.7));
#1938 = CARTESIAN_POINT('',(41.865820670002,-0.369324245948,80.7));
#1939 = CARTESIAN_POINT('',(41.820676109398,-0.49376674148,80.7));
#1940 = CARTESIAN_POINT('',(41.807338335055,-0.527149946441,80.7));
#1941 = CARTESIAN_POINT('',(41.792952502975,-0.560059231615,80.7));
#1942 = CARTESIAN_POINT('',(41.77754766709,-0.592449105717,80.7));
#1943 = CARTESIAN_POINT('',(41.74014853831,-0.665072643426,80.7));
#1944 = CARTESIAN_POINT('',(41.717520353574,-0.704945517391,80.7));
#1945 = CARTESIAN_POINT('',(41.693342886547,-0.743805939299,80.7));
#1946 = CARTESIAN_POINT('',(41.667696398334,-0.781575897862,80.7));
#1947 = CARTESIAN_POINT('',(41.640671080675,-0.818189178856,80.7));
#1948 = PCURVE('',#723,#1949);
#1949 = DEFINITIONAL_REPRESENTATION('',(#1950),#1977);
#1950 = B_SPLINE_CURVE_WITH_KNOTS('',5,(#1951,#1952,#1953,#1954,#1955,
    #1956,#1957,#1958,#1959,#1960,#1961,#1962,#1963,#1964,#1965,#1966,
    #1967,#1968,#1969,#1970,#1971,#1972,#1973,#1974,#1975,#1976),
  .UNSPECIFIED.,.F.,.F.,(6,4,4,4,4,4,6),(0.,0.129880575794,
    0.230451008735,0.501040005407,0.770581142393,0.87112634065,1.),
  .UNSPECIFIED.);
#1951 = CARTESIAN_POINT('',(1.,0.754808530097));
#1952 = CARTESIAN_POINT('',(0.973049930182,0.754808530097));
#1953 = CARTESIAN_POINT('',(0.946292141247,0.754808530097));
#1954 = CARTESIAN_POINT('',(0.919709357045,0.754808530097));
#1955 = CARTESIAN_POINT('',(0.893284361778,0.754808530097));
#1956 = CARTESIAN_POINT('',(0.846647228791,0.754808530097));
#1957 = CARTESIAN_POINT('',(0.826378747145,0.754808530097));
#1958 = CARTESIAN_POINT('',(0.806186603317,0.754808530097));
#1959 = CARTESIAN_POINT('',(0.786062941136,0.754808530097));
#1960 = CARTESIAN_POINT('',(0.712019809664,0.754808530097));
#1961 = CARTESIAN_POINT('',(0.658475140496,0.754808530097));
#1962 = CARTESIAN_POINT('',(0.605226143485,0.754808530097));
#1963 = CARTESIAN_POINT('',(0.552112141795,0.754808530097));
#1964 = CARTESIAN_POINT('',(0.446093535719,0.754808530097));
#1965 = CARTESIAN_POINT('',(0.393180780819,0.754808530097));
#1966 = CARTESIAN_POINT('',(0.340130076293,0.754808530097));
#1967 = CARTESIAN_POINT('',(0.286782612834,0.754808530097));
#1968 = CARTESIAN_POINT('',(0.212937817542,0.754808530097));
#1969 = CARTESIAN_POINT('',(0.192814533516,0.754808530097));
#1970 = CARTESIAN_POINT('',(0.172622388558,0.754808530097));
#1971 = CARTESIAN_POINT('',(0.152353527626,0.754808530097));
#1972 = CARTESIAN_POINT('',(0.10591189603,0.754808530097));
#1973 = CARTESIAN_POINT('',(7.968464252233E-02,0.754808530097));
#1974 = CARTESIAN_POINT('',(5.330146984954E-02,0.754808530097));
#1975 = CARTESIAN_POINT('',(2.674555068463E-02,0.754808530097));
#1976 = CARTESIAN_POINT('',(0.,0.754808530097));
#1977 = ( GEOMETRIC_REPRESENTATION_CONTEXT(2) 
PARAMETRIC_REPRESENTATION_CONTEXT() REPRESENTATION_CONTEXT('2D SPACE',''
  ) );
#1978 = PCURVE('',#1280,#1979);
#1979 = DEFINITIONAL_REPRESENTATION('',(#1980),#2007);
#1980 = B_SPLINE_CURVE_WITH_KNOTS('',5,(#1981,#1982,#1983,#1984,#1985,
    #1986,#1987,#1988,#1989,#1990,#1991,#1992,#1993,#1994,#1995,#1996,
    #1997,#1998,#1999,#2000,#2001,#2002,#2003,#2004,#2005,#2006),
  .UNSPECIFIED.,.F.,.F.,(6,4,4,4,4,4,6),(0.,0.129880575794,
    0.230451008735,0.501040005407,0.770581142393,0.87112634065,1.),
  .UNSPECIFIED.);
#1981 = CARTESIAN_POINT('',(41.640348523929,0.849803031101));
#1982 = CARTESIAN_POINT('',(41.667597885306,0.812909951332));
#1983 = CARTESIAN_POINT('',(41.693447393029,0.774842059614));
#1984 = CARTESIAN_POINT('',(41.717804726956,0.735667057471));
#1985 = CARTESIAN_POINT('',(41.740587800059,0.695464802362));
#1986 = CARTESIAN_POINT('',(41.778091740488,0.622473309319));
#1987 = CARTESIAN_POINT('',(41.793471852513,0.590058297179));
#1988 = CARTESIAN_POINT('',(41.807831853498,0.557124778892));
#1989 = CARTESIAN_POINT('',(41.821142733378,0.523718305995));
#1990 = CARTESIAN_POINT('',(41.866303823505,0.398864191677));
#1991 = CARTESIAN_POINT('',(41.891455985063,0.304761374478));
#1992 = CARTESIAN_POINT('',(41.908349222788,0.208541811779));
#1993 = CARTESIAN_POINT('',(41.916740367797,0.111249909416));
#1994 = CARTESIAN_POINT('',(41.916518955874,-8.292067397766E-02));
#1995 = CARTESIAN_POINT('',(41.907972112687,-0.179813986481));
#1996 = CARTESIAN_POINT('',(41.890991897272,-0.275625811382));
#1997 = CARTESIAN_POINT('',(41.865820670002,-0.369324245948));
#1998 = CARTESIAN_POINT('',(41.820676109398,-0.49376674148));
#1999 = CARTESIAN_POINT('',(41.807338335055,-0.527149946441));
#2000 = CARTESIAN_POINT('',(41.792952502975,-0.560059231615));
#2001 = CARTESIAN_POINT('',(41.77754766709,-0.592449105717));
#2002 = CARTESIAN_POINT('',(41.74014853831,-0.665072643426));
#2003 = CARTESIAN_POINT('',(41.717520353574,-0.704945517391));
#2004 = CARTESIAN_POINT('',(41.693342886547,-0.743805939299));
#2005 = CARTESIAN_POINT('',(41.667696398334,-0.781575897862));
#2006 = CARTESIAN_POINT('',(41.640671080675,-0.818189178856));
#2007 = ( GEOMETRIC_REPRESENTATION_CONTEXT(2) 
PARAMETRIC_REPRESENTATION_CONTEXT() REPRESENTATION_CONTEXT('2D SPACE',''
  ) );
#2008 = ORIENTED_EDGE('',*,*,#1488,.T.);
#2009 = ADVANCED_FACE('',(#2010),#639,.F.);
#2010 = FACE_BOUND('',#2011,.F.);
#2011 = EDGE_LOOP('',(#2012,#2013,#2014,#2038,#2082,#2151,#2302));
#2012 = ORIENTED_EDGE('',*,*,#1895,.F.);
#2013 = ORIENTED_EDGE('',*,*,#607,.T.);
#2014 = ORIENTED_EDGE('',*,*,#2015,.T.);
#2015 = EDGE_CURVE('',#524,#2016,#2018,.T.);
#2016 = VERTEX_POINT('',#2017);
#2017 = CARTESIAN_POINT('',(15.321428571426,0.75,99.));
#2018 = SURFACE_CURVE('',#2019,(#2024,#2031),.PCURVE_S1.);
#2019 = ( BOUNDED_CURVE() B_SPLINE_CURVE(3,(#2020,#2021,#2022,#2023),
.UNSPECIFIED.,.F.,.F.) B_SPLINE_CURVE_WITH_KNOTS((4,4),(0.,1.),
.PIECEWISE_BEZIER_KNOTS.) CURVE() GEOMETRIC_REPRESENTATION_ITEM() 
RATIONAL_B_SPLINE_CURVE((1.,1.,1.,1.)) REPRESENTATION_ITEM('') );
#2020 = CARTESIAN_POINT('',(37.754792949667,1.848136717816,0.));
#2021 = CARTESIAN_POINT('',(-27.66329792882,-1.354147451061,3.));
#2022 = CARTESIAN_POINT('',(80.908630504323,3.960562332379,90.));
#2023 = CARTESIAN_POINT('',(15.321428571426,0.75,99.));
#2024 = PCURVE('',#639,#2025);
#2025 = DEFINITIONAL_REPRESENTATION('',(#2026),#2030);
#2026 = LINE('',#2027,#2028);
#2027 = CARTESIAN_POINT('',(2.,0.));
#2028 = VECTOR('',#2029,1.);
#2029 = DIRECTION('',(0.,1.));
#2030 = ( GEOMETRIC_REPRESENTATION_CONTEXT(2) 
PARAMETRIC_REPRESENTATION_CONTEXT() REPRESENTATION_CONTEXT('2D SPACE',''
  ) );
#2031 = PCURVE('',#555,#2032);
#2032 = DEFINITIONAL_REPRESENTATION('',(#2033),#2037);
#2033 = LINE('',#2034,#2035);
#2034 = CARTESIAN_POINT('',(2.,0.));
#2035 = VECTOR('',#2036,1.);
#2036 = DIRECTION('',(0.,1.));
#2037 = ( GEOMETRIC_REPRESENTATION_CONTEXT(2) 
PARAMETRIC_REPRESENTATION_CONTEXT() REPRESENTATION_CONTEXT('2D SPACE',''
  ) );
#2038 = ORIENTED_EDGE('',*,*,#2039,.F.);
#2039 = EDGE_CURVE('',#2040,#2016,#2042,.T.);
#2040 = VERTEX_POINT('',#2041);
#2041 = CARTESIAN_POINT('',(36.75,0.75,99.));
#2042 = SURFACE_CURVE('',#2043,(#2055,#2062),.PCURVE_S1.);
#2043 = B_SPLINE_CURVE_WITH_KNOTS('',10,(#2044,#2045,#2046,#2047,#2048,
    #2049,#2050,#2051,#2052,#2053,#2054),.UNSPECIFIED.,.F.,.F.,(11,11),(
    1.,2.),.PIECEWISE_BEZIER_KNOTS.);
#2044 = CARTESIAN_POINT('',(36.75,0.75,99.));
#2045 = CARTESIAN_POINT('',(34.607142857143,0.75,99.));
#2046 = CARTESIAN_POINT('',(32.464285714285,0.75,99.));
#2047 = CARTESIAN_POINT('',(30.321428571428,0.75,99.));
#2048 = CARTESIAN_POINT('',(28.178571428571,0.75,99.));
#2049 = CARTESIAN_POINT('',(26.035714285713,0.75,99.));
#2050 = CARTESIAN_POINT('',(23.892857142856,0.75,99.));
#2051 = CARTESIAN_POINT('',(21.749999999999,0.75,99.));
#2052 = CARTESIAN_POINT('',(19.607142857141,0.75,99.));
#2053 = CARTESIAN_POINT('',(17.464285714284,0.75,99.));
#2054 = CARTESIAN_POINT('',(15.321428571426,0.75,99.));
#2055 = PCURVE('',#639,#2056);
#2056 = DEFINITIONAL_REPRESENTATION('',(#2057),#2061);
#2057 = LINE('',#2058,#2059);
#2058 = CARTESIAN_POINT('',(0.,1.));
#2059 = VECTOR('',#2060,1.);
#2060 = DIRECTION('',(1.,0.));
#2061 = ( GEOMETRIC_REPRESENTATION_CONTEXT(2) 
PARAMETRIC_REPRESENTATION_CONTEXT() REPRESENTATION_CONTEXT('2D SPACE',''
  ) );
#2062 = PCURVE('',#2063,#2068);
#2063 = PLANE('',#2064);
#2064 = AXIS2_PLACEMENT_3D('',#2065,#2066,#2067);
#2065 = CARTESIAN_POINT('',(-36.75,0.75,99.));
#2066 = DIRECTION('',(0.,1.,0.));
#2067 = DIRECTION('',(1.,0.,0.));
#2068 = DEFINITIONAL_REPRESENTATION('',(#2069),#2081);
#2069 = B_SPLINE_CURVE_WITH_KNOTS('',10,(#2070,#2071,#2072,#2073,#2074,
    #2075,#2076,#2077,#2078,#2079,#2080),.UNSPECIFIED.,.F.,.F.,(11,11),(
    1.,2.),.PIECEWISE_BEZIER_KNOTS.);
#2070 = CARTESIAN_POINT('',(73.5,0.));
#2071 = CARTESIAN_POINT('',(71.357142857143,0.));
#2072 = CARTESIAN_POINT('',(69.214285714285,0.));
#2073 = CARTESIAN_POINT('',(67.071428571428,0.));
#2074 = CARTESIAN_POINT('',(64.928571428571,0.));
#2075 = CARTESIAN_POINT('',(62.785714285713,0.));
#2076 = CARTESIAN_POINT('',(60.642857142856,0.));
#2077 = CARTESIAN_POINT('',(58.499999999999,0.));
#2078 = CARTESIAN_POINT('',(56.357142857141,0.));
#2079 = CARTESIAN_POINT('',(54.214285714284,0.));
#2080 = CARTESIAN_POINT('',(52.071428571426,0.));
#2081 = ( GEOMETRIC_REPRESENTATION_CONTEXT(2) 
PARAMETRIC_REPRESENTATION_CONTEXT() REPRESENTATION_CONTEXT('2D SPACE',''
  ) );
#2082 = ORIENTED_EDGE('',*,*,#2083,.F.);
#2083 = EDGE_CURVE('',#2084,#2040,#2086,.T.);
#2084 = VERTEX_POINT('',#2085);
#2085 = CARTESIAN_POINT('',(39.741724783922,0.811055607835,
    97.662934369644));
#2086 = SURFACE_CURVE('',#2087,(#2092,#2099),.PCURVE_S1.);
#2087 = ( BOUNDED_CURVE() B_SPLINE_CURVE(3,(#2088,#2089,#2090,#2091),
.UNSPECIFIED.,.F.,.F.) B_SPLINE_CURVE_WITH_KNOTS((4,4),(0.,1.),
.PIECEWISE_BEZIER_KNOTS.) CURVE() GEOMETRIC_REPRESENTATION_ITEM() 
RATIONAL_B_SPLINE_CURVE((1.,1.,1.,1.)) REPRESENTATION_ITEM('') );
#2088 = CARTESIAN_POINT('',(37.792130737918,0.771267974243,0.));
#2089 = CARTESIAN_POINT('',(-22.76359050955,-0.464563071624,3.));
#2090 = CARTESIAN_POINT('',(67.714857463656,1.381935866605,90.));
#2091 = CARTESIAN_POINT('',(36.75,0.75,99.));
#2092 = PCURVE('',#639,#2093);
#2093 = DEFINITIONAL_REPRESENTATION('',(#2094),#2098);
#2094 = LINE('',#2095,#2096);
#2095 = CARTESIAN_POINT('',(1.,0.));
#2096 = VECTOR('',#2097,1.);
#2097 = DIRECTION('',(0.,1.));
#2098 = ( GEOMETRIC_REPRESENTATION_CONTEXT(2) 
PARAMETRIC_REPRESENTATION_CONTEXT() REPRESENTATION_CONTEXT('2D SPACE',''
  ) );
#2099 = PCURVE('',#2100,#2145);
#2100 = ( BOUNDED_SURFACE() B_SPLINE_SURFACE(10,3,(
    (#2101,#2102,#2103,#2104)
    ,(#2105,#2106,#2107,#2108)
    ,(#2109,#2110,#2111,#2112)
    ,(#2113,#2114,#2115,#2116)
    ,(#2117,#2118,#2119,#2120)
    ,(#2121,#2122,#2123,#2124)
    ,(#2125,#2126,#2127,#2128)
    ,(#2129,#2130,#2131,#2132)
    ,(#2133,#2134,#2135,#2136)
    ,(#2137,#2138,#2139,#2140)
    ,(#2141,#2142,#2143,#2144
)),.UNSPECIFIED.,.F.,.F.,.F.) B_SPLINE_SURFACE_WITH_KNOTS((11,11),(4,4),
  (0.,1.),(0.,1.),.PIECEWISE_BEZIER_KNOTS.) 
GEOMETRIC_REPRESENTATION_ITEM() RATIONAL_B_SPLINE_SURFACE((
    (1.,1.,1.,1.)
    ,(1.,1.,1.,1.)
    ,(1.,1.,1.,1.)
    ,(1.,1.,1.,1.)
    ,(1.,1.,1.,1.)
    ,(1.,1.,1.,1.)
    ,(1.,1.,1.,1.)
    ,(1.,1.,1.,1.)
    ,(1.,1.,1.,1.)
    ,(1.,1.,1.,1.)
,(1.,1.,1.,1.))) REPRESENTATION_ITEM('') SURFACE() );
#2101 = CARTESIAN_POINT('',(37.8,5.551115123126E-17,0.));
#2102 = CARTESIAN_POINT('',(-22.77014822795,-0.178160240246,3.));
#2103 = CARTESIAN_POINT('',(67.717480551016,-1.124846541857,90.));
#2104 = CARTESIAN_POINT('',(36.75,-0.75,99.));
#2105 = CARTESIAN_POINT('',(37.8,7.713214999511E-02,0.));
#2106 = CARTESIAN_POINT('',(-22.78177743475,-0.241395425488,3.));
#2107 = CARTESIAN_POINT('',(67.720589771074,-0.780365096084,90.));
#2108 = CARTESIAN_POINT('',(36.985619449019,-0.75,99.));
#2109 = CARTESIAN_POINT('',(37.799825115374,0.154264299941,0.));
#2110 = CARTESIAN_POINT('',(-22.77478672913,-0.287345616535,3.));
#2111 = CARTESIAN_POINT('',(67.682447955627,-0.483908410279,90.));
#2112 = CARTESIAN_POINT('',(37.221241071558,-0.667753520049,99.));
#2113 = CARTESIAN_POINT('',(37.799475350672,0.231396003808,0.));
#2114 = CARTESIAN_POINT('',(-22.75879059289,-0.313655312351,3.));
#2115 = CARTESIAN_POINT('',(67.627666036766,-0.240250475186,90.));
#2116 = CARTESIAN_POINT('',(37.424550431438,-0.503258522416,99.));
#2117 = CARTESIAN_POINT('',(37.798950710446,0.308526815567,0.));
#2118 = CARTESIAN_POINT('',(-22.74368699729,-0.322651831083,3.));
#2119 = CARTESIAN_POINT('',(67.581410946952,-4.238187300455E-02,90.));
#2120 = CARTESIAN_POINT('',(37.563305417225,-0.271019590411,99.));
#2121 = CARTESIAN_POINT('',(37.798251199246,0.38565628919,0.));
#2122 = CARTESIAN_POINT('',(-22.73723230006,-0.321380240992,3.));
#2123 = CARTESIAN_POINT('',(67.563331374798,0.128552096397,90.));
#2124 = CARTESIAN_POINT('',(37.612680472819,3.869127240819E-15,99.));
#2125 = CARTESIAN_POINT('',(37.797376821623,0.462783978648,0.));
#2126 = CARTESIAN_POINT('',(-22.74237542327,-0.320107164096,3.));
#2127 = CARTESIAN_POINT('',(67.580886317342,0.299485471076,90.));
#2128 = CARTESIAN_POINT('',(37.563305417228,0.271019590411,99.));
#2129 = CARTESIAN_POINT('',(37.796327582128,0.539909437911,0.));
#2130 = CARTESIAN_POINT('',(-22.75616745244,-0.329099222415,3.));
#2131 = CARTESIAN_POINT('',(67.626616780587,0.497352289092,90.));
#2132 = CARTESIAN_POINT('',(37.424550431434,0.503258522416,99.));
#2133 = CARTESIAN_POINT('',(37.795103485311,0.617032220951,0.));
#2134 = CARTESIAN_POINT('',(-22.77085203741,-0.355401484208,3.));
#2135 = CARTESIAN_POINT('',(67.680874078938,0.741007250576,90.));
#2136 = CARTESIAN_POINT('',(37.22124107156,0.667753520049,99.));
#2137 = CARTESIAN_POINT('',(37.793704535725,0.694151881738,0.));
#2138 = CARTESIAN_POINT('',(-22.77653121453,-0.401341267623,3.));
#2139 = CARTESIAN_POINT('',(67.718491282983,1.037459773328,90.));
#2140 = CARTESIAN_POINT('',(36.985619449019,0.75,99.));
#2141 = CARTESIAN_POINT('',(37.792130737918,0.771267974243,0.));
#2142 = CARTESIAN_POINT('',(-22.76359050955,-0.464563071624,3.));
#2143 = CARTESIAN_POINT('',(67.714857463656,1.381935866605,90.));
#2144 = CARTESIAN_POINT('',(36.75,0.75,99.));
#2145 = DEFINITIONAL_REPRESENTATION('',(#2146),#2150);
#2146 = LINE('',#2147,#2148);
#2147 = CARTESIAN_POINT('',(1.,0.));
#2148 = VECTOR('',#2149,1.);
#2149 = DIRECTION('',(0.,1.));
#2150 = ( GEOMETRIC_REPRESENTATION_CONTEXT(2) 
PARAMETRIC_REPRESENTATION_CONTEXT() REPRESENTATION_CONTEXT('2D SPACE',''
  ) );
#2151 = ORIENTED_EDGE('',*,*,#2152,.T.);
#2152 = EDGE_CURVE('',#2084,#2153,#2155,.T.);
#2153 = VERTEX_POINT('',#2154);
#2154 = CARTESIAN_POINT('',(39.719751111228,1.550442408501,80.7));
#2155 = SURFACE_CURVE('',#2156,(#2201,#2249),.PCURVE_S1.);
#2156 = B_SPLINE_CURVE_WITH_KNOTS('',8,(#2157,#2158,#2159,#2160,#2161,
    #2162,#2163,#2164,#2165,#2166,#2167,#2168,#2169,#2170,#2171,#2172,
    #2173,#2174,#2175,#2176,#2177,#2178,#2179,#2180,#2181,#2182,#2183,
    #2184,#2185,#2186,#2187,#2188,#2189,#2190,#2191,#2192,#2193,#2194,
    #2195,#2196,#2197,#2198,#2199,#2200),.UNSPECIFIED.,.F.,.F.,(9,7,7,7,
    7,7,9),(0.,8.429914454242E-02,0.154554880657,0.382580742372,
    0.554272563329,0.940599274483,1.),.UNSPECIFIED.);
#2157 = CARTESIAN_POINT('',(39.741724783922,0.811055607835,
    97.662934369644));
#2158 = CARTESIAN_POINT('',(39.741452800216,0.824382809442,
    97.484559399747));
#2159 = CARTESIAN_POINT('',(39.741158662873,0.838545125671,
    97.306187130397));
#2160 = CARTESIAN_POINT('',(39.740845826133,0.853318506468,
    97.127815651472));
#2161 = CARTESIAN_POINT('',(39.740516698484,0.868548687958,
    96.949443750324));
#2162 = CARTESIAN_POINT('',(39.740173126445,0.884122327567,
    96.771070283804));
#2163 = CARTESIAN_POINT('',(39.739816694786,0.899948512249,
    96.592693767231));
#2164 = CARTESIAN_POINT('',(39.739448843176,0.915950639796,
    96.414312180309));
#2165 = CARTESIAN_POINT('',(39.738755733737,0.945501600859,
    96.087251684394));
#2166 = CARTESIAN_POINT('',(39.738433596516,0.959014622292,
    95.938575810454));
#2167 = CARTESIAN_POINT('',(39.738105111483,0.972572366552,
    95.789894494906));
#2168 = CARTESIAN_POINT('',(39.737770945195,0.986144927663,
    95.641206999459));
#2169 = CARTESIAN_POINT('',(39.737431716577,0.999706967418,
    95.492512694452));
#2170 = CARTESIAN_POINT('',(39.737088006611,1.013236818118,
    95.343811032497));
#2171 = CARTESIAN_POINT('',(39.736740368028,1.026715585315,
    95.195101522124));
#2172 = CARTESIAN_POINT('',(39.735250003008,1.083652639476,
    94.563697004336));
#2173 = CARTESIAN_POINT('',(39.734074907797,1.126462044337,
    94.080923376534));
#2174 = CARTESIAN_POINT('',(39.732882160633,1.167983471657,
    93.598048274448));
#2175 = CARTESIAN_POINT('',(39.731687337956,1.207889076102,
    93.115065619633));
#2176 = CARTESIAN_POINT('',(39.730504388821,1.245957842745,
    92.63197378299));
#2177 = CARTESIAN_POINT('',(39.729345650525,1.282034399082,
    92.148774350798));
#2178 = CARTESIAN_POINT('',(39.728221678228,1.316023138077,
    91.665471894975));
#2179 = CARTESIAN_POINT('',(39.726328346455,1.371827732287,
    90.818098282868));
#2180 = CARTESIAN_POINT('',(39.725539971916,1.394576546273,
    90.454068320836));
#2181 = CARTESIAN_POINT('',(39.724780370285,1.416077022163,
    90.089985473578));
#2182 = CARTESIAN_POINT('',(39.724052927198,1.436312554291,
    89.725852464716));
#2183 = CARTESIAN_POINT('',(39.723360582573,1.455274373073,
    89.36167228112));
#2184 = CARTESIAN_POINT('',(39.722705898765,1.472958733473,
    88.997448102199));
#2185 = CARTESIAN_POINT('',(39.722091128721,1.489364103453,
    88.633183229197));
#2186 = CARTESIAN_POINT('',(39.720229316728,1.538519684491,
    87.449158352727));
#2187 = CARTESIAN_POINT('',(39.719152707591,1.566062965762,
    86.629287524423));
#2188 = CARTESIAN_POINT('',(39.718311479151,1.587100881684,
    85.809261131413));
#2189 = CARTESIAN_POINT('',(39.717723229539,1.601592006445,
    84.989099681555));
#2190 = CARTESIAN_POINT('',(39.717406416101,1.609356014971,
    84.168850125918));
#2191 = CARTESIAN_POINT('',(39.717388460313,1.609798056083,
    83.348585565215));
#2192 = CARTESIAN_POINT('',(39.717719670871,1.601755142798,
    82.528403750685));
#2193 = CARTESIAN_POINT('',(39.718609557458,1.579418784554,
    81.582346008562));
#2194 = CARTESIAN_POINT('',(39.718738553308,1.576174555454,
    81.45627335193));
#2195 = CARTESIAN_POINT('',(39.718878282385,1.572652481239,
    81.330206918139));
#2196 = CARTESIAN_POINT('',(39.719029096979,1.568841338489,
    81.204147488119));
#2197 = CARTESIAN_POINT('',(39.719191373084,1.564728862159,
    81.07809595466));
#2198 = CARTESIAN_POINT('',(39.719365511649,1.560301613548,
    80.952053325299));
#2199 = CARTESIAN_POINT('',(39.719551939817,1.555544848266,
    80.826020725193));
#2200 = CARTESIAN_POINT('',(39.719751112177,1.550442384208,80.6999994));
#2201 = PCURVE('',#639,#2202);
#2202 = DEFINITIONAL_REPRESENTATION('',(#2203),#2248);
#2203 = B_SPLINE_CURVE_WITH_KNOTS('',8,(#2204,#2205,#2206,#2207,#2208,
    #2209,#2210,#2211,#2212,#2213,#2214,#2215,#2216,#2217,#2218,#2219,
    #2220,#2221,#2222,#2223,#2224,#2225,#2226,#2227,#2228,#2229,#2230,
    #2231,#2232,#2233,#2234,#2235,#2236,#2237,#2238,#2239,#2240,#2241,
    #2242,#2243,#2244,#2245,#2246,#2247),.UNSPECIFIED.,.F.,.F.,(9,7,7,7,
    7,7,9),(0.,8.429914454242E-02,0.154554880657,0.382580742372,
    0.554272563329,0.940599274483,1.),.UNSPECIFIED.);
#2204 = CARTESIAN_POINT('',(1.,0.962407805286));
#2205 = CARTESIAN_POINT('',(1.015468833766,0.95834518131));
#2206 = CARTESIAN_POINT('',(1.030305959865,0.954467912055));
#2207 = CARTESIAN_POINT('',(1.044610583739,0.950744419032));
#2208 = CARTESIAN_POINT('',(1.058450103613,0.947153035267));
#2209 = CARTESIAN_POINT('',(1.071873363864,0.943677876564));
#2210 = CARTESIAN_POINT('',(1.084919141156,0.940306196766));
#2211 = CARTESIAN_POINT('',(1.097619863317,0.937027227011));
#2212 = CARTESIAN_POINT('',(1.120318756154,0.931169981195));
#2213 = CARTESIAN_POINT('',(1.130414780411,0.928565938722));
#2214 = CARTESIAN_POINT('',(1.140303342248,0.92601539933));
#2215 = CARTESIAN_POINT('',(1.149996698804,0.92351415149));
#2216 = CARTESIAN_POINT('',(1.159505066027,0.921058615906));
#2217 = CARTESIAN_POINT('',(1.16883702885,0.918645717071));
#2218 = CARTESIAN_POINT('',(1.177999951378,0.916272754812));
#2219 = CARTESIAN_POINT('',(1.216212693637,0.906357117527));
#2220 = CARTESIAN_POINT('',(1.2437130636,0.899171896256));
#2221 = CARTESIAN_POINT('',(1.269720450783,0.892299323345));
#2222 = CARTESIAN_POINT('',(1.294347284059,0.885689656745));
#2223 = CARTESIAN_POINT('',(1.317660985614,0.879306308502));
#2224 = CARTESIAN_POINT('',(1.339701258448,0.873120232731));
#2225 = CARTESIAN_POINT('',(1.360480555641,0.867109515737));
#2226 = CARTESIAN_POINT('',(1.39468863169,0.856847882842));
#2227 = CARTESIAN_POINT('',(1.408665150766,0.852529059814));
#2228 = CARTESIAN_POINT('',(1.421922516773,0.848291363065));
#2229 = CARTESIAN_POINT('',(1.434453048418,0.844128227369));
#2230 = CARTESIAN_POINT('',(1.446243858508,0.840034077553));
#2231 = CARTESIAN_POINT('',(1.457277144928,0.836004126064));
#2232 = CARTESIAN_POINT('',(1.467530481628,0.832034170526));
#2233 = CARTESIAN_POINT('',(1.498233129242,0.819313929554));
#2234 = CARTESIAN_POINT('',(1.515403181129,0.810792424141));
#2235 = CARTESIAN_POINT('',(1.528182453442,0.802512484939));
#2236 = CARTESIAN_POINT('',(1.536138097356,0.794443303561));
#2237 = CARTESIAN_POINT('',(1.538717739656,0.78656059846));
#2238 = CARTESIAN_POINT('',(1.535171250521,0.778845045558));
#2239 = CARTESIAN_POINT('',(1.524553164102,0.771280708721));
#2240 = CARTESIAN_POINT('',(1.502407806231,0.76271246978));
#2241 = CARTESIAN_POINT('',(1.499253828391,0.761573875443));
#2242 = CARTESIAN_POINT('',(1.495891644519,0.760438503512));
#2243 = CARTESIAN_POINT('',(1.492315481713,0.75930631018));
#2244 = CARTESIAN_POINT('',(1.488519220214,0.758177253904));
#2245 = CARTESIAN_POINT('',(1.484496347479,0.757051295347));
#2246 = CARTESIAN_POINT('',(1.480239912259,0.755928397327));
#2247 = CARTESIAN_POINT('',(1.475742478673,0.754808524765));
#2248 = ( GEOMETRIC_REPRESENTATION_CONTEXT(2) 
PARAMETRIC_REPRESENTATION_CONTEXT() REPRESENTATION_CONTEXT('2D SPACE',''
  ) );
#2249 = PCURVE('',#2250,#2255);
#2250 = CYLINDRICAL_SURFACE('',#2251,39.75);
#2251 = AXIS2_PLACEMENT_3D('',#2252,#2253,#2254);
#2252 = CARTESIAN_POINT('',(0.,0.,80.7));
#2253 = DIRECTION('',(-0.,-0.,-1.));
#2254 = DIRECTION('',(1.,0.,0.));
#2255 = DEFINITIONAL_REPRESENTATION('',(#2256),#2301);
#2256 = B_SPLINE_CURVE_WITH_KNOTS('',8,(#2257,#2258,#2259,#2260,#2261,
    #2262,#2263,#2264,#2265,#2266,#2267,#2268,#2269,#2270,#2271,#2272,
    #2273,#2274,#2275,#2276,#2277,#2278,#2279,#2280,#2281,#2282,#2283,
    #2284,#2285,#2286,#2287,#2288,#2289,#2290,#2291,#2292,#2293,#2294,
    #2295,#2296,#2297,#2298,#2299,#2300),.UNSPECIFIED.,.F.,.F.,(9,7,7,7,
    7,7,9),(0.,8.429914454242E-02,0.154554880657,0.382580742372,
    0.554272563329,0.940599274483,1.),.UNSPECIFIED.);
#2257 = CARTESIAN_POINT('',(-2.040533068654E-02,-16.96293436964));
#2258 = CARTESIAN_POINT('',(-2.074067601137E-02,-16.78455939974));
#2259 = CARTESIAN_POINT('',(-2.109703750695E-02,-16.60618713039));
#2260 = CARTESIAN_POINT('',(-2.146877815172E-02,-16.42781565147));
#2261 = CARTESIAN_POINT('',(-2.185201675294E-02,-16.24944375032));
#2262 = CARTESIAN_POINT('',(-2.224390167639E-02,-16.0710702838));
#2263 = CARTESIAN_POINT('',(-2.264214557709E-02,-15.89269376723));
#2264 = CARTESIAN_POINT('',(-2.304482113097E-02,-15.7143121803));
#2265 = CARTESIAN_POINT('',(-2.378844599357E-02,-15.38725168439));
#2266 = CARTESIAN_POINT('',(-2.412849277601E-02,-15.23857581045));
#2267 = CARTESIAN_POINT('',(-2.446966815545E-02,-15.0898944949));
#2268 = CARTESIAN_POINT('',(-2.481121965528E-02,-14.94120699945));
#2269 = CARTESIAN_POINT('',(-2.515250970786E-02,-14.79251269445));
#2270 = CARTESIAN_POINT('',(-2.549299308053E-02,-14.64381103249));
#2271 = CARTESIAN_POINT('',(-2.583219430164E-02,-14.49510152212));
#2272 = CARTESIAN_POINT('',(-2.726506364669E-02,-13.86369700433));
#2273 = CARTESIAN_POINT('',(-2.8342434589E-02,-13.38092337653));
#2274 = CARTESIAN_POINT('',(-2.938742830357E-02,-12.89804827444));
#2275 = CARTESIAN_POINT('',(-3.039179138562E-02,-12.41506561963));
#2276 = CARTESIAN_POINT('',(-3.134995738719E-02,-11.93197378299));
#2277 = CARTESIAN_POINT('',(-3.225801102702E-02,-11.44877435079));
#2278 = CARTESIAN_POINT('',(-3.311354073191E-02,-10.96547189497));
#2279 = CARTESIAN_POINT('',(-3.451823767134E-02,-10.11809828286));
#2280 = CARTESIAN_POINT('',(-3.509087829247E-02,-9.754068320836));
#2281 = CARTESIAN_POINT('',(-3.563210803123E-02,-9.389985473578));
#2282 = CARTESIAN_POINT('',(-3.614150667773E-02,-9.025852464716));
#2283 = CARTESIAN_POINT('',(-3.661885130702E-02,-8.66167228112));
#2284 = CARTESIAN_POINT('',(-3.706404555871E-02,-8.297448102199));
#2285 = CARTESIAN_POINT('',(-3.74770489166E-02,-7.933183229197));
#2286 = CARTESIAN_POINT('',(-3.871455400606E-02,-6.749158352727));
#2287 = CARTESIAN_POINT('',(-3.940799536874E-02,-5.929287524423));
#2288 = CARTESIAN_POINT('',(-3.993767385581E-02,-5.109261131414));
#2289 = CARTESIAN_POINT('',(-4.030253065862E-02,-4.289099681552));
#2290 = CARTESIAN_POINT('',(-4.049801428839E-02,-3.46885012592));
#2291 = CARTESIAN_POINT('',(-4.050914384519E-02,-2.648585565214));
#2292 = CARTESIAN_POINT('',(-4.030663508823E-02,-1.828403750685));
#2293 = CARTESIAN_POINT('',(-3.974426834916E-02,-0.882346008562));
#2294 = CARTESIAN_POINT('',(-3.966258803172E-02,-0.75627335193));
#2295 = CARTESIAN_POINT('',(-3.957391269094E-02,-0.630206918139));
#2296 = CARTESIAN_POINT('',(-3.947795984662E-02,-0.504147488119));
#2297 = CARTESIAN_POINT('',(-3.937442081042E-02,-0.37809595466));
#2298 = CARTESIAN_POINT('',(-3.926295736528E-02,-0.252053325299));
#2299 = CARTESIAN_POINT('',(-3.91431984448E-02,-0.126020725193));
#2300 = CARTESIAN_POINT('',(-3.901473681261E-02,5.999999999062E-07));
#2301 = ( GEOMETRIC_REPRESENTATION_CONTEXT(2) 
PARAMETRIC_REPRESENTATION_CONTEXT() REPRESENTATION_CONTEXT('2D SPACE',''
  ) );
#2302 = ORIENTED_EDGE('',*,*,#2303,.T.);
#2303 = EDGE_CURVE('',#2153,#1896,#2304,.T.);
#2304 = SURFACE_CURVE('',#2305,(#2324,#2346),.PCURVE_S1.);
#2305 = B_SPLINE_CURVE_WITH_KNOTS('',5,(#2306,#2307,#2308,#2309,#2310,
    #2311,#2312,#2313,#2314,#2315,#2316,#2317,#2318,#2319,#2320,#2321,
    #2322,#2323),.UNSPECIFIED.,.F.,.F.,(6,4,4,4,6),(0.,0.262376538977,
    0.519606231967,0.766974349945,1.),.UNSPECIFIED.);
#2306 = CARTESIAN_POINT('',(37.286890513832,1.825232402775,80.7));
#2307 = CARTESIAN_POINT('',(37.523779996634,1.828457994457,80.7));
#2308 = CARTESIAN_POINT('',(37.76076367599,1.824511707387,80.7));
#2309 = CARTESIAN_POINT('',(37.997537042223,1.813389846244,80.7));
#2310 = CARTESIAN_POINT('',(38.233793127332,1.795093975378,80.7));
#2311 = CARTESIAN_POINT('',(38.700030496659,1.744669177465,80.7));
#2312 = CARTESIAN_POINT('',(38.930043257077,1.712818714603,80.7));
#2313 = CARTESIAN_POINT('',(39.158966155343,1.674087776363,80.7));
#2314 = CARTESIAN_POINT('',(39.386497849289,1.628489774356,80.7));
#2315 = CARTESIAN_POINT('',(39.829498158493,1.525614128714,80.7));
#2316 = CARTESIAN_POINT('',(40.045094101314,1.468851430723,80.7));
#2317 = CARTESIAN_POINT('',(40.258837752657,1.405778249048,80.7));
#2318 = CARTESIAN_POINT('',(40.470438837284,1.336422387795,80.7));
#2319 = CARTESIAN_POINT('',(40.876617840378,1.18961192334,80.7));
#2320 = CARTESIAN_POINT('',(41.071470679772,1.112860283712,80.7));
#2321 = CARTESIAN_POINT('',(41.263894764716,1.03060593677,80.7));
#2322 = CARTESIAN_POINT('',(41.453617721086,0.942896190676,80.7));
#2323 = CARTESIAN_POINT('',(41.640348523929,0.849803031101,80.7));
#2324 = PCURVE('',#639,#2325);
#2325 = DEFINITIONAL_REPRESENTATION('',(#2326),#2345);
#2326 = B_SPLINE_CURVE_WITH_KNOTS('',5,(#2327,#2328,#2329,#2330,#2331,
    #2332,#2333,#2334,#2335,#2336,#2337,#2338,#2339,#2340,#2341,#2342,
    #2343,#2344),.UNSPECIFIED.,.F.,.F.,(6,4,4,4,6),(0.,0.262376538977,
    0.519606231967,0.766974349945,1.),.UNSPECIFIED.);
#2327 = CARTESIAN_POINT('',(2.,0.754808530097));
#2328 = CARTESIAN_POINT('',(1.950183491922,0.754808530097));
#2329 = CARTESIAN_POINT('',(1.900352269254,0.754808530097));
#2330 = CARTESIAN_POINT('',(1.850429953044,0.754808530097));
#2331 = CARTESIAN_POINT('',(1.800340373939,0.754808530097));
#2332 = CARTESIAN_POINT('',(1.700647115844,0.754808530097));
#2333 = CARTESIAN_POINT('',(1.651053342973,0.754808530097));
#2334 = CARTESIAN_POINT('',(1.601139787492,0.754808530097));
#2335 = CARTESIAN_POINT('',(1.550822044806,0.754808530097));
#2336 = CARTESIAN_POINT('',(1.451126351591,0.754808530097));
#2337 = CARTESIAN_POINT('',(1.401786513708,0.754808530097));
#2338 = CARTESIAN_POINT('',(1.351891022846,0.754808530097));
#2339 = CARTESIAN_POINT('',(1.301338610463,0.754808530097));
#2340 = CARTESIAN_POINT('',(1.201638015546,0.754808530097));
#2341 = CARTESIAN_POINT('',(1.152578588704,0.754808530097));
#2342 = CARTESIAN_POINT('',(1.102712784348,0.754808530097));
#2343 = CARTESIAN_POINT('',(1.051911988306,0.754808530097));
#2344 = CARTESIAN_POINT('',(1.,0.754808530097));
#2345 = ( GEOMETRIC_REPRESENTATION_CONTEXT(2) 
PARAMETRIC_REPRESENTATION_CONTEXT() REPRESENTATION_CONTEXT('2D SPACE',''
  ) );
#2346 = PCURVE('',#1280,#2347);
#2347 = DEFINITIONAL_REPRESENTATION('',(#2348),#2367);
#2348 = B_SPLINE_CURVE_WITH_KNOTS('',5,(#2349,#2350,#2351,#2352,#2353,
    #2354,#2355,#2356,#2357,#2358,#2359,#2360,#2361,#2362,#2363,#2364,
    #2365,#2366),.UNSPECIFIED.,.F.,.F.,(6,4,4,4,6),(0.,0.262376538977,
    0.519606231967,0.766974349945,1.),.UNSPECIFIED.);
#2349 = CARTESIAN_POINT('',(37.286890513832,1.825232402775));
#2350 = CARTESIAN_POINT('',(37.523779996634,1.828457994457));
#2351 = CARTESIAN_POINT('',(37.76076367599,1.824511707387));
#2352 = CARTESIAN_POINT('',(37.997537042223,1.813389846244));
#2353 = CARTESIAN_POINT('',(38.233793127332,1.795093975378));
#2354 = CARTESIAN_POINT('',(38.700030496659,1.744669177465));
#2355 = CARTESIAN_POINT('',(38.930043257077,1.712818714603));
#2356 = CARTESIAN_POINT('',(39.158966155343,1.674087776363));
#2357 = CARTESIAN_POINT('',(39.386497849289,1.628489774356));
#2358 = CARTESIAN_POINT('',(39.829498158493,1.525614128714));
#2359 = CARTESIAN_POINT('',(40.045094101314,1.468851430723));
#2360 = CARTESIAN_POINT('',(40.258837752657,1.405778249048));
#2361 = CARTESIAN_POINT('',(40.470438837284,1.336422387795));
#2362 = CARTESIAN_POINT('',(40.876617840378,1.18961192334));
#2363 = CARTESIAN_POINT('',(41.071470679772,1.112860283712));
#2364 = CARTESIAN_POINT('',(41.263894764716,1.03060593677));
#2365 = CARTESIAN_POINT('',(41.453617721086,0.942896190676));
#2366 = CARTESIAN_POINT('',(41.640348523929,0.849803031101));
#2367 = ( GEOMETRIC_REPRESENTATION_CONTEXT(2) 
PARAMETRIC_REPRESENTATION_CONTEXT() REPRESENTATION_CONTEXT('2D SPACE',''
  ) );
#2368 = ADVANCED_FACE('',(#2369),#555,.F.);
#2369 = FACE_BOUND('',#2370,.F.);
#2370 = EDGE_LOOP('',(#2371,#2372,#2396,#2433));
#2371 = ORIENTED_EDGE('',*,*,#523,.T.);
#2372 = ORIENTED_EDGE('',*,*,#2373,.T.);
#2373 = EDGE_CURVE('',#440,#2374,#2376,.T.);
#2374 = VERTEX_POINT('',#2375);
#2375 = CARTESIAN_POINT('',(1.4375,0.75,99.));
#2376 = SURFACE_CURVE('',#2377,(#2382,#2389),.PCURVE_S1.);
#2377 = ( BOUNDED_CURVE() B_SPLINE_CURVE(3,(#2378,#2379,#2380,#2381),
.UNSPECIFIED.,.F.,.F.) B_SPLINE_CURVE_WITH_KNOTS((4,4),(0.,1.),
.PIECEWISE_BEZIER_KNOTS.) CURVE() GEOMETRIC_REPRESENTATION_ITEM() 
RATIONAL_B_SPLINE_CURVE((1.,1.,1.,1.)) REPRESENTATION_ITEM('') );
#2378 = CARTESIAN_POINT('',(33.512907185054,17.484995053072,0.));
#2379 = CARTESIAN_POINT('',(2.020494012455,1.054170789107,3.));
#2380 = CARTESIAN_POINT('',(2.785552395018,1.453331684357,90.));
#2381 = CARTESIAN_POINT('',(1.4375,0.75,99.));
#2382 = PCURVE('',#555,#2383);
#2383 = DEFINITIONAL_REPRESENTATION('',(#2384),#2388);
#2384 = LINE('',#2385,#2386);
#2385 = CARTESIAN_POINT('',(3.,0.));
#2386 = VECTOR('',#2387,1.);
#2387 = DIRECTION('',(0.,1.));
#2388 = ( GEOMETRIC_REPRESENTATION_CONTEXT(2) 
PARAMETRIC_REPRESENTATION_CONTEXT() REPRESENTATION_CONTEXT('2D SPACE',''
  ) );
#2389 = PCURVE('',#471,#2390);
#2390 = DEFINITIONAL_REPRESENTATION('',(#2391),#2395);
#2391 = LINE('',#2392,#2393);
#2392 = CARTESIAN_POINT('',(3.,0.));
#2393 = VECTOR('',#2394,1.);
#2394 = DIRECTION('',(0.,1.));
#2395 = ( GEOMETRIC_REPRESENTATION_CONTEXT(2) 
PARAMETRIC_REPRESENTATION_CONTEXT() REPRESENTATION_CONTEXT('2D SPACE',''
  ) );
#2396 = ORIENTED_EDGE('',*,*,#2397,.F.);
#2397 = EDGE_CURVE('',#2016,#2374,#2398,.T.);
#2398 = SURFACE_CURVE('',#2399,(#2411,#2418),.PCURVE_S1.);
#2399 = B_SPLINE_CURVE_WITH_KNOTS('',10,(#2400,#2401,#2402,#2403,#2404,
    #2405,#2406,#2407,#2408,#2409,#2410),.UNSPECIFIED.,.F.,.F.,(11,11),(
    2.,3.),.PIECEWISE_BEZIER_KNOTS.);
#2400 = CARTESIAN_POINT('',(15.321428571426,0.75,99.));
#2401 = CARTESIAN_POINT('',(13.933035714284,0.75,99.));
#2402 = CARTESIAN_POINT('',(12.544642857141,0.75,99.));
#2403 = CARTESIAN_POINT('',(11.156249999999,0.75,99.));
#2404 = CARTESIAN_POINT('',(9.767857142856,0.75,99.));
#2405 = CARTESIAN_POINT('',(8.379464285713,0.75,99.));
#2406 = CARTESIAN_POINT('',(6.991071428571,0.75,99.));
#2407 = CARTESIAN_POINT('',(5.602678571428,0.75,99.));
#2408 = CARTESIAN_POINT('',(4.214285714285,0.75,99.));
#2409 = CARTESIAN_POINT('',(2.825892857143,0.75,99.));
#2410 = CARTESIAN_POINT('',(1.4375,0.75,99.));
#2411 = PCURVE('',#555,#2412);
#2412 = DEFINITIONAL_REPRESENTATION('',(#2413),#2417);
#2413 = LINE('',#2414,#2415);
#2414 = CARTESIAN_POINT('',(0.,1.));
#2415 = VECTOR('',#2416,1.);
#2416 = DIRECTION('',(1.,0.));
#2417 = ( GEOMETRIC_REPRESENTATION_CONTEXT(2) 
PARAMETRIC_REPRESENTATION_CONTEXT() REPRESENTATION_CONTEXT('2D SPACE',''
  ) );
#2418 = PCURVE('',#2063,#2419);
#2419 = DEFINITIONAL_REPRESENTATION('',(#2420),#2432);
#2420 = B_SPLINE_CURVE_WITH_KNOTS('',10,(#2421,#2422,#2423,#2424,#2425,
    #2426,#2427,#2428,#2429,#2430,#2431),.UNSPECIFIED.,.F.,.F.,(11,11),(
    2.,3.),.PIECEWISE_BEZIER_KNOTS.);
#2421 = CARTESIAN_POINT('',(52.071428571426,0.));
#2422 = CARTESIAN_POINT('',(50.683035714284,0.));
#2423 = CARTESIAN_POINT('',(49.294642857141,0.));
#2424 = CARTESIAN_POINT('',(47.906249999999,0.));
#2425 = CARTESIAN_POINT('',(46.517857142856,0.));
#2426 = CARTESIAN_POINT('',(45.129464285713,0.));
#2427 = CARTESIAN_POINT('',(43.741071428571,0.));
#2428 = CARTESIAN_POINT('',(42.352678571428,0.));
#2429 = CARTESIAN_POINT('',(40.964285714285,0.));
#2430 = CARTESIAN_POINT('',(39.575892857143,0.));
#2431 = CARTESIAN_POINT('',(38.1875,0.));
#2432 = ( GEOMETRIC_REPRESENTATION_CONTEXT(2) 
PARAMETRIC_REPRESENTATION_CONTEXT() REPRESENTATION_CONTEXT('2D SPACE',''
  ) );
#2433 = ORIENTED_EDGE('',*,*,#2015,.F.);
#2434 = ADVANCED_FACE('',(#2435),#471,.F.);
#2435 = FACE_BOUND('',#2436,.F.);
#2436 = EDGE_LOOP('',(#2437,#2438,#2462,#2499));
#2437 = ORIENTED_EDGE('',*,*,#439,.T.);
#2438 = ORIENTED_EDGE('',*,*,#2439,.T.);
#2439 = EDGE_CURVE('',#356,#2440,#2442,.T.);
#2440 = VERTEX_POINT('',#2441);
#2441 = CARTESIAN_POINT('',(-1.4375,0.75,99.));
#2442 = SURFACE_CURVE('',#2443,(#2448,#2455),.PCURVE_S1.);
#2443 = ( BOUNDED_CURVE() B_SPLINE_CURVE(3,(#2444,#2445,#2446,#2447),
.UNSPECIFIED.,.F.,.F.) B_SPLINE_CURVE_WITH_KNOTS((4,4),(0.,1.),
.PIECEWISE_BEZIER_KNOTS.) CURVE() GEOMETRIC_REPRESENTATION_ITEM() 
RATIONAL_B_SPLINE_CURVE((1.,1.,1.,1.)) REPRESENTATION_ITEM('') );
#2444 = CARTESIAN_POINT('',(-33.51290718505,17.484995053072,0.));
#2445 = CARTESIAN_POINT('',(-2.020494012455,1.054170789107,3.));
#2446 = CARTESIAN_POINT('',(-2.785552395018,1.453331684357,90.));
#2447 = CARTESIAN_POINT('',(-1.4375,0.75,99.));
#2448 = PCURVE('',#471,#2449);
#2449 = DEFINITIONAL_REPRESENTATION('',(#2450),#2454);
#2450 = LINE('',#2451,#2452);
#2451 = CARTESIAN_POINT('',(4.,0.));
#2452 = VECTOR('',#2453,1.);
#2453 = DIRECTION('',(0.,1.));
#2454 = ( GEOMETRIC_REPRESENTATION_CONTEXT(2) 
PARAMETRIC_REPRESENTATION_CONTEXT() REPRESENTATION_CONTEXT('2D SPACE',''
  ) );
#2455 = PCURVE('',#387,#2456);
#2456 = DEFINITIONAL_REPRESENTATION('',(#2457),#2461);
#2457 = LINE('',#2458,#2459);
#2458 = CARTESIAN_POINT('',(4.,0.));
#2459 = VECTOR('',#2460,1.);
#2460 = DIRECTION('',(0.,1.));
#2461 = ( GEOMETRIC_REPRESENTATION_CONTEXT(2) 
PARAMETRIC_REPRESENTATION_CONTEXT() REPRESENTATION_CONTEXT('2D SPACE',''
  ) );
#2462 = ORIENTED_EDGE('',*,*,#2463,.F.);
#2463 = EDGE_CURVE('',#2374,#2440,#2464,.T.);
#2464 = SURFACE_CURVE('',#2465,(#2477,#2484),.PCURVE_S1.);
#2465 = B_SPLINE_CURVE_WITH_KNOTS('',10,(#2466,#2467,#2468,#2469,#2470,
    #2471,#2472,#2473,#2474,#2475,#2476),.UNSPECIFIED.,.F.,.F.,(11,11),(
    3.,4.),.PIECEWISE_BEZIER_KNOTS.);
#2466 = CARTESIAN_POINT('',(1.4375,0.75,99.));
#2467 = CARTESIAN_POINT('',(1.15,0.75,99.));
#2468 = CARTESIAN_POINT('',(0.8625,0.75,99.));
#2469 = CARTESIAN_POINT('',(0.575,0.75,99.));
#2470 = CARTESIAN_POINT('',(0.2875,0.75,99.));
#2471 = CARTESIAN_POINT('',(2.13162820728E-14,0.75,99.));
#2472 = CARTESIAN_POINT('',(-0.2875,0.75,99.));
#2473 = CARTESIAN_POINT('',(-0.575,0.75,99.));
#2474 = CARTESIAN_POINT('',(-0.8625,0.75,99.));
#2475 = CARTESIAN_POINT('',(-1.15,0.75,99.));
#2476 = CARTESIAN_POINT('',(-1.4375,0.75,99.));
#2477 = PCURVE('',#471,#2478);
#2478 = DEFINITIONAL_REPRESENTATION('',(#2479),#2483);
#2479 = LINE('',#2480,#2481);
#2480 = CARTESIAN_POINT('',(0.,1.));
#2481 = VECTOR('',#2482,1.);
#2482 = DIRECTION('',(1.,0.));
#2483 = ( GEOMETRIC_REPRESENTATION_CONTEXT(2) 
PARAMETRIC_REPRESENTATION_CONTEXT() REPRESENTATION_CONTEXT('2D SPACE',''
  ) );
#2484 = PCURVE('',#2063,#2485);
#2485 = DEFINITIONAL_REPRESENTATION('',(#2486),#2498);
#2486 = B_SPLINE_CURVE_WITH_KNOTS('',10,(#2487,#2488,#2489,#2490,#2491,
    #2492,#2493,#2494,#2495,#2496,#2497),.UNSPECIFIED.,.F.,.F.,(11,11),(
    3.,4.),.PIECEWISE_BEZIER_KNOTS.);
#2487 = CARTESIAN_POINT('',(38.1875,0.));
#2488 = CARTESIAN_POINT('',(37.9,0.));
#2489 = CARTESIAN_POINT('',(37.6125,0.));
#2490 = CARTESIAN_POINT('',(37.325,0.));
#2491 = CARTESIAN_POINT('',(37.0375,0.));
#2492 = CARTESIAN_POINT('',(36.75,0.));
#2493 = CARTESIAN_POINT('',(36.4625,0.));
#2494 = CARTESIAN_POINT('',(36.175,0.));
#2495 = CARTESIAN_POINT('',(35.8875,0.));
#2496 = CARTESIAN_POINT('',(35.6,0.));
#2497 = CARTESIAN_POINT('',(35.3125,0.));
#2498 = ( GEOMETRIC_REPRESENTATION_CONTEXT(2) 
PARAMETRIC_REPRESENTATION_CONTEXT() REPRESENTATION_CONTEXT('2D SPACE',''
  ) );
#2499 = ORIENTED_EDGE('',*,*,#2373,.F.);
#2500 = ADVANCED_FACE('',(#2501),#387,.F.);
#2501 = FACE_BOUND('',#2502,.F.);
#2502 = EDGE_LOOP('',(#2503,#2504,#2528,#2565));
#2503 = ORIENTED_EDGE('',*,*,#355,.T.);
#2504 = ORIENTED_EDGE('',*,*,#2505,.T.);
#2505 = EDGE_CURVE('',#272,#2506,#2508,.T.);
#2506 = VERTEX_POINT('',#2507);
#2507 = CARTESIAN_POINT('',(-15.32142857142,0.75,99.));
#2508 = SURFACE_CURVE('',#2509,(#2514,#2521),.PCURVE_S1.);
#2509 = ( BOUNDED_CURVE() B_SPLINE_CURVE(3,(#2510,#2511,#2512,#2513),
.UNSPECIFIED.,.F.,.F.) B_SPLINE_CURVE_WITH_KNOTS((4,4),(0.,1.),
.PIECEWISE_BEZIER_KNOTS.) CURVE() GEOMETRIC_REPRESENTATION_ITEM() 
RATIONAL_B_SPLINE_CURVE((1.,1.,1.,1.)) REPRESENTATION_ITEM('') );
#2510 = CARTESIAN_POINT('',(-37.75479294966,1.848136717816,0.));
#2511 = CARTESIAN_POINT('',(27.663297928826,-1.354147451061,3.));
#2512 = CARTESIAN_POINT('',(-80.90863050432,3.960562332379,90.));
#2513 = CARTESIAN_POINT('',(-15.32142857142,0.75,99.));
#2514 = PCURVE('',#387,#2515);
#2515 = DEFINITIONAL_REPRESENTATION('',(#2516),#2520);
#2516 = LINE('',#2517,#2518);
#2517 = CARTESIAN_POINT('',(5.,0.));
#2518 = VECTOR('',#2519,1.);
#2519 = DIRECTION('',(0.,1.));
#2520 = ( GEOMETRIC_REPRESENTATION_CONTEXT(2) 
PARAMETRIC_REPRESENTATION_CONTEXT() REPRESENTATION_CONTEXT('2D SPACE',''
  ) );
#2521 = PCURVE('',#303,#2522);
#2522 = DEFINITIONAL_REPRESENTATION('',(#2523),#2527);
#2523 = LINE('',#2524,#2525);
#2524 = CARTESIAN_POINT('',(5.,0.));
#2525 = VECTOR('',#2526,1.);
#2526 = DIRECTION('',(0.,1.));
#2527 = ( GEOMETRIC_REPRESENTATION_CONTEXT(2) 
PARAMETRIC_REPRESENTATION_CONTEXT() REPRESENTATION_CONTEXT('2D SPACE',''
  ) );
#2528 = ORIENTED_EDGE('',*,*,#2529,.F.);
#2529 = EDGE_CURVE('',#2440,#2506,#2530,.T.);
#2530 = SURFACE_CURVE('',#2531,(#2543,#2550),.PCURVE_S1.);
#2531 = B_SPLINE_CURVE_WITH_KNOTS('',10,(#2532,#2533,#2534,#2535,#2536,
    #2537,#2538,#2539,#2540,#2541,#2542),.UNSPECIFIED.,.F.,.F.,(11,11),(
    4.,5.),.PIECEWISE_BEZIER_KNOTS.);
#2532 = CARTESIAN_POINT('',(-1.4375,0.75,99.));
#2533 = CARTESIAN_POINT('',(-2.825892857143,0.75,99.));
#2534 = CARTESIAN_POINT('',(-4.214285714286,0.75,99.));
#2535 = CARTESIAN_POINT('',(-5.602678571428,0.75,99.));
#2536 = CARTESIAN_POINT('',(-6.991071428571,0.75,99.));
#2537 = CARTESIAN_POINT('',(-8.379464285714,0.75,99.));
#2538 = CARTESIAN_POINT('',(-9.767857142857,0.75,99.));
#2539 = CARTESIAN_POINT('',(-11.15625,0.75,99.));
#2540 = CARTESIAN_POINT('',(-12.54464285714,0.75,99.));
#2541 = CARTESIAN_POINT('',(-13.93303571428,0.75,99.));
#2542 = CARTESIAN_POINT('',(-15.32142857142,0.75,99.));
#2543 = PCURVE('',#387,#2544);
#2544 = DEFINITIONAL_REPRESENTATION('',(#2545),#2549);
#2545 = LINE('',#2546,#2547);
#2546 = CARTESIAN_POINT('',(0.,1.));
#2547 = VECTOR('',#2548,1.);
#2548 = DIRECTION('',(1.,0.));
#2549 = ( GEOMETRIC_REPRESENTATION_CONTEXT(2) 
PARAMETRIC_REPRESENTATION_CONTEXT() REPRESENTATION_CONTEXT('2D SPACE',''
  ) );
#2550 = PCURVE('',#2063,#2551);
#2551 = DEFINITIONAL_REPRESENTATION('',(#2552),#2564);
#2552 = B_SPLINE_CURVE_WITH_KNOTS('',10,(#2553,#2554,#2555,#2556,#2557,
    #2558,#2559,#2560,#2561,#2562,#2563),.UNSPECIFIED.,.F.,.F.,(11,11),(
    4.,5.),.PIECEWISE_BEZIER_KNOTS.);
#2553 = CARTESIAN_POINT('',(35.3125,0.));
#2554 = CARTESIAN_POINT('',(33.924107142857,0.));
#2555 = CARTESIAN_POINT('',(32.535714285714,0.));
#2556 = CARTESIAN_POINT('',(31.147321428572,0.));
#2557 = CARTESIAN_POINT('',(29.758928571429,0.));
#2558 = CARTESIAN_POINT('',(28.370535714286,0.));
#2559 = CARTESIAN_POINT('',(26.982142857143,0.));
#2560 = CARTESIAN_POINT('',(25.59375,0.));
#2561 = CARTESIAN_POINT('',(24.205357142858,0.));
#2562 = CARTESIAN_POINT('',(22.816964285715,0.));
#2563 = CARTESIAN_POINT('',(21.428571428572,0.));
#2564 = ( GEOMETRIC_REPRESENTATION_CONTEXT(2) 
PARAMETRIC_REPRESENTATION_CONTEXT() REPRESENTATION_CONTEXT('2D SPACE',''
  ) );
#2565 = ORIENTED_EDGE('',*,*,#2439,.F.);
#2566 = ADVANCED_FACE('',(#2567),#303,.F.);
#2567 = FACE_BOUND('',#2568,.F.);
#2568 = EDGE_LOOP('',(#2569,#2570,#2571,#2595,#2663,#2809,#2878));
#2569 = ORIENTED_EDGE('',*,*,#2505,.F.);
#2570 = ORIENTED_EDGE('',*,*,#271,.T.);
#2571 = ORIENTED_EDGE('',*,*,#2572,.T.);
#2572 = EDGE_CURVE('',#188,#2573,#2575,.T.);
#2573 = VERTEX_POINT('',#2574);
#2574 = CARTESIAN_POINT('',(-41.64034852392,0.849803031101,80.7));
#2575 = SURFACE_CURVE('',#2576,(#2581,#2588),.PCURVE_S1.);
#2576 = ( BOUNDED_CURVE() B_SPLINE_CURVE(3,(#2577,#2578,#2579,#2580),
.UNSPECIFIED.,.F.,.F.) B_SPLINE_CURVE_WITH_KNOTS((4,4),(0.,1.),
.PIECEWISE_BEZIER_KNOTS.) CURVE() GEOMETRIC_REPRESENTATION_ITEM() 
RATIONAL_B_SPLINE_CURVE((1.,1.,1.,1.)) REPRESENTATION_ITEM('') );
#2577 = CARTESIAN_POINT('',(-37.79213073791,0.771267974243,0.));
#2578 = CARTESIAN_POINT('',(22.763590509555,-0.464563071624,3.));
#2579 = CARTESIAN_POINT('',(-67.71485746365,1.381935866605,90.));
#2580 = CARTESIAN_POINT('',(-36.75,0.75,99.));
#2581 = PCURVE('',#303,#2582);
#2582 = DEFINITIONAL_REPRESENTATION('',(#2583),#2587);
#2583 = LINE('',#2584,#2585);
#2584 = CARTESIAN_POINT('',(6.,0.));
#2585 = VECTOR('',#2586,1.);
#2586 = DIRECTION('',(0.,1.));
#2587 = ( GEOMETRIC_REPRESENTATION_CONTEXT(2) 
PARAMETRIC_REPRESENTATION_CONTEXT() REPRESENTATION_CONTEXT('2D SPACE',''
  ) );
#2588 = PCURVE('',#219,#2589);
#2589 = DEFINITIONAL_REPRESENTATION('',(#2590),#2594);
#2590 = LINE('',#2591,#2592);
#2591 = CARTESIAN_POINT('',(6.,0.));
#2592 = VECTOR('',#2593,1.);
#2593 = DIRECTION('',(0.,1.));
#2594 = ( GEOMETRIC_REPRESENTATION_CONTEXT(2) 
PARAMETRIC_REPRESENTATION_CONTEXT() REPRESENTATION_CONTEXT('2D SPACE',''
  ) );
#2595 = ORIENTED_EDGE('',*,*,#2596,.T.);
#2596 = EDGE_CURVE('',#2573,#2597,#2599,.T.);
#2597 = VERTEX_POINT('',#2598);
#2598 = CARTESIAN_POINT('',(-39.71975111122,1.550442408501,80.7));
#2599 = SURFACE_CURVE('',#2600,(#2619,#2641),.PCURVE_S1.);
#2600 = B_SPLINE_CURVE_WITH_KNOTS('',5,(#2601,#2602,#2603,#2604,#2605,
    #2606,#2607,#2608,#2609,#2610,#2611,#2612,#2613,#2614,#2615,#2616,
    #2617,#2618),.UNSPECIFIED.,.F.,.F.,(6,4,4,4,6),(0.,0.233989439656,
    0.481406124888,0.738665913972,1.),.UNSPECIFIED.);
#2601 = CARTESIAN_POINT('',(-41.64034852392,0.849803031101,80.7));
#2602 = CARTESIAN_POINT('',(-41.45284540548,0.943281222487,80.7));
#2603 = CARTESIAN_POINT('',(-41.26232533712,1.031331373398,80.7));
#2604 = CARTESIAN_POINT('',(-41.06908295913,1.113880610272,80.7));
#2605 = CARTESIAN_POINT('',(-40.8733939624,1.190881130352,80.7));
#2606 = CARTESIAN_POINT('',(-40.46628478712,1.337811688552,80.7));
#2607 = CARTESIAN_POINT('',(-40.25460712337,1.407082164264,80.7));
#2608 = CARTESIAN_POINT('',(-40.04078955739,1.470067111572,80.7));
#2609 = CARTESIAN_POINT('',(-39.82512242108,1.526738792056,80.7));
#2610 = CARTESIAN_POINT('',(-39.38200050741,1.629419055452,80.7));
#2611 = CARTESIAN_POINT('',(-39.15441889933,1.674913557498,80.7));
#2612 = CARTESIAN_POINT('',(-38.92544938875,1.713539197081,80.7));
#2613 = CARTESIAN_POINT('',(-38.69539335053,1.745282613707,80.7));
#2614 = CARTESIAN_POINT('',(-38.23003838748,1.795384062353,80.7));
#2615 = CARTESIAN_POINT('',(-37.99471485133,1.813522071578,80.7));
#2616 = CARTESIAN_POINT('',(-37.75888055346,1.824542952247,80.7));
#2617 = CARTESIAN_POINT('',(-37.52283880684,1.828445178802,80.7));
#2618 = CARTESIAN_POINT('',(-37.28689051383,1.825232402775,80.7));
#2619 = PCURVE('',#303,#2620);
#2620 = DEFINITIONAL_REPRESENTATION('',(#2621),#2640);
#2621 = B_SPLINE_CURVE_WITH_KNOTS('',5,(#2622,#2623,#2624,#2625,#2626,
    #2627,#2628,#2629,#2630,#2631,#2632,#2633,#2634,#2635,#2636,#2637,
    #2638,#2639),.UNSPECIFIED.,.F.,.F.,(6,4,4,4,6),(0.,0.233989439656,
    0.481406124888,0.738665913972,1.),.UNSPECIFIED.);
#2622 = CARTESIAN_POINT('',(6.,0.754808530097));
#2623 = CARTESIAN_POINT('',(5.947873304545,0.754808530097));
#2624 = CARTESIAN_POINT('',(5.896867012122,0.754808530097));
#2625 = CARTESIAN_POINT('',(5.846802731313,0.754808530097));
#2626 = CARTESIAN_POINT('',(5.797550430623,0.754808530097));
#2627 = CARTESIAN_POINT('',(5.697663552384,0.754808530097));
#2628 = CARTESIAN_POINT('',(5.647112100965,0.754808530097));
#2629 = CARTESIAN_POINT('',(5.597216516732,0.754808530097));
#2630 = CARTESIAN_POINT('',(5.547875617875,0.754808530097));
#2631 = CARTESIAN_POINT('',(5.448179938556,0.754808530097));
#2632 = CARTESIAN_POINT('',(5.397863116876,0.754808530097));
#2633 = CARTESIAN_POINT('',(5.347949508905,0.754808530097));
#2634 = CARTESIAN_POINT('',(5.298354759292,0.754808530097));
#2635 = CARTESIAN_POINT('',(5.198863595252,0.754808530097));
#2636 = CARTESIAN_POINT('',(5.148975010268,0.754808530097));
#2637 = CARTESIAN_POINT('',(5.099251761332,0.754808530097));
#2638 = CARTESIAN_POINT('',(5.049618581229,0.754808530097));
#2639 = CARTESIAN_POINT('',(5.,0.754808530097));
#2640 = ( GEOMETRIC_REPRESENTATION_CONTEXT(2) 
PARAMETRIC_REPRESENTATION_CONTEXT() REPRESENTATION_CONTEXT('2D SPACE',''
  ) );
#2641 = PCURVE('',#1280,#2642);
#2642 = DEFINITIONAL_REPRESENTATION('',(#2643),#2662);
#2643 = B_SPLINE_CURVE_WITH_KNOTS('',5,(#2644,#2645,#2646,#2647,#2648,
    #2649,#2650,#2651,#2652,#2653,#2654,#2655,#2656,#2657,#2658,#2659,
    #2660,#2661),.UNSPECIFIED.,.F.,.F.,(6,4,4,4,6),(0.,0.233989439656,
    0.481406124888,0.738665913972,1.),.UNSPECIFIED.);
#2644 = CARTESIAN_POINT('',(-41.64034852392,0.849803031101));
#2645 = CARTESIAN_POINT('',(-41.45284540548,0.943281222487));
#2646 = CARTESIAN_POINT('',(-41.26232533712,1.031331373398));
#2647 = CARTESIAN_POINT('',(-41.06908295913,1.113880610272));
#2648 = CARTESIAN_POINT('',(-40.8733939624,1.190881130352));
#2649 = CARTESIAN_POINT('',(-40.46628478712,1.337811688552));
#2650 = CARTESIAN_POINT('',(-40.25460712337,1.407082164264));
#2651 = CARTESIAN_POINT('',(-40.04078955739,1.470067111572));
#2652 = CARTESIAN_POINT('',(-39.82512242108,1.526738792056));
#2653 = CARTESIAN_POINT('',(-39.38200050741,1.629419055452));
#2654 = CARTESIAN_POINT('',(-39.15441889933,1.674913557498));
#2655 = CARTESIAN_POINT('',(-38.92544938875,1.713539197081));
#2656 = CARTESIAN_POINT('',(-38.69539335053,1.745282613707));
#2657 = CARTESIAN_POINT('',(-38.23003838748,1.795384062353));
#2658 = CARTESIAN_POINT('',(-37.99471485133,1.813522071578));
#2659 = CARTESIAN_POINT('',(-37.75888055346,1.824542952247));
#2660 = CARTESIAN_POINT('',(-37.52283880684,1.828445178802));
#2661 = CARTESIAN_POINT('',(-37.28689051383,1.825232402775));
#2662 = ( GEOMETRIC_REPRESENTATION_CONTEXT(2) 
PARAMETRIC_REPRESENTATION_CONTEXT() REPRESENTATION_CONTEXT('2D SPACE',''
  ) );
#2663 = ORIENTED_EDGE('',*,*,#2664,.T.);
#2664 = EDGE_CURVE('',#2597,#2665,#2667,.T.);
#2665 = VERTEX_POINT('',#2666);
#2666 = CARTESIAN_POINT('',(-39.74172478392,0.811055607835,
    97.662934369643));
#2667 = SURFACE_CURVE('',#2668,(#2713,#2761),.PCURVE_S1.);
#2668 = B_SPLINE_CURVE_WITH_KNOTS('',8,(#2669,#2670,#2671,#2672,#2673,
    #2674,#2675,#2676,#2677,#2678,#2679,#2680,#2681,#2682,#2683,#2684,
    #2685,#2686,#2687,#2688,#2689,#2690,#2691,#2692,#2693,#2694,#2695,
    #2696,#2697,#2698,#2699,#2700,#2701,#2702,#2703,#2704,#2705,#2706,
    #2707,#2708,#2709,#2710,#2711,#2712),.UNSPECIFIED.,.F.,.F.,(9,7,7,7,
    7,7,9),(0.,0.332016151877,0.613686413096,0.783089274045,
    0.845897790165,0.980649262848,1.),.UNSPECIFIED.);
#2669 = CARTESIAN_POINT('',(-39.71975111217,1.550442384208,80.6999994));
#2670 = CARTESIAN_POINT('',(-39.71863786088,1.578962027937,
    81.404381293866));
#2671 = CARTESIAN_POINT('',(-39.71792280422,1.59668054785,
    82.109085567662));
#2672 = CARTESIAN_POINT('',(-39.71752637902,1.60642833873,
    82.813960896803));
#2673 = CARTESIAN_POINT('',(-39.71739619555,1.609604872789,
    83.518897132477));
#2674 = CARTESIAN_POINT('',(-39.71750003386,1.607080638606,
    84.223818613627));
#2675 = CARTESIAN_POINT('',(-39.71781653826,1.59930056863,
    84.928684287697));
#2676 = CARTESIAN_POINT('',(-39.71833064968,1.586513011404,
    85.633485330153));
#2677 = CARTESIAN_POINT('',(-39.71962154411,1.553830673056,
    86.936138330641));
#2678 = CARTESIAN_POINT('',(-39.72034664193,1.535309187106,
    87.533967337636));
#2679 = CARTESIAN_POINT('',(-39.72119617762,1.513336740932,
    88.13171739357));
#2680 = CARTESIAN_POINT('',(-39.72216287986,1.487925629881,
    88.729372726562));
#2681 = CARTESIAN_POINT('',(-39.72323859407,1.459064688473,
    89.326917906408));
#2682 = CARTESIAN_POINT('',(-39.7244129615,1.426752551548,
    89.924338618913));
#2683 = CARTESIAN_POINT('',(-39.72567255373,1.391029971736,
    90.521622384382));
#2684 = CARTESIAN_POINT('',(-39.72779909655,1.328544418066,
    91.477890808909));
#2685 = CARTESIAN_POINT('',(-39.7286224397,1.303885639803,91.83696911459
    ));
#2686 = CARTESIAN_POINT('',(-39.7294668157,1.278059732595,
    92.195991574748));
#2687 = CARTESIAN_POINT('',(-39.73032808082,1.251103058624,
    92.554956253355));
#2688 = CARTESIAN_POINT('',(-39.73120160721,1.223064929194,
    92.913861893223));
#2689 = CARTESIAN_POINT('',(-39.73208226329,1.194012546577,
    93.272708063455));
#2690 = CARTESIAN_POINT('',(-39.73296439093,1.164039426619,
    93.631495402044));
#2691 = CARTESIAN_POINT('',(-39.73416708373,1.121871807689,
    94.123230399386));
#2692 = CARTESIAN_POINT('',(-39.73449173648,1.110357857186,
    94.256227046516));
#2693 = CARTESIAN_POINT('',(-39.73481542051,1.098742229318,
    94.389216010023));
#2694 = CARTESIAN_POINT('',(-39.7351378084,1.08703240034,94.522197431783
    ));
#2695 = CARTESIAN_POINT('',(-39.7354585614,1.075236717066,
    94.655171485801));
#2696 = CARTESIAN_POINT('',(-39.73577732837,1.063364569844,
    94.788138383481));
#2697 = CARTESIAN_POINT('',(-39.73609374461,1.051426565538,
    94.921098378896));
#2698 = CARTESIAN_POINT('',(-39.73708042342,1.013706955744,
    95.339294395629));
#2699 = CARTESIAN_POINT('',(-39.73774085125,0.987731142196,
    95.624503970745));
#2700 = CARTESIAN_POINT('',(-39.73838492224,0.961628522985,
    95.909686442414));
#2701 = CARTESIAN_POINT('',(-39.73900867918,0.935542417192,
    96.194846738995));
#2702 = CARTESIAN_POINT('',(-39.73960745709,0.909674653697,
    96.479989666138));
#2703 = CARTESIAN_POINT('',(-39.74017613446,0.884281278078,
    96.765119846855));
#2704 = CARTESIAN_POINT('',(-39.74070859075,0.859717583029,
    97.050242985136));
#2705 = CARTESIAN_POINT('',(-39.74126460112,0.833306010587,
    97.37631597317));
#2706 = CARTESIAN_POINT('',(-39.74133346503,0.830019813082,
    97.417261250045));
#2707 = CARTESIAN_POINT('',(-39.74140134482,0.826765807783,
    97.458206576886));
#2708 = CARTESIAN_POINT('',(-39.74146820872,0.82354602765,
    97.499151968412));
#2709 = CARTESIAN_POINT('',(-39.74153402247,0.82036267107,97.54009743631
    ));
#2710 = CARTESIAN_POINT('',(-39.74159874942,0.817218101849,
    97.581042989235));
#2711 = CARTESIAN_POINT('',(-39.74166235042,0.814114849219,
    97.621988632815));
#2712 = CARTESIAN_POINT('',(-39.74172478392,0.811055607835,
    97.662934369643));
#2713 = PCURVE('',#303,#2714);
#2714 = DEFINITIONAL_REPRESENTATION('',(#2715),#2760);
#2715 = B_SPLINE_CURVE_WITH_KNOTS('',8,(#2716,#2717,#2718,#2719,#2720,
    #2721,#2722,#2723,#2724,#2725,#2726,#2727,#2728,#2729,#2730,#2731,
    #2732,#2733,#2734,#2735,#2736,#2737,#2738,#2739,#2740,#2741,#2742,
    #2743,#2744,#2745,#2746,#2747,#2748,#2749,#2750,#2751,#2752,#2753,
    #2754,#2755,#2756,#2757,#2758,#2759),.UNSPECIFIED.,.F.,.F.,(9,7,7,7,
    7,7,9),(0.,0.332016151877,0.613686413096,0.783089274045,
    0.845897790165,0.980649262848,1.),.UNSPECIFIED.);
#2716 = CARTESIAN_POINT('',(5.524257521327,0.754808524765));
#2717 = CARTESIAN_POINT('',(5.499119626753,0.761067925345));
#2718 = CARTESIAN_POINT('',(5.481511816324,0.767421579741));
#2719 = CARTESIAN_POINT('',(5.470132086984,0.773876186824));
#2720 = CARTESIAN_POINT('',(5.464165488642,0.780439872729));
#2721 = CARTESIAN_POINT('',(5.462957178963,0.78712243406));
#2722 = CARTESIAN_POINT('',(5.466012917465,0.793935823949));
#2723 = CARTESIAN_POINT('',(5.472927669676,0.800894761054));
#2724 = CARTESIAN_POINT('',(5.492255914054,0.814061521552));
#2725 = CARTESIAN_POINT('',(5.503676039095,0.820222916533));
#2726 = CARTESIAN_POINT('',(5.51744980385,0.826513537894));
#2727 = CARTESIAN_POINT('',(5.533424740117,0.832946866755));
#2728 = CARTESIAN_POINT('',(5.551482549192,0.839538751531));
#2729 = CARTESIAN_POINT('',(5.571536093934,0.846308492331));
#2730 = CARTESIAN_POINT('',(5.593531938052,0.853281002348));
#2731 = CARTESIAN_POINT('',(5.631848367196,0.864825728168));
#2732 = CARTESIAN_POINT('',(5.646936705115,0.869246993093));
#2733 = CARTESIAN_POINT('',(5.662720785592,0.873761159364));
#2734 = CARTESIAN_POINT('',(5.679204102497,0.878376940244));
#2735 = CARTESIAN_POINT('',(5.696396313982,0.883104521621));
#2736 = CARTESIAN_POINT('',(5.714314955447,0.887956162213));
#2737 = CARTESIAN_POINT('',(5.732988855846,0.892947316288));
#2738 = CARTESIAN_POINT('',(5.759683668203,0.900008071413));
#2739 = CARTESIAN_POINT('',(5.767014123848,0.90193983313));
#2740 = CARTESIAN_POINT('',(5.774456960777,0.903894607971));
#2741 = CARTESIAN_POINT('',(5.782014814057,0.905873527759));
#2742 = CARTESIAN_POINT('',(5.789690694712,0.907877836686));
#2743 = CARTESIAN_POINT('',(5.797488067135,0.90990891579));
#2744 = CARTESIAN_POINT('',(5.80541092649,0.911968307437));
#2745 = CARTESIAN_POINT('',(5.830740941231,0.918540477258));
#2746 = CARTESIAN_POINT('',(5.848616455006,0.923161390619));
#2747 = CARTESIAN_POINT('',(5.867137435148,0.927938023578));
#2748 = CARTESIAN_POINT('',(5.886360249495,0.932890759313));
#2749 = CARTESIAN_POINT('',(5.906367250832,0.938048019314));
#2750 = CARTESIAN_POINT('',(5.927264703338,0.943445640147));
#2751 = CARTESIAN_POINT('',(5.949203442129,0.949133329425));
#2752 = CARTESIAN_POINT('',(5.975803954942,0.956072453582));
#2753 = CARTESIAN_POINT('',(5.979171464967,0.95695164637));
#2754 = CARTESIAN_POINT('',(5.982567054051,0.957838943095));
#2755 = CARTESIAN_POINT('',(5.985991613563,0.958734629571));
#2756 = CARTESIAN_POINT('',(5.989446109633,0.959639014924));
#2757 = CARTESIAN_POINT('',(5.99293158316,0.960552431601));
#2758 = CARTESIAN_POINT('',(5.996449149806,0.961475235362));
#2759 = CARTESIAN_POINT('',(6.,0.962407805286));
#2760 = ( GEOMETRIC_REPRESENTATION_CONTEXT(2) 
PARAMETRIC_REPRESENTATION_CONTEXT() REPRESENTATION_CONTEXT('2D SPACE',''
  ) );
#2761 = PCURVE('',#2250,#2762);
#2762 = DEFINITIONAL_REPRESENTATION('',(#2763),#2808);
#2763 = B_SPLINE_CURVE_WITH_KNOTS('',8,(#2764,#2765,#2766,#2767,#2768,
    #2769,#2770,#2771,#2772,#2773,#2774,#2775,#2776,#2777,#2778,#2779,
    #2780,#2781,#2782,#2783,#2784,#2785,#2786,#2787,#2788,#2789,#2790,
    #2791,#2792,#2793,#2794,#2795,#2796,#2797,#2798,#2799,#2800,#2801,
    #2802,#2803,#2804,#2805,#2806,#2807),.UNSPECIFIED.,.F.,.F.,(9,7,7,7,
    7,7,9),(0.,0.332016151877,0.613686413096,0.783089274045,
    0.845897790165,0.980649262848,1.),.UNSPECIFIED.);
#2764 = CARTESIAN_POINT('',(-3.102577916777,5.999999999062E-07));
#2765 = CARTESIAN_POINT('',(-3.101859895064,-0.704381293866));
#2766 = CARTESIAN_POINT('',(-3.101413783684,-1.409085567663));
#2767 = CARTESIAN_POINT('',(-3.10116835333,-2.113960896799));
#2768 = CARTESIAN_POINT('',(-3.101088373559,-2.818897132483));
#2769 = CARTESIAN_POINT('',(-3.101151929955,-3.523818613623));
#2770 = CARTESIAN_POINT('',(-3.101347816901,-4.228684287698));
#2771 = CARTESIAN_POINT('',(-3.101669776257,-4.933485330153));
#2772 = CARTESIAN_POINT('',(-3.102492614557,-6.236138330641));
#2773 = CARTESIAN_POINT('',(-3.102958920787,-6.833967337636));
#2774 = CARTESIAN_POINT('',(-3.103512099632,-7.43171739357));
#2775 = CARTESIAN_POINT('',(-3.104151835019,-8.029372726562));
#2776 = CARTESIAN_POINT('',(-3.104878400086,-8.626917906408));
#2777 = CARTESIAN_POINT('',(-3.10569182002,-9.224338618913));
#2778 = CARTESIAN_POINT('',(-3.106591059083,-9.821622384382));
#2779 = CARTESIAN_POINT('',(-3.10816393277,-10.7778908089));
#2780 = CARTESIAN_POINT('',(-3.108784624966,-11.13696911459));
#2781 = CARTESIAN_POINT('',(-3.109434680222,-11.49599157474));
#2782 = CARTESIAN_POINT('',(-3.110113181192,-11.85495625335));
#2783 = CARTESIAN_POINT('',(-3.110818884703,-12.21386189322));
#2784 = CARTESIAN_POINT('',(-3.111550097502,-12.57270806345));
#2785 = CARTESIAN_POINT('',(-3.112304464433,-12.93149540204));
#2786 = CARTESIAN_POINT('',(-3.11336571643,-13.42323039938));
#2787 = CARTESIAN_POINT('',(-3.11365549067,-13.55622704651));
#2788 = CARTESIAN_POINT('',(-3.113947821132,-13.68921601002));
#2789 = CARTESIAN_POINT('',(-3.114242519615,-13.82219743178));
#2790 = CARTESIAN_POINT('',(-3.11453937602,-13.9551714858));
#2791 = CARTESIAN_POINT('',(-3.114838154001,-14.08813838348));
#2792 = CARTESIAN_POINT('',(-3.115138586608,-14.22109837889));
#2793 = CARTESIAN_POINT('',(-3.116087832205,-14.63929439562));
#2794 = CARTESIAN_POINT('',(-3.116741522792,-14.92450397074));
#2795 = CARTESIAN_POINT('',(-3.117398392019,-15.20968644241));
#2796 = CARTESIAN_POINT('',(-3.118054833457,-15.49484673899));
#2797 = CARTESIAN_POINT('',(-3.118705768752,-15.77998966613));
#2798 = CARTESIAN_POINT('',(-3.119344755708,-16.06511984685));
#2799 = CARTESIAN_POINT('',(-3.119962855343,-16.35024298513));
#2800 = CARTESIAN_POINT('',(-3.120627444633,-16.67631597317));
#2801 = CARTESIAN_POINT('',(-3.120710134418,-16.71726125004));
#2802 = CARTESIAN_POINT('',(-3.120792013995,-16.75820657688));
#2803 = CARTESIAN_POINT('',(-3.120873032217,-16.79915196841));
#2804 = CARTESIAN_POINT('',(-3.120953133772,-16.84009743631));
#2805 = CARTESIAN_POINT('',(-3.121032259188,-16.88104298923));
#2806 = CARTESIAN_POINT('',(-3.12111034483,-16.92198863281));
#2807 = CARTESIAN_POINT('',(-3.121187322903,-16.96293436964));
#2808 = ( GEOMETRIC_REPRESENTATION_CONTEXT(2) 
PARAMETRIC_REPRESENTATION_CONTEXT() REPRESENTATION_CONTEXT('2D SPACE',''
  ) );
#2809 = ORIENTED_EDGE('',*,*,#2810,.T.);
#2810 = EDGE_CURVE('',#2665,#2811,#2813,.T.);
#2811 = VERTEX_POINT('',#2812);
#2812 = CARTESIAN_POINT('',(-36.75,0.75,99.));
#2813 = SURFACE_CURVE('',#2814,(#2819,#2826),.PCURVE_S1.);
#2814 = ( BOUNDED_CURVE() B_SPLINE_CURVE(3,(#2815,#2816,#2817,#2818),
.UNSPECIFIED.,.F.,.F.) B_SPLINE_CURVE_WITH_KNOTS((4,4),(0.,1.),
.PIECEWISE_BEZIER_KNOTS.) CURVE() GEOMETRIC_REPRESENTATION_ITEM() 
RATIONAL_B_SPLINE_CURVE((1.,1.,1.,1.)) REPRESENTATION_ITEM('') );
#2815 = CARTESIAN_POINT('',(-37.79213073791,0.771267974243,0.));
#2816 = CARTESIAN_POINT('',(22.763590509555,-0.464563071624,3.));
#2817 = CARTESIAN_POINT('',(-67.71485746365,1.381935866605,90.));
#2818 = CARTESIAN_POINT('',(-36.75,0.75,99.));
#2819 = PCURVE('',#303,#2820);
#2820 = DEFINITIONAL_REPRESENTATION('',(#2821),#2825);
#2821 = LINE('',#2822,#2823);
#2822 = CARTESIAN_POINT('',(6.,0.));
#2823 = VECTOR('',#2824,1.);
#2824 = DIRECTION('',(0.,1.));
#2825 = ( GEOMETRIC_REPRESENTATION_CONTEXT(2) 
PARAMETRIC_REPRESENTATION_CONTEXT() REPRESENTATION_CONTEXT('2D SPACE',''
  ) );
#2826 = PCURVE('',#2827,#2872);
#2827 = ( BOUNDED_SURFACE() B_SPLINE_SURFACE(10,3,(
    (#2828,#2829,#2830,#2831)
    ,(#2832,#2833,#2834,#2835)
    ,(#2836,#2837,#2838,#2839)
    ,(#2840,#2841,#2842,#2843)
    ,(#2844,#2845,#2846,#2847)
    ,(#2848,#2849,#2850,#2851)
    ,(#2852,#2853,#2854,#2855)
    ,(#2856,#2857,#2858,#2859)
    ,(#2860,#2861,#2862,#2863)
    ,(#2864,#2865,#2866,#2867)
    ,(#2868,#2869,#2870,#2871
)),.UNSPECIFIED.,.F.,.F.,.F.) B_SPLINE_SURFACE_WITH_KNOTS((11,11),(4,4),
  (6.,7.),(0.,1.),.PIECEWISE_BEZIER_KNOTS.) 
GEOMETRIC_REPRESENTATION_ITEM() RATIONAL_B_SPLINE_SURFACE((
    (1.,1.,1.,1.)
    ,(1.,1.,1.,1.)
    ,(1.,1.,1.,1.)
    ,(1.,1.,1.,1.)
    ,(1.,1.,1.,1.)
    ,(1.,1.,1.,1.)
    ,(1.,1.,1.,1.)
    ,(1.,1.,1.,1.)
    ,(1.,1.,1.,1.)
    ,(1.,1.,1.,1.)
,(1.,1.,1.,1.))) REPRESENTATION_ITEM('') SURFACE() );
#2828 = CARTESIAN_POINT('',(-37.79213073791,0.771267974243,0.));
#2829 = CARTESIAN_POINT('',(22.763590509555,-0.464563071624,3.));
#2830 = CARTESIAN_POINT('',(-67.71485746365,1.381935866605,90.));
#2831 = CARTESIAN_POINT('',(-36.75,0.75,99.));
#2832 = CARTESIAN_POINT('',(-37.79527833353,0.617035789232,0.));
#2833 = CARTESIAN_POINT('',(22.777842712702,-0.337077857202,3.));
#2834 = CARTESIAN_POINT('',(-67.71901588225,1.011754409159,90.));
#2835 = CARTESIAN_POINT('',(-36.98561944901,0.75,99.));
#2836 = CARTESIAN_POINT('',(-37.79772656053,0.462789330996,0.));
#2837 = CARTESIAN_POINT('',(22.773037933434,-0.226865742579,3.));
#2838 = CARTESIAN_POINT('',(-67.68174843734,0.689592953924,90.));
#2839 = CARTESIAN_POINT('',(-37.22124107155,0.667753520049,99.));
#2840 = CARTESIAN_POINT('',(-37.79947534612,0.308532167841,0.));
#2841 = CARTESIAN_POINT('',(22.758790589105,-0.13628483069,3.));
#2842 = CARTESIAN_POINT('',(-67.62766603524,0.420226532402,90.));
#2843 = CARTESIAN_POINT('',(-37.42455043143,0.503258522416,99.));
#2844 = CARTESIAN_POINT('',(-37.80052463827,0.154267868074,0.));
#2845 = CARTESIAN_POINT('',(22.744998603816,-6.301040528433E-02,3.));
#2846 = CARTESIAN_POINT('',(-67.58193558956,0.196646767552,90.));
#2847 = CARTESIAN_POINT('',(-37.56330541722,0.271019590411,99.));
#2848 = CARTESIAN_POINT('',(-37.80087440579,4.640732242933E-15,0.));
#2849 = CARTESIAN_POINT('',(22.73941830552,-7.367948843632E-15,3.));
#2850 = CARTESIAN_POINT('',(-67.56420577698,5.591938948927E-15,90.));
#2851 = CARTESIAN_POINT('',(-37.61268047281,-3.863576125696E-15,99.));
#2852 = CARTESIAN_POINT('',(-37.80052463827,-0.154267868074,0.));
#2853 = CARTESIAN_POINT('',(22.744998603815,6.301040528432E-02,3.));
#2854 = CARTESIAN_POINT('',(-67.58193558956,-0.196646767552,90.));
#2855 = CARTESIAN_POINT('',(-37.56330541722,-0.271019590411,99.));
#2856 = CARTESIAN_POINT('',(-37.79947534612,-0.308532167841,0.));
#2857 = CARTESIAN_POINT('',(22.758790589106,0.13628483069,3.));
#2858 = CARTESIAN_POINT('',(-67.62766603525,-0.420226532402,90.));
#2859 = CARTESIAN_POINT('',(-37.42455043143,-0.503258522416,99.));
#2860 = CARTESIAN_POINT('',(-37.79772656053,-0.462789330996,0.));
#2861 = CARTESIAN_POINT('',(22.773037933433,0.226865742579,3.));
#2862 = CARTESIAN_POINT('',(-67.68174843734,-0.689592953924,90.));
#2863 = CARTESIAN_POINT('',(-37.22124107156,-0.667753520049,99.));
#2864 = CARTESIAN_POINT('',(-37.79527833353,-0.617035789232,0.));
#2865 = CARTESIAN_POINT('',(22.777842712702,0.337077857202,3.));
#2866 = CARTESIAN_POINT('',(-67.71901588225,-1.011754409159,90.));
#2867 = CARTESIAN_POINT('',(-36.98561944901,-0.75,99.));
#2868 = CARTESIAN_POINT('',(-37.79213073791,-0.771267974243,0.));
#2869 = CARTESIAN_POINT('',(22.763590509555,0.464563071624,3.));
#2870 = CARTESIAN_POINT('',(-67.71485746365,-1.381935866605,90.));
#2871 = CARTESIAN_POINT('',(-36.75,-0.75,99.));
#2872 = DEFINITIONAL_REPRESENTATION('',(#2873),#2877);
#2873 = LINE('',#2874,#2875);
#2874 = CARTESIAN_POINT('',(6.,0.));
#2875 = VECTOR('',#2876,1.);
#2876 = DIRECTION('',(0.,1.));
#2877 = ( GEOMETRIC_REPRESENTATION_CONTEXT(2) 
PARAMETRIC_REPRESENTATION_CONTEXT() REPRESENTATION_CONTEXT('2D SPACE',''
  ) );
#2878 = ORIENTED_EDGE('',*,*,#2879,.F.);
#2879 = EDGE_CURVE('',#2506,#2811,#2880,.T.);
#2880 = SURFACE_CURVE('',#2881,(#2893,#2900),.PCURVE_S1.);
#2881 = B_SPLINE_CURVE_WITH_KNOTS('',10,(#2882,#2883,#2884,#2885,#2886,
    #2887,#2888,#2889,#2890,#2891,#2892),.UNSPECIFIED.,.F.,.F.,(11,11),(
    5.,6.),.PIECEWISE_BEZIER_KNOTS.);
#2882 = CARTESIAN_POINT('',(-15.32142857142,0.75,99.));
#2883 = CARTESIAN_POINT('',(-17.46428571428,0.75,99.));
#2884 = CARTESIAN_POINT('',(-19.60714285714,0.75,99.));
#2885 = CARTESIAN_POINT('',(-21.75,0.75,99.));
#2886 = CARTESIAN_POINT('',(-23.89285714285,0.75,99.));
#2887 = CARTESIAN_POINT('',(-26.03571428571,0.75,99.));
#2888 = CARTESIAN_POINT('',(-28.17857142857,0.75,99.));
#2889 = CARTESIAN_POINT('',(-30.32142857142,0.75,99.));
#2890 = CARTESIAN_POINT('',(-32.46428571428,0.75,99.));
#2891 = CARTESIAN_POINT('',(-34.60714285714,0.75,99.));
#2892 = CARTESIAN_POINT('',(-36.75,0.75,99.));
#2893 = PCURVE('',#303,#2894);
#2894 = DEFINITIONAL_REPRESENTATION('',(#2895),#2899);
#2895 = LINE('',#2896,#2897);
#2896 = CARTESIAN_POINT('',(0.,1.));
#2897 = VECTOR('',#2898,1.);
#2898 = DIRECTION('',(1.,0.));
#2899 = ( GEOMETRIC_REPRESENTATION_CONTEXT(2) 
PARAMETRIC_REPRESENTATION_CONTEXT() REPRESENTATION_CONTEXT('2D SPACE',''
  ) );
#2900 = PCURVE('',#2063,#2901);
#2901 = DEFINITIONAL_REPRESENTATION('',(#2902),#2914);
#2902 = B_SPLINE_CURVE_WITH_KNOTS('',10,(#2903,#2904,#2905,#2906,#2907,
    #2908,#2909,#2910,#2911,#2912,#2913),.UNSPECIFIED.,.F.,.F.,(11,11),(
    5.,6.),.PIECEWISE_BEZIER_KNOTS.);
#2903 = CARTESIAN_POINT('',(21.428571428572,0.));
#2904 = CARTESIAN_POINT('',(19.285714285715,0.));
#2905 = CARTESIAN_POINT('',(17.142857142858,0.));
#2906 = CARTESIAN_POINT('',(15.,0.));
#2907 = CARTESIAN_POINT('',(12.857142857143,0.));
#2908 = CARTESIAN_POINT('',(10.714285714286,0.));
#2909 = CARTESIAN_POINT('',(8.571428571429,0.));
#2910 = CARTESIAN_POINT('',(6.428571428572,0.));
#2911 = CARTESIAN_POINT('',(4.285714285714,0.));
#2912 = CARTESIAN_POINT('',(2.142857142857,0.));
#2913 = CARTESIAN_POINT('',(-7.105427357601E-15,0.));
#2914 = ( GEOMETRIC_REPRESENTATION_CONTEXT(2) 
PARAMETRIC_REPRESENTATION_CONTEXT() REPRESENTATION_CONTEXT('2D SPACE',''
  ) );
#2915 = ADVANCED_FACE('',(#2916),#219,.F.);
#2916 = FACE_BOUND('',#2917,.F.);
#2917 = EDGE_LOOP('',(#2918,#2919,#2920,#2921));
#2918 = ORIENTED_EDGE('',*,*,#2572,.F.);
#2919 = ORIENTED_EDGE('',*,*,#187,.T.);
#2920 = ORIENTED_EDGE('',*,*,#909,.T.);
#2921 = ORIENTED_EDGE('',*,*,#2922,.T.);
#2922 = EDGE_CURVE('',#910,#2573,#2923,.T.);
#2923 = SURFACE_CURVE('',#2924,(#2951,#2981),.PCURVE_S1.);
#2924 = B_SPLINE_CURVE_WITH_KNOTS('',5,(#2925,#2926,#2927,#2928,#2929,
    #2930,#2931,#2932,#2933,#2934,#2935,#2936,#2937,#2938,#2939,#2940,
    #2941,#2942,#2943,#2944,#2945,#2946,#2947,#2948,#2949,#2950),
  .UNSPECIFIED.,.F.,.F.,(6,4,4,4,4,4,6),(0.,0.128778209935,
    0.229312746495,0.5,0.770687253505,0.871221790065,1.),.UNSPECIFIED.);
#2925 = CARTESIAN_POINT('',(-41.64034852392,-0.849803031101,80.7));
#2926 = CARTESIAN_POINT('',(-41.66741980826,-0.812328649643,80.7));
#2927 = CARTESIAN_POINT('',(-41.69310289397,-0.773711162177,80.7));
#2928 = CARTESIAN_POINT('',(-41.71730932488,-0.734016753956,80.7));
#2929 = CARTESIAN_POINT('',(-41.73996056536,-0.693323021802,80.7));
#2930 = CARTESIAN_POINT('',(-41.7774036924,-0.619239537901,80.7));
#2931 = CARTESIAN_POINT('',(-41.79282984586,-0.586205049175,80.7));
#2932 = CARTESIAN_POINT('',(-41.80723392159,-0.552657646822,80.7));
#2933 = CARTESIAN_POINT('',(-41.82058755016,-0.518642398756,80.7));
#2934 = CARTESIAN_POINT('',(-41.86592744788,-0.391491483968,80.7));
#2935 = CARTESIAN_POINT('',(-41.89119966843,-0.295724671043,80.7));
#2936 = CARTESIAN_POINT('',(-41.90820669695,-0.197859418138,80.7));
#2937 = CARTESIAN_POINT('',(-41.91671097198,-9.892615730962E-02,80.7));
#2938 = CARTESIAN_POINT('',(-41.91671097198,9.892615731022E-02,80.7));
#2939 = CARTESIAN_POINT('',(-41.90820669695,0.197859418139,80.7));
#2940 = CARTESIAN_POINT('',(-41.89119966843,0.295724671044,80.7));
#2941 = CARTESIAN_POINT('',(-41.86592744788,0.391491483969,80.7));
#2942 = CARTESIAN_POINT('',(-41.82058755016,0.518642398757,80.7));
#2943 = CARTESIAN_POINT('',(-41.80723392159,0.552657646823,80.7));
#2944 = CARTESIAN_POINT('',(-41.79282984586,0.586205049176,80.7));
#2945 = CARTESIAN_POINT('',(-41.7774036924,0.619239537902,80.7));
#2946 = CARTESIAN_POINT('',(-41.73996056536,0.693323021803,80.7));
#2947 = CARTESIAN_POINT('',(-41.71730932488,0.734016753956,80.7));
#2948 = CARTESIAN_POINT('',(-41.69310289397,0.773711162177,80.7));
#2949 = CARTESIAN_POINT('',(-41.66741980826,0.812328649643,80.7));
#2950 = CARTESIAN_POINT('',(-41.64034852392,0.849803031101,80.7));
#2951 = PCURVE('',#219,#2952);
#2952 = DEFINITIONAL_REPRESENTATION('',(#2953),#2980);
#2953 = B_SPLINE_CURVE_WITH_KNOTS('',5,(#2954,#2955,#2956,#2957,#2958,
    #2959,#2960,#2961,#2962,#2963,#2964,#2965,#2966,#2967,#2968,#2969,
    #2970,#2971,#2972,#2973,#2974,#2975,#2976,#2977,#2978,#2979),
  .UNSPECIFIED.,.F.,.F.,(6,4,4,4,4,4,6),(0.,0.128778209935,
    0.229312746495,0.5,0.770687253505,0.871221790065,1.),.UNSPECIFIED.);
#2954 = CARTESIAN_POINT('',(7.,0.754808530097));
#2955 = CARTESIAN_POINT('',(6.97324312237,0.754808530097));
#2956 = CARTESIAN_POINT('',(6.946682178402,0.754808530097));
#2957 = CARTESIAN_POINT('',(6.920299626593,0.754808530097));
#2958 = CARTESIAN_POINT('',(6.894078018751,0.754808530097));
#2959 = CARTESIAN_POINT('',(6.847641419687,0.754808530097));
#2960 = CARTESIAN_POINT('',(6.827370320341,0.754808530097));
#2961 = CARTESIAN_POINT('',(6.807178457126,0.754808530097));
#2962 = CARTESIAN_POINT('',(6.787057693256,0.754808530097));
#2963 = CARTESIAN_POINT('',(6.712995057172,0.754808530097));
#2964 = CARTESIAN_POINT('',(6.659443526936,0.754808530097));
#2965 = CARTESIAN_POINT('',(6.606199357817,0.754808530097));
#2966 = CARTESIAN_POINT('',(6.553097715408,0.754808530097));
#2967 = CARTESIAN_POINT('',(6.446902284592,0.754808530097));
#2968 = CARTESIAN_POINT('',(6.393800642183,0.754808530097));
#2969 = CARTESIAN_POINT('',(6.340556473063,0.754808530097));
#2970 = CARTESIAN_POINT('',(6.287004942827,0.754808530097));
#2971 = CARTESIAN_POINT('',(6.212942306744,0.754808530097));
#2972 = CARTESIAN_POINT('',(6.192821542874,0.754808530097));
#2973 = CARTESIAN_POINT('',(6.172629679659,0.754808530097));
#2974 = CARTESIAN_POINT('',(6.152358580313,0.754808530097));
#2975 = CARTESIAN_POINT('',(6.105921981248,0.754808530097));
#2976 = CARTESIAN_POINT('',(6.079700373407,0.754808530097));
#2977 = CARTESIAN_POINT('',(6.053317821598,0.754808530097));
#2978 = CARTESIAN_POINT('',(6.02675687763,0.754808530097));
#2979 = CARTESIAN_POINT('',(6.,0.754808530097));
#2980 = ( GEOMETRIC_REPRESENTATION_CONTEXT(2) 
PARAMETRIC_REPRESENTATION_CONTEXT() REPRESENTATION_CONTEXT('2D SPACE',''
  ) );
#2981 = PCURVE('',#1280,#2982);
#2982 = DEFINITIONAL_REPRESENTATION('',(#2983),#3010);
#2983 = B_SPLINE_CURVE_WITH_KNOTS('',5,(#2984,#2985,#2986,#2987,#2988,
    #2989,#2990,#2991,#2992,#2993,#2994,#2995,#2996,#2997,#2998,#2999,
    #3000,#3001,#3002,#3003,#3004,#3005,#3006,#3007,#3008,#3009),
  .UNSPECIFIED.,.F.,.F.,(6,4,4,4,4,4,6),(0.,0.128778209935,
    0.229312746495,0.5,0.770687253505,0.871221790065,1.),.UNSPECIFIED.);
#2984 = CARTESIAN_POINT('',(-41.64034852392,-0.849803031101));
#2985 = CARTESIAN_POINT('',(-41.66741980826,-0.812328649643));
#2986 = CARTESIAN_POINT('',(-41.69310289397,-0.773711162177));
#2987 = CARTESIAN_POINT('',(-41.71730932488,-0.734016753956));
#2988 = CARTESIAN_POINT('',(-41.73996056536,-0.693323021802));
#2989 = CARTESIAN_POINT('',(-41.7774036924,-0.619239537901));
#2990 = CARTESIAN_POINT('',(-41.79282984586,-0.586205049175));
#2991 = CARTESIAN_POINT('',(-41.80723392159,-0.552657646822));
#2992 = CARTESIAN_POINT('',(-41.82058755016,-0.518642398756));
#2993 = CARTESIAN_POINT('',(-41.86592744788,-0.391491483968));
#2994 = CARTESIAN_POINT('',(-41.89119966843,-0.295724671043));
#2995 = CARTESIAN_POINT('',(-41.90820669695,-0.197859418138));
#2996 = CARTESIAN_POINT('',(-41.91671097198,-9.892615730963E-02));
#2997 = CARTESIAN_POINT('',(-41.91671097198,9.892615731022E-02));
#2998 = CARTESIAN_POINT('',(-41.90820669695,0.197859418139));
#2999 = CARTESIAN_POINT('',(-41.89119966843,0.295724671044));
#3000 = CARTESIAN_POINT('',(-41.86592744788,0.391491483969));
#3001 = CARTESIAN_POINT('',(-41.82058755016,0.518642398757));
#3002 = CARTESIAN_POINT('',(-41.80723392159,0.552657646823));
#3003 = CARTESIAN_POINT('',(-41.79282984586,0.586205049176));
#3004 = CARTESIAN_POINT('',(-41.7774036924,0.619239537902));
#3005 = CARTESIAN_POINT('',(-41.73996056536,0.693323021803));
#3006 = CARTESIAN_POINT('',(-41.71730932488,0.734016753956));
#3007 = CARTESIAN_POINT('',(-41.69310289397,0.773711162177));
#3008 = CARTESIAN_POINT('',(-41.66741980826,0.812328649643));
#3009 = CARTESIAN_POINT('',(-41.64034852392,0.849803031101));
#3010 = ( GEOMETRIC_REPRESENTATION_CONTEXT(2) 
PARAMETRIC_REPRESENTATION_CONTEXT() REPRESENTATION_CONTEXT('2D SPACE',''
  ) );
#3011 = ADVANCED_FACE('',(#3012),#1304,.T.);
#3012 = FACE_BOUND('',#3013,.F.);
#3013 = EDGE_LOOP('',(#3014,#3015,#3038,#3060));
#3014 = ORIENTED_EDGE('',*,*,#1344,.F.);
#3015 = ORIENTED_EDGE('',*,*,#3016,.T.);
#3016 = EDGE_CURVE('',#1345,#3017,#3019,.T.);
#3017 = VERTEX_POINT('',#3018);
#3018 = CARTESIAN_POINT('',(44.75,0.,80.7));
#3019 = SURFACE_CURVE('',#3020,(#3024,#3031),.PCURVE_S1.);
#3020 = LINE('',#3021,#3022);
#3021 = CARTESIAN_POINT('',(44.75,0.,69.9));
#3022 = VECTOR('',#3023,1.);
#3023 = DIRECTION('',(0.,0.,1.));
#3024 = PCURVE('',#1304,#3025);
#3025 = DEFINITIONAL_REPRESENTATION('',(#3026),#3030);
#3026 = LINE('',#3027,#3028);
#3027 = CARTESIAN_POINT('',(-0.,0.));
#3028 = VECTOR('',#3029,1.);
#3029 = DIRECTION('',(-0.,-1.));
#3030 = ( GEOMETRIC_REPRESENTATION_CONTEXT(2) 
PARAMETRIC_REPRESENTATION_CONTEXT() REPRESENTATION_CONTEXT('2D SPACE',''
  ) );
#3031 = PCURVE('',#1385,#3032);
#3032 = DEFINITIONAL_REPRESENTATION('',(#3033),#3037);
#3033 = LINE('',#3034,#3035);
#3034 = CARTESIAN_POINT('',(-6.28318530718,0.));
#3035 = VECTOR('',#3036,1.);
#3036 = DIRECTION('',(-0.,-1.));
#3037 = ( GEOMETRIC_REPRESENTATION_CONTEXT(2) 
PARAMETRIC_REPRESENTATION_CONTEXT() REPRESENTATION_CONTEXT('2D SPACE',''
  ) );
#3038 = ORIENTED_EDGE('',*,*,#3039,.T.);
#3039 = EDGE_CURVE('',#3017,#1266,#3040,.T.);
#3040 = SURFACE_CURVE('',#3041,(#3046,#3053),.PCURVE_S1.);
#3041 = CIRCLE('',#3042,44.75);
#3042 = AXIS2_PLACEMENT_3D('',#3043,#3044,#3045);
#3043 = CARTESIAN_POINT('',(0.,0.,80.7));
#3044 = DIRECTION('',(0.,0.,1.));
#3045 = DIRECTION('',(1.,0.,0.));
#3046 = PCURVE('',#1304,#3047);
#3047 = DEFINITIONAL_REPRESENTATION('',(#3048),#3052);
#3048 = LINE('',#3049,#3050);
#3049 = CARTESIAN_POINT('',(-0.,-10.8));
#3050 = VECTOR('',#3051,1.);
#3051 = DIRECTION('',(-1.,0.));
#3052 = ( GEOMETRIC_REPRESENTATION_CONTEXT(2) 
PARAMETRIC_REPRESENTATION_CONTEXT() REPRESENTATION_CONTEXT('2D SPACE',''
  ) );
#3053 = PCURVE('',#1280,#3054);
#3054 = DEFINITIONAL_REPRESENTATION('',(#3055),#3059);
#3055 = CIRCLE('',#3056,44.75);
#3056 = AXIS2_PLACEMENT_2D('',#3057,#3058);
#3057 = CARTESIAN_POINT('',(2.933502854163E-15,-4.040240899597E-15));
#3058 = DIRECTION('',(1.,0.));
#3059 = ( GEOMETRIC_REPRESENTATION_CONTEXT(2) 
PARAMETRIC_REPRESENTATION_CONTEXT() REPRESENTATION_CONTEXT('2D SPACE',''
  ) );
#3060 = ORIENTED_EDGE('',*,*,#1291,.T.);
#3061 = ADVANCED_FACE('',(#3062),#1280,.T.);
#3062 = FACE_BOUND('',#3063,.T.);
#3063 = EDGE_LOOP('',(#3064,#3086,#3087,#3088,#3089,#3090,#3112,#3113,
    #3114));
#3064 = ORIENTED_EDGE('',*,*,#3065,.T.);
#3065 = EDGE_CURVE('',#1447,#3017,#3066,.T.);
#3066 = SURFACE_CURVE('',#3067,(#3072,#3079),.PCURVE_S1.);
#3067 = CIRCLE('',#3068,44.75);
#3068 = AXIS2_PLACEMENT_3D('',#3069,#3070,#3071);
#3069 = CARTESIAN_POINT('',(0.,0.,80.7));
#3070 = DIRECTION('',(0.,0.,1.));
#3071 = DIRECTION('',(1.,0.,0.));
#3072 = PCURVE('',#1280,#3073);
#3073 = DEFINITIONAL_REPRESENTATION('',(#3074),#3078);
#3074 = CIRCLE('',#3075,44.75);
#3075 = AXIS2_PLACEMENT_2D('',#3076,#3077);
#3076 = CARTESIAN_POINT('',(2.933502854163E-15,-4.040240899597E-15));
#3077 = DIRECTION('',(1.,0.));
#3078 = ( GEOMETRIC_REPRESENTATION_CONTEXT(2) 
PARAMETRIC_REPRESENTATION_CONTEXT() REPRESENTATION_CONTEXT('2D SPACE',''
  ) );
#3079 = PCURVE('',#1385,#3080);
#3080 = DEFINITIONAL_REPRESENTATION('',(#3081),#3085);
#3081 = LINE('',#3082,#3083);
#3082 = CARTESIAN_POINT('',(-0.,-10.8));
#3083 = VECTOR('',#3084,1.);
#3084 = DIRECTION('',(-1.,0.));
#3085 = ( GEOMETRIC_REPRESENTATION_CONTEXT(2) 
PARAMETRIC_REPRESENTATION_CONTEXT() REPRESENTATION_CONTEXT('2D SPACE',''
  ) );
#3086 = ORIENTED_EDGE('',*,*,#3039,.T.);
#3087 = ORIENTED_EDGE('',*,*,#1265,.T.);
#3088 = ORIENTED_EDGE('',*,*,#2922,.T.);
#3089 = ORIENTED_EDGE('',*,*,#2596,.T.);
#3090 = ORIENTED_EDGE('',*,*,#3091,.F.);
#3091 = EDGE_CURVE('',#2153,#2597,#3092,.T.);
#3092 = SURFACE_CURVE('',#3093,(#3098,#3105),.PCURVE_S1.);
#3093 = CIRCLE('',#3094,39.75);
#3094 = AXIS2_PLACEMENT_3D('',#3095,#3096,#3097);
#3095 = CARTESIAN_POINT('',(0.,0.,80.7));
#3096 = DIRECTION('',(0.,0.,1.));
#3097 = DIRECTION('',(1.,0.,0.));
#3098 = PCURVE('',#1280,#3099);
#3099 = DEFINITIONAL_REPRESENTATION('',(#3100),#3104);
#3100 = CIRCLE('',#3101,39.75);
#3101 = AXIS2_PLACEMENT_2D('',#3102,#3103);
#3102 = CARTESIAN_POINT('',(2.933502854163E-15,-4.040240899597E-15));
#3103 = DIRECTION('',(1.,0.));
#3104 = ( GEOMETRIC_REPRESENTATION_CONTEXT(2) 
PARAMETRIC_REPRESENTATION_CONTEXT() REPRESENTATION_CONTEXT('2D SPACE',''
  ) );
#3105 = PCURVE('',#2250,#3106);
#3106 = DEFINITIONAL_REPRESENTATION('',(#3107),#3111);
#3107 = LINE('',#3108,#3109);
#3108 = CARTESIAN_POINT('',(-0.,0.));
#3109 = VECTOR('',#3110,1.);
#3110 = DIRECTION('',(-1.,0.));
#3111 = ( GEOMETRIC_REPRESENTATION_CONTEXT(2) 
PARAMETRIC_REPRESENTATION_CONTEXT() REPRESENTATION_CONTEXT('2D SPACE',''
  ) );
#3112 = ORIENTED_EDGE('',*,*,#2303,.T.);
#3113 = ORIENTED_EDGE('',*,*,#1919,.T.);
#3114 = ORIENTED_EDGE('',*,*,#1467,.T.);
#3115 = ADVANCED_FACE('',(#3116),#1385,.T.);
#3116 = FACE_BOUND('',#3117,.F.);
#3117 = EDGE_LOOP('',(#3118,#3119,#3120,#3121));
#3118 = ORIENTED_EDGE('',*,*,#3016,.F.);
#3119 = ORIENTED_EDGE('',*,*,#1368,.F.);
#3120 = ORIENTED_EDGE('',*,*,#1446,.F.);
#3121 = ORIENTED_EDGE('',*,*,#3065,.T.);
#3122 = ADVANCED_FACE('',(#3123),#2250,.T.);
#3123 = FACE_BOUND('',#3124,.F.);
#3124 = EDGE_LOOP('',(#3125,#3126,#3236,#3264,#3293,#3319,#3469,#3470));
#3125 = ORIENTED_EDGE('',*,*,#2152,.F.);
#3126 = ORIENTED_EDGE('',*,*,#3127,.T.);
#3127 = EDGE_CURVE('',#2084,#3128,#3130,.T.);
#3128 = VERTEX_POINT('',#3129);
#3129 = CARTESIAN_POINT('',(39.75,0.,98.064636865758));
#3130 = SURFACE_CURVE('',#3131,(#3164,#3200),.PCURVE_S1.);
#3131 = B_SPLINE_CURVE_WITH_KNOTS('',6,(#3132,#3133,#3134,#3135,#3136,
    #3137,#3138,#3139,#3140,#3141,#3142,#3143,#3144,#3145,#3146,#3147,
    #3148,#3149,#3150,#3151,#3152,#3153,#3154,#3155,#3156,#3157,#3158,
    #3159,#3160,#3161,#3162,#3163),.UNSPECIFIED.,.F.,.F.,(7,5,5,5,5,5,7)
  ,(0.,0.208133644036,0.363873660848,0.43550814977,0.558122547389,
    0.938201076344,1.),.UNSPECIFIED.);
#3132 = CARTESIAN_POINT('',(39.741724783922,0.811055607835,
    97.662934369643));
#3133 = CARTESIAN_POINT('',(39.741875760513,0.803657754889,
    97.688457716842));
#3134 = CARTESIAN_POINT('',(39.74207222643,0.793949350383,
    97.713641432969));
#3135 = CARTESIAN_POINT('',(39.742312995635,0.781896309706,
    97.738339653167));
#3136 = CARTESIAN_POINT('',(39.742594995565,0.767497447494,
    97.762406516431));
#3137 = CARTESIAN_POINT('',(39.742913299659,0.750799156736,
    97.785701311584));
#3138 = CARTESIAN_POINT('',(39.743521453024,0.717775977503,
    97.824849102716));
#3139 = CARTESIAN_POINT('',(39.743798334802,0.702413426938,
    97.841101462881));
#3140 = CARTESIAN_POINT('',(39.744089024504,0.685866738886,
    97.856796764178));
#3141 = CARTESIAN_POINT('',(39.744390328213,0.668193741936,
    97.87189102005));
#3142 = CARTESIAN_POINT('',(39.744698838804,0.64946345724,
    97.886349249581));
#3143 = CARTESIAN_POINT('',(39.745154780741,0.620688055869,
    97.906489834875));
#3144 = CARTESIAN_POINT('',(39.745299231047,0.611414891547,
    97.912695034728));
#3145 = CARTESIAN_POINT('',(39.745444154953,0.601941692148,
    97.918757660461));
#3146 = CARTESIAN_POINT('',(39.745589226365,0.592275999805,
    97.924675649273));
#3147 = CARTESIAN_POINT('',(39.745734124991,0.582425478837,
    97.930447344777));
#3148 = CARTESIAN_POINT('',(39.746125720513,0.555234065961,
    97.945698173289));
#3149 = CARTESIAN_POINT('',(39.746371484217,0.537551316221,
    97.95489236952));
#3150 = CARTESIAN_POINT('',(39.746614245531,0.519388867359,
    97.963648258138));
#3151 = CARTESIAN_POINT('',(39.746852537864,0.500784908541,
    97.971962421056));
#3152 = CARTESIAN_POINT('',(39.74708500996,0.48177661727,97.979833849658
    ));
#3153 = CARTESIAN_POINT('',(39.748009167311,0.402337265048,
    98.010295657912));
#3154 = CARTESIAN_POINT('',(39.748639685887,0.338775983932,
    98.029069294018));
#3155 = CARTESIAN_POINT('',(39.749166637877,0.272705250225,
    98.043657123158));
#3156 = CARTESIAN_POINT('',(39.749565887099,0.205001302555,
    98.054199769467));
#3157 = CARTESIAN_POINT('',(39.749825921607,0.136377938026,
    98.060815746738));
#3158 = CARTESIAN_POINT('',(39.749961896959,5.616960389942E-02,
    98.063973820145));
#3159 = CARTESIAN_POINT('',(39.749977130322,4.4943038808E-02,
    98.064312364969));
#3160 = CARTESIAN_POINT('',(39.749988564236,3.371014099817E-02,
    98.064547903333));
#3161 = CARTESIAN_POINT('',(39.749996188771,2.247356975892E-02,
    98.064680501698));
#3162 = CARTESIAN_POINT('',(39.75,1.123597554962E-02,98.064710170822));
#3163 = CARTESIAN_POINT('',(39.75,-9.719992588918E-15,98.064636865758));
#3164 = PCURVE('',#2250,#3165);
#3165 = DEFINITIONAL_REPRESENTATION('',(#3166),#3199);
#3166 = B_SPLINE_CURVE_WITH_KNOTS('',6,(#3167,#3168,#3169,#3170,#3171,
    #3172,#3173,#3174,#3175,#3176,#3177,#3178,#3179,#3180,#3181,#3182,
    #3183,#3184,#3185,#3186,#3187,#3188,#3189,#3190,#3191,#3192,#3193,
    #3194,#3195,#3196,#3197,#3198),.UNSPECIFIED.,.F.,.F.,(7,5,5,5,5,5,7)
  ,(0.,0.208133644036,0.363873660848,0.43550814977,0.558122547389,
    0.938201076344,1.),.UNSPECIFIED.);
#3167 = CARTESIAN_POINT('',(-2.040533068654E-02,-16.96293436964));
#3168 = CARTESIAN_POINT('',(-2.021918242583E-02,-16.98845771684));
#3169 = CARTESIAN_POINT('',(-1.997489583361E-02,-17.01364143296));
#3170 = CARTESIAN_POINT('',(-1.967161420718E-02,-17.03833965316));
#3171 = CARTESIAN_POINT('',(-1.930930927133E-02,-17.06240651643));
#3172 = CARTESIAN_POINT('',(-1.888915025751E-02,-17.08570131158));
#3173 = CARTESIAN_POINT('',(-1.805823758781E-02,-17.12484910271));
#3174 = CARTESIAN_POINT('',(-1.767169559181E-02,-17.14110146288));
#3175 = CARTESIAN_POINT('',(-1.725536254861E-02,-17.15679676417));
#3176 = CARTESIAN_POINT('',(-1.681069434267E-02,-17.17189102005));
#3177 = CARTESIAN_POINT('',(-1.633942839044E-02,-17.18634924958));
#3178 = CARTESIAN_POINT('',(-1.561542805558E-02,-17.20648983487));
#3179 = CARTESIAN_POINT('',(-1.53821126093E-02,-17.21269503472));
#3180 = CARTESIAN_POINT('',(-1.514376525549E-02,-17.21875766046));
#3181 = CARTESIAN_POINT('',(-1.490057581323E-02,-17.22467564927));
#3182 = CARTESIAN_POINT('',(-1.465273716787E-02,-17.23044734477));
#3183 = CARTESIAN_POINT('',(-1.396860553266E-02,-17.24569817328));
#3184 = CARTESIAN_POINT('',(-1.352371357668E-02,-17.25489236952));
#3185 = CARTESIAN_POINT('',(-1.306675591012E-02,-17.26364825813));
#3186 = CARTESIAN_POINT('',(-1.259869351115E-02,-17.27196242105));
#3187 = CARTESIAN_POINT('',(-1.212046182908E-02,-17.27983384965));
#3188 = CARTESIAN_POINT('',(-1.012185232894E-02,-17.31029565791));
#3189 = CARTESIAN_POINT('',(-8.522750056001E-03,-17.32906929401));
#3190 = CARTESIAN_POINT('',(-6.8605453139E-03,-17.34365712315));
#3191 = CARTESIAN_POINT('',(-5.157277397016E-03,-17.35419976946));
#3192 = CARTESIAN_POINT('',(-3.430894828736E-03,-17.36081574673));
#3193 = CARTESIAN_POINT('',(-1.413072202717E-03,-17.36397382014));
#3194 = CARTESIAN_POINT('',(-1.130642648471E-03,-17.36431236496));
#3195 = CARTESIAN_POINT('',(-8.480539022421E-04,-17.36454790333));
#3196 = CARTESIAN_POINT('',(-5.653728240599E-04,-17.36468050169));
#3197 = CARTESIAN_POINT('',(-2.82666051563E-04,-17.36471017082));
#3198 = CARTESIAN_POINT('',(0.,-17.36463686575));
#3199 = ( GEOMETRIC_REPRESENTATION_CONTEXT(2) 
PARAMETRIC_REPRESENTATION_CONTEXT() REPRESENTATION_CONTEXT('2D SPACE',''
  ) );
#3200 = PCURVE('',#2100,#3201);
#3201 = DEFINITIONAL_REPRESENTATION('',(#3202),#3235);
#3202 = B_SPLINE_CURVE_WITH_KNOTS('',6,(#3203,#3204,#3205,#3206,#3207,
    #3208,#3209,#3210,#3211,#3212,#3213,#3214,#3215,#3216,#3217,#3218,
    #3219,#3220,#3221,#3222,#3223,#3224,#3225,#3226,#3227,#3228,#3229,
    #3230,#3231,#3232,#3233,#3234),.UNSPECIFIED.,.F.,.F.,(7,5,5,5,5,5,7)
  ,(0.,0.208133644036,0.363873660848,0.43550814977,0.558122547389,
    0.938201076344,1.),.UNSPECIFIED.);
#3203 = CARTESIAN_POINT('',(1.,0.962407805286));
#3204 = CARTESIAN_POINT('',(0.981507891821,0.962989118698));
#3205 = CARTESIAN_POINT('',(0.962989529296,0.96356668083));
#3206 = CARTESIAN_POINT('',(0.944458072344,0.96413708478));
#3207 = CARTESIAN_POINT('',(0.92593115787,0.964696757099));
#3208 = CARTESIAN_POINT('',(0.907433577913,0.965242092051));
#3209 = CARTESIAN_POINT('',(0.87520664571,0.966164293304));
#3210 = CARTESIAN_POINT('',(0.861447390703,0.966549063394));
#3211 = CARTESIAN_POINT('',(0.847736049711,0.966922447083));
#3212 = CARTESIAN_POINT('',(0.83408429362,0.967283190365));
#3213 = CARTESIAN_POINT('',(0.820502376489,0.967630230027));
#3214 = CARTESIAN_POINT('',(0.800789280929,0.96811560807));
#3215 = CARTESIAN_POINT('',(0.79459530793,0.968265445783));
#3216 = CARTESIAN_POINT('',(0.78841878059,0.968412120651));
#3217 = CARTESIAN_POINT('',(0.782260364224,0.968555560598));
#3218 = CARTESIAN_POINT('',(0.77612059464,0.968695703367));
#3219 = CARTESIAN_POINT('',(0.759523249106,0.969066640831));
#3220 = CARTESIAN_POINT('',(0.749102498953,0.969290967194));
#3221 = CARTESIAN_POINT('',(0.738739495119,0.969505222342));
#3222 = CARTESIAN_POINT('',(0.728435051592,0.969709217401));
#3223 = CARTESIAN_POINT('',(0.718188928912,0.969902827885));
#3224 = CARTESIAN_POINT('',(0.67641580966,0.970653768701));
#3225 = CARTESIAN_POINT('',(0.645401535078,0.971120761129));
#3226 = CARTESIAN_POINT('',(0.614875807063,0.971485965404));
#3227 = CARTESIAN_POINT('',(0.584727731327,0.971750861844));
#3228 = CARTESIAN_POINT('',(0.554830972178,0.971917327412));
#3229 = CARTESIAN_POINT('',(0.52014934398,0.971996817236));
#3230 = CARTESIAN_POINT('',(0.515300972569,0.972005340174));
#3231 = CARTESIAN_POINT('',(0.510453970957,0.972011270609));
#3232 = CARTESIAN_POINT('',(0.505607667775,0.972014609335));
#3233 = CARTESIAN_POINT('',(0.500761390156,0.972015356303));
#3234 = CARTESIAN_POINT('',(0.495914463738,0.972013510619));
#3235 = ( GEOMETRIC_REPRESENTATION_CONTEXT(2) 
PARAMETRIC_REPRESENTATION_CONTEXT() REPRESENTATION_CONTEXT('2D SPACE',''
  ) );
#3236 = ORIENTED_EDGE('',*,*,#3237,.T.);
#3237 = EDGE_CURVE('',#3128,#3238,#3240,.T.);
#3238 = VERTEX_POINT('',#3239);
#3239 = CARTESIAN_POINT('',(39.75,0.,109.));
#3240 = SURFACE_CURVE('',#3241,(#3245,#3252),.PCURVE_S1.);
#3241 = LINE('',#3242,#3243);
#3242 = CARTESIAN_POINT('',(39.75,0.,80.7));
#3243 = VECTOR('',#3244,1.);
#3244 = DIRECTION('',(0.,0.,1.));
#3245 = PCURVE('',#2250,#3246);
#3246 = DEFINITIONAL_REPRESENTATION('',(#3247),#3251);
#3247 = LINE('',#3248,#3249);
#3248 = CARTESIAN_POINT('',(-0.,0.));
#3249 = VECTOR('',#3250,1.);
#3250 = DIRECTION('',(-0.,-1.));
#3251 = ( GEOMETRIC_REPRESENTATION_CONTEXT(2) 
PARAMETRIC_REPRESENTATION_CONTEXT() REPRESENTATION_CONTEXT('2D SPACE',''
  ) );
#3252 = PCURVE('',#3253,#3258);
#3253 = CYLINDRICAL_SURFACE('',#3254,39.75);
#3254 = AXIS2_PLACEMENT_3D('',#3255,#3256,#3257);
#3255 = CARTESIAN_POINT('',(0.,0.,80.7));
#3256 = DIRECTION('',(-0.,-0.,-1.));
#3257 = DIRECTION('',(1.,0.,0.));
#3258 = DEFINITIONAL_REPRESENTATION('',(#3259),#3263);
#3259 = LINE('',#3260,#3261);
#3260 = CARTESIAN_POINT('',(-6.28318530718,0.));
#3261 = VECTOR('',#3262,1.);
#3262 = DIRECTION('',(-0.,-1.));
#3263 = ( GEOMETRIC_REPRESENTATION_CONTEXT(2) 
PARAMETRIC_REPRESENTATION_CONTEXT() REPRESENTATION_CONTEXT('2D SPACE',''
  ) );
#3264 = ORIENTED_EDGE('',*,*,#3265,.T.);
#3265 = EDGE_CURVE('',#3238,#3266,#3268,.T.);
#3266 = VERTEX_POINT('',#3267);
#3267 = CARTESIAN_POINT('',(-39.75,-5.670707908706E-06,109.));
#3268 = SURFACE_CURVE('',#3269,(#3274,#3281),.PCURVE_S1.);
#3269 = CIRCLE('',#3270,39.75);
#3270 = AXIS2_PLACEMENT_3D('',#3271,#3272,#3273);
#3271 = CARTESIAN_POINT('',(0.,0.,109.));
#3272 = DIRECTION('',(0.,0.,1.));
#3273 = DIRECTION('',(1.,0.,0.));
#3274 = PCURVE('',#2250,#3275);
#3275 = DEFINITIONAL_REPRESENTATION('',(#3276),#3280);
#3276 = LINE('',#3277,#3278);
#3277 = CARTESIAN_POINT('',(-0.,-28.3));
#3278 = VECTOR('',#3279,1.);
#3279 = DIRECTION('',(-1.,0.));
#3280 = ( GEOMETRIC_REPRESENTATION_CONTEXT(2) 
PARAMETRIC_REPRESENTATION_CONTEXT() REPRESENTATION_CONTEXT('2D SPACE',''
  ) );
#3281 = PCURVE('',#3282,#3287);
#3282 = PLANE('',#3283);
#3283 = AXIS2_PLACEMENT_3D('',#3284,#3285,#3286);
#3284 = CARTESIAN_POINT('',(-4.403329231825E-15,5.790076070423E-16,109.)
  );
#3285 = DIRECTION('',(0.,0.,1.));
#3286 = DIRECTION('',(1.,0.,-0.));
#3287 = DEFINITIONAL_REPRESENTATION('',(#3288),#3292);
#3288 = CIRCLE('',#3289,39.75);
#3289 = AXIS2_PLACEMENT_2D('',#3290,#3291);
#3290 = CARTESIAN_POINT('',(4.403329231825E-15,-5.790076070423E-16));
#3291 = DIRECTION('',(1.,0.));
#3292 = ( GEOMETRIC_REPRESENTATION_CONTEXT(2) 
PARAMETRIC_REPRESENTATION_CONTEXT() REPRESENTATION_CONTEXT('2D SPACE',''
  ) );
#3293 = ORIENTED_EDGE('',*,*,#3294,.T.);
#3294 = EDGE_CURVE('',#3266,#3295,#3297,.T.);
#3295 = VERTEX_POINT('',#3296);
#3296 = CARTESIAN_POINT('',(-39.75,-5.670707919993E-06,98.064694677996)
  );
#3297 = SURFACE_CURVE('',#3298,(#3302,#3308),.PCURVE_S1.);
#3298 = LINE('',#3299,#3300);
#3299 = CARTESIAN_POINT('',(-39.75,-5.670707919931E-06,80.7));
#3300 = VECTOR('',#3301,1.);
#3301 = DIRECTION('',(-0.,-0.,-1.));
#3302 = PCURVE('',#2250,#3303);
#3303 = DEFINITIONAL_REPRESENTATION('',(#3304),#3307);
#3304 = B_SPLINE_CURVE_WITH_KNOTS('',1,(#3305,#3306),.UNSPECIFIED.,.F.,
  .F.,(2,2),(-28.3000006,1.199999999812E-06),.PIECEWISE_BEZIER_KNOTS.);
#3305 = CARTESIAN_POINT('',(-3.141592796249,-28.3000006));
#3306 = CARTESIAN_POINT('',(-3.141592796249,1.199999999812E-06));
#3307 = ( GEOMETRIC_REPRESENTATION_CONTEXT(2) 
PARAMETRIC_REPRESENTATION_CONTEXT() REPRESENTATION_CONTEXT('2D SPACE',''
  ) );
#3308 = PCURVE('',#3309,#3314);
#3309 = PLANE('',#3310);
#3310 = AXIS2_PLACEMENT_3D('',#3311,#3312,#3313);
#3311 = CARTESIAN_POINT('',(1.847204318023E-04,-5.670707919931E-06,
    52.831249336744));
#3312 = DIRECTION('',(-0.,-1.,-0.));
#3313 = DIRECTION('',(0.,0.,-1.));
#3314 = DEFINITIONAL_REPRESENTATION('',(#3315),#3318);
#3315 = B_SPLINE_CURVE_WITH_KNOTS('',1,(#3316,#3317),.UNSPECIFIED.,.F.,
  .F.,(2,2),(-28.3000006,1.199999999812E-06),.PIECEWISE_BEZIER_KNOTS.);
#3316 = CARTESIAN_POINT('',(-56.16875126325,-39.75018472043));
#3317 = CARTESIAN_POINT('',(-27.86874946325,-39.75018472043));
#3318 = ( GEOMETRIC_REPRESENTATION_CONTEXT(2) 
PARAMETRIC_REPRESENTATION_CONTEXT() REPRESENTATION_CONTEXT('2D SPACE',''
  ) );
#3319 = ORIENTED_EDGE('',*,*,#3320,.T.);
#3320 = EDGE_CURVE('',#3295,#2665,#3321,.T.);
#3321 = SURFACE_CURVE('',#3322,(#3369,#3419),.PCURVE_S1.);
#3322 = B_SPLINE_CURVE_WITH_KNOTS('',5,(#3323,#3324,#3325,#3326,#3327,
    #3328,#3329,#3330,#3331,#3332,#3333,#3334,#3335,#3336,#3337,#3338,
    #3339,#3340,#3341,#3342,#3343,#3344,#3345,#3346,#3347,#3348,#3349,
    #3350,#3351,#3352,#3353,#3354,#3355,#3356,#3357,#3358,#3359,#3360,
    #3361,#3362,#3363,#3364,#3365,#3366,#3367,#3368),.UNSPECIFIED.,.F.,
  .F.,(6,4,4,4,4,4,4,4,4,4,4,6),(0.,0.103830234083,0.182334703089,
    0.21944291256,0.28131618191,0.349114832632,0.500005178744,
    0.650514413687,0.718323751624,0.781191398699,0.896774291498,1.),
  .UNSPECIFIED.);
#3323 = CARTESIAN_POINT('',(-39.74172478392,-0.811055607835,
    97.662934369644));
#3324 = CARTESIAN_POINT('',(-39.74191543927,-0.80171349551,
    97.693322089952));
#3325 = CARTESIAN_POINT('',(-39.74217243903,-0.788985162117,
    97.723187213926));
#3326 = CARTESIAN_POINT('',(-39.74249307291,-0.772813226825,
    97.752248780794));
#3327 = CARTESIAN_POINT('',(-39.74286926245,-0.753234156873,
    97.780227797878));
#3328 = CARTESIAN_POINT('',(-39.7436043667,-0.713238097707,
    97.82702385783));
#3329 = CARTESIAN_POINT('',(-39.7439451715,-0.694187703845,
    97.846414182611));
#3330 = CARTESIAN_POINT('',(-39.74430468861,-0.673395943118,
    97.864940583038));
#3331 = CARTESIAN_POINT('',(-39.74467612867,-0.650990847381,
    97.882526285847));
#3332 = CARTESIAN_POINT('',(-39.74523067206,-0.615845845461,
    97.906961199361));
#3333 = CARTESIAN_POINT('',(-39.74540981284,-0.604238884963,
    97.914582287225));
#3334 = CARTESIAN_POINT('',(-39.74558938483,-0.592321385827,
    97.921976311997));
#3335 = CARTESIAN_POINT('',(-39.74576869035,-0.580109666895,
    97.929139332028));
#3336 = CARTESIAN_POINT('',(-39.74624444687,-0.546796219775,
    97.947622653283));
#3337 = CARTESIAN_POINT('',(-39.74653922786,-0.525200181535,
    97.958526787087));
#3338 = CARTESIAN_POINT('',(-39.74682824563,-0.502910031708,
    97.968769903726));
#3339 = CARTESIAN_POINT('',(-39.74710869886,-0.480000423366,
    97.97834786557));
#3340 = CARTESIAN_POINT('',(-39.74767337208,-0.43083904668,
    97.997033233881));
#3341 = CARTESIAN_POINT('',(-39.74795538775,-0.404476978674,
    98.006007143547));
#3342 = CARTESIAN_POINT('',(-39.74822099596,-0.377549267935,
    98.014189591292));
#3343 = CARTESIAN_POINT('',(-39.74846759315,-0.350139687198,
    98.021588315755));
#3344 = CARTESIAN_POINT('',(-39.74919516513,-0.260415988598,
    98.04296172087));
#3345 = CARTESIAN_POINT('',(-39.74959285801,-0.196510815854,
    98.053877305428));
#3346 = CARTESIAN_POINT('',(-39.7498642734,-0.131386016977,
    98.061088390712));
#3347 = CARTESIAN_POINT('',(-39.75000000095,-6.570019485329E-02,
    98.064694703278));
#3348 = CARTESIAN_POINT('',(-39.74999999905,6.553540211208E-02,
    98.064694652798));
#3349 = CARTESIAN_POINT('',(-39.74986495418,0.131055456514,
    98.061106482555));
#3350 = CARTESIAN_POINT('',(-39.74959490586,0.196018561629,
    98.053931704671));
#3351 = CARTESIAN_POINT('',(-39.74919917075,0.259771452039,
    98.04307165632));
#3352 = CARTESIAN_POINT('',(-39.74847435311,0.349372516239,
    98.021790313158));
#3353 = CARTESIAN_POINT('',(-39.74822815237,0.376796724506,
    98.014407821509));
#3354 = CARTESIAN_POINT('',(-39.7479628945,0.403740261412,
    98.006241522359));
#3355 = CARTESIAN_POINT('',(-39.74768117781,0.430119414182,
    97.99728363352));
#3356 = CARTESIAN_POINT('',(-39.74711268509,0.479689470665,
    97.97848688883));
#3357 = CARTESIAN_POINT('',(-39.74682777658,0.502972563219,
    97.968760107723));
#3358 = CARTESIAN_POINT('',(-39.74653399306,0.5256171767,97.9583472902)
  );
#3359 = CARTESIAN_POINT('',(-39.74623432134,0.547543349251,
    97.947251245618));
#3360 = CARTESIAN_POINT('',(-39.74537629821,0.60751292892,
    97.913852764598));
#3361 = CARTESIAN_POINT('',(-39.74481158892,0.643665388928,
    97.889949144179));
#3362 = CARTESIAN_POINT('',(-39.74425858627,0.676598609652,
    97.863868138252));
#3363 = CARTESIAN_POINT('',(-39.74374065698,0.705845220196,
    97.835802761081));
#3364 = CARTESIAN_POINT('',(-39.74286055757,0.753687122727,
    97.779579289485));
#3365 = CARTESIAN_POINT('',(-39.74248750574,0.773093965529,
    97.751743610677));
#3366 = CARTESIAN_POINT('',(-39.7421694639,0.789132524185,
    97.722841140102));
#3367 = CARTESIAN_POINT('',(-39.74191433501,0.80176760433,
    97.693146086538));
#3368 = CARTESIAN_POINT('',(-39.74172478392,0.811055607835,
    97.662934369643));
#3369 = PCURVE('',#2250,#3370);
#3370 = DEFINITIONAL_REPRESENTATION('',(#3371),#3418);
#3371 = B_SPLINE_CURVE_WITH_KNOTS('',5,(#3372,#3373,#3374,#3375,#3376,
    #3377,#3378,#3379,#3380,#3381,#3382,#3383,#3384,#3385,#3386,#3387,
    #3388,#3389,#3390,#3391,#3392,#3393,#3394,#3395,#3396,#3397,#3398,
    #3399,#3400,#3401,#3402,#3403,#3404,#3405,#3406,#3407,#3408,#3409,
    #3410,#3411,#3412,#3413,#3414,#3415,#3416,#3417),.UNSPECIFIED.,.F.,
  .F.,(6,4,4,4,4,4,4,4,4,4,4,6),(0.,0.103830234083,0.182334703089,
    0.21944291256,0.28131618191,0.349114832632,0.500005178744,
    0.650514413687,0.718323751624,0.781191398699,0.896774291498,1.),
  .UNSPECIFIED.);
#3372 = CARTESIAN_POINT('',(-3.161997984276,-16.96293436964));
#3373 = CARTESIAN_POINT('',(-3.161762913645,-16.99332208995));
#3374 = CARTESIAN_POINT('',(-3.161442638743,-17.02318721392));
#3375 = CARTESIAN_POINT('',(-3.161035717685,-17.05224878079));
#3376 = CARTESIAN_POINT('',(-3.160543071726,-17.08022779787));
#3377 = CARTESIAN_POINT('',(-3.159536711626,-17.12702385783));
#3378 = CARTESIAN_POINT('',(-3.159057379807,-17.14641418261));
#3379 = CARTESIAN_POINT('',(-3.158534238598,-17.16494058303));
#3380 = CARTESIAN_POINT('',(-3.15797051112,-17.18252628584));
#3381 = CARTESIAN_POINT('',(-3.157086250072,-17.20696119936));
#3382 = CARTESIAN_POINT('',(-3.156794216307,-17.21458228722));
#3383 = CARTESIAN_POINT('',(-3.156494371003,-17.22197631199));
#3384 = CARTESIAN_POINT('',(-3.156187124859,-17.22913933202));
#3385 = CARTESIAN_POINT('',(-3.155348965258,-17.24762265328));
#3386 = CARTESIAN_POINT('',(-3.154805618198,-17.25852678708));
#3387 = CARTESIAN_POINT('',(-3.154244812758,-17.26876990372));
#3388 = CARTESIAN_POINT('',(-3.153668427392,-17.27834786557));
#3389 = CARTESIAN_POINT('',(-3.152431581618,-17.29703323388));
#3390 = CARTESIAN_POINT('',(-3.151768347201,-17.30600714354));
#3391 = CARTESIAN_POINT('',(-3.151090887881,-17.31418959129));
#3392 = CARTESIAN_POINT('',(-3.150401311051,-17.32158831575));
#3393 = CARTESIAN_POINT('',(-3.148144036875,-17.34296172087));
#3394 = CARTESIAN_POINT('',(-3.146536331305,-17.35387730542));
#3395 = CARTESIAN_POINT('',(-3.144897962196,-17.36108839071));
#3396 = CARTESIAN_POINT('',(-3.14324548868,-17.36469470327));
#3397 = CARTESIAN_POINT('',(-3.139943964228,-17.36469465279));
#3398 = CARTESIAN_POINT('',(-3.13829566097,-17.36110648255));
#3399 = CARTESIAN_POINT('',(-3.136661359699,-17.35393170467));
#3400 = CARTESIAN_POINT('',(-3.135057485346,-17.34307165632));
#3401 = CARTESIAN_POINT('',(-3.132803296771,-17.32179031315));
#3402 = CARTESIAN_POINT('',(-3.132113352058,-17.3144078215));
#3403 = CARTESIAN_POINT('',(-3.131435494702,-17.30624152235));
#3404 = CARTESIAN_POINT('',(-3.130771830585,-17.29728363352));
#3405 = CARTESIAN_POINT('',(-3.129524703132,-17.27848688883));
#3406 = CARTESIAN_POINT('',(-3.128938921276,-17.26876010772));
#3407 = CARTESIAN_POINT('',(-3.128369197719,-17.2583472902));
#3408 = CARTESIAN_POINT('',(-3.127817544491,-17.24725124561));
#3409 = CARTESIAN_POINT('',(-3.126308721409,-17.21385276459));
#3410 = CARTESIAN_POINT('',(-3.125399115405,-17.18994914417));
#3411 = CARTESIAN_POINT('',(-3.12457049048,-17.16386813825));
#3412 = CARTESIAN_POINT('',(-3.123834611495,-17.13580276108));
#3413 = CARTESIAN_POINT('',(-3.122630837986,-17.07957928948));
#3414 = CARTESIAN_POINT('',(-3.122142525497,-17.05174361067));
#3415 = CARTESIAN_POINT('',(-3.121738960459,-17.0228411401));
#3416 = CARTESIAN_POINT('',(-3.121421032023,-16.99314608653));
#3417 = CARTESIAN_POINT('',(-3.121187322903,-16.96293436964));
#3418 = ( GEOMETRIC_REPRESENTATION_CONTEXT(2) 
PARAMETRIC_REPRESENTATION_CONTEXT() REPRESENTATION_CONTEXT('2D SPACE',''
  ) );
#3419 = PCURVE('',#2827,#3420);
#3420 = DEFINITIONAL_REPRESENTATION('',(#3421),#3468);
#3421 = B_SPLINE_CURVE_WITH_KNOTS('',5,(#3422,#3423,#3424,#3425,#3426,
    #3427,#3428,#3429,#3430,#3431,#3432,#3433,#3434,#3435,#3436,#3437,
    #3438,#3439,#3440,#3441,#3442,#3443,#3444,#3445,#3446,#3447,#3448,
    #3449,#3450,#3451,#3452,#3453,#3454,#3455,#3456,#3457,#3458,#3459,
    #3460,#3461,#3462,#3463,#3464,#3465,#3466,#3467),.UNSPECIFIED.,.F.,
  .F.,(6,4,4,4,4,4,4,4,4,4,4,6),(0.,0.103830234083,0.182334703089,
    0.21944291256,0.28131618191,0.349114832632,0.500005178744,
    0.650514413687,0.718323751624,0.781191398699,0.896774291498,1.),
  .UNSPECIFIED.);
#3422 = CARTESIAN_POINT('',(7.,0.962407805286));
#3423 = CARTESIAN_POINT('',(6.977983569048,0.963099908451));
#3424 = CARTESIAN_POINT('',(6.955943392896,0.963785991873));
#3425 = CARTESIAN_POINT('',(6.933903502847,0.964459474199));
#3426 = CARTESIAN_POINT('',(6.911900917102,0.965113341504));
#3427 = CARTESIAN_POINT('',(6.873440974796,0.96621538866));
#3428 = CARTESIAN_POINT('',(6.856937572359,0.966674911832));
#3429 = CARTESIAN_POINT('',(6.840516349675,0.967116611908));
#3430 = CARTESIAN_POINT('',(6.824197634452,0.967538205798));
#3431 = CARTESIAN_POINT('',(6.800343414993,0.968126921745));
#3432 = CARTESIAN_POINT('',(6.792713717154,0.968311008217));
#3433 = CARTESIAN_POINT('',(6.785112470855,0.968490045265));
#3434 = CARTESIAN_POINT('',(6.777540916931,0.968663889417));
#3435 = CARTESIAN_POINT('',(6.757426144988,0.969113448692));
#3436 = CARTESIAN_POINT('',(6.744937328059,0.969379715568));
#3437 = CARTESIAN_POINT('',(6.732536906765,0.969630733363));
#3438 = CARTESIAN_POINT('',(6.720225293608,0.969866195603));
#3439 = CARTESIAN_POINT('',(6.694603586305,0.970326825006));
#3440 = CARTESIAN_POINT('',(6.68131092568,0.970548833651));
#3441 = CARTESIAN_POINT('',(6.668117852182,0.970751869828));
#3442 = CARTESIAN_POINT('',(6.655017431222,0.970935916609));
#3443 = CARTESIAN_POINT('',(6.613028187356,0.971468669304));
#3444 = CARTESIAN_POINT('',(6.584475302007,0.97174260273));
#3445 = CARTESIAN_POINT('',(6.556210696578,0.971924164784));
#3446 = CARTESIAN_POINT('',(6.528108319777,0.972014966871));
#3447 = CARTESIAN_POINT('',(6.471962183014,0.9720149656));
#3448 = CARTESIAN_POINT('',(6.443930725736,0.971924620311));
#3449 = CARTESIAN_POINT('',(6.415738320091,0.971743972414));
#3450 = CARTESIAN_POINT('',(6.387259759958,0.97147142823));
#3451 = CARTESIAN_POINT('',(6.345347633405,0.970940943344));
#3452 = CARTESIAN_POINT('',(6.332247158917,0.970757290068));
#3453 = CARTESIAN_POINT('',(6.319054138927,0.970554642157));
#3454 = CARTESIAN_POINT('',(6.305761601547,0.970333015137));
#3455 = CARTESIAN_POINT('',(6.279945659415,0.969869607188));
#3456 = CARTESIAN_POINT('',(6.267436920761,0.969630479127));
#3457 = CARTESIAN_POINT('',(6.254836586731,0.969375304404));
#3458 = CARTESIAN_POINT('',(6.242144790762,0.969104372985));
#3459 = CARTESIAN_POINT('',(6.205870758888,0.968292163536));
#3460 = CARTESIAN_POINT('',(6.182073641618,0.967714540932));
#3461 = CARTESIAN_POINT('',(6.15801569144,0.96708907731));
#3462 = CARTESIAN_POINT('',(6.133748847451,0.966422003324));
#3463 = CARTESIAN_POINT('',(6.087589262272,0.965098187097));
#3464 = CARTESIAN_POINT('',(6.06571344397,0.964447767753));
#3465 = CARTESIAN_POINT('',(6.043801221839,0.963778041858));
#3466 = CARTESIAN_POINT('',(6.021888913423,0.963095899841));
#3467 = CARTESIAN_POINT('',(6.,0.962407805286));
#3468 = ( GEOMETRIC_REPRESENTATION_CONTEXT(2) 
PARAMETRIC_REPRESENTATION_CONTEXT() REPRESENTATION_CONTEXT('2D SPACE',''
  ) );
#3469 = ORIENTED_EDGE('',*,*,#2664,.F.);
#3470 = ORIENTED_EDGE('',*,*,#3091,.F.);
#3471 = ADVANCED_FACE('',(#3472),#2100,.F.);
#3472 = FACE_BOUND('',#3473,.F.);
#3473 = EDGE_LOOP('',(#3474,#3547,#3548,#3549));
#3474 = ORIENTED_EDGE('',*,*,#3475,.F.);
#3475 = EDGE_CURVE('',#3128,#3476,#3478,.T.);
#3476 = VERTEX_POINT('',#3477);
#3477 = CARTESIAN_POINT('',(37.499999944657,-5.670707919986E-06,99.));
#3478 = SURFACE_CURVE('',#3479,(#3498,#3520),.PCURVE_S1.);
#3479 = B_SPLINE_CURVE_WITH_KNOTS('',5,(#3480,#3481,#3482,#3483,#3484,
    #3485,#3486,#3487,#3488,#3489,#3490,#3491,#3492,#3493,#3494,#3495,
    #3496,#3497),.UNSPECIFIED.,.F.,.F.,(6,4,4,4,6),(0.,0.233745435443,
    0.476856751384,0.732073902092,1.),.UNSPECIFIED.);
#3480 = CARTESIAN_POINT('',(40.398461158838,-5.670707919931E-06,
    97.662749791701));
#3481 = CARTESIAN_POINT('',(40.274751951058,-5.670707919931E-06,
    97.747259417339));
#3482 = CARTESIAN_POINT('',(40.149137394266,-5.670707919931E-06,
    97.828980284334));
#3483 = CARTESIAN_POINT('',(40.021758281043,-5.670707919931E-06,
    97.907938406904));
#3484 = CARTESIAN_POINT('',(39.892750140383,-5.670707919931E-06,
    97.984177025991));
#3485 = CARTESIAN_POINT('',(39.626498335513,-5.670707919931E-06,
    98.134270420115));
#3486 = CARTESIAN_POINT('',(39.489131788296,-5.670707919931E-06,
    98.207906892426));
#3487 = CARTESIAN_POINT('',(39.350281236643,-5.670707919931E-06,
    98.278721077924));
#3488 = CARTESIAN_POINT('',(39.210076644009,-5.670707919931E-06,
    98.346783405695));
#3489 = CARTESIAN_POINT('',(38.92015226771,-5.670707919931E-06,
    98.480818316003));
#3490 = CARTESIAN_POINT('',(38.770306395831,-5.670707919931E-06,
    98.546517341355));
#3491 = CARTESIAN_POINT('',(38.619234196899,-5.670707919931E-06,
    98.609361065377));
#3492 = CARTESIAN_POINT('',(38.467056699929,-5.670707919931E-06,
    98.669443687692));
#3493 = CARTESIAN_POINT('',(38.153075939763,-5.670707919931E-06,
    98.7871404346));
#3494 = CARTESIAN_POINT('',(37.991171092031,-5.670707919931E-06,
    98.844482049736));
#3495 = CARTESIAN_POINT('',(37.82828810269,-5.670707919931E-06,
    98.898999436526));
#3496 = CARTESIAN_POINT('',(37.664533918883,-5.670707919931E-06,
    98.950802721793));
#3497 = CARTESIAN_POINT('',(37.499999944657,-5.670707919931E-06,99.));
#3498 = PCURVE('',#2100,#3499);
#3499 = DEFINITIONAL_REPRESENTATION('',(#3500),#3519);
#3500 = B_SPLINE_CURVE_WITH_KNOTS('',5,(#3501,#3502,#3503,#3504,#3505,
    #3506,#3507,#3508,#3509,#3510,#3511,#3512,#3513,#3514,#3515,#3516,
    #3517,#3518),.UNSPECIFIED.,.F.,.F.,(6,4,4,4,6),(0.,0.233745435443,
    0.476856751384,0.732073902092,1.),.UNSPECIFIED.);
#3501 = CARTESIAN_POINT('',(0.49472854772,0.962403601472));
#3502 = CARTESIAN_POINT('',(0.494954773658,0.96432829219));
#3503 = CARTESIAN_POINT('',(0.495184239243,0.966234970841));
#3504 = CARTESIAN_POINT('',(0.495416702795,0.968122854707));
#3505 = CARTESIAN_POINT('',(0.49565193374,0.969991403556));
#3506 = CARTESIAN_POINT('',(0.496137032743,0.973763222775));
#3507 = CARTESIAN_POINT('',(0.496387109617,0.975664880092));
#3508 = CARTESIAN_POINT('',(0.496639710484,0.97754487327));
#3509 = CARTESIAN_POINT('',(0.496894617726,0.979403023427));
#3510 = CARTESIAN_POINT('',(0.497421451815,0.983167104437));
#3511 = CARTESIAN_POINT('',(0.497693593884,0.985070797975));
#3512 = CARTESIAN_POINT('',(0.497967836587,0.986950443239));
#3513 = CARTESIAN_POINT('',(0.498243980904,0.988806208612));
#3514 = CARTESIAN_POINT('',(0.498813564271,0.992561852848));
#3515 = CARTESIAN_POINT('',(0.499107179031,0.994459316652));
#3516 = CARTESIAN_POINT('',(0.499402499092,0.996331170718));
#3517 = CARTESIAN_POINT('',(0.499699352245,0.998177878585));
#3518 = CARTESIAN_POINT('',(0.499997593277,1.));
#3519 = ( GEOMETRIC_REPRESENTATION_CONTEXT(2) 
PARAMETRIC_REPRESENTATION_CONTEXT() REPRESENTATION_CONTEXT('2D SPACE',''
  ) );
#3520 = PCURVE('',#3521,#3526);
#3521 = PLANE('',#3522);
#3522 = AXIS2_PLACEMENT_3D('',#3523,#3524,#3525);
#3523 = CARTESIAN_POINT('',(1.847204318023E-04,-5.670707919931E-06,
    52.831249336744));
#3524 = DIRECTION('',(-0.,-1.,-0.));
#3525 = DIRECTION('',(0.,0.,-1.));
#3526 = DEFINITIONAL_REPRESENTATION('',(#3527),#3546);
#3527 = B_SPLINE_CURVE_WITH_KNOTS('',5,(#3528,#3529,#3530,#3531,#3532,
    #3533,#3534,#3535,#3536,#3537,#3538,#3539,#3540,#3541,#3542,#3543,
    #3544,#3545),.UNSPECIFIED.,.F.,.F.,(6,4,4,4,6),(0.,0.233745435443,
    0.476856751384,0.732073902092,1.),.UNSPECIFIED.);
#3528 = CARTESIAN_POINT('',(-44.83150045495,40.398276438406));
#3529 = CARTESIAN_POINT('',(-44.91601008059,40.274567230626));
#3530 = CARTESIAN_POINT('',(-44.99773094759,40.148952673834));
#3531 = CARTESIAN_POINT('',(-45.07668907016,40.021573560611));
#3532 = CARTESIAN_POINT('',(-45.15292768924,39.892565419951));
#3533 = CARTESIAN_POINT('',(-45.30302108337,39.626313615082));
#3534 = CARTESIAN_POINT('',(-45.37665755568,39.488947067865));
#3535 = CARTESIAN_POINT('',(-45.44747174118,39.350096516212));
#3536 = CARTESIAN_POINT('',(-45.51553406895,39.209891923577));
#3537 = CARTESIAN_POINT('',(-45.64956897925,38.919967547278));
#3538 = CARTESIAN_POINT('',(-45.71526800461,38.770121675399));
#3539 = CARTESIAN_POINT('',(-45.77811172863,38.619049476467));
#3540 = CARTESIAN_POINT('',(-45.83819435094,38.466871979498));
#3541 = CARTESIAN_POINT('',(-45.95589109785,38.152891219331));
#3542 = CARTESIAN_POINT('',(-46.01323271299,37.990986371599));
#3543 = CARTESIAN_POINT('',(-46.06775009978,37.828103382259));
#3544 = CARTESIAN_POINT('',(-46.11955338505,37.664349198451));
#3545 = CARTESIAN_POINT('',(-46.16875066325,37.499815224225));
#3546 = ( GEOMETRIC_REPRESENTATION_CONTEXT(2) 
PARAMETRIC_REPRESENTATION_CONTEXT() REPRESENTATION_CONTEXT('2D SPACE',''
  ) );
#3547 = ORIENTED_EDGE('',*,*,#3127,.F.);
#3548 = ORIENTED_EDGE('',*,*,#2083,.T.);
#3549 = ORIENTED_EDGE('',*,*,#3550,.F.);
#3550 = EDGE_CURVE('',#3476,#2040,#3551,.T.);
#3551 = SURFACE_CURVE('',#3552,(#3564,#3571),.PCURVE_S1.);
#3552 = B_SPLINE_CURVE_WITH_KNOTS('',10,(#3553,#3554,#3555,#3556,#3557,
    #3558,#3559,#3560,#3561,#3562,#3563),.UNSPECIFIED.,.F.,.F.,(11,11),(
    0.,1.),.PIECEWISE_BEZIER_KNOTS.);
#3553 = CARTESIAN_POINT('',(36.75,-0.75,99.));
#3554 = CARTESIAN_POINT('',(36.985619449019,-0.75,99.));
#3555 = CARTESIAN_POINT('',(37.221241071558,-0.667753520049,99.));
#3556 = CARTESIAN_POINT('',(37.424550431438,-0.503258522416,99.));
#3557 = CARTESIAN_POINT('',(37.563305417225,-0.271019590411,99.));
#3558 = CARTESIAN_POINT('',(37.612680472819,3.869127240819E-15,99.));
#3559 = CARTESIAN_POINT('',(37.563305417228,0.271019590411,99.));
#3560 = CARTESIAN_POINT('',(37.424550431434,0.503258522416,99.));
#3561 = CARTESIAN_POINT('',(37.22124107156,0.667753520049,99.));
#3562 = CARTESIAN_POINT('',(36.985619449019,0.75,99.));
#3563 = CARTESIAN_POINT('',(36.75,0.75,99.));
#3564 = PCURVE('',#2100,#3565);
#3565 = DEFINITIONAL_REPRESENTATION('',(#3566),#3570);
#3566 = LINE('',#3567,#3568);
#3567 = CARTESIAN_POINT('',(0.,1.));
#3568 = VECTOR('',#3569,1.);
#3569 = DIRECTION('',(1.,0.));
#3570 = ( GEOMETRIC_REPRESENTATION_CONTEXT(2) 
PARAMETRIC_REPRESENTATION_CONTEXT() REPRESENTATION_CONTEXT('2D SPACE',''
  ) );
#3571 = PCURVE('',#3572,#3577);
#3572 = CYLINDRICAL_SURFACE('',#3573,0.75);
#3573 = AXIS2_PLACEMENT_3D('',#3574,#3575,#3576);
#3574 = CARTESIAN_POINT('',(36.75,0.,99.));
#3575 = DIRECTION('',(0.,0.,-1.));
#3576 = DIRECTION('',(0.,1.,0.));
#3577 = DEFINITIONAL_REPRESENTATION('',(#3578),#3581);
#3578 = B_SPLINE_CURVE_WITH_KNOTS('',1,(#3579,#3580),.UNSPECIFIED.,.F.,
  .F.,(2,2),(0.,1.),.PIECEWISE_BEZIER_KNOTS.);
#3579 = CARTESIAN_POINT('',(3.14159265359,0.));
#3580 = CARTESIAN_POINT('',(0.,0.));
#3581 = ( GEOMETRIC_REPRESENTATION_CONTEXT(2) 
PARAMETRIC_REPRESENTATION_CONTEXT() REPRESENTATION_CONTEXT('2D SPACE',''
  ) );
#3582 = ADVANCED_FACE('',(#3583),#2063,.F.);
#3583 = FACE_BOUND('',#3584,.F.);
#3584 = EDGE_LOOP('',(#3585,#3586,#3614,#3642,#3663,#3664,#3665,#3666));
#3585 = ORIENTED_EDGE('',*,*,#2879,.T.);
#3586 = ORIENTED_EDGE('',*,*,#3587,.T.);
#3587 = EDGE_CURVE('',#2811,#3588,#3590,.T.);
#3588 = VERTEX_POINT('',#3589);
#3589 = CARTESIAN_POINT('',(-36.75,0.75,107.5));
#3590 = SURFACE_CURVE('',#3591,(#3595,#3602),.PCURVE_S1.);
#3591 = LINE('',#3592,#3593);
#3592 = CARTESIAN_POINT('',(-36.75,0.75,99.));
#3593 = VECTOR('',#3594,1.);
#3594 = DIRECTION('',(0.,0.,1.));
#3595 = PCURVE('',#2063,#3596);
#3596 = DEFINITIONAL_REPRESENTATION('',(#3597),#3601);
#3597 = LINE('',#3598,#3599);
#3598 = CARTESIAN_POINT('',(0.,0.));
#3599 = VECTOR('',#3600,1.);
#3600 = DIRECTION('',(0.,-1.));
#3601 = ( GEOMETRIC_REPRESENTATION_CONTEXT(2) 
PARAMETRIC_REPRESENTATION_CONTEXT() REPRESENTATION_CONTEXT('2D SPACE',''
  ) );
#3602 = PCURVE('',#3603,#3608);
#3603 = CYLINDRICAL_SURFACE('',#3604,0.75);
#3604 = AXIS2_PLACEMENT_3D('',#3605,#3606,#3607);
#3605 = CARTESIAN_POINT('',(-36.75,0.,99.));
#3606 = DIRECTION('',(0.,-0.,-1.));
#3607 = DIRECTION('',(0.,-1.,0.));
#3608 = DEFINITIONAL_REPRESENTATION('',(#3609),#3613);
#3609 = LINE('',#3610,#3611);
#3610 = CARTESIAN_POINT('',(3.14159265359,0.));
#3611 = VECTOR('',#3612,1.);
#3612 = DIRECTION('',(0.,-1.));
#3613 = ( GEOMETRIC_REPRESENTATION_CONTEXT(2) 
PARAMETRIC_REPRESENTATION_CONTEXT() REPRESENTATION_CONTEXT('2D SPACE',''
  ) );
#3614 = ORIENTED_EDGE('',*,*,#3615,.T.);
#3615 = EDGE_CURVE('',#3588,#3616,#3618,.T.);
#3616 = VERTEX_POINT('',#3617);
#3617 = CARTESIAN_POINT('',(36.75,0.75,107.5));
#3618 = SURFACE_CURVE('',#3619,(#3623,#3630),.PCURVE_S1.);
#3619 = LINE('',#3620,#3621);
#3620 = CARTESIAN_POINT('',(-36.75,0.75,107.5));
#3621 = VECTOR('',#3622,1.);
#3622 = DIRECTION('',(1.,0.,0.));
#3623 = PCURVE('',#2063,#3624);
#3624 = DEFINITIONAL_REPRESENTATION('',(#3625),#3629);
#3625 = LINE('',#3626,#3627);
#3626 = CARTESIAN_POINT('',(0.,-8.5));
#3627 = VECTOR('',#3628,1.);
#3628 = DIRECTION('',(1.,0.));
#3629 = ( GEOMETRIC_REPRESENTATION_CONTEXT(2) 
PARAMETRIC_REPRESENTATION_CONTEXT() REPRESENTATION_CONTEXT('2D SPACE',''
  ) );
#3630 = PCURVE('',#3631,#3636);
#3631 = PLANE('',#3632);
#3632 = AXIS2_PLACEMENT_3D('',#3633,#3634,#3635);
#3633 = CARTESIAN_POINT('',(-36.75,2.25,109.));
#3634 = DIRECTION('',(0.,-0.707106781187,0.707106781187));
#3635 = DIRECTION('',(1.,0.,0.));
#3636 = DEFINITIONAL_REPRESENTATION('',(#3637),#3641);
#3637 = LINE('',#3638,#3639);
#3638 = CARTESIAN_POINT('',(0.,-2.12132034356));
#3639 = VECTOR('',#3640,1.);
#3640 = DIRECTION('',(1.,0.));
#3641 = ( GEOMETRIC_REPRESENTATION_CONTEXT(2) 
PARAMETRIC_REPRESENTATION_CONTEXT() REPRESENTATION_CONTEXT('2D SPACE',''
  ) );
#3642 = ORIENTED_EDGE('',*,*,#3643,.F.);
#3643 = EDGE_CURVE('',#2040,#3616,#3644,.T.);
#3644 = SURFACE_CURVE('',#3645,(#3649,#3656),.PCURVE_S1.);
#3645 = LINE('',#3646,#3647);
#3646 = CARTESIAN_POINT('',(36.75,0.75,99.));
#3647 = VECTOR('',#3648,1.);
#3648 = DIRECTION('',(0.,0.,1.));
#3649 = PCURVE('',#2063,#3650);
#3650 = DEFINITIONAL_REPRESENTATION('',(#3651),#3655);
#3651 = LINE('',#3652,#3653);
#3652 = CARTESIAN_POINT('',(73.5,0.));
#3653 = VECTOR('',#3654,1.);
#3654 = DIRECTION('',(0.,-1.));
#3655 = ( GEOMETRIC_REPRESENTATION_CONTEXT(2) 
PARAMETRIC_REPRESENTATION_CONTEXT() REPRESENTATION_CONTEXT('2D SPACE',''
  ) );
#3656 = PCURVE('',#3572,#3657);
#3657 = DEFINITIONAL_REPRESENTATION('',(#3658),#3662);
#3658 = LINE('',#3659,#3660);
#3659 = CARTESIAN_POINT('',(0.,0.));
#3660 = VECTOR('',#3661,1.);
#3661 = DIRECTION('',(0.,-1.));
#3662 = ( GEOMETRIC_REPRESENTATION_CONTEXT(2) 
PARAMETRIC_REPRESENTATION_CONTEXT() REPRESENTATION_CONTEXT('2D SPACE',''
  ) );
#3663 = ORIENTED_EDGE('',*,*,#2039,.T.);
#3664 = ORIENTED_EDGE('',*,*,#2397,.T.);
#3665 = ORIENTED_EDGE('',*,*,#2463,.T.);
#3666 = ORIENTED_EDGE('',*,*,#2529,.T.);
#3667 = ADVANCED_FACE('',(#3668),#2827,.F.);
#3668 = FACE_BOUND('',#3669,.F.);
#3669 = EDGE_LOOP('',(#3670,#3671,#3672,#3722));
#3670 = ORIENTED_EDGE('',*,*,#2810,.F.);
#3671 = ORIENTED_EDGE('',*,*,#3320,.F.);
#3672 = ORIENTED_EDGE('',*,*,#3673,.T.);
#3673 = EDGE_CURVE('',#3295,#3674,#3676,.T.);
#3674 = VERTEX_POINT('',#3675);
#3675 = CARTESIAN_POINT('',(-37.49999994465,-5.670707920097E-06,99.));
#3676 = SURFACE_CURVE('',#3677,(#3690,#3706),.PCURVE_S1.);
#3677 = B_SPLINE_CURVE_WITH_KNOTS('',6,(#3678,#3679,#3680,#3681,#3682,
    #3683,#3684,#3685,#3686,#3687,#3688,#3689),.UNSPECIFIED.,.F.,.F.,(7,
    5,7),(0.,0.324816013674,1.),.UNSPECIFIED.);
#3678 = CARTESIAN_POINT('',(-40.39837887916,-5.670707919931E-06,
    97.662908025759));
#3679 = CARTESIAN_POINT('',(-40.25511975457,-5.670707919931E-06,
    97.760758280994));
#3680 = CARTESIAN_POINT('',(-40.10940867417,-5.670707919931E-06,
    97.855018903527));
#3681 = CARTESIAN_POINT('',(-39.96143442771,-5.670707919931E-06,
    97.945725057039));
#3682 = CARTESIAN_POINT('',(-39.81137912495,-5.670707919931E-06,
    98.032933017424));
#3683 = CARTESIAN_POINT('',(-39.65941477867,-5.670707919931E-06,
    98.116714534528));
#3684 = CARTESIAN_POINT('',(-39.18617797818,-5.670707919931E-06,
    98.364352138545));
#3685 = CARTESIAN_POINT('',(-38.85911523573,-5.670707919931E-06,
    98.517088479654));
#3686 = CARTESIAN_POINT('',(-38.52589374471,-5.670707919931E-06,
    98.656122321696));
#3687 = CARTESIAN_POINT('',(-38.1877087122,-5.670707919931E-06,
    98.782354475465));
#3688 = CARTESIAN_POINT('',(-37.8455128247,-5.670707919931E-06,
    98.89669050132));
#3689 = CARTESIAN_POINT('',(-37.49999994465,-5.670707919931E-06,99.));
#3690 = PCURVE('',#2827,#3691);
#3691 = DEFINITIONAL_REPRESENTATION('',(#3692),#3705);
#3692 = B_SPLINE_CURVE_WITH_KNOTS('',6,(#3693,#3694,#3695,#3696,#3697,
    #3698,#3699,#3700,#3701,#3702,#3703,#3704),.UNSPECIFIED.,.F.,.F.,(7,
    5,7),(0.,0.324816013674,1.),.UNSPECIFIED.);
#3693 = CARTESIAN_POINT('',(6.500002435752,0.962407205286));
#3694 = CARTESIAN_POINT('',(6.500002433332,0.964635805237));
#3695 = CARTESIAN_POINT('',(6.500002431035,0.966841217031));
#3696 = CARTESIAN_POINT('',(6.50000242886,0.969022394837));
#3697 = CARTESIAN_POINT('',(6.500002426802,0.971178591808));
#3698 = CARTESIAN_POINT('',(6.50000242486,0.973309320328));
#3699 = CARTESIAN_POINT('',(6.500002419221,0.979789887298));
#3700 = CARTESIAN_POINT('',(6.500002415894,0.98405394406));
#3701 = CARTESIAN_POINT('',(6.500002413015,0.988204730963));
#3702 = CARTESIAN_POINT('',(6.500002410548,0.992243572485));
#3703 = CARTESIAN_POINT('',(6.500002408461,0.996173722271));
#3704 = CARTESIAN_POINT('',(6.500002406723,1.));
#3705 = ( GEOMETRIC_REPRESENTATION_CONTEXT(2) 
PARAMETRIC_REPRESENTATION_CONTEXT() REPRESENTATION_CONTEXT('2D SPACE',''
  ) );
#3706 = PCURVE('',#3309,#3707);
#3707 = DEFINITIONAL_REPRESENTATION('',(#3708),#3721);
#3708 = B_SPLINE_CURVE_WITH_KNOTS('',6,(#3709,#3710,#3711,#3712,#3713,
    #3714,#3715,#3716,#3717,#3718,#3719,#3720),.UNSPECIFIED.,.F.,.F.,(7,
    5,7),(0.,0.324816013674,1.),.UNSPECIFIED.);
#3709 = CARTESIAN_POINT('',(-44.83165868901,-40.39856359959));
#3710 = CARTESIAN_POINT('',(-44.92950894425,-40.255304475));
#3711 = CARTESIAN_POINT('',(-45.02376956678,-40.1095933946));
#3712 = CARTESIAN_POINT('',(-45.11447572029,-39.96161914814));
#3713 = CARTESIAN_POINT('',(-45.20168368068,-39.81156384538));
#3714 = CARTESIAN_POINT('',(-45.28546519778,-39.6595994991));
#3715 = CARTESIAN_POINT('',(-45.5331028018,-39.18636269862));
#3716 = CARTESIAN_POINT('',(-45.68583914291,-38.85929995616));
#3717 = CARTESIAN_POINT('',(-45.82487298495,-38.52607846515));
#3718 = CARTESIAN_POINT('',(-45.95110513872,-38.18789343263));
#3719 = CARTESIAN_POINT('',(-46.06544116457,-37.84569754513));
#3720 = CARTESIAN_POINT('',(-46.16875066325,-37.50018466508));
#3721 = ( GEOMETRIC_REPRESENTATION_CONTEXT(2) 
PARAMETRIC_REPRESENTATION_CONTEXT() REPRESENTATION_CONTEXT('2D SPACE',''
  ) );
#3722 = ORIENTED_EDGE('',*,*,#3723,.F.);
#3723 = EDGE_CURVE('',#2811,#3674,#3724,.T.);
#3724 = SURFACE_CURVE('',#3725,(#3737,#3744),.PCURVE_S1.);
#3725 = B_SPLINE_CURVE_WITH_KNOTS('',10,(#3726,#3727,#3728,#3729,#3730,
    #3731,#3732,#3733,#3734,#3735,#3736),.UNSPECIFIED.,.F.,.F.,(11,11),(
    6.,7.),.PIECEWISE_BEZIER_KNOTS.);
#3726 = CARTESIAN_POINT('',(-36.75,0.75,99.));
#3727 = CARTESIAN_POINT('',(-36.98561944901,0.75,99.));
#3728 = CARTESIAN_POINT('',(-37.22124107155,0.667753520049,99.));
#3729 = CARTESIAN_POINT('',(-37.42455043143,0.503258522416,99.));
#3730 = CARTESIAN_POINT('',(-37.56330541722,0.271019590411,99.));
#3731 = CARTESIAN_POINT('',(-37.61268047281,-3.863576125696E-15,99.));
#3732 = CARTESIAN_POINT('',(-37.56330541722,-0.271019590411,99.));
#3733 = CARTESIAN_POINT('',(-37.42455043143,-0.503258522416,99.));
#3734 = CARTESIAN_POINT('',(-37.22124107156,-0.667753520049,99.));
#3735 = CARTESIAN_POINT('',(-36.98561944901,-0.75,99.));
#3736 = CARTESIAN_POINT('',(-36.75,-0.75,99.));
#3737 = PCURVE('',#2827,#3738);
#3738 = DEFINITIONAL_REPRESENTATION('',(#3739),#3743);
#3739 = LINE('',#3740,#3741);
#3740 = CARTESIAN_POINT('',(0.,1.));
#3741 = VECTOR('',#3742,1.);
#3742 = DIRECTION('',(1.,0.));
#3743 = ( GEOMETRIC_REPRESENTATION_CONTEXT(2) 
PARAMETRIC_REPRESENTATION_CONTEXT() REPRESENTATION_CONTEXT('2D SPACE',''
  ) );
#3744 = PCURVE('',#3603,#3745);
#3745 = DEFINITIONAL_REPRESENTATION('',(#3746),#3749);
#3746 = B_SPLINE_CURVE_WITH_KNOTS('',1,(#3747,#3748),.UNSPECIFIED.,.F.,
  .F.,(2,2),(6.,7.),.PIECEWISE_BEZIER_KNOTS.);
#3747 = CARTESIAN_POINT('',(3.14159265359,0.));
#3748 = CARTESIAN_POINT('',(0.,0.));
#3749 = ( GEOMETRIC_REPRESENTATION_CONTEXT(2) 
PARAMETRIC_REPRESENTATION_CONTEXT() REPRESENTATION_CONTEXT('2D SPACE',''
  ) );
#3750 = ADVANCED_FACE('',(#3751),#3309,.T.);
#3751 = FACE_BOUND('',#3752,.T.);
#3752 = EDGE_LOOP('',(#3753,#3774,#3775,#3776,#3797));
#3753 = ORIENTED_EDGE('',*,*,#3754,.F.);
#3754 = EDGE_CURVE('',#3266,#3755,#3757,.T.);
#3755 = VERTEX_POINT('',#3756);
#3756 = CARTESIAN_POINT('',(-38.99999999999,-5.670707919868E-06,109.));
#3757 = SURFACE_CURVE('',#3758,(#3762,#3768),.PCURVE_S1.);
#3758 = LINE('',#3759,#3760);
#3759 = CARTESIAN_POINT('',(9.236021589894E-05,-5.670707919931E-06,109.)
  );
#3760 = VECTOR('',#3761,1.);
#3761 = DIRECTION('',(1.,0.,0.));
#3762 = PCURVE('',#3309,#3763);
#3763 = DEFINITIONAL_REPRESENTATION('',(#3764),#3767);
#3764 = B_SPLINE_CURVE_WITH_KNOTS('',1,(#3765,#3766),.UNSPECIFIED.,.F.,
  .F.,(2,2),(-39.75009236021,39.749907639784),.PIECEWISE_BEZIER_KNOTS.);
#3765 = CARTESIAN_POINT('',(-56.16875066325,-39.75018472043));
#3766 = CARTESIAN_POINT('',(-56.16875066325,39.749815279568));
#3767 = ( GEOMETRIC_REPRESENTATION_CONTEXT(2) 
PARAMETRIC_REPRESENTATION_CONTEXT() REPRESENTATION_CONTEXT('2D SPACE',''
  ) );
#3768 = PCURVE('',#3282,#3769);
#3769 = DEFINITIONAL_REPRESENTATION('',(#3770),#3773);
#3770 = B_SPLINE_CURVE_WITH_KNOTS('',1,(#3771,#3772),.UNSPECIFIED.,.F.,
  .F.,(2,2),(-39.75009236021,39.749907639784),.PIECEWISE_BEZIER_KNOTS.);
#3771 = CARTESIAN_POINT('',(-39.75,-5.67070792051E-06));
#3772 = CARTESIAN_POINT('',(39.75,-5.67070792051E-06));
#3773 = ( GEOMETRIC_REPRESENTATION_CONTEXT(2) 
PARAMETRIC_REPRESENTATION_CONTEXT() REPRESENTATION_CONTEXT('2D SPACE',''
  ) );
#3774 = ORIENTED_EDGE('',*,*,#3294,.T.);
#3775 = ORIENTED_EDGE('',*,*,#3673,.T.);
#3776 = ORIENTED_EDGE('',*,*,#3777,.F.);
#3777 = EDGE_CURVE('',#3778,#3674,#3780,.T.);
#3778 = VERTEX_POINT('',#3779);
#3779 = CARTESIAN_POINT('',(-37.49999999997,-5.670707919894E-06,107.5));
#3780 = SURFACE_CURVE('',#3781,(#3785,#3791),.PCURVE_S1.);
#3781 = LINE('',#3782,#3783);
#3782 = CARTESIAN_POINT('',(-37.49999999997,-5.670707919931E-06,99.));
#3783 = VECTOR('',#3784,1.);
#3784 = DIRECTION('',(0.,-0.,-1.));
#3785 = PCURVE('',#3309,#3786);
#3786 = DEFINITIONAL_REPRESENTATION('',(#3787),#3790);
#3787 = B_SPLINE_CURVE_WITH_KNOTS('',1,(#3788,#3789),.UNSPECIFIED.,.F.,
  .F.,(2,2),(-8.5000006,6.000000070117E-07),.PIECEWISE_BEZIER_KNOTS.);
#3788 = CARTESIAN_POINT('',(-54.66875126325,-37.50018472041));
#3789 = CARTESIAN_POINT('',(-46.16875006325,-37.50018472041));
#3790 = ( GEOMETRIC_REPRESENTATION_CONTEXT(2) 
PARAMETRIC_REPRESENTATION_CONTEXT() REPRESENTATION_CONTEXT('2D SPACE',''
  ) );
#3791 = PCURVE('',#3603,#3792);
#3792 = DEFINITIONAL_REPRESENTATION('',(#3793),#3796);
#3793 = B_SPLINE_CURVE_WITH_KNOTS('',1,(#3794,#3795),.UNSPECIFIED.,.F.,
  .F.,(2,2),(-8.5000006,6.000000070117E-07),.PIECEWISE_BEZIER_KNOTS.);
#3794 = CARTESIAN_POINT('',(1.570788765851,-8.5000006));
#3795 = CARTESIAN_POINT('',(1.570788765851,6.000000070117E-07));
#3796 = ( GEOMETRIC_REPRESENTATION_CONTEXT(2) 
PARAMETRIC_REPRESENTATION_CONTEXT() REPRESENTATION_CONTEXT('2D SPACE',''
  ) );
#3797 = ORIENTED_EDGE('',*,*,#3798,.T.);
#3798 = EDGE_CURVE('',#3778,#3755,#3799,.T.);
#3799 = SURFACE_CURVE('',#3800,(#3805,#3812),.PCURVE_S1.);
#3800 = HYPERBOLA('',#3801,5.670707919931E-06,5.670707919931E-06);
#3801 = AXIS2_PLACEMENT_3D('',#3802,#3803,#3804);
#3802 = CARTESIAN_POINT('',(-36.75,-5.670707919931E-06,106.75));
#3803 = DIRECTION('',(-0.,-1.,0.));
#3804 = DIRECTION('',(-0.,0.,1.));
#3805 = PCURVE('',#3309,#3806);
#3806 = DEFINITIONAL_REPRESENTATION('',(#3807),#3811);
#3807 = ( BOUNDED_CURVE() B_SPLINE_CURVE(2,(#3808,#3809,#3810),
.UNSPECIFIED.,.F.,.F.) B_SPLINE_CURVE_WITH_KNOTS((3,3),(12.485661702509,
13.58427399119),.PIECEWISE_BEZIER_KNOTS.) CURVE() 
GEOMETRIC_REPRESENTATION_ITEM() RATIONAL_B_SPLINE_CURVE((1.,
1.154700538383,1.)) REPRESENTATION_ITEM('') );
#3808 = CARTESIAN_POINT('',(-54.66875066325,-37.50018472041));
#3809 = CARTESIAN_POINT('',(-55.04375066324,-37.87518472041));
#3810 = CARTESIAN_POINT('',(-56.16875066325,-39.00018472042));
#3811 = ( GEOMETRIC_REPRESENTATION_CONTEXT(2) 
PARAMETRIC_REPRESENTATION_CONTEXT() REPRESENTATION_CONTEXT('2D SPACE',''
  ) );
#3812 = PCURVE('',#3813,#3818);
#3813 = CONICAL_SURFACE('',#3814,0.75,0.785398163397);
#3814 = AXIS2_PLACEMENT_3D('',#3815,#3816,#3817);
#3815 = CARTESIAN_POINT('',(-36.75,0.,107.5));
#3816 = DIRECTION('',(-0.,0.,1.));
#3817 = DIRECTION('',(0.,-1.,0.));
#3818 = DEFINITIONAL_REPRESENTATION('',(#3819),#3828);
#3819 = B_SPLINE_CURVE_WITH_KNOTS('',7,(#3820,#3821,#3822,#3823,#3824,
    #3825,#3826,#3827),.UNSPECIFIED.,.F.,.F.,(8,8),(12.485661702509,
    13.58427399119),.PIECEWISE_BEZIER_KNOTS.);
#3820 = CARTESIAN_POINT('',(-1.570788765851,4.440892098501E-16));
#3821 = CARTESIAN_POINT('',(-1.5707899525,0.117708459498));
#3822 = CARTESIAN_POINT('',(-1.570790921872,0.256969477826));
#3823 = CARTESIAN_POINT('',(-1.570791721704,0.42251947216));
#3824 = CARTESIAN_POINT('',(-1.570792386638,0.620391574764));
#3825 = CARTESIAN_POINT('',(-1.570792942955,0.858407113042));
#3826 = CARTESIAN_POINT('',(-1.57079341093,1.146874621497));
#3827 = CARTESIAN_POINT('',(-1.57079380648,1.5));
#3828 = ( GEOMETRIC_REPRESENTATION_CONTEXT(2) 
PARAMETRIC_REPRESENTATION_CONTEXT() REPRESENTATION_CONTEXT('2D SPACE',''
  ) );
#3829 = ADVANCED_FACE('',(#3830),#3282,.T.);
#3830 = FACE_BOUND('',#3831,.T.);
#3831 = EDGE_LOOP('',(#3832,#3856,#3857,#3858,#3886,#3909,#3942));
#3832 = ORIENTED_EDGE('',*,*,#3833,.T.);
#3833 = EDGE_CURVE('',#3834,#3238,#3836,.T.);
#3834 = VERTEX_POINT('',#3835);
#3835 = CARTESIAN_POINT('',(39.75,-5.670707940963E-06,109.));
#3836 = SURFACE_CURVE('',#3837,(#3842,#3849),.PCURVE_S1.);
#3837 = CIRCLE('',#3838,39.75);
#3838 = AXIS2_PLACEMENT_3D('',#3839,#3840,#3841);
#3839 = CARTESIAN_POINT('',(0.,0.,109.));
#3840 = DIRECTION('',(0.,0.,1.));
#3841 = DIRECTION('',(1.,0.,0.));
#3842 = PCURVE('',#3282,#3843);
#3843 = DEFINITIONAL_REPRESENTATION('',(#3844),#3848);
#3844 = CIRCLE('',#3845,39.75);
#3845 = AXIS2_PLACEMENT_2D('',#3846,#3847);
#3846 = CARTESIAN_POINT('',(4.403329231825E-15,-5.790076070423E-16));
#3847 = DIRECTION('',(1.,0.));
#3848 = ( GEOMETRIC_REPRESENTATION_CONTEXT(2) 
PARAMETRIC_REPRESENTATION_CONTEXT() REPRESENTATION_CONTEXT('2D SPACE',''
  ) );
#3849 = PCURVE('',#3253,#3850);
#3850 = DEFINITIONAL_REPRESENTATION('',(#3851),#3855);
#3851 = LINE('',#3852,#3853);
#3852 = CARTESIAN_POINT('',(-0.,-28.3));
#3853 = VECTOR('',#3854,1.);
#3854 = DIRECTION('',(-1.,0.));
#3855 = ( GEOMETRIC_REPRESENTATION_CONTEXT(2) 
PARAMETRIC_REPRESENTATION_CONTEXT() REPRESENTATION_CONTEXT('2D SPACE',''
  ) );
#3856 = ORIENTED_EDGE('',*,*,#3265,.T.);
#3857 = ORIENTED_EDGE('',*,*,#3754,.T.);
#3858 = ORIENTED_EDGE('',*,*,#3859,.T.);
#3859 = EDGE_CURVE('',#3755,#3860,#3862,.T.);
#3860 = VERTEX_POINT('',#3861);
#3861 = CARTESIAN_POINT('',(-36.75,2.25,109.));
#3862 = SURFACE_CURVE('',#3863,(#3868,#3879),.PCURVE_S1.);
#3863 = CIRCLE('',#3864,2.25);
#3864 = AXIS2_PLACEMENT_3D('',#3865,#3866,#3867);
#3865 = CARTESIAN_POINT('',(-36.75,0.,109.));
#3866 = DIRECTION('',(0.,-0.,-1.));
#3867 = DIRECTION('',(0.,-1.,0.));
#3868 = PCURVE('',#3282,#3869);
#3869 = DEFINITIONAL_REPRESENTATION('',(#3870),#3878);
#3870 = ( BOUNDED_CURVE() B_SPLINE_CURVE(2,(#3871,#3872,#3873,#3874,
#3875,#3876,#3877),.UNSPECIFIED.,.T.,.F.) B_SPLINE_CURVE_WITH_KNOTS((1,2
    ,2,2,2,1),(-2.094395102393,0.,2.094395102393,4.188790204786,
6.28318530718,8.377580409573),.UNSPECIFIED.) CURVE() 
GEOMETRIC_REPRESENTATION_ITEM() RATIONAL_B_SPLINE_CURVE((1.,0.5,1.,0.5,
1.,0.5,1.)) REPRESENTATION_ITEM('') );
#3871 = CARTESIAN_POINT('',(-36.75,-2.25));
#3872 = CARTESIAN_POINT('',(-40.64711431703,-2.25));
#3873 = CARTESIAN_POINT('',(-38.69855715851,1.125));
#3874 = CARTESIAN_POINT('',(-36.75,4.5));
#3875 = CARTESIAN_POINT('',(-34.80144284148,1.125));
#3876 = CARTESIAN_POINT('',(-32.85288568297,-2.25));
#3877 = CARTESIAN_POINT('',(-36.75,-2.25));
#3878 = ( GEOMETRIC_REPRESENTATION_CONTEXT(2) 
PARAMETRIC_REPRESENTATION_CONTEXT() REPRESENTATION_CONTEXT('2D SPACE',''
  ) );
#3879 = PCURVE('',#3813,#3880);
#3880 = DEFINITIONAL_REPRESENTATION('',(#3881),#3885);
#3881 = LINE('',#3882,#3883);
#3882 = CARTESIAN_POINT('',(-0.,1.5));
#3883 = VECTOR('',#3884,1.);
#3884 = DIRECTION('',(-1.,0.));
#3885 = ( GEOMETRIC_REPRESENTATION_CONTEXT(2) 
PARAMETRIC_REPRESENTATION_CONTEXT() REPRESENTATION_CONTEXT('2D SPACE',''
  ) );
#3886 = ORIENTED_EDGE('',*,*,#3887,.T.);
#3887 = EDGE_CURVE('',#3860,#3888,#3890,.T.);
#3888 = VERTEX_POINT('',#3889);
#3889 = CARTESIAN_POINT('',(36.75,2.25,109.));
#3890 = SURFACE_CURVE('',#3891,(#3895,#3902),.PCURVE_S1.);
#3891 = LINE('',#3892,#3893);
#3892 = CARTESIAN_POINT('',(-36.75,2.25,109.));
#3893 = VECTOR('',#3894,1.);
#3894 = DIRECTION('',(1.,0.,0.));
#3895 = PCURVE('',#3282,#3896);
#3896 = DEFINITIONAL_REPRESENTATION('',(#3897),#3901);
#3897 = LINE('',#3898,#3899);
#3898 = CARTESIAN_POINT('',(-36.75,2.25));
#3899 = VECTOR('',#3900,1.);
#3900 = DIRECTION('',(1.,0.));
#3901 = ( GEOMETRIC_REPRESENTATION_CONTEXT(2) 
PARAMETRIC_REPRESENTATION_CONTEXT() REPRESENTATION_CONTEXT('2D SPACE',''
  ) );
#3902 = PCURVE('',#3631,#3903);
#3903 = DEFINITIONAL_REPRESENTATION('',(#3904),#3908);
#3904 = LINE('',#3905,#3906);
#3905 = CARTESIAN_POINT('',(0.,0.));
#3906 = VECTOR('',#3907,1.);
#3907 = DIRECTION('',(1.,0.));
#3908 = ( GEOMETRIC_REPRESENTATION_CONTEXT(2) 
PARAMETRIC_REPRESENTATION_CONTEXT() REPRESENTATION_CONTEXT('2D SPACE',''
  ) );
#3909 = ORIENTED_EDGE('',*,*,#3910,.T.);
#3910 = EDGE_CURVE('',#3888,#3911,#3913,.T.);
#3911 = VERTEX_POINT('',#3912);
#3912 = CARTESIAN_POINT('',(38.999999999993,-5.670707920092E-06,109.));
#3913 = SURFACE_CURVE('',#3914,(#3919,#3930),.PCURVE_S1.);
#3914 = CIRCLE('',#3915,2.25);
#3915 = AXIS2_PLACEMENT_3D('',#3916,#3917,#3918);
#3916 = CARTESIAN_POINT('',(36.75,0.,109.));
#3917 = DIRECTION('',(0.,0.,-1.));
#3918 = DIRECTION('',(0.,1.,0.));
#3919 = PCURVE('',#3282,#3920);
#3920 = DEFINITIONAL_REPRESENTATION('',(#3921),#3929);
#3921 = ( BOUNDED_CURVE() B_SPLINE_CURVE(2,(#3922,#3923,#3924,#3925,
#3926,#3927,#3928),.UNSPECIFIED.,.T.,.F.) B_SPLINE_CURVE_WITH_KNOTS((1,2
    ,2,2,2,1),(-2.094395102393,0.,2.094395102393,4.188790204786,
6.28318530718,8.377580409573),.UNSPECIFIED.) CURVE() 
GEOMETRIC_REPRESENTATION_ITEM() RATIONAL_B_SPLINE_CURVE((1.,0.5,1.,0.5,
1.,0.5,1.)) REPRESENTATION_ITEM('') );
#3922 = CARTESIAN_POINT('',(36.75,2.25));
#3923 = CARTESIAN_POINT('',(40.64711431703,2.25));
#3924 = CARTESIAN_POINT('',(38.698557158515,-1.125));
#3925 = CARTESIAN_POINT('',(36.75,-4.5));
#3926 = CARTESIAN_POINT('',(34.801442841485,-1.125));
#3927 = CARTESIAN_POINT('',(32.85288568297,2.25));
#3928 = CARTESIAN_POINT('',(36.75,2.25));
#3929 = ( GEOMETRIC_REPRESENTATION_CONTEXT(2) 
PARAMETRIC_REPRESENTATION_CONTEXT() REPRESENTATION_CONTEXT('2D SPACE',''
  ) );
#3930 = PCURVE('',#3931,#3936);
#3931 = CONICAL_SURFACE('',#3932,0.75,0.785398163397);
#3932 = AXIS2_PLACEMENT_3D('',#3933,#3934,#3935);
#3933 = CARTESIAN_POINT('',(36.75,0.,107.5));
#3934 = DIRECTION('',(-0.,-0.,1.));
#3935 = DIRECTION('',(0.,1.,0.));
#3936 = DEFINITIONAL_REPRESENTATION('',(#3937),#3941);
#3937 = LINE('',#3938,#3939);
#3938 = CARTESIAN_POINT('',(-0.,1.5));
#3939 = VECTOR('',#3940,1.);
#3940 = DIRECTION('',(-1.,0.));
#3941 = ( GEOMETRIC_REPRESENTATION_CONTEXT(2) 
PARAMETRIC_REPRESENTATION_CONTEXT() REPRESENTATION_CONTEXT('2D SPACE',''
  ) );
#3942 = ORIENTED_EDGE('',*,*,#3943,.T.);
#3943 = EDGE_CURVE('',#3911,#3834,#3944,.T.);
#3944 = SURFACE_CURVE('',#3945,(#3949,#3955),.PCURVE_S1.);
#3945 = LINE('',#3946,#3947);
#3946 = CARTESIAN_POINT('',(9.236021589894E-05,-5.670707919931E-06,109.)
  );
#3947 = VECTOR('',#3948,1.);
#3948 = DIRECTION('',(1.,0.,0.));
#3949 = PCURVE('',#3282,#3950);
#3950 = DEFINITIONAL_REPRESENTATION('',(#3951),#3954);
#3951 = B_SPLINE_CURVE_WITH_KNOTS('',1,(#3952,#3953),.UNSPECIFIED.,.F.,
  .F.,(2,2),(-39.75009236021,39.749907639784),.PIECEWISE_BEZIER_KNOTS.);
#3952 = CARTESIAN_POINT('',(-39.75,-5.67070792051E-06));
#3953 = CARTESIAN_POINT('',(39.75,-5.67070792051E-06));
#3954 = ( GEOMETRIC_REPRESENTATION_CONTEXT(2) 
PARAMETRIC_REPRESENTATION_CONTEXT() REPRESENTATION_CONTEXT('2D SPACE',''
  ) );
#3955 = PCURVE('',#3521,#3956);
#3956 = DEFINITIONAL_REPRESENTATION('',(#3957),#3960);
#3957 = B_SPLINE_CURVE_WITH_KNOTS('',1,(#3958,#3959),.UNSPECIFIED.,.F.,
  .F.,(2,2),(-39.75009236021,39.749907639784),.PIECEWISE_BEZIER_KNOTS.);
#3958 = CARTESIAN_POINT('',(-56.16875066325,-39.75018472043));
#3959 = CARTESIAN_POINT('',(-56.16875066325,39.749815279568));
#3960 = ( GEOMETRIC_REPRESENTATION_CONTEXT(2) 
PARAMETRIC_REPRESENTATION_CONTEXT() REPRESENTATION_CONTEXT('2D SPACE',''
  ) );
#3961 = ADVANCED_FACE('',(#3962),#3253,.T.);
#3962 = FACE_BOUND('',#3963,.F.);
#3963 = EDGE_LOOP('',(#3964,#3965,#3984));
#3964 = ORIENTED_EDGE('',*,*,#3237,.F.);
#3965 = ORIENTED_EDGE('',*,*,#3966,.F.);
#3966 = EDGE_CURVE('',#3834,#3128,#3967,.T.);
#3967 = SURFACE_CURVE('',#3968,(#3972,#3978),.PCURVE_S1.);
#3968 = LINE('',#3969,#3970);
#3969 = CARTESIAN_POINT('',(39.75,-5.670707919931E-06,80.7));
#3970 = VECTOR('',#3971,1.);
#3971 = DIRECTION('',(-0.,-0.,-1.));
#3972 = PCURVE('',#3253,#3973);
#3973 = DEFINITIONAL_REPRESENTATION('',(#3974),#3977);
#3974 = B_SPLINE_CURVE_WITH_KNOTS('',1,(#3975,#3976),.UNSPECIFIED.,.F.,
  .F.,(2,2),(-28.3000006,1.199999999812E-06),.PIECEWISE_BEZIER_KNOTS.);
#3975 = CARTESIAN_POINT('',(-6.28318516452,-28.3000006));
#3976 = CARTESIAN_POINT('',(-6.28318516452,1.199999999812E-06));
#3977 = ( GEOMETRIC_REPRESENTATION_CONTEXT(2) 
PARAMETRIC_REPRESENTATION_CONTEXT() REPRESENTATION_CONTEXT('2D SPACE',''
  ) );
#3978 = PCURVE('',#3521,#3979);
#3979 = DEFINITIONAL_REPRESENTATION('',(#3980),#3983);
#3980 = B_SPLINE_CURVE_WITH_KNOTS('',1,(#3981,#3982),.UNSPECIFIED.,.F.,
  .F.,(2,2),(-28.3000006,1.199999999812E-06),.PIECEWISE_BEZIER_KNOTS.);
#3981 = CARTESIAN_POINT('',(-56.16875126325,39.749815279568));
#3982 = CARTESIAN_POINT('',(-27.86874946325,39.749815279568));
#3983 = ( GEOMETRIC_REPRESENTATION_CONTEXT(2) 
PARAMETRIC_REPRESENTATION_CONTEXT() REPRESENTATION_CONTEXT('2D SPACE',''
  ) );
#3984 = ORIENTED_EDGE('',*,*,#3833,.T.);
#3985 = ADVANCED_FACE('',(#3986),#3521,.T.);
#3986 = FACE_BOUND('',#3987,.T.);
#3987 = EDGE_LOOP('',(#3988,#3989,#3990,#4019,#4038));
#3988 = ORIENTED_EDGE('',*,*,#3966,.F.);
#3989 = ORIENTED_EDGE('',*,*,#3943,.F.);
#3990 = ORIENTED_EDGE('',*,*,#3991,.T.);
#3991 = EDGE_CURVE('',#3911,#3992,#3994,.T.);
#3992 = VERTEX_POINT('',#3993);
#3993 = CARTESIAN_POINT('',(37.499999999979,-5.670707919969E-06,107.5));
#3994 = SURFACE_CURVE('',#3995,(#4000,#4007),.PCURVE_S1.);
#3995 = HYPERBOLA('',#3996,5.670707919931E-06,5.670707919931E-06);
#3996 = AXIS2_PLACEMENT_3D('',#3997,#3998,#3999);
#3997 = CARTESIAN_POINT('',(36.75,-5.670707919931E-06,106.75));
#3998 = DIRECTION('',(-0.,-1.,0.));
#3999 = DIRECTION('',(0.,-0.,1.));
#4000 = PCURVE('',#3521,#4001);
#4001 = DEFINITIONAL_REPRESENTATION('',(#4002),#4006);
#4002 = ( BOUNDED_CURVE() B_SPLINE_CURVE(2,(#4003,#4004,#4005),
.UNSPECIFIED.,.F.,.F.) B_SPLINE_CURVE_WITH_KNOTS((3,3),(-13.58427399119,
-12.4856617025),.PIECEWISE_BEZIER_KNOTS.) CURVE() 
GEOMETRIC_REPRESENTATION_ITEM() RATIONAL_B_SPLINE_CURVE((1.,
1.154700538383,1.)) REPRESENTATION_ITEM('') );
#4003 = CARTESIAN_POINT('',(-56.16875066325,38.999815279561));
#4004 = CARTESIAN_POINT('',(-55.04375066324,37.87481527955));
#4005 = CARTESIAN_POINT('',(-54.66875066325,37.499815279547));
#4006 = ( GEOMETRIC_REPRESENTATION_CONTEXT(2) 
PARAMETRIC_REPRESENTATION_CONTEXT() REPRESENTATION_CONTEXT('2D SPACE',''
  ) );
#4007 = PCURVE('',#3931,#4008);
#4008 = DEFINITIONAL_REPRESENTATION('',(#4009),#4018);
#4009 = B_SPLINE_CURVE_WITH_KNOTS('',7,(#4010,#4011,#4012,#4013,#4014,
    #4015,#4016,#4017),.UNSPECIFIED.,.F.,.F.,(8,8),(-13.58427399119,
    -12.4856617025),.PIECEWISE_BEZIER_KNOTS.);
#4010 = CARTESIAN_POINT('',(-1.57079884711,1.5));
#4011 = CARTESIAN_POINT('',(-1.570799242659,1.146874621497));
#4012 = CARTESIAN_POINT('',(-1.570799710635,0.858407113042));
#4013 = CARTESIAN_POINT('',(-1.570800266953,0.620391574764));
#4014 = CARTESIAN_POINT('',(-1.570800931886,0.42251947216));
#4015 = CARTESIAN_POINT('',(-1.570801731718,0.256969477826));
#4016 = CARTESIAN_POINT('',(-1.570802701089,0.117708459498));
#4017 = CARTESIAN_POINT('',(-1.570803887739,4.440892098501E-16));
#4018 = ( GEOMETRIC_REPRESENTATION_CONTEXT(2) 
PARAMETRIC_REPRESENTATION_CONTEXT() REPRESENTATION_CONTEXT('2D SPACE',''
  ) );
#4019 = ORIENTED_EDGE('',*,*,#4020,.T.);
#4020 = EDGE_CURVE('',#3992,#3476,#4021,.T.);
#4021 = SURFACE_CURVE('',#4022,(#4026,#4032),.PCURVE_S1.);
#4022 = LINE('',#4023,#4024);
#4023 = CARTESIAN_POINT('',(37.499999999979,-5.670707919931E-06,99.));
#4024 = VECTOR('',#4025,1.);
#4025 = DIRECTION('',(0.,0.,-1.));
#4026 = PCURVE('',#3521,#4027);
#4027 = DEFINITIONAL_REPRESENTATION('',(#4028),#4031);
#4028 = B_SPLINE_CURVE_WITH_KNOTS('',1,(#4029,#4030),.UNSPECIFIED.,.F.,
  .F.,(2,2),(-8.5000006,6.000000070117E-07),.PIECEWISE_BEZIER_KNOTS.);
#4029 = CARTESIAN_POINT('',(-54.66875126325,37.499815279547));
#4030 = CARTESIAN_POINT('',(-46.16875006325,37.499815279547));
#4031 = ( GEOMETRIC_REPRESENTATION_CONTEXT(2) 
PARAMETRIC_REPRESENTATION_CONTEXT() REPRESENTATION_CONTEXT('2D SPACE',''
  ) );
#4032 = PCURVE('',#3572,#4033);
#4033 = DEFINITIONAL_REPRESENTATION('',(#4034),#4037);
#4034 = B_SPLINE_CURVE_WITH_KNOTS('',1,(#4035,#4036),.UNSPECIFIED.,.F.,
  .F.,(2,2),(-8.5000006,6.000000070117E-07),.PIECEWISE_BEZIER_KNOTS.);
#4035 = CARTESIAN_POINT('',(1.570803887739,-8.5000006));
#4036 = CARTESIAN_POINT('',(1.570803887739,6.000000070117E-07));
#4037 = ( GEOMETRIC_REPRESENTATION_CONTEXT(2) 
PARAMETRIC_REPRESENTATION_CONTEXT() REPRESENTATION_CONTEXT('2D SPACE',''
  ) );
#4038 = ORIENTED_EDGE('',*,*,#3475,.F.);
#4039 = ADVANCED_FACE('',(#4040),#3572,.F.);
#4040 = FACE_BOUND('',#4041,.F.);
#4041 = EDGE_LOOP('',(#4042,#4043,#4044,#4045));
#4042 = ORIENTED_EDGE('',*,*,#4020,.T.);
#4043 = ORIENTED_EDGE('',*,*,#3550,.T.);
#4044 = ORIENTED_EDGE('',*,*,#3643,.T.);
#4045 = ORIENTED_EDGE('',*,*,#4046,.T.);
#4046 = EDGE_CURVE('',#3616,#3992,#4047,.T.);
#4047 = SURFACE_CURVE('',#4048,(#4053,#4060),.PCURVE_S1.);
#4048 = CIRCLE('',#4049,0.75);
#4049 = AXIS2_PLACEMENT_3D('',#4050,#4051,#4052);
#4050 = CARTESIAN_POINT('',(36.75,0.,107.5));
#4051 = DIRECTION('',(0.,0.,-1.));
#4052 = DIRECTION('',(0.,1.,0.));
#4053 = PCURVE('',#3572,#4054);
#4054 = DEFINITIONAL_REPRESENTATION('',(#4055),#4059);
#4055 = LINE('',#4056,#4057);
#4056 = CARTESIAN_POINT('',(0.,-8.5));
#4057 = VECTOR('',#4058,1.);
#4058 = DIRECTION('',(1.,0.));
#4059 = ( GEOMETRIC_REPRESENTATION_CONTEXT(2) 
PARAMETRIC_REPRESENTATION_CONTEXT() REPRESENTATION_CONTEXT('2D SPACE',''
  ) );
#4060 = PCURVE('',#3931,#4061);
#4061 = DEFINITIONAL_REPRESENTATION('',(#4062),#4066);
#4062 = LINE('',#4063,#4064);
#4063 = CARTESIAN_POINT('',(-0.,0.));
#4064 = VECTOR('',#4065,1.);
#4065 = DIRECTION('',(-1.,0.));
#4066 = ( GEOMETRIC_REPRESENTATION_CONTEXT(2) 
PARAMETRIC_REPRESENTATION_CONTEXT() REPRESENTATION_CONTEXT('2D SPACE',''
  ) );
#4067 = ADVANCED_FACE('',(#4068),#3631,.T.);
#4068 = FACE_BOUND('',#4069,.T.);
#4069 = EDGE_LOOP('',(#4070,#4071,#4089,#4090));
#4070 = ORIENTED_EDGE('',*,*,#3615,.T.);
#4071 = ORIENTED_EDGE('',*,*,#4072,.T.);
#4072 = EDGE_CURVE('',#3616,#3888,#4073,.T.);
#4073 = SURFACE_CURVE('',#4074,(#4077,#4083),.PCURVE_S1.);
#4074 = B_SPLINE_CURVE_WITH_KNOTS('',1,(#4075,#4076),.UNSPECIFIED.,.F.,
  .F.,(2,2),(0.,1.),.PIECEWISE_BEZIER_KNOTS.);
#4075 = CARTESIAN_POINT('',(36.75,0.75,107.5));
#4076 = CARTESIAN_POINT('',(36.75,2.25,109.));
#4077 = PCURVE('',#3631,#4078);
#4078 = DEFINITIONAL_REPRESENTATION('',(#4079),#4082);
#4079 = B_SPLINE_CURVE_WITH_KNOTS('',1,(#4080,#4081),.UNSPECIFIED.,.F.,
  .F.,(2,2),(0.,1.),.PIECEWISE_BEZIER_KNOTS.);
#4080 = CARTESIAN_POINT('',(73.5,-2.12132034356));
#4081 = CARTESIAN_POINT('',(73.5,0.));
#4082 = ( GEOMETRIC_REPRESENTATION_CONTEXT(2) 
PARAMETRIC_REPRESENTATION_CONTEXT() REPRESENTATION_CONTEXT('2D SPACE',''
  ) );
#4083 = PCURVE('',#3931,#4084);
#4084 = DEFINITIONAL_REPRESENTATION('',(#4085),#4088);
#4085 = B_SPLINE_CURVE_WITH_KNOTS('',1,(#4086,#4087),.UNSPECIFIED.,.F.,
  .F.,(2,2),(0.,1.),.PIECEWISE_BEZIER_KNOTS.);
#4086 = CARTESIAN_POINT('',(0.,0.));
#4087 = CARTESIAN_POINT('',(0.,1.5));
#4088 = ( GEOMETRIC_REPRESENTATION_CONTEXT(2) 
PARAMETRIC_REPRESENTATION_CONTEXT() REPRESENTATION_CONTEXT('2D SPACE',''
  ) );
#4089 = ORIENTED_EDGE('',*,*,#3887,.F.);
#4090 = ORIENTED_EDGE('',*,*,#4091,.F.);
#4091 = EDGE_CURVE('',#3588,#3860,#4092,.T.);
#4092 = SURFACE_CURVE('',#4093,(#4096,#4102),.PCURVE_S1.);
#4093 = B_SPLINE_CURVE_WITH_KNOTS('',1,(#4094,#4095),.UNSPECIFIED.,.F.,
  .F.,(2,2),(0.,1.),.PIECEWISE_BEZIER_KNOTS.);
#4094 = CARTESIAN_POINT('',(-36.75,0.75,107.5));
#4095 = CARTESIAN_POINT('',(-36.75,2.25,109.));
#4096 = PCURVE('',#3631,#4097);
#4097 = DEFINITIONAL_REPRESENTATION('',(#4098),#4101);
#4098 = B_SPLINE_CURVE_WITH_KNOTS('',1,(#4099,#4100),.UNSPECIFIED.,.F.,
  .F.,(2,2),(0.,1.),.PIECEWISE_BEZIER_KNOTS.);
#4099 = CARTESIAN_POINT('',(0.,-2.12132034356));
#4100 = CARTESIAN_POINT('',(0.,0.));
#4101 = ( GEOMETRIC_REPRESENTATION_CONTEXT(2) 
PARAMETRIC_REPRESENTATION_CONTEXT() REPRESENTATION_CONTEXT('2D SPACE',''
  ) );
#4102 = PCURVE('',#3813,#4103);
#4103 = DEFINITIONAL_REPRESENTATION('',(#4104),#4107);
#4104 = B_SPLINE_CURVE_WITH_KNOTS('',1,(#4105,#4106),.UNSPECIFIED.,.F.,
  .F.,(2,2),(0.,1.),.PIECEWISE_BEZIER_KNOTS.);
#4105 = CARTESIAN_POINT('',(-3.14159265359,0.));
#4106 = CARTESIAN_POINT('',(-3.14159265359,1.5));
#4107 = ( GEOMETRIC_REPRESENTATION_CONTEXT(2) 
PARAMETRIC_REPRESENTATION_CONTEXT() REPRESENTATION_CONTEXT('2D SPACE',''
  ) );
#4108 = ADVANCED_FACE('',(#4109),#3603,.F.);
#4109 = FACE_BOUND('',#4110,.F.);
#4110 = EDGE_LOOP('',(#4111,#4112,#4113,#4114));
#4111 = ORIENTED_EDGE('',*,*,#3587,.F.);
#4112 = ORIENTED_EDGE('',*,*,#3723,.T.);
#4113 = ORIENTED_EDGE('',*,*,#3777,.F.);
#4114 = ORIENTED_EDGE('',*,*,#4115,.T.);
#4115 = EDGE_CURVE('',#3778,#3588,#4116,.T.);
#4116 = SURFACE_CURVE('',#4117,(#4122,#4129),.PCURVE_S1.);
#4117 = CIRCLE('',#4118,0.75);
#4118 = AXIS2_PLACEMENT_3D('',#4119,#4120,#4121);
#4119 = CARTESIAN_POINT('',(-36.75,0.,107.5));
#4120 = DIRECTION('',(0.,-0.,-1.));
#4121 = DIRECTION('',(0.,-1.,0.));
#4122 = PCURVE('',#3603,#4123);
#4123 = DEFINITIONAL_REPRESENTATION('',(#4124),#4128);
#4124 = LINE('',#4125,#4126);
#4125 = CARTESIAN_POINT('',(0.,-8.5));
#4126 = VECTOR('',#4127,1.);
#4127 = DIRECTION('',(1.,0.));
#4128 = ( GEOMETRIC_REPRESENTATION_CONTEXT(2) 
PARAMETRIC_REPRESENTATION_CONTEXT() REPRESENTATION_CONTEXT('2D SPACE',''
  ) );
#4129 = PCURVE('',#3813,#4130);
#4130 = DEFINITIONAL_REPRESENTATION('',(#4131),#4135);
#4131 = LINE('',#4132,#4133);
#4132 = CARTESIAN_POINT('',(-0.,0.));
#4133 = VECTOR('',#4134,1.);
#4134 = DIRECTION('',(-1.,0.));
#4135 = ( GEOMETRIC_REPRESENTATION_CONTEXT(2) 
PARAMETRIC_REPRESENTATION_CONTEXT() REPRESENTATION_CONTEXT('2D SPACE',''
  ) );
#4136 = ADVANCED_FACE('',(#4137),#3813,.F.);
#4137 = FACE_BOUND('',#4138,.T.);
#4138 = EDGE_LOOP('',(#4139,#4140,#4141,#4142));
#4139 = ORIENTED_EDGE('',*,*,#3798,.F.);
#4140 = ORIENTED_EDGE('',*,*,#4115,.T.);
#4141 = ORIENTED_EDGE('',*,*,#4091,.T.);
#4142 = ORIENTED_EDGE('',*,*,#3859,.F.);
#4143 = ADVANCED_FACE('',(#4144),#3931,.F.);
#4144 = FACE_BOUND('',#4145,.T.);
#4145 = EDGE_LOOP('',(#4146,#4147,#4148,#4149));
#4146 = ORIENTED_EDGE('',*,*,#4072,.F.);
#4147 = ORIENTED_EDGE('',*,*,#4046,.T.);
#4148 = ORIENTED_EDGE('',*,*,#3991,.F.);
#4149 = ORIENTED_EDGE('',*,*,#3910,.F.);
#4150 = ( GEOMETRIC_REPRESENTATION_CONTEXT(3) 
GLOBAL_UNCERTAINTY_ASSIGNED_CONTEXT((#4154)) 
GLOBAL_UNIT_ASSIGNED_CONTEXT((#4151,#4152,#4153)) REPRESENTATION_CONTEXT
('Context #1','3D Context with UNIT and UNCERTAINTY') );
#4151 = ( LENGTH_UNIT() NAMED_UNIT(*) SI_UNIT(.MILLI.,.METRE.) );
#4152 = ( NAMED_UNIT(*) PLANE_ANGLE_UNIT() SI_UNIT($,.RADIAN.) );
#4153 = ( NAMED_UNIT(*) SI_UNIT($,.STERADIAN.) SOLID_ANGLE_UNIT() );
#4154 = UNCERTAINTY_MEASURE_WITH_UNIT(LENGTH_MEASURE(1.E-06),#4151,
  'distance_accuracy_value','confusion accuracy');
#4155 = PRODUCT_RELATED_PRODUCT_CATEGORY('part',$,(#7));
ENDSEC;
END-ISO-10303-21;
