ISO-10303-21;
HEADER;
FILE_DESCRIPTION(('Open CASCADE Model'),'2;1');
FILE_NAME('Open CASCADE Shape Model','2026-09-11T02:09:20',('Author'),(
    'Open CASCADE'),'Open CASCADE STEP processor 7.9','Open CASCADE 7.9'
  ,'Unknown');
FILE_SCHEMA(('AUTOMOTIVE_DESIGN { 1 0 10303 214 1 1 1 1 }'));
ENDSEC;
DATA;
#1 = APPLICATION_PROTOCOL_DEFINITION('international standard',
  'automotive_design',2000,#2);
#2 = APPLICATION_CONTEXT(
  'core data for automotive mechanical design processes');
#3 = SHAPE_DEFINITION_REPRESENTATION(#4,#10);
#4 = PRODUCT_DEFINITION_SHAPE('','',#5);
#5 = PRODUCT_DEFINITION('design','',#6,#9);
#6 = PRODUCT_DEFINITION_FORMATION('','',#7);
#7 = PRODUCT('MatrizJonatha_Com_Fluxo','MatrizJonatha_Com_Fluxo','',(#8)
  );
#8 = PRODUCT_CONTEXT('',#2,'mechanical');
#9 = PRODUCT_DEFINITION_CONTEXT('part definition',#2,'design');
#10 = SHAPE_REPRESENTATION('',(#11,#15,#19,#23),#27);
#11 = AXIS2_PLACEMENT_3D('',#12,#13,#14);
#12 = CARTESIAN_POINT('',(0.,0.,0.));
#13 = DIRECTION('',(0.,0.,1.));
#14 = DIRECTION('',(1.,0.,-0.));
#15 = AXIS2_PLACEMENT_3D('',#16,#17,#18);
#16 = CARTESIAN_POINT('',(0.,0.,0.));
#17 = DIRECTION('',(0.,0.,1.));
#18 = DIRECTION('',(1.,0.,-0.));
#19 = AXIS2_PLACEMENT_3D('',#20,#21,#22);
#20 = CARTESIAN_POINT('',(0.,0.,0.));
#21 = DIRECTION('',(0.,0.,1.));
#22 = DIRECTION('',(1.,0.,-0.));
#23 = AXIS2_PLACEMENT_3D('',#24,#25,#26);
#24 = CARTESIAN_POINT('',(0.,0.,0.));
#25 = DIRECTION('',(0.,0.,1.));
#26 = DIRECTION('',(1.,0.,-0.));
#27 = ( GEOMETRIC_REPRESENTATION_CONTEXT(3) 
GLOBAL_UNCERTAINTY_ASSIGNED_CONTEXT((#31)) GLOBAL_UNIT_ASSIGNED_CONTEXT(
(#28,#29,#30)) REPRESENTATION_CONTEXT('Context #1',
  '3D Context with UNIT and UNCERTAINTY') );
#28 = ( LENGTH_UNIT() NAMED_UNIT(*) SI_UNIT(.MILLI.,.METRE.) );
#29 = ( NAMED_UNIT(*) PLANE_ANGLE_UNIT() SI_UNIT($,.RADIAN.) );
#30 = ( NAMED_UNIT(*) SI_UNIT($,.STERADIAN.) SOLID_ANGLE_UNIT() );
#31 = UNCERTAINTY_MEASURE_WITH_UNIT(LENGTH_MEASURE(1.E-06),#28,
  'distance_accuracy_value','confusion accuracy');
#32 = PRODUCT_RELATED_PRODUCT_CATEGORY('part',$,(#7));
#33 = SHAPE_DEFINITION_REPRESENTATION(#34,#40);
#34 = PRODUCT_DEFINITION_SHAPE('','',#35);
#35 = PRODUCT_DEFINITION('design','',#36,#39);
#36 = PRODUCT_DEFINITION_FORMATION('','',#37);
#37 = PRODUCT('Camada_01_Body_A','Camada_01_Body_A','',(#38));
#38 = PRODUCT_CONTEXT('',#2,'mechanical');
#39 = PRODUCT_DEFINITION_CONTEXT('part definition',#2,'design');
#40 = ADVANCED_BREP_SHAPE_REPRESENTATION('',(#11,#41),#3974);
#41 = MANIFOLD_SOLID_BREP('',#42);
#42 = CLOSED_SHELL('',(#43,#161,#709,#1241,#1289,#1726,#1845,#2204,#2270
    ,#2336,#2402,#2743,#2771,#2892,#2898,#2953,#3008,#3340,#3428,#3513,
    #3614,#3618,#3622,#3701,#3809,#3863,#3891,#3932,#3960,#3967));
#43 = ADVANCED_FACE('',(#44),#59,.T.);
#44 = FACE_BOUND('',#45,.F.);
#45 = EDGE_LOOP('',(#46,#82,#108,#137));
#46 = ORIENTED_EDGE('',*,*,#47,.F.);
#47 = EDGE_CURVE('',#48,#50,#52,.T.);
#48 = VERTEX_POINT('',#49);
#49 = CARTESIAN_POINT('',(-46.5,-5.670707925532E-06,0.));
#50 = VERTEX_POINT('',#51);
#51 = CARTESIAN_POINT('',(46.5,-5.670707942616E-06,0.));
#52 = SURFACE_CURVE('',#53,(#58,#70),.PCURVE_S1.);
#53 = CIRCLE('',#54,46.5);
#54 = AXIS2_PLACEMENT_3D('',#55,#56,#57);
#55 = CARTESIAN_POINT('',(0.,0.,0.));
#56 = DIRECTION('',(0.,0.,1.));
#57 = DIRECTION('',(1.,0.,0.));
#58 = PCURVE('',#59,#64);
#59 = CYLINDRICAL_SURFACE('',#60,46.5);
#60 = AXIS2_PLACEMENT_3D('',#61,#62,#63);
#61 = CARTESIAN_POINT('',(0.,0.,0.));
#62 = DIRECTION('',(-0.,-0.,-1.));
#63 = DIRECTION('',(1.,0.,0.));
#64 = DEFINITIONAL_REPRESENTATION('',(#65),#69);
#65 = LINE('',#66,#67);
#66 = CARTESIAN_POINT('',(-0.,0.));
#67 = VECTOR('',#68,1.);
#68 = DIRECTION('',(-1.,0.));
#69 = ( GEOMETRIC_REPRESENTATION_CONTEXT(2) 
PARAMETRIC_REPRESENTATION_CONTEXT() REPRESENTATION_CONTEXT('2D SPACE',''
  ) );
#70 = PCURVE('',#71,#76);
#71 = PLANE('',#72);
#72 = AXIS2_PLACEMENT_3D('',#73,#74,#75);
#73 = CARTESIAN_POINT('',(-1.882068139409E-15,-1.61343992693E-17,0.));
#74 = DIRECTION('',(0.,0.,1.));
#75 = DIRECTION('',(1.,0.,-0.));
#76 = DEFINITIONAL_REPRESENTATION('',(#77),#81);
#77 = CIRCLE('',#78,46.5);
#78 = AXIS2_PLACEMENT_2D('',#79,#80);
#79 = CARTESIAN_POINT('',(1.882068139409E-15,1.61343992693E-17));
#80 = DIRECTION('',(1.,0.));
#81 = ( GEOMETRIC_REPRESENTATION_CONTEXT(2) 
PARAMETRIC_REPRESENTATION_CONTEXT() REPRESENTATION_CONTEXT('2D SPACE',''
  ) );
#82 = ORIENTED_EDGE('',*,*,#83,.F.);
#83 = EDGE_CURVE('',#84,#48,#86,.T.);
#84 = VERTEX_POINT('',#85);
#85 = CARTESIAN_POINT('',(-46.5,-5.670707925532E-06,69.9));
#86 = SURFACE_CURVE('',#87,(#91,#97),.PCURVE_S1.);
#87 = LINE('',#88,#89);
#88 = CARTESIAN_POINT('',(-46.5,-5.670707919931E-06,0.));
#89 = VECTOR('',#90,1.);
#90 = DIRECTION('',(-0.,-0.,-1.));
#91 = PCURVE('',#59,#92);
#92 = DEFINITIONAL_REPRESENTATION('',(#93),#96);
#93 = B_SPLINE_CURVE_WITH_KNOTS('',1,(#94,#95),.UNSPECIFIED.,.F.,.F.,(2,
    2),(-69.9000006,6.E-07),.PIECEWISE_BEZIER_KNOTS.);
#94 = CARTESIAN_POINT('',(-3.141592775541,-69.9000006));
#95 = CARTESIAN_POINT('',(-3.141592775541,6.E-07));
#96 = ( GEOMETRIC_REPRESENTATION_CONTEXT(2) 
PARAMETRIC_REPRESENTATION_CONTEXT() REPRESENTATION_CONTEXT('2D SPACE',''
  ) );
#97 = PCURVE('',#98,#103);
#98 = PLANE('',#99);
#99 = AXIS2_PLACEMENT_3D('',#100,#101,#102);
#100 = CARTESIAN_POINT('',(1.847204318023E-04,-5.670707919931E-06,
    52.831249336744));
#101 = DIRECTION('',(-0.,-1.,-0.));
#102 = DIRECTION('',(0.,0.,-1.));
#103 = DEFINITIONAL_REPRESENTATION('',(#104),#107);
#104 = B_SPLINE_CURVE_WITH_KNOTS('',1,(#105,#106),.UNSPECIFIED.,.F.,.F.,
  (2,2),(-69.9000006,6.E-07),.PIECEWISE_BEZIER_KNOTS.);
#105 = CARTESIAN_POINT('',(-17.06875126325,-46.50018472043));
#106 = CARTESIAN_POINT('',(52.831249936744,-46.50018472043));
#107 = ( GEOMETRIC_REPRESENTATION_CONTEXT(2) 
PARAMETRIC_REPRESENTATION_CONTEXT() REPRESENTATION_CONTEXT('2D SPACE',''
  ) );
#108 = ORIENTED_EDGE('',*,*,#109,.T.);
#109 = EDGE_CURVE('',#84,#110,#112,.T.);
#110 = VERTEX_POINT('',#111);
#111 = CARTESIAN_POINT('',(46.5,-5.670707942616E-06,69.9));
#112 = SURFACE_CURVE('',#113,(#118,#125),.PCURVE_S1.);
#113 = CIRCLE('',#114,46.5);
#114 = AXIS2_PLACEMENT_3D('',#115,#116,#117);
#115 = CARTESIAN_POINT('',(0.,0.,69.9));
#116 = DIRECTION('',(0.,0.,1.));
#117 = DIRECTION('',(1.,0.,0.));
#118 = PCURVE('',#59,#119);
#119 = DEFINITIONAL_REPRESENTATION('',(#120),#124);
#120 = LINE('',#121,#122);
#121 = CARTESIAN_POINT('',(-0.,-69.9));
#122 = VECTOR('',#123,1.);
#123 = DIRECTION('',(-1.,0.));
#124 = ( GEOMETRIC_REPRESENTATION_CONTEXT(2) 
PARAMETRIC_REPRESENTATION_CONTEXT() REPRESENTATION_CONTEXT('2D SPACE',''
  ) );
#125 = PCURVE('',#126,#131);
#126 = PLANE('',#127);
#127 = AXIS2_PLACEMENT_3D('',#128,#129,#130);
#128 = CARTESIAN_POINT('',(-1.882068139409E-15,-1.61343992693E-17,69.9)
  );
#129 = DIRECTION('',(0.,0.,1.));
#130 = DIRECTION('',(1.,0.,-0.));
#131 = DEFINITIONAL_REPRESENTATION('',(#132),#136);
#132 = CIRCLE('',#133,46.5);
#133 = AXIS2_PLACEMENT_2D('',#134,#135);
#134 = CARTESIAN_POINT('',(1.882068139409E-15,1.61343992693E-17));
#135 = DIRECTION('',(1.,0.));
#136 = ( GEOMETRIC_REPRESENTATION_CONTEXT(2) 
PARAMETRIC_REPRESENTATION_CONTEXT() REPRESENTATION_CONTEXT('2D SPACE',''
  ) );
#137 = ORIENTED_EDGE('',*,*,#138,.T.);
#138 = EDGE_CURVE('',#110,#50,#139,.T.);
#139 = SURFACE_CURVE('',#140,(#144,#150),.PCURVE_S1.);
#140 = LINE('',#141,#142);
#141 = CARTESIAN_POINT('',(46.5,-5.670707919931E-06,0.));
#142 = VECTOR('',#143,1.);
#143 = DIRECTION('',(-0.,-0.,-1.));
#144 = PCURVE('',#59,#145);
#145 = DEFINITIONAL_REPRESENTATION('',(#146),#149);
#146 = B_SPLINE_CURVE_WITH_KNOTS('',1,(#147,#148),.UNSPECIFIED.,.F.,.F.,
  (2,2),(-69.9000006,6.E-07),.PIECEWISE_BEZIER_KNOTS.);
#147 = CARTESIAN_POINT('',(-6.283185185229,-69.9000006));
#148 = CARTESIAN_POINT('',(-6.283185185229,6.E-07));
#149 = ( GEOMETRIC_REPRESENTATION_CONTEXT(2) 
PARAMETRIC_REPRESENTATION_CONTEXT() REPRESENTATION_CONTEXT('2D SPACE',''
  ) );
#150 = PCURVE('',#151,#156);
#151 = PLANE('',#152);
#152 = AXIS2_PLACEMENT_3D('',#153,#154,#155);
#153 = CARTESIAN_POINT('',(1.847204318023E-04,-5.670707919931E-06,
    52.831249336744));
#154 = DIRECTION('',(-0.,-1.,-0.));
#155 = DIRECTION('',(0.,0.,-1.));
#156 = DEFINITIONAL_REPRESENTATION('',(#157),#160);
#157 = B_SPLINE_CURVE_WITH_KNOTS('',1,(#158,#159),.UNSPECIFIED.,.F.,.F.,
  (2,2),(-69.9000006,6.E-07),.PIECEWISE_BEZIER_KNOTS.);
#158 = CARTESIAN_POINT('',(-17.06875126325,46.499815279568));
#159 = CARTESIAN_POINT('',(52.831249936744,46.499815279568));
#160 = ( GEOMETRIC_REPRESENTATION_CONTEXT(2) 
PARAMETRIC_REPRESENTATION_CONTEXT() REPRESENTATION_CONTEXT('2D SPACE',''
  ) );
#161 = ADVANCED_FACE('',(#162),#71,.F.);
#162 = FACE_BOUND('',#163,.F.);
#163 = EDGE_LOOP('',(#164,#185,#186,#207,#291,#375,#459,#543,#627));
#164 = ORIENTED_EDGE('',*,*,#165,.F.);
#165 = EDGE_CURVE('',#48,#166,#168,.T.);
#166 = VERTEX_POINT('',#167);
#167 = CARTESIAN_POINT('',(-37.79999999999,-5.670707919687E-06,0.));
#168 = SURFACE_CURVE('',#169,(#173,#179),.PCURVE_S1.);
#169 = LINE('',#170,#171);
#170 = CARTESIAN_POINT('',(9.23602159002E-05,-5.670707919931E-06,0.));
#171 = VECTOR('',#172,1.);
#172 = DIRECTION('',(1.,0.,0.));
#173 = PCURVE('',#71,#174);
#174 = DEFINITIONAL_REPRESENTATION('',(#175),#178);
#175 = B_SPLINE_CURVE_WITH_KNOTS('',1,(#176,#177),.UNSPECIFIED.,.F.,.F.,
  (2,2),(-46.50009236021,46.499907639784),.PIECEWISE_BEZIER_KNOTS.);
#176 = CARTESIAN_POINT('',(-46.5,-5.670707919915E-06));
#177 = CARTESIAN_POINT('',(46.5,-5.670707919915E-06));
#178 = ( GEOMETRIC_REPRESENTATION_CONTEXT(2) 
PARAMETRIC_REPRESENTATION_CONTEXT() REPRESENTATION_CONTEXT('2D SPACE',''
  ) );
#179 = PCURVE('',#98,#180);
#180 = DEFINITIONAL_REPRESENTATION('',(#181),#184);
#181 = B_SPLINE_CURVE_WITH_KNOTS('',1,(#182,#183),.UNSPECIFIED.,.F.,.F.,
  (2,2),(-46.50009236021,46.499907639784),.PIECEWISE_BEZIER_KNOTS.);
#182 = CARTESIAN_POINT('',(52.831249336744,-46.50018472043));
#183 = CARTESIAN_POINT('',(52.831249336744,46.499815279568));
#184 = ( GEOMETRIC_REPRESENTATION_CONTEXT(2) 
PARAMETRIC_REPRESENTATION_CONTEXT() REPRESENTATION_CONTEXT('2D SPACE',''
  ) );
#185 = ORIENTED_EDGE('',*,*,#47,.T.);
#186 = ORIENTED_EDGE('',*,*,#187,.F.);
#187 = EDGE_CURVE('',#188,#50,#190,.T.);
#188 = VERTEX_POINT('',#189);
#189 = CARTESIAN_POINT('',(37.8,-5.670707920429E-06,0.));
#190 = SURFACE_CURVE('',#191,(#195,#201),.PCURVE_S1.);
#191 = LINE('',#192,#193);
#192 = CARTESIAN_POINT('',(9.23602159002E-05,-5.670707919931E-06,0.));
#193 = VECTOR('',#194,1.);
#194 = DIRECTION('',(1.,0.,0.));
#195 = PCURVE('',#71,#196);
#196 = DEFINITIONAL_REPRESENTATION('',(#197),#200);
#197 = B_SPLINE_CURVE_WITH_KNOTS('',1,(#198,#199),.UNSPECIFIED.,.F.,.F.,
  (2,2),(-46.50009236021,46.499907639784),.PIECEWISE_BEZIER_KNOTS.);
#198 = CARTESIAN_POINT('',(-46.5,-5.670707919915E-06));
#199 = CARTESIAN_POINT('',(46.5,-5.670707919915E-06));
#200 = ( GEOMETRIC_REPRESENTATION_CONTEXT(2) 
PARAMETRIC_REPRESENTATION_CONTEXT() REPRESENTATION_CONTEXT('2D SPACE',''
  ) );
#201 = PCURVE('',#151,#202);
#202 = DEFINITIONAL_REPRESENTATION('',(#203),#206);
#203 = B_SPLINE_CURVE_WITH_KNOTS('',1,(#204,#205),.UNSPECIFIED.,.F.,.F.,
  (2,2),(-46.50009236021,46.499907639784),.PIECEWISE_BEZIER_KNOTS.);
#204 = CARTESIAN_POINT('',(52.831249336744,-46.50018472043));
#205 = CARTESIAN_POINT('',(52.831249336744,46.499815279568));
#206 = ( GEOMETRIC_REPRESENTATION_CONTEXT(2) 
PARAMETRIC_REPRESENTATION_CONTEXT() REPRESENTATION_CONTEXT('2D SPACE',''
  ) );
#207 = ORIENTED_EDGE('',*,*,#208,.F.);
#208 = EDGE_CURVE('',#209,#188,#211,.T.);
#209 = VERTEX_POINT('',#210);
#210 = CARTESIAN_POINT('',(37.754792949667,-1.848136717816,0.));
#211 = SURFACE_CURVE('',#212,(#224,#239),.PCURVE_S1.);
#212 = B_SPLINE_CURVE_WITH_KNOTS('',10,(#213,#214,#215,#216,#217,#218,
    #219,#220,#221,#222,#223),.UNSPECIFIED.,.F.,.F.,(11,11),(11.,12.),
  .PIECEWISE_BEZIER_KNOTS.);
#213 = CARTESIAN_POINT('',(37.754792949667,-1.848136717816,0.));
#214 = CARTESIAN_POINT('',(37.763832557118,-1.663470451324,0.));
#215 = CARTESIAN_POINT('',(37.771868564867,-1.478755056594,0.));
#216 = CARTESIAN_POINT('',(37.778900672506,-1.293996671103,0.));
#217 = CARTESIAN_POINT('',(37.784928622537,-1.10920143338,0.));
#218 = CARTESIAN_POINT('',(37.789952200376,-0.924375483003,0.));
#219 = CARTESIAN_POINT('',(37.793971234348,-0.739524960599,0.));
#220 = CARTESIAN_POINT('',(37.796985595691,-0.554656007844,0.));
#221 = CARTESIAN_POINT('',(37.798995198555,-0.369774767467,0.));
#222 = CARTESIAN_POINT('',(37.8,-0.184887383244,0.));
#223 = CARTESIAN_POINT('',(37.8,-9.214851104389E-15,0.));
#224 = PCURVE('',#71,#225);
#225 = DEFINITIONAL_REPRESENTATION('',(#226),#238);
#226 = B_SPLINE_CURVE_WITH_KNOTS('',10,(#227,#228,#229,#230,#231,#232,
    #233,#234,#235,#236,#237),.UNSPECIFIED.,.F.,.F.,(11,11),(11.,12.),
  .PIECEWISE_BEZIER_KNOTS.);
#227 = CARTESIAN_POINT('',(37.754792949667,-1.848136717816));
#228 = CARTESIAN_POINT('',(37.763832557118,-1.663470451324));
#229 = CARTESIAN_POINT('',(37.771868564867,-1.478755056594));
#230 = CARTESIAN_POINT('',(37.778900672506,-1.293996671103));
#231 = CARTESIAN_POINT('',(37.784928622537,-1.10920143338));
#232 = CARTESIAN_POINT('',(37.789952200376,-0.924375483003));
#233 = CARTESIAN_POINT('',(37.793971234348,-0.739524960599));
#234 = CARTESIAN_POINT('',(37.796985595691,-0.554656007844));
#235 = CARTESIAN_POINT('',(37.798995198555,-0.369774767467));
#236 = CARTESIAN_POINT('',(37.8,-0.184887383244));
#237 = CARTESIAN_POINT('',(37.8,-9.19871670512E-15));
#238 = ( GEOMETRIC_REPRESENTATION_CONTEXT(2) 
PARAMETRIC_REPRESENTATION_CONTEXT() REPRESENTATION_CONTEXT('2D SPACE',''
  ) );
#239 = PCURVE('',#240,#285);
#240 = ( BOUNDED_SURFACE() B_SPLINE_SURFACE(10,3,(
    (#241,#242,#243,#244)
    ,(#245,#246,#247,#248)
    ,(#249,#250,#251,#252)
    ,(#253,#254,#255,#256)
    ,(#257,#258,#259,#260)
    ,(#261,#262,#263,#264)
    ,(#265,#266,#267,#268)
    ,(#269,#270,#271,#272)
    ,(#273,#274,#275,#276)
    ,(#277,#278,#279,#280)
    ,(#281,#282,#283,#284
)),.UNSPECIFIED.,.F.,.F.,.F.) B_SPLINE_SURFACE_WITH_KNOTS((11,11),(4,4),
  (11.,12.),(0.,1.),.PIECEWISE_BEZIER_KNOTS.) 
GEOMETRIC_REPRESENTATION_ITEM() RATIONAL_B_SPLINE_SURFACE((
    (1.,1.,1.,1.)
    ,(1.,1.,1.,1.)
    ,(1.,1.,1.,1.)
    ,(1.,1.,1.,1.)
    ,(1.,1.,1.,1.)
    ,(1.,1.,1.,1.)
    ,(1.,1.,1.,1.)
    ,(1.,1.,1.,1.)
    ,(1.,1.,1.,1.)
    ,(1.,1.,1.,1.)
,(1.,1.,1.,1.))) REPRESENTATION_ITEM('') SURFACE() );
#241 = CARTESIAN_POINT('',(37.754792949667,-1.848136717816,0.));
#242 = CARTESIAN_POINT('',(-27.66329792882,1.354147451061,3.));
#243 = CARTESIAN_POINT('',(80.908630504322,-3.960562332379,90.));
#244 = CARTESIAN_POINT('',(15.321428571428,-0.75,99.));
#245 = CARTESIAN_POINT('',(37.763832557118,-1.663470451324,0.));
#246 = CARTESIAN_POINT('',(-27.22934485807,1.348562266847,3.));
#247 = CARTESIAN_POINT('',(79.703503975962,-3.973158595813,
    89.999999999999));
#248 = CARTESIAN_POINT('',(17.464285714285,-0.75,99.));
#249 = CARTESIAN_POINT('',(37.771868564867,-1.478755056594,0.));
#250 = CARTESIAN_POINT('',(-26.79592698723,1.306517515563,2.999999999999
    ));
#251 = CARTESIAN_POINT('',(78.498728580256,-3.912605492442,
    90.000000000001));
#252 = CARTESIAN_POINT('',(19.607142857142,-0.75,99.));
#253 = CARTESIAN_POINT('',(37.778900672506,-1.293996671103,0.));
#254 = CARTESIAN_POINT('',(-26.35791819806,1.228004588971,3.));
#255 = CARTESIAN_POINT('',(77.284049402698,-3.778899043999,90.));
#256 = CARTESIAN_POINT('',(21.75,-0.75,99.));
#257 = CARTESIAN_POINT('',(37.784928622537,-1.10920143338,0.));
#258 = CARTESIAN_POINT('',(-25.91019145213,1.113834191737,3.000000000001
    ));
#259 = CARTESIAN_POINT('',(76.049209886929,-3.57367392259,
    89.999999999999));
#260 = CARTESIAN_POINT('',(23.892857142857,-0.75,99.));
#261 = CARTESIAN_POINT('',(37.789952200376,-0.924375483003,0.));
#262 = CARTESIAN_POINT('',(-25.44777350653,0.965639307751,3.));
#263 = CARTESIAN_POINT('',(74.784261266309,-3.300209383331,90.));
#264 = CARTESIAN_POINT('',(26.035714285714,-0.75,99.));
#265 = CARTESIAN_POINT('',(37.793971234348,-0.739524960599,0.));
#266 = CARTESIAN_POINT('',(-24.96599774015,0.785839346455,2.999999999999
    ));
#267 = CARTESIAN_POINT('',(73.479868216311,-2.963357557004,
    90.000000000001));
#268 = CARTESIAN_POINT('',(28.178571428571,-0.75,99.));
#269 = CARTESIAN_POINT('',(37.796985595691,-0.554656007844,0.));
#270 = CARTESIAN_POINT('',(-24.46064703088,0.577570524454,3.));
#271 = CARTESIAN_POINT('',(72.127594609088,-2.56940421328,90.));
#272 = CARTESIAN_POINT('',(30.321428571428,-0.75,99.));
#273 = CARTESIAN_POINT('',(37.798995198555,-0.369774767467,0.));
#274 = CARTESIAN_POINT('',(-23.9280786247,0.344587537698,3.000000000001)
  );
#275 = CARTESIAN_POINT('',(70.720153251558,-2.125872105084,
    89.999999999999));
#276 = CARTESIAN_POINT('',(32.464285714286,-0.75,99.));
#277 = CARTESIAN_POINT('',(37.8,-0.184887383244,0.));
#278 = CARTESIAN_POINT('',(-23.36532293717,9.114157951111E-02,3.));
#279 = CARTESIAN_POINT('',(69.251603488361,-1.641277004652,
    90.000000000001));
#280 = CARTESIAN_POINT('',(34.607142857143,-0.75,99.));
#281 = CARTESIAN_POINT('',(37.8,-9.214851104389E-15,0.));
#282 = CARTESIAN_POINT('',(-22.77014822795,-0.178160240246,3.));
#283 = CARTESIAN_POINT('',(67.717480551016,-1.124846541857,90.));
#284 = CARTESIAN_POINT('',(36.75,-0.75,99.));
#285 = DEFINITIONAL_REPRESENTATION('',(#286),#290);
#286 = LINE('',#287,#288);
#287 = CARTESIAN_POINT('',(0.,0.));
#288 = VECTOR('',#289,1.);
#289 = DIRECTION('',(1.,0.));
#290 = ( GEOMETRIC_REPRESENTATION_CONTEXT(2) 
PARAMETRIC_REPRESENTATION_CONTEXT() REPRESENTATION_CONTEXT('2D SPACE',''
  ) );
#291 = ORIENTED_EDGE('',*,*,#292,.F.);
#292 = EDGE_CURVE('',#293,#209,#295,.T.);
#293 = VERTEX_POINT('',#294);
#294 = CARTESIAN_POINT('',(33.512907185054,-17.48499505307,0.));
#295 = SURFACE_CURVE('',#296,(#308,#323),.PCURVE_S1.);
#296 = B_SPLINE_CURVE_WITH_KNOTS('',10,(#297,#298,#299,#300,#301,#302,
    #303,#304,#305,#306,#307),.UNSPECIFIED.,.F.,.F.,(11,11),(10.,11.),
  .PIECEWISE_BEZIER_KNOTS.);
#297 = CARTESIAN_POINT('',(33.512907185054,-17.48499505307,0.));
#298 = CARTESIAN_POINT('',(34.268215738029,-16.03732032653,0.));
#299 = CARTESIAN_POINT('',(34.954039868679,-14.5533929076,0.));
#300 = CARTESIAN_POINT('',(35.568422086223,-13.03696459141,0.));
#301 = CARTESIAN_POINT('',(36.109636345462,-11.49190825843,0.));
#302 = CARTESIAN_POINT('',(36.576196868721,-9.922200834378,0.));
#303 = CARTESIAN_POINT('',(36.966865403175,-8.331905825521,0.));
#304 = CARTESIAN_POINT('',(37.280656913576,-6.725155429701,0.));
#305 = CARTESIAN_POINT('',(37.516843710359,-5.106132222818,0.));
#306 = CARTESIAN_POINT('',(37.674958013152,-3.479050420915,0.));
#307 = CARTESIAN_POINT('',(37.754792949667,-1.848136717816,0.));
#308 = PCURVE('',#71,#309);
#309 = DEFINITIONAL_REPRESENTATION('',(#310),#322);
#310 = B_SPLINE_CURVE_WITH_KNOTS('',10,(#311,#312,#313,#314,#315,#316,
    #317,#318,#319,#320,#321),.UNSPECIFIED.,.F.,.F.,(11,11),(10.,11.),
  .PIECEWISE_BEZIER_KNOTS.);
#311 = CARTESIAN_POINT('',(33.512907185054,-17.48499505307));
#312 = CARTESIAN_POINT('',(34.268215738029,-16.03732032653));
#313 = CARTESIAN_POINT('',(34.954039868679,-14.5533929076));
#314 = CARTESIAN_POINT('',(35.568422086223,-13.03696459141));
#315 = CARTESIAN_POINT('',(36.109636345462,-11.49190825843));
#316 = CARTESIAN_POINT('',(36.576196868721,-9.922200834378));
#317 = CARTESIAN_POINT('',(36.966865403175,-8.331905825521));
#318 = CARTESIAN_POINT('',(37.280656913576,-6.725155429701));
#319 = CARTESIAN_POINT('',(37.516843710359,-5.106132222818));
#320 = CARTESIAN_POINT('',(37.674958013152,-3.479050420915));
#321 = CARTESIAN_POINT('',(37.754792949667,-1.848136717816));
#322 = ( GEOMETRIC_REPRESENTATION_CONTEXT(2) 
PARAMETRIC_REPRESENTATION_CONTEXT() REPRESENTATION_CONTEXT('2D SPACE',''
  ) );
#323 = PCURVE('',#324,#369);
#324 = ( BOUNDED_SURFACE() B_SPLINE_SURFACE(10,3,(
    (#325,#326,#327,#328)
    ,(#329,#330,#331,#332)
    ,(#333,#334,#335,#336)
    ,(#337,#338,#339,#340)
    ,(#341,#342,#343,#344)
    ,(#345,#346,#347,#348)
    ,(#349,#350,#351,#352)
    ,(#353,#354,#355,#356)
    ,(#357,#358,#359,#360)
    ,(#361,#362,#363,#364)
    ,(#365,#366,#367,#368
)),.UNSPECIFIED.,.F.,.F.,.F.) B_SPLINE_SURFACE_WITH_KNOTS((11,11),(4,4),
  (10.,11.),(0.,1.),.PIECEWISE_BEZIER_KNOTS.) 
GEOMETRIC_REPRESENTATION_ITEM() RATIONAL_B_SPLINE_SURFACE((
    (1.,1.,1.,1.)
    ,(1.,1.,1.,1.)
    ,(1.,1.,1.,1.)
    ,(1.,1.,1.,1.)
    ,(1.,1.,1.,1.)
    ,(1.,1.,1.,1.)
    ,(1.,1.,1.,1.)
    ,(1.,1.,1.,1.)
    ,(1.,1.,1.,1.)
    ,(1.,1.,1.,1.)
,(1.,1.,1.,1.))) REPRESENTATION_ITEM('') SURFACE() );
#325 = CARTESIAN_POINT('',(33.512907185054,-17.48499505307,0.));
#326 = CARTESIAN_POINT('',(2.020494012455,-1.054170789107,3.));
#327 = CARTESIAN_POINT('',(2.785552395018,-1.453331684357,90.));
#328 = CARTESIAN_POINT('',(1.4375,-0.75,99.));
#329 = CARTESIAN_POINT('',(34.268215738029,-16.03732032653,0.));
#330 = CARTESIAN_POINT('',(-0.435042392244,-2.260566394553,3.));
#331 = CARTESIAN_POINT('',(10.313845479858,-0.970773442179,90.));
#332 = CARTESIAN_POINT('',(2.825892857143,-0.75,99.));
#333 = CARTESIAN_POINT('',(34.954039868679,-14.5533929076,0.));
#334 = CARTESIAN_POINT('',(-2.832674800426,-3.089314980693,3.));
#335 = CARTESIAN_POINT('',(17.818976934966,-0.680059767353,90.));
#336 = CARTESIAN_POINT('',(4.214285714286,-0.75,99.));
#337 = CARTESIAN_POINT('',(35.568422086223,-13.03696459141,0.));
#338 = CARTESIAN_POINT('',(-5.24357822749,-3.53729147958,3.));
#339 = CARTESIAN_POINT('',(25.336697392274,-0.582440544259,90.));
#340 = CARTESIAN_POINT('',(5.602678571428,-0.75,99.));
#341 = CARTESIAN_POINT('',(36.109636345462,-11.49190825843,0.));
#342 = CARTESIAN_POINT('',(-7.739113810667,-3.61611745849,3.));
#343 = CARTESIAN_POINT('',(32.902831257498,-0.671782249219,90.));
#344 = CARTESIAN_POINT('',(6.991071428571,-0.75,99.));
#345 = CARTESIAN_POINT('',(36.576196868721,-9.922200834378,0.));
#346 = CARTESIAN_POINT('',(-10.38731931989,-3.352187877052,3.));
#347 = CARTESIAN_POINT('',(40.551521230412,-0.934555991943,90.));
#348 = CARTESIAN_POINT('',(8.379464285714,-0.75,99.));
#349 = CARTESIAN_POINT('',(36.966865403175,-8.331905825521,0.));
#350 = CARTESIAN_POINT('',(-13.24935865618,-2.785663241057,3.));
#351 = CARTESIAN_POINT('',(48.313452449259,-1.350342894012,90.));
#352 = CARTESIAN_POINT('',(9.767857142857,-0.75,99.));
#353 = CARTESIAN_POINT('',(37.280656913576,-6.725155429701,0.));
#354 = CARTESIAN_POINT('',(-16.3763636796,-1.968467460046,3.));
#355 = CARTESIAN_POINT('',(56.214272930337,-1.892836650835,90.));
#356 = CARTESIAN_POINT('',(11.15625,-0.75,99.));
#357 = CARTESIAN_POINT('',(37.516843710359,-5.106132222818,0.));
#358 = CARTESIAN_POINT('',(-19.806991112,-0.961459346444,3.));
#359 = CARTESIAN_POINT('',(64.273371675376,-2.53125930821,90.));
#360 = CARTESIAN_POINT('',(12.544642857142,-0.75,99.));
#361 = CARTESIAN_POINT('',(37.674958013152,-3.479050420915,0.));
#362 = CARTESIAN_POINT('',(-23.56590666278,0.168926675378,3.));
#363 = CARTESIAN_POINT('',(72.503120520774,-3.232042469279,90.));
#364 = CARTESIAN_POINT('',(13.933035714285,-0.75,99.));
#365 = CARTESIAN_POINT('',(37.754792949667,-1.848136717816,0.));
#366 = CARTESIAN_POINT('',(-27.66329792882,1.354147451061,3.));
#367 = CARTESIAN_POINT('',(80.908630504322,-3.960562332379,90.));
#368 = CARTESIAN_POINT('',(15.321428571428,-0.75,99.));
#369 = DEFINITIONAL_REPRESENTATION('',(#370),#374);
#370 = LINE('',#371,#372);
#371 = CARTESIAN_POINT('',(0.,0.));
#372 = VECTOR('',#373,1.);
#373 = DIRECTION('',(1.,0.));
#374 = ( GEOMETRIC_REPRESENTATION_CONTEXT(2) 
PARAMETRIC_REPRESENTATION_CONTEXT() REPRESENTATION_CONTEXT('2D SPACE',''
  ) );
#375 = ORIENTED_EDGE('',*,*,#376,.F.);
#376 = EDGE_CURVE('',#377,#293,#379,.T.);
#377 = VERTEX_POINT('',#378);
#378 = CARTESIAN_POINT('',(-33.51290718505,-17.48499505307,0.));
#379 = SURFACE_CURVE('',#380,(#392,#407),.PCURVE_S1.);
#380 = B_SPLINE_CURVE_WITH_KNOTS('',10,(#381,#382,#383,#384,#385,#386,
    #387,#388,#389,#390,#391),.UNSPECIFIED.,.F.,.F.,(11,11),(9.,10.),
  .PIECEWISE_BEZIER_KNOTS.);
#381 = CARTESIAN_POINT('',(-33.51290718505,-17.48499505307,0.));
#382 = CARTESIAN_POINT('',(-29.70149632743,-24.79019919684,0.));
#383 = CARTESIAN_POINT('',(-24.12075054881,-31.17227195537,0.));
#384 = CARTESIAN_POINT('',(-17.02220025104,-36.14910988226,0.));
#385 = CARTESIAN_POINT('',(-8.807514663469,-39.31693637829,0.));
#386 = CARTESIAN_POINT('',(-2.046363078989E-12,-40.40484880633,0.));
#387 = CARTESIAN_POINT('',(8.807514663472,-39.31693637829,0.));
#388 = CARTESIAN_POINT('',(17.02220025104,-36.14910988226,0.));
#389 = CARTESIAN_POINT('',(24.120750548813,-31.17227195537,0.));
#390 = CARTESIAN_POINT('',(29.701496327436,-24.79019919684,0.));
#391 = CARTESIAN_POINT('',(33.512907185054,-17.48499505307,0.));
#392 = PCURVE('',#71,#393);
#393 = DEFINITIONAL_REPRESENTATION('',(#394),#406);
#394 = B_SPLINE_CURVE_WITH_KNOTS('',10,(#395,#396,#397,#398,#399,#400,
    #401,#402,#403,#404,#405),.UNSPECIFIED.,.F.,.F.,(11,11),(9.,10.),
  .PIECEWISE_BEZIER_KNOTS.);
#395 = CARTESIAN_POINT('',(-33.51290718505,-17.48499505307));
#396 = CARTESIAN_POINT('',(-29.70149632743,-24.79019919684));
#397 = CARTESIAN_POINT('',(-24.12075054881,-31.17227195537));
#398 = CARTESIAN_POINT('',(-17.02220025104,-36.14910988226));
#399 = CARTESIAN_POINT('',(-8.807514663469,-39.31693637829));
#400 = CARTESIAN_POINT('',(-2.04448101085E-12,-40.40484880633));
#401 = CARTESIAN_POINT('',(8.807514663472,-39.31693637829));
#402 = CARTESIAN_POINT('',(17.02220025104,-36.14910988226));
#403 = CARTESIAN_POINT('',(24.120750548813,-31.17227195537));
#404 = CARTESIAN_POINT('',(29.701496327436,-24.79019919684));
#405 = CARTESIAN_POINT('',(33.512907185054,-17.48499505307));
#406 = ( GEOMETRIC_REPRESENTATION_CONTEXT(2) 
PARAMETRIC_REPRESENTATION_CONTEXT() REPRESENTATION_CONTEXT('2D SPACE',''
  ) );
#407 = PCURVE('',#408,#453);
#408 = ( BOUNDED_SURFACE() B_SPLINE_SURFACE(10,3,(
    (#409,#410,#411,#412)
    ,(#413,#414,#415,#416)
    ,(#417,#418,#419,#420)
    ,(#421,#422,#423,#424)
    ,(#425,#426,#427,#428)
    ,(#429,#430,#431,#432)
    ,(#433,#434,#435,#436)
    ,(#437,#438,#439,#440)
    ,(#441,#442,#443,#444)
    ,(#445,#446,#447,#448)
    ,(#449,#450,#451,#452
)),.UNSPECIFIED.,.F.,.F.,.F.) B_SPLINE_SURFACE_WITH_KNOTS((11,11),(4,4),
  (9.,10.),(0.,1.),.PIECEWISE_BEZIER_KNOTS.) 
GEOMETRIC_REPRESENTATION_ITEM() RATIONAL_B_SPLINE_SURFACE((
    (1.,1.,1.,1.)
    ,(1.,1.,1.,1.)
    ,(1.,1.,1.,1.)
    ,(1.,1.,1.,1.)
    ,(1.,1.,1.,1.)
    ,(1.,1.,1.,1.)
    ,(1.,1.,1.,1.)
    ,(1.,1.,1.,1.)
    ,(1.,1.,1.,1.)
    ,(1.,1.,1.,1.)
,(1.,1.,1.,1.))) REPRESENTATION_ITEM('') SURFACE() );
#409 = CARTESIAN_POINT('',(-33.51290718505,-17.48499505307,0.));
#410 = CARTESIAN_POINT('',(-2.020494012455,-1.054170789107,3.));
#411 = CARTESIAN_POINT('',(-2.785552395018,-1.453331684357,90.));
#412 = CARTESIAN_POINT('',(-1.4375,-0.75,99.));
#413 = CARTESIAN_POINT('',(-29.70149632743,-24.79019919684,0.));
#414 = CARTESIAN_POINT('',(0.792913606197,5.033499330702,3.));
#415 = CARTESIAN_POINT('',(-3.192165442479,-3.888399732281,90.));
#416 = CARTESIAN_POINT('',(-1.15,-0.75,99.));
#417 = CARTESIAN_POINT('',(-24.12075054881,-31.17227195537,0.));
#418 = CARTESIAN_POINT('',(2.131875457343,10.351893296144,3.));
#419 = CARTESIAN_POINT('',(-3.009000182937,-6.015757318458,90.));
#420 = CARTESIAN_POINT('',(-0.8625,-0.75,99.));
#421 = CARTESIAN_POINT('',(-17.02220025104,-36.14910988226,0.));
#422 = CARTESIAN_POINT('',(2.206000209202,14.49925823522,3.));
#423 = CARTESIAN_POINT('',(-2.319900083681,-7.674703294088,90.));
#424 = CARTESIAN_POINT('',(-0.575,-0.75,99.));
#425 = CARTESIAN_POINT('',(-8.807514663469,-39.31693637829,0.));
#426 = CARTESIAN_POINT('',(1.350012219557,17.139113648583,3.));
#427 = CARTESIAN_POINT('',(-1.258754887823,-8.730645459433,90.));
#428 = CARTESIAN_POINT('',(-0.2875,-0.75,99.));
#429 = CARTESIAN_POINT('',(-2.046363078989E-12,-40.40484880633,0.));
#430 = CARTESIAN_POINT('',(1.719446807158E-12,18.045707338608,3.));
#431 = CARTESIAN_POINT('',(-7.068567953183E-13,-9.093282935443,90.));
#432 = CARTESIAN_POINT('',(-2.13162820728E-14,-0.75,99.));
#433 = CARTESIAN_POINT('',(8.807514663472,-39.31693637829,0.));
#434 = CARTESIAN_POINT('',(-1.35001221956,17.139113648583,3.));
#435 = CARTESIAN_POINT('',(1.258754887824,-8.730645459433,90.));
#436 = CARTESIAN_POINT('',(0.2875,-0.75,99.));
#437 = CARTESIAN_POINT('',(17.02220025104,-36.14910988226,0.));
#438 = CARTESIAN_POINT('',(-2.2060002092,14.499258235219,3.));
#439 = CARTESIAN_POINT('',(2.31990008368,-7.674703294088,90.));
#440 = CARTESIAN_POINT('',(0.575,-0.75,99.));
#441 = CARTESIAN_POINT('',(24.120750548813,-31.17227195537,0.));
#442 = CARTESIAN_POINT('',(-2.131875457344,10.351893296145,3.));
#443 = CARTESIAN_POINT('',(3.009000182938,-6.015757318458,90.));
#444 = CARTESIAN_POINT('',(0.8625,-0.75,99.));
#445 = CARTESIAN_POINT('',(29.701496327436,-24.79019919684,0.));
#446 = CARTESIAN_POINT('',(-0.792913606197,5.033499330701,3.));
#447 = CARTESIAN_POINT('',(3.192165442479,-3.888399732281,90.));
#448 = CARTESIAN_POINT('',(1.15,-0.75,99.));
#449 = CARTESIAN_POINT('',(33.512907185054,-17.48499505307,0.));
#450 = CARTESIAN_POINT('',(2.020494012455,-1.054170789107,3.));
#451 = CARTESIAN_POINT('',(2.785552395018,-1.453331684357,90.));
#452 = CARTESIAN_POINT('',(1.4375,-0.75,99.));
#453 = DEFINITIONAL_REPRESENTATION('',(#454),#458);
#454 = LINE('',#455,#456);
#455 = CARTESIAN_POINT('',(0.,0.));
#456 = VECTOR('',#457,1.);
#457 = DIRECTION('',(1.,0.));
#458 = ( GEOMETRIC_REPRESENTATION_CONTEXT(2) 
PARAMETRIC_REPRESENTATION_CONTEXT() REPRESENTATION_CONTEXT('2D SPACE',''
  ) );
#459 = ORIENTED_EDGE('',*,*,#460,.F.);
#460 = EDGE_CURVE('',#461,#377,#463,.T.);
#461 = VERTEX_POINT('',#462);
#462 = CARTESIAN_POINT('',(-37.75479294966,-1.848136717816,0.));
#463 = SURFACE_CURVE('',#464,(#476,#491),.PCURVE_S1.);
#464 = B_SPLINE_CURVE_WITH_KNOTS('',10,(#465,#466,#467,#468,#469,#470,
    #471,#472,#473,#474,#475),.UNSPECIFIED.,.F.,.F.,(11,11),(8.,9.),
  .PIECEWISE_BEZIER_KNOTS.);
#465 = CARTESIAN_POINT('',(-37.75479294966,-1.848136717816,0.));
#466 = CARTESIAN_POINT('',(-37.67495801315,-3.479050420915,0.));
#467 = CARTESIAN_POINT('',(-37.51684371035,-5.106132222818,0.));
#468 = CARTESIAN_POINT('',(-37.28065691357,-6.725155429701,0.));
#469 = CARTESIAN_POINT('',(-36.96686540317,-8.331905825521,0.));
#470 = CARTESIAN_POINT('',(-36.57619686872,-9.922200834378,0.));
#471 = CARTESIAN_POINT('',(-36.10963634546,-11.49190825843,0.));
#472 = CARTESIAN_POINT('',(-35.56842208622,-13.03696459141,0.));
#473 = CARTESIAN_POINT('',(-34.95403986867,-14.5533929076,0.));
#474 = CARTESIAN_POINT('',(-34.26821573802,-16.03732032653,0.));
#475 = CARTESIAN_POINT('',(-33.51290718505,-17.48499505307,0.));
#476 = PCURVE('',#71,#477);
#477 = DEFINITIONAL_REPRESENTATION('',(#478),#490);
#478 = B_SPLINE_CURVE_WITH_KNOTS('',10,(#479,#480,#481,#482,#483,#484,
    #485,#486,#487,#488,#489),.UNSPECIFIED.,.F.,.F.,(11,11),(8.,9.),
  .PIECEWISE_BEZIER_KNOTS.);
#479 = CARTESIAN_POINT('',(-37.75479294966,-1.848136717816));
#480 = CARTESIAN_POINT('',(-37.67495801315,-3.479050420915));
#481 = CARTESIAN_POINT('',(-37.51684371035,-5.106132222818));
#482 = CARTESIAN_POINT('',(-37.28065691357,-6.725155429701));
#483 = CARTESIAN_POINT('',(-36.96686540317,-8.331905825521));
#484 = CARTESIAN_POINT('',(-36.57619686872,-9.922200834378));
#485 = CARTESIAN_POINT('',(-36.10963634546,-11.49190825843));
#486 = CARTESIAN_POINT('',(-35.56842208622,-13.03696459141));
#487 = CARTESIAN_POINT('',(-34.95403986867,-14.5533929076));
#488 = CARTESIAN_POINT('',(-34.26821573802,-16.03732032653));
#489 = CARTESIAN_POINT('',(-33.51290718505,-17.48499505307));
#490 = ( GEOMETRIC_REPRESENTATION_CONTEXT(2) 
PARAMETRIC_REPRESENTATION_CONTEXT() REPRESENTATION_CONTEXT('2D SPACE',''
  ) );
#491 = PCURVE('',#492,#537);
#492 = ( BOUNDED_SURFACE() B_SPLINE_SURFACE(10,3,(
    (#493,#494,#495,#496)
    ,(#497,#498,#499,#500)
    ,(#501,#502,#503,#504)
    ,(#505,#506,#507,#508)
    ,(#509,#510,#511,#512)
    ,(#513,#514,#515,#516)
    ,(#517,#518,#519,#520)
    ,(#521,#522,#523,#524)
    ,(#525,#526,#527,#528)
    ,(#529,#530,#531,#532)
    ,(#533,#534,#535,#536
)),.UNSPECIFIED.,.F.,.F.,.F.) B_SPLINE_SURFACE_WITH_KNOTS((11,11),(4,4),
  (8.,9.),(0.,1.),.PIECEWISE_BEZIER_KNOTS.) 
GEOMETRIC_REPRESENTATION_ITEM() RATIONAL_B_SPLINE_SURFACE((
    (1.,1.,1.,1.)
    ,(1.,1.,1.,1.)
    ,(1.,1.,1.,1.)
    ,(1.,1.,1.,1.)
    ,(1.,1.,1.,1.)
    ,(1.,1.,1.,1.)
    ,(1.,1.,1.,1.)
    ,(1.,1.,1.,1.)
    ,(1.,1.,1.,1.)
    ,(1.,1.,1.,1.)
,(1.,1.,1.,1.))) REPRESENTATION_ITEM('') SURFACE() );
#493 = CARTESIAN_POINT('',(-37.75479294966,-1.848136717816,0.));
#494 = CARTESIAN_POINT('',(27.663297928827,1.354147451061,3.));
#495 = CARTESIAN_POINT('',(-80.90863050432,-3.960562332379,90.));
#496 = CARTESIAN_POINT('',(-15.32142857142,-0.75,99.));
#497 = CARTESIAN_POINT('',(-37.67495801315,-3.479050420915,0.));
#498 = CARTESIAN_POINT('',(23.565906662788,0.168926675378,3.));
#499 = CARTESIAN_POINT('',(-72.50312052077,-3.232042469279,90.));
#500 = CARTESIAN_POINT('',(-13.93303571428,-0.75,99.));
#501 = CARTESIAN_POINT('',(-37.51684371035,-5.106132222818,0.));
#502 = CARTESIAN_POINT('',(19.806991112002,-0.961459346444,3.));
#503 = CARTESIAN_POINT('',(-64.27337167537,-2.53125930821,90.));
#504 = CARTESIAN_POINT('',(-12.54464285714,-0.75,99.));
#505 = CARTESIAN_POINT('',(-37.28065691357,-6.725155429701,0.));
#506 = CARTESIAN_POINT('',(16.376363679604,-1.968467460046,
    2.999999999999));
#507 = CARTESIAN_POINT('',(-56.21427293033,-1.892836650835,90.));
#508 = CARTESIAN_POINT('',(-11.15624999999,-0.75,99.));
#509 = CARTESIAN_POINT('',(-36.96686540317,-8.331905825521,0.));
#510 = CARTESIAN_POINT('',(13.249358656189,-2.785663241057,3.));
#511 = CARTESIAN_POINT('',(-48.31345244925,-1.350342894012,90.));
#512 = CARTESIAN_POINT('',(-9.767857142856,-0.75,99.));
#513 = CARTESIAN_POINT('',(-36.57619686872,-9.922200834378,0.));
#514 = CARTESIAN_POINT('',(10.387319319896,-3.352187877052,
    3.000000000001));
#515 = CARTESIAN_POINT('',(-40.55152123041,-0.934555991942,90.));
#516 = CARTESIAN_POINT('',(-8.379464285713,-0.75,99.));
#517 = CARTESIAN_POINT('',(-36.10963634546,-11.49190825843,0.));
#518 = CARTESIAN_POINT('',(7.739113810668,-3.61611745849,3.));
#519 = CARTESIAN_POINT('',(-32.90283125749,-0.671782249219,90.));
#520 = CARTESIAN_POINT('',(-6.991071428571,-0.75,99.));
#521 = CARTESIAN_POINT('',(-35.56842208622,-13.03696459141,0.));
#522 = CARTESIAN_POINT('',(5.243578227491,-3.53729147958,2.999999999999)
  );
#523 = CARTESIAN_POINT('',(-25.33669739227,-0.582440544259,90.));
#524 = CARTESIAN_POINT('',(-5.602678571428,-0.75,99.));
#525 = CARTESIAN_POINT('',(-34.95403986867,-14.5533929076,0.));
#526 = CARTESIAN_POINT('',(2.832674800425,-3.089314980693,3.000000000001
    ));
#527 = CARTESIAN_POINT('',(-17.81897693496,-0.680059767353,90.));
#528 = CARTESIAN_POINT('',(-4.214285714285,-0.75,99.));
#529 = CARTESIAN_POINT('',(-34.26821573802,-16.03732032653,0.));
#530 = CARTESIAN_POINT('',(0.435042392244,-2.260566394552,3.));
#531 = CARTESIAN_POINT('',(-10.31384547985,-0.970773442179,90.));
#532 = CARTESIAN_POINT('',(-2.825892857143,-0.75,99.));
#533 = CARTESIAN_POINT('',(-33.51290718505,-17.48499505307,0.));
#534 = CARTESIAN_POINT('',(-2.020494012455,-1.054170789107,3.));
#535 = CARTESIAN_POINT('',(-2.785552395018,-1.453331684357,90.));
#536 = CARTESIAN_POINT('',(-1.4375,-0.75,99.));
#537 = DEFINITIONAL_REPRESENTATION('',(#538),#542);
#538 = LINE('',#539,#540);
#539 = CARTESIAN_POINT('',(0.,0.));
#540 = VECTOR('',#541,1.);
#541 = DIRECTION('',(1.,0.));
#542 = ( GEOMETRIC_REPRESENTATION_CONTEXT(2) 
PARAMETRIC_REPRESENTATION_CONTEXT() REPRESENTATION_CONTEXT('2D SPACE',''
  ) );
#543 = ORIENTED_EDGE('',*,*,#544,.F.);
#544 = EDGE_CURVE('',#545,#461,#547,.T.);
#545 = VERTEX_POINT('',#546);
#546 = CARTESIAN_POINT('',(-37.79213073791,-0.771267974243,0.));
#547 = SURFACE_CURVE('',#548,(#560,#575),.PCURVE_S1.);
#548 = B_SPLINE_CURVE_WITH_KNOTS('',10,(#549,#550,#551,#552,#553,#554,
    #555,#556,#557,#558,#559),.UNSPECIFIED.,.F.,.F.,(11,11),(7.,8.),
  .PIECEWISE_BEZIER_KNOTS.);
#549 = CARTESIAN_POINT('',(-37.79213073791,-0.771267974243,0.));
#550 = CARTESIAN_POINT('',(-37.78993210933,-0.879000774842,0.));
#551 = CARTESIAN_POINT('',(-37.78739222387,-0.986726610751,0.));
#552 = CARTESIAN_POINT('',(-37.78451112367,-1.094444266543,0.));
#553 = CARTESIAN_POINT('',(-37.78128885089,-1.202152526788,0.));
#554 = CARTESIAN_POINT('',(-37.77772544765,-1.309850176059,0.));
#555 = CARTESIAN_POINT('',(-37.7738209561,-1.417535998928,0.));
#556 = CARTESIAN_POINT('',(-37.76957541839,-1.525208779966,0.));
#557 = CARTESIAN_POINT('',(-37.76498887665,-1.632867303746,0.));
#558 = CARTESIAN_POINT('',(-37.76006137303,-1.740510354838,0.));
#559 = CARTESIAN_POINT('',(-37.75479294966,-1.848136717816,0.));
#560 = PCURVE('',#71,#561);
#561 = DEFINITIONAL_REPRESENTATION('',(#562),#574);
#562 = B_SPLINE_CURVE_WITH_KNOTS('',10,(#563,#564,#565,#566,#567,#568,
    #569,#570,#571,#572,#573),.UNSPECIFIED.,.F.,.F.,(11,11),(7.,8.),
  .PIECEWISE_BEZIER_KNOTS.);
#563 = CARTESIAN_POINT('',(-37.79213073791,-0.771267974243));
#564 = CARTESIAN_POINT('',(-37.78993210933,-0.879000774842));
#565 = CARTESIAN_POINT('',(-37.78739222387,-0.986726610751));
#566 = CARTESIAN_POINT('',(-37.78451112367,-1.094444266543));
#567 = CARTESIAN_POINT('',(-37.78128885089,-1.202152526788));
#568 = CARTESIAN_POINT('',(-37.77772544765,-1.309850176059));
#569 = CARTESIAN_POINT('',(-37.7738209561,-1.417535998928));
#570 = CARTESIAN_POINT('',(-37.76957541839,-1.525208779966));
#571 = CARTESIAN_POINT('',(-37.76498887665,-1.632867303746));
#572 = CARTESIAN_POINT('',(-37.76006137303,-1.740510354838));
#573 = CARTESIAN_POINT('',(-37.75479294966,-1.848136717816));
#574 = ( GEOMETRIC_REPRESENTATION_CONTEXT(2) 
PARAMETRIC_REPRESENTATION_CONTEXT() REPRESENTATION_CONTEXT('2D SPACE',''
  ) );
#575 = PCURVE('',#576,#621);
#576 = ( BOUNDED_SURFACE() B_SPLINE_SURFACE(10,3,(
    (#577,#578,#579,#580)
    ,(#581,#582,#583,#584)
    ,(#585,#586,#587,#588)
    ,(#589,#590,#591,#592)
    ,(#593,#594,#595,#596)
    ,(#597,#598,#599,#600)
    ,(#601,#602,#603,#604)
    ,(#605,#606,#607,#608)
    ,(#609,#610,#611,#612)
    ,(#613,#614,#615,#616)
    ,(#617,#618,#619,#620
)),.UNSPECIFIED.,.F.,.F.,.F.) B_SPLINE_SURFACE_WITH_KNOTS((11,11),(4,4),
  (7.,8.),(0.,1.),.PIECEWISE_BEZIER_KNOTS.) 
GEOMETRIC_REPRESENTATION_ITEM() RATIONAL_B_SPLINE_SURFACE((
    (1.,1.,1.,1.)
    ,(1.,1.,1.,1.)
    ,(1.,1.,1.,1.)
    ,(1.,1.,1.,1.)
    ,(1.,1.,1.,1.)
    ,(1.,1.,1.,1.)
    ,(1.,1.,1.,1.)
    ,(1.,1.,1.,1.)
    ,(1.,1.,1.,1.)
    ,(1.,1.,1.,1.)
,(1.,1.,1.,1.))) REPRESENTATION_ITEM('') SURFACE() );
#577 = CARTESIAN_POINT('',(-37.79213073791,-0.771267974243,0.));
#578 = CARTESIAN_POINT('',(22.763590509555,0.464563071624,3.));
#579 = CARTESIAN_POINT('',(-67.71485746365,-1.381935866605,90.));
#580 = CARTESIAN_POINT('',(-36.75,-0.75,99.));
#581 = CARTESIAN_POINT('',(-37.78993210933,-0.879000774842,0.));
#582 = CARTESIAN_POINT('',(23.356933028284,0.669569405843,3.));
#583 = CARTESIAN_POINT('',(-69.2482475248,-1.872648135185,
    89.999999999999));
#584 = CARTESIAN_POINT('',(-34.60714285714,-0.75,99.));
#585 = CARTESIAN_POINT('',(-37.78739222387,-0.986726610751,0.));
#586 = CARTESIAN_POINT('',(23.918409479143,0.858714073768,2.999999999999
    ));
#587 = CARTESIAN_POINT('',(-70.71628559333,-2.331522719512,
    90.000000000001));
#588 = CARTESIAN_POINT('',(-32.46428571428,-0.75,99.));
#589 = CARTESIAN_POINT('',(-37.78451112367,-1.094444266543,0.));
#590 = CARTESIAN_POINT('',(24.450251637542,1.027394073369,3.));
#591 = CARTESIAN_POINT('',(-72.12343645175,-2.749333632846,90.));
#592 = CARTESIAN_POINT('',(-30.32142857142,-0.75,99.));
#593 = CARTESIAN_POINT('',(-37.78128885089,-1.202152526788,0.));
#594 = CARTESIAN_POINT('',(24.955429087275,1.17136231828,3.));
#595 = CARTESIAN_POINT('',(-73.47564075515,-3.117566745734,
    89.999999999999));
#596 = CARTESIAN_POINT('',(-28.17857142857,-0.75,99.));
#597 = CARTESIAN_POINT('',(-37.77772544765,-1.309850176059,0.));
#598 = CARTESIAN_POINT('',(25.437584545937,1.286868218631,3.));
#599 = CARTESIAN_POINT('',(-74.78018568206,-3.428700947683,90.));
#600 = CARTESIAN_POINT('',(-26.03571428571,-0.75,99.));
#601 = CARTESIAN_POINT('',(-37.7738209561,-1.417535998928,0.));
#602 = CARTESIAN_POINT('',(25.900935063437,1.370779663026,2.999999999999
    ));
#603 = CARTESIAN_POINT('',(-76.04550733145,-3.676452111106,
    90.000000000001));
#604 = CARTESIAN_POINT('',(-23.89285714285,-0.75,99.));
#605 = CARTESIAN_POINT('',(-37.76957541839,-1.525208779966,0.));
#606 = CARTESIAN_POINT('',(26.350147152968,1.420681346357,3.));
#607 = CARTESIAN_POINT('',(-77.28094098466,-3.855969746953,90.));
#608 = CARTESIAN_POINT('',(-21.74999999999,-0.75,99.));
#609 = CARTESIAN_POINT('',(-37.76498887665,-1.632867303746,0.));
#610 = CARTESIAN_POINT('',(26.790193913718,1.434944388189,3.000000000001
    ));
#611 = CARTESIAN_POINT('',(-78.49643535085,-3.963976241492,
    89.999999999999));
#612 = CARTESIAN_POINT('',(-19.60714285714,-0.75,99.));
#613 = CARTESIAN_POINT('',(-37.76006137303,-1.740510354838,0.));
#614 = CARTESIAN_POINT('',(27.226202204672,1.412762186442,3.));
#615 = CARTESIAN_POINT('',(-79.7022469146,-3.998838563651,90.));
#616 = CARTESIAN_POINT('',(-17.46428571428,-0.75,99.));
#617 = CARTESIAN_POINT('',(-37.75479294966,-1.848136717816,0.));
#618 = CARTESIAN_POINT('',(27.663297928827,1.354147451061,3.));
#619 = CARTESIAN_POINT('',(-80.90863050432,-3.960562332379,90.));
#620 = CARTESIAN_POINT('',(-15.32142857142,-0.75,99.));
#621 = DEFINITIONAL_REPRESENTATION('',(#622),#626);
#622 = LINE('',#623,#624);
#623 = CARTESIAN_POINT('',(0.,0.));
#624 = VECTOR('',#625,1.);
#625 = DIRECTION('',(1.,0.));
#626 = ( GEOMETRIC_REPRESENTATION_CONTEXT(2) 
PARAMETRIC_REPRESENTATION_CONTEXT() REPRESENTATION_CONTEXT('2D SPACE',''
  ) );
#627 = ORIENTED_EDGE('',*,*,#628,.F.);
#628 = EDGE_CURVE('',#166,#545,#629,.T.);
#629 = SURFACE_CURVE('',#630,(#642,#657),.PCURVE_S1.);
#630 = B_SPLINE_CURVE_WITH_KNOTS('',10,(#631,#632,#633,#634,#635,#636,
    #637,#638,#639,#640,#641),.UNSPECIFIED.,.F.,.F.,(11,11),(6.,7.),
  .PIECEWISE_BEZIER_KNOTS.);
#631 = CARTESIAN_POINT('',(-37.79213073791,0.771267974243,0.));
#632 = CARTESIAN_POINT('',(-37.79527833353,0.617035789232,0.));
#633 = CARTESIAN_POINT('',(-37.79772656053,0.462789330996,0.));
#634 = CARTESIAN_POINT('',(-37.79947534612,0.308532167841,0.));
#635 = CARTESIAN_POINT('',(-37.80052463827,0.154267868074,0.));
#636 = CARTESIAN_POINT('',(-37.80087440579,4.640732242933E-15,0.));
#637 = CARTESIAN_POINT('',(-37.80052463827,-0.154267868074,0.));
#638 = CARTESIAN_POINT('',(-37.79947534612,-0.308532167841,0.));
#639 = CARTESIAN_POINT('',(-37.79772656053,-0.462789330996,0.));
#640 = CARTESIAN_POINT('',(-37.79527833353,-0.617035789232,0.));
#641 = CARTESIAN_POINT('',(-37.79213073791,-0.771267974243,0.));
#642 = PCURVE('',#71,#643);
#643 = DEFINITIONAL_REPRESENTATION('',(#644),#656);
#644 = B_SPLINE_CURVE_WITH_KNOTS('',10,(#645,#646,#647,#648,#649,#650,
    #651,#652,#653,#654,#655),.UNSPECIFIED.,.F.,.F.,(11,11),(6.,7.),
  .PIECEWISE_BEZIER_KNOTS.);
#645 = CARTESIAN_POINT('',(-37.79213073791,0.771267974243));
#646 = CARTESIAN_POINT('',(-37.79527833353,0.617035789232));
#647 = CARTESIAN_POINT('',(-37.79772656053,0.462789330996));
#648 = CARTESIAN_POINT('',(-37.79947534612,0.308532167841));
#649 = CARTESIAN_POINT('',(-37.80052463827,0.154267868074));
#650 = CARTESIAN_POINT('',(-37.80087440579,4.656866642202E-15));
#651 = CARTESIAN_POINT('',(-37.80052463827,-0.154267868074));
#652 = CARTESIAN_POINT('',(-37.79947534612,-0.308532167841));
#653 = CARTESIAN_POINT('',(-37.79772656053,-0.462789330996));
#654 = CARTESIAN_POINT('',(-37.79527833353,-0.617035789232));
#655 = CARTESIAN_POINT('',(-37.79213073791,-0.771267974243));
#656 = ( GEOMETRIC_REPRESENTATION_CONTEXT(2) 
PARAMETRIC_REPRESENTATION_CONTEXT() REPRESENTATION_CONTEXT('2D SPACE',''
  ) );
#657 = PCURVE('',#658,#703);
#658 = ( BOUNDED_SURFACE() B_SPLINE_SURFACE(10,3,(
    (#659,#660,#661,#662)
    ,(#663,#664,#665,#666)
    ,(#667,#668,#669,#670)
    ,(#671,#672,#673,#674)
    ,(#675,#676,#677,#678)
    ,(#679,#680,#681,#682)
    ,(#683,#684,#685,#686)
    ,(#687,#688,#689,#690)
    ,(#691,#692,#693,#694)
    ,(#695,#696,#697,#698)
    ,(#699,#700,#701,#702
)),.UNSPECIFIED.,.F.,.F.,.F.) B_SPLINE_SURFACE_WITH_KNOTS((11,11),(4,4),
  (6.,7.),(0.,1.),.PIECEWISE_BEZIER_KNOTS.) 
GEOMETRIC_REPRESENTATION_ITEM() RATIONAL_B_SPLINE_SURFACE((
    (1.,1.,1.,1.)
    ,(1.,1.,1.,1.)
    ,(1.,1.,1.,1.)
    ,(1.,1.,1.,1.)
    ,(1.,1.,1.,1.)
    ,(1.,1.,1.,1.)
    ,(1.,1.,1.,1.)
    ,(1.,1.,1.,1.)
    ,(1.,1.,1.,1.)
    ,(1.,1.,1.,1.)
,(1.,1.,1.,1.))) REPRESENTATION_ITEM('') SURFACE() );
#659 = CARTESIAN_POINT('',(-37.79213073791,0.771267974243,0.));
#660 = CARTESIAN_POINT('',(22.763590509555,-0.464563071624,3.));
#661 = CARTESIAN_POINT('',(-67.71485746365,1.381935866605,90.));
#662 = CARTESIAN_POINT('',(-36.75,0.75,99.));
#663 = CARTESIAN_POINT('',(-37.79527833353,0.617035789232,0.));
#664 = CARTESIAN_POINT('',(22.777842712702,-0.337077857202,3.));
#665 = CARTESIAN_POINT('',(-67.71901588225,1.011754409159,90.));
#666 = CARTESIAN_POINT('',(-36.98561944901,0.75,99.));
#667 = CARTESIAN_POINT('',(-37.79772656053,0.462789330996,0.));
#668 = CARTESIAN_POINT('',(22.773037933434,-0.226865742579,3.));
#669 = CARTESIAN_POINT('',(-67.68174843734,0.689592953924,90.));
#670 = CARTESIAN_POINT('',(-37.22124107155,0.667753520049,99.));
#671 = CARTESIAN_POINT('',(-37.79947534612,0.308532167841,0.));
#672 = CARTESIAN_POINT('',(22.758790589105,-0.13628483069,3.));
#673 = CARTESIAN_POINT('',(-67.62766603524,0.420226532402,90.));
#674 = CARTESIAN_POINT('',(-37.42455043143,0.503258522416,99.));
#675 = CARTESIAN_POINT('',(-37.80052463827,0.154267868074,0.));
#676 = CARTESIAN_POINT('',(22.744998603816,-6.301040528433E-02,3.));
#677 = CARTESIAN_POINT('',(-67.58193558956,0.196646767552,90.));
#678 = CARTESIAN_POINT('',(-37.56330541722,0.271019590411,99.));
#679 = CARTESIAN_POINT('',(-37.80087440579,4.640732242933E-15,0.));
#680 = CARTESIAN_POINT('',(22.73941830552,-7.367948843632E-15,3.));
#681 = CARTESIAN_POINT('',(-67.56420577698,5.591938948927E-15,90.));
#682 = CARTESIAN_POINT('',(-37.61268047281,-3.863576125696E-15,99.));
#683 = CARTESIAN_POINT('',(-37.80052463827,-0.154267868074,0.));
#684 = CARTESIAN_POINT('',(22.744998603815,6.301040528432E-02,3.));
#685 = CARTESIAN_POINT('',(-67.58193558956,-0.196646767552,90.));
#686 = CARTESIAN_POINT('',(-37.56330541722,-0.271019590411,99.));
#687 = CARTESIAN_POINT('',(-37.79947534612,-0.308532167841,0.));
#688 = CARTESIAN_POINT('',(22.758790589106,0.13628483069,3.));
#689 = CARTESIAN_POINT('',(-67.62766603525,-0.420226532402,90.));
#690 = CARTESIAN_POINT('',(-37.42455043143,-0.503258522416,99.));
#691 = CARTESIAN_POINT('',(-37.79772656053,-0.462789330996,0.));
#692 = CARTESIAN_POINT('',(22.773037933433,0.226865742579,3.));
#693 = CARTESIAN_POINT('',(-67.68174843734,-0.689592953924,90.));
#694 = CARTESIAN_POINT('',(-37.22124107156,-0.667753520049,99.));
#695 = CARTESIAN_POINT('',(-37.79527833353,-0.617035789232,0.));
#696 = CARTESIAN_POINT('',(22.777842712702,0.337077857202,3.));
#697 = CARTESIAN_POINT('',(-67.71901588225,-1.011754409159,90.));
#698 = CARTESIAN_POINT('',(-36.98561944901,-0.75,99.));
#699 = CARTESIAN_POINT('',(-37.79213073791,-0.771267974243,0.));
#700 = CARTESIAN_POINT('',(22.763590509555,0.464563071624,3.));
#701 = CARTESIAN_POINT('',(-67.71485746365,-1.381935866605,90.));
#702 = CARTESIAN_POINT('',(-36.75,-0.75,99.));
#703 = DEFINITIONAL_REPRESENTATION('',(#704),#708);
#704 = LINE('',#705,#706);
#705 = CARTESIAN_POINT('',(0.,0.));
#706 = VECTOR('',#707,1.);
#707 = DIRECTION('',(1.,0.));
#708 = ( GEOMETRIC_REPRESENTATION_CONTEXT(2) 
PARAMETRIC_REPRESENTATION_CONTEXT() REPRESENTATION_CONTEXT('2D SPACE',''
  ) );
#709 = ADVANCED_FACE('',(#710,#1206),#151,.F.);
#710 = FACE_BOUND('',#711,.F.);
#711 = EDGE_LOOP('',(#712,#713,#734,#760,#786,#1187,#1205));
#712 = ORIENTED_EDGE('',*,*,#138,.F.);
#713 = ORIENTED_EDGE('',*,*,#714,.F.);
#714 = EDGE_CURVE('',#715,#110,#717,.T.);
#715 = VERTEX_POINT('',#716);
#716 = CARTESIAN_POINT('',(44.75,-5.670707920427E-06,69.9));
#717 = SURFACE_CURVE('',#718,(#722,#728),.PCURVE_S1.);
#718 = LINE('',#719,#720);
#719 = CARTESIAN_POINT('',(9.23602159002E-05,-5.670707919931E-06,69.9));
#720 = VECTOR('',#721,1.);
#721 = DIRECTION('',(1.,0.,0.));
#722 = PCURVE('',#151,#723);
#723 = DEFINITIONAL_REPRESENTATION('',(#724),#727);
#724 = B_SPLINE_CURVE_WITH_KNOTS('',1,(#725,#726),.UNSPECIFIED.,.F.,.F.,
  (2,2),(-46.50009236021,46.499907639784),.PIECEWISE_BEZIER_KNOTS.);
#725 = CARTESIAN_POINT('',(-17.06875066325,-46.50018472043));
#726 = CARTESIAN_POINT('',(-17.06875066325,46.499815279568));
#727 = ( GEOMETRIC_REPRESENTATION_CONTEXT(2) 
PARAMETRIC_REPRESENTATION_CONTEXT() REPRESENTATION_CONTEXT('2D SPACE',''
  ) );
#728 = PCURVE('',#126,#729);
#729 = DEFINITIONAL_REPRESENTATION('',(#730),#733);
#730 = B_SPLINE_CURVE_WITH_KNOTS('',1,(#731,#732),.UNSPECIFIED.,.F.,.F.,
  (2,2),(-46.50009236021,46.499907639784),.PIECEWISE_BEZIER_KNOTS.);
#731 = CARTESIAN_POINT('',(-46.5,-5.670707919915E-06));
#732 = CARTESIAN_POINT('',(46.5,-5.670707919915E-06));
#733 = ( GEOMETRIC_REPRESENTATION_CONTEXT(2) 
PARAMETRIC_REPRESENTATION_CONTEXT() REPRESENTATION_CONTEXT('2D SPACE',''
  ) );
#734 = ORIENTED_EDGE('',*,*,#735,.F.);
#735 = EDGE_CURVE('',#736,#715,#738,.T.);
#736 = VERTEX_POINT('',#737);
#737 = CARTESIAN_POINT('',(44.75,-5.670707920427E-06,80.7));
#738 = SURFACE_CURVE('',#739,(#743,#749),.PCURVE_S1.);
#739 = LINE('',#740,#741);
#740 = CARTESIAN_POINT('',(44.75,-5.670707919931E-06,69.9));
#741 = VECTOR('',#742,1.);
#742 = DIRECTION('',(-0.,-0.,-1.));
#743 = PCURVE('',#151,#744);
#744 = DEFINITIONAL_REPRESENTATION('',(#745),#748);
#745 = B_SPLINE_CURVE_WITH_KNOTS('',1,(#746,#747),.UNSPECIFIED.,.F.,.F.,
  (2,2),(-10.8000006,6.000000070117E-07),.PIECEWISE_BEZIER_KNOTS.);
#746 = CARTESIAN_POINT('',(-27.86875126325,44.749815279568));
#747 = CARTESIAN_POINT('',(-17.06875006325,44.749815279568));
#748 = ( GEOMETRIC_REPRESENTATION_CONTEXT(2) 
PARAMETRIC_REPRESENTATION_CONTEXT() REPRESENTATION_CONTEXT('2D SPACE',''
  ) );
#749 = PCURVE('',#750,#755);
#750 = CYLINDRICAL_SURFACE('',#751,44.75);
#751 = AXIS2_PLACEMENT_3D('',#752,#753,#754);
#752 = CARTESIAN_POINT('',(0.,0.,69.9));
#753 = DIRECTION('',(-0.,-0.,-1.));
#754 = DIRECTION('',(1.,0.,0.));
#755 = DEFINITIONAL_REPRESENTATION('',(#756),#759);
#756 = B_SPLINE_CURVE_WITH_KNOTS('',1,(#757,#758),.UNSPECIFIED.,.F.,.F.,
  (2,2),(-10.8000006,6.000000070117E-07),.PIECEWISE_BEZIER_KNOTS.);
#757 = CARTESIAN_POINT('',(-6.28318518046,-10.8000006));
#758 = CARTESIAN_POINT('',(-6.28318518046,6.000000070117E-07));
#759 = ( GEOMETRIC_REPRESENTATION_CONTEXT(2) 
PARAMETRIC_REPRESENTATION_CONTEXT() REPRESENTATION_CONTEXT('2D SPACE',''
  ) );
#760 = ORIENTED_EDGE('',*,*,#761,.F.);
#761 = EDGE_CURVE('',#762,#736,#764,.T.);
#762 = VERTEX_POINT('',#763);
#763 = CARTESIAN_POINT('',(41.916543238371,-5.670707919893E-06,80.7));
#764 = SURFACE_CURVE('',#765,(#769,#775),.PCURVE_S1.);
#765 = LINE('',#766,#767);
#766 = CARTESIAN_POINT('',(9.236021589968E-05,-5.670707919931E-06,80.7)
  );
#767 = VECTOR('',#768,1.);
#768 = DIRECTION('',(1.,0.,0.));
#769 = PCURVE('',#151,#770);
#770 = DEFINITIONAL_REPRESENTATION('',(#771),#774);
#771 = B_SPLINE_CURVE_WITH_KNOTS('',1,(#772,#773),.UNSPECIFIED.,.F.,.F.,
  (2,2),(-44.75009236021,44.749907639784),.PIECEWISE_BEZIER_KNOTS.);
#772 = CARTESIAN_POINT('',(-27.86875066325,-44.75018472043));
#773 = CARTESIAN_POINT('',(-27.86875066325,44.749815279568));
#774 = ( GEOMETRIC_REPRESENTATION_CONTEXT(2) 
PARAMETRIC_REPRESENTATION_CONTEXT() REPRESENTATION_CONTEXT('2D SPACE',''
  ) );
#775 = PCURVE('',#776,#781);
#776 = PLANE('',#777);
#777 = AXIS2_PLACEMENT_3D('',#778,#779,#780);
#778 = CARTESIAN_POINT('',(-2.933502854163E-15,4.040240899597E-15,80.7)
  );
#779 = DIRECTION('',(0.,0.,1.));
#780 = DIRECTION('',(1.,0.,-0.));
#781 = DEFINITIONAL_REPRESENTATION('',(#782),#785);
#782 = B_SPLINE_CURVE_WITH_KNOTS('',1,(#783,#784),.UNSPECIFIED.,.F.,.F.,
  (2,2),(-44.75009236021,44.749907639784),.PIECEWISE_BEZIER_KNOTS.);
#783 = CARTESIAN_POINT('',(-44.75,-5.670707923971E-06));
#784 = CARTESIAN_POINT('',(44.75,-5.670707923971E-06));
#785 = ( GEOMETRIC_REPRESENTATION_CONTEXT(2) 
PARAMETRIC_REPRESENTATION_CONTEXT() REPRESENTATION_CONTEXT('2D SPACE',''
  ) );
#786 = ORIENTED_EDGE('',*,*,#787,.T.);
#787 = EDGE_CURVE('',#762,#788,#790,.T.);
#788 = VERTEX_POINT('',#789);
#789 = CARTESIAN_POINT('',(37.798072236471,-5.670707919946E-06,
    9.551176270836E-05));
#790 = SURFACE_CURVE('',#791,(#906,#1024),.PCURVE_S1.);
#791 = B_SPLINE_CURVE_WITH_KNOTS('',8,(#792,#793,#794,#795,#796,#797,
    #798,#799,#800,#801,#802,#803,#804,#805,#806,#807,#808,#809,#810,
    #811,#812,#813,#814,#815,#816,#817,#818,#819,#820,#821,#822,#823,
    #824,#825,#826,#827,#828,#829,#830,#831,#832,#833,#834,#835,#836,
    #837,#838,#839,#840,#841,#842,#843,#844,#845,#846,#847,#848,#849,
    #850,#851,#852,#853,#854,#855,#856,#857,#858,#859,#860,#861,#862,
    #863,#864,#865,#866,#867,#868,#869,#870,#871,#872,#873,#874,#875,
    #876,#877,#878,#879,#880,#881,#882,#883,#884,#885,#886,#887,#888,
    #889,#890,#891,#892,#893,#894,#895,#896,#897,#898,#899,#900,#901,
    #902,#903,#904,#905),.UNSPECIFIED.,.F.,.F.,(9,7,7,7,7,7,7,7,7,7,7,7,
    7,7,7,7,9),(0.,0.108600712244,0.196126711686,0.236489983498,
    0.265680499619,0.283287042782,0.336258740589,0.459934404402,
    0.608816162059,0.710274944794,0.740667961137,0.757037788088,
    0.79017552892,0.824146854167,0.841294193076,0.87377939978,1.),
  .UNSPECIFIED.);
#792 = CARTESIAN_POINT('',(41.916566017088,-5.670707919931E-06,
    80.700067519065));
#793 = CARTESIAN_POINT('',(41.482828575652,-5.670707919931E-06,
    79.414167642164));
#794 = CARTESIAN_POINT('',(41.016200731975,-5.670707919931E-06,
    78.139612389775));
#795 = CARTESIAN_POINT('',(40.523609105279,-5.670707919931E-06,
    76.874669077149));
#796 = CARTESIAN_POINT('',(40.009786154503,-5.670707919931E-06,
    75.61821383909));
#797 = CARTESIAN_POINT('',(39.478443254311,-5.670707919931E-06,
    74.369261914243));
#798 = CARTESIAN_POINT('',(38.932451857224,-5.670707919931E-06,
    73.126892738796));
#799 = CARTESIAN_POINT('',(38.374120786547,-5.670707919931E-06,
    71.890141094071));
#800 = CARTESIAN_POINT('',(37.346835497417,-5.670707919931E-06,
    69.664891696652));
#801 = CARTESIAN_POINT('',(36.881636124925,-5.670707919931E-06,
    68.67495008407));
#802 = CARTESIAN_POINT('',(36.410708571265,-5.670707919931E-06,
    67.687709767677));
#803 = CARTESIAN_POINT('',(35.934928501822,-5.670707919931E-06,
    66.70279927324));
#804 = CARTESIAN_POINT('',(35.455063201703,-5.670707919931E-06,
    65.719882632529));
#805 = CARTESIAN_POINT('',(34.971799909302,-5.670707919931E-06,
    64.738645706726));
#806 = CARTESIAN_POINT('',(34.485764729345,-5.670707919931E-06,
    63.7587870268));
#807 = CARTESIAN_POINT('',(33.772379994306,-5.670707919931E-06,
    62.328644229059));
#808 = CARTESIAN_POINT('',(33.546761560715,-5.670707919931E-06,
    61.877507920514));
#809 = CARTESIAN_POINT('',(33.32073373703,-5.670707919931E-06,
    61.426576413497));
#810 = CARTESIAN_POINT('',(33.094351496432,-5.670707919931E-06,
    60.975822682991));
#811 = CARTESIAN_POINT('',(32.867668109243,-5.670707919931E-06,
    60.525220371964));
#812 = CARTESIAN_POINT('',(32.640735379284,-5.670707919931E-06,
    60.074743672635));
#813 = CARTESIAN_POINT('',(32.413603880232,-5.670707919931E-06,
    59.624367207741));
#814 = CARTESIAN_POINT('',(32.021954935983,-5.670707919931E-06,
    58.848410268748));
#815 = CARTESIAN_POINT('',(31.857508708586,-5.670707919931E-06,
    58.522793967739));
#816 = CARTESIAN_POINT('',(31.693003192117,-5.670707919931E-06,
    58.197207590078));
#817 = CARTESIAN_POINT('',(31.528456881735,-5.670707919931E-06,
    57.871641804854));
#818 = CARTESIAN_POINT('',(31.363888085435,-5.670707919931E-06,
    57.546087368945));
#819 = CARTESIAN_POINT('',(31.199314924044,-5.670707919931E-06,
    57.220535127021));
#820 = CARTESIAN_POINT('',(31.034755331227,-5.670707919931E-06,
    56.894976011543));
#821 = CARTESIAN_POINT('',(30.770990225609,-5.670707919931E-06,
    56.373027339846));
#822 = CARTESIAN_POINT('',(30.671764808036,-5.670707919931E-06,
    56.176647865793));
#823 = CARTESIAN_POINT('',(30.572554706269,-5.670707919931E-06,
    55.98026064693));
#824 = CARTESIAN_POINT('',(30.473363816968,-5.670707919931E-06,
    55.783863716455));
#825 = CARTESIAN_POINT('',(30.374196027946,-5.670707919931E-06,
    55.587455114438));
#826 = CARTESIAN_POINT('',(30.275055218167,-5.670707919931E-06,
    55.391032887822));
#827 = CARTESIAN_POINT('',(30.17594525775,-5.670707919931E-06,
    55.194595090419));
#828 = CARTESIAN_POINT('',(29.778788542264,-5.670707919931E-06,
    54.407077069173));
#829 = CARTESIAN_POINT('',(29.481021396463,-5.670707919931E-06,
    53.815856043093));
#830 = CARTESIAN_POINT('',(29.18367374807,-5.670707919931E-06,
    53.224423574689));
#831 = CARTESIAN_POINT('',(28.886850636105,-5.670707919931E-06,
    52.632727202293));
#832 = CARTESIAN_POINT('',(28.59065758003,-5.670707919931E-06,
    52.040714822487));
#833 = CARTESIAN_POINT('',(28.295201198676,-5.670707919931E-06,
    51.448334380034));
#834 = CARTESIAN_POINT('',(28.000589829171,-5.670707919931E-06,
    50.855533557814));
#835 = CARTESIAN_POINT('',(27.021321581635,-5.670707919931E-06,
    48.877112868227));
#836 = CARTESIAN_POINT('',(26.340935730067,-5.670707919931E-06,
    47.489421341027));
#837 = CARTESIAN_POINT('',(25.667165733142,-5.670707919931E-06,
    46.098472516265));
#838 = CARTESIAN_POINT('',(25.001490230239,-5.670707919931E-06,
    44.703577762598));
#839 = CARTESIAN_POINT('',(24.345526303358,-5.670707919931E-06,
    43.304049205225));
#840 = CARTESIAN_POINT('',(23.701075609369,-5.670707919931E-06,
    41.899177984094));
#841 = CARTESIAN_POINT('',(23.070194817878,-5.670707919931E-06,
    40.488201155574));
#842 = CARTESIAN_POINT('',(21.715123186088,-5.670707919931E-06,
    37.363297199448));
#843 = CARTESIAN_POINT('',(20.998496110794,-5.670707919931E-06,
    35.647099304857));
#844 = CARTESIAN_POINT('',(20.309267085416,-5.670707919931E-06,
    33.919296311356));
#845 = CARTESIAN_POINT('',(19.652476090441,-5.670707919931E-06,
    32.17804968096));
#846 = CARTESIAN_POINT('',(19.034546792676,-5.670707919931E-06,
    30.421969569786));
#847 = CARTESIAN_POINT('',(18.463931622783,-5.670707919931E-06,
    28.649906500974));
#848 = CARTESIAN_POINT('',(17.951401424276,-5.670707919931E-06,
    26.86084379802));
#849 = CARTESIAN_POINT('',(17.213937341536,-5.670707919931E-06,
    23.820942590933));
#850 = CARTESIAN_POINT('',(16.949806241207,-5.670707919931E-06,
    22.581867612032));
#851 = CARTESIAN_POINT('',(16.725005640704,-5.670707919931E-06,
    21.334046787218));
#852 = CARTESIAN_POINT('',(16.545765627816,-5.670707919931E-06,
    20.077325076967));
#853 = CARTESIAN_POINT('',(16.420075512338,-5.670707919931E-06,
    18.813074614603));
#854 = CARTESIAN_POINT('',(16.357776734414,-5.670707919931E-06,
    17.544183562214));
#855 = CARTESIAN_POINT('',(16.370706699646,-5.670707919931E-06,
    16.275040545566));
#856 = CARTESIAN_POINT('',(16.503591784295,-5.670707919931E-06,
    14.633009413488));
#857 = CARTESIAN_POINT('',(16.542226457701,-5.670707919931E-06,
    14.255160414334));
#858 = CARTESIAN_POINT('',(16.589227328389,-5.670707919931E-06,
    13.878186908437));
#859 = CARTESIAN_POINT('',(16.644963657467,-5.670707919931E-06,
    13.502352728814));
#860 = CARTESIAN_POINT('',(16.709805203517,-5.670707919931E-06,
    13.127962866453));
#861 = CARTESIAN_POINT('',(16.784113736777,-5.670707919931E-06,
    12.755362034756));
#862 = CARTESIAN_POINT('',(16.86823210937,-5.670707919931E-06,
    12.384932810616));
#863 = CARTESIAN_POINT('',(17.013228344272,-5.670707919931E-06,
    11.818973224364));
#864 = CARTESIAN_POINT('',(17.066921291808,-5.670707919931E-06,
    11.621605955508));
#865 = CARTESIAN_POINT('',(17.123597737897,-5.670707919931E-06,
    11.425058254965));
#866 = CARTESIAN_POINT('',(17.183302875288,-5.670707919931E-06,
    11.229399997552));
#867 = CARTESIAN_POINT('',(17.246078332544,-5.670707919931E-06,
    11.034703986246));
#868 = CARTESIAN_POINT('',(17.311961430821,-5.670707919931E-06,
    10.841045714932));
#869 = CARTESIAN_POINT('',(17.380984440645,-5.670707919931E-06,
    10.648503131151));
#870 = CARTESIAN_POINT('',(17.599308160731,-5.670707919931E-06,
    10.069809700362));
#871 = CARTESIAN_POINT('',(17.75843210543,-5.670707919931E-06,
    9.687325638996));
#872 = CARTESIAN_POINT('',(17.930752558637,-5.670707919931E-06,
    9.31041501931));
#873 = CARTESIAN_POINT('',(18.116385689016,-5.670707919931E-06,
    8.939780423634));
#874 = CARTESIAN_POINT('',(18.315340280978,-5.670707919931E-06,
    8.576107476746));
#875 = CARTESIAN_POINT('',(18.527501067619,-5.670707919931E-06,
    8.220056110547));
#876 = CARTESIAN_POINT('',(18.752612063649,-5.670707919931E-06,
    7.872251828739));
#877 = CARTESIAN_POINT('',(19.23388579688,-5.670707919931E-06,
    7.185775155253));
#878 = CARTESIAN_POINT('',(19.490726093966,-5.670707919931E-06,
    6.847497164195));
#879 = CARTESIAN_POINT('',(19.760341934117,-5.670707919931E-06,
    6.519077512308));
#880 = CARTESIAN_POINT('',(20.042190902221,-5.670707919931E-06,
    6.201002458364));
#881 = CARTESIAN_POINT('',(20.33564317652,-5.670707919931E-06,
    5.893624870055));
#882 = CARTESIAN_POINT('',(20.639997681597,-5.670707919931E-06,
    5.597179088123));
#883 = CARTESIAN_POINT('',(20.954498241364,-5.670707919931E-06,
    5.311795790487));
#884 = CARTESIAN_POINT('',(21.441816750969,-5.670707919931E-06,
    4.899072041381));
#885 = CARTESIAN_POINT('',(21.607674876502,-5.670707919931E-06,
    4.763449091123));
#886 = CARTESIAN_POINT('',(21.77582738229,-5.670707919931E-06,
    4.630649469133));
#887 = CARTESIAN_POINT('',(21.946177863968,-5.670707919931E-06,
    4.500667397939));
#888 = CARTESIAN_POINT('',(22.118630820615,-5.670707919931E-06,
    4.373490626478));
#889 = CARTESIAN_POINT('',(22.293092236194,-5.670707919931E-06,
    4.249101197518));
#890 = CARTESIAN_POINT('',(22.469470160999,-5.670707919931E-06,
    4.127476215065));
#891 = CARTESIAN_POINT('',(22.985280479699,-5.670707919931E-06,
    3.783359006906));
#892 = CARTESIAN_POINT('',(23.329436356485,-5.670707919931E-06,
    3.567958720578));
#893 = CARTESIAN_POINT('',(23.679546027577,-5.670707919931E-06,
    3.362194999853));
#894 = CARTESIAN_POINT('',(24.035042921022,-5.670707919931E-06,
    3.165825256508));
#895 = CARTESIAN_POINT('',(24.395399180696,-5.670707919931E-06,
    2.978572340956));
#896 = CARTESIAN_POINT('',(24.760132404223,-5.670707919931E-06,
    2.800136824572));
#897 = CARTESIAN_POINT('',(25.128810726904,-5.670707919931E-06,
    2.630206290426));
#898 = CARTESIAN_POINT('',(26.947408555748,-5.670707919931E-06,
    1.840006101861));
#899 = CARTESIAN_POINT('',(28.44440238207,-5.670707919931E-06,
    1.336527656805));
#900 = CARTESIAN_POINT('',(29.974546978646,-5.670707919931E-06,
    0.936153141223));
#901 = CARTESIAN_POINT('',(31.524772010125,-5.670707919931E-06,
    0.622391648281));
#902 = CARTESIAN_POINT('',(33.085842118975,-5.670707919931E-06,
    0.381679531222));
#903 = CARTESIAN_POINT('',(34.652328073648,-5.670707919931E-06,
    0.203173446096));
#904 = CARTESIAN_POINT('',(36.222450761873,-5.670707919931E-06,
    7.818551285841E-02));
#905 = CARTESIAN_POINT('',(37.798072236471,-5.670707919931E-06,
    9.551176270861E-05));
#906 = PCURVE('',#151,#907);
#907 = DEFINITIONAL_REPRESENTATION('',(#908),#1023);
#908 = B_SPLINE_CURVE_WITH_KNOTS('',8,(#909,#910,#911,#912,#913,#914,
    #915,#916,#917,#918,#919,#920,#921,#922,#923,#924,#925,#926,#927,
    #928,#929,#930,#931,#932,#933,#934,#935,#936,#937,#938,#939,#940,
    #941,#942,#943,#944,#945,#946,#947,#948,#949,#950,#951,#952,#953,
    #954,#955,#956,#957,#958,#959,#960,#961,#962,#963,#964,#965,#966,
    #967,#968,#969,#970,#971,#972,#973,#974,#975,#976,#977,#978,#979,
    #980,#981,#982,#983,#984,#985,#986,#987,#988,#989,#990,#991,#992,
    #993,#994,#995,#996,#997,#998,#999,#1000,#1001,#1002,#1003,#1004,
    #1005,#1006,#1007,#1008,#1009,#1010,#1011,#1012,#1013,#1014,#1015,
    #1016,#1017,#1018,#1019,#1020,#1021,#1022),.UNSPECIFIED.,.F.,.F.,(9,
    7,7,7,7,7,7,7,7,7,7,7,7,7,7,7,9),(0.,0.108600712244,0.196126711686,
    0.236489983498,0.265680499619,0.283287042782,0.336258740589,
    0.459934404402,0.608816162059,0.710274944794,0.740667961137,
    0.757037788088,0.79017552892,0.824146854167,0.841294193076,
    0.87377939978,1.),.UNSPECIFIED.);
#909 = CARTESIAN_POINT('',(-27.86881818232,41.916381296657));
#910 = CARTESIAN_POINT('',(-26.58291830542,41.48264385522));
#911 = CARTESIAN_POINT('',(-25.30836305303,41.016016011543));
#912 = CARTESIAN_POINT('',(-24.0434197404,40.523424384848));
#913 = CARTESIAN_POINT('',(-22.78696450234,40.009601434071));
#914 = CARTESIAN_POINT('',(-21.53801257749,39.478258533879));
#915 = CARTESIAN_POINT('',(-20.29564340205,38.932267136792));
#916 = CARTESIAN_POINT('',(-19.05889175732,38.373936066115));
#917 = CARTESIAN_POINT('',(-16.8336423599,37.346650776985));
#918 = CARTESIAN_POINT('',(-15.84370074732,36.881451404493));
#919 = CARTESIAN_POINT('',(-14.85646043093,36.410523850833));
#920 = CARTESIAN_POINT('',(-13.87154993649,35.93474378139));
#921 = CARTESIAN_POINT('',(-12.88863329578,35.454878481271));
#922 = CARTESIAN_POINT('',(-11.90739636998,34.971615188871));
#923 = CARTESIAN_POINT('',(-10.92753769005,34.485580008914));
#924 = CARTESIAN_POINT('',(-9.497394892315,33.772195273874));
#925 = CARTESIAN_POINT('',(-9.046258583771,33.546576840283));
#926 = CARTESIAN_POINT('',(-8.595327076753,33.320549016598));
#927 = CARTESIAN_POINT('',(-8.144573346247,33.094166776));
#928 = CARTESIAN_POINT('',(-7.693971035221,32.867483388811));
#929 = CARTESIAN_POINT('',(-7.243494335892,32.640550658852));
#930 = CARTESIAN_POINT('',(-6.793117870998,32.4134191598));
#931 = CARTESIAN_POINT('',(-6.017160932004,32.021770215551));
#932 = CARTESIAN_POINT('',(-5.691544630995,31.857323988154));
#933 = CARTESIAN_POINT('',(-5.365958253335,31.692818471685));
#934 = CARTESIAN_POINT('',(-5.04039246811,31.528272161303));
#935 = CARTESIAN_POINT('',(-4.714838032201,31.363703365003));
#936 = CARTESIAN_POINT('',(-4.389285790278,31.199130203612));
#937 = CARTESIAN_POINT('',(-4.0637266748,31.034570610795));
#938 = CARTESIAN_POINT('',(-3.541778003102,30.770805505177));
#939 = CARTESIAN_POINT('',(-3.345398529049,30.671580087604));
#940 = CARTESIAN_POINT('',(-3.149011310186,30.572369985837));
#941 = CARTESIAN_POINT('',(-2.952614379711,30.473179096536));
#942 = CARTESIAN_POINT('',(-2.756205777695,30.374011307514));
#943 = CARTESIAN_POINT('',(-2.559783551078,30.274870497735));
#944 = CARTESIAN_POINT('',(-2.363345753676,30.175760537318));
#945 = CARTESIAN_POINT('',(-1.57582773243,29.778603821832));
#946 = CARTESIAN_POINT('',(-0.984606706349,29.480836676031));
#947 = CARTESIAN_POINT('',(-0.393174237946,29.183489027638));
#948 = CARTESIAN_POINT('',(0.198522134451,28.886665915673));
#949 = CARTESIAN_POINT('',(0.790534514257,28.590472859598));
#950 = CARTESIAN_POINT('',(1.382914956709,28.295016478244));
#951 = CARTESIAN_POINT('',(1.975715778929,28.000405108739));
#952 = CARTESIAN_POINT('',(3.954136468516,27.021136861203));
#953 = CARTESIAN_POINT('',(5.341827995717,26.340751009635));
#954 = CARTESIAN_POINT('',(6.732776820478,25.66698101271));
#955 = CARTESIAN_POINT('',(8.127671574146,25.001305509808));
#956 = CARTESIAN_POINT('',(9.527200131519,24.345341582926));
#957 = CARTESIAN_POINT('',(10.93207135265,23.700890888937));
#958 = CARTESIAN_POINT('',(12.343048181169,23.070010097447));
#959 = CARTESIAN_POINT('',(15.467952137296,21.714938465656));
#960 = CARTESIAN_POINT('',(17.184150031887,20.998311390362));
#961 = CARTESIAN_POINT('',(18.911953025388,20.309082364985));
#962 = CARTESIAN_POINT('',(20.653199655783,19.652291370009));
#963 = CARTESIAN_POINT('',(22.409279766958,19.034362072245));
#964 = CARTESIAN_POINT('',(24.18134283577,18.463746902351));
#965 = CARTESIAN_POINT('',(25.970405538723,17.951216703844));
#966 = CARTESIAN_POINT('',(29.010306745811,17.213752621104));
#967 = CARTESIAN_POINT('',(30.249381724712,16.949621520775));
#968 = CARTESIAN_POINT('',(31.497202549525,16.724820920272));
#969 = CARTESIAN_POINT('',(32.753924259777,16.545580907384));
#970 = CARTESIAN_POINT('',(34.018174722141,16.419890791907));
#971 = CARTESIAN_POINT('',(35.28706577453,16.357592013982));
#972 = CARTESIAN_POINT('',(36.556208791177,16.370521979214));
#973 = CARTESIAN_POINT('',(38.198239923255,16.503407063864));
#974 = CARTESIAN_POINT('',(38.576088922409,16.542041737269));
#975 = CARTESIAN_POINT('',(38.953062428307,16.589042607957));
#976 = CARTESIAN_POINT('',(39.32889660793,16.644778937036));
#977 = CARTESIAN_POINT('',(39.70328647029,16.709620483085));
#978 = CARTESIAN_POINT('',(40.075887301988,16.783929016345));
#979 = CARTESIAN_POINT('',(40.446316526128,16.868047388938));
#980 = CARTESIAN_POINT('',(41.012276112379,17.01304362384));
#981 = CARTESIAN_POINT('',(41.209643381236,17.066736571376));
#982 = CARTESIAN_POINT('',(41.406191081779,17.123413017465));
#983 = CARTESIAN_POINT('',(41.601849339192,17.183118154857));
#984 = CARTESIAN_POINT('',(41.796545350498,17.245893612113));
#985 = CARTESIAN_POINT('',(41.990203621812,17.311776710389));
#986 = CARTESIAN_POINT('',(42.182746205592,17.380799720213));
#987 = CARTESIAN_POINT('',(42.761439636382,17.599123440299));
#988 = CARTESIAN_POINT('',(43.143923697747,17.758247384998));
#989 = CARTESIAN_POINT('',(43.520834317433,17.930567838206));
#990 = CARTESIAN_POINT('',(43.891468913109,18.116200968584));
#991 = CARTESIAN_POINT('',(44.255141859998,18.315155560546));
#992 = CARTESIAN_POINT('',(44.611193226197,18.527316347187));
#993 = CARTESIAN_POINT('',(44.958997508005,18.752427343218));
#994 = CARTESIAN_POINT('',(45.645474181491,19.233701076448));
#995 = CARTESIAN_POINT('',(45.983752172548,19.490541373535));
#996 = CARTESIAN_POINT('',(46.312171824436,19.760157213685));
#997 = CARTESIAN_POINT('',(46.63024687838,20.042006181789));
#998 = CARTESIAN_POINT('',(46.937624466689,20.335458456088));
#999 = CARTESIAN_POINT('',(47.234070248621,20.639812961166));
#1000 = CARTESIAN_POINT('',(47.519453546257,20.954313520933));
#1001 = CARTESIAN_POINT('',(47.932177295363,21.441632030537));
#1002 = CARTESIAN_POINT('',(48.06780024562,21.60749015607));
#1003 = CARTESIAN_POINT('',(48.20059986761,21.775642661858));
#1004 = CARTESIAN_POINT('',(48.330581938805,21.945993143536));
#1005 = CARTESIAN_POINT('',(48.457758710265,22.118446100183));
#1006 = CARTESIAN_POINT('',(48.582148139226,22.292907515762));
#1007 = CARTESIAN_POINT('',(48.703773121678,22.469285440567));
#1008 = CARTESIAN_POINT('',(49.047890329837,22.985095759268));
#1009 = CARTESIAN_POINT('',(49.263290616166,23.329251636053));
#1010 = CARTESIAN_POINT('',(49.469054336891,23.679361307145));
#1011 = CARTESIAN_POINT('',(49.665424080236,24.03485820059));
#1012 = CARTESIAN_POINT('',(49.852676995787,24.395214460264));
#1013 = CARTESIAN_POINT('',(50.031112512171,24.759947683791));
#1014 = CARTESIAN_POINT('',(50.201043046318,25.128626006473));
#1015 = CARTESIAN_POINT('',(50.991243234883,26.947223835317));
#1016 = CARTESIAN_POINT('',(51.494721679938,28.444217661638));
#1017 = CARTESIAN_POINT('',(51.89509619552,29.974362258214));
#1018 = CARTESIAN_POINT('',(52.208857688463,31.524587289694));
#1019 = CARTESIAN_POINT('',(52.449569805522,33.085657398543));
#1020 = CARTESIAN_POINT('',(52.628075890648,34.652143353216));
#1021 = CARTESIAN_POINT('',(52.753063823885,36.222266041441));
#1022 = CARTESIAN_POINT('',(52.831153824981,37.797887516039));
#1023 = ( GEOMETRIC_REPRESENTATION_CONTEXT(2) 
PARAMETRIC_REPRESENTATION_CONTEXT() REPRESENTATION_CONTEXT('2D SPACE',''
  ) );
#1024 = PCURVE('',#1025,#1070);
#1025 = ( BOUNDED_SURFACE() B_SPLINE_SURFACE(10,3,(
    (#1026,#1027,#1028,#1029)
    ,(#1030,#1031,#1032,#1033)
    ,(#1034,#1035,#1036,#1037)
    ,(#1038,#1039,#1040,#1041)
    ,(#1042,#1043,#1044,#1045)
    ,(#1046,#1047,#1048,#1049)
    ,(#1050,#1051,#1052,#1053)
    ,(#1054,#1055,#1056,#1057)
    ,(#1058,#1059,#1060,#1061)
    ,(#1062,#1063,#1064,#1065)
    ,(#1066,#1067,#1068,#1069
)),.UNSPECIFIED.,.F.,.F.,.F.) B_SPLINE_SURFACE_WITH_KNOTS((11,11),(4,4),
  (0.,1.),(0.,1.),.PIECEWISE_BEZIER_KNOTS.) 
GEOMETRIC_REPRESENTATION_ITEM() RATIONAL_B_SPLINE_SURFACE((
    (1.,1.,1.,1.)
    ,(1.,1.,1.,1.)
    ,(1.,1.,1.,1.)
    ,(1.,1.,1.,1.)
    ,(1.,1.,1.,1.)
    ,(1.,1.,1.,1.)
    ,(1.,1.,1.,1.)
    ,(1.,1.,1.,1.)
    ,(1.,1.,1.,1.)
    ,(1.,1.,1.,1.)
,(1.,1.,1.,1.))) REPRESENTATION_ITEM('') SURFACE() );
#1026 = CARTESIAN_POINT('',(37.8,5.551115123126E-17,0.));
#1027 = CARTESIAN_POINT('',(-22.77014822795,-0.178160240246,3.));
#1028 = CARTESIAN_POINT('',(67.717480551016,-1.124846541857,90.));
#1029 = CARTESIAN_POINT('',(36.75,-0.75,99.));
#1030 = CARTESIAN_POINT('',(37.8,7.713214999511E-02,0.));
#1031 = CARTESIAN_POINT('',(-22.78177743475,-0.241395425488,3.));
#1032 = CARTESIAN_POINT('',(67.720589771074,-0.780365096084,90.));
#1033 = CARTESIAN_POINT('',(36.985619449019,-0.75,99.));
#1034 = CARTESIAN_POINT('',(37.799825115374,0.154264299941,0.));
#1035 = CARTESIAN_POINT('',(-22.77478672913,-0.287345616535,3.));
#1036 = CARTESIAN_POINT('',(67.682447955627,-0.483908410279,90.));
#1037 = CARTESIAN_POINT('',(37.221241071558,-0.667753520049,99.));
#1038 = CARTESIAN_POINT('',(37.799475350672,0.231396003808,0.));
#1039 = CARTESIAN_POINT('',(-22.75879059289,-0.313655312351,3.));
#1040 = CARTESIAN_POINT('',(67.627666036766,-0.240250475186,90.));
#1041 = CARTESIAN_POINT('',(37.424550431438,-0.503258522416,99.));
#1042 = CARTESIAN_POINT('',(37.798950710446,0.308526815567,0.));
#1043 = CARTESIAN_POINT('',(-22.74368699729,-0.322651831083,3.));
#1044 = CARTESIAN_POINT('',(67.581410946952,-4.238187300455E-02,90.));
#1045 = CARTESIAN_POINT('',(37.563305417225,-0.271019590411,99.));
#1046 = CARTESIAN_POINT('',(37.798251199246,0.38565628919,0.));
#1047 = CARTESIAN_POINT('',(-22.73723230006,-0.321380240992,3.));
#1048 = CARTESIAN_POINT('',(67.563331374798,0.128552096397,90.));
#1049 = CARTESIAN_POINT('',(37.612680472819,3.869127240819E-15,99.));
#1050 = CARTESIAN_POINT('',(37.797376821623,0.462783978648,0.));
#1051 = CARTESIAN_POINT('',(-22.74237542327,-0.320107164096,3.));
#1052 = CARTESIAN_POINT('',(67.580886317342,0.299485471076,90.));
#1053 = CARTESIAN_POINT('',(37.563305417228,0.271019590411,99.));
#1054 = CARTESIAN_POINT('',(37.796327582128,0.539909437911,0.));
#1055 = CARTESIAN_POINT('',(-22.75616745244,-0.329099222415,3.));
#1056 = CARTESIAN_POINT('',(67.626616780587,0.497352289092,90.));
#1057 = CARTESIAN_POINT('',(37.424550431434,0.503258522416,99.));
#1058 = CARTESIAN_POINT('',(37.795103485311,0.617032220951,0.));
#1059 = CARTESIAN_POINT('',(-22.77085203741,-0.355401484208,3.));
#1060 = CARTESIAN_POINT('',(67.680874078938,0.741007250576,90.));
#1061 = CARTESIAN_POINT('',(37.22124107156,0.667753520049,99.));
#1062 = CARTESIAN_POINT('',(37.793704535725,0.694151881738,0.));
#1063 = CARTESIAN_POINT('',(-22.77653121453,-0.401341267623,3.));
#1064 = CARTESIAN_POINT('',(67.718491282983,1.037459773328,90.));
#1065 = CARTESIAN_POINT('',(36.985619449019,0.75,99.));
#1066 = CARTESIAN_POINT('',(37.792130737918,0.771267974243,0.));
#1067 = CARTESIAN_POINT('',(-22.76359050955,-0.464563071624,3.));
#1068 = CARTESIAN_POINT('',(67.714857463656,1.381935866605,90.));
#1069 = CARTESIAN_POINT('',(36.75,0.75,99.));
#1070 = DEFINITIONAL_REPRESENTATION('',(#1071),#1186);
#1071 = B_SPLINE_CURVE_WITH_KNOTS('',8,(#1072,#1073,#1074,#1075,#1076,
    #1077,#1078,#1079,#1080,#1081,#1082,#1083,#1084,#1085,#1086,#1087,
    #1088,#1089,#1090,#1091,#1092,#1093,#1094,#1095,#1096,#1097,#1098,
    #1099,#1100,#1101,#1102,#1103,#1104,#1105,#1106,#1107,#1108,#1109,
    #1110,#1111,#1112,#1113,#1114,#1115,#1116,#1117,#1118,#1119,#1120,
    #1121,#1122,#1123,#1124,#1125,#1126,#1127,#1128,#1129,#1130,#1131,
    #1132,#1133,#1134,#1135,#1136,#1137,#1138,#1139,#1140,#1141,#1142,
    #1143,#1144,#1145,#1146,#1147,#1148,#1149,#1150,#1151,#1152,#1153,
    #1154,#1155,#1156,#1157,#1158,#1159,#1160,#1161,#1162,#1163,#1164,
    #1165,#1166,#1167,#1168,#1169,#1170,#1171,#1172,#1173,#1174,#1175,
    #1176,#1177,#1178,#1179,#1180,#1181,#1182,#1183,#1184,#1185),
  .UNSPECIFIED.,.F.,.F.,(9,7,7,7,7,7,7,7,7,7,7,7,7,7,7,7,9),(0.,
    0.108600712244,0.196126711686,0.236489983498,0.265680499619,
    0.283287042782,0.336258740589,0.459934404402,0.608816162059,
    0.710274944794,0.740667961137,0.757037788088,0.79017552892,
    0.824146854167,0.841294193076,0.87377939978,1.),.UNSPECIFIED.);
#1072 = CARTESIAN_POINT('',(0.491365470924,0.754809130097));
#1073 = CARTESIAN_POINT('',(0.492165808203,0.743382129418));
#1074 = CARTESIAN_POINT('',(0.493042195152,0.732360513283));
#1075 = CARTESIAN_POINT('',(0.493982229857,0.721671453882));
#1076 = CARTESIAN_POINT('',(0.494977145627,0.711265998192));
#1077 = CARTESIAN_POINT('',(0.496019722621,0.701104676454));
#1078 = CARTESIAN_POINT('',(0.497103963185,0.691155277339));
#1079 = CARTESIAN_POINT('',(0.498224579251,0.681389502148));
#1080 = CARTESIAN_POINT('',(0.500305373019,0.664038722946));
#1081 = CARTESIAN_POINT('',(0.501254336006,0.656399512322));
#1082 = CARTESIAN_POINT('',(0.502221020862,0.648851863809));
#1083 = CARTESIAN_POINT('',(0.503202881312,0.641385148757));
#1084 = CARTESIAN_POINT('',(0.504197374645,0.633990019543));
#1085 = CARTESIAN_POINT('',(0.505201877369,0.626658038729));
#1086 = CARTESIAN_POINT('',(0.506213606338,0.619381434218));
#1087 = CARTESIAN_POINT('',(0.507698053261,0.608819524688));
#1088 = CARTESIAN_POINT('',(0.508167454415,0.60549632262));
#1089 = CARTESIAN_POINT('',(0.508637451633,0.60218267198));
#1090 = CARTESIAN_POINT('',(0.509107736566,0.598877896859));
#1091 = CARTESIAN_POINT('',(0.509577987764,0.595581344649));
#1092 = CARTESIAN_POINT('',(0.510047868729,0.592292383007));
#1093 = CARTESIAN_POINT('',(0.51051702598,0.58901039683));
#1094 = CARTESIAN_POINT('',(0.511323586574,0.583365879289));
#1095 = CARTESIAN_POINT('',(0.511661512214,0.581000307244));
#1096 = CARTESIAN_POINT('',(0.511998724048,0.578637842973));
#1097 = CARTESIAN_POINT('',(0.5123350759,0.576278263699));
#1098 = CARTESIAN_POINT('',(0.512670415397,0.573921349978));
#1099 = CARTESIAN_POINT('',(0.513004583972,0.571566885694));
#1100 = CARTESIAN_POINT('',(0.513337416862,0.569214658061));
#1101 = CARTESIAN_POINT('',(0.513868585752,0.565446911418));
#1102 = CARTESIAN_POINT('',(0.514067880045,0.564030102546));
#1103 = CARTESIAN_POINT('',(0.514266588348,0.562613984931));
#1104 = CARTESIAN_POINT('',(0.514464671969,0.56119851278));
#1105 = CARTESIAN_POINT('',(0.514662091172,0.559783640577));
#1106 = CARTESIAN_POINT('',(0.514858805171,0.558369323088));
#1107 = CARTESIAN_POINT('',(0.515054772133,0.55695551536));
#1108 = CARTESIAN_POINT('',(0.515837166059,0.551289937719));
#1109 = CARTESIAN_POINT('',(0.516417232644,0.547041913765));
#1110 = CARTESIAN_POINT('',(0.516988976945,0.542796880948));
#1111 = CARTESIAN_POINT('',(0.517551136057,0.538553639319));
#1112 = CARTESIAN_POINT('',(0.51810234028,0.534311001842));
#1113 = CARTESIAN_POINT('',(0.518641097239,0.530067787335));
#1114 = CARTESIAN_POINT('',(0.519165776006,0.525822813424));
#1115 = CARTESIAN_POINT('',(0.520862547465,0.511657049693));
#1116 = CARTESIAN_POINT('',(0.52196399923,0.50172337942));
#1117 = CARTESIAN_POINT('',(0.522956227519,0.491758443408));
#1118 = CARTESIAN_POINT('',(0.523811813041,0.481746865757));
#1119 = CARTESIAN_POINT('',(0.524497101448,0.471672806883));
#1120 = CARTESIAN_POINT('',(0.52497038065,0.461519488467));
#1121 = CARTESIAN_POINT('',(0.525178842726,0.451268506511));
#1122 = CARTESIAN_POINT('',(0.524902397462,0.428415383187));
#1123 = CARTESIAN_POINT('',(0.524267577841,0.415766173993));
#1124 = CARTESIAN_POINT('',(0.523029273853,0.402908216063));
#1125 = CARTESIAN_POINT('',(0.521032318349,0.389797969486));
#1126 = CARTESIAN_POINT('',(0.518075031273,0.376389473898));
#1127 = CARTESIAN_POINT('',(0.513887359271,0.362629053732));
#1128 = CARTESIAN_POINT('',(0.508108031658,0.348452766811));
#1129 = CARTESIAN_POINT('',(0.49485090773,0.32375366371));
#1130 = CARTESIAN_POINT('',(0.488507839763,0.313519127638));
#1131 = CARTESIAN_POINT('',(0.481031687209,0.303021251863));
#1132 = CARTESIAN_POINT('',(0.47223114751,0.292227292967));
#1133 = CARTESIAN_POINT('',(0.46188643378,0.281109878977));
#1134 = CARTESIAN_POINT('',(0.449755784897,0.269646252364));
#1135 = CARTESIAN_POINT('',(0.435595152642,0.257817228878));
#1136 = CARTESIAN_POINT('',(0.414285605852,0.241947387977));
#1137 = CARTESIAN_POINT('',(0.409174782198,0.238256357493));
#1138 = CARTESIAN_POINT('',(0.403860731244,0.234532643623));
#1139 = CARTESIAN_POINT('',(0.398339923074,0.230776806478));
#1140 = CARTESIAN_POINT('',(0.392610002538,0.226989778928));
#1141 = CARTESIAN_POINT('',(0.3866700886,0.223172895013));
#1142 = CARTESIAN_POINT('',(0.38052111268,0.219327926999));
#1143 = CARTESIAN_POINT('',(0.370743406881,0.213372301485));
#1144 = CARTESIAN_POINT('',(0.367260902588,0.211279995923));
#1145 = CARTESIAN_POINT('',(0.363719196529,0.209180582155));
#1146 = CARTESIAN_POINT('',(0.360118992015,0.207074470751));
#1147 = CARTESIAN_POINT('',(0.356461197841,0.204962116623));
#1148 = CARTESIAN_POINT('',(0.352746943865,0.202844020566));
#1149 = CARTESIAN_POINT('',(0.34897759657,0.2007207308));
#1150 = CARTESIAN_POINT('',(0.337416166124,0.194285325283));
#1151 = CARTESIAN_POINT('',(0.32945771758,0.189958550059));
#1152 = CARTESIAN_POINT('',(0.321293518026,0.185617960086));
#1153 = CARTESIAN_POINT('',(0.31294142528,0.181269365691));
#1154 = CARTESIAN_POINT('',(0.304423019496,0.176918951727));
#1155 = CARTESIAN_POINT('',(0.295763556697,0.172573283029));
#1156 = CARTESIAN_POINT('',(0.286991922303,0.168239309856));
#1157 = CARTESIAN_POINT('',(0.269066590422,0.159500894019));
#1158 = CARTESIAN_POINT('',(0.259907343905,0.155096716026));
#1159 = CARTESIAN_POINT('',(0.250697588048,0.15071978097));
#1160 = CARTESIAN_POINT('',(0.241473163491,0.146377184904));
#1161 = CARTESIAN_POINT('',(0.232270153089,0.142075236392));
#1162 = CARTESIAN_POINT('',(0.223124026402,0.137819514571));
#1163 = CARTESIAN_POINT('',(0.214068784205,0.133614927204));
#1164 = CARTESIAN_POINT('',(0.200627249961,0.127371442846));
#1165 = CARTESIAN_POINT('',(0.196149381575,0.125291128296));
#1166 = CARTESIAN_POINT('',(0.191706435223,0.123225313425));
#1167 = CARTESIAN_POINT('',(0.187302131816,0.121174418788));
#1168 = CARTESIAN_POINT('',(0.182939962137,0.119138801312));
#1169 = CARTESIAN_POINT('',(0.17862317319,0.117118758447));
#1170 = CARTESIAN_POINT('',(0.174354754564,0.115114532315));
#1171 = CARTESIAN_POINT('',(0.162147798503,0.109359683498));
#1172 = CARTESIAN_POINT('',(0.15434170466,0.105650585365));
#1173 = CARTESIAN_POINT('',(0.146737372984,0.10200018586));
#1174 = CARTESIAN_POINT('',(0.139349737329,9.840904686277E-02));
#1175 = CARTESIAN_POINT('',(0.132190310415,9.487722388348E-02));
#1176 = CARTESIAN_POINT('',(0.125267233643,9.140434487963E-02));
#1177 = CARTESIAN_POINT('',(0.118585502011,8.798966974471E-02));
#1178 = CARTESIAN_POINT('',(8.713211213731E-02,7.158648089773E-02));
#1179 = CARTESIAN_POINT('',(6.584965685488E-02,5.943237782988E-02));
#1180 = CARTESIAN_POINT('',(4.831701462458E-02,4.805470097575E-02));
#1181 = CARTESIAN_POINT('',(3.414441432261E-02,3.736663569783E-02));
#1182 = CARTESIAN_POINT('',(2.269071095275E-02,2.728974319002E-02));
#1183 = CARTESIAN_POINT('',(1.345989219831E-02,1.77518099128E-02));
#1184 = CARTESIAN_POINT('',(6.009751112122E-03,8.682124196507E-03));
#1185 = CARTESIAN_POINT('',(0.,1.060926651716E-05));
#1186 = ( GEOMETRIC_REPRESENTATION_CONTEXT(2) 
PARAMETRIC_REPRESENTATION_CONTEXT() REPRESENTATION_CONTEXT('2D SPACE',''
  ) );
#1187 = ORIENTED_EDGE('',*,*,#1188,.F.);
#1188 = EDGE_CURVE('',#188,#788,#1189,.T.);
#1189 = SURFACE_CURVE('',#1190,(#1193,#1199),.PCURVE_S1.);
#1190 = B_SPLINE_CURVE_WITH_KNOTS('',1,(#1191,#1192),.UNSPECIFIED.,.F.,
  .F.,(2,2),(0.,1.),.PIECEWISE_BEZIER_KNOTS.);
#1191 = CARTESIAN_POINT('',(37.8,-5.670707919931E-06,0.));
#1192 = CARTESIAN_POINT('',(37.798072236474,-5.670707919931E-06,
    9.551176255229E-05));
#1193 = PCURVE('',#151,#1194);
#1194 = DEFINITIONAL_REPRESENTATION('',(#1195),#1198);
#1195 = B_SPLINE_CURVE_WITH_KNOTS('',1,(#1196,#1197),.UNSPECIFIED.,.F.,
  .F.,(2,2),(0.,1.),.PIECEWISE_BEZIER_KNOTS.);
#1196 = CARTESIAN_POINT('',(52.831249336744,37.799815279568));
#1197 = CARTESIAN_POINT('',(52.831153824981,37.797887516042));
#1198 = ( GEOMETRIC_REPRESENTATION_CONTEXT(2) 
PARAMETRIC_REPRESENTATION_CONTEXT() REPRESENTATION_CONTEXT('2D SPACE',''
  ) );
#1199 = PCURVE('',#240,#1200);
#1200 = DEFINITIONAL_REPRESENTATION('',(#1201),#1204);
#1201 = B_SPLINE_CURVE_WITH_KNOTS('',1,(#1202,#1203),.UNSPECIFIED.,.F.,
  .F.,(2,2),(0.,1.),.PIECEWISE_BEZIER_KNOTS.);
#1202 = CARTESIAN_POINT('',(11.999996932885,0.));
#1203 = CARTESIAN_POINT('',(12.,1.060926649982E-05));
#1204 = ( GEOMETRIC_REPRESENTATION_CONTEXT(2) 
PARAMETRIC_REPRESENTATION_CONTEXT() REPRESENTATION_CONTEXT('2D SPACE',''
  ) );
#1205 = ORIENTED_EDGE('',*,*,#187,.T.);
#1206 = FACE_BOUND('',#1207,.F.);
#1207 = EDGE_LOOP('',(#1208));
#1208 = ORIENTED_EDGE('',*,*,#1209,.T.);
#1209 = EDGE_CURVE('',#1210,#1210,#1212,.T.);
#1210 = VERTEX_POINT('',#1211);
#1211 = CARTESIAN_POINT('',(43.5,-5.670707919931E-06,54.5));
#1212 = SURFACE_CURVE('',#1213,(#1218,#1229),.PCURVE_S1.);
#1213 = CIRCLE('',#1214,2.);
#1214 = AXIS2_PLACEMENT_3D('',#1215,#1216,#1217);
#1215 = CARTESIAN_POINT('',(41.5,-5.670707919931E-06,54.5));
#1216 = DIRECTION('',(-0.,1.,0.));
#1217 = DIRECTION('',(1.,0.,0.));
#1218 = PCURVE('',#151,#1219);
#1219 = DEFINITIONAL_REPRESENTATION('',(#1220),#1228);
#1220 = ( BOUNDED_CURVE() B_SPLINE_CURVE(2,(#1221,#1222,#1223,#1224,
#1225,#1226,#1227),.UNSPECIFIED.,.T.,.F.) B_SPLINE_CURVE_WITH_KNOTS((1,2
    ,2,2,2,1),(-2.094395102393,0.,2.094395102393,4.188790204786,
6.28318530718,8.377580409573),.UNSPECIFIED.) CURVE() 
GEOMETRIC_REPRESENTATION_ITEM() RATIONAL_B_SPLINE_CURVE((1.,0.5,1.,0.5,
1.,0.5,1.)) REPRESENTATION_ITEM('') );
#1221 = CARTESIAN_POINT('',(-1.668750663256,43.499815279568));
#1222 = CARTESIAN_POINT('',(1.795350951881,43.499815279568));
#1223 = CARTESIAN_POINT('',(6.330014431245E-02,40.499815279568));
#1224 = CARTESIAN_POINT('',(-1.668750663256,37.499815279568));
#1225 = CARTESIAN_POINT('',(-3.400801470825,40.499815279568));
#1226 = CARTESIAN_POINT('',(-5.132852278394,43.499815279568));
#1227 = CARTESIAN_POINT('',(-1.668750663256,43.499815279568));
#1228 = ( GEOMETRIC_REPRESENTATION_CONTEXT(2) 
PARAMETRIC_REPRESENTATION_CONTEXT() REPRESENTATION_CONTEXT('2D SPACE',''
  ) );
#1229 = PCURVE('',#1230,#1235);
#1230 = CYLINDRICAL_SURFACE('',#1231,2.);
#1231 = AXIS2_PLACEMENT_3D('',#1232,#1233,#1234);
#1232 = CARTESIAN_POINT('',(41.5,0.,54.5));
#1233 = DIRECTION('',(-0.,1.,-0.));
#1234 = DIRECTION('',(1.,0.,0.));
#1235 = DEFINITIONAL_REPRESENTATION('',(#1236),#1240);
#1236 = LINE('',#1237,#1238);
#1237 = CARTESIAN_POINT('',(-6.28318530718,-5.670707919931E-06));
#1238 = VECTOR('',#1239,1.);
#1239 = DIRECTION('',(1.,-0.));
#1240 = ( GEOMETRIC_REPRESENTATION_CONTEXT(2) 
PARAMETRIC_REPRESENTATION_CONTEXT() REPRESENTATION_CONTEXT('2D SPACE',''
  ) );
#1241 = ADVANCED_FACE('',(#1242),#126,.T.);
#1242 = FACE_BOUND('',#1243,.T.);
#1243 = EDGE_LOOP('',(#1244,#1265,#1266,#1267));
#1244 = ORIENTED_EDGE('',*,*,#1245,.F.);
#1245 = EDGE_CURVE('',#84,#1246,#1248,.T.);
#1246 = VERTEX_POINT('',#1247);
#1247 = CARTESIAN_POINT('',(-44.75,-5.670707923859E-06,69.9));
#1248 = SURFACE_CURVE('',#1249,(#1253,#1259),.PCURVE_S1.);
#1249 = LINE('',#1250,#1251);
#1250 = CARTESIAN_POINT('',(9.23602159002E-05,-5.670707919931E-06,69.9)
  );
#1251 = VECTOR('',#1252,1.);
#1252 = DIRECTION('',(1.,0.,0.));
#1253 = PCURVE('',#126,#1254);
#1254 = DEFINITIONAL_REPRESENTATION('',(#1255),#1258);
#1255 = B_SPLINE_CURVE_WITH_KNOTS('',1,(#1256,#1257),.UNSPECIFIED.,.F.,
  .F.,(2,2),(-46.50009236021,46.499907639784),.PIECEWISE_BEZIER_KNOTS.);
#1256 = CARTESIAN_POINT('',(-46.5,-5.670707919915E-06));
#1257 = CARTESIAN_POINT('',(46.5,-5.670707919915E-06));
#1258 = ( GEOMETRIC_REPRESENTATION_CONTEXT(2) 
PARAMETRIC_REPRESENTATION_CONTEXT() REPRESENTATION_CONTEXT('2D SPACE',''
  ) );
#1259 = PCURVE('',#98,#1260);
#1260 = DEFINITIONAL_REPRESENTATION('',(#1261),#1264);
#1261 = B_SPLINE_CURVE_WITH_KNOTS('',1,(#1262,#1263),.UNSPECIFIED.,.F.,
  .F.,(2,2),(-46.50009236021,46.499907639784),.PIECEWISE_BEZIER_KNOTS.);
#1262 = CARTESIAN_POINT('',(-17.06875066325,-46.50018472043));
#1263 = CARTESIAN_POINT('',(-17.06875066325,46.499815279568));
#1264 = ( GEOMETRIC_REPRESENTATION_CONTEXT(2) 
PARAMETRIC_REPRESENTATION_CONTEXT() REPRESENTATION_CONTEXT('2D SPACE',''
  ) );
#1265 = ORIENTED_EDGE('',*,*,#109,.T.);
#1266 = ORIENTED_EDGE('',*,*,#714,.F.);
#1267 = ORIENTED_EDGE('',*,*,#1268,.F.);
#1268 = EDGE_CURVE('',#1246,#715,#1269,.T.);
#1269 = SURFACE_CURVE('',#1270,(#1275,#1282),.PCURVE_S1.);
#1270 = CIRCLE('',#1271,44.75);
#1271 = AXIS2_PLACEMENT_3D('',#1272,#1273,#1274);
#1272 = CARTESIAN_POINT('',(0.,0.,69.9));
#1273 = DIRECTION('',(0.,0.,1.));
#1274 = DIRECTION('',(1.,0.,0.));
#1275 = PCURVE('',#126,#1276);
#1276 = DEFINITIONAL_REPRESENTATION('',(#1277),#1281);
#1277 = CIRCLE('',#1278,44.75);
#1278 = AXIS2_PLACEMENT_2D('',#1279,#1280);
#1279 = CARTESIAN_POINT('',(1.882068139409E-15,1.61343992693E-17));
#1280 = DIRECTION('',(1.,0.));
#1281 = ( GEOMETRIC_REPRESENTATION_CONTEXT(2) 
PARAMETRIC_REPRESENTATION_CONTEXT() REPRESENTATION_CONTEXT('2D SPACE',''
  ) );
#1282 = PCURVE('',#750,#1283);
#1283 = DEFINITIONAL_REPRESENTATION('',(#1284),#1288);
#1284 = LINE('',#1285,#1286);
#1285 = CARTESIAN_POINT('',(-0.,0.));
#1286 = VECTOR('',#1287,1.);
#1287 = DIRECTION('',(-1.,0.));
#1288 = ( GEOMETRIC_REPRESENTATION_CONTEXT(2) 
PARAMETRIC_REPRESENTATION_CONTEXT() REPRESENTATION_CONTEXT('2D SPACE',''
  ) );
#1289 = ADVANCED_FACE('',(#1290,#1691),#98,.F.);
#1290 = FACE_BOUND('',#1291,.F.);
#1291 = EDGE_LOOP('',(#1292,#1293,#1294,#1295,#1651,#1672));
#1292 = ORIENTED_EDGE('',*,*,#1245,.F.);
#1293 = ORIENTED_EDGE('',*,*,#83,.T.);
#1294 = ORIENTED_EDGE('',*,*,#165,.T.);
#1295 = ORIENTED_EDGE('',*,*,#1296,.T.);
#1296 = EDGE_CURVE('',#166,#1297,#1299,.T.);
#1297 = VERTEX_POINT('',#1298);
#1298 = CARTESIAN_POINT('',(-41.91671097197,-5.670707919938E-06,80.7));
#1299 = SURFACE_CURVE('',#1300,(#1415,#1533),.PCURVE_S1.);
#1300 = B_SPLINE_CURVE_WITH_KNOTS('',8,(#1301,#1302,#1303,#1304,#1305,
    #1306,#1307,#1308,#1309,#1310,#1311,#1312,#1313,#1314,#1315,#1316,
    #1317,#1318,#1319,#1320,#1321,#1322,#1323,#1324,#1325,#1326,#1327,
    #1328,#1329,#1330,#1331,#1332,#1333,#1334,#1335,#1336,#1337,#1338,
    #1339,#1340,#1341,#1342,#1343,#1344,#1345,#1346,#1347,#1348,#1349,
    #1350,#1351,#1352,#1353,#1354,#1355,#1356,#1357,#1358,#1359,#1360,
    #1361,#1362,#1363,#1364,#1365,#1366,#1367,#1368,#1369,#1370,#1371,
    #1372,#1373,#1374,#1375,#1376,#1377,#1378,#1379,#1380,#1381,#1382,
    #1383,#1384,#1385,#1386,#1387,#1388,#1389,#1390,#1391,#1392,#1393,
    #1394,#1395,#1396,#1397,#1398,#1399,#1400,#1401,#1402,#1403,#1404,
    #1405,#1406,#1407,#1408,#1409,#1410,#1411,#1412,#1413,#1414),
  .UNSPECIFIED.,.F.,.F.,(9,7,7,7,7,7,7,7,7,7,7,7,7,7,7,7,9),(0.,
    0.126101701205,0.1588000658,0.176215029474,0.209693173015,
    0.247975038079,0.268698128478,0.312700284515,0.441568688861,
    0.592372899011,0.68955334911,0.726017269526,0.752936447886,
    0.772704074659,0.825357059871,0.924789241636,1.),.UNSPECIFIED.);
#1301 = CARTESIAN_POINT('',(-37.79999999999,-5.670707919931E-06,0.));
#1302 = CARTESIAN_POINT('',(-36.22610999152,-5.670707919931E-06,
    7.797968660788E-02));
#1303 = CARTESIAN_POINT('',(-34.65758907684,-5.670707919931E-06,
    0.20278441223));
#1304 = CARTESIAN_POINT('',(-33.09267447092,-5.670707919931E-06,
    0.381023984731));
#1305 = CARTESIAN_POINT('',(-31.53319126939,-5.670707919931E-06,
    0.621362787469));
#1306 = CARTESIAN_POINT('',(-29.98455862121,-5.670707919931E-06,
    0.934601662273));
#1307 = CARTESIAN_POINT('',(-28.45595018174,-5.670707919931E-06,
    1.334269352967));
#1308 = CARTESIAN_POINT('',(-26.96031209824,-5.670707919931E-06,
    1.836781143923));
#1309 = CARTESIAN_POINT('',(-25.1401805053,-5.670707919931E-06,
    2.626587012864));
#1310 = CARTESIAN_POINT('',(-24.7690009894,-5.670707919931E-06,
    2.797501607709));
#1311 = CARTESIAN_POINT('',(-24.40180748486,-5.670707919931E-06,
    2.977027544815));
#1312 = CARTESIAN_POINT('',(-24.03903932843,-5.670707919931E-06,
    3.16548289681));
#1313 = CARTESIAN_POINT('',(-23.68118767373,-5.670707919931E-06,
    3.36317247756));
#1314 = CARTESIAN_POINT('',(-23.32879029378,-5.670707919931E-06,
    3.570378321727));
#1315 = CARTESIAN_POINT('',(-22.98242467573,-5.670707919931E-06,
    3.787347082004));
#1316 = CARTESIAN_POINT('',(-22.46176365561,-5.670707919931E-06,
    4.135134517752));
#1317 = CARTESIAN_POINT('',(-22.2827136034,-5.670707919931E-06,
    4.258818087341));
#1318 = CARTESIAN_POINT('',(-22.10564281297,-5.670707919931E-06,
    4.38535322546));
#1319 = CARTESIAN_POINT('',(-21.93064766044,-5.670707919931E-06,
    4.514763672503));
#1320 = CARTESIAN_POINT('',(-21.75782670694,-5.670707919931E-06,
    4.647067909239));
#1321 = CARTESIAN_POINT('',(-21.58728006936,-5.670707919931E-06,
    4.782278329444));
#1322 = CARTESIAN_POINT('',(-21.41910879098,-5.670707919931E-06,
    4.920400412535));
#1323 = CARTESIAN_POINT('',(-20.93488659421,-5.670707919931E-06,
    5.332547721782));
#1324 = CARTESIAN_POINT('',(-20.62548005716,-5.670707919931E-06,
    5.614442253777));
#1325 = CARTESIAN_POINT('',(-20.32595433589,-5.670707919931E-06,
    5.907070921737));
#1326 = CARTESIAN_POINT('',(-20.03703209417,-5.670707919931E-06,
    6.210305061129));
#1327 = CARTESIAN_POINT('',(-19.75938382938,-5.670707919931E-06,
    6.523918080128));
#1328 = CARTESIAN_POINT('',(-19.49361277727,-5.670707919931E-06,
    6.847571626415));
#1329 = CARTESIAN_POINT('',(-19.24023981676,-5.670707919931E-06,
    7.180801753977));
#1330 = CARTESIAN_POINT('',(-18.72462061784,-5.670707919931E-06,
    7.914310596867));
#1331 = CARTESIAN_POINT('',(-18.46626022254,-5.670707919931E-06,
    8.317431299485));
#1332 = CARTESIAN_POINT('',(-18.22526433208,-5.670707919931E-06,
    8.731457026935));
#1333 = CARTESIAN_POINT('',(-18.00199969218,-5.670707919931E-06,
    9.15540754931));
#1334 = CARTESIAN_POINT('',(-17.79658001479,-5.670707919931E-06,
    9.588251381455));
#1335 = CARTESIAN_POINT('',(-17.60890334186,-5.670707919931E-06,
    10.028924586811));
#1336 = CARTESIAN_POINT('',(-17.43868940912,-5.670707919931E-06,
    10.476349581251));
#1337 = CARTESIAN_POINT('',(-17.20260032153,-5.670707919931E-06,
    11.174732543563));
#1338 = CARTESIAN_POINT('',(-17.1246702177,-5.670707919931E-06,
    11.421696750526));
#1339 = CARTESIAN_POINT('',(-17.05165630237,-5.670707919931E-06,
    11.670190832378));
#1340 = CARTESIAN_POINT('',(-16.98347581606,-5.670707919931E-06,
    11.920066015151));
#1341 = CARTESIAN_POINT('',(-16.92003582956,-5.670707919931E-06,
    12.171181070498));
#1342 = CARTESIAN_POINT('',(-16.8612354376,-5.670707919931E-06,
    12.423402909849));
#1343 = CARTESIAN_POINT('',(-16.80696795255,-5.670707919931E-06,
    12.676607178566));
#1344 = CARTESIAN_POINT('',(-16.65128555055,-5.670707919931E-06,
    13.470159261585));
#1345 = CARTESIAN_POINT('',(-16.56539699143,-5.670707919931E-06,
    14.013502806219));
#1346 = CARTESIAN_POINT('',(-16.49837991115,-5.670707919931E-06,
    14.559670474016));
#1347 = CARTESIAN_POINT('',(-16.44910375728,-5.670707919931E-06,
    15.107760514087));
#1348 = CARTESIAN_POINT('',(-16.416437008,-5.670707919931E-06,
    15.657013272896));
#1349 = CARTESIAN_POINT('',(-16.39928601857,-5.670707919931E-06,
    16.20681472624));
#1350 = CARTESIAN_POINT('',(-16.39662064085,-5.670707919931E-06,
    16.756698704923));
#1351 = CARTESIAN_POINT('',(-16.43930962156,-5.670707919931E-06,
    18.916096290902));
#1352 = CARTESIAN_POINT('',(-16.5871376354,-5.670707919931E-06,
    20.52099788761));
#1353 = CARTESIAN_POINT('',(-16.82638942143,-5.670707919931E-06,
    22.116490417833));
#1354 = CARTESIAN_POINT('',(-17.13969367425,-5.670707919931E-06,
    23.699055479782));
#1355 = CARTESIAN_POINT('',(-17.51330809128,-5.670707919931E-06,
    25.266824098809));
#1356 = CARTESIAN_POINT('',(-17.93696704664,-5.670707919931E-06,
    26.819627564109));
#1357 = CARTESIAN_POINT('',(-18.40303567002,-5.670707919931E-06,
    28.359118666539));
#1358 = CARTESIAN_POINT('',(-19.49535848718,-5.670707919931E-06,
    31.678902115425));
#1359 = CARTESIAN_POINT('',(-20.13425462998,-5.670707919931E-06,
    33.452178469849));
#1360 = CARTESIAN_POINT('',(-20.81325854263,-5.670707919931E-06,
    35.210800911522));
#1361 = CARTESIAN_POINT('',(-21.52530637955,-5.670707919931E-06,
    36.956282636557));
#1362 = CARTESIAN_POINT('',(-22.26473958245,-5.670707919931E-06,
    38.690025181516));
#1363 = CARTESIAN_POINT('',(-23.02703114599,-5.670707919931E-06,
    40.413430860367));
#1364 = CARTESIAN_POINT('',(-23.80844903406,-5.670707919931E-06,
    42.128035583062));
#1365 = CARTESIAN_POINT('',(-25.11979593326,-5.670707919931E-06,
    44.935934152831));
#1366 = CARTESIAN_POINT('',(-25.64027739795,-5.670707919931E-06,
    46.033211229931));
#1367 = CARTESIAN_POINT('',(-26.166471956,-5.670707919931E-06,
    47.127768891792));
#1368 = CARTESIAN_POINT('',(-26.6975809909,-5.670707919931E-06,
    48.219949360075));
#1369 = CARTESIAN_POINT('',(-27.23286445905,-5.670707919931E-06,
    49.310081203661));
#1370 = CARTESIAN_POINT('',(-27.77162430466,-5.670707919931E-06,
    50.398487421057));
#1371 = CARTESIAN_POINT('',(-28.31319067772,-5.670707919931E-06,
    51.485492173159));
#1372 = CARTESIAN_POINT('',(-29.06092496081,-5.670707919931E-06,
    52.978888888164));
#1373 = CARTESIAN_POINT('',(-29.26524165822,-5.670707919931E-06,
    53.386200019386));
#1374 = CARTESIAN_POINT('',(-29.4698265443,-5.670707919931E-06,
    53.793376553001));
#1375 = CARTESIAN_POINT('',(-29.67464516114,-5.670707919931E-06,
    54.200435548286));
#1376 = CARTESIAN_POINT('',(-29.87966309582,-5.670707919931E-06,
    54.607394130805));
#1377 = CARTESIAN_POINT('',(-30.0848459804,-5.670707919931E-06,
    55.014269492407));
#1378 = CARTESIAN_POINT('',(-30.29015949191,-5.670707919931E-06,
    55.421078891226));
#1379 = CARTESIAN_POINT('',(-30.64721143054,-5.670707919931E-06,
    56.128127315082));
#1380 = CARTESIAN_POINT('',(-30.79890593378,-5.670707919931E-06,
    56.428388486701));
#1381 = CARTESIAN_POINT('',(-30.95063903361,-5.670707919931E-06,
    56.728630146054));
#1382 = CARTESIAN_POINT('',(-31.10239680296,-5.670707919931E-06,
    57.028859325124));
#1383 = CARTESIAN_POINT('',(-31.25416521618,-5.670707919931E-06,
    57.329083108369));
#1384 = CARTESIAN_POINT('',(-31.40593014899,-5.670707919931E-06,
    57.629308632718));
#1385 = CARTESIAN_POINT('',(-31.55767737855,-5.670707919931E-06,
    57.929543087574));
#1386 = CARTESIAN_POINT('',(-31.8208019847,-5.670707919931E-06,
    58.450277499954));
#1387 = CARTESIAN_POINT('',(-31.9321940957,-5.670707919931E-06,
    58.670770010418));
#1388 = CARTESIAN_POINT('',(-32.04356323669,-5.670707919931E-06,
    58.891274116383));
#1389 = CARTESIAN_POINT('',(-32.1549036722,-5.670707919931E-06,
    59.111792711382));
#1390 = CARTESIAN_POINT('',(-32.26620961091,-5.670707919931E-06,
    59.332328712295));
#1391 = CARTESIAN_POINT('',(-32.3774752057,-5.670707919931E-06,
    59.552885059353));
#1392 = CARTESIAN_POINT('',(-32.48869455362,-5.670707919931E-06,
    59.773464716137));
#1393 = CARTESIAN_POINT('',(-32.89596612797,-5.670707919931E-06,
    60.581675956607));
#1394 = CARTESIAN_POINT('',(-33.19170001281,-5.670707919931E-06,
    61.169467494138));
#1395 = CARTESIAN_POINT('',(-33.48695059708,-5.670707919931E-06,
    61.757502277697));
#1396 = CARTESIAN_POINT('',(-33.78160170426,-5.670707919931E-06,
    62.345838201538));
#1397 = CARTESIAN_POINT('',(-34.07553270008,-5.670707919931E-06,
    62.934534575154));
#1398 = CARTESIAN_POINT('',(-34.36861745802,-5.670707919931E-06,
    63.523652639784));
#1399 = CARTESIAN_POINT('',(-34.6607233247,-5.670707919931E-06,
    64.113256084929));
#1400 = CARTESIAN_POINT('',(-35.50122210957,-5.670707919931E-06,
    65.817886778647));
#1401 = CARTESIAN_POINT('',(-36.04672845639,-5.670707919931E-06,
    66.934300993553));
#1402 = CARTESIAN_POINT('',(-36.58729944984,-5.670707919931E-06,
    68.053135820884));
#1403 = CARTESIAN_POINT('',(-37.12189166586,-5.670707919931E-06,
    69.174879130756));
#1404 = CARTESIAN_POINT('',(-37.64930880381,-5.670707919931E-06,
    70.300043254344));
#1405 = CARTESIAN_POINT('',(-38.16816379677,-5.670707919931E-06,
    71.429182782209));
#1406 = CARTESIAN_POINT('',(-38.67680653219,-5.670707919931E-06,
    72.56292844165));
#1407 = CARTESIAN_POINT('',(-39.54864089823,-5.670707919931E-06,
    74.563690691106));
#1408 = CARTESIAN_POINT('',(-39.91705102493,-5.670707919931E-06,
    75.428335909869));
#1409 = CARTESIAN_POINT('',(-40.27754151908,-5.670707919931E-06,
    76.296365699926));
#1410 = CARTESIAN_POINT('',(-40.62908083172,-5.670707919931E-06,
    77.168136017069));
#1411 = CARTESIAN_POINT('',(-40.97043272868,-5.670707919931E-06,
    78.043998818059));
#1412 = CARTESIAN_POINT('',(-41.30011634771,-5.670707919931E-06,
    78.924317640734));
#1413 = CARTESIAN_POINT('',(-41.61632186198,-5.670707919931E-06,
    79.80950039135));
#1414 = CARTESIAN_POINT('',(-41.91673374798,-5.670707919931E-06,
    80.700067519065));
#1415 = PCURVE('',#98,#1416);
#1416 = DEFINITIONAL_REPRESENTATION('',(#1417),#1532);
#1417 = B_SPLINE_CURVE_WITH_KNOTS('',8,(#1418,#1419,#1420,#1421,#1422,
    #1423,#1424,#1425,#1426,#1427,#1428,#1429,#1430,#1431,#1432,#1433,
    #1434,#1435,#1436,#1437,#1438,#1439,#1440,#1441,#1442,#1443,#1444,
    #1445,#1446,#1447,#1448,#1449,#1450,#1451,#1452,#1453,#1454,#1455,
    #1456,#1457,#1458,#1459,#1460,#1461,#1462,#1463,#1464,#1465,#1466,
    #1467,#1468,#1469,#1470,#1471,#1472,#1473,#1474,#1475,#1476,#1477,
    #1478,#1479,#1480,#1481,#1482,#1483,#1484,#1485,#1486,#1487,#1488,
    #1489,#1490,#1491,#1492,#1493,#1494,#1495,#1496,#1497,#1498,#1499,
    #1500,#1501,#1502,#1503,#1504,#1505,#1506,#1507,#1508,#1509,#1510,
    #1511,#1512,#1513,#1514,#1515,#1516,#1517,#1518,#1519,#1520,#1521,
    #1522,#1523,#1524,#1525,#1526,#1527,#1528,#1529,#1530,#1531),
  .UNSPECIFIED.,.F.,.F.,(9,7,7,7,7,7,7,7,7,7,7,7,7,7,7,7,9),(0.,
    0.126101701205,0.1588000658,0.176215029474,0.209693173015,
    0.247975038079,0.268698128478,0.312700284515,0.441568688861,
    0.592372899011,0.68955334911,0.726017269526,0.752936447886,
    0.772704074659,0.825357059871,0.924789241636,1.),.UNSPECIFIED.);
#1418 = CARTESIAN_POINT('',(52.831249336744,-37.80018472043));
#1419 = CARTESIAN_POINT('',(52.753269650136,-36.22629471195));
#1420 = CARTESIAN_POINT('',(52.628464924514,-34.65777379727));
#1421 = CARTESIAN_POINT('',(52.450225352012,-33.09285919136));
#1422 = CARTESIAN_POINT('',(52.209886549275,-31.53337598982));
#1423 = CARTESIAN_POINT('',(51.89664767447,-29.98474334164));
#1424 = CARTESIAN_POINT('',(51.496979983777,-28.45613490217));
#1425 = CARTESIAN_POINT('',(50.994468192821,-26.96049681867));
#1426 = CARTESIAN_POINT('',(50.204662323879,-25.14036522574));
#1427 = CARTESIAN_POINT('',(50.033747729034,-24.76918570983));
#1428 = CARTESIAN_POINT('',(49.854221791929,-24.40199220529));
#1429 = CARTESIAN_POINT('',(49.665766439934,-24.03922404886));
#1430 = CARTESIAN_POINT('',(49.468076859184,-23.68137239416));
#1431 = CARTESIAN_POINT('',(49.260871015017,-23.32897501421));
#1432 = CARTESIAN_POINT('',(49.04390225474,-22.98260939616));
#1433 = CARTESIAN_POINT('',(48.696114818992,-22.46194837605));
#1434 = CARTESIAN_POINT('',(48.572431249403,-22.28289832383));
#1435 = CARTESIAN_POINT('',(48.445896111284,-22.10582753341));
#1436 = CARTESIAN_POINT('',(48.316485664241,-21.93083238087));
#1437 = CARTESIAN_POINT('',(48.184181427504,-21.75801142737));
#1438 = CARTESIAN_POINT('',(48.048971007299,-21.58746478979));
#1439 = CARTESIAN_POINT('',(47.910848924209,-21.41929351141));
#1440 = CARTESIAN_POINT('',(47.498701614962,-20.93507131464));
#1441 = CARTESIAN_POINT('',(47.216807082967,-20.62566477759));
#1442 = CARTESIAN_POINT('',(46.924178415006,-20.32613905633));
#1443 = CARTESIAN_POINT('',(46.620944275614,-20.0372168146));
#1444 = CARTESIAN_POINT('',(46.307331256616,-19.75956854981));
#1445 = CARTESIAN_POINT('',(45.983677710329,-19.4937974977));
#1446 = CARTESIAN_POINT('',(45.650447582766,-19.24042453719));
#1447 = CARTESIAN_POINT('',(44.916938739877,-18.72480533827));
#1448 = CARTESIAN_POINT('',(44.513818037259,-18.46644494297));
#1449 = CARTESIAN_POINT('',(44.099792309808,-18.22544905251));
#1450 = CARTESIAN_POINT('',(43.675841787434,-18.00218441261));
#1451 = CARTESIAN_POINT('',(43.242997955288,-17.79676473522));
#1452 = CARTESIAN_POINT('',(42.802324749933,-17.60908806229));
#1453 = CARTESIAN_POINT('',(42.354899755493,-17.43887412956));
#1454 = CARTESIAN_POINT('',(41.65651679318,-17.20278504196));
#1455 = CARTESIAN_POINT('',(41.409552586218,-17.12485493813));
#1456 = CARTESIAN_POINT('',(41.161058504365,-17.0518410228));
#1457 = CARTESIAN_POINT('',(40.911183321593,-16.98366053649));
#1458 = CARTESIAN_POINT('',(40.660068266246,-16.92022054999));
#1459 = CARTESIAN_POINT('',(40.407846426895,-16.86142015803));
#1460 = CARTESIAN_POINT('',(40.154642158178,-16.80715267298));
#1461 = CARTESIAN_POINT('',(39.361090075158,-16.65147027098));
#1462 = CARTESIAN_POINT('',(38.817746530525,-16.56558171186));
#1463 = CARTESIAN_POINT('',(38.271578862727,-16.49856463158));
#1464 = CARTESIAN_POINT('',(37.723488822657,-16.44928847771));
#1465 = CARTESIAN_POINT('',(37.174236063848,-16.41662172843));
#1466 = CARTESIAN_POINT('',(36.624434610504,-16.399470739));
#1467 = CARTESIAN_POINT('',(36.07455063182,-16.39680536129));
#1468 = CARTESIAN_POINT('',(33.915153045841,-16.439494342));
#1469 = CARTESIAN_POINT('',(32.310251449133,-16.58732235583));
#1470 = CARTESIAN_POINT('',(30.714758918911,-16.82657414186));
#1471 = CARTESIAN_POINT('',(29.132193856961,-17.13987839468));
#1472 = CARTESIAN_POINT('',(27.564425237935,-17.51349281172));
#1473 = CARTESIAN_POINT('',(26.011621772634,-17.93715176707));
#1474 = CARTESIAN_POINT('',(24.472130670204,-18.40322039045));
#1475 = CARTESIAN_POINT('',(21.152347221318,-19.49554320761));
#1476 = CARTESIAN_POINT('',(19.379070866895,-20.13443935042));
#1477 = CARTESIAN_POINT('',(17.620448425221,-20.81344326306));
#1478 = CARTESIAN_POINT('',(15.874966700186,-21.52549109998));
#1479 = CARTESIAN_POINT('',(14.141224155227,-22.26492430288));
#1480 = CARTESIAN_POINT('',(12.417818476377,-23.02721586642));
#1481 = CARTESIAN_POINT('',(10.703213753681,-23.80863375449));
#1482 = CARTESIAN_POINT('',(7.895315183912,-25.1199806537));
#1483 = CARTESIAN_POINT('',(6.798038106812,-25.64046211838));
#1484 = CARTESIAN_POINT('',(5.703480444952,-26.16665667643));
#1485 = CARTESIAN_POINT('',(4.611299976669,-26.69776571133));
#1486 = CARTESIAN_POINT('',(3.521168133083,-27.23304917948));
#1487 = CARTESIAN_POINT('',(2.432761915686,-27.77180902509));
#1488 = CARTESIAN_POINT('',(1.345757163585,-28.31337539815));
#1489 = CARTESIAN_POINT('',(-0.147639551421,-29.06110968124));
#1490 = CARTESIAN_POINT('',(-0.554950682643,-29.26542637865));
#1491 = CARTESIAN_POINT('',(-0.962127216257,-29.47001126473));
#1492 = CARTESIAN_POINT('',(-1.369186211543,-29.67482988157));
#1493 = CARTESIAN_POINT('',(-1.776144794061,-29.87984781625));
#1494 = CARTESIAN_POINT('',(-2.183020155663,-30.08503070083));
#1495 = CARTESIAN_POINT('',(-2.589829554482,-30.29034421234));
#1496 = CARTESIAN_POINT('',(-3.296877978338,-30.64739615097));
#1497 = CARTESIAN_POINT('',(-3.597139149958,-30.79909065421));
#1498 = CARTESIAN_POINT('',(-3.89738080931,-30.95082375404));
#1499 = CARTESIAN_POINT('',(-4.19760998838,-31.10258152339));
#1500 = CARTESIAN_POINT('',(-4.497833771625,-31.25434993661));
#1501 = CARTESIAN_POINT('',(-4.798059295975,-31.40611486942));
#1502 = CARTESIAN_POINT('',(-5.098293750831,-31.55786209898));
#1503 = CARTESIAN_POINT('',(-5.619028163211,-31.82098670513));
#1504 = CARTESIAN_POINT('',(-5.839520673674,-31.93237881613));
#1505 = CARTESIAN_POINT('',(-6.06002477964,-32.04374795712));
#1506 = CARTESIAN_POINT('',(-6.280543374639,-32.15508839263));
#1507 = CARTESIAN_POINT('',(-6.501079375552,-32.26639433134));
#1508 = CARTESIAN_POINT('',(-6.72163572261,-32.37765992613));
#1509 = CARTESIAN_POINT('',(-6.942215379393,-32.48887927405));
#1510 = CARTESIAN_POINT('',(-7.750426619864,-32.89615084841));
#1511 = CARTESIAN_POINT('',(-8.338218157394,-33.19188473324));
#1512 = CARTESIAN_POINT('',(-8.926252940953,-33.48713531751));
#1513 = CARTESIAN_POINT('',(-9.514588864794,-33.78178642469));
#1514 = CARTESIAN_POINT('',(-10.10328523841,-34.07571742052));
#1515 = CARTESIAN_POINT('',(-10.69240330304,-34.36880217845));
#1516 = CARTESIAN_POINT('',(-11.28200674818,-34.66090804513));
#1517 = CARTESIAN_POINT('',(-12.9866374419,-35.50140683));
#1518 = CARTESIAN_POINT('',(-14.10305165681,-36.04691317682));
#1519 = CARTESIAN_POINT('',(-15.22188648414,-36.58748417027));
#1520 = CARTESIAN_POINT('',(-16.34362979401,-37.12207638629));
#1521 = CARTESIAN_POINT('',(-17.4687939176,-37.64949352424));
#1522 = CARTESIAN_POINT('',(-18.59793344546,-38.1683485172));
#1523 = CARTESIAN_POINT('',(-19.7316791049,-38.67699125262));
#1524 = CARTESIAN_POINT('',(-21.73244135436,-39.54882561866));
#1525 = CARTESIAN_POINT('',(-22.59708657312,-39.91723574536));
#1526 = CARTESIAN_POINT('',(-23.46511636318,-40.27772623951));
#1527 = CARTESIAN_POINT('',(-24.33688668032,-40.62926555215));
#1528 = CARTESIAN_POINT('',(-25.21274948131,-40.97061744911));
#1529 = CARTESIAN_POINT('',(-26.09306830399,-41.30030106814));
#1530 = CARTESIAN_POINT('',(-26.9782510546,-41.61650658241));
#1531 = CARTESIAN_POINT('',(-27.86881818232,-41.91691846841));
#1532 = ( GEOMETRIC_REPRESENTATION_CONTEXT(2) 
PARAMETRIC_REPRESENTATION_CONTEXT() REPRESENTATION_CONTEXT('2D SPACE',''
  ) );
#1533 = PCURVE('',#658,#1534);
#1534 = DEFINITIONAL_REPRESENTATION('',(#1535),#1650);
#1535 = B_SPLINE_CURVE_WITH_KNOTS('',8,(#1536,#1537,#1538,#1539,#1540,
    #1541,#1542,#1543,#1544,#1545,#1546,#1547,#1548,#1549,#1550,#1551,
    #1552,#1553,#1554,#1555,#1556,#1557,#1558,#1559,#1560,#1561,#1562,
    #1563,#1564,#1565,#1566,#1567,#1568,#1569,#1570,#1571,#1572,#1573,
    #1574,#1575,#1576,#1577,#1578,#1579,#1580,#1581,#1582,#1583,#1584,
    #1585,#1586,#1587,#1588,#1589,#1590,#1591,#1592,#1593,#1594,#1595,
    #1596,#1597,#1598,#1599,#1600,#1601,#1602,#1603,#1604,#1605,#1606,
    #1607,#1608,#1609,#1610,#1611,#1612,#1613,#1614,#1615,#1616,#1617,
    #1618,#1619,#1620,#1621,#1622,#1623,#1624,#1625,#1626,#1627,#1628,
    #1629,#1630,#1631,#1632,#1633,#1634,#1635,#1636,#1637,#1638,#1639,
    #1640,#1641,#1642,#1643,#1644,#1645,#1646,#1647,#1648,#1649),
  .UNSPECIFIED.,.F.,.F.,(9,7,7,7,7,7,7,7,7,7,7,7,7,7,7,7,9),(0.,
    0.126101701205,0.1588000658,0.176215029474,0.209693173015,
    0.247975038079,0.268698128478,0.312700284515,0.441568688861,
    0.592372899011,0.68955334911,0.726017269526,0.752936447886,
    0.772704074659,0.825357059871,0.924789241636,1.),.UNSPECIFIED.);
#1536 = CARTESIAN_POINT('',(6.500003675969,0.));
#1537 = CARTESIAN_POINT('',(6.500003816219,8.664409623098E-03));
#1538 = CARTESIAN_POINT('',(6.500003968772,1.772690662032E-02));
#1539 = CARTESIAN_POINT('',(6.500004135733,2.725701686949E-02));
#1540 = CARTESIAN_POINT('',(6.500004319466,3.732502371081E-02));
#1541 = CARTESIAN_POINT('',(6.500004522637,4.800279487265E-02));
#1542 = CARTESIAN_POINT('',(6.500004748052,5.936862751354E-02));
#1543 = CARTESIAN_POINT('',(6.500004998617,7.150883049117E-02));
#1544 = CARTESIAN_POINT('',(6.500005347256,8.79172676481E-02));
#1545 = CARTESIAN_POINT('',(6.50000542077,9.135373657814E-02));
#1546 = CARTESIAN_POINT('',(6.500005496007,9.484911530551E-02));
#1547 = CARTESIAN_POINT('',(6.50000557295,9.840415457826E-02));
#1548 = CARTESIAN_POINT('',(6.500005651555,0.102019229411));
#1549 = CARTESIAN_POINT('',(6.500005731755,0.105694278524));
#1550 = CARTESIAN_POINT('',(6.500005813446,0.109428723767));
#1551 = CARTESIAN_POINT('',(6.500005940719,0.115241311146));
#1552 = CARTESIAN_POINT('',(6.500005985331,0.117277738223));
#1553 = CARTESIAN_POINT('',(6.500006030305,0.119330449319));
#1554 = CARTESIAN_POINT('',(6.500006075616,0.121399188799));
#1555 = CARTESIAN_POINT('',(6.500006121236,0.123483642355));
#1556 = CARTESIAN_POINT('',(6.500006167133,0.125583432531));
#1557 = CARTESIAN_POINT('',(6.500006213274,0.127698114257));
#1558 = CARTESIAN_POINT('',(6.500006348709,0.133920021083));
#1559 = CARTESIAN_POINT('',(6.500006438562,0.138066399556));
#1560 = CARTESIAN_POINT('',(6.500006528895,0.142262169038));
#1561 = CARTESIAN_POINT('',(6.500006619381,0.146502614768));
#1562 = CARTESIAN_POINT('',(6.500006709653,0.150782389452));
#1563 = CARTESIAN_POINT('',(6.500006799311,0.155095458738));
#1564 = CARTESIAN_POINT('',(6.500006887932,0.159435046684));
#1565 = CARTESIAN_POINT('',(6.500007074721,0.168777514441));
#1566 = CARTESIAN_POINT('',(6.500007172457,0.173787266444));
#1567 = CARTESIAN_POINT('',(6.50000726762,0.178811321487));
#1568 = CARTESIAN_POINT('',(6.500007359575,0.183838969671));
#1569 = CARTESIAN_POINT('',(6.500007447736,0.188860288457));
#1570 = CARTESIAN_POINT('',(6.500007531581,0.193866124174));
#1571 = CARTESIAN_POINT('',(6.500007610673,0.198848073533));
#1572 = CARTESIAN_POINT('',(6.500007724741,0.206478256519));
#1573 = CARTESIAN_POINT('',(6.500007763315,0.209149033541));
#1574 = CARTESIAN_POINT('',(6.50000780035,0.211809730425));
#1575 = CARTESIAN_POINT('',(6.500007835802,0.2144594059));
#1576 = CARTESIAN_POINT('',(6.500007869638,0.217097237746));
#1577 = CARTESIAN_POINT('',(6.500007901831,0.219722517349));
#1578 = CARTESIAN_POINT('',(6.500007932362,0.222334644265));
#1579 = CARTESIAN_POINT('',(6.500008022501,0.230450568523));
#1580 = CARTESIAN_POINT('',(6.500008076236,0.235905985972));
#1581 = CARTESIAN_POINT('',(6.500008122333,0.241295291952));
#1582 = CARTESIAN_POINT('',(6.500008160838,0.246615911883));
#1583 = CARTESIAN_POINT('',(6.500008191914,0.251866565563));
#1584 = CARTESIAN_POINT('',(6.500008215813,0.257047110165));
#1585 = CARTESIAN_POINT('',(6.500008232852,0.26215843843));
#1586 = CARTESIAN_POINT('',(6.500008274202,0.281974694789));
#1587 = CARTESIAN_POINT('',(6.500008249111,0.296143423439));
#1588 = CARTESIAN_POINT('',(6.500008177256,0.309790439632));
#1589 = CARTESIAN_POINT('',(6.500008069419,0.322970565112));
#1590 = CARTESIAN_POINT('',(6.500007935651,0.335735430133));
#1591 = CARTESIAN_POINT('',(6.500007783661,0.348134963761));
#1592 = CARTESIAN_POINT('',(6.500007619338,0.360223036238));
#1593 = CARTESIAN_POINT('',(6.5000072451,0.385909649016));
#1594 = CARTESIAN_POINT('',(6.500007032571,0.39938876559));
#1595 = CARTESIAN_POINT('',(6.500006816559,0.412566111193));
#1596 = CARTESIAN_POINT('',(6.500006601757,0.42549205934));
#1597 = CARTESIAN_POINT('',(6.500006391039,0.438209116731));
#1598 = CARTESIAN_POINT('',(6.500006186154,0.450754407777));
#1599 = CARTESIAN_POINT('',(6.50000598809,0.463162684957));
#1600 = CARTESIAN_POINT('',(6.500005674423,0.483397468099));
#1601 = CARTESIAN_POINT('',(6.500005554558,0.491283193826));
#1602 = CARTESIAN_POINT('',(6.50000543789,0.499133391981));
#1603 = CARTESIAN_POINT('',(6.500005324481,0.506955896637));
#1604 = CARTESIAN_POINT('',(6.500005214338,0.514758196595));
#1605 = CARTESIAN_POINT('',(6.500005107431,0.522547605719));
#1606 = CARTESIAN_POINT('',(6.500005003704,0.530331411382));
#1607 = CARTESIAN_POINT('',(6.50000486533,0.54103829969));
#1608 = CARTESIAN_POINT('',(6.500004828013,0.543959844366));
#1609 = CARTESIAN_POINT('',(6.50000479113,0.546882020459));
#1610 = CARTESIAN_POINT('',(6.500004754676,0.549805216564));
#1611 = CARTESIAN_POINT('',(6.500004718647,0.552729824448));
#1612 = CARTESIAN_POINT('',(6.500004683039,0.555656239052));
#1613 = CARTESIAN_POINT('',(6.500004647845,0.558584858488));
#1614 = CARTESIAN_POINT('',(6.500004587384,0.563680036318));
#1615 = CARTESIAN_POINT('',(6.50000456193,0.565845409661));
#1616 = CARTESIAN_POINT('',(6.500004536697,0.568012365847));
#1617 = CARTESIAN_POINT('',(6.500004511683,0.570181068685));
#1618 = CARTESIAN_POINT('',(6.500004486887,0.572351684022));
#1619 = CARTESIAN_POINT('',(6.500004462306,0.574524379741));
#1620 = CARTESIAN_POINT('',(6.500004437938,0.57669932576));
#1621 = CARTESIAN_POINT('',(6.500004396042,0.580475606263));
#1622 = CARTESIAN_POINT('',(6.500004378417,0.582075824872));
#1623 = CARTESIAN_POINT('',(6.500004360904,0.58367741804));
#1624 = CARTESIAN_POINT('',(6.500004343503,0.58528045481));
#1625 = CARTESIAN_POINT('',(6.500004326214,0.586885005098));
#1626 = CARTESIAN_POINT('',(6.500004309034,0.588491139686));
#1627 = CARTESIAN_POINT('',(6.500004291964,0.590098930228));
#1628 = CARTESIAN_POINT('',(6.500004229823,0.595995558777));
#1629 = CARTESIAN_POINT('',(6.500004185413,0.600294929052));
#1630 = CARTESIAN_POINT('',(6.500004141756,0.604607937778));
#1631 = CARTESIAN_POINT('',(6.500004098834,0.608936007545));
#1632 = CARTESIAN_POINT('',(6.500004056631,0.613280619212));
#1633 = CARTESIAN_POINT('',(6.50000401513,0.617643325287));
#1634 = CARTESIAN_POINT('',(6.500003974314,0.622025763309));
#1635 = CARTESIAN_POINT('',(6.500003858351,0.634746196251));
#1636 = CARTESIAN_POINT('',(6.500003784924,0.64313906165));
#1637 = CARTESIAN_POINT('',(6.50000371377,0.651620210653));
#1638 = CARTESIAN_POINT('',(6.500003644782,0.660202626855));
#1639 = CARTESIAN_POINT('',(6.500003577856,0.668900827068));
#1640 = CARTESIAN_POINT('',(6.500003512892,0.677731345991));
#1641 = CARTESIAN_POINT('',(6.500003449795,0.686713673722));
#1642 = CARTESIAN_POINT('',(6.500003342084,0.702799573383));
#1643 = CARTESIAN_POINT('',(6.500003296716,0.709827235246));
#1644 = CARTESIAN_POINT('',(6.500003252321,0.716965936944));
#1645 = CARTESIAN_POINT('',(6.500003208862,0.724227551115));
#1646 = CARTESIAN_POINT('',(6.500003166303,0.731625497164));
#1647 = CARTESIAN_POINT('',(6.50000312461,0.73917521995));
#1648 = CARTESIAN_POINT('',(6.500003083753,0.746895208216));
#1649 = CARTESIAN_POINT('',(6.500003043698,0.754809130097));
#1650 = ( GEOMETRIC_REPRESENTATION_CONTEXT(2) 
PARAMETRIC_REPRESENTATION_CONTEXT() REPRESENTATION_CONTEXT('2D SPACE',''
  ) );
#1651 = ORIENTED_EDGE('',*,*,#1652,.F.);
#1652 = EDGE_CURVE('',#1653,#1297,#1655,.T.);
#1653 = VERTEX_POINT('',#1654);
#1654 = CARTESIAN_POINT('',(-44.75,-5.670707923859E-06,80.7));
#1655 = SURFACE_CURVE('',#1656,(#1660,#1666),.PCURVE_S1.);
#1656 = LINE('',#1657,#1658);
#1657 = CARTESIAN_POINT('',(9.236021589968E-05,-5.670707919931E-06,80.7)
  );
#1658 = VECTOR('',#1659,1.);
#1659 = DIRECTION('',(1.,0.,0.));
#1660 = PCURVE('',#98,#1661);
#1661 = DEFINITIONAL_REPRESENTATION('',(#1662),#1665);
#1662 = B_SPLINE_CURVE_WITH_KNOTS('',1,(#1663,#1664),.UNSPECIFIED.,.F.,
  .F.,(2,2),(-44.75009236021,44.749907639784),.PIECEWISE_BEZIER_KNOTS.);
#1663 = CARTESIAN_POINT('',(-27.86875066325,-44.75018472043));
#1664 = CARTESIAN_POINT('',(-27.86875066325,44.749815279568));
#1665 = ( GEOMETRIC_REPRESENTATION_CONTEXT(2) 
PARAMETRIC_REPRESENTATION_CONTEXT() REPRESENTATION_CONTEXT('2D SPACE',''
  ) );
#1666 = PCURVE('',#776,#1667);
#1667 = DEFINITIONAL_REPRESENTATION('',(#1668),#1671);
#1668 = B_SPLINE_CURVE_WITH_KNOTS('',1,(#1669,#1670),.UNSPECIFIED.,.F.,
  .F.,(2,2),(-44.75009236021,44.749907639784),.PIECEWISE_BEZIER_KNOTS.);
#1669 = CARTESIAN_POINT('',(-44.75,-5.670707923971E-06));
#1670 = CARTESIAN_POINT('',(44.75,-5.670707923971E-06));
#1671 = ( GEOMETRIC_REPRESENTATION_CONTEXT(2) 
PARAMETRIC_REPRESENTATION_CONTEXT() REPRESENTATION_CONTEXT('2D SPACE',''
  ) );
#1672 = ORIENTED_EDGE('',*,*,#1673,.T.);
#1673 = EDGE_CURVE('',#1653,#1246,#1674,.T.);
#1674 = SURFACE_CURVE('',#1675,(#1679,#1685),.PCURVE_S1.);
#1675 = LINE('',#1676,#1677);
#1676 = CARTESIAN_POINT('',(-44.75,-5.670707919931E-06,69.9));
#1677 = VECTOR('',#1678,1.);
#1678 = DIRECTION('',(-0.,-0.,-1.));
#1679 = PCURVE('',#98,#1680);
#1680 = DEFINITIONAL_REPRESENTATION('',(#1681),#1684);
#1681 = B_SPLINE_CURVE_WITH_KNOTS('',1,(#1682,#1683),.UNSPECIFIED.,.F.,
  .F.,(2,2),(-10.8000006,6.000000070117E-07),.PIECEWISE_BEZIER_KNOTS.);
#1682 = CARTESIAN_POINT('',(-27.86875126325,-44.75018472043));
#1683 = CARTESIAN_POINT('',(-17.06875006325,-44.75018472043));
#1684 = ( GEOMETRIC_REPRESENTATION_CONTEXT(2) 
PARAMETRIC_REPRESENTATION_CONTEXT() REPRESENTATION_CONTEXT('2D SPACE',''
  ) );
#1685 = PCURVE('',#750,#1686);
#1686 = DEFINITIONAL_REPRESENTATION('',(#1687),#1690);
#1687 = B_SPLINE_CURVE_WITH_KNOTS('',1,(#1688,#1689),.UNSPECIFIED.,.F.,
  .F.,(2,2),(-10.8000006,6.000000070117E-07),.PIECEWISE_BEZIER_KNOTS.);
#1688 = CARTESIAN_POINT('',(-3.14159278031,-10.8000006));
#1689 = CARTESIAN_POINT('',(-3.14159278031,6.000000070117E-07));
#1690 = ( GEOMETRIC_REPRESENTATION_CONTEXT(2) 
PARAMETRIC_REPRESENTATION_CONTEXT() REPRESENTATION_CONTEXT('2D SPACE',''
  ) );
#1691 = FACE_BOUND('',#1692,.F.);
#1692 = EDGE_LOOP('',(#1693));
#1693 = ORIENTED_EDGE('',*,*,#1694,.T.);
#1694 = EDGE_CURVE('',#1695,#1695,#1697,.T.);
#1695 = VERTEX_POINT('',#1696);
#1696 = CARTESIAN_POINT('',(-39.5,-5.670707919931E-06,54.5));
#1697 = SURFACE_CURVE('',#1698,(#1703,#1714),.PCURVE_S1.);
#1698 = CIRCLE('',#1699,2.);
#1699 = AXIS2_PLACEMENT_3D('',#1700,#1701,#1702);
#1700 = CARTESIAN_POINT('',(-41.5,-5.670707919931E-06,54.5));
#1701 = DIRECTION('',(-0.,1.,0.));
#1702 = DIRECTION('',(1.,0.,0.));
#1703 = PCURVE('',#98,#1704);
#1704 = DEFINITIONAL_REPRESENTATION('',(#1705),#1713);
#1705 = ( BOUNDED_CURVE() B_SPLINE_CURVE(2,(#1706,#1707,#1708,#1709,
#1710,#1711,#1712),.UNSPECIFIED.,.T.,.F.) B_SPLINE_CURVE_WITH_KNOTS((1,2
    ,2,2,2,1),(-2.094395102393,0.,2.094395102393,4.188790204786,
6.28318530718,8.377580409573),.UNSPECIFIED.) CURVE() 
GEOMETRIC_REPRESENTATION_ITEM() RATIONAL_B_SPLINE_CURVE((1.,0.5,1.,0.5,
1.,0.5,1.)) REPRESENTATION_ITEM('') );
#1706 = CARTESIAN_POINT('',(-1.668750663256,-39.50018472043));
#1707 = CARTESIAN_POINT('',(1.795350951881,-39.50018472043));
#1708 = CARTESIAN_POINT('',(6.330014431245E-02,-42.50018472043));
#1709 = CARTESIAN_POINT('',(-1.668750663256,-45.50018472043));
#1710 = CARTESIAN_POINT('',(-3.400801470825,-42.50018472043));
#1711 = CARTESIAN_POINT('',(-5.132852278394,-39.50018472043));
#1712 = CARTESIAN_POINT('',(-1.668750663256,-39.50018472043));
#1713 = ( GEOMETRIC_REPRESENTATION_CONTEXT(2) 
PARAMETRIC_REPRESENTATION_CONTEXT() REPRESENTATION_CONTEXT('2D SPACE',''
  ) );
#1714 = PCURVE('',#1715,#1720);
#1715 = CYLINDRICAL_SURFACE('',#1716,2.);
#1716 = AXIS2_PLACEMENT_3D('',#1717,#1718,#1719);
#1717 = CARTESIAN_POINT('',(-41.5,0.,54.5));
#1718 = DIRECTION('',(-0.,1.,-0.));
#1719 = DIRECTION('',(1.,0.,0.));
#1720 = DEFINITIONAL_REPRESENTATION('',(#1721),#1725);
#1721 = LINE('',#1722,#1723);
#1722 = CARTESIAN_POINT('',(-6.28318530718,-5.670707919931E-06));
#1723 = VECTOR('',#1724,1.);
#1724 = DIRECTION('',(1.,-0.));
#1725 = ( GEOMETRIC_REPRESENTATION_CONTEXT(2) 
PARAMETRIC_REPRESENTATION_CONTEXT() REPRESENTATION_CONTEXT('2D SPACE',''
  ) );
#1726 = ADVANCED_FACE('',(#1727),#658,.F.);
#1727 = FACE_BOUND('',#1728,.F.);
#1728 = EDGE_LOOP('',(#1729,#1730,#1731,#1755));
#1729 = ORIENTED_EDGE('',*,*,#1296,.F.);
#1730 = ORIENTED_EDGE('',*,*,#628,.T.);
#1731 = ORIENTED_EDGE('',*,*,#1732,.T.);
#1732 = EDGE_CURVE('',#545,#1733,#1735,.T.);
#1733 = VERTEX_POINT('',#1734);
#1734 = CARTESIAN_POINT('',(-41.64034852392,-0.849803031101,80.7));
#1735 = SURFACE_CURVE('',#1736,(#1741,#1748),.PCURVE_S1.);
#1736 = ( BOUNDED_CURVE() B_SPLINE_CURVE(3,(#1737,#1738,#1739,#1740),
.UNSPECIFIED.,.F.,.F.) B_SPLINE_CURVE_WITH_KNOTS((4,4),(0.,1.),
.PIECEWISE_BEZIER_KNOTS.) CURVE() GEOMETRIC_REPRESENTATION_ITEM() 
RATIONAL_B_SPLINE_CURVE((1.,1.,1.,1.)) REPRESENTATION_ITEM('') );
#1737 = CARTESIAN_POINT('',(-37.79213073791,-0.771267974243,0.));
#1738 = CARTESIAN_POINT('',(22.763590509555,0.464563071624,3.));
#1739 = CARTESIAN_POINT('',(-67.71485746365,-1.381935866605,90.));
#1740 = CARTESIAN_POINT('',(-36.75,-0.75,99.));
#1741 = PCURVE('',#658,#1742);
#1742 = DEFINITIONAL_REPRESENTATION('',(#1743),#1747);
#1743 = LINE('',#1744,#1745);
#1744 = CARTESIAN_POINT('',(7.,0.));
#1745 = VECTOR('',#1746,1.);
#1746 = DIRECTION('',(0.,1.));
#1747 = ( GEOMETRIC_REPRESENTATION_CONTEXT(2) 
PARAMETRIC_REPRESENTATION_CONTEXT() REPRESENTATION_CONTEXT('2D SPACE',''
  ) );
#1748 = PCURVE('',#576,#1749);
#1749 = DEFINITIONAL_REPRESENTATION('',(#1750),#1754);
#1750 = LINE('',#1751,#1752);
#1751 = CARTESIAN_POINT('',(7.,0.));
#1752 = VECTOR('',#1753,1.);
#1753 = DIRECTION('',(0.,1.));
#1754 = ( GEOMETRIC_REPRESENTATION_CONTEXT(2) 
PARAMETRIC_REPRESENTATION_CONTEXT() REPRESENTATION_CONTEXT('2D SPACE',''
  ) );
#1755 = ORIENTED_EDGE('',*,*,#1756,.T.);
#1756 = EDGE_CURVE('',#1733,#1297,#1757,.T.);
#1757 = SURFACE_CURVE('',#1758,(#1785,#1815),.PCURVE_S1.);
#1758 = B_SPLINE_CURVE_WITH_KNOTS('',5,(#1759,#1760,#1761,#1762,#1763,
    #1764,#1765,#1766,#1767,#1768,#1769,#1770,#1771,#1772,#1773,#1774,
    #1775,#1776,#1777,#1778,#1779,#1780,#1781,#1782,#1783,#1784),
  .UNSPECIFIED.,.F.,.F.,(6,4,4,4,4,4,6),(0.,0.128778209935,
    0.229312746495,0.5,0.770687253505,0.871221790065,1.),.UNSPECIFIED.);
#1759 = CARTESIAN_POINT('',(-41.64034852392,-0.849803031101,80.7));
#1760 = CARTESIAN_POINT('',(-41.66741980826,-0.812328649643,80.7));
#1761 = CARTESIAN_POINT('',(-41.69310289397,-0.773711162177,80.7));
#1762 = CARTESIAN_POINT('',(-41.71730932488,-0.734016753956,80.7));
#1763 = CARTESIAN_POINT('',(-41.73996056536,-0.693323021802,80.7));
#1764 = CARTESIAN_POINT('',(-41.7774036924,-0.619239537901,80.7));
#1765 = CARTESIAN_POINT('',(-41.79282984586,-0.586205049175,80.7));
#1766 = CARTESIAN_POINT('',(-41.80723392159,-0.552657646822,80.7));
#1767 = CARTESIAN_POINT('',(-41.82058755016,-0.518642398756,80.7));
#1768 = CARTESIAN_POINT('',(-41.86592744788,-0.391491483968,80.7));
#1769 = CARTESIAN_POINT('',(-41.89119966843,-0.295724671043,80.7));
#1770 = CARTESIAN_POINT('',(-41.90820669695,-0.197859418138,80.7));
#1771 = CARTESIAN_POINT('',(-41.91671097198,-9.892615730962E-02,80.7));
#1772 = CARTESIAN_POINT('',(-41.91671097198,9.892615731022E-02,80.7));
#1773 = CARTESIAN_POINT('',(-41.90820669695,0.197859418139,80.7));
#1774 = CARTESIAN_POINT('',(-41.89119966843,0.295724671044,80.7));
#1775 = CARTESIAN_POINT('',(-41.86592744788,0.391491483969,80.7));
#1776 = CARTESIAN_POINT('',(-41.82058755016,0.518642398757,80.7));
#1777 = CARTESIAN_POINT('',(-41.80723392159,0.552657646823,80.7));
#1778 = CARTESIAN_POINT('',(-41.79282984586,0.586205049176,80.7));
#1779 = CARTESIAN_POINT('',(-41.7774036924,0.619239537902,80.7));
#1780 = CARTESIAN_POINT('',(-41.73996056536,0.693323021803,80.7));
#1781 = CARTESIAN_POINT('',(-41.71730932488,0.734016753956,80.7));
#1782 = CARTESIAN_POINT('',(-41.69310289397,0.773711162177,80.7));
#1783 = CARTESIAN_POINT('',(-41.66741980826,0.812328649643,80.7));
#1784 = CARTESIAN_POINT('',(-41.64034852392,0.849803031101,80.7));
#1785 = PCURVE('',#658,#1786);
#1786 = DEFINITIONAL_REPRESENTATION('',(#1787),#1814);
#1787 = B_SPLINE_CURVE_WITH_KNOTS('',5,(#1788,#1789,#1790,#1791,#1792,
    #1793,#1794,#1795,#1796,#1797,#1798,#1799,#1800,#1801,#1802,#1803,
    #1804,#1805,#1806,#1807,#1808,#1809,#1810,#1811,#1812,#1813),
  .UNSPECIFIED.,.F.,.F.,(6,4,4,4,4,4,6),(0.,0.128778209935,
    0.229312746495,0.5,0.770687253505,0.871221790065,1.),.UNSPECIFIED.);
#1788 = CARTESIAN_POINT('',(7.,0.754808530097));
#1789 = CARTESIAN_POINT('',(6.97324312237,0.754808530097));
#1790 = CARTESIAN_POINT('',(6.946682178402,0.754808530097));
#1791 = CARTESIAN_POINT('',(6.920299626593,0.754808530097));
#1792 = CARTESIAN_POINT('',(6.894078018751,0.754808530097));
#1793 = CARTESIAN_POINT('',(6.847641419687,0.754808530097));
#1794 = CARTESIAN_POINT('',(6.827370320341,0.754808530097));
#1795 = CARTESIAN_POINT('',(6.807178457126,0.754808530097));
#1796 = CARTESIAN_POINT('',(6.787057693256,0.754808530097));
#1797 = CARTESIAN_POINT('',(6.712995057172,0.754808530097));
#1798 = CARTESIAN_POINT('',(6.659443526936,0.754808530097));
#1799 = CARTESIAN_POINT('',(6.606199357817,0.754808530097));
#1800 = CARTESIAN_POINT('',(6.553097715408,0.754808530097));
#1801 = CARTESIAN_POINT('',(6.446902284592,0.754808530097));
#1802 = CARTESIAN_POINT('',(6.393800642183,0.754808530097));
#1803 = CARTESIAN_POINT('',(6.340556473063,0.754808530097));
#1804 = CARTESIAN_POINT('',(6.287004942827,0.754808530097));
#1805 = CARTESIAN_POINT('',(6.212942306744,0.754808530097));
#1806 = CARTESIAN_POINT('',(6.192821542874,0.754808530097));
#1807 = CARTESIAN_POINT('',(6.172629679659,0.754808530097));
#1808 = CARTESIAN_POINT('',(6.152358580313,0.754808530097));
#1809 = CARTESIAN_POINT('',(6.105921981248,0.754808530097));
#1810 = CARTESIAN_POINT('',(6.079700373407,0.754808530097));
#1811 = CARTESIAN_POINT('',(6.053317821598,0.754808530097));
#1812 = CARTESIAN_POINT('',(6.02675687763,0.754808530097));
#1813 = CARTESIAN_POINT('',(6.,0.754808530097));
#1814 = ( GEOMETRIC_REPRESENTATION_CONTEXT(2) 
PARAMETRIC_REPRESENTATION_CONTEXT() REPRESENTATION_CONTEXT('2D SPACE',''
  ) );
#1815 = PCURVE('',#776,#1816);
#1816 = DEFINITIONAL_REPRESENTATION('',(#1817),#1844);
#1817 = B_SPLINE_CURVE_WITH_KNOTS('',5,(#1818,#1819,#1820,#1821,#1822,
    #1823,#1824,#1825,#1826,#1827,#1828,#1829,#1830,#1831,#1832,#1833,
    #1834,#1835,#1836,#1837,#1838,#1839,#1840,#1841,#1842,#1843),
  .UNSPECIFIED.,.F.,.F.,(6,4,4,4,4,4,6),(0.,0.128778209935,
    0.229312746495,0.5,0.770687253505,0.871221790065,1.),.UNSPECIFIED.);
#1818 = CARTESIAN_POINT('',(-41.64034852392,-0.849803031101));
#1819 = CARTESIAN_POINT('',(-41.66741980826,-0.812328649643));
#1820 = CARTESIAN_POINT('',(-41.69310289397,-0.773711162177));
#1821 = CARTESIAN_POINT('',(-41.71730932488,-0.734016753956));
#1822 = CARTESIAN_POINT('',(-41.73996056536,-0.693323021802));
#1823 = CARTESIAN_POINT('',(-41.7774036924,-0.619239537901));
#1824 = CARTESIAN_POINT('',(-41.79282984586,-0.586205049175));
#1825 = CARTESIAN_POINT('',(-41.80723392159,-0.552657646822));
#1826 = CARTESIAN_POINT('',(-41.82058755016,-0.518642398756));
#1827 = CARTESIAN_POINT('',(-41.86592744788,-0.391491483968));
#1828 = CARTESIAN_POINT('',(-41.89119966843,-0.295724671043));
#1829 = CARTESIAN_POINT('',(-41.90820669695,-0.197859418138));
#1830 = CARTESIAN_POINT('',(-41.91671097198,-9.892615730963E-02));
#1831 = CARTESIAN_POINT('',(-41.91671097198,9.892615731022E-02));
#1832 = CARTESIAN_POINT('',(-41.90820669695,0.197859418139));
#1833 = CARTESIAN_POINT('',(-41.89119966843,0.295724671044));
#1834 = CARTESIAN_POINT('',(-41.86592744788,0.391491483969));
#1835 = CARTESIAN_POINT('',(-41.82058755016,0.518642398757));
#1836 = CARTESIAN_POINT('',(-41.80723392159,0.552657646823));
#1837 = CARTESIAN_POINT('',(-41.79282984586,0.586205049176));
#1838 = CARTESIAN_POINT('',(-41.7774036924,0.619239537902));
#1839 = CARTESIAN_POINT('',(-41.73996056536,0.693323021803));
#1840 = CARTESIAN_POINT('',(-41.71730932488,0.734016753956));
#1841 = CARTESIAN_POINT('',(-41.69310289397,0.773711162177));
#1842 = CARTESIAN_POINT('',(-41.66741980826,0.812328649643));
#1843 = CARTESIAN_POINT('',(-41.64034852392,0.849803031101));
#1844 = ( GEOMETRIC_REPRESENTATION_CONTEXT(2) 
PARAMETRIC_REPRESENTATION_CONTEXT() REPRESENTATION_CONTEXT('2D SPACE',''
  ) );
#1845 = ADVANCED_FACE('',(#1846),#576,.F.);
#1846 = FACE_BOUND('',#1847,.F.);
#1847 = EDGE_LOOP('',(#1848,#1849,#1850,#1874,#1918,#1987,#2138));
#1848 = ORIENTED_EDGE('',*,*,#1732,.F.);
#1849 = ORIENTED_EDGE('',*,*,#544,.T.);
#1850 = ORIENTED_EDGE('',*,*,#1851,.T.);
#1851 = EDGE_CURVE('',#461,#1852,#1854,.T.);
#1852 = VERTEX_POINT('',#1853);
#1853 = CARTESIAN_POINT('',(-15.32142857142,-0.75,99.));
#1854 = SURFACE_CURVE('',#1855,(#1860,#1867),.PCURVE_S1.);
#1855 = ( BOUNDED_CURVE() B_SPLINE_CURVE(3,(#1856,#1857,#1858,#1859),
.UNSPECIFIED.,.F.,.F.) B_SPLINE_CURVE_WITH_KNOTS((4,4),(0.,1.),
.PIECEWISE_BEZIER_KNOTS.) CURVE() GEOMETRIC_REPRESENTATION_ITEM() 
RATIONAL_B_SPLINE_CURVE((1.,1.,1.,1.)) REPRESENTATION_ITEM('') );
#1856 = CARTESIAN_POINT('',(-37.75479294966,-1.848136717816,0.));
#1857 = CARTESIAN_POINT('',(27.663297928827,1.354147451061,3.));
#1858 = CARTESIAN_POINT('',(-80.90863050432,-3.960562332379,90.));
#1859 = CARTESIAN_POINT('',(-15.32142857142,-0.75,99.));
#1860 = PCURVE('',#576,#1861);
#1861 = DEFINITIONAL_REPRESENTATION('',(#1862),#1866);
#1862 = LINE('',#1863,#1864);
#1863 = CARTESIAN_POINT('',(8.,0.));
#1864 = VECTOR('',#1865,1.);
#1865 = DIRECTION('',(0.,1.));
#1866 = ( GEOMETRIC_REPRESENTATION_CONTEXT(2) 
PARAMETRIC_REPRESENTATION_CONTEXT() REPRESENTATION_CONTEXT('2D SPACE',''
  ) );
#1867 = PCURVE('',#492,#1868);
#1868 = DEFINITIONAL_REPRESENTATION('',(#1869),#1873);
#1869 = LINE('',#1870,#1871);
#1870 = CARTESIAN_POINT('',(8.,0.));
#1871 = VECTOR('',#1872,1.);
#1872 = DIRECTION('',(0.,1.));
#1873 = ( GEOMETRIC_REPRESENTATION_CONTEXT(2) 
PARAMETRIC_REPRESENTATION_CONTEXT() REPRESENTATION_CONTEXT('2D SPACE',''
  ) );
#1874 = ORIENTED_EDGE('',*,*,#1875,.F.);
#1875 = EDGE_CURVE('',#1876,#1852,#1878,.T.);
#1876 = VERTEX_POINT('',#1877);
#1877 = CARTESIAN_POINT('',(-36.75,-0.75,99.));
#1878 = SURFACE_CURVE('',#1879,(#1891,#1898),.PCURVE_S1.);
#1879 = B_SPLINE_CURVE_WITH_KNOTS('',10,(#1880,#1881,#1882,#1883,#1884,
    #1885,#1886,#1887,#1888,#1889,#1890),.UNSPECIFIED.,.F.,.F.,(11,11),(
    7.,8.),.PIECEWISE_BEZIER_KNOTS.);
#1880 = CARTESIAN_POINT('',(-36.75,-0.75,99.));
#1881 = CARTESIAN_POINT('',(-34.60714285714,-0.75,99.));
#1882 = CARTESIAN_POINT('',(-32.46428571428,-0.75,99.));
#1883 = CARTESIAN_POINT('',(-30.32142857142,-0.75,99.));
#1884 = CARTESIAN_POINT('',(-28.17857142857,-0.75,99.));
#1885 = CARTESIAN_POINT('',(-26.03571428571,-0.75,99.));
#1886 = CARTESIAN_POINT('',(-23.89285714285,-0.75,99.));
#1887 = CARTESIAN_POINT('',(-21.74999999999,-0.75,99.));
#1888 = CARTESIAN_POINT('',(-19.60714285714,-0.75,99.));
#1889 = CARTESIAN_POINT('',(-17.46428571428,-0.75,99.));
#1890 = CARTESIAN_POINT('',(-15.32142857142,-0.75,99.));
#1891 = PCURVE('',#576,#1892);
#1892 = DEFINITIONAL_REPRESENTATION('',(#1893),#1897);
#1893 = LINE('',#1894,#1895);
#1894 = CARTESIAN_POINT('',(0.,1.));
#1895 = VECTOR('',#1896,1.);
#1896 = DIRECTION('',(1.,0.));
#1897 = ( GEOMETRIC_REPRESENTATION_CONTEXT(2) 
PARAMETRIC_REPRESENTATION_CONTEXT() REPRESENTATION_CONTEXT('2D SPACE',''
  ) );
#1898 = PCURVE('',#1899,#1904);
#1899 = PLANE('',#1900);
#1900 = AXIS2_PLACEMENT_3D('',#1901,#1902,#1903);
#1901 = CARTESIAN_POINT('',(36.75,-0.75,99.));
#1902 = DIRECTION('',(0.,-1.,0.));
#1903 = DIRECTION('',(-1.,0.,0.));
#1904 = DEFINITIONAL_REPRESENTATION('',(#1905),#1917);
#1905 = B_SPLINE_CURVE_WITH_KNOTS('',10,(#1906,#1907,#1908,#1909,#1910,
    #1911,#1912,#1913,#1914,#1915,#1916),.UNSPECIFIED.,.F.,.F.,(11,11),(
    7.,8.),.PIECEWISE_BEZIER_KNOTS.);
#1906 = CARTESIAN_POINT('',(73.5,0.));
#1907 = CARTESIAN_POINT('',(71.357142857143,0.));
#1908 = CARTESIAN_POINT('',(69.214285714285,0.));
#1909 = CARTESIAN_POINT('',(67.071428571428,0.));
#1910 = CARTESIAN_POINT('',(64.928571428571,0.));
#1911 = CARTESIAN_POINT('',(62.785714285713,0.));
#1912 = CARTESIAN_POINT('',(60.642857142856,0.));
#1913 = CARTESIAN_POINT('',(58.499999999999,0.));
#1914 = CARTESIAN_POINT('',(56.357142857141,0.));
#1915 = CARTESIAN_POINT('',(54.214285714284,0.));
#1916 = CARTESIAN_POINT('',(52.071428571426,0.));
#1917 = ( GEOMETRIC_REPRESENTATION_CONTEXT(2) 
PARAMETRIC_REPRESENTATION_CONTEXT() REPRESENTATION_CONTEXT('2D SPACE',''
  ) );
#1918 = ORIENTED_EDGE('',*,*,#1919,.F.);
#1919 = EDGE_CURVE('',#1920,#1876,#1922,.T.);
#1920 = VERTEX_POINT('',#1921);
#1921 = CARTESIAN_POINT('',(-39.74172478392,-0.811055607835,
    97.662934369644));
#1922 = SURFACE_CURVE('',#1923,(#1928,#1935),.PCURVE_S1.);
#1923 = ( BOUNDED_CURVE() B_SPLINE_CURVE(3,(#1924,#1925,#1926,#1927),
.UNSPECIFIED.,.F.,.F.) B_SPLINE_CURVE_WITH_KNOTS((4,4),(0.,1.),
.PIECEWISE_BEZIER_KNOTS.) CURVE() GEOMETRIC_REPRESENTATION_ITEM() 
RATIONAL_B_SPLINE_CURVE((1.,1.,1.,1.)) REPRESENTATION_ITEM('') );
#1924 = CARTESIAN_POINT('',(-37.79213073791,-0.771267974243,0.));
#1925 = CARTESIAN_POINT('',(22.763590509555,0.464563071624,3.));
#1926 = CARTESIAN_POINT('',(-67.71485746365,-1.381935866605,90.));
#1927 = CARTESIAN_POINT('',(-36.75,-0.75,99.));
#1928 = PCURVE('',#576,#1929);
#1929 = DEFINITIONAL_REPRESENTATION('',(#1930),#1934);
#1930 = LINE('',#1931,#1932);
#1931 = CARTESIAN_POINT('',(7.,0.));
#1932 = VECTOR('',#1933,1.);
#1933 = DIRECTION('',(0.,1.));
#1934 = ( GEOMETRIC_REPRESENTATION_CONTEXT(2) 
PARAMETRIC_REPRESENTATION_CONTEXT() REPRESENTATION_CONTEXT('2D SPACE',''
  ) );
#1935 = PCURVE('',#1936,#1981);
#1936 = ( BOUNDED_SURFACE() B_SPLINE_SURFACE(10,3,(
    (#1937,#1938,#1939,#1940)
    ,(#1941,#1942,#1943,#1944)
    ,(#1945,#1946,#1947,#1948)
    ,(#1949,#1950,#1951,#1952)
    ,(#1953,#1954,#1955,#1956)
    ,(#1957,#1958,#1959,#1960)
    ,(#1961,#1962,#1963,#1964)
    ,(#1965,#1966,#1967,#1968)
    ,(#1969,#1970,#1971,#1972)
    ,(#1973,#1974,#1975,#1976)
    ,(#1977,#1978,#1979,#1980
)),.UNSPECIFIED.,.F.,.F.,.F.) B_SPLINE_SURFACE_WITH_KNOTS((11,11),(4,4),
  (6.,7.),(0.,1.),.PIECEWISE_BEZIER_KNOTS.) 
GEOMETRIC_REPRESENTATION_ITEM() RATIONAL_B_SPLINE_SURFACE((
    (1.,1.,1.,1.)
    ,(1.,1.,1.,1.)
    ,(1.,1.,1.,1.)
    ,(1.,1.,1.,1.)
    ,(1.,1.,1.,1.)
    ,(1.,1.,1.,1.)
    ,(1.,1.,1.,1.)
    ,(1.,1.,1.,1.)
    ,(1.,1.,1.,1.)
    ,(1.,1.,1.,1.)
,(1.,1.,1.,1.))) REPRESENTATION_ITEM('') SURFACE() );
#1937 = CARTESIAN_POINT('',(-37.79213073791,0.771267974243,0.));
#1938 = CARTESIAN_POINT('',(22.763590509555,-0.464563071624,3.));
#1939 = CARTESIAN_POINT('',(-67.71485746365,1.381935866605,90.));
#1940 = CARTESIAN_POINT('',(-36.75,0.75,99.));
#1941 = CARTESIAN_POINT('',(-37.79527833353,0.617035789232,0.));
#1942 = CARTESIAN_POINT('',(22.777842712702,-0.337077857202,3.));
#1943 = CARTESIAN_POINT('',(-67.71901588225,1.011754409159,90.));
#1944 = CARTESIAN_POINT('',(-36.98561944901,0.75,99.));
#1945 = CARTESIAN_POINT('',(-37.79772656053,0.462789330996,0.));
#1946 = CARTESIAN_POINT('',(22.773037933434,-0.226865742579,3.));
#1947 = CARTESIAN_POINT('',(-67.68174843734,0.689592953924,90.));
#1948 = CARTESIAN_POINT('',(-37.22124107155,0.667753520049,99.));
#1949 = CARTESIAN_POINT('',(-37.79947534612,0.308532167841,0.));
#1950 = CARTESIAN_POINT('',(22.758790589105,-0.13628483069,3.));
#1951 = CARTESIAN_POINT('',(-67.62766603524,0.420226532402,90.));
#1952 = CARTESIAN_POINT('',(-37.42455043143,0.503258522416,99.));
#1953 = CARTESIAN_POINT('',(-37.80052463827,0.154267868074,0.));
#1954 = CARTESIAN_POINT('',(22.744998603816,-6.301040528433E-02,3.));
#1955 = CARTESIAN_POINT('',(-67.58193558956,0.196646767552,90.));
#1956 = CARTESIAN_POINT('',(-37.56330541722,0.271019590411,99.));
#1957 = CARTESIAN_POINT('',(-37.80087440579,4.640732242933E-15,0.));
#1958 = CARTESIAN_POINT('',(22.73941830552,-7.367948843632E-15,3.));
#1959 = CARTESIAN_POINT('',(-67.56420577698,5.591938948927E-15,90.));
#1960 = CARTESIAN_POINT('',(-37.61268047281,-3.863576125696E-15,99.));
#1961 = CARTESIAN_POINT('',(-37.80052463827,-0.154267868074,0.));
#1962 = CARTESIAN_POINT('',(22.744998603815,6.301040528432E-02,3.));
#1963 = CARTESIAN_POINT('',(-67.58193558956,-0.196646767552,90.));
#1964 = CARTESIAN_POINT('',(-37.56330541722,-0.271019590411,99.));
#1965 = CARTESIAN_POINT('',(-37.79947534612,-0.308532167841,0.));
#1966 = CARTESIAN_POINT('',(22.758790589106,0.13628483069,3.));
#1967 = CARTESIAN_POINT('',(-67.62766603525,-0.420226532402,90.));
#1968 = CARTESIAN_POINT('',(-37.42455043143,-0.503258522416,99.));
#1969 = CARTESIAN_POINT('',(-37.79772656053,-0.462789330996,0.));
#1970 = CARTESIAN_POINT('',(22.773037933433,0.226865742579,3.));
#1971 = CARTESIAN_POINT('',(-67.68174843734,-0.689592953924,90.));
#1972 = CARTESIAN_POINT('',(-37.22124107156,-0.667753520049,99.));
#1973 = CARTESIAN_POINT('',(-37.79527833353,-0.617035789232,0.));
#1974 = CARTESIAN_POINT('',(22.777842712702,0.337077857202,3.));
#1975 = CARTESIAN_POINT('',(-67.71901588225,-1.011754409159,90.));
#1976 = CARTESIAN_POINT('',(-36.98561944901,-0.75,99.));
#1977 = CARTESIAN_POINT('',(-37.79213073791,-0.771267974243,0.));
#1978 = CARTESIAN_POINT('',(22.763590509555,0.464563071624,3.));
#1979 = CARTESIAN_POINT('',(-67.71485746365,-1.381935866605,90.));
#1980 = CARTESIAN_POINT('',(-36.75,-0.75,99.));
#1981 = DEFINITIONAL_REPRESENTATION('',(#1982),#1986);
#1982 = LINE('',#1983,#1984);
#1983 = CARTESIAN_POINT('',(7.,0.));
#1984 = VECTOR('',#1985,1.);
#1985 = DIRECTION('',(0.,1.));
#1986 = ( GEOMETRIC_REPRESENTATION_CONTEXT(2) 
PARAMETRIC_REPRESENTATION_CONTEXT() REPRESENTATION_CONTEXT('2D SPACE',''
  ) );
#1987 = ORIENTED_EDGE('',*,*,#1988,.T.);
#1988 = EDGE_CURVE('',#1920,#1989,#1991,.T.);
#1989 = VERTEX_POINT('',#1990);
#1990 = CARTESIAN_POINT('',(-39.71975111122,-1.550442408501,80.7));
#1991 = SURFACE_CURVE('',#1992,(#2037,#2085),.PCURVE_S1.);
#1992 = B_SPLINE_CURVE_WITH_KNOTS('',8,(#1993,#1994,#1995,#1996,#1997,
    #1998,#1999,#2000,#2001,#2002,#2003,#2004,#2005,#2006,#2007,#2008,
    #2009,#2010,#2011,#2012,#2013,#2014,#2015,#2016,#2017,#2018,#2019,
    #2020,#2021,#2022,#2023,#2024,#2025,#2026,#2027,#2028,#2029,#2030,
    #2031,#2032,#2033,#2034,#2035,#2036),.UNSPECIFIED.,.F.,.F.,(9,7,7,7,
    7,7,9),(0.,8.42991445425E-02,0.154554880657,0.382580742372,
    0.554272563328,0.940599274487,1.),.UNSPECIFIED.);
#1993 = CARTESIAN_POINT('',(-39.74172478392,-0.811055607835,
    97.662934369643));
#1994 = CARTESIAN_POINT('',(-39.74145280021,-0.824382809442,
    97.484559399746));
#1995 = CARTESIAN_POINT('',(-39.74115866287,-0.838545125671,
    97.306187130397));
#1996 = CARTESIAN_POINT('',(-39.74084582613,-0.853318506468,
    97.127815651472));
#1997 = CARTESIAN_POINT('',(-39.74051669848,-0.868548687958,
    96.949443750324));
#1998 = CARTESIAN_POINT('',(-39.74017312644,-0.884122327567,
    96.771070283803));
#1999 = CARTESIAN_POINT('',(-39.73981669478,-0.899948512249,
    96.59269376723));
#2000 = CARTESIAN_POINT('',(-39.73944884317,-0.915950639796,
    96.414312180309));
#2001 = CARTESIAN_POINT('',(-39.73875573373,-0.945501600859,
    96.087251684393));
#2002 = CARTESIAN_POINT('',(-39.73843359651,-0.959014622292,
    95.938575810453));
#2003 = CARTESIAN_POINT('',(-39.73810511148,-0.972572366552,
    95.789894494904));
#2004 = CARTESIAN_POINT('',(-39.73777094519,-0.986144927663,
    95.641206999458));
#2005 = CARTESIAN_POINT('',(-39.73743171657,-0.999706967418,
    95.492512694451));
#2006 = CARTESIAN_POINT('',(-39.73708800661,-1.013236818119,
    95.343811032496));
#2007 = CARTESIAN_POINT('',(-39.73674036802,-1.026715585315,
    95.195101522122));
#2008 = CARTESIAN_POINT('',(-39.735250003,-1.083652639476,
    94.563697004334));
#2009 = CARTESIAN_POINT('',(-39.73407490779,-1.126462044338,
    94.08092337653));
#2010 = CARTESIAN_POINT('',(-39.73288216063,-1.167983471657,
    93.598048274448));
#2011 = CARTESIAN_POINT('',(-39.73168733795,-1.207889076103,
    93.11506561963));
#2012 = CARTESIAN_POINT('',(-39.73050438882,-1.245957842745,
    92.631973782985));
#2013 = CARTESIAN_POINT('',(-39.72934565052,-1.282034399082,
    92.148774350797));
#2014 = CARTESIAN_POINT('',(-39.72822167822,-1.316023138077,
    91.66547189497));
#2015 = CARTESIAN_POINT('',(-39.72632834645,-1.371827732287,
    90.818098282864));
#2016 = CARTESIAN_POINT('',(-39.72553997191,-1.394576546273,
    90.454068320831));
#2017 = CARTESIAN_POINT('',(-39.72478037028,-1.416077022163,
    90.089985473573));
#2018 = CARTESIAN_POINT('',(-39.72405292719,-1.436312554291,
    89.72585246471));
#2019 = CARTESIAN_POINT('',(-39.72336058257,-1.455274373074,
    89.361672281114));
#2020 = CARTESIAN_POINT('',(-39.72270589876,-1.472958733473,
    88.997448102192));
#2021 = CARTESIAN_POINT('',(-39.72209112872,-1.489364103454,
    88.63318322919));
#2022 = CARTESIAN_POINT('',(-39.72022931672,-1.538519684492,
    87.44915835271));
#2023 = CARTESIAN_POINT('',(-39.71915270759,-1.566062965763,
    86.629287524403));
#2024 = CARTESIAN_POINT('',(-39.71831147915,-1.587100881684,
    85.809261131367));
#2025 = CARTESIAN_POINT('',(-39.71772322953,-1.601592006447,
    84.989099681531));
#2026 = CARTESIAN_POINT('',(-39.7174064161,-1.609356014971,
    84.168850125854));
#2027 = CARTESIAN_POINT('',(-39.71738846031,-1.609798056083,
    83.348585565164));
#2028 = CARTESIAN_POINT('',(-39.71771967087,-1.601755142798,
    82.528403750617));
#2029 = CARTESIAN_POINT('',(-39.71860955745,-1.579418784552,
    81.582346008496));
#2030 = CARTESIAN_POINT('',(-39.7187385533,-1.576174555452,
    81.456273351873));
#2031 = CARTESIAN_POINT('',(-39.71887828238,-1.572652481237,
    81.330206918092));
#2032 = CARTESIAN_POINT('',(-39.71902909697,-1.568841338488,
    81.204147488081));
#2033 = CARTESIAN_POINT('',(-39.71919137308,-1.564728862158,
    81.078095954632));
#2034 = CARTESIAN_POINT('',(-39.71936551164,-1.560301613547,
    80.952053325281));
#2035 = CARTESIAN_POINT('',(-39.71955193981,-1.555544848266,
    80.826020725184));
#2036 = CARTESIAN_POINT('',(-39.71975111217,-1.550442384208,80.6999994)
  );
#2037 = PCURVE('',#576,#2038);
#2038 = DEFINITIONAL_REPRESENTATION('',(#2039),#2084);
#2039 = B_SPLINE_CURVE_WITH_KNOTS('',8,(#2040,#2041,#2042,#2043,#2044,
    #2045,#2046,#2047,#2048,#2049,#2050,#2051,#2052,#2053,#2054,#2055,
    #2056,#2057,#2058,#2059,#2060,#2061,#2062,#2063,#2064,#2065,#2066,
    #2067,#2068,#2069,#2070,#2071,#2072,#2073,#2074,#2075,#2076,#2077,
    #2078,#2079,#2080,#2081,#2082,#2083),.UNSPECIFIED.,.F.,.F.,(9,7,7,7,
    7,7,9),(0.,8.42991445425E-02,0.154554880657,0.382580742372,
    0.554272563328,0.940599274487,1.),.UNSPECIFIED.);
#2040 = CARTESIAN_POINT('',(7.,0.962407805286));
#2041 = CARTESIAN_POINT('',(7.015468833766,0.95834518131));
#2042 = CARTESIAN_POINT('',(7.030305959865,0.954467912055));
#2043 = CARTESIAN_POINT('',(7.044610583739,0.950744419032));
#2044 = CARTESIAN_POINT('',(7.058450103613,0.947153035267));
#2045 = CARTESIAN_POINT('',(7.071873363864,0.943677876564));
#2046 = CARTESIAN_POINT('',(7.084919141156,0.940306196766));
#2047 = CARTESIAN_POINT('',(7.097619863317,0.93702722701));
#2048 = CARTESIAN_POINT('',(7.120318756154,0.931169981195));
#2049 = CARTESIAN_POINT('',(7.130414780411,0.928565938722));
#2050 = CARTESIAN_POINT('',(7.140303342248,0.92601539933));
#2051 = CARTESIAN_POINT('',(7.149996698804,0.92351415149));
#2052 = CARTESIAN_POINT('',(7.159505066027,0.921058615906));
#2053 = CARTESIAN_POINT('',(7.16883702885,0.918645717071));
#2054 = CARTESIAN_POINT('',(7.177999951378,0.916272754812));
#2055 = CARTESIAN_POINT('',(7.216212693637,0.906357117527));
#2056 = CARTESIAN_POINT('',(7.2437130636,0.899171896256));
#2057 = CARTESIAN_POINT('',(7.269720450783,0.892299323345));
#2058 = CARTESIAN_POINT('',(7.294347284059,0.885689656745));
#2059 = CARTESIAN_POINT('',(7.317660985614,0.879306308502));
#2060 = CARTESIAN_POINT('',(7.339701258448,0.873120232731));
#2061 = CARTESIAN_POINT('',(7.360480555641,0.867109515737));
#2062 = CARTESIAN_POINT('',(7.39468863169,0.856847882841));
#2063 = CARTESIAN_POINT('',(7.408665150766,0.852529059814));
#2064 = CARTESIAN_POINT('',(7.421922516773,0.848291363065));
#2065 = CARTESIAN_POINT('',(7.434453048419,0.844128227369));
#2066 = CARTESIAN_POINT('',(7.446243858508,0.840034077553));
#2067 = CARTESIAN_POINT('',(7.457277144928,0.836004126064));
#2068 = CARTESIAN_POINT('',(7.467530481629,0.832034170526));
#2069 = CARTESIAN_POINT('',(7.498233129242,0.819313929553));
#2070 = CARTESIAN_POINT('',(7.515403181129,0.810792424141));
#2071 = CARTESIAN_POINT('',(7.528182453442,0.802512484939));
#2072 = CARTESIAN_POINT('',(7.536138097357,0.794443303561));
#2073 = CARTESIAN_POINT('',(7.538717739656,0.786560598459));
#2074 = CARTESIAN_POINT('',(7.535171250521,0.778845045557));
#2075 = CARTESIAN_POINT('',(7.524553164101,0.771280708721));
#2076 = CARTESIAN_POINT('',(7.50240780623,0.76271246978));
#2077 = CARTESIAN_POINT('',(7.499253828389,0.761573875442));
#2078 = CARTESIAN_POINT('',(7.495891644518,0.760438503511));
#2079 = CARTESIAN_POINT('',(7.492315481712,0.75930631018));
#2080 = CARTESIAN_POINT('',(7.488519220213,0.758177253904));
#2081 = CARTESIAN_POINT('',(7.484496347478,0.757051295346));
#2082 = CARTESIAN_POINT('',(7.480239912258,0.755928397327));
#2083 = CARTESIAN_POINT('',(7.475742478673,0.754808524765));
#2084 = ( GEOMETRIC_REPRESENTATION_CONTEXT(2) 
PARAMETRIC_REPRESENTATION_CONTEXT() REPRESENTATION_CONTEXT('2D SPACE',''
  ) );
#2085 = PCURVE('',#2086,#2091);
#2086 = CYLINDRICAL_SURFACE('',#2087,39.75);
#2087 = AXIS2_PLACEMENT_3D('',#2088,#2089,#2090);
#2088 = CARTESIAN_POINT('',(0.,0.,80.7));
#2089 = DIRECTION('',(-0.,-0.,-1.));
#2090 = DIRECTION('',(1.,0.,0.));
#2091 = DEFINITIONAL_REPRESENTATION('',(#2092),#2137);
#2092 = B_SPLINE_CURVE_WITH_KNOTS('',8,(#2093,#2094,#2095,#2096,#2097,
    #2098,#2099,#2100,#2101,#2102,#2103,#2104,#2105,#2106,#2107,#2108,
    #2109,#2110,#2111,#2112,#2113,#2114,#2115,#2116,#2117,#2118,#2119,
    #2120,#2121,#2122,#2123,#2124,#2125,#2126,#2127,#2128,#2129,#2130,
    #2131,#2132,#2133,#2134,#2135,#2136),.UNSPECIFIED.,.F.,.F.,(9,7,7,7,
    7,7,9),(0.,8.42991445425E-02,0.154554880657,0.382580742372,
    0.554272563328,0.940599274487,1.),.UNSPECIFIED.);
#2093 = CARTESIAN_POINT('',(-3.161997984276,-16.96293436964));
#2094 = CARTESIAN_POINT('',(-3.162333329601,-16.78455939974));
#2095 = CARTESIAN_POINT('',(-3.162689691097,-16.60618713039));
#2096 = CARTESIAN_POINT('',(-3.163061431742,-16.42781565147));
#2097 = CARTESIAN_POINT('',(-3.163444670343,-16.24944375032));
#2098 = CARTESIAN_POINT('',(-3.163836555266,-16.0710702838));
#2099 = CARTESIAN_POINT('',(-3.164234799167,-15.89269376723));
#2100 = CARTESIAN_POINT('',(-3.164637474721,-15.7143121803));
#2101 = CARTESIAN_POINT('',(-3.165381099583,-15.38725168439));
#2102 = CARTESIAN_POINT('',(-3.165721146366,-15.23857581045));
#2103 = CARTESIAN_POINT('',(-3.166062321745,-15.0898944949));
#2104 = CARTESIAN_POINT('',(-3.166403873245,-14.94120699945));
#2105 = CARTESIAN_POINT('',(-3.166745163298,-14.79251269445));
#2106 = CARTESIAN_POINT('',(-3.16708564667,-14.64381103249));
#2107 = CARTESIAN_POINT('',(-3.167424847891,-14.49510152212));
#2108 = CARTESIAN_POINT('',(-3.168857717236,-13.86369700433));
#2109 = CARTESIAN_POINT('',(-3.169935088179,-13.38092337653));
#2110 = CARTESIAN_POINT('',(-3.170980081893,-12.89804827444));
#2111 = CARTESIAN_POINT('',(-3.171984444975,-12.41506561963));
#2112 = CARTESIAN_POINT('',(-3.172942610977,-11.93197378298));
#2113 = CARTESIAN_POINT('',(-3.173850664617,-11.44877435079));
#2114 = CARTESIAN_POINT('',(-3.174706194322,-10.96547189497));
#2115 = CARTESIAN_POINT('',(-3.176110891261,-10.11809828286));
#2116 = CARTESIAN_POINT('',(-3.176683531882,-9.754068320831));
#2117 = CARTESIAN_POINT('',(-3.177224761621,-9.389985473573));
#2118 = CARTESIAN_POINT('',(-3.177734160268,-9.02585246471));
#2119 = CARTESIAN_POINT('',(-3.178211504897,-8.661672281114));
#2120 = CARTESIAN_POINT('',(-3.178656699149,-8.297448102192));
#2121 = CARTESIAN_POINT('',(-3.179069702506,-7.93318322919));
#2122 = CARTESIAN_POINT('',(-3.180307207596,-6.74915835271));
#2123 = CARTESIAN_POINT('',(-3.181000648959,-5.929287524403));
#2124 = CARTESIAN_POINT('',(-3.181530327446,-5.109261131368));
#2125 = CARTESIAN_POINT('',(-3.181895184248,-4.289099681529));
#2126 = CARTESIAN_POINT('',(-3.182090667878,-3.468850125855));
#2127 = CARTESIAN_POINT('',(-3.182101797435,-2.648585565163));
#2128 = CARTESIAN_POINT('',(-3.181899288678,-1.828403750617));
#2129 = CARTESIAN_POINT('',(-3.181336921939,-0.882346008496));
#2130 = CARTESIAN_POINT('',(-3.181255241621,-0.756273351873));
#2131 = CARTESIAN_POINT('',(-3.181166566281,-0.630206918092));
#2132 = CARTESIAN_POINT('',(-3.181070613436,-0.504147488081));
#2133 = CARTESIAN_POINT('',(-3.1809670744,-0.378095954632));
#2134 = CARTESIAN_POINT('',(-3.180855610955,-0.252053325281));
#2135 = CARTESIAN_POINT('',(-3.180735852035,-0.126020725184));
#2136 = CARTESIAN_POINT('',(-3.180607390402,5.999999999062E-07));
#2137 = ( GEOMETRIC_REPRESENTATION_CONTEXT(2) 
PARAMETRIC_REPRESENTATION_CONTEXT() REPRESENTATION_CONTEXT('2D SPACE',''
  ) );
#2138 = ORIENTED_EDGE('',*,*,#2139,.T.);
#2139 = EDGE_CURVE('',#1989,#1733,#2140,.T.);
#2140 = SURFACE_CURVE('',#2141,(#2160,#2182),.PCURVE_S1.);
#2141 = B_SPLINE_CURVE_WITH_KNOTS('',5,(#2142,#2143,#2144,#2145,#2146,
    #2147,#2148,#2149,#2150,#2151,#2152,#2153,#2154,#2155,#2156,#2157,
    #2158,#2159),.UNSPECIFIED.,.F.,.F.,(6,4,4,4,6),(0.,0.262376538977,
    0.519606231967,0.766974349946,1.),.UNSPECIFIED.);
#2142 = CARTESIAN_POINT('',(-37.28689051383,-1.825232402775,80.7));
#2143 = CARTESIAN_POINT('',(-37.52377999663,-1.828457994457,80.7));
#2144 = CARTESIAN_POINT('',(-37.76076367599,-1.824511707387,80.7));
#2145 = CARTESIAN_POINT('',(-37.99753704222,-1.813389846244,80.7));
#2146 = CARTESIAN_POINT('',(-38.23379312733,-1.795093975378,80.7));
#2147 = CARTESIAN_POINT('',(-38.70003049666,-1.744669177465,80.7));
#2148 = CARTESIAN_POINT('',(-38.93004325707,-1.712818714603,80.7));
#2149 = CARTESIAN_POINT('',(-39.15896615534,-1.674087776363,80.7));
#2150 = CARTESIAN_POINT('',(-39.38649784929,-1.628489774356,80.7));
#2151 = CARTESIAN_POINT('',(-39.82949815849,-1.525614128714,80.7));
#2152 = CARTESIAN_POINT('',(-40.04509410131,-1.468851430723,80.7));
#2153 = CARTESIAN_POINT('',(-40.25883775265,-1.405778249048,80.7));
#2154 = CARTESIAN_POINT('',(-40.47043883728,-1.336422387795,80.7));
#2155 = CARTESIAN_POINT('',(-40.87661784037,-1.189611923339,80.7));
#2156 = CARTESIAN_POINT('',(-41.07147067977,-1.112860283712,80.7));
#2157 = CARTESIAN_POINT('',(-41.26389476471,-1.03060593677,80.7));
#2158 = CARTESIAN_POINT('',(-41.45361772108,-0.942896190676,80.7));
#2159 = CARTESIAN_POINT('',(-41.64034852392,-0.849803031101,80.7));
#2160 = PCURVE('',#576,#2161);
#2161 = DEFINITIONAL_REPRESENTATION('',(#2162),#2181);
#2162 = B_SPLINE_CURVE_WITH_KNOTS('',5,(#2163,#2164,#2165,#2166,#2167,
    #2168,#2169,#2170,#2171,#2172,#2173,#2174,#2175,#2176,#2177,#2178,
    #2179,#2180),.UNSPECIFIED.,.F.,.F.,(6,4,4,4,6),(0.,0.262376538977,
    0.519606231967,0.766974349946,1.),.UNSPECIFIED.);
#2163 = CARTESIAN_POINT('',(8.,0.754808530097));
#2164 = CARTESIAN_POINT('',(7.950183491922,0.754808530097));
#2165 = CARTESIAN_POINT('',(7.900352269254,0.754808530097));
#2166 = CARTESIAN_POINT('',(7.850429953044,0.754808530097));
#2167 = CARTESIAN_POINT('',(7.800340373939,0.754808530097));
#2168 = CARTESIAN_POINT('',(7.700647115844,0.754808530097));
#2169 = CARTESIAN_POINT('',(7.651053342973,0.754808530097));
#2170 = CARTESIAN_POINT('',(7.601139787492,0.754808530097));
#2171 = CARTESIAN_POINT('',(7.550822044806,0.754808530097));
#2172 = CARTESIAN_POINT('',(7.451126351591,0.754808530097));
#2173 = CARTESIAN_POINT('',(7.401786513708,0.754808530097));
#2174 = CARTESIAN_POINT('',(7.351891022846,0.754808530097));
#2175 = CARTESIAN_POINT('',(7.301338610463,0.754808530097));
#2176 = CARTESIAN_POINT('',(7.201638015546,0.754808530097));
#2177 = CARTESIAN_POINT('',(7.152578588703,0.754808530097));
#2178 = CARTESIAN_POINT('',(7.102712784348,0.754808530097));
#2179 = CARTESIAN_POINT('',(7.051911988306,0.754808530097));
#2180 = CARTESIAN_POINT('',(7.,0.754808530097));
#2181 = ( GEOMETRIC_REPRESENTATION_CONTEXT(2) 
PARAMETRIC_REPRESENTATION_CONTEXT() REPRESENTATION_CONTEXT('2D SPACE',''
  ) );
#2182 = PCURVE('',#776,#2183);
#2183 = DEFINITIONAL_REPRESENTATION('',(#2184),#2203);
#2184 = B_SPLINE_CURVE_WITH_KNOTS('',5,(#2185,#2186,#2187,#2188,#2189,
    #2190,#2191,#2192,#2193,#2194,#2195,#2196,#2197,#2198,#2199,#2200,
    #2201,#2202),.UNSPECIFIED.,.F.,.F.,(6,4,4,4,6),(0.,0.262376538977,
    0.519606231967,0.766974349946,1.),.UNSPECIFIED.);
#2185 = CARTESIAN_POINT('',(-37.28689051383,-1.825232402775));
#2186 = CARTESIAN_POINT('',(-37.52377999663,-1.828457994457));
#2187 = CARTESIAN_POINT('',(-37.76076367599,-1.824511707387));
#2188 = CARTESIAN_POINT('',(-37.99753704222,-1.813389846244));
#2189 = CARTESIAN_POINT('',(-38.23379312733,-1.795093975378));
#2190 = CARTESIAN_POINT('',(-38.70003049666,-1.744669177465));
#2191 = CARTESIAN_POINT('',(-38.93004325707,-1.712818714603));
#2192 = CARTESIAN_POINT('',(-39.15896615534,-1.674087776363));
#2193 = CARTESIAN_POINT('',(-39.38649784929,-1.628489774356));
#2194 = CARTESIAN_POINT('',(-39.82949815849,-1.525614128714));
#2195 = CARTESIAN_POINT('',(-40.04509410131,-1.468851430723));
#2196 = CARTESIAN_POINT('',(-40.25883775265,-1.405778249048));
#2197 = CARTESIAN_POINT('',(-40.47043883728,-1.336422387795));
#2198 = CARTESIAN_POINT('',(-40.87661784037,-1.189611923339));
#2199 = CARTESIAN_POINT('',(-41.07147067977,-1.112860283712));
#2200 = CARTESIAN_POINT('',(-41.26389476471,-1.03060593677));
#2201 = CARTESIAN_POINT('',(-41.45361772108,-0.942896190676));
#2202 = CARTESIAN_POINT('',(-41.64034852392,-0.849803031101));
#2203 = ( GEOMETRIC_REPRESENTATION_CONTEXT(2) 
PARAMETRIC_REPRESENTATION_CONTEXT() REPRESENTATION_CONTEXT('2D SPACE',''
  ) );
#2204 = ADVANCED_FACE('',(#2205),#492,.F.);
#2205 = FACE_BOUND('',#2206,.F.);
#2206 = EDGE_LOOP('',(#2207,#2208,#2232,#2269));
#2207 = ORIENTED_EDGE('',*,*,#460,.T.);
#2208 = ORIENTED_EDGE('',*,*,#2209,.T.);
#2209 = EDGE_CURVE('',#377,#2210,#2212,.T.);
#2210 = VERTEX_POINT('',#2211);
#2211 = CARTESIAN_POINT('',(-1.4375,-0.75,99.));
#2212 = SURFACE_CURVE('',#2213,(#2218,#2225),.PCURVE_S1.);
#2213 = ( BOUNDED_CURVE() B_SPLINE_CURVE(3,(#2214,#2215,#2216,#2217),
.UNSPECIFIED.,.F.,.F.) B_SPLINE_CURVE_WITH_KNOTS((4,4),(0.,1.),
.PIECEWISE_BEZIER_KNOTS.) CURVE() GEOMETRIC_REPRESENTATION_ITEM() 
RATIONAL_B_SPLINE_CURVE((1.,1.,1.,1.)) REPRESENTATION_ITEM('') );
#2214 = CARTESIAN_POINT('',(-33.51290718505,-17.48499505307,0.));
#2215 = CARTESIAN_POINT('',(-2.020494012455,-1.054170789107,3.));
#2216 = CARTESIAN_POINT('',(-2.785552395018,-1.453331684357,90.));
#2217 = CARTESIAN_POINT('',(-1.4375,-0.75,99.));
#2218 = PCURVE('',#492,#2219);
#2219 = DEFINITIONAL_REPRESENTATION('',(#2220),#2224);
#2220 = LINE('',#2221,#2222);
#2221 = CARTESIAN_POINT('',(9.,0.));
#2222 = VECTOR('',#2223,1.);
#2223 = DIRECTION('',(0.,1.));
#2224 = ( GEOMETRIC_REPRESENTATION_CONTEXT(2) 
PARAMETRIC_REPRESENTATION_CONTEXT() REPRESENTATION_CONTEXT('2D SPACE',''
  ) );
#2225 = PCURVE('',#408,#2226);
#2226 = DEFINITIONAL_REPRESENTATION('',(#2227),#2231);
#2227 = LINE('',#2228,#2229);
#2228 = CARTESIAN_POINT('',(9.,0.));
#2229 = VECTOR('',#2230,1.);
#2230 = DIRECTION('',(0.,1.));
#2231 = ( GEOMETRIC_REPRESENTATION_CONTEXT(2) 
PARAMETRIC_REPRESENTATION_CONTEXT() REPRESENTATION_CONTEXT('2D SPACE',''
  ) );
#2232 = ORIENTED_EDGE('',*,*,#2233,.F.);
#2233 = EDGE_CURVE('',#1852,#2210,#2234,.T.);
#2234 = SURFACE_CURVE('',#2235,(#2247,#2254),.PCURVE_S1.);
#2235 = B_SPLINE_CURVE_WITH_KNOTS('',10,(#2236,#2237,#2238,#2239,#2240,
    #2241,#2242,#2243,#2244,#2245,#2246),.UNSPECIFIED.,.F.,.F.,(11,11),(
    8.,9.),.PIECEWISE_BEZIER_KNOTS.);
#2236 = CARTESIAN_POINT('',(-15.32142857142,-0.75,99.));
#2237 = CARTESIAN_POINT('',(-13.93303571428,-0.75,99.));
#2238 = CARTESIAN_POINT('',(-12.54464285714,-0.75,99.));
#2239 = CARTESIAN_POINT('',(-11.15624999999,-0.75,99.));
#2240 = CARTESIAN_POINT('',(-9.767857142856,-0.75,99.));
#2241 = CARTESIAN_POINT('',(-8.379464285713,-0.75,99.));
#2242 = CARTESIAN_POINT('',(-6.991071428571,-0.75,99.));
#2243 = CARTESIAN_POINT('',(-5.602678571428,-0.75,99.));
#2244 = CARTESIAN_POINT('',(-4.214285714285,-0.75,99.));
#2245 = CARTESIAN_POINT('',(-2.825892857143,-0.75,99.));
#2246 = CARTESIAN_POINT('',(-1.4375,-0.75,99.));
#2247 = PCURVE('',#492,#2248);
#2248 = DEFINITIONAL_REPRESENTATION('',(#2249),#2253);
#2249 = LINE('',#2250,#2251);
#2250 = CARTESIAN_POINT('',(0.,1.));
#2251 = VECTOR('',#2252,1.);
#2252 = DIRECTION('',(1.,0.));
#2253 = ( GEOMETRIC_REPRESENTATION_CONTEXT(2) 
PARAMETRIC_REPRESENTATION_CONTEXT() REPRESENTATION_CONTEXT('2D SPACE',''
  ) );
#2254 = PCURVE('',#1899,#2255);
#2255 = DEFINITIONAL_REPRESENTATION('',(#2256),#2268);
#2256 = B_SPLINE_CURVE_WITH_KNOTS('',10,(#2257,#2258,#2259,#2260,#2261,
    #2262,#2263,#2264,#2265,#2266,#2267),.UNSPECIFIED.,.F.,.F.,(11,11),(
    8.,9.),.PIECEWISE_BEZIER_KNOTS.);
#2257 = CARTESIAN_POINT('',(52.071428571426,0.));
#2258 = CARTESIAN_POINT('',(50.683035714284,0.));
#2259 = CARTESIAN_POINT('',(49.294642857141,0.));
#2260 = CARTESIAN_POINT('',(47.906249999999,0.));
#2261 = CARTESIAN_POINT('',(46.517857142856,0.));
#2262 = CARTESIAN_POINT('',(45.129464285713,0.));
#2263 = CARTESIAN_POINT('',(43.741071428571,0.));
#2264 = CARTESIAN_POINT('',(42.352678571428,0.));
#2265 = CARTESIAN_POINT('',(40.964285714285,0.));
#2266 = CARTESIAN_POINT('',(39.575892857143,0.));
#2267 = CARTESIAN_POINT('',(38.1875,0.));
#2268 = ( GEOMETRIC_REPRESENTATION_CONTEXT(2) 
PARAMETRIC_REPRESENTATION_CONTEXT() REPRESENTATION_CONTEXT('2D SPACE',''
  ) );
#2269 = ORIENTED_EDGE('',*,*,#1851,.F.);
#2270 = ADVANCED_FACE('',(#2271),#408,.F.);
#2271 = FACE_BOUND('',#2272,.F.);
#2272 = EDGE_LOOP('',(#2273,#2274,#2298,#2335));
#2273 = ORIENTED_EDGE('',*,*,#376,.T.);
#2274 = ORIENTED_EDGE('',*,*,#2275,.T.);
#2275 = EDGE_CURVE('',#293,#2276,#2278,.T.);
#2276 = VERTEX_POINT('',#2277);
#2277 = CARTESIAN_POINT('',(1.4375,-0.75,99.));
#2278 = SURFACE_CURVE('',#2279,(#2284,#2291),.PCURVE_S1.);
#2279 = ( BOUNDED_CURVE() B_SPLINE_CURVE(3,(#2280,#2281,#2282,#2283),
.UNSPECIFIED.,.F.,.F.) B_SPLINE_CURVE_WITH_KNOTS((4,4),(0.,1.),
.PIECEWISE_BEZIER_KNOTS.) CURVE() GEOMETRIC_REPRESENTATION_ITEM() 
RATIONAL_B_SPLINE_CURVE((1.,1.,1.,1.)) REPRESENTATION_ITEM('') );
#2280 = CARTESIAN_POINT('',(33.512907185054,-17.48499505307,0.));
#2281 = CARTESIAN_POINT('',(2.020494012455,-1.054170789107,3.));
#2282 = CARTESIAN_POINT('',(2.785552395018,-1.453331684357,90.));
#2283 = CARTESIAN_POINT('',(1.4375,-0.75,99.));
#2284 = PCURVE('',#408,#2285);
#2285 = DEFINITIONAL_REPRESENTATION('',(#2286),#2290);
#2286 = LINE('',#2287,#2288);
#2287 = CARTESIAN_POINT('',(10.,0.));
#2288 = VECTOR('',#2289,1.);
#2289 = DIRECTION('',(0.,1.));
#2290 = ( GEOMETRIC_REPRESENTATION_CONTEXT(2) 
PARAMETRIC_REPRESENTATION_CONTEXT() REPRESENTATION_CONTEXT('2D SPACE',''
  ) );
#2291 = PCURVE('',#324,#2292);
#2292 = DEFINITIONAL_REPRESENTATION('',(#2293),#2297);
#2293 = LINE('',#2294,#2295);
#2294 = CARTESIAN_POINT('',(10.,0.));
#2295 = VECTOR('',#2296,1.);
#2296 = DIRECTION('',(0.,1.));
#2297 = ( GEOMETRIC_REPRESENTATION_CONTEXT(2) 
PARAMETRIC_REPRESENTATION_CONTEXT() REPRESENTATION_CONTEXT('2D SPACE',''
  ) );
#2298 = ORIENTED_EDGE('',*,*,#2299,.F.);
#2299 = EDGE_CURVE('',#2210,#2276,#2300,.T.);
#2300 = SURFACE_CURVE('',#2301,(#2313,#2320),.PCURVE_S1.);
#2301 = B_SPLINE_CURVE_WITH_KNOTS('',10,(#2302,#2303,#2304,#2305,#2306,
    #2307,#2308,#2309,#2310,#2311,#2312),.UNSPECIFIED.,.F.,.F.,(11,11),(
    9.,10.),.PIECEWISE_BEZIER_KNOTS.);
#2302 = CARTESIAN_POINT('',(-1.4375,-0.75,99.));
#2303 = CARTESIAN_POINT('',(-1.15,-0.75,99.));
#2304 = CARTESIAN_POINT('',(-0.8625,-0.75,99.));
#2305 = CARTESIAN_POINT('',(-0.575,-0.75,99.));
#2306 = CARTESIAN_POINT('',(-0.2875,-0.75,99.));
#2307 = CARTESIAN_POINT('',(-2.13162820728E-14,-0.75,99.));
#2308 = CARTESIAN_POINT('',(0.2875,-0.75,99.));
#2309 = CARTESIAN_POINT('',(0.575,-0.75,99.));
#2310 = CARTESIAN_POINT('',(0.8625,-0.75,99.));
#2311 = CARTESIAN_POINT('',(1.15,-0.75,99.));
#2312 = CARTESIAN_POINT('',(1.4375,-0.75,99.));
#2313 = PCURVE('',#408,#2314);
#2314 = DEFINITIONAL_REPRESENTATION('',(#2315),#2319);
#2315 = LINE('',#2316,#2317);
#2316 = CARTESIAN_POINT('',(0.,1.));
#2317 = VECTOR('',#2318,1.);
#2318 = DIRECTION('',(1.,0.));
#2319 = ( GEOMETRIC_REPRESENTATION_CONTEXT(2) 
PARAMETRIC_REPRESENTATION_CONTEXT() REPRESENTATION_CONTEXT('2D SPACE',''
  ) );
#2320 = PCURVE('',#1899,#2321);
#2321 = DEFINITIONAL_REPRESENTATION('',(#2322),#2334);
#2322 = B_SPLINE_CURVE_WITH_KNOTS('',10,(#2323,#2324,#2325,#2326,#2327,
    #2328,#2329,#2330,#2331,#2332,#2333),.UNSPECIFIED.,.F.,.F.,(11,11),(
    9.,10.),.PIECEWISE_BEZIER_KNOTS.);
#2323 = CARTESIAN_POINT('',(38.1875,0.));
#2324 = CARTESIAN_POINT('',(37.9,0.));
#2325 = CARTESIAN_POINT('',(37.6125,0.));
#2326 = CARTESIAN_POINT('',(37.325,0.));
#2327 = CARTESIAN_POINT('',(37.0375,0.));
#2328 = CARTESIAN_POINT('',(36.75,0.));
#2329 = CARTESIAN_POINT('',(36.4625,0.));
#2330 = CARTESIAN_POINT('',(36.175,0.));
#2331 = CARTESIAN_POINT('',(35.8875,0.));
#2332 = CARTESIAN_POINT('',(35.6,0.));
#2333 = CARTESIAN_POINT('',(35.3125,0.));
#2334 = ( GEOMETRIC_REPRESENTATION_CONTEXT(2) 
PARAMETRIC_REPRESENTATION_CONTEXT() REPRESENTATION_CONTEXT('2D SPACE',''
  ) );
#2335 = ORIENTED_EDGE('',*,*,#2209,.F.);
#2336 = ADVANCED_FACE('',(#2337),#324,.F.);
#2337 = FACE_BOUND('',#2338,.F.);
#2338 = EDGE_LOOP('',(#2339,#2340,#2364,#2401));
#2339 = ORIENTED_EDGE('',*,*,#292,.T.);
#2340 = ORIENTED_EDGE('',*,*,#2341,.T.);
#2341 = EDGE_CURVE('',#209,#2342,#2344,.T.);
#2342 = VERTEX_POINT('',#2343);
#2343 = CARTESIAN_POINT('',(15.321428571428,-0.75,99.));
#2344 = SURFACE_CURVE('',#2345,(#2350,#2357),.PCURVE_S1.);
#2345 = ( BOUNDED_CURVE() B_SPLINE_CURVE(3,(#2346,#2347,#2348,#2349),
.UNSPECIFIED.,.F.,.F.) B_SPLINE_CURVE_WITH_KNOTS((4,4),(0.,1.),
.PIECEWISE_BEZIER_KNOTS.) CURVE() GEOMETRIC_REPRESENTATION_ITEM() 
RATIONAL_B_SPLINE_CURVE((1.,1.,1.,1.)) REPRESENTATION_ITEM('') );
#2346 = CARTESIAN_POINT('',(37.754792949667,-1.848136717816,0.));
#2347 = CARTESIAN_POINT('',(-27.66329792882,1.354147451061,3.));
#2348 = CARTESIAN_POINT('',(80.908630504322,-3.960562332379,90.));
#2349 = CARTESIAN_POINT('',(15.321428571428,-0.75,99.));
#2350 = PCURVE('',#324,#2351);
#2351 = DEFINITIONAL_REPRESENTATION('',(#2352),#2356);
#2352 = LINE('',#2353,#2354);
#2353 = CARTESIAN_POINT('',(11.,0.));
#2354 = VECTOR('',#2355,1.);
#2355 = DIRECTION('',(0.,1.));
#2356 = ( GEOMETRIC_REPRESENTATION_CONTEXT(2) 
PARAMETRIC_REPRESENTATION_CONTEXT() REPRESENTATION_CONTEXT('2D SPACE',''
  ) );
#2357 = PCURVE('',#240,#2358);
#2358 = DEFINITIONAL_REPRESENTATION('',(#2359),#2363);
#2359 = LINE('',#2360,#2361);
#2360 = CARTESIAN_POINT('',(11.,0.));
#2361 = VECTOR('',#2362,1.);
#2362 = DIRECTION('',(0.,1.));
#2363 = ( GEOMETRIC_REPRESENTATION_CONTEXT(2) 
PARAMETRIC_REPRESENTATION_CONTEXT() REPRESENTATION_CONTEXT('2D SPACE',''
  ) );
#2364 = ORIENTED_EDGE('',*,*,#2365,.F.);
#2365 = EDGE_CURVE('',#2276,#2342,#2366,.T.);
#2366 = SURFACE_CURVE('',#2367,(#2379,#2386),.PCURVE_S1.);
#2367 = B_SPLINE_CURVE_WITH_KNOTS('',10,(#2368,#2369,#2370,#2371,#2372,
    #2373,#2374,#2375,#2376,#2377,#2378),.UNSPECIFIED.,.F.,.F.,(11,11),(
    10.,11.),.PIECEWISE_BEZIER_KNOTS.);
#2368 = CARTESIAN_POINT('',(1.4375,-0.75,99.));
#2369 = CARTESIAN_POINT('',(2.825892857143,-0.75,99.));
#2370 = CARTESIAN_POINT('',(4.214285714286,-0.75,99.));
#2371 = CARTESIAN_POINT('',(5.602678571428,-0.75,99.));
#2372 = CARTESIAN_POINT('',(6.991071428571,-0.75,99.));
#2373 = CARTESIAN_POINT('',(8.379464285714,-0.75,99.));
#2374 = CARTESIAN_POINT('',(9.767857142857,-0.75,99.));
#2375 = CARTESIAN_POINT('',(11.15625,-0.75,99.));
#2376 = CARTESIAN_POINT('',(12.544642857142,-0.75,99.));
#2377 = CARTESIAN_POINT('',(13.933035714285,-0.75,99.));
#2378 = CARTESIAN_POINT('',(15.321428571428,-0.75,99.));
#2379 = PCURVE('',#324,#2380);
#2380 = DEFINITIONAL_REPRESENTATION('',(#2381),#2385);
#2381 = LINE('',#2382,#2383);
#2382 = CARTESIAN_POINT('',(0.,1.));
#2383 = VECTOR('',#2384,1.);
#2384 = DIRECTION('',(1.,0.));
#2385 = ( GEOMETRIC_REPRESENTATION_CONTEXT(2) 
PARAMETRIC_REPRESENTATION_CONTEXT() REPRESENTATION_CONTEXT('2D SPACE',''
  ) );
#2386 = PCURVE('',#1899,#2387);
#2387 = DEFINITIONAL_REPRESENTATION('',(#2388),#2400);
#2388 = B_SPLINE_CURVE_WITH_KNOTS('',10,(#2389,#2390,#2391,#2392,#2393,
    #2394,#2395,#2396,#2397,#2398,#2399),.UNSPECIFIED.,.F.,.F.,(11,11),(
    10.,11.),.PIECEWISE_BEZIER_KNOTS.);
#2389 = CARTESIAN_POINT('',(35.3125,0.));
#2390 = CARTESIAN_POINT('',(33.924107142857,0.));
#2391 = CARTESIAN_POINT('',(32.535714285714,0.));
#2392 = CARTESIAN_POINT('',(31.147321428572,0.));
#2393 = CARTESIAN_POINT('',(29.758928571429,0.));
#2394 = CARTESIAN_POINT('',(28.370535714286,0.));
#2395 = CARTESIAN_POINT('',(26.982142857143,0.));
#2396 = CARTESIAN_POINT('',(25.59375,0.));
#2397 = CARTESIAN_POINT('',(24.205357142858,0.));
#2398 = CARTESIAN_POINT('',(22.816964285715,0.));
#2399 = CARTESIAN_POINT('',(21.428571428572,0.));
#2400 = ( GEOMETRIC_REPRESENTATION_CONTEXT(2) 
PARAMETRIC_REPRESENTATION_CONTEXT() REPRESENTATION_CONTEXT('2D SPACE',''
  ) );
#2401 = ORIENTED_EDGE('',*,*,#2275,.F.);
#2402 = ADVANCED_FACE('',(#2403),#240,.F.);
#2403 = FACE_BOUND('',#2404,.F.);
#2404 = EDGE_LOOP('',(#2405,#2406,#2407,#2408,#2432,#2512,#2637,#2706));
#2405 = ORIENTED_EDGE('',*,*,#2341,.F.);
#2406 = ORIENTED_EDGE('',*,*,#208,.T.);
#2407 = ORIENTED_EDGE('',*,*,#1188,.T.);
#2408 = ORIENTED_EDGE('',*,*,#2409,.T.);
#2409 = EDGE_CURVE('',#788,#2410,#2412,.T.);
#2410 = VERTEX_POINT('',#2411);
#2411 = CARTESIAN_POINT('',(41.640671080675,-0.818189178856,80.7));
#2412 = SURFACE_CURVE('',#2413,(#2418,#2425),.PCURVE_S1.);
#2413 = ( BOUNDED_CURVE() B_SPLINE_CURVE(3,(#2414,#2415,#2416,#2417),
.UNSPECIFIED.,.F.,.F.) B_SPLINE_CURVE_WITH_KNOTS((4,4),(0.,1.),
.PIECEWISE_BEZIER_KNOTS.) CURVE() GEOMETRIC_REPRESENTATION_ITEM() 
RATIONAL_B_SPLINE_CURVE((1.,1.,1.,1.)) REPRESENTATION_ITEM('') );
#2414 = CARTESIAN_POINT('',(37.8,5.551115123126E-17,0.));
#2415 = CARTESIAN_POINT('',(-22.77014822795,-0.178160240246,3.));
#2416 = CARTESIAN_POINT('',(67.717480551016,-1.124846541857,90.));
#2417 = CARTESIAN_POINT('',(36.75,-0.75,99.));
#2418 = PCURVE('',#240,#2419);
#2419 = DEFINITIONAL_REPRESENTATION('',(#2420),#2424);
#2420 = LINE('',#2421,#2422);
#2421 = CARTESIAN_POINT('',(12.,0.));
#2422 = VECTOR('',#2423,1.);
#2423 = DIRECTION('',(0.,1.));
#2424 = ( GEOMETRIC_REPRESENTATION_CONTEXT(2) 
PARAMETRIC_REPRESENTATION_CONTEXT() REPRESENTATION_CONTEXT('2D SPACE',''
  ) );
#2425 = PCURVE('',#1025,#2426);
#2426 = DEFINITIONAL_REPRESENTATION('',(#2427),#2431);
#2427 = LINE('',#2428,#2429);
#2428 = CARTESIAN_POINT('',(0.,0.));
#2429 = VECTOR('',#2430,1.);
#2430 = DIRECTION('',(0.,1.));
#2431 = ( GEOMETRIC_REPRESENTATION_CONTEXT(2) 
PARAMETRIC_REPRESENTATION_CONTEXT() REPRESENTATION_CONTEXT('2D SPACE',''
  ) );
#2432 = ORIENTED_EDGE('',*,*,#2433,.T.);
#2433 = EDGE_CURVE('',#2410,#2434,#2436,.T.);
#2434 = VERTEX_POINT('',#2435);
#2435 = CARTESIAN_POINT('',(39.720396036403,-1.533831382945,80.7));
#2436 = SURFACE_CURVE('',#2437,(#2460,#2486),.PCURVE_S1.);
#2437 = B_SPLINE_CURVE_WITH_KNOTS('',5,(#2438,#2439,#2440,#2441,#2442,
    #2443,#2444,#2445,#2446,#2447,#2448,#2449,#2450,#2451,#2452,#2453,
    #2454,#2455,#2456,#2457,#2458,#2459),.UNSPECIFIED.,.F.,.F.,(6,4,4,4,
    4,6),(0.,0.233289654706,0.478722616064,0.73476335291,0.968443423986,
    1.),.UNSPECIFIED.);
#2438 = CARTESIAN_POINT('',(41.640671080675,-0.818189178856,80.7));
#2439 = CARTESIAN_POINT('',(41.454066089541,-0.912883963782,80.7));
#2440 = CARTESIAN_POINT('',(41.264419851694,-1.002186375642,80.7));
#2441 = CARTESIAN_POINT('',(41.07202444377,-1.086023454885,80.7));
#2442 = CARTESIAN_POINT('',(40.877153329652,-1.164346412479,80.7));
#2443 = CARTESIAN_POINT('',(40.472713769971,-1.313678508371,80.7));
#2444 = CARTESIAN_POINT('',(40.262909112,-1.384094455504,80.7));
#2445 = CARTESIAN_POINT('',(40.050947922608,-1.448323885237,80.7));
#2446 = CARTESIAN_POINT('',(39.837114251255,-1.506337686939,80.7));
#2447 = CARTESIAN_POINT('',(39.396933103742,-1.612129510729,80.7));
#2448 = CARTESIAN_POINT('',(39.17044498471,-1.659356590739,80.7));
#2449 = CARTESIAN_POINT('',(38.942522890752,-1.699772000984,80.7));
#2450 = CARTESIAN_POINT('',(38.713464913856,-1.733360208233,80.7));
#2451 = CARTESIAN_POINT('',(38.273735248193,-1.784526944667,80.7));
#2452 = CARTESIAN_POINT('',(38.063205397717,-1.803247379941,80.7));
#2453 = CARTESIAN_POINT('',(37.852191933834,-1.816265904865,80.7));
#2454 = CARTESIAN_POINT('',(37.640913081707,-1.823579065796,80.7));
#2455 = CARTESIAN_POINT('',(37.401046709896,-1.825404217955,80.7));
#2456 = CARTESIAN_POINT('',(37.372507670693,-1.825517324311,80.7));
#2457 = CARTESIAN_POINT('',(37.343968269169,-1.825526389468,80.7));
#2458 = CARTESIAN_POINT('',(37.315429039011,-1.825431414793,80.7));
#2459 = CARTESIAN_POINT('',(37.286890513832,-1.825232402775,80.7));
#2460 = PCURVE('',#240,#2461);
#2461 = DEFINITIONAL_REPRESENTATION('',(#2462),#2485);
#2462 = B_SPLINE_CURVE_WITH_KNOTS('',5,(#2463,#2464,#2465,#2466,#2467,
    #2468,#2469,#2470,#2471,#2472,#2473,#2474,#2475,#2476,#2477,#2478,
    #2479,#2480,#2481,#2482,#2483,#2484),.UNSPECIFIED.,.F.,.F.,(6,4,4,4,
    4,6),(0.,0.233289654706,0.478722616064,0.73476335291,0.968443423986,
    1.),.UNSPECIFIED.);
#2463 = CARTESIAN_POINT('',(12.,0.754808530097));
#2464 = CARTESIAN_POINT('',(11.948109987423,0.754808530097));
#2465 = CARTESIAN_POINT('',(11.897318442448,0.754808530097));
#2466 = CARTESIAN_POINT('',(11.84745129304,0.754808530097));
#2467 = CARTESIAN_POINT('',(11.798381160097,0.754808530097));
#2468 = CARTESIAN_POINT('',(11.69910048021,0.754808530097));
#2469 = CARTESIAN_POINT('',(11.648963780983,0.754808530097));
#2470 = CARTESIAN_POINT('',(11.599465078964,0.754808530097));
#2471 = CARTESIAN_POINT('',(11.550506140257,0.754808530097));
#2472 = CARTESIAN_POINT('',(11.451397392168,0.754808530097));
#2473 = CARTESIAN_POINT('',(11.401287765193,0.754808530097));
#2474 = CARTESIAN_POINT('',(11.351572838035,0.754808530097));
#2475 = CARTESIAN_POINT('',(11.302169517706,0.754808530097));
#2476 = CARTESIAN_POINT('',(11.208124576918,0.754808530097));
#2477 = CARTESIAN_POINT('',(11.163443806753,0.754808530097));
#2478 = CARTESIAN_POINT('',(11.118899555339,0.754808530097));
#2479 = CARTESIAN_POINT('',(11.07443607409,0.754808530097));
#2480 = CARTESIAN_POINT('',(11.023999272838,0.754808530097));
#2481 = CARTESIAN_POINT('',(11.017999042357,0.754808530097));
#2482 = CARTESIAN_POINT('',(11.011999175396,0.754808530097));
#2483 = CARTESIAN_POINT('',(11.005999538917,0.754808530097));
#2484 = CARTESIAN_POINT('',(11.,0.754808530097));
#2485 = ( GEOMETRIC_REPRESENTATION_CONTEXT(2) 
PARAMETRIC_REPRESENTATION_CONTEXT() REPRESENTATION_CONTEXT('2D SPACE',''
  ) );
#2486 = PCURVE('',#776,#2487);
#2487 = DEFINITIONAL_REPRESENTATION('',(#2488),#2511);
#2488 = B_SPLINE_CURVE_WITH_KNOTS('',5,(#2489,#2490,#2491,#2492,#2493,
    #2494,#2495,#2496,#2497,#2498,#2499,#2500,#2501,#2502,#2503,#2504,
    #2505,#2506,#2507,#2508,#2509,#2510),.UNSPECIFIED.,.F.,.F.,(6,4,4,4,
    4,6),(0.,0.233289654706,0.478722616064,0.73476335291,0.968443423986,
    1.),.UNSPECIFIED.);
#2489 = CARTESIAN_POINT('',(41.640671080675,-0.818189178856));
#2490 = CARTESIAN_POINT('',(41.454066089541,-0.912883963782));
#2491 = CARTESIAN_POINT('',(41.264419851694,-1.002186375642));
#2492 = CARTESIAN_POINT('',(41.07202444377,-1.086023454885));
#2493 = CARTESIAN_POINT('',(40.877153329652,-1.164346412479));
#2494 = CARTESIAN_POINT('',(40.472713769971,-1.313678508371));
#2495 = CARTESIAN_POINT('',(40.262909112,-1.384094455504));
#2496 = CARTESIAN_POINT('',(40.050947922608,-1.448323885237));
#2497 = CARTESIAN_POINT('',(39.837114251255,-1.506337686939));
#2498 = CARTESIAN_POINT('',(39.396933103742,-1.612129510729));
#2499 = CARTESIAN_POINT('',(39.17044498471,-1.659356590739));
#2500 = CARTESIAN_POINT('',(38.942522890752,-1.699772000984));
#2501 = CARTESIAN_POINT('',(38.713464913856,-1.733360208233));
#2502 = CARTESIAN_POINT('',(38.273735248193,-1.784526944667));
#2503 = CARTESIAN_POINT('',(38.063205397717,-1.803247379941));
#2504 = CARTESIAN_POINT('',(37.852191933834,-1.816265904865));
#2505 = CARTESIAN_POINT('',(37.640913081707,-1.823579065796));
#2506 = CARTESIAN_POINT('',(37.401046709896,-1.825404217955));
#2507 = CARTESIAN_POINT('',(37.372507670693,-1.825517324311));
#2508 = CARTESIAN_POINT('',(37.343968269169,-1.825526389468));
#2509 = CARTESIAN_POINT('',(37.315429039011,-1.825431414793));
#2510 = CARTESIAN_POINT('',(37.286890513832,-1.825232402775));
#2511 = ( GEOMETRIC_REPRESENTATION_CONTEXT(2) 
PARAMETRIC_REPRESENTATION_CONTEXT() REPRESENTATION_CONTEXT('2D SPACE',''
  ) );
#2512 = ORIENTED_EDGE('',*,*,#2513,.T.);
#2513 = EDGE_CURVE('',#2434,#2514,#2516,.T.);
#2514 = VERTEX_POINT('',#2515);
#2515 = CARTESIAN_POINT('',(39.742212682546,-0.786785291737,
    97.662776136519));
#2516 = SURFACE_CURVE('',#2517,(#2555,#2596),.PCURVE_S1.);
#2517 = B_SPLINE_CURVE_WITH_KNOTS('',8,(#2518,#2519,#2520,#2521,#2522,
    #2523,#2524,#2525,#2526,#2527,#2528,#2529,#2530,#2531,#2532,#2533,
    #2534,#2535,#2536,#2537,#2538,#2539,#2540,#2541,#2542,#2543,#2544,
    #2545,#2546,#2547,#2548,#2549,#2550,#2551,#2552,#2553,#2554),
  .UNSPECIFIED.,.F.,.F.,(9,7,7,7,7,9),(0.,0.292621066539,0.743278000325,
    0.831684853101,0.962523516038,1.),.UNSPECIFIED.);
#2518 = CARTESIAN_POINT('',(39.720396037334,-1.533831358822,80.6999994)
  );
#2519 = CARTESIAN_POINT('',(39.719432206517,-1.558790909667,
    81.320794687087));
#2520 = CARTESIAN_POINT('',(39.718777473539,-1.575282111254,
    81.941845948253));
#2521 = CARTESIAN_POINT('',(39.718378639497,-1.585227804098,
    82.563042034437));
#2522 = CARTESIAN_POINT('',(39.718198465636,-1.589703623275,
    83.184300814703));
#2523 = CARTESIAN_POINT('',(39.718211741869,-1.589378565706,
    83.805564885206));
#2524 = CARTESIAN_POINT('',(39.718401111889,-1.584679626819,
    84.426800439607));
#2525 = CARTESIAN_POINT('',(39.718753518988,-1.575843770457,
    85.047997083608));
#2526 = CARTESIAN_POINT('',(39.720035283299,-1.543271755134,
    86.625810585396));
#2527 = CARTESIAN_POINT('',(39.721173370784,-1.514065999161,
    87.582335824624));
#2528 = CARTESIAN_POINT('',(39.722632611206,-1.475929864022,
    88.538664773049));
#2529 = CARTESIAN_POINT('',(39.724384197565,-1.428859453228,
    89.494717985473));
#2530 = CARTESIAN_POINT('',(39.726390169488,-1.372755765075,
    90.450425896718));
#2531 = CARTESIAN_POINT('',(39.728589306073,-1.307883283499,
    91.405742723835));
#2532 = CARTESIAN_POINT('',(39.730895453765,-1.234792450129,
    92.360644566119));
#2533 = CARTESIAN_POINT('',(39.733648310875,-1.140146063609,
    93.502415816971));
#2534 = CARTESIAN_POINT('',(39.734099597424,-1.124391802953,
    93.689652074395));
#2535 = CARTESIAN_POINT('',(39.734549853315,-1.108422137485,
    93.876873552794));
#2536 = CARTESIAN_POINT('',(39.734998196003,-1.092256008361,
    94.064080629286));
#2537 = CARTESIAN_POINT('',(39.735443702883,-1.075915342317,
    94.251273806902));
#2538 = CARTESIAN_POINT('',(39.735885407143,-1.059425875746,
    94.43845374189));
#2539 = CARTESIAN_POINT('',(39.73632229361,-1.042817978784,
    94.625621271024));
#2540 = CARTESIAN_POINT('',(39.737391159107,-1.001426197133,
    95.089761202013));
#2541 = CARTESIAN_POINT('',(39.738016131025,-0.976544098447,
    95.366718017923));
#2542 = CARTESIAN_POINT('',(39.738624718323,-0.951599444236,
    95.643653575697));
#2543 = CARTESIAN_POINT('',(39.739213244906,-0.926734089193,
    95.92057294621));
#2544 = CARTESIAN_POINT('',(39.739777512989,-0.902137665724,
    96.197481266338));
#2545 = CARTESIAN_POINT('',(39.740312910764,-0.87805052026,
    96.474383856495));
#2546 = CARTESIAN_POINT('',(39.740813984419,-0.85479977941,
    96.751287333139));
#2547 = CARTESIAN_POINT('',(39.741403825554,-0.826656674421,
    97.107521085972));
#2548 = CARTESIAN_POINT('',(39.741531665369,-0.820503146427,
    97.186839671477));
#2549 = CARTESIAN_POINT('',(39.741655815536,-0.81447516455,
    97.26615926364));
#2550 = CARTESIAN_POINT('',(39.741776062953,-0.808586810337,
    97.345480023443));
#2551 = CARTESIAN_POINT('',(39.741892169344,-0.802853957769,
    97.424802053718));
#2552 = CARTESIAN_POINT('',(39.74200386176,-0.797294809232,
    97.504125409296));
#2553 = CARTESIAN_POINT('',(39.742110823087,-0.791930431506,
    97.583450107145));
#2554 = CARTESIAN_POINT('',(39.742212682546,-0.786785291737,
    97.662776136519));
#2555 = PCURVE('',#240,#2556);
#2556 = DEFINITIONAL_REPRESENTATION('',(#2557),#2595);
#2557 = B_SPLINE_CURVE_WITH_KNOTS('',8,(#2558,#2559,#2560,#2561,#2562,
    #2563,#2564,#2565,#2566,#2567,#2568,#2569,#2570,#2571,#2572,#2573,
    #2574,#2575,#2576,#2577,#2578,#2579,#2580,#2581,#2582,#2583,#2584,
    #2585,#2586,#2587,#2588,#2589,#2590,#2591,#2592,#2593,#2594),
  .UNSPECIFIED.,.F.,.F.,(9,7,7,7,7,9),(0.,0.292621066539,0.743278000325,
    0.831684853101,0.962523516038,1.),.UNSPECIFIED.);
#2558 = CARTESIAN_POINT('',(11.524296185035,0.754808524765));
#2559 = CARTESIAN_POINT('',(11.502138671225,0.76032514354));
#2560 = CARTESIAN_POINT('',(11.485830262028,0.765915022987));
#2561 = CARTESIAN_POINT('',(11.47448150042,0.771582686065));
#2562 = CARTESIAN_POINT('',(11.467490380951,0.777333541641));
#2563 = CARTESIAN_POINT('',(11.46438642789,0.783174034004));
#2564 = CARTESIAN_POINT('',(11.464784122831,0.789111845457));
#2565 = CARTESIAN_POINT('',(11.468378237956,0.795156254123));
#2566 = CARTESIAN_POINT('',(11.484978594209,0.810809422843));
#2567 = CARTESIAN_POINT('',(11.502020272483,0.820579752619));
#2568 = CARTESIAN_POINT('',(11.525108824707,0.83066965456));
#2569 = CARTESIAN_POINT('',(11.553637389679,0.841133725487));
#2570 = CARTESIAN_POINT('',(11.587169278984,0.852033750465));
#2571 = CARTESIAN_POINT('',(11.625520433361,0.863475013696));
#2572 = CARTESIAN_POINT('',(11.668637655887,0.875580551815));
#2573 = CARTESIAN_POINT('',(11.726554407657,0.891202098283));
#2574 = CARTESIAN_POINT('',(11.73625677735,0.893800751562));
#2575 = CARTESIAN_POINT('',(11.74616727093,0.896438333854));
#2576 = CARTESIAN_POINT('',(11.756290804342,0.899117282474));
#2577 = CARTESIAN_POINT('',(11.766633360537,0.901840345181));
#2578 = CARTESIAN_POINT('',(11.777202284117,0.904610674025));
#2579 = CARTESIAN_POINT('',(11.788006575972,0.907431919189));
#2580 = CARTESIAN_POINT('',(11.815411658722,0.91456528702));
#2581 = CARTESIAN_POINT('',(11.832305490894,0.918943023579));
#2582 = CARTESIAN_POINT('',(11.84977516646,0.923455583571));
#2583 = CARTESIAN_POINT('',(11.867865464871,0.928119529662));
#2584 = CARTESIAN_POINT('',(11.886638335607,0.93295671644));
#2585 = CARTESIAN_POINT('',(11.906173920229,0.937994626198));
#2586 = CARTESIAN_POINT('',(11.926583890599,0.94327054133));
#2587 = CARTESIAN_POINT('',(11.95420795005,0.950442781304));
#2588 = CARTESIAN_POINT('',(11.960445850893,0.952064283314));
#2589 = CARTESIAN_POINT('',(11.966775480852,0.953711803646));
#2590 = CARTESIAN_POINT('',(11.973201799394,0.95538694632));
#2591 = CARTESIAN_POINT('',(11.979730414638,0.957091517848));
#2592 = CARTESIAN_POINT('',(11.986367780902,0.958827588827));
#2593 = CARTESIAN_POINT('',(11.993121396243,0.960597555525));
#2594 = CARTESIAN_POINT('',(12.,0.962404201472));
#2595 = ( GEOMETRIC_REPRESENTATION_CONTEXT(2) 
PARAMETRIC_REPRESENTATION_CONTEXT() REPRESENTATION_CONTEXT('2D SPACE',''
  ) );
#2596 = PCURVE('',#2086,#2597);
#2597 = DEFINITIONAL_REPRESENTATION('',(#2598),#2636);
#2598 = B_SPLINE_CURVE_WITH_KNOTS('',8,(#2599,#2600,#2601,#2602,#2603,
    #2604,#2605,#2606,#2607,#2608,#2609,#2610,#2611,#2612,#2613,#2614,
    #2615,#2616,#2617,#2618,#2619,#2620,#2621,#2622,#2623,#2624,#2625,
    #2626,#2627,#2628,#2629,#2630,#2631,#2632,#2633,#2634,#2635),
  .UNSPECIFIED.,.F.,.F.,(9,7,7,7,7,9),(0.,0.292621066539,0.743278000325,
    0.831684853101,0.962523516038,1.),.UNSPECIFIED.);
#2599 = CARTESIAN_POINT('',(-6.244588772642,5.999999999062E-07));
#2600 = CARTESIAN_POINT('',(-6.243960391424,-0.620794687087));
#2601 = CARTESIAN_POINT('',(-6.243545191821,-1.241845948253));
#2602 = CARTESIAN_POINT('',(-6.243294784558,-1.863042034437));
#2603 = CARTESIAN_POINT('',(-6.243182094114,-2.484300814704));
#2604 = CARTESIAN_POINT('',(-6.243190278533,-3.105564885206));
#2605 = CARTESIAN_POINT('',(-6.243308586757,-3.726800439607));
#2606 = CARTESIAN_POINT('',(-6.243531049155,-4.347997083608));
#2607 = CARTESIAN_POINT('',(-6.24435110514,-5.925810585396));
#2608 = CARTESIAN_POINT('',(-6.245086398707,-6.882335824621));
#2609 = CARTESIAN_POINT('',(-6.246046500117,-7.838664773058));
#2610 = CARTESIAN_POINT('',(-6.247231479393,-8.794717985463));
#2611 = CARTESIAN_POINT('',(-6.248643791709,-9.750425896725));
#2612 = CARTESIAN_POINT('',(-6.250276734483,-10.70574272383));
#2613 = CARTESIAN_POINT('',(-6.252116407027,-11.66064456611));
#2614 = CARTESIAN_POINT('',(-6.254498455139,-12.80241581697));
#2615 = CARTESIAN_POINT('',(-6.254894951277,-12.98965207439));
#2616 = CARTESIAN_POINT('',(-6.255296863448,-13.17687355279));
#2617 = CARTESIAN_POINT('',(-6.255703714806,-13.36408062928));
#2618 = CARTESIAN_POINT('',(-6.256114953406,-13.5512738069));
#2619 = CARTESIAN_POINT('',(-6.256529931478,-13.73845374189));
#2620 = CARTESIAN_POINT('',(-6.256947884695,-13.92562127102));
#2621 = CARTESIAN_POINT('',(-6.257989534508,-14.38976120201));
#2622 = CARTESIAN_POINT('',(-6.258615696523,-14.66671801792));
#2623 = CARTESIAN_POINT('',(-6.259243421462,-14.94365357569));
#2624 = CARTESIAN_POINT('',(-6.259869139845,-15.22057294621));
#2625 = CARTESIAN_POINT('',(-6.260488080284,-15.49748126633));
#2626 = CARTESIAN_POINT('',(-6.261094195648,-15.77438385649));
#2627 = CARTESIAN_POINT('',(-6.261679255659,-16.05128733313));
#2628 = CARTESIAN_POINT('',(-6.262387413784,-16.40752108597));
#2629 = CARTESIAN_POINT('',(-6.262542252921,-16.48683967147));
#2630 = CARTESIAN_POINT('',(-6.262693932419,-16.56615926364));
#2631 = CARTESIAN_POINT('',(-6.262842097996,-16.64548002344));
#2632 = CARTESIAN_POINT('',(-6.262986350274,-16.72480205371));
#2633 = CARTESIAN_POINT('',(-6.263126231289,-16.80412540929));
#2634 = CARTESIAN_POINT('',(-6.263261211011,-16.88345010714));
#2635 = CARTESIAN_POINT('',(-6.263390673852,-16.96277613651));
#2636 = ( GEOMETRIC_REPRESENTATION_CONTEXT(2) 
PARAMETRIC_REPRESENTATION_CONTEXT() REPRESENTATION_CONTEXT('2D SPACE',''
  ) );
#2637 = ORIENTED_EDGE('',*,*,#2638,.T.);
#2638 = EDGE_CURVE('',#2514,#2639,#2641,.T.);
#2639 = VERTEX_POINT('',#2640);
#2640 = CARTESIAN_POINT('',(36.75,-0.75,99.));
#2641 = SURFACE_CURVE('',#2642,(#2647,#2654),.PCURVE_S1.);
#2642 = ( BOUNDED_CURVE() B_SPLINE_CURVE(3,(#2643,#2644,#2645,#2646),
.UNSPECIFIED.,.F.,.F.) B_SPLINE_CURVE_WITH_KNOTS((4,4),(0.,1.),
.PIECEWISE_BEZIER_KNOTS.) CURVE() GEOMETRIC_REPRESENTATION_ITEM() 
RATIONAL_B_SPLINE_CURVE((1.,1.,1.,1.)) REPRESENTATION_ITEM('') );
#2643 = CARTESIAN_POINT('',(37.8,5.551115123126E-17,0.));
#2644 = CARTESIAN_POINT('',(-22.77014822795,-0.178160240246,3.));
#2645 = CARTESIAN_POINT('',(67.717480551016,-1.124846541857,90.));
#2646 = CARTESIAN_POINT('',(36.75,-0.75,99.));
#2647 = PCURVE('',#240,#2648);
#2648 = DEFINITIONAL_REPRESENTATION('',(#2649),#2653);
#2649 = LINE('',#2650,#2651);
#2650 = CARTESIAN_POINT('',(12.,0.));
#2651 = VECTOR('',#2652,1.);
#2652 = DIRECTION('',(0.,1.));
#2653 = ( GEOMETRIC_REPRESENTATION_CONTEXT(2) 
PARAMETRIC_REPRESENTATION_CONTEXT() REPRESENTATION_CONTEXT('2D SPACE',''
  ) );
#2654 = PCURVE('',#2655,#2700);
#2655 = ( BOUNDED_SURFACE() B_SPLINE_SURFACE(10,3,(
    (#2656,#2657,#2658,#2659)
    ,(#2660,#2661,#2662,#2663)
    ,(#2664,#2665,#2666,#2667)
    ,(#2668,#2669,#2670,#2671)
    ,(#2672,#2673,#2674,#2675)
    ,(#2676,#2677,#2678,#2679)
    ,(#2680,#2681,#2682,#2683)
    ,(#2684,#2685,#2686,#2687)
    ,(#2688,#2689,#2690,#2691)
    ,(#2692,#2693,#2694,#2695)
    ,(#2696,#2697,#2698,#2699
)),.UNSPECIFIED.,.F.,.F.,.F.) B_SPLINE_SURFACE_WITH_KNOTS((11,11),(4,4),
  (0.,1.),(0.,1.),.PIECEWISE_BEZIER_KNOTS.) 
GEOMETRIC_REPRESENTATION_ITEM() RATIONAL_B_SPLINE_SURFACE((
    (1.,1.,1.,1.)
    ,(1.,1.,1.,1.)
    ,(1.,1.,1.,1.)
    ,(1.,1.,1.,1.)
    ,(1.,1.,1.,1.)
    ,(1.,1.,1.,1.)
    ,(1.,1.,1.,1.)
    ,(1.,1.,1.,1.)
    ,(1.,1.,1.,1.)
    ,(1.,1.,1.,1.)
,(1.,1.,1.,1.))) REPRESENTATION_ITEM('') SURFACE() );
#2656 = CARTESIAN_POINT('',(37.8,5.551115123126E-17,0.));
#2657 = CARTESIAN_POINT('',(-22.77014822795,-0.178160240246,3.));
#2658 = CARTESIAN_POINT('',(67.717480551016,-1.124846541857,90.));
#2659 = CARTESIAN_POINT('',(36.75,-0.75,99.));
#2660 = CARTESIAN_POINT('',(37.8,7.713214999511E-02,0.));
#2661 = CARTESIAN_POINT('',(-22.78177743475,-0.241395425488,3.));
#2662 = CARTESIAN_POINT('',(67.720589771074,-0.780365096084,90.));
#2663 = CARTESIAN_POINT('',(36.985619449019,-0.75,99.));
#2664 = CARTESIAN_POINT('',(37.799825115374,0.154264299941,0.));
#2665 = CARTESIAN_POINT('',(-22.77478672913,-0.287345616535,3.));
#2666 = CARTESIAN_POINT('',(67.682447955627,-0.483908410279,90.));
#2667 = CARTESIAN_POINT('',(37.221241071558,-0.667753520049,99.));
#2668 = CARTESIAN_POINT('',(37.799475350672,0.231396003808,0.));
#2669 = CARTESIAN_POINT('',(-22.75879059289,-0.313655312351,3.));
#2670 = CARTESIAN_POINT('',(67.627666036766,-0.240250475186,90.));
#2671 = CARTESIAN_POINT('',(37.424550431438,-0.503258522416,99.));
#2672 = CARTESIAN_POINT('',(37.798950710446,0.308526815567,0.));
#2673 = CARTESIAN_POINT('',(-22.74368699729,-0.322651831083,3.));
#2674 = CARTESIAN_POINT('',(67.581410946952,-4.238187300455E-02,90.));
#2675 = CARTESIAN_POINT('',(37.563305417225,-0.271019590411,99.));
#2676 = CARTESIAN_POINT('',(37.798251199246,0.38565628919,0.));
#2677 = CARTESIAN_POINT('',(-22.73723230006,-0.321380240992,3.));
#2678 = CARTESIAN_POINT('',(67.563331374798,0.128552096397,90.));
#2679 = CARTESIAN_POINT('',(37.612680472819,3.869127240819E-15,99.));
#2680 = CARTESIAN_POINT('',(37.797376821623,0.462783978648,0.));
#2681 = CARTESIAN_POINT('',(-22.74237542327,-0.320107164096,3.));
#2682 = CARTESIAN_POINT('',(67.580886317342,0.299485471076,90.));
#2683 = CARTESIAN_POINT('',(37.563305417228,0.271019590411,99.));
#2684 = CARTESIAN_POINT('',(37.796327582128,0.539909437911,0.));
#2685 = CARTESIAN_POINT('',(-22.75616745244,-0.329099222415,3.));
#2686 = CARTESIAN_POINT('',(67.626616780587,0.497352289092,90.));
#2687 = CARTESIAN_POINT('',(37.424550431434,0.503258522416,99.));
#2688 = CARTESIAN_POINT('',(37.795103485311,0.617032220951,0.));
#2689 = CARTESIAN_POINT('',(-22.77085203741,-0.355401484208,3.));
#2690 = CARTESIAN_POINT('',(67.680874078938,0.741007250576,90.));
#2691 = CARTESIAN_POINT('',(37.22124107156,0.667753520049,99.));
#2692 = CARTESIAN_POINT('',(37.793704535725,0.694151881738,0.));
#2693 = CARTESIAN_POINT('',(-22.77653121453,-0.401341267623,3.));
#2694 = CARTESIAN_POINT('',(67.718491282983,1.037459773328,90.));
#2695 = CARTESIAN_POINT('',(36.985619449019,0.75,99.));
#2696 = CARTESIAN_POINT('',(37.792130737918,0.771267974243,0.));
#2697 = CARTESIAN_POINT('',(-22.76359050955,-0.464563071624,3.));
#2698 = CARTESIAN_POINT('',(67.714857463656,1.381935866605,90.));
#2699 = CARTESIAN_POINT('',(36.75,0.75,99.));
#2700 = DEFINITIONAL_REPRESENTATION('',(#2701),#2705);
#2701 = LINE('',#2702,#2703);
#2702 = CARTESIAN_POINT('',(0.,0.));
#2703 = VECTOR('',#2704,1.);
#2704 = DIRECTION('',(0.,1.));
#2705 = ( GEOMETRIC_REPRESENTATION_CONTEXT(2) 
PARAMETRIC_REPRESENTATION_CONTEXT() REPRESENTATION_CONTEXT('2D SPACE',''
  ) );
#2706 = ORIENTED_EDGE('',*,*,#2707,.F.);
#2707 = EDGE_CURVE('',#2342,#2639,#2708,.T.);
#2708 = SURFACE_CURVE('',#2709,(#2721,#2728),.PCURVE_S1.);
#2709 = B_SPLINE_CURVE_WITH_KNOTS('',10,(#2710,#2711,#2712,#2713,#2714,
    #2715,#2716,#2717,#2718,#2719,#2720),.UNSPECIFIED.,.F.,.F.,(11,11),(
    11.,12.),.PIECEWISE_BEZIER_KNOTS.);
#2710 = CARTESIAN_POINT('',(15.321428571428,-0.75,99.));
#2711 = CARTESIAN_POINT('',(17.464285714285,-0.75,99.));
#2712 = CARTESIAN_POINT('',(19.607142857142,-0.75,99.));
#2713 = CARTESIAN_POINT('',(21.75,-0.75,99.));
#2714 = CARTESIAN_POINT('',(23.892857142857,-0.75,99.));
#2715 = CARTESIAN_POINT('',(26.035714285714,-0.75,99.));
#2716 = CARTESIAN_POINT('',(28.178571428571,-0.75,99.));
#2717 = CARTESIAN_POINT('',(30.321428571428,-0.75,99.));
#2718 = CARTESIAN_POINT('',(32.464285714286,-0.75,99.));
#2719 = CARTESIAN_POINT('',(34.607142857143,-0.75,99.));
#2720 = CARTESIAN_POINT('',(36.75,-0.75,99.));
#2721 = PCURVE('',#240,#2722);
#2722 = DEFINITIONAL_REPRESENTATION('',(#2723),#2727);
#2723 = LINE('',#2724,#2725);
#2724 = CARTESIAN_POINT('',(0.,1.));
#2725 = VECTOR('',#2726,1.);
#2726 = DIRECTION('',(1.,0.));
#2727 = ( GEOMETRIC_REPRESENTATION_CONTEXT(2) 
PARAMETRIC_REPRESENTATION_CONTEXT() REPRESENTATION_CONTEXT('2D SPACE',''
  ) );
#2728 = PCURVE('',#1899,#2729);
#2729 = DEFINITIONAL_REPRESENTATION('',(#2730),#2742);
#2730 = B_SPLINE_CURVE_WITH_KNOTS('',10,(#2731,#2732,#2733,#2734,#2735,
    #2736,#2737,#2738,#2739,#2740,#2741),.UNSPECIFIED.,.F.,.F.,(11,11),(
    11.,12.),.PIECEWISE_BEZIER_KNOTS.);
#2731 = CARTESIAN_POINT('',(21.428571428572,0.));
#2732 = CARTESIAN_POINT('',(19.285714285715,0.));
#2733 = CARTESIAN_POINT('',(17.142857142858,0.));
#2734 = CARTESIAN_POINT('',(15.,0.));
#2735 = CARTESIAN_POINT('',(12.857142857143,0.));
#2736 = CARTESIAN_POINT('',(10.714285714286,0.));
#2737 = CARTESIAN_POINT('',(8.571428571429,0.));
#2738 = CARTESIAN_POINT('',(6.428571428572,0.));
#2739 = CARTESIAN_POINT('',(4.285714285714,0.));
#2740 = CARTESIAN_POINT('',(2.142857142857,0.));
#2741 = CARTESIAN_POINT('',(0.,0.));
#2742 = ( GEOMETRIC_REPRESENTATION_CONTEXT(2) 
PARAMETRIC_REPRESENTATION_CONTEXT() REPRESENTATION_CONTEXT('2D SPACE',''
  ) );
#2743 = ADVANCED_FACE('',(#2744),#750,.T.);
#2744 = FACE_BOUND('',#2745,.F.);
#2745 = EDGE_LOOP('',(#2746,#2747,#2748,#2770));
#2746 = ORIENTED_EDGE('',*,*,#1268,.F.);
#2747 = ORIENTED_EDGE('',*,*,#1673,.F.);
#2748 = ORIENTED_EDGE('',*,*,#2749,.T.);
#2749 = EDGE_CURVE('',#1653,#736,#2750,.T.);
#2750 = SURFACE_CURVE('',#2751,(#2756,#2763),.PCURVE_S1.);
#2751 = CIRCLE('',#2752,44.75);
#2752 = AXIS2_PLACEMENT_3D('',#2753,#2754,#2755);
#2753 = CARTESIAN_POINT('',(0.,0.,80.7));
#2754 = DIRECTION('',(0.,0.,1.));
#2755 = DIRECTION('',(1.,0.,0.));
#2756 = PCURVE('',#750,#2757);
#2757 = DEFINITIONAL_REPRESENTATION('',(#2758),#2762);
#2758 = LINE('',#2759,#2760);
#2759 = CARTESIAN_POINT('',(-0.,-10.8));
#2760 = VECTOR('',#2761,1.);
#2761 = DIRECTION('',(-1.,0.));
#2762 = ( GEOMETRIC_REPRESENTATION_CONTEXT(2) 
PARAMETRIC_REPRESENTATION_CONTEXT() REPRESENTATION_CONTEXT('2D SPACE',''
  ) );
#2763 = PCURVE('',#776,#2764);
#2764 = DEFINITIONAL_REPRESENTATION('',(#2765),#2769);
#2765 = CIRCLE('',#2766,44.75);
#2766 = AXIS2_PLACEMENT_2D('',#2767,#2768);
#2767 = CARTESIAN_POINT('',(2.933502854163E-15,-4.040240899597E-15));
#2768 = DIRECTION('',(1.,0.));
#2769 = ( GEOMETRIC_REPRESENTATION_CONTEXT(2) 
PARAMETRIC_REPRESENTATION_CONTEXT() REPRESENTATION_CONTEXT('2D SPACE',''
  ) );
#2770 = ORIENTED_EDGE('',*,*,#735,.T.);
#2771 = ADVANCED_FACE('',(#2772),#776,.T.);
#2772 = FACE_BOUND('',#2773,.T.);
#2773 = EDGE_LOOP('',(#2774,#2775,#2776,#2777,#2867,#2868,#2890,#2891));
#2774 = ORIENTED_EDGE('',*,*,#1652,.F.);
#2775 = ORIENTED_EDGE('',*,*,#2749,.T.);
#2776 = ORIENTED_EDGE('',*,*,#761,.F.);
#2777 = ORIENTED_EDGE('',*,*,#2778,.T.);
#2778 = EDGE_CURVE('',#762,#2410,#2779,.T.);
#2779 = SURFACE_CURVE('',#2780,(#2807,#2837),.PCURVE_S1.);
#2780 = B_SPLINE_CURVE_WITH_KNOTS('',5,(#2781,#2782,#2783,#2784,#2785,
    #2786,#2787,#2788,#2789,#2790,#2791,#2792,#2793,#2794,#2795,#2796,
    #2797,#2798,#2799,#2800,#2801,#2802,#2803,#2804,#2805,#2806),
  .UNSPECIFIED.,.F.,.F.,(6,4,4,4,4,4,6),(0.,0.129880575794,
    0.230451008735,0.501040005407,0.770581142393,0.87112634065,1.),
  .UNSPECIFIED.);
#2781 = CARTESIAN_POINT('',(41.640348523929,0.849803031101,80.7));
#2782 = CARTESIAN_POINT('',(41.667597885306,0.812909951332,80.7));
#2783 = CARTESIAN_POINT('',(41.693447393029,0.774842059614,80.7));
#2784 = CARTESIAN_POINT('',(41.717804726956,0.735667057471,80.7));
#2785 = CARTESIAN_POINT('',(41.740587800059,0.695464802362,80.7));
#2786 = CARTESIAN_POINT('',(41.778091740488,0.622473309319,80.7));
#2787 = CARTESIAN_POINT('',(41.793471852513,0.590058297179,80.7));
#2788 = CARTESIAN_POINT('',(41.807831853498,0.557124778892,80.7));
#2789 = CARTESIAN_POINT('',(41.821142733378,0.523718305995,80.7));
#2790 = CARTESIAN_POINT('',(41.866303823505,0.398864191677,80.7));
#2791 = CARTESIAN_POINT('',(41.891455985063,0.304761374478,80.7));
#2792 = CARTESIAN_POINT('',(41.908349222788,0.208541811779,80.7));
#2793 = CARTESIAN_POINT('',(41.916740367797,0.111249909416,80.7));
#2794 = CARTESIAN_POINT('',(41.916518955874,-8.292067397766E-02,80.7));
#2795 = CARTESIAN_POINT('',(41.907972112687,-0.179813986481,80.7));
#2796 = CARTESIAN_POINT('',(41.890991897272,-0.275625811382,80.7));
#2797 = CARTESIAN_POINT('',(41.865820670002,-0.369324245948,80.7));
#2798 = CARTESIAN_POINT('',(41.820676109398,-0.49376674148,80.7));
#2799 = CARTESIAN_POINT('',(41.807338335055,-0.527149946441,80.7));
#2800 = CARTESIAN_POINT('',(41.792952502975,-0.560059231615,80.7));
#2801 = CARTESIAN_POINT('',(41.77754766709,-0.592449105717,80.7));
#2802 = CARTESIAN_POINT('',(41.74014853831,-0.665072643426,80.7));
#2803 = CARTESIAN_POINT('',(41.717520353574,-0.704945517391,80.7));
#2804 = CARTESIAN_POINT('',(41.693342886547,-0.743805939299,80.7));
#2805 = CARTESIAN_POINT('',(41.667696398334,-0.781575897862,80.7));
#2806 = CARTESIAN_POINT('',(41.640671080675,-0.818189178856,80.7));
#2807 = PCURVE('',#776,#2808);
#2808 = DEFINITIONAL_REPRESENTATION('',(#2809),#2836);
#2809 = B_SPLINE_CURVE_WITH_KNOTS('',5,(#2810,#2811,#2812,#2813,#2814,
    #2815,#2816,#2817,#2818,#2819,#2820,#2821,#2822,#2823,#2824,#2825,
    #2826,#2827,#2828,#2829,#2830,#2831,#2832,#2833,#2834,#2835),
  .UNSPECIFIED.,.F.,.F.,(6,4,4,4,4,4,6),(0.,0.129880575794,
    0.230451008735,0.501040005407,0.770581142393,0.87112634065,1.),
  .UNSPECIFIED.);
#2810 = CARTESIAN_POINT('',(41.640348523929,0.849803031101));
#2811 = CARTESIAN_POINT('',(41.667597885306,0.812909951332));
#2812 = CARTESIAN_POINT('',(41.693447393029,0.774842059614));
#2813 = CARTESIAN_POINT('',(41.717804726956,0.735667057471));
#2814 = CARTESIAN_POINT('',(41.740587800059,0.695464802362));
#2815 = CARTESIAN_POINT('',(41.778091740488,0.622473309319));
#2816 = CARTESIAN_POINT('',(41.793471852513,0.590058297179));
#2817 = CARTESIAN_POINT('',(41.807831853498,0.557124778892));
#2818 = CARTESIAN_POINT('',(41.821142733378,0.523718305995));
#2819 = CARTESIAN_POINT('',(41.866303823505,0.398864191677));
#2820 = CARTESIAN_POINT('',(41.891455985063,0.304761374478));
#2821 = CARTESIAN_POINT('',(41.908349222788,0.208541811779));
#2822 = CARTESIAN_POINT('',(41.916740367797,0.111249909416));
#2823 = CARTESIAN_POINT('',(41.916518955874,-8.292067397766E-02));
#2824 = CARTESIAN_POINT('',(41.907972112687,-0.179813986481));
#2825 = CARTESIAN_POINT('',(41.890991897272,-0.275625811382));
#2826 = CARTESIAN_POINT('',(41.865820670002,-0.369324245948));
#2827 = CARTESIAN_POINT('',(41.820676109398,-0.49376674148));
#2828 = CARTESIAN_POINT('',(41.807338335055,-0.527149946441));
#2829 = CARTESIAN_POINT('',(41.792952502975,-0.560059231615));
#2830 = CARTESIAN_POINT('',(41.77754766709,-0.592449105717));
#2831 = CARTESIAN_POINT('',(41.74014853831,-0.665072643426));
#2832 = CARTESIAN_POINT('',(41.717520353574,-0.704945517391));
#2833 = CARTESIAN_POINT('',(41.693342886547,-0.743805939299));
#2834 = CARTESIAN_POINT('',(41.667696398334,-0.781575897862));
#2835 = CARTESIAN_POINT('',(41.640671080675,-0.818189178856));
#2836 = ( GEOMETRIC_REPRESENTATION_CONTEXT(2) 
PARAMETRIC_REPRESENTATION_CONTEXT() REPRESENTATION_CONTEXT('2D SPACE',''
  ) );
#2837 = PCURVE('',#1025,#2838);
#2838 = DEFINITIONAL_REPRESENTATION('',(#2839),#2866);
#2839 = B_SPLINE_CURVE_WITH_KNOTS('',5,(#2840,#2841,#2842,#2843,#2844,
    #2845,#2846,#2847,#2848,#2849,#2850,#2851,#2852,#2853,#2854,#2855,
    #2856,#2857,#2858,#2859,#2860,#2861,#2862,#2863,#2864,#2865),
  .UNSPECIFIED.,.F.,.F.,(6,4,4,4,4,4,6),(0.,0.129880575794,
    0.230451008735,0.501040005407,0.770581142393,0.87112634065,1.),
  .UNSPECIFIED.);
#2840 = CARTESIAN_POINT('',(1.,0.754808530097));
#2841 = CARTESIAN_POINT('',(0.973049930182,0.754808530097));
#2842 = CARTESIAN_POINT('',(0.946292141247,0.754808530097));
#2843 = CARTESIAN_POINT('',(0.919709357045,0.754808530097));
#2844 = CARTESIAN_POINT('',(0.893284361778,0.754808530097));
#2845 = CARTESIAN_POINT('',(0.846647228791,0.754808530097));
#2846 = CARTESIAN_POINT('',(0.826378747145,0.754808530097));
#2847 = CARTESIAN_POINT('',(0.806186603317,0.754808530097));
#2848 = CARTESIAN_POINT('',(0.786062941136,0.754808530097));
#2849 = CARTESIAN_POINT('',(0.712019809664,0.754808530097));
#2850 = CARTESIAN_POINT('',(0.658475140496,0.754808530097));
#2851 = CARTESIAN_POINT('',(0.605226143485,0.754808530097));
#2852 = CARTESIAN_POINT('',(0.552112141795,0.754808530097));
#2853 = CARTESIAN_POINT('',(0.446093535719,0.754808530097));
#2854 = CARTESIAN_POINT('',(0.393180780819,0.754808530097));
#2855 = CARTESIAN_POINT('',(0.340130076293,0.754808530097));
#2856 = CARTESIAN_POINT('',(0.286782612834,0.754808530097));
#2857 = CARTESIAN_POINT('',(0.212937817542,0.754808530097));
#2858 = CARTESIAN_POINT('',(0.192814533516,0.754808530097));
#2859 = CARTESIAN_POINT('',(0.172622388558,0.754808530097));
#2860 = CARTESIAN_POINT('',(0.152353527626,0.754808530097));
#2861 = CARTESIAN_POINT('',(0.10591189603,0.754808530097));
#2862 = CARTESIAN_POINT('',(7.968464252233E-02,0.754808530097));
#2863 = CARTESIAN_POINT('',(5.330146984954E-02,0.754808530097));
#2864 = CARTESIAN_POINT('',(2.674555068463E-02,0.754808530097));
#2865 = CARTESIAN_POINT('',(0.,0.754808530097));
#2866 = ( GEOMETRIC_REPRESENTATION_CONTEXT(2) 
PARAMETRIC_REPRESENTATION_CONTEXT() REPRESENTATION_CONTEXT('2D SPACE',''
  ) );
#2867 = ORIENTED_EDGE('',*,*,#2433,.T.);
#2868 = ORIENTED_EDGE('',*,*,#2869,.F.);
#2869 = EDGE_CURVE('',#1989,#2434,#2870,.T.);
#2870 = SURFACE_CURVE('',#2871,(#2876,#2883),.PCURVE_S1.);
#2871 = CIRCLE('',#2872,39.75);
#2872 = AXIS2_PLACEMENT_3D('',#2873,#2874,#2875);
#2873 = CARTESIAN_POINT('',(0.,0.,80.7));
#2874 = DIRECTION('',(0.,0.,1.));
#2875 = DIRECTION('',(1.,0.,0.));
#2876 = PCURVE('',#776,#2877);
#2877 = DEFINITIONAL_REPRESENTATION('',(#2878),#2882);
#2878 = CIRCLE('',#2879,39.75);
#2879 = AXIS2_PLACEMENT_2D('',#2880,#2881);
#2880 = CARTESIAN_POINT('',(2.933502854163E-15,-4.040240899597E-15));
#2881 = DIRECTION('',(1.,0.));
#2882 = ( GEOMETRIC_REPRESENTATION_CONTEXT(2) 
PARAMETRIC_REPRESENTATION_CONTEXT() REPRESENTATION_CONTEXT('2D SPACE',''
  ) );
#2883 = PCURVE('',#2086,#2884);
#2884 = DEFINITIONAL_REPRESENTATION('',(#2885),#2889);
#2885 = LINE('',#2886,#2887);
#2886 = CARTESIAN_POINT('',(-0.,0.));
#2887 = VECTOR('',#2888,1.);
#2888 = DIRECTION('',(-1.,0.));
#2889 = ( GEOMETRIC_REPRESENTATION_CONTEXT(2) 
PARAMETRIC_REPRESENTATION_CONTEXT() REPRESENTATION_CONTEXT('2D SPACE',''
  ) );
#2890 = ORIENTED_EDGE('',*,*,#2139,.T.);
#2891 = ORIENTED_EDGE('',*,*,#1756,.T.);
#2892 = ADVANCED_FACE('',(#2893),#1025,.F.);
#2893 = FACE_BOUND('',#2894,.F.);
#2894 = EDGE_LOOP('',(#2895,#2896,#2897));
#2895 = ORIENTED_EDGE('',*,*,#2409,.F.);
#2896 = ORIENTED_EDGE('',*,*,#787,.F.);
#2897 = ORIENTED_EDGE('',*,*,#2778,.T.);
#2898 = ADVANCED_FACE('',(#2899),#1230,.F.);
#2899 = FACE_BOUND('',#2900,.T.);
#2900 = EDGE_LOOP('',(#2901,#2902,#2925,#2952));
#2901 = ORIENTED_EDGE('',*,*,#1209,.T.);
#2902 = ORIENTED_EDGE('',*,*,#2903,.T.);
#2903 = EDGE_CURVE('',#1210,#2904,#2906,.T.);
#2904 = VERTEX_POINT('',#2905);
#2905 = CARTESIAN_POINT('',(43.5,-12.,54.5));
#2906 = SEAM_CURVE('',#2907,(#2911,#2918),.PCURVE_S1.);
#2907 = LINE('',#2908,#2909);
#2908 = CARTESIAN_POINT('',(43.5,0.,54.5));
#2909 = VECTOR('',#2910,1.);
#2910 = DIRECTION('',(0.,-1.,0.));
#2911 = PCURVE('',#1230,#2912);
#2912 = DEFINITIONAL_REPRESENTATION('',(#2913),#2917);
#2913 = LINE('',#2914,#2915);
#2914 = CARTESIAN_POINT('',(-6.28318530718,0.));
#2915 = VECTOR('',#2916,1.);
#2916 = DIRECTION('',(-0.,-1.));
#2917 = ( GEOMETRIC_REPRESENTATION_CONTEXT(2) 
PARAMETRIC_REPRESENTATION_CONTEXT() REPRESENTATION_CONTEXT('2D SPACE',''
  ) );
#2918 = PCURVE('',#1230,#2919);
#2919 = DEFINITIONAL_REPRESENTATION('',(#2920),#2924);
#2920 = LINE('',#2921,#2922);
#2921 = CARTESIAN_POINT('',(-0.,0.));
#2922 = VECTOR('',#2923,1.);
#2923 = DIRECTION('',(-0.,-1.));
#2924 = ( GEOMETRIC_REPRESENTATION_CONTEXT(2) 
PARAMETRIC_REPRESENTATION_CONTEXT() REPRESENTATION_CONTEXT('2D SPACE',''
  ) );
#2925 = ORIENTED_EDGE('',*,*,#2926,.T.);
#2926 = EDGE_CURVE('',#2904,#2904,#2927,.T.);
#2927 = SURFACE_CURVE('',#2928,(#2933,#2940),.PCURVE_S1.);
#2928 = CIRCLE('',#2929,2.);
#2929 = AXIS2_PLACEMENT_3D('',#2930,#2931,#2932);
#2930 = CARTESIAN_POINT('',(41.5,-12.,54.5));
#2931 = DIRECTION('',(0.,-1.,0.));
#2932 = DIRECTION('',(1.,0.,0.));
#2933 = PCURVE('',#1230,#2934);
#2934 = DEFINITIONAL_REPRESENTATION('',(#2935),#2939);
#2935 = LINE('',#2936,#2937);
#2936 = CARTESIAN_POINT('',(-0.,-12.));
#2937 = VECTOR('',#2938,1.);
#2938 = DIRECTION('',(-1.,0.));
#2939 = ( GEOMETRIC_REPRESENTATION_CONTEXT(2) 
PARAMETRIC_REPRESENTATION_CONTEXT() REPRESENTATION_CONTEXT('2D SPACE',''
  ) );
#2940 = PCURVE('',#2941,#2946);
#2941 = PLANE('',#2942);
#2942 = AXIS2_PLACEMENT_3D('',#2943,#2944,#2945);
#2943 = CARTESIAN_POINT('',(41.5,-12.,54.5));
#2944 = DIRECTION('',(-0.,-1.,-0.));
#2945 = DIRECTION('',(0.,0.,-1.));
#2946 = DEFINITIONAL_REPRESENTATION('',(#2947),#2951);
#2947 = CIRCLE('',#2948,2.);
#2948 = AXIS2_PLACEMENT_2D('',#2949,#2950);
#2949 = CARTESIAN_POINT('',(-7.105427357601E-15,7.105427357601E-15));
#2950 = DIRECTION('',(0.,1.));
#2951 = ( GEOMETRIC_REPRESENTATION_CONTEXT(2) 
PARAMETRIC_REPRESENTATION_CONTEXT() REPRESENTATION_CONTEXT('2D SPACE',''
  ) );
#2952 = ORIENTED_EDGE('',*,*,#2903,.F.);
#2953 = ADVANCED_FACE('',(#2954),#1715,.F.);
#2954 = FACE_BOUND('',#2955,.T.);
#2955 = EDGE_LOOP('',(#2956,#2957,#2980,#3007));
#2956 = ORIENTED_EDGE('',*,*,#1694,.T.);
#2957 = ORIENTED_EDGE('',*,*,#2958,.T.);
#2958 = EDGE_CURVE('',#1695,#2959,#2961,.T.);
#2959 = VERTEX_POINT('',#2960);
#2960 = CARTESIAN_POINT('',(-39.5,-12.,54.5));
#2961 = SEAM_CURVE('',#2962,(#2966,#2973),.PCURVE_S1.);
#2962 = LINE('',#2963,#2964);
#2963 = CARTESIAN_POINT('',(-39.5,0.,54.5));
#2964 = VECTOR('',#2965,1.);
#2965 = DIRECTION('',(0.,-1.,0.));
#2966 = PCURVE('',#1715,#2967);
#2967 = DEFINITIONAL_REPRESENTATION('',(#2968),#2972);
#2968 = LINE('',#2969,#2970);
#2969 = CARTESIAN_POINT('',(-6.28318530718,0.));
#2970 = VECTOR('',#2971,1.);
#2971 = DIRECTION('',(-0.,-1.));
#2972 = ( GEOMETRIC_REPRESENTATION_CONTEXT(2) 
PARAMETRIC_REPRESENTATION_CONTEXT() REPRESENTATION_CONTEXT('2D SPACE',''
  ) );
#2973 = PCURVE('',#1715,#2974);
#2974 = DEFINITIONAL_REPRESENTATION('',(#2975),#2979);
#2975 = LINE('',#2976,#2977);
#2976 = CARTESIAN_POINT('',(-0.,0.));
#2977 = VECTOR('',#2978,1.);
#2978 = DIRECTION('',(-0.,-1.));
#2979 = ( GEOMETRIC_REPRESENTATION_CONTEXT(2) 
PARAMETRIC_REPRESENTATION_CONTEXT() REPRESENTATION_CONTEXT('2D SPACE',''
  ) );
#2980 = ORIENTED_EDGE('',*,*,#2981,.T.);
#2981 = EDGE_CURVE('',#2959,#2959,#2982,.T.);
#2982 = SURFACE_CURVE('',#2983,(#2988,#2995),.PCURVE_S1.);
#2983 = CIRCLE('',#2984,2.);
#2984 = AXIS2_PLACEMENT_3D('',#2985,#2986,#2987);
#2985 = CARTESIAN_POINT('',(-41.5,-12.,54.5));
#2986 = DIRECTION('',(0.,-1.,0.));
#2987 = DIRECTION('',(1.,0.,0.));
#2988 = PCURVE('',#1715,#2989);
#2989 = DEFINITIONAL_REPRESENTATION('',(#2990),#2994);
#2990 = LINE('',#2991,#2992);
#2991 = CARTESIAN_POINT('',(-0.,-12.));
#2992 = VECTOR('',#2993,1.);
#2993 = DIRECTION('',(-1.,0.));
#2994 = ( GEOMETRIC_REPRESENTATION_CONTEXT(2) 
PARAMETRIC_REPRESENTATION_CONTEXT() REPRESENTATION_CONTEXT('2D SPACE',''
  ) );
#2995 = PCURVE('',#2996,#3001);
#2996 = PLANE('',#2997);
#2997 = AXIS2_PLACEMENT_3D('',#2998,#2999,#3000);
#2998 = CARTESIAN_POINT('',(-41.5,-12.,54.5));
#2999 = DIRECTION('',(-0.,-1.,-0.));
#3000 = DIRECTION('',(0.,0.,-1.));
#3001 = DEFINITIONAL_REPRESENTATION('',(#3002),#3006);
#3002 = CIRCLE('',#3003,2.);
#3003 = AXIS2_PLACEMENT_2D('',#3004,#3005);
#3004 = CARTESIAN_POINT('',(-7.105427357601E-15,0.));
#3005 = DIRECTION('',(0.,1.));
#3006 = ( GEOMETRIC_REPRESENTATION_CONTEXT(2) 
PARAMETRIC_REPRESENTATION_CONTEXT() REPRESENTATION_CONTEXT('2D SPACE',''
  ) );
#3007 = ORIENTED_EDGE('',*,*,#2958,.F.);
#3008 = ADVANCED_FACE('',(#3009),#2086,.T.);
#3009 = FACE_BOUND('',#3010,.F.);
#3010 = EDGE_LOOP('',(#3011,#3039,#3132,#3133,#3134,#3135,#3287,#3313));
#3011 = ORIENTED_EDGE('',*,*,#3012,.T.);
#3012 = EDGE_CURVE('',#3013,#3015,#3017,.T.);
#3013 = VERTEX_POINT('',#3014);
#3014 = CARTESIAN_POINT('',(39.75,-5.670707940963E-06,109.));
#3015 = VERTEX_POINT('',#3016);
#3016 = CARTESIAN_POINT('',(39.75,0.,98.064636865758));
#3017 = SURFACE_CURVE('',#3018,(#3022,#3028),.PCURVE_S1.);
#3018 = LINE('',#3019,#3020);
#3019 = CARTESIAN_POINT('',(39.75,-5.670707919931E-06,80.7));
#3020 = VECTOR('',#3021,1.);
#3021 = DIRECTION('',(-0.,-0.,-1.));
#3022 = PCURVE('',#2086,#3023);
#3023 = DEFINITIONAL_REPRESENTATION('',(#3024),#3027);
#3024 = B_SPLINE_CURVE_WITH_KNOTS('',1,(#3025,#3026),.UNSPECIFIED.,.F.,
  .F.,(2,2),(-28.3000006,1.199999999812E-06),.PIECEWISE_BEZIER_KNOTS.);
#3025 = CARTESIAN_POINT('',(-6.28318516452,-28.3000006));
#3026 = CARTESIAN_POINT('',(-6.28318516452,1.199999999812E-06));
#3027 = ( GEOMETRIC_REPRESENTATION_CONTEXT(2) 
PARAMETRIC_REPRESENTATION_CONTEXT() REPRESENTATION_CONTEXT('2D SPACE',''
  ) );
#3028 = PCURVE('',#3029,#3034);
#3029 = PLANE('',#3030);
#3030 = AXIS2_PLACEMENT_3D('',#3031,#3032,#3033);
#3031 = CARTESIAN_POINT('',(1.847204318023E-04,-5.670707919931E-06,
    52.831249336744));
#3032 = DIRECTION('',(-0.,-1.,-0.));
#3033 = DIRECTION('',(0.,0.,-1.));
#3034 = DEFINITIONAL_REPRESENTATION('',(#3035),#3038);
#3035 = B_SPLINE_CURVE_WITH_KNOTS('',1,(#3036,#3037),.UNSPECIFIED.,.F.,
  .F.,(2,2),(-28.3000006,1.199999999812E-06),.PIECEWISE_BEZIER_KNOTS.);
#3036 = CARTESIAN_POINT('',(-56.16875126325,39.749815279568));
#3037 = CARTESIAN_POINT('',(-27.86874946325,39.749815279568));
#3038 = ( GEOMETRIC_REPRESENTATION_CONTEXT(2) 
PARAMETRIC_REPRESENTATION_CONTEXT() REPRESENTATION_CONTEXT('2D SPACE',''
  ) );
#3039 = ORIENTED_EDGE('',*,*,#3040,.T.);
#3040 = EDGE_CURVE('',#3015,#2514,#3041,.T.);
#3041 = SURFACE_CURVE('',#3042,(#3070,#3101),.PCURVE_S1.);
#3042 = B_SPLINE_CURVE_WITH_KNOTS('',6,(#3043,#3044,#3045,#3046,#3047,
    #3048,#3049,#3050,#3051,#3052,#3053,#3054,#3055,#3056,#3057,#3058,
    #3059,#3060,#3061,#3062,#3063,#3064,#3065,#3066,#3067,#3068,#3069),
  .UNSPECIFIED.,.F.,.F.,(7,5,5,5,5,7),(0.,0.425643517427,0.550475954791,
    0.623380410416,0.781852299215,1.),.UNSPECIFIED.);
#3043 = CARTESIAN_POINT('',(39.75,-9.769962616701E-15,98.064636865758));
#3044 = CARTESIAN_POINT('',(39.75,-7.585054273857E-02,98.064142006295));
#3045 = CARTESIAN_POINT('',(39.749826300622,-0.151582111822,
    98.058955154009));
#3046 = CARTESIAN_POINT('',(39.749480024347,-0.22649565963,
    98.049069068539));
#3047 = CARTESIAN_POINT('',(39.748972506487,-0.299676694451,
    98.034327442609));
#3048 = CARTESIAN_POINT('',(39.748333109976,-0.369984916253,
    98.014531237825));
#3049 = CARTESIAN_POINT('',(39.7473947062,-0.455511006775,97.98223171321
    ));
#3050 = CARTESIAN_POINT('',(39.747174545644,-0.474541039884,
    97.974464035802));
#3051 = CARTESIAN_POINT('',(39.746948236127,-0.493169775942,
    97.96625156332));
#3052 = CARTESIAN_POINT('',(39.746717103328,-0.511359703674,
    97.957594984169));
#3053 = CARTESIAN_POINT('',(39.746482590555,-0.529072222976,
    97.948497414993));
#3054 = CARTESIAN_POINT('',(39.746108236577,-0.556310089839,
    97.93339694374));
#3055 = CARTESIAN_POINT('',(39.745969591618,-0.56617623317,
    97.927681039529));
#3056 = CARTESIAN_POINT('',(39.74583063392,-0.575858198117,97.921817883)
  );
#3057 = CARTESIAN_POINT('',(39.745691679746,-0.585348225293,
    97.915809082625));
#3058 = CARTESIAN_POINT('',(39.745553051569,-0.594638672725,
    97.909656660383));
#3059 = CARTESIAN_POINT('',(39.745115166052,-0.623466413221,
    97.889682680147));
#3060 = CARTESIAN_POINT('',(39.744818326731,-0.642233459976,
    97.875334476885));
#3061 = CARTESIAN_POINT('',(39.744527945079,-0.659944185337,
    97.860345045719));
#3062 = CARTESIAN_POINT('',(39.744247403707,-0.676528538427,
    97.844749215677));
#3063 = CARTESIAN_POINT('',(39.743979880185,-0.691927826163,
    97.828591041942));
#3064 = CARTESIAN_POINT('',(39.743381612302,-0.725602223567,
    97.788982561739));
#3065 = CARTESIAN_POINT('',(39.743064916965,-0.742780266048,
    97.765073132932));
#3066 = CARTESIAN_POINT('',(39.742785417572,-0.75751055866,
    97.740340331214));
#3067 = CARTESIAN_POINT('',(39.74254841701,-0.769744676433,
    97.714939542973));
#3068 = CARTESIAN_POINT('',(39.742357135215,-0.779488677586,
    97.689031514517));
#3069 = CARTESIAN_POINT('',(39.742212682546,-0.786785291737,
    97.662776136519));
#3070 = PCURVE('',#2086,#3071);
#3071 = DEFINITIONAL_REPRESENTATION('',(#3072),#3100);
#3072 = B_SPLINE_CURVE_WITH_KNOTS('',6,(#3073,#3074,#3075,#3076,#3077,
    #3078,#3079,#3080,#3081,#3082,#3083,#3084,#3085,#3086,#3087,#3088,
    #3089,#3090,#3091,#3092,#3093,#3094,#3095,#3096,#3097,#3098,#3099),
  .UNSPECIFIED.,.F.,.F.,(7,5,5,5,5,7),(0.,0.425643517427,0.550475954791,
    0.623380410416,0.781852299215,1.),.UNSPECIFIED.);
#3073 = CARTESIAN_POINT('',(-6.28318530718,-17.36463686575));
#3074 = CARTESIAN_POINT('',(-6.281277117425,-17.36414200629));
#3075 = CARTESIAN_POINT('',(-6.279371920704,-17.358955154));
#3076 = CARTESIAN_POINT('',(-6.277487290712,-17.34906906853));
#3077 = CARTESIAN_POINT('',(-6.275646220892,-17.3343274426));
#3078 = CARTESIAN_POINT('',(-6.273877390561,-17.31453123782));
#3079 = CARTESIAN_POINT('',(-6.27172566129,-17.28223171321));
#3080 = CARTESIAN_POINT('',(-6.271246886368,-17.2744640358));
#3081 = CARTESIAN_POINT('',(-6.270778204452,-17.26625156332));
#3082 = CARTESIAN_POINT('',(-6.270320559366,-17.25759498416));
#3083 = CARTESIAN_POINT('',(-6.269874922399,-17.24849741499));
#3084 = CARTESIAN_POINT('',(-6.26918962833,-17.23339694374));
#3085 = CARTESIAN_POINT('',(-6.268941398972,-17.22768103952));
#3086 = CARTESIAN_POINT('',(-6.268697802458,-17.221817883));
#3087 = CARTESIAN_POINT('',(-6.268459034059,-17.21580908262));
#3088 = CARTESIAN_POINT('',(-6.268225286101,-17.20965666038));
#3089 = CARTESIAN_POINT('',(-6.267499976265,-17.18968268014));
#3090 = CARTESIAN_POINT('',(-6.267027790342,-17.17533447688));
#3091 = CARTESIAN_POINT('',(-6.266582177721,-17.16034504571));
#3092 = CARTESIAN_POINT('',(-6.266164901672,-17.14474921567));
#3093 = CARTESIAN_POINT('',(-6.265777439781,-17.12859104194));
#3094 = CARTESIAN_POINT('',(-6.264930151442,-17.08898256173));
#3095 = CARTESIAN_POINT('',(-6.264497926091,-17.06507313293));
#3096 = CARTESIAN_POINT('',(-6.264127286048,-17.04034033121));
#3097 = CARTESIAN_POINT('',(-6.263819451769,-17.01493954297));
#3098 = CARTESIAN_POINT('',(-6.26357427244,-16.98903151451));
#3099 = CARTESIAN_POINT('',(-6.263390673852,-16.96277613651));
#3100 = ( GEOMETRIC_REPRESENTATION_CONTEXT(2) 
PARAMETRIC_REPRESENTATION_CONTEXT() REPRESENTATION_CONTEXT('2D SPACE',''
  ) );
#3101 = PCURVE('',#2655,#3102);
#3102 = DEFINITIONAL_REPRESENTATION('',(#3103),#3131);
#3103 = B_SPLINE_CURVE_WITH_KNOTS('',6,(#3104,#3105,#3106,#3107,#3108,
    #3109,#3110,#3111,#3112,#3113,#3114,#3115,#3116,#3117,#3118,#3119,
    #3120,#3121,#3122,#3123,#3124,#3125,#3126,#3127,#3128,#3129,#3130),
  .UNSPECIFIED.,.F.,.F.,(7,5,5,5,5,7),(0.,0.425643517427,0.550475954791,
    0.623380410416,0.781852299215,1.),.UNSPECIFIED.);
#3104 = CARTESIAN_POINT('',(0.495914463738,0.972013510619));
#3105 = CARTESIAN_POINT('',(0.463194385467,0.972001050987));
#3106 = CARTESIAN_POINT('',(0.43046414122,0.971870455624));
#3107 = CARTESIAN_POINT('',(0.397467016369,0.971621631065));
#3108 = CARTESIAN_POINT('',(0.364034221912,0.971251823817));
#3109 = CARTESIAN_POINT('',(0.330012493496,0.970758577834));
#3110 = CARTESIAN_POINT('',(0.285093183739,0.969961846497));
#3111 = CARTESIAN_POINT('',(0.274848642886,0.969770665029));
#3112 = CARTESIAN_POINT('',(0.264544697339,0.969569029354));
#3113 = CARTESIAN_POINT('',(0.254181129794,0.969357055705));
#3114 = CARTESIAN_POINT('',(0.243758803376,0.969134925509));
#3115 = CARTESIAN_POINT('',(0.227159648761,0.968767369647));
#3116 = CARTESIAN_POINT('',(0.221020278344,0.968628475361));
#3117 = CARTESIAN_POINT('',(0.214861973152,0.968486253659));
#3118 = CARTESIAN_POINT('',(0.208685290074,0.968340765708));
#3119 = CARTESIAN_POINT('',(0.202490920117,0.9681920827));
#3120 = CARTESIAN_POINT('',(0.182778378897,0.967710326154));
#3121 = CARTESIAN_POINT('',(0.169196632629,0.967365635777));
#3122 = CARTESIAN_POINT('',(0.155544411474,0.967007085097));
#3123 = CARTESIAN_POINT('',(0.141832372796,0.966635735994));
#3124 = CARTESIAN_POINT('',(0.128072668164,0.966252847007));
#3125 = CARTESIAN_POINT('',(9.529280921241E-02,0.965318929684));
#3126 = CARTESIAN_POINT('',(7.623935578154E-02,0.964758775052));
#3127 = CARTESIAN_POINT('',(5.715907347624E-02,0.964183283087));
#3128 = CARTESIAN_POINT('',(3.808008683832E-02,0.963596435444));
#3129 = CARTESIAN_POINT('',(1.902217609565E-02,0.963002166258));
#3130 = CARTESIAN_POINT('',(0.,0.962404201472));
#3131 = ( GEOMETRIC_REPRESENTATION_CONTEXT(2) 
PARAMETRIC_REPRESENTATION_CONTEXT() REPRESENTATION_CONTEXT('2D SPACE',''
  ) );
#3132 = ORIENTED_EDGE('',*,*,#2513,.F.);
#3133 = ORIENTED_EDGE('',*,*,#2869,.F.);
#3134 = ORIENTED_EDGE('',*,*,#1988,.F.);
#3135 = ORIENTED_EDGE('',*,*,#3136,.T.);
#3136 = EDGE_CURVE('',#1920,#3137,#3139,.T.);
#3137 = VERTEX_POINT('',#3138);
#3138 = CARTESIAN_POINT('',(-39.75,-5.670707919993E-06,98.064694677996)
  );
#3139 = SURFACE_CURVE('',#3140,(#3187,#3237),.PCURVE_S1.);
#3140 = B_SPLINE_CURVE_WITH_KNOTS('',5,(#3141,#3142,#3143,#3144,#3145,
    #3146,#3147,#3148,#3149,#3150,#3151,#3152,#3153,#3154,#3155,#3156,
    #3157,#3158,#3159,#3160,#3161,#3162,#3163,#3164,#3165,#3166,#3167,
    #3168,#3169,#3170,#3171,#3172,#3173,#3174,#3175,#3176,#3177,#3178,
    #3179,#3180,#3181,#3182,#3183,#3184,#3185,#3186),.UNSPECIFIED.,.F.,
  .F.,(6,4,4,4,4,4,4,4,4,4,4,6),(0.,0.103830234083,0.182334703089,
    0.21944291256,0.28131618191,0.349114832632,0.500005178744,
    0.650514413687,0.718323751624,0.781191398699,0.896774291498,1.),
  .UNSPECIFIED.);
#3141 = CARTESIAN_POINT('',(-39.74172478392,-0.811055607835,
    97.662934369644));
#3142 = CARTESIAN_POINT('',(-39.74191543927,-0.80171349551,
    97.693322089952));
#3143 = CARTESIAN_POINT('',(-39.74217243903,-0.788985162117,
    97.723187213926));
#3144 = CARTESIAN_POINT('',(-39.74249307291,-0.772813226825,
    97.752248780794));
#3145 = CARTESIAN_POINT('',(-39.74286926245,-0.753234156873,
    97.780227797878));
#3146 = CARTESIAN_POINT('',(-39.7436043667,-0.713238097707,
    97.82702385783));
#3147 = CARTESIAN_POINT('',(-39.7439451715,-0.694187703845,
    97.846414182611));
#3148 = CARTESIAN_POINT('',(-39.74430468861,-0.673395943118,
    97.864940583038));
#3149 = CARTESIAN_POINT('',(-39.74467612867,-0.650990847381,
    97.882526285847));
#3150 = CARTESIAN_POINT('',(-39.74523067206,-0.615845845461,
    97.906961199361));
#3151 = CARTESIAN_POINT('',(-39.74540981284,-0.604238884963,
    97.914582287225));
#3152 = CARTESIAN_POINT('',(-39.74558938483,-0.592321385827,
    97.921976311997));
#3153 = CARTESIAN_POINT('',(-39.74576869035,-0.580109666895,
    97.929139332028));
#3154 = CARTESIAN_POINT('',(-39.74624444687,-0.546796219775,
    97.947622653283));
#3155 = CARTESIAN_POINT('',(-39.74653922786,-0.525200181535,
    97.958526787087));
#3156 = CARTESIAN_POINT('',(-39.74682824563,-0.502910031708,
    97.968769903726));
#3157 = CARTESIAN_POINT('',(-39.74710869886,-0.480000423366,
    97.97834786557));
#3158 = CARTESIAN_POINT('',(-39.74767337208,-0.43083904668,
    97.997033233881));
#3159 = CARTESIAN_POINT('',(-39.74795538775,-0.404476978674,
    98.006007143547));
#3160 = CARTESIAN_POINT('',(-39.74822099596,-0.377549267935,
    98.014189591292));
#3161 = CARTESIAN_POINT('',(-39.74846759315,-0.350139687198,
    98.021588315755));
#3162 = CARTESIAN_POINT('',(-39.74919516513,-0.260415988598,
    98.04296172087));
#3163 = CARTESIAN_POINT('',(-39.74959285801,-0.196510815854,
    98.053877305428));
#3164 = CARTESIAN_POINT('',(-39.7498642734,-0.131386016977,
    98.061088390712));
#3165 = CARTESIAN_POINT('',(-39.75000000095,-6.570019485329E-02,
    98.064694703278));
#3166 = CARTESIAN_POINT('',(-39.74999999905,6.553540211208E-02,
    98.064694652798));
#3167 = CARTESIAN_POINT('',(-39.74986495418,0.131055456514,
    98.061106482555));
#3168 = CARTESIAN_POINT('',(-39.74959490586,0.196018561629,
    98.053931704671));
#3169 = CARTESIAN_POINT('',(-39.74919917075,0.259771452039,
    98.04307165632));
#3170 = CARTESIAN_POINT('',(-39.74847435311,0.349372516239,
    98.021790313158));
#3171 = CARTESIAN_POINT('',(-39.74822815237,0.376796724506,
    98.014407821509));
#3172 = CARTESIAN_POINT('',(-39.7479628945,0.403740261412,
    98.006241522359));
#3173 = CARTESIAN_POINT('',(-39.74768117781,0.430119414182,
    97.99728363352));
#3174 = CARTESIAN_POINT('',(-39.74711268509,0.479689470665,
    97.97848688883));
#3175 = CARTESIAN_POINT('',(-39.74682777658,0.502972563219,
    97.968760107723));
#3176 = CARTESIAN_POINT('',(-39.74653399306,0.5256171767,97.9583472902)
  );
#3177 = CARTESIAN_POINT('',(-39.74623432134,0.547543349251,
    97.947251245618));
#3178 = CARTESIAN_POINT('',(-39.74537629821,0.60751292892,
    97.913852764598));
#3179 = CARTESIAN_POINT('',(-39.74481158892,0.643665388928,
    97.889949144179));
#3180 = CARTESIAN_POINT('',(-39.74425858627,0.676598609652,
    97.863868138252));
#3181 = CARTESIAN_POINT('',(-39.74374065698,0.705845220196,
    97.835802761081));
#3182 = CARTESIAN_POINT('',(-39.74286055757,0.753687122727,
    97.779579289485));
#3183 = CARTESIAN_POINT('',(-39.74248750574,0.773093965529,
    97.751743610677));
#3184 = CARTESIAN_POINT('',(-39.7421694639,0.789132524185,
    97.722841140102));
#3185 = CARTESIAN_POINT('',(-39.74191433501,0.80176760433,
    97.693146086538));
#3186 = CARTESIAN_POINT('',(-39.74172478392,0.811055607835,
    97.662934369643));
#3187 = PCURVE('',#2086,#3188);
#3188 = DEFINITIONAL_REPRESENTATION('',(#3189),#3236);
#3189 = B_SPLINE_CURVE_WITH_KNOTS('',5,(#3190,#3191,#3192,#3193,#3194,
    #3195,#3196,#3197,#3198,#3199,#3200,#3201,#3202,#3203,#3204,#3205,
    #3206,#3207,#3208,#3209,#3210,#3211,#3212,#3213,#3214,#3215,#3216,
    #3217,#3218,#3219,#3220,#3221,#3222,#3223,#3224,#3225,#3226,#3227,
    #3228,#3229,#3230,#3231,#3232,#3233,#3234,#3235),.UNSPECIFIED.,.F.,
  .F.,(6,4,4,4,4,4,4,4,4,4,4,6),(0.,0.103830234083,0.182334703089,
    0.21944291256,0.28131618191,0.349114832632,0.500005178744,
    0.650514413687,0.718323751624,0.781191398699,0.896774291498,1.),
  .UNSPECIFIED.);
#3190 = CARTESIAN_POINT('',(-3.161997984276,-16.96293436964));
#3191 = CARTESIAN_POINT('',(-3.161762913645,-16.99332208995));
#3192 = CARTESIAN_POINT('',(-3.161442638743,-17.02318721392));
#3193 = CARTESIAN_POINT('',(-3.161035717685,-17.05224878079));
#3194 = CARTESIAN_POINT('',(-3.160543071726,-17.08022779787));
#3195 = CARTESIAN_POINT('',(-3.159536711626,-17.12702385783));
#3196 = CARTESIAN_POINT('',(-3.159057379807,-17.14641418261));
#3197 = CARTESIAN_POINT('',(-3.158534238598,-17.16494058303));
#3198 = CARTESIAN_POINT('',(-3.15797051112,-17.18252628584));
#3199 = CARTESIAN_POINT('',(-3.157086250072,-17.20696119936));
#3200 = CARTESIAN_POINT('',(-3.156794216307,-17.21458228722));
#3201 = CARTESIAN_POINT('',(-3.156494371003,-17.22197631199));
#3202 = CARTESIAN_POINT('',(-3.156187124859,-17.22913933202));
#3203 = CARTESIAN_POINT('',(-3.155348965258,-17.24762265328));
#3204 = CARTESIAN_POINT('',(-3.154805618198,-17.25852678708));
#3205 = CARTESIAN_POINT('',(-3.154244812758,-17.26876990372));
#3206 = CARTESIAN_POINT('',(-3.153668427392,-17.27834786557));
#3207 = CARTESIAN_POINT('',(-3.152431581618,-17.29703323388));
#3208 = CARTESIAN_POINT('',(-3.151768347201,-17.30600714354));
#3209 = CARTESIAN_POINT('',(-3.151090887881,-17.31418959129));
#3210 = CARTESIAN_POINT('',(-3.150401311051,-17.32158831575));
#3211 = CARTESIAN_POINT('',(-3.148144036875,-17.34296172087));
#3212 = CARTESIAN_POINT('',(-3.146536331305,-17.35387730542));
#3213 = CARTESIAN_POINT('',(-3.144897962196,-17.36108839071));
#3214 = CARTESIAN_POINT('',(-3.14324548868,-17.36469470327));
#3215 = CARTESIAN_POINT('',(-3.139943964228,-17.36469465279));
#3216 = CARTESIAN_POINT('',(-3.13829566097,-17.36110648255));
#3217 = CARTESIAN_POINT('',(-3.136661359699,-17.35393170467));
#3218 = CARTESIAN_POINT('',(-3.135057485346,-17.34307165632));
#3219 = CARTESIAN_POINT('',(-3.132803296771,-17.32179031315));
#3220 = CARTESIAN_POINT('',(-3.132113352058,-17.3144078215));
#3221 = CARTESIAN_POINT('',(-3.131435494702,-17.30624152235));
#3222 = CARTESIAN_POINT('',(-3.130771830585,-17.29728363352));
#3223 = CARTESIAN_POINT('',(-3.129524703132,-17.27848688883));
#3224 = CARTESIAN_POINT('',(-3.128938921276,-17.26876010772));
#3225 = CARTESIAN_POINT('',(-3.128369197719,-17.2583472902));
#3226 = CARTESIAN_POINT('',(-3.127817544491,-17.24725124561));
#3227 = CARTESIAN_POINT('',(-3.126308721409,-17.21385276459));
#3228 = CARTESIAN_POINT('',(-3.125399115405,-17.18994914417));
#3229 = CARTESIAN_POINT('',(-3.12457049048,-17.16386813825));
#3230 = CARTESIAN_POINT('',(-3.123834611495,-17.13580276108));
#3231 = CARTESIAN_POINT('',(-3.122630837986,-17.07957928948));
#3232 = CARTESIAN_POINT('',(-3.122142525497,-17.05174361067));
#3233 = CARTESIAN_POINT('',(-3.121738960459,-17.0228411401));
#3234 = CARTESIAN_POINT('',(-3.121421032023,-16.99314608653));
#3235 = CARTESIAN_POINT('',(-3.121187322903,-16.96293436964));
#3236 = ( GEOMETRIC_REPRESENTATION_CONTEXT(2) 
PARAMETRIC_REPRESENTATION_CONTEXT() REPRESENTATION_CONTEXT('2D SPACE',''
  ) );
#3237 = PCURVE('',#1936,#3238);
#3238 = DEFINITIONAL_REPRESENTATION('',(#3239),#3286);
#3239 = B_SPLINE_CURVE_WITH_KNOTS('',5,(#3240,#3241,#3242,#3243,#3244,
    #3245,#3246,#3247,#3248,#3249,#3250,#3251,#3252,#3253,#3254,#3255,
    #3256,#3257,#3258,#3259,#3260,#3261,#3262,#3263,#3264,#3265,#3266,
    #3267,#3268,#3269,#3270,#3271,#3272,#3273,#3274,#3275,#3276,#3277,
    #3278,#3279,#3280,#3281,#3282,#3283,#3284,#3285),.UNSPECIFIED.,.F.,
  .F.,(6,4,4,4,4,4,4,4,4,4,4,6),(0.,0.103830234083,0.182334703089,
    0.21944291256,0.28131618191,0.349114832632,0.500005178744,
    0.650514413687,0.718323751624,0.781191398699,0.896774291498,1.),
  .UNSPECIFIED.);
#3240 = CARTESIAN_POINT('',(7.,0.962407805286));
#3241 = CARTESIAN_POINT('',(6.977983569048,0.963099908451));
#3242 = CARTESIAN_POINT('',(6.955943392896,0.963785991873));
#3243 = CARTESIAN_POINT('',(6.933903502847,0.964459474199));
#3244 = CARTESIAN_POINT('',(6.911900917102,0.965113341504));
#3245 = CARTESIAN_POINT('',(6.873440974796,0.96621538866));
#3246 = CARTESIAN_POINT('',(6.856937572359,0.966674911832));
#3247 = CARTESIAN_POINT('',(6.840516349675,0.967116611908));
#3248 = CARTESIAN_POINT('',(6.824197634452,0.967538205798));
#3249 = CARTESIAN_POINT('',(6.800343414993,0.968126921745));
#3250 = CARTESIAN_POINT('',(6.792713717154,0.968311008217));
#3251 = CARTESIAN_POINT('',(6.785112470855,0.968490045265));
#3252 = CARTESIAN_POINT('',(6.777540916931,0.968663889417));
#3253 = CARTESIAN_POINT('',(6.757426144988,0.969113448692));
#3254 = CARTESIAN_POINT('',(6.744937328059,0.969379715568));
#3255 = CARTESIAN_POINT('',(6.732536906765,0.969630733363));
#3256 = CARTESIAN_POINT('',(6.720225293608,0.969866195603));
#3257 = CARTESIAN_POINT('',(6.694603586305,0.970326825006));
#3258 = CARTESIAN_POINT('',(6.68131092568,0.970548833651));
#3259 = CARTESIAN_POINT('',(6.668117852182,0.970751869828));
#3260 = CARTESIAN_POINT('',(6.655017431222,0.970935916609));
#3261 = CARTESIAN_POINT('',(6.613028187356,0.971468669304));
#3262 = CARTESIAN_POINT('',(6.584475302007,0.97174260273));
#3263 = CARTESIAN_POINT('',(6.556210696578,0.971924164784));
#3264 = CARTESIAN_POINT('',(6.528108319777,0.972014966871));
#3265 = CARTESIAN_POINT('',(6.471962183014,0.9720149656));
#3266 = CARTESIAN_POINT('',(6.443930725736,0.971924620311));
#3267 = CARTESIAN_POINT('',(6.415738320091,0.971743972414));
#3268 = CARTESIAN_POINT('',(6.387259759958,0.97147142823));
#3269 = CARTESIAN_POINT('',(6.345347633405,0.970940943344));
#3270 = CARTESIAN_POINT('',(6.332247158917,0.970757290068));
#3271 = CARTESIAN_POINT('',(6.319054138927,0.970554642157));
#3272 = CARTESIAN_POINT('',(6.305761601547,0.970333015137));
#3273 = CARTESIAN_POINT('',(6.279945659415,0.969869607188));
#3274 = CARTESIAN_POINT('',(6.267436920761,0.969630479127));
#3275 = CARTESIAN_POINT('',(6.254836586731,0.969375304404));
#3276 = CARTESIAN_POINT('',(6.242144790762,0.969104372985));
#3277 = CARTESIAN_POINT('',(6.205870758888,0.968292163536));
#3278 = CARTESIAN_POINT('',(6.182073641618,0.967714540932));
#3279 = CARTESIAN_POINT('',(6.15801569144,0.96708907731));
#3280 = CARTESIAN_POINT('',(6.133748847451,0.966422003324));
#3281 = CARTESIAN_POINT('',(6.087589262272,0.965098187097));
#3282 = CARTESIAN_POINT('',(6.06571344397,0.964447767753));
#3283 = CARTESIAN_POINT('',(6.043801221839,0.963778041858));
#3284 = CARTESIAN_POINT('',(6.021888913423,0.963095899841));
#3285 = CARTESIAN_POINT('',(6.,0.962407805286));
#3286 = ( GEOMETRIC_REPRESENTATION_CONTEXT(2) 
PARAMETRIC_REPRESENTATION_CONTEXT() REPRESENTATION_CONTEXT('2D SPACE',''
  ) );
#3287 = ORIENTED_EDGE('',*,*,#3288,.F.);
#3288 = EDGE_CURVE('',#3289,#3137,#3291,.T.);
#3289 = VERTEX_POINT('',#3290);
#3290 = CARTESIAN_POINT('',(-39.75,-5.670707908706E-06,109.));
#3291 = SURFACE_CURVE('',#3292,(#3296,#3302),.PCURVE_S1.);
#3292 = LINE('',#3293,#3294);
#3293 = CARTESIAN_POINT('',(-39.75,-5.670707919931E-06,80.7));
#3294 = VECTOR('',#3295,1.);
#3295 = DIRECTION('',(-0.,-0.,-1.));
#3296 = PCURVE('',#2086,#3297);
#3297 = DEFINITIONAL_REPRESENTATION('',(#3298),#3301);
#3298 = B_SPLINE_CURVE_WITH_KNOTS('',1,(#3299,#3300),.UNSPECIFIED.,.F.,
  .F.,(2,2),(-28.3000006,1.199999999812E-06),.PIECEWISE_BEZIER_KNOTS.);
#3299 = CARTESIAN_POINT('',(-3.141592796249,-28.3000006));
#3300 = CARTESIAN_POINT('',(-3.141592796249,1.199999999812E-06));
#3301 = ( GEOMETRIC_REPRESENTATION_CONTEXT(2) 
PARAMETRIC_REPRESENTATION_CONTEXT() REPRESENTATION_CONTEXT('2D SPACE',''
  ) );
#3302 = PCURVE('',#3303,#3308);
#3303 = PLANE('',#3304);
#3304 = AXIS2_PLACEMENT_3D('',#3305,#3306,#3307);
#3305 = CARTESIAN_POINT('',(1.847204318023E-04,-5.670707919931E-06,
    52.831249336744));
#3306 = DIRECTION('',(-0.,-1.,-0.));
#3307 = DIRECTION('',(0.,0.,-1.));
#3308 = DEFINITIONAL_REPRESENTATION('',(#3309),#3312);
#3309 = B_SPLINE_CURVE_WITH_KNOTS('',1,(#3310,#3311),.UNSPECIFIED.,.F.,
  .F.,(2,2),(-28.3000006,1.199999999812E-06),.PIECEWISE_BEZIER_KNOTS.);
#3310 = CARTESIAN_POINT('',(-56.16875126325,-39.75018472043));
#3311 = CARTESIAN_POINT('',(-27.86874946325,-39.75018472043));
#3312 = ( GEOMETRIC_REPRESENTATION_CONTEXT(2) 
PARAMETRIC_REPRESENTATION_CONTEXT() REPRESENTATION_CONTEXT('2D SPACE',''
  ) );
#3313 = ORIENTED_EDGE('',*,*,#3314,.T.);
#3314 = EDGE_CURVE('',#3289,#3013,#3315,.T.);
#3315 = SURFACE_CURVE('',#3316,(#3321,#3328),.PCURVE_S1.);
#3316 = CIRCLE('',#3317,39.75);
#3317 = AXIS2_PLACEMENT_3D('',#3318,#3319,#3320);
#3318 = CARTESIAN_POINT('',(0.,0.,109.));
#3319 = DIRECTION('',(0.,0.,1.));
#3320 = DIRECTION('',(1.,0.,0.));
#3321 = PCURVE('',#2086,#3322);
#3322 = DEFINITIONAL_REPRESENTATION('',(#3323),#3327);
#3323 = LINE('',#3324,#3325);
#3324 = CARTESIAN_POINT('',(-0.,-28.3));
#3325 = VECTOR('',#3326,1.);
#3326 = DIRECTION('',(-1.,0.));
#3327 = ( GEOMETRIC_REPRESENTATION_CONTEXT(2) 
PARAMETRIC_REPRESENTATION_CONTEXT() REPRESENTATION_CONTEXT('2D SPACE',''
  ) );
#3328 = PCURVE('',#3329,#3334);
#3329 = PLANE('',#3330);
#3330 = AXIS2_PLACEMENT_3D('',#3331,#3332,#3333);
#3331 = CARTESIAN_POINT('',(-4.403329231825E-15,5.790076070423E-16,109.)
  );
#3332 = DIRECTION('',(0.,0.,1.));
#3333 = DIRECTION('',(1.,0.,-0.));
#3334 = DEFINITIONAL_REPRESENTATION('',(#3335),#3339);
#3335 = CIRCLE('',#3336,39.75);
#3336 = AXIS2_PLACEMENT_2D('',#3337,#3338);
#3337 = CARTESIAN_POINT('',(4.403329231825E-15,-5.790076070423E-16));
#3338 = DIRECTION('',(1.,0.));
#3339 = ( GEOMETRIC_REPRESENTATION_CONTEXT(2) 
PARAMETRIC_REPRESENTATION_CONTEXT() REPRESENTATION_CONTEXT('2D SPACE',''
  ) );
#3340 = ADVANCED_FACE('',(#3341),#1936,.F.);
#3341 = FACE_BOUND('',#3342,.F.);
#3342 = EDGE_LOOP('',(#3343,#3393,#3394,#3395));
#3343 = ORIENTED_EDGE('',*,*,#3344,.F.);
#3344 = EDGE_CURVE('',#3137,#3345,#3347,.T.);
#3345 = VERTEX_POINT('',#3346);
#3346 = CARTESIAN_POINT('',(-37.49999994465,-5.670707920097E-06,99.));
#3347 = SURFACE_CURVE('',#3348,(#3361,#3377),.PCURVE_S1.);
#3348 = B_SPLINE_CURVE_WITH_KNOTS('',6,(#3349,#3350,#3351,#3352,#3353,
    #3354,#3355,#3356,#3357,#3358,#3359,#3360),.UNSPECIFIED.,.F.,.F.,(7,
    5,7),(0.,0.324816013674,1.),.UNSPECIFIED.);
#3349 = CARTESIAN_POINT('',(-40.39837887916,-5.670707919931E-06,
    97.662908025759));
#3350 = CARTESIAN_POINT('',(-40.25511975457,-5.670707919931E-06,
    97.760758280994));
#3351 = CARTESIAN_POINT('',(-40.10940867417,-5.670707919931E-06,
    97.855018903527));
#3352 = CARTESIAN_POINT('',(-39.96143442771,-5.670707919931E-06,
    97.945725057039));
#3353 = CARTESIAN_POINT('',(-39.81137912495,-5.670707919931E-06,
    98.032933017424));
#3354 = CARTESIAN_POINT('',(-39.65941477867,-5.670707919931E-06,
    98.116714534528));
#3355 = CARTESIAN_POINT('',(-39.18617797818,-5.670707919931E-06,
    98.364352138545));
#3356 = CARTESIAN_POINT('',(-38.85911523573,-5.670707919931E-06,
    98.517088479654));
#3357 = CARTESIAN_POINT('',(-38.52589374471,-5.670707919931E-06,
    98.656122321696));
#3358 = CARTESIAN_POINT('',(-38.1877087122,-5.670707919931E-06,
    98.782354475465));
#3359 = CARTESIAN_POINT('',(-37.8455128247,-5.670707919931E-06,
    98.89669050132));
#3360 = CARTESIAN_POINT('',(-37.49999994465,-5.670707919931E-06,99.));
#3361 = PCURVE('',#1936,#3362);
#3362 = DEFINITIONAL_REPRESENTATION('',(#3363),#3376);
#3363 = B_SPLINE_CURVE_WITH_KNOTS('',6,(#3364,#3365,#3366,#3367,#3368,
    #3369,#3370,#3371,#3372,#3373,#3374,#3375),.UNSPECIFIED.,.F.,.F.,(7,
    5,7),(0.,0.324816013674,1.),.UNSPECIFIED.);
#3364 = CARTESIAN_POINT('',(6.500002435752,0.962407205286));
#3365 = CARTESIAN_POINT('',(6.500002433332,0.964635805237));
#3366 = CARTESIAN_POINT('',(6.500002431035,0.966841217031));
#3367 = CARTESIAN_POINT('',(6.50000242886,0.969022394837));
#3368 = CARTESIAN_POINT('',(6.500002426802,0.971178591808));
#3369 = CARTESIAN_POINT('',(6.50000242486,0.973309320328));
#3370 = CARTESIAN_POINT('',(6.500002419221,0.979789887298));
#3371 = CARTESIAN_POINT('',(6.500002415894,0.98405394406));
#3372 = CARTESIAN_POINT('',(6.500002413015,0.988204730963));
#3373 = CARTESIAN_POINT('',(6.500002410548,0.992243572485));
#3374 = CARTESIAN_POINT('',(6.500002408461,0.996173722271));
#3375 = CARTESIAN_POINT('',(6.500002406723,1.));
#3376 = ( GEOMETRIC_REPRESENTATION_CONTEXT(2) 
PARAMETRIC_REPRESENTATION_CONTEXT() REPRESENTATION_CONTEXT('2D SPACE',''
  ) );
#3377 = PCURVE('',#3303,#3378);
#3378 = DEFINITIONAL_REPRESENTATION('',(#3379),#3392);
#3379 = B_SPLINE_CURVE_WITH_KNOTS('',6,(#3380,#3381,#3382,#3383,#3384,
    #3385,#3386,#3387,#3388,#3389,#3390,#3391),.UNSPECIFIED.,.F.,.F.,(7,
    5,7),(0.,0.324816013674,1.),.UNSPECIFIED.);
#3380 = CARTESIAN_POINT('',(-44.83165868901,-40.39856359959));
#3381 = CARTESIAN_POINT('',(-44.92950894425,-40.255304475));
#3382 = CARTESIAN_POINT('',(-45.02376956678,-40.1095933946));
#3383 = CARTESIAN_POINT('',(-45.11447572029,-39.96161914814));
#3384 = CARTESIAN_POINT('',(-45.20168368068,-39.81156384538));
#3385 = CARTESIAN_POINT('',(-45.28546519778,-39.6595994991));
#3386 = CARTESIAN_POINT('',(-45.5331028018,-39.18636269862));
#3387 = CARTESIAN_POINT('',(-45.68583914291,-38.85929995616));
#3388 = CARTESIAN_POINT('',(-45.82487298495,-38.52607846515));
#3389 = CARTESIAN_POINT('',(-45.95110513872,-38.18789343263));
#3390 = CARTESIAN_POINT('',(-46.06544116457,-37.84569754513));
#3391 = CARTESIAN_POINT('',(-46.16875066325,-37.50018466508));
#3392 = ( GEOMETRIC_REPRESENTATION_CONTEXT(2) 
PARAMETRIC_REPRESENTATION_CONTEXT() REPRESENTATION_CONTEXT('2D SPACE',''
  ) );
#3393 = ORIENTED_EDGE('',*,*,#3136,.F.);
#3394 = ORIENTED_EDGE('',*,*,#1919,.T.);
#3395 = ORIENTED_EDGE('',*,*,#3396,.F.);
#3396 = EDGE_CURVE('',#3345,#1876,#3397,.T.);
#3397 = SURFACE_CURVE('',#3398,(#3410,#3417),.PCURVE_S1.);
#3398 = B_SPLINE_CURVE_WITH_KNOTS('',10,(#3399,#3400,#3401,#3402,#3403,
    #3404,#3405,#3406,#3407,#3408,#3409),.UNSPECIFIED.,.F.,.F.,(11,11),(
    6.,7.),.PIECEWISE_BEZIER_KNOTS.);
#3399 = CARTESIAN_POINT('',(-36.75,0.75,99.));
#3400 = CARTESIAN_POINT('',(-36.98561944901,0.75,99.));
#3401 = CARTESIAN_POINT('',(-37.22124107155,0.667753520049,99.));
#3402 = CARTESIAN_POINT('',(-37.42455043143,0.503258522416,99.));
#3403 = CARTESIAN_POINT('',(-37.56330541722,0.271019590411,99.));
#3404 = CARTESIAN_POINT('',(-37.61268047281,-3.863576125696E-15,99.));
#3405 = CARTESIAN_POINT('',(-37.56330541722,-0.271019590411,99.));
#3406 = CARTESIAN_POINT('',(-37.42455043143,-0.503258522416,99.));
#3407 = CARTESIAN_POINT('',(-37.22124107156,-0.667753520049,99.));
#3408 = CARTESIAN_POINT('',(-36.98561944901,-0.75,99.));
#3409 = CARTESIAN_POINT('',(-36.75,-0.75,99.));
#3410 = PCURVE('',#1936,#3411);
#3411 = DEFINITIONAL_REPRESENTATION('',(#3412),#3416);
#3412 = LINE('',#3413,#3414);
#3413 = CARTESIAN_POINT('',(0.,1.));
#3414 = VECTOR('',#3415,1.);
#3415 = DIRECTION('',(1.,0.));
#3416 = ( GEOMETRIC_REPRESENTATION_CONTEXT(2) 
PARAMETRIC_REPRESENTATION_CONTEXT() REPRESENTATION_CONTEXT('2D SPACE',''
  ) );
#3417 = PCURVE('',#3418,#3423);
#3418 = CYLINDRICAL_SURFACE('',#3419,0.75);
#3419 = AXIS2_PLACEMENT_3D('',#3420,#3421,#3422);
#3420 = CARTESIAN_POINT('',(-36.75,0.,99.));
#3421 = DIRECTION('',(0.,-0.,-1.));
#3422 = DIRECTION('',(0.,-1.,0.));
#3423 = DEFINITIONAL_REPRESENTATION('',(#3424),#3427);
#3424 = B_SPLINE_CURVE_WITH_KNOTS('',1,(#3425,#3426),.UNSPECIFIED.,.F.,
  .F.,(2,2),(6.,7.),.PIECEWISE_BEZIER_KNOTS.);
#3425 = CARTESIAN_POINT('',(3.14159265359,0.));
#3426 = CARTESIAN_POINT('',(0.,0.));
#3427 = ( GEOMETRIC_REPRESENTATION_CONTEXT(2) 
PARAMETRIC_REPRESENTATION_CONTEXT() REPRESENTATION_CONTEXT('2D SPACE',''
  ) );
#3428 = ADVANCED_FACE('',(#3429),#1899,.F.);
#3429 = FACE_BOUND('',#3430,.F.);
#3430 = EDGE_LOOP('',(#3431,#3432,#3460,#3488,#3509,#3510,#3511,#3512));
#3431 = ORIENTED_EDGE('',*,*,#2707,.T.);
#3432 = ORIENTED_EDGE('',*,*,#3433,.T.);
#3433 = EDGE_CURVE('',#2639,#3434,#3436,.T.);
#3434 = VERTEX_POINT('',#3435);
#3435 = CARTESIAN_POINT('',(36.75,-0.75,107.5));
#3436 = SURFACE_CURVE('',#3437,(#3441,#3448),.PCURVE_S1.);
#3437 = LINE('',#3438,#3439);
#3438 = CARTESIAN_POINT('',(36.75,-0.75,99.));
#3439 = VECTOR('',#3440,1.);
#3440 = DIRECTION('',(0.,0.,1.));
#3441 = PCURVE('',#1899,#3442);
#3442 = DEFINITIONAL_REPRESENTATION('',(#3443),#3447);
#3443 = LINE('',#3444,#3445);
#3444 = CARTESIAN_POINT('',(0.,-0.));
#3445 = VECTOR('',#3446,1.);
#3446 = DIRECTION('',(0.,-1.));
#3447 = ( GEOMETRIC_REPRESENTATION_CONTEXT(2) 
PARAMETRIC_REPRESENTATION_CONTEXT() REPRESENTATION_CONTEXT('2D SPACE',''
  ) );
#3448 = PCURVE('',#3449,#3454);
#3449 = CYLINDRICAL_SURFACE('',#3450,0.75);
#3450 = AXIS2_PLACEMENT_3D('',#3451,#3452,#3453);
#3451 = CARTESIAN_POINT('',(36.75,0.,99.));
#3452 = DIRECTION('',(0.,0.,-1.));
#3453 = DIRECTION('',(0.,1.,0.));
#3454 = DEFINITIONAL_REPRESENTATION('',(#3455),#3459);
#3455 = LINE('',#3456,#3457);
#3456 = CARTESIAN_POINT('',(3.14159265359,0.));
#3457 = VECTOR('',#3458,1.);
#3458 = DIRECTION('',(0.,-1.));
#3459 = ( GEOMETRIC_REPRESENTATION_CONTEXT(2) 
PARAMETRIC_REPRESENTATION_CONTEXT() REPRESENTATION_CONTEXT('2D SPACE',''
  ) );
#3460 = ORIENTED_EDGE('',*,*,#3461,.T.);
#3461 = EDGE_CURVE('',#3434,#3462,#3464,.T.);
#3462 = VERTEX_POINT('',#3463);
#3463 = CARTESIAN_POINT('',(-36.75,-0.75,107.5));
#3464 = SURFACE_CURVE('',#3465,(#3469,#3476),.PCURVE_S1.);
#3465 = LINE('',#3466,#3467);
#3466 = CARTESIAN_POINT('',(36.75,-0.75,107.5));
#3467 = VECTOR('',#3468,1.);
#3468 = DIRECTION('',(-1.,0.,0.));
#3469 = PCURVE('',#1899,#3470);
#3470 = DEFINITIONAL_REPRESENTATION('',(#3471),#3475);
#3471 = LINE('',#3472,#3473);
#3472 = CARTESIAN_POINT('',(0.,-8.5));
#3473 = VECTOR('',#3474,1.);
#3474 = DIRECTION('',(1.,0.));
#3475 = ( GEOMETRIC_REPRESENTATION_CONTEXT(2) 
PARAMETRIC_REPRESENTATION_CONTEXT() REPRESENTATION_CONTEXT('2D SPACE',''
  ) );
#3476 = PCURVE('',#3477,#3482);
#3477 = PLANE('',#3478);
#3478 = AXIS2_PLACEMENT_3D('',#3479,#3480,#3481);
#3479 = CARTESIAN_POINT('',(36.75,-2.25,109.));
#3480 = DIRECTION('',(0.,0.707106781187,0.707106781187));
#3481 = DIRECTION('',(-1.,0.,0.));
#3482 = DEFINITIONAL_REPRESENTATION('',(#3483),#3487);
#3483 = LINE('',#3484,#3485);
#3484 = CARTESIAN_POINT('',(0.,-2.12132034356));
#3485 = VECTOR('',#3486,1.);
#3486 = DIRECTION('',(1.,0.));
#3487 = ( GEOMETRIC_REPRESENTATION_CONTEXT(2) 
PARAMETRIC_REPRESENTATION_CONTEXT() REPRESENTATION_CONTEXT('2D SPACE',''
  ) );
#3488 = ORIENTED_EDGE('',*,*,#3489,.F.);
#3489 = EDGE_CURVE('',#1876,#3462,#3490,.T.);
#3490 = SURFACE_CURVE('',#3491,(#3495,#3502),.PCURVE_S1.);
#3491 = LINE('',#3492,#3493);
#3492 = CARTESIAN_POINT('',(-36.75,-0.75,99.));
#3493 = VECTOR('',#3494,1.);
#3494 = DIRECTION('',(0.,0.,1.));
#3495 = PCURVE('',#1899,#3496);
#3496 = DEFINITIONAL_REPRESENTATION('',(#3497),#3501);
#3497 = LINE('',#3498,#3499);
#3498 = CARTESIAN_POINT('',(73.5,0.));
#3499 = VECTOR('',#3500,1.);
#3500 = DIRECTION('',(0.,-1.));
#3501 = ( GEOMETRIC_REPRESENTATION_CONTEXT(2) 
PARAMETRIC_REPRESENTATION_CONTEXT() REPRESENTATION_CONTEXT('2D SPACE',''
  ) );
#3502 = PCURVE('',#3418,#3503);
#3503 = DEFINITIONAL_REPRESENTATION('',(#3504),#3508);
#3504 = LINE('',#3505,#3506);
#3505 = CARTESIAN_POINT('',(0.,0.));
#3506 = VECTOR('',#3507,1.);
#3507 = DIRECTION('',(0.,-1.));
#3508 = ( GEOMETRIC_REPRESENTATION_CONTEXT(2) 
PARAMETRIC_REPRESENTATION_CONTEXT() REPRESENTATION_CONTEXT('2D SPACE',''
  ) );
#3509 = ORIENTED_EDGE('',*,*,#1875,.T.);
#3510 = ORIENTED_EDGE('',*,*,#2233,.T.);
#3511 = ORIENTED_EDGE('',*,*,#2299,.T.);
#3512 = ORIENTED_EDGE('',*,*,#2365,.T.);
#3513 = ADVANCED_FACE('',(#3514),#2655,.F.);
#3514 = FACE_BOUND('',#3515,.F.);
#3515 = EDGE_LOOP('',(#3516,#3517,#3518,#3586));
#3516 = ORIENTED_EDGE('',*,*,#2638,.F.);
#3517 = ORIENTED_EDGE('',*,*,#3040,.F.);
#3518 = ORIENTED_EDGE('',*,*,#3519,.T.);
#3519 = EDGE_CURVE('',#3015,#3520,#3522,.T.);
#3520 = VERTEX_POINT('',#3521);
#3521 = CARTESIAN_POINT('',(37.499999944657,-5.670707919986E-06,99.));
#3522 = SURFACE_CURVE('',#3523,(#3542,#3564),.PCURVE_S1.);
#3523 = B_SPLINE_CURVE_WITH_KNOTS('',5,(#3524,#3525,#3526,#3527,#3528,
    #3529,#3530,#3531,#3532,#3533,#3534,#3535,#3536,#3537,#3538,#3539,
    #3540,#3541),.UNSPECIFIED.,.F.,.F.,(6,4,4,4,6),(0.,0.233745435443,
    0.476856751384,0.732073902092,1.),.UNSPECIFIED.);
#3524 = CARTESIAN_POINT('',(40.398461158838,-5.670707919931E-06,
    97.662749791701));
#3525 = CARTESIAN_POINT('',(40.274751951058,-5.670707919931E-06,
    97.747259417339));
#3526 = CARTESIAN_POINT('',(40.149137394266,-5.670707919931E-06,
    97.828980284334));
#3527 = CARTESIAN_POINT('',(40.021758281043,-5.670707919931E-06,
    97.907938406904));
#3528 = CARTESIAN_POINT('',(39.892750140383,-5.670707919931E-06,
    97.984177025991));
#3529 = CARTESIAN_POINT('',(39.626498335513,-5.670707919931E-06,
    98.134270420115));
#3530 = CARTESIAN_POINT('',(39.489131788296,-5.670707919931E-06,
    98.207906892426));
#3531 = CARTESIAN_POINT('',(39.350281236643,-5.670707919931E-06,
    98.278721077924));
#3532 = CARTESIAN_POINT('',(39.210076644009,-5.670707919931E-06,
    98.346783405695));
#3533 = CARTESIAN_POINT('',(38.92015226771,-5.670707919931E-06,
    98.480818316003));
#3534 = CARTESIAN_POINT('',(38.770306395831,-5.670707919931E-06,
    98.546517341355));
#3535 = CARTESIAN_POINT('',(38.619234196899,-5.670707919931E-06,
    98.609361065377));
#3536 = CARTESIAN_POINT('',(38.467056699929,-5.670707919931E-06,
    98.669443687692));
#3537 = CARTESIAN_POINT('',(38.153075939763,-5.670707919931E-06,
    98.7871404346));
#3538 = CARTESIAN_POINT('',(37.991171092031,-5.670707919931E-06,
    98.844482049736));
#3539 = CARTESIAN_POINT('',(37.82828810269,-5.670707919931E-06,
    98.898999436526));
#3540 = CARTESIAN_POINT('',(37.664533918883,-5.670707919931E-06,
    98.950802721793));
#3541 = CARTESIAN_POINT('',(37.499999944657,-5.670707919931E-06,99.));
#3542 = PCURVE('',#2655,#3543);
#3543 = DEFINITIONAL_REPRESENTATION('',(#3544),#3563);
#3544 = B_SPLINE_CURVE_WITH_KNOTS('',5,(#3545,#3546,#3547,#3548,#3549,
    #3550,#3551,#3552,#3553,#3554,#3555,#3556,#3557,#3558,#3559,#3560,
    #3561,#3562),.UNSPECIFIED.,.F.,.F.,(6,4,4,4,6),(0.,0.233745435443,
    0.476856751384,0.732073902092,1.),.UNSPECIFIED.);
#3545 = CARTESIAN_POINT('',(0.49472854772,0.962403601472));
#3546 = CARTESIAN_POINT('',(0.494954773658,0.96432829219));
#3547 = CARTESIAN_POINT('',(0.495184239243,0.966234970841));
#3548 = CARTESIAN_POINT('',(0.495416702795,0.968122854707));
#3549 = CARTESIAN_POINT('',(0.49565193374,0.969991403556));
#3550 = CARTESIAN_POINT('',(0.496137032743,0.973763222775));
#3551 = CARTESIAN_POINT('',(0.496387109617,0.975664880092));
#3552 = CARTESIAN_POINT('',(0.496639710484,0.97754487327));
#3553 = CARTESIAN_POINT('',(0.496894617726,0.979403023427));
#3554 = CARTESIAN_POINT('',(0.497421451815,0.983167104437));
#3555 = CARTESIAN_POINT('',(0.497693593884,0.985070797975));
#3556 = CARTESIAN_POINT('',(0.497967836587,0.986950443239));
#3557 = CARTESIAN_POINT('',(0.498243980904,0.988806208612));
#3558 = CARTESIAN_POINT('',(0.498813564271,0.992561852848));
#3559 = CARTESIAN_POINT('',(0.499107179031,0.994459316652));
#3560 = CARTESIAN_POINT('',(0.499402499092,0.996331170718));
#3561 = CARTESIAN_POINT('',(0.499699352245,0.998177878585));
#3562 = CARTESIAN_POINT('',(0.499997593277,1.));
#3563 = ( GEOMETRIC_REPRESENTATION_CONTEXT(2) 
PARAMETRIC_REPRESENTATION_CONTEXT() REPRESENTATION_CONTEXT('2D SPACE',''
  ) );
#3564 = PCURVE('',#3029,#3565);
#3565 = DEFINITIONAL_REPRESENTATION('',(#3566),#3585);
#3566 = B_SPLINE_CURVE_WITH_KNOTS('',5,(#3567,#3568,#3569,#3570,#3571,
    #3572,#3573,#3574,#3575,#3576,#3577,#3578,#3579,#3580,#3581,#3582,
    #3583,#3584),.UNSPECIFIED.,.F.,.F.,(6,4,4,4,6),(0.,0.233745435443,
    0.476856751384,0.732073902092,1.),.UNSPECIFIED.);
#3567 = CARTESIAN_POINT('',(-44.83150045495,40.398276438406));
#3568 = CARTESIAN_POINT('',(-44.91601008059,40.274567230626));
#3569 = CARTESIAN_POINT('',(-44.99773094759,40.148952673834));
#3570 = CARTESIAN_POINT('',(-45.07668907016,40.021573560611));
#3571 = CARTESIAN_POINT('',(-45.15292768924,39.892565419951));
#3572 = CARTESIAN_POINT('',(-45.30302108337,39.626313615082));
#3573 = CARTESIAN_POINT('',(-45.37665755568,39.488947067865));
#3574 = CARTESIAN_POINT('',(-45.44747174118,39.350096516212));
#3575 = CARTESIAN_POINT('',(-45.51553406895,39.209891923577));
#3576 = CARTESIAN_POINT('',(-45.64956897925,38.919967547278));
#3577 = CARTESIAN_POINT('',(-45.71526800461,38.770121675399));
#3578 = CARTESIAN_POINT('',(-45.77811172863,38.619049476467));
#3579 = CARTESIAN_POINT('',(-45.83819435094,38.466871979498));
#3580 = CARTESIAN_POINT('',(-45.95589109785,38.152891219331));
#3581 = CARTESIAN_POINT('',(-46.01323271299,37.990986371599));
#3582 = CARTESIAN_POINT('',(-46.06775009978,37.828103382259));
#3583 = CARTESIAN_POINT('',(-46.11955338505,37.664349198451));
#3584 = CARTESIAN_POINT('',(-46.16875066325,37.499815224225));
#3585 = ( GEOMETRIC_REPRESENTATION_CONTEXT(2) 
PARAMETRIC_REPRESENTATION_CONTEXT() REPRESENTATION_CONTEXT('2D SPACE',''
  ) );
#3586 = ORIENTED_EDGE('',*,*,#3587,.F.);
#3587 = EDGE_CURVE('',#2639,#3520,#3588,.T.);
#3588 = SURFACE_CURVE('',#3589,(#3601,#3608),.PCURVE_S1.);
#3589 = B_SPLINE_CURVE_WITH_KNOTS('',10,(#3590,#3591,#3592,#3593,#3594,
    #3595,#3596,#3597,#3598,#3599,#3600),.UNSPECIFIED.,.F.,.F.,(11,11),(
    0.,1.),.PIECEWISE_BEZIER_KNOTS.);
#3590 = CARTESIAN_POINT('',(36.75,-0.75,99.));
#3591 = CARTESIAN_POINT('',(36.985619449019,-0.75,99.));
#3592 = CARTESIAN_POINT('',(37.221241071558,-0.667753520049,99.));
#3593 = CARTESIAN_POINT('',(37.424550431438,-0.503258522416,99.));
#3594 = CARTESIAN_POINT('',(37.563305417225,-0.271019590411,99.));
#3595 = CARTESIAN_POINT('',(37.612680472819,3.869127240819E-15,99.));
#3596 = CARTESIAN_POINT('',(37.563305417228,0.271019590411,99.));
#3597 = CARTESIAN_POINT('',(37.424550431434,0.503258522416,99.));
#3598 = CARTESIAN_POINT('',(37.22124107156,0.667753520049,99.));
#3599 = CARTESIAN_POINT('',(36.985619449019,0.75,99.));
#3600 = CARTESIAN_POINT('',(36.75,0.75,99.));
#3601 = PCURVE('',#2655,#3602);
#3602 = DEFINITIONAL_REPRESENTATION('',(#3603),#3607);
#3603 = LINE('',#3604,#3605);
#3604 = CARTESIAN_POINT('',(0.,1.));
#3605 = VECTOR('',#3606,1.);
#3606 = DIRECTION('',(1.,0.));
#3607 = ( GEOMETRIC_REPRESENTATION_CONTEXT(2) 
PARAMETRIC_REPRESENTATION_CONTEXT() REPRESENTATION_CONTEXT('2D SPACE',''
  ) );
#3608 = PCURVE('',#3449,#3609);
#3609 = DEFINITIONAL_REPRESENTATION('',(#3610),#3613);
#3610 = B_SPLINE_CURVE_WITH_KNOTS('',1,(#3611,#3612),.UNSPECIFIED.,.F.,
  .F.,(2,2),(0.,1.),.PIECEWISE_BEZIER_KNOTS.);
#3611 = CARTESIAN_POINT('',(3.14159265359,0.));
#3612 = CARTESIAN_POINT('',(0.,0.));
#3613 = ( GEOMETRIC_REPRESENTATION_CONTEXT(2) 
PARAMETRIC_REPRESENTATION_CONTEXT() REPRESENTATION_CONTEXT('2D SPACE',''
  ) );
#3614 = ADVANCED_FACE('',(#3615),#2941,.F.);
#3615 = FACE_BOUND('',#3616,.F.);
#3616 = EDGE_LOOP('',(#3617));
#3617 = ORIENTED_EDGE('',*,*,#2926,.T.);
#3618 = ADVANCED_FACE('',(#3619),#2996,.F.);
#3619 = FACE_BOUND('',#3620,.F.);
#3620 = EDGE_LOOP('',(#3621));
#3621 = ORIENTED_EDGE('',*,*,#2981,.T.);
#3622 = ADVANCED_FACE('',(#3623),#3029,.F.);
#3623 = FACE_BOUND('',#3624,.F.);
#3624 = EDGE_LOOP('',(#3625,#3626,#3647,#3681,#3700));
#3625 = ORIENTED_EDGE('',*,*,#3012,.F.);
#3626 = ORIENTED_EDGE('',*,*,#3627,.F.);
#3627 = EDGE_CURVE('',#3628,#3013,#3630,.T.);
#3628 = VERTEX_POINT('',#3629);
#3629 = CARTESIAN_POINT('',(38.999999999993,-5.670707920092E-06,109.));
#3630 = SURFACE_CURVE('',#3631,(#3635,#3641),.PCURVE_S1.);
#3631 = LINE('',#3632,#3633);
#3632 = CARTESIAN_POINT('',(9.236021589894E-05,-5.670707919931E-06,109.)
  );
#3633 = VECTOR('',#3634,1.);
#3634 = DIRECTION('',(1.,0.,0.));
#3635 = PCURVE('',#3029,#3636);
#3636 = DEFINITIONAL_REPRESENTATION('',(#3637),#3640);
#3637 = B_SPLINE_CURVE_WITH_KNOTS('',1,(#3638,#3639),.UNSPECIFIED.,.F.,
  .F.,(2,2),(-39.75009236021,39.749907639784),.PIECEWISE_BEZIER_KNOTS.);
#3638 = CARTESIAN_POINT('',(-56.16875066325,-39.75018472043));
#3639 = CARTESIAN_POINT('',(-56.16875066325,39.749815279568));
#3640 = ( GEOMETRIC_REPRESENTATION_CONTEXT(2) 
PARAMETRIC_REPRESENTATION_CONTEXT() REPRESENTATION_CONTEXT('2D SPACE',''
  ) );
#3641 = PCURVE('',#3329,#3642);
#3642 = DEFINITIONAL_REPRESENTATION('',(#3643),#3646);
#3643 = B_SPLINE_CURVE_WITH_KNOTS('',1,(#3644,#3645),.UNSPECIFIED.,.F.,
  .F.,(2,2),(-39.75009236021,39.749907639784),.PIECEWISE_BEZIER_KNOTS.);
#3644 = CARTESIAN_POINT('',(-39.75,-5.67070792051E-06));
#3645 = CARTESIAN_POINT('',(39.75,-5.67070792051E-06));
#3646 = ( GEOMETRIC_REPRESENTATION_CONTEXT(2) 
PARAMETRIC_REPRESENTATION_CONTEXT() REPRESENTATION_CONTEXT('2D SPACE',''
  ) );
#3647 = ORIENTED_EDGE('',*,*,#3648,.T.);
#3648 = EDGE_CURVE('',#3628,#3649,#3651,.T.);
#3649 = VERTEX_POINT('',#3650);
#3650 = CARTESIAN_POINT('',(37.499999999979,-5.670707919969E-06,107.5));
#3651 = SURFACE_CURVE('',#3652,(#3657,#3664),.PCURVE_S1.);
#3652 = HYPERBOLA('',#3653,5.670707919931E-06,5.670707919931E-06);
#3653 = AXIS2_PLACEMENT_3D('',#3654,#3655,#3656);
#3654 = CARTESIAN_POINT('',(36.75,-5.670707919931E-06,106.75));
#3655 = DIRECTION('',(-0.,-1.,0.));
#3656 = DIRECTION('',(0.,-0.,1.));
#3657 = PCURVE('',#3029,#3658);
#3658 = DEFINITIONAL_REPRESENTATION('',(#3659),#3663);
#3659 = ( BOUNDED_CURVE() B_SPLINE_CURVE(2,(#3660,#3661,#3662),
.UNSPECIFIED.,.F.,.F.) B_SPLINE_CURVE_WITH_KNOTS((3,3),(-13.58427399119,
-12.4856617025),.PIECEWISE_BEZIER_KNOTS.) CURVE() 
GEOMETRIC_REPRESENTATION_ITEM() RATIONAL_B_SPLINE_CURVE((1.,
1.154700538383,1.)) REPRESENTATION_ITEM('') );
#3660 = CARTESIAN_POINT('',(-56.16875066325,38.999815279561));
#3661 = CARTESIAN_POINT('',(-55.04375066324,37.87481527955));
#3662 = CARTESIAN_POINT('',(-54.66875066325,37.499815279547));
#3663 = ( GEOMETRIC_REPRESENTATION_CONTEXT(2) 
PARAMETRIC_REPRESENTATION_CONTEXT() REPRESENTATION_CONTEXT('2D SPACE',''
  ) );
#3664 = PCURVE('',#3665,#3670);
#3665 = CONICAL_SURFACE('',#3666,0.75,0.785398163397);
#3666 = AXIS2_PLACEMENT_3D('',#3667,#3668,#3669);
#3667 = CARTESIAN_POINT('',(36.75,0.,107.5));
#3668 = DIRECTION('',(-0.,-0.,1.));
#3669 = DIRECTION('',(0.,1.,0.));
#3670 = DEFINITIONAL_REPRESENTATION('',(#3671),#3680);
#3671 = B_SPLINE_CURVE_WITH_KNOTS('',7,(#3672,#3673,#3674,#3675,#3676,
    #3677,#3678,#3679),.UNSPECIFIED.,.F.,.F.,(8,8),(-13.58427399119,
    -12.4856617025),.PIECEWISE_BEZIER_KNOTS.);
#3672 = CARTESIAN_POINT('',(-1.57079884711,1.5));
#3673 = CARTESIAN_POINT('',(-1.570799242659,1.146874621497));
#3674 = CARTESIAN_POINT('',(-1.570799710635,0.858407113042));
#3675 = CARTESIAN_POINT('',(-1.570800266953,0.620391574764));
#3676 = CARTESIAN_POINT('',(-1.570800931886,0.42251947216));
#3677 = CARTESIAN_POINT('',(-1.570801731718,0.256969477826));
#3678 = CARTESIAN_POINT('',(-1.570802701089,0.117708459498));
#3679 = CARTESIAN_POINT('',(-1.570803887739,4.440892098501E-16));
#3680 = ( GEOMETRIC_REPRESENTATION_CONTEXT(2) 
PARAMETRIC_REPRESENTATION_CONTEXT() REPRESENTATION_CONTEXT('2D SPACE',''
  ) );
#3681 = ORIENTED_EDGE('',*,*,#3682,.T.);
#3682 = EDGE_CURVE('',#3649,#3520,#3683,.T.);
#3683 = SURFACE_CURVE('',#3684,(#3688,#3694),.PCURVE_S1.);
#3684 = LINE('',#3685,#3686);
#3685 = CARTESIAN_POINT('',(37.499999999979,-5.670707919931E-06,99.));
#3686 = VECTOR('',#3687,1.);
#3687 = DIRECTION('',(0.,0.,-1.));
#3688 = PCURVE('',#3029,#3689);
#3689 = DEFINITIONAL_REPRESENTATION('',(#3690),#3693);
#3690 = B_SPLINE_CURVE_WITH_KNOTS('',1,(#3691,#3692),.UNSPECIFIED.,.F.,
  .F.,(2,2),(-8.5000006,6.000000070117E-07),.PIECEWISE_BEZIER_KNOTS.);
#3691 = CARTESIAN_POINT('',(-54.66875126325,37.499815279547));
#3692 = CARTESIAN_POINT('',(-46.16875006325,37.499815279547));
#3693 = ( GEOMETRIC_REPRESENTATION_CONTEXT(2) 
PARAMETRIC_REPRESENTATION_CONTEXT() REPRESENTATION_CONTEXT('2D SPACE',''
  ) );
#3694 = PCURVE('',#3449,#3695);
#3695 = DEFINITIONAL_REPRESENTATION('',(#3696),#3699);
#3696 = B_SPLINE_CURVE_WITH_KNOTS('',1,(#3697,#3698),.UNSPECIFIED.,.F.,
  .F.,(2,2),(-8.5000006,6.000000070117E-07),.PIECEWISE_BEZIER_KNOTS.);
#3697 = CARTESIAN_POINT('',(1.570803887739,-8.5000006));
#3698 = CARTESIAN_POINT('',(1.570803887739,6.000000070117E-07));
#3699 = ( GEOMETRIC_REPRESENTATION_CONTEXT(2) 
PARAMETRIC_REPRESENTATION_CONTEXT() REPRESENTATION_CONTEXT('2D SPACE',''
  ) );
#3700 = ORIENTED_EDGE('',*,*,#3519,.F.);
#3701 = ADVANCED_FACE('',(#3702),#3329,.T.);
#3702 = FACE_BOUND('',#3703,.T.);
#3703 = EDGE_LOOP('',(#3704,#3725,#3726,#3727,#3755,#3778));
#3704 = ORIENTED_EDGE('',*,*,#3705,.F.);
#3705 = EDGE_CURVE('',#3289,#3706,#3708,.T.);
#3706 = VERTEX_POINT('',#3707);
#3707 = CARTESIAN_POINT('',(-38.99999999999,-5.670707919868E-06,109.));
#3708 = SURFACE_CURVE('',#3709,(#3713,#3719),.PCURVE_S1.);
#3709 = LINE('',#3710,#3711);
#3710 = CARTESIAN_POINT('',(9.236021589894E-05,-5.670707919931E-06,109.)
  );
#3711 = VECTOR('',#3712,1.);
#3712 = DIRECTION('',(1.,0.,0.));
#3713 = PCURVE('',#3329,#3714);
#3714 = DEFINITIONAL_REPRESENTATION('',(#3715),#3718);
#3715 = B_SPLINE_CURVE_WITH_KNOTS('',1,(#3716,#3717),.UNSPECIFIED.,.F.,
  .F.,(2,2),(-39.75009236021,39.749907639784),.PIECEWISE_BEZIER_KNOTS.);
#3716 = CARTESIAN_POINT('',(-39.75,-5.67070792051E-06));
#3717 = CARTESIAN_POINT('',(39.75,-5.67070792051E-06));
#3718 = ( GEOMETRIC_REPRESENTATION_CONTEXT(2) 
PARAMETRIC_REPRESENTATION_CONTEXT() REPRESENTATION_CONTEXT('2D SPACE',''
  ) );
#3719 = PCURVE('',#3303,#3720);
#3720 = DEFINITIONAL_REPRESENTATION('',(#3721),#3724);
#3721 = B_SPLINE_CURVE_WITH_KNOTS('',1,(#3722,#3723),.UNSPECIFIED.,.F.,
  .F.,(2,2),(-39.75009236021,39.749907639784),.PIECEWISE_BEZIER_KNOTS.);
#3722 = CARTESIAN_POINT('',(-56.16875066325,-39.75018472043));
#3723 = CARTESIAN_POINT('',(-56.16875066325,39.749815279568));
#3724 = ( GEOMETRIC_REPRESENTATION_CONTEXT(2) 
PARAMETRIC_REPRESENTATION_CONTEXT() REPRESENTATION_CONTEXT('2D SPACE',''
  ) );
#3725 = ORIENTED_EDGE('',*,*,#3314,.T.);
#3726 = ORIENTED_EDGE('',*,*,#3627,.F.);
#3727 = ORIENTED_EDGE('',*,*,#3728,.T.);
#3728 = EDGE_CURVE('',#3628,#3729,#3731,.T.);
#3729 = VERTEX_POINT('',#3730);
#3730 = CARTESIAN_POINT('',(36.75,-2.25,109.));
#3731 = SURFACE_CURVE('',#3732,(#3737,#3748),.PCURVE_S1.);
#3732 = CIRCLE('',#3733,2.25);
#3733 = AXIS2_PLACEMENT_3D('',#3734,#3735,#3736);
#3734 = CARTESIAN_POINT('',(36.75,0.,109.));
#3735 = DIRECTION('',(0.,0.,-1.));
#3736 = DIRECTION('',(0.,1.,0.));
#3737 = PCURVE('',#3329,#3738);
#3738 = DEFINITIONAL_REPRESENTATION('',(#3739),#3747);
#3739 = ( BOUNDED_CURVE() B_SPLINE_CURVE(2,(#3740,#3741,#3742,#3743,
#3744,#3745,#3746),.UNSPECIFIED.,.T.,.F.) B_SPLINE_CURVE_WITH_KNOTS((1,2
    ,2,2,2,1),(-2.094395102393,0.,2.094395102393,4.188790204786,
6.28318530718,8.377580409573),.UNSPECIFIED.) CURVE() 
GEOMETRIC_REPRESENTATION_ITEM() RATIONAL_B_SPLINE_CURVE((1.,0.5,1.,0.5,
1.,0.5,1.)) REPRESENTATION_ITEM('') );
#3740 = CARTESIAN_POINT('',(36.75,2.25));
#3741 = CARTESIAN_POINT('',(40.64711431703,2.25));
#3742 = CARTESIAN_POINT('',(38.698557158515,-1.125));
#3743 = CARTESIAN_POINT('',(36.75,-4.5));
#3744 = CARTESIAN_POINT('',(34.801442841485,-1.125));
#3745 = CARTESIAN_POINT('',(32.85288568297,2.25));
#3746 = CARTESIAN_POINT('',(36.75,2.25));
#3747 = ( GEOMETRIC_REPRESENTATION_CONTEXT(2) 
PARAMETRIC_REPRESENTATION_CONTEXT() REPRESENTATION_CONTEXT('2D SPACE',''
  ) );
#3748 = PCURVE('',#3665,#3749);
#3749 = DEFINITIONAL_REPRESENTATION('',(#3750),#3754);
#3750 = LINE('',#3751,#3752);
#3751 = CARTESIAN_POINT('',(-0.,1.5));
#3752 = VECTOR('',#3753,1.);
#3753 = DIRECTION('',(-1.,0.));
#3754 = ( GEOMETRIC_REPRESENTATION_CONTEXT(2) 
PARAMETRIC_REPRESENTATION_CONTEXT() REPRESENTATION_CONTEXT('2D SPACE',''
  ) );
#3755 = ORIENTED_EDGE('',*,*,#3756,.T.);
#3756 = EDGE_CURVE('',#3729,#3757,#3759,.T.);
#3757 = VERTEX_POINT('',#3758);
#3758 = CARTESIAN_POINT('',(-36.75,-2.25,109.));
#3759 = SURFACE_CURVE('',#3760,(#3764,#3771),.PCURVE_S1.);
#3760 = LINE('',#3761,#3762);
#3761 = CARTESIAN_POINT('',(36.75,-2.25,109.));
#3762 = VECTOR('',#3763,1.);
#3763 = DIRECTION('',(-1.,0.,0.));
#3764 = PCURVE('',#3329,#3765);
#3765 = DEFINITIONAL_REPRESENTATION('',(#3766),#3770);
#3766 = LINE('',#3767,#3768);
#3767 = CARTESIAN_POINT('',(36.75,-2.25));
#3768 = VECTOR('',#3769,1.);
#3769 = DIRECTION('',(-1.,0.));
#3770 = ( GEOMETRIC_REPRESENTATION_CONTEXT(2) 
PARAMETRIC_REPRESENTATION_CONTEXT() REPRESENTATION_CONTEXT('2D SPACE',''
  ) );
#3771 = PCURVE('',#3477,#3772);
#3772 = DEFINITIONAL_REPRESENTATION('',(#3773),#3777);
#3773 = LINE('',#3774,#3775);
#3774 = CARTESIAN_POINT('',(0.,0.));
#3775 = VECTOR('',#3776,1.);
#3776 = DIRECTION('',(1.,0.));
#3777 = ( GEOMETRIC_REPRESENTATION_CONTEXT(2) 
PARAMETRIC_REPRESENTATION_CONTEXT() REPRESENTATION_CONTEXT('2D SPACE',''
  ) );
#3778 = ORIENTED_EDGE('',*,*,#3779,.T.);
#3779 = EDGE_CURVE('',#3757,#3706,#3780,.T.);
#3780 = SURFACE_CURVE('',#3781,(#3786,#3797),.PCURVE_S1.);
#3781 = CIRCLE('',#3782,2.25);
#3782 = AXIS2_PLACEMENT_3D('',#3783,#3784,#3785);
#3783 = CARTESIAN_POINT('',(-36.75,0.,109.));
#3784 = DIRECTION('',(0.,-0.,-1.));
#3785 = DIRECTION('',(0.,-1.,0.));
#3786 = PCURVE('',#3329,#3787);
#3787 = DEFINITIONAL_REPRESENTATION('',(#3788),#3796);
#3788 = ( BOUNDED_CURVE() B_SPLINE_CURVE(2,(#3789,#3790,#3791,#3792,
#3793,#3794,#3795),.UNSPECIFIED.,.T.,.F.) B_SPLINE_CURVE_WITH_KNOTS((1,2
    ,2,2,2,1),(-2.094395102393,0.,2.094395102393,4.188790204786,
6.28318530718,8.377580409573),.UNSPECIFIED.) CURVE() 
GEOMETRIC_REPRESENTATION_ITEM() RATIONAL_B_SPLINE_CURVE((1.,0.5,1.,0.5,
1.,0.5,1.)) REPRESENTATION_ITEM('') );
#3789 = CARTESIAN_POINT('',(-36.75,-2.25));
#3790 = CARTESIAN_POINT('',(-40.64711431703,-2.25));
#3791 = CARTESIAN_POINT('',(-38.69855715851,1.125));
#3792 = CARTESIAN_POINT('',(-36.75,4.5));
#3793 = CARTESIAN_POINT('',(-34.80144284148,1.125));
#3794 = CARTESIAN_POINT('',(-32.85288568297,-2.25));
#3795 = CARTESIAN_POINT('',(-36.75,-2.25));
#3796 = ( GEOMETRIC_REPRESENTATION_CONTEXT(2) 
PARAMETRIC_REPRESENTATION_CONTEXT() REPRESENTATION_CONTEXT('2D SPACE',''
  ) );
#3797 = PCURVE('',#3798,#3803);
#3798 = CONICAL_SURFACE('',#3799,0.75,0.785398163397);
#3799 = AXIS2_PLACEMENT_3D('',#3800,#3801,#3802);
#3800 = CARTESIAN_POINT('',(-36.75,0.,107.5));
#3801 = DIRECTION('',(-0.,0.,1.));
#3802 = DIRECTION('',(0.,-1.,0.));
#3803 = DEFINITIONAL_REPRESENTATION('',(#3804),#3808);
#3804 = LINE('',#3805,#3806);
#3805 = CARTESIAN_POINT('',(-0.,1.5));
#3806 = VECTOR('',#3807,1.);
#3807 = DIRECTION('',(-1.,0.));
#3808 = ( GEOMETRIC_REPRESENTATION_CONTEXT(2) 
PARAMETRIC_REPRESENTATION_CONTEXT() REPRESENTATION_CONTEXT('2D SPACE',''
  ) );
#3809 = ADVANCED_FACE('',(#3810),#3303,.F.);
#3810 = FACE_BOUND('',#3811,.F.);
#3811 = EDGE_LOOP('',(#3812,#3813,#3814,#3815,#3836));
#3812 = ORIENTED_EDGE('',*,*,#3705,.F.);
#3813 = ORIENTED_EDGE('',*,*,#3288,.T.);
#3814 = ORIENTED_EDGE('',*,*,#3344,.T.);
#3815 = ORIENTED_EDGE('',*,*,#3816,.F.);
#3816 = EDGE_CURVE('',#3817,#3345,#3819,.T.);
#3817 = VERTEX_POINT('',#3818);
#3818 = CARTESIAN_POINT('',(-37.49999999997,-5.670707919894E-06,107.5));
#3819 = SURFACE_CURVE('',#3820,(#3824,#3830),.PCURVE_S1.);
#3820 = LINE('',#3821,#3822);
#3821 = CARTESIAN_POINT('',(-37.49999999997,-5.670707919931E-06,99.));
#3822 = VECTOR('',#3823,1.);
#3823 = DIRECTION('',(0.,-0.,-1.));
#3824 = PCURVE('',#3303,#3825);
#3825 = DEFINITIONAL_REPRESENTATION('',(#3826),#3829);
#3826 = B_SPLINE_CURVE_WITH_KNOTS('',1,(#3827,#3828),.UNSPECIFIED.,.F.,
  .F.,(2,2),(-8.5000006,6.000000070117E-07),.PIECEWISE_BEZIER_KNOTS.);
#3827 = CARTESIAN_POINT('',(-54.66875126325,-37.50018472041));
#3828 = CARTESIAN_POINT('',(-46.16875006325,-37.50018472041));
#3829 = ( GEOMETRIC_REPRESENTATION_CONTEXT(2) 
PARAMETRIC_REPRESENTATION_CONTEXT() REPRESENTATION_CONTEXT('2D SPACE',''
  ) );
#3830 = PCURVE('',#3418,#3831);
#3831 = DEFINITIONAL_REPRESENTATION('',(#3832),#3835);
#3832 = B_SPLINE_CURVE_WITH_KNOTS('',1,(#3833,#3834),.UNSPECIFIED.,.F.,
  .F.,(2,2),(-8.5000006,6.000000070117E-07),.PIECEWISE_BEZIER_KNOTS.);
#3833 = CARTESIAN_POINT('',(1.570788765851,-8.5000006));
#3834 = CARTESIAN_POINT('',(1.570788765851,6.000000070117E-07));
#3835 = ( GEOMETRIC_REPRESENTATION_CONTEXT(2) 
PARAMETRIC_REPRESENTATION_CONTEXT() REPRESENTATION_CONTEXT('2D SPACE',''
  ) );
#3836 = ORIENTED_EDGE('',*,*,#3837,.T.);
#3837 = EDGE_CURVE('',#3817,#3706,#3838,.T.);
#3838 = SURFACE_CURVE('',#3839,(#3844,#3851),.PCURVE_S1.);
#3839 = HYPERBOLA('',#3840,5.670707919931E-06,5.670707919931E-06);
#3840 = AXIS2_PLACEMENT_3D('',#3841,#3842,#3843);
#3841 = CARTESIAN_POINT('',(-36.75,-5.670707919931E-06,106.75));
#3842 = DIRECTION('',(-0.,-1.,0.));
#3843 = DIRECTION('',(-0.,0.,1.));
#3844 = PCURVE('',#3303,#3845);
#3845 = DEFINITIONAL_REPRESENTATION('',(#3846),#3850);
#3846 = ( BOUNDED_CURVE() B_SPLINE_CURVE(2,(#3847,#3848,#3849),
.UNSPECIFIED.,.F.,.F.) B_SPLINE_CURVE_WITH_KNOTS((3,3),(12.485661702509,
13.58427399119),.PIECEWISE_BEZIER_KNOTS.) CURVE() 
GEOMETRIC_REPRESENTATION_ITEM() RATIONAL_B_SPLINE_CURVE((1.,
1.154700538383,1.)) REPRESENTATION_ITEM('') );
#3847 = CARTESIAN_POINT('',(-54.66875066325,-37.50018472041));
#3848 = CARTESIAN_POINT('',(-55.04375066324,-37.87518472041));
#3849 = CARTESIAN_POINT('',(-56.16875066325,-39.00018472042));
#3850 = ( GEOMETRIC_REPRESENTATION_CONTEXT(2) 
PARAMETRIC_REPRESENTATION_CONTEXT() REPRESENTATION_CONTEXT('2D SPACE',''
  ) );
#3851 = PCURVE('',#3798,#3852);
#3852 = DEFINITIONAL_REPRESENTATION('',(#3853),#3862);
#3853 = B_SPLINE_CURVE_WITH_KNOTS('',7,(#3854,#3855,#3856,#3857,#3858,
    #3859,#3860,#3861),.UNSPECIFIED.,.F.,.F.,(8,8),(12.485661702509,
    13.58427399119),.PIECEWISE_BEZIER_KNOTS.);
#3854 = CARTESIAN_POINT('',(-1.570788765851,4.440892098501E-16));
#3855 = CARTESIAN_POINT('',(-1.5707899525,0.117708459498));
#3856 = CARTESIAN_POINT('',(-1.570790921872,0.256969477826));
#3857 = CARTESIAN_POINT('',(-1.570791721704,0.42251947216));
#3858 = CARTESIAN_POINT('',(-1.570792386638,0.620391574764));
#3859 = CARTESIAN_POINT('',(-1.570792942955,0.858407113042));
#3860 = CARTESIAN_POINT('',(-1.57079341093,1.146874621497));
#3861 = CARTESIAN_POINT('',(-1.57079380648,1.5));
#3862 = ( GEOMETRIC_REPRESENTATION_CONTEXT(2) 
PARAMETRIC_REPRESENTATION_CONTEXT() REPRESENTATION_CONTEXT('2D SPACE',''
  ) );
#3863 = ADVANCED_FACE('',(#3864),#3418,.F.);
#3864 = FACE_BOUND('',#3865,.F.);
#3865 = EDGE_LOOP('',(#3866,#3867,#3868,#3869));
#3866 = ORIENTED_EDGE('',*,*,#3816,.T.);
#3867 = ORIENTED_EDGE('',*,*,#3396,.T.);
#3868 = ORIENTED_EDGE('',*,*,#3489,.T.);
#3869 = ORIENTED_EDGE('',*,*,#3870,.T.);
#3870 = EDGE_CURVE('',#3462,#3817,#3871,.T.);
#3871 = SURFACE_CURVE('',#3872,(#3877,#3884),.PCURVE_S1.);
#3872 = CIRCLE('',#3873,0.75);
#3873 = AXIS2_PLACEMENT_3D('',#3874,#3875,#3876);
#3874 = CARTESIAN_POINT('',(-36.75,0.,107.5));
#3875 = DIRECTION('',(0.,-0.,-1.));
#3876 = DIRECTION('',(0.,-1.,0.));
#3877 = PCURVE('',#3418,#3878);
#3878 = DEFINITIONAL_REPRESENTATION('',(#3879),#3883);
#3879 = LINE('',#3880,#3881);
#3880 = CARTESIAN_POINT('',(0.,-8.5));
#3881 = VECTOR('',#3882,1.);
#3882 = DIRECTION('',(1.,0.));
#3883 = ( GEOMETRIC_REPRESENTATION_CONTEXT(2) 
PARAMETRIC_REPRESENTATION_CONTEXT() REPRESENTATION_CONTEXT('2D SPACE',''
  ) );
#3884 = PCURVE('',#3798,#3885);
#3885 = DEFINITIONAL_REPRESENTATION('',(#3886),#3890);
#3886 = LINE('',#3887,#3888);
#3887 = CARTESIAN_POINT('',(-0.,0.));
#3888 = VECTOR('',#3889,1.);
#3889 = DIRECTION('',(-1.,0.));
#3890 = ( GEOMETRIC_REPRESENTATION_CONTEXT(2) 
PARAMETRIC_REPRESENTATION_CONTEXT() REPRESENTATION_CONTEXT('2D SPACE',''
  ) );
#3891 = ADVANCED_FACE('',(#3892),#3477,.T.);
#3892 = FACE_BOUND('',#3893,.T.);
#3893 = EDGE_LOOP('',(#3894,#3895,#3913,#3914));
#3894 = ORIENTED_EDGE('',*,*,#3461,.T.);
#3895 = ORIENTED_EDGE('',*,*,#3896,.T.);
#3896 = EDGE_CURVE('',#3462,#3757,#3897,.T.);
#3897 = SURFACE_CURVE('',#3898,(#3901,#3907),.PCURVE_S1.);
#3898 = B_SPLINE_CURVE_WITH_KNOTS('',1,(#3899,#3900),.UNSPECIFIED.,.F.,
  .F.,(2,2),(0.,1.),.PIECEWISE_BEZIER_KNOTS.);
#3899 = CARTESIAN_POINT('',(-36.75,-0.75,107.5));
#3900 = CARTESIAN_POINT('',(-36.75,-2.25,109.));
#3901 = PCURVE('',#3477,#3902);
#3902 = DEFINITIONAL_REPRESENTATION('',(#3903),#3906);
#3903 = B_SPLINE_CURVE_WITH_KNOTS('',1,(#3904,#3905),.UNSPECIFIED.,.F.,
  .F.,(2,2),(0.,1.),.PIECEWISE_BEZIER_KNOTS.);
#3904 = CARTESIAN_POINT('',(73.5,-2.12132034356));
#3905 = CARTESIAN_POINT('',(73.5,0.));
#3906 = ( GEOMETRIC_REPRESENTATION_CONTEXT(2) 
PARAMETRIC_REPRESENTATION_CONTEXT() REPRESENTATION_CONTEXT('2D SPACE',''
  ) );
#3907 = PCURVE('',#3798,#3908);
#3908 = DEFINITIONAL_REPRESENTATION('',(#3909),#3912);
#3909 = B_SPLINE_CURVE_WITH_KNOTS('',1,(#3910,#3911),.UNSPECIFIED.,.F.,
  .F.,(2,2),(0.,1.),.PIECEWISE_BEZIER_KNOTS.);
#3910 = CARTESIAN_POINT('',(0.,0.));
#3911 = CARTESIAN_POINT('',(0.,1.5));
#3912 = ( GEOMETRIC_REPRESENTATION_CONTEXT(2) 
PARAMETRIC_REPRESENTATION_CONTEXT() REPRESENTATION_CONTEXT('2D SPACE',''
  ) );
#3913 = ORIENTED_EDGE('',*,*,#3756,.F.);
#3914 = ORIENTED_EDGE('',*,*,#3915,.F.);
#3915 = EDGE_CURVE('',#3434,#3729,#3916,.T.);
#3916 = SURFACE_CURVE('',#3917,(#3920,#3926),.PCURVE_S1.);
#3917 = B_SPLINE_CURVE_WITH_KNOTS('',1,(#3918,#3919),.UNSPECIFIED.,.F.,
  .F.,(2,2),(0.,1.),.PIECEWISE_BEZIER_KNOTS.);
#3918 = CARTESIAN_POINT('',(36.75,-0.75,107.5));
#3919 = CARTESIAN_POINT('',(36.75,-2.25,109.));
#3920 = PCURVE('',#3477,#3921);
#3921 = DEFINITIONAL_REPRESENTATION('',(#3922),#3925);
#3922 = B_SPLINE_CURVE_WITH_KNOTS('',1,(#3923,#3924),.UNSPECIFIED.,.F.,
  .F.,(2,2),(0.,1.),.PIECEWISE_BEZIER_KNOTS.);
#3923 = CARTESIAN_POINT('',(0.,-2.12132034356));
#3924 = CARTESIAN_POINT('',(0.,0.));
#3925 = ( GEOMETRIC_REPRESENTATION_CONTEXT(2) 
PARAMETRIC_REPRESENTATION_CONTEXT() REPRESENTATION_CONTEXT('2D SPACE',''
  ) );
#3926 = PCURVE('',#3665,#3927);
#3927 = DEFINITIONAL_REPRESENTATION('',(#3928),#3931);
#3928 = B_SPLINE_CURVE_WITH_KNOTS('',1,(#3929,#3930),.UNSPECIFIED.,.F.,
  .F.,(2,2),(0.,1.),.PIECEWISE_BEZIER_KNOTS.);
#3929 = CARTESIAN_POINT('',(-3.14159265359,0.));
#3930 = CARTESIAN_POINT('',(-3.14159265359,1.5));
#3931 = ( GEOMETRIC_REPRESENTATION_CONTEXT(2) 
PARAMETRIC_REPRESENTATION_CONTEXT() REPRESENTATION_CONTEXT('2D SPACE',''
  ) );
#3932 = ADVANCED_FACE('',(#3933),#3449,.F.);
#3933 = FACE_BOUND('',#3934,.F.);
#3934 = EDGE_LOOP('',(#3935,#3936,#3937,#3938));
#3935 = ORIENTED_EDGE('',*,*,#3433,.F.);
#3936 = ORIENTED_EDGE('',*,*,#3587,.T.);
#3937 = ORIENTED_EDGE('',*,*,#3682,.F.);
#3938 = ORIENTED_EDGE('',*,*,#3939,.T.);
#3939 = EDGE_CURVE('',#3649,#3434,#3940,.T.);
#3940 = SURFACE_CURVE('',#3941,(#3946,#3953),.PCURVE_S1.);
#3941 = CIRCLE('',#3942,0.75);
#3942 = AXIS2_PLACEMENT_3D('',#3943,#3944,#3945);
#3943 = CARTESIAN_POINT('',(36.75,0.,107.5));
#3944 = DIRECTION('',(0.,0.,-1.));
#3945 = DIRECTION('',(0.,1.,0.));
#3946 = PCURVE('',#3449,#3947);
#3947 = DEFINITIONAL_REPRESENTATION('',(#3948),#3952);
#3948 = LINE('',#3949,#3950);
#3949 = CARTESIAN_POINT('',(0.,-8.5));
#3950 = VECTOR('',#3951,1.);
#3951 = DIRECTION('',(1.,0.));
#3952 = ( GEOMETRIC_REPRESENTATION_CONTEXT(2) 
PARAMETRIC_REPRESENTATION_CONTEXT() REPRESENTATION_CONTEXT('2D SPACE',''
  ) );
#3953 = PCURVE('',#3665,#3954);
#3954 = DEFINITIONAL_REPRESENTATION('',(#3955),#3959);
#3955 = LINE('',#3956,#3957);
#3956 = CARTESIAN_POINT('',(-0.,0.));
#3957 = VECTOR('',#3958,1.);
#3958 = DIRECTION('',(-1.,0.));
#3959 = ( GEOMETRIC_REPRESENTATION_CONTEXT(2) 
PARAMETRIC_REPRESENTATION_CONTEXT() REPRESENTATION_CONTEXT('2D SPACE',''
  ) );
#3960 = ADVANCED_FACE('',(#3961),#3665,.F.);
#3961 = FACE_BOUND('',#3962,.T.);
#3962 = EDGE_LOOP('',(#3963,#3964,#3965,#3966));
#3963 = ORIENTED_EDGE('',*,*,#3648,.T.);
#3964 = ORIENTED_EDGE('',*,*,#3939,.T.);
#3965 = ORIENTED_EDGE('',*,*,#3915,.T.);
#3966 = ORIENTED_EDGE('',*,*,#3728,.F.);
#3967 = ADVANCED_FACE('',(#3968),#3798,.F.);
#3968 = FACE_BOUND('',#3969,.T.);
#3969 = EDGE_LOOP('',(#3970,#3971,#3972,#3973));
#3970 = ORIENTED_EDGE('',*,*,#3896,.F.);
#3971 = ORIENTED_EDGE('',*,*,#3870,.T.);
#3972 = ORIENTED_EDGE('',*,*,#3837,.T.);
#3973 = ORIENTED_EDGE('',*,*,#3779,.F.);
#3974 = ( GEOMETRIC_REPRESENTATION_CONTEXT(3) 
GLOBAL_UNCERTAINTY_ASSIGNED_CONTEXT((#3978)) 
GLOBAL_UNIT_ASSIGNED_CONTEXT((#3975,#3976,#3977)) REPRESENTATION_CONTEXT
('Context #1','3D Context with UNIT and UNCERTAINTY') );
#3975 = ( LENGTH_UNIT() NAMED_UNIT(*) SI_UNIT(.MILLI.,.METRE.) );
#3976 = ( NAMED_UNIT(*) PLANE_ANGLE_UNIT() SI_UNIT($,.RADIAN.) );
#3977 = ( NAMED_UNIT(*) SI_UNIT($,.STERADIAN.) SOLID_ANGLE_UNIT() );
#3978 = UNCERTAINTY_MEASURE_WITH_UNIT(LENGTH_MEASURE(1.E-06),#3975,
  'distance_accuracy_value','confusion accuracy');
#3979 = CONTEXT_DEPENDENT_SHAPE_REPRESENTATION(#3980,#3982);
#3980 = ( REPRESENTATION_RELATIONSHIP('','',#40,#10) 
REPRESENTATION_RELATIONSHIP_WITH_TRANSFORMATION(#3981) 
SHAPE_REPRESENTATION_RELATIONSHIP() );
#3981 = ITEM_DEFINED_TRANSFORMATION('','',#11,#15);
#3982 = PRODUCT_DEFINITION_SHAPE('Placement','Placement of an item',
  #3983);
#3983 = NEXT_ASSEMBLY_USAGE_OCCURRENCE('5','Camada_01_Body_A','',#5,#35,
  $);
#3984 = PRODUCT_RELATED_PRODUCT_CATEGORY('part',$,(#37));
#3985 = SHAPE_DEFINITION_REPRESENTATION(#3986,#3992);
#3986 = PRODUCT_DEFINITION_SHAPE('','',#3987);
#3987 = PRODUCT_DEFINITION('design','',#3988,#3991);
#3988 = PRODUCT_DEFINITION_FORMATION('','',#3989);
#3989 = PRODUCT('Camada_02_Body_B','Camada_02_Body_B','',(#3990));
#3990 = PRODUCT_CONTEXT('',#2,'mechanical');
#3991 = PRODUCT_DEFINITION_CONTEXT('part definition',#2,'design');
#3992 = ADVANCED_BREP_SHAPE_REPRESENTATION('',(#11,#3993),#8128);
#3993 = MANIFOLD_SOLID_BREP('',#3994);
#3994 = CLOSED_SHELL('',(#3995,#4115,#4860,#5292,#5393,#5418,#5840,#5867
    ,#5987,#6346,#6412,#6478,#6544,#6893,#6989,#7039,#7093,#7100,#7449,
    #7560,#7645,#7728,#7807,#7939,#7963,#8017,#8045,#8086,#8114,#8121));
#3995 = ADVANCED_FACE('',(#3996),#4011,.T.);
#3996 = FACE_BOUND('',#3997,.F.);
#3997 = EDGE_LOOP('',(#3998,#4034,#4062,#4091));
#3998 = ORIENTED_EDGE('',*,*,#3999,.F.);
#3999 = EDGE_CURVE('',#4000,#4002,#4004,.T.);
#4000 = VERTEX_POINT('',#4001);
#4001 = CARTESIAN_POINT('',(46.5,0.,0.));
#4002 = VERTEX_POINT('',#4003);
#4003 = CARTESIAN_POINT('',(-46.5,-5.670707925532E-06,0.));
#4004 = SURFACE_CURVE('',#4005,(#4010,#4022),.PCURVE_S1.);
#4005 = CIRCLE('',#4006,46.5);
#4006 = AXIS2_PLACEMENT_3D('',#4007,#4008,#4009);
#4007 = CARTESIAN_POINT('',(0.,0.,0.));
#4008 = DIRECTION('',(0.,0.,1.));
#4009 = DIRECTION('',(1.,0.,0.));
#4010 = PCURVE('',#4011,#4016);
#4011 = CYLINDRICAL_SURFACE('',#4012,46.5);
#4012 = AXIS2_PLACEMENT_3D('',#4013,#4014,#4015);
#4013 = CARTESIAN_POINT('',(0.,0.,0.));
#4014 = DIRECTION('',(-0.,-0.,-1.));
#4015 = DIRECTION('',(1.,0.,0.));
#4016 = DEFINITIONAL_REPRESENTATION('',(#4017),#4021);
#4017 = LINE('',#4018,#4019);
#4018 = CARTESIAN_POINT('',(-0.,0.));
#4019 = VECTOR('',#4020,1.);
#4020 = DIRECTION('',(-1.,0.));
#4021 = ( GEOMETRIC_REPRESENTATION_CONTEXT(2) 
PARAMETRIC_REPRESENTATION_CONTEXT() REPRESENTATION_CONTEXT('2D SPACE',''
  ) );
#4022 = PCURVE('',#4023,#4028);
#4023 = PLANE('',#4024);
#4024 = AXIS2_PLACEMENT_3D('',#4025,#4026,#4027);
#4025 = CARTESIAN_POINT('',(-1.882068139409E-15,-1.61343992693E-17,0.));
#4026 = DIRECTION('',(0.,0.,1.));
#4027 = DIRECTION('',(1.,0.,-0.));
#4028 = DEFINITIONAL_REPRESENTATION('',(#4029),#4033);
#4029 = CIRCLE('',#4030,46.5);
#4030 = AXIS2_PLACEMENT_2D('',#4031,#4032);
#4031 = CARTESIAN_POINT('',(1.882068139409E-15,1.61343992693E-17));
#4032 = DIRECTION('',(1.,0.));
#4033 = ( GEOMETRIC_REPRESENTATION_CONTEXT(2) 
PARAMETRIC_REPRESENTATION_CONTEXT() REPRESENTATION_CONTEXT('2D SPACE',''
  ) );
#4034 = ORIENTED_EDGE('',*,*,#4035,.T.);
#4035 = EDGE_CURVE('',#4000,#4036,#4038,.T.);
#4036 = VERTEX_POINT('',#4037);
#4037 = CARTESIAN_POINT('',(46.5,0.,69.9));
#4038 = SURFACE_CURVE('',#4039,(#4043,#4050),.PCURVE_S1.);
#4039 = LINE('',#4040,#4041);
#4040 = CARTESIAN_POINT('',(46.5,0.,0.));
#4041 = VECTOR('',#4042,1.);
#4042 = DIRECTION('',(0.,0.,1.));
#4043 = PCURVE('',#4011,#4044);
#4044 = DEFINITIONAL_REPRESENTATION('',(#4045),#4049);
#4045 = LINE('',#4046,#4047);
#4046 = CARTESIAN_POINT('',(-0.,0.));
#4047 = VECTOR('',#4048,1.);
#4048 = DIRECTION('',(-0.,-1.));
#4049 = ( GEOMETRIC_REPRESENTATION_CONTEXT(2) 
PARAMETRIC_REPRESENTATION_CONTEXT() REPRESENTATION_CONTEXT('2D SPACE',''
  ) );
#4050 = PCURVE('',#4051,#4056);
#4051 = CYLINDRICAL_SURFACE('',#4052,46.5);
#4052 = AXIS2_PLACEMENT_3D('',#4053,#4054,#4055);
#4053 = CARTESIAN_POINT('',(0.,0.,0.));
#4054 = DIRECTION('',(-0.,-0.,-1.));
#4055 = DIRECTION('',(1.,0.,0.));
#4056 = DEFINITIONAL_REPRESENTATION('',(#4057),#4061);
#4057 = LINE('',#4058,#4059);
#4058 = CARTESIAN_POINT('',(-6.28318530718,0.));
#4059 = VECTOR('',#4060,1.);
#4060 = DIRECTION('',(-0.,-1.));
#4061 = ( GEOMETRIC_REPRESENTATION_CONTEXT(2) 
PARAMETRIC_REPRESENTATION_CONTEXT() REPRESENTATION_CONTEXT('2D SPACE',''
  ) );
#4062 = ORIENTED_EDGE('',*,*,#4063,.T.);
#4063 = EDGE_CURVE('',#4036,#4064,#4066,.T.);
#4064 = VERTEX_POINT('',#4065);
#4065 = CARTESIAN_POINT('',(-46.5,-5.670707925532E-06,69.9));
#4066 = SURFACE_CURVE('',#4067,(#4072,#4079),.PCURVE_S1.);
#4067 = CIRCLE('',#4068,46.5);
#4068 = AXIS2_PLACEMENT_3D('',#4069,#4070,#4071);
#4069 = CARTESIAN_POINT('',(0.,0.,69.9));
#4070 = DIRECTION('',(0.,0.,1.));
#4071 = DIRECTION('',(1.,0.,0.));
#4072 = PCURVE('',#4011,#4073);
#4073 = DEFINITIONAL_REPRESENTATION('',(#4074),#4078);
#4074 = LINE('',#4075,#4076);
#4075 = CARTESIAN_POINT('',(-0.,-69.9));
#4076 = VECTOR('',#4077,1.);
#4077 = DIRECTION('',(-1.,0.));
#4078 = ( GEOMETRIC_REPRESENTATION_CONTEXT(2) 
PARAMETRIC_REPRESENTATION_CONTEXT() REPRESENTATION_CONTEXT('2D SPACE',''
  ) );
#4079 = PCURVE('',#4080,#4085);
#4080 = PLANE('',#4081);
#4081 = AXIS2_PLACEMENT_3D('',#4082,#4083,#4084);
#4082 = CARTESIAN_POINT('',(-1.882068139409E-15,-1.61343992693E-17,69.9)
  );
#4083 = DIRECTION('',(0.,0.,1.));
#4084 = DIRECTION('',(1.,0.,-0.));
#4085 = DEFINITIONAL_REPRESENTATION('',(#4086),#4090);
#4086 = CIRCLE('',#4087,46.5);
#4087 = AXIS2_PLACEMENT_2D('',#4088,#4089);
#4088 = CARTESIAN_POINT('',(1.882068139409E-15,1.61343992693E-17));
#4089 = DIRECTION('',(1.,0.));
#4090 = ( GEOMETRIC_REPRESENTATION_CONTEXT(2) 
PARAMETRIC_REPRESENTATION_CONTEXT() REPRESENTATION_CONTEXT('2D SPACE',''
  ) );
#4091 = ORIENTED_EDGE('',*,*,#4092,.T.);
#4092 = EDGE_CURVE('',#4064,#4002,#4093,.T.);
#4093 = SURFACE_CURVE('',#4094,(#4098,#4104),.PCURVE_S1.);
#4094 = LINE('',#4095,#4096);
#4095 = CARTESIAN_POINT('',(-46.5,-5.670707919931E-06,0.));
#4096 = VECTOR('',#4097,1.);
#4097 = DIRECTION('',(-0.,-0.,-1.));
#4098 = PCURVE('',#4011,#4099);
#4099 = DEFINITIONAL_REPRESENTATION('',(#4100),#4103);
#4100 = B_SPLINE_CURVE_WITH_KNOTS('',1,(#4101,#4102),.UNSPECIFIED.,.F.,
  .F.,(2,2),(-69.9000006,6.E-07),.PIECEWISE_BEZIER_KNOTS.);
#4101 = CARTESIAN_POINT('',(-3.141592775541,-69.9000006));
#4102 = CARTESIAN_POINT('',(-3.141592775541,6.E-07));
#4103 = ( GEOMETRIC_REPRESENTATION_CONTEXT(2) 
PARAMETRIC_REPRESENTATION_CONTEXT() REPRESENTATION_CONTEXT('2D SPACE',''
  ) );
#4104 = PCURVE('',#4105,#4110);
#4105 = PLANE('',#4106);
#4106 = AXIS2_PLACEMENT_3D('',#4107,#4108,#4109);
#4107 = CARTESIAN_POINT('',(1.847204318023E-04,-5.670707919931E-06,
    52.831249336744));
#4108 = DIRECTION('',(-0.,-1.,-0.));
#4109 = DIRECTION('',(0.,0.,-1.));
#4110 = DEFINITIONAL_REPRESENTATION('',(#4111),#4114);
#4111 = B_SPLINE_CURVE_WITH_KNOTS('',1,(#4112,#4113),.UNSPECIFIED.,.F.,
  .F.,(2,2),(-69.9000006,6.E-07),.PIECEWISE_BEZIER_KNOTS.);
#4112 = CARTESIAN_POINT('',(-17.06875126325,-46.50018472043));
#4113 = CARTESIAN_POINT('',(52.831249936744,-46.50018472043));
#4114 = ( GEOMETRIC_REPRESENTATION_CONTEXT(2) 
PARAMETRIC_REPRESENTATION_CONTEXT() REPRESENTATION_CONTEXT('2D SPACE',''
  ) );
#4115 = ADVANCED_FACE('',(#4116),#4023,.F.);
#4116 = FACE_BOUND('',#4117,.F.);
#4117 = EDGE_LOOP('',(#4118,#4142,#4143,#4164,#4248,#4332,#4416,#4500,
    #4584,#4668,#4752,#4836));
#4118 = ORIENTED_EDGE('',*,*,#4119,.T.);
#4119 = EDGE_CURVE('',#4120,#4000,#4122,.T.);
#4120 = VERTEX_POINT('',#4121);
#4121 = CARTESIAN_POINT('',(46.5,-5.670707942616E-06,0.));
#4122 = SURFACE_CURVE('',#4123,(#4128,#4135),.PCURVE_S1.);
#4123 = CIRCLE('',#4124,46.5);
#4124 = AXIS2_PLACEMENT_3D('',#4125,#4126,#4127);
#4125 = CARTESIAN_POINT('',(0.,0.,0.));
#4126 = DIRECTION('',(0.,0.,1.));
#4127 = DIRECTION('',(1.,0.,0.));
#4128 = PCURVE('',#4023,#4129);
#4129 = DEFINITIONAL_REPRESENTATION('',(#4130),#4134);
#4130 = CIRCLE('',#4131,46.5);
#4131 = AXIS2_PLACEMENT_2D('',#4132,#4133);
#4132 = CARTESIAN_POINT('',(1.882068139409E-15,1.61343992693E-17));
#4133 = DIRECTION('',(1.,0.));
#4134 = ( GEOMETRIC_REPRESENTATION_CONTEXT(2) 
PARAMETRIC_REPRESENTATION_CONTEXT() REPRESENTATION_CONTEXT('2D SPACE',''
  ) );
#4135 = PCURVE('',#4051,#4136);
#4136 = DEFINITIONAL_REPRESENTATION('',(#4137),#4141);
#4137 = LINE('',#4138,#4139);
#4138 = CARTESIAN_POINT('',(-0.,0.));
#4139 = VECTOR('',#4140,1.);
#4140 = DIRECTION('',(-1.,0.));
#4141 = ( GEOMETRIC_REPRESENTATION_CONTEXT(2) 
PARAMETRIC_REPRESENTATION_CONTEXT() REPRESENTATION_CONTEXT('2D SPACE',''
  ) );
#4142 = ORIENTED_EDGE('',*,*,#3999,.T.);
#4143 = ORIENTED_EDGE('',*,*,#4144,.T.);
#4144 = EDGE_CURVE('',#4002,#4145,#4147,.T.);
#4145 = VERTEX_POINT('',#4146);
#4146 = CARTESIAN_POINT('',(-37.79999999999,-5.670707919687E-06,0.));
#4147 = SURFACE_CURVE('',#4148,(#4152,#4158),.PCURVE_S1.);
#4148 = LINE('',#4149,#4150);
#4149 = CARTESIAN_POINT('',(9.23602159002E-05,-5.670707919931E-06,0.));
#4150 = VECTOR('',#4151,1.);
#4151 = DIRECTION('',(1.,0.,0.));
#4152 = PCURVE('',#4023,#4153);
#4153 = DEFINITIONAL_REPRESENTATION('',(#4154),#4157);
#4154 = B_SPLINE_CURVE_WITH_KNOTS('',1,(#4155,#4156),.UNSPECIFIED.,.F.,
  .F.,(2,2),(-46.50009236021,46.499907639784),.PIECEWISE_BEZIER_KNOTS.);
#4155 = CARTESIAN_POINT('',(-46.5,-5.670707919915E-06));
#4156 = CARTESIAN_POINT('',(46.5,-5.670707919915E-06));
#4157 = ( GEOMETRIC_REPRESENTATION_CONTEXT(2) 
PARAMETRIC_REPRESENTATION_CONTEXT() REPRESENTATION_CONTEXT('2D SPACE',''
  ) );
#4158 = PCURVE('',#4105,#4159);
#4159 = DEFINITIONAL_REPRESENTATION('',(#4160),#4163);
#4160 = B_SPLINE_CURVE_WITH_KNOTS('',1,(#4161,#4162),.UNSPECIFIED.,.F.,
  .F.,(2,2),(-46.50009236021,46.499907639784),.PIECEWISE_BEZIER_KNOTS.);
#4161 = CARTESIAN_POINT('',(52.831249336744,-46.50018472043));
#4162 = CARTESIAN_POINT('',(52.831249336744,46.499815279568));
#4163 = ( GEOMETRIC_REPRESENTATION_CONTEXT(2) 
PARAMETRIC_REPRESENTATION_CONTEXT() REPRESENTATION_CONTEXT('2D SPACE',''
  ) );
#4164 = ORIENTED_EDGE('',*,*,#4165,.F.);
#4165 = EDGE_CURVE('',#4166,#4145,#4168,.T.);
#4166 = VERTEX_POINT('',#4167);
#4167 = CARTESIAN_POINT('',(-37.79213073791,0.771267974243,0.));
#4168 = SURFACE_CURVE('',#4169,(#4181,#4196),.PCURVE_S1.);
#4169 = B_SPLINE_CURVE_WITH_KNOTS('',10,(#4170,#4171,#4172,#4173,#4174,
    #4175,#4176,#4177,#4178,#4179,#4180),.UNSPECIFIED.,.F.,.F.,(11,11),(
    6.,7.),.PIECEWISE_BEZIER_KNOTS.);
#4170 = CARTESIAN_POINT('',(-37.79213073791,0.771267974243,0.));
#4171 = CARTESIAN_POINT('',(-37.79527833353,0.617035789232,0.));
#4172 = CARTESIAN_POINT('',(-37.79772656053,0.462789330996,0.));
#4173 = CARTESIAN_POINT('',(-37.79947534612,0.308532167841,0.));
#4174 = CARTESIAN_POINT('',(-37.80052463827,0.154267868074,0.));
#4175 = CARTESIAN_POINT('',(-37.80087440579,4.640732242933E-15,0.));
#4176 = CARTESIAN_POINT('',(-37.80052463827,-0.154267868074,0.));
#4177 = CARTESIAN_POINT('',(-37.79947534612,-0.308532167841,0.));
#4178 = CARTESIAN_POINT('',(-37.79772656053,-0.462789330996,0.));
#4179 = CARTESIAN_POINT('',(-37.79527833353,-0.617035789232,0.));
#4180 = CARTESIAN_POINT('',(-37.79213073791,-0.771267974243,0.));
#4181 = PCURVE('',#4023,#4182);
#4182 = DEFINITIONAL_REPRESENTATION('',(#4183),#4195);
#4183 = B_SPLINE_CURVE_WITH_KNOTS('',10,(#4184,#4185,#4186,#4187,#4188,
    #4189,#4190,#4191,#4192,#4193,#4194),.UNSPECIFIED.,.F.,.F.,(11,11),(
    6.,7.),.PIECEWISE_BEZIER_KNOTS.);
#4184 = CARTESIAN_POINT('',(-37.79213073791,0.771267974243));
#4185 = CARTESIAN_POINT('',(-37.79527833353,0.617035789232));
#4186 = CARTESIAN_POINT('',(-37.79772656053,0.462789330996));
#4187 = CARTESIAN_POINT('',(-37.79947534612,0.308532167841));
#4188 = CARTESIAN_POINT('',(-37.80052463827,0.154267868074));
#4189 = CARTESIAN_POINT('',(-37.80087440579,4.656866642202E-15));
#4190 = CARTESIAN_POINT('',(-37.80052463827,-0.154267868074));
#4191 = CARTESIAN_POINT('',(-37.79947534612,-0.308532167841));
#4192 = CARTESIAN_POINT('',(-37.79772656053,-0.462789330996));
#4193 = CARTESIAN_POINT('',(-37.79527833353,-0.617035789232));
#4194 = CARTESIAN_POINT('',(-37.79213073791,-0.771267974243));
#4195 = ( GEOMETRIC_REPRESENTATION_CONTEXT(2) 
PARAMETRIC_REPRESENTATION_CONTEXT() REPRESENTATION_CONTEXT('2D SPACE',''
  ) );
#4196 = PCURVE('',#4197,#4242);
#4197 = ( BOUNDED_SURFACE() B_SPLINE_SURFACE(10,3,(
    (#4198,#4199,#4200,#4201)
    ,(#4202,#4203,#4204,#4205)
    ,(#4206,#4207,#4208,#4209)
    ,(#4210,#4211,#4212,#4213)
    ,(#4214,#4215,#4216,#4217)
    ,(#4218,#4219,#4220,#4221)
    ,(#4222,#4223,#4224,#4225)
    ,(#4226,#4227,#4228,#4229)
    ,(#4230,#4231,#4232,#4233)
    ,(#4234,#4235,#4236,#4237)
    ,(#4238,#4239,#4240,#4241
)),.UNSPECIFIED.,.F.,.F.,.F.) B_SPLINE_SURFACE_WITH_KNOTS((11,11),(4,4),
  (6.,7.),(0.,1.),.PIECEWISE_BEZIER_KNOTS.) 
GEOMETRIC_REPRESENTATION_ITEM() RATIONAL_B_SPLINE_SURFACE((
    (1.,1.,1.,1.)
    ,(1.,1.,1.,1.)
    ,(1.,1.,1.,1.)
    ,(1.,1.,1.,1.)
    ,(1.,1.,1.,1.)
    ,(1.,1.,1.,1.)
    ,(1.,1.,1.,1.)
    ,(1.,1.,1.,1.)
    ,(1.,1.,1.,1.)
    ,(1.,1.,1.,1.)
,(1.,1.,1.,1.))) REPRESENTATION_ITEM('') SURFACE() );
#4198 = CARTESIAN_POINT('',(-37.79213073791,0.771267974243,0.));
#4199 = CARTESIAN_POINT('',(22.763590509555,-0.464563071624,3.));
#4200 = CARTESIAN_POINT('',(-67.71485746365,1.381935866605,90.));
#4201 = CARTESIAN_POINT('',(-36.75,0.75,99.));
#4202 = CARTESIAN_POINT('',(-37.79527833353,0.617035789232,0.));
#4203 = CARTESIAN_POINT('',(22.777842712702,-0.337077857202,3.));
#4204 = CARTESIAN_POINT('',(-67.71901588225,1.011754409159,90.));
#4205 = CARTESIAN_POINT('',(-36.98561944901,0.75,99.));
#4206 = CARTESIAN_POINT('',(-37.79772656053,0.462789330996,0.));
#4207 = CARTESIAN_POINT('',(22.773037933434,-0.226865742579,3.));
#4208 = CARTESIAN_POINT('',(-67.68174843734,0.689592953924,90.));
#4209 = CARTESIAN_POINT('',(-37.22124107155,0.667753520049,99.));
#4210 = CARTESIAN_POINT('',(-37.79947534612,0.308532167841,0.));
#4211 = CARTESIAN_POINT('',(22.758790589105,-0.13628483069,3.));
#4212 = CARTESIAN_POINT('',(-67.62766603524,0.420226532402,90.));
#4213 = CARTESIAN_POINT('',(-37.42455043143,0.503258522416,99.));
#4214 = CARTESIAN_POINT('',(-37.80052463827,0.154267868074,0.));
#4215 = CARTESIAN_POINT('',(22.744998603816,-6.301040528433E-02,3.));
#4216 = CARTESIAN_POINT('',(-67.58193558956,0.196646767552,90.));
#4217 = CARTESIAN_POINT('',(-37.56330541722,0.271019590411,99.));
#4218 = CARTESIAN_POINT('',(-37.80087440579,4.640732242933E-15,0.));
#4219 = CARTESIAN_POINT('',(22.73941830552,-7.367948843632E-15,3.));
#4220 = CARTESIAN_POINT('',(-67.56420577698,5.591938948927E-15,90.));
#4221 = CARTESIAN_POINT('',(-37.61268047281,-3.863576125696E-15,99.));
#4222 = CARTESIAN_POINT('',(-37.80052463827,-0.154267868074,0.));
#4223 = CARTESIAN_POINT('',(22.744998603815,6.301040528432E-02,3.));
#4224 = CARTESIAN_POINT('',(-67.58193558956,-0.196646767552,90.));
#4225 = CARTESIAN_POINT('',(-37.56330541722,-0.271019590411,99.));
#4226 = CARTESIAN_POINT('',(-37.79947534612,-0.308532167841,0.));
#4227 = CARTESIAN_POINT('',(22.758790589106,0.13628483069,3.));
#4228 = CARTESIAN_POINT('',(-67.62766603525,-0.420226532402,90.));
#4229 = CARTESIAN_POINT('',(-37.42455043143,-0.503258522416,99.));
#4230 = CARTESIAN_POINT('',(-37.79772656053,-0.462789330996,0.));
#4231 = CARTESIAN_POINT('',(22.773037933433,0.226865742579,3.));
#4232 = CARTESIAN_POINT('',(-67.68174843734,-0.689592953924,90.));
#4233 = CARTESIAN_POINT('',(-37.22124107156,-0.667753520049,99.));
#4234 = CARTESIAN_POINT('',(-37.79527833353,-0.617035789232,0.));
#4235 = CARTESIAN_POINT('',(22.777842712702,0.337077857202,3.));
#4236 = CARTESIAN_POINT('',(-67.71901588225,-1.011754409159,90.));
#4237 = CARTESIAN_POINT('',(-36.98561944901,-0.75,99.));
#4238 = CARTESIAN_POINT('',(-37.79213073791,-0.771267974243,0.));
#4239 = CARTESIAN_POINT('',(22.763590509555,0.464563071624,3.));
#4240 = CARTESIAN_POINT('',(-67.71485746365,-1.381935866605,90.));
#4241 = CARTESIAN_POINT('',(-36.75,-0.75,99.));
#4242 = DEFINITIONAL_REPRESENTATION('',(#4243),#4247);
#4243 = LINE('',#4244,#4245);
#4244 = CARTESIAN_POINT('',(0.,0.));
#4245 = VECTOR('',#4246,1.);
#4246 = DIRECTION('',(1.,0.));
#4247 = ( GEOMETRIC_REPRESENTATION_CONTEXT(2) 
PARAMETRIC_REPRESENTATION_CONTEXT() REPRESENTATION_CONTEXT('2D SPACE',''
  ) );
#4248 = ORIENTED_EDGE('',*,*,#4249,.F.);
#4249 = EDGE_CURVE('',#4250,#4166,#4252,.T.);
#4250 = VERTEX_POINT('',#4251);
#4251 = CARTESIAN_POINT('',(-37.75479294966,1.848136717816,0.));
#4252 = SURFACE_CURVE('',#4253,(#4265,#4280),.PCURVE_S1.);
#4253 = B_SPLINE_CURVE_WITH_KNOTS('',10,(#4254,#4255,#4256,#4257,#4258,
    #4259,#4260,#4261,#4262,#4263,#4264),.UNSPECIFIED.,.F.,.F.,(11,11),(
    5.,6.),.PIECEWISE_BEZIER_KNOTS.);
#4254 = CARTESIAN_POINT('',(-37.75479294966,1.848136717816,0.));
#4255 = CARTESIAN_POINT('',(-37.76006137303,1.740510354838,0.));
#4256 = CARTESIAN_POINT('',(-37.76498887665,1.632867303746,0.));
#4257 = CARTESIAN_POINT('',(-37.76957541839,1.525208779966,0.));
#4258 = CARTESIAN_POINT('',(-37.7738209561,1.417535998928,0.));
#4259 = CARTESIAN_POINT('',(-37.77772544765,1.309850176059,0.));
#4260 = CARTESIAN_POINT('',(-37.78128885089,1.202152526788,0.));
#4261 = CARTESIAN_POINT('',(-37.78451112367,1.094444266543,0.));
#4262 = CARTESIAN_POINT('',(-37.78739222387,0.986726610751,0.));
#4263 = CARTESIAN_POINT('',(-37.78993210933,0.879000774842,0.));
#4264 = CARTESIAN_POINT('',(-37.79213073791,0.771267974243,0.));
#4265 = PCURVE('',#4023,#4266);
#4266 = DEFINITIONAL_REPRESENTATION('',(#4267),#4279);
#4267 = B_SPLINE_CURVE_WITH_KNOTS('',10,(#4268,#4269,#4270,#4271,#4272,
    #4273,#4274,#4275,#4276,#4277,#4278),.UNSPECIFIED.,.F.,.F.,(11,11),(
    5.,6.),.PIECEWISE_BEZIER_KNOTS.);
#4268 = CARTESIAN_POINT('',(-37.75479294966,1.848136717816));
#4269 = CARTESIAN_POINT('',(-37.76006137303,1.740510354838));
#4270 = CARTESIAN_POINT('',(-37.76498887665,1.632867303746));
#4271 = CARTESIAN_POINT('',(-37.76957541839,1.525208779966));
#4272 = CARTESIAN_POINT('',(-37.7738209561,1.417535998928));
#4273 = CARTESIAN_POINT('',(-37.77772544765,1.309850176059));
#4274 = CARTESIAN_POINT('',(-37.78128885089,1.202152526788));
#4275 = CARTESIAN_POINT('',(-37.78451112367,1.094444266543));
#4276 = CARTESIAN_POINT('',(-37.78739222387,0.986726610751));
#4277 = CARTESIAN_POINT('',(-37.78993210933,0.879000774842));
#4278 = CARTESIAN_POINT('',(-37.79213073791,0.771267974243));
#4279 = ( GEOMETRIC_REPRESENTATION_CONTEXT(2) 
PARAMETRIC_REPRESENTATION_CONTEXT() REPRESENTATION_CONTEXT('2D SPACE',''
  ) );
#4280 = PCURVE('',#4281,#4326);
#4281 = ( BOUNDED_SURFACE() B_SPLINE_SURFACE(10,3,(
    (#4282,#4283,#4284,#4285)
    ,(#4286,#4287,#4288,#4289)
    ,(#4290,#4291,#4292,#4293)
    ,(#4294,#4295,#4296,#4297)
    ,(#4298,#4299,#4300,#4301)
    ,(#4302,#4303,#4304,#4305)
    ,(#4306,#4307,#4308,#4309)
    ,(#4310,#4311,#4312,#4313)
    ,(#4314,#4315,#4316,#4317)
    ,(#4318,#4319,#4320,#4321)
    ,(#4322,#4323,#4324,#4325
)),.UNSPECIFIED.,.F.,.F.,.F.) B_SPLINE_SURFACE_WITH_KNOTS((11,11),(4,4),
  (5.,6.),(0.,1.),.PIECEWISE_BEZIER_KNOTS.) 
GEOMETRIC_REPRESENTATION_ITEM() RATIONAL_B_SPLINE_SURFACE((
    (1.,1.,1.,1.)
    ,(1.,1.,1.,1.)
    ,(1.,1.,1.,1.)
    ,(1.,1.,1.,1.)
    ,(1.,1.,1.,1.)
    ,(1.,1.,1.,1.)
    ,(1.,1.,1.,1.)
    ,(1.,1.,1.,1.)
    ,(1.,1.,1.,1.)
    ,(1.,1.,1.,1.)
,(1.,1.,1.,1.))) REPRESENTATION_ITEM('') SURFACE() );
#4282 = CARTESIAN_POINT('',(-37.75479294966,1.848136717816,0.));
#4283 = CARTESIAN_POINT('',(27.663297928826,-1.354147451061,3.));
#4284 = CARTESIAN_POINT('',(-80.90863050432,3.960562332379,90.));
#4285 = CARTESIAN_POINT('',(-15.32142857142,0.75,99.));
#4286 = CARTESIAN_POINT('',(-37.76006137303,1.740510354838,0.));
#4287 = CARTESIAN_POINT('',(27.226202204672,-1.412762186442,3.));
#4288 = CARTESIAN_POINT('',(-79.7022469146,3.998838563651,90.));
#4289 = CARTESIAN_POINT('',(-17.46428571428,0.75,99.));
#4290 = CARTESIAN_POINT('',(-37.76498887665,1.632867303746,0.));
#4291 = CARTESIAN_POINT('',(26.790193913718,-1.434944388189,3.));
#4292 = CARTESIAN_POINT('',(-78.49643535085,3.963976241492,90.));
#4293 = CARTESIAN_POINT('',(-19.60714285714,0.75,99.));
#4294 = CARTESIAN_POINT('',(-37.76957541839,1.525208779966,0.));
#4295 = CARTESIAN_POINT('',(26.350147152968,-1.420681346357,3.));
#4296 = CARTESIAN_POINT('',(-77.28094098465,3.855969746953,90.));
#4297 = CARTESIAN_POINT('',(-21.75,0.75,99.));
#4298 = CARTESIAN_POINT('',(-37.7738209561,1.417535998928,0.));
#4299 = CARTESIAN_POINT('',(25.900935063437,-1.370779663026,3.));
#4300 = CARTESIAN_POINT('',(-76.04550733145,3.676452111106,
    89.999999999999));
#4301 = CARTESIAN_POINT('',(-23.89285714285,0.75,99.));
#4302 = CARTESIAN_POINT('',(-37.77772544765,1.309850176059,0.));
#4303 = CARTESIAN_POINT('',(25.437584545936,-1.286868218631,3.));
#4304 = CARTESIAN_POINT('',(-74.78018568206,3.428700947683,90.));
#4305 = CARTESIAN_POINT('',(-26.03571428571,0.75,99.));
#4306 = CARTESIAN_POINT('',(-37.78128885089,1.202152526788,0.));
#4307 = CARTESIAN_POINT('',(24.955429087276,-1.17136231828,3.));
#4308 = CARTESIAN_POINT('',(-73.47564075515,3.117566745734,90.));
#4309 = CARTESIAN_POINT('',(-28.17857142857,0.75,99.));
#4310 = CARTESIAN_POINT('',(-37.78451112367,1.094444266543,0.));
#4311 = CARTESIAN_POINT('',(24.450251637541,-1.027394073369,3.));
#4312 = CARTESIAN_POINT('',(-72.12343645175,2.749333632846,90.));
#4313 = CARTESIAN_POINT('',(-30.32142857142,0.75,99.));
#4314 = CARTESIAN_POINT('',(-37.78739222387,0.986726610751,0.));
#4315 = CARTESIAN_POINT('',(23.918409479142,-0.858714073768,3.));
#4316 = CARTESIAN_POINT('',(-70.71628559333,2.331522719512,
    89.999999999999));
#4317 = CARTESIAN_POINT('',(-32.46428571428,0.75,99.));
#4318 = CARTESIAN_POINT('',(-37.78993210933,0.879000774842,0.));
#4319 = CARTESIAN_POINT('',(23.356933028284,-0.669569405843,3.));
#4320 = CARTESIAN_POINT('',(-69.2482475248,1.872648135185,
    90.000000000001));
#4321 = CARTESIAN_POINT('',(-34.60714285714,0.75,99.));
#4322 = CARTESIAN_POINT('',(-37.79213073791,0.771267974243,0.));
#4323 = CARTESIAN_POINT('',(22.763590509555,-0.464563071624,3.));
#4324 = CARTESIAN_POINT('',(-67.71485746365,1.381935866605,90.));
#4325 = CARTESIAN_POINT('',(-36.75,0.75,99.));
#4326 = DEFINITIONAL_REPRESENTATION('',(#4327),#4331);
#4327 = LINE('',#4328,#4329);
#4328 = CARTESIAN_POINT('',(0.,0.));
#4329 = VECTOR('',#4330,1.);
#4330 = DIRECTION('',(1.,0.));
#4331 = ( GEOMETRIC_REPRESENTATION_CONTEXT(2) 
PARAMETRIC_REPRESENTATION_CONTEXT() REPRESENTATION_CONTEXT('2D SPACE',''
  ) );
#4332 = ORIENTED_EDGE('',*,*,#4333,.F.);
#4333 = EDGE_CURVE('',#4334,#4250,#4336,.T.);
#4334 = VERTEX_POINT('',#4335);
#4335 = CARTESIAN_POINT('',(-33.51290718505,17.484995053072,0.));
#4336 = SURFACE_CURVE('',#4337,(#4349,#4364),.PCURVE_S1.);
#4337 = B_SPLINE_CURVE_WITH_KNOTS('',10,(#4338,#4339,#4340,#4341,#4342,
    #4343,#4344,#4345,#4346,#4347,#4348),.UNSPECIFIED.,.F.,.F.,(11,11),(
    4.,5.),.PIECEWISE_BEZIER_KNOTS.);
#4338 = CARTESIAN_POINT('',(-33.51290718505,17.484995053072,0.));
#4339 = CARTESIAN_POINT('',(-34.26821573802,16.037320326537,0.));
#4340 = CARTESIAN_POINT('',(-34.95403986867,14.553392907608,0.));
#4341 = CARTESIAN_POINT('',(-35.56842208622,13.03696459141,0.));
#4342 = CARTESIAN_POINT('',(-36.10963634546,11.491908258436,0.));
#4343 = CARTESIAN_POINT('',(-36.57619686872,9.922200834378,0.));
#4344 = CARTESIAN_POINT('',(-36.96686540317,8.331905825521,0.));
#4345 = CARTESIAN_POINT('',(-37.28065691357,6.725155429701,0.));
#4346 = CARTESIAN_POINT('',(-37.51684371035,5.106132222818,0.));
#4347 = CARTESIAN_POINT('',(-37.67495801315,3.479050420915,0.));
#4348 = CARTESIAN_POINT('',(-37.75479294966,1.848136717816,0.));
#4349 = PCURVE('',#4023,#4350);
#4350 = DEFINITIONAL_REPRESENTATION('',(#4351),#4363);
#4351 = B_SPLINE_CURVE_WITH_KNOTS('',10,(#4352,#4353,#4354,#4355,#4356,
    #4357,#4358,#4359,#4360,#4361,#4362),.UNSPECIFIED.,.F.,.F.,(11,11),(
    4.,5.),.PIECEWISE_BEZIER_KNOTS.);
#4352 = CARTESIAN_POINT('',(-33.51290718505,17.484995053072));
#4353 = CARTESIAN_POINT('',(-34.26821573802,16.037320326537));
#4354 = CARTESIAN_POINT('',(-34.95403986867,14.553392907608));
#4355 = CARTESIAN_POINT('',(-35.56842208622,13.03696459141));
#4356 = CARTESIAN_POINT('',(-36.10963634546,11.491908258436));
#4357 = CARTESIAN_POINT('',(-36.57619686872,9.922200834378));
#4358 = CARTESIAN_POINT('',(-36.96686540317,8.331905825521));
#4359 = CARTESIAN_POINT('',(-37.28065691357,6.725155429701));
#4360 = CARTESIAN_POINT('',(-37.51684371035,5.106132222818));
#4361 = CARTESIAN_POINT('',(-37.67495801315,3.479050420915));
#4362 = CARTESIAN_POINT('',(-37.75479294966,1.848136717816));
#4363 = ( GEOMETRIC_REPRESENTATION_CONTEXT(2) 
PARAMETRIC_REPRESENTATION_CONTEXT() REPRESENTATION_CONTEXT('2D SPACE',''
  ) );
#4364 = PCURVE('',#4365,#4410);
#4365 = ( BOUNDED_SURFACE() B_SPLINE_SURFACE(10,3,(
    (#4366,#4367,#4368,#4369)
    ,(#4370,#4371,#4372,#4373)
    ,(#4374,#4375,#4376,#4377)
    ,(#4378,#4379,#4380,#4381)
    ,(#4382,#4383,#4384,#4385)
    ,(#4386,#4387,#4388,#4389)
    ,(#4390,#4391,#4392,#4393)
    ,(#4394,#4395,#4396,#4397)
    ,(#4398,#4399,#4400,#4401)
    ,(#4402,#4403,#4404,#4405)
    ,(#4406,#4407,#4408,#4409
)),.UNSPECIFIED.,.F.,.F.,.F.) B_SPLINE_SURFACE_WITH_KNOTS((11,11),(4,4),
  (4.,5.),(0.,1.),.PIECEWISE_BEZIER_KNOTS.) 
GEOMETRIC_REPRESENTATION_ITEM() RATIONAL_B_SPLINE_SURFACE((
    (1.,1.,1.,1.)
    ,(1.,1.,1.,1.)
    ,(1.,1.,1.,1.)
    ,(1.,1.,1.,1.)
    ,(1.,1.,1.,1.)
    ,(1.,1.,1.,1.)
    ,(1.,1.,1.,1.)
    ,(1.,1.,1.,1.)
    ,(1.,1.,1.,1.)
    ,(1.,1.,1.,1.)
,(1.,1.,1.,1.))) REPRESENTATION_ITEM('') SURFACE() );
#4366 = CARTESIAN_POINT('',(-33.51290718505,17.484995053072,0.));
#4367 = CARTESIAN_POINT('',(-2.020494012455,1.054170789107,3.));
#4368 = CARTESIAN_POINT('',(-2.785552395018,1.453331684357,90.));
#4369 = CARTESIAN_POINT('',(-1.4375,0.75,99.));
#4370 = CARTESIAN_POINT('',(-34.26821573802,16.037320326537,0.));
#4371 = CARTESIAN_POINT('',(0.435042392244,2.260566394553,3.));
#4372 = CARTESIAN_POINT('',(-10.31384547985,0.970773442179,90.));
#4373 = CARTESIAN_POINT('',(-2.825892857143,0.75,99.));
#4374 = CARTESIAN_POINT('',(-34.95403986867,14.553392907608,0.));
#4375 = CARTESIAN_POINT('',(2.832674800426,3.089314980693,3.));
#4376 = CARTESIAN_POINT('',(-17.81897693496,0.680059767353,90.));
#4377 = CARTESIAN_POINT('',(-4.214285714286,0.75,99.));
#4378 = CARTESIAN_POINT('',(-35.56842208622,13.03696459141,0.));
#4379 = CARTESIAN_POINT('',(5.24357822749,3.53729147958,3.));
#4380 = CARTESIAN_POINT('',(-25.33669739227,0.582440544259,90.));
#4381 = CARTESIAN_POINT('',(-5.602678571428,0.75,99.));
#4382 = CARTESIAN_POINT('',(-36.10963634546,11.491908258436,0.));
#4383 = CARTESIAN_POINT('',(7.739113810667,3.61611745849,3.));
#4384 = CARTESIAN_POINT('',(-32.90283125749,0.671782249219,90.));
#4385 = CARTESIAN_POINT('',(-6.991071428571,0.75,99.));
#4386 = CARTESIAN_POINT('',(-36.57619686872,9.922200834378,0.));
#4387 = CARTESIAN_POINT('',(10.387319319897,3.352187877052,3.));
#4388 = CARTESIAN_POINT('',(-40.55152123041,0.934555991943,90.));
#4389 = CARTESIAN_POINT('',(-8.379464285714,0.75,99.));
#4390 = CARTESIAN_POINT('',(-36.96686540317,8.331905825521,0.));
#4391 = CARTESIAN_POINT('',(13.249358656189,2.785663241057,3.));
#4392 = CARTESIAN_POINT('',(-48.31345244925,1.350342894012,90.));
#4393 = CARTESIAN_POINT('',(-9.767857142857,0.75,99.));
#4394 = CARTESIAN_POINT('',(-37.28065691357,6.725155429701,0.));
#4395 = CARTESIAN_POINT('',(16.376363679603,1.968467460046,3.));
#4396 = CARTESIAN_POINT('',(-56.21427293033,1.892836650835,90.));
#4397 = CARTESIAN_POINT('',(-11.15625,0.75,99.));
#4398 = CARTESIAN_POINT('',(-37.51684371035,5.106132222818,0.));
#4399 = CARTESIAN_POINT('',(19.806991112002,0.961459346444,3.));
#4400 = CARTESIAN_POINT('',(-64.27337167537,2.53125930821,90.));
#4401 = CARTESIAN_POINT('',(-12.54464285714,0.75,99.));
#4402 = CARTESIAN_POINT('',(-37.67495801315,3.479050420915,0.));
#4403 = CARTESIAN_POINT('',(23.565906662787,-0.168926675378,3.));
#4404 = CARTESIAN_POINT('',(-72.50312052077,3.232042469279,90.));
#4405 = CARTESIAN_POINT('',(-13.93303571428,0.75,99.));
#4406 = CARTESIAN_POINT('',(-37.75479294966,1.848136717816,0.));
#4407 = CARTESIAN_POINT('',(27.663297928826,-1.354147451061,3.));
#4408 = CARTESIAN_POINT('',(-80.90863050432,3.960562332379,90.));
#4409 = CARTESIAN_POINT('',(-15.32142857142,0.75,99.));
#4410 = DEFINITIONAL_REPRESENTATION('',(#4411),#4415);
#4411 = LINE('',#4412,#4413);
#4412 = CARTESIAN_POINT('',(0.,0.));
#4413 = VECTOR('',#4414,1.);
#4414 = DIRECTION('',(1.,0.));
#4415 = ( GEOMETRIC_REPRESENTATION_CONTEXT(2) 
PARAMETRIC_REPRESENTATION_CONTEXT() REPRESENTATION_CONTEXT('2D SPACE',''
  ) );
#4416 = ORIENTED_EDGE('',*,*,#4417,.F.);
#4417 = EDGE_CURVE('',#4418,#4334,#4420,.T.);
#4418 = VERTEX_POINT('',#4419);
#4419 = CARTESIAN_POINT('',(33.512907185054,17.484995053072,0.));
#4420 = SURFACE_CURVE('',#4421,(#4433,#4448),.PCURVE_S1.);
#4421 = B_SPLINE_CURVE_WITH_KNOTS('',10,(#4422,#4423,#4424,#4425,#4426,
    #4427,#4428,#4429,#4430,#4431,#4432),.UNSPECIFIED.,.F.,.F.,(11,11),(
    3.,4.),.PIECEWISE_BEZIER_KNOTS.);
#4422 = CARTESIAN_POINT('',(33.512907185054,17.484995053072,0.));
#4423 = CARTESIAN_POINT('',(29.701496327437,24.790199196842,0.));
#4424 = CARTESIAN_POINT('',(24.12075054881,31.172271955371,0.));
#4425 = CARTESIAN_POINT('',(17.022200251045,36.149109882267,0.));
#4426 = CARTESIAN_POINT('',(8.807514663465,39.316936378295,0.));
#4427 = CARTESIAN_POINT('',(6.718181566612E-12,40.404848806332,0.));
#4428 = CARTESIAN_POINT('',(-8.807514663477,39.316936378299,0.));
#4429 = CARTESIAN_POINT('',(-17.02220025103,36.149109882262,0.));
#4430 = CARTESIAN_POINT('',(-24.12075054881,31.172271955374,0.));
#4431 = CARTESIAN_POINT('',(-29.70149632743,24.790199196841,0.));
#4432 = CARTESIAN_POINT('',(-33.51290718505,17.484995053072,0.));
#4433 = PCURVE('',#4023,#4434);
#4434 = DEFINITIONAL_REPRESENTATION('',(#4435),#4447);
#4435 = B_SPLINE_CURVE_WITH_KNOTS('',10,(#4436,#4437,#4438,#4439,#4440,
    #4441,#4442,#4443,#4444,#4445,#4446),.UNSPECIFIED.,.F.,.F.,(11,11),(
    3.,4.),.PIECEWISE_BEZIER_KNOTS.);
#4436 = CARTESIAN_POINT('',(33.512907185054,17.484995053072));
#4437 = CARTESIAN_POINT('',(29.701496327437,24.790199196842));
#4438 = CARTESIAN_POINT('',(24.12075054881,31.172271955371));
#4439 = CARTESIAN_POINT('',(17.022200251045,36.149109882267));
#4440 = CARTESIAN_POINT('',(8.807514663465,39.316936378295));
#4441 = CARTESIAN_POINT('',(6.720063634751E-12,40.404848806332));
#4442 = CARTESIAN_POINT('',(-8.807514663477,39.316936378299));
#4443 = CARTESIAN_POINT('',(-17.02220025103,36.149109882262));
#4444 = CARTESIAN_POINT('',(-24.12075054881,31.172271955374));
#4445 = CARTESIAN_POINT('',(-29.70149632743,24.790199196841));
#4446 = CARTESIAN_POINT('',(-33.51290718505,17.484995053072));
#4447 = ( GEOMETRIC_REPRESENTATION_CONTEXT(2) 
PARAMETRIC_REPRESENTATION_CONTEXT() REPRESENTATION_CONTEXT('2D SPACE',''
  ) );
#4448 = PCURVE('',#4449,#4494);
#4449 = ( BOUNDED_SURFACE() B_SPLINE_SURFACE(10,3,(
    (#4450,#4451,#4452,#4453)
    ,(#4454,#4455,#4456,#4457)
    ,(#4458,#4459,#4460,#4461)
    ,(#4462,#4463,#4464,#4465)
    ,(#4466,#4467,#4468,#4469)
    ,(#4470,#4471,#4472,#4473)
    ,(#4474,#4475,#4476,#4477)
    ,(#4478,#4479,#4480,#4481)
    ,(#4482,#4483,#4484,#4485)
    ,(#4486,#4487,#4488,#4489)
    ,(#4490,#4491,#4492,#4493
)),.UNSPECIFIED.,.F.,.F.,.F.) B_SPLINE_SURFACE_WITH_KNOTS((11,11),(4,4),
  (3.,4.),(0.,1.),.PIECEWISE_BEZIER_KNOTS.) 
GEOMETRIC_REPRESENTATION_ITEM() RATIONAL_B_SPLINE_SURFACE((
    (1.,1.,1.,1.)
    ,(1.,1.,1.,1.)
    ,(1.,1.,1.,1.)
    ,(1.,1.,1.,1.)
    ,(1.,1.,1.,1.)
    ,(1.,1.,1.,1.)
    ,(1.,1.,1.,1.)
    ,(1.,1.,1.,1.)
    ,(1.,1.,1.,1.)
    ,(1.,1.,1.,1.)
,(1.,1.,1.,1.))) REPRESENTATION_ITEM('') SURFACE() );
#4450 = CARTESIAN_POINT('',(33.512907185054,17.484995053072,0.));
#4451 = CARTESIAN_POINT('',(2.020494012455,1.054170789107,3.));
#4452 = CARTESIAN_POINT('',(2.785552395018,1.453331684357,90.));
#4453 = CARTESIAN_POINT('',(1.4375,0.75,99.));
#4454 = CARTESIAN_POINT('',(29.701496327437,24.790199196842,0.));
#4455 = CARTESIAN_POINT('',(-0.792913606197,-5.033499330702,3.));
#4456 = CARTESIAN_POINT('',(3.192165442479,3.888399732281,90.));
#4457 = CARTESIAN_POINT('',(1.15,0.75,99.));
#4458 = CARTESIAN_POINT('',(24.12075054881,31.172271955371,0.));
#4459 = CARTESIAN_POINT('',(-2.131875457342,-10.35189329614,3.));
#4460 = CARTESIAN_POINT('',(3.009000182937,6.015757318457,90.));
#4461 = CARTESIAN_POINT('',(0.8625,0.75,99.));
#4462 = CARTESIAN_POINT('',(17.022200251045,36.149109882267,0.));
#4463 = CARTESIAN_POINT('',(-2.206000209204,-14.49925823522,3.));
#4464 = CARTESIAN_POINT('',(2.319900083682,7.674703294089,90.));
#4465 = CARTESIAN_POINT('',(0.575,0.75,99.));
#4466 = CARTESIAN_POINT('',(8.807514663465,39.316936378295,0.));
#4467 = CARTESIAN_POINT('',(-1.350012219554,-17.13911364857,3.));
#4468 = CARTESIAN_POINT('',(1.258754887822,8.730645459432,90.));
#4469 = CARTESIAN_POINT('',(0.2875,0.75,99.));
#4470 = CARTESIAN_POINT('',(6.718181566612E-12,40.404848806332,0.));
#4471 = CARTESIAN_POINT('',(-5.612562266795E-12,-18.04570733861,3.));
#4472 = CARTESIAN_POINT('',(2.263996397763E-12,9.093282935444,90.));
#4473 = CARTESIAN_POINT('',(2.13162820728E-14,0.75,99.));
#4474 = CARTESIAN_POINT('',(-8.807514663477,39.316936378299,0.));
#4475 = CARTESIAN_POINT('',(1.350012219564,-17.13911364858,3.));
#4476 = CARTESIAN_POINT('',(-1.258754887826,8.730645459433,90.));
#4477 = CARTESIAN_POINT('',(-0.2875,0.75,99.));
#4478 = CARTESIAN_POINT('',(-17.02220025103,36.149109882262,0.));
#4479 = CARTESIAN_POINT('',(2.206000209198,-14.49925823521,3.));
#4480 = CARTESIAN_POINT('',(-2.319900083679,7.674703294087,90.));
#4481 = CARTESIAN_POINT('',(-0.575,0.75,99.));
#4482 = CARTESIAN_POINT('',(-24.12075054881,31.172271955374,0.));
#4483 = CARTESIAN_POINT('',(2.131875457345,-10.35189329614,3.));
#4484 = CARTESIAN_POINT('',(-3.009000182938,6.015757318458,90.));
#4485 = CARTESIAN_POINT('',(-0.8625,0.75,99.));
#4486 = CARTESIAN_POINT('',(-29.70149632743,24.790199196841,0.));
#4487 = CARTESIAN_POINT('',(0.792913606196,-5.033499330701,3.));
#4488 = CARTESIAN_POINT('',(-3.192165442479,3.88839973228,90.));
#4489 = CARTESIAN_POINT('',(-1.15,0.75,99.));
#4490 = CARTESIAN_POINT('',(-33.51290718505,17.484995053072,0.));
#4491 = CARTESIAN_POINT('',(-2.020494012455,1.054170789107,3.));
#4492 = CARTESIAN_POINT('',(-2.785552395018,1.453331684357,90.));
#4493 = CARTESIAN_POINT('',(-1.4375,0.75,99.));
#4494 = DEFINITIONAL_REPRESENTATION('',(#4495),#4499);
#4495 = LINE('',#4496,#4497);
#4496 = CARTESIAN_POINT('',(0.,0.));
#4497 = VECTOR('',#4498,1.);
#4498 = DIRECTION('',(1.,0.));
#4499 = ( GEOMETRIC_REPRESENTATION_CONTEXT(2) 
PARAMETRIC_REPRESENTATION_CONTEXT() REPRESENTATION_CONTEXT('2D SPACE',''
  ) );
#4500 = ORIENTED_EDGE('',*,*,#4501,.F.);
#4501 = EDGE_CURVE('',#4502,#4418,#4504,.T.);
#4502 = VERTEX_POINT('',#4503);
#4503 = CARTESIAN_POINT('',(37.754792949667,1.848136717816,0.));
#4504 = SURFACE_CURVE('',#4505,(#4517,#4532),.PCURVE_S1.);
#4505 = B_SPLINE_CURVE_WITH_KNOTS('',10,(#4506,#4507,#4508,#4509,#4510,
    #4511,#4512,#4513,#4514,#4515,#4516),.UNSPECIFIED.,.F.,.F.,(11,11),(
    2.,3.),.PIECEWISE_BEZIER_KNOTS.);
#4506 = CARTESIAN_POINT('',(37.754792949667,1.848136717816,0.));
#4507 = CARTESIAN_POINT('',(37.674958013152,3.479050420915,0.));
#4508 = CARTESIAN_POINT('',(37.516843710359,5.106132222818,0.));
#4509 = CARTESIAN_POINT('',(37.280656913576,6.725155429701,0.));
#4510 = CARTESIAN_POINT('',(36.966865403175,8.331905825521,0.));
#4511 = CARTESIAN_POINT('',(36.576196868721,9.922200834378,0.));
#4512 = CARTESIAN_POINT('',(36.109636345462,11.491908258436,0.));
#4513 = CARTESIAN_POINT('',(35.568422086223,13.03696459141,0.));
#4514 = CARTESIAN_POINT('',(34.954039868679,14.553392907608,0.));
#4515 = CARTESIAN_POINT('',(34.268215738029,16.037320326537,0.));
#4516 = CARTESIAN_POINT('',(33.512907185054,17.484995053072,0.));
#4517 = PCURVE('',#4023,#4518);
#4518 = DEFINITIONAL_REPRESENTATION('',(#4519),#4531);
#4519 = B_SPLINE_CURVE_WITH_KNOTS('',10,(#4520,#4521,#4522,#4523,#4524,
    #4525,#4526,#4527,#4528,#4529,#4530),.UNSPECIFIED.,.F.,.F.,(11,11),(
    2.,3.),.PIECEWISE_BEZIER_KNOTS.);
#4520 = CARTESIAN_POINT('',(37.754792949667,1.848136717816));
#4521 = CARTESIAN_POINT('',(37.674958013152,3.479050420915));
#4522 = CARTESIAN_POINT('',(37.516843710359,5.106132222818));
#4523 = CARTESIAN_POINT('',(37.280656913576,6.725155429701));
#4524 = CARTESIAN_POINT('',(36.966865403175,8.331905825521));
#4525 = CARTESIAN_POINT('',(36.576196868721,9.922200834378));
#4526 = CARTESIAN_POINT('',(36.109636345462,11.491908258436));
#4527 = CARTESIAN_POINT('',(35.568422086223,13.03696459141));
#4528 = CARTESIAN_POINT('',(34.954039868679,14.553392907608));
#4529 = CARTESIAN_POINT('',(34.268215738029,16.037320326537));
#4530 = CARTESIAN_POINT('',(33.512907185054,17.484995053072));
#4531 = ( GEOMETRIC_REPRESENTATION_CONTEXT(2) 
PARAMETRIC_REPRESENTATION_CONTEXT() REPRESENTATION_CONTEXT('2D SPACE',''
  ) );
#4532 = PCURVE('',#4533,#4578);
#4533 = ( BOUNDED_SURFACE() B_SPLINE_SURFACE(10,3,(
    (#4534,#4535,#4536,#4537)
    ,(#4538,#4539,#4540,#4541)
    ,(#4542,#4543,#4544,#4545)
    ,(#4546,#4547,#4548,#4549)
    ,(#4550,#4551,#4552,#4553)
    ,(#4554,#4555,#4556,#4557)
    ,(#4558,#4559,#4560,#4561)
    ,(#4562,#4563,#4564,#4565)
    ,(#4566,#4567,#4568,#4569)
    ,(#4570,#4571,#4572,#4573)
    ,(#4574,#4575,#4576,#4577
)),.UNSPECIFIED.,.F.,.F.,.F.) B_SPLINE_SURFACE_WITH_KNOTS((11,11),(4,4),
  (2.,3.),(0.,1.),.PIECEWISE_BEZIER_KNOTS.) 
GEOMETRIC_REPRESENTATION_ITEM() RATIONAL_B_SPLINE_SURFACE((
    (1.,1.,1.,1.)
    ,(1.,1.,1.,1.)
    ,(1.,1.,1.,1.)
    ,(1.,1.,1.,1.)
    ,(1.,1.,1.,1.)
    ,(1.,1.,1.,1.)
    ,(1.,1.,1.,1.)
    ,(1.,1.,1.,1.)
    ,(1.,1.,1.,1.)
    ,(1.,1.,1.,1.)
,(1.,1.,1.,1.))) REPRESENTATION_ITEM('') SURFACE() );
#4534 = CARTESIAN_POINT('',(37.754792949667,1.848136717816,0.));
#4535 = CARTESIAN_POINT('',(-27.66329792882,-1.354147451061,3.));
#4536 = CARTESIAN_POINT('',(80.908630504323,3.960562332379,90.));
#4537 = CARTESIAN_POINT('',(15.321428571426,0.75,99.));
#4538 = CARTESIAN_POINT('',(37.674958013152,3.479050420915,0.));
#4539 = CARTESIAN_POINT('',(-23.56590666278,-0.168926675378,3.));
#4540 = CARTESIAN_POINT('',(72.503120520775,3.232042469279,90.));
#4541 = CARTESIAN_POINT('',(13.933035714284,0.75,99.));
#4542 = CARTESIAN_POINT('',(37.516843710359,5.106132222818,0.));
#4543 = CARTESIAN_POINT('',(-19.806991112,0.961459346444,3.));
#4544 = CARTESIAN_POINT('',(64.273371675377,2.53125930821,90.));
#4545 = CARTESIAN_POINT('',(12.544642857141,0.75,99.));
#4546 = CARTESIAN_POINT('',(37.280656913576,6.725155429701,0.));
#4547 = CARTESIAN_POINT('',(-16.3763636796,1.968467460046,2.999999999999
    ));
#4548 = CARTESIAN_POINT('',(56.214272930338,1.892836650835,90.));
#4549 = CARTESIAN_POINT('',(11.156249999999,0.75,99.));
#4550 = CARTESIAN_POINT('',(36.966865403175,8.331905825521,0.));
#4551 = CARTESIAN_POINT('',(-13.24935865618,2.785663241057,3.));
#4552 = CARTESIAN_POINT('',(48.313452449259,1.350342894012,90.));
#4553 = CARTESIAN_POINT('',(9.767857142856,0.75,99.));
#4554 = CARTESIAN_POINT('',(36.576196868721,9.922200834378,0.));
#4555 = CARTESIAN_POINT('',(-10.38731931989,3.352187877052,
    3.000000000001));
#4556 = CARTESIAN_POINT('',(40.551521230412,0.934555991942,90.));
#4557 = CARTESIAN_POINT('',(8.379464285713,0.75,99.));
#4558 = CARTESIAN_POINT('',(36.109636345462,11.491908258436,0.));
#4559 = CARTESIAN_POINT('',(-7.739113810668,3.61611745849,3.));
#4560 = CARTESIAN_POINT('',(32.902831257498,0.671782249219,90.));
#4561 = CARTESIAN_POINT('',(6.991071428571,0.75,99.));
#4562 = CARTESIAN_POINT('',(35.568422086223,13.03696459141,0.));
#4563 = CARTESIAN_POINT('',(-5.243578227491,3.53729147958,2.999999999999
    ));
#4564 = CARTESIAN_POINT('',(25.336697392275,0.582440544259,90.));
#4565 = CARTESIAN_POINT('',(5.602678571428,0.75,99.));
#4566 = CARTESIAN_POINT('',(34.954039868679,14.553392907608,0.));
#4567 = CARTESIAN_POINT('',(-2.832674800425,3.089314980693,
    3.000000000001));
#4568 = CARTESIAN_POINT('',(17.818976934966,0.680059767353,
    89.999999999999));
#4569 = CARTESIAN_POINT('',(4.214285714285,0.75,99.));
#4570 = CARTESIAN_POINT('',(34.268215738029,16.037320326537,0.));
#4571 = CARTESIAN_POINT('',(-0.435042392244,2.260566394552,3.));
#4572 = CARTESIAN_POINT('',(10.313845479858,0.970773442179,90.));
#4573 = CARTESIAN_POINT('',(2.825892857143,0.75,99.));
#4574 = CARTESIAN_POINT('',(33.512907185054,17.484995053072,0.));
#4575 = CARTESIAN_POINT('',(2.020494012455,1.054170789107,3.));
#4576 = CARTESIAN_POINT('',(2.785552395018,1.453331684357,90.));
#4577 = CARTESIAN_POINT('',(1.4375,0.75,99.));
#4578 = DEFINITIONAL_REPRESENTATION('',(#4579),#4583);
#4579 = LINE('',#4580,#4581);
#4580 = CARTESIAN_POINT('',(0.,0.));
#4581 = VECTOR('',#4582,1.);
#4582 = DIRECTION('',(1.,0.));
#4583 = ( GEOMETRIC_REPRESENTATION_CONTEXT(2) 
PARAMETRIC_REPRESENTATION_CONTEXT() REPRESENTATION_CONTEXT('2D SPACE',''
  ) );
#4584 = ORIENTED_EDGE('',*,*,#4585,.F.);
#4585 = EDGE_CURVE('',#4586,#4502,#4588,.T.);
#4586 = VERTEX_POINT('',#4587);
#4587 = CARTESIAN_POINT('',(37.792130737918,0.771267974243,0.));
#4588 = SURFACE_CURVE('',#4589,(#4601,#4616),.PCURVE_S1.);
#4589 = B_SPLINE_CURVE_WITH_KNOTS('',10,(#4590,#4591,#4592,#4593,#4594,
    #4595,#4596,#4597,#4598,#4599,#4600),.UNSPECIFIED.,.F.,.F.,(11,11),(
    1.,2.),.PIECEWISE_BEZIER_KNOTS.);
#4590 = CARTESIAN_POINT('',(37.792130737918,0.771267974243,0.));
#4591 = CARTESIAN_POINT('',(37.789932109335,0.879000774842,0.));
#4592 = CARTESIAN_POINT('',(37.787392223874,0.986726610751,0.));
#4593 = CARTESIAN_POINT('',(37.784511123679,1.094444266543,0.));
#4594 = CARTESIAN_POINT('',(37.781288850891,1.202152526788,0.));
#4595 = CARTESIAN_POINT('',(37.777725447652,1.309850176059,0.));
#4596 = CARTESIAN_POINT('',(37.773820956105,1.417535998928,0.));
#4597 = CARTESIAN_POINT('',(37.769575418391,1.525208779966,0.));
#4598 = CARTESIAN_POINT('',(37.764988876652,1.632867303746,0.));
#4599 = CARTESIAN_POINT('',(37.76006137303,1.740510354838,0.));
#4600 = CARTESIAN_POINT('',(37.754792949667,1.848136717816,0.));
#4601 = PCURVE('',#4023,#4602);
#4602 = DEFINITIONAL_REPRESENTATION('',(#4603),#4615);
#4603 = B_SPLINE_CURVE_WITH_KNOTS('',10,(#4604,#4605,#4606,#4607,#4608,
    #4609,#4610,#4611,#4612,#4613,#4614),.UNSPECIFIED.,.F.,.F.,(11,11),(
    1.,2.),.PIECEWISE_BEZIER_KNOTS.);
#4604 = CARTESIAN_POINT('',(37.792130737918,0.771267974243));
#4605 = CARTESIAN_POINT('',(37.789932109335,0.879000774842));
#4606 = CARTESIAN_POINT('',(37.787392223874,0.986726610751));
#4607 = CARTESIAN_POINT('',(37.784511123679,1.094444266543));
#4608 = CARTESIAN_POINT('',(37.781288850891,1.202152526788));
#4609 = CARTESIAN_POINT('',(37.777725447652,1.309850176059));
#4610 = CARTESIAN_POINT('',(37.773820956105,1.417535998928));
#4611 = CARTESIAN_POINT('',(37.769575418391,1.525208779966));
#4612 = CARTESIAN_POINT('',(37.764988876652,1.632867303746));
#4613 = CARTESIAN_POINT('',(37.76006137303,1.740510354838));
#4614 = CARTESIAN_POINT('',(37.754792949667,1.848136717816));
#4615 = ( GEOMETRIC_REPRESENTATION_CONTEXT(2) 
PARAMETRIC_REPRESENTATION_CONTEXT() REPRESENTATION_CONTEXT('2D SPACE',''
  ) );
#4616 = PCURVE('',#4617,#4662);
#4617 = ( BOUNDED_SURFACE() B_SPLINE_SURFACE(10,3,(
    (#4618,#4619,#4620,#4621)
    ,(#4622,#4623,#4624,#4625)
    ,(#4626,#4627,#4628,#4629)
    ,(#4630,#4631,#4632,#4633)
    ,(#4634,#4635,#4636,#4637)
    ,(#4638,#4639,#4640,#4641)
    ,(#4642,#4643,#4644,#4645)
    ,(#4646,#4647,#4648,#4649)
    ,(#4650,#4651,#4652,#4653)
    ,(#4654,#4655,#4656,#4657)
    ,(#4658,#4659,#4660,#4661
)),.UNSPECIFIED.,.F.,.F.,.F.) B_SPLINE_SURFACE_WITH_KNOTS((11,11),(4,4),
  (1.,2.),(0.,1.),.PIECEWISE_BEZIER_KNOTS.) 
GEOMETRIC_REPRESENTATION_ITEM() RATIONAL_B_SPLINE_SURFACE((
    (1.,1.,1.,1.)
    ,(1.,1.,1.,1.)
    ,(1.,1.,1.,1.)
    ,(1.,1.,1.,1.)
    ,(1.,1.,1.,1.)
    ,(1.,1.,1.,1.)
    ,(1.,1.,1.,1.)
    ,(1.,1.,1.,1.)
    ,(1.,1.,1.,1.)
    ,(1.,1.,1.,1.)
,(1.,1.,1.,1.))) REPRESENTATION_ITEM('') SURFACE() );
#4618 = CARTESIAN_POINT('',(37.792130737918,0.771267974243,0.));
#4619 = CARTESIAN_POINT('',(-22.76359050955,-0.464563071624,3.));
#4620 = CARTESIAN_POINT('',(67.714857463656,1.381935866605,90.));
#4621 = CARTESIAN_POINT('',(36.75,0.75,99.));
#4622 = CARTESIAN_POINT('',(37.789932109335,0.879000774842,0.));
#4623 = CARTESIAN_POINT('',(-23.35693302828,-0.669569405843,3.));
#4624 = CARTESIAN_POINT('',(69.248247524805,1.872648135185,
    89.999999999999));
#4625 = CARTESIAN_POINT('',(34.607142857143,0.75,99.));
#4626 = CARTESIAN_POINT('',(37.787392223874,0.986726610751,0.));
#4627 = CARTESIAN_POINT('',(-23.91840947914,-0.858714073768,
    2.999999999999));
#4628 = CARTESIAN_POINT('',(70.716285593333,2.331522719512,
    90.000000000001));
#4629 = CARTESIAN_POINT('',(32.464285714285,0.75,99.));
#4630 = CARTESIAN_POINT('',(37.784511123679,1.094444266543,0.));
#4631 = CARTESIAN_POINT('',(-24.45025163754,-1.027394073369,3.));
#4632 = CARTESIAN_POINT('',(72.123436451751,2.749333632846,90.));
#4633 = CARTESIAN_POINT('',(30.321428571428,0.75,99.));
#4634 = CARTESIAN_POINT('',(37.781288850891,1.202152526788,0.));
#4635 = CARTESIAN_POINT('',(-24.95542908727,-1.17136231828,3.));
#4636 = CARTESIAN_POINT('',(73.475640755159,3.117566745734,
    89.999999999999));
#4637 = CARTESIAN_POINT('',(28.178571428571,0.75,99.));
#4638 = CARTESIAN_POINT('',(37.777725447652,1.309850176059,0.));
#4639 = CARTESIAN_POINT('',(-25.43758454593,-1.286868218631,3.));
#4640 = CARTESIAN_POINT('',(74.780185682069,3.428700947683,90.));
#4641 = CARTESIAN_POINT('',(26.035714285713,0.75,99.));
#4642 = CARTESIAN_POINT('',(37.773820956105,1.417535998928,0.));
#4643 = CARTESIAN_POINT('',(-25.90093506343,-1.370779663026,
    2.999999999999));
#4644 = CARTESIAN_POINT('',(76.045507331453,3.676452111106,
    90.000000000001));
#4645 = CARTESIAN_POINT('',(23.892857142856,0.75,99.));
#4646 = CARTESIAN_POINT('',(37.769575418391,1.525208779966,0.));
#4647 = CARTESIAN_POINT('',(-26.35014715296,-1.420681346357,3.));
#4648 = CARTESIAN_POINT('',(77.28094098466,3.855969746953,90.));
#4649 = CARTESIAN_POINT('',(21.749999999999,0.75,99.));
#4650 = CARTESIAN_POINT('',(37.764988876652,1.632867303746,0.));
#4651 = CARTESIAN_POINT('',(-26.79019391371,-1.434944388189,
    3.000000000001));
#4652 = CARTESIAN_POINT('',(78.496435350851,3.963976241492,
    89.999999999999));
#4653 = CARTESIAN_POINT('',(19.607142857141,0.75,99.));
#4654 = CARTESIAN_POINT('',(37.76006137303,1.740510354838,0.));
#4655 = CARTESIAN_POINT('',(-27.22620220467,-1.412762186442,3.));
#4656 = CARTESIAN_POINT('',(79.7022469146,3.998838563651,90.));
#4657 = CARTESIAN_POINT('',(17.464285714284,0.75,99.));
#4658 = CARTESIAN_POINT('',(37.754792949667,1.848136717816,0.));
#4659 = CARTESIAN_POINT('',(-27.66329792882,-1.354147451061,3.));
#4660 = CARTESIAN_POINT('',(80.908630504323,3.960562332379,90.));
#4661 = CARTESIAN_POINT('',(15.321428571426,0.75,99.));
#4662 = DEFINITIONAL_REPRESENTATION('',(#4663),#4667);
#4663 = LINE('',#4664,#4665);
#4664 = CARTESIAN_POINT('',(0.,0.));
#4665 = VECTOR('',#4666,1.);
#4666 = DIRECTION('',(1.,0.));
#4667 = ( GEOMETRIC_REPRESENTATION_CONTEXT(2) 
PARAMETRIC_REPRESENTATION_CONTEXT() REPRESENTATION_CONTEXT('2D SPACE',''
  ) );
#4668 = ORIENTED_EDGE('',*,*,#4669,.F.);
#4669 = EDGE_CURVE('',#4670,#4586,#4672,.T.);
#4670 = VERTEX_POINT('',#4671);
#4671 = CARTESIAN_POINT('',(37.8,0.,0.));
#4672 = SURFACE_CURVE('',#4673,(#4685,#4700),.PCURVE_S1.);
#4673 = B_SPLINE_CURVE_WITH_KNOTS('',10,(#4674,#4675,#4676,#4677,#4678,
    #4679,#4680,#4681,#4682,#4683,#4684),.UNSPECIFIED.,.F.,.F.,(11,11),(
    0.,1.),.PIECEWISE_BEZIER_KNOTS.);
#4674 = CARTESIAN_POINT('',(37.8,5.551115123126E-17,0.));
#4675 = CARTESIAN_POINT('',(37.8,7.713214999511E-02,0.));
#4676 = CARTESIAN_POINT('',(37.799825115374,0.154264299941,0.));
#4677 = CARTESIAN_POINT('',(37.799475350672,0.231396003808,0.));
#4678 = CARTESIAN_POINT('',(37.798950710446,0.308526815567,0.));
#4679 = CARTESIAN_POINT('',(37.798251199246,0.38565628919,0.));
#4680 = CARTESIAN_POINT('',(37.797376821623,0.462783978648,0.));
#4681 = CARTESIAN_POINT('',(37.796327582128,0.539909437911,0.));
#4682 = CARTESIAN_POINT('',(37.795103485311,0.617032220951,0.));
#4683 = CARTESIAN_POINT('',(37.793704535725,0.694151881738,0.));
#4684 = CARTESIAN_POINT('',(37.792130737918,0.771267974243,0.));
#4685 = PCURVE('',#4023,#4686);
#4686 = DEFINITIONAL_REPRESENTATION('',(#4687),#4699);
#4687 = B_SPLINE_CURVE_WITH_KNOTS('',10,(#4688,#4689,#4690,#4691,#4692,
    #4693,#4694,#4695,#4696,#4697,#4698),.UNSPECIFIED.,.F.,.F.,(11,11),(
    0.,1.),.PIECEWISE_BEZIER_KNOTS.);
#4688 = CARTESIAN_POINT('',(37.8,7.164555050056E-17));
#4689 = CARTESIAN_POINT('',(37.8,7.713214999511E-02));
#4690 = CARTESIAN_POINT('',(37.799825115374,0.154264299941));
#4691 = CARTESIAN_POINT('',(37.799475350672,0.231396003808));
#4692 = CARTESIAN_POINT('',(37.798950710446,0.308526815567));
#4693 = CARTESIAN_POINT('',(37.798251199246,0.38565628919));
#4694 = CARTESIAN_POINT('',(37.797376821623,0.462783978648));
#4695 = CARTESIAN_POINT('',(37.796327582128,0.539909437911));
#4696 = CARTESIAN_POINT('',(37.795103485311,0.617032220951));
#4697 = CARTESIAN_POINT('',(37.793704535725,0.694151881738));
#4698 = CARTESIAN_POINT('',(37.792130737918,0.771267974243));
#4699 = ( GEOMETRIC_REPRESENTATION_CONTEXT(2) 
PARAMETRIC_REPRESENTATION_CONTEXT() REPRESENTATION_CONTEXT('2D SPACE',''
  ) );
#4700 = PCURVE('',#4701,#4746);
#4701 = ( BOUNDED_SURFACE() B_SPLINE_SURFACE(10,3,(
    (#4702,#4703,#4704,#4705)
    ,(#4706,#4707,#4708,#4709)
    ,(#4710,#4711,#4712,#4713)
    ,(#4714,#4715,#4716,#4717)
    ,(#4718,#4719,#4720,#4721)
    ,(#4722,#4723,#4724,#4725)
    ,(#4726,#4727,#4728,#4729)
    ,(#4730,#4731,#4732,#4733)
    ,(#4734,#4735,#4736,#4737)
    ,(#4738,#4739,#4740,#4741)
    ,(#4742,#4743,#4744,#4745
)),.UNSPECIFIED.,.F.,.F.,.F.) B_SPLINE_SURFACE_WITH_KNOTS((11,11),(4,4),
  (0.,1.),(0.,1.),.PIECEWISE_BEZIER_KNOTS.) 
GEOMETRIC_REPRESENTATION_ITEM() RATIONAL_B_SPLINE_SURFACE((
    (1.,1.,1.,1.)
    ,(1.,1.,1.,1.)
    ,(1.,1.,1.,1.)
    ,(1.,1.,1.,1.)
    ,(1.,1.,1.,1.)
    ,(1.,1.,1.,1.)
    ,(1.,1.,1.,1.)
    ,(1.,1.,1.,1.)
    ,(1.,1.,1.,1.)
    ,(1.,1.,1.,1.)
,(1.,1.,1.,1.))) REPRESENTATION_ITEM('') SURFACE() );
#4702 = CARTESIAN_POINT('',(37.8,5.551115123126E-17,0.));
#4703 = CARTESIAN_POINT('',(-22.77014822795,-0.178160240246,3.));
#4704 = CARTESIAN_POINT('',(67.717480551016,-1.124846541857,90.));
#4705 = CARTESIAN_POINT('',(36.75,-0.75,99.));
#4706 = CARTESIAN_POINT('',(37.8,7.713214999511E-02,0.));
#4707 = CARTESIAN_POINT('',(-22.78177743475,-0.241395425488,3.));
#4708 = CARTESIAN_POINT('',(67.720589771074,-0.780365096084,90.));
#4709 = CARTESIAN_POINT('',(36.985619449019,-0.75,99.));
#4710 = CARTESIAN_POINT('',(37.799825115374,0.154264299941,0.));
#4711 = CARTESIAN_POINT('',(-22.77478672913,-0.287345616535,3.));
#4712 = CARTESIAN_POINT('',(67.682447955627,-0.483908410279,90.));
#4713 = CARTESIAN_POINT('',(37.221241071558,-0.667753520049,99.));
#4714 = CARTESIAN_POINT('',(37.799475350672,0.231396003808,0.));
#4715 = CARTESIAN_POINT('',(-22.75879059289,-0.313655312351,3.));
#4716 = CARTESIAN_POINT('',(67.627666036766,-0.240250475186,90.));
#4717 = CARTESIAN_POINT('',(37.424550431438,-0.503258522416,99.));
#4718 = CARTESIAN_POINT('',(37.798950710446,0.308526815567,0.));
#4719 = CARTESIAN_POINT('',(-22.74368699729,-0.322651831083,3.));
#4720 = CARTESIAN_POINT('',(67.581410946952,-4.238187300455E-02,90.));
#4721 = CARTESIAN_POINT('',(37.563305417225,-0.271019590411,99.));
#4722 = CARTESIAN_POINT('',(37.798251199246,0.38565628919,0.));
#4723 = CARTESIAN_POINT('',(-22.73723230006,-0.321380240992,3.));
#4724 = CARTESIAN_POINT('',(67.563331374798,0.128552096397,90.));
#4725 = CARTESIAN_POINT('',(37.612680472819,3.869127240819E-15,99.));
#4726 = CARTESIAN_POINT('',(37.797376821623,0.462783978648,0.));
#4727 = CARTESIAN_POINT('',(-22.74237542327,-0.320107164096,3.));
#4728 = CARTESIAN_POINT('',(67.580886317342,0.299485471076,90.));
#4729 = CARTESIAN_POINT('',(37.563305417228,0.271019590411,99.));
#4730 = CARTESIAN_POINT('',(37.796327582128,0.539909437911,0.));
#4731 = CARTESIAN_POINT('',(-22.75616745244,-0.329099222415,3.));
#4732 = CARTESIAN_POINT('',(67.626616780587,0.497352289092,90.));
#4733 = CARTESIAN_POINT('',(37.424550431434,0.503258522416,99.));
#4734 = CARTESIAN_POINT('',(37.795103485311,0.617032220951,0.));
#4735 = CARTESIAN_POINT('',(-22.77085203741,-0.355401484208,3.));
#4736 = CARTESIAN_POINT('',(67.680874078938,0.741007250576,90.));
#4737 = CARTESIAN_POINT('',(37.22124107156,0.667753520049,99.));
#4738 = CARTESIAN_POINT('',(37.793704535725,0.694151881738,0.));
#4739 = CARTESIAN_POINT('',(-22.77653121453,-0.401341267623,3.));
#4740 = CARTESIAN_POINT('',(67.718491282983,1.037459773328,90.));
#4741 = CARTESIAN_POINT('',(36.985619449019,0.75,99.));
#4742 = CARTESIAN_POINT('',(37.792130737918,0.771267974243,0.));
#4743 = CARTESIAN_POINT('',(-22.76359050955,-0.464563071624,3.));
#4744 = CARTESIAN_POINT('',(67.714857463656,1.381935866605,90.));
#4745 = CARTESIAN_POINT('',(36.75,0.75,99.));
#4746 = DEFINITIONAL_REPRESENTATION('',(#4747),#4751);
#4747 = LINE('',#4748,#4749);
#4748 = CARTESIAN_POINT('',(0.,0.));
#4749 = VECTOR('',#4750,1.);
#4750 = DIRECTION('',(1.,0.));
#4751 = ( GEOMETRIC_REPRESENTATION_CONTEXT(2) 
PARAMETRIC_REPRESENTATION_CONTEXT() REPRESENTATION_CONTEXT('2D SPACE',''
  ) );
#4752 = ORIENTED_EDGE('',*,*,#4753,.F.);
#4753 = EDGE_CURVE('',#4754,#4670,#4756,.T.);
#4754 = VERTEX_POINT('',#4755);
#4755 = CARTESIAN_POINT('',(37.8,-5.670707920429E-06,0.));
#4756 = SURFACE_CURVE('',#4757,(#4769,#4784),.PCURVE_S1.);
#4757 = B_SPLINE_CURVE_WITH_KNOTS('',10,(#4758,#4759,#4760,#4761,#4762,
    #4763,#4764,#4765,#4766,#4767,#4768),.UNSPECIFIED.,.F.,.F.,(11,11),(
    11.,12.),.PIECEWISE_BEZIER_KNOTS.);
#4758 = CARTESIAN_POINT('',(37.754792949667,-1.848136717816,0.));
#4759 = CARTESIAN_POINT('',(37.763832557118,-1.663470451324,0.));
#4760 = CARTESIAN_POINT('',(37.771868564867,-1.478755056594,0.));
#4761 = CARTESIAN_POINT('',(37.778900672506,-1.293996671103,0.));
#4762 = CARTESIAN_POINT('',(37.784928622537,-1.10920143338,0.));
#4763 = CARTESIAN_POINT('',(37.789952200376,-0.924375483003,0.));
#4764 = CARTESIAN_POINT('',(37.793971234348,-0.739524960599,0.));
#4765 = CARTESIAN_POINT('',(37.796985595691,-0.554656007844,0.));
#4766 = CARTESIAN_POINT('',(37.798995198555,-0.369774767467,0.));
#4767 = CARTESIAN_POINT('',(37.8,-0.184887383244,0.));
#4768 = CARTESIAN_POINT('',(37.8,-9.214851104389E-15,0.));
#4769 = PCURVE('',#4023,#4770);
#4770 = DEFINITIONAL_REPRESENTATION('',(#4771),#4783);
#4771 = B_SPLINE_CURVE_WITH_KNOTS('',10,(#4772,#4773,#4774,#4775,#4776,
    #4777,#4778,#4779,#4780,#4781,#4782),.UNSPECIFIED.,.F.,.F.,(11,11),(
    11.,12.),.PIECEWISE_BEZIER_KNOTS.);
#4772 = CARTESIAN_POINT('',(37.754792949667,-1.848136717816));
#4773 = CARTESIAN_POINT('',(37.763832557118,-1.663470451324));
#4774 = CARTESIAN_POINT('',(37.771868564867,-1.478755056594));
#4775 = CARTESIAN_POINT('',(37.778900672506,-1.293996671103));
#4776 = CARTESIAN_POINT('',(37.784928622537,-1.10920143338));
#4777 = CARTESIAN_POINT('',(37.789952200376,-0.924375483003));
#4778 = CARTESIAN_POINT('',(37.793971234348,-0.739524960599));
#4779 = CARTESIAN_POINT('',(37.796985595691,-0.554656007844));
#4780 = CARTESIAN_POINT('',(37.798995198555,-0.369774767467));
#4781 = CARTESIAN_POINT('',(37.8,-0.184887383244));
#4782 = CARTESIAN_POINT('',(37.8,-9.19871670512E-15));
#4783 = ( GEOMETRIC_REPRESENTATION_CONTEXT(2) 
PARAMETRIC_REPRESENTATION_CONTEXT() REPRESENTATION_CONTEXT('2D SPACE',''
  ) );
#4784 = PCURVE('',#4785,#4830);
#4785 = ( BOUNDED_SURFACE() B_SPLINE_SURFACE(10,3,(
    (#4786,#4787,#4788,#4789)
    ,(#4790,#4791,#4792,#4793)
    ,(#4794,#4795,#4796,#4797)
    ,(#4798,#4799,#4800,#4801)
    ,(#4802,#4803,#4804,#4805)
    ,(#4806,#4807,#4808,#4809)
    ,(#4810,#4811,#4812,#4813)
    ,(#4814,#4815,#4816,#4817)
    ,(#4818,#4819,#4820,#4821)
    ,(#4822,#4823,#4824,#4825)
    ,(#4826,#4827,#4828,#4829
)),.UNSPECIFIED.,.F.,.F.,.F.) B_SPLINE_SURFACE_WITH_KNOTS((11,11),(4,4),
  (11.,12.),(0.,1.),.PIECEWISE_BEZIER_KNOTS.) 
GEOMETRIC_REPRESENTATION_ITEM() RATIONAL_B_SPLINE_SURFACE((
    (1.,1.,1.,1.)
    ,(1.,1.,1.,1.)
    ,(1.,1.,1.,1.)
    ,(1.,1.,1.,1.)
    ,(1.,1.,1.,1.)
    ,(1.,1.,1.,1.)
    ,(1.,1.,1.,1.)
    ,(1.,1.,1.,1.)
    ,(1.,1.,1.,1.)
    ,(1.,1.,1.,1.)
,(1.,1.,1.,1.))) REPRESENTATION_ITEM('') SURFACE() );
#4786 = CARTESIAN_POINT('',(37.754792949667,-1.848136717816,0.));
#4787 = CARTESIAN_POINT('',(-27.66329792882,1.354147451061,3.));
#4788 = CARTESIAN_POINT('',(80.908630504322,-3.960562332379,90.));
#4789 = CARTESIAN_POINT('',(15.321428571428,-0.75,99.));
#4790 = CARTESIAN_POINT('',(37.763832557118,-1.663470451324,0.));
#4791 = CARTESIAN_POINT('',(-27.22934485807,1.348562266847,3.));
#4792 = CARTESIAN_POINT('',(79.703503975962,-3.973158595813,
    89.999999999999));
#4793 = CARTESIAN_POINT('',(17.464285714285,-0.75,99.));
#4794 = CARTESIAN_POINT('',(37.771868564867,-1.478755056594,0.));
#4795 = CARTESIAN_POINT('',(-26.79592698723,1.306517515563,
    2.999999999999));
#4796 = CARTESIAN_POINT('',(78.498728580256,-3.912605492442,
    90.000000000001));
#4797 = CARTESIAN_POINT('',(19.607142857142,-0.75,99.));
#4798 = CARTESIAN_POINT('',(37.778900672506,-1.293996671103,0.));
#4799 = CARTESIAN_POINT('',(-26.35791819806,1.228004588971,3.));
#4800 = CARTESIAN_POINT('',(77.284049402698,-3.778899043999,90.));
#4801 = CARTESIAN_POINT('',(21.75,-0.75,99.));
#4802 = CARTESIAN_POINT('',(37.784928622537,-1.10920143338,0.));
#4803 = CARTESIAN_POINT('',(-25.91019145213,1.113834191737,
    3.000000000001));
#4804 = CARTESIAN_POINT('',(76.049209886929,-3.57367392259,
    89.999999999999));
#4805 = CARTESIAN_POINT('',(23.892857142857,-0.75,99.));
#4806 = CARTESIAN_POINT('',(37.789952200376,-0.924375483003,0.));
#4807 = CARTESIAN_POINT('',(-25.44777350653,0.965639307751,3.));
#4808 = CARTESIAN_POINT('',(74.784261266309,-3.300209383331,90.));
#4809 = CARTESIAN_POINT('',(26.035714285714,-0.75,99.));
#4810 = CARTESIAN_POINT('',(37.793971234348,-0.739524960599,0.));
#4811 = CARTESIAN_POINT('',(-24.96599774015,0.785839346455,
    2.999999999999));
#4812 = CARTESIAN_POINT('',(73.479868216311,-2.963357557004,
    90.000000000001));
#4813 = CARTESIAN_POINT('',(28.178571428571,-0.75,99.));
#4814 = CARTESIAN_POINT('',(37.796985595691,-0.554656007844,0.));
#4815 = CARTESIAN_POINT('',(-24.46064703088,0.577570524454,3.));
#4816 = CARTESIAN_POINT('',(72.127594609088,-2.56940421328,90.));
#4817 = CARTESIAN_POINT('',(30.321428571428,-0.75,99.));
#4818 = CARTESIAN_POINT('',(37.798995198555,-0.369774767467,0.));
#4819 = CARTESIAN_POINT('',(-23.9280786247,0.344587537698,3.000000000001
    ));
#4820 = CARTESIAN_POINT('',(70.720153251558,-2.125872105084,
    89.999999999999));
#4821 = CARTESIAN_POINT('',(32.464285714286,-0.75,99.));
#4822 = CARTESIAN_POINT('',(37.8,-0.184887383244,0.));
#4823 = CARTESIAN_POINT('',(-23.36532293717,9.114157951111E-02,3.));
#4824 = CARTESIAN_POINT('',(69.251603488361,-1.641277004652,
    90.000000000001));
#4825 = CARTESIAN_POINT('',(34.607142857143,-0.75,99.));
#4826 = CARTESIAN_POINT('',(37.8,-9.214851104389E-15,0.));
#4827 = CARTESIAN_POINT('',(-22.77014822795,-0.178160240246,3.));
#4828 = CARTESIAN_POINT('',(67.717480551016,-1.124846541857,90.));
#4829 = CARTESIAN_POINT('',(36.75,-0.75,99.));
#4830 = DEFINITIONAL_REPRESENTATION('',(#4831),#4835);
#4831 = LINE('',#4832,#4833);
#4832 = CARTESIAN_POINT('',(0.,0.));
#4833 = VECTOR('',#4834,1.);
#4834 = DIRECTION('',(1.,0.));
#4835 = ( GEOMETRIC_REPRESENTATION_CONTEXT(2) 
PARAMETRIC_REPRESENTATION_CONTEXT() REPRESENTATION_CONTEXT('2D SPACE',''
  ) );
#4836 = ORIENTED_EDGE('',*,*,#4837,.T.);
#4837 = EDGE_CURVE('',#4754,#4120,#4838,.T.);
#4838 = SURFACE_CURVE('',#4839,(#4843,#4849),.PCURVE_S1.);
#4839 = LINE('',#4840,#4841);
#4840 = CARTESIAN_POINT('',(9.23602159002E-05,-5.670707919931E-06,0.));
#4841 = VECTOR('',#4842,1.);
#4842 = DIRECTION('',(1.,0.,0.));
#4843 = PCURVE('',#4023,#4844);
#4844 = DEFINITIONAL_REPRESENTATION('',(#4845),#4848);
#4845 = B_SPLINE_CURVE_WITH_KNOTS('',1,(#4846,#4847),.UNSPECIFIED.,.F.,
  .F.,(2,2),(-46.50009236021,46.499907639784),.PIECEWISE_BEZIER_KNOTS.);
#4846 = CARTESIAN_POINT('',(-46.5,-5.670707919915E-06));
#4847 = CARTESIAN_POINT('',(46.5,-5.670707919915E-06));
#4848 = ( GEOMETRIC_REPRESENTATION_CONTEXT(2) 
PARAMETRIC_REPRESENTATION_CONTEXT() REPRESENTATION_CONTEXT('2D SPACE',''
  ) );
#4849 = PCURVE('',#4850,#4855);
#4850 = PLANE('',#4851);
#4851 = AXIS2_PLACEMENT_3D('',#4852,#4853,#4854);
#4852 = CARTESIAN_POINT('',(1.847204318023E-04,-5.670707919931E-06,
    52.831249336744));
#4853 = DIRECTION('',(-0.,-1.,-0.));
#4854 = DIRECTION('',(0.,0.,-1.));
#4855 = DEFINITIONAL_REPRESENTATION('',(#4856),#4859);
#4856 = B_SPLINE_CURVE_WITH_KNOTS('',1,(#4857,#4858),.UNSPECIFIED.,.F.,
  .F.,(2,2),(-46.50009236021,46.499907639784),.PIECEWISE_BEZIER_KNOTS.);
#4857 = CARTESIAN_POINT('',(52.831249336744,-46.50018472043));
#4858 = CARTESIAN_POINT('',(52.831249336744,46.499815279568));
#4859 = ( GEOMETRIC_REPRESENTATION_CONTEXT(2) 
PARAMETRIC_REPRESENTATION_CONTEXT() REPRESENTATION_CONTEXT('2D SPACE',''
  ) );
#4860 = ADVANCED_FACE('',(#4861),#4105,.T.);
#4861 = FACE_BOUND('',#4862,.T.);
#4862 = EDGE_LOOP('',(#4863,#4884,#4885,#4886,#5242,#5268));
#4863 = ORIENTED_EDGE('',*,*,#4864,.F.);
#4864 = EDGE_CURVE('',#4064,#4865,#4867,.T.);
#4865 = VERTEX_POINT('',#4866);
#4866 = CARTESIAN_POINT('',(-44.75,-5.670707923859E-06,69.9));
#4867 = SURFACE_CURVE('',#4868,(#4872,#4878),.PCURVE_S1.);
#4868 = LINE('',#4869,#4870);
#4869 = CARTESIAN_POINT('',(9.23602159002E-05,-5.670707919931E-06,69.9)
  );
#4870 = VECTOR('',#4871,1.);
#4871 = DIRECTION('',(1.,0.,0.));
#4872 = PCURVE('',#4105,#4873);
#4873 = DEFINITIONAL_REPRESENTATION('',(#4874),#4877);
#4874 = B_SPLINE_CURVE_WITH_KNOTS('',1,(#4875,#4876),.UNSPECIFIED.,.F.,
  .F.,(2,2),(-46.50009236021,46.499907639784),.PIECEWISE_BEZIER_KNOTS.);
#4875 = CARTESIAN_POINT('',(-17.06875066325,-46.50018472043));
#4876 = CARTESIAN_POINT('',(-17.06875066325,46.499815279568));
#4877 = ( GEOMETRIC_REPRESENTATION_CONTEXT(2) 
PARAMETRIC_REPRESENTATION_CONTEXT() REPRESENTATION_CONTEXT('2D SPACE',''
  ) );
#4878 = PCURVE('',#4080,#4879);
#4879 = DEFINITIONAL_REPRESENTATION('',(#4880),#4883);
#4880 = B_SPLINE_CURVE_WITH_KNOTS('',1,(#4881,#4882),.UNSPECIFIED.,.F.,
  .F.,(2,2),(-46.50009236021,46.499907639784),.PIECEWISE_BEZIER_KNOTS.);
#4881 = CARTESIAN_POINT('',(-46.5,-5.670707919915E-06));
#4882 = CARTESIAN_POINT('',(46.5,-5.670707919915E-06));
#4883 = ( GEOMETRIC_REPRESENTATION_CONTEXT(2) 
PARAMETRIC_REPRESENTATION_CONTEXT() REPRESENTATION_CONTEXT('2D SPACE',''
  ) );
#4884 = ORIENTED_EDGE('',*,*,#4092,.T.);
#4885 = ORIENTED_EDGE('',*,*,#4144,.T.);
#4886 = ORIENTED_EDGE('',*,*,#4887,.T.);
#4887 = EDGE_CURVE('',#4145,#4888,#4890,.T.);
#4888 = VERTEX_POINT('',#4889);
#4889 = CARTESIAN_POINT('',(-41.91671097197,-5.670707919938E-06,80.7));
#4890 = SURFACE_CURVE('',#4891,(#5006,#5124),.PCURVE_S1.);
#4891 = B_SPLINE_CURVE_WITH_KNOTS('',8,(#4892,#4893,#4894,#4895,#4896,
    #4897,#4898,#4899,#4900,#4901,#4902,#4903,#4904,#4905,#4906,#4907,
    #4908,#4909,#4910,#4911,#4912,#4913,#4914,#4915,#4916,#4917,#4918,
    #4919,#4920,#4921,#4922,#4923,#4924,#4925,#4926,#4927,#4928,#4929,
    #4930,#4931,#4932,#4933,#4934,#4935,#4936,#4937,#4938,#4939,#4940,
    #4941,#4942,#4943,#4944,#4945,#4946,#4947,#4948,#4949,#4950,#4951,
    #4952,#4953,#4954,#4955,#4956,#4957,#4958,#4959,#4960,#4961,#4962,
    #4963,#4964,#4965,#4966,#4967,#4968,#4969,#4970,#4971,#4972,#4973,
    #4974,#4975,#4976,#4977,#4978,#4979,#4980,#4981,#4982,#4983,#4984,
    #4985,#4986,#4987,#4988,#4989,#4990,#4991,#4992,#4993,#4994,#4995,
    #4996,#4997,#4998,#4999,#5000,#5001,#5002,#5003,#5004,#5005),
  .UNSPECIFIED.,.F.,.F.,(9,7,7,7,7,7,7,7,7,7,7,7,7,7,7,7,9),(0.,
    0.126101701205,0.1588000658,0.176215029474,0.209693173015,
    0.247975038079,0.268698128478,0.312700284515,0.441568688861,
    0.592372899011,0.68955334911,0.726017269526,0.752936447886,
    0.772704074659,0.825357059871,0.924789241636,1.),.UNSPECIFIED.);
#4892 = CARTESIAN_POINT('',(-37.79999999999,-5.670707919931E-06,0.));
#4893 = CARTESIAN_POINT('',(-36.22610999152,-5.670707919931E-06,
    7.797968660788E-02));
#4894 = CARTESIAN_POINT('',(-34.65758907684,-5.670707919931E-06,
    0.20278441223));
#4895 = CARTESIAN_POINT('',(-33.09267447092,-5.670707919931E-06,
    0.381023984731));
#4896 = CARTESIAN_POINT('',(-31.53319126939,-5.670707919931E-06,
    0.621362787469));
#4897 = CARTESIAN_POINT('',(-29.98455862121,-5.670707919931E-06,
    0.934601662273));
#4898 = CARTESIAN_POINT('',(-28.45595018174,-5.670707919931E-06,
    1.334269352967));
#4899 = CARTESIAN_POINT('',(-26.96031209824,-5.670707919931E-06,
    1.836781143923));
#4900 = CARTESIAN_POINT('',(-25.1401805053,-5.670707919931E-06,
    2.626587012864));
#4901 = CARTESIAN_POINT('',(-24.7690009894,-5.670707919931E-06,
    2.797501607709));
#4902 = CARTESIAN_POINT('',(-24.40180748486,-5.670707919931E-06,
    2.977027544815));
#4903 = CARTESIAN_POINT('',(-24.03903932843,-5.670707919931E-06,
    3.16548289681));
#4904 = CARTESIAN_POINT('',(-23.68118767373,-5.670707919931E-06,
    3.36317247756));
#4905 = CARTESIAN_POINT('',(-23.32879029378,-5.670707919931E-06,
    3.570378321727));
#4906 = CARTESIAN_POINT('',(-22.98242467573,-5.670707919931E-06,
    3.787347082004));
#4907 = CARTESIAN_POINT('',(-22.46176365561,-5.670707919931E-06,
    4.135134517752));
#4908 = CARTESIAN_POINT('',(-22.2827136034,-5.670707919931E-06,
    4.258818087341));
#4909 = CARTESIAN_POINT('',(-22.10564281297,-5.670707919931E-06,
    4.38535322546));
#4910 = CARTESIAN_POINT('',(-21.93064766044,-5.670707919931E-06,
    4.514763672503));
#4911 = CARTESIAN_POINT('',(-21.75782670694,-5.670707919931E-06,
    4.647067909239));
#4912 = CARTESIAN_POINT('',(-21.58728006936,-5.670707919931E-06,
    4.782278329444));
#4913 = CARTESIAN_POINT('',(-21.41910879098,-5.670707919931E-06,
    4.920400412535));
#4914 = CARTESIAN_POINT('',(-20.93488659421,-5.670707919931E-06,
    5.332547721782));
#4915 = CARTESIAN_POINT('',(-20.62548005716,-5.670707919931E-06,
    5.614442253777));
#4916 = CARTESIAN_POINT('',(-20.32595433589,-5.670707919931E-06,
    5.907070921737));
#4917 = CARTESIAN_POINT('',(-20.03703209417,-5.670707919931E-06,
    6.210305061129));
#4918 = CARTESIAN_POINT('',(-19.75938382938,-5.670707919931E-06,
    6.523918080128));
#4919 = CARTESIAN_POINT('',(-19.49361277727,-5.670707919931E-06,
    6.847571626415));
#4920 = CARTESIAN_POINT('',(-19.24023981676,-5.670707919931E-06,
    7.180801753977));
#4921 = CARTESIAN_POINT('',(-18.72462061784,-5.670707919931E-06,
    7.914310596867));
#4922 = CARTESIAN_POINT('',(-18.46626022254,-5.670707919931E-06,
    8.317431299485));
#4923 = CARTESIAN_POINT('',(-18.22526433208,-5.670707919931E-06,
    8.731457026935));
#4924 = CARTESIAN_POINT('',(-18.00199969218,-5.670707919931E-06,
    9.15540754931));
#4925 = CARTESIAN_POINT('',(-17.79658001479,-5.670707919931E-06,
    9.588251381455));
#4926 = CARTESIAN_POINT('',(-17.60890334186,-5.670707919931E-06,
    10.028924586811));
#4927 = CARTESIAN_POINT('',(-17.43868940912,-5.670707919931E-06,
    10.476349581251));
#4928 = CARTESIAN_POINT('',(-17.20260032153,-5.670707919931E-06,
    11.174732543563));
#4929 = CARTESIAN_POINT('',(-17.1246702177,-5.670707919931E-06,
    11.421696750526));
#4930 = CARTESIAN_POINT('',(-17.05165630237,-5.670707919931E-06,
    11.670190832378));
#4931 = CARTESIAN_POINT('',(-16.98347581606,-5.670707919931E-06,
    11.920066015151));
#4932 = CARTESIAN_POINT('',(-16.92003582956,-5.670707919931E-06,
    12.171181070498));
#4933 = CARTESIAN_POINT('',(-16.8612354376,-5.670707919931E-06,
    12.423402909849));
#4934 = CARTESIAN_POINT('',(-16.80696795255,-5.670707919931E-06,
    12.676607178566));
#4935 = CARTESIAN_POINT('',(-16.65128555055,-5.670707919931E-06,
    13.470159261585));
#4936 = CARTESIAN_POINT('',(-16.56539699143,-5.670707919931E-06,
    14.013502806219));
#4937 = CARTESIAN_POINT('',(-16.49837991115,-5.670707919931E-06,
    14.559670474016));
#4938 = CARTESIAN_POINT('',(-16.44910375728,-5.670707919931E-06,
    15.107760514087));
#4939 = CARTESIAN_POINT('',(-16.416437008,-5.670707919931E-06,
    15.657013272896));
#4940 = CARTESIAN_POINT('',(-16.39928601857,-5.670707919931E-06,
    16.20681472624));
#4941 = CARTESIAN_POINT('',(-16.39662064085,-5.670707919931E-06,
    16.756698704923));
#4942 = CARTESIAN_POINT('',(-16.43930962156,-5.670707919931E-06,
    18.916096290902));
#4943 = CARTESIAN_POINT('',(-16.5871376354,-5.670707919931E-06,
    20.52099788761));
#4944 = CARTESIAN_POINT('',(-16.82638942143,-5.670707919931E-06,
    22.116490417833));
#4945 = CARTESIAN_POINT('',(-17.13969367425,-5.670707919931E-06,
    23.699055479782));
#4946 = CARTESIAN_POINT('',(-17.51330809128,-5.670707919931E-06,
    25.266824098809));
#4947 = CARTESIAN_POINT('',(-17.93696704664,-5.670707919931E-06,
    26.819627564109));
#4948 = CARTESIAN_POINT('',(-18.40303567002,-5.670707919931E-06,
    28.359118666539));
#4949 = CARTESIAN_POINT('',(-19.49535848718,-5.670707919931E-06,
    31.678902115425));
#4950 = CARTESIAN_POINT('',(-20.13425462998,-5.670707919931E-06,
    33.452178469849));
#4951 = CARTESIAN_POINT('',(-20.81325854263,-5.670707919931E-06,
    35.210800911522));
#4952 = CARTESIAN_POINT('',(-21.52530637955,-5.670707919931E-06,
    36.956282636557));
#4953 = CARTESIAN_POINT('',(-22.26473958245,-5.670707919931E-06,
    38.690025181516));
#4954 = CARTESIAN_POINT('',(-23.02703114599,-5.670707919931E-06,
    40.413430860367));
#4955 = CARTESIAN_POINT('',(-23.80844903406,-5.670707919931E-06,
    42.128035583062));
#4956 = CARTESIAN_POINT('',(-25.11979593326,-5.670707919931E-06,
    44.935934152831));
#4957 = CARTESIAN_POINT('',(-25.64027739795,-5.670707919931E-06,
    46.033211229931));
#4958 = CARTESIAN_POINT('',(-26.166471956,-5.670707919931E-06,
    47.127768891792));
#4959 = CARTESIAN_POINT('',(-26.6975809909,-5.670707919931E-06,
    48.219949360075));
#4960 = CARTESIAN_POINT('',(-27.23286445905,-5.670707919931E-06,
    49.310081203661));
#4961 = CARTESIAN_POINT('',(-27.77162430466,-5.670707919931E-06,
    50.398487421057));
#4962 = CARTESIAN_POINT('',(-28.31319067772,-5.670707919931E-06,
    51.485492173159));
#4963 = CARTESIAN_POINT('',(-29.06092496081,-5.670707919931E-06,
    52.978888888164));
#4964 = CARTESIAN_POINT('',(-29.26524165822,-5.670707919931E-06,
    53.386200019386));
#4965 = CARTESIAN_POINT('',(-29.4698265443,-5.670707919931E-06,
    53.793376553001));
#4966 = CARTESIAN_POINT('',(-29.67464516114,-5.670707919931E-06,
    54.200435548286));
#4967 = CARTESIAN_POINT('',(-29.87966309582,-5.670707919931E-06,
    54.607394130805));
#4968 = CARTESIAN_POINT('',(-30.0848459804,-5.670707919931E-06,
    55.014269492407));
#4969 = CARTESIAN_POINT('',(-30.29015949191,-5.670707919931E-06,
    55.421078891226));
#4970 = CARTESIAN_POINT('',(-30.64721143054,-5.670707919931E-06,
    56.128127315082));
#4971 = CARTESIAN_POINT('',(-30.79890593378,-5.670707919931E-06,
    56.428388486701));
#4972 = CARTESIAN_POINT('',(-30.95063903361,-5.670707919931E-06,
    56.728630146054));
#4973 = CARTESIAN_POINT('',(-31.10239680296,-5.670707919931E-06,
    57.028859325124));
#4974 = CARTESIAN_POINT('',(-31.25416521618,-5.670707919931E-06,
    57.329083108369));
#4975 = CARTESIAN_POINT('',(-31.40593014899,-5.670707919931E-06,
    57.629308632718));
#4976 = CARTESIAN_POINT('',(-31.55767737855,-5.670707919931E-06,
    57.929543087574));
#4977 = CARTESIAN_POINT('',(-31.8208019847,-5.670707919931E-06,
    58.450277499954));
#4978 = CARTESIAN_POINT('',(-31.9321940957,-5.670707919931E-06,
    58.670770010418));
#4979 = CARTESIAN_POINT('',(-32.04356323669,-5.670707919931E-06,
    58.891274116383));
#4980 = CARTESIAN_POINT('',(-32.1549036722,-5.670707919931E-06,
    59.111792711382));
#4981 = CARTESIAN_POINT('',(-32.26620961091,-5.670707919931E-06,
    59.332328712295));
#4982 = CARTESIAN_POINT('',(-32.3774752057,-5.670707919931E-06,
    59.552885059353));
#4983 = CARTESIAN_POINT('',(-32.48869455362,-5.670707919931E-06,
    59.773464716137));
#4984 = CARTESIAN_POINT('',(-32.89596612797,-5.670707919931E-06,
    60.581675956607));
#4985 = CARTESIAN_POINT('',(-33.19170001281,-5.670707919931E-06,
    61.169467494138));
#4986 = CARTESIAN_POINT('',(-33.48695059708,-5.670707919931E-06,
    61.757502277697));
#4987 = CARTESIAN_POINT('',(-33.78160170426,-5.670707919931E-06,
    62.345838201538));
#4988 = CARTESIAN_POINT('',(-34.07553270008,-5.670707919931E-06,
    62.934534575154));
#4989 = CARTESIAN_POINT('',(-34.36861745802,-5.670707919931E-06,
    63.523652639784));
#4990 = CARTESIAN_POINT('',(-34.6607233247,-5.670707919931E-06,
    64.113256084929));
#4991 = CARTESIAN_POINT('',(-35.50122210957,-5.670707919931E-06,
    65.817886778647));
#4992 = CARTESIAN_POINT('',(-36.04672845639,-5.670707919931E-06,
    66.934300993553));
#4993 = CARTESIAN_POINT('',(-36.58729944984,-5.670707919931E-06,
    68.053135820884));
#4994 = CARTESIAN_POINT('',(-37.12189166586,-5.670707919931E-06,
    69.174879130756));
#4995 = CARTESIAN_POINT('',(-37.64930880381,-5.670707919931E-06,
    70.300043254344));
#4996 = CARTESIAN_POINT('',(-38.16816379677,-5.670707919931E-06,
    71.429182782209));
#4997 = CARTESIAN_POINT('',(-38.67680653219,-5.670707919931E-06,
    72.56292844165));
#4998 = CARTESIAN_POINT('',(-39.54864089823,-5.670707919931E-06,
    74.563690691106));
#4999 = CARTESIAN_POINT('',(-39.91705102493,-5.670707919931E-06,
    75.428335909869));
#5000 = CARTESIAN_POINT('',(-40.27754151908,-5.670707919931E-06,
    76.296365699926));
#5001 = CARTESIAN_POINT('',(-40.62908083172,-5.670707919931E-06,
    77.168136017069));
#5002 = CARTESIAN_POINT('',(-40.97043272868,-5.670707919931E-06,
    78.043998818059));
#5003 = CARTESIAN_POINT('',(-41.30011634771,-5.670707919931E-06,
    78.924317640734));
#5004 = CARTESIAN_POINT('',(-41.61632186198,-5.670707919931E-06,
    79.80950039135));
#5005 = CARTESIAN_POINT('',(-41.91673374798,-5.670707919931E-06,
    80.700067519065));
#5006 = PCURVE('',#4105,#5007);
#5007 = DEFINITIONAL_REPRESENTATION('',(#5008),#5123);
#5008 = B_SPLINE_CURVE_WITH_KNOTS('',8,(#5009,#5010,#5011,#5012,#5013,
    #5014,#5015,#5016,#5017,#5018,#5019,#5020,#5021,#5022,#5023,#5024,
    #5025,#5026,#5027,#5028,#5029,#5030,#5031,#5032,#5033,#5034,#5035,
    #5036,#5037,#5038,#5039,#5040,#5041,#5042,#5043,#5044,#5045,#5046,
    #5047,#5048,#5049,#5050,#5051,#5052,#5053,#5054,#5055,#5056,#5057,
    #5058,#5059,#5060,#5061,#5062,#5063,#5064,#5065,#5066,#5067,#5068,
    #5069,#5070,#5071,#5072,#5073,#5074,#5075,#5076,#5077,#5078,#5079,
    #5080,#5081,#5082,#5083,#5084,#5085,#5086,#5087,#5088,#5089,#5090,
    #5091,#5092,#5093,#5094,#5095,#5096,#5097,#5098,#5099,#5100,#5101,
    #5102,#5103,#5104,#5105,#5106,#5107,#5108,#5109,#5110,#5111,#5112,
    #5113,#5114,#5115,#5116,#5117,#5118,#5119,#5120,#5121,#5122),
  .UNSPECIFIED.,.F.,.F.,(9,7,7,7,7,7,7,7,7,7,7,7,7,7,7,7,9),(0.,
    0.126101701205,0.1588000658,0.176215029474,0.209693173015,
    0.247975038079,0.268698128478,0.312700284515,0.441568688861,
    0.592372899011,0.68955334911,0.726017269526,0.752936447886,
    0.772704074659,0.825357059871,0.924789241636,1.),.UNSPECIFIED.);
#5009 = CARTESIAN_POINT('',(52.831249336744,-37.80018472043));
#5010 = CARTESIAN_POINT('',(52.753269650136,-36.22629471195));
#5011 = CARTESIAN_POINT('',(52.628464924514,-34.65777379727));
#5012 = CARTESIAN_POINT('',(52.450225352012,-33.09285919136));
#5013 = CARTESIAN_POINT('',(52.209886549275,-31.53337598982));
#5014 = CARTESIAN_POINT('',(51.89664767447,-29.98474334164));
#5015 = CARTESIAN_POINT('',(51.496979983777,-28.45613490217));
#5016 = CARTESIAN_POINT('',(50.994468192821,-26.96049681867));
#5017 = CARTESIAN_POINT('',(50.204662323879,-25.14036522574));
#5018 = CARTESIAN_POINT('',(50.033747729034,-24.76918570983));
#5019 = CARTESIAN_POINT('',(49.854221791929,-24.40199220529));
#5020 = CARTESIAN_POINT('',(49.665766439934,-24.03922404886));
#5021 = CARTESIAN_POINT('',(49.468076859184,-23.68137239416));
#5022 = CARTESIAN_POINT('',(49.260871015017,-23.32897501421));
#5023 = CARTESIAN_POINT('',(49.04390225474,-22.98260939616));
#5024 = CARTESIAN_POINT('',(48.696114818992,-22.46194837605));
#5025 = CARTESIAN_POINT('',(48.572431249403,-22.28289832383));
#5026 = CARTESIAN_POINT('',(48.445896111284,-22.10582753341));
#5027 = CARTESIAN_POINT('',(48.316485664241,-21.93083238087));
#5028 = CARTESIAN_POINT('',(48.184181427504,-21.75801142737));
#5029 = CARTESIAN_POINT('',(48.048971007299,-21.58746478979));
#5030 = CARTESIAN_POINT('',(47.910848924209,-21.41929351141));
#5031 = CARTESIAN_POINT('',(47.498701614962,-20.93507131464));
#5032 = CARTESIAN_POINT('',(47.216807082967,-20.62566477759));
#5033 = CARTESIAN_POINT('',(46.924178415006,-20.32613905633));
#5034 = CARTESIAN_POINT('',(46.620944275614,-20.0372168146));
#5035 = CARTESIAN_POINT('',(46.307331256616,-19.75956854981));
#5036 = CARTESIAN_POINT('',(45.983677710329,-19.4937974977));
#5037 = CARTESIAN_POINT('',(45.650447582766,-19.24042453719));
#5038 = CARTESIAN_POINT('',(44.916938739877,-18.72480533827));
#5039 = CARTESIAN_POINT('',(44.513818037259,-18.46644494297));
#5040 = CARTESIAN_POINT('',(44.099792309808,-18.22544905251));
#5041 = CARTESIAN_POINT('',(43.675841787434,-18.00218441261));
#5042 = CARTESIAN_POINT('',(43.242997955288,-17.79676473522));
#5043 = CARTESIAN_POINT('',(42.802324749933,-17.60908806229));
#5044 = CARTESIAN_POINT('',(42.354899755493,-17.43887412956));
#5045 = CARTESIAN_POINT('',(41.65651679318,-17.20278504196));
#5046 = CARTESIAN_POINT('',(41.409552586218,-17.12485493813));
#5047 = CARTESIAN_POINT('',(41.161058504365,-17.0518410228));
#5048 = CARTESIAN_POINT('',(40.911183321593,-16.98366053649));
#5049 = CARTESIAN_POINT('',(40.660068266246,-16.92022054999));
#5050 = CARTESIAN_POINT('',(40.407846426895,-16.86142015803));
#5051 = CARTESIAN_POINT('',(40.154642158178,-16.80715267298));
#5052 = CARTESIAN_POINT('',(39.361090075158,-16.65147027098));
#5053 = CARTESIAN_POINT('',(38.817746530525,-16.56558171186));
#5054 = CARTESIAN_POINT('',(38.271578862727,-16.49856463158));
#5055 = CARTESIAN_POINT('',(37.723488822657,-16.44928847771));
#5056 = CARTESIAN_POINT('',(37.174236063848,-16.41662172843));
#5057 = CARTESIAN_POINT('',(36.624434610504,-16.399470739));
#5058 = CARTESIAN_POINT('',(36.07455063182,-16.39680536129));
#5059 = CARTESIAN_POINT('',(33.915153045841,-16.439494342));
#5060 = CARTESIAN_POINT('',(32.310251449133,-16.58732235583));
#5061 = CARTESIAN_POINT('',(30.714758918911,-16.82657414186));
#5062 = CARTESIAN_POINT('',(29.132193856961,-17.13987839468));
#5063 = CARTESIAN_POINT('',(27.564425237935,-17.51349281172));
#5064 = CARTESIAN_POINT('',(26.011621772634,-17.93715176707));
#5065 = CARTESIAN_POINT('',(24.472130670204,-18.40322039045));
#5066 = CARTESIAN_POINT('',(21.152347221318,-19.49554320761));
#5067 = CARTESIAN_POINT('',(19.379070866895,-20.13443935042));
#5068 = CARTESIAN_POINT('',(17.620448425221,-20.81344326306));
#5069 = CARTESIAN_POINT('',(15.874966700186,-21.52549109998));
#5070 = CARTESIAN_POINT('',(14.141224155227,-22.26492430288));
#5071 = CARTESIAN_POINT('',(12.417818476377,-23.02721586642));
#5072 = CARTESIAN_POINT('',(10.703213753681,-23.80863375449));
#5073 = CARTESIAN_POINT('',(7.895315183912,-25.1199806537));
#5074 = CARTESIAN_POINT('',(6.798038106812,-25.64046211838));
#5075 = CARTESIAN_POINT('',(5.703480444952,-26.16665667643));
#5076 = CARTESIAN_POINT('',(4.611299976669,-26.69776571133));
#5077 = CARTESIAN_POINT('',(3.521168133083,-27.23304917948));
#5078 = CARTESIAN_POINT('',(2.432761915686,-27.77180902509));
#5079 = CARTESIAN_POINT('',(1.345757163585,-28.31337539815));
#5080 = CARTESIAN_POINT('',(-0.147639551421,-29.06110968124));
#5081 = CARTESIAN_POINT('',(-0.554950682643,-29.26542637865));
#5082 = CARTESIAN_POINT('',(-0.962127216257,-29.47001126473));
#5083 = CARTESIAN_POINT('',(-1.369186211543,-29.67482988157));
#5084 = CARTESIAN_POINT('',(-1.776144794061,-29.87984781625));
#5085 = CARTESIAN_POINT('',(-2.183020155663,-30.08503070083));
#5086 = CARTESIAN_POINT('',(-2.589829554482,-30.29034421234));
#5087 = CARTESIAN_POINT('',(-3.296877978338,-30.64739615097));
#5088 = CARTESIAN_POINT('',(-3.597139149958,-30.79909065421));
#5089 = CARTESIAN_POINT('',(-3.89738080931,-30.95082375404));
#5090 = CARTESIAN_POINT('',(-4.19760998838,-31.10258152339));
#5091 = CARTESIAN_POINT('',(-4.497833771625,-31.25434993661));
#5092 = CARTESIAN_POINT('',(-4.798059295975,-31.40611486942));
#5093 = CARTESIAN_POINT('',(-5.098293750831,-31.55786209898));
#5094 = CARTESIAN_POINT('',(-5.619028163211,-31.82098670513));
#5095 = CARTESIAN_POINT('',(-5.839520673674,-31.93237881613));
#5096 = CARTESIAN_POINT('',(-6.06002477964,-32.04374795712));
#5097 = CARTESIAN_POINT('',(-6.280543374639,-32.15508839263));
#5098 = CARTESIAN_POINT('',(-6.501079375552,-32.26639433134));
#5099 = CARTESIAN_POINT('',(-6.72163572261,-32.37765992613));
#5100 = CARTESIAN_POINT('',(-6.942215379393,-32.48887927405));
#5101 = CARTESIAN_POINT('',(-7.750426619864,-32.89615084841));
#5102 = CARTESIAN_POINT('',(-8.338218157394,-33.19188473324));
#5103 = CARTESIAN_POINT('',(-8.926252940953,-33.48713531751));
#5104 = CARTESIAN_POINT('',(-9.514588864794,-33.78178642469));
#5105 = CARTESIAN_POINT('',(-10.10328523841,-34.07571742052));
#5106 = CARTESIAN_POINT('',(-10.69240330304,-34.36880217845));
#5107 = CARTESIAN_POINT('',(-11.28200674818,-34.66090804513));
#5108 = CARTESIAN_POINT('',(-12.9866374419,-35.50140683));
#5109 = CARTESIAN_POINT('',(-14.10305165681,-36.04691317682));
#5110 = CARTESIAN_POINT('',(-15.22188648414,-36.58748417027));
#5111 = CARTESIAN_POINT('',(-16.34362979401,-37.12207638629));
#5112 = CARTESIAN_POINT('',(-17.4687939176,-37.64949352424));
#5113 = CARTESIAN_POINT('',(-18.59793344546,-38.1683485172));
#5114 = CARTESIAN_POINT('',(-19.7316791049,-38.67699125262));
#5115 = CARTESIAN_POINT('',(-21.73244135436,-39.54882561866));
#5116 = CARTESIAN_POINT('',(-22.59708657312,-39.91723574536));
#5117 = CARTESIAN_POINT('',(-23.46511636318,-40.27772623951));
#5118 = CARTESIAN_POINT('',(-24.33688668032,-40.62926555215));
#5119 = CARTESIAN_POINT('',(-25.21274948131,-40.97061744911));
#5120 = CARTESIAN_POINT('',(-26.09306830399,-41.30030106814));
#5121 = CARTESIAN_POINT('',(-26.9782510546,-41.61650658241));
#5122 = CARTESIAN_POINT('',(-27.86881818232,-41.91691846841));
#5123 = ( GEOMETRIC_REPRESENTATION_CONTEXT(2) 
PARAMETRIC_REPRESENTATION_CONTEXT() REPRESENTATION_CONTEXT('2D SPACE',''
  ) );
#5124 = PCURVE('',#4197,#5125);
#5125 = DEFINITIONAL_REPRESENTATION('',(#5126),#5241);
#5126 = B_SPLINE_CURVE_WITH_KNOTS('',8,(#5127,#5128,#5129,#5130,#5131,
    #5132,#5133,#5134,#5135,#5136,#5137,#5138,#5139,#5140,#5141,#5142,
    #5143,#5144,#5145,#5146,#5147,#5148,#5149,#5150,#5151,#5152,#5153,
    #5154,#5155,#5156,#5157,#5158,#5159,#5160,#5161,#5162,#5163,#5164,
    #5165,#5166,#5167,#5168,#5169,#5170,#5171,#5172,#5173,#5174,#5175,
    #5176,#5177,#5178,#5179,#5180,#5181,#5182,#5183,#5184,#5185,#5186,
    #5187,#5188,#5189,#5190,#5191,#5192,#5193,#5194,#5195,#5196,#5197,
    #5198,#5199,#5200,#5201,#5202,#5203,#5204,#5205,#5206,#5207,#5208,
    #5209,#5210,#5211,#5212,#5213,#5214,#5215,#5216,#5217,#5218,#5219,
    #5220,#5221,#5222,#5223,#5224,#5225,#5226,#5227,#5228,#5229,#5230,
    #5231,#5232,#5233,#5234,#5235,#5236,#5237,#5238,#5239,#5240),
  .UNSPECIFIED.,.F.,.F.,(9,7,7,7,7,7,7,7,7,7,7,7,7,7,7,7,9),(0.,
    0.126101701205,0.1588000658,0.176215029474,0.209693173015,
    0.247975038079,0.268698128478,0.312700284515,0.441568688861,
    0.592372899011,0.68955334911,0.726017269526,0.752936447886,
    0.772704074659,0.825357059871,0.924789241636,1.),.UNSPECIFIED.);
#5127 = CARTESIAN_POINT('',(6.500003675969,0.));
#5128 = CARTESIAN_POINT('',(6.500003816219,8.664409623098E-03));
#5129 = CARTESIAN_POINT('',(6.500003968772,1.772690662032E-02));
#5130 = CARTESIAN_POINT('',(6.500004135733,2.725701686949E-02));
#5131 = CARTESIAN_POINT('',(6.500004319466,3.732502371081E-02));
#5132 = CARTESIAN_POINT('',(6.500004522637,4.800279487265E-02));
#5133 = CARTESIAN_POINT('',(6.500004748052,5.936862751354E-02));
#5134 = CARTESIAN_POINT('',(6.500004998617,7.150883049117E-02));
#5135 = CARTESIAN_POINT('',(6.500005347256,8.79172676481E-02));
#5136 = CARTESIAN_POINT('',(6.50000542077,9.135373657814E-02));
#5137 = CARTESIAN_POINT('',(6.500005496007,9.484911530551E-02));
#5138 = CARTESIAN_POINT('',(6.50000557295,9.840415457826E-02));
#5139 = CARTESIAN_POINT('',(6.500005651555,0.102019229411));
#5140 = CARTESIAN_POINT('',(6.500005731755,0.105694278524));
#5141 = CARTESIAN_POINT('',(6.500005813446,0.109428723767));
#5142 = CARTESIAN_POINT('',(6.500005940719,0.115241311146));
#5143 = CARTESIAN_POINT('',(6.500005985331,0.117277738223));
#5144 = CARTESIAN_POINT('',(6.500006030305,0.119330449319));
#5145 = CARTESIAN_POINT('',(6.500006075616,0.121399188799));
#5146 = CARTESIAN_POINT('',(6.500006121236,0.123483642355));
#5147 = CARTESIAN_POINT('',(6.500006167133,0.125583432531));
#5148 = CARTESIAN_POINT('',(6.500006213274,0.127698114257));
#5149 = CARTESIAN_POINT('',(6.500006348709,0.133920021083));
#5150 = CARTESIAN_POINT('',(6.500006438562,0.138066399556));
#5151 = CARTESIAN_POINT('',(6.500006528895,0.142262169038));
#5152 = CARTESIAN_POINT('',(6.500006619381,0.146502614768));
#5153 = CARTESIAN_POINT('',(6.500006709653,0.150782389452));
#5154 = CARTESIAN_POINT('',(6.500006799311,0.155095458738));
#5155 = CARTESIAN_POINT('',(6.500006887932,0.159435046684));
#5156 = CARTESIAN_POINT('',(6.500007074721,0.168777514441));
#5157 = CARTESIAN_POINT('',(6.500007172457,0.173787266444));
#5158 = CARTESIAN_POINT('',(6.50000726762,0.178811321487));
#5159 = CARTESIAN_POINT('',(6.500007359575,0.183838969671));
#5160 = CARTESIAN_POINT('',(6.500007447736,0.188860288457));
#5161 = CARTESIAN_POINT('',(6.500007531581,0.193866124174));
#5162 = CARTESIAN_POINT('',(6.500007610673,0.198848073533));
#5163 = CARTESIAN_POINT('',(6.500007724741,0.206478256519));
#5164 = CARTESIAN_POINT('',(6.500007763315,0.209149033541));
#5165 = CARTESIAN_POINT('',(6.50000780035,0.211809730425));
#5166 = CARTESIAN_POINT('',(6.500007835802,0.2144594059));
#5167 = CARTESIAN_POINT('',(6.500007869638,0.217097237746));
#5168 = CARTESIAN_POINT('',(6.500007901831,0.219722517349));
#5169 = CARTESIAN_POINT('',(6.500007932362,0.222334644265));
#5170 = CARTESIAN_POINT('',(6.500008022501,0.230450568523));
#5171 = CARTESIAN_POINT('',(6.500008076236,0.235905985972));
#5172 = CARTESIAN_POINT('',(6.500008122333,0.241295291952));
#5173 = CARTESIAN_POINT('',(6.500008160838,0.246615911883));
#5174 = CARTESIAN_POINT('',(6.500008191914,0.251866565563));
#5175 = CARTESIAN_POINT('',(6.500008215813,0.257047110165));
#5176 = CARTESIAN_POINT('',(6.500008232852,0.26215843843));
#5177 = CARTESIAN_POINT('',(6.500008274202,0.281974694789));
#5178 = CARTESIAN_POINT('',(6.500008249111,0.296143423439));
#5179 = CARTESIAN_POINT('',(6.500008177256,0.309790439632));
#5180 = CARTESIAN_POINT('',(6.500008069419,0.322970565112));
#5181 = CARTESIAN_POINT('',(6.500007935651,0.335735430133));
#5182 = CARTESIAN_POINT('',(6.500007783661,0.348134963761));
#5183 = CARTESIAN_POINT('',(6.500007619338,0.360223036238));
#5184 = CARTESIAN_POINT('',(6.5000072451,0.385909649016));
#5185 = CARTESIAN_POINT('',(6.500007032571,0.39938876559));
#5186 = CARTESIAN_POINT('',(6.500006816559,0.412566111193));
#5187 = CARTESIAN_POINT('',(6.500006601757,0.42549205934));
#5188 = CARTESIAN_POINT('',(6.500006391039,0.438209116731));
#5189 = CARTESIAN_POINT('',(6.500006186154,0.450754407777));
#5190 = CARTESIAN_POINT('',(6.50000598809,0.463162684957));
#5191 = CARTESIAN_POINT('',(6.500005674423,0.483397468099));
#5192 = CARTESIAN_POINT('',(6.500005554558,0.491283193826));
#5193 = CARTESIAN_POINT('',(6.50000543789,0.499133391981));
#5194 = CARTESIAN_POINT('',(6.500005324481,0.506955896637));
#5195 = CARTESIAN_POINT('',(6.500005214338,0.514758196595));
#5196 = CARTESIAN_POINT('',(6.500005107431,0.522547605719));
#5197 = CARTESIAN_POINT('',(6.500005003704,0.530331411382));
#5198 = CARTESIAN_POINT('',(6.50000486533,0.54103829969));
#5199 = CARTESIAN_POINT('',(6.500004828013,0.543959844366));
#5200 = CARTESIAN_POINT('',(6.50000479113,0.546882020459));
#5201 = CARTESIAN_POINT('',(6.500004754676,0.549805216564));
#5202 = CARTESIAN_POINT('',(6.500004718647,0.552729824448));
#5203 = CARTESIAN_POINT('',(6.500004683039,0.555656239052));
#5204 = CARTESIAN_POINT('',(6.500004647845,0.558584858488));
#5205 = CARTESIAN_POINT('',(6.500004587384,0.563680036318));
#5206 = CARTESIAN_POINT('',(6.50000456193,0.565845409661));
#5207 = CARTESIAN_POINT('',(6.500004536697,0.568012365847));
#5208 = CARTESIAN_POINT('',(6.500004511683,0.570181068685));
#5209 = CARTESIAN_POINT('',(6.500004486887,0.572351684022));
#5210 = CARTESIAN_POINT('',(6.500004462306,0.574524379741));
#5211 = CARTESIAN_POINT('',(6.500004437938,0.57669932576));
#5212 = CARTESIAN_POINT('',(6.500004396042,0.580475606263));
#5213 = CARTESIAN_POINT('',(6.500004378417,0.582075824872));
#5214 = CARTESIAN_POINT('',(6.500004360904,0.58367741804));
#5215 = CARTESIAN_POINT('',(6.500004343503,0.58528045481));
#5216 = CARTESIAN_POINT('',(6.500004326214,0.586885005098));
#5217 = CARTESIAN_POINT('',(6.500004309034,0.588491139686));
#5218 = CARTESIAN_POINT('',(6.500004291964,0.590098930228));
#5219 = CARTESIAN_POINT('',(6.500004229823,0.595995558777));
#5220 = CARTESIAN_POINT('',(6.500004185413,0.600294929052));
#5221 = CARTESIAN_POINT('',(6.500004141756,0.604607937778));
#5222 = CARTESIAN_POINT('',(6.500004098834,0.608936007545));
#5223 = CARTESIAN_POINT('',(6.500004056631,0.613280619212));
#5224 = CARTESIAN_POINT('',(6.50000401513,0.617643325287));
#5225 = CARTESIAN_POINT('',(6.500003974314,0.622025763309));
#5226 = CARTESIAN_POINT('',(6.500003858351,0.634746196251));
#5227 = CARTESIAN_POINT('',(6.500003784924,0.64313906165));
#5228 = CARTESIAN_POINT('',(6.50000371377,0.651620210653));
#5229 = CARTESIAN_POINT('',(6.500003644782,0.660202626855));
#5230 = CARTESIAN_POINT('',(6.500003577856,0.668900827068));
#5231 = CARTESIAN_POINT('',(6.500003512892,0.677731345991));
#5232 = CARTESIAN_POINT('',(6.500003449795,0.686713673722));
#5233 = CARTESIAN_POINT('',(6.500003342084,0.702799573383));
#5234 = CARTESIAN_POINT('',(6.500003296716,0.709827235246));
#5235 = CARTESIAN_POINT('',(6.500003252321,0.716965936944));
#5236 = CARTESIAN_POINT('',(6.500003208862,0.724227551115));
#5237 = CARTESIAN_POINT('',(6.500003166303,0.731625497164));
#5238 = CARTESIAN_POINT('',(6.50000312461,0.73917521995));
#5239 = CARTESIAN_POINT('',(6.500003083753,0.746895208216));
#5240 = CARTESIAN_POINT('',(6.500003043698,0.754809130097));
#5241 = ( GEOMETRIC_REPRESENTATION_CONTEXT(2) 
PARAMETRIC_REPRESENTATION_CONTEXT() REPRESENTATION_CONTEXT('2D SPACE',''
  ) );
#5242 = ORIENTED_EDGE('',*,*,#5243,.F.);
#5243 = EDGE_CURVE('',#5244,#4888,#5246,.T.);
#5244 = VERTEX_POINT('',#5245);
#5245 = CARTESIAN_POINT('',(-44.75,-5.670707923859E-06,80.7));
#5246 = SURFACE_CURVE('',#5247,(#5251,#5257),.PCURVE_S1.);
#5247 = LINE('',#5248,#5249);
#5248 = CARTESIAN_POINT('',(9.236021589968E-05,-5.670707919931E-06,80.7)
  );
#5249 = VECTOR('',#5250,1.);
#5250 = DIRECTION('',(1.,0.,0.));
#5251 = PCURVE('',#4105,#5252);
#5252 = DEFINITIONAL_REPRESENTATION('',(#5253),#5256);
#5253 = B_SPLINE_CURVE_WITH_KNOTS('',1,(#5254,#5255),.UNSPECIFIED.,.F.,
  .F.,(2,2),(-44.75009236021,44.749907639784),.PIECEWISE_BEZIER_KNOTS.);
#5254 = CARTESIAN_POINT('',(-27.86875066325,-44.75018472043));
#5255 = CARTESIAN_POINT('',(-27.86875066325,44.749815279568));
#5256 = ( GEOMETRIC_REPRESENTATION_CONTEXT(2) 
PARAMETRIC_REPRESENTATION_CONTEXT() REPRESENTATION_CONTEXT('2D SPACE',''
  ) );
#5257 = PCURVE('',#5258,#5263);
#5258 = PLANE('',#5259);
#5259 = AXIS2_PLACEMENT_3D('',#5260,#5261,#5262);
#5260 = CARTESIAN_POINT('',(-2.933502854163E-15,4.040240899597E-15,80.7)
  );
#5261 = DIRECTION('',(0.,0.,1.));
#5262 = DIRECTION('',(1.,0.,-0.));
#5263 = DEFINITIONAL_REPRESENTATION('',(#5264),#5267);
#5264 = B_SPLINE_CURVE_WITH_KNOTS('',1,(#5265,#5266),.UNSPECIFIED.,.F.,
  .F.,(2,2),(-44.75009236021,44.749907639784),.PIECEWISE_BEZIER_KNOTS.);
#5265 = CARTESIAN_POINT('',(-44.75,-5.670707923971E-06));
#5266 = CARTESIAN_POINT('',(44.75,-5.670707923971E-06));
#5267 = ( GEOMETRIC_REPRESENTATION_CONTEXT(2) 
PARAMETRIC_REPRESENTATION_CONTEXT() REPRESENTATION_CONTEXT('2D SPACE',''
  ) );
#5268 = ORIENTED_EDGE('',*,*,#5269,.T.);
#5269 = EDGE_CURVE('',#5244,#4865,#5270,.T.);
#5270 = SURFACE_CURVE('',#5271,(#5275,#5281),.PCURVE_S1.);
#5271 = LINE('',#5272,#5273);
#5272 = CARTESIAN_POINT('',(-44.75,-5.670707919931E-06,69.9));
#5273 = VECTOR('',#5274,1.);
#5274 = DIRECTION('',(-0.,-0.,-1.));
#5275 = PCURVE('',#4105,#5276);
#5276 = DEFINITIONAL_REPRESENTATION('',(#5277),#5280);
#5277 = B_SPLINE_CURVE_WITH_KNOTS('',1,(#5278,#5279),.UNSPECIFIED.,.F.,
  .F.,(2,2),(-10.8000006,6.000000070117E-07),.PIECEWISE_BEZIER_KNOTS.);
#5278 = CARTESIAN_POINT('',(-27.86875126325,-44.75018472043));
#5279 = CARTESIAN_POINT('',(-17.06875006325,-44.75018472043));
#5280 = ( GEOMETRIC_REPRESENTATION_CONTEXT(2) 
PARAMETRIC_REPRESENTATION_CONTEXT() REPRESENTATION_CONTEXT('2D SPACE',''
  ) );
#5281 = PCURVE('',#5282,#5287);
#5282 = CYLINDRICAL_SURFACE('',#5283,44.75);
#5283 = AXIS2_PLACEMENT_3D('',#5284,#5285,#5286);
#5284 = CARTESIAN_POINT('',(0.,0.,69.9));
#5285 = DIRECTION('',(-0.,-0.,-1.));
#5286 = DIRECTION('',(1.,0.,0.));
#5287 = DEFINITIONAL_REPRESENTATION('',(#5288),#5291);
#5288 = B_SPLINE_CURVE_WITH_KNOTS('',1,(#5289,#5290),.UNSPECIFIED.,.F.,
  .F.,(2,2),(-10.8000006,6.000000070117E-07),.PIECEWISE_BEZIER_KNOTS.);
#5289 = CARTESIAN_POINT('',(-3.14159278031,-10.8000006));
#5290 = CARTESIAN_POINT('',(-3.14159278031,6.000000070117E-07));
#5291 = ( GEOMETRIC_REPRESENTATION_CONTEXT(2) 
PARAMETRIC_REPRESENTATION_CONTEXT() REPRESENTATION_CONTEXT('2D SPACE',''
  ) );
#5292 = ADVANCED_FACE('',(#5293),#4080,.T.);
#5293 = FACE_BOUND('',#5294,.T.);
#5294 = EDGE_LOOP('',(#5295,#5319,#5320,#5321,#5345,#5374));
#5295 = ORIENTED_EDGE('',*,*,#5296,.T.);
#5296 = EDGE_CURVE('',#5297,#4036,#5299,.T.);
#5297 = VERTEX_POINT('',#5298);
#5298 = CARTESIAN_POINT('',(46.5,-5.670707942616E-06,69.9));
#5299 = SURFACE_CURVE('',#5300,(#5305,#5312),.PCURVE_S1.);
#5300 = CIRCLE('',#5301,46.5);
#5301 = AXIS2_PLACEMENT_3D('',#5302,#5303,#5304);
#5302 = CARTESIAN_POINT('',(0.,0.,69.9));
#5303 = DIRECTION('',(0.,0.,1.));
#5304 = DIRECTION('',(1.,0.,0.));
#5305 = PCURVE('',#4080,#5306);
#5306 = DEFINITIONAL_REPRESENTATION('',(#5307),#5311);
#5307 = CIRCLE('',#5308,46.5);
#5308 = AXIS2_PLACEMENT_2D('',#5309,#5310);
#5309 = CARTESIAN_POINT('',(1.882068139409E-15,1.61343992693E-17));
#5310 = DIRECTION('',(1.,0.));
#5311 = ( GEOMETRIC_REPRESENTATION_CONTEXT(2) 
PARAMETRIC_REPRESENTATION_CONTEXT() REPRESENTATION_CONTEXT('2D SPACE',''
  ) );
#5312 = PCURVE('',#4051,#5313);
#5313 = DEFINITIONAL_REPRESENTATION('',(#5314),#5318);
#5314 = LINE('',#5315,#5316);
#5315 = CARTESIAN_POINT('',(-0.,-69.9));
#5316 = VECTOR('',#5317,1.);
#5317 = DIRECTION('',(-1.,0.));
#5318 = ( GEOMETRIC_REPRESENTATION_CONTEXT(2) 
PARAMETRIC_REPRESENTATION_CONTEXT() REPRESENTATION_CONTEXT('2D SPACE',''
  ) );
#5319 = ORIENTED_EDGE('',*,*,#4063,.T.);
#5320 = ORIENTED_EDGE('',*,*,#4864,.T.);
#5321 = ORIENTED_EDGE('',*,*,#5322,.F.);
#5322 = EDGE_CURVE('',#5323,#4865,#5325,.T.);
#5323 = VERTEX_POINT('',#5324);
#5324 = CARTESIAN_POINT('',(44.75,0.,69.9));
#5325 = SURFACE_CURVE('',#5326,(#5331,#5338),.PCURVE_S1.);
#5326 = CIRCLE('',#5327,44.75);
#5327 = AXIS2_PLACEMENT_3D('',#5328,#5329,#5330);
#5328 = CARTESIAN_POINT('',(0.,0.,69.9));
#5329 = DIRECTION('',(0.,0.,1.));
#5330 = DIRECTION('',(1.,0.,0.));
#5331 = PCURVE('',#4080,#5332);
#5332 = DEFINITIONAL_REPRESENTATION('',(#5333),#5337);
#5333 = CIRCLE('',#5334,44.75);
#5334 = AXIS2_PLACEMENT_2D('',#5335,#5336);
#5335 = CARTESIAN_POINT('',(1.882068139409E-15,1.61343992693E-17));
#5336 = DIRECTION('',(1.,0.));
#5337 = ( GEOMETRIC_REPRESENTATION_CONTEXT(2) 
PARAMETRIC_REPRESENTATION_CONTEXT() REPRESENTATION_CONTEXT('2D SPACE',''
  ) );
#5338 = PCURVE('',#5282,#5339);
#5339 = DEFINITIONAL_REPRESENTATION('',(#5340),#5344);
#5340 = LINE('',#5341,#5342);
#5341 = CARTESIAN_POINT('',(-0.,0.));
#5342 = VECTOR('',#5343,1.);
#5343 = DIRECTION('',(-1.,0.));
#5344 = ( GEOMETRIC_REPRESENTATION_CONTEXT(2) 
PARAMETRIC_REPRESENTATION_CONTEXT() REPRESENTATION_CONTEXT('2D SPACE',''
  ) );
#5345 = ORIENTED_EDGE('',*,*,#5346,.F.);
#5346 = EDGE_CURVE('',#5347,#5323,#5349,.T.);
#5347 = VERTEX_POINT('',#5348);
#5348 = CARTESIAN_POINT('',(44.75,-5.670707920427E-06,69.9));
#5349 = SURFACE_CURVE('',#5350,(#5355,#5362),.PCURVE_S1.);
#5350 = CIRCLE('',#5351,44.75);
#5351 = AXIS2_PLACEMENT_3D('',#5352,#5353,#5354);
#5352 = CARTESIAN_POINT('',(0.,0.,69.9));
#5353 = DIRECTION('',(0.,0.,1.));
#5354 = DIRECTION('',(1.,0.,0.));
#5355 = PCURVE('',#4080,#5356);
#5356 = DEFINITIONAL_REPRESENTATION('',(#5357),#5361);
#5357 = CIRCLE('',#5358,44.75);
#5358 = AXIS2_PLACEMENT_2D('',#5359,#5360);
#5359 = CARTESIAN_POINT('',(1.882068139409E-15,1.61343992693E-17));
#5360 = DIRECTION('',(1.,0.));
#5361 = ( GEOMETRIC_REPRESENTATION_CONTEXT(2) 
PARAMETRIC_REPRESENTATION_CONTEXT() REPRESENTATION_CONTEXT('2D SPACE',''
  ) );
#5362 = PCURVE('',#5363,#5368);
#5363 = CYLINDRICAL_SURFACE('',#5364,44.75);
#5364 = AXIS2_PLACEMENT_3D('',#5365,#5366,#5367);
#5365 = CARTESIAN_POINT('',(0.,0.,69.9));
#5366 = DIRECTION('',(-0.,-0.,-1.));
#5367 = DIRECTION('',(1.,0.,0.));
#5368 = DEFINITIONAL_REPRESENTATION('',(#5369),#5373);
#5369 = LINE('',#5370,#5371);
#5370 = CARTESIAN_POINT('',(-0.,0.));
#5371 = VECTOR('',#5372,1.);
#5372 = DIRECTION('',(-1.,0.));
#5373 = ( GEOMETRIC_REPRESENTATION_CONTEXT(2) 
PARAMETRIC_REPRESENTATION_CONTEXT() REPRESENTATION_CONTEXT('2D SPACE',''
  ) );
#5374 = ORIENTED_EDGE('',*,*,#5375,.T.);
#5375 = EDGE_CURVE('',#5347,#5297,#5376,.T.);
#5376 = SURFACE_CURVE('',#5377,(#5381,#5387),.PCURVE_S1.);
#5377 = LINE('',#5378,#5379);
#5378 = CARTESIAN_POINT('',(9.23602159002E-05,-5.670707919931E-06,69.9)
  );
#5379 = VECTOR('',#5380,1.);
#5380 = DIRECTION('',(1.,0.,0.));
#5381 = PCURVE('',#4080,#5382);
#5382 = DEFINITIONAL_REPRESENTATION('',(#5383),#5386);
#5383 = B_SPLINE_CURVE_WITH_KNOTS('',1,(#5384,#5385),.UNSPECIFIED.,.F.,
  .F.,(2,2),(-46.50009236021,46.499907639784),.PIECEWISE_BEZIER_KNOTS.);
#5384 = CARTESIAN_POINT('',(-46.5,-5.670707919915E-06));
#5385 = CARTESIAN_POINT('',(46.5,-5.670707919915E-06));
#5386 = ( GEOMETRIC_REPRESENTATION_CONTEXT(2) 
PARAMETRIC_REPRESENTATION_CONTEXT() REPRESENTATION_CONTEXT('2D SPACE',''
  ) );
#5387 = PCURVE('',#4850,#5388);
#5388 = DEFINITIONAL_REPRESENTATION('',(#5389),#5392);
#5389 = B_SPLINE_CURVE_WITH_KNOTS('',1,(#5390,#5391),.UNSPECIFIED.,.F.,
  .F.,(2,2),(-46.50009236021,46.499907639784),.PIECEWISE_BEZIER_KNOTS.);
#5390 = CARTESIAN_POINT('',(-17.06875066325,-46.50018472043));
#5391 = CARTESIAN_POINT('',(-17.06875066325,46.499815279568));
#5392 = ( GEOMETRIC_REPRESENTATION_CONTEXT(2) 
PARAMETRIC_REPRESENTATION_CONTEXT() REPRESENTATION_CONTEXT('2D SPACE',''
  ) );
#5393 = ADVANCED_FACE('',(#5394),#4051,.T.);
#5394 = FACE_BOUND('',#5395,.F.);
#5395 = EDGE_LOOP('',(#5396,#5397,#5398,#5417));
#5396 = ORIENTED_EDGE('',*,*,#4035,.F.);
#5397 = ORIENTED_EDGE('',*,*,#4119,.F.);
#5398 = ORIENTED_EDGE('',*,*,#5399,.F.);
#5399 = EDGE_CURVE('',#5297,#4120,#5400,.T.);
#5400 = SURFACE_CURVE('',#5401,(#5405,#5411),.PCURVE_S1.);
#5401 = LINE('',#5402,#5403);
#5402 = CARTESIAN_POINT('',(46.5,-5.670707919931E-06,0.));
#5403 = VECTOR('',#5404,1.);
#5404 = DIRECTION('',(-0.,-0.,-1.));
#5405 = PCURVE('',#4051,#5406);
#5406 = DEFINITIONAL_REPRESENTATION('',(#5407),#5410);
#5407 = B_SPLINE_CURVE_WITH_KNOTS('',1,(#5408,#5409),.UNSPECIFIED.,.F.,
  .F.,(2,2),(-69.9000006,6.E-07),.PIECEWISE_BEZIER_KNOTS.);
#5408 = CARTESIAN_POINT('',(-6.283185185229,-69.9000006));
#5409 = CARTESIAN_POINT('',(-6.283185185229,6.E-07));
#5410 = ( GEOMETRIC_REPRESENTATION_CONTEXT(2) 
PARAMETRIC_REPRESENTATION_CONTEXT() REPRESENTATION_CONTEXT('2D SPACE',''
  ) );
#5411 = PCURVE('',#4850,#5412);
#5412 = DEFINITIONAL_REPRESENTATION('',(#5413),#5416);
#5413 = B_SPLINE_CURVE_WITH_KNOTS('',1,(#5414,#5415),.UNSPECIFIED.,.F.,
  .F.,(2,2),(-69.9000006,6.E-07),.PIECEWISE_BEZIER_KNOTS.);
#5414 = CARTESIAN_POINT('',(-17.06875126325,46.499815279568));
#5415 = CARTESIAN_POINT('',(52.831249936744,46.499815279568));
#5416 = ( GEOMETRIC_REPRESENTATION_CONTEXT(2) 
PARAMETRIC_REPRESENTATION_CONTEXT() REPRESENTATION_CONTEXT('2D SPACE',''
  ) );
#5417 = ORIENTED_EDGE('',*,*,#5296,.T.);
#5418 = ADVANCED_FACE('',(#5419),#4850,.T.);
#5419 = FACE_BOUND('',#5420,.T.);
#5420 = EDGE_LOOP('',(#5421,#5422,#5423,#5444,#5465,#5821,#5839));
#5421 = ORIENTED_EDGE('',*,*,#5399,.F.);
#5422 = ORIENTED_EDGE('',*,*,#5375,.F.);
#5423 = ORIENTED_EDGE('',*,*,#5424,.F.);
#5424 = EDGE_CURVE('',#5425,#5347,#5427,.T.);
#5425 = VERTEX_POINT('',#5426);
#5426 = CARTESIAN_POINT('',(44.75,-5.670707920427E-06,80.7));
#5427 = SURFACE_CURVE('',#5428,(#5432,#5438),.PCURVE_S1.);
#5428 = LINE('',#5429,#5430);
#5429 = CARTESIAN_POINT('',(44.75,-5.670707919931E-06,69.9));
#5430 = VECTOR('',#5431,1.);
#5431 = DIRECTION('',(-0.,-0.,-1.));
#5432 = PCURVE('',#4850,#5433);
#5433 = DEFINITIONAL_REPRESENTATION('',(#5434),#5437);
#5434 = B_SPLINE_CURVE_WITH_KNOTS('',1,(#5435,#5436),.UNSPECIFIED.,.F.,
  .F.,(2,2),(-10.8000006,6.000000070117E-07),.PIECEWISE_BEZIER_KNOTS.);
#5435 = CARTESIAN_POINT('',(-27.86875126325,44.749815279568));
#5436 = CARTESIAN_POINT('',(-17.06875006325,44.749815279568));
#5437 = ( GEOMETRIC_REPRESENTATION_CONTEXT(2) 
PARAMETRIC_REPRESENTATION_CONTEXT() REPRESENTATION_CONTEXT('2D SPACE',''
  ) );
#5438 = PCURVE('',#5363,#5439);
#5439 = DEFINITIONAL_REPRESENTATION('',(#5440),#5443);
#5440 = B_SPLINE_CURVE_WITH_KNOTS('',1,(#5441,#5442),.UNSPECIFIED.,.F.,
  .F.,(2,2),(-10.8000006,6.000000070117E-07),.PIECEWISE_BEZIER_KNOTS.);
#5441 = CARTESIAN_POINT('',(-6.28318518046,-10.8000006));
#5442 = CARTESIAN_POINT('',(-6.28318518046,6.000000070117E-07));
#5443 = ( GEOMETRIC_REPRESENTATION_CONTEXT(2) 
PARAMETRIC_REPRESENTATION_CONTEXT() REPRESENTATION_CONTEXT('2D SPACE',''
  ) );
#5444 = ORIENTED_EDGE('',*,*,#5445,.F.);
#5445 = EDGE_CURVE('',#5446,#5425,#5448,.T.);
#5446 = VERTEX_POINT('',#5447);
#5447 = CARTESIAN_POINT('',(41.916543238371,-5.670707919893E-06,80.7));
#5448 = SURFACE_CURVE('',#5449,(#5453,#5459),.PCURVE_S1.);
#5449 = LINE('',#5450,#5451);
#5450 = CARTESIAN_POINT('',(9.236021589968E-05,-5.670707919931E-06,80.7)
  );
#5451 = VECTOR('',#5452,1.);
#5452 = DIRECTION('',(1.,0.,0.));
#5453 = PCURVE('',#4850,#5454);
#5454 = DEFINITIONAL_REPRESENTATION('',(#5455),#5458);
#5455 = B_SPLINE_CURVE_WITH_KNOTS('',1,(#5456,#5457),.UNSPECIFIED.,.F.,
  .F.,(2,2),(-44.75009236021,44.749907639784),.PIECEWISE_BEZIER_KNOTS.);
#5456 = CARTESIAN_POINT('',(-27.86875066325,-44.75018472043));
#5457 = CARTESIAN_POINT('',(-27.86875066325,44.749815279568));
#5458 = ( GEOMETRIC_REPRESENTATION_CONTEXT(2) 
PARAMETRIC_REPRESENTATION_CONTEXT() REPRESENTATION_CONTEXT('2D SPACE',''
  ) );
#5459 = PCURVE('',#5258,#5460);
#5460 = DEFINITIONAL_REPRESENTATION('',(#5461),#5464);
#5461 = B_SPLINE_CURVE_WITH_KNOTS('',1,(#5462,#5463),.UNSPECIFIED.,.F.,
  .F.,(2,2),(-44.75009236021,44.749907639784),.PIECEWISE_BEZIER_KNOTS.);
#5462 = CARTESIAN_POINT('',(-44.75,-5.670707923971E-06));
#5463 = CARTESIAN_POINT('',(44.75,-5.670707923971E-06));
#5464 = ( GEOMETRIC_REPRESENTATION_CONTEXT(2) 
PARAMETRIC_REPRESENTATION_CONTEXT() REPRESENTATION_CONTEXT('2D SPACE',''
  ) );
#5465 = ORIENTED_EDGE('',*,*,#5466,.T.);
#5466 = EDGE_CURVE('',#5446,#5467,#5469,.T.);
#5467 = VERTEX_POINT('',#5468);
#5468 = CARTESIAN_POINT('',(37.798072236471,-5.670707919946E-06,
    9.551176270836E-05));
#5469 = SURFACE_CURVE('',#5470,(#5585,#5703),.PCURVE_S1.);
#5470 = B_SPLINE_CURVE_WITH_KNOTS('',8,(#5471,#5472,#5473,#5474,#5475,
    #5476,#5477,#5478,#5479,#5480,#5481,#5482,#5483,#5484,#5485,#5486,
    #5487,#5488,#5489,#5490,#5491,#5492,#5493,#5494,#5495,#5496,#5497,
    #5498,#5499,#5500,#5501,#5502,#5503,#5504,#5505,#5506,#5507,#5508,
    #5509,#5510,#5511,#5512,#5513,#5514,#5515,#5516,#5517,#5518,#5519,
    #5520,#5521,#5522,#5523,#5524,#5525,#5526,#5527,#5528,#5529,#5530,
    #5531,#5532,#5533,#5534,#5535,#5536,#5537,#5538,#5539,#5540,#5541,
    #5542,#5543,#5544,#5545,#5546,#5547,#5548,#5549,#5550,#5551,#5552,
    #5553,#5554,#5555,#5556,#5557,#5558,#5559,#5560,#5561,#5562,#5563,
    #5564,#5565,#5566,#5567,#5568,#5569,#5570,#5571,#5572,#5573,#5574,
    #5575,#5576,#5577,#5578,#5579,#5580,#5581,#5582,#5583,#5584),
  .UNSPECIFIED.,.F.,.F.,(9,7,7,7,7,7,7,7,7,7,7,7,7,7,7,7,9),(0.,
    0.108600712244,0.196126711686,0.236489983498,0.265680499619,
    0.283287042782,0.336258740589,0.459934404402,0.608816162059,
    0.710274944794,0.740667961137,0.757037788088,0.79017552892,
    0.824146854167,0.841294193076,0.87377939978,1.),.UNSPECIFIED.);
#5471 = CARTESIAN_POINT('',(41.916566017088,-5.670707919931E-06,
    80.700067519065));
#5472 = CARTESIAN_POINT('',(41.482828575652,-5.670707919931E-06,
    79.414167642164));
#5473 = CARTESIAN_POINT('',(41.016200731975,-5.670707919931E-06,
    78.139612389775));
#5474 = CARTESIAN_POINT('',(40.523609105279,-5.670707919931E-06,
    76.874669077149));
#5475 = CARTESIAN_POINT('',(40.009786154503,-5.670707919931E-06,
    75.61821383909));
#5476 = CARTESIAN_POINT('',(39.478443254311,-5.670707919931E-06,
    74.369261914243));
#5477 = CARTESIAN_POINT('',(38.932451857224,-5.670707919931E-06,
    73.126892738796));
#5478 = CARTESIAN_POINT('',(38.374120786547,-5.670707919931E-06,
    71.890141094071));
#5479 = CARTESIAN_POINT('',(37.346835497417,-5.670707919931E-06,
    69.664891696652));
#5480 = CARTESIAN_POINT('',(36.881636124925,-5.670707919931E-06,
    68.67495008407));
#5481 = CARTESIAN_POINT('',(36.410708571265,-5.670707919931E-06,
    67.687709767677));
#5482 = CARTESIAN_POINT('',(35.934928501822,-5.670707919931E-06,
    66.70279927324));
#5483 = CARTESIAN_POINT('',(35.455063201703,-5.670707919931E-06,
    65.719882632529));
#5484 = CARTESIAN_POINT('',(34.971799909302,-5.670707919931E-06,
    64.738645706726));
#5485 = CARTESIAN_POINT('',(34.485764729345,-5.670707919931E-06,
    63.7587870268));
#5486 = CARTESIAN_POINT('',(33.772379994306,-5.670707919931E-06,
    62.328644229059));
#5487 = CARTESIAN_POINT('',(33.546761560715,-5.670707919931E-06,
    61.877507920514));
#5488 = CARTESIAN_POINT('',(33.32073373703,-5.670707919931E-06,
    61.426576413497));
#5489 = CARTESIAN_POINT('',(33.094351496432,-5.670707919931E-06,
    60.975822682991));
#5490 = CARTESIAN_POINT('',(32.867668109243,-5.670707919931E-06,
    60.525220371964));
#5491 = CARTESIAN_POINT('',(32.640735379284,-5.670707919931E-06,
    60.074743672635));
#5492 = CARTESIAN_POINT('',(32.413603880232,-5.670707919931E-06,
    59.624367207741));
#5493 = CARTESIAN_POINT('',(32.021954935983,-5.670707919931E-06,
    58.848410268748));
#5494 = CARTESIAN_POINT('',(31.857508708586,-5.670707919931E-06,
    58.522793967739));
#5495 = CARTESIAN_POINT('',(31.693003192117,-5.670707919931E-06,
    58.197207590078));
#5496 = CARTESIAN_POINT('',(31.528456881735,-5.670707919931E-06,
    57.871641804854));
#5497 = CARTESIAN_POINT('',(31.363888085435,-5.670707919931E-06,
    57.546087368945));
#5498 = CARTESIAN_POINT('',(31.199314924044,-5.670707919931E-06,
    57.220535127021));
#5499 = CARTESIAN_POINT('',(31.034755331227,-5.670707919931E-06,
    56.894976011543));
#5500 = CARTESIAN_POINT('',(30.770990225609,-5.670707919931E-06,
    56.373027339846));
#5501 = CARTESIAN_POINT('',(30.671764808036,-5.670707919931E-06,
    56.176647865793));
#5502 = CARTESIAN_POINT('',(30.572554706269,-5.670707919931E-06,
    55.98026064693));
#5503 = CARTESIAN_POINT('',(30.473363816968,-5.670707919931E-06,
    55.783863716455));
#5504 = CARTESIAN_POINT('',(30.374196027946,-5.670707919931E-06,
    55.587455114438));
#5505 = CARTESIAN_POINT('',(30.275055218167,-5.670707919931E-06,
    55.391032887822));
#5506 = CARTESIAN_POINT('',(30.17594525775,-5.670707919931E-06,
    55.194595090419));
#5507 = CARTESIAN_POINT('',(29.778788542264,-5.670707919931E-06,
    54.407077069173));
#5508 = CARTESIAN_POINT('',(29.481021396463,-5.670707919931E-06,
    53.815856043093));
#5509 = CARTESIAN_POINT('',(29.18367374807,-5.670707919931E-06,
    53.224423574689));
#5510 = CARTESIAN_POINT('',(28.886850636105,-5.670707919931E-06,
    52.632727202293));
#5511 = CARTESIAN_POINT('',(28.59065758003,-5.670707919931E-06,
    52.040714822487));
#5512 = CARTESIAN_POINT('',(28.295201198676,-5.670707919931E-06,
    51.448334380034));
#5513 = CARTESIAN_POINT('',(28.000589829171,-5.670707919931E-06,
    50.855533557814));
#5514 = CARTESIAN_POINT('',(27.021321581635,-5.670707919931E-06,
    48.877112868227));
#5515 = CARTESIAN_POINT('',(26.340935730067,-5.670707919931E-06,
    47.489421341027));
#5516 = CARTESIAN_POINT('',(25.667165733142,-5.670707919931E-06,
    46.098472516265));
#5517 = CARTESIAN_POINT('',(25.001490230239,-5.670707919931E-06,
    44.703577762598));
#5518 = CARTESIAN_POINT('',(24.345526303358,-5.670707919931E-06,
    43.304049205225));
#5519 = CARTESIAN_POINT('',(23.701075609369,-5.670707919931E-06,
    41.899177984094));
#5520 = CARTESIAN_POINT('',(23.070194817878,-5.670707919931E-06,
    40.488201155574));
#5521 = CARTESIAN_POINT('',(21.715123186088,-5.670707919931E-06,
    37.363297199448));
#5522 = CARTESIAN_POINT('',(20.998496110794,-5.670707919931E-06,
    35.647099304857));
#5523 = CARTESIAN_POINT('',(20.309267085416,-5.670707919931E-06,
    33.919296311356));
#5524 = CARTESIAN_POINT('',(19.652476090441,-5.670707919931E-06,
    32.17804968096));
#5525 = CARTESIAN_POINT('',(19.034546792676,-5.670707919931E-06,
    30.421969569786));
#5526 = CARTESIAN_POINT('',(18.463931622783,-5.670707919931E-06,
    28.649906500974));
#5527 = CARTESIAN_POINT('',(17.951401424276,-5.670707919931E-06,
    26.86084379802));
#5528 = CARTESIAN_POINT('',(17.213937341536,-5.670707919931E-06,
    23.820942590933));
#5529 = CARTESIAN_POINT('',(16.949806241207,-5.670707919931E-06,
    22.581867612032));
#5530 = CARTESIAN_POINT('',(16.725005640704,-5.670707919931E-06,
    21.334046787218));
#5531 = CARTESIAN_POINT('',(16.545765627816,-5.670707919931E-06,
    20.077325076967));
#5532 = CARTESIAN_POINT('',(16.420075512338,-5.670707919931E-06,
    18.813074614603));
#5533 = CARTESIAN_POINT('',(16.357776734414,-5.670707919931E-06,
    17.544183562214));
#5534 = CARTESIAN_POINT('',(16.370706699646,-5.670707919931E-06,
    16.275040545566));
#5535 = CARTESIAN_POINT('',(16.503591784295,-5.670707919931E-06,
    14.633009413488));
#5536 = CARTESIAN_POINT('',(16.542226457701,-5.670707919931E-06,
    14.255160414334));
#5537 = CARTESIAN_POINT('',(16.589227328389,-5.670707919931E-06,
    13.878186908437));
#5538 = CARTESIAN_POINT('',(16.644963657467,-5.670707919931E-06,
    13.502352728814));
#5539 = CARTESIAN_POINT('',(16.709805203517,-5.670707919931E-06,
    13.127962866453));
#5540 = CARTESIAN_POINT('',(16.784113736777,-5.670707919931E-06,
    12.755362034756));
#5541 = CARTESIAN_POINT('',(16.86823210937,-5.670707919931E-06,
    12.384932810616));
#5542 = CARTESIAN_POINT('',(17.013228344272,-5.670707919931E-06,
    11.818973224364));
#5543 = CARTESIAN_POINT('',(17.066921291808,-5.670707919931E-06,
    11.621605955508));
#5544 = CARTESIAN_POINT('',(17.123597737897,-5.670707919931E-06,
    11.425058254965));
#5545 = CARTESIAN_POINT('',(17.183302875288,-5.670707919931E-06,
    11.229399997552));
#5546 = CARTESIAN_POINT('',(17.246078332544,-5.670707919931E-06,
    11.034703986246));
#5547 = CARTESIAN_POINT('',(17.311961430821,-5.670707919931E-06,
    10.841045714932));
#5548 = CARTESIAN_POINT('',(17.380984440645,-5.670707919931E-06,
    10.648503131151));
#5549 = CARTESIAN_POINT('',(17.599308160731,-5.670707919931E-06,
    10.069809700362));
#5550 = CARTESIAN_POINT('',(17.75843210543,-5.670707919931E-06,
    9.687325638996));
#5551 = CARTESIAN_POINT('',(17.930752558637,-5.670707919931E-06,
    9.31041501931));
#5552 = CARTESIAN_POINT('',(18.116385689016,-5.670707919931E-06,
    8.939780423634));
#5553 = CARTESIAN_POINT('',(18.315340280978,-5.670707919931E-06,
    8.576107476746));
#5554 = CARTESIAN_POINT('',(18.527501067619,-5.670707919931E-06,
    8.220056110547));
#5555 = CARTESIAN_POINT('',(18.752612063649,-5.670707919931E-06,
    7.872251828739));
#5556 = CARTESIAN_POINT('',(19.23388579688,-5.670707919931E-06,
    7.185775155253));
#5557 = CARTESIAN_POINT('',(19.490726093966,-5.670707919931E-06,
    6.847497164195));
#5558 = CARTESIAN_POINT('',(19.760341934117,-5.670707919931E-06,
    6.519077512308));
#5559 = CARTESIAN_POINT('',(20.042190902221,-5.670707919931E-06,
    6.201002458364));
#5560 = CARTESIAN_POINT('',(20.33564317652,-5.670707919931E-06,
    5.893624870055));
#5561 = CARTESIAN_POINT('',(20.639997681597,-5.670707919931E-06,
    5.597179088123));
#5562 = CARTESIAN_POINT('',(20.954498241364,-5.670707919931E-06,
    5.311795790487));
#5563 = CARTESIAN_POINT('',(21.441816750969,-5.670707919931E-06,
    4.899072041381));
#5564 = CARTESIAN_POINT('',(21.607674876502,-5.670707919931E-06,
    4.763449091123));
#5565 = CARTESIAN_POINT('',(21.77582738229,-5.670707919931E-06,
    4.630649469133));
#5566 = CARTESIAN_POINT('',(21.946177863968,-5.670707919931E-06,
    4.500667397939));
#5567 = CARTESIAN_POINT('',(22.118630820615,-5.670707919931E-06,
    4.373490626478));
#5568 = CARTESIAN_POINT('',(22.293092236194,-5.670707919931E-06,
    4.249101197518));
#5569 = CARTESIAN_POINT('',(22.469470160999,-5.670707919931E-06,
    4.127476215065));
#5570 = CARTESIAN_POINT('',(22.985280479699,-5.670707919931E-06,
    3.783359006906));
#5571 = CARTESIAN_POINT('',(23.329436356485,-5.670707919931E-06,
    3.567958720578));
#5572 = CARTESIAN_POINT('',(23.679546027577,-5.670707919931E-06,
    3.362194999853));
#5573 = CARTESIAN_POINT('',(24.035042921022,-5.670707919931E-06,
    3.165825256508));
#5574 = CARTESIAN_POINT('',(24.395399180696,-5.670707919931E-06,
    2.978572340956));
#5575 = CARTESIAN_POINT('',(24.760132404223,-5.670707919931E-06,
    2.800136824572));
#5576 = CARTESIAN_POINT('',(25.128810726904,-5.670707919931E-06,
    2.630206290426));
#5577 = CARTESIAN_POINT('',(26.947408555748,-5.670707919931E-06,
    1.840006101861));
#5578 = CARTESIAN_POINT('',(28.44440238207,-5.670707919931E-06,
    1.336527656805));
#5579 = CARTESIAN_POINT('',(29.974546978646,-5.670707919931E-06,
    0.936153141223));
#5580 = CARTESIAN_POINT('',(31.524772010125,-5.670707919931E-06,
    0.622391648281));
#5581 = CARTESIAN_POINT('',(33.085842118975,-5.670707919931E-06,
    0.381679531222));
#5582 = CARTESIAN_POINT('',(34.652328073648,-5.670707919931E-06,
    0.203173446096));
#5583 = CARTESIAN_POINT('',(36.222450761873,-5.670707919931E-06,
    7.818551285841E-02));
#5584 = CARTESIAN_POINT('',(37.798072236471,-5.670707919931E-06,
    9.551176270861E-05));
#5585 = PCURVE('',#4850,#5586);
#5586 = DEFINITIONAL_REPRESENTATION('',(#5587),#5702);
#5587 = B_SPLINE_CURVE_WITH_KNOTS('',8,(#5588,#5589,#5590,#5591,#5592,
    #5593,#5594,#5595,#5596,#5597,#5598,#5599,#5600,#5601,#5602,#5603,
    #5604,#5605,#5606,#5607,#5608,#5609,#5610,#5611,#5612,#5613,#5614,
    #5615,#5616,#5617,#5618,#5619,#5620,#5621,#5622,#5623,#5624,#5625,
    #5626,#5627,#5628,#5629,#5630,#5631,#5632,#5633,#5634,#5635,#5636,
    #5637,#5638,#5639,#5640,#5641,#5642,#5643,#5644,#5645,#5646,#5647,
    #5648,#5649,#5650,#5651,#5652,#5653,#5654,#5655,#5656,#5657,#5658,
    #5659,#5660,#5661,#5662,#5663,#5664,#5665,#5666,#5667,#5668,#5669,
    #5670,#5671,#5672,#5673,#5674,#5675,#5676,#5677,#5678,#5679,#5680,
    #5681,#5682,#5683,#5684,#5685,#5686,#5687,#5688,#5689,#5690,#5691,
    #5692,#5693,#5694,#5695,#5696,#5697,#5698,#5699,#5700,#5701),
  .UNSPECIFIED.,.F.,.F.,(9,7,7,7,7,7,7,7,7,7,7,7,7,7,7,7,9),(0.,
    0.108600712244,0.196126711686,0.236489983498,0.265680499619,
    0.283287042782,0.336258740589,0.459934404402,0.608816162059,
    0.710274944794,0.740667961137,0.757037788088,0.79017552892,
    0.824146854167,0.841294193076,0.87377939978,1.),.UNSPECIFIED.);
#5588 = CARTESIAN_POINT('',(-27.86881818232,41.916381296657));
#5589 = CARTESIAN_POINT('',(-26.58291830542,41.48264385522));
#5590 = CARTESIAN_POINT('',(-25.30836305303,41.016016011543));
#5591 = CARTESIAN_POINT('',(-24.0434197404,40.523424384848));
#5592 = CARTESIAN_POINT('',(-22.78696450234,40.009601434071));
#5593 = CARTESIAN_POINT('',(-21.53801257749,39.478258533879));
#5594 = CARTESIAN_POINT('',(-20.29564340205,38.932267136792));
#5595 = CARTESIAN_POINT('',(-19.05889175732,38.373936066115));
#5596 = CARTESIAN_POINT('',(-16.8336423599,37.346650776985));
#5597 = CARTESIAN_POINT('',(-15.84370074732,36.881451404493));
#5598 = CARTESIAN_POINT('',(-14.85646043093,36.410523850833));
#5599 = CARTESIAN_POINT('',(-13.87154993649,35.93474378139));
#5600 = CARTESIAN_POINT('',(-12.88863329578,35.454878481271));
#5601 = CARTESIAN_POINT('',(-11.90739636998,34.971615188871));
#5602 = CARTESIAN_POINT('',(-10.92753769005,34.485580008914));
#5603 = CARTESIAN_POINT('',(-9.497394892315,33.772195273874));
#5604 = CARTESIAN_POINT('',(-9.046258583771,33.546576840283));
#5605 = CARTESIAN_POINT('',(-8.595327076753,33.320549016598));
#5606 = CARTESIAN_POINT('',(-8.144573346247,33.094166776));
#5607 = CARTESIAN_POINT('',(-7.693971035221,32.867483388811));
#5608 = CARTESIAN_POINT('',(-7.243494335892,32.640550658852));
#5609 = CARTESIAN_POINT('',(-6.793117870998,32.4134191598));
#5610 = CARTESIAN_POINT('',(-6.017160932004,32.021770215551));
#5611 = CARTESIAN_POINT('',(-5.691544630995,31.857323988154));
#5612 = CARTESIAN_POINT('',(-5.365958253335,31.692818471685));
#5613 = CARTESIAN_POINT('',(-5.04039246811,31.528272161303));
#5614 = CARTESIAN_POINT('',(-4.714838032201,31.363703365003));
#5615 = CARTESIAN_POINT('',(-4.389285790278,31.199130203612));
#5616 = CARTESIAN_POINT('',(-4.0637266748,31.034570610795));
#5617 = CARTESIAN_POINT('',(-3.541778003102,30.770805505177));
#5618 = CARTESIAN_POINT('',(-3.345398529049,30.671580087604));
#5619 = CARTESIAN_POINT('',(-3.149011310186,30.572369985837));
#5620 = CARTESIAN_POINT('',(-2.952614379711,30.473179096536));
#5621 = CARTESIAN_POINT('',(-2.756205777695,30.374011307514));
#5622 = CARTESIAN_POINT('',(-2.559783551078,30.274870497735));
#5623 = CARTESIAN_POINT('',(-2.363345753676,30.175760537318));
#5624 = CARTESIAN_POINT('',(-1.57582773243,29.778603821832));
#5625 = CARTESIAN_POINT('',(-0.984606706349,29.480836676031));
#5626 = CARTESIAN_POINT('',(-0.393174237946,29.183489027638));
#5627 = CARTESIAN_POINT('',(0.198522134451,28.886665915673));
#5628 = CARTESIAN_POINT('',(0.790534514257,28.590472859598));
#5629 = CARTESIAN_POINT('',(1.382914956709,28.295016478244));
#5630 = CARTESIAN_POINT('',(1.975715778929,28.000405108739));
#5631 = CARTESIAN_POINT('',(3.954136468516,27.021136861203));
#5632 = CARTESIAN_POINT('',(5.341827995717,26.340751009635));
#5633 = CARTESIAN_POINT('',(6.732776820478,25.66698101271));
#5634 = CARTESIAN_POINT('',(8.127671574146,25.001305509808));
#5635 = CARTESIAN_POINT('',(9.527200131519,24.345341582926));
#5636 = CARTESIAN_POINT('',(10.93207135265,23.700890888937));
#5637 = CARTESIAN_POINT('',(12.343048181169,23.070010097447));
#5638 = CARTESIAN_POINT('',(15.467952137296,21.714938465656));
#5639 = CARTESIAN_POINT('',(17.184150031887,20.998311390362));
#5640 = CARTESIAN_POINT('',(18.911953025388,20.309082364985));
#5641 = CARTESIAN_POINT('',(20.653199655783,19.652291370009));
#5642 = CARTESIAN_POINT('',(22.409279766958,19.034362072245));
#5643 = CARTESIAN_POINT('',(24.18134283577,18.463746902351));
#5644 = CARTESIAN_POINT('',(25.970405538723,17.951216703844));
#5645 = CARTESIAN_POINT('',(29.010306745811,17.213752621104));
#5646 = CARTESIAN_POINT('',(30.249381724712,16.949621520775));
#5647 = CARTESIAN_POINT('',(31.497202549525,16.724820920272));
#5648 = CARTESIAN_POINT('',(32.753924259777,16.545580907384));
#5649 = CARTESIAN_POINT('',(34.018174722141,16.419890791907));
#5650 = CARTESIAN_POINT('',(35.28706577453,16.357592013982));
#5651 = CARTESIAN_POINT('',(36.556208791177,16.370521979214));
#5652 = CARTESIAN_POINT('',(38.198239923255,16.503407063864));
#5653 = CARTESIAN_POINT('',(38.576088922409,16.542041737269));
#5654 = CARTESIAN_POINT('',(38.953062428307,16.589042607957));
#5655 = CARTESIAN_POINT('',(39.32889660793,16.644778937036));
#5656 = CARTESIAN_POINT('',(39.70328647029,16.709620483085));
#5657 = CARTESIAN_POINT('',(40.075887301988,16.783929016345));
#5658 = CARTESIAN_POINT('',(40.446316526128,16.868047388938));
#5659 = CARTESIAN_POINT('',(41.012276112379,17.01304362384));
#5660 = CARTESIAN_POINT('',(41.209643381236,17.066736571376));
#5661 = CARTESIAN_POINT('',(41.406191081779,17.123413017465));
#5662 = CARTESIAN_POINT('',(41.601849339192,17.183118154857));
#5663 = CARTESIAN_POINT('',(41.796545350498,17.245893612113));
#5664 = CARTESIAN_POINT('',(41.990203621812,17.311776710389));
#5665 = CARTESIAN_POINT('',(42.182746205592,17.380799720213));
#5666 = CARTESIAN_POINT('',(42.761439636382,17.599123440299));
#5667 = CARTESIAN_POINT('',(43.143923697747,17.758247384998));
#5668 = CARTESIAN_POINT('',(43.520834317433,17.930567838206));
#5669 = CARTESIAN_POINT('',(43.891468913109,18.116200968584));
#5670 = CARTESIAN_POINT('',(44.255141859998,18.315155560546));
#5671 = CARTESIAN_POINT('',(44.611193226197,18.527316347187));
#5672 = CARTESIAN_POINT('',(44.958997508005,18.752427343218));
#5673 = CARTESIAN_POINT('',(45.645474181491,19.233701076448));
#5674 = CARTESIAN_POINT('',(45.983752172548,19.490541373535));
#5675 = CARTESIAN_POINT('',(46.312171824436,19.760157213685));
#5676 = CARTESIAN_POINT('',(46.63024687838,20.042006181789));
#5677 = CARTESIAN_POINT('',(46.937624466689,20.335458456088));
#5678 = CARTESIAN_POINT('',(47.234070248621,20.639812961166));
#5679 = CARTESIAN_POINT('',(47.519453546257,20.954313520933));
#5680 = CARTESIAN_POINT('',(47.932177295363,21.441632030537));
#5681 = CARTESIAN_POINT('',(48.06780024562,21.60749015607));
#5682 = CARTESIAN_POINT('',(48.20059986761,21.775642661858));
#5683 = CARTESIAN_POINT('',(48.330581938805,21.945993143536));
#5684 = CARTESIAN_POINT('',(48.457758710265,22.118446100183));
#5685 = CARTESIAN_POINT('',(48.582148139226,22.292907515762));
#5686 = CARTESIAN_POINT('',(48.703773121678,22.469285440567));
#5687 = CARTESIAN_POINT('',(49.047890329837,22.985095759268));
#5688 = CARTESIAN_POINT('',(49.263290616166,23.329251636053));
#5689 = CARTESIAN_POINT('',(49.469054336891,23.679361307145));
#5690 = CARTESIAN_POINT('',(49.665424080236,24.03485820059));
#5691 = CARTESIAN_POINT('',(49.852676995787,24.395214460264));
#5692 = CARTESIAN_POINT('',(50.031112512171,24.759947683791));
#5693 = CARTESIAN_POINT('',(50.201043046318,25.128626006473));
#5694 = CARTESIAN_POINT('',(50.991243234883,26.947223835317));
#5695 = CARTESIAN_POINT('',(51.494721679938,28.444217661638));
#5696 = CARTESIAN_POINT('',(51.89509619552,29.974362258214));
#5697 = CARTESIAN_POINT('',(52.208857688463,31.524587289694));
#5698 = CARTESIAN_POINT('',(52.449569805522,33.085657398543));
#5699 = CARTESIAN_POINT('',(52.628075890648,34.652143353216));
#5700 = CARTESIAN_POINT('',(52.753063823885,36.222266041441));
#5701 = CARTESIAN_POINT('',(52.831153824981,37.797887516039));
#5702 = ( GEOMETRIC_REPRESENTATION_CONTEXT(2) 
PARAMETRIC_REPRESENTATION_CONTEXT() REPRESENTATION_CONTEXT('2D SPACE',''
  ) );
#5703 = PCURVE('',#4701,#5704);
#5704 = DEFINITIONAL_REPRESENTATION('',(#5705),#5820);
#5705 = B_SPLINE_CURVE_WITH_KNOTS('',8,(#5706,#5707,#5708,#5709,#5710,
    #5711,#5712,#5713,#5714,#5715,#5716,#5717,#5718,#5719,#5720,#5721,
    #5722,#5723,#5724,#5725,#5726,#5727,#5728,#5729,#5730,#5731,#5732,
    #5733,#5734,#5735,#5736,#5737,#5738,#5739,#5740,#5741,#5742,#5743,
    #5744,#5745,#5746,#5747,#5748,#5749,#5750,#5751,#5752,#5753,#5754,
    #5755,#5756,#5757,#5758,#5759,#5760,#5761,#5762,#5763,#5764,#5765,
    #5766,#5767,#5768,#5769,#5770,#5771,#5772,#5773,#5774,#5775,#5776,
    #5777,#5778,#5779,#5780,#5781,#5782,#5783,#5784,#5785,#5786,#5787,
    #5788,#5789,#5790,#5791,#5792,#5793,#5794,#5795,#5796,#5797,#5798,
    #5799,#5800,#5801,#5802,#5803,#5804,#5805,#5806,#5807,#5808,#5809,
    #5810,#5811,#5812,#5813,#5814,#5815,#5816,#5817,#5818,#5819),
  .UNSPECIFIED.,.F.,.F.,(9,7,7,7,7,7,7,7,7,7,7,7,7,7,7,7,9),(0.,
    0.108600712244,0.196126711686,0.236489983498,0.265680499619,
    0.283287042782,0.336258740589,0.459934404402,0.608816162059,
    0.710274944794,0.740667961137,0.757037788088,0.79017552892,
    0.824146854167,0.841294193076,0.87377939978,1.),.UNSPECIFIED.);
#5706 = CARTESIAN_POINT('',(0.491365470924,0.754809130097));
#5707 = CARTESIAN_POINT('',(0.492165808203,0.743382129418));
#5708 = CARTESIAN_POINT('',(0.493042195152,0.732360513283));
#5709 = CARTESIAN_POINT('',(0.493982229857,0.721671453882));
#5710 = CARTESIAN_POINT('',(0.494977145627,0.711265998192));
#5711 = CARTESIAN_POINT('',(0.496019722621,0.701104676454));
#5712 = CARTESIAN_POINT('',(0.497103963185,0.691155277339));
#5713 = CARTESIAN_POINT('',(0.498224579251,0.681389502148));
#5714 = CARTESIAN_POINT('',(0.500305373019,0.664038722946));
#5715 = CARTESIAN_POINT('',(0.501254336006,0.656399512322));
#5716 = CARTESIAN_POINT('',(0.502221020862,0.648851863809));
#5717 = CARTESIAN_POINT('',(0.503202881312,0.641385148757));
#5718 = CARTESIAN_POINT('',(0.504197374645,0.633990019543));
#5719 = CARTESIAN_POINT('',(0.505201877369,0.626658038729));
#5720 = CARTESIAN_POINT('',(0.506213606338,0.619381434218));
#5721 = CARTESIAN_POINT('',(0.507698053261,0.608819524688));
#5722 = CARTESIAN_POINT('',(0.508167454415,0.60549632262));
#5723 = CARTESIAN_POINT('',(0.508637451633,0.60218267198));
#5724 = CARTESIAN_POINT('',(0.509107736566,0.598877896859));
#5725 = CARTESIAN_POINT('',(0.509577987764,0.595581344649));
#5726 = CARTESIAN_POINT('',(0.510047868729,0.592292383007));
#5727 = CARTESIAN_POINT('',(0.51051702598,0.58901039683));
#5728 = CARTESIAN_POINT('',(0.511323586574,0.583365879289));
#5729 = CARTESIAN_POINT('',(0.511661512214,0.581000307244));
#5730 = CARTESIAN_POINT('',(0.511998724048,0.578637842973));
#5731 = CARTESIAN_POINT('',(0.5123350759,0.576278263699));
#5732 = CARTESIAN_POINT('',(0.512670415397,0.573921349978));
#5733 = CARTESIAN_POINT('',(0.513004583972,0.571566885694));
#5734 = CARTESIAN_POINT('',(0.513337416862,0.569214658061));
#5735 = CARTESIAN_POINT('',(0.513868585752,0.565446911418));
#5736 = CARTESIAN_POINT('',(0.514067880045,0.564030102546));
#5737 = CARTESIAN_POINT('',(0.514266588348,0.562613984931));
#5738 = CARTESIAN_POINT('',(0.514464671969,0.56119851278));
#5739 = CARTESIAN_POINT('',(0.514662091172,0.559783640577));
#5740 = CARTESIAN_POINT('',(0.514858805171,0.558369323088));
#5741 = CARTESIAN_POINT('',(0.515054772133,0.55695551536));
#5742 = CARTESIAN_POINT('',(0.515837166059,0.551289937719));
#5743 = CARTESIAN_POINT('',(0.516417232644,0.547041913765));
#5744 = CARTESIAN_POINT('',(0.516988976945,0.542796880948));
#5745 = CARTESIAN_POINT('',(0.517551136057,0.538553639319));
#5746 = CARTESIAN_POINT('',(0.51810234028,0.534311001842));
#5747 = CARTESIAN_POINT('',(0.518641097239,0.530067787335));
#5748 = CARTESIAN_POINT('',(0.519165776006,0.525822813424));
#5749 = CARTESIAN_POINT('',(0.520862547465,0.511657049693));
#5750 = CARTESIAN_POINT('',(0.52196399923,0.50172337942));
#5751 = CARTESIAN_POINT('',(0.522956227519,0.491758443408));
#5752 = CARTESIAN_POINT('',(0.523811813041,0.481746865757));
#5753 = CARTESIAN_POINT('',(0.524497101448,0.471672806883));
#5754 = CARTESIAN_POINT('',(0.52497038065,0.461519488467));
#5755 = CARTESIAN_POINT('',(0.525178842726,0.451268506511));
#5756 = CARTESIAN_POINT('',(0.524902397462,0.428415383187));
#5757 = CARTESIAN_POINT('',(0.524267577841,0.415766173993));
#5758 = CARTESIAN_POINT('',(0.523029273853,0.402908216063));
#5759 = CARTESIAN_POINT('',(0.521032318349,0.389797969486));
#5760 = CARTESIAN_POINT('',(0.518075031273,0.376389473898));
#5761 = CARTESIAN_POINT('',(0.513887359271,0.362629053732));
#5762 = CARTESIAN_POINT('',(0.508108031658,0.348452766811));
#5763 = CARTESIAN_POINT('',(0.49485090773,0.32375366371));
#5764 = CARTESIAN_POINT('',(0.488507839763,0.313519127638));
#5765 = CARTESIAN_POINT('',(0.481031687209,0.303021251863));
#5766 = CARTESIAN_POINT('',(0.47223114751,0.292227292967));
#5767 = CARTESIAN_POINT('',(0.46188643378,0.281109878977));
#5768 = CARTESIAN_POINT('',(0.449755784897,0.269646252364));
#5769 = CARTESIAN_POINT('',(0.435595152642,0.257817228878));
#5770 = CARTESIAN_POINT('',(0.414285605852,0.241947387977));
#5771 = CARTESIAN_POINT('',(0.409174782198,0.238256357493));
#5772 = CARTESIAN_POINT('',(0.403860731244,0.234532643623));
#5773 = CARTESIAN_POINT('',(0.398339923074,0.230776806478));
#5774 = CARTESIAN_POINT('',(0.392610002538,0.226989778928));
#5775 = CARTESIAN_POINT('',(0.3866700886,0.223172895013));
#5776 = CARTESIAN_POINT('',(0.38052111268,0.219327926999));
#5777 = CARTESIAN_POINT('',(0.370743406881,0.213372301485));
#5778 = CARTESIAN_POINT('',(0.367260902588,0.211279995923));
#5779 = CARTESIAN_POINT('',(0.363719196529,0.209180582155));
#5780 = CARTESIAN_POINT('',(0.360118992015,0.207074470751));
#5781 = CARTESIAN_POINT('',(0.356461197841,0.204962116623));
#5782 = CARTESIAN_POINT('',(0.352746943865,0.202844020566));
#5783 = CARTESIAN_POINT('',(0.34897759657,0.2007207308));
#5784 = CARTESIAN_POINT('',(0.337416166124,0.194285325283));
#5785 = CARTESIAN_POINT('',(0.32945771758,0.189958550059));
#5786 = CARTESIAN_POINT('',(0.321293518026,0.185617960086));
#5787 = CARTESIAN_POINT('',(0.31294142528,0.181269365691));
#5788 = CARTESIAN_POINT('',(0.304423019496,0.176918951727));
#5789 = CARTESIAN_POINT('',(0.295763556697,0.172573283029));
#5790 = CARTESIAN_POINT('',(0.286991922303,0.168239309856));
#5791 = CARTESIAN_POINT('',(0.269066590422,0.159500894019));
#5792 = CARTESIAN_POINT('',(0.259907343905,0.155096716026));
#5793 = CARTESIAN_POINT('',(0.250697588048,0.15071978097));
#5794 = CARTESIAN_POINT('',(0.241473163491,0.146377184904));
#5795 = CARTESIAN_POINT('',(0.232270153089,0.142075236392));
#5796 = CARTESIAN_POINT('',(0.223124026402,0.137819514571));
#5797 = CARTESIAN_POINT('',(0.214068784205,0.133614927204));
#5798 = CARTESIAN_POINT('',(0.200627249961,0.127371442846));
#5799 = CARTESIAN_POINT('',(0.196149381575,0.125291128296));
#5800 = CARTESIAN_POINT('',(0.191706435223,0.123225313425));
#5801 = CARTESIAN_POINT('',(0.187302131816,0.121174418788));
#5802 = CARTESIAN_POINT('',(0.182939962137,0.119138801312));
#5803 = CARTESIAN_POINT('',(0.17862317319,0.117118758447));
#5804 = CARTESIAN_POINT('',(0.174354754564,0.115114532315));
#5805 = CARTESIAN_POINT('',(0.162147798503,0.109359683498));
#5806 = CARTESIAN_POINT('',(0.15434170466,0.105650585365));
#5807 = CARTESIAN_POINT('',(0.146737372984,0.10200018586));
#5808 = CARTESIAN_POINT('',(0.139349737329,9.840904686277E-02));
#5809 = CARTESIAN_POINT('',(0.132190310415,9.487722388348E-02));
#5810 = CARTESIAN_POINT('',(0.125267233643,9.140434487963E-02));
#5811 = CARTESIAN_POINT('',(0.118585502011,8.798966974471E-02));
#5812 = CARTESIAN_POINT('',(8.713211213731E-02,7.158648089773E-02));
#5813 = CARTESIAN_POINT('',(6.584965685488E-02,5.943237782988E-02));
#5814 = CARTESIAN_POINT('',(4.831701462458E-02,4.805470097575E-02));
#5815 = CARTESIAN_POINT('',(3.414441432261E-02,3.736663569783E-02));
#5816 = CARTESIAN_POINT('',(2.269071095275E-02,2.728974319002E-02));
#5817 = CARTESIAN_POINT('',(1.345989219831E-02,1.77518099128E-02));
#5818 = CARTESIAN_POINT('',(6.009751112122E-03,8.682124196507E-03));
#5819 = CARTESIAN_POINT('',(0.,1.060926651716E-05));
#5820 = ( GEOMETRIC_REPRESENTATION_CONTEXT(2) 
PARAMETRIC_REPRESENTATION_CONTEXT() REPRESENTATION_CONTEXT('2D SPACE',''
  ) );
#5821 = ORIENTED_EDGE('',*,*,#5822,.F.);
#5822 = EDGE_CURVE('',#4754,#5467,#5823,.T.);
#5823 = SURFACE_CURVE('',#5824,(#5827,#5833),.PCURVE_S1.);
#5824 = B_SPLINE_CURVE_WITH_KNOTS('',1,(#5825,#5826),.UNSPECIFIED.,.F.,
  .F.,(2,2),(0.,1.),.PIECEWISE_BEZIER_KNOTS.);
#5825 = CARTESIAN_POINT('',(37.8,-5.670707919931E-06,0.));
#5826 = CARTESIAN_POINT('',(37.798072236474,-5.670707919931E-06,
    9.551176255229E-05));
#5827 = PCURVE('',#4850,#5828);
#5828 = DEFINITIONAL_REPRESENTATION('',(#5829),#5832);
#5829 = B_SPLINE_CURVE_WITH_KNOTS('',1,(#5830,#5831),.UNSPECIFIED.,.F.,
  .F.,(2,2),(0.,1.),.PIECEWISE_BEZIER_KNOTS.);
#5830 = CARTESIAN_POINT('',(52.831249336744,37.799815279568));
#5831 = CARTESIAN_POINT('',(52.831153824981,37.797887516042));
#5832 = ( GEOMETRIC_REPRESENTATION_CONTEXT(2) 
PARAMETRIC_REPRESENTATION_CONTEXT() REPRESENTATION_CONTEXT('2D SPACE',''
  ) );
#5833 = PCURVE('',#4785,#5834);
#5834 = DEFINITIONAL_REPRESENTATION('',(#5835),#5838);
#5835 = B_SPLINE_CURVE_WITH_KNOTS('',1,(#5836,#5837),.UNSPECIFIED.,.F.,
  .F.,(2,2),(0.,1.),.PIECEWISE_BEZIER_KNOTS.);
#5836 = CARTESIAN_POINT('',(11.999996932885,0.));
#5837 = CARTESIAN_POINT('',(12.,1.060926649982E-05));
#5838 = ( GEOMETRIC_REPRESENTATION_CONTEXT(2) 
PARAMETRIC_REPRESENTATION_CONTEXT() REPRESENTATION_CONTEXT('2D SPACE',''
  ) );
#5839 = ORIENTED_EDGE('',*,*,#4837,.T.);
#5840 = ADVANCED_FACE('',(#5841),#4785,.F.);
#5841 = FACE_BOUND('',#5842,.F.);
#5842 = EDGE_LOOP('',(#5843,#5844,#5845));
#5843 = ORIENTED_EDGE('',*,*,#5822,.F.);
#5844 = ORIENTED_EDGE('',*,*,#4753,.T.);
#5845 = ORIENTED_EDGE('',*,*,#5846,.T.);
#5846 = EDGE_CURVE('',#4670,#5467,#5847,.T.);
#5847 = SURFACE_CURVE('',#5848,(#5853,#5860),.PCURVE_S1.);
#5848 = ( BOUNDED_CURVE() B_SPLINE_CURVE(3,(#5849,#5850,#5851,#5852),
.UNSPECIFIED.,.F.,.F.) B_SPLINE_CURVE_WITH_KNOTS((4,4),(0.,1.),
.PIECEWISE_BEZIER_KNOTS.) CURVE() GEOMETRIC_REPRESENTATION_ITEM() 
RATIONAL_B_SPLINE_CURVE((1.,1.,1.,1.)) REPRESENTATION_ITEM('') );
#5849 = CARTESIAN_POINT('',(37.8,5.551115123126E-17,0.));
#5850 = CARTESIAN_POINT('',(-22.77014822795,-0.178160240246,3.));
#5851 = CARTESIAN_POINT('',(67.717480551016,-1.124846541857,90.));
#5852 = CARTESIAN_POINT('',(36.75,-0.75,99.));
#5853 = PCURVE('',#4785,#5854);
#5854 = DEFINITIONAL_REPRESENTATION('',(#5855),#5859);
#5855 = LINE('',#5856,#5857);
#5856 = CARTESIAN_POINT('',(12.,0.));
#5857 = VECTOR('',#5858,1.);
#5858 = DIRECTION('',(0.,1.));
#5859 = ( GEOMETRIC_REPRESENTATION_CONTEXT(2) 
PARAMETRIC_REPRESENTATION_CONTEXT() REPRESENTATION_CONTEXT('2D SPACE',''
  ) );
#5860 = PCURVE('',#4701,#5861);
#5861 = DEFINITIONAL_REPRESENTATION('',(#5862),#5866);
#5862 = LINE('',#5863,#5864);
#5863 = CARTESIAN_POINT('',(0.,0.));
#5864 = VECTOR('',#5865,1.);
#5865 = DIRECTION('',(0.,1.));
#5866 = ( GEOMETRIC_REPRESENTATION_CONTEXT(2) 
PARAMETRIC_REPRESENTATION_CONTEXT() REPRESENTATION_CONTEXT('2D SPACE',''
  ) );
#5867 = ADVANCED_FACE('',(#5868),#4701,.F.);
#5868 = FACE_BOUND('',#5869,.F.);
#5869 = EDGE_LOOP('',(#5870,#5871,#5872,#5896,#5986));
#5870 = ORIENTED_EDGE('',*,*,#5846,.F.);
#5871 = ORIENTED_EDGE('',*,*,#4669,.T.);
#5872 = ORIENTED_EDGE('',*,*,#5873,.T.);
#5873 = EDGE_CURVE('',#4586,#5874,#5876,.T.);
#5874 = VERTEX_POINT('',#5875);
#5875 = CARTESIAN_POINT('',(41.640348523929,0.849803031101,80.7));
#5876 = SURFACE_CURVE('',#5877,(#5882,#5889),.PCURVE_S1.);
#5877 = ( BOUNDED_CURVE() B_SPLINE_CURVE(3,(#5878,#5879,#5880,#5881),
.UNSPECIFIED.,.F.,.F.) B_SPLINE_CURVE_WITH_KNOTS((4,4),(0.,1.),
.PIECEWISE_BEZIER_KNOTS.) CURVE() GEOMETRIC_REPRESENTATION_ITEM() 
RATIONAL_B_SPLINE_CURVE((1.,1.,1.,1.)) REPRESENTATION_ITEM('') );
#5878 = CARTESIAN_POINT('',(37.792130737918,0.771267974243,0.));
#5879 = CARTESIAN_POINT('',(-22.76359050955,-0.464563071624,3.));
#5880 = CARTESIAN_POINT('',(67.714857463656,1.381935866605,90.));
#5881 = CARTESIAN_POINT('',(36.75,0.75,99.));
#5882 = PCURVE('',#4701,#5883);
#5883 = DEFINITIONAL_REPRESENTATION('',(#5884),#5888);
#5884 = LINE('',#5885,#5886);
#5885 = CARTESIAN_POINT('',(1.,0.));
#5886 = VECTOR('',#5887,1.);
#5887 = DIRECTION('',(0.,1.));
#5888 = ( GEOMETRIC_REPRESENTATION_CONTEXT(2) 
PARAMETRIC_REPRESENTATION_CONTEXT() REPRESENTATION_CONTEXT('2D SPACE',''
  ) );
#5889 = PCURVE('',#4617,#5890);
#5890 = DEFINITIONAL_REPRESENTATION('',(#5891),#5895);
#5891 = LINE('',#5892,#5893);
#5892 = CARTESIAN_POINT('',(1.,0.));
#5893 = VECTOR('',#5894,1.);
#5894 = DIRECTION('',(0.,1.));
#5895 = ( GEOMETRIC_REPRESENTATION_CONTEXT(2) 
PARAMETRIC_REPRESENTATION_CONTEXT() REPRESENTATION_CONTEXT('2D SPACE',''
  ) );
#5896 = ORIENTED_EDGE('',*,*,#5897,.T.);
#5897 = EDGE_CURVE('',#5874,#5446,#5898,.T.);
#5898 = SURFACE_CURVE('',#5899,(#5926,#5956),.PCURVE_S1.);
#5899 = B_SPLINE_CURVE_WITH_KNOTS('',5,(#5900,#5901,#5902,#5903,#5904,
    #5905,#5906,#5907,#5908,#5909,#5910,#5911,#5912,#5913,#5914,#5915,
    #5916,#5917,#5918,#5919,#5920,#5921,#5922,#5923,#5924,#5925),
  .UNSPECIFIED.,.F.,.F.,(6,4,4,4,4,4,6),(0.,0.129880575794,
    0.230451008735,0.501040005407,0.770581142393,0.87112634065,1.),
  .UNSPECIFIED.);
#5900 = CARTESIAN_POINT('',(41.640348523929,0.849803031101,80.7));
#5901 = CARTESIAN_POINT('',(41.667597885306,0.812909951332,80.7));
#5902 = CARTESIAN_POINT('',(41.693447393029,0.774842059614,80.7));
#5903 = CARTESIAN_POINT('',(41.717804726956,0.735667057471,80.7));
#5904 = CARTESIAN_POINT('',(41.740587800059,0.695464802362,80.7));
#5905 = CARTESIAN_POINT('',(41.778091740488,0.622473309319,80.7));
#5906 = CARTESIAN_POINT('',(41.793471852513,0.590058297179,80.7));
#5907 = CARTESIAN_POINT('',(41.807831853498,0.557124778892,80.7));
#5908 = CARTESIAN_POINT('',(41.821142733378,0.523718305995,80.7));
#5909 = CARTESIAN_POINT('',(41.866303823505,0.398864191677,80.7));
#5910 = CARTESIAN_POINT('',(41.891455985063,0.304761374478,80.7));
#5911 = CARTESIAN_POINT('',(41.908349222788,0.208541811779,80.7));
#5912 = CARTESIAN_POINT('',(41.916740367797,0.111249909416,80.7));
#5913 = CARTESIAN_POINT('',(41.916518955874,-8.292067397766E-02,80.7));
#5914 = CARTESIAN_POINT('',(41.907972112687,-0.179813986481,80.7));
#5915 = CARTESIAN_POINT('',(41.890991897272,-0.275625811382,80.7));
#5916 = CARTESIAN_POINT('',(41.865820670002,-0.369324245948,80.7));
#5917 = CARTESIAN_POINT('',(41.820676109398,-0.49376674148,80.7));
#5918 = CARTESIAN_POINT('',(41.807338335055,-0.527149946441,80.7));
#5919 = CARTESIAN_POINT('',(41.792952502975,-0.560059231615,80.7));
#5920 = CARTESIAN_POINT('',(41.77754766709,-0.592449105717,80.7));
#5921 = CARTESIAN_POINT('',(41.74014853831,-0.665072643426,80.7));
#5922 = CARTESIAN_POINT('',(41.717520353574,-0.704945517391,80.7));
#5923 = CARTESIAN_POINT('',(41.693342886547,-0.743805939299,80.7));
#5924 = CARTESIAN_POINT('',(41.667696398334,-0.781575897862,80.7));
#5925 = CARTESIAN_POINT('',(41.640671080675,-0.818189178856,80.7));
#5926 = PCURVE('',#4701,#5927);
#5927 = DEFINITIONAL_REPRESENTATION('',(#5928),#5955);
#5928 = B_SPLINE_CURVE_WITH_KNOTS('',5,(#5929,#5930,#5931,#5932,#5933,
    #5934,#5935,#5936,#5937,#5938,#5939,#5940,#5941,#5942,#5943,#5944,
    #5945,#5946,#5947,#5948,#5949,#5950,#5951,#5952,#5953,#5954),
  .UNSPECIFIED.,.F.,.F.,(6,4,4,4,4,4,6),(0.,0.129880575794,
    0.230451008735,0.501040005407,0.770581142393,0.87112634065,1.),
  .UNSPECIFIED.);
#5929 = CARTESIAN_POINT('',(1.,0.754808530097));
#5930 = CARTESIAN_POINT('',(0.973049930182,0.754808530097));
#5931 = CARTESIAN_POINT('',(0.946292141247,0.754808530097));
#5932 = CARTESIAN_POINT('',(0.919709357045,0.754808530097));
#5933 = CARTESIAN_POINT('',(0.893284361778,0.754808530097));
#5934 = CARTESIAN_POINT('',(0.846647228791,0.754808530097));
#5935 = CARTESIAN_POINT('',(0.826378747145,0.754808530097));
#5936 = CARTESIAN_POINT('',(0.806186603317,0.754808530097));
#5937 = CARTESIAN_POINT('',(0.786062941136,0.754808530097));
#5938 = CARTESIAN_POINT('',(0.712019809664,0.754808530097));
#5939 = CARTESIAN_POINT('',(0.658475140496,0.754808530097));
#5940 = CARTESIAN_POINT('',(0.605226143485,0.754808530097));
#5941 = CARTESIAN_POINT('',(0.552112141795,0.754808530097));
#5942 = CARTESIAN_POINT('',(0.446093535719,0.754808530097));
#5943 = CARTESIAN_POINT('',(0.393180780819,0.754808530097));
#5944 = CARTESIAN_POINT('',(0.340130076293,0.754808530097));
#5945 = CARTESIAN_POINT('',(0.286782612834,0.754808530097));
#5946 = CARTESIAN_POINT('',(0.212937817542,0.754808530097));
#5947 = CARTESIAN_POINT('',(0.192814533516,0.754808530097));
#5948 = CARTESIAN_POINT('',(0.172622388558,0.754808530097));
#5949 = CARTESIAN_POINT('',(0.152353527626,0.754808530097));
#5950 = CARTESIAN_POINT('',(0.10591189603,0.754808530097));
#5951 = CARTESIAN_POINT('',(7.968464252233E-02,0.754808530097));
#5952 = CARTESIAN_POINT('',(5.330146984954E-02,0.754808530097));
#5953 = CARTESIAN_POINT('',(2.674555068463E-02,0.754808530097));
#5954 = CARTESIAN_POINT('',(0.,0.754808530097));
#5955 = ( GEOMETRIC_REPRESENTATION_CONTEXT(2) 
PARAMETRIC_REPRESENTATION_CONTEXT() REPRESENTATION_CONTEXT('2D SPACE',''
  ) );
#5956 = PCURVE('',#5258,#5957);
#5957 = DEFINITIONAL_REPRESENTATION('',(#5958),#5985);
#5958 = B_SPLINE_CURVE_WITH_KNOTS('',5,(#5959,#5960,#5961,#5962,#5963,
    #5964,#5965,#5966,#5967,#5968,#5969,#5970,#5971,#5972,#5973,#5974,
    #5975,#5976,#5977,#5978,#5979,#5980,#5981,#5982,#5983,#5984),
  .UNSPECIFIED.,.F.,.F.,(6,4,4,4,4,4,6),(0.,0.129880575794,
    0.230451008735,0.501040005407,0.770581142393,0.87112634065,1.),
  .UNSPECIFIED.);
#5959 = CARTESIAN_POINT('',(41.640348523929,0.849803031101));
#5960 = CARTESIAN_POINT('',(41.667597885306,0.812909951332));
#5961 = CARTESIAN_POINT('',(41.693447393029,0.774842059614));
#5962 = CARTESIAN_POINT('',(41.717804726956,0.735667057471));
#5963 = CARTESIAN_POINT('',(41.740587800059,0.695464802362));
#5964 = CARTESIAN_POINT('',(41.778091740488,0.622473309319));
#5965 = CARTESIAN_POINT('',(41.793471852513,0.590058297179));
#5966 = CARTESIAN_POINT('',(41.807831853498,0.557124778892));
#5967 = CARTESIAN_POINT('',(41.821142733378,0.523718305995));
#5968 = CARTESIAN_POINT('',(41.866303823505,0.398864191677));
#5969 = CARTESIAN_POINT('',(41.891455985063,0.304761374478));
#5970 = CARTESIAN_POINT('',(41.908349222788,0.208541811779));
#5971 = CARTESIAN_POINT('',(41.916740367797,0.111249909416));
#5972 = CARTESIAN_POINT('',(41.916518955874,-8.292067397766E-02));
#5973 = CARTESIAN_POINT('',(41.907972112687,-0.179813986481));
#5974 = CARTESIAN_POINT('',(41.890991897272,-0.275625811382));
#5975 = CARTESIAN_POINT('',(41.865820670002,-0.369324245948));
#5976 = CARTESIAN_POINT('',(41.820676109398,-0.49376674148));
#5977 = CARTESIAN_POINT('',(41.807338335055,-0.527149946441));
#5978 = CARTESIAN_POINT('',(41.792952502975,-0.560059231615));
#5979 = CARTESIAN_POINT('',(41.77754766709,-0.592449105717));
#5980 = CARTESIAN_POINT('',(41.74014853831,-0.665072643426));
#5981 = CARTESIAN_POINT('',(41.717520353574,-0.704945517391));
#5982 = CARTESIAN_POINT('',(41.693342886547,-0.743805939299));
#5983 = CARTESIAN_POINT('',(41.667696398334,-0.781575897862));
#5984 = CARTESIAN_POINT('',(41.640671080675,-0.818189178856));
#5985 = ( GEOMETRIC_REPRESENTATION_CONTEXT(2) 
PARAMETRIC_REPRESENTATION_CONTEXT() REPRESENTATION_CONTEXT('2D SPACE',''
  ) );
#5986 = ORIENTED_EDGE('',*,*,#5466,.T.);
#5987 = ADVANCED_FACE('',(#5988),#4617,.F.);
#5988 = FACE_BOUND('',#5989,.F.);
#5989 = EDGE_LOOP('',(#5990,#5991,#5992,#6016,#6060,#6129,#6280));
#5990 = ORIENTED_EDGE('',*,*,#5873,.F.);
#5991 = ORIENTED_EDGE('',*,*,#4585,.T.);
#5992 = ORIENTED_EDGE('',*,*,#5993,.T.);
#5993 = EDGE_CURVE('',#4502,#5994,#5996,.T.);
#5994 = VERTEX_POINT('',#5995);
#5995 = CARTESIAN_POINT('',(15.321428571426,0.75,99.));
#5996 = SURFACE_CURVE('',#5997,(#6002,#6009),.PCURVE_S1.);
#5997 = ( BOUNDED_CURVE() B_SPLINE_CURVE(3,(#5998,#5999,#6000,#6001),
.UNSPECIFIED.,.F.,.F.) B_SPLINE_CURVE_WITH_KNOTS((4,4),(0.,1.),
.PIECEWISE_BEZIER_KNOTS.) CURVE() GEOMETRIC_REPRESENTATION_ITEM() 
RATIONAL_B_SPLINE_CURVE((1.,1.,1.,1.)) REPRESENTATION_ITEM('') );
#5998 = CARTESIAN_POINT('',(37.754792949667,1.848136717816,0.));
#5999 = CARTESIAN_POINT('',(-27.66329792882,-1.354147451061,3.));
#6000 = CARTESIAN_POINT('',(80.908630504323,3.960562332379,90.));
#6001 = CARTESIAN_POINT('',(15.321428571426,0.75,99.));
#6002 = PCURVE('',#4617,#6003);
#6003 = DEFINITIONAL_REPRESENTATION('',(#6004),#6008);
#6004 = LINE('',#6005,#6006);
#6005 = CARTESIAN_POINT('',(2.,0.));
#6006 = VECTOR('',#6007,1.);
#6007 = DIRECTION('',(0.,1.));
#6008 = ( GEOMETRIC_REPRESENTATION_CONTEXT(2) 
PARAMETRIC_REPRESENTATION_CONTEXT() REPRESENTATION_CONTEXT('2D SPACE',''
  ) );
#6009 = PCURVE('',#4533,#6010);
#6010 = DEFINITIONAL_REPRESENTATION('',(#6011),#6015);
#6011 = LINE('',#6012,#6013);
#6012 = CARTESIAN_POINT('',(2.,0.));
#6013 = VECTOR('',#6014,1.);
#6014 = DIRECTION('',(0.,1.));
#6015 = ( GEOMETRIC_REPRESENTATION_CONTEXT(2) 
PARAMETRIC_REPRESENTATION_CONTEXT() REPRESENTATION_CONTEXT('2D SPACE',''
  ) );
#6016 = ORIENTED_EDGE('',*,*,#6017,.F.);
#6017 = EDGE_CURVE('',#6018,#5994,#6020,.T.);
#6018 = VERTEX_POINT('',#6019);
#6019 = CARTESIAN_POINT('',(36.75,0.75,99.));
#6020 = SURFACE_CURVE('',#6021,(#6033,#6040),.PCURVE_S1.);
#6021 = B_SPLINE_CURVE_WITH_KNOTS('',10,(#6022,#6023,#6024,#6025,#6026,
    #6027,#6028,#6029,#6030,#6031,#6032),.UNSPECIFIED.,.F.,.F.,(11,11),(
    1.,2.),.PIECEWISE_BEZIER_KNOTS.);
#6022 = CARTESIAN_POINT('',(36.75,0.75,99.));
#6023 = CARTESIAN_POINT('',(34.607142857143,0.75,99.));
#6024 = CARTESIAN_POINT('',(32.464285714285,0.75,99.));
#6025 = CARTESIAN_POINT('',(30.321428571428,0.75,99.));
#6026 = CARTESIAN_POINT('',(28.178571428571,0.75,99.));
#6027 = CARTESIAN_POINT('',(26.035714285713,0.75,99.));
#6028 = CARTESIAN_POINT('',(23.892857142856,0.75,99.));
#6029 = CARTESIAN_POINT('',(21.749999999999,0.75,99.));
#6030 = CARTESIAN_POINT('',(19.607142857141,0.75,99.));
#6031 = CARTESIAN_POINT('',(17.464285714284,0.75,99.));
#6032 = CARTESIAN_POINT('',(15.321428571426,0.75,99.));
#6033 = PCURVE('',#4617,#6034);
#6034 = DEFINITIONAL_REPRESENTATION('',(#6035),#6039);
#6035 = LINE('',#6036,#6037);
#6036 = CARTESIAN_POINT('',(0.,1.));
#6037 = VECTOR('',#6038,1.);
#6038 = DIRECTION('',(1.,0.));
#6039 = ( GEOMETRIC_REPRESENTATION_CONTEXT(2) 
PARAMETRIC_REPRESENTATION_CONTEXT() REPRESENTATION_CONTEXT('2D SPACE',''
  ) );
#6040 = PCURVE('',#6041,#6046);
#6041 = PLANE('',#6042);
#6042 = AXIS2_PLACEMENT_3D('',#6043,#6044,#6045);
#6043 = CARTESIAN_POINT('',(-36.75,0.75,99.));
#6044 = DIRECTION('',(0.,1.,0.));
#6045 = DIRECTION('',(1.,0.,0.));
#6046 = DEFINITIONAL_REPRESENTATION('',(#6047),#6059);
#6047 = B_SPLINE_CURVE_WITH_KNOTS('',10,(#6048,#6049,#6050,#6051,#6052,
    #6053,#6054,#6055,#6056,#6057,#6058),.UNSPECIFIED.,.F.,.F.,(11,11),(
    1.,2.),.PIECEWISE_BEZIER_KNOTS.);
#6048 = CARTESIAN_POINT('',(73.5,0.));
#6049 = CARTESIAN_POINT('',(71.357142857143,0.));
#6050 = CARTESIAN_POINT('',(69.214285714285,0.));
#6051 = CARTESIAN_POINT('',(67.071428571428,0.));
#6052 = CARTESIAN_POINT('',(64.928571428571,0.));
#6053 = CARTESIAN_POINT('',(62.785714285713,0.));
#6054 = CARTESIAN_POINT('',(60.642857142856,0.));
#6055 = CARTESIAN_POINT('',(58.499999999999,0.));
#6056 = CARTESIAN_POINT('',(56.357142857141,0.));
#6057 = CARTESIAN_POINT('',(54.214285714284,0.));
#6058 = CARTESIAN_POINT('',(52.071428571426,0.));
#6059 = ( GEOMETRIC_REPRESENTATION_CONTEXT(2) 
PARAMETRIC_REPRESENTATION_CONTEXT() REPRESENTATION_CONTEXT('2D SPACE',''
  ) );
#6060 = ORIENTED_EDGE('',*,*,#6061,.F.);
#6061 = EDGE_CURVE('',#6062,#6018,#6064,.T.);
#6062 = VERTEX_POINT('',#6063);
#6063 = CARTESIAN_POINT('',(39.741724783922,0.811055607835,
    97.662934369644));
#6064 = SURFACE_CURVE('',#6065,(#6070,#6077),.PCURVE_S1.);
#6065 = ( BOUNDED_CURVE() B_SPLINE_CURVE(3,(#6066,#6067,#6068,#6069),
.UNSPECIFIED.,.F.,.F.) B_SPLINE_CURVE_WITH_KNOTS((4,4),(0.,1.),
.PIECEWISE_BEZIER_KNOTS.) CURVE() GEOMETRIC_REPRESENTATION_ITEM() 
RATIONAL_B_SPLINE_CURVE((1.,1.,1.,1.)) REPRESENTATION_ITEM('') );
#6066 = CARTESIAN_POINT('',(37.792130737918,0.771267974243,0.));
#6067 = CARTESIAN_POINT('',(-22.76359050955,-0.464563071624,3.));
#6068 = CARTESIAN_POINT('',(67.714857463656,1.381935866605,90.));
#6069 = CARTESIAN_POINT('',(36.75,0.75,99.));
#6070 = PCURVE('',#4617,#6071);
#6071 = DEFINITIONAL_REPRESENTATION('',(#6072),#6076);
#6072 = LINE('',#6073,#6074);
#6073 = CARTESIAN_POINT('',(1.,0.));
#6074 = VECTOR('',#6075,1.);
#6075 = DIRECTION('',(0.,1.));
#6076 = ( GEOMETRIC_REPRESENTATION_CONTEXT(2) 
PARAMETRIC_REPRESENTATION_CONTEXT() REPRESENTATION_CONTEXT('2D SPACE',''
  ) );
#6077 = PCURVE('',#6078,#6123);
#6078 = ( BOUNDED_SURFACE() B_SPLINE_SURFACE(10,3,(
    (#6079,#6080,#6081,#6082)
    ,(#6083,#6084,#6085,#6086)
    ,(#6087,#6088,#6089,#6090)
    ,(#6091,#6092,#6093,#6094)
    ,(#6095,#6096,#6097,#6098)
    ,(#6099,#6100,#6101,#6102)
    ,(#6103,#6104,#6105,#6106)
    ,(#6107,#6108,#6109,#6110)
    ,(#6111,#6112,#6113,#6114)
    ,(#6115,#6116,#6117,#6118)
    ,(#6119,#6120,#6121,#6122
)),.UNSPECIFIED.,.F.,.F.,.F.) B_SPLINE_SURFACE_WITH_KNOTS((11,11),(4,4),
  (0.,1.),(0.,1.),.PIECEWISE_BEZIER_KNOTS.) 
GEOMETRIC_REPRESENTATION_ITEM() RATIONAL_B_SPLINE_SURFACE((
    (1.,1.,1.,1.)
    ,(1.,1.,1.,1.)
    ,(1.,1.,1.,1.)
    ,(1.,1.,1.,1.)
    ,(1.,1.,1.,1.)
    ,(1.,1.,1.,1.)
    ,(1.,1.,1.,1.)
    ,(1.,1.,1.,1.)
    ,(1.,1.,1.,1.)
    ,(1.,1.,1.,1.)
,(1.,1.,1.,1.))) REPRESENTATION_ITEM('') SURFACE() );
#6079 = CARTESIAN_POINT('',(37.8,5.551115123126E-17,0.));
#6080 = CARTESIAN_POINT('',(-22.77014822795,-0.178160240246,3.));
#6081 = CARTESIAN_POINT('',(67.717480551016,-1.124846541857,90.));
#6082 = CARTESIAN_POINT('',(36.75,-0.75,99.));
#6083 = CARTESIAN_POINT('',(37.8,7.713214999511E-02,0.));
#6084 = CARTESIAN_POINT('',(-22.78177743475,-0.241395425488,3.));
#6085 = CARTESIAN_POINT('',(67.720589771074,-0.780365096084,90.));
#6086 = CARTESIAN_POINT('',(36.985619449019,-0.75,99.));
#6087 = CARTESIAN_POINT('',(37.799825115374,0.154264299941,0.));
#6088 = CARTESIAN_POINT('',(-22.77478672913,-0.287345616535,3.));
#6089 = CARTESIAN_POINT('',(67.682447955627,-0.483908410279,90.));
#6090 = CARTESIAN_POINT('',(37.221241071558,-0.667753520049,99.));
#6091 = CARTESIAN_POINT('',(37.799475350672,0.231396003808,0.));
#6092 = CARTESIAN_POINT('',(-22.75879059289,-0.313655312351,3.));
#6093 = CARTESIAN_POINT('',(67.627666036766,-0.240250475186,90.));
#6094 = CARTESIAN_POINT('',(37.424550431438,-0.503258522416,99.));
#6095 = CARTESIAN_POINT('',(37.798950710446,0.308526815567,0.));
#6096 = CARTESIAN_POINT('',(-22.74368699729,-0.322651831083,3.));
#6097 = CARTESIAN_POINT('',(67.581410946952,-4.238187300455E-02,90.));
#6098 = CARTESIAN_POINT('',(37.563305417225,-0.271019590411,99.));
#6099 = CARTESIAN_POINT('',(37.798251199246,0.38565628919,0.));
#6100 = CARTESIAN_POINT('',(-22.73723230006,-0.321380240992,3.));
#6101 = CARTESIAN_POINT('',(67.563331374798,0.128552096397,90.));
#6102 = CARTESIAN_POINT('',(37.612680472819,3.869127240819E-15,99.));
#6103 = CARTESIAN_POINT('',(37.797376821623,0.462783978648,0.));
#6104 = CARTESIAN_POINT('',(-22.74237542327,-0.320107164096,3.));
#6105 = CARTESIAN_POINT('',(67.580886317342,0.299485471076,90.));
#6106 = CARTESIAN_POINT('',(37.563305417228,0.271019590411,99.));
#6107 = CARTESIAN_POINT('',(37.796327582128,0.539909437911,0.));
#6108 = CARTESIAN_POINT('',(-22.75616745244,-0.329099222415,3.));
#6109 = CARTESIAN_POINT('',(67.626616780587,0.497352289092,90.));
#6110 = CARTESIAN_POINT('',(37.424550431434,0.503258522416,99.));
#6111 = CARTESIAN_POINT('',(37.795103485311,0.617032220951,0.));
#6112 = CARTESIAN_POINT('',(-22.77085203741,-0.355401484208,3.));
#6113 = CARTESIAN_POINT('',(67.680874078938,0.741007250576,90.));
#6114 = CARTESIAN_POINT('',(37.22124107156,0.667753520049,99.));
#6115 = CARTESIAN_POINT('',(37.793704535725,0.694151881738,0.));
#6116 = CARTESIAN_POINT('',(-22.77653121453,-0.401341267623,3.));
#6117 = CARTESIAN_POINT('',(67.718491282983,1.037459773328,90.));
#6118 = CARTESIAN_POINT('',(36.985619449019,0.75,99.));
#6119 = CARTESIAN_POINT('',(37.792130737918,0.771267974243,0.));
#6120 = CARTESIAN_POINT('',(-22.76359050955,-0.464563071624,3.));
#6121 = CARTESIAN_POINT('',(67.714857463656,1.381935866605,90.));
#6122 = CARTESIAN_POINT('',(36.75,0.75,99.));
#6123 = DEFINITIONAL_REPRESENTATION('',(#6124),#6128);
#6124 = LINE('',#6125,#6126);
#6125 = CARTESIAN_POINT('',(1.,0.));
#6126 = VECTOR('',#6127,1.);
#6127 = DIRECTION('',(0.,1.));
#6128 = ( GEOMETRIC_REPRESENTATION_CONTEXT(2) 
PARAMETRIC_REPRESENTATION_CONTEXT() REPRESENTATION_CONTEXT('2D SPACE',''
  ) );
#6129 = ORIENTED_EDGE('',*,*,#6130,.T.);
#6130 = EDGE_CURVE('',#6062,#6131,#6133,.T.);
#6131 = VERTEX_POINT('',#6132);
#6132 = CARTESIAN_POINT('',(39.719751111228,1.550442408501,80.7));
#6133 = SURFACE_CURVE('',#6134,(#6179,#6227),.PCURVE_S1.);
#6134 = B_SPLINE_CURVE_WITH_KNOTS('',8,(#6135,#6136,#6137,#6138,#6139,
    #6140,#6141,#6142,#6143,#6144,#6145,#6146,#6147,#6148,#6149,#6150,
    #6151,#6152,#6153,#6154,#6155,#6156,#6157,#6158,#6159,#6160,#6161,
    #6162,#6163,#6164,#6165,#6166,#6167,#6168,#6169,#6170,#6171,#6172,
    #6173,#6174,#6175,#6176,#6177,#6178),.UNSPECIFIED.,.F.,.F.,(9,7,7,7,
    7,7,9),(0.,8.429914454242E-02,0.154554880657,0.382580742372,
    0.554272563329,0.940599274483,1.),.UNSPECIFIED.);
#6135 = CARTESIAN_POINT('',(39.741724783922,0.811055607835,
    97.662934369644));
#6136 = CARTESIAN_POINT('',(39.741452800216,0.824382809442,
    97.484559399747));
#6137 = CARTESIAN_POINT('',(39.741158662873,0.838545125671,
    97.306187130397));
#6138 = CARTESIAN_POINT('',(39.740845826133,0.853318506468,
    97.127815651472));
#6139 = CARTESIAN_POINT('',(39.740516698484,0.868548687958,
    96.949443750324));
#6140 = CARTESIAN_POINT('',(39.740173126445,0.884122327567,
    96.771070283804));
#6141 = CARTESIAN_POINT('',(39.739816694786,0.899948512249,
    96.592693767231));
#6142 = CARTESIAN_POINT('',(39.739448843176,0.915950639796,
    96.414312180309));
#6143 = CARTESIAN_POINT('',(39.738755733737,0.945501600859,
    96.087251684394));
#6144 = CARTESIAN_POINT('',(39.738433596516,0.959014622292,
    95.938575810454));
#6145 = CARTESIAN_POINT('',(39.738105111483,0.972572366552,
    95.789894494906));
#6146 = CARTESIAN_POINT('',(39.737770945195,0.986144927663,
    95.641206999459));
#6147 = CARTESIAN_POINT('',(39.737431716577,0.999706967418,
    95.492512694452));
#6148 = CARTESIAN_POINT('',(39.737088006611,1.013236818118,
    95.343811032497));
#6149 = CARTESIAN_POINT('',(39.736740368028,1.026715585315,
    95.195101522124));
#6150 = CARTESIAN_POINT('',(39.735250003008,1.083652639476,
    94.563697004336));
#6151 = CARTESIAN_POINT('',(39.734074907797,1.126462044337,
    94.080923376534));
#6152 = CARTESIAN_POINT('',(39.732882160633,1.167983471657,
    93.598048274448));
#6153 = CARTESIAN_POINT('',(39.731687337956,1.207889076102,
    93.115065619633));
#6154 = CARTESIAN_POINT('',(39.730504388821,1.245957842745,
    92.63197378299));
#6155 = CARTESIAN_POINT('',(39.729345650525,1.282034399082,
    92.148774350798));
#6156 = CARTESIAN_POINT('',(39.728221678228,1.316023138077,
    91.665471894975));
#6157 = CARTESIAN_POINT('',(39.726328346455,1.371827732287,
    90.818098282868));
#6158 = CARTESIAN_POINT('',(39.725539971916,1.394576546273,
    90.454068320836));
#6159 = CARTESIAN_POINT('',(39.724780370285,1.416077022163,
    90.089985473578));
#6160 = CARTESIAN_POINT('',(39.724052927198,1.436312554291,
    89.725852464716));
#6161 = CARTESIAN_POINT('',(39.723360582573,1.455274373073,
    89.36167228112));
#6162 = CARTESIAN_POINT('',(39.722705898765,1.472958733473,
    88.997448102199));
#6163 = CARTESIAN_POINT('',(39.722091128721,1.489364103453,
    88.633183229197));
#6164 = CARTESIAN_POINT('',(39.720229316728,1.538519684491,
    87.449158352727));
#6165 = CARTESIAN_POINT('',(39.719152707591,1.566062965762,
    86.629287524423));
#6166 = CARTESIAN_POINT('',(39.718311479151,1.587100881684,
    85.809261131413));
#6167 = CARTESIAN_POINT('',(39.717723229539,1.601592006445,
    84.989099681555));
#6168 = CARTESIAN_POINT('',(39.717406416101,1.609356014971,
    84.168850125918));
#6169 = CARTESIAN_POINT('',(39.717388460313,1.609798056083,
    83.348585565215));
#6170 = CARTESIAN_POINT('',(39.717719670871,1.601755142798,
    82.528403750685));
#6171 = CARTESIAN_POINT('',(39.718609557458,1.579418784554,
    81.582346008562));
#6172 = CARTESIAN_POINT('',(39.718738553308,1.576174555454,
    81.45627335193));
#6173 = CARTESIAN_POINT('',(39.718878282385,1.572652481239,
    81.330206918139));
#6174 = CARTESIAN_POINT('',(39.719029096979,1.568841338489,
    81.204147488119));
#6175 = CARTESIAN_POINT('',(39.719191373084,1.564728862159,
    81.07809595466));
#6176 = CARTESIAN_POINT('',(39.719365511649,1.560301613548,
    80.952053325299));
#6177 = CARTESIAN_POINT('',(39.719551939817,1.555544848266,
    80.826020725193));
#6178 = CARTESIAN_POINT('',(39.719751112177,1.550442384208,80.6999994));
#6179 = PCURVE('',#4617,#6180);
#6180 = DEFINITIONAL_REPRESENTATION('',(#6181),#6226);
#6181 = B_SPLINE_CURVE_WITH_KNOTS('',8,(#6182,#6183,#6184,#6185,#6186,
    #6187,#6188,#6189,#6190,#6191,#6192,#6193,#6194,#6195,#6196,#6197,
    #6198,#6199,#6200,#6201,#6202,#6203,#6204,#6205,#6206,#6207,#6208,
    #6209,#6210,#6211,#6212,#6213,#6214,#6215,#6216,#6217,#6218,#6219,
    #6220,#6221,#6222,#6223,#6224,#6225),.UNSPECIFIED.,.F.,.F.,(9,7,7,7,
    7,7,9),(0.,8.429914454242E-02,0.154554880657,0.382580742372,
    0.554272563329,0.940599274483,1.),.UNSPECIFIED.);
#6182 = CARTESIAN_POINT('',(1.,0.962407805286));
#6183 = CARTESIAN_POINT('',(1.015468833766,0.95834518131));
#6184 = CARTESIAN_POINT('',(1.030305959865,0.954467912055));
#6185 = CARTESIAN_POINT('',(1.044610583739,0.950744419032));
#6186 = CARTESIAN_POINT('',(1.058450103613,0.947153035267));
#6187 = CARTESIAN_POINT('',(1.071873363864,0.943677876564));
#6188 = CARTESIAN_POINT('',(1.084919141156,0.940306196766));
#6189 = CARTESIAN_POINT('',(1.097619863317,0.937027227011));
#6190 = CARTESIAN_POINT('',(1.120318756154,0.931169981195));
#6191 = CARTESIAN_POINT('',(1.130414780411,0.928565938722));
#6192 = CARTESIAN_POINT('',(1.140303342248,0.92601539933));
#6193 = CARTESIAN_POINT('',(1.149996698804,0.92351415149));
#6194 = CARTESIAN_POINT('',(1.159505066027,0.921058615906));
#6195 = CARTESIAN_POINT('',(1.16883702885,0.918645717071));
#6196 = CARTESIAN_POINT('',(1.177999951378,0.916272754812));
#6197 = CARTESIAN_POINT('',(1.216212693637,0.906357117527));
#6198 = CARTESIAN_POINT('',(1.2437130636,0.899171896256));
#6199 = CARTESIAN_POINT('',(1.269720450783,0.892299323345));
#6200 = CARTESIAN_POINT('',(1.294347284059,0.885689656745));
#6201 = CARTESIAN_POINT('',(1.317660985614,0.879306308502));
#6202 = CARTESIAN_POINT('',(1.339701258448,0.873120232731));
#6203 = CARTESIAN_POINT('',(1.360480555641,0.867109515737));
#6204 = CARTESIAN_POINT('',(1.39468863169,0.856847882842));
#6205 = CARTESIAN_POINT('',(1.408665150766,0.852529059814));
#6206 = CARTESIAN_POINT('',(1.421922516773,0.848291363065));
#6207 = CARTESIAN_POINT('',(1.434453048418,0.844128227369));
#6208 = CARTESIAN_POINT('',(1.446243858508,0.840034077553));
#6209 = CARTESIAN_POINT('',(1.457277144928,0.836004126064));
#6210 = CARTESIAN_POINT('',(1.467530481628,0.832034170526));
#6211 = CARTESIAN_POINT('',(1.498233129242,0.819313929554));
#6212 = CARTESIAN_POINT('',(1.515403181129,0.810792424141));
#6213 = CARTESIAN_POINT('',(1.528182453442,0.802512484939));
#6214 = CARTESIAN_POINT('',(1.536138097356,0.794443303561));
#6215 = CARTESIAN_POINT('',(1.538717739656,0.78656059846));
#6216 = CARTESIAN_POINT('',(1.535171250521,0.778845045558));
#6217 = CARTESIAN_POINT('',(1.524553164102,0.771280708721));
#6218 = CARTESIAN_POINT('',(1.502407806231,0.76271246978));
#6219 = CARTESIAN_POINT('',(1.499253828391,0.761573875443));
#6220 = CARTESIAN_POINT('',(1.495891644519,0.760438503512));
#6221 = CARTESIAN_POINT('',(1.492315481713,0.75930631018));
#6222 = CARTESIAN_POINT('',(1.488519220214,0.758177253904));
#6223 = CARTESIAN_POINT('',(1.484496347479,0.757051295347));
#6224 = CARTESIAN_POINT('',(1.480239912259,0.755928397327));
#6225 = CARTESIAN_POINT('',(1.475742478673,0.754808524765));
#6226 = ( GEOMETRIC_REPRESENTATION_CONTEXT(2) 
PARAMETRIC_REPRESENTATION_CONTEXT() REPRESENTATION_CONTEXT('2D SPACE',''
  ) );
#6227 = PCURVE('',#6228,#6233);
#6228 = CYLINDRICAL_SURFACE('',#6229,39.75);
#6229 = AXIS2_PLACEMENT_3D('',#6230,#6231,#6232);
#6230 = CARTESIAN_POINT('',(0.,0.,80.7));
#6231 = DIRECTION('',(-0.,-0.,-1.));
#6232 = DIRECTION('',(1.,0.,0.));
#6233 = DEFINITIONAL_REPRESENTATION('',(#6234),#6279);
#6234 = B_SPLINE_CURVE_WITH_KNOTS('',8,(#6235,#6236,#6237,#6238,#6239,
    #6240,#6241,#6242,#6243,#6244,#6245,#6246,#6247,#6248,#6249,#6250,
    #6251,#6252,#6253,#6254,#6255,#6256,#6257,#6258,#6259,#6260,#6261,
    #6262,#6263,#6264,#6265,#6266,#6267,#6268,#6269,#6270,#6271,#6272,
    #6273,#6274,#6275,#6276,#6277,#6278),.UNSPECIFIED.,.F.,.F.,(9,7,7,7,
    7,7,9),(0.,8.429914454242E-02,0.154554880657,0.382580742372,
    0.554272563329,0.940599274483,1.),.UNSPECIFIED.);
#6235 = CARTESIAN_POINT('',(-2.040533068654E-02,-16.96293436964));
#6236 = CARTESIAN_POINT('',(-2.074067601137E-02,-16.78455939974));
#6237 = CARTESIAN_POINT('',(-2.109703750695E-02,-16.60618713039));
#6238 = CARTESIAN_POINT('',(-2.146877815172E-02,-16.42781565147));
#6239 = CARTESIAN_POINT('',(-2.185201675294E-02,-16.24944375032));
#6240 = CARTESIAN_POINT('',(-2.224390167639E-02,-16.0710702838));
#6241 = CARTESIAN_POINT('',(-2.264214557709E-02,-15.89269376723));
#6242 = CARTESIAN_POINT('',(-2.304482113097E-02,-15.7143121803));
#6243 = CARTESIAN_POINT('',(-2.378844599357E-02,-15.38725168439));
#6244 = CARTESIAN_POINT('',(-2.412849277601E-02,-15.23857581045));
#6245 = CARTESIAN_POINT('',(-2.446966815545E-02,-15.0898944949));
#6246 = CARTESIAN_POINT('',(-2.481121965528E-02,-14.94120699945));
#6247 = CARTESIAN_POINT('',(-2.515250970786E-02,-14.79251269445));
#6248 = CARTESIAN_POINT('',(-2.549299308053E-02,-14.64381103249));
#6249 = CARTESIAN_POINT('',(-2.583219430164E-02,-14.49510152212));
#6250 = CARTESIAN_POINT('',(-2.726506364669E-02,-13.86369700433));
#6251 = CARTESIAN_POINT('',(-2.8342434589E-02,-13.38092337653));
#6252 = CARTESIAN_POINT('',(-2.938742830357E-02,-12.89804827444));
#6253 = CARTESIAN_POINT('',(-3.039179138562E-02,-12.41506561963));
#6254 = CARTESIAN_POINT('',(-3.134995738719E-02,-11.93197378299));
#6255 = CARTESIAN_POINT('',(-3.225801102702E-02,-11.44877435079));
#6256 = CARTESIAN_POINT('',(-3.311354073191E-02,-10.96547189497));
#6257 = CARTESIAN_POINT('',(-3.451823767134E-02,-10.11809828286));
#6258 = CARTESIAN_POINT('',(-3.509087829247E-02,-9.754068320836));
#6259 = CARTESIAN_POINT('',(-3.563210803123E-02,-9.389985473578));
#6260 = CARTESIAN_POINT('',(-3.614150667773E-02,-9.025852464716));
#6261 = CARTESIAN_POINT('',(-3.661885130702E-02,-8.66167228112));
#6262 = CARTESIAN_POINT('',(-3.706404555871E-02,-8.297448102199));
#6263 = CARTESIAN_POINT('',(-3.74770489166E-02,-7.933183229197));
#6264 = CARTESIAN_POINT('',(-3.871455400606E-02,-6.749158352727));
#6265 = CARTESIAN_POINT('',(-3.940799536874E-02,-5.929287524423));
#6266 = CARTESIAN_POINT('',(-3.993767385581E-02,-5.109261131414));
#6267 = CARTESIAN_POINT('',(-4.030253065862E-02,-4.289099681552));
#6268 = CARTESIAN_POINT('',(-4.049801428839E-02,-3.46885012592));
#6269 = CARTESIAN_POINT('',(-4.050914384519E-02,-2.648585565214));
#6270 = CARTESIAN_POINT('',(-4.030663508823E-02,-1.828403750685));
#6271 = CARTESIAN_POINT('',(-3.974426834916E-02,-0.882346008562));
#6272 = CARTESIAN_POINT('',(-3.966258803172E-02,-0.75627335193));
#6273 = CARTESIAN_POINT('',(-3.957391269094E-02,-0.630206918139));
#6274 = CARTESIAN_POINT('',(-3.947795984662E-02,-0.504147488119));
#6275 = CARTESIAN_POINT('',(-3.937442081042E-02,-0.37809595466));
#6276 = CARTESIAN_POINT('',(-3.926295736528E-02,-0.252053325299));
#6277 = CARTESIAN_POINT('',(-3.91431984448E-02,-0.126020725193));
#6278 = CARTESIAN_POINT('',(-3.901473681261E-02,5.999999999062E-07));
#6279 = ( GEOMETRIC_REPRESENTATION_CONTEXT(2) 
PARAMETRIC_REPRESENTATION_CONTEXT() REPRESENTATION_CONTEXT('2D SPACE',''
  ) );
#6280 = ORIENTED_EDGE('',*,*,#6281,.T.);
#6281 = EDGE_CURVE('',#6131,#5874,#6282,.T.);
#6282 = SURFACE_CURVE('',#6283,(#6302,#6324),.PCURVE_S1.);
#6283 = B_SPLINE_CURVE_WITH_KNOTS('',5,(#6284,#6285,#6286,#6287,#6288,
    #6289,#6290,#6291,#6292,#6293,#6294,#6295,#6296,#6297,#6298,#6299,
    #6300,#6301),.UNSPECIFIED.,.F.,.F.,(6,4,4,4,6),(0.,0.262376538977,
    0.519606231967,0.766974349945,1.),.UNSPECIFIED.);
#6284 = CARTESIAN_POINT('',(37.286890513832,1.825232402775,80.7));
#6285 = CARTESIAN_POINT('',(37.523779996634,1.828457994457,80.7));
#6286 = CARTESIAN_POINT('',(37.76076367599,1.824511707387,80.7));
#6287 = CARTESIAN_POINT('',(37.997537042223,1.813389846244,80.7));
#6288 = CARTESIAN_POINT('',(38.233793127332,1.795093975378,80.7));
#6289 = CARTESIAN_POINT('',(38.700030496659,1.744669177465,80.7));
#6290 = CARTESIAN_POINT('',(38.930043257077,1.712818714603,80.7));
#6291 = CARTESIAN_POINT('',(39.158966155343,1.674087776363,80.7));
#6292 = CARTESIAN_POINT('',(39.386497849289,1.628489774356,80.7));
#6293 = CARTESIAN_POINT('',(39.829498158493,1.525614128714,80.7));
#6294 = CARTESIAN_POINT('',(40.045094101314,1.468851430723,80.7));
#6295 = CARTESIAN_POINT('',(40.258837752657,1.405778249048,80.7));
#6296 = CARTESIAN_POINT('',(40.470438837284,1.336422387795,80.7));
#6297 = CARTESIAN_POINT('',(40.876617840378,1.18961192334,80.7));
#6298 = CARTESIAN_POINT('',(41.071470679772,1.112860283712,80.7));
#6299 = CARTESIAN_POINT('',(41.263894764716,1.03060593677,80.7));
#6300 = CARTESIAN_POINT('',(41.453617721086,0.942896190676,80.7));
#6301 = CARTESIAN_POINT('',(41.640348523929,0.849803031101,80.7));
#6302 = PCURVE('',#4617,#6303);
#6303 = DEFINITIONAL_REPRESENTATION('',(#6304),#6323);
#6304 = B_SPLINE_CURVE_WITH_KNOTS('',5,(#6305,#6306,#6307,#6308,#6309,
    #6310,#6311,#6312,#6313,#6314,#6315,#6316,#6317,#6318,#6319,#6320,
    #6321,#6322),.UNSPECIFIED.,.F.,.F.,(6,4,4,4,6),(0.,0.262376538977,
    0.519606231967,0.766974349945,1.),.UNSPECIFIED.);
#6305 = CARTESIAN_POINT('',(2.,0.754808530097));
#6306 = CARTESIAN_POINT('',(1.950183491922,0.754808530097));
#6307 = CARTESIAN_POINT('',(1.900352269254,0.754808530097));
#6308 = CARTESIAN_POINT('',(1.850429953044,0.754808530097));
#6309 = CARTESIAN_POINT('',(1.800340373939,0.754808530097));
#6310 = CARTESIAN_POINT('',(1.700647115844,0.754808530097));
#6311 = CARTESIAN_POINT('',(1.651053342973,0.754808530097));
#6312 = CARTESIAN_POINT('',(1.601139787492,0.754808530097));
#6313 = CARTESIAN_POINT('',(1.550822044806,0.754808530097));
#6314 = CARTESIAN_POINT('',(1.451126351591,0.754808530097));
#6315 = CARTESIAN_POINT('',(1.401786513708,0.754808530097));
#6316 = CARTESIAN_POINT('',(1.351891022846,0.754808530097));
#6317 = CARTESIAN_POINT('',(1.301338610463,0.754808530097));
#6318 = CARTESIAN_POINT('',(1.201638015546,0.754808530097));
#6319 = CARTESIAN_POINT('',(1.152578588704,0.754808530097));
#6320 = CARTESIAN_POINT('',(1.102712784348,0.754808530097));
#6321 = CARTESIAN_POINT('',(1.051911988306,0.754808530097));
#6322 = CARTESIAN_POINT('',(1.,0.754808530097));
#6323 = ( GEOMETRIC_REPRESENTATION_CONTEXT(2) 
PARAMETRIC_REPRESENTATION_CONTEXT() REPRESENTATION_CONTEXT('2D SPACE',''
  ) );
#6324 = PCURVE('',#5258,#6325);
#6325 = DEFINITIONAL_REPRESENTATION('',(#6326),#6345);
#6326 = B_SPLINE_CURVE_WITH_KNOTS('',5,(#6327,#6328,#6329,#6330,#6331,
    #6332,#6333,#6334,#6335,#6336,#6337,#6338,#6339,#6340,#6341,#6342,
    #6343,#6344),.UNSPECIFIED.,.F.,.F.,(6,4,4,4,6),(0.,0.262376538977,
    0.519606231967,0.766974349945,1.),.UNSPECIFIED.);
#6327 = CARTESIAN_POINT('',(37.286890513832,1.825232402775));
#6328 = CARTESIAN_POINT('',(37.523779996634,1.828457994457));
#6329 = CARTESIAN_POINT('',(37.76076367599,1.824511707387));
#6330 = CARTESIAN_POINT('',(37.997537042223,1.813389846244));
#6331 = CARTESIAN_POINT('',(38.233793127332,1.795093975378));
#6332 = CARTESIAN_POINT('',(38.700030496659,1.744669177465));
#6333 = CARTESIAN_POINT('',(38.930043257077,1.712818714603));
#6334 = CARTESIAN_POINT('',(39.158966155343,1.674087776363));
#6335 = CARTESIAN_POINT('',(39.386497849289,1.628489774356));
#6336 = CARTESIAN_POINT('',(39.829498158493,1.525614128714));
#6337 = CARTESIAN_POINT('',(40.045094101314,1.468851430723));
#6338 = CARTESIAN_POINT('',(40.258837752657,1.405778249048));
#6339 = CARTESIAN_POINT('',(40.470438837284,1.336422387795));
#6340 = CARTESIAN_POINT('',(40.876617840378,1.18961192334));
#6341 = CARTESIAN_POINT('',(41.071470679772,1.112860283712));
#6342 = CARTESIAN_POINT('',(41.263894764716,1.03060593677));
#6343 = CARTESIAN_POINT('',(41.453617721086,0.942896190676));
#6344 = CARTESIAN_POINT('',(41.640348523929,0.849803031101));
#6345 = ( GEOMETRIC_REPRESENTATION_CONTEXT(2) 
PARAMETRIC_REPRESENTATION_CONTEXT() REPRESENTATION_CONTEXT('2D SPACE',''
  ) );
#6346 = ADVANCED_FACE('',(#6347),#4533,.F.);
#6347 = FACE_BOUND('',#6348,.F.);
#6348 = EDGE_LOOP('',(#6349,#6350,#6374,#6411));
#6349 = ORIENTED_EDGE('',*,*,#4501,.T.);
#6350 = ORIENTED_EDGE('',*,*,#6351,.T.);
#6351 = EDGE_CURVE('',#4418,#6352,#6354,.T.);
#6352 = VERTEX_POINT('',#6353);
#6353 = CARTESIAN_POINT('',(1.4375,0.75,99.));
#6354 = SURFACE_CURVE('',#6355,(#6360,#6367),.PCURVE_S1.);
#6355 = ( BOUNDED_CURVE() B_SPLINE_CURVE(3,(#6356,#6357,#6358,#6359),
.UNSPECIFIED.,.F.,.F.) B_SPLINE_CURVE_WITH_KNOTS((4,4),(0.,1.),
.PIECEWISE_BEZIER_KNOTS.) CURVE() GEOMETRIC_REPRESENTATION_ITEM() 
RATIONAL_B_SPLINE_CURVE((1.,1.,1.,1.)) REPRESENTATION_ITEM('') );
#6356 = CARTESIAN_POINT('',(33.512907185054,17.484995053072,0.));
#6357 = CARTESIAN_POINT('',(2.020494012455,1.054170789107,3.));
#6358 = CARTESIAN_POINT('',(2.785552395018,1.453331684357,90.));
#6359 = CARTESIAN_POINT('',(1.4375,0.75,99.));
#6360 = PCURVE('',#4533,#6361);
#6361 = DEFINITIONAL_REPRESENTATION('',(#6362),#6366);
#6362 = LINE('',#6363,#6364);
#6363 = CARTESIAN_POINT('',(3.,0.));
#6364 = VECTOR('',#6365,1.);
#6365 = DIRECTION('',(0.,1.));
#6366 = ( GEOMETRIC_REPRESENTATION_CONTEXT(2) 
PARAMETRIC_REPRESENTATION_CONTEXT() REPRESENTATION_CONTEXT('2D SPACE',''
  ) );
#6367 = PCURVE('',#4449,#6368);
#6368 = DEFINITIONAL_REPRESENTATION('',(#6369),#6373);
#6369 = LINE('',#6370,#6371);
#6370 = CARTESIAN_POINT('',(3.,0.));
#6371 = VECTOR('',#6372,1.);
#6372 = DIRECTION('',(0.,1.));
#6373 = ( GEOMETRIC_REPRESENTATION_CONTEXT(2) 
PARAMETRIC_REPRESENTATION_CONTEXT() REPRESENTATION_CONTEXT('2D SPACE',''
  ) );
#6374 = ORIENTED_EDGE('',*,*,#6375,.F.);
#6375 = EDGE_CURVE('',#5994,#6352,#6376,.T.);
#6376 = SURFACE_CURVE('',#6377,(#6389,#6396),.PCURVE_S1.);
#6377 = B_SPLINE_CURVE_WITH_KNOTS('',10,(#6378,#6379,#6380,#6381,#6382,
    #6383,#6384,#6385,#6386,#6387,#6388),.UNSPECIFIED.,.F.,.F.,(11,11),(
    2.,3.),.PIECEWISE_BEZIER_KNOTS.);
#6378 = CARTESIAN_POINT('',(15.321428571426,0.75,99.));
#6379 = CARTESIAN_POINT('',(13.933035714284,0.75,99.));
#6380 = CARTESIAN_POINT('',(12.544642857141,0.75,99.));
#6381 = CARTESIAN_POINT('',(11.156249999999,0.75,99.));
#6382 = CARTESIAN_POINT('',(9.767857142856,0.75,99.));
#6383 = CARTESIAN_POINT('',(8.379464285713,0.75,99.));
#6384 = CARTESIAN_POINT('',(6.991071428571,0.75,99.));
#6385 = CARTESIAN_POINT('',(5.602678571428,0.75,99.));
#6386 = CARTESIAN_POINT('',(4.214285714285,0.75,99.));
#6387 = CARTESIAN_POINT('',(2.825892857143,0.75,99.));
#6388 = CARTESIAN_POINT('',(1.4375,0.75,99.));
#6389 = PCURVE('',#4533,#6390);
#6390 = DEFINITIONAL_REPRESENTATION('',(#6391),#6395);
#6391 = LINE('',#6392,#6393);
#6392 = CARTESIAN_POINT('',(0.,1.));
#6393 = VECTOR('',#6394,1.);
#6394 = DIRECTION('',(1.,0.));
#6395 = ( GEOMETRIC_REPRESENTATION_CONTEXT(2) 
PARAMETRIC_REPRESENTATION_CONTEXT() REPRESENTATION_CONTEXT('2D SPACE',''
  ) );
#6396 = PCURVE('',#6041,#6397);
#6397 = DEFINITIONAL_REPRESENTATION('',(#6398),#6410);
#6398 = B_SPLINE_CURVE_WITH_KNOTS('',10,(#6399,#6400,#6401,#6402,#6403,
    #6404,#6405,#6406,#6407,#6408,#6409),.UNSPECIFIED.,.F.,.F.,(11,11),(
    2.,3.),.PIECEWISE_BEZIER_KNOTS.);
#6399 = CARTESIAN_POINT('',(52.071428571426,0.));
#6400 = CARTESIAN_POINT('',(50.683035714284,0.));
#6401 = CARTESIAN_POINT('',(49.294642857141,0.));
#6402 = CARTESIAN_POINT('',(47.906249999999,0.));
#6403 = CARTESIAN_POINT('',(46.517857142856,0.));
#6404 = CARTESIAN_POINT('',(45.129464285713,0.));
#6405 = CARTESIAN_POINT('',(43.741071428571,0.));
#6406 = CARTESIAN_POINT('',(42.352678571428,0.));
#6407 = CARTESIAN_POINT('',(40.964285714285,0.));
#6408 = CARTESIAN_POINT('',(39.575892857143,0.));
#6409 = CARTESIAN_POINT('',(38.1875,0.));
#6410 = ( GEOMETRIC_REPRESENTATION_CONTEXT(2) 
PARAMETRIC_REPRESENTATION_CONTEXT() REPRESENTATION_CONTEXT('2D SPACE',''
  ) );
#6411 = ORIENTED_EDGE('',*,*,#5993,.F.);
#6412 = ADVANCED_FACE('',(#6413),#4449,.F.);
#6413 = FACE_BOUND('',#6414,.F.);
#6414 = EDGE_LOOP('',(#6415,#6416,#6440,#6477));
#6415 = ORIENTED_EDGE('',*,*,#4417,.T.);
#6416 = ORIENTED_EDGE('',*,*,#6417,.T.);
#6417 = EDGE_CURVE('',#4334,#6418,#6420,.T.);
#6418 = VERTEX_POINT('',#6419);
#6419 = CARTESIAN_POINT('',(-1.4375,0.75,99.));
#6420 = SURFACE_CURVE('',#6421,(#6426,#6433),.PCURVE_S1.);
#6421 = ( BOUNDED_CURVE() B_SPLINE_CURVE(3,(#6422,#6423,#6424,#6425),
.UNSPECIFIED.,.F.,.F.) B_SPLINE_CURVE_WITH_KNOTS((4,4),(0.,1.),
.PIECEWISE_BEZIER_KNOTS.) CURVE() GEOMETRIC_REPRESENTATION_ITEM() 
RATIONAL_B_SPLINE_CURVE((1.,1.,1.,1.)) REPRESENTATION_ITEM('') );
#6422 = CARTESIAN_POINT('',(-33.51290718505,17.484995053072,0.));
#6423 = CARTESIAN_POINT('',(-2.020494012455,1.054170789107,3.));
#6424 = CARTESIAN_POINT('',(-2.785552395018,1.453331684357,90.));
#6425 = CARTESIAN_POINT('',(-1.4375,0.75,99.));
#6426 = PCURVE('',#4449,#6427);
#6427 = DEFINITIONAL_REPRESENTATION('',(#6428),#6432);
#6428 = LINE('',#6429,#6430);
#6429 = CARTESIAN_POINT('',(4.,0.));
#6430 = VECTOR('',#6431,1.);
#6431 = DIRECTION('',(0.,1.));
#6432 = ( GEOMETRIC_REPRESENTATION_CONTEXT(2) 
PARAMETRIC_REPRESENTATION_CONTEXT() REPRESENTATION_CONTEXT('2D SPACE',''
  ) );
#6433 = PCURVE('',#4365,#6434);
#6434 = DEFINITIONAL_REPRESENTATION('',(#6435),#6439);
#6435 = LINE('',#6436,#6437);
#6436 = CARTESIAN_POINT('',(4.,0.));
#6437 = VECTOR('',#6438,1.);
#6438 = DIRECTION('',(0.,1.));
#6439 = ( GEOMETRIC_REPRESENTATION_CONTEXT(2) 
PARAMETRIC_REPRESENTATION_CONTEXT() REPRESENTATION_CONTEXT('2D SPACE',''
  ) );
#6440 = ORIENTED_EDGE('',*,*,#6441,.F.);
#6441 = EDGE_CURVE('',#6352,#6418,#6442,.T.);
#6442 = SURFACE_CURVE('',#6443,(#6455,#6462),.PCURVE_S1.);
#6443 = B_SPLINE_CURVE_WITH_KNOTS('',10,(#6444,#6445,#6446,#6447,#6448,
    #6449,#6450,#6451,#6452,#6453,#6454),.UNSPECIFIED.,.F.,.F.,(11,11),(
    3.,4.),.PIECEWISE_BEZIER_KNOTS.);
#6444 = CARTESIAN_POINT('',(1.4375,0.75,99.));
#6445 = CARTESIAN_POINT('',(1.15,0.75,99.));
#6446 = CARTESIAN_POINT('',(0.8625,0.75,99.));
#6447 = CARTESIAN_POINT('',(0.575,0.75,99.));
#6448 = CARTESIAN_POINT('',(0.2875,0.75,99.));
#6449 = CARTESIAN_POINT('',(2.13162820728E-14,0.75,99.));
#6450 = CARTESIAN_POINT('',(-0.2875,0.75,99.));
#6451 = CARTESIAN_POINT('',(-0.575,0.75,99.));
#6452 = CARTESIAN_POINT('',(-0.8625,0.75,99.));
#6453 = CARTESIAN_POINT('',(-1.15,0.75,99.));
#6454 = CARTESIAN_POINT('',(-1.4375,0.75,99.));
#6455 = PCURVE('',#4449,#6456);
#6456 = DEFINITIONAL_REPRESENTATION('',(#6457),#6461);
#6457 = LINE('',#6458,#6459);
#6458 = CARTESIAN_POINT('',(0.,1.));
#6459 = VECTOR('',#6460,1.);
#6460 = DIRECTION('',(1.,0.));
#6461 = ( GEOMETRIC_REPRESENTATION_CONTEXT(2) 
PARAMETRIC_REPRESENTATION_CONTEXT() REPRESENTATION_CONTEXT('2D SPACE',''
  ) );
#6462 = PCURVE('',#6041,#6463);
#6463 = DEFINITIONAL_REPRESENTATION('',(#6464),#6476);
#6464 = B_SPLINE_CURVE_WITH_KNOTS('',10,(#6465,#6466,#6467,#6468,#6469,
    #6470,#6471,#6472,#6473,#6474,#6475),.UNSPECIFIED.,.F.,.F.,(11,11),(
    3.,4.),.PIECEWISE_BEZIER_KNOTS.);
#6465 = CARTESIAN_POINT('',(38.1875,0.));
#6466 = CARTESIAN_POINT('',(37.9,0.));
#6467 = CARTESIAN_POINT('',(37.6125,0.));
#6468 = CARTESIAN_POINT('',(37.325,0.));
#6469 = CARTESIAN_POINT('',(37.0375,0.));
#6470 = CARTESIAN_POINT('',(36.75,0.));
#6471 = CARTESIAN_POINT('',(36.4625,0.));
#6472 = CARTESIAN_POINT('',(36.175,0.));
#6473 = CARTESIAN_POINT('',(35.8875,0.));
#6474 = CARTESIAN_POINT('',(35.6,0.));
#6475 = CARTESIAN_POINT('',(35.3125,0.));
#6476 = ( GEOMETRIC_REPRESENTATION_CONTEXT(2) 
PARAMETRIC_REPRESENTATION_CONTEXT() REPRESENTATION_CONTEXT('2D SPACE',''
  ) );
#6477 = ORIENTED_EDGE('',*,*,#6351,.F.);
#6478 = ADVANCED_FACE('',(#6479),#4365,.F.);
#6479 = FACE_BOUND('',#6480,.F.);
#6480 = EDGE_LOOP('',(#6481,#6482,#6506,#6543));
#6481 = ORIENTED_EDGE('',*,*,#4333,.T.);
#6482 = ORIENTED_EDGE('',*,*,#6483,.T.);
#6483 = EDGE_CURVE('',#4250,#6484,#6486,.T.);
#6484 = VERTEX_POINT('',#6485);
#6485 = CARTESIAN_POINT('',(-15.32142857142,0.75,99.));
#6486 = SURFACE_CURVE('',#6487,(#6492,#6499),.PCURVE_S1.);
#6487 = ( BOUNDED_CURVE() B_SPLINE_CURVE(3,(#6488,#6489,#6490,#6491),
.UNSPECIFIED.,.F.,.F.) B_SPLINE_CURVE_WITH_KNOTS((4,4),(0.,1.),
.PIECEWISE_BEZIER_KNOTS.) CURVE() GEOMETRIC_REPRESENTATION_ITEM() 
RATIONAL_B_SPLINE_CURVE((1.,1.,1.,1.)) REPRESENTATION_ITEM('') );
#6488 = CARTESIAN_POINT('',(-37.75479294966,1.848136717816,0.));
#6489 = CARTESIAN_POINT('',(27.663297928826,-1.354147451061,3.));
#6490 = CARTESIAN_POINT('',(-80.90863050432,3.960562332379,90.));
#6491 = CARTESIAN_POINT('',(-15.32142857142,0.75,99.));
#6492 = PCURVE('',#4365,#6493);
#6493 = DEFINITIONAL_REPRESENTATION('',(#6494),#6498);
#6494 = LINE('',#6495,#6496);
#6495 = CARTESIAN_POINT('',(5.,0.));
#6496 = VECTOR('',#6497,1.);
#6497 = DIRECTION('',(0.,1.));
#6498 = ( GEOMETRIC_REPRESENTATION_CONTEXT(2) 
PARAMETRIC_REPRESENTATION_CONTEXT() REPRESENTATION_CONTEXT('2D SPACE',''
  ) );
#6499 = PCURVE('',#4281,#6500);
#6500 = DEFINITIONAL_REPRESENTATION('',(#6501),#6505);
#6501 = LINE('',#6502,#6503);
#6502 = CARTESIAN_POINT('',(5.,0.));
#6503 = VECTOR('',#6504,1.);
#6504 = DIRECTION('',(0.,1.));
#6505 = ( GEOMETRIC_REPRESENTATION_CONTEXT(2) 
PARAMETRIC_REPRESENTATION_CONTEXT() REPRESENTATION_CONTEXT('2D SPACE',''
  ) );
#6506 = ORIENTED_EDGE('',*,*,#6507,.F.);
#6507 = EDGE_CURVE('',#6418,#6484,#6508,.T.);
#6508 = SURFACE_CURVE('',#6509,(#6521,#6528),.PCURVE_S1.);
#6509 = B_SPLINE_CURVE_WITH_KNOTS('',10,(#6510,#6511,#6512,#6513,#6514,
    #6515,#6516,#6517,#6518,#6519,#6520),.UNSPECIFIED.,.F.,.F.,(11,11),(
    4.,5.),.PIECEWISE_BEZIER_KNOTS.);
#6510 = CARTESIAN_POINT('',(-1.4375,0.75,99.));
#6511 = CARTESIAN_POINT('',(-2.825892857143,0.75,99.));
#6512 = CARTESIAN_POINT('',(-4.214285714286,0.75,99.));
#6513 = CARTESIAN_POINT('',(-5.602678571428,0.75,99.));
#6514 = CARTESIAN_POINT('',(-6.991071428571,0.75,99.));
#6515 = CARTESIAN_POINT('',(-8.379464285714,0.75,99.));
#6516 = CARTESIAN_POINT('',(-9.767857142857,0.75,99.));
#6517 = CARTESIAN_POINT('',(-11.15625,0.75,99.));
#6518 = CARTESIAN_POINT('',(-12.54464285714,0.75,99.));
#6519 = CARTESIAN_POINT('',(-13.93303571428,0.75,99.));
#6520 = CARTESIAN_POINT('',(-15.32142857142,0.75,99.));
#6521 = PCURVE('',#4365,#6522);
#6522 = DEFINITIONAL_REPRESENTATION('',(#6523),#6527);
#6523 = LINE('',#6524,#6525);
#6524 = CARTESIAN_POINT('',(0.,1.));
#6525 = VECTOR('',#6526,1.);
#6526 = DIRECTION('',(1.,0.));
#6527 = ( GEOMETRIC_REPRESENTATION_CONTEXT(2) 
PARAMETRIC_REPRESENTATION_CONTEXT() REPRESENTATION_CONTEXT('2D SPACE',''
  ) );
#6528 = PCURVE('',#6041,#6529);
#6529 = DEFINITIONAL_REPRESENTATION('',(#6530),#6542);
#6530 = B_SPLINE_CURVE_WITH_KNOTS('',10,(#6531,#6532,#6533,#6534,#6535,
    #6536,#6537,#6538,#6539,#6540,#6541),.UNSPECIFIED.,.F.,.F.,(11,11),(
    4.,5.),.PIECEWISE_BEZIER_KNOTS.);
#6531 = CARTESIAN_POINT('',(35.3125,0.));
#6532 = CARTESIAN_POINT('',(33.924107142857,0.));
#6533 = CARTESIAN_POINT('',(32.535714285714,0.));
#6534 = CARTESIAN_POINT('',(31.147321428572,0.));
#6535 = CARTESIAN_POINT('',(29.758928571429,0.));
#6536 = CARTESIAN_POINT('',(28.370535714286,0.));
#6537 = CARTESIAN_POINT('',(26.982142857143,0.));
#6538 = CARTESIAN_POINT('',(25.59375,0.));
#6539 = CARTESIAN_POINT('',(24.205357142858,0.));
#6540 = CARTESIAN_POINT('',(22.816964285715,0.));
#6541 = CARTESIAN_POINT('',(21.428571428572,0.));
#6542 = ( GEOMETRIC_REPRESENTATION_CONTEXT(2) 
PARAMETRIC_REPRESENTATION_CONTEXT() REPRESENTATION_CONTEXT('2D SPACE',''
  ) );
#6543 = ORIENTED_EDGE('',*,*,#6417,.F.);
#6544 = ADVANCED_FACE('',(#6545),#4281,.F.);
#6545 = FACE_BOUND('',#6546,.F.);
#6546 = EDGE_LOOP('',(#6547,#6548,#6549,#6573,#6641,#6787,#6856));
#6547 = ORIENTED_EDGE('',*,*,#6483,.F.);
#6548 = ORIENTED_EDGE('',*,*,#4249,.T.);
#6549 = ORIENTED_EDGE('',*,*,#6550,.T.);
#6550 = EDGE_CURVE('',#4166,#6551,#6553,.T.);
#6551 = VERTEX_POINT('',#6552);
#6552 = CARTESIAN_POINT('',(-41.64034852392,0.849803031101,80.7));
#6553 = SURFACE_CURVE('',#6554,(#6559,#6566),.PCURVE_S1.);
#6554 = ( BOUNDED_CURVE() B_SPLINE_CURVE(3,(#6555,#6556,#6557,#6558),
.UNSPECIFIED.,.F.,.F.) B_SPLINE_CURVE_WITH_KNOTS((4,4),(0.,1.),
.PIECEWISE_BEZIER_KNOTS.) CURVE() GEOMETRIC_REPRESENTATION_ITEM() 
RATIONAL_B_SPLINE_CURVE((1.,1.,1.,1.)) REPRESENTATION_ITEM('') );
#6555 = CARTESIAN_POINT('',(-37.79213073791,0.771267974243,0.));
#6556 = CARTESIAN_POINT('',(22.763590509555,-0.464563071624,3.));
#6557 = CARTESIAN_POINT('',(-67.71485746365,1.381935866605,90.));
#6558 = CARTESIAN_POINT('',(-36.75,0.75,99.));
#6559 = PCURVE('',#4281,#6560);
#6560 = DEFINITIONAL_REPRESENTATION('',(#6561),#6565);
#6561 = LINE('',#6562,#6563);
#6562 = CARTESIAN_POINT('',(6.,0.));
#6563 = VECTOR('',#6564,1.);
#6564 = DIRECTION('',(0.,1.));
#6565 = ( GEOMETRIC_REPRESENTATION_CONTEXT(2) 
PARAMETRIC_REPRESENTATION_CONTEXT() REPRESENTATION_CONTEXT('2D SPACE',''
  ) );
#6566 = PCURVE('',#4197,#6567);
#6567 = DEFINITIONAL_REPRESENTATION('',(#6568),#6572);
#6568 = LINE('',#6569,#6570);
#6569 = CARTESIAN_POINT('',(6.,0.));
#6570 = VECTOR('',#6571,1.);
#6571 = DIRECTION('',(0.,1.));
#6572 = ( GEOMETRIC_REPRESENTATION_CONTEXT(2) 
PARAMETRIC_REPRESENTATION_CONTEXT() REPRESENTATION_CONTEXT('2D SPACE',''
  ) );
#6573 = ORIENTED_EDGE('',*,*,#6574,.T.);
#6574 = EDGE_CURVE('',#6551,#6575,#6577,.T.);
#6575 = VERTEX_POINT('',#6576);
#6576 = CARTESIAN_POINT('',(-39.71975111122,1.550442408501,80.7));
#6577 = SURFACE_CURVE('',#6578,(#6597,#6619),.PCURVE_S1.);
#6578 = B_SPLINE_CURVE_WITH_KNOTS('',5,(#6579,#6580,#6581,#6582,#6583,
    #6584,#6585,#6586,#6587,#6588,#6589,#6590,#6591,#6592,#6593,#6594,
    #6595,#6596),.UNSPECIFIED.,.F.,.F.,(6,4,4,4,6),(0.,0.233989439656,
    0.481406124888,0.738665913972,1.),.UNSPECIFIED.);
#6579 = CARTESIAN_POINT('',(-41.64034852392,0.849803031101,80.7));
#6580 = CARTESIAN_POINT('',(-41.45284540548,0.943281222487,80.7));
#6581 = CARTESIAN_POINT('',(-41.26232533712,1.031331373398,80.7));
#6582 = CARTESIAN_POINT('',(-41.06908295913,1.113880610272,80.7));
#6583 = CARTESIAN_POINT('',(-40.8733939624,1.190881130352,80.7));
#6584 = CARTESIAN_POINT('',(-40.46628478712,1.337811688552,80.7));
#6585 = CARTESIAN_POINT('',(-40.25460712337,1.407082164264,80.7));
#6586 = CARTESIAN_POINT('',(-40.04078955739,1.470067111572,80.7));
#6587 = CARTESIAN_POINT('',(-39.82512242108,1.526738792056,80.7));
#6588 = CARTESIAN_POINT('',(-39.38200050741,1.629419055452,80.7));
#6589 = CARTESIAN_POINT('',(-39.15441889933,1.674913557498,80.7));
#6590 = CARTESIAN_POINT('',(-38.92544938875,1.713539197081,80.7));
#6591 = CARTESIAN_POINT('',(-38.69539335053,1.745282613707,80.7));
#6592 = CARTESIAN_POINT('',(-38.23003838748,1.795384062353,80.7));
#6593 = CARTESIAN_POINT('',(-37.99471485133,1.813522071578,80.7));
#6594 = CARTESIAN_POINT('',(-37.75888055346,1.824542952247,80.7));
#6595 = CARTESIAN_POINT('',(-37.52283880684,1.828445178802,80.7));
#6596 = CARTESIAN_POINT('',(-37.28689051383,1.825232402775,80.7));
#6597 = PCURVE('',#4281,#6598);
#6598 = DEFINITIONAL_REPRESENTATION('',(#6599),#6618);
#6599 = B_SPLINE_CURVE_WITH_KNOTS('',5,(#6600,#6601,#6602,#6603,#6604,
    #6605,#6606,#6607,#6608,#6609,#6610,#6611,#6612,#6613,#6614,#6615,
    #6616,#6617),.UNSPECIFIED.,.F.,.F.,(6,4,4,4,6),(0.,0.233989439656,
    0.481406124888,0.738665913972,1.),.UNSPECIFIED.);
#6600 = CARTESIAN_POINT('',(6.,0.754808530097));
#6601 = CARTESIAN_POINT('',(5.947873304545,0.754808530097));
#6602 = CARTESIAN_POINT('',(5.896867012122,0.754808530097));
#6603 = CARTESIAN_POINT('',(5.846802731313,0.754808530097));
#6604 = CARTESIAN_POINT('',(5.797550430623,0.754808530097));
#6605 = CARTESIAN_POINT('',(5.697663552384,0.754808530097));
#6606 = CARTESIAN_POINT('',(5.647112100965,0.754808530097));
#6607 = CARTESIAN_POINT('',(5.597216516732,0.754808530097));
#6608 = CARTESIAN_POINT('',(5.547875617875,0.754808530097));
#6609 = CARTESIAN_POINT('',(5.448179938556,0.754808530097));
#6610 = CARTESIAN_POINT('',(5.397863116876,0.754808530097));
#6611 = CARTESIAN_POINT('',(5.347949508905,0.754808530097));
#6612 = CARTESIAN_POINT('',(5.298354759292,0.754808530097));
#6613 = CARTESIAN_POINT('',(5.198863595252,0.754808530097));
#6614 = CARTESIAN_POINT('',(5.148975010268,0.754808530097));
#6615 = CARTESIAN_POINT('',(5.099251761332,0.754808530097));
#6616 = CARTESIAN_POINT('',(5.049618581229,0.754808530097));
#6617 = CARTESIAN_POINT('',(5.,0.754808530097));
#6618 = ( GEOMETRIC_REPRESENTATION_CONTEXT(2) 
PARAMETRIC_REPRESENTATION_CONTEXT() REPRESENTATION_CONTEXT('2D SPACE',''
  ) );
#6619 = PCURVE('',#5258,#6620);
#6620 = DEFINITIONAL_REPRESENTATION('',(#6621),#6640);
#6621 = B_SPLINE_CURVE_WITH_KNOTS('',5,(#6622,#6623,#6624,#6625,#6626,
    #6627,#6628,#6629,#6630,#6631,#6632,#6633,#6634,#6635,#6636,#6637,
    #6638,#6639),.UNSPECIFIED.,.F.,.F.,(6,4,4,4,6),(0.,0.233989439656,
    0.481406124888,0.738665913972,1.),.UNSPECIFIED.);
#6622 = CARTESIAN_POINT('',(-41.64034852392,0.849803031101));
#6623 = CARTESIAN_POINT('',(-41.45284540548,0.943281222487));
#6624 = CARTESIAN_POINT('',(-41.26232533712,1.031331373398));
#6625 = CARTESIAN_POINT('',(-41.06908295913,1.113880610272));
#6626 = CARTESIAN_POINT('',(-40.8733939624,1.190881130352));
#6627 = CARTESIAN_POINT('',(-40.46628478712,1.337811688552));
#6628 = CARTESIAN_POINT('',(-40.25460712337,1.407082164264));
#6629 = CARTESIAN_POINT('',(-40.04078955739,1.470067111572));
#6630 = CARTESIAN_POINT('',(-39.82512242108,1.526738792056));
#6631 = CARTESIAN_POINT('',(-39.38200050741,1.629419055452));
#6632 = CARTESIAN_POINT('',(-39.15441889933,1.674913557498));
#6633 = CARTESIAN_POINT('',(-38.92544938875,1.713539197081));
#6634 = CARTESIAN_POINT('',(-38.69539335053,1.745282613707));
#6635 = CARTESIAN_POINT('',(-38.23003838748,1.795384062353));
#6636 = CARTESIAN_POINT('',(-37.99471485133,1.813522071578));
#6637 = CARTESIAN_POINT('',(-37.75888055346,1.824542952247));
#6638 = CARTESIAN_POINT('',(-37.52283880684,1.828445178802));
#6639 = CARTESIAN_POINT('',(-37.28689051383,1.825232402775));
#6640 = ( GEOMETRIC_REPRESENTATION_CONTEXT(2) 
PARAMETRIC_REPRESENTATION_CONTEXT() REPRESENTATION_CONTEXT('2D SPACE',''
  ) );
#6641 = ORIENTED_EDGE('',*,*,#6642,.T.);
#6642 = EDGE_CURVE('',#6575,#6643,#6645,.T.);
#6643 = VERTEX_POINT('',#6644);
#6644 = CARTESIAN_POINT('',(-39.74172478392,0.811055607835,
    97.662934369643));
#6645 = SURFACE_CURVE('',#6646,(#6691,#6739),.PCURVE_S1.);
#6646 = B_SPLINE_CURVE_WITH_KNOTS('',8,(#6647,#6648,#6649,#6650,#6651,
    #6652,#6653,#6654,#6655,#6656,#6657,#6658,#6659,#6660,#6661,#6662,
    #6663,#6664,#6665,#6666,#6667,#6668,#6669,#6670,#6671,#6672,#6673,
    #6674,#6675,#6676,#6677,#6678,#6679,#6680,#6681,#6682,#6683,#6684,
    #6685,#6686,#6687,#6688,#6689,#6690),.UNSPECIFIED.,.F.,.F.,(9,7,7,7,
    7,7,9),(0.,0.332016151877,0.613686413096,0.783089274045,
    0.845897790165,0.980649262848,1.),.UNSPECIFIED.);
#6647 = CARTESIAN_POINT('',(-39.71975111217,1.550442384208,80.6999994));
#6648 = CARTESIAN_POINT('',(-39.71863786088,1.578962027937,
    81.404381293866));
#6649 = CARTESIAN_POINT('',(-39.71792280422,1.59668054785,
    82.109085567662));
#6650 = CARTESIAN_POINT('',(-39.71752637902,1.60642833873,
    82.813960896803));
#6651 = CARTESIAN_POINT('',(-39.71739619555,1.609604872789,
    83.518897132477));
#6652 = CARTESIAN_POINT('',(-39.71750003386,1.607080638606,
    84.223818613627));
#6653 = CARTESIAN_POINT('',(-39.71781653826,1.59930056863,
    84.928684287697));
#6654 = CARTESIAN_POINT('',(-39.71833064968,1.586513011404,
    85.633485330153));
#6655 = CARTESIAN_POINT('',(-39.71962154411,1.553830673056,
    86.936138330641));
#6656 = CARTESIAN_POINT('',(-39.72034664193,1.535309187106,
    87.533967337636));
#6657 = CARTESIAN_POINT('',(-39.72119617762,1.513336740932,
    88.13171739357));
#6658 = CARTESIAN_POINT('',(-39.72216287986,1.487925629881,
    88.729372726562));
#6659 = CARTESIAN_POINT('',(-39.72323859407,1.459064688473,
    89.326917906408));
#6660 = CARTESIAN_POINT('',(-39.7244129615,1.426752551548,
    89.924338618913));
#6661 = CARTESIAN_POINT('',(-39.72567255373,1.391029971736,
    90.521622384382));
#6662 = CARTESIAN_POINT('',(-39.72779909655,1.328544418066,
    91.477890808909));
#6663 = CARTESIAN_POINT('',(-39.7286224397,1.303885639803,91.83696911459
    ));
#6664 = CARTESIAN_POINT('',(-39.7294668157,1.278059732595,
    92.195991574748));
#6665 = CARTESIAN_POINT('',(-39.73032808082,1.251103058624,
    92.554956253355));
#6666 = CARTESIAN_POINT('',(-39.73120160721,1.223064929194,
    92.913861893223));
#6667 = CARTESIAN_POINT('',(-39.73208226329,1.194012546577,
    93.272708063455));
#6668 = CARTESIAN_POINT('',(-39.73296439093,1.164039426619,
    93.631495402044));
#6669 = CARTESIAN_POINT('',(-39.73416708373,1.121871807689,
    94.123230399386));
#6670 = CARTESIAN_POINT('',(-39.73449173648,1.110357857186,
    94.256227046516));
#6671 = CARTESIAN_POINT('',(-39.73481542051,1.098742229318,
    94.389216010023));
#6672 = CARTESIAN_POINT('',(-39.7351378084,1.08703240034,94.522197431783
    ));
#6673 = CARTESIAN_POINT('',(-39.7354585614,1.075236717066,
    94.655171485801));
#6674 = CARTESIAN_POINT('',(-39.73577732837,1.063364569844,
    94.788138383481));
#6675 = CARTESIAN_POINT('',(-39.73609374461,1.051426565538,
    94.921098378896));
#6676 = CARTESIAN_POINT('',(-39.73708042342,1.013706955744,
    95.339294395629));
#6677 = CARTESIAN_POINT('',(-39.73774085125,0.987731142196,
    95.624503970745));
#6678 = CARTESIAN_POINT('',(-39.73838492224,0.961628522985,
    95.909686442414));
#6679 = CARTESIAN_POINT('',(-39.73900867918,0.935542417192,
    96.194846738995));
#6680 = CARTESIAN_POINT('',(-39.73960745709,0.909674653697,
    96.479989666138));
#6681 = CARTESIAN_POINT('',(-39.74017613446,0.884281278078,
    96.765119846855));
#6682 = CARTESIAN_POINT('',(-39.74070859075,0.859717583029,
    97.050242985136));
#6683 = CARTESIAN_POINT('',(-39.74126460112,0.833306010587,
    97.37631597317));
#6684 = CARTESIAN_POINT('',(-39.74133346503,0.830019813082,
    97.417261250045));
#6685 = CARTESIAN_POINT('',(-39.74140134482,0.826765807783,
    97.458206576886));
#6686 = CARTESIAN_POINT('',(-39.74146820872,0.82354602765,
    97.499151968412));
#6687 = CARTESIAN_POINT('',(-39.74153402247,0.82036267107,97.54009743631
    ));
#6688 = CARTESIAN_POINT('',(-39.74159874942,0.817218101849,
    97.581042989235));
#6689 = CARTESIAN_POINT('',(-39.74166235042,0.814114849219,
    97.621988632815));
#6690 = CARTESIAN_POINT('',(-39.74172478392,0.811055607835,
    97.662934369643));
#6691 = PCURVE('',#4281,#6692);
#6692 = DEFINITIONAL_REPRESENTATION('',(#6693),#6738);
#6693 = B_SPLINE_CURVE_WITH_KNOTS('',8,(#6694,#6695,#6696,#6697,#6698,
    #6699,#6700,#6701,#6702,#6703,#6704,#6705,#6706,#6707,#6708,#6709,
    #6710,#6711,#6712,#6713,#6714,#6715,#6716,#6717,#6718,#6719,#6720,
    #6721,#6722,#6723,#6724,#6725,#6726,#6727,#6728,#6729,#6730,#6731,
    #6732,#6733,#6734,#6735,#6736,#6737),.UNSPECIFIED.,.F.,.F.,(9,7,7,7,
    7,7,9),(0.,0.332016151877,0.613686413096,0.783089274045,
    0.845897790165,0.980649262848,1.),.UNSPECIFIED.);
#6694 = CARTESIAN_POINT('',(5.524257521327,0.754808524765));
#6695 = CARTESIAN_POINT('',(5.499119626753,0.761067925345));
#6696 = CARTESIAN_POINT('',(5.481511816324,0.767421579741));
#6697 = CARTESIAN_POINT('',(5.470132086984,0.773876186824));
#6698 = CARTESIAN_POINT('',(5.464165488642,0.780439872729));
#6699 = CARTESIAN_POINT('',(5.462957178963,0.78712243406));
#6700 = CARTESIAN_POINT('',(5.466012917465,0.793935823949));
#6701 = CARTESIAN_POINT('',(5.472927669676,0.800894761054));
#6702 = CARTESIAN_POINT('',(5.492255914054,0.814061521552));
#6703 = CARTESIAN_POINT('',(5.503676039095,0.820222916533));
#6704 = CARTESIAN_POINT('',(5.51744980385,0.826513537894));
#6705 = CARTESIAN_POINT('',(5.533424740117,0.832946866755));
#6706 = CARTESIAN_POINT('',(5.551482549192,0.839538751531));
#6707 = CARTESIAN_POINT('',(5.571536093934,0.846308492331));
#6708 = CARTESIAN_POINT('',(5.593531938052,0.853281002348));
#6709 = CARTESIAN_POINT('',(5.631848367196,0.864825728168));
#6710 = CARTESIAN_POINT('',(5.646936705115,0.869246993093));
#6711 = CARTESIAN_POINT('',(5.662720785592,0.873761159364));
#6712 = CARTESIAN_POINT('',(5.679204102497,0.878376940244));
#6713 = CARTESIAN_POINT('',(5.696396313982,0.883104521621));
#6714 = CARTESIAN_POINT('',(5.714314955447,0.887956162213));
#6715 = CARTESIAN_POINT('',(5.732988855846,0.892947316288));
#6716 = CARTESIAN_POINT('',(5.759683668203,0.900008071413));
#6717 = CARTESIAN_POINT('',(5.767014123848,0.90193983313));
#6718 = CARTESIAN_POINT('',(5.774456960777,0.903894607971));
#6719 = CARTESIAN_POINT('',(5.782014814057,0.905873527759));
#6720 = CARTESIAN_POINT('',(5.789690694712,0.907877836686));
#6721 = CARTESIAN_POINT('',(5.797488067135,0.90990891579));
#6722 = CARTESIAN_POINT('',(5.80541092649,0.911968307437));
#6723 = CARTESIAN_POINT('',(5.830740941231,0.918540477258));
#6724 = CARTESIAN_POINT('',(5.848616455006,0.923161390619));
#6725 = CARTESIAN_POINT('',(5.867137435148,0.927938023578));
#6726 = CARTESIAN_POINT('',(5.886360249495,0.932890759313));
#6727 = CARTESIAN_POINT('',(5.906367250832,0.938048019314));
#6728 = CARTESIAN_POINT('',(5.927264703338,0.943445640147));
#6729 = CARTESIAN_POINT('',(5.949203442129,0.949133329425));
#6730 = CARTESIAN_POINT('',(5.975803954942,0.956072453582));
#6731 = CARTESIAN_POINT('',(5.979171464967,0.95695164637));
#6732 = CARTESIAN_POINT('',(5.982567054051,0.957838943095));
#6733 = CARTESIAN_POINT('',(5.985991613563,0.958734629571));
#6734 = CARTESIAN_POINT('',(5.989446109633,0.959639014924));
#6735 = CARTESIAN_POINT('',(5.99293158316,0.960552431601));
#6736 = CARTESIAN_POINT('',(5.996449149806,0.961475235362));
#6737 = CARTESIAN_POINT('',(6.,0.962407805286));
#6738 = ( GEOMETRIC_REPRESENTATION_CONTEXT(2) 
PARAMETRIC_REPRESENTATION_CONTEXT() REPRESENTATION_CONTEXT('2D SPACE',''
  ) );
#6739 = PCURVE('',#6228,#6740);
#6740 = DEFINITIONAL_REPRESENTATION('',(#6741),#6786);
#6741 = B_SPLINE_CURVE_WITH_KNOTS('',8,(#6742,#6743,#6744,#6745,#6746,
    #6747,#6748,#6749,#6750,#6751,#6752,#6753,#6754,#6755,#6756,#6757,
    #6758,#6759,#6760,#6761,#6762,#6763,#6764,#6765,#6766,#6767,#6768,
    #6769,#6770,#6771,#6772,#6773,#6774,#6775,#6776,#6777,#6778,#6779,
    #6780,#6781,#6782,#6783,#6784,#6785),.UNSPECIFIED.,.F.,.F.,(9,7,7,7,
    7,7,9),(0.,0.332016151877,0.613686413096,0.783089274045,
    0.845897790165,0.980649262848,1.),.UNSPECIFIED.);
#6742 = CARTESIAN_POINT('',(-3.102577916777,5.999999999062E-07));
#6743 = CARTESIAN_POINT('',(-3.101859895064,-0.704381293866));
#6744 = CARTESIAN_POINT('',(-3.101413783684,-1.409085567663));
#6745 = CARTESIAN_POINT('',(-3.10116835333,-2.113960896799));
#6746 = CARTESIAN_POINT('',(-3.101088373559,-2.818897132483));
#6747 = CARTESIAN_POINT('',(-3.101151929955,-3.523818613623));
#6748 = CARTESIAN_POINT('',(-3.101347816901,-4.228684287698));
#6749 = CARTESIAN_POINT('',(-3.101669776257,-4.933485330153));
#6750 = CARTESIAN_POINT('',(-3.102492614557,-6.236138330641));
#6751 = CARTESIAN_POINT('',(-3.102958920787,-6.833967337636));
#6752 = CARTESIAN_POINT('',(-3.103512099632,-7.43171739357));
#6753 = CARTESIAN_POINT('',(-3.104151835019,-8.029372726562));
#6754 = CARTESIAN_POINT('',(-3.104878400086,-8.626917906408));
#6755 = CARTESIAN_POINT('',(-3.10569182002,-9.224338618913));
#6756 = CARTESIAN_POINT('',(-3.106591059083,-9.821622384382));
#6757 = CARTESIAN_POINT('',(-3.10816393277,-10.7778908089));
#6758 = CARTESIAN_POINT('',(-3.108784624966,-11.13696911459));
#6759 = CARTESIAN_POINT('',(-3.109434680222,-11.49599157474));
#6760 = CARTESIAN_POINT('',(-3.110113181192,-11.85495625335));
#6761 = CARTESIAN_POINT('',(-3.110818884703,-12.21386189322));
#6762 = CARTESIAN_POINT('',(-3.111550097502,-12.57270806345));
#6763 = CARTESIAN_POINT('',(-3.112304464433,-12.93149540204));
#6764 = CARTESIAN_POINT('',(-3.11336571643,-13.42323039938));
#6765 = CARTESIAN_POINT('',(-3.11365549067,-13.55622704651));
#6766 = CARTESIAN_POINT('',(-3.113947821132,-13.68921601002));
#6767 = CARTESIAN_POINT('',(-3.114242519615,-13.82219743178));
#6768 = CARTESIAN_POINT('',(-3.11453937602,-13.9551714858));
#6769 = CARTESIAN_POINT('',(-3.114838154001,-14.08813838348));
#6770 = CARTESIAN_POINT('',(-3.115138586608,-14.22109837889));
#6771 = CARTESIAN_POINT('',(-3.116087832205,-14.63929439562));
#6772 = CARTESIAN_POINT('',(-3.116741522792,-14.92450397074));
#6773 = CARTESIAN_POINT('',(-3.117398392019,-15.20968644241));
#6774 = CARTESIAN_POINT('',(-3.118054833457,-15.49484673899));
#6775 = CARTESIAN_POINT('',(-3.118705768752,-15.77998966613));
#6776 = CARTESIAN_POINT('',(-3.119344755708,-16.06511984685));
#6777 = CARTESIAN_POINT('',(-3.119962855343,-16.35024298513));
#6778 = CARTESIAN_POINT('',(-3.120627444633,-16.67631597317));
#6779 = CARTESIAN_POINT('',(-3.120710134418,-16.71726125004));
#6780 = CARTESIAN_POINT('',(-3.120792013995,-16.75820657688));
#6781 = CARTESIAN_POINT('',(-3.120873032217,-16.79915196841));
#6782 = CARTESIAN_POINT('',(-3.120953133772,-16.84009743631));
#6783 = CARTESIAN_POINT('',(-3.121032259188,-16.88104298923));
#6784 = CARTESIAN_POINT('',(-3.12111034483,-16.92198863281));
#6785 = CARTESIAN_POINT('',(-3.121187322903,-16.96293436964));
#6786 = ( GEOMETRIC_REPRESENTATION_CONTEXT(2) 
PARAMETRIC_REPRESENTATION_CONTEXT() REPRESENTATION_CONTEXT('2D SPACE',''
  ) );
#6787 = ORIENTED_EDGE('',*,*,#6788,.T.);
#6788 = EDGE_CURVE('',#6643,#6789,#6791,.T.);
#6789 = VERTEX_POINT('',#6790);
#6790 = CARTESIAN_POINT('',(-36.75,0.75,99.));
#6791 = SURFACE_CURVE('',#6792,(#6797,#6804),.PCURVE_S1.);
#6792 = ( BOUNDED_CURVE() B_SPLINE_CURVE(3,(#6793,#6794,#6795,#6796),
.UNSPECIFIED.,.F.,.F.) B_SPLINE_CURVE_WITH_KNOTS((4,4),(0.,1.),
.PIECEWISE_BEZIER_KNOTS.) CURVE() GEOMETRIC_REPRESENTATION_ITEM() 
RATIONAL_B_SPLINE_CURVE((1.,1.,1.,1.)) REPRESENTATION_ITEM('') );
#6793 = CARTESIAN_POINT('',(-37.79213073791,0.771267974243,0.));
#6794 = CARTESIAN_POINT('',(22.763590509555,-0.464563071624,3.));
#6795 = CARTESIAN_POINT('',(-67.71485746365,1.381935866605,90.));
#6796 = CARTESIAN_POINT('',(-36.75,0.75,99.));
#6797 = PCURVE('',#4281,#6798);
#6798 = DEFINITIONAL_REPRESENTATION('',(#6799),#6803);
#6799 = LINE('',#6800,#6801);
#6800 = CARTESIAN_POINT('',(6.,0.));
#6801 = VECTOR('',#6802,1.);
#6802 = DIRECTION('',(0.,1.));
#6803 = ( GEOMETRIC_REPRESENTATION_CONTEXT(2) 
PARAMETRIC_REPRESENTATION_CONTEXT() REPRESENTATION_CONTEXT('2D SPACE',''
  ) );
#6804 = PCURVE('',#6805,#6850);
#6805 = ( BOUNDED_SURFACE() B_SPLINE_SURFACE(10,3,(
    (#6806,#6807,#6808,#6809)
    ,(#6810,#6811,#6812,#6813)
    ,(#6814,#6815,#6816,#6817)
    ,(#6818,#6819,#6820,#6821)
    ,(#6822,#6823,#6824,#6825)
    ,(#6826,#6827,#6828,#6829)
    ,(#6830,#6831,#6832,#6833)
    ,(#6834,#6835,#6836,#6837)
    ,(#6838,#6839,#6840,#6841)
    ,(#6842,#6843,#6844,#6845)
    ,(#6846,#6847,#6848,#6849
)),.UNSPECIFIED.,.F.,.F.,.F.) B_SPLINE_SURFACE_WITH_KNOTS((11,11),(4,4),
  (6.,7.),(0.,1.),.PIECEWISE_BEZIER_KNOTS.) 
GEOMETRIC_REPRESENTATION_ITEM() RATIONAL_B_SPLINE_SURFACE((
    (1.,1.,1.,1.)
    ,(1.,1.,1.,1.)
    ,(1.,1.,1.,1.)
    ,(1.,1.,1.,1.)
    ,(1.,1.,1.,1.)
    ,(1.,1.,1.,1.)
    ,(1.,1.,1.,1.)
    ,(1.,1.,1.,1.)
    ,(1.,1.,1.,1.)
    ,(1.,1.,1.,1.)
,(1.,1.,1.,1.))) REPRESENTATION_ITEM('') SURFACE() );
#6806 = CARTESIAN_POINT('',(-37.79213073791,0.771267974243,0.));
#6807 = CARTESIAN_POINT('',(22.763590509555,-0.464563071624,3.));
#6808 = CARTESIAN_POINT('',(-67.71485746365,1.381935866605,90.));
#6809 = CARTESIAN_POINT('',(-36.75,0.75,99.));
#6810 = CARTESIAN_POINT('',(-37.79527833353,0.617035789232,0.));
#6811 = CARTESIAN_POINT('',(22.777842712702,-0.337077857202,3.));
#6812 = CARTESIAN_POINT('',(-67.71901588225,1.011754409159,90.));
#6813 = CARTESIAN_POINT('',(-36.98561944901,0.75,99.));
#6814 = CARTESIAN_POINT('',(-37.79772656053,0.462789330996,0.));
#6815 = CARTESIAN_POINT('',(22.773037933434,-0.226865742579,3.));
#6816 = CARTESIAN_POINT('',(-67.68174843734,0.689592953924,90.));
#6817 = CARTESIAN_POINT('',(-37.22124107155,0.667753520049,99.));
#6818 = CARTESIAN_POINT('',(-37.79947534612,0.308532167841,0.));
#6819 = CARTESIAN_POINT('',(22.758790589105,-0.13628483069,3.));
#6820 = CARTESIAN_POINT('',(-67.62766603524,0.420226532402,90.));
#6821 = CARTESIAN_POINT('',(-37.42455043143,0.503258522416,99.));
#6822 = CARTESIAN_POINT('',(-37.80052463827,0.154267868074,0.));
#6823 = CARTESIAN_POINT('',(22.744998603816,-6.301040528433E-02,3.));
#6824 = CARTESIAN_POINT('',(-67.58193558956,0.196646767552,90.));
#6825 = CARTESIAN_POINT('',(-37.56330541722,0.271019590411,99.));
#6826 = CARTESIAN_POINT('',(-37.80087440579,4.640732242933E-15,0.));
#6827 = CARTESIAN_POINT('',(22.73941830552,-7.367948843632E-15,3.));
#6828 = CARTESIAN_POINT('',(-67.56420577698,5.591938948927E-15,90.));
#6829 = CARTESIAN_POINT('',(-37.61268047281,-3.863576125696E-15,99.));
#6830 = CARTESIAN_POINT('',(-37.80052463827,-0.154267868074,0.));
#6831 = CARTESIAN_POINT('',(22.744998603815,6.301040528432E-02,3.));
#6832 = CARTESIAN_POINT('',(-67.58193558956,-0.196646767552,90.));
#6833 = CARTESIAN_POINT('',(-37.56330541722,-0.271019590411,99.));
#6834 = CARTESIAN_POINT('',(-37.79947534612,-0.308532167841,0.));
#6835 = CARTESIAN_POINT('',(22.758790589106,0.13628483069,3.));
#6836 = CARTESIAN_POINT('',(-67.62766603525,-0.420226532402,90.));
#6837 = CARTESIAN_POINT('',(-37.42455043143,-0.503258522416,99.));
#6838 = CARTESIAN_POINT('',(-37.79772656053,-0.462789330996,0.));
#6839 = CARTESIAN_POINT('',(22.773037933433,0.226865742579,3.));
#6840 = CARTESIAN_POINT('',(-67.68174843734,-0.689592953924,90.));
#6841 = CARTESIAN_POINT('',(-37.22124107156,-0.667753520049,99.));
#6842 = CARTESIAN_POINT('',(-37.79527833353,-0.617035789232,0.));
#6843 = CARTESIAN_POINT('',(22.777842712702,0.337077857202,3.));
#6844 = CARTESIAN_POINT('',(-67.71901588225,-1.011754409159,90.));
#6845 = CARTESIAN_POINT('',(-36.98561944901,-0.75,99.));
#6846 = CARTESIAN_POINT('',(-37.79213073791,-0.771267974243,0.));
#6847 = CARTESIAN_POINT('',(22.763590509555,0.464563071624,3.));
#6848 = CARTESIAN_POINT('',(-67.71485746365,-1.381935866605,90.));
#6849 = CARTESIAN_POINT('',(-36.75,-0.75,99.));
#6850 = DEFINITIONAL_REPRESENTATION('',(#6851),#6855);
#6851 = LINE('',#6852,#6853);
#6852 = CARTESIAN_POINT('',(6.,0.));
#6853 = VECTOR('',#6854,1.);
#6854 = DIRECTION('',(0.,1.));
#6855 = ( GEOMETRIC_REPRESENTATION_CONTEXT(2) 
PARAMETRIC_REPRESENTATION_CONTEXT() REPRESENTATION_CONTEXT('2D SPACE',''
  ) );
#6856 = ORIENTED_EDGE('',*,*,#6857,.F.);
#6857 = EDGE_CURVE('',#6484,#6789,#6858,.T.);
#6858 = SURFACE_CURVE('',#6859,(#6871,#6878),.PCURVE_S1.);
#6859 = B_SPLINE_CURVE_WITH_KNOTS('',10,(#6860,#6861,#6862,#6863,#6864,
    #6865,#6866,#6867,#6868,#6869,#6870),.UNSPECIFIED.,.F.,.F.,(11,11),(
    5.,6.),.PIECEWISE_BEZIER_KNOTS.);
#6860 = CARTESIAN_POINT('',(-15.32142857142,0.75,99.));
#6861 = CARTESIAN_POINT('',(-17.46428571428,0.75,99.));
#6862 = CARTESIAN_POINT('',(-19.60714285714,0.75,99.));
#6863 = CARTESIAN_POINT('',(-21.75,0.75,99.));
#6864 = CARTESIAN_POINT('',(-23.89285714285,0.75,99.));
#6865 = CARTESIAN_POINT('',(-26.03571428571,0.75,99.));
#6866 = CARTESIAN_POINT('',(-28.17857142857,0.75,99.));
#6867 = CARTESIAN_POINT('',(-30.32142857142,0.75,99.));
#6868 = CARTESIAN_POINT('',(-32.46428571428,0.75,99.));
#6869 = CARTESIAN_POINT('',(-34.60714285714,0.75,99.));
#6870 = CARTESIAN_POINT('',(-36.75,0.75,99.));
#6871 = PCURVE('',#4281,#6872);
#6872 = DEFINITIONAL_REPRESENTATION('',(#6873),#6877);
#6873 = LINE('',#6874,#6875);
#6874 = CARTESIAN_POINT('',(0.,1.));
#6875 = VECTOR('',#6876,1.);
#6876 = DIRECTION('',(1.,0.));
#6877 = ( GEOMETRIC_REPRESENTATION_CONTEXT(2) 
PARAMETRIC_REPRESENTATION_CONTEXT() REPRESENTATION_CONTEXT('2D SPACE',''
  ) );
#6878 = PCURVE('',#6041,#6879);
#6879 = DEFINITIONAL_REPRESENTATION('',(#6880),#6892);
#6880 = B_SPLINE_CURVE_WITH_KNOTS('',10,(#6881,#6882,#6883,#6884,#6885,
    #6886,#6887,#6888,#6889,#6890,#6891),.UNSPECIFIED.,.F.,.F.,(11,11),(
    5.,6.),.PIECEWISE_BEZIER_KNOTS.);
#6881 = CARTESIAN_POINT('',(21.428571428572,0.));
#6882 = CARTESIAN_POINT('',(19.285714285715,0.));
#6883 = CARTESIAN_POINT('',(17.142857142858,0.));
#6884 = CARTESIAN_POINT('',(15.,0.));
#6885 = CARTESIAN_POINT('',(12.857142857143,0.));
#6886 = CARTESIAN_POINT('',(10.714285714286,0.));
#6887 = CARTESIAN_POINT('',(8.571428571429,0.));
#6888 = CARTESIAN_POINT('',(6.428571428572,0.));
#6889 = CARTESIAN_POINT('',(4.285714285714,0.));
#6890 = CARTESIAN_POINT('',(2.142857142857,0.));
#6891 = CARTESIAN_POINT('',(-7.105427357601E-15,0.));
#6892 = ( GEOMETRIC_REPRESENTATION_CONTEXT(2) 
PARAMETRIC_REPRESENTATION_CONTEXT() REPRESENTATION_CONTEXT('2D SPACE',''
  ) );
#6893 = ADVANCED_FACE('',(#6894),#4197,.F.);
#6894 = FACE_BOUND('',#6895,.F.);
#6895 = EDGE_LOOP('',(#6896,#6897,#6898,#6899));
#6896 = ORIENTED_EDGE('',*,*,#6550,.F.);
#6897 = ORIENTED_EDGE('',*,*,#4165,.T.);
#6898 = ORIENTED_EDGE('',*,*,#4887,.T.);
#6899 = ORIENTED_EDGE('',*,*,#6900,.T.);
#6900 = EDGE_CURVE('',#4888,#6551,#6901,.T.);
#6901 = SURFACE_CURVE('',#6902,(#6929,#6959),.PCURVE_S1.);
#6902 = B_SPLINE_CURVE_WITH_KNOTS('',5,(#6903,#6904,#6905,#6906,#6907,
    #6908,#6909,#6910,#6911,#6912,#6913,#6914,#6915,#6916,#6917,#6918,
    #6919,#6920,#6921,#6922,#6923,#6924,#6925,#6926,#6927,#6928),
  .UNSPECIFIED.,.F.,.F.,(6,4,4,4,4,4,6),(0.,0.128778209935,
    0.229312746495,0.5,0.770687253505,0.871221790065,1.),.UNSPECIFIED.);
#6903 = CARTESIAN_POINT('',(-41.64034852392,-0.849803031101,80.7));
#6904 = CARTESIAN_POINT('',(-41.66741980826,-0.812328649643,80.7));
#6905 = CARTESIAN_POINT('',(-41.69310289397,-0.773711162177,80.7));
#6906 = CARTESIAN_POINT('',(-41.71730932488,-0.734016753956,80.7));
#6907 = CARTESIAN_POINT('',(-41.73996056536,-0.693323021802,80.7));
#6908 = CARTESIAN_POINT('',(-41.7774036924,-0.619239537901,80.7));
#6909 = CARTESIAN_POINT('',(-41.79282984586,-0.586205049175,80.7));
#6910 = CARTESIAN_POINT('',(-41.80723392159,-0.552657646822,80.7));
#6911 = CARTESIAN_POINT('',(-41.82058755016,-0.518642398756,80.7));
#6912 = CARTESIAN_POINT('',(-41.86592744788,-0.391491483968,80.7));
#6913 = CARTESIAN_POINT('',(-41.89119966843,-0.295724671043,80.7));
#6914 = CARTESIAN_POINT('',(-41.90820669695,-0.197859418138,80.7));
#6915 = CARTESIAN_POINT('',(-41.91671097198,-9.892615730962E-02,80.7));
#6916 = CARTESIAN_POINT('',(-41.91671097198,9.892615731022E-02,80.7));
#6917 = CARTESIAN_POINT('',(-41.90820669695,0.197859418139,80.7));
#6918 = CARTESIAN_POINT('',(-41.89119966843,0.295724671044,80.7));
#6919 = CARTESIAN_POINT('',(-41.86592744788,0.391491483969,80.7));
#6920 = CARTESIAN_POINT('',(-41.82058755016,0.518642398757,80.7));
#6921 = CARTESIAN_POINT('',(-41.80723392159,0.552657646823,80.7));
#6922 = CARTESIAN_POINT('',(-41.79282984586,0.586205049176,80.7));
#6923 = CARTESIAN_POINT('',(-41.7774036924,0.619239537902,80.7));
#6924 = CARTESIAN_POINT('',(-41.73996056536,0.693323021803,80.7));
#6925 = CARTESIAN_POINT('',(-41.71730932488,0.734016753956,80.7));
#6926 = CARTESIAN_POINT('',(-41.69310289397,0.773711162177,80.7));
#6927 = CARTESIAN_POINT('',(-41.66741980826,0.812328649643,80.7));
#6928 = CARTESIAN_POINT('',(-41.64034852392,0.849803031101,80.7));
#6929 = PCURVE('',#4197,#6930);
#6930 = DEFINITIONAL_REPRESENTATION('',(#6931),#6958);
#6931 = B_SPLINE_CURVE_WITH_KNOTS('',5,(#6932,#6933,#6934,#6935,#6936,
    #6937,#6938,#6939,#6940,#6941,#6942,#6943,#6944,#6945,#6946,#6947,
    #6948,#6949,#6950,#6951,#6952,#6953,#6954,#6955,#6956,#6957),
  .UNSPECIFIED.,.F.,.F.,(6,4,4,4,4,4,6),(0.,0.128778209935,
    0.229312746495,0.5,0.770687253505,0.871221790065,1.),.UNSPECIFIED.);
#6932 = CARTESIAN_POINT('',(7.,0.754808530097));
#6933 = CARTESIAN_POINT('',(6.97324312237,0.754808530097));
#6934 = CARTESIAN_POINT('',(6.946682178402,0.754808530097));
#6935 = CARTESIAN_POINT('',(6.920299626593,0.754808530097));
#6936 = CARTESIAN_POINT('',(6.894078018751,0.754808530097));
#6937 = CARTESIAN_POINT('',(6.847641419687,0.754808530097));
#6938 = CARTESIAN_POINT('',(6.827370320341,0.754808530097));
#6939 = CARTESIAN_POINT('',(6.807178457126,0.754808530097));
#6940 = CARTESIAN_POINT('',(6.787057693256,0.754808530097));
#6941 = CARTESIAN_POINT('',(6.712995057172,0.754808530097));
#6942 = CARTESIAN_POINT('',(6.659443526936,0.754808530097));
#6943 = CARTESIAN_POINT('',(6.606199357817,0.754808530097));
#6944 = CARTESIAN_POINT('',(6.553097715408,0.754808530097));
#6945 = CARTESIAN_POINT('',(6.446902284592,0.754808530097));
#6946 = CARTESIAN_POINT('',(6.393800642183,0.754808530097));
#6947 = CARTESIAN_POINT('',(6.340556473063,0.754808530097));
#6948 = CARTESIAN_POINT('',(6.287004942827,0.754808530097));
#6949 = CARTESIAN_POINT('',(6.212942306744,0.754808530097));
#6950 = CARTESIAN_POINT('',(6.192821542874,0.754808530097));
#6951 = CARTESIAN_POINT('',(6.172629679659,0.754808530097));
#6952 = CARTESIAN_POINT('',(6.152358580313,0.754808530097));
#6953 = CARTESIAN_POINT('',(6.105921981248,0.754808530097));
#6954 = CARTESIAN_POINT('',(6.079700373407,0.754808530097));
#6955 = CARTESIAN_POINT('',(6.053317821598,0.754808530097));
#6956 = CARTESIAN_POINT('',(6.02675687763,0.754808530097));
#6957 = CARTESIAN_POINT('',(6.,0.754808530097));
#6958 = ( GEOMETRIC_REPRESENTATION_CONTEXT(2) 
PARAMETRIC_REPRESENTATION_CONTEXT() REPRESENTATION_CONTEXT('2D SPACE',''
  ) );
#6959 = PCURVE('',#5258,#6960);
#6960 = DEFINITIONAL_REPRESENTATION('',(#6961),#6988);
#6961 = B_SPLINE_CURVE_WITH_KNOTS('',5,(#6962,#6963,#6964,#6965,#6966,
    #6967,#6968,#6969,#6970,#6971,#6972,#6973,#6974,#6975,#6976,#6977,
    #6978,#6979,#6980,#6981,#6982,#6983,#6984,#6985,#6986,#6987),
  .UNSPECIFIED.,.F.,.F.,(6,4,4,4,4,4,6),(0.,0.128778209935,
    0.229312746495,0.5,0.770687253505,0.871221790065,1.),.UNSPECIFIED.);
#6962 = CARTESIAN_POINT('',(-41.64034852392,-0.849803031101));
#6963 = CARTESIAN_POINT('',(-41.66741980826,-0.812328649643));
#6964 = CARTESIAN_POINT('',(-41.69310289397,-0.773711162177));
#6965 = CARTESIAN_POINT('',(-41.71730932488,-0.734016753956));
#6966 = CARTESIAN_POINT('',(-41.73996056536,-0.693323021802));
#6967 = CARTESIAN_POINT('',(-41.7774036924,-0.619239537901));
#6968 = CARTESIAN_POINT('',(-41.79282984586,-0.586205049175));
#6969 = CARTESIAN_POINT('',(-41.80723392159,-0.552657646822));
#6970 = CARTESIAN_POINT('',(-41.82058755016,-0.518642398756));
#6971 = CARTESIAN_POINT('',(-41.86592744788,-0.391491483968));
#6972 = CARTESIAN_POINT('',(-41.89119966843,-0.295724671043));
#6973 = CARTESIAN_POINT('',(-41.90820669695,-0.197859418138));
#6974 = CARTESIAN_POINT('',(-41.91671097198,-9.892615730963E-02));
#6975 = CARTESIAN_POINT('',(-41.91671097198,9.892615731022E-02));
#6976 = CARTESIAN_POINT('',(-41.90820669695,0.197859418139));
#6977 = CARTESIAN_POINT('',(-41.89119966843,0.295724671044));
#6978 = CARTESIAN_POINT('',(-41.86592744788,0.391491483969));
#6979 = CARTESIAN_POINT('',(-41.82058755016,0.518642398757));
#6980 = CARTESIAN_POINT('',(-41.80723392159,0.552657646823));
#6981 = CARTESIAN_POINT('',(-41.79282984586,0.586205049176));
#6982 = CARTESIAN_POINT('',(-41.7774036924,0.619239537902));
#6983 = CARTESIAN_POINT('',(-41.73996056536,0.693323021803));
#6984 = CARTESIAN_POINT('',(-41.71730932488,0.734016753956));
#6985 = CARTESIAN_POINT('',(-41.69310289397,0.773711162177));
#6986 = CARTESIAN_POINT('',(-41.66741980826,0.812328649643));
#6987 = CARTESIAN_POINT('',(-41.64034852392,0.849803031101));
#6988 = ( GEOMETRIC_REPRESENTATION_CONTEXT(2) 
PARAMETRIC_REPRESENTATION_CONTEXT() REPRESENTATION_CONTEXT('2D SPACE',''
  ) );
#6989 = ADVANCED_FACE('',(#6990),#5282,.T.);
#6990 = FACE_BOUND('',#6991,.F.);
#6991 = EDGE_LOOP('',(#6992,#6993,#7016,#7038));
#6992 = ORIENTED_EDGE('',*,*,#5322,.F.);
#6993 = ORIENTED_EDGE('',*,*,#6994,.T.);
#6994 = EDGE_CURVE('',#5323,#6995,#6997,.T.);
#6995 = VERTEX_POINT('',#6996);
#6996 = CARTESIAN_POINT('',(44.75,0.,80.7));
#6997 = SURFACE_CURVE('',#6998,(#7002,#7009),.PCURVE_S1.);
#6998 = LINE('',#6999,#7000);
#6999 = CARTESIAN_POINT('',(44.75,0.,69.9));
#7000 = VECTOR('',#7001,1.);
#7001 = DIRECTION('',(0.,0.,1.));
#7002 = PCURVE('',#5282,#7003);
#7003 = DEFINITIONAL_REPRESENTATION('',(#7004),#7008);
#7004 = LINE('',#7005,#7006);
#7005 = CARTESIAN_POINT('',(-0.,0.));
#7006 = VECTOR('',#7007,1.);
#7007 = DIRECTION('',(-0.,-1.));
#7008 = ( GEOMETRIC_REPRESENTATION_CONTEXT(2) 
PARAMETRIC_REPRESENTATION_CONTEXT() REPRESENTATION_CONTEXT('2D SPACE',''
  ) );
#7009 = PCURVE('',#5363,#7010);
#7010 = DEFINITIONAL_REPRESENTATION('',(#7011),#7015);
#7011 = LINE('',#7012,#7013);
#7012 = CARTESIAN_POINT('',(-6.28318530718,0.));
#7013 = VECTOR('',#7014,1.);
#7014 = DIRECTION('',(-0.,-1.));
#7015 = ( GEOMETRIC_REPRESENTATION_CONTEXT(2) 
PARAMETRIC_REPRESENTATION_CONTEXT() REPRESENTATION_CONTEXT('2D SPACE',''
  ) );
#7016 = ORIENTED_EDGE('',*,*,#7017,.T.);
#7017 = EDGE_CURVE('',#6995,#5244,#7018,.T.);
#7018 = SURFACE_CURVE('',#7019,(#7024,#7031),.PCURVE_S1.);
#7019 = CIRCLE('',#7020,44.75);
#7020 = AXIS2_PLACEMENT_3D('',#7021,#7022,#7023);
#7021 = CARTESIAN_POINT('',(0.,0.,80.7));
#7022 = DIRECTION('',(0.,0.,1.));
#7023 = DIRECTION('',(1.,0.,0.));
#7024 = PCURVE('',#5282,#7025);
#7025 = DEFINITIONAL_REPRESENTATION('',(#7026),#7030);
#7026 = LINE('',#7027,#7028);
#7027 = CARTESIAN_POINT('',(-0.,-10.8));
#7028 = VECTOR('',#7029,1.);
#7029 = DIRECTION('',(-1.,0.));
#7030 = ( GEOMETRIC_REPRESENTATION_CONTEXT(2) 
PARAMETRIC_REPRESENTATION_CONTEXT() REPRESENTATION_CONTEXT('2D SPACE',''
  ) );
#7031 = PCURVE('',#5258,#7032);
#7032 = DEFINITIONAL_REPRESENTATION('',(#7033),#7037);
#7033 = CIRCLE('',#7034,44.75);
#7034 = AXIS2_PLACEMENT_2D('',#7035,#7036);
#7035 = CARTESIAN_POINT('',(2.933502854163E-15,-4.040240899597E-15));
#7036 = DIRECTION('',(1.,0.));
#7037 = ( GEOMETRIC_REPRESENTATION_CONTEXT(2) 
PARAMETRIC_REPRESENTATION_CONTEXT() REPRESENTATION_CONTEXT('2D SPACE',''
  ) );
#7038 = ORIENTED_EDGE('',*,*,#5269,.T.);
#7039 = ADVANCED_FACE('',(#7040),#5258,.T.);
#7040 = FACE_BOUND('',#7041,.T.);
#7041 = EDGE_LOOP('',(#7042,#7064,#7065,#7066,#7067,#7068,#7090,#7091,
    #7092));
#7042 = ORIENTED_EDGE('',*,*,#7043,.T.);
#7043 = EDGE_CURVE('',#5425,#6995,#7044,.T.);
#7044 = SURFACE_CURVE('',#7045,(#7050,#7057),.PCURVE_S1.);
#7045 = CIRCLE('',#7046,44.75);
#7046 = AXIS2_PLACEMENT_3D('',#7047,#7048,#7049);
#7047 = CARTESIAN_POINT('',(0.,0.,80.7));
#7048 = DIRECTION('',(0.,0.,1.));
#7049 = DIRECTION('',(1.,0.,0.));
#7050 = PCURVE('',#5258,#7051);
#7051 = DEFINITIONAL_REPRESENTATION('',(#7052),#7056);
#7052 = CIRCLE('',#7053,44.75);
#7053 = AXIS2_PLACEMENT_2D('',#7054,#7055);
#7054 = CARTESIAN_POINT('',(2.933502854163E-15,-4.040240899597E-15));
#7055 = DIRECTION('',(1.,0.));
#7056 = ( GEOMETRIC_REPRESENTATION_CONTEXT(2) 
PARAMETRIC_REPRESENTATION_CONTEXT() REPRESENTATION_CONTEXT('2D SPACE',''
  ) );
#7057 = PCURVE('',#5363,#7058);
#7058 = DEFINITIONAL_REPRESENTATION('',(#7059),#7063);
#7059 = LINE('',#7060,#7061);
#7060 = CARTESIAN_POINT('',(-0.,-10.8));
#7061 = VECTOR('',#7062,1.);
#7062 = DIRECTION('',(-1.,0.));
#7063 = ( GEOMETRIC_REPRESENTATION_CONTEXT(2) 
PARAMETRIC_REPRESENTATION_CONTEXT() REPRESENTATION_CONTEXT('2D SPACE',''
  ) );
#7064 = ORIENTED_EDGE('',*,*,#7017,.T.);
#7065 = ORIENTED_EDGE('',*,*,#5243,.T.);
#7066 = ORIENTED_EDGE('',*,*,#6900,.T.);
#7067 = ORIENTED_EDGE('',*,*,#6574,.T.);
#7068 = ORIENTED_EDGE('',*,*,#7069,.F.);
#7069 = EDGE_CURVE('',#6131,#6575,#7070,.T.);
#7070 = SURFACE_CURVE('',#7071,(#7076,#7083),.PCURVE_S1.);
#7071 = CIRCLE('',#7072,39.75);
#7072 = AXIS2_PLACEMENT_3D('',#7073,#7074,#7075);
#7073 = CARTESIAN_POINT('',(0.,0.,80.7));
#7074 = DIRECTION('',(0.,0.,1.));
#7075 = DIRECTION('',(1.,0.,0.));
#7076 = PCURVE('',#5258,#7077);
#7077 = DEFINITIONAL_REPRESENTATION('',(#7078),#7082);
#7078 = CIRCLE('',#7079,39.75);
#7079 = AXIS2_PLACEMENT_2D('',#7080,#7081);
#7080 = CARTESIAN_POINT('',(2.933502854163E-15,-4.040240899597E-15));
#7081 = DIRECTION('',(1.,0.));
#7082 = ( GEOMETRIC_REPRESENTATION_CONTEXT(2) 
PARAMETRIC_REPRESENTATION_CONTEXT() REPRESENTATION_CONTEXT('2D SPACE',''
  ) );
#7083 = PCURVE('',#6228,#7084);
#7084 = DEFINITIONAL_REPRESENTATION('',(#7085),#7089);
#7085 = LINE('',#7086,#7087);
#7086 = CARTESIAN_POINT('',(-0.,0.));
#7087 = VECTOR('',#7088,1.);
#7088 = DIRECTION('',(-1.,0.));
#7089 = ( GEOMETRIC_REPRESENTATION_CONTEXT(2) 
PARAMETRIC_REPRESENTATION_CONTEXT() REPRESENTATION_CONTEXT('2D SPACE',''
  ) );
#7090 = ORIENTED_EDGE('',*,*,#6281,.T.);
#7091 = ORIENTED_EDGE('',*,*,#5897,.T.);
#7092 = ORIENTED_EDGE('',*,*,#5445,.T.);
#7093 = ADVANCED_FACE('',(#7094),#5363,.T.);
#7094 = FACE_BOUND('',#7095,.F.);
#7095 = EDGE_LOOP('',(#7096,#7097,#7098,#7099));
#7096 = ORIENTED_EDGE('',*,*,#6994,.F.);
#7097 = ORIENTED_EDGE('',*,*,#5346,.F.);
#7098 = ORIENTED_EDGE('',*,*,#5424,.F.);
#7099 = ORIENTED_EDGE('',*,*,#7043,.T.);
#7100 = ADVANCED_FACE('',(#7101),#6228,.T.);
#7101 = FACE_BOUND('',#7102,.F.);
#7102 = EDGE_LOOP('',(#7103,#7104,#7214,#7242,#7271,#7297,#7447,#7448));
#7103 = ORIENTED_EDGE('',*,*,#6130,.F.);
#7104 = ORIENTED_EDGE('',*,*,#7105,.T.);
#7105 = EDGE_CURVE('',#6062,#7106,#7108,.T.);
#7106 = VERTEX_POINT('',#7107);
#7107 = CARTESIAN_POINT('',(39.75,0.,98.064636865758));
#7108 = SURFACE_CURVE('',#7109,(#7142,#7178),.PCURVE_S1.);
#7109 = B_SPLINE_CURVE_WITH_KNOTS('',6,(#7110,#7111,#7112,#7113,#7114,
    #7115,#7116,#7117,#7118,#7119,#7120,#7121,#7122,#7123,#7124,#7125,
    #7126,#7127,#7128,#7129,#7130,#7131,#7132,#7133,#7134,#7135,#7136,
    #7137,#7138,#7139,#7140,#7141),.UNSPECIFIED.,.F.,.F.,(7,5,5,5,5,5,7)
  ,(0.,0.208133644036,0.363873660848,0.43550814977,0.558122547389,
    0.938201076344,1.),.UNSPECIFIED.);
#7110 = CARTESIAN_POINT('',(39.741724783922,0.811055607835,
    97.662934369643));
#7111 = CARTESIAN_POINT('',(39.741875760513,0.803657754889,
    97.688457716842));
#7112 = CARTESIAN_POINT('',(39.74207222643,0.793949350383,
    97.713641432969));
#7113 = CARTESIAN_POINT('',(39.742312995635,0.781896309706,
    97.738339653167));
#7114 = CARTESIAN_POINT('',(39.742594995565,0.767497447494,
    97.762406516431));
#7115 = CARTESIAN_POINT('',(39.742913299659,0.750799156736,
    97.785701311584));
#7116 = CARTESIAN_POINT('',(39.743521453024,0.717775977503,
    97.824849102716));
#7117 = CARTESIAN_POINT('',(39.743798334802,0.702413426938,
    97.841101462881));
#7118 = CARTESIAN_POINT('',(39.744089024504,0.685866738886,
    97.856796764178));
#7119 = CARTESIAN_POINT('',(39.744390328213,0.668193741936,
    97.87189102005));
#7120 = CARTESIAN_POINT('',(39.744698838804,0.64946345724,
    97.886349249581));
#7121 = CARTESIAN_POINT('',(39.745154780741,0.620688055869,
    97.906489834875));
#7122 = CARTESIAN_POINT('',(39.745299231047,0.611414891547,
    97.912695034728));
#7123 = CARTESIAN_POINT('',(39.745444154953,0.601941692148,
    97.918757660461));
#7124 = CARTESIAN_POINT('',(39.745589226365,0.592275999805,
    97.924675649273));
#7125 = CARTESIAN_POINT('',(39.745734124991,0.582425478837,
    97.930447344777));
#7126 = CARTESIAN_POINT('',(39.746125720513,0.555234065961,
    97.945698173289));
#7127 = CARTESIAN_POINT('',(39.746371484217,0.537551316221,
    97.95489236952));
#7128 = CARTESIAN_POINT('',(39.746614245531,0.519388867359,
    97.963648258138));
#7129 = CARTESIAN_POINT('',(39.746852537864,0.500784908541,
    97.971962421056));
#7130 = CARTESIAN_POINT('',(39.74708500996,0.48177661727,97.979833849658
    ));
#7131 = CARTESIAN_POINT('',(39.748009167311,0.402337265048,
    98.010295657912));
#7132 = CARTESIAN_POINT('',(39.748639685887,0.338775983932,
    98.029069294018));
#7133 = CARTESIAN_POINT('',(39.749166637877,0.272705250225,
    98.043657123158));
#7134 = CARTESIAN_POINT('',(39.749565887099,0.205001302555,
    98.054199769467));
#7135 = CARTESIAN_POINT('',(39.749825921607,0.136377938026,
    98.060815746738));
#7136 = CARTESIAN_POINT('',(39.749961896959,5.616960389942E-02,
    98.063973820145));
#7137 = CARTESIAN_POINT('',(39.749977130322,4.4943038808E-02,
    98.064312364969));
#7138 = CARTESIAN_POINT('',(39.749988564236,3.371014099817E-02,
    98.064547903333));
#7139 = CARTESIAN_POINT('',(39.749996188771,2.247356975892E-02,
    98.064680501698));
#7140 = CARTESIAN_POINT('',(39.75,1.123597554962E-02,98.064710170822));
#7141 = CARTESIAN_POINT('',(39.75,-9.719992588918E-15,98.064636865758));
#7142 = PCURVE('',#6228,#7143);
#7143 = DEFINITIONAL_REPRESENTATION('',(#7144),#7177);
#7144 = B_SPLINE_CURVE_WITH_KNOTS('',6,(#7145,#7146,#7147,#7148,#7149,
    #7150,#7151,#7152,#7153,#7154,#7155,#7156,#7157,#7158,#7159,#7160,
    #7161,#7162,#7163,#7164,#7165,#7166,#7167,#7168,#7169,#7170,#7171,
    #7172,#7173,#7174,#7175,#7176),.UNSPECIFIED.,.F.,.F.,(7,5,5,5,5,5,7)
  ,(0.,0.208133644036,0.363873660848,0.43550814977,0.558122547389,
    0.938201076344,1.),.UNSPECIFIED.);
#7145 = CARTESIAN_POINT('',(-2.040533068654E-02,-16.96293436964));
#7146 = CARTESIAN_POINT('',(-2.021918242583E-02,-16.98845771684));
#7147 = CARTESIAN_POINT('',(-1.997489583361E-02,-17.01364143296));
#7148 = CARTESIAN_POINT('',(-1.967161420718E-02,-17.03833965316));
#7149 = CARTESIAN_POINT('',(-1.930930927133E-02,-17.06240651643));
#7150 = CARTESIAN_POINT('',(-1.888915025751E-02,-17.08570131158));
#7151 = CARTESIAN_POINT('',(-1.805823758781E-02,-17.12484910271));
#7152 = CARTESIAN_POINT('',(-1.767169559181E-02,-17.14110146288));
#7153 = CARTESIAN_POINT('',(-1.725536254861E-02,-17.15679676417));
#7154 = CARTESIAN_POINT('',(-1.681069434267E-02,-17.17189102005));
#7155 = CARTESIAN_POINT('',(-1.633942839044E-02,-17.18634924958));
#7156 = CARTESIAN_POINT('',(-1.561542805558E-02,-17.20648983487));
#7157 = CARTESIAN_POINT('',(-1.53821126093E-02,-17.21269503472));
#7158 = CARTESIAN_POINT('',(-1.514376525549E-02,-17.21875766046));
#7159 = CARTESIAN_POINT('',(-1.490057581323E-02,-17.22467564927));
#7160 = CARTESIAN_POINT('',(-1.465273716787E-02,-17.23044734477));
#7161 = CARTESIAN_POINT('',(-1.396860553266E-02,-17.24569817328));
#7162 = CARTESIAN_POINT('',(-1.352371357668E-02,-17.25489236952));
#7163 = CARTESIAN_POINT('',(-1.306675591012E-02,-17.26364825813));
#7164 = CARTESIAN_POINT('',(-1.259869351115E-02,-17.27196242105));
#7165 = CARTESIAN_POINT('',(-1.212046182908E-02,-17.27983384965));
#7166 = CARTESIAN_POINT('',(-1.012185232894E-02,-17.31029565791));
#7167 = CARTESIAN_POINT('',(-8.522750056001E-03,-17.32906929401));
#7168 = CARTESIAN_POINT('',(-6.8605453139E-03,-17.34365712315));
#7169 = CARTESIAN_POINT('',(-5.157277397016E-03,-17.35419976946));
#7170 = CARTESIAN_POINT('',(-3.430894828736E-03,-17.36081574673));
#7171 = CARTESIAN_POINT('',(-1.413072202717E-03,-17.36397382014));
#7172 = CARTESIAN_POINT('',(-1.130642648471E-03,-17.36431236496));
#7173 = CARTESIAN_POINT('',(-8.480539022421E-04,-17.36454790333));
#7174 = CARTESIAN_POINT('',(-5.653728240599E-04,-17.36468050169));
#7175 = CARTESIAN_POINT('',(-2.82666051563E-04,-17.36471017082));
#7176 = CARTESIAN_POINT('',(0.,-17.36463686575));
#7177 = ( GEOMETRIC_REPRESENTATION_CONTEXT(2) 
PARAMETRIC_REPRESENTATION_CONTEXT() REPRESENTATION_CONTEXT('2D SPACE',''
  ) );
#7178 = PCURVE('',#6078,#7179);
#7179 = DEFINITIONAL_REPRESENTATION('',(#7180),#7213);
#7180 = B_SPLINE_CURVE_WITH_KNOTS('',6,(#7181,#7182,#7183,#7184,#7185,
    #7186,#7187,#7188,#7189,#7190,#7191,#7192,#7193,#7194,#7195,#7196,
    #7197,#7198,#7199,#7200,#7201,#7202,#7203,#7204,#7205,#7206,#7207,
    #7208,#7209,#7210,#7211,#7212),.UNSPECIFIED.,.F.,.F.,(7,5,5,5,5,5,7)
  ,(0.,0.208133644036,0.363873660848,0.43550814977,0.558122547389,
    0.938201076344,1.),.UNSPECIFIED.);
#7181 = CARTESIAN_POINT('',(1.,0.962407805286));
#7182 = CARTESIAN_POINT('',(0.981507891821,0.962989118698));
#7183 = CARTESIAN_POINT('',(0.962989529296,0.96356668083));
#7184 = CARTESIAN_POINT('',(0.944458072344,0.96413708478));
#7185 = CARTESIAN_POINT('',(0.92593115787,0.964696757099));
#7186 = CARTESIAN_POINT('',(0.907433577913,0.965242092051));
#7187 = CARTESIAN_POINT('',(0.87520664571,0.966164293304));
#7188 = CARTESIAN_POINT('',(0.861447390703,0.966549063394));
#7189 = CARTESIAN_POINT('',(0.847736049711,0.966922447083));
#7190 = CARTESIAN_POINT('',(0.83408429362,0.967283190365));
#7191 = CARTESIAN_POINT('',(0.820502376489,0.967630230027));
#7192 = CARTESIAN_POINT('',(0.800789280929,0.96811560807));
#7193 = CARTESIAN_POINT('',(0.79459530793,0.968265445783));
#7194 = CARTESIAN_POINT('',(0.78841878059,0.968412120651));
#7195 = CARTESIAN_POINT('',(0.782260364224,0.968555560598));
#7196 = CARTESIAN_POINT('',(0.77612059464,0.968695703367));
#7197 = CARTESIAN_POINT('',(0.759523249106,0.969066640831));
#7198 = CARTESIAN_POINT('',(0.749102498953,0.969290967194));
#7199 = CARTESIAN_POINT('',(0.738739495119,0.969505222342));
#7200 = CARTESIAN_POINT('',(0.728435051592,0.969709217401));
#7201 = CARTESIAN_POINT('',(0.718188928912,0.969902827885));
#7202 = CARTESIAN_POINT('',(0.67641580966,0.970653768701));
#7203 = CARTESIAN_POINT('',(0.645401535078,0.971120761129));
#7204 = CARTESIAN_POINT('',(0.614875807063,0.971485965404));
#7205 = CARTESIAN_POINT('',(0.584727731327,0.971750861844));
#7206 = CARTESIAN_POINT('',(0.554830972178,0.971917327412));
#7207 = CARTESIAN_POINT('',(0.52014934398,0.971996817236));
#7208 = CARTESIAN_POINT('',(0.515300972569,0.972005340174));
#7209 = CARTESIAN_POINT('',(0.510453970957,0.972011270609));
#7210 = CARTESIAN_POINT('',(0.505607667775,0.972014609335));
#7211 = CARTESIAN_POINT('',(0.500761390156,0.972015356303));
#7212 = CARTESIAN_POINT('',(0.495914463738,0.972013510619));
#7213 = ( GEOMETRIC_REPRESENTATION_CONTEXT(2) 
PARAMETRIC_REPRESENTATION_CONTEXT() REPRESENTATION_CONTEXT('2D SPACE',''
  ) );
#7214 = ORIENTED_EDGE('',*,*,#7215,.T.);
#7215 = EDGE_CURVE('',#7106,#7216,#7218,.T.);
#7216 = VERTEX_POINT('',#7217);
#7217 = CARTESIAN_POINT('',(39.75,0.,109.));
#7218 = SURFACE_CURVE('',#7219,(#7223,#7230),.PCURVE_S1.);
#7219 = LINE('',#7220,#7221);
#7220 = CARTESIAN_POINT('',(39.75,0.,80.7));
#7221 = VECTOR('',#7222,1.);
#7222 = DIRECTION('',(0.,0.,1.));
#7223 = PCURVE('',#6228,#7224);
#7224 = DEFINITIONAL_REPRESENTATION('',(#7225),#7229);
#7225 = LINE('',#7226,#7227);
#7226 = CARTESIAN_POINT('',(-0.,0.));
#7227 = VECTOR('',#7228,1.);
#7228 = DIRECTION('',(-0.,-1.));
#7229 = ( GEOMETRIC_REPRESENTATION_CONTEXT(2) 
PARAMETRIC_REPRESENTATION_CONTEXT() REPRESENTATION_CONTEXT('2D SPACE',''
  ) );
#7230 = PCURVE('',#7231,#7236);
#7231 = CYLINDRICAL_SURFACE('',#7232,39.75);
#7232 = AXIS2_PLACEMENT_3D('',#7233,#7234,#7235);
#7233 = CARTESIAN_POINT('',(0.,0.,80.7));
#7234 = DIRECTION('',(-0.,-0.,-1.));
#7235 = DIRECTION('',(1.,0.,0.));
#7236 = DEFINITIONAL_REPRESENTATION('',(#7237),#7241);
#7237 = LINE('',#7238,#7239);
#7238 = CARTESIAN_POINT('',(-6.28318530718,0.));
#7239 = VECTOR('',#7240,1.);
#7240 = DIRECTION('',(-0.,-1.));
#7241 = ( GEOMETRIC_REPRESENTATION_CONTEXT(2) 
PARAMETRIC_REPRESENTATION_CONTEXT() REPRESENTATION_CONTEXT('2D SPACE',''
  ) );
#7242 = ORIENTED_EDGE('',*,*,#7243,.T.);
#7243 = EDGE_CURVE('',#7216,#7244,#7246,.T.);
#7244 = VERTEX_POINT('',#7245);
#7245 = CARTESIAN_POINT('',(-39.75,-5.670707908706E-06,109.));
#7246 = SURFACE_CURVE('',#7247,(#7252,#7259),.PCURVE_S1.);
#7247 = CIRCLE('',#7248,39.75);
#7248 = AXIS2_PLACEMENT_3D('',#7249,#7250,#7251);
#7249 = CARTESIAN_POINT('',(0.,0.,109.));
#7250 = DIRECTION('',(0.,0.,1.));
#7251 = DIRECTION('',(1.,0.,0.));
#7252 = PCURVE('',#6228,#7253);
#7253 = DEFINITIONAL_REPRESENTATION('',(#7254),#7258);
#7254 = LINE('',#7255,#7256);
#7255 = CARTESIAN_POINT('',(-0.,-28.3));
#7256 = VECTOR('',#7257,1.);
#7257 = DIRECTION('',(-1.,0.));
#7258 = ( GEOMETRIC_REPRESENTATION_CONTEXT(2) 
PARAMETRIC_REPRESENTATION_CONTEXT() REPRESENTATION_CONTEXT('2D SPACE',''
  ) );
#7259 = PCURVE('',#7260,#7265);
#7260 = PLANE('',#7261);
#7261 = AXIS2_PLACEMENT_3D('',#7262,#7263,#7264);
#7262 = CARTESIAN_POINT('',(-4.403329231825E-15,5.790076070423E-16,109.)
  );
#7263 = DIRECTION('',(0.,0.,1.));
#7264 = DIRECTION('',(1.,0.,-0.));
#7265 = DEFINITIONAL_REPRESENTATION('',(#7266),#7270);
#7266 = CIRCLE('',#7267,39.75);
#7267 = AXIS2_PLACEMENT_2D('',#7268,#7269);
#7268 = CARTESIAN_POINT('',(4.403329231825E-15,-5.790076070423E-16));
#7269 = DIRECTION('',(1.,0.));
#7270 = ( GEOMETRIC_REPRESENTATION_CONTEXT(2) 
PARAMETRIC_REPRESENTATION_CONTEXT() REPRESENTATION_CONTEXT('2D SPACE',''
  ) );
#7271 = ORIENTED_EDGE('',*,*,#7272,.T.);
#7272 = EDGE_CURVE('',#7244,#7273,#7275,.T.);
#7273 = VERTEX_POINT('',#7274);
#7274 = CARTESIAN_POINT('',(-39.75,-5.670707919993E-06,98.064694677996)
  );
#7275 = SURFACE_CURVE('',#7276,(#7280,#7286),.PCURVE_S1.);
#7276 = LINE('',#7277,#7278);
#7277 = CARTESIAN_POINT('',(-39.75,-5.670707919931E-06,80.7));
#7278 = VECTOR('',#7279,1.);
#7279 = DIRECTION('',(-0.,-0.,-1.));
#7280 = PCURVE('',#6228,#7281);
#7281 = DEFINITIONAL_REPRESENTATION('',(#7282),#7285);
#7282 = B_SPLINE_CURVE_WITH_KNOTS('',1,(#7283,#7284),.UNSPECIFIED.,.F.,
  .F.,(2,2),(-28.3000006,1.199999999812E-06),.PIECEWISE_BEZIER_KNOTS.);
#7283 = CARTESIAN_POINT('',(-3.141592796249,-28.3000006));
#7284 = CARTESIAN_POINT('',(-3.141592796249,1.199999999812E-06));
#7285 = ( GEOMETRIC_REPRESENTATION_CONTEXT(2) 
PARAMETRIC_REPRESENTATION_CONTEXT() REPRESENTATION_CONTEXT('2D SPACE',''
  ) );
#7286 = PCURVE('',#7287,#7292);
#7287 = PLANE('',#7288);
#7288 = AXIS2_PLACEMENT_3D('',#7289,#7290,#7291);
#7289 = CARTESIAN_POINT('',(1.847204318023E-04,-5.670707919931E-06,
    52.831249336744));
#7290 = DIRECTION('',(-0.,-1.,-0.));
#7291 = DIRECTION('',(0.,0.,-1.));
#7292 = DEFINITIONAL_REPRESENTATION('',(#7293),#7296);
#7293 = B_SPLINE_CURVE_WITH_KNOTS('',1,(#7294,#7295),.UNSPECIFIED.,.F.,
  .F.,(2,2),(-28.3000006,1.199999999812E-06),.PIECEWISE_BEZIER_KNOTS.);
#7294 = CARTESIAN_POINT('',(-56.16875126325,-39.75018472043));
#7295 = CARTESIAN_POINT('',(-27.86874946325,-39.75018472043));
#7296 = ( GEOMETRIC_REPRESENTATION_CONTEXT(2) 
PARAMETRIC_REPRESENTATION_CONTEXT() REPRESENTATION_CONTEXT('2D SPACE',''
  ) );
#7297 = ORIENTED_EDGE('',*,*,#7298,.T.);
#7298 = EDGE_CURVE('',#7273,#6643,#7299,.T.);
#7299 = SURFACE_CURVE('',#7300,(#7347,#7397),.PCURVE_S1.);
#7300 = B_SPLINE_CURVE_WITH_KNOTS('',5,(#7301,#7302,#7303,#7304,#7305,
    #7306,#7307,#7308,#7309,#7310,#7311,#7312,#7313,#7314,#7315,#7316,
    #7317,#7318,#7319,#7320,#7321,#7322,#7323,#7324,#7325,#7326,#7327,
    #7328,#7329,#7330,#7331,#7332,#7333,#7334,#7335,#7336,#7337,#7338,
    #7339,#7340,#7341,#7342,#7343,#7344,#7345,#7346),.UNSPECIFIED.,.F.,
  .F.,(6,4,4,4,4,4,4,4,4,4,4,6),(0.,0.103830234083,0.182334703089,
    0.21944291256,0.28131618191,0.349114832632,0.500005178744,
    0.650514413687,0.718323751624,0.781191398699,0.896774291498,1.),
  .UNSPECIFIED.);
#7301 = CARTESIAN_POINT('',(-39.74172478392,-0.811055607835,
    97.662934369644));
#7302 = CARTESIAN_POINT('',(-39.74191543927,-0.80171349551,
    97.693322089952));
#7303 = CARTESIAN_POINT('',(-39.74217243903,-0.788985162117,
    97.723187213926));
#7304 = CARTESIAN_POINT('',(-39.74249307291,-0.772813226825,
    97.752248780794));
#7305 = CARTESIAN_POINT('',(-39.74286926245,-0.753234156873,
    97.780227797878));
#7306 = CARTESIAN_POINT('',(-39.7436043667,-0.713238097707,
    97.82702385783));
#7307 = CARTESIAN_POINT('',(-39.7439451715,-0.694187703845,
    97.846414182611));
#7308 = CARTESIAN_POINT('',(-39.74430468861,-0.673395943118,
    97.864940583038));
#7309 = CARTESIAN_POINT('',(-39.74467612867,-0.650990847381,
    97.882526285847));
#7310 = CARTESIAN_POINT('',(-39.74523067206,-0.615845845461,
    97.906961199361));
#7311 = CARTESIAN_POINT('',(-39.74540981284,-0.604238884963,
    97.914582287225));
#7312 = CARTESIAN_POINT('',(-39.74558938483,-0.592321385827,
    97.921976311997));
#7313 = CARTESIAN_POINT('',(-39.74576869035,-0.580109666895,
    97.929139332028));
#7314 = CARTESIAN_POINT('',(-39.74624444687,-0.546796219775,
    97.947622653283));
#7315 = CARTESIAN_POINT('',(-39.74653922786,-0.525200181535,
    97.958526787087));
#7316 = CARTESIAN_POINT('',(-39.74682824563,-0.502910031708,
    97.968769903726));
#7317 = CARTESIAN_POINT('',(-39.74710869886,-0.480000423366,
    97.97834786557));
#7318 = CARTESIAN_POINT('',(-39.74767337208,-0.43083904668,
    97.997033233881));
#7319 = CARTESIAN_POINT('',(-39.74795538775,-0.404476978674,
    98.006007143547));
#7320 = CARTESIAN_POINT('',(-39.74822099596,-0.377549267935,
    98.014189591292));
#7321 = CARTESIAN_POINT('',(-39.74846759315,-0.350139687198,
    98.021588315755));
#7322 = CARTESIAN_POINT('',(-39.74919516513,-0.260415988598,
    98.04296172087));
#7323 = CARTESIAN_POINT('',(-39.74959285801,-0.196510815854,
    98.053877305428));
#7324 = CARTESIAN_POINT('',(-39.7498642734,-0.131386016977,
    98.061088390712));
#7325 = CARTESIAN_POINT('',(-39.75000000095,-6.570019485329E-02,
    98.064694703278));
#7326 = CARTESIAN_POINT('',(-39.74999999905,6.553540211208E-02,
    98.064694652798));
#7327 = CARTESIAN_POINT('',(-39.74986495418,0.131055456514,
    98.061106482555));
#7328 = CARTESIAN_POINT('',(-39.74959490586,0.196018561629,
    98.053931704671));
#7329 = CARTESIAN_POINT('',(-39.74919917075,0.259771452039,
    98.04307165632));
#7330 = CARTESIAN_POINT('',(-39.74847435311,0.349372516239,
    98.021790313158));
#7331 = CARTESIAN_POINT('',(-39.74822815237,0.376796724506,
    98.014407821509));
#7332 = CARTESIAN_POINT('',(-39.7479628945,0.403740261412,
    98.006241522359));
#7333 = CARTESIAN_POINT('',(-39.74768117781,0.430119414182,
    97.99728363352));
#7334 = CARTESIAN_POINT('',(-39.74711268509,0.479689470665,
    97.97848688883));
#7335 = CARTESIAN_POINT('',(-39.74682777658,0.502972563219,
    97.968760107723));
#7336 = CARTESIAN_POINT('',(-39.74653399306,0.5256171767,97.9583472902)
  );
#7337 = CARTESIAN_POINT('',(-39.74623432134,0.547543349251,
    97.947251245618));
#7338 = CARTESIAN_POINT('',(-39.74537629821,0.60751292892,
    97.913852764598));
#7339 = CARTESIAN_POINT('',(-39.74481158892,0.643665388928,
    97.889949144179));
#7340 = CARTESIAN_POINT('',(-39.74425858627,0.676598609652,
    97.863868138252));
#7341 = CARTESIAN_POINT('',(-39.74374065698,0.705845220196,
    97.835802761081));
#7342 = CARTESIAN_POINT('',(-39.74286055757,0.753687122727,
    97.779579289485));
#7343 = CARTESIAN_POINT('',(-39.74248750574,0.773093965529,
    97.751743610677));
#7344 = CARTESIAN_POINT('',(-39.7421694639,0.789132524185,
    97.722841140102));
#7345 = CARTESIAN_POINT('',(-39.74191433501,0.80176760433,
    97.693146086538));
#7346 = CARTESIAN_POINT('',(-39.74172478392,0.811055607835,
    97.662934369643));
#7347 = PCURVE('',#6228,#7348);
#7348 = DEFINITIONAL_REPRESENTATION('',(#7349),#7396);
#7349 = B_SPLINE_CURVE_WITH_KNOTS('',5,(#7350,#7351,#7352,#7353,#7354,
    #7355,#7356,#7357,#7358,#7359,#7360,#7361,#7362,#7363,#7364,#7365,
    #7366,#7367,#7368,#7369,#7370,#7371,#7372,#7373,#7374,#7375,#7376,
    #7377,#7378,#7379,#7380,#7381,#7382,#7383,#7384,#7385,#7386,#7387,
    #7388,#7389,#7390,#7391,#7392,#7393,#7394,#7395),.UNSPECIFIED.,.F.,
  .F.,(6,4,4,4,4,4,4,4,4,4,4,6),(0.,0.103830234083,0.182334703089,
    0.21944291256,0.28131618191,0.349114832632,0.500005178744,
    0.650514413687,0.718323751624,0.781191398699,0.896774291498,1.),
  .UNSPECIFIED.);
#7350 = CARTESIAN_POINT('',(-3.161997984276,-16.96293436964));
#7351 = CARTESIAN_POINT('',(-3.161762913645,-16.99332208995));
#7352 = CARTESIAN_POINT('',(-3.161442638743,-17.02318721392));
#7353 = CARTESIAN_POINT('',(-3.161035717685,-17.05224878079));
#7354 = CARTESIAN_POINT('',(-3.160543071726,-17.08022779787));
#7355 = CARTESIAN_POINT('',(-3.159536711626,-17.12702385783));
#7356 = CARTESIAN_POINT('',(-3.159057379807,-17.14641418261));
#7357 = CARTESIAN_POINT('',(-3.158534238598,-17.16494058303));
#7358 = CARTESIAN_POINT('',(-3.15797051112,-17.18252628584));
#7359 = CARTESIAN_POINT('',(-3.157086250072,-17.20696119936));
#7360 = CARTESIAN_POINT('',(-3.156794216307,-17.21458228722));
#7361 = CARTESIAN_POINT('',(-3.156494371003,-17.22197631199));
#7362 = CARTESIAN_POINT('',(-3.156187124859,-17.22913933202));
#7363 = CARTESIAN_POINT('',(-3.155348965258,-17.24762265328));
#7364 = CARTESIAN_POINT('',(-3.154805618198,-17.25852678708));
#7365 = CARTESIAN_POINT('',(-3.154244812758,-17.26876990372));
#7366 = CARTESIAN_POINT('',(-3.153668427392,-17.27834786557));
#7367 = CARTESIAN_POINT('',(-3.152431581618,-17.29703323388));
#7368 = CARTESIAN_POINT('',(-3.151768347201,-17.30600714354));
#7369 = CARTESIAN_POINT('',(-3.151090887881,-17.31418959129));
#7370 = CARTESIAN_POINT('',(-3.150401311051,-17.32158831575));
#7371 = CARTESIAN_POINT('',(-3.148144036875,-17.34296172087));
#7372 = CARTESIAN_POINT('',(-3.146536331305,-17.35387730542));
#7373 = CARTESIAN_POINT('',(-3.144897962196,-17.36108839071));
#7374 = CARTESIAN_POINT('',(-3.14324548868,-17.36469470327));
#7375 = CARTESIAN_POINT('',(-3.139943964228,-17.36469465279));
#7376 = CARTESIAN_POINT('',(-3.13829566097,-17.36110648255));
#7377 = CARTESIAN_POINT('',(-3.136661359699,-17.35393170467));
#7378 = CARTESIAN_POINT('',(-3.135057485346,-17.34307165632));
#7379 = CARTESIAN_POINT('',(-3.132803296771,-17.32179031315));
#7380 = CARTESIAN_POINT('',(-3.132113352058,-17.3144078215));
#7381 = CARTESIAN_POINT('',(-3.131435494702,-17.30624152235));
#7382 = CARTESIAN_POINT('',(-3.130771830585,-17.29728363352));
#7383 = CARTESIAN_POINT('',(-3.129524703132,-17.27848688883));
#7384 = CARTESIAN_POINT('',(-3.128938921276,-17.26876010772));
#7385 = CARTESIAN_POINT('',(-3.128369197719,-17.2583472902));
#7386 = CARTESIAN_POINT('',(-3.127817544491,-17.24725124561));
#7387 = CARTESIAN_POINT('',(-3.126308721409,-17.21385276459));
#7388 = CARTESIAN_POINT('',(-3.125399115405,-17.18994914417));
#7389 = CARTESIAN_POINT('',(-3.12457049048,-17.16386813825));
#7390 = CARTESIAN_POINT('',(-3.123834611495,-17.13580276108));
#7391 = CARTESIAN_POINT('',(-3.122630837986,-17.07957928948));
#7392 = CARTESIAN_POINT('',(-3.122142525497,-17.05174361067));
#7393 = CARTESIAN_POINT('',(-3.121738960459,-17.0228411401));
#7394 = CARTESIAN_POINT('',(-3.121421032023,-16.99314608653));
#7395 = CARTESIAN_POINT('',(-3.121187322903,-16.96293436964));
#7396 = ( GEOMETRIC_REPRESENTATION_CONTEXT(2) 
PARAMETRIC_REPRESENTATION_CONTEXT() REPRESENTATION_CONTEXT('2D SPACE',''
  ) );
#7397 = PCURVE('',#6805,#7398);
#7398 = DEFINITIONAL_REPRESENTATION('',(#7399),#7446);
#7399 = B_SPLINE_CURVE_WITH_KNOTS('',5,(#7400,#7401,#7402,#7403,#7404,
    #7405,#7406,#7407,#7408,#7409,#7410,#7411,#7412,#7413,#7414,#7415,
    #7416,#7417,#7418,#7419,#7420,#7421,#7422,#7423,#7424,#7425,#7426,
    #7427,#7428,#7429,#7430,#7431,#7432,#7433,#7434,#7435,#7436,#7437,
    #7438,#7439,#7440,#7441,#7442,#7443,#7444,#7445),.UNSPECIFIED.,.F.,
  .F.,(6,4,4,4,4,4,4,4,4,4,4,6),(0.,0.103830234083,0.182334703089,
    0.21944291256,0.28131618191,0.349114832632,0.500005178744,
    0.650514413687,0.718323751624,0.781191398699,0.896774291498,1.),
  .UNSPECIFIED.);
#7400 = CARTESIAN_POINT('',(7.,0.962407805286));
#7401 = CARTESIAN_POINT('',(6.977983569048,0.963099908451));
#7402 = CARTESIAN_POINT('',(6.955943392896,0.963785991873));
#7403 = CARTESIAN_POINT('',(6.933903502847,0.964459474199));
#7404 = CARTESIAN_POINT('',(6.911900917102,0.965113341504));
#7405 = CARTESIAN_POINT('',(6.873440974796,0.96621538866));
#7406 = CARTESIAN_POINT('',(6.856937572359,0.966674911832));
#7407 = CARTESIAN_POINT('',(6.840516349675,0.967116611908));
#7408 = CARTESIAN_POINT('',(6.824197634452,0.967538205798));
#7409 = CARTESIAN_POINT('',(6.800343414993,0.968126921745));
#7410 = CARTESIAN_POINT('',(6.792713717154,0.968311008217));
#7411 = CARTESIAN_POINT('',(6.785112470855,0.968490045265));
#7412 = CARTESIAN_POINT('',(6.777540916931,0.968663889417));
#7413 = CARTESIAN_POINT('',(6.757426144988,0.969113448692));
#7414 = CARTESIAN_POINT('',(6.744937328059,0.969379715568));
#7415 = CARTESIAN_POINT('',(6.732536906765,0.969630733363));
#7416 = CARTESIAN_POINT('',(6.720225293608,0.969866195603));
#7417 = CARTESIAN_POINT('',(6.694603586305,0.970326825006));
#7418 = CARTESIAN_POINT('',(6.68131092568,0.970548833651));
#7419 = CARTESIAN_POINT('',(6.668117852182,0.970751869828));
#7420 = CARTESIAN_POINT('',(6.655017431222,0.970935916609));
#7421 = CARTESIAN_POINT('',(6.613028187356,0.971468669304));
#7422 = CARTESIAN_POINT('',(6.584475302007,0.97174260273));
#7423 = CARTESIAN_POINT('',(6.556210696578,0.971924164784));
#7424 = CARTESIAN_POINT('',(6.528108319777,0.972014966871));
#7425 = CARTESIAN_POINT('',(6.471962183014,0.9720149656));
#7426 = CARTESIAN_POINT('',(6.443930725736,0.971924620311));
#7427 = CARTESIAN_POINT('',(6.415738320091,0.971743972414));
#7428 = CARTESIAN_POINT('',(6.387259759958,0.97147142823));
#7429 = CARTESIAN_POINT('',(6.345347633405,0.970940943344));
#7430 = CARTESIAN_POINT('',(6.332247158917,0.970757290068));
#7431 = CARTESIAN_POINT('',(6.319054138927,0.970554642157));
#7432 = CARTESIAN_POINT('',(6.305761601547,0.970333015137));
#7433 = CARTESIAN_POINT('',(6.279945659415,0.969869607188));
#7434 = CARTESIAN_POINT('',(6.267436920761,0.969630479127));
#7435 = CARTESIAN_POINT('',(6.254836586731,0.969375304404));
#7436 = CARTESIAN_POINT('',(6.242144790762,0.969104372985));
#7437 = CARTESIAN_POINT('',(6.205870758888,0.968292163536));
#7438 = CARTESIAN_POINT('',(6.182073641618,0.967714540932));
#7439 = CARTESIAN_POINT('',(6.15801569144,0.96708907731));
#7440 = CARTESIAN_POINT('',(6.133748847451,0.966422003324));
#7441 = CARTESIAN_POINT('',(6.087589262272,0.965098187097));
#7442 = CARTESIAN_POINT('',(6.06571344397,0.964447767753));
#7443 = CARTESIAN_POINT('',(6.043801221839,0.963778041858));
#7444 = CARTESIAN_POINT('',(6.021888913423,0.963095899841));
#7445 = CARTESIAN_POINT('',(6.,0.962407805286));
#7446 = ( GEOMETRIC_REPRESENTATION_CONTEXT(2) 
PARAMETRIC_REPRESENTATION_CONTEXT() REPRESENTATION_CONTEXT('2D SPACE',''
  ) );
#7447 = ORIENTED_EDGE('',*,*,#6642,.F.);
#7448 = ORIENTED_EDGE('',*,*,#7069,.F.);
#7449 = ADVANCED_FACE('',(#7450),#6078,.F.);
#7450 = FACE_BOUND('',#7451,.F.);
#7451 = EDGE_LOOP('',(#7452,#7525,#7526,#7527));
#7452 = ORIENTED_EDGE('',*,*,#7453,.F.);
#7453 = EDGE_CURVE('',#7106,#7454,#7456,.T.);
#7454 = VERTEX_POINT('',#7455);
#7455 = CARTESIAN_POINT('',(37.499999944657,-5.670707919986E-06,99.));
#7456 = SURFACE_CURVE('',#7457,(#7476,#7498),.PCURVE_S1.);
#7457 = B_SPLINE_CURVE_WITH_KNOTS('',5,(#7458,#7459,#7460,#7461,#7462,
    #7463,#7464,#7465,#7466,#7467,#7468,#7469,#7470,#7471,#7472,#7473,
    #7474,#7475),.UNSPECIFIED.,.F.,.F.,(6,4,4,4,6),(0.,0.233745435443,
    0.476856751384,0.732073902092,1.),.UNSPECIFIED.);
#7458 = CARTESIAN_POINT('',(40.398461158838,-5.670707919931E-06,
    97.662749791701));
#7459 = CARTESIAN_POINT('',(40.274751951058,-5.670707919931E-06,
    97.747259417339));
#7460 = CARTESIAN_POINT('',(40.149137394266,-5.670707919931E-06,
    97.828980284334));
#7461 = CARTESIAN_POINT('',(40.021758281043,-5.670707919931E-06,
    97.907938406904));
#7462 = CARTESIAN_POINT('',(39.892750140383,-5.670707919931E-06,
    97.984177025991));
#7463 = CARTESIAN_POINT('',(39.626498335513,-5.670707919931E-06,
    98.134270420115));
#7464 = CARTESIAN_POINT('',(39.489131788296,-5.670707919931E-06,
    98.207906892426));
#7465 = CARTESIAN_POINT('',(39.350281236643,-5.670707919931E-06,
    98.278721077924));
#7466 = CARTESIAN_POINT('',(39.210076644009,-5.670707919931E-06,
    98.346783405695));
#7467 = CARTESIAN_POINT('',(38.92015226771,-5.670707919931E-06,
    98.480818316003));
#7468 = CARTESIAN_POINT('',(38.770306395831,-5.670707919931E-06,
    98.546517341355));
#7469 = CARTESIAN_POINT('',(38.619234196899,-5.670707919931E-06,
    98.609361065377));
#7470 = CARTESIAN_POINT('',(38.467056699929,-5.670707919931E-06,
    98.669443687692));
#7471 = CARTESIAN_POINT('',(38.153075939763,-5.670707919931E-06,
    98.7871404346));
#7472 = CARTESIAN_POINT('',(37.991171092031,-5.670707919931E-06,
    98.844482049736));
#7473 = CARTESIAN_POINT('',(37.82828810269,-5.670707919931E-06,
    98.898999436526));
#7474 = CARTESIAN_POINT('',(37.664533918883,-5.670707919931E-06,
    98.950802721793));
#7475 = CARTESIAN_POINT('',(37.499999944657,-5.670707919931E-06,99.));
#7476 = PCURVE('',#6078,#7477);
#7477 = DEFINITIONAL_REPRESENTATION('',(#7478),#7497);
#7478 = B_SPLINE_CURVE_WITH_KNOTS('',5,(#7479,#7480,#7481,#7482,#7483,
    #7484,#7485,#7486,#7487,#7488,#7489,#7490,#7491,#7492,#7493,#7494,
    #7495,#7496),.UNSPECIFIED.,.F.,.F.,(6,4,4,4,6),(0.,0.233745435443,
    0.476856751384,0.732073902092,1.),.UNSPECIFIED.);
#7479 = CARTESIAN_POINT('',(0.49472854772,0.962403601472));
#7480 = CARTESIAN_POINT('',(0.494954773658,0.96432829219));
#7481 = CARTESIAN_POINT('',(0.495184239243,0.966234970841));
#7482 = CARTESIAN_POINT('',(0.495416702795,0.968122854707));
#7483 = CARTESIAN_POINT('',(0.49565193374,0.969991403556));
#7484 = CARTESIAN_POINT('',(0.496137032743,0.973763222775));
#7485 = CARTESIAN_POINT('',(0.496387109617,0.975664880092));
#7486 = CARTESIAN_POINT('',(0.496639710484,0.97754487327));
#7487 = CARTESIAN_POINT('',(0.496894617726,0.979403023427));
#7488 = CARTESIAN_POINT('',(0.497421451815,0.983167104437));
#7489 = CARTESIAN_POINT('',(0.497693593884,0.985070797975));
#7490 = CARTESIAN_POINT('',(0.497967836587,0.986950443239));
#7491 = CARTESIAN_POINT('',(0.498243980904,0.988806208612));
#7492 = CARTESIAN_POINT('',(0.498813564271,0.992561852848));
#7493 = CARTESIAN_POINT('',(0.499107179031,0.994459316652));
#7494 = CARTESIAN_POINT('',(0.499402499092,0.996331170718));
#7495 = CARTESIAN_POINT('',(0.499699352245,0.998177878585));
#7496 = CARTESIAN_POINT('',(0.499997593277,1.));
#7497 = ( GEOMETRIC_REPRESENTATION_CONTEXT(2) 
PARAMETRIC_REPRESENTATION_CONTEXT() REPRESENTATION_CONTEXT('2D SPACE',''
  ) );
#7498 = PCURVE('',#7499,#7504);
#7499 = PLANE('',#7500);
#7500 = AXIS2_PLACEMENT_3D('',#7501,#7502,#7503);
#7501 = CARTESIAN_POINT('',(1.847204318023E-04,-5.670707919931E-06,
    52.831249336744));
#7502 = DIRECTION('',(-0.,-1.,-0.));
#7503 = DIRECTION('',(0.,0.,-1.));
#7504 = DEFINITIONAL_REPRESENTATION('',(#7505),#7524);
#7505 = B_SPLINE_CURVE_WITH_KNOTS('',5,(#7506,#7507,#7508,#7509,#7510,
    #7511,#7512,#7513,#7514,#7515,#7516,#7517,#7518,#7519,#7520,#7521,
    #7522,#7523),.UNSPECIFIED.,.F.,.F.,(6,4,4,4,6),(0.,0.233745435443,
    0.476856751384,0.732073902092,1.),.UNSPECIFIED.);
#7506 = CARTESIAN_POINT('',(-44.83150045495,40.398276438406));
#7507 = CARTESIAN_POINT('',(-44.91601008059,40.274567230626));
#7508 = CARTESIAN_POINT('',(-44.99773094759,40.148952673834));
#7509 = CARTESIAN_POINT('',(-45.07668907016,40.021573560611));
#7510 = CARTESIAN_POINT('',(-45.15292768924,39.892565419951));
#7511 = CARTESIAN_POINT('',(-45.30302108337,39.626313615082));
#7512 = CARTESIAN_POINT('',(-45.37665755568,39.488947067865));
#7513 = CARTESIAN_POINT('',(-45.44747174118,39.350096516212));
#7514 = CARTESIAN_POINT('',(-45.51553406895,39.209891923577));
#7515 = CARTESIAN_POINT('',(-45.64956897925,38.919967547278));
#7516 = CARTESIAN_POINT('',(-45.71526800461,38.770121675399));
#7517 = CARTESIAN_POINT('',(-45.77811172863,38.619049476467));
#7518 = CARTESIAN_POINT('',(-45.83819435094,38.466871979498));
#7519 = CARTESIAN_POINT('',(-45.95589109785,38.152891219331));
#7520 = CARTESIAN_POINT('',(-46.01323271299,37.990986371599));
#7521 = CARTESIAN_POINT('',(-46.06775009978,37.828103382259));
#7522 = CARTESIAN_POINT('',(-46.11955338505,37.664349198451));
#7523 = CARTESIAN_POINT('',(-46.16875066325,37.499815224225));
#7524 = ( GEOMETRIC_REPRESENTATION_CONTEXT(2) 
PARAMETRIC_REPRESENTATION_CONTEXT() REPRESENTATION_CONTEXT('2D SPACE',''
  ) );
#7525 = ORIENTED_EDGE('',*,*,#7105,.F.);
#7526 = ORIENTED_EDGE('',*,*,#6061,.T.);
#7527 = ORIENTED_EDGE('',*,*,#7528,.F.);
#7528 = EDGE_CURVE('',#7454,#6018,#7529,.T.);
#7529 = SURFACE_CURVE('',#7530,(#7542,#7549),.PCURVE_S1.);
#7530 = B_SPLINE_CURVE_WITH_KNOTS('',10,(#7531,#7532,#7533,#7534,#7535,
    #7536,#7537,#7538,#7539,#7540,#7541),.UNSPECIFIED.,.F.,.F.,(11,11),(
    0.,1.),.PIECEWISE_BEZIER_KNOTS.);
#7531 = CARTESIAN_POINT('',(36.75,-0.75,99.));
#7532 = CARTESIAN_POINT('',(36.985619449019,-0.75,99.));
#7533 = CARTESIAN_POINT('',(37.221241071558,-0.667753520049,99.));
#7534 = CARTESIAN_POINT('',(37.424550431438,-0.503258522416,99.));
#7535 = CARTESIAN_POINT('',(37.563305417225,-0.271019590411,99.));
#7536 = CARTESIAN_POINT('',(37.612680472819,3.869127240819E-15,99.));
#7537 = CARTESIAN_POINT('',(37.563305417228,0.271019590411,99.));
#7538 = CARTESIAN_POINT('',(37.424550431434,0.503258522416,99.));
#7539 = CARTESIAN_POINT('',(37.22124107156,0.667753520049,99.));
#7540 = CARTESIAN_POINT('',(36.985619449019,0.75,99.));
#7541 = CARTESIAN_POINT('',(36.75,0.75,99.));
#7542 = PCURVE('',#6078,#7543);
#7543 = DEFINITIONAL_REPRESENTATION('',(#7544),#7548);
#7544 = LINE('',#7545,#7546);
#7545 = CARTESIAN_POINT('',(0.,1.));
#7546 = VECTOR('',#7547,1.);
#7547 = DIRECTION('',(1.,0.));
#7548 = ( GEOMETRIC_REPRESENTATION_CONTEXT(2) 
PARAMETRIC_REPRESENTATION_CONTEXT() REPRESENTATION_CONTEXT('2D SPACE',''
  ) );
#7549 = PCURVE('',#7550,#7555);
#7550 = CYLINDRICAL_SURFACE('',#7551,0.75);
#7551 = AXIS2_PLACEMENT_3D('',#7552,#7553,#7554);
#7552 = CARTESIAN_POINT('',(36.75,0.,99.));
#7553 = DIRECTION('',(0.,0.,-1.));
#7554 = DIRECTION('',(0.,1.,0.));
#7555 = DEFINITIONAL_REPRESENTATION('',(#7556),#7559);
#7556 = B_SPLINE_CURVE_WITH_KNOTS('',1,(#7557,#7558),.UNSPECIFIED.,.F.,
  .F.,(2,2),(0.,1.),.PIECEWISE_BEZIER_KNOTS.);
#7557 = CARTESIAN_POINT('',(3.14159265359,0.));
#7558 = CARTESIAN_POINT('',(0.,0.));
#7559 = ( GEOMETRIC_REPRESENTATION_CONTEXT(2) 
PARAMETRIC_REPRESENTATION_CONTEXT() REPRESENTATION_CONTEXT('2D SPACE',''
  ) );
#7560 = ADVANCED_FACE('',(#7561),#6041,.F.);
#7561 = FACE_BOUND('',#7562,.F.);
#7562 = EDGE_LOOP('',(#7563,#7564,#7592,#7620,#7641,#7642,#7643,#7644));
#7563 = ORIENTED_EDGE('',*,*,#6857,.T.);
#7564 = ORIENTED_EDGE('',*,*,#7565,.T.);
#7565 = EDGE_CURVE('',#6789,#7566,#7568,.T.);
#7566 = VERTEX_POINT('',#7567);
#7567 = CARTESIAN_POINT('',(-36.75,0.75,107.5));
#7568 = SURFACE_CURVE('',#7569,(#7573,#7580),.PCURVE_S1.);
#7569 = LINE('',#7570,#7571);
#7570 = CARTESIAN_POINT('',(-36.75,0.75,99.));
#7571 = VECTOR('',#7572,1.);
#7572 = DIRECTION('',(0.,0.,1.));
#7573 = PCURVE('',#6041,#7574);
#7574 = DEFINITIONAL_REPRESENTATION('',(#7575),#7579);
#7575 = LINE('',#7576,#7577);
#7576 = CARTESIAN_POINT('',(0.,0.));
#7577 = VECTOR('',#7578,1.);
#7578 = DIRECTION('',(0.,-1.));
#7579 = ( GEOMETRIC_REPRESENTATION_CONTEXT(2) 
PARAMETRIC_REPRESENTATION_CONTEXT() REPRESENTATION_CONTEXT('2D SPACE',''
  ) );
#7580 = PCURVE('',#7581,#7586);
#7581 = CYLINDRICAL_SURFACE('',#7582,0.75);
#7582 = AXIS2_PLACEMENT_3D('',#7583,#7584,#7585);
#7583 = CARTESIAN_POINT('',(-36.75,0.,99.));
#7584 = DIRECTION('',(0.,-0.,-1.));
#7585 = DIRECTION('',(0.,-1.,0.));
#7586 = DEFINITIONAL_REPRESENTATION('',(#7587),#7591);
#7587 = LINE('',#7588,#7589);
#7588 = CARTESIAN_POINT('',(3.14159265359,0.));
#7589 = VECTOR('',#7590,1.);
#7590 = DIRECTION('',(0.,-1.));
#7591 = ( GEOMETRIC_REPRESENTATION_CONTEXT(2) 
PARAMETRIC_REPRESENTATION_CONTEXT() REPRESENTATION_CONTEXT('2D SPACE',''
  ) );
#7592 = ORIENTED_EDGE('',*,*,#7593,.T.);
#7593 = EDGE_CURVE('',#7566,#7594,#7596,.T.);
#7594 = VERTEX_POINT('',#7595);
#7595 = CARTESIAN_POINT('',(36.75,0.75,107.5));
#7596 = SURFACE_CURVE('',#7597,(#7601,#7608),.PCURVE_S1.);
#7597 = LINE('',#7598,#7599);
#7598 = CARTESIAN_POINT('',(-36.75,0.75,107.5));
#7599 = VECTOR('',#7600,1.);
#7600 = DIRECTION('',(1.,0.,0.));
#7601 = PCURVE('',#6041,#7602);
#7602 = DEFINITIONAL_REPRESENTATION('',(#7603),#7607);
#7603 = LINE('',#7604,#7605);
#7604 = CARTESIAN_POINT('',(0.,-8.5));
#7605 = VECTOR('',#7606,1.);
#7606 = DIRECTION('',(1.,0.));
#7607 = ( GEOMETRIC_REPRESENTATION_CONTEXT(2) 
PARAMETRIC_REPRESENTATION_CONTEXT() REPRESENTATION_CONTEXT('2D SPACE',''
  ) );
#7608 = PCURVE('',#7609,#7614);
#7609 = PLANE('',#7610);
#7610 = AXIS2_PLACEMENT_3D('',#7611,#7612,#7613);
#7611 = CARTESIAN_POINT('',(-36.75,2.25,109.));
#7612 = DIRECTION('',(0.,-0.707106781187,0.707106781187));
#7613 = DIRECTION('',(1.,0.,0.));
#7614 = DEFINITIONAL_REPRESENTATION('',(#7615),#7619);
#7615 = LINE('',#7616,#7617);
#7616 = CARTESIAN_POINT('',(0.,-2.12132034356));
#7617 = VECTOR('',#7618,1.);
#7618 = DIRECTION('',(1.,0.));
#7619 = ( GEOMETRIC_REPRESENTATION_CONTEXT(2) 
PARAMETRIC_REPRESENTATION_CONTEXT() REPRESENTATION_CONTEXT('2D SPACE',''
  ) );
#7620 = ORIENTED_EDGE('',*,*,#7621,.F.);
#7621 = EDGE_CURVE('',#6018,#7594,#7622,.T.);
#7622 = SURFACE_CURVE('',#7623,(#7627,#7634),.PCURVE_S1.);
#7623 = LINE('',#7624,#7625);
#7624 = CARTESIAN_POINT('',(36.75,0.75,99.));
#7625 = VECTOR('',#7626,1.);
#7626 = DIRECTION('',(0.,0.,1.));
#7627 = PCURVE('',#6041,#7628);
#7628 = DEFINITIONAL_REPRESENTATION('',(#7629),#7633);
#7629 = LINE('',#7630,#7631);
#7630 = CARTESIAN_POINT('',(73.5,0.));
#7631 = VECTOR('',#7632,1.);
#7632 = DIRECTION('',(0.,-1.));
#7633 = ( GEOMETRIC_REPRESENTATION_CONTEXT(2) 
PARAMETRIC_REPRESENTATION_CONTEXT() REPRESENTATION_CONTEXT('2D SPACE',''
  ) );
#7634 = PCURVE('',#7550,#7635);
#7635 = DEFINITIONAL_REPRESENTATION('',(#7636),#7640);
#7636 = LINE('',#7637,#7638);
#7637 = CARTESIAN_POINT('',(0.,0.));
#7638 = VECTOR('',#7639,1.);
#7639 = DIRECTION('',(0.,-1.));
#7640 = ( GEOMETRIC_REPRESENTATION_CONTEXT(2) 
PARAMETRIC_REPRESENTATION_CONTEXT() REPRESENTATION_CONTEXT('2D SPACE',''
  ) );
#7641 = ORIENTED_EDGE('',*,*,#6017,.T.);
#7642 = ORIENTED_EDGE('',*,*,#6375,.T.);
#7643 = ORIENTED_EDGE('',*,*,#6441,.T.);
#7644 = ORIENTED_EDGE('',*,*,#6507,.T.);
#7645 = ADVANCED_FACE('',(#7646),#6805,.F.);
#7646 = FACE_BOUND('',#7647,.F.);
#7647 = EDGE_LOOP('',(#7648,#7649,#7650,#7700));
#7648 = ORIENTED_EDGE('',*,*,#6788,.F.);
#7649 = ORIENTED_EDGE('',*,*,#7298,.F.);
#7650 = ORIENTED_EDGE('',*,*,#7651,.T.);
#7651 = EDGE_CURVE('',#7273,#7652,#7654,.T.);
#7652 = VERTEX_POINT('',#7653);
#7653 = CARTESIAN_POINT('',(-37.49999994465,-5.670707920097E-06,99.));
#7654 = SURFACE_CURVE('',#7655,(#7668,#7684),.PCURVE_S1.);
#7655 = B_SPLINE_CURVE_WITH_KNOTS('',6,(#7656,#7657,#7658,#7659,#7660,
    #7661,#7662,#7663,#7664,#7665,#7666,#7667),.UNSPECIFIED.,.F.,.F.,(7,
    5,7),(0.,0.324816013674,1.),.UNSPECIFIED.);
#7656 = CARTESIAN_POINT('',(-40.39837887916,-5.670707919931E-06,
    97.662908025759));
#7657 = CARTESIAN_POINT('',(-40.25511975457,-5.670707919931E-06,
    97.760758280994));
#7658 = CARTESIAN_POINT('',(-40.10940867417,-5.670707919931E-06,
    97.855018903527));
#7659 = CARTESIAN_POINT('',(-39.96143442771,-5.670707919931E-06,
    97.945725057039));
#7660 = CARTESIAN_POINT('',(-39.81137912495,-5.670707919931E-06,
    98.032933017424));
#7661 = CARTESIAN_POINT('',(-39.65941477867,-5.670707919931E-06,
    98.116714534528));
#7662 = CARTESIAN_POINT('',(-39.18617797818,-5.670707919931E-06,
    98.364352138545));
#7663 = CARTESIAN_POINT('',(-38.85911523573,-5.670707919931E-06,
    98.517088479654));
#7664 = CARTESIAN_POINT('',(-38.52589374471,-5.670707919931E-06,
    98.656122321696));
#7665 = CARTESIAN_POINT('',(-38.1877087122,-5.670707919931E-06,
    98.782354475465));
#7666 = CARTESIAN_POINT('',(-37.8455128247,-5.670707919931E-06,
    98.89669050132));
#7667 = CARTESIAN_POINT('',(-37.49999994465,-5.670707919931E-06,99.));
#7668 = PCURVE('',#6805,#7669);
#7669 = DEFINITIONAL_REPRESENTATION('',(#7670),#7683);
#7670 = B_SPLINE_CURVE_WITH_KNOTS('',6,(#7671,#7672,#7673,#7674,#7675,
    #7676,#7677,#7678,#7679,#7680,#7681,#7682),.UNSPECIFIED.,.F.,.F.,(7,
    5,7),(0.,0.324816013674,1.),.UNSPECIFIED.);
#7671 = CARTESIAN_POINT('',(6.500002435752,0.962407205286));
#7672 = CARTESIAN_POINT('',(6.500002433332,0.964635805237));
#7673 = CARTESIAN_POINT('',(6.500002431035,0.966841217031));
#7674 = CARTESIAN_POINT('',(6.50000242886,0.969022394837));
#7675 = CARTESIAN_POINT('',(6.500002426802,0.971178591808));
#7676 = CARTESIAN_POINT('',(6.50000242486,0.973309320328));
#7677 = CARTESIAN_POINT('',(6.500002419221,0.979789887298));
#7678 = CARTESIAN_POINT('',(6.500002415894,0.98405394406));
#7679 = CARTESIAN_POINT('',(6.500002413015,0.988204730963));
#7680 = CARTESIAN_POINT('',(6.500002410548,0.992243572485));
#7681 = CARTESIAN_POINT('',(6.500002408461,0.996173722271));
#7682 = CARTESIAN_POINT('',(6.500002406723,1.));
#7683 = ( GEOMETRIC_REPRESENTATION_CONTEXT(2) 
PARAMETRIC_REPRESENTATION_CONTEXT() REPRESENTATION_CONTEXT('2D SPACE',''
  ) );
#7684 = PCURVE('',#7287,#7685);
#7685 = DEFINITIONAL_REPRESENTATION('',(#7686),#7699);
#7686 = B_SPLINE_CURVE_WITH_KNOTS('',6,(#7687,#7688,#7689,#7690,#7691,
    #7692,#7693,#7694,#7695,#7696,#7697,#7698),.UNSPECIFIED.,.F.,.F.,(7,
    5,7),(0.,0.324816013674,1.),.UNSPECIFIED.);
#7687 = CARTESIAN_POINT('',(-44.83165868901,-40.39856359959));
#7688 = CARTESIAN_POINT('',(-44.92950894425,-40.255304475));
#7689 = CARTESIAN_POINT('',(-45.02376956678,-40.1095933946));
#7690 = CARTESIAN_POINT('',(-45.11447572029,-39.96161914814));
#7691 = CARTESIAN_POINT('',(-45.20168368068,-39.81156384538));
#7692 = CARTESIAN_POINT('',(-45.28546519778,-39.6595994991));
#7693 = CARTESIAN_POINT('',(-45.5331028018,-39.18636269862));
#7694 = CARTESIAN_POINT('',(-45.68583914291,-38.85929995616));
#7695 = CARTESIAN_POINT('',(-45.82487298495,-38.52607846515));
#7696 = CARTESIAN_POINT('',(-45.95110513872,-38.18789343263));
#7697 = CARTESIAN_POINT('',(-46.06544116457,-37.84569754513));
#7698 = CARTESIAN_POINT('',(-46.16875066325,-37.50018466508));
#7699 = ( GEOMETRIC_REPRESENTATION_CONTEXT(2) 
PARAMETRIC_REPRESENTATION_CONTEXT() REPRESENTATION_CONTEXT('2D SPACE',''
  ) );
#7700 = ORIENTED_EDGE('',*,*,#7701,.F.);
#7701 = EDGE_CURVE('',#6789,#7652,#7702,.T.);
#7702 = SURFACE_CURVE('',#7703,(#7715,#7722),.PCURVE_S1.);
#7703 = B_SPLINE_CURVE_WITH_KNOTS('',10,(#7704,#7705,#7706,#7707,#7708,
    #7709,#7710,#7711,#7712,#7713,#7714),.UNSPECIFIED.,.F.,.F.,(11,11),(
    6.,7.),.PIECEWISE_BEZIER_KNOTS.);
#7704 = CARTESIAN_POINT('',(-36.75,0.75,99.));
#7705 = CARTESIAN_POINT('',(-36.98561944901,0.75,99.));
#7706 = CARTESIAN_POINT('',(-37.22124107155,0.667753520049,99.));
#7707 = CARTESIAN_POINT('',(-37.42455043143,0.503258522416,99.));
#7708 = CARTESIAN_POINT('',(-37.56330541722,0.271019590411,99.));
#7709 = CARTESIAN_POINT('',(-37.61268047281,-3.863576125696E-15,99.));
#7710 = CARTESIAN_POINT('',(-37.56330541722,-0.271019590411,99.));
#7711 = CARTESIAN_POINT('',(-37.42455043143,-0.503258522416,99.));
#7712 = CARTESIAN_POINT('',(-37.22124107156,-0.667753520049,99.));
#7713 = CARTESIAN_POINT('',(-36.98561944901,-0.75,99.));
#7714 = CARTESIAN_POINT('',(-36.75,-0.75,99.));
#7715 = PCURVE('',#6805,#7716);
#7716 = DEFINITIONAL_REPRESENTATION('',(#7717),#7721);
#7717 = LINE('',#7718,#7719);
#7718 = CARTESIAN_POINT('',(0.,1.));
#7719 = VECTOR('',#7720,1.);
#7720 = DIRECTION('',(1.,0.));
#7721 = ( GEOMETRIC_REPRESENTATION_CONTEXT(2) 
PARAMETRIC_REPRESENTATION_CONTEXT() REPRESENTATION_CONTEXT('2D SPACE',''
  ) );
#7722 = PCURVE('',#7581,#7723);
#7723 = DEFINITIONAL_REPRESENTATION('',(#7724),#7727);
#7724 = B_SPLINE_CURVE_WITH_KNOTS('',1,(#7725,#7726),.UNSPECIFIED.,.F.,
  .F.,(2,2),(6.,7.),.PIECEWISE_BEZIER_KNOTS.);
#7725 = CARTESIAN_POINT('',(3.14159265359,0.));
#7726 = CARTESIAN_POINT('',(0.,0.));
#7727 = ( GEOMETRIC_REPRESENTATION_CONTEXT(2) 
PARAMETRIC_REPRESENTATION_CONTEXT() REPRESENTATION_CONTEXT('2D SPACE',''
  ) );
#7728 = ADVANCED_FACE('',(#7729),#7287,.T.);
#7729 = FACE_BOUND('',#7730,.T.);
#7730 = EDGE_LOOP('',(#7731,#7752,#7753,#7754,#7775));
#7731 = ORIENTED_EDGE('',*,*,#7732,.F.);
#7732 = EDGE_CURVE('',#7244,#7733,#7735,.T.);
#7733 = VERTEX_POINT('',#7734);
#7734 = CARTESIAN_POINT('',(-38.99999999999,-5.670707919868E-06,109.));
#7735 = SURFACE_CURVE('',#7736,(#7740,#7746),.PCURVE_S1.);
#7736 = LINE('',#7737,#7738);
#7737 = CARTESIAN_POINT('',(9.236021589894E-05,-5.670707919931E-06,109.)
  );
#7738 = VECTOR('',#7739,1.);
#7739 = DIRECTION('',(1.,0.,0.));
#7740 = PCURVE('',#7287,#7741);
#7741 = DEFINITIONAL_REPRESENTATION('',(#7742),#7745);
#7742 = B_SPLINE_CURVE_WITH_KNOTS('',1,(#7743,#7744),.UNSPECIFIED.,.F.,
  .F.,(2,2),(-39.75009236021,39.749907639784),.PIECEWISE_BEZIER_KNOTS.);
#7743 = CARTESIAN_POINT('',(-56.16875066325,-39.75018472043));
#7744 = CARTESIAN_POINT('',(-56.16875066325,39.749815279568));
#7745 = ( GEOMETRIC_REPRESENTATION_CONTEXT(2) 
PARAMETRIC_REPRESENTATION_CONTEXT() REPRESENTATION_CONTEXT('2D SPACE',''
  ) );
#7746 = PCURVE('',#7260,#7747);
#7747 = DEFINITIONAL_REPRESENTATION('',(#7748),#7751);
#7748 = B_SPLINE_CURVE_WITH_KNOTS('',1,(#7749,#7750),.UNSPECIFIED.,.F.,
  .F.,(2,2),(-39.75009236021,39.749907639784),.PIECEWISE_BEZIER_KNOTS.);
#7749 = CARTESIAN_POINT('',(-39.75,-5.67070792051E-06));
#7750 = CARTESIAN_POINT('',(39.75,-5.67070792051E-06));
#7751 = ( GEOMETRIC_REPRESENTATION_CONTEXT(2) 
PARAMETRIC_REPRESENTATION_CONTEXT() REPRESENTATION_CONTEXT('2D SPACE',''
  ) );
#7752 = ORIENTED_EDGE('',*,*,#7272,.T.);
#7753 = ORIENTED_EDGE('',*,*,#7651,.T.);
#7754 = ORIENTED_EDGE('',*,*,#7755,.F.);
#7755 = EDGE_CURVE('',#7756,#7652,#7758,.T.);
#7756 = VERTEX_POINT('',#7757);
#7757 = CARTESIAN_POINT('',(-37.49999999997,-5.670707919894E-06,107.5));
#7758 = SURFACE_CURVE('',#7759,(#7763,#7769),.PCURVE_S1.);
#7759 = LINE('',#7760,#7761);
#7760 = CARTESIAN_POINT('',(-37.49999999997,-5.670707919931E-06,99.));
#7761 = VECTOR('',#7762,1.);
#7762 = DIRECTION('',(0.,-0.,-1.));
#7763 = PCURVE('',#7287,#7764);
#7764 = DEFINITIONAL_REPRESENTATION('',(#7765),#7768);
#7765 = B_SPLINE_CURVE_WITH_KNOTS('',1,(#7766,#7767),.UNSPECIFIED.,.F.,
  .F.,(2,2),(-8.5000006,6.000000070117E-07),.PIECEWISE_BEZIER_KNOTS.);
#7766 = CARTESIAN_POINT('',(-54.66875126325,-37.50018472041));
#7767 = CARTESIAN_POINT('',(-46.16875006325,-37.50018472041));
#7768 = ( GEOMETRIC_REPRESENTATION_CONTEXT(2) 
PARAMETRIC_REPRESENTATION_CONTEXT() REPRESENTATION_CONTEXT('2D SPACE',''
  ) );
#7769 = PCURVE('',#7581,#7770);
#7770 = DEFINITIONAL_REPRESENTATION('',(#7771),#7774);
#7771 = B_SPLINE_CURVE_WITH_KNOTS('',1,(#7772,#7773),.UNSPECIFIED.,.F.,
  .F.,(2,2),(-8.5000006,6.000000070117E-07),.PIECEWISE_BEZIER_KNOTS.);
#7772 = CARTESIAN_POINT('',(1.570788765851,-8.5000006));
#7773 = CARTESIAN_POINT('',(1.570788765851,6.000000070117E-07));
#7774 = ( GEOMETRIC_REPRESENTATION_CONTEXT(2) 
PARAMETRIC_REPRESENTATION_CONTEXT() REPRESENTATION_CONTEXT('2D SPACE',''
  ) );
#7775 = ORIENTED_EDGE('',*,*,#7776,.T.);
#7776 = EDGE_CURVE('',#7756,#7733,#7777,.T.);
#7777 = SURFACE_CURVE('',#7778,(#7783,#7790),.PCURVE_S1.);
#7778 = HYPERBOLA('',#7779,5.670707919931E-06,5.670707919931E-06);
#7779 = AXIS2_PLACEMENT_3D('',#7780,#7781,#7782);
#7780 = CARTESIAN_POINT('',(-36.75,-5.670707919931E-06,106.75));
#7781 = DIRECTION('',(-0.,-1.,0.));
#7782 = DIRECTION('',(-0.,0.,1.));
#7783 = PCURVE('',#7287,#7784);
#7784 = DEFINITIONAL_REPRESENTATION('',(#7785),#7789);
#7785 = ( BOUNDED_CURVE() B_SPLINE_CURVE(2,(#7786,#7787,#7788),
.UNSPECIFIED.,.F.,.F.) B_SPLINE_CURVE_WITH_KNOTS((3,3),(12.485661702509,
13.58427399119),.PIECEWISE_BEZIER_KNOTS.) CURVE() 
GEOMETRIC_REPRESENTATION_ITEM() RATIONAL_B_SPLINE_CURVE((1.,
1.154700538383,1.)) REPRESENTATION_ITEM('') );
#7786 = CARTESIAN_POINT('',(-54.66875066325,-37.50018472041));
#7787 = CARTESIAN_POINT('',(-55.04375066324,-37.87518472041));
#7788 = CARTESIAN_POINT('',(-56.16875066325,-39.00018472042));
#7789 = ( GEOMETRIC_REPRESENTATION_CONTEXT(2) 
PARAMETRIC_REPRESENTATION_CONTEXT() REPRESENTATION_CONTEXT('2D SPACE',''
  ) );
#7790 = PCURVE('',#7791,#7796);
#7791 = CONICAL_SURFACE('',#7792,0.75,0.785398163397);
#7792 = AXIS2_PLACEMENT_3D('',#7793,#7794,#7795);
#7793 = CARTESIAN_POINT('',(-36.75,0.,107.5));
#7794 = DIRECTION('',(-0.,0.,1.));
#7795 = DIRECTION('',(0.,-1.,0.));
#7796 = DEFINITIONAL_REPRESENTATION('',(#7797),#7806);
#7797 = B_SPLINE_CURVE_WITH_KNOTS('',7,(#7798,#7799,#7800,#7801,#7802,
    #7803,#7804,#7805),.UNSPECIFIED.,.F.,.F.,(8,8),(12.485661702509,
    13.58427399119),.PIECEWISE_BEZIER_KNOTS.);
#7798 = CARTESIAN_POINT('',(-1.570788765851,4.440892098501E-16));
#7799 = CARTESIAN_POINT('',(-1.5707899525,0.117708459498));
#7800 = CARTESIAN_POINT('',(-1.570790921872,0.256969477826));
#7801 = CARTESIAN_POINT('',(-1.570791721704,0.42251947216));
#7802 = CARTESIAN_POINT('',(-1.570792386638,0.620391574764));
#7803 = CARTESIAN_POINT('',(-1.570792942955,0.858407113042));
#7804 = CARTESIAN_POINT('',(-1.57079341093,1.146874621497));
#7805 = CARTESIAN_POINT('',(-1.57079380648,1.5));
#7806 = ( GEOMETRIC_REPRESENTATION_CONTEXT(2) 
PARAMETRIC_REPRESENTATION_CONTEXT() REPRESENTATION_CONTEXT('2D SPACE',''
  ) );
#7807 = ADVANCED_FACE('',(#7808),#7260,.T.);
#7808 = FACE_BOUND('',#7809,.T.);
#7809 = EDGE_LOOP('',(#7810,#7834,#7835,#7836,#7864,#7887,#7920));
#7810 = ORIENTED_EDGE('',*,*,#7811,.T.);
#7811 = EDGE_CURVE('',#7812,#7216,#7814,.T.);
#7812 = VERTEX_POINT('',#7813);
#7813 = CARTESIAN_POINT('',(39.75,-5.670707940963E-06,109.));
#7814 = SURFACE_CURVE('',#7815,(#7820,#7827),.PCURVE_S1.);
#7815 = CIRCLE('',#7816,39.75);
#7816 = AXIS2_PLACEMENT_3D('',#7817,#7818,#7819);
#7817 = CARTESIAN_POINT('',(0.,0.,109.));
#7818 = DIRECTION('',(0.,0.,1.));
#7819 = DIRECTION('',(1.,0.,0.));
#7820 = PCURVE('',#7260,#7821);
#7821 = DEFINITIONAL_REPRESENTATION('',(#7822),#7826);
#7822 = CIRCLE('',#7823,39.75);
#7823 = AXIS2_PLACEMENT_2D('',#7824,#7825);
#7824 = CARTESIAN_POINT('',(4.403329231825E-15,-5.790076070423E-16));
#7825 = DIRECTION('',(1.,0.));
#7826 = ( GEOMETRIC_REPRESENTATION_CONTEXT(2) 
PARAMETRIC_REPRESENTATION_CONTEXT() REPRESENTATION_CONTEXT('2D SPACE',''
  ) );
#7827 = PCURVE('',#7231,#7828);
#7828 = DEFINITIONAL_REPRESENTATION('',(#7829),#7833);
#7829 = LINE('',#7830,#7831);
#7830 = CARTESIAN_POINT('',(-0.,-28.3));
#7831 = VECTOR('',#7832,1.);
#7832 = DIRECTION('',(-1.,0.));
#7833 = ( GEOMETRIC_REPRESENTATION_CONTEXT(2) 
PARAMETRIC_REPRESENTATION_CONTEXT() REPRESENTATION_CONTEXT('2D SPACE',''
  ) );
#7834 = ORIENTED_EDGE('',*,*,#7243,.T.);
#7835 = ORIENTED_EDGE('',*,*,#7732,.T.);
#7836 = ORIENTED_EDGE('',*,*,#7837,.T.);
#7837 = EDGE_CURVE('',#7733,#7838,#7840,.T.);
#7838 = VERTEX_POINT('',#7839);
#7839 = CARTESIAN_POINT('',(-36.75,2.25,109.));
#7840 = SURFACE_CURVE('',#7841,(#7846,#7857),.PCURVE_S1.);
#7841 = CIRCLE('',#7842,2.25);
#7842 = AXIS2_PLACEMENT_3D('',#7843,#7844,#7845);
#7843 = CARTESIAN_POINT('',(-36.75,0.,109.));
#7844 = DIRECTION('',(0.,-0.,-1.));
#7845 = DIRECTION('',(0.,-1.,0.));
#7846 = PCURVE('',#7260,#7847);
#7847 = DEFINITIONAL_REPRESENTATION('',(#7848),#7856);
#7848 = ( BOUNDED_CURVE() B_SPLINE_CURVE(2,(#7849,#7850,#7851,#7852,
#7853,#7854,#7855),.UNSPECIFIED.,.T.,.F.) B_SPLINE_CURVE_WITH_KNOTS((1,2
    ,2,2,2,1),(-2.094395102393,0.,2.094395102393,4.188790204786,
6.28318530718,8.377580409573),.UNSPECIFIED.) CURVE() 
GEOMETRIC_REPRESENTATION_ITEM() RATIONAL_B_SPLINE_CURVE((1.,0.5,1.,0.5,
1.,0.5,1.)) REPRESENTATION_ITEM('') );
#7849 = CARTESIAN_POINT('',(-36.75,-2.25));
#7850 = CARTESIAN_POINT('',(-40.64711431703,-2.25));
#7851 = CARTESIAN_POINT('',(-38.69855715851,1.125));
#7852 = CARTESIAN_POINT('',(-36.75,4.5));
#7853 = CARTESIAN_POINT('',(-34.80144284148,1.125));
#7854 = CARTESIAN_POINT('',(-32.85288568297,-2.25));
#7855 = CARTESIAN_POINT('',(-36.75,-2.25));
#7856 = ( GEOMETRIC_REPRESENTATION_CONTEXT(2) 
PARAMETRIC_REPRESENTATION_CONTEXT() REPRESENTATION_CONTEXT('2D SPACE',''
  ) );
#7857 = PCURVE('',#7791,#7858);
#7858 = DEFINITIONAL_REPRESENTATION('',(#7859),#7863);
#7859 = LINE('',#7860,#7861);
#7860 = CARTESIAN_POINT('',(-0.,1.5));
#7861 = VECTOR('',#7862,1.);
#7862 = DIRECTION('',(-1.,0.));
#7863 = ( GEOMETRIC_REPRESENTATION_CONTEXT(2) 
PARAMETRIC_REPRESENTATION_CONTEXT() REPRESENTATION_CONTEXT('2D SPACE',''
  ) );
#7864 = ORIENTED_EDGE('',*,*,#7865,.T.);
#7865 = EDGE_CURVE('',#7838,#7866,#7868,.T.);
#7866 = VERTEX_POINT('',#7867);
#7867 = CARTESIAN_POINT('',(36.75,2.25,109.));
#7868 = SURFACE_CURVE('',#7869,(#7873,#7880),.PCURVE_S1.);
#7869 = LINE('',#7870,#7871);
#7870 = CARTESIAN_POINT('',(-36.75,2.25,109.));
#7871 = VECTOR('',#7872,1.);
#7872 = DIRECTION('',(1.,0.,0.));
#7873 = PCURVE('',#7260,#7874);
#7874 = DEFINITIONAL_REPRESENTATION('',(#7875),#7879);
#7875 = LINE('',#7876,#7877);
#7876 = CARTESIAN_POINT('',(-36.75,2.25));
#7877 = VECTOR('',#7878,1.);
#7878 = DIRECTION('',(1.,0.));
#7879 = ( GEOMETRIC_REPRESENTATION_CONTEXT(2) 
PARAMETRIC_REPRESENTATION_CONTEXT() REPRESENTATION_CONTEXT('2D SPACE',''
  ) );
#7880 = PCURVE('',#7609,#7881);
#7881 = DEFINITIONAL_REPRESENTATION('',(#7882),#7886);
#7882 = LINE('',#7883,#7884);
#7883 = CARTESIAN_POINT('',(0.,0.));
#7884 = VECTOR('',#7885,1.);
#7885 = DIRECTION('',(1.,0.));
#7886 = ( GEOMETRIC_REPRESENTATION_CONTEXT(2) 
PARAMETRIC_REPRESENTATION_CONTEXT() REPRESENTATION_CONTEXT('2D SPACE',''
  ) );
#7887 = ORIENTED_EDGE('',*,*,#7888,.T.);
#7888 = EDGE_CURVE('',#7866,#7889,#7891,.T.);
#7889 = VERTEX_POINT('',#7890);
#7890 = CARTESIAN_POINT('',(38.999999999993,-5.670707920092E-06,109.));
#7891 = SURFACE_CURVE('',#7892,(#7897,#7908),.PCURVE_S1.);
#7892 = CIRCLE('',#7893,2.25);
#7893 = AXIS2_PLACEMENT_3D('',#7894,#7895,#7896);
#7894 = CARTESIAN_POINT('',(36.75,0.,109.));
#7895 = DIRECTION('',(0.,0.,-1.));
#7896 = DIRECTION('',(0.,1.,0.));
#7897 = PCURVE('',#7260,#7898);
#7898 = DEFINITIONAL_REPRESENTATION('',(#7899),#7907);
#7899 = ( BOUNDED_CURVE() B_SPLINE_CURVE(2,(#7900,#7901,#7902,#7903,
#7904,#7905,#7906),.UNSPECIFIED.,.T.,.F.) B_SPLINE_CURVE_WITH_KNOTS((1,2
    ,2,2,2,1),(-2.094395102393,0.,2.094395102393,4.188790204786,
6.28318530718,8.377580409573),.UNSPECIFIED.) CURVE() 
GEOMETRIC_REPRESENTATION_ITEM() RATIONAL_B_SPLINE_CURVE((1.,0.5,1.,0.5,
1.,0.5,1.)) REPRESENTATION_ITEM('') );
#7900 = CARTESIAN_POINT('',(36.75,2.25));
#7901 = CARTESIAN_POINT('',(40.64711431703,2.25));
#7902 = CARTESIAN_POINT('',(38.698557158515,-1.125));
#7903 = CARTESIAN_POINT('',(36.75,-4.5));
#7904 = CARTESIAN_POINT('',(34.801442841485,-1.125));
#7905 = CARTESIAN_POINT('',(32.85288568297,2.25));
#7906 = CARTESIAN_POINT('',(36.75,2.25));
#7907 = ( GEOMETRIC_REPRESENTATION_CONTEXT(2) 
PARAMETRIC_REPRESENTATION_CONTEXT() REPRESENTATION_CONTEXT('2D SPACE',''
  ) );
#7908 = PCURVE('',#7909,#7914);
#7909 = CONICAL_SURFACE('',#7910,0.75,0.785398163397);
#7910 = AXIS2_PLACEMENT_3D('',#7911,#7912,#7913);
#7911 = CARTESIAN_POINT('',(36.75,0.,107.5));
#7912 = DIRECTION('',(-0.,-0.,1.));
#7913 = DIRECTION('',(0.,1.,0.));
#7914 = DEFINITIONAL_REPRESENTATION('',(#7915),#7919);
#7915 = LINE('',#7916,#7917);
#7916 = CARTESIAN_POINT('',(-0.,1.5));
#7917 = VECTOR('',#7918,1.);
#7918 = DIRECTION('',(-1.,0.));
#7919 = ( GEOMETRIC_REPRESENTATION_CONTEXT(2) 
PARAMETRIC_REPRESENTATION_CONTEXT() REPRESENTATION_CONTEXT('2D SPACE',''
  ) );
#7920 = ORIENTED_EDGE('',*,*,#7921,.T.);
#7921 = EDGE_CURVE('',#7889,#7812,#7922,.T.);
#7922 = SURFACE_CURVE('',#7923,(#7927,#7933),.PCURVE_S1.);
#7923 = LINE('',#7924,#7925);
#7924 = CARTESIAN_POINT('',(9.236021589894E-05,-5.670707919931E-06,109.)
  );
#7925 = VECTOR('',#7926,1.);
#7926 = DIRECTION('',(1.,0.,0.));
#7927 = PCURVE('',#7260,#7928);
#7928 = DEFINITIONAL_REPRESENTATION('',(#7929),#7932);
#7929 = B_SPLINE_CURVE_WITH_KNOTS('',1,(#7930,#7931),.UNSPECIFIED.,.F.,
  .F.,(2,2),(-39.75009236021,39.749907639784),.PIECEWISE_BEZIER_KNOTS.);
#7930 = CARTESIAN_POINT('',(-39.75,-5.67070792051E-06));
#7931 = CARTESIAN_POINT('',(39.75,-5.67070792051E-06));
#7932 = ( GEOMETRIC_REPRESENTATION_CONTEXT(2) 
PARAMETRIC_REPRESENTATION_CONTEXT() REPRESENTATION_CONTEXT('2D SPACE',''
  ) );
#7933 = PCURVE('',#7499,#7934);
#7934 = DEFINITIONAL_REPRESENTATION('',(#7935),#7938);
#7935 = B_SPLINE_CURVE_WITH_KNOTS('',1,(#7936,#7937),.UNSPECIFIED.,.F.,
  .F.,(2,2),(-39.75009236021,39.749907639784),.PIECEWISE_BEZIER_KNOTS.);
#7936 = CARTESIAN_POINT('',(-56.16875066325,-39.75018472043));
#7937 = CARTESIAN_POINT('',(-56.16875066325,39.749815279568));
#7938 = ( GEOMETRIC_REPRESENTATION_CONTEXT(2) 
PARAMETRIC_REPRESENTATION_CONTEXT() REPRESENTATION_CONTEXT('2D SPACE',''
  ) );
#7939 = ADVANCED_FACE('',(#7940),#7231,.T.);
#7940 = FACE_BOUND('',#7941,.F.);
#7941 = EDGE_LOOP('',(#7942,#7943,#7962));
#7942 = ORIENTED_EDGE('',*,*,#7215,.F.);
#7943 = ORIENTED_EDGE('',*,*,#7944,.F.);
#7944 = EDGE_CURVE('',#7812,#7106,#7945,.T.);
#7945 = SURFACE_CURVE('',#7946,(#7950,#7956),.PCURVE_S1.);
#7946 = LINE('',#7947,#7948);
#7947 = CARTESIAN_POINT('',(39.75,-5.670707919931E-06,80.7));
#7948 = VECTOR('',#7949,1.);
#7949 = DIRECTION('',(-0.,-0.,-1.));
#7950 = PCURVE('',#7231,#7951);
#7951 = DEFINITIONAL_REPRESENTATION('',(#7952),#7955);
#7952 = B_SPLINE_CURVE_WITH_KNOTS('',1,(#7953,#7954),.UNSPECIFIED.,.F.,
  .F.,(2,2),(-28.3000006,1.199999999812E-06),.PIECEWISE_BEZIER_KNOTS.);
#7953 = CARTESIAN_POINT('',(-6.28318516452,-28.3000006));
#7954 = CARTESIAN_POINT('',(-6.28318516452,1.199999999812E-06));
#7955 = ( GEOMETRIC_REPRESENTATION_CONTEXT(2) 
PARAMETRIC_REPRESENTATION_CONTEXT() REPRESENTATION_CONTEXT('2D SPACE',''
  ) );
#7956 = PCURVE('',#7499,#7957);
#7957 = DEFINITIONAL_REPRESENTATION('',(#7958),#7961);
#7958 = B_SPLINE_CURVE_WITH_KNOTS('',1,(#7959,#7960),.UNSPECIFIED.,.F.,
  .F.,(2,2),(-28.3000006,1.199999999812E-06),.PIECEWISE_BEZIER_KNOTS.);
#7959 = CARTESIAN_POINT('',(-56.16875126325,39.749815279568));
#7960 = CARTESIAN_POINT('',(-27.86874946325,39.749815279568));
#7961 = ( GEOMETRIC_REPRESENTATION_CONTEXT(2) 
PARAMETRIC_REPRESENTATION_CONTEXT() REPRESENTATION_CONTEXT('2D SPACE',''
  ) );
#7962 = ORIENTED_EDGE('',*,*,#7811,.T.);
#7963 = ADVANCED_FACE('',(#7964),#7499,.T.);
#7964 = FACE_BOUND('',#7965,.T.);
#7965 = EDGE_LOOP('',(#7966,#7967,#7968,#7997,#8016));
#7966 = ORIENTED_EDGE('',*,*,#7944,.F.);
#7967 = ORIENTED_EDGE('',*,*,#7921,.F.);
#7968 = ORIENTED_EDGE('',*,*,#7969,.T.);
#7969 = EDGE_CURVE('',#7889,#7970,#7972,.T.);
#7970 = VERTEX_POINT('',#7971);
#7971 = CARTESIAN_POINT('',(37.499999999979,-5.670707919969E-06,107.5));
#7972 = SURFACE_CURVE('',#7973,(#7978,#7985),.PCURVE_S1.);
#7973 = HYPERBOLA('',#7974,5.670707919931E-06,5.670707919931E-06);
#7974 = AXIS2_PLACEMENT_3D('',#7975,#7976,#7977);
#7975 = CARTESIAN_POINT('',(36.75,-5.670707919931E-06,106.75));
#7976 = DIRECTION('',(-0.,-1.,0.));
#7977 = DIRECTION('',(0.,-0.,1.));
#7978 = PCURVE('',#7499,#7979);
#7979 = DEFINITIONAL_REPRESENTATION('',(#7980),#7984);
#7980 = ( BOUNDED_CURVE() B_SPLINE_CURVE(2,(#7981,#7982,#7983),
.UNSPECIFIED.,.F.,.F.) B_SPLINE_CURVE_WITH_KNOTS((3,3),(-13.58427399119,
-12.4856617025),.PIECEWISE_BEZIER_KNOTS.) CURVE() 
GEOMETRIC_REPRESENTATION_ITEM() RATIONAL_B_SPLINE_CURVE((1.,
1.154700538383,1.)) REPRESENTATION_ITEM('') );
#7981 = CARTESIAN_POINT('',(-56.16875066325,38.999815279561));
#7982 = CARTESIAN_POINT('',(-55.04375066324,37.87481527955));
#7983 = CARTESIAN_POINT('',(-54.66875066325,37.499815279547));
#7984 = ( GEOMETRIC_REPRESENTATION_CONTEXT(2) 
PARAMETRIC_REPRESENTATION_CONTEXT() REPRESENTATION_CONTEXT('2D SPACE',''
  ) );
#7985 = PCURVE('',#7909,#7986);
#7986 = DEFINITIONAL_REPRESENTATION('',(#7987),#7996);
#7987 = B_SPLINE_CURVE_WITH_KNOTS('',7,(#7988,#7989,#7990,#7991,#7992,
    #7993,#7994,#7995),.UNSPECIFIED.,.F.,.F.,(8,8),(-13.58427399119,
    -12.4856617025),.PIECEWISE_BEZIER_KNOTS.);
#7988 = CARTESIAN_POINT('',(-1.57079884711,1.5));
#7989 = CARTESIAN_POINT('',(-1.570799242659,1.146874621497));
#7990 = CARTESIAN_POINT('',(-1.570799710635,0.858407113042));
#7991 = CARTESIAN_POINT('',(-1.570800266953,0.620391574764));
#7992 = CARTESIAN_POINT('',(-1.570800931886,0.42251947216));
#7993 = CARTESIAN_POINT('',(-1.570801731718,0.256969477826));
#7994 = CARTESIAN_POINT('',(-1.570802701089,0.117708459498));
#7995 = CARTESIAN_POINT('',(-1.570803887739,4.440892098501E-16));
#7996 = ( GEOMETRIC_REPRESENTATION_CONTEXT(2) 
PARAMETRIC_REPRESENTATION_CONTEXT() REPRESENTATION_CONTEXT('2D SPACE',''
  ) );
#7997 = ORIENTED_EDGE('',*,*,#7998,.T.);
#7998 = EDGE_CURVE('',#7970,#7454,#7999,.T.);
#7999 = SURFACE_CURVE('',#8000,(#8004,#8010),.PCURVE_S1.);
#8000 = LINE('',#8001,#8002);
#8001 = CARTESIAN_POINT('',(37.499999999979,-5.670707919931E-06,99.));
#8002 = VECTOR('',#8003,1.);
#8003 = DIRECTION('',(0.,0.,-1.));
#8004 = PCURVE('',#7499,#8005);
#8005 = DEFINITIONAL_REPRESENTATION('',(#8006),#8009);
#8006 = B_SPLINE_CURVE_WITH_KNOTS('',1,(#8007,#8008),.UNSPECIFIED.,.F.,
  .F.,(2,2),(-8.5000006,6.000000070117E-07),.PIECEWISE_BEZIER_KNOTS.);
#8007 = CARTESIAN_POINT('',(-54.66875126325,37.499815279547));
#8008 = CARTESIAN_POINT('',(-46.16875006325,37.499815279547));
#8009 = ( GEOMETRIC_REPRESENTATION_CONTEXT(2) 
PARAMETRIC_REPRESENTATION_CONTEXT() REPRESENTATION_CONTEXT('2D SPACE',''
  ) );
#8010 = PCURVE('',#7550,#8011);
#8011 = DEFINITIONAL_REPRESENTATION('',(#8012),#8015);
#8012 = B_SPLINE_CURVE_WITH_KNOTS('',1,(#8013,#8014),.UNSPECIFIED.,.F.,
  .F.,(2,2),(-8.5000006,6.000000070117E-07),.PIECEWISE_BEZIER_KNOTS.);
#8013 = CARTESIAN_POINT('',(1.570803887739,-8.5000006));
#8014 = CARTESIAN_POINT('',(1.570803887739,6.000000070117E-07));
#8015 = ( GEOMETRIC_REPRESENTATION_CONTEXT(2) 
PARAMETRIC_REPRESENTATION_CONTEXT() REPRESENTATION_CONTEXT('2D SPACE',''
  ) );
#8016 = ORIENTED_EDGE('',*,*,#7453,.F.);
#8017 = ADVANCED_FACE('',(#8018),#7550,.F.);
#8018 = FACE_BOUND('',#8019,.F.);
#8019 = EDGE_LOOP('',(#8020,#8021,#8022,#8023));
#8020 = ORIENTED_EDGE('',*,*,#7998,.T.);
#8021 = ORIENTED_EDGE('',*,*,#7528,.T.);
#8022 = ORIENTED_EDGE('',*,*,#7621,.T.);
#8023 = ORIENTED_EDGE('',*,*,#8024,.T.);
#8024 = EDGE_CURVE('',#7594,#7970,#8025,.T.);
#8025 = SURFACE_CURVE('',#8026,(#8031,#8038),.PCURVE_S1.);
#8026 = CIRCLE('',#8027,0.75);
#8027 = AXIS2_PLACEMENT_3D('',#8028,#8029,#8030);
#8028 = CARTESIAN_POINT('',(36.75,0.,107.5));
#8029 = DIRECTION('',(0.,0.,-1.));
#8030 = DIRECTION('',(0.,1.,0.));
#8031 = PCURVE('',#7550,#8032);
#8032 = DEFINITIONAL_REPRESENTATION('',(#8033),#8037);
#8033 = LINE('',#8034,#8035);
#8034 = CARTESIAN_POINT('',(0.,-8.5));
#8035 = VECTOR('',#8036,1.);
#8036 = DIRECTION('',(1.,0.));
#8037 = ( GEOMETRIC_REPRESENTATION_CONTEXT(2) 
PARAMETRIC_REPRESENTATION_CONTEXT() REPRESENTATION_CONTEXT('2D SPACE',''
  ) );
#8038 = PCURVE('',#7909,#8039);
#8039 = DEFINITIONAL_REPRESENTATION('',(#8040),#8044);
#8040 = LINE('',#8041,#8042);
#8041 = CARTESIAN_POINT('',(-0.,0.));
#8042 = VECTOR('',#8043,1.);
#8043 = DIRECTION('',(-1.,0.));
#8044 = ( GEOMETRIC_REPRESENTATION_CONTEXT(2) 
PARAMETRIC_REPRESENTATION_CONTEXT() REPRESENTATION_CONTEXT('2D SPACE',''
  ) );
#8045 = ADVANCED_FACE('',(#8046),#7609,.T.);
#8046 = FACE_BOUND('',#8047,.T.);
#8047 = EDGE_LOOP('',(#8048,#8049,#8067,#8068));
#8048 = ORIENTED_EDGE('',*,*,#7593,.T.);
#8049 = ORIENTED_EDGE('',*,*,#8050,.T.);
#8050 = EDGE_CURVE('',#7594,#7866,#8051,.T.);
#8051 = SURFACE_CURVE('',#8052,(#8055,#8061),.PCURVE_S1.);
#8052 = B_SPLINE_CURVE_WITH_KNOTS('',1,(#8053,#8054),.UNSPECIFIED.,.F.,
  .F.,(2,2),(0.,1.),.PIECEWISE_BEZIER_KNOTS.);
#8053 = CARTESIAN_POINT('',(36.75,0.75,107.5));
#8054 = CARTESIAN_POINT('',(36.75,2.25,109.));
#8055 = PCURVE('',#7609,#8056);
#8056 = DEFINITIONAL_REPRESENTATION('',(#8057),#8060);
#8057 = B_SPLINE_CURVE_WITH_KNOTS('',1,(#8058,#8059),.UNSPECIFIED.,.F.,
  .F.,(2,2),(0.,1.),.PIECEWISE_BEZIER_KNOTS.);
#8058 = CARTESIAN_POINT('',(73.5,-2.12132034356));
#8059 = CARTESIAN_POINT('',(73.5,0.));
#8060 = ( GEOMETRIC_REPRESENTATION_CONTEXT(2) 
PARAMETRIC_REPRESENTATION_CONTEXT() REPRESENTATION_CONTEXT('2D SPACE',''
  ) );
#8061 = PCURVE('',#7909,#8062);
#8062 = DEFINITIONAL_REPRESENTATION('',(#8063),#8066);
#8063 = B_SPLINE_CURVE_WITH_KNOTS('',1,(#8064,#8065),.UNSPECIFIED.,.F.,
  .F.,(2,2),(0.,1.),.PIECEWISE_BEZIER_KNOTS.);
#8064 = CARTESIAN_POINT('',(0.,0.));
#8065 = CARTESIAN_POINT('',(0.,1.5));
#8066 = ( GEOMETRIC_REPRESENTATION_CONTEXT(2) 
PARAMETRIC_REPRESENTATION_CONTEXT() REPRESENTATION_CONTEXT('2D SPACE',''
  ) );
#8067 = ORIENTED_EDGE('',*,*,#7865,.F.);
#8068 = ORIENTED_EDGE('',*,*,#8069,.F.);
#8069 = EDGE_CURVE('',#7566,#7838,#8070,.T.);
#8070 = SURFACE_CURVE('',#8071,(#8074,#8080),.PCURVE_S1.);
#8071 = B_SPLINE_CURVE_WITH_KNOTS('',1,(#8072,#8073),.UNSPECIFIED.,.F.,
  .F.,(2,2),(0.,1.),.PIECEWISE_BEZIER_KNOTS.);
#8072 = CARTESIAN_POINT('',(-36.75,0.75,107.5));
#8073 = CARTESIAN_POINT('',(-36.75,2.25,109.));
#8074 = PCURVE('',#7609,#8075);
#8075 = DEFINITIONAL_REPRESENTATION('',(#8076),#8079);
#8076 = B_SPLINE_CURVE_WITH_KNOTS('',1,(#8077,#8078),.UNSPECIFIED.,.F.,
  .F.,(2,2),(0.,1.),.PIECEWISE_BEZIER_KNOTS.);
#8077 = CARTESIAN_POINT('',(0.,-2.12132034356));
#8078 = CARTESIAN_POINT('',(0.,0.));
#8079 = ( GEOMETRIC_REPRESENTATION_CONTEXT(2) 
PARAMETRIC_REPRESENTATION_CONTEXT() REPRESENTATION_CONTEXT('2D SPACE',''
  ) );
#8080 = PCURVE('',#7791,#8081);
#8081 = DEFINITIONAL_REPRESENTATION('',(#8082),#8085);
#8082 = B_SPLINE_CURVE_WITH_KNOTS('',1,(#8083,#8084),.UNSPECIFIED.,.F.,
  .F.,(2,2),(0.,1.),.PIECEWISE_BEZIER_KNOTS.);
#8083 = CARTESIAN_POINT('',(-3.14159265359,0.));
#8084 = CARTESIAN_POINT('',(-3.14159265359,1.5));
#8085 = ( GEOMETRIC_REPRESENTATION_CONTEXT(2) 
PARAMETRIC_REPRESENTATION_CONTEXT() REPRESENTATION_CONTEXT('2D SPACE',''
  ) );
#8086 = ADVANCED_FACE('',(#8087),#7581,.F.);
#8087 = FACE_BOUND('',#8088,.F.);
#8088 = EDGE_LOOP('',(#8089,#8090,#8091,#8092));
#8089 = ORIENTED_EDGE('',*,*,#7565,.F.);
#8090 = ORIENTED_EDGE('',*,*,#7701,.T.);
#8091 = ORIENTED_EDGE('',*,*,#7755,.F.);
#8092 = ORIENTED_EDGE('',*,*,#8093,.T.);
#8093 = EDGE_CURVE('',#7756,#7566,#8094,.T.);
#8094 = SURFACE_CURVE('',#8095,(#8100,#8107),.PCURVE_S1.);
#8095 = CIRCLE('',#8096,0.75);
#8096 = AXIS2_PLACEMENT_3D('',#8097,#8098,#8099);
#8097 = CARTESIAN_POINT('',(-36.75,0.,107.5));
#8098 = DIRECTION('',(0.,-0.,-1.));
#8099 = DIRECTION('',(0.,-1.,0.));
#8100 = PCURVE('',#7581,#8101);
#8101 = DEFINITIONAL_REPRESENTATION('',(#8102),#8106);
#8102 = LINE('',#8103,#8104);
#8103 = CARTESIAN_POINT('',(0.,-8.5));
#8104 = VECTOR('',#8105,1.);
#8105 = DIRECTION('',(1.,0.));
#8106 = ( GEOMETRIC_REPRESENTATION_CONTEXT(2) 
PARAMETRIC_REPRESENTATION_CONTEXT() REPRESENTATION_CONTEXT('2D SPACE',''
  ) );
#8107 = PCURVE('',#7791,#8108);
#8108 = DEFINITIONAL_REPRESENTATION('',(#8109),#8113);
#8109 = LINE('',#8110,#8111);
#8110 = CARTESIAN_POINT('',(-0.,0.));
#8111 = VECTOR('',#8112,1.);
#8112 = DIRECTION('',(-1.,0.));
#8113 = ( GEOMETRIC_REPRESENTATION_CONTEXT(2) 
PARAMETRIC_REPRESENTATION_CONTEXT() REPRESENTATION_CONTEXT('2D SPACE',''
  ) );
#8114 = ADVANCED_FACE('',(#8115),#7791,.F.);
#8115 = FACE_BOUND('',#8116,.T.);
#8116 = EDGE_LOOP('',(#8117,#8118,#8119,#8120));
#8117 = ORIENTED_EDGE('',*,*,#7776,.F.);
#8118 = ORIENTED_EDGE('',*,*,#8093,.T.);
#8119 = ORIENTED_EDGE('',*,*,#8069,.T.);
#8120 = ORIENTED_EDGE('',*,*,#7837,.F.);
#8121 = ADVANCED_FACE('',(#8122),#7909,.F.);
#8122 = FACE_BOUND('',#8123,.T.);
#8123 = EDGE_LOOP('',(#8124,#8125,#8126,#8127));
#8124 = ORIENTED_EDGE('',*,*,#8050,.F.);
#8125 = ORIENTED_EDGE('',*,*,#8024,.T.);
#8126 = ORIENTED_EDGE('',*,*,#7969,.F.);
#8127 = ORIENTED_EDGE('',*,*,#7888,.F.);
#8128 = ( GEOMETRIC_REPRESENTATION_CONTEXT(3) 
GLOBAL_UNCERTAINTY_ASSIGNED_CONTEXT((#8132)) 
GLOBAL_UNIT_ASSIGNED_CONTEXT((#8129,#8130,#8131)) REPRESENTATION_CONTEXT
('Context #1','3D Context with UNIT and UNCERTAINTY') );
#8129 = ( LENGTH_UNIT() NAMED_UNIT(*) SI_UNIT(.MILLI.,.METRE.) );
#8130 = ( NAMED_UNIT(*) PLANE_ANGLE_UNIT() SI_UNIT($,.RADIAN.) );
#8131 = ( NAMED_UNIT(*) SI_UNIT($,.STERADIAN.) SOLID_ANGLE_UNIT() );
#8132 = UNCERTAINTY_MEASURE_WITH_UNIT(LENGTH_MEASURE(1.E-06),#8129,
  'distance_accuracy_value','confusion accuracy');
#8133 = CONTEXT_DEPENDENT_SHAPE_REPRESENTATION(#8134,#8136);
#8134 = ( REPRESENTATION_RELATIONSHIP('','',#3992,#10) 
REPRESENTATION_RELATIONSHIP_WITH_TRANSFORMATION(#8135) 
SHAPE_REPRESENTATION_RELATIONSHIP() );
#8135 = ITEM_DEFINED_TRANSFORMATION('','',#11,#19);
#8136 = PRODUCT_DEFINITION_SHAPE('Placement','Placement of an item',
  #8137);
#8137 = NEXT_ASSEMBLY_USAGE_OCCURRENCE('6','Camada_02_Body_B','',#5,
  #3987,$);
#8138 = PRODUCT_RELATED_PRODUCT_CATEGORY('part',$,(#3989));
#8139 = SHAPE_DEFINITION_REPRESENTATION(#8140,#8146);
#8140 = PRODUCT_DEFINITION_SHAPE('','',#8141);
#8141 = PRODUCT_DEFINITION('design','',#8142,#8145);
#8142 = PRODUCT_DEFINITION_FORMATION('','',#8143);
#8143 = PRODUCT('Camada_03_Canal_Fluxo_Polimero',
  'Camada_03_Canal_Fluxo_Polimero','',(#8144));
#8144 = PRODUCT_CONTEXT('',#2,'mechanical');
#8145 = PRODUCT_DEFINITION_CONTEXT('part definition',#2,'design');
#8146 = ADVANCED_BREP_SHAPE_REPRESENTATION('',(#11,#8147),#10383);
#8147 = MANIFOLD_SOLID_BREP('',#8148);
#8148 = CLOSED_SHELL('',(#8149,#8414,#9250,#9321,#9403,#9469,#9535,#9601
    ,#9667,#9733,#9795,#9861,#9927,#9993,#10036,#10094,#10152,#10223,
    #10256,#10302,#10348,#10376));
#8149 = ADVANCED_FACE('',(#8150),#8172,.T.);
#8150 = FACE_BOUND('',#8151,.T.);
#8151 = EDGE_LOOP('',(#8152,#8243,#8312,#8347));
#8152 = ORIENTED_EDGE('',*,*,#8153,.T.);
#8153 = EDGE_CURVE('',#8154,#8156,#8158,.T.);
#8154 = VERTEX_POINT('',#8155);
#8155 = CARTESIAN_POINT('',(37.8,0.,0.));
#8156 = VERTEX_POINT('',#8157);
#8157 = CARTESIAN_POINT('',(37.792130737918,0.771267974243,0.));
#8158 = SURFACE_CURVE('',#8159,(#8171,#8223),.PCURVE_S1.);
#8159 = B_SPLINE_CURVE_WITH_KNOTS('',10,(#8160,#8161,#8162,#8163,#8164,
    #8165,#8166,#8167,#8168,#8169,#8170),.UNSPECIFIED.,.F.,.F.,(11,11),(
    0.,1.),.PIECEWISE_BEZIER_KNOTS.);
#8160 = CARTESIAN_POINT('',(37.8,5.551115123126E-17,0.));
#8161 = CARTESIAN_POINT('',(37.8,7.713214999511E-02,0.));
#8162 = CARTESIAN_POINT('',(37.799825115374,0.154264299941,0.));
#8163 = CARTESIAN_POINT('',(37.799475350672,0.231396003808,0.));
#8164 = CARTESIAN_POINT('',(37.798950710446,0.308526815567,0.));
#8165 = CARTESIAN_POINT('',(37.798251199246,0.38565628919,0.));
#8166 = CARTESIAN_POINT('',(37.797376821623,0.462783978648,0.));
#8167 = CARTESIAN_POINT('',(37.796327582128,0.539909437911,0.));
#8168 = CARTESIAN_POINT('',(37.795103485311,0.617032220951,0.));
#8169 = CARTESIAN_POINT('',(37.793704535725,0.694151881738,0.));
#8170 = CARTESIAN_POINT('',(37.792130737918,0.771267974243,0.));
#8171 = PCURVE('',#8172,#8217);
#8172 = ( BOUNDED_SURFACE() B_SPLINE_SURFACE(10,3,(
    (#8173,#8174,#8175,#8176)
    ,(#8177,#8178,#8179,#8180)
    ,(#8181,#8182,#8183,#8184)
    ,(#8185,#8186,#8187,#8188)
    ,(#8189,#8190,#8191,#8192)
    ,(#8193,#8194,#8195,#8196)
    ,(#8197,#8198,#8199,#8200)
    ,(#8201,#8202,#8203,#8204)
    ,(#8205,#8206,#8207,#8208)
    ,(#8209,#8210,#8211,#8212)
    ,(#8213,#8214,#8215,#8216
)),.UNSPECIFIED.,.F.,.F.,.F.) B_SPLINE_SURFACE_WITH_KNOTS((11,11),(4,4),
  (0.,1.),(0.,1.),.PIECEWISE_BEZIER_KNOTS.) 
GEOMETRIC_REPRESENTATION_ITEM() RATIONAL_B_SPLINE_SURFACE((
    (1.,1.,1.,1.)
    ,(1.,1.,1.,1.)
    ,(1.,1.,1.,1.)
    ,(1.,1.,1.,1.)
    ,(1.,1.,1.,1.)
    ,(1.,1.,1.,1.)
    ,(1.,1.,1.,1.)
    ,(1.,1.,1.,1.)
    ,(1.,1.,1.,1.)
    ,(1.,1.,1.,1.)
,(1.,1.,1.,1.))) REPRESENTATION_ITEM('') SURFACE() );
#8173 = CARTESIAN_POINT('',(37.8,5.551115123126E-17,0.));
#8174 = CARTESIAN_POINT('',(-22.77014822795,-0.178160240246,3.));
#8175 = CARTESIAN_POINT('',(67.717480551016,-1.124846541857,90.));
#8176 = CARTESIAN_POINT('',(36.75,-0.75,99.));
#8177 = CARTESIAN_POINT('',(37.8,7.713214999511E-02,0.));
#8178 = CARTESIAN_POINT('',(-22.78177743475,-0.241395425488,3.));
#8179 = CARTESIAN_POINT('',(67.720589771074,-0.780365096084,90.));
#8180 = CARTESIAN_POINT('',(36.985619449019,-0.75,99.));
#8181 = CARTESIAN_POINT('',(37.799825115374,0.154264299941,0.));
#8182 = CARTESIAN_POINT('',(-22.77478672913,-0.287345616535,3.));
#8183 = CARTESIAN_POINT('',(67.682447955627,-0.483908410279,90.));
#8184 = CARTESIAN_POINT('',(37.221241071558,-0.667753520049,99.));
#8185 = CARTESIAN_POINT('',(37.799475350672,0.231396003808,0.));
#8186 = CARTESIAN_POINT('',(-22.75879059289,-0.313655312351,3.));
#8187 = CARTESIAN_POINT('',(67.627666036766,-0.240250475186,90.));
#8188 = CARTESIAN_POINT('',(37.424550431438,-0.503258522416,99.));
#8189 = CARTESIAN_POINT('',(37.798950710446,0.308526815567,0.));
#8190 = CARTESIAN_POINT('',(-22.74368699729,-0.322651831083,3.));
#8191 = CARTESIAN_POINT('',(67.581410946952,-4.238187300455E-02,90.));
#8192 = CARTESIAN_POINT('',(37.563305417225,-0.271019590411,99.));
#8193 = CARTESIAN_POINT('',(37.798251199246,0.38565628919,0.));
#8194 = CARTESIAN_POINT('',(-22.73723230006,-0.321380240992,3.));
#8195 = CARTESIAN_POINT('',(67.563331374798,0.128552096397,90.));
#8196 = CARTESIAN_POINT('',(37.612680472819,3.869127240819E-15,99.));
#8197 = CARTESIAN_POINT('',(37.797376821623,0.462783978648,0.));
#8198 = CARTESIAN_POINT('',(-22.74237542327,-0.320107164096,3.));
#8199 = CARTESIAN_POINT('',(67.580886317342,0.299485471076,90.));
#8200 = CARTESIAN_POINT('',(37.563305417228,0.271019590411,99.));
#8201 = CARTESIAN_POINT('',(37.796327582128,0.539909437911,0.));
#8202 = CARTESIAN_POINT('',(-22.75616745244,-0.329099222415,3.));
#8203 = CARTESIAN_POINT('',(67.626616780587,0.497352289092,90.));
#8204 = CARTESIAN_POINT('',(37.424550431434,0.503258522416,99.));
#8205 = CARTESIAN_POINT('',(37.795103485311,0.617032220951,0.));
#8206 = CARTESIAN_POINT('',(-22.77085203741,-0.355401484208,3.));
#8207 = CARTESIAN_POINT('',(67.680874078938,0.741007250576,90.));
#8208 = CARTESIAN_POINT('',(37.22124107156,0.667753520049,99.));
#8209 = CARTESIAN_POINT('',(37.793704535725,0.694151881738,0.));
#8210 = CARTESIAN_POINT('',(-22.77653121453,-0.401341267623,3.));
#8211 = CARTESIAN_POINT('',(67.718491282983,1.037459773328,90.));
#8212 = CARTESIAN_POINT('',(36.985619449019,0.75,99.));
#8213 = CARTESIAN_POINT('',(37.792130737918,0.771267974243,0.));
#8214 = CARTESIAN_POINT('',(-22.76359050955,-0.464563071624,3.));
#8215 = CARTESIAN_POINT('',(67.714857463656,1.381935866605,90.));
#8216 = CARTESIAN_POINT('',(36.75,0.75,99.));
#8217 = DEFINITIONAL_REPRESENTATION('',(#8218),#8222);
#8218 = LINE('',#8219,#8220);
#8219 = CARTESIAN_POINT('',(0.,0.));
#8220 = VECTOR('',#8221,1.);
#8221 = DIRECTION('',(1.,0.));
#8222 = ( GEOMETRIC_REPRESENTATION_CONTEXT(2) 
PARAMETRIC_REPRESENTATION_CONTEXT() REPRESENTATION_CONTEXT('2D SPACE',''
  ) );
#8223 = PCURVE('',#8224,#8229);
#8224 = PLANE('',#8225);
#8225 = AXIS2_PLACEMENT_3D('',#8226,#8227,#8228);
#8226 = CARTESIAN_POINT('',(37.8,5.551115123126E-17,0.));
#8227 = DIRECTION('',(0.,0.,1.));
#8228 = DIRECTION('',(-1.,6.021050794925E-17,0.));
#8229 = DEFINITIONAL_REPRESENTATION('',(#8230),#8242);
#8230 = B_SPLINE_CURVE_WITH_KNOTS('',10,(#8231,#8232,#8233,#8234,#8235,
    #8236,#8237,#8238,#8239,#8240,#8241),.UNSPECIFIED.,.F.,.F.,(11,11),(
    0.,1.),.PIECEWISE_BEZIER_KNOTS.);
#8231 = CARTESIAN_POINT('',(0.,0.));
#8232 = CARTESIAN_POINT('',(7.105427357601E-15,-7.713214999511E-02));
#8233 = CARTESIAN_POINT('',(1.748846263041E-04,-0.154264299941));
#8234 = CARTESIAN_POINT('',(5.246493280211E-04,-0.231396003808));
#8235 = CARTESIAN_POINT('',(1.049289554352E-03,-0.308526815567));
#8236 = CARTESIAN_POINT('',(1.748800754434E-03,-0.38565628919));
#8237 = CARTESIAN_POINT('',(2.623178377426E-03,-0.462783978648));
#8238 = CARTESIAN_POINT('',(3.672417872487E-03,-0.539909437911));
#8239 = CARTESIAN_POINT('',(4.896514688802E-03,-0.617032220951));
#8240 = CARTESIAN_POINT('',(6.295464275489E-03,-0.694151881738));
#8241 = CARTESIAN_POINT('',(7.869262081734E-03,-0.771267974243));
#8242 = ( GEOMETRIC_REPRESENTATION_CONTEXT(2) 
PARAMETRIC_REPRESENTATION_CONTEXT() REPRESENTATION_CONTEXT('2D SPACE',''
  ) );
#8243 = ORIENTED_EDGE('',*,*,#8244,.T.);
#8244 = EDGE_CURVE('',#8156,#8245,#8247,.T.);
#8245 = VERTEX_POINT('',#8246);
#8246 = CARTESIAN_POINT('',(36.75,0.75,99.));
#8247 = SURFACE_CURVE('',#8248,(#8253,#8260),.PCURVE_S1.);
#8248 = ( BOUNDED_CURVE() B_SPLINE_CURVE(3,(#8249,#8250,#8251,#8252),
.UNSPECIFIED.,.F.,.F.) B_SPLINE_CURVE_WITH_KNOTS((4,4),(0.,1.),
.PIECEWISE_BEZIER_KNOTS.) CURVE() GEOMETRIC_REPRESENTATION_ITEM() 
RATIONAL_B_SPLINE_CURVE((1.,1.,1.,1.)) REPRESENTATION_ITEM('') );
#8249 = CARTESIAN_POINT('',(37.792130737918,0.771267974243,0.));
#8250 = CARTESIAN_POINT('',(-22.76359050955,-0.464563071624,3.));
#8251 = CARTESIAN_POINT('',(67.714857463656,1.381935866605,90.));
#8252 = CARTESIAN_POINT('',(36.75,0.75,99.));
#8253 = PCURVE('',#8172,#8254);
#8254 = DEFINITIONAL_REPRESENTATION('',(#8255),#8259);
#8255 = LINE('',#8256,#8257);
#8256 = CARTESIAN_POINT('',(1.,0.));
#8257 = VECTOR('',#8258,1.);
#8258 = DIRECTION('',(0.,1.));
#8259 = ( GEOMETRIC_REPRESENTATION_CONTEXT(2) 
PARAMETRIC_REPRESENTATION_CONTEXT() REPRESENTATION_CONTEXT('2D SPACE',''
  ) );
#8260 = PCURVE('',#8261,#8306);
#8261 = ( BOUNDED_SURFACE() B_SPLINE_SURFACE(10,3,(
    (#8262,#8263,#8264,#8265)
    ,(#8266,#8267,#8268,#8269)
    ,(#8270,#8271,#8272,#8273)
    ,(#8274,#8275,#8276,#8277)
    ,(#8278,#8279,#8280,#8281)
    ,(#8282,#8283,#8284,#8285)
    ,(#8286,#8287,#8288,#8289)
    ,(#8290,#8291,#8292,#8293)
    ,(#8294,#8295,#8296,#8297)
    ,(#8298,#8299,#8300,#8301)
    ,(#8302,#8303,#8304,#8305
)),.UNSPECIFIED.,.F.,.F.,.F.) B_SPLINE_SURFACE_WITH_KNOTS((11,11),(4,4),
  (1.,2.),(0.,1.),.PIECEWISE_BEZIER_KNOTS.) 
GEOMETRIC_REPRESENTATION_ITEM() RATIONAL_B_SPLINE_SURFACE((
    (1.,1.,1.,1.)
    ,(1.,1.,1.,1.)
    ,(1.,1.,1.,1.)
    ,(1.,1.,1.,1.)
    ,(1.,1.,1.,1.)
    ,(1.,1.,1.,1.)
    ,(1.,1.,1.,1.)
    ,(1.,1.,1.,1.)
    ,(1.,1.,1.,1.)
    ,(1.,1.,1.,1.)
,(1.,1.,1.,1.))) REPRESENTATION_ITEM('') SURFACE() );
#8262 = CARTESIAN_POINT('',(37.792130737918,0.771267974243,0.));
#8263 = CARTESIAN_POINT('',(-22.76359050955,-0.464563071624,3.));
#8264 = CARTESIAN_POINT('',(67.714857463656,1.381935866605,90.));
#8265 = CARTESIAN_POINT('',(36.75,0.75,99.));
#8266 = CARTESIAN_POINT('',(37.789932109335,0.879000774842,0.));
#8267 = CARTESIAN_POINT('',(-23.35693302828,-0.669569405843,3.));
#8268 = CARTESIAN_POINT('',(69.248247524805,1.872648135185,
    89.999999999999));
#8269 = CARTESIAN_POINT('',(34.607142857143,0.75,99.));
#8270 = CARTESIAN_POINT('',(37.787392223874,0.986726610751,0.));
#8271 = CARTESIAN_POINT('',(-23.91840947914,-0.858714073768,
    2.999999999999));
#8272 = CARTESIAN_POINT('',(70.716285593333,2.331522719512,
    90.000000000001));
#8273 = CARTESIAN_POINT('',(32.464285714285,0.75,99.));
#8274 = CARTESIAN_POINT('',(37.784511123679,1.094444266543,0.));
#8275 = CARTESIAN_POINT('',(-24.45025163754,-1.027394073369,3.));
#8276 = CARTESIAN_POINT('',(72.123436451751,2.749333632846,90.));
#8277 = CARTESIAN_POINT('',(30.321428571428,0.75,99.));
#8278 = CARTESIAN_POINT('',(37.781288850891,1.202152526788,0.));
#8279 = CARTESIAN_POINT('',(-24.95542908727,-1.17136231828,3.));
#8280 = CARTESIAN_POINT('',(73.475640755159,3.117566745734,
    89.999999999999));
#8281 = CARTESIAN_POINT('',(28.178571428571,0.75,99.));
#8282 = CARTESIAN_POINT('',(37.777725447652,1.309850176059,0.));
#8283 = CARTESIAN_POINT('',(-25.43758454593,-1.286868218631,3.));
#8284 = CARTESIAN_POINT('',(74.780185682069,3.428700947683,90.));
#8285 = CARTESIAN_POINT('',(26.035714285713,0.75,99.));
#8286 = CARTESIAN_POINT('',(37.773820956105,1.417535998928,0.));
#8287 = CARTESIAN_POINT('',(-25.90093506343,-1.370779663026,
    2.999999999999));
#8288 = CARTESIAN_POINT('',(76.045507331453,3.676452111106,
    90.000000000001));
#8289 = CARTESIAN_POINT('',(23.892857142856,0.75,99.));
#8290 = CARTESIAN_POINT('',(37.769575418391,1.525208779966,0.));
#8291 = CARTESIAN_POINT('',(-26.35014715296,-1.420681346357,3.));
#8292 = CARTESIAN_POINT('',(77.28094098466,3.855969746953,90.));
#8293 = CARTESIAN_POINT('',(21.749999999999,0.75,99.));
#8294 = CARTESIAN_POINT('',(37.764988876652,1.632867303746,0.));
#8295 = CARTESIAN_POINT('',(-26.79019391371,-1.434944388189,
    3.000000000001));
#8296 = CARTESIAN_POINT('',(78.496435350851,3.963976241492,
    89.999999999999));
#8297 = CARTESIAN_POINT('',(19.607142857141,0.75,99.));
#8298 = CARTESIAN_POINT('',(37.76006137303,1.740510354838,0.));
#8299 = CARTESIAN_POINT('',(-27.22620220467,-1.412762186442,3.));
#8300 = CARTESIAN_POINT('',(79.7022469146,3.998838563651,90.));
#8301 = CARTESIAN_POINT('',(17.464285714284,0.75,99.));
#8302 = CARTESIAN_POINT('',(37.754792949667,1.848136717816,0.));
#8303 = CARTESIAN_POINT('',(-27.66329792882,-1.354147451061,3.));
#8304 = CARTESIAN_POINT('',(80.908630504323,3.960562332379,90.));
#8305 = CARTESIAN_POINT('',(15.321428571426,0.75,99.));
#8306 = DEFINITIONAL_REPRESENTATION('',(#8307),#8311);
#8307 = LINE('',#8308,#8309);
#8308 = CARTESIAN_POINT('',(1.,0.));
#8309 = VECTOR('',#8310,1.);
#8310 = DIRECTION('',(0.,1.));
#8311 = ( GEOMETRIC_REPRESENTATION_CONTEXT(2) 
PARAMETRIC_REPRESENTATION_CONTEXT() REPRESENTATION_CONTEXT('2D SPACE',''
  ) );
#8312 = ORIENTED_EDGE('',*,*,#8313,.F.);
#8313 = EDGE_CURVE('',#8314,#8245,#8316,.T.);
#8314 = VERTEX_POINT('',#8315);
#8315 = CARTESIAN_POINT('',(36.75,-0.75,99.));
#8316 = SURFACE_CURVE('',#8317,(#8329,#8336),.PCURVE_S1.);
#8317 = B_SPLINE_CURVE_WITH_KNOTS('',10,(#8318,#8319,#8320,#8321,#8322,
    #8323,#8324,#8325,#8326,#8327,#8328),.UNSPECIFIED.,.F.,.F.,(11,11),(
    0.,1.),.PIECEWISE_BEZIER_KNOTS.);
#8318 = CARTESIAN_POINT('',(36.75,-0.75,99.));
#8319 = CARTESIAN_POINT('',(36.985619449019,-0.75,99.));
#8320 = CARTESIAN_POINT('',(37.221241071558,-0.667753520049,99.));
#8321 = CARTESIAN_POINT('',(37.424550431438,-0.503258522416,99.));
#8322 = CARTESIAN_POINT('',(37.563305417225,-0.271019590411,99.));
#8323 = CARTESIAN_POINT('',(37.612680472819,3.869127240819E-15,99.));
#8324 = CARTESIAN_POINT('',(37.563305417228,0.271019590411,99.));
#8325 = CARTESIAN_POINT('',(37.424550431434,0.503258522416,99.));
#8326 = CARTESIAN_POINT('',(37.22124107156,0.667753520049,99.));
#8327 = CARTESIAN_POINT('',(36.985619449019,0.75,99.));
#8328 = CARTESIAN_POINT('',(36.75,0.75,99.));
#8329 = PCURVE('',#8172,#8330);
#8330 = DEFINITIONAL_REPRESENTATION('',(#8331),#8335);
#8331 = LINE('',#8332,#8333);
#8332 = CARTESIAN_POINT('',(0.,1.));
#8333 = VECTOR('',#8334,1.);
#8334 = DIRECTION('',(1.,0.));
#8335 = ( GEOMETRIC_REPRESENTATION_CONTEXT(2) 
PARAMETRIC_REPRESENTATION_CONTEXT() REPRESENTATION_CONTEXT('2D SPACE',''
  ) );
#8336 = PCURVE('',#8337,#8342);
#8337 = CYLINDRICAL_SURFACE('',#8338,0.75);
#8338 = AXIS2_PLACEMENT_3D('',#8339,#8340,#8341);
#8339 = CARTESIAN_POINT('',(36.75,0.,99.));
#8340 = DIRECTION('',(0.,0.,-1.));
#8341 = DIRECTION('',(0.,1.,0.));
#8342 = DEFINITIONAL_REPRESENTATION('',(#8343),#8346);
#8343 = B_SPLINE_CURVE_WITH_KNOTS('',1,(#8344,#8345),.UNSPECIFIED.,.F.,
  .F.,(2,2),(0.,1.),.PIECEWISE_BEZIER_KNOTS.);
#8344 = CARTESIAN_POINT('',(3.14159265359,0.));
#8345 = CARTESIAN_POINT('',(0.,0.));
#8346 = ( GEOMETRIC_REPRESENTATION_CONTEXT(2) 
PARAMETRIC_REPRESENTATION_CONTEXT() REPRESENTATION_CONTEXT('2D SPACE',''
  ) );
#8347 = ORIENTED_EDGE('',*,*,#8348,.F.);
#8348 = EDGE_CURVE('',#8154,#8314,#8349,.T.);
#8349 = SURFACE_CURVE('',#8350,(#8355,#8362),.PCURVE_S1.);
#8350 = ( BOUNDED_CURVE() B_SPLINE_CURVE(3,(#8351,#8352,#8353,#8354),
.UNSPECIFIED.,.F.,.F.) B_SPLINE_CURVE_WITH_KNOTS((4,4),(0.,1.),
.PIECEWISE_BEZIER_KNOTS.) CURVE() GEOMETRIC_REPRESENTATION_ITEM() 
RATIONAL_B_SPLINE_CURVE((1.,1.,1.,1.)) REPRESENTATION_ITEM('') );
#8351 = CARTESIAN_POINT('',(37.8,5.551115123126E-17,0.));
#8352 = CARTESIAN_POINT('',(-22.77014822795,-0.178160240246,3.));
#8353 = CARTESIAN_POINT('',(67.717480551016,-1.124846541857,90.));
#8354 = CARTESIAN_POINT('',(36.75,-0.75,99.));
#8355 = PCURVE('',#8172,#8356);
#8356 = DEFINITIONAL_REPRESENTATION('',(#8357),#8361);
#8357 = LINE('',#8358,#8359);
#8358 = CARTESIAN_POINT('',(0.,0.));
#8359 = VECTOR('',#8360,1.);
#8360 = DIRECTION('',(0.,1.));
#8361 = ( GEOMETRIC_REPRESENTATION_CONTEXT(2) 
PARAMETRIC_REPRESENTATION_CONTEXT() REPRESENTATION_CONTEXT('2D SPACE',''
  ) );
#8362 = PCURVE('',#8363,#8408);
#8363 = ( BOUNDED_SURFACE() B_SPLINE_SURFACE(10,3,(
    (#8364,#8365,#8366,#8367)
    ,(#8368,#8369,#8370,#8371)
    ,(#8372,#8373,#8374,#8375)
    ,(#8376,#8377,#8378,#8379)
    ,(#8380,#8381,#8382,#8383)
    ,(#8384,#8385,#8386,#8387)
    ,(#8388,#8389,#8390,#8391)
    ,(#8392,#8393,#8394,#8395)
    ,(#8396,#8397,#8398,#8399)
    ,(#8400,#8401,#8402,#8403)
    ,(#8404,#8405,#8406,#8407
)),.UNSPECIFIED.,.F.,.F.,.F.) B_SPLINE_SURFACE_WITH_KNOTS((11,11),(4,4),
  (11.,12.),(0.,1.),.PIECEWISE_BEZIER_KNOTS.) 
GEOMETRIC_REPRESENTATION_ITEM() RATIONAL_B_SPLINE_SURFACE((
    (1.,1.,1.,1.)
    ,(1.,1.,1.,1.)
    ,(1.,1.,1.,1.)
    ,(1.,1.,1.,1.)
    ,(1.,1.,1.,1.)
    ,(1.,1.,1.,1.)
    ,(1.,1.,1.,1.)
    ,(1.,1.,1.,1.)
    ,(1.,1.,1.,1.)
    ,(1.,1.,1.,1.)
,(1.,1.,1.,1.))) REPRESENTATION_ITEM('') SURFACE() );
#8364 = CARTESIAN_POINT('',(37.754792949667,-1.848136717816,0.));
#8365 = CARTESIAN_POINT('',(-27.66329792882,1.354147451061,3.));
#8366 = CARTESIAN_POINT('',(80.908630504322,-3.960562332379,90.));
#8367 = CARTESIAN_POINT('',(15.321428571428,-0.75,99.));
#8368 = CARTESIAN_POINT('',(37.763832557118,-1.663470451324,0.));
#8369 = CARTESIAN_POINT('',(-27.22934485807,1.348562266847,3.));
#8370 = CARTESIAN_POINT('',(79.703503975962,-3.973158595813,
    89.999999999999));
#8371 = CARTESIAN_POINT('',(17.464285714285,-0.75,99.));
#8372 = CARTESIAN_POINT('',(37.771868564867,-1.478755056594,0.));
#8373 = CARTESIAN_POINT('',(-26.79592698723,1.306517515563,
    2.999999999999));
#8374 = CARTESIAN_POINT('',(78.498728580256,-3.912605492442,
    90.000000000001));
#8375 = CARTESIAN_POINT('',(19.607142857142,-0.75,99.));
#8376 = CARTESIAN_POINT('',(37.778900672506,-1.293996671103,0.));
#8377 = CARTESIAN_POINT('',(-26.35791819806,1.228004588971,3.));
#8378 = CARTESIAN_POINT('',(77.284049402698,-3.778899043999,90.));
#8379 = CARTESIAN_POINT('',(21.75,-0.75,99.));
#8380 = CARTESIAN_POINT('',(37.784928622537,-1.10920143338,0.));
#8381 = CARTESIAN_POINT('',(-25.91019145213,1.113834191737,
    3.000000000001));
#8382 = CARTESIAN_POINT('',(76.049209886929,-3.57367392259,
    89.999999999999));
#8383 = CARTESIAN_POINT('',(23.892857142857,-0.75,99.));
#8384 = CARTESIAN_POINT('',(37.789952200376,-0.924375483003,0.));
#8385 = CARTESIAN_POINT('',(-25.44777350653,0.965639307751,3.));
#8386 = CARTESIAN_POINT('',(74.784261266309,-3.300209383331,90.));
#8387 = CARTESIAN_POINT('',(26.035714285714,-0.75,99.));
#8388 = CARTESIAN_POINT('',(37.793971234348,-0.739524960599,0.));
#8389 = CARTESIAN_POINT('',(-24.96599774015,0.785839346455,
    2.999999999999));
#8390 = CARTESIAN_POINT('',(73.479868216311,-2.963357557004,
    90.000000000001));
#8391 = CARTESIAN_POINT('',(28.178571428571,-0.75,99.));
#8392 = CARTESIAN_POINT('',(37.796985595691,-0.554656007844,0.));
#8393 = CARTESIAN_POINT('',(-24.46064703088,0.577570524454,3.));
#8394 = CARTESIAN_POINT('',(72.127594609088,-2.56940421328,90.));
#8395 = CARTESIAN_POINT('',(30.321428571428,-0.75,99.));
#8396 = CARTESIAN_POINT('',(37.798995198555,-0.369774767467,0.));
#8397 = CARTESIAN_POINT('',(-23.9280786247,0.344587537698,3.000000000001
    ));
#8398 = CARTESIAN_POINT('',(70.720153251558,-2.125872105084,
    89.999999999999));
#8399 = CARTESIAN_POINT('',(32.464285714286,-0.75,99.));
#8400 = CARTESIAN_POINT('',(37.8,-0.184887383244,0.));
#8401 = CARTESIAN_POINT('',(-23.36532293717,9.114157951111E-02,3.));
#8402 = CARTESIAN_POINT('',(69.251603488361,-1.641277004652,
    90.000000000001));
#8403 = CARTESIAN_POINT('',(34.607142857143,-0.75,99.));
#8404 = CARTESIAN_POINT('',(37.8,-9.214851104389E-15,0.));
#8405 = CARTESIAN_POINT('',(-22.77014822795,-0.178160240246,3.));
#8406 = CARTESIAN_POINT('',(67.717480551016,-1.124846541857,90.));
#8407 = CARTESIAN_POINT('',(36.75,-0.75,99.));
#8408 = DEFINITIONAL_REPRESENTATION('',(#8409),#8413);
#8409 = LINE('',#8410,#8411);
#8410 = CARTESIAN_POINT('',(12.,0.));
#8411 = VECTOR('',#8412,1.);
#8412 = DIRECTION('',(0.,1.));
#8413 = ( GEOMETRIC_REPRESENTATION_CONTEXT(2) 
PARAMETRIC_REPRESENTATION_CONTEXT() REPRESENTATION_CONTEXT('2D SPACE',''
  ) );
#8414 = ADVANCED_FACE('',(#8415),#8224,.F.);
#8415 = FACE_BOUND('',#8416,.T.);
#8416 = EDGE_LOOP('',(#8417,#8418,#8457,#8541,#8625,#8709,#8793,#8877,
    #8961,#9045,#9129,#9213));
#8417 = ORIENTED_EDGE('',*,*,#8153,.F.);
#8418 = ORIENTED_EDGE('',*,*,#8419,.F.);
#8419 = EDGE_CURVE('',#8420,#8154,#8422,.T.);
#8420 = VERTEX_POINT('',#8421);
#8421 = CARTESIAN_POINT('',(37.754792949667,-1.848136717816,0.));
#8422 = SURFACE_CURVE('',#8423,(#8435,#8450),.PCURVE_S1.);
#8423 = B_SPLINE_CURVE_WITH_KNOTS('',10,(#8424,#8425,#8426,#8427,#8428,
    #8429,#8430,#8431,#8432,#8433,#8434),.UNSPECIFIED.,.F.,.F.,(11,11),(
    11.,12.),.PIECEWISE_BEZIER_KNOTS.);
#8424 = CARTESIAN_POINT('',(37.754792949667,-1.848136717816,0.));
#8425 = CARTESIAN_POINT('',(37.763832557118,-1.663470451324,0.));
#8426 = CARTESIAN_POINT('',(37.771868564867,-1.478755056594,0.));
#8427 = CARTESIAN_POINT('',(37.778900672506,-1.293996671103,0.));
#8428 = CARTESIAN_POINT('',(37.784928622537,-1.10920143338,0.));
#8429 = CARTESIAN_POINT('',(37.789952200376,-0.924375483003,0.));
#8430 = CARTESIAN_POINT('',(37.793971234348,-0.739524960599,0.));
#8431 = CARTESIAN_POINT('',(37.796985595691,-0.554656007844,0.));
#8432 = CARTESIAN_POINT('',(37.798995198555,-0.369774767467,0.));
#8433 = CARTESIAN_POINT('',(37.8,-0.184887383244,0.));
#8434 = CARTESIAN_POINT('',(37.8,-9.214851104389E-15,0.));
#8435 = PCURVE('',#8224,#8436);
#8436 = DEFINITIONAL_REPRESENTATION('',(#8437),#8449);
#8437 = B_SPLINE_CURVE_WITH_KNOTS('',10,(#8438,#8439,#8440,#8441,#8442,
    #8443,#8444,#8445,#8446,#8447,#8448),.UNSPECIFIED.,.F.,.F.,(11,11),(
    11.,12.),.PIECEWISE_BEZIER_KNOTS.);
#8438 = CARTESIAN_POINT('',(4.520705033256E-02,1.848136717816));
#8439 = CARTESIAN_POINT('',(3.61674428819E-02,1.663470451324));
#8440 = CARTESIAN_POINT('',(2.81314351328E-02,1.478755056594));
#8441 = CARTESIAN_POINT('',(2.109932749402E-02,1.293996671103));
#8442 = CARTESIAN_POINT('',(1.507137746263E-02,1.10920143338));
#8443 = CARTESIAN_POINT('',(1.004779962407E-02,0.924375483003));
#8444 = CARTESIAN_POINT('',(6.028765652182E-03,0.739524960599));
#8445 = CARTESIAN_POINT('',(3.014404309141E-03,0.554656007844));
#8446 = CARTESIAN_POINT('',(1.004801445447E-03,0.369774767467));
#8447 = CARTESIAN_POINT('',(-7.105427357601E-15,0.184887383244));
#8448 = CARTESIAN_POINT('',(7.105427357601E-15,9.27036225562E-15));
#8449 = ( GEOMETRIC_REPRESENTATION_CONTEXT(2) 
PARAMETRIC_REPRESENTATION_CONTEXT() REPRESENTATION_CONTEXT('2D SPACE',''
  ) );
#8450 = PCURVE('',#8363,#8451);
#8451 = DEFINITIONAL_REPRESENTATION('',(#8452),#8456);
#8452 = LINE('',#8453,#8454);
#8453 = CARTESIAN_POINT('',(0.,0.));
#8454 = VECTOR('',#8455,1.);
#8455 = DIRECTION('',(1.,0.));
#8456 = ( GEOMETRIC_REPRESENTATION_CONTEXT(2) 
PARAMETRIC_REPRESENTATION_CONTEXT() REPRESENTATION_CONTEXT('2D SPACE',''
  ) );
#8457 = ORIENTED_EDGE('',*,*,#8458,.F.);
#8458 = EDGE_CURVE('',#8459,#8420,#8461,.T.);
#8459 = VERTEX_POINT('',#8460);
#8460 = CARTESIAN_POINT('',(33.512907185054,-17.48499505307,0.));
#8461 = SURFACE_CURVE('',#8462,(#8474,#8489),.PCURVE_S1.);
#8462 = B_SPLINE_CURVE_WITH_KNOTS('',10,(#8463,#8464,#8465,#8466,#8467,
    #8468,#8469,#8470,#8471,#8472,#8473),.UNSPECIFIED.,.F.,.F.,(11,11),(
    10.,11.),.PIECEWISE_BEZIER_KNOTS.);
#8463 = CARTESIAN_POINT('',(33.512907185054,-17.48499505307,0.));
#8464 = CARTESIAN_POINT('',(34.268215738029,-16.03732032653,0.));
#8465 = CARTESIAN_POINT('',(34.954039868679,-14.5533929076,0.));
#8466 = CARTESIAN_POINT('',(35.568422086223,-13.03696459141,0.));
#8467 = CARTESIAN_POINT('',(36.109636345462,-11.49190825843,0.));
#8468 = CARTESIAN_POINT('',(36.576196868721,-9.922200834378,0.));
#8469 = CARTESIAN_POINT('',(36.966865403175,-8.331905825521,0.));
#8470 = CARTESIAN_POINT('',(37.280656913576,-6.725155429701,0.));
#8471 = CARTESIAN_POINT('',(37.516843710359,-5.106132222818,0.));
#8472 = CARTESIAN_POINT('',(37.674958013152,-3.479050420915,0.));
#8473 = CARTESIAN_POINT('',(37.754792949667,-1.848136717816,0.));
#8474 = PCURVE('',#8224,#8475);
#8475 = DEFINITIONAL_REPRESENTATION('',(#8476),#8488);
#8476 = B_SPLINE_CURVE_WITH_KNOTS('',10,(#8477,#8478,#8479,#8480,#8481,
    #8482,#8483,#8484,#8485,#8486,#8487),.UNSPECIFIED.,.F.,.F.,(11,11),(
    10.,11.),.PIECEWISE_BEZIER_KNOTS.);
#8477 = CARTESIAN_POINT('',(4.287092814946,17.484995053072));
#8478 = CARTESIAN_POINT('',(3.531784261971,16.037320326537));
#8479 = CARTESIAN_POINT('',(2.845960131321,14.553392907608));
#8480 = CARTESIAN_POINT('',(2.231577913777,13.03696459141));
#8481 = CARTESIAN_POINT('',(1.690363654538,11.491908258436));
#8482 = CARTESIAN_POINT('',(1.223803131279,9.922200834378));
#8483 = CARTESIAN_POINT('',(0.833134596825,8.331905825521));
#8484 = CARTESIAN_POINT('',(0.519343086424,6.725155429701));
#8485 = CARTESIAN_POINT('',(0.283156289641,5.106132222818));
#8486 = CARTESIAN_POINT('',(0.125041986848,3.479050420915));
#8487 = CARTESIAN_POINT('',(4.520705033256E-02,1.848136717816));
#8488 = ( GEOMETRIC_REPRESENTATION_CONTEXT(2) 
PARAMETRIC_REPRESENTATION_CONTEXT() REPRESENTATION_CONTEXT('2D SPACE',''
  ) );
#8489 = PCURVE('',#8490,#8535);
#8490 = ( BOUNDED_SURFACE() B_SPLINE_SURFACE(10,3,(
    (#8491,#8492,#8493,#8494)
    ,(#8495,#8496,#8497,#8498)
    ,(#8499,#8500,#8501,#8502)
    ,(#8503,#8504,#8505,#8506)
    ,(#8507,#8508,#8509,#8510)
    ,(#8511,#8512,#8513,#8514)
    ,(#8515,#8516,#8517,#8518)
    ,(#8519,#8520,#8521,#8522)
    ,(#8523,#8524,#8525,#8526)
    ,(#8527,#8528,#8529,#8530)
    ,(#8531,#8532,#8533,#8534
)),.UNSPECIFIED.,.F.,.F.,.F.) B_SPLINE_SURFACE_WITH_KNOTS((11,11),(4,4),
  (10.,11.),(0.,1.),.PIECEWISE_BEZIER_KNOTS.) 
GEOMETRIC_REPRESENTATION_ITEM() RATIONAL_B_SPLINE_SURFACE((
    (1.,1.,1.,1.)
    ,(1.,1.,1.,1.)
    ,(1.,1.,1.,1.)
    ,(1.,1.,1.,1.)
    ,(1.,1.,1.,1.)
    ,(1.,1.,1.,1.)
    ,(1.,1.,1.,1.)
    ,(1.,1.,1.,1.)
    ,(1.,1.,1.,1.)
    ,(1.,1.,1.,1.)
,(1.,1.,1.,1.))) REPRESENTATION_ITEM('') SURFACE() );
#8491 = CARTESIAN_POINT('',(33.512907185054,-17.48499505307,0.));
#8492 = CARTESIAN_POINT('',(2.020494012455,-1.054170789107,3.));
#8493 = CARTESIAN_POINT('',(2.785552395018,-1.453331684357,90.));
#8494 = CARTESIAN_POINT('',(1.4375,-0.75,99.));
#8495 = CARTESIAN_POINT('',(34.268215738029,-16.03732032653,0.));
#8496 = CARTESIAN_POINT('',(-0.435042392244,-2.260566394553,3.));
#8497 = CARTESIAN_POINT('',(10.313845479858,-0.970773442179,90.));
#8498 = CARTESIAN_POINT('',(2.825892857143,-0.75,99.));
#8499 = CARTESIAN_POINT('',(34.954039868679,-14.5533929076,0.));
#8500 = CARTESIAN_POINT('',(-2.832674800426,-3.089314980693,3.));
#8501 = CARTESIAN_POINT('',(17.818976934966,-0.680059767353,90.));
#8502 = CARTESIAN_POINT('',(4.214285714286,-0.75,99.));
#8503 = CARTESIAN_POINT('',(35.568422086223,-13.03696459141,0.));
#8504 = CARTESIAN_POINT('',(-5.24357822749,-3.53729147958,3.));
#8505 = CARTESIAN_POINT('',(25.336697392274,-0.582440544259,90.));
#8506 = CARTESIAN_POINT('',(5.602678571428,-0.75,99.));
#8507 = CARTESIAN_POINT('',(36.109636345462,-11.49190825843,0.));
#8508 = CARTESIAN_POINT('',(-7.739113810667,-3.61611745849,3.));
#8509 = CARTESIAN_POINT('',(32.902831257498,-0.671782249219,90.));
#8510 = CARTESIAN_POINT('',(6.991071428571,-0.75,99.));
#8511 = CARTESIAN_POINT('',(36.576196868721,-9.922200834378,0.));
#8512 = CARTESIAN_POINT('',(-10.38731931989,-3.352187877052,3.));
#8513 = CARTESIAN_POINT('',(40.551521230412,-0.934555991943,90.));
#8514 = CARTESIAN_POINT('',(8.379464285714,-0.75,99.));
#8515 = CARTESIAN_POINT('',(36.966865403175,-8.331905825521,0.));
#8516 = CARTESIAN_POINT('',(-13.24935865618,-2.785663241057,3.));
#8517 = CARTESIAN_POINT('',(48.313452449259,-1.350342894012,90.));
#8518 = CARTESIAN_POINT('',(9.767857142857,-0.75,99.));
#8519 = CARTESIAN_POINT('',(37.280656913576,-6.725155429701,0.));
#8520 = CARTESIAN_POINT('',(-16.3763636796,-1.968467460046,3.));
#8521 = CARTESIAN_POINT('',(56.214272930337,-1.892836650835,90.));
#8522 = CARTESIAN_POINT('',(11.15625,-0.75,99.));
#8523 = CARTESIAN_POINT('',(37.516843710359,-5.106132222818,0.));
#8524 = CARTESIAN_POINT('',(-19.806991112,-0.961459346444,3.));
#8525 = CARTESIAN_POINT('',(64.273371675376,-2.53125930821,90.));
#8526 = CARTESIAN_POINT('',(12.544642857142,-0.75,99.));
#8527 = CARTESIAN_POINT('',(37.674958013152,-3.479050420915,0.));
#8528 = CARTESIAN_POINT('',(-23.56590666278,0.168926675378,3.));
#8529 = CARTESIAN_POINT('',(72.503120520774,-3.232042469279,90.));
#8530 = CARTESIAN_POINT('',(13.933035714285,-0.75,99.));
#8531 = CARTESIAN_POINT('',(37.754792949667,-1.848136717816,0.));
#8532 = CARTESIAN_POINT('',(-27.66329792882,1.354147451061,3.));
#8533 = CARTESIAN_POINT('',(80.908630504322,-3.960562332379,90.));
#8534 = CARTESIAN_POINT('',(15.321428571428,-0.75,99.));
#8535 = DEFINITIONAL_REPRESENTATION('',(#8536),#8540);
#8536 = LINE('',#8537,#8538);
#8537 = CARTESIAN_POINT('',(0.,0.));
#8538 = VECTOR('',#8539,1.);
#8539 = DIRECTION('',(1.,0.));
#8540 = ( GEOMETRIC_REPRESENTATION_CONTEXT(2) 
PARAMETRIC_REPRESENTATION_CONTEXT() REPRESENTATION_CONTEXT('2D SPACE',''
  ) );
#8541 = ORIENTED_EDGE('',*,*,#8542,.F.);
#8542 = EDGE_CURVE('',#8543,#8459,#8545,.T.);
#8543 = VERTEX_POINT('',#8544);
#8544 = CARTESIAN_POINT('',(-33.51290718505,-17.48499505307,0.));
#8545 = SURFACE_CURVE('',#8546,(#8558,#8573),.PCURVE_S1.);
#8546 = B_SPLINE_CURVE_WITH_KNOTS('',10,(#8547,#8548,#8549,#8550,#8551,
    #8552,#8553,#8554,#8555,#8556,#8557),.UNSPECIFIED.,.F.,.F.,(11,11),(
    9.,10.),.PIECEWISE_BEZIER_KNOTS.);
#8547 = CARTESIAN_POINT('',(-33.51290718505,-17.48499505307,0.));
#8548 = CARTESIAN_POINT('',(-29.70149632743,-24.79019919684,0.));
#8549 = CARTESIAN_POINT('',(-24.12075054881,-31.17227195537,0.));
#8550 = CARTESIAN_POINT('',(-17.02220025104,-36.14910988226,0.));
#8551 = CARTESIAN_POINT('',(-8.807514663469,-39.31693637829,0.));
#8552 = CARTESIAN_POINT('',(-2.046363078989E-12,-40.40484880633,0.));
#8553 = CARTESIAN_POINT('',(8.807514663472,-39.31693637829,0.));
#8554 = CARTESIAN_POINT('',(17.02220025104,-36.14910988226,0.));
#8555 = CARTESIAN_POINT('',(24.120750548813,-31.17227195537,0.));
#8556 = CARTESIAN_POINT('',(29.701496327436,-24.79019919684,0.));
#8557 = CARTESIAN_POINT('',(33.512907185054,-17.48499505307,0.));
#8558 = PCURVE('',#8224,#8559);
#8559 = DEFINITIONAL_REPRESENTATION('',(#8560),#8572);
#8560 = B_SPLINE_CURVE_WITH_KNOTS('',10,(#8561,#8562,#8563,#8564,#8565,
    #8566,#8567,#8568,#8569,#8570,#8571),.UNSPECIFIED.,.F.,.F.,(11,11),(
    9.,10.),.PIECEWISE_BEZIER_KNOTS.);
#8561 = CARTESIAN_POINT('',(71.312907185054,17.484995053072));
#8562 = CARTESIAN_POINT('',(67.501496327436,24.790199196842));
#8563 = CARTESIAN_POINT('',(61.920750548812,31.172271955373));
#8564 = CARTESIAN_POINT('',(54.822200251043,36.149109882264));
#8565 = CARTESIAN_POINT('',(46.607514663469,39.316936378299));
#8566 = CARTESIAN_POINT('',(37.800000000002,40.40484880633));
#8567 = CARTESIAN_POINT('',(28.992485336528,39.316936378299));
#8568 = CARTESIAN_POINT('',(20.77779974896,36.149109882263));
#8569 = CARTESIAN_POINT('',(13.679249451187,31.172271955374));
#8570 = CARTESIAN_POINT('',(8.098503672564,24.790199196842));
#8571 = CARTESIAN_POINT('',(4.287092814946,17.484995053072));
#8572 = ( GEOMETRIC_REPRESENTATION_CONTEXT(2) 
PARAMETRIC_REPRESENTATION_CONTEXT() REPRESENTATION_CONTEXT('2D SPACE',''
  ) );
#8573 = PCURVE('',#8574,#8619);
#8574 = ( BOUNDED_SURFACE() B_SPLINE_SURFACE(10,3,(
    (#8575,#8576,#8577,#8578)
    ,(#8579,#8580,#8581,#8582)
    ,(#8583,#8584,#8585,#8586)
    ,(#8587,#8588,#8589,#8590)
    ,(#8591,#8592,#8593,#8594)
    ,(#8595,#8596,#8597,#8598)
    ,(#8599,#8600,#8601,#8602)
    ,(#8603,#8604,#8605,#8606)
    ,(#8607,#8608,#8609,#8610)
    ,(#8611,#8612,#8613,#8614)
    ,(#8615,#8616,#8617,#8618
)),.UNSPECIFIED.,.F.,.F.,.F.) B_SPLINE_SURFACE_WITH_KNOTS((11,11),(4,4),
  (9.,10.),(0.,1.),.PIECEWISE_BEZIER_KNOTS.) 
GEOMETRIC_REPRESENTATION_ITEM() RATIONAL_B_SPLINE_SURFACE((
    (1.,1.,1.,1.)
    ,(1.,1.,1.,1.)
    ,(1.,1.,1.,1.)
    ,(1.,1.,1.,1.)
    ,(1.,1.,1.,1.)
    ,(1.,1.,1.,1.)
    ,(1.,1.,1.,1.)
    ,(1.,1.,1.,1.)
    ,(1.,1.,1.,1.)
    ,(1.,1.,1.,1.)
,(1.,1.,1.,1.))) REPRESENTATION_ITEM('') SURFACE() );
#8575 = CARTESIAN_POINT('',(-33.51290718505,-17.48499505307,0.));
#8576 = CARTESIAN_POINT('',(-2.020494012455,-1.054170789107,3.));
#8577 = CARTESIAN_POINT('',(-2.785552395018,-1.453331684357,90.));
#8578 = CARTESIAN_POINT('',(-1.4375,-0.75,99.));
#8579 = CARTESIAN_POINT('',(-29.70149632743,-24.79019919684,0.));
#8580 = CARTESIAN_POINT('',(0.792913606197,5.033499330702,3.));
#8581 = CARTESIAN_POINT('',(-3.192165442479,-3.888399732281,90.));
#8582 = CARTESIAN_POINT('',(-1.15,-0.75,99.));
#8583 = CARTESIAN_POINT('',(-24.12075054881,-31.17227195537,0.));
#8584 = CARTESIAN_POINT('',(2.131875457343,10.351893296144,3.));
#8585 = CARTESIAN_POINT('',(-3.009000182937,-6.015757318458,90.));
#8586 = CARTESIAN_POINT('',(-0.8625,-0.75,99.));
#8587 = CARTESIAN_POINT('',(-17.02220025104,-36.14910988226,0.));
#8588 = CARTESIAN_POINT('',(2.206000209202,14.49925823522,3.));
#8589 = CARTESIAN_POINT('',(-2.319900083681,-7.674703294088,90.));
#8590 = CARTESIAN_POINT('',(-0.575,-0.75,99.));
#8591 = CARTESIAN_POINT('',(-8.807514663469,-39.31693637829,0.));
#8592 = CARTESIAN_POINT('',(1.350012219557,17.139113648583,3.));
#8593 = CARTESIAN_POINT('',(-1.258754887823,-8.730645459433,90.));
#8594 = CARTESIAN_POINT('',(-0.2875,-0.75,99.));
#8595 = CARTESIAN_POINT('',(-2.046363078989E-12,-40.40484880633,0.));
#8596 = CARTESIAN_POINT('',(1.719446807158E-12,18.045707338608,3.));
#8597 = CARTESIAN_POINT('',(-7.068567953183E-13,-9.093282935443,90.));
#8598 = CARTESIAN_POINT('',(-2.13162820728E-14,-0.75,99.));
#8599 = CARTESIAN_POINT('',(8.807514663472,-39.31693637829,0.));
#8600 = CARTESIAN_POINT('',(-1.35001221956,17.139113648583,3.));
#8601 = CARTESIAN_POINT('',(1.258754887824,-8.730645459433,90.));
#8602 = CARTESIAN_POINT('',(0.2875,-0.75,99.));
#8603 = CARTESIAN_POINT('',(17.02220025104,-36.14910988226,0.));
#8604 = CARTESIAN_POINT('',(-2.2060002092,14.499258235219,3.));
#8605 = CARTESIAN_POINT('',(2.31990008368,-7.674703294088,90.));
#8606 = CARTESIAN_POINT('',(0.575,-0.75,99.));
#8607 = CARTESIAN_POINT('',(24.120750548813,-31.17227195537,0.));
#8608 = CARTESIAN_POINT('',(-2.131875457344,10.351893296145,3.));
#8609 = CARTESIAN_POINT('',(3.009000182938,-6.015757318458,90.));
#8610 = CARTESIAN_POINT('',(0.8625,-0.75,99.));
#8611 = CARTESIAN_POINT('',(29.701496327436,-24.79019919684,0.));
#8612 = CARTESIAN_POINT('',(-0.792913606197,5.033499330701,3.));
#8613 = CARTESIAN_POINT('',(3.192165442479,-3.888399732281,90.));
#8614 = CARTESIAN_POINT('',(1.15,-0.75,99.));
#8615 = CARTESIAN_POINT('',(33.512907185054,-17.48499505307,0.));
#8616 = CARTESIAN_POINT('',(2.020494012455,-1.054170789107,3.));
#8617 = CARTESIAN_POINT('',(2.785552395018,-1.453331684357,90.));
#8618 = CARTESIAN_POINT('',(1.4375,-0.75,99.));
#8619 = DEFINITIONAL_REPRESENTATION('',(#8620),#8624);
#8620 = LINE('',#8621,#8622);
#8621 = CARTESIAN_POINT('',(0.,0.));
#8622 = VECTOR('',#8623,1.);
#8623 = DIRECTION('',(1.,0.));
#8624 = ( GEOMETRIC_REPRESENTATION_CONTEXT(2) 
PARAMETRIC_REPRESENTATION_CONTEXT() REPRESENTATION_CONTEXT('2D SPACE',''
  ) );
#8625 = ORIENTED_EDGE('',*,*,#8626,.F.);
#8626 = EDGE_CURVE('',#8627,#8543,#8629,.T.);
#8627 = VERTEX_POINT('',#8628);
#8628 = CARTESIAN_POINT('',(-37.75479294966,-1.848136717816,0.));
#8629 = SURFACE_CURVE('',#8630,(#8642,#8657),.PCURVE_S1.);
#8630 = B_SPLINE_CURVE_WITH_KNOTS('',10,(#8631,#8632,#8633,#8634,#8635,
    #8636,#8637,#8638,#8639,#8640,#8641),.UNSPECIFIED.,.F.,.F.,(11,11),(
    8.,9.),.PIECEWISE_BEZIER_KNOTS.);
#8631 = CARTESIAN_POINT('',(-37.75479294966,-1.848136717816,0.));
#8632 = CARTESIAN_POINT('',(-37.67495801315,-3.479050420915,0.));
#8633 = CARTESIAN_POINT('',(-37.51684371035,-5.106132222818,0.));
#8634 = CARTESIAN_POINT('',(-37.28065691357,-6.725155429701,0.));
#8635 = CARTESIAN_POINT('',(-36.96686540317,-8.331905825521,0.));
#8636 = CARTESIAN_POINT('',(-36.57619686872,-9.922200834378,0.));
#8637 = CARTESIAN_POINT('',(-36.10963634546,-11.49190825843,0.));
#8638 = CARTESIAN_POINT('',(-35.56842208622,-13.03696459141,0.));
#8639 = CARTESIAN_POINT('',(-34.95403986867,-14.5533929076,0.));
#8640 = CARTESIAN_POINT('',(-34.26821573802,-16.03732032653,0.));
#8641 = CARTESIAN_POINT('',(-33.51290718505,-17.48499505307,0.));
#8642 = PCURVE('',#8224,#8643);
#8643 = DEFINITIONAL_REPRESENTATION('',(#8644),#8656);
#8644 = B_SPLINE_CURVE_WITH_KNOTS('',10,(#8645,#8646,#8647,#8648,#8649,
    #8650,#8651,#8652,#8653,#8654,#8655),.UNSPECIFIED.,.F.,.F.,(11,11),(
    8.,9.),.PIECEWISE_BEZIER_KNOTS.);
#8645 = CARTESIAN_POINT('',(75.554792949667,1.848136717816));
#8646 = CARTESIAN_POINT('',(75.474958013152,3.479050420915));
#8647 = CARTESIAN_POINT('',(75.316843710359,5.106132222818));
#8648 = CARTESIAN_POINT('',(75.080656913576,6.725155429701));
#8649 = CARTESIAN_POINT('',(74.766865403175,8.331905825521));
#8650 = CARTESIAN_POINT('',(74.376196868721,9.922200834378));
#8651 = CARTESIAN_POINT('',(73.909636345462,11.491908258436));
#8652 = CARTESIAN_POINT('',(73.368422086223,13.03696459141));
#8653 = CARTESIAN_POINT('',(72.754039868679,14.553392907608));
#8654 = CARTESIAN_POINT('',(72.068215738029,16.037320326537));
#8655 = CARTESIAN_POINT('',(71.312907185054,17.484995053072));
#8656 = ( GEOMETRIC_REPRESENTATION_CONTEXT(2) 
PARAMETRIC_REPRESENTATION_CONTEXT() REPRESENTATION_CONTEXT('2D SPACE',''
  ) );
#8657 = PCURVE('',#8658,#8703);
#8658 = ( BOUNDED_SURFACE() B_SPLINE_SURFACE(10,3,(
    (#8659,#8660,#8661,#8662)
    ,(#8663,#8664,#8665,#8666)
    ,(#8667,#8668,#8669,#8670)
    ,(#8671,#8672,#8673,#8674)
    ,(#8675,#8676,#8677,#8678)
    ,(#8679,#8680,#8681,#8682)
    ,(#8683,#8684,#8685,#8686)
    ,(#8687,#8688,#8689,#8690)
    ,(#8691,#8692,#8693,#8694)
    ,(#8695,#8696,#8697,#8698)
    ,(#8699,#8700,#8701,#8702
)),.UNSPECIFIED.,.F.,.F.,.F.) B_SPLINE_SURFACE_WITH_KNOTS((11,11),(4,4),
  (8.,9.),(0.,1.),.PIECEWISE_BEZIER_KNOTS.) 
GEOMETRIC_REPRESENTATION_ITEM() RATIONAL_B_SPLINE_SURFACE((
    (1.,1.,1.,1.)
    ,(1.,1.,1.,1.)
    ,(1.,1.,1.,1.)
    ,(1.,1.,1.,1.)
    ,(1.,1.,1.,1.)
    ,(1.,1.,1.,1.)
    ,(1.,1.,1.,1.)
    ,(1.,1.,1.,1.)
    ,(1.,1.,1.,1.)
    ,(1.,1.,1.,1.)
,(1.,1.,1.,1.))) REPRESENTATION_ITEM('') SURFACE() );
#8659 = CARTESIAN_POINT('',(-37.75479294966,-1.848136717816,0.));
#8660 = CARTESIAN_POINT('',(27.663297928827,1.354147451061,3.));
#8661 = CARTESIAN_POINT('',(-80.90863050432,-3.960562332379,90.));
#8662 = CARTESIAN_POINT('',(-15.32142857142,-0.75,99.));
#8663 = CARTESIAN_POINT('',(-37.67495801315,-3.479050420915,0.));
#8664 = CARTESIAN_POINT('',(23.565906662788,0.168926675378,3.));
#8665 = CARTESIAN_POINT('',(-72.50312052077,-3.232042469279,90.));
#8666 = CARTESIAN_POINT('',(-13.93303571428,-0.75,99.));
#8667 = CARTESIAN_POINT('',(-37.51684371035,-5.106132222818,0.));
#8668 = CARTESIAN_POINT('',(19.806991112002,-0.961459346444,3.));
#8669 = CARTESIAN_POINT('',(-64.27337167537,-2.53125930821,90.));
#8670 = CARTESIAN_POINT('',(-12.54464285714,-0.75,99.));
#8671 = CARTESIAN_POINT('',(-37.28065691357,-6.725155429701,0.));
#8672 = CARTESIAN_POINT('',(16.376363679604,-1.968467460046,
    2.999999999999));
#8673 = CARTESIAN_POINT('',(-56.21427293033,-1.892836650835,90.));
#8674 = CARTESIAN_POINT('',(-11.15624999999,-0.75,99.));
#8675 = CARTESIAN_POINT('',(-36.96686540317,-8.331905825521,0.));
#8676 = CARTESIAN_POINT('',(13.249358656189,-2.785663241057,3.));
#8677 = CARTESIAN_POINT('',(-48.31345244925,-1.350342894012,90.));
#8678 = CARTESIAN_POINT('',(-9.767857142856,-0.75,99.));
#8679 = CARTESIAN_POINT('',(-36.57619686872,-9.922200834378,0.));
#8680 = CARTESIAN_POINT('',(10.387319319896,-3.352187877052,
    3.000000000001));
#8681 = CARTESIAN_POINT('',(-40.55152123041,-0.934555991942,90.));
#8682 = CARTESIAN_POINT('',(-8.379464285713,-0.75,99.));
#8683 = CARTESIAN_POINT('',(-36.10963634546,-11.49190825843,0.));
#8684 = CARTESIAN_POINT('',(7.739113810668,-3.61611745849,3.));
#8685 = CARTESIAN_POINT('',(-32.90283125749,-0.671782249219,90.));
#8686 = CARTESIAN_POINT('',(-6.991071428571,-0.75,99.));
#8687 = CARTESIAN_POINT('',(-35.56842208622,-13.03696459141,0.));
#8688 = CARTESIAN_POINT('',(5.243578227491,-3.53729147958,2.999999999999
    ));
#8689 = CARTESIAN_POINT('',(-25.33669739227,-0.582440544259,90.));
#8690 = CARTESIAN_POINT('',(-5.602678571428,-0.75,99.));
#8691 = CARTESIAN_POINT('',(-34.95403986867,-14.5533929076,0.));
#8692 = CARTESIAN_POINT('',(2.832674800425,-3.089314980693,
    3.000000000001));
#8693 = CARTESIAN_POINT('',(-17.81897693496,-0.680059767353,90.));
#8694 = CARTESIAN_POINT('',(-4.214285714285,-0.75,99.));
#8695 = CARTESIAN_POINT('',(-34.26821573802,-16.03732032653,0.));
#8696 = CARTESIAN_POINT('',(0.435042392244,-2.260566394552,3.));
#8697 = CARTESIAN_POINT('',(-10.31384547985,-0.970773442179,90.));
#8698 = CARTESIAN_POINT('',(-2.825892857143,-0.75,99.));
#8699 = CARTESIAN_POINT('',(-33.51290718505,-17.48499505307,0.));
#8700 = CARTESIAN_POINT('',(-2.020494012455,-1.054170789107,3.));
#8701 = CARTESIAN_POINT('',(-2.785552395018,-1.453331684357,90.));
#8702 = CARTESIAN_POINT('',(-1.4375,-0.75,99.));
#8703 = DEFINITIONAL_REPRESENTATION('',(#8704),#8708);
#8704 = LINE('',#8705,#8706);
#8705 = CARTESIAN_POINT('',(0.,0.));
#8706 = VECTOR('',#8707,1.);
#8707 = DIRECTION('',(1.,0.));
#8708 = ( GEOMETRIC_REPRESENTATION_CONTEXT(2) 
PARAMETRIC_REPRESENTATION_CONTEXT() REPRESENTATION_CONTEXT('2D SPACE',''
  ) );
#8709 = ORIENTED_EDGE('',*,*,#8710,.F.);
#8710 = EDGE_CURVE('',#8711,#8627,#8713,.T.);
#8711 = VERTEX_POINT('',#8712);
#8712 = CARTESIAN_POINT('',(-37.79213073791,-0.771267974243,0.));
#8713 = SURFACE_CURVE('',#8714,(#8726,#8741),.PCURVE_S1.);
#8714 = B_SPLINE_CURVE_WITH_KNOTS('',10,(#8715,#8716,#8717,#8718,#8719,
    #8720,#8721,#8722,#8723,#8724,#8725),.UNSPECIFIED.,.F.,.F.,(11,11),(
    7.,8.),.PIECEWISE_BEZIER_KNOTS.);
#8715 = CARTESIAN_POINT('',(-37.79213073791,-0.771267974243,0.));
#8716 = CARTESIAN_POINT('',(-37.78993210933,-0.879000774842,0.));
#8717 = CARTESIAN_POINT('',(-37.78739222387,-0.986726610751,0.));
#8718 = CARTESIAN_POINT('',(-37.78451112367,-1.094444266543,0.));
#8719 = CARTESIAN_POINT('',(-37.78128885089,-1.202152526788,0.));
#8720 = CARTESIAN_POINT('',(-37.77772544765,-1.309850176059,0.));
#8721 = CARTESIAN_POINT('',(-37.7738209561,-1.417535998928,0.));
#8722 = CARTESIAN_POINT('',(-37.76957541839,-1.525208779966,0.));
#8723 = CARTESIAN_POINT('',(-37.76498887665,-1.632867303746,0.));
#8724 = CARTESIAN_POINT('',(-37.76006137303,-1.740510354838,0.));
#8725 = CARTESIAN_POINT('',(-37.75479294966,-1.848136717816,0.));
#8726 = PCURVE('',#8224,#8727);
#8727 = DEFINITIONAL_REPRESENTATION('',(#8728),#8740);
#8728 = B_SPLINE_CURVE_WITH_KNOTS('',10,(#8729,#8730,#8731,#8732,#8733,
    #8734,#8735,#8736,#8737,#8738,#8739),.UNSPECIFIED.,.F.,.F.,(11,11),(
    7.,8.),.PIECEWISE_BEZIER_KNOTS.);
#8729 = CARTESIAN_POINT('',(75.592130737918,0.771267974243));
#8730 = CARTESIAN_POINT('',(75.589932109335,0.879000774842));
#8731 = CARTESIAN_POINT('',(75.587392223874,0.986726610751));
#8732 = CARTESIAN_POINT('',(75.584511123679,1.094444266543));
#8733 = CARTESIAN_POINT('',(75.581288850891,1.202152526788));
#8734 = CARTESIAN_POINT('',(75.577725447652,1.309850176059));
#8735 = CARTESIAN_POINT('',(75.573820956105,1.417535998928));
#8736 = CARTESIAN_POINT('',(75.569575418391,1.525208779966));
#8737 = CARTESIAN_POINT('',(75.564988876652,1.632867303746));
#8738 = CARTESIAN_POINT('',(75.56006137303,1.740510354838));
#8739 = CARTESIAN_POINT('',(75.554792949667,1.848136717816));
#8740 = ( GEOMETRIC_REPRESENTATION_CONTEXT(2) 
PARAMETRIC_REPRESENTATION_CONTEXT() REPRESENTATION_CONTEXT('2D SPACE',''
  ) );
#8741 = PCURVE('',#8742,#8787);
#8742 = ( BOUNDED_SURFACE() B_SPLINE_SURFACE(10,3,(
    (#8743,#8744,#8745,#8746)
    ,(#8747,#8748,#8749,#8750)
    ,(#8751,#8752,#8753,#8754)
    ,(#8755,#8756,#8757,#8758)
    ,(#8759,#8760,#8761,#8762)
    ,(#8763,#8764,#8765,#8766)
    ,(#8767,#8768,#8769,#8770)
    ,(#8771,#8772,#8773,#8774)
    ,(#8775,#8776,#8777,#8778)
    ,(#8779,#8780,#8781,#8782)
    ,(#8783,#8784,#8785,#8786
)),.UNSPECIFIED.,.F.,.F.,.F.) B_SPLINE_SURFACE_WITH_KNOTS((11,11),(4,4),
  (7.,8.),(0.,1.),.PIECEWISE_BEZIER_KNOTS.) 
GEOMETRIC_REPRESENTATION_ITEM() RATIONAL_B_SPLINE_SURFACE((
    (1.,1.,1.,1.)
    ,(1.,1.,1.,1.)
    ,(1.,1.,1.,1.)
    ,(1.,1.,1.,1.)
    ,(1.,1.,1.,1.)
    ,(1.,1.,1.,1.)
    ,(1.,1.,1.,1.)
    ,(1.,1.,1.,1.)
    ,(1.,1.,1.,1.)
    ,(1.,1.,1.,1.)
,(1.,1.,1.,1.))) REPRESENTATION_ITEM('') SURFACE() );
#8743 = CARTESIAN_POINT('',(-37.79213073791,-0.771267974243,0.));
#8744 = CARTESIAN_POINT('',(22.763590509555,0.464563071624,3.));
#8745 = CARTESIAN_POINT('',(-67.71485746365,-1.381935866605,90.));
#8746 = CARTESIAN_POINT('',(-36.75,-0.75,99.));
#8747 = CARTESIAN_POINT('',(-37.78993210933,-0.879000774842,0.));
#8748 = CARTESIAN_POINT('',(23.356933028284,0.669569405843,3.));
#8749 = CARTESIAN_POINT('',(-69.2482475248,-1.872648135185,
    89.999999999999));
#8750 = CARTESIAN_POINT('',(-34.60714285714,-0.75,99.));
#8751 = CARTESIAN_POINT('',(-37.78739222387,-0.986726610751,0.));
#8752 = CARTESIAN_POINT('',(23.918409479143,0.858714073768,
    2.999999999999));
#8753 = CARTESIAN_POINT('',(-70.71628559333,-2.331522719512,
    90.000000000001));
#8754 = CARTESIAN_POINT('',(-32.46428571428,-0.75,99.));
#8755 = CARTESIAN_POINT('',(-37.78451112367,-1.094444266543,0.));
#8756 = CARTESIAN_POINT('',(24.450251637542,1.027394073369,3.));
#8757 = CARTESIAN_POINT('',(-72.12343645175,-2.749333632846,90.));
#8758 = CARTESIAN_POINT('',(-30.32142857142,-0.75,99.));
#8759 = CARTESIAN_POINT('',(-37.78128885089,-1.202152526788,0.));
#8760 = CARTESIAN_POINT('',(24.955429087275,1.17136231828,3.));
#8761 = CARTESIAN_POINT('',(-73.47564075515,-3.117566745734,
    89.999999999999));
#8762 = CARTESIAN_POINT('',(-28.17857142857,-0.75,99.));
#8763 = CARTESIAN_POINT('',(-37.77772544765,-1.309850176059,0.));
#8764 = CARTESIAN_POINT('',(25.437584545937,1.286868218631,3.));
#8765 = CARTESIAN_POINT('',(-74.78018568206,-3.428700947683,90.));
#8766 = CARTESIAN_POINT('',(-26.03571428571,-0.75,99.));
#8767 = CARTESIAN_POINT('',(-37.7738209561,-1.417535998928,0.));
#8768 = CARTESIAN_POINT('',(25.900935063437,1.370779663026,
    2.999999999999));
#8769 = CARTESIAN_POINT('',(-76.04550733145,-3.676452111106,
    90.000000000001));
#8770 = CARTESIAN_POINT('',(-23.89285714285,-0.75,99.));
#8771 = CARTESIAN_POINT('',(-37.76957541839,-1.525208779966,0.));
#8772 = CARTESIAN_POINT('',(26.350147152968,1.420681346357,3.));
#8773 = CARTESIAN_POINT('',(-77.28094098466,-3.855969746953,90.));
#8774 = CARTESIAN_POINT('',(-21.74999999999,-0.75,99.));
#8775 = CARTESIAN_POINT('',(-37.76498887665,-1.632867303746,0.));
#8776 = CARTESIAN_POINT('',(26.790193913718,1.434944388189,
    3.000000000001));
#8777 = CARTESIAN_POINT('',(-78.49643535085,-3.963976241492,
    89.999999999999));
#8778 = CARTESIAN_POINT('',(-19.60714285714,-0.75,99.));
#8779 = CARTESIAN_POINT('',(-37.76006137303,-1.740510354838,0.));
#8780 = CARTESIAN_POINT('',(27.226202204672,1.412762186442,3.));
#8781 = CARTESIAN_POINT('',(-79.7022469146,-3.998838563651,90.));
#8782 = CARTESIAN_POINT('',(-17.46428571428,-0.75,99.));
#8783 = CARTESIAN_POINT('',(-37.75479294966,-1.848136717816,0.));
#8784 = CARTESIAN_POINT('',(27.663297928827,1.354147451061,3.));
#8785 = CARTESIAN_POINT('',(-80.90863050432,-3.960562332379,90.));
#8786 = CARTESIAN_POINT('',(-15.32142857142,-0.75,99.));
#8787 = DEFINITIONAL_REPRESENTATION('',(#8788),#8792);
#8788 = LINE('',#8789,#8790);
#8789 = CARTESIAN_POINT('',(0.,0.));
#8790 = VECTOR('',#8791,1.);
#8791 = DIRECTION('',(1.,0.));
#8792 = ( GEOMETRIC_REPRESENTATION_CONTEXT(2) 
PARAMETRIC_REPRESENTATION_CONTEXT() REPRESENTATION_CONTEXT('2D SPACE',''
  ) );
#8793 = ORIENTED_EDGE('',*,*,#8794,.F.);
#8794 = EDGE_CURVE('',#8795,#8711,#8797,.T.);
#8795 = VERTEX_POINT('',#8796);
#8796 = CARTESIAN_POINT('',(-37.79213073791,0.771267974243,0.));
#8797 = SURFACE_CURVE('',#8798,(#8810,#8825),.PCURVE_S1.);
#8798 = B_SPLINE_CURVE_WITH_KNOTS('',10,(#8799,#8800,#8801,#8802,#8803,
    #8804,#8805,#8806,#8807,#8808,#8809),.UNSPECIFIED.,.F.,.F.,(11,11),(
    6.,7.),.PIECEWISE_BEZIER_KNOTS.);
#8799 = CARTESIAN_POINT('',(-37.79213073791,0.771267974243,0.));
#8800 = CARTESIAN_POINT('',(-37.79527833353,0.617035789232,0.));
#8801 = CARTESIAN_POINT('',(-37.79772656053,0.462789330996,0.));
#8802 = CARTESIAN_POINT('',(-37.79947534612,0.308532167841,0.));
#8803 = CARTESIAN_POINT('',(-37.80052463827,0.154267868074,0.));
#8804 = CARTESIAN_POINT('',(-37.80087440579,4.640732242933E-15,0.));
#8805 = CARTESIAN_POINT('',(-37.80052463827,-0.154267868074,0.));
#8806 = CARTESIAN_POINT('',(-37.79947534612,-0.308532167841,0.));
#8807 = CARTESIAN_POINT('',(-37.79772656053,-0.462789330996,0.));
#8808 = CARTESIAN_POINT('',(-37.79527833353,-0.617035789232,0.));
#8809 = CARTESIAN_POINT('',(-37.79213073791,-0.771267974243,0.));
#8810 = PCURVE('',#8224,#8811);
#8811 = DEFINITIONAL_REPRESENTATION('',(#8812),#8824);
#8812 = B_SPLINE_CURVE_WITH_KNOTS('',10,(#8813,#8814,#8815,#8816,#8817,
    #8818,#8819,#8820,#8821,#8822,#8823),.UNSPECIFIED.,.F.,.F.,(11,11),(
    6.,7.),.PIECEWISE_BEZIER_KNOTS.);
#8813 = CARTESIAN_POINT('',(75.592130737918,-0.771267974243));
#8814 = CARTESIAN_POINT('',(75.595278333531,-0.617035789232));
#8815 = CARTESIAN_POINT('',(75.597726560536,-0.462789330996));
#8816 = CARTESIAN_POINT('',(75.599475346121,-0.308532167841));
#8817 = CARTESIAN_POINT('',(75.600524638276,-0.154267868074));
#8818 = CARTESIAN_POINT('',(75.600874405794,-3.32540423217E-17));
#8819 = CARTESIAN_POINT('',(75.600524638276,0.154267868074));
#8820 = CARTESIAN_POINT('',(75.599475346121,0.308532167841));
#8821 = CARTESIAN_POINT('',(75.597726560536,0.462789330996));
#8822 = CARTESIAN_POINT('',(75.595278333531,0.617035789232));
#8823 = CARTESIAN_POINT('',(75.592130737918,0.771267974243));
#8824 = ( GEOMETRIC_REPRESENTATION_CONTEXT(2) 
PARAMETRIC_REPRESENTATION_CONTEXT() REPRESENTATION_CONTEXT('2D SPACE',''
  ) );
#8825 = PCURVE('',#8826,#8871);
#8826 = ( BOUNDED_SURFACE() B_SPLINE_SURFACE(10,3,(
    (#8827,#8828,#8829,#8830)
    ,(#8831,#8832,#8833,#8834)
    ,(#8835,#8836,#8837,#8838)
    ,(#8839,#8840,#8841,#8842)
    ,(#8843,#8844,#8845,#8846)
    ,(#8847,#8848,#8849,#8850)
    ,(#8851,#8852,#8853,#8854)
    ,(#8855,#8856,#8857,#8858)
    ,(#8859,#8860,#8861,#8862)
    ,(#8863,#8864,#8865,#8866)
    ,(#8867,#8868,#8869,#8870
)),.UNSPECIFIED.,.F.,.F.,.F.) B_SPLINE_SURFACE_WITH_KNOTS((11,11),(4,4),
  (6.,7.),(0.,1.),.PIECEWISE_BEZIER_KNOTS.) 
GEOMETRIC_REPRESENTATION_ITEM() RATIONAL_B_SPLINE_SURFACE((
    (1.,1.,1.,1.)
    ,(1.,1.,1.,1.)
    ,(1.,1.,1.,1.)
    ,(1.,1.,1.,1.)
    ,(1.,1.,1.,1.)
    ,(1.,1.,1.,1.)
    ,(1.,1.,1.,1.)
    ,(1.,1.,1.,1.)
    ,(1.,1.,1.,1.)
    ,(1.,1.,1.,1.)
,(1.,1.,1.,1.))) REPRESENTATION_ITEM('') SURFACE() );
#8827 = CARTESIAN_POINT('',(-37.79213073791,0.771267974243,0.));
#8828 = CARTESIAN_POINT('',(22.763590509555,-0.464563071624,3.));
#8829 = CARTESIAN_POINT('',(-67.71485746365,1.381935866605,90.));
#8830 = CARTESIAN_POINT('',(-36.75,0.75,99.));
#8831 = CARTESIAN_POINT('',(-37.79527833353,0.617035789232,0.));
#8832 = CARTESIAN_POINT('',(22.777842712702,-0.337077857202,3.));
#8833 = CARTESIAN_POINT('',(-67.71901588225,1.011754409159,90.));
#8834 = CARTESIAN_POINT('',(-36.98561944901,0.75,99.));
#8835 = CARTESIAN_POINT('',(-37.79772656053,0.462789330996,0.));
#8836 = CARTESIAN_POINT('',(22.773037933434,-0.226865742579,3.));
#8837 = CARTESIAN_POINT('',(-67.68174843734,0.689592953924,90.));
#8838 = CARTESIAN_POINT('',(-37.22124107155,0.667753520049,99.));
#8839 = CARTESIAN_POINT('',(-37.79947534612,0.308532167841,0.));
#8840 = CARTESIAN_POINT('',(22.758790589105,-0.13628483069,3.));
#8841 = CARTESIAN_POINT('',(-67.62766603524,0.420226532402,90.));
#8842 = CARTESIAN_POINT('',(-37.42455043143,0.503258522416,99.));
#8843 = CARTESIAN_POINT('',(-37.80052463827,0.154267868074,0.));
#8844 = CARTESIAN_POINT('',(22.744998603816,-6.301040528433E-02,3.));
#8845 = CARTESIAN_POINT('',(-67.58193558956,0.196646767552,90.));
#8846 = CARTESIAN_POINT('',(-37.56330541722,0.271019590411,99.));
#8847 = CARTESIAN_POINT('',(-37.80087440579,4.640732242933E-15,0.));
#8848 = CARTESIAN_POINT('',(22.73941830552,-7.367948843632E-15,3.));
#8849 = CARTESIAN_POINT('',(-67.56420577698,5.591938948927E-15,90.));
#8850 = CARTESIAN_POINT('',(-37.61268047281,-3.863576125696E-15,99.));
#8851 = CARTESIAN_POINT('',(-37.80052463827,-0.154267868074,0.));
#8852 = CARTESIAN_POINT('',(22.744998603815,6.301040528432E-02,3.));
#8853 = CARTESIAN_POINT('',(-67.58193558956,-0.196646767552,90.));
#8854 = CARTESIAN_POINT('',(-37.56330541722,-0.271019590411,99.));
#8855 = CARTESIAN_POINT('',(-37.79947534612,-0.308532167841,0.));
#8856 = CARTESIAN_POINT('',(22.758790589106,0.13628483069,3.));
#8857 = CARTESIAN_POINT('',(-67.62766603525,-0.420226532402,90.));
#8858 = CARTESIAN_POINT('',(-37.42455043143,-0.503258522416,99.));
#8859 = CARTESIAN_POINT('',(-37.79772656053,-0.462789330996,0.));
#8860 = CARTESIAN_POINT('',(22.773037933433,0.226865742579,3.));
#8861 = CARTESIAN_POINT('',(-67.68174843734,-0.689592953924,90.));
#8862 = CARTESIAN_POINT('',(-37.22124107156,-0.667753520049,99.));
#8863 = CARTESIAN_POINT('',(-37.79527833353,-0.617035789232,0.));
#8864 = CARTESIAN_POINT('',(22.777842712702,0.337077857202,3.));
#8865 = CARTESIAN_POINT('',(-67.71901588225,-1.011754409159,90.));
#8866 = CARTESIAN_POINT('',(-36.98561944901,-0.75,99.));
#8867 = CARTESIAN_POINT('',(-37.79213073791,-0.771267974243,0.));
#8868 = CARTESIAN_POINT('',(22.763590509555,0.464563071624,3.));
#8869 = CARTESIAN_POINT('',(-67.71485746365,-1.381935866605,90.));
#8870 = CARTESIAN_POINT('',(-36.75,-0.75,99.));
#8871 = DEFINITIONAL_REPRESENTATION('',(#8872),#8876);
#8872 = LINE('',#8873,#8874);
#8873 = CARTESIAN_POINT('',(0.,0.));
#8874 = VECTOR('',#8875,1.);
#8875 = DIRECTION('',(1.,0.));
#8876 = ( GEOMETRIC_REPRESENTATION_CONTEXT(2) 
PARAMETRIC_REPRESENTATION_CONTEXT() REPRESENTATION_CONTEXT('2D SPACE',''
  ) );
#8877 = ORIENTED_EDGE('',*,*,#8878,.F.);
#8878 = EDGE_CURVE('',#8879,#8795,#8881,.T.);
#8879 = VERTEX_POINT('',#8880);
#8880 = CARTESIAN_POINT('',(-37.75479294966,1.848136717816,0.));
#8881 = SURFACE_CURVE('',#8882,(#8894,#8909),.PCURVE_S1.);
#8882 = B_SPLINE_CURVE_WITH_KNOTS('',10,(#8883,#8884,#8885,#8886,#8887,
    #8888,#8889,#8890,#8891,#8892,#8893),.UNSPECIFIED.,.F.,.F.,(11,11),(
    5.,6.),.PIECEWISE_BEZIER_KNOTS.);
#8883 = CARTESIAN_POINT('',(-37.75479294966,1.848136717816,0.));
#8884 = CARTESIAN_POINT('',(-37.76006137303,1.740510354838,0.));
#8885 = CARTESIAN_POINT('',(-37.76498887665,1.632867303746,0.));
#8886 = CARTESIAN_POINT('',(-37.76957541839,1.525208779966,0.));
#8887 = CARTESIAN_POINT('',(-37.7738209561,1.417535998928,0.));
#8888 = CARTESIAN_POINT('',(-37.77772544765,1.309850176059,0.));
#8889 = CARTESIAN_POINT('',(-37.78128885089,1.202152526788,0.));
#8890 = CARTESIAN_POINT('',(-37.78451112367,1.094444266543,0.));
#8891 = CARTESIAN_POINT('',(-37.78739222387,0.986726610751,0.));
#8892 = CARTESIAN_POINT('',(-37.78993210933,0.879000774842,0.));
#8893 = CARTESIAN_POINT('',(-37.79213073791,0.771267974243,0.));
#8894 = PCURVE('',#8224,#8895);
#8895 = DEFINITIONAL_REPRESENTATION('',(#8896),#8908);
#8896 = B_SPLINE_CURVE_WITH_KNOTS('',10,(#8897,#8898,#8899,#8900,#8901,
    #8902,#8903,#8904,#8905,#8906,#8907),.UNSPECIFIED.,.F.,.F.,(11,11),(
    5.,6.),.PIECEWISE_BEZIER_KNOTS.);
#8897 = CARTESIAN_POINT('',(75.554792949667,-1.848136717816));
#8898 = CARTESIAN_POINT('',(75.56006137303,-1.740510354838));
#8899 = CARTESIAN_POINT('',(75.564988876652,-1.632867303746));
#8900 = CARTESIAN_POINT('',(75.569575418391,-1.525208779966));
#8901 = CARTESIAN_POINT('',(75.573820956105,-1.417535998928));
#8902 = CARTESIAN_POINT('',(75.577725447652,-1.309850176059));
#8903 = CARTESIAN_POINT('',(75.581288850891,-1.202152526788));
#8904 = CARTESIAN_POINT('',(75.584511123679,-1.094444266543));
#8905 = CARTESIAN_POINT('',(75.587392223874,-0.986726610751));
#8906 = CARTESIAN_POINT('',(75.589932109335,-0.879000774842));
#8907 = CARTESIAN_POINT('',(75.592130737918,-0.771267974243));
#8908 = ( GEOMETRIC_REPRESENTATION_CONTEXT(2) 
PARAMETRIC_REPRESENTATION_CONTEXT() REPRESENTATION_CONTEXT('2D SPACE',''
  ) );
#8909 = PCURVE('',#8910,#8955);
#8910 = ( BOUNDED_SURFACE() B_SPLINE_SURFACE(10,3,(
    (#8911,#8912,#8913,#8914)
    ,(#8915,#8916,#8917,#8918)
    ,(#8919,#8920,#8921,#8922)
    ,(#8923,#8924,#8925,#8926)
    ,(#8927,#8928,#8929,#8930)
    ,(#8931,#8932,#8933,#8934)
    ,(#8935,#8936,#8937,#8938)
    ,(#8939,#8940,#8941,#8942)
    ,(#8943,#8944,#8945,#8946)
    ,(#8947,#8948,#8949,#8950)
    ,(#8951,#8952,#8953,#8954
)),.UNSPECIFIED.,.F.,.F.,.F.) B_SPLINE_SURFACE_WITH_KNOTS((11,11),(4,4),
  (5.,6.),(0.,1.),.PIECEWISE_BEZIER_KNOTS.) 
GEOMETRIC_REPRESENTATION_ITEM() RATIONAL_B_SPLINE_SURFACE((
    (1.,1.,1.,1.)
    ,(1.,1.,1.,1.)
    ,(1.,1.,1.,1.)
    ,(1.,1.,1.,1.)
    ,(1.,1.,1.,1.)
    ,(1.,1.,1.,1.)
    ,(1.,1.,1.,1.)
    ,(1.,1.,1.,1.)
    ,(1.,1.,1.,1.)
    ,(1.,1.,1.,1.)
,(1.,1.,1.,1.))) REPRESENTATION_ITEM('') SURFACE() );
#8911 = CARTESIAN_POINT('',(-37.75479294966,1.848136717816,0.));
#8912 = CARTESIAN_POINT('',(27.663297928826,-1.354147451061,3.));
#8913 = CARTESIAN_POINT('',(-80.90863050432,3.960562332379,90.));
#8914 = CARTESIAN_POINT('',(-15.32142857142,0.75,99.));
#8915 = CARTESIAN_POINT('',(-37.76006137303,1.740510354838,0.));
#8916 = CARTESIAN_POINT('',(27.226202204672,-1.412762186442,3.));
#8917 = CARTESIAN_POINT('',(-79.7022469146,3.998838563651,90.));
#8918 = CARTESIAN_POINT('',(-17.46428571428,0.75,99.));
#8919 = CARTESIAN_POINT('',(-37.76498887665,1.632867303746,0.));
#8920 = CARTESIAN_POINT('',(26.790193913718,-1.434944388189,3.));
#8921 = CARTESIAN_POINT('',(-78.49643535085,3.963976241492,90.));
#8922 = CARTESIAN_POINT('',(-19.60714285714,0.75,99.));
#8923 = CARTESIAN_POINT('',(-37.76957541839,1.525208779966,0.));
#8924 = CARTESIAN_POINT('',(26.350147152968,-1.420681346357,3.));
#8925 = CARTESIAN_POINT('',(-77.28094098465,3.855969746953,90.));
#8926 = CARTESIAN_POINT('',(-21.75,0.75,99.));
#8927 = CARTESIAN_POINT('',(-37.7738209561,1.417535998928,0.));
#8928 = CARTESIAN_POINT('',(25.900935063437,-1.370779663026,3.));
#8929 = CARTESIAN_POINT('',(-76.04550733145,3.676452111106,
    89.999999999999));
#8930 = CARTESIAN_POINT('',(-23.89285714285,0.75,99.));
#8931 = CARTESIAN_POINT('',(-37.77772544765,1.309850176059,0.));
#8932 = CARTESIAN_POINT('',(25.437584545936,-1.286868218631,3.));
#8933 = CARTESIAN_POINT('',(-74.78018568206,3.428700947683,90.));
#8934 = CARTESIAN_POINT('',(-26.03571428571,0.75,99.));
#8935 = CARTESIAN_POINT('',(-37.78128885089,1.202152526788,0.));
#8936 = CARTESIAN_POINT('',(24.955429087276,-1.17136231828,3.));
#8937 = CARTESIAN_POINT('',(-73.47564075515,3.117566745734,90.));
#8938 = CARTESIAN_POINT('',(-28.17857142857,0.75,99.));
#8939 = CARTESIAN_POINT('',(-37.78451112367,1.094444266543,0.));
#8940 = CARTESIAN_POINT('',(24.450251637541,-1.027394073369,3.));
#8941 = CARTESIAN_POINT('',(-72.12343645175,2.749333632846,90.));
#8942 = CARTESIAN_POINT('',(-30.32142857142,0.75,99.));
#8943 = CARTESIAN_POINT('',(-37.78739222387,0.986726610751,0.));
#8944 = CARTESIAN_POINT('',(23.918409479142,-0.858714073768,3.));
#8945 = CARTESIAN_POINT('',(-70.71628559333,2.331522719512,
    89.999999999999));
#8946 = CARTESIAN_POINT('',(-32.46428571428,0.75,99.));
#8947 = CARTESIAN_POINT('',(-37.78993210933,0.879000774842,0.));
#8948 = CARTESIAN_POINT('',(23.356933028284,-0.669569405843,3.));
#8949 = CARTESIAN_POINT('',(-69.2482475248,1.872648135185,
    90.000000000001));
#8950 = CARTESIAN_POINT('',(-34.60714285714,0.75,99.));
#8951 = CARTESIAN_POINT('',(-37.79213073791,0.771267974243,0.));
#8952 = CARTESIAN_POINT('',(22.763590509555,-0.464563071624,3.));
#8953 = CARTESIAN_POINT('',(-67.71485746365,1.381935866605,90.));
#8954 = CARTESIAN_POINT('',(-36.75,0.75,99.));
#8955 = DEFINITIONAL_REPRESENTATION('',(#8956),#8960);
#8956 = LINE('',#8957,#8958);
#8957 = CARTESIAN_POINT('',(0.,0.));
#8958 = VECTOR('',#8959,1.);
#8959 = DIRECTION('',(1.,0.));
#8960 = ( GEOMETRIC_REPRESENTATION_CONTEXT(2) 
PARAMETRIC_REPRESENTATION_CONTEXT() REPRESENTATION_CONTEXT('2D SPACE',''
  ) );
#8961 = ORIENTED_EDGE('',*,*,#8962,.F.);
#8962 = EDGE_CURVE('',#8963,#8879,#8965,.T.);
#8963 = VERTEX_POINT('',#8964);
#8964 = CARTESIAN_POINT('',(-33.51290718505,17.484995053072,0.));
#8965 = SURFACE_CURVE('',#8966,(#8978,#8993),.PCURVE_S1.);
#8966 = B_SPLINE_CURVE_WITH_KNOTS('',10,(#8967,#8968,#8969,#8970,#8971,
    #8972,#8973,#8974,#8975,#8976,#8977),.UNSPECIFIED.,.F.,.F.,(11,11),(
    4.,5.),.PIECEWISE_BEZIER_KNOTS.);
#8967 = CARTESIAN_POINT('',(-33.51290718505,17.484995053072,0.));
#8968 = CARTESIAN_POINT('',(-34.26821573802,16.037320326537,0.));
#8969 = CARTESIAN_POINT('',(-34.95403986867,14.553392907608,0.));
#8970 = CARTESIAN_POINT('',(-35.56842208622,13.03696459141,0.));
#8971 = CARTESIAN_POINT('',(-36.10963634546,11.491908258436,0.));
#8972 = CARTESIAN_POINT('',(-36.57619686872,9.922200834378,0.));
#8973 = CARTESIAN_POINT('',(-36.96686540317,8.331905825521,0.));
#8974 = CARTESIAN_POINT('',(-37.28065691357,6.725155429701,0.));
#8975 = CARTESIAN_POINT('',(-37.51684371035,5.106132222818,0.));
#8976 = CARTESIAN_POINT('',(-37.67495801315,3.479050420915,0.));
#8977 = CARTESIAN_POINT('',(-37.75479294966,1.848136717816,0.));
#8978 = PCURVE('',#8224,#8979);
#8979 = DEFINITIONAL_REPRESENTATION('',(#8980),#8992);
#8980 = B_SPLINE_CURVE_WITH_KNOTS('',10,(#8981,#8982,#8983,#8984,#8985,
    #8986,#8987,#8988,#8989,#8990,#8991),.UNSPECIFIED.,.F.,.F.,(11,11),(
    4.,5.),.PIECEWISE_BEZIER_KNOTS.);
#8981 = CARTESIAN_POINT('',(71.312907185054,-17.48499505307));
#8982 = CARTESIAN_POINT('',(72.068215738029,-16.03732032653));
#8983 = CARTESIAN_POINT('',(72.754039868679,-14.5533929076));
#8984 = CARTESIAN_POINT('',(73.368422086223,-13.03696459141));
#8985 = CARTESIAN_POINT('',(73.909636345462,-11.49190825843));
#8986 = CARTESIAN_POINT('',(74.376196868721,-9.922200834378));
#8987 = CARTESIAN_POINT('',(74.766865403175,-8.331905825521));
#8988 = CARTESIAN_POINT('',(75.080656913576,-6.725155429701));
#8989 = CARTESIAN_POINT('',(75.316843710359,-5.106132222818));
#8990 = CARTESIAN_POINT('',(75.474958013152,-3.479050420915));
#8991 = CARTESIAN_POINT('',(75.554792949667,-1.848136717816));
#8992 = ( GEOMETRIC_REPRESENTATION_CONTEXT(2) 
PARAMETRIC_REPRESENTATION_CONTEXT() REPRESENTATION_CONTEXT('2D SPACE',''
  ) );
#8993 = PCURVE('',#8994,#9039);
#8994 = ( BOUNDED_SURFACE() B_SPLINE_SURFACE(10,3,(
    (#8995,#8996,#8997,#8998)
    ,(#8999,#9000,#9001,#9002)
    ,(#9003,#9004,#9005,#9006)
    ,(#9007,#9008,#9009,#9010)
    ,(#9011,#9012,#9013,#9014)
    ,(#9015,#9016,#9017,#9018)
    ,(#9019,#9020,#9021,#9022)
    ,(#9023,#9024,#9025,#9026)
    ,(#9027,#9028,#9029,#9030)
    ,(#9031,#9032,#9033,#9034)
    ,(#9035,#9036,#9037,#9038
)),.UNSPECIFIED.,.F.,.F.,.F.) B_SPLINE_SURFACE_WITH_KNOTS((11,11),(4,4),
  (4.,5.),(0.,1.),.PIECEWISE_BEZIER_KNOTS.) 
GEOMETRIC_REPRESENTATION_ITEM() RATIONAL_B_SPLINE_SURFACE((
    (1.,1.,1.,1.)
    ,(1.,1.,1.,1.)
    ,(1.,1.,1.,1.)
    ,(1.,1.,1.,1.)
    ,(1.,1.,1.,1.)
    ,(1.,1.,1.,1.)
    ,(1.,1.,1.,1.)
    ,(1.,1.,1.,1.)
    ,(1.,1.,1.,1.)
    ,(1.,1.,1.,1.)
,(1.,1.,1.,1.))) REPRESENTATION_ITEM('') SURFACE() );
#8995 = CARTESIAN_POINT('',(-33.51290718505,17.484995053072,0.));
#8996 = CARTESIAN_POINT('',(-2.020494012455,1.054170789107,3.));
#8997 = CARTESIAN_POINT('',(-2.785552395018,1.453331684357,90.));
#8998 = CARTESIAN_POINT('',(-1.4375,0.75,99.));
#8999 = CARTESIAN_POINT('',(-34.26821573802,16.037320326537,0.));
#9000 = CARTESIAN_POINT('',(0.435042392244,2.260566394553,3.));
#9001 = CARTESIAN_POINT('',(-10.31384547985,0.970773442179,90.));
#9002 = CARTESIAN_POINT('',(-2.825892857143,0.75,99.));
#9003 = CARTESIAN_POINT('',(-34.95403986867,14.553392907608,0.));
#9004 = CARTESIAN_POINT('',(2.832674800426,3.089314980693,3.));
#9005 = CARTESIAN_POINT('',(-17.81897693496,0.680059767353,90.));
#9006 = CARTESIAN_POINT('',(-4.214285714286,0.75,99.));
#9007 = CARTESIAN_POINT('',(-35.56842208622,13.03696459141,0.));
#9008 = CARTESIAN_POINT('',(5.24357822749,3.53729147958,3.));
#9009 = CARTESIAN_POINT('',(-25.33669739227,0.582440544259,90.));
#9010 = CARTESIAN_POINT('',(-5.602678571428,0.75,99.));
#9011 = CARTESIAN_POINT('',(-36.10963634546,11.491908258436,0.));
#9012 = CARTESIAN_POINT('',(7.739113810667,3.61611745849,3.));
#9013 = CARTESIAN_POINT('',(-32.90283125749,0.671782249219,90.));
#9014 = CARTESIAN_POINT('',(-6.991071428571,0.75,99.));
#9015 = CARTESIAN_POINT('',(-36.57619686872,9.922200834378,0.));
#9016 = CARTESIAN_POINT('',(10.387319319897,3.352187877052,3.));
#9017 = CARTESIAN_POINT('',(-40.55152123041,0.934555991943,90.));
#9018 = CARTESIAN_POINT('',(-8.379464285714,0.75,99.));
#9019 = CARTESIAN_POINT('',(-36.96686540317,8.331905825521,0.));
#9020 = CARTESIAN_POINT('',(13.249358656189,2.785663241057,3.));
#9021 = CARTESIAN_POINT('',(-48.31345244925,1.350342894012,90.));
#9022 = CARTESIAN_POINT('',(-9.767857142857,0.75,99.));
#9023 = CARTESIAN_POINT('',(-37.28065691357,6.725155429701,0.));
#9024 = CARTESIAN_POINT('',(16.376363679603,1.968467460046,3.));
#9025 = CARTESIAN_POINT('',(-56.21427293033,1.892836650835,90.));
#9026 = CARTESIAN_POINT('',(-11.15625,0.75,99.));
#9027 = CARTESIAN_POINT('',(-37.51684371035,5.106132222818,0.));
#9028 = CARTESIAN_POINT('',(19.806991112002,0.961459346444,3.));
#9029 = CARTESIAN_POINT('',(-64.27337167537,2.53125930821,90.));
#9030 = CARTESIAN_POINT('',(-12.54464285714,0.75,99.));
#9031 = CARTESIAN_POINT('',(-37.67495801315,3.479050420915,0.));
#9032 = CARTESIAN_POINT('',(23.565906662787,-0.168926675378,3.));
#9033 = CARTESIAN_POINT('',(-72.50312052077,3.232042469279,90.));
#9034 = CARTESIAN_POINT('',(-13.93303571428,0.75,99.));
#9035 = CARTESIAN_POINT('',(-37.75479294966,1.848136717816,0.));
#9036 = CARTESIAN_POINT('',(27.663297928826,-1.354147451061,3.));
#9037 = CARTESIAN_POINT('',(-80.90863050432,3.960562332379,90.));
#9038 = CARTESIAN_POINT('',(-15.32142857142,0.75,99.));
#9039 = DEFINITIONAL_REPRESENTATION('',(#9040),#9044);
#9040 = LINE('',#9041,#9042);
#9041 = CARTESIAN_POINT('',(0.,0.));
#9042 = VECTOR('',#9043,1.);
#9043 = DIRECTION('',(1.,0.));
#9044 = ( GEOMETRIC_REPRESENTATION_CONTEXT(2) 
PARAMETRIC_REPRESENTATION_CONTEXT() REPRESENTATION_CONTEXT('2D SPACE',''
  ) );
#9045 = ORIENTED_EDGE('',*,*,#9046,.F.);
#9046 = EDGE_CURVE('',#9047,#8963,#9049,.T.);
#9047 = VERTEX_POINT('',#9048);
#9048 = CARTESIAN_POINT('',(33.512907185054,17.484995053072,0.));
#9049 = SURFACE_CURVE('',#9050,(#9062,#9077),.PCURVE_S1.);
#9050 = B_SPLINE_CURVE_WITH_KNOTS('',10,(#9051,#9052,#9053,#9054,#9055,
    #9056,#9057,#9058,#9059,#9060,#9061),.UNSPECIFIED.,.F.,.F.,(11,11),(
    3.,4.),.PIECEWISE_BEZIER_KNOTS.);
#9051 = CARTESIAN_POINT('',(33.512907185054,17.484995053072,0.));
#9052 = CARTESIAN_POINT('',(29.701496327437,24.790199196842,0.));
#9053 = CARTESIAN_POINT('',(24.12075054881,31.172271955371,0.));
#9054 = CARTESIAN_POINT('',(17.022200251045,36.149109882267,0.));
#9055 = CARTESIAN_POINT('',(8.807514663465,39.316936378295,0.));
#9056 = CARTESIAN_POINT('',(6.718181566612E-12,40.404848806332,0.));
#9057 = CARTESIAN_POINT('',(-8.807514663477,39.316936378299,0.));
#9058 = CARTESIAN_POINT('',(-17.02220025103,36.149109882262,0.));
#9059 = CARTESIAN_POINT('',(-24.12075054881,31.172271955374,0.));
#9060 = CARTESIAN_POINT('',(-29.70149632743,24.790199196841,0.));
#9061 = CARTESIAN_POINT('',(-33.51290718505,17.484995053072,0.));
#9062 = PCURVE('',#8224,#9063);
#9063 = DEFINITIONAL_REPRESENTATION('',(#9064),#9076);
#9064 = B_SPLINE_CURVE_WITH_KNOTS('',10,(#9065,#9066,#9067,#9068,#9069,
    #9070,#9071,#9072,#9073,#9074,#9075),.UNSPECIFIED.,.F.,.F.,(11,11),(
    3.,4.),.PIECEWISE_BEZIER_KNOTS.);
#9065 = CARTESIAN_POINT('',(4.287092814946,-17.48499505307));
#9066 = CARTESIAN_POINT('',(8.098503672563,-24.79019919684));
#9067 = CARTESIAN_POINT('',(13.67924945119,-31.17227195537));
#9068 = CARTESIAN_POINT('',(20.777799748955,-36.14910988226));
#9069 = CARTESIAN_POINT('',(28.992485336535,-39.31693637829));
#9070 = CARTESIAN_POINT('',(37.799999999993,-40.40484880633));
#9071 = CARTESIAN_POINT('',(46.607514663477,-39.31693637829));
#9072 = CARTESIAN_POINT('',(54.822200251038,-36.14910988226));
#9073 = CARTESIAN_POINT('',(61.920750548814,-31.17227195537));
#9074 = CARTESIAN_POINT('',(67.501496327436,-24.79019919684));
#9075 = CARTESIAN_POINT('',(71.312907185054,-17.48499505307));
#9076 = ( GEOMETRIC_REPRESENTATION_CONTEXT(2) 
PARAMETRIC_REPRESENTATION_CONTEXT() REPRESENTATION_CONTEXT('2D SPACE',''
  ) );
#9077 = PCURVE('',#9078,#9123);
#9078 = ( BOUNDED_SURFACE() B_SPLINE_SURFACE(10,3,(
    (#9079,#9080,#9081,#9082)
    ,(#9083,#9084,#9085,#9086)
    ,(#9087,#9088,#9089,#9090)
    ,(#9091,#9092,#9093,#9094)
    ,(#9095,#9096,#9097,#9098)
    ,(#9099,#9100,#9101,#9102)
    ,(#9103,#9104,#9105,#9106)
    ,(#9107,#9108,#9109,#9110)
    ,(#9111,#9112,#9113,#9114)
    ,(#9115,#9116,#9117,#9118)
    ,(#9119,#9120,#9121,#9122
)),.UNSPECIFIED.,.F.,.F.,.F.) B_SPLINE_SURFACE_WITH_KNOTS((11,11),(4,4),
  (3.,4.),(0.,1.),.PIECEWISE_BEZIER_KNOTS.) 
GEOMETRIC_REPRESENTATION_ITEM() RATIONAL_B_SPLINE_SURFACE((
    (1.,1.,1.,1.)
    ,(1.,1.,1.,1.)
    ,(1.,1.,1.,1.)
    ,(1.,1.,1.,1.)
    ,(1.,1.,1.,1.)
    ,(1.,1.,1.,1.)
    ,(1.,1.,1.,1.)
    ,(1.,1.,1.,1.)
    ,(1.,1.,1.,1.)
    ,(1.,1.,1.,1.)
,(1.,1.,1.,1.))) REPRESENTATION_ITEM('') SURFACE() );
#9079 = CARTESIAN_POINT('',(33.512907185054,17.484995053072,0.));
#9080 = CARTESIAN_POINT('',(2.020494012455,1.054170789107,3.));
#9081 = CARTESIAN_POINT('',(2.785552395018,1.453331684357,90.));
#9082 = CARTESIAN_POINT('',(1.4375,0.75,99.));
#9083 = CARTESIAN_POINT('',(29.701496327437,24.790199196842,0.));
#9084 = CARTESIAN_POINT('',(-0.792913606197,-5.033499330702,3.));
#9085 = CARTESIAN_POINT('',(3.192165442479,3.888399732281,90.));
#9086 = CARTESIAN_POINT('',(1.15,0.75,99.));
#9087 = CARTESIAN_POINT('',(24.12075054881,31.172271955371,0.));
#9088 = CARTESIAN_POINT('',(-2.131875457342,-10.35189329614,3.));
#9089 = CARTESIAN_POINT('',(3.009000182937,6.015757318457,90.));
#9090 = CARTESIAN_POINT('',(0.8625,0.75,99.));
#9091 = CARTESIAN_POINT('',(17.022200251045,36.149109882267,0.));
#9092 = CARTESIAN_POINT('',(-2.206000209204,-14.49925823522,3.));
#9093 = CARTESIAN_POINT('',(2.319900083682,7.674703294089,90.));
#9094 = CARTESIAN_POINT('',(0.575,0.75,99.));
#9095 = CARTESIAN_POINT('',(8.807514663465,39.316936378295,0.));
#9096 = CARTESIAN_POINT('',(-1.350012219554,-17.13911364857,3.));
#9097 = CARTESIAN_POINT('',(1.258754887822,8.730645459432,90.));
#9098 = CARTESIAN_POINT('',(0.2875,0.75,99.));
#9099 = CARTESIAN_POINT('',(6.718181566612E-12,40.404848806332,0.));
#9100 = CARTESIAN_POINT('',(-5.612562266795E-12,-18.04570733861,3.));
#9101 = CARTESIAN_POINT('',(2.263996397763E-12,9.093282935444,90.));
#9102 = CARTESIAN_POINT('',(2.13162820728E-14,0.75,99.));
#9103 = CARTESIAN_POINT('',(-8.807514663477,39.316936378299,0.));
#9104 = CARTESIAN_POINT('',(1.350012219564,-17.13911364858,3.));
#9105 = CARTESIAN_POINT('',(-1.258754887826,8.730645459433,90.));
#9106 = CARTESIAN_POINT('',(-0.2875,0.75,99.));
#9107 = CARTESIAN_POINT('',(-17.02220025103,36.149109882262,0.));
#9108 = CARTESIAN_POINT('',(2.206000209198,-14.49925823521,3.));
#9109 = CARTESIAN_POINT('',(-2.319900083679,7.674703294087,90.));
#9110 = CARTESIAN_POINT('',(-0.575,0.75,99.));
#9111 = CARTESIAN_POINT('',(-24.12075054881,31.172271955374,0.));
#9112 = CARTESIAN_POINT('',(2.131875457345,-10.35189329614,3.));
#9113 = CARTESIAN_POINT('',(-3.009000182938,6.015757318458,90.));
#9114 = CARTESIAN_POINT('',(-0.8625,0.75,99.));
#9115 = CARTESIAN_POINT('',(-29.70149632743,24.790199196841,0.));
#9116 = CARTESIAN_POINT('',(0.792913606196,-5.033499330701,3.));
#9117 = CARTESIAN_POINT('',(-3.192165442479,3.88839973228,90.));
#9118 = CARTESIAN_POINT('',(-1.15,0.75,99.));
#9119 = CARTESIAN_POINT('',(-33.51290718505,17.484995053072,0.));
#9120 = CARTESIAN_POINT('',(-2.020494012455,1.054170789107,3.));
#9121 = CARTESIAN_POINT('',(-2.785552395018,1.453331684357,90.));
#9122 = CARTESIAN_POINT('',(-1.4375,0.75,99.));
#9123 = DEFINITIONAL_REPRESENTATION('',(#9124),#9128);
#9124 = LINE('',#9125,#9126);
#9125 = CARTESIAN_POINT('',(0.,0.));
#9126 = VECTOR('',#9127,1.);
#9127 = DIRECTION('',(1.,0.));
#9128 = ( GEOMETRIC_REPRESENTATION_CONTEXT(2) 
PARAMETRIC_REPRESENTATION_CONTEXT() REPRESENTATION_CONTEXT('2D SPACE',''
  ) );
#9129 = ORIENTED_EDGE('',*,*,#9130,.F.);
#9130 = EDGE_CURVE('',#9131,#9047,#9133,.T.);
#9131 = VERTEX_POINT('',#9132);
#9132 = CARTESIAN_POINT('',(37.754792949667,1.848136717816,0.));
#9133 = SURFACE_CURVE('',#9134,(#9146,#9161),.PCURVE_S1.);
#9134 = B_SPLINE_CURVE_WITH_KNOTS('',10,(#9135,#9136,#9137,#9138,#9139,
    #9140,#9141,#9142,#9143,#9144,#9145),.UNSPECIFIED.,.F.,.F.,(11,11),(
    2.,3.),.PIECEWISE_BEZIER_KNOTS.);
#9135 = CARTESIAN_POINT('',(37.754792949667,1.848136717816,0.));
#9136 = CARTESIAN_POINT('',(37.674958013152,3.479050420915,0.));
#9137 = CARTESIAN_POINT('',(37.516843710359,5.106132222818,0.));
#9138 = CARTESIAN_POINT('',(37.280656913576,6.725155429701,0.));
#9139 = CARTESIAN_POINT('',(36.966865403175,8.331905825521,0.));
#9140 = CARTESIAN_POINT('',(36.576196868721,9.922200834378,0.));
#9141 = CARTESIAN_POINT('',(36.109636345462,11.491908258436,0.));
#9142 = CARTESIAN_POINT('',(35.568422086223,13.03696459141,0.));
#9143 = CARTESIAN_POINT('',(34.954039868679,14.553392907608,0.));
#9144 = CARTESIAN_POINT('',(34.268215738029,16.037320326537,0.));
#9145 = CARTESIAN_POINT('',(33.512907185054,17.484995053072,0.));
#9146 = PCURVE('',#8224,#9147);
#9147 = DEFINITIONAL_REPRESENTATION('',(#9148),#9160);
#9148 = B_SPLINE_CURVE_WITH_KNOTS('',10,(#9149,#9150,#9151,#9152,#9153,
    #9154,#9155,#9156,#9157,#9158,#9159),.UNSPECIFIED.,.F.,.F.,(11,11),(
    2.,3.),.PIECEWISE_BEZIER_KNOTS.);
#9149 = CARTESIAN_POINT('',(4.520705033253E-02,-1.848136717816));
#9150 = CARTESIAN_POINT('',(0.125041986848,-3.479050420915));
#9151 = CARTESIAN_POINT('',(0.283156289641,-5.106132222818));
#9152 = CARTESIAN_POINT('',(0.519343086424,-6.725155429701));
#9153 = CARTESIAN_POINT('',(0.833134596825,-8.331905825521));
#9154 = CARTESIAN_POINT('',(1.223803131279,-9.922200834378));
#9155 = CARTESIAN_POINT('',(1.690363654538,-11.49190825843));
#9156 = CARTESIAN_POINT('',(2.231577913777,-13.03696459141));
#9157 = CARTESIAN_POINT('',(2.845960131321,-14.5533929076));
#9158 = CARTESIAN_POINT('',(3.531784261971,-16.03732032653));
#9159 = CARTESIAN_POINT('',(4.287092814946,-17.48499505307));
#9160 = ( GEOMETRIC_REPRESENTATION_CONTEXT(2) 
PARAMETRIC_REPRESENTATION_CONTEXT() REPRESENTATION_CONTEXT('2D SPACE',''
  ) );
#9161 = PCURVE('',#9162,#9207);
#9162 = ( BOUNDED_SURFACE() B_SPLINE_SURFACE(10,3,(
    (#9163,#9164,#9165,#9166)
    ,(#9167,#9168,#9169,#9170)
    ,(#9171,#9172,#9173,#9174)
    ,(#9175,#9176,#9177,#9178)
    ,(#9179,#9180,#9181,#9182)
    ,(#9183,#9184,#9185,#9186)
    ,(#9187,#9188,#9189,#9190)
    ,(#9191,#9192,#9193,#9194)
    ,(#9195,#9196,#9197,#9198)
    ,(#9199,#9200,#9201,#9202)
    ,(#9203,#9204,#9205,#9206
)),.UNSPECIFIED.,.F.,.F.,.F.) B_SPLINE_SURFACE_WITH_KNOTS((11,11),(4,4),
  (2.,3.),(0.,1.),.PIECEWISE_BEZIER_KNOTS.) 
GEOMETRIC_REPRESENTATION_ITEM() RATIONAL_B_SPLINE_SURFACE((
    (1.,1.,1.,1.)
    ,(1.,1.,1.,1.)
    ,(1.,1.,1.,1.)
    ,(1.,1.,1.,1.)
    ,(1.,1.,1.,1.)
    ,(1.,1.,1.,1.)
    ,(1.,1.,1.,1.)
    ,(1.,1.,1.,1.)
    ,(1.,1.,1.,1.)
    ,(1.,1.,1.,1.)
,(1.,1.,1.,1.))) REPRESENTATION_ITEM('') SURFACE() );
#9163 = CARTESIAN_POINT('',(37.754792949667,1.848136717816,0.));
#9164 = CARTESIAN_POINT('',(-27.66329792882,-1.354147451061,3.));
#9165 = CARTESIAN_POINT('',(80.908630504323,3.960562332379,90.));
#9166 = CARTESIAN_POINT('',(15.321428571426,0.75,99.));
#9167 = CARTESIAN_POINT('',(37.674958013152,3.479050420915,0.));
#9168 = CARTESIAN_POINT('',(-23.56590666278,-0.168926675378,3.));
#9169 = CARTESIAN_POINT('',(72.503120520775,3.232042469279,90.));
#9170 = CARTESIAN_POINT('',(13.933035714284,0.75,99.));
#9171 = CARTESIAN_POINT('',(37.516843710359,5.106132222818,0.));
#9172 = CARTESIAN_POINT('',(-19.806991112,0.961459346444,3.));
#9173 = CARTESIAN_POINT('',(64.273371675377,2.53125930821,90.));
#9174 = CARTESIAN_POINT('',(12.544642857141,0.75,99.));
#9175 = CARTESIAN_POINT('',(37.280656913576,6.725155429701,0.));
#9176 = CARTESIAN_POINT('',(-16.3763636796,1.968467460046,2.999999999999
    ));
#9177 = CARTESIAN_POINT('',(56.214272930338,1.892836650835,90.));
#9178 = CARTESIAN_POINT('',(11.156249999999,0.75,99.));
#9179 = CARTESIAN_POINT('',(36.966865403175,8.331905825521,0.));
#9180 = CARTESIAN_POINT('',(-13.24935865618,2.785663241057,3.));
#9181 = CARTESIAN_POINT('',(48.313452449259,1.350342894012,90.));
#9182 = CARTESIAN_POINT('',(9.767857142856,0.75,99.));
#9183 = CARTESIAN_POINT('',(36.576196868721,9.922200834378,0.));
#9184 = CARTESIAN_POINT('',(-10.38731931989,3.352187877052,
    3.000000000001));
#9185 = CARTESIAN_POINT('',(40.551521230412,0.934555991942,90.));
#9186 = CARTESIAN_POINT('',(8.379464285713,0.75,99.));
#9187 = CARTESIAN_POINT('',(36.109636345462,11.491908258436,0.));
#9188 = CARTESIAN_POINT('',(-7.739113810668,3.61611745849,3.));
#9189 = CARTESIAN_POINT('',(32.902831257498,0.671782249219,90.));
#9190 = CARTESIAN_POINT('',(6.991071428571,0.75,99.));
#9191 = CARTESIAN_POINT('',(35.568422086223,13.03696459141,0.));
#9192 = CARTESIAN_POINT('',(-5.243578227491,3.53729147958,2.999999999999
    ));
#9193 = CARTESIAN_POINT('',(25.336697392275,0.582440544259,90.));
#9194 = CARTESIAN_POINT('',(5.602678571428,0.75,99.));
#9195 = CARTESIAN_POINT('',(34.954039868679,14.553392907608,0.));
#9196 = CARTESIAN_POINT('',(-2.832674800425,3.089314980693,
    3.000000000001));
#9197 = CARTESIAN_POINT('',(17.818976934966,0.680059767353,
    89.999999999999));
#9198 = CARTESIAN_POINT('',(4.214285714285,0.75,99.));
#9199 = CARTESIAN_POINT('',(34.268215738029,16.037320326537,0.));
#9200 = CARTESIAN_POINT('',(-0.435042392244,2.260566394552,3.));
#9201 = CARTESIAN_POINT('',(10.313845479858,0.970773442179,90.));
#9202 = CARTESIAN_POINT('',(2.825892857143,0.75,99.));
#9203 = CARTESIAN_POINT('',(33.512907185054,17.484995053072,0.));
#9204 = CARTESIAN_POINT('',(2.020494012455,1.054170789107,3.));
#9205 = CARTESIAN_POINT('',(2.785552395018,1.453331684357,90.));
#9206 = CARTESIAN_POINT('',(1.4375,0.75,99.));
#9207 = DEFINITIONAL_REPRESENTATION('',(#9208),#9212);
#9208 = LINE('',#9209,#9210);
#9209 = CARTESIAN_POINT('',(0.,0.));
#9210 = VECTOR('',#9211,1.);
#9211 = DIRECTION('',(1.,0.));
#9212 = ( GEOMETRIC_REPRESENTATION_CONTEXT(2) 
PARAMETRIC_REPRESENTATION_CONTEXT() REPRESENTATION_CONTEXT('2D SPACE',''
  ) );
#9213 = ORIENTED_EDGE('',*,*,#9214,.F.);
#9214 = EDGE_CURVE('',#8156,#9131,#9215,.T.);
#9215 = SURFACE_CURVE('',#9216,(#9228,#9243),.PCURVE_S1.);
#9216 = B_SPLINE_CURVE_WITH_KNOTS('',10,(#9217,#9218,#9219,#9220,#9221,
    #9222,#9223,#9224,#9225,#9226,#9227),.UNSPECIFIED.,.F.,.F.,(11,11),(
    1.,2.),.PIECEWISE_BEZIER_KNOTS.);
#9217 = CARTESIAN_POINT('',(37.792130737918,0.771267974243,0.));
#9218 = CARTESIAN_POINT('',(37.789932109335,0.879000774842,0.));
#9219 = CARTESIAN_POINT('',(37.787392223874,0.986726610751,0.));
#9220 = CARTESIAN_POINT('',(37.784511123679,1.094444266543,0.));
#9221 = CARTESIAN_POINT('',(37.781288850891,1.202152526788,0.));
#9222 = CARTESIAN_POINT('',(37.777725447652,1.309850176059,0.));
#9223 = CARTESIAN_POINT('',(37.773820956105,1.417535998928,0.));
#9224 = CARTESIAN_POINT('',(37.769575418391,1.525208779966,0.));
#9225 = CARTESIAN_POINT('',(37.764988876652,1.632867303746,0.));
#9226 = CARTESIAN_POINT('',(37.76006137303,1.740510354838,0.));
#9227 = CARTESIAN_POINT('',(37.754792949667,1.848136717816,0.));
#9228 = PCURVE('',#8224,#9229);
#9229 = DEFINITIONAL_REPRESENTATION('',(#9230),#9242);
#9230 = B_SPLINE_CURVE_WITH_KNOTS('',10,(#9231,#9232,#9233,#9234,#9235,
    #9236,#9237,#9238,#9239,#9240,#9241),.UNSPECIFIED.,.F.,.F.,(11,11),(
    1.,2.),.PIECEWISE_BEZIER_KNOTS.);
#9231 = CARTESIAN_POINT('',(7.869262081734E-03,-0.771267974243));
#9232 = CARTESIAN_POINT('',(1.006789066539E-02,-0.879000774842));
#9233 = CARTESIAN_POINT('',(1.26077761258E-02,-0.986726610751));
#9234 = CARTESIAN_POINT('',(1.548887632097E-02,-1.094444266543));
#9235 = CARTESIAN_POINT('',(1.871114910889E-02,-1.202152526788));
#9236 = CARTESIAN_POINT('',(2.227455234757E-02,-1.309850176059));
#9237 = CARTESIAN_POINT('',(2.617904389502E-02,-1.417535998928));
#9238 = CARTESIAN_POINT('',(3.042458160924E-02,-1.525208779966));
#9239 = CARTESIAN_POINT('',(3.501112334823E-02,-1.632867303746));
#9240 = CARTESIAN_POINT('',(3.993862696999E-02,-1.740510354838));
#9241 = CARTESIAN_POINT('',(4.520705033253E-02,-1.848136717816));
#9242 = ( GEOMETRIC_REPRESENTATION_CONTEXT(2) 
PARAMETRIC_REPRESENTATION_CONTEXT() REPRESENTATION_CONTEXT('2D SPACE',''
  ) );
#9243 = PCURVE('',#8261,#9244);
#9244 = DEFINITIONAL_REPRESENTATION('',(#9245),#9249);
#9245 = LINE('',#9246,#9247);
#9246 = CARTESIAN_POINT('',(0.,0.));
#9247 = VECTOR('',#9248,1.);
#9248 = DIRECTION('',(1.,0.));
#9249 = ( GEOMETRIC_REPRESENTATION_CONTEXT(2) 
PARAMETRIC_REPRESENTATION_CONTEXT() REPRESENTATION_CONTEXT('2D SPACE',''
  ) );
#9250 = ADVANCED_FACE('',(#9251),#8261,.T.);
#9251 = FACE_BOUND('',#9252,.T.);
#9252 = EDGE_LOOP('',(#9253,#9254,#9278,#9320));
#9253 = ORIENTED_EDGE('',*,*,#9214,.T.);
#9254 = ORIENTED_EDGE('',*,*,#9255,.T.);
#9255 = EDGE_CURVE('',#9131,#9256,#9258,.T.);
#9256 = VERTEX_POINT('',#9257);
#9257 = CARTESIAN_POINT('',(15.321428571426,0.75,99.));
#9258 = SURFACE_CURVE('',#9259,(#9264,#9271),.PCURVE_S1.);
#9259 = ( BOUNDED_CURVE() B_SPLINE_CURVE(3,(#9260,#9261,#9262,#9263),
.UNSPECIFIED.,.F.,.F.) B_SPLINE_CURVE_WITH_KNOTS((4,4),(0.,1.),
.PIECEWISE_BEZIER_KNOTS.) CURVE() GEOMETRIC_REPRESENTATION_ITEM() 
RATIONAL_B_SPLINE_CURVE((1.,1.,1.,1.)) REPRESENTATION_ITEM('') );
#9260 = CARTESIAN_POINT('',(37.754792949667,1.848136717816,0.));
#9261 = CARTESIAN_POINT('',(-27.66329792882,-1.354147451061,3.));
#9262 = CARTESIAN_POINT('',(80.908630504323,3.960562332379,90.));
#9263 = CARTESIAN_POINT('',(15.321428571426,0.75,99.));
#9264 = PCURVE('',#8261,#9265);
#9265 = DEFINITIONAL_REPRESENTATION('',(#9266),#9270);
#9266 = LINE('',#9267,#9268);
#9267 = CARTESIAN_POINT('',(2.,0.));
#9268 = VECTOR('',#9269,1.);
#9269 = DIRECTION('',(0.,1.));
#9270 = ( GEOMETRIC_REPRESENTATION_CONTEXT(2) 
PARAMETRIC_REPRESENTATION_CONTEXT() REPRESENTATION_CONTEXT('2D SPACE',''
  ) );
#9271 = PCURVE('',#9162,#9272);
#9272 = DEFINITIONAL_REPRESENTATION('',(#9273),#9277);
#9273 = LINE('',#9274,#9275);
#9274 = CARTESIAN_POINT('',(2.,0.));
#9275 = VECTOR('',#9276,1.);
#9276 = DIRECTION('',(0.,1.));
#9277 = ( GEOMETRIC_REPRESENTATION_CONTEXT(2) 
PARAMETRIC_REPRESENTATION_CONTEXT() REPRESENTATION_CONTEXT('2D SPACE',''
  ) );
#9278 = ORIENTED_EDGE('',*,*,#9279,.F.);
#9279 = EDGE_CURVE('',#8245,#9256,#9280,.T.);
#9280 = SURFACE_CURVE('',#9281,(#9293,#9300),.PCURVE_S1.);
#9281 = B_SPLINE_CURVE_WITH_KNOTS('',10,(#9282,#9283,#9284,#9285,#9286,
    #9287,#9288,#9289,#9290,#9291,#9292),.UNSPECIFIED.,.F.,.F.,(11,11),(
    1.,2.),.PIECEWISE_BEZIER_KNOTS.);
#9282 = CARTESIAN_POINT('',(36.75,0.75,99.));
#9283 = CARTESIAN_POINT('',(34.607142857143,0.75,99.));
#9284 = CARTESIAN_POINT('',(32.464285714285,0.75,99.));
#9285 = CARTESIAN_POINT('',(30.321428571428,0.75,99.));
#9286 = CARTESIAN_POINT('',(28.178571428571,0.75,99.));
#9287 = CARTESIAN_POINT('',(26.035714285713,0.75,99.));
#9288 = CARTESIAN_POINT('',(23.892857142856,0.75,99.));
#9289 = CARTESIAN_POINT('',(21.749999999999,0.75,99.));
#9290 = CARTESIAN_POINT('',(19.607142857141,0.75,99.));
#9291 = CARTESIAN_POINT('',(17.464285714284,0.75,99.));
#9292 = CARTESIAN_POINT('',(15.321428571426,0.75,99.));
#9293 = PCURVE('',#8261,#9294);
#9294 = DEFINITIONAL_REPRESENTATION('',(#9295),#9299);
#9295 = LINE('',#9296,#9297);
#9296 = CARTESIAN_POINT('',(0.,1.));
#9297 = VECTOR('',#9298,1.);
#9298 = DIRECTION('',(1.,0.));
#9299 = ( GEOMETRIC_REPRESENTATION_CONTEXT(2) 
PARAMETRIC_REPRESENTATION_CONTEXT() REPRESENTATION_CONTEXT('2D SPACE',''
  ) );
#9300 = PCURVE('',#9301,#9306);
#9301 = PLANE('',#9302);
#9302 = AXIS2_PLACEMENT_3D('',#9303,#9304,#9305);
#9303 = CARTESIAN_POINT('',(-36.75,0.75,99.));
#9304 = DIRECTION('',(0.,1.,0.));
#9305 = DIRECTION('',(1.,0.,0.));
#9306 = DEFINITIONAL_REPRESENTATION('',(#9307),#9319);
#9307 = B_SPLINE_CURVE_WITH_KNOTS('',10,(#9308,#9309,#9310,#9311,#9312,
    #9313,#9314,#9315,#9316,#9317,#9318),.UNSPECIFIED.,.F.,.F.,(11,11),(
    1.,2.),.PIECEWISE_BEZIER_KNOTS.);
#9308 = CARTESIAN_POINT('',(73.5,0.));
#9309 = CARTESIAN_POINT('',(71.357142857143,0.));
#9310 = CARTESIAN_POINT('',(69.214285714285,0.));
#9311 = CARTESIAN_POINT('',(67.071428571428,0.));
#9312 = CARTESIAN_POINT('',(64.928571428571,0.));
#9313 = CARTESIAN_POINT('',(62.785714285713,0.));
#9314 = CARTESIAN_POINT('',(60.642857142856,0.));
#9315 = CARTESIAN_POINT('',(58.499999999999,0.));
#9316 = CARTESIAN_POINT('',(56.357142857141,0.));
#9317 = CARTESIAN_POINT('',(54.214285714284,0.));
#9318 = CARTESIAN_POINT('',(52.071428571426,0.));
#9319 = ( GEOMETRIC_REPRESENTATION_CONTEXT(2) 
PARAMETRIC_REPRESENTATION_CONTEXT() REPRESENTATION_CONTEXT('2D SPACE',''
  ) );
#9320 = ORIENTED_EDGE('',*,*,#8244,.F.);
#9321 = ADVANCED_FACE('',(#9322),#8337,.T.);
#9322 = FACE_BOUND('',#9323,.T.);
#9323 = EDGE_LOOP('',(#9324,#9325,#9348,#9377));
#9324 = ORIENTED_EDGE('',*,*,#8313,.T.);
#9325 = ORIENTED_EDGE('',*,*,#9326,.T.);
#9326 = EDGE_CURVE('',#8245,#9327,#9329,.T.);
#9327 = VERTEX_POINT('',#9328);
#9328 = CARTESIAN_POINT('',(36.75,0.75,107.5));
#9329 = SURFACE_CURVE('',#9330,(#9334,#9341),.PCURVE_S1.);
#9330 = LINE('',#9331,#9332);
#9331 = CARTESIAN_POINT('',(36.75,0.75,99.));
#9332 = VECTOR('',#9333,1.);
#9333 = DIRECTION('',(0.,0.,1.));
#9334 = PCURVE('',#8337,#9335);
#9335 = DEFINITIONAL_REPRESENTATION('',(#9336),#9340);
#9336 = LINE('',#9337,#9338);
#9337 = CARTESIAN_POINT('',(0.,0.));
#9338 = VECTOR('',#9339,1.);
#9339 = DIRECTION('',(0.,-1.));
#9340 = ( GEOMETRIC_REPRESENTATION_CONTEXT(2) 
PARAMETRIC_REPRESENTATION_CONTEXT() REPRESENTATION_CONTEXT('2D SPACE',''
  ) );
#9341 = PCURVE('',#9301,#9342);
#9342 = DEFINITIONAL_REPRESENTATION('',(#9343),#9347);
#9343 = LINE('',#9344,#9345);
#9344 = CARTESIAN_POINT('',(73.5,0.));
#9345 = VECTOR('',#9346,1.);
#9346 = DIRECTION('',(0.,-1.));
#9347 = ( GEOMETRIC_REPRESENTATION_CONTEXT(2) 
PARAMETRIC_REPRESENTATION_CONTEXT() REPRESENTATION_CONTEXT('2D SPACE',''
  ) );
#9348 = ORIENTED_EDGE('',*,*,#9349,.T.);
#9349 = EDGE_CURVE('',#9327,#9350,#9352,.T.);
#9350 = VERTEX_POINT('',#9351);
#9351 = CARTESIAN_POINT('',(36.75,-0.75,107.5));
#9352 = SURFACE_CURVE('',#9353,(#9358,#9365),.PCURVE_S1.);
#9353 = CIRCLE('',#9354,0.75);
#9354 = AXIS2_PLACEMENT_3D('',#9355,#9356,#9357);
#9355 = CARTESIAN_POINT('',(36.75,0.,107.5));
#9356 = DIRECTION('',(0.,0.,-1.));
#9357 = DIRECTION('',(0.,1.,0.));
#9358 = PCURVE('',#8337,#9359);
#9359 = DEFINITIONAL_REPRESENTATION('',(#9360),#9364);
#9360 = LINE('',#9361,#9362);
#9361 = CARTESIAN_POINT('',(0.,-8.5));
#9362 = VECTOR('',#9363,1.);
#9363 = DIRECTION('',(1.,0.));
#9364 = ( GEOMETRIC_REPRESENTATION_CONTEXT(2) 
PARAMETRIC_REPRESENTATION_CONTEXT() REPRESENTATION_CONTEXT('2D SPACE',''
  ) );
#9365 = PCURVE('',#9366,#9371);
#9366 = CONICAL_SURFACE('',#9367,0.75,0.785398163397);
#9367 = AXIS2_PLACEMENT_3D('',#9368,#9369,#9370);
#9368 = CARTESIAN_POINT('',(36.75,0.,107.5));
#9369 = DIRECTION('',(-0.,-0.,1.));
#9370 = DIRECTION('',(0.,1.,0.));
#9371 = DEFINITIONAL_REPRESENTATION('',(#9372),#9376);
#9372 = LINE('',#9373,#9374);
#9373 = CARTESIAN_POINT('',(-0.,0.));
#9374 = VECTOR('',#9375,1.);
#9375 = DIRECTION('',(-1.,0.));
#9376 = ( GEOMETRIC_REPRESENTATION_CONTEXT(2) 
PARAMETRIC_REPRESENTATION_CONTEXT() REPRESENTATION_CONTEXT('2D SPACE',''
  ) );
#9377 = ORIENTED_EDGE('',*,*,#9378,.F.);
#9378 = EDGE_CURVE('',#8314,#9350,#9379,.T.);
#9379 = SURFACE_CURVE('',#9380,(#9384,#9391),.PCURVE_S1.);
#9380 = LINE('',#9381,#9382);
#9381 = CARTESIAN_POINT('',(36.75,-0.75,99.));
#9382 = VECTOR('',#9383,1.);
#9383 = DIRECTION('',(0.,0.,1.));
#9384 = PCURVE('',#8337,#9385);
#9385 = DEFINITIONAL_REPRESENTATION('',(#9386),#9390);
#9386 = LINE('',#9387,#9388);
#9387 = CARTESIAN_POINT('',(3.14159265359,0.));
#9388 = VECTOR('',#9389,1.);
#9389 = DIRECTION('',(0.,-1.));
#9390 = ( GEOMETRIC_REPRESENTATION_CONTEXT(2) 
PARAMETRIC_REPRESENTATION_CONTEXT() REPRESENTATION_CONTEXT('2D SPACE',''
  ) );
#9391 = PCURVE('',#9392,#9397);
#9392 = PLANE('',#9393);
#9393 = AXIS2_PLACEMENT_3D('',#9394,#9395,#9396);
#9394 = CARTESIAN_POINT('',(36.75,-0.75,99.));
#9395 = DIRECTION('',(0.,-1.,0.));
#9396 = DIRECTION('',(-1.,0.,0.));
#9397 = DEFINITIONAL_REPRESENTATION('',(#9398),#9402);
#9398 = LINE('',#9399,#9400);
#9399 = CARTESIAN_POINT('',(0.,-0.));
#9400 = VECTOR('',#9401,1.);
#9401 = DIRECTION('',(0.,-1.));
#9402 = ( GEOMETRIC_REPRESENTATION_CONTEXT(2) 
PARAMETRIC_REPRESENTATION_CONTEXT() REPRESENTATION_CONTEXT('2D SPACE',''
  ) );
#9403 = ADVANCED_FACE('',(#9404),#8363,.T.);
#9404 = FACE_BOUND('',#9405,.T.);
#9405 = EDGE_LOOP('',(#9406,#9407,#9408,#9447));
#9406 = ORIENTED_EDGE('',*,*,#8419,.T.);
#9407 = ORIENTED_EDGE('',*,*,#8348,.T.);
#9408 = ORIENTED_EDGE('',*,*,#9409,.F.);
#9409 = EDGE_CURVE('',#9410,#8314,#9412,.T.);
#9410 = VERTEX_POINT('',#9411);
#9411 = CARTESIAN_POINT('',(15.321428571428,-0.75,99.));
#9412 = SURFACE_CURVE('',#9413,(#9425,#9432),.PCURVE_S1.);
#9413 = B_SPLINE_CURVE_WITH_KNOTS('',10,(#9414,#9415,#9416,#9417,#9418,
    #9419,#9420,#9421,#9422,#9423,#9424),.UNSPECIFIED.,.F.,.F.,(11,11),(
    11.,12.),.PIECEWISE_BEZIER_KNOTS.);
#9414 = CARTESIAN_POINT('',(15.321428571428,-0.75,99.));
#9415 = CARTESIAN_POINT('',(17.464285714285,-0.75,99.));
#9416 = CARTESIAN_POINT('',(19.607142857142,-0.75,99.));
#9417 = CARTESIAN_POINT('',(21.75,-0.75,99.));
#9418 = CARTESIAN_POINT('',(23.892857142857,-0.75,99.));
#9419 = CARTESIAN_POINT('',(26.035714285714,-0.75,99.));
#9420 = CARTESIAN_POINT('',(28.178571428571,-0.75,99.));
#9421 = CARTESIAN_POINT('',(30.321428571428,-0.75,99.));
#9422 = CARTESIAN_POINT('',(32.464285714286,-0.75,99.));
#9423 = CARTESIAN_POINT('',(34.607142857143,-0.75,99.));
#9424 = CARTESIAN_POINT('',(36.75,-0.75,99.));
#9425 = PCURVE('',#8363,#9426);
#9426 = DEFINITIONAL_REPRESENTATION('',(#9427),#9431);
#9427 = LINE('',#9428,#9429);
#9428 = CARTESIAN_POINT('',(0.,1.));
#9429 = VECTOR('',#9430,1.);
#9430 = DIRECTION('',(1.,0.));
#9431 = ( GEOMETRIC_REPRESENTATION_CONTEXT(2) 
PARAMETRIC_REPRESENTATION_CONTEXT() REPRESENTATION_CONTEXT('2D SPACE',''
  ) );
#9432 = PCURVE('',#9392,#9433);
#9433 = DEFINITIONAL_REPRESENTATION('',(#9434),#9446);
#9434 = B_SPLINE_CURVE_WITH_KNOTS('',10,(#9435,#9436,#9437,#9438,#9439,
    #9440,#9441,#9442,#9443,#9444,#9445),.UNSPECIFIED.,.F.,.F.,(11,11),(
    11.,12.),.PIECEWISE_BEZIER_KNOTS.);
#9435 = CARTESIAN_POINT('',(21.428571428572,0.));
#9436 = CARTESIAN_POINT('',(19.285714285715,0.));
#9437 = CARTESIAN_POINT('',(17.142857142858,0.));
#9438 = CARTESIAN_POINT('',(15.,0.));
#9439 = CARTESIAN_POINT('',(12.857142857143,0.));
#9440 = CARTESIAN_POINT('',(10.714285714286,0.));
#9441 = CARTESIAN_POINT('',(8.571428571429,0.));
#9442 = CARTESIAN_POINT('',(6.428571428572,0.));
#9443 = CARTESIAN_POINT('',(4.285714285714,0.));
#9444 = CARTESIAN_POINT('',(2.142857142857,0.));
#9445 = CARTESIAN_POINT('',(0.,0.));
#9446 = ( GEOMETRIC_REPRESENTATION_CONTEXT(2) 
PARAMETRIC_REPRESENTATION_CONTEXT() REPRESENTATION_CONTEXT('2D SPACE',''
  ) );
#9447 = ORIENTED_EDGE('',*,*,#9448,.F.);
#9448 = EDGE_CURVE('',#8420,#9410,#9449,.T.);
#9449 = SURFACE_CURVE('',#9450,(#9455,#9462),.PCURVE_S1.);
#9450 = ( BOUNDED_CURVE() B_SPLINE_CURVE(3,(#9451,#9452,#9453,#9454),
.UNSPECIFIED.,.F.,.F.) B_SPLINE_CURVE_WITH_KNOTS((4,4),(0.,1.),
.PIECEWISE_BEZIER_KNOTS.) CURVE() GEOMETRIC_REPRESENTATION_ITEM() 
RATIONAL_B_SPLINE_CURVE((1.,1.,1.,1.)) REPRESENTATION_ITEM('') );
#9451 = CARTESIAN_POINT('',(37.754792949667,-1.848136717816,0.));
#9452 = CARTESIAN_POINT('',(-27.66329792882,1.354147451061,3.));
#9453 = CARTESIAN_POINT('',(80.908630504322,-3.960562332379,90.));
#9454 = CARTESIAN_POINT('',(15.321428571428,-0.75,99.));
#9455 = PCURVE('',#8363,#9456);
#9456 = DEFINITIONAL_REPRESENTATION('',(#9457),#9461);
#9457 = LINE('',#9458,#9459);
#9458 = CARTESIAN_POINT('',(11.,0.));
#9459 = VECTOR('',#9460,1.);
#9460 = DIRECTION('',(0.,1.));
#9461 = ( GEOMETRIC_REPRESENTATION_CONTEXT(2) 
PARAMETRIC_REPRESENTATION_CONTEXT() REPRESENTATION_CONTEXT('2D SPACE',''
  ) );
#9462 = PCURVE('',#8490,#9463);
#9463 = DEFINITIONAL_REPRESENTATION('',(#9464),#9468);
#9464 = LINE('',#9465,#9466);
#9465 = CARTESIAN_POINT('',(11.,0.));
#9466 = VECTOR('',#9467,1.);
#9467 = DIRECTION('',(0.,1.));
#9468 = ( GEOMETRIC_REPRESENTATION_CONTEXT(2) 
PARAMETRIC_REPRESENTATION_CONTEXT() REPRESENTATION_CONTEXT('2D SPACE',''
  ) );
#9469 = ADVANCED_FACE('',(#9470),#9162,.T.);
#9470 = FACE_BOUND('',#9471,.T.);
#9471 = EDGE_LOOP('',(#9472,#9473,#9497,#9534));
#9472 = ORIENTED_EDGE('',*,*,#9130,.T.);
#9473 = ORIENTED_EDGE('',*,*,#9474,.T.);
#9474 = EDGE_CURVE('',#9047,#9475,#9477,.T.);
#9475 = VERTEX_POINT('',#9476);
#9476 = CARTESIAN_POINT('',(1.4375,0.75,99.));
#9477 = SURFACE_CURVE('',#9478,(#9483,#9490),.PCURVE_S1.);
#9478 = ( BOUNDED_CURVE() B_SPLINE_CURVE(3,(#9479,#9480,#9481,#9482),
.UNSPECIFIED.,.F.,.F.) B_SPLINE_CURVE_WITH_KNOTS((4,4),(0.,1.),
.PIECEWISE_BEZIER_KNOTS.) CURVE() GEOMETRIC_REPRESENTATION_ITEM() 
RATIONAL_B_SPLINE_CURVE((1.,1.,1.,1.)) REPRESENTATION_ITEM('') );
#9479 = CARTESIAN_POINT('',(33.512907185054,17.484995053072,0.));
#9480 = CARTESIAN_POINT('',(2.020494012455,1.054170789107,3.));
#9481 = CARTESIAN_POINT('',(2.785552395018,1.453331684357,90.));
#9482 = CARTESIAN_POINT('',(1.4375,0.75,99.));
#9483 = PCURVE('',#9162,#9484);
#9484 = DEFINITIONAL_REPRESENTATION('',(#9485),#9489);
#9485 = LINE('',#9486,#9487);
#9486 = CARTESIAN_POINT('',(3.,0.));
#9487 = VECTOR('',#9488,1.);
#9488 = DIRECTION('',(0.,1.));
#9489 = ( GEOMETRIC_REPRESENTATION_CONTEXT(2) 
PARAMETRIC_REPRESENTATION_CONTEXT() REPRESENTATION_CONTEXT('2D SPACE',''
  ) );
#9490 = PCURVE('',#9078,#9491);
#9491 = DEFINITIONAL_REPRESENTATION('',(#9492),#9496);
#9492 = LINE('',#9493,#9494);
#9493 = CARTESIAN_POINT('',(3.,0.));
#9494 = VECTOR('',#9495,1.);
#9495 = DIRECTION('',(0.,1.));
#9496 = ( GEOMETRIC_REPRESENTATION_CONTEXT(2) 
PARAMETRIC_REPRESENTATION_CONTEXT() REPRESENTATION_CONTEXT('2D SPACE',''
  ) );
#9497 = ORIENTED_EDGE('',*,*,#9498,.F.);
#9498 = EDGE_CURVE('',#9256,#9475,#9499,.T.);
#9499 = SURFACE_CURVE('',#9500,(#9512,#9519),.PCURVE_S1.);
#9500 = B_SPLINE_CURVE_WITH_KNOTS('',10,(#9501,#9502,#9503,#9504,#9505,
    #9506,#9507,#9508,#9509,#9510,#9511),.UNSPECIFIED.,.F.,.F.,(11,11),(
    2.,3.),.PIECEWISE_BEZIER_KNOTS.);
#9501 = CARTESIAN_POINT('',(15.321428571426,0.75,99.));
#9502 = CARTESIAN_POINT('',(13.933035714284,0.75,99.));
#9503 = CARTESIAN_POINT('',(12.544642857141,0.75,99.));
#9504 = CARTESIAN_POINT('',(11.156249999999,0.75,99.));
#9505 = CARTESIAN_POINT('',(9.767857142856,0.75,99.));
#9506 = CARTESIAN_POINT('',(8.379464285713,0.75,99.));
#9507 = CARTESIAN_POINT('',(6.991071428571,0.75,99.));
#9508 = CARTESIAN_POINT('',(5.602678571428,0.75,99.));
#9509 = CARTESIAN_POINT('',(4.214285714285,0.75,99.));
#9510 = CARTESIAN_POINT('',(2.825892857143,0.75,99.));
#9511 = CARTESIAN_POINT('',(1.4375,0.75,99.));
#9512 = PCURVE('',#9162,#9513);
#9513 = DEFINITIONAL_REPRESENTATION('',(#9514),#9518);
#9514 = LINE('',#9515,#9516);
#9515 = CARTESIAN_POINT('',(0.,1.));
#9516 = VECTOR('',#9517,1.);
#9517 = DIRECTION('',(1.,0.));
#9518 = ( GEOMETRIC_REPRESENTATION_CONTEXT(2) 
PARAMETRIC_REPRESENTATION_CONTEXT() REPRESENTATION_CONTEXT('2D SPACE',''
  ) );
#9519 = PCURVE('',#9301,#9520);
#9520 = DEFINITIONAL_REPRESENTATION('',(#9521),#9533);
#9521 = B_SPLINE_CURVE_WITH_KNOTS('',10,(#9522,#9523,#9524,#9525,#9526,
    #9527,#9528,#9529,#9530,#9531,#9532),.UNSPECIFIED.,.F.,.F.,(11,11),(
    2.,3.),.PIECEWISE_BEZIER_KNOTS.);
#9522 = CARTESIAN_POINT('',(52.071428571426,0.));
#9523 = CARTESIAN_POINT('',(50.683035714284,0.));
#9524 = CARTESIAN_POINT('',(49.294642857141,0.));
#9525 = CARTESIAN_POINT('',(47.906249999999,0.));
#9526 = CARTESIAN_POINT('',(46.517857142856,0.));
#9527 = CARTESIAN_POINT('',(45.129464285713,0.));
#9528 = CARTESIAN_POINT('',(43.741071428571,0.));
#9529 = CARTESIAN_POINT('',(42.352678571428,0.));
#9530 = CARTESIAN_POINT('',(40.964285714285,0.));
#9531 = CARTESIAN_POINT('',(39.575892857143,0.));
#9532 = CARTESIAN_POINT('',(38.1875,0.));
#9533 = ( GEOMETRIC_REPRESENTATION_CONTEXT(2) 
PARAMETRIC_REPRESENTATION_CONTEXT() REPRESENTATION_CONTEXT('2D SPACE',''
  ) );
#9534 = ORIENTED_EDGE('',*,*,#9255,.F.);
#9535 = ADVANCED_FACE('',(#9536),#9078,.T.);
#9536 = FACE_BOUND('',#9537,.T.);
#9537 = EDGE_LOOP('',(#9538,#9539,#9563,#9600));
#9538 = ORIENTED_EDGE('',*,*,#9046,.T.);
#9539 = ORIENTED_EDGE('',*,*,#9540,.T.);
#9540 = EDGE_CURVE('',#8963,#9541,#9543,.T.);
#9541 = VERTEX_POINT('',#9542);
#9542 = CARTESIAN_POINT('',(-1.4375,0.75,99.));
#9543 = SURFACE_CURVE('',#9544,(#9549,#9556),.PCURVE_S1.);
#9544 = ( BOUNDED_CURVE() B_SPLINE_CURVE(3,(#9545,#9546,#9547,#9548),
.UNSPECIFIED.,.F.,.F.) B_SPLINE_CURVE_WITH_KNOTS((4,4),(0.,1.),
.PIECEWISE_BEZIER_KNOTS.) CURVE() GEOMETRIC_REPRESENTATION_ITEM() 
RATIONAL_B_SPLINE_CURVE((1.,1.,1.,1.)) REPRESENTATION_ITEM('') );
#9545 = CARTESIAN_POINT('',(-33.51290718505,17.484995053072,0.));
#9546 = CARTESIAN_POINT('',(-2.020494012455,1.054170789107,3.));
#9547 = CARTESIAN_POINT('',(-2.785552395018,1.453331684357,90.));
#9548 = CARTESIAN_POINT('',(-1.4375,0.75,99.));
#9549 = PCURVE('',#9078,#9550);
#9550 = DEFINITIONAL_REPRESENTATION('',(#9551),#9555);
#9551 = LINE('',#9552,#9553);
#9552 = CARTESIAN_POINT('',(4.,0.));
#9553 = VECTOR('',#9554,1.);
#9554 = DIRECTION('',(0.,1.));
#9555 = ( GEOMETRIC_REPRESENTATION_CONTEXT(2) 
PARAMETRIC_REPRESENTATION_CONTEXT() REPRESENTATION_CONTEXT('2D SPACE',''
  ) );
#9556 = PCURVE('',#8994,#9557);
#9557 = DEFINITIONAL_REPRESENTATION('',(#9558),#9562);
#9558 = LINE('',#9559,#9560);
#9559 = CARTESIAN_POINT('',(4.,0.));
#9560 = VECTOR('',#9561,1.);
#9561 = DIRECTION('',(0.,1.));
#9562 = ( GEOMETRIC_REPRESENTATION_CONTEXT(2) 
PARAMETRIC_REPRESENTATION_CONTEXT() REPRESENTATION_CONTEXT('2D SPACE',''
  ) );
#9563 = ORIENTED_EDGE('',*,*,#9564,.F.);
#9564 = EDGE_CURVE('',#9475,#9541,#9565,.T.);
#9565 = SURFACE_CURVE('',#9566,(#9578,#9585),.PCURVE_S1.);
#9566 = B_SPLINE_CURVE_WITH_KNOTS('',10,(#9567,#9568,#9569,#9570,#9571,
    #9572,#9573,#9574,#9575,#9576,#9577),.UNSPECIFIED.,.F.,.F.,(11,11),(
    3.,4.),.PIECEWISE_BEZIER_KNOTS.);
#9567 = CARTESIAN_POINT('',(1.4375,0.75,99.));
#9568 = CARTESIAN_POINT('',(1.15,0.75,99.));
#9569 = CARTESIAN_POINT('',(0.8625,0.75,99.));
#9570 = CARTESIAN_POINT('',(0.575,0.75,99.));
#9571 = CARTESIAN_POINT('',(0.2875,0.75,99.));
#9572 = CARTESIAN_POINT('',(2.13162820728E-14,0.75,99.));
#9573 = CARTESIAN_POINT('',(-0.2875,0.75,99.));
#9574 = CARTESIAN_POINT('',(-0.575,0.75,99.));
#9575 = CARTESIAN_POINT('',(-0.8625,0.75,99.));
#9576 = CARTESIAN_POINT('',(-1.15,0.75,99.));
#9577 = CARTESIAN_POINT('',(-1.4375,0.75,99.));
#9578 = PCURVE('',#9078,#9579);
#9579 = DEFINITIONAL_REPRESENTATION('',(#9580),#9584);
#9580 = LINE('',#9581,#9582);
#9581 = CARTESIAN_POINT('',(0.,1.));
#9582 = VECTOR('',#9583,1.);
#9583 = DIRECTION('',(1.,0.));
#9584 = ( GEOMETRIC_REPRESENTATION_CONTEXT(2) 
PARAMETRIC_REPRESENTATION_CONTEXT() REPRESENTATION_CONTEXT('2D SPACE',''
  ) );
#9585 = PCURVE('',#9301,#9586);
#9586 = DEFINITIONAL_REPRESENTATION('',(#9587),#9599);
#9587 = B_SPLINE_CURVE_WITH_KNOTS('',10,(#9588,#9589,#9590,#9591,#9592,
    #9593,#9594,#9595,#9596,#9597,#9598),.UNSPECIFIED.,.F.,.F.,(11,11),(
    3.,4.),.PIECEWISE_BEZIER_KNOTS.);
#9588 = CARTESIAN_POINT('',(38.1875,0.));
#9589 = CARTESIAN_POINT('',(37.9,0.));
#9590 = CARTESIAN_POINT('',(37.6125,0.));
#9591 = CARTESIAN_POINT('',(37.325,0.));
#9592 = CARTESIAN_POINT('',(37.0375,0.));
#9593 = CARTESIAN_POINT('',(36.75,0.));
#9594 = CARTESIAN_POINT('',(36.4625,0.));
#9595 = CARTESIAN_POINT('',(36.175,0.));
#9596 = CARTESIAN_POINT('',(35.8875,0.));
#9597 = CARTESIAN_POINT('',(35.6,0.));
#9598 = CARTESIAN_POINT('',(35.3125,0.));
#9599 = ( GEOMETRIC_REPRESENTATION_CONTEXT(2) 
PARAMETRIC_REPRESENTATION_CONTEXT() REPRESENTATION_CONTEXT('2D SPACE',''
  ) );
#9600 = ORIENTED_EDGE('',*,*,#9474,.F.);
#9601 = ADVANCED_FACE('',(#9602),#8994,.T.);
#9602 = FACE_BOUND('',#9603,.T.);
#9603 = EDGE_LOOP('',(#9604,#9605,#9629,#9666));
#9604 = ORIENTED_EDGE('',*,*,#8962,.T.);
#9605 = ORIENTED_EDGE('',*,*,#9606,.T.);
#9606 = EDGE_CURVE('',#8879,#9607,#9609,.T.);
#9607 = VERTEX_POINT('',#9608);
#9608 = CARTESIAN_POINT('',(-15.32142857142,0.75,99.));
#9609 = SURFACE_CURVE('',#9610,(#9615,#9622),.PCURVE_S1.);
#9610 = ( BOUNDED_CURVE() B_SPLINE_CURVE(3,(#9611,#9612,#9613,#9614),
.UNSPECIFIED.,.F.,.F.) B_SPLINE_CURVE_WITH_KNOTS((4,4),(0.,1.),
.PIECEWISE_BEZIER_KNOTS.) CURVE() GEOMETRIC_REPRESENTATION_ITEM() 
RATIONAL_B_SPLINE_CURVE((1.,1.,1.,1.)) REPRESENTATION_ITEM('') );
#9611 = CARTESIAN_POINT('',(-37.75479294966,1.848136717816,0.));
#9612 = CARTESIAN_POINT('',(27.663297928826,-1.354147451061,3.));
#9613 = CARTESIAN_POINT('',(-80.90863050432,3.960562332379,90.));
#9614 = CARTESIAN_POINT('',(-15.32142857142,0.75,99.));
#9615 = PCURVE('',#8994,#9616);
#9616 = DEFINITIONAL_REPRESENTATION('',(#9617),#9621);
#9617 = LINE('',#9618,#9619);
#9618 = CARTESIAN_POINT('',(5.,0.));
#9619 = VECTOR('',#9620,1.);
#9620 = DIRECTION('',(0.,1.));
#9621 = ( GEOMETRIC_REPRESENTATION_CONTEXT(2) 
PARAMETRIC_REPRESENTATION_CONTEXT() REPRESENTATION_CONTEXT('2D SPACE',''
  ) );
#9622 = PCURVE('',#8910,#9623);
#9623 = DEFINITIONAL_REPRESENTATION('',(#9624),#9628);
#9624 = LINE('',#9625,#9626);
#9625 = CARTESIAN_POINT('',(5.,0.));
#9626 = VECTOR('',#9627,1.);
#9627 = DIRECTION('',(0.,1.));
#9628 = ( GEOMETRIC_REPRESENTATION_CONTEXT(2) 
PARAMETRIC_REPRESENTATION_CONTEXT() REPRESENTATION_CONTEXT('2D SPACE',''
  ) );
#9629 = ORIENTED_EDGE('',*,*,#9630,.F.);
#9630 = EDGE_CURVE('',#9541,#9607,#9631,.T.);
#9631 = SURFACE_CURVE('',#9632,(#9644,#9651),.PCURVE_S1.);
#9632 = B_SPLINE_CURVE_WITH_KNOTS('',10,(#9633,#9634,#9635,#9636,#9637,
    #9638,#9639,#9640,#9641,#9642,#9643),.UNSPECIFIED.,.F.,.F.,(11,11),(
    4.,5.),.PIECEWISE_BEZIER_KNOTS.);
#9633 = CARTESIAN_POINT('',(-1.4375,0.75,99.));
#9634 = CARTESIAN_POINT('',(-2.825892857143,0.75,99.));
#9635 = CARTESIAN_POINT('',(-4.214285714286,0.75,99.));
#9636 = CARTESIAN_POINT('',(-5.602678571428,0.75,99.));
#9637 = CARTESIAN_POINT('',(-6.991071428571,0.75,99.));
#9638 = CARTESIAN_POINT('',(-8.379464285714,0.75,99.));
#9639 = CARTESIAN_POINT('',(-9.767857142857,0.75,99.));
#9640 = CARTESIAN_POINT('',(-11.15625,0.75,99.));
#9641 = CARTESIAN_POINT('',(-12.54464285714,0.75,99.));
#9642 = CARTESIAN_POINT('',(-13.93303571428,0.75,99.));
#9643 = CARTESIAN_POINT('',(-15.32142857142,0.75,99.));
#9644 = PCURVE('',#8994,#9645);
#9645 = DEFINITIONAL_REPRESENTATION('',(#9646),#9650);
#9646 = LINE('',#9647,#9648);
#9647 = CARTESIAN_POINT('',(0.,1.));
#9648 = VECTOR('',#9649,1.);
#9649 = DIRECTION('',(1.,0.));
#9650 = ( GEOMETRIC_REPRESENTATION_CONTEXT(2) 
PARAMETRIC_REPRESENTATION_CONTEXT() REPRESENTATION_CONTEXT('2D SPACE',''
  ) );
#9651 = PCURVE('',#9301,#9652);
#9652 = DEFINITIONAL_REPRESENTATION('',(#9653),#9665);
#9653 = B_SPLINE_CURVE_WITH_KNOTS('',10,(#9654,#9655,#9656,#9657,#9658,
    #9659,#9660,#9661,#9662,#9663,#9664),.UNSPECIFIED.,.F.,.F.,(11,11),(
    4.,5.),.PIECEWISE_BEZIER_KNOTS.);
#9654 = CARTESIAN_POINT('',(35.3125,0.));
#9655 = CARTESIAN_POINT('',(33.924107142857,0.));
#9656 = CARTESIAN_POINT('',(32.535714285714,0.));
#9657 = CARTESIAN_POINT('',(31.147321428572,0.));
#9658 = CARTESIAN_POINT('',(29.758928571429,0.));
#9659 = CARTESIAN_POINT('',(28.370535714286,0.));
#9660 = CARTESIAN_POINT('',(26.982142857143,0.));
#9661 = CARTESIAN_POINT('',(25.59375,0.));
#9662 = CARTESIAN_POINT('',(24.205357142858,0.));
#9663 = CARTESIAN_POINT('',(22.816964285715,0.));
#9664 = CARTESIAN_POINT('',(21.428571428572,0.));
#9665 = ( GEOMETRIC_REPRESENTATION_CONTEXT(2) 
PARAMETRIC_REPRESENTATION_CONTEXT() REPRESENTATION_CONTEXT('2D SPACE',''
  ) );
#9666 = ORIENTED_EDGE('',*,*,#9540,.F.);
#9667 = ADVANCED_FACE('',(#9668),#8910,.T.);
#9668 = FACE_BOUND('',#9669,.T.);
#9669 = EDGE_LOOP('',(#9670,#9671,#9695,#9732));
#9670 = ORIENTED_EDGE('',*,*,#8878,.T.);
#9671 = ORIENTED_EDGE('',*,*,#9672,.T.);
#9672 = EDGE_CURVE('',#8795,#9673,#9675,.T.);
#9673 = VERTEX_POINT('',#9674);
#9674 = CARTESIAN_POINT('',(-36.75,0.75,99.));
#9675 = SURFACE_CURVE('',#9676,(#9681,#9688),.PCURVE_S1.);
#9676 = ( BOUNDED_CURVE() B_SPLINE_CURVE(3,(#9677,#9678,#9679,#9680),
.UNSPECIFIED.,.F.,.F.) B_SPLINE_CURVE_WITH_KNOTS((4,4),(0.,1.),
.PIECEWISE_BEZIER_KNOTS.) CURVE() GEOMETRIC_REPRESENTATION_ITEM() 
RATIONAL_B_SPLINE_CURVE((1.,1.,1.,1.)) REPRESENTATION_ITEM('') );
#9677 = CARTESIAN_POINT('',(-37.79213073791,0.771267974243,0.));
#9678 = CARTESIAN_POINT('',(22.763590509555,-0.464563071624,3.));
#9679 = CARTESIAN_POINT('',(-67.71485746365,1.381935866605,90.));
#9680 = CARTESIAN_POINT('',(-36.75,0.75,99.));
#9681 = PCURVE('',#8910,#9682);
#9682 = DEFINITIONAL_REPRESENTATION('',(#9683),#9687);
#9683 = LINE('',#9684,#9685);
#9684 = CARTESIAN_POINT('',(6.,0.));
#9685 = VECTOR('',#9686,1.);
#9686 = DIRECTION('',(0.,1.));
#9687 = ( GEOMETRIC_REPRESENTATION_CONTEXT(2) 
PARAMETRIC_REPRESENTATION_CONTEXT() REPRESENTATION_CONTEXT('2D SPACE',''
  ) );
#9688 = PCURVE('',#8826,#9689);
#9689 = DEFINITIONAL_REPRESENTATION('',(#9690),#9694);
#9690 = LINE('',#9691,#9692);
#9691 = CARTESIAN_POINT('',(6.,0.));
#9692 = VECTOR('',#9693,1.);
#9693 = DIRECTION('',(0.,1.));
#9694 = ( GEOMETRIC_REPRESENTATION_CONTEXT(2) 
PARAMETRIC_REPRESENTATION_CONTEXT() REPRESENTATION_CONTEXT('2D SPACE',''
  ) );
#9695 = ORIENTED_EDGE('',*,*,#9696,.F.);
#9696 = EDGE_CURVE('',#9607,#9673,#9697,.T.);
#9697 = SURFACE_CURVE('',#9698,(#9710,#9717),.PCURVE_S1.);
#9698 = B_SPLINE_CURVE_WITH_KNOTS('',10,(#9699,#9700,#9701,#9702,#9703,
    #9704,#9705,#9706,#9707,#9708,#9709),.UNSPECIFIED.,.F.,.F.,(11,11),(
    5.,6.),.PIECEWISE_BEZIER_KNOTS.);
#9699 = CARTESIAN_POINT('',(-15.32142857142,0.75,99.));
#9700 = CARTESIAN_POINT('',(-17.46428571428,0.75,99.));
#9701 = CARTESIAN_POINT('',(-19.60714285714,0.75,99.));
#9702 = CARTESIAN_POINT('',(-21.75,0.75,99.));
#9703 = CARTESIAN_POINT('',(-23.89285714285,0.75,99.));
#9704 = CARTESIAN_POINT('',(-26.03571428571,0.75,99.));
#9705 = CARTESIAN_POINT('',(-28.17857142857,0.75,99.));
#9706 = CARTESIAN_POINT('',(-30.32142857142,0.75,99.));
#9707 = CARTESIAN_POINT('',(-32.46428571428,0.75,99.));
#9708 = CARTESIAN_POINT('',(-34.60714285714,0.75,99.));
#9709 = CARTESIAN_POINT('',(-36.75,0.75,99.));
#9710 = PCURVE('',#8910,#9711);
#9711 = DEFINITIONAL_REPRESENTATION('',(#9712),#9716);
#9712 = LINE('',#9713,#9714);
#9713 = CARTESIAN_POINT('',(0.,1.));
#9714 = VECTOR('',#9715,1.);
#9715 = DIRECTION('',(1.,0.));
#9716 = ( GEOMETRIC_REPRESENTATION_CONTEXT(2) 
PARAMETRIC_REPRESENTATION_CONTEXT() REPRESENTATION_CONTEXT('2D SPACE',''
  ) );
#9717 = PCURVE('',#9301,#9718);
#9718 = DEFINITIONAL_REPRESENTATION('',(#9719),#9731);
#9719 = B_SPLINE_CURVE_WITH_KNOTS('',10,(#9720,#9721,#9722,#9723,#9724,
    #9725,#9726,#9727,#9728,#9729,#9730),.UNSPECIFIED.,.F.,.F.,(11,11),(
    5.,6.),.PIECEWISE_BEZIER_KNOTS.);
#9720 = CARTESIAN_POINT('',(21.428571428572,0.));
#9721 = CARTESIAN_POINT('',(19.285714285715,0.));
#9722 = CARTESIAN_POINT('',(17.142857142858,0.));
#9723 = CARTESIAN_POINT('',(15.,0.));
#9724 = CARTESIAN_POINT('',(12.857142857143,0.));
#9725 = CARTESIAN_POINT('',(10.714285714286,0.));
#9726 = CARTESIAN_POINT('',(8.571428571429,0.));
#9727 = CARTESIAN_POINT('',(6.428571428572,0.));
#9728 = CARTESIAN_POINT('',(4.285714285714,0.));
#9729 = CARTESIAN_POINT('',(2.142857142857,0.));
#9730 = CARTESIAN_POINT('',(-7.105427357601E-15,0.));
#9731 = ( GEOMETRIC_REPRESENTATION_CONTEXT(2) 
PARAMETRIC_REPRESENTATION_CONTEXT() REPRESENTATION_CONTEXT('2D SPACE',''
  ) );
#9732 = ORIENTED_EDGE('',*,*,#9606,.F.);
#9733 = ADVANCED_FACE('',(#9734),#8826,.T.);
#9734 = FACE_BOUND('',#9735,.T.);
#9735 = EDGE_LOOP('',(#9736,#9737,#9761,#9794));
#9736 = ORIENTED_EDGE('',*,*,#8794,.T.);
#9737 = ORIENTED_EDGE('',*,*,#9738,.T.);
#9738 = EDGE_CURVE('',#8711,#9739,#9741,.T.);
#9739 = VERTEX_POINT('',#9740);
#9740 = CARTESIAN_POINT('',(-36.75,-0.75,99.));
#9741 = SURFACE_CURVE('',#9742,(#9747,#9754),.PCURVE_S1.);
#9742 = ( BOUNDED_CURVE() B_SPLINE_CURVE(3,(#9743,#9744,#9745,#9746),
.UNSPECIFIED.,.F.,.F.) B_SPLINE_CURVE_WITH_KNOTS((4,4),(0.,1.),
.PIECEWISE_BEZIER_KNOTS.) CURVE() GEOMETRIC_REPRESENTATION_ITEM() 
RATIONAL_B_SPLINE_CURVE((1.,1.,1.,1.)) REPRESENTATION_ITEM('') );
#9743 = CARTESIAN_POINT('',(-37.79213073791,-0.771267974243,0.));
#9744 = CARTESIAN_POINT('',(22.763590509555,0.464563071624,3.));
#9745 = CARTESIAN_POINT('',(-67.71485746365,-1.381935866605,90.));
#9746 = CARTESIAN_POINT('',(-36.75,-0.75,99.));
#9747 = PCURVE('',#8826,#9748);
#9748 = DEFINITIONAL_REPRESENTATION('',(#9749),#9753);
#9749 = LINE('',#9750,#9751);
#9750 = CARTESIAN_POINT('',(7.,0.));
#9751 = VECTOR('',#9752,1.);
#9752 = DIRECTION('',(0.,1.));
#9753 = ( GEOMETRIC_REPRESENTATION_CONTEXT(2) 
PARAMETRIC_REPRESENTATION_CONTEXT() REPRESENTATION_CONTEXT('2D SPACE',''
  ) );
#9754 = PCURVE('',#8742,#9755);
#9755 = DEFINITIONAL_REPRESENTATION('',(#9756),#9760);
#9756 = LINE('',#9757,#9758);
#9757 = CARTESIAN_POINT('',(7.,0.));
#9758 = VECTOR('',#9759,1.);
#9759 = DIRECTION('',(0.,1.));
#9760 = ( GEOMETRIC_REPRESENTATION_CONTEXT(2) 
PARAMETRIC_REPRESENTATION_CONTEXT() REPRESENTATION_CONTEXT('2D SPACE',''
  ) );
#9761 = ORIENTED_EDGE('',*,*,#9762,.F.);
#9762 = EDGE_CURVE('',#9673,#9739,#9763,.T.);
#9763 = SURFACE_CURVE('',#9764,(#9776,#9783),.PCURVE_S1.);
#9764 = B_SPLINE_CURVE_WITH_KNOTS('',10,(#9765,#9766,#9767,#9768,#9769,
    #9770,#9771,#9772,#9773,#9774,#9775),.UNSPECIFIED.,.F.,.F.,(11,11),(
    6.,7.),.PIECEWISE_BEZIER_KNOTS.);
#9765 = CARTESIAN_POINT('',(-36.75,0.75,99.));
#9766 = CARTESIAN_POINT('',(-36.98561944901,0.75,99.));
#9767 = CARTESIAN_POINT('',(-37.22124107155,0.667753520049,99.));
#9768 = CARTESIAN_POINT('',(-37.42455043143,0.503258522416,99.));
#9769 = CARTESIAN_POINT('',(-37.56330541722,0.271019590411,99.));
#9770 = CARTESIAN_POINT('',(-37.61268047281,-3.863576125696E-15,99.));
#9771 = CARTESIAN_POINT('',(-37.56330541722,-0.271019590411,99.));
#9772 = CARTESIAN_POINT('',(-37.42455043143,-0.503258522416,99.));
#9773 = CARTESIAN_POINT('',(-37.22124107156,-0.667753520049,99.));
#9774 = CARTESIAN_POINT('',(-36.98561944901,-0.75,99.));
#9775 = CARTESIAN_POINT('',(-36.75,-0.75,99.));
#9776 = PCURVE('',#8826,#9777);
#9777 = DEFINITIONAL_REPRESENTATION('',(#9778),#9782);
#9778 = LINE('',#9779,#9780);
#9779 = CARTESIAN_POINT('',(0.,1.));
#9780 = VECTOR('',#9781,1.);
#9781 = DIRECTION('',(1.,0.));
#9782 = ( GEOMETRIC_REPRESENTATION_CONTEXT(2) 
PARAMETRIC_REPRESENTATION_CONTEXT() REPRESENTATION_CONTEXT('2D SPACE',''
  ) );
#9783 = PCURVE('',#9784,#9789);
#9784 = CYLINDRICAL_SURFACE('',#9785,0.75);
#9785 = AXIS2_PLACEMENT_3D('',#9786,#9787,#9788);
#9786 = CARTESIAN_POINT('',(-36.75,0.,99.));
#9787 = DIRECTION('',(0.,-0.,-1.));
#9788 = DIRECTION('',(0.,-1.,0.));
#9789 = DEFINITIONAL_REPRESENTATION('',(#9790),#9793);
#9790 = B_SPLINE_CURVE_WITH_KNOTS('',1,(#9791,#9792),.UNSPECIFIED.,.F.,
  .F.,(2,2),(6.,7.),.PIECEWISE_BEZIER_KNOTS.);
#9791 = CARTESIAN_POINT('',(3.14159265359,0.));
#9792 = CARTESIAN_POINT('',(0.,0.));
#9793 = ( GEOMETRIC_REPRESENTATION_CONTEXT(2) 
PARAMETRIC_REPRESENTATION_CONTEXT() REPRESENTATION_CONTEXT('2D SPACE',''
  ) );
#9794 = ORIENTED_EDGE('',*,*,#9672,.F.);
#9795 = ADVANCED_FACE('',(#9796),#8742,.T.);
#9796 = FACE_BOUND('',#9797,.T.);
#9797 = EDGE_LOOP('',(#9798,#9799,#9823,#9860));
#9798 = ORIENTED_EDGE('',*,*,#8710,.T.);
#9799 = ORIENTED_EDGE('',*,*,#9800,.T.);
#9800 = EDGE_CURVE('',#8627,#9801,#9803,.T.);
#9801 = VERTEX_POINT('',#9802);
#9802 = CARTESIAN_POINT('',(-15.32142857142,-0.75,99.));
#9803 = SURFACE_CURVE('',#9804,(#9809,#9816),.PCURVE_S1.);
#9804 = ( BOUNDED_CURVE() B_SPLINE_CURVE(3,(#9805,#9806,#9807,#9808),
.UNSPECIFIED.,.F.,.F.) B_SPLINE_CURVE_WITH_KNOTS((4,4),(0.,1.),
.PIECEWISE_BEZIER_KNOTS.) CURVE() GEOMETRIC_REPRESENTATION_ITEM() 
RATIONAL_B_SPLINE_CURVE((1.,1.,1.,1.)) REPRESENTATION_ITEM('') );
#9805 = CARTESIAN_POINT('',(-37.75479294966,-1.848136717816,0.));
#9806 = CARTESIAN_POINT('',(27.663297928827,1.354147451061,3.));
#9807 = CARTESIAN_POINT('',(-80.90863050432,-3.960562332379,90.));
#9808 = CARTESIAN_POINT('',(-15.32142857142,-0.75,99.));
#9809 = PCURVE('',#8742,#9810);
#9810 = DEFINITIONAL_REPRESENTATION('',(#9811),#9815);
#9811 = LINE('',#9812,#9813);
#9812 = CARTESIAN_POINT('',(8.,0.));
#9813 = VECTOR('',#9814,1.);
#9814 = DIRECTION('',(0.,1.));
#9815 = ( GEOMETRIC_REPRESENTATION_CONTEXT(2) 
PARAMETRIC_REPRESENTATION_CONTEXT() REPRESENTATION_CONTEXT('2D SPACE',''
  ) );
#9816 = PCURVE('',#8658,#9817);
#9817 = DEFINITIONAL_REPRESENTATION('',(#9818),#9822);
#9818 = LINE('',#9819,#9820);
#9819 = CARTESIAN_POINT('',(8.,0.));
#9820 = VECTOR('',#9821,1.);
#9821 = DIRECTION('',(0.,1.));
#9822 = ( GEOMETRIC_REPRESENTATION_CONTEXT(2) 
PARAMETRIC_REPRESENTATION_CONTEXT() REPRESENTATION_CONTEXT('2D SPACE',''
  ) );
#9823 = ORIENTED_EDGE('',*,*,#9824,.F.);
#9824 = EDGE_CURVE('',#9739,#9801,#9825,.T.);
#9825 = SURFACE_CURVE('',#9826,(#9838,#9845),.PCURVE_S1.);
#9826 = B_SPLINE_CURVE_WITH_KNOTS('',10,(#9827,#9828,#9829,#9830,#9831,
    #9832,#9833,#9834,#9835,#9836,#9837),.UNSPECIFIED.,.F.,.F.,(11,11),(
    7.,8.),.PIECEWISE_BEZIER_KNOTS.);
#9827 = CARTESIAN_POINT('',(-36.75,-0.75,99.));
#9828 = CARTESIAN_POINT('',(-34.60714285714,-0.75,99.));
#9829 = CARTESIAN_POINT('',(-32.46428571428,-0.75,99.));
#9830 = CARTESIAN_POINT('',(-30.32142857142,-0.75,99.));
#9831 = CARTESIAN_POINT('',(-28.17857142857,-0.75,99.));
#9832 = CARTESIAN_POINT('',(-26.03571428571,-0.75,99.));
#9833 = CARTESIAN_POINT('',(-23.89285714285,-0.75,99.));
#9834 = CARTESIAN_POINT('',(-21.74999999999,-0.75,99.));
#9835 = CARTESIAN_POINT('',(-19.60714285714,-0.75,99.));
#9836 = CARTESIAN_POINT('',(-17.46428571428,-0.75,99.));
#9837 = CARTESIAN_POINT('',(-15.32142857142,-0.75,99.));
#9838 = PCURVE('',#8742,#9839);
#9839 = DEFINITIONAL_REPRESENTATION('',(#9840),#9844);
#9840 = LINE('',#9841,#9842);
#9841 = CARTESIAN_POINT('',(0.,1.));
#9842 = VECTOR('',#9843,1.);
#9843 = DIRECTION('',(1.,0.));
#9844 = ( GEOMETRIC_REPRESENTATION_CONTEXT(2) 
PARAMETRIC_REPRESENTATION_CONTEXT() REPRESENTATION_CONTEXT('2D SPACE',''
  ) );
#9845 = PCURVE('',#9392,#9846);
#9846 = DEFINITIONAL_REPRESENTATION('',(#9847),#9859);
#9847 = B_SPLINE_CURVE_WITH_KNOTS('',10,(#9848,#9849,#9850,#9851,#9852,
    #9853,#9854,#9855,#9856,#9857,#9858),.UNSPECIFIED.,.F.,.F.,(11,11),(
    7.,8.),.PIECEWISE_BEZIER_KNOTS.);
#9848 = CARTESIAN_POINT('',(73.5,0.));
#9849 = CARTESIAN_POINT('',(71.357142857143,0.));
#9850 = CARTESIAN_POINT('',(69.214285714285,0.));
#9851 = CARTESIAN_POINT('',(67.071428571428,0.));
#9852 = CARTESIAN_POINT('',(64.928571428571,0.));
#9853 = CARTESIAN_POINT('',(62.785714285713,0.));
#9854 = CARTESIAN_POINT('',(60.642857142856,0.));
#9855 = CARTESIAN_POINT('',(58.499999999999,0.));
#9856 = CARTESIAN_POINT('',(56.357142857141,0.));
#9857 = CARTESIAN_POINT('',(54.214285714284,0.));
#9858 = CARTESIAN_POINT('',(52.071428571426,0.));
#9859 = ( GEOMETRIC_REPRESENTATION_CONTEXT(2) 
PARAMETRIC_REPRESENTATION_CONTEXT() REPRESENTATION_CONTEXT('2D SPACE',''
  ) );
#9860 = ORIENTED_EDGE('',*,*,#9738,.F.);
#9861 = ADVANCED_FACE('',(#9862),#8658,.T.);
#9862 = FACE_BOUND('',#9863,.T.);
#9863 = EDGE_LOOP('',(#9864,#9865,#9889,#9926));
#9864 = ORIENTED_EDGE('',*,*,#8626,.T.);
#9865 = ORIENTED_EDGE('',*,*,#9866,.T.);
#9866 = EDGE_CURVE('',#8543,#9867,#9869,.T.);
#9867 = VERTEX_POINT('',#9868);
#9868 = CARTESIAN_POINT('',(-1.4375,-0.75,99.));
#9869 = SURFACE_CURVE('',#9870,(#9875,#9882),.PCURVE_S1.);
#9870 = ( BOUNDED_CURVE() B_SPLINE_CURVE(3,(#9871,#9872,#9873,#9874),
.UNSPECIFIED.,.F.,.F.) B_SPLINE_CURVE_WITH_KNOTS((4,4),(0.,1.),
.PIECEWISE_BEZIER_KNOTS.) CURVE() GEOMETRIC_REPRESENTATION_ITEM() 
RATIONAL_B_SPLINE_CURVE((1.,1.,1.,1.)) REPRESENTATION_ITEM('') );
#9871 = CARTESIAN_POINT('',(-33.51290718505,-17.48499505307,0.));
#9872 = CARTESIAN_POINT('',(-2.020494012455,-1.054170789107,3.));
#9873 = CARTESIAN_POINT('',(-2.785552395018,-1.453331684357,90.));
#9874 = CARTESIAN_POINT('',(-1.4375,-0.75,99.));
#9875 = PCURVE('',#8658,#9876);
#9876 = DEFINITIONAL_REPRESENTATION('',(#9877),#9881);
#9877 = LINE('',#9878,#9879);
#9878 = CARTESIAN_POINT('',(9.,0.));
#9879 = VECTOR('',#9880,1.);
#9880 = DIRECTION('',(0.,1.));
#9881 = ( GEOMETRIC_REPRESENTATION_CONTEXT(2) 
PARAMETRIC_REPRESENTATION_CONTEXT() REPRESENTATION_CONTEXT('2D SPACE',''
  ) );
#9882 = PCURVE('',#8574,#9883);
#9883 = DEFINITIONAL_REPRESENTATION('',(#9884),#9888);
#9884 = LINE('',#9885,#9886);
#9885 = CARTESIAN_POINT('',(9.,0.));
#9886 = VECTOR('',#9887,1.);
#9887 = DIRECTION('',(0.,1.));
#9888 = ( GEOMETRIC_REPRESENTATION_CONTEXT(2) 
PARAMETRIC_REPRESENTATION_CONTEXT() REPRESENTATION_CONTEXT('2D SPACE',''
  ) );
#9889 = ORIENTED_EDGE('',*,*,#9890,.F.);
#9890 = EDGE_CURVE('',#9801,#9867,#9891,.T.);
#9891 = SURFACE_CURVE('',#9892,(#9904,#9911),.PCURVE_S1.);
#9892 = B_SPLINE_CURVE_WITH_KNOTS('',10,(#9893,#9894,#9895,#9896,#9897,
    #9898,#9899,#9900,#9901,#9902,#9903),.UNSPECIFIED.,.F.,.F.,(11,11),(
    8.,9.),.PIECEWISE_BEZIER_KNOTS.);
#9893 = CARTESIAN_POINT('',(-15.32142857142,-0.75,99.));
#9894 = CARTESIAN_POINT('',(-13.93303571428,-0.75,99.));
#9895 = CARTESIAN_POINT('',(-12.54464285714,-0.75,99.));
#9896 = CARTESIAN_POINT('',(-11.15624999999,-0.75,99.));
#9897 = CARTESIAN_POINT('',(-9.767857142856,-0.75,99.));
#9898 = CARTESIAN_POINT('',(-8.379464285713,-0.75,99.));
#9899 = CARTESIAN_POINT('',(-6.991071428571,-0.75,99.));
#9900 = CARTESIAN_POINT('',(-5.602678571428,-0.75,99.));
#9901 = CARTESIAN_POINT('',(-4.214285714285,-0.75,99.));
#9902 = CARTESIAN_POINT('',(-2.825892857143,-0.75,99.));
#9903 = CARTESIAN_POINT('',(-1.4375,-0.75,99.));
#9904 = PCURVE('',#8658,#9905);
#9905 = DEFINITIONAL_REPRESENTATION('',(#9906),#9910);
#9906 = LINE('',#9907,#9908);
#9907 = CARTESIAN_POINT('',(0.,1.));
#9908 = VECTOR('',#9909,1.);
#9909 = DIRECTION('',(1.,0.));
#9910 = ( GEOMETRIC_REPRESENTATION_CONTEXT(2) 
PARAMETRIC_REPRESENTATION_CONTEXT() REPRESENTATION_CONTEXT('2D SPACE',''
  ) );
#9911 = PCURVE('',#9392,#9912);
#9912 = DEFINITIONAL_REPRESENTATION('',(#9913),#9925);
#9913 = B_SPLINE_CURVE_WITH_KNOTS('',10,(#9914,#9915,#9916,#9917,#9918,
    #9919,#9920,#9921,#9922,#9923,#9924),.UNSPECIFIED.,.F.,.F.,(11,11),(
    8.,9.),.PIECEWISE_BEZIER_KNOTS.);
#9914 = CARTESIAN_POINT('',(52.071428571426,0.));
#9915 = CARTESIAN_POINT('',(50.683035714284,0.));
#9916 = CARTESIAN_POINT('',(49.294642857141,0.));
#9917 = CARTESIAN_POINT('',(47.906249999999,0.));
#9918 = CARTESIAN_POINT('',(46.517857142856,0.));
#9919 = CARTESIAN_POINT('',(45.129464285713,0.));
#9920 = CARTESIAN_POINT('',(43.741071428571,0.));
#9921 = CARTESIAN_POINT('',(42.352678571428,0.));
#9922 = CARTESIAN_POINT('',(40.964285714285,0.));
#9923 = CARTESIAN_POINT('',(39.575892857143,0.));
#9924 = CARTESIAN_POINT('',(38.1875,0.));
#9925 = ( GEOMETRIC_REPRESENTATION_CONTEXT(2) 
PARAMETRIC_REPRESENTATION_CONTEXT() REPRESENTATION_CONTEXT('2D SPACE',''
  ) );
#9926 = ORIENTED_EDGE('',*,*,#9800,.F.);
#9927 = ADVANCED_FACE('',(#9928),#8574,.T.);
#9928 = FACE_BOUND('',#9929,.T.);
#9929 = EDGE_LOOP('',(#9930,#9931,#9955,#9992));
#9930 = ORIENTED_EDGE('',*,*,#8542,.T.);
#9931 = ORIENTED_EDGE('',*,*,#9932,.T.);
#9932 = EDGE_CURVE('',#8459,#9933,#9935,.T.);
#9933 = VERTEX_POINT('',#9934);
#9934 = CARTESIAN_POINT('',(1.4375,-0.75,99.));
#9935 = SURFACE_CURVE('',#9936,(#9941,#9948),.PCURVE_S1.);
#9936 = ( BOUNDED_CURVE() B_SPLINE_CURVE(3,(#9937,#9938,#9939,#9940),
.UNSPECIFIED.,.F.,.F.) B_SPLINE_CURVE_WITH_KNOTS((4,4),(0.,1.),
.PIECEWISE_BEZIER_KNOTS.) CURVE() GEOMETRIC_REPRESENTATION_ITEM() 
RATIONAL_B_SPLINE_CURVE((1.,1.,1.,1.)) REPRESENTATION_ITEM('') );
#9937 = CARTESIAN_POINT('',(33.512907185054,-17.48499505307,0.));
#9938 = CARTESIAN_POINT('',(2.020494012455,-1.054170789107,3.));
#9939 = CARTESIAN_POINT('',(2.785552395018,-1.453331684357,90.));
#9940 = CARTESIAN_POINT('',(1.4375,-0.75,99.));
#9941 = PCURVE('',#8574,#9942);
#9942 = DEFINITIONAL_REPRESENTATION('',(#9943),#9947);
#9943 = LINE('',#9944,#9945);
#9944 = CARTESIAN_POINT('',(10.,0.));
#9945 = VECTOR('',#9946,1.);
#9946 = DIRECTION('',(0.,1.));
#9947 = ( GEOMETRIC_REPRESENTATION_CONTEXT(2) 
PARAMETRIC_REPRESENTATION_CONTEXT() REPRESENTATION_CONTEXT('2D SPACE',''
  ) );
#9948 = PCURVE('',#8490,#9949);
#9949 = DEFINITIONAL_REPRESENTATION('',(#9950),#9954);
#9950 = LINE('',#9951,#9952);
#9951 = CARTESIAN_POINT('',(10.,0.));
#9952 = VECTOR('',#9953,1.);
#9953 = DIRECTION('',(0.,1.));
#9954 = ( GEOMETRIC_REPRESENTATION_CONTEXT(2) 
PARAMETRIC_REPRESENTATION_CONTEXT() REPRESENTATION_CONTEXT('2D SPACE',''
  ) );
#9955 = ORIENTED_EDGE('',*,*,#9956,.F.);
#9956 = EDGE_CURVE('',#9867,#9933,#9957,.T.);
#9957 = SURFACE_CURVE('',#9958,(#9970,#9977),.PCURVE_S1.);
#9958 = B_SPLINE_CURVE_WITH_KNOTS('',10,(#9959,#9960,#9961,#9962,#9963,
    #9964,#9965,#9966,#9967,#9968,#9969),.UNSPECIFIED.,.F.,.F.,(11,11),(
    9.,10.),.PIECEWISE_BEZIER_KNOTS.);
#9959 = CARTESIAN_POINT('',(-1.4375,-0.75,99.));
#9960 = CARTESIAN_POINT('',(-1.15,-0.75,99.));
#9961 = CARTESIAN_POINT('',(-0.8625,-0.75,99.));
#9962 = CARTESIAN_POINT('',(-0.575,-0.75,99.));
#9963 = CARTESIAN_POINT('',(-0.2875,-0.75,99.));
#9964 = CARTESIAN_POINT('',(-2.13162820728E-14,-0.75,99.));
#9965 = CARTESIAN_POINT('',(0.2875,-0.75,99.));
#9966 = CARTESIAN_POINT('',(0.575,-0.75,99.));
#9967 = CARTESIAN_POINT('',(0.8625,-0.75,99.));
#9968 = CARTESIAN_POINT('',(1.15,-0.75,99.));
#9969 = CARTESIAN_POINT('',(1.4375,-0.75,99.));
#9970 = PCURVE('',#8574,#9971);
#9971 = DEFINITIONAL_REPRESENTATION('',(#9972),#9976);
#9972 = LINE('',#9973,#9974);
#9973 = CARTESIAN_POINT('',(0.,1.));
#9974 = VECTOR('',#9975,1.);
#9975 = DIRECTION('',(1.,0.));
#9976 = ( GEOMETRIC_REPRESENTATION_CONTEXT(2) 
PARAMETRIC_REPRESENTATION_CONTEXT() REPRESENTATION_CONTEXT('2D SPACE',''
  ) );
#9977 = PCURVE('',#9392,#9978);
#9978 = DEFINITIONAL_REPRESENTATION('',(#9979),#9991);
#9979 = B_SPLINE_CURVE_WITH_KNOTS('',10,(#9980,#9981,#9982,#9983,#9984,
    #9985,#9986,#9987,#9988,#9989,#9990),.UNSPECIFIED.,.F.,.F.,(11,11),(
    9.,10.),.PIECEWISE_BEZIER_KNOTS.);
#9980 = CARTESIAN_POINT('',(38.1875,0.));
#9981 = CARTESIAN_POINT('',(37.9,0.));
#9982 = CARTESIAN_POINT('',(37.6125,0.));
#9983 = CARTESIAN_POINT('',(37.325,0.));
#9984 = CARTESIAN_POINT('',(37.0375,0.));
#9985 = CARTESIAN_POINT('',(36.75,0.));
#9986 = CARTESIAN_POINT('',(36.4625,0.));
#9987 = CARTESIAN_POINT('',(36.175,0.));
#9988 = CARTESIAN_POINT('',(35.8875,0.));
#9989 = CARTESIAN_POINT('',(35.6,0.));
#9990 = CARTESIAN_POINT('',(35.3125,0.));
#9991 = ( GEOMETRIC_REPRESENTATION_CONTEXT(2) 
PARAMETRIC_REPRESENTATION_CONTEXT() REPRESENTATION_CONTEXT('2D SPACE',''
  ) );
#9992 = ORIENTED_EDGE('',*,*,#9866,.F.);
#9993 = ADVANCED_FACE('',(#9994),#8490,.T.);
#9994 = FACE_BOUND('',#9995,.T.);
#9995 = EDGE_LOOP('',(#9996,#9997,#9998,#10035));
#9996 = ORIENTED_EDGE('',*,*,#8458,.T.);
#9997 = ORIENTED_EDGE('',*,*,#9448,.T.);
#9998 = ORIENTED_EDGE('',*,*,#9999,.F.);
#9999 = EDGE_CURVE('',#9933,#9410,#10000,.T.);
#10000 = SURFACE_CURVE('',#10001,(#10013,#10020),.PCURVE_S1.);
#10001 = B_SPLINE_CURVE_WITH_KNOTS('',10,(#10002,#10003,#10004,#10005,
    #10006,#10007,#10008,#10009,#10010,#10011,#10012),.UNSPECIFIED.,.F.,
  .F.,(11,11),(10.,11.),.PIECEWISE_BEZIER_KNOTS.);
#10002 = CARTESIAN_POINT('',(1.4375,-0.75,99.));
#10003 = CARTESIAN_POINT('',(2.825892857143,-0.75,99.));
#10004 = CARTESIAN_POINT('',(4.214285714286,-0.75,99.));
#10005 = CARTESIAN_POINT('',(5.602678571428,-0.75,99.));
#10006 = CARTESIAN_POINT('',(6.991071428571,-0.75,99.));
#10007 = CARTESIAN_POINT('',(8.379464285714,-0.75,99.));
#10008 = CARTESIAN_POINT('',(9.767857142857,-0.75,99.));
#10009 = CARTESIAN_POINT('',(11.15625,-0.75,99.));
#10010 = CARTESIAN_POINT('',(12.544642857142,-0.75,99.));
#10011 = CARTESIAN_POINT('',(13.933035714285,-0.75,99.));
#10012 = CARTESIAN_POINT('',(15.321428571428,-0.75,99.));
#10013 = PCURVE('',#8490,#10014);
#10014 = DEFINITIONAL_REPRESENTATION('',(#10015),#10019);
#10015 = LINE('',#10016,#10017);
#10016 = CARTESIAN_POINT('',(0.,1.));
#10017 = VECTOR('',#10018,1.);
#10018 = DIRECTION('',(1.,0.));
#10019 = ( GEOMETRIC_REPRESENTATION_CONTEXT(2) 
PARAMETRIC_REPRESENTATION_CONTEXT() REPRESENTATION_CONTEXT('2D SPACE',''
  ) );
#10020 = PCURVE('',#9392,#10021);
#10021 = DEFINITIONAL_REPRESENTATION('',(#10022),#10034);
#10022 = B_SPLINE_CURVE_WITH_KNOTS('',10,(#10023,#10024,#10025,#10026,
    #10027,#10028,#10029,#10030,#10031,#10032,#10033),.UNSPECIFIED.,.F.,
  .F.,(11,11),(10.,11.),.PIECEWISE_BEZIER_KNOTS.);
#10023 = CARTESIAN_POINT('',(35.3125,0.));
#10024 = CARTESIAN_POINT('',(33.924107142857,0.));
#10025 = CARTESIAN_POINT('',(32.535714285714,0.));
#10026 = CARTESIAN_POINT('',(31.147321428572,0.));
#10027 = CARTESIAN_POINT('',(29.758928571429,0.));
#10028 = CARTESIAN_POINT('',(28.370535714286,0.));
#10029 = CARTESIAN_POINT('',(26.982142857143,0.));
#10030 = CARTESIAN_POINT('',(25.59375,0.));
#10031 = CARTESIAN_POINT('',(24.205357142858,0.));
#10032 = CARTESIAN_POINT('',(22.816964285715,0.));
#10033 = CARTESIAN_POINT('',(21.428571428572,0.));
#10034 = ( GEOMETRIC_REPRESENTATION_CONTEXT(2) 
PARAMETRIC_REPRESENTATION_CONTEXT() REPRESENTATION_CONTEXT('2D SPACE',''
  ) );
#10035 = ORIENTED_EDGE('',*,*,#9932,.F.);
#10036 = ADVANCED_FACE('',(#10037),#9301,.T.);
#10037 = FACE_BOUND('',#10038,.T.);
#10038 = EDGE_LOOP('',(#10039,#10040,#10063,#10089,#10090,#10091,#10092,
    #10093));
#10039 = ORIENTED_EDGE('',*,*,#9696,.T.);
#10040 = ORIENTED_EDGE('',*,*,#10041,.T.);
#10041 = EDGE_CURVE('',#9673,#10042,#10044,.T.);
#10042 = VERTEX_POINT('',#10043);
#10043 = CARTESIAN_POINT('',(-36.75,0.75,107.5));
#10044 = SURFACE_CURVE('',#10045,(#10049,#10056),.PCURVE_S1.);
#10045 = LINE('',#10046,#10047);
#10046 = CARTESIAN_POINT('',(-36.75,0.75,99.));
#10047 = VECTOR('',#10048,1.);
#10048 = DIRECTION('',(0.,0.,1.));
#10049 = PCURVE('',#9301,#10050);
#10050 = DEFINITIONAL_REPRESENTATION('',(#10051),#10055);
#10051 = LINE('',#10052,#10053);
#10052 = CARTESIAN_POINT('',(0.,0.));
#10053 = VECTOR('',#10054,1.);
#10054 = DIRECTION('',(0.,-1.));
#10055 = ( GEOMETRIC_REPRESENTATION_CONTEXT(2) 
PARAMETRIC_REPRESENTATION_CONTEXT() REPRESENTATION_CONTEXT('2D SPACE',''
  ) );
#10056 = PCURVE('',#9784,#10057);
#10057 = DEFINITIONAL_REPRESENTATION('',(#10058),#10062);
#10058 = LINE('',#10059,#10060);
#10059 = CARTESIAN_POINT('',(3.14159265359,0.));
#10060 = VECTOR('',#10061,1.);
#10061 = DIRECTION('',(0.,-1.));
#10062 = ( GEOMETRIC_REPRESENTATION_CONTEXT(2) 
PARAMETRIC_REPRESENTATION_CONTEXT() REPRESENTATION_CONTEXT('2D SPACE',''
  ) );
#10063 = ORIENTED_EDGE('',*,*,#10064,.T.);
#10064 = EDGE_CURVE('',#10042,#9327,#10065,.T.);
#10065 = SURFACE_CURVE('',#10066,(#10070,#10077),.PCURVE_S1.);
#10066 = LINE('',#10067,#10068);
#10067 = CARTESIAN_POINT('',(-36.75,0.75,107.5));
#10068 = VECTOR('',#10069,1.);
#10069 = DIRECTION('',(1.,0.,0.));
#10070 = PCURVE('',#9301,#10071);
#10071 = DEFINITIONAL_REPRESENTATION('',(#10072),#10076);
#10072 = LINE('',#10073,#10074);
#10073 = CARTESIAN_POINT('',(0.,-8.5));
#10074 = VECTOR('',#10075,1.);
#10075 = DIRECTION('',(1.,0.));
#10076 = ( GEOMETRIC_REPRESENTATION_CONTEXT(2) 
PARAMETRIC_REPRESENTATION_CONTEXT() REPRESENTATION_CONTEXT('2D SPACE',''
  ) );
#10077 = PCURVE('',#10078,#10083);
#10078 = PLANE('',#10079);
#10079 = AXIS2_PLACEMENT_3D('',#10080,#10081,#10082);
#10080 = CARTESIAN_POINT('',(-36.75,2.25,109.));
#10081 = DIRECTION('',(0.,-0.707106781187,0.707106781187));
#10082 = DIRECTION('',(1.,0.,0.));
#10083 = DEFINITIONAL_REPRESENTATION('',(#10084),#10088);
#10084 = LINE('',#10085,#10086);
#10085 = CARTESIAN_POINT('',(0.,-2.12132034356));
#10086 = VECTOR('',#10087,1.);
#10087 = DIRECTION('',(1.,0.));
#10088 = ( GEOMETRIC_REPRESENTATION_CONTEXT(2) 
PARAMETRIC_REPRESENTATION_CONTEXT() REPRESENTATION_CONTEXT('2D SPACE',''
  ) );
#10089 = ORIENTED_EDGE('',*,*,#9326,.F.);
#10090 = ORIENTED_EDGE('',*,*,#9279,.T.);
#10091 = ORIENTED_EDGE('',*,*,#9498,.T.);
#10092 = ORIENTED_EDGE('',*,*,#9564,.T.);
#10093 = ORIENTED_EDGE('',*,*,#9630,.T.);
#10094 = ADVANCED_FACE('',(#10095),#9392,.T.);
#10095 = FACE_BOUND('',#10096,.T.);
#10096 = EDGE_LOOP('',(#10097,#10098,#10099,#10127,#10148,#10149,#10150,
    #10151));
#10097 = ORIENTED_EDGE('',*,*,#9409,.T.);
#10098 = ORIENTED_EDGE('',*,*,#9378,.T.);
#10099 = ORIENTED_EDGE('',*,*,#10100,.T.);
#10100 = EDGE_CURVE('',#9350,#10101,#10103,.T.);
#10101 = VERTEX_POINT('',#10102);
#10102 = CARTESIAN_POINT('',(-36.75,-0.75,107.5));
#10103 = SURFACE_CURVE('',#10104,(#10108,#10115),.PCURVE_S1.);
#10104 = LINE('',#10105,#10106);
#10105 = CARTESIAN_POINT('',(36.75,-0.75,107.5));
#10106 = VECTOR('',#10107,1.);
#10107 = DIRECTION('',(-1.,0.,0.));
#10108 = PCURVE('',#9392,#10109);
#10109 = DEFINITIONAL_REPRESENTATION('',(#10110),#10114);
#10110 = LINE('',#10111,#10112);
#10111 = CARTESIAN_POINT('',(0.,-8.5));
#10112 = VECTOR('',#10113,1.);
#10113 = DIRECTION('',(1.,0.));
#10114 = ( GEOMETRIC_REPRESENTATION_CONTEXT(2) 
PARAMETRIC_REPRESENTATION_CONTEXT() REPRESENTATION_CONTEXT('2D SPACE',''
  ) );
#10115 = PCURVE('',#10116,#10121);
#10116 = PLANE('',#10117);
#10117 = AXIS2_PLACEMENT_3D('',#10118,#10119,#10120);
#10118 = CARTESIAN_POINT('',(36.75,-2.25,109.));
#10119 = DIRECTION('',(0.,0.707106781187,0.707106781187));
#10120 = DIRECTION('',(-1.,0.,0.));
#10121 = DEFINITIONAL_REPRESENTATION('',(#10122),#10126);
#10122 = LINE('',#10123,#10124);
#10123 = CARTESIAN_POINT('',(0.,-2.12132034356));
#10124 = VECTOR('',#10125,1.);
#10125 = DIRECTION('',(1.,0.));
#10126 = ( GEOMETRIC_REPRESENTATION_CONTEXT(2) 
PARAMETRIC_REPRESENTATION_CONTEXT() REPRESENTATION_CONTEXT('2D SPACE',''
  ) );
#10127 = ORIENTED_EDGE('',*,*,#10128,.F.);
#10128 = EDGE_CURVE('',#9739,#10101,#10129,.T.);
#10129 = SURFACE_CURVE('',#10130,(#10134,#10141),.PCURVE_S1.);
#10130 = LINE('',#10131,#10132);
#10131 = CARTESIAN_POINT('',(-36.75,-0.75,99.));
#10132 = VECTOR('',#10133,1.);
#10133 = DIRECTION('',(0.,0.,1.));
#10134 = PCURVE('',#9392,#10135);
#10135 = DEFINITIONAL_REPRESENTATION('',(#10136),#10140);
#10136 = LINE('',#10137,#10138);
#10137 = CARTESIAN_POINT('',(73.5,0.));
#10138 = VECTOR('',#10139,1.);
#10139 = DIRECTION('',(0.,-1.));
#10140 = ( GEOMETRIC_REPRESENTATION_CONTEXT(2) 
PARAMETRIC_REPRESENTATION_CONTEXT() REPRESENTATION_CONTEXT('2D SPACE',''
  ) );
#10141 = PCURVE('',#9784,#10142);
#10142 = DEFINITIONAL_REPRESENTATION('',(#10143),#10147);
#10143 = LINE('',#10144,#10145);
#10144 = CARTESIAN_POINT('',(0.,0.));
#10145 = VECTOR('',#10146,1.);
#10146 = DIRECTION('',(0.,-1.));
#10147 = ( GEOMETRIC_REPRESENTATION_CONTEXT(2) 
PARAMETRIC_REPRESENTATION_CONTEXT() REPRESENTATION_CONTEXT('2D SPACE',''
  ) );
#10148 = ORIENTED_EDGE('',*,*,#9824,.T.);
#10149 = ORIENTED_EDGE('',*,*,#9890,.T.);
#10150 = ORIENTED_EDGE('',*,*,#9956,.T.);
#10151 = ORIENTED_EDGE('',*,*,#9999,.T.);
#10152 = ADVANCED_FACE('',(#10153),#9366,.T.);
#10153 = FACE_BOUND('',#10154,.F.);
#10154 = EDGE_LOOP('',(#10155,#10156,#10176,#10205));
#10155 = ORIENTED_EDGE('',*,*,#9349,.T.);
#10156 = ORIENTED_EDGE('',*,*,#10157,.T.);
#10157 = EDGE_CURVE('',#9350,#10158,#10160,.T.);
#10158 = VERTEX_POINT('',#10159);
#10159 = CARTESIAN_POINT('',(36.75,-2.25,109.));
#10160 = SURFACE_CURVE('',#10161,(#10164,#10170),.PCURVE_S1.);
#10161 = B_SPLINE_CURVE_WITH_KNOTS('',1,(#10162,#10163),.UNSPECIFIED.,
  .F.,.F.,(2,2),(0.,1.),.PIECEWISE_BEZIER_KNOTS.);
#10162 = CARTESIAN_POINT('',(36.75,-0.75,107.5));
#10163 = CARTESIAN_POINT('',(36.75,-2.25,109.));
#10164 = PCURVE('',#9366,#10165);
#10165 = DEFINITIONAL_REPRESENTATION('',(#10166),#10169);
#10166 = B_SPLINE_CURVE_WITH_KNOTS('',1,(#10167,#10168),.UNSPECIFIED.,
  .F.,.F.,(2,2),(0.,1.),.PIECEWISE_BEZIER_KNOTS.);
#10167 = CARTESIAN_POINT('',(-3.14159265359,0.));
#10168 = CARTESIAN_POINT('',(-3.14159265359,1.5));
#10169 = ( GEOMETRIC_REPRESENTATION_CONTEXT(2) 
PARAMETRIC_REPRESENTATION_CONTEXT() REPRESENTATION_CONTEXT('2D SPACE',''
  ) );
#10170 = PCURVE('',#10116,#10171);
#10171 = DEFINITIONAL_REPRESENTATION('',(#10172),#10175);
#10172 = B_SPLINE_CURVE_WITH_KNOTS('',1,(#10173,#10174),.UNSPECIFIED.,
  .F.,.F.,(2,2),(0.,1.),.PIECEWISE_BEZIER_KNOTS.);
#10173 = CARTESIAN_POINT('',(0.,-2.12132034356));
#10174 = CARTESIAN_POINT('',(0.,0.));
#10175 = ( GEOMETRIC_REPRESENTATION_CONTEXT(2) 
PARAMETRIC_REPRESENTATION_CONTEXT() REPRESENTATION_CONTEXT('2D SPACE',''
  ) );
#10176 = ORIENTED_EDGE('',*,*,#10177,.F.);
#10177 = EDGE_CURVE('',#10178,#10158,#10180,.T.);
#10178 = VERTEX_POINT('',#10179);
#10179 = CARTESIAN_POINT('',(36.75,2.25,109.));
#10180 = SURFACE_CURVE('',#10181,(#10186,#10193),.PCURVE_S1.);
#10181 = CIRCLE('',#10182,2.25);
#10182 = AXIS2_PLACEMENT_3D('',#10183,#10184,#10185);
#10183 = CARTESIAN_POINT('',(36.75,0.,109.));
#10184 = DIRECTION('',(0.,0.,-1.));
#10185 = DIRECTION('',(0.,1.,0.));
#10186 = PCURVE('',#9366,#10187);
#10187 = DEFINITIONAL_REPRESENTATION('',(#10188),#10192);
#10188 = LINE('',#10189,#10190);
#10189 = CARTESIAN_POINT('',(-0.,1.5));
#10190 = VECTOR('',#10191,1.);
#10191 = DIRECTION('',(-1.,0.));
#10192 = ( GEOMETRIC_REPRESENTATION_CONTEXT(2) 
PARAMETRIC_REPRESENTATION_CONTEXT() REPRESENTATION_CONTEXT('2D SPACE',''
  ) );
#10193 = PCURVE('',#10194,#10199);
#10194 = PLANE('',#10195);
#10195 = AXIS2_PLACEMENT_3D('',#10196,#10197,#10198);
#10196 = CARTESIAN_POINT('',(36.75,0.,109.));
#10197 = DIRECTION('',(0.,0.,-1.));
#10198 = DIRECTION('',(0.,1.,0.));
#10199 = DEFINITIONAL_REPRESENTATION('',(#10200),#10204);
#10200 = CIRCLE('',#10201,2.25);
#10201 = AXIS2_PLACEMENT_2D('',#10202,#10203);
#10202 = CARTESIAN_POINT('',(0.,0.));
#10203 = DIRECTION('',(1.,0.));
#10204 = ( GEOMETRIC_REPRESENTATION_CONTEXT(2) 
PARAMETRIC_REPRESENTATION_CONTEXT() REPRESENTATION_CONTEXT('2D SPACE',''
  ) );
#10205 = ORIENTED_EDGE('',*,*,#10206,.F.);
#10206 = EDGE_CURVE('',#9327,#10178,#10207,.T.);
#10207 = SURFACE_CURVE('',#10208,(#10211,#10217),.PCURVE_S1.);
#10208 = B_SPLINE_CURVE_WITH_KNOTS('',1,(#10209,#10210),.UNSPECIFIED.,
  .F.,.F.,(2,2),(0.,1.),.PIECEWISE_BEZIER_KNOTS.);
#10209 = CARTESIAN_POINT('',(36.75,0.75,107.5));
#10210 = CARTESIAN_POINT('',(36.75,2.25,109.));
#10211 = PCURVE('',#9366,#10212);
#10212 = DEFINITIONAL_REPRESENTATION('',(#10213),#10216);
#10213 = B_SPLINE_CURVE_WITH_KNOTS('',1,(#10214,#10215),.UNSPECIFIED.,
  .F.,.F.,(2,2),(0.,1.),.PIECEWISE_BEZIER_KNOTS.);
#10214 = CARTESIAN_POINT('',(0.,0.));
#10215 = CARTESIAN_POINT('',(0.,1.5));
#10216 = ( GEOMETRIC_REPRESENTATION_CONTEXT(2) 
PARAMETRIC_REPRESENTATION_CONTEXT() REPRESENTATION_CONTEXT('2D SPACE',''
  ) );
#10217 = PCURVE('',#10078,#10218);
#10218 = DEFINITIONAL_REPRESENTATION('',(#10219),#10222);
#10219 = B_SPLINE_CURVE_WITH_KNOTS('',1,(#10220,#10221),.UNSPECIFIED.,
  .F.,.F.,(2,2),(0.,1.),.PIECEWISE_BEZIER_KNOTS.);
#10220 = CARTESIAN_POINT('',(73.5,-2.12132034356));
#10221 = CARTESIAN_POINT('',(73.5,0.));
#10222 = ( GEOMETRIC_REPRESENTATION_CONTEXT(2) 
PARAMETRIC_REPRESENTATION_CONTEXT() REPRESENTATION_CONTEXT('2D SPACE',''
  ) );
#10223 = ADVANCED_FACE('',(#10224),#9784,.T.);
#10224 = FACE_BOUND('',#10225,.T.);
#10225 = EDGE_LOOP('',(#10226,#10227,#10228,#10255));
#10226 = ORIENTED_EDGE('',*,*,#9762,.T.);
#10227 = ORIENTED_EDGE('',*,*,#10128,.T.);
#10228 = ORIENTED_EDGE('',*,*,#10229,.T.);
#10229 = EDGE_CURVE('',#10101,#10042,#10230,.T.);
#10230 = SURFACE_CURVE('',#10231,(#10236,#10243),.PCURVE_S1.);
#10231 = CIRCLE('',#10232,0.75);
#10232 = AXIS2_PLACEMENT_3D('',#10233,#10234,#10235);
#10233 = CARTESIAN_POINT('',(-36.75,0.,107.5));
#10234 = DIRECTION('',(0.,-0.,-1.));
#10235 = DIRECTION('',(0.,-1.,0.));
#10236 = PCURVE('',#9784,#10237);
#10237 = DEFINITIONAL_REPRESENTATION('',(#10238),#10242);
#10238 = LINE('',#10239,#10240);
#10239 = CARTESIAN_POINT('',(0.,-8.5));
#10240 = VECTOR('',#10241,1.);
#10241 = DIRECTION('',(1.,0.));
#10242 = ( GEOMETRIC_REPRESENTATION_CONTEXT(2) 
PARAMETRIC_REPRESENTATION_CONTEXT() REPRESENTATION_CONTEXT('2D SPACE',''
  ) );
#10243 = PCURVE('',#10244,#10249);
#10244 = CONICAL_SURFACE('',#10245,0.75,0.785398163397);
#10245 = AXIS2_PLACEMENT_3D('',#10246,#10247,#10248);
#10246 = CARTESIAN_POINT('',(-36.75,0.,107.5));
#10247 = DIRECTION('',(-0.,0.,1.));
#10248 = DIRECTION('',(0.,-1.,0.));
#10249 = DEFINITIONAL_REPRESENTATION('',(#10250),#10254);
#10250 = LINE('',#10251,#10252);
#10251 = CARTESIAN_POINT('',(-0.,0.));
#10252 = VECTOR('',#10253,1.);
#10253 = DIRECTION('',(-1.,0.));
#10254 = ( GEOMETRIC_REPRESENTATION_CONTEXT(2) 
PARAMETRIC_REPRESENTATION_CONTEXT() REPRESENTATION_CONTEXT('2D SPACE',''
  ) );
#10255 = ORIENTED_EDGE('',*,*,#10041,.F.);
#10256 = ADVANCED_FACE('',(#10257),#10078,.F.);
#10257 = FACE_BOUND('',#10258,.F.);
#10258 = EDGE_LOOP('',(#10259,#10260,#10261,#10284));
#10259 = ORIENTED_EDGE('',*,*,#10064,.T.);
#10260 = ORIENTED_EDGE('',*,*,#10206,.T.);
#10261 = ORIENTED_EDGE('',*,*,#10262,.F.);
#10262 = EDGE_CURVE('',#10263,#10178,#10265,.T.);
#10263 = VERTEX_POINT('',#10264);
#10264 = CARTESIAN_POINT('',(-36.75,2.25,109.));
#10265 = SURFACE_CURVE('',#10266,(#10270,#10277),.PCURVE_S1.);
#10266 = LINE('',#10267,#10268);
#10267 = CARTESIAN_POINT('',(-36.75,2.25,109.));
#10268 = VECTOR('',#10269,1.);
#10269 = DIRECTION('',(1.,0.,0.));
#10270 = PCURVE('',#10078,#10271);
#10271 = DEFINITIONAL_REPRESENTATION('',(#10272),#10276);
#10272 = LINE('',#10273,#10274);
#10273 = CARTESIAN_POINT('',(0.,0.));
#10274 = VECTOR('',#10275,1.);
#10275 = DIRECTION('',(1.,0.));
#10276 = ( GEOMETRIC_REPRESENTATION_CONTEXT(2) 
PARAMETRIC_REPRESENTATION_CONTEXT() REPRESENTATION_CONTEXT('2D SPACE',''
  ) );
#10277 = PCURVE('',#10194,#10278);
#10278 = DEFINITIONAL_REPRESENTATION('',(#10279),#10283);
#10279 = LINE('',#10280,#10281);
#10280 = CARTESIAN_POINT('',(2.25,-73.5));
#10281 = VECTOR('',#10282,1.);
#10282 = DIRECTION('',(0.,1.));
#10283 = ( GEOMETRIC_REPRESENTATION_CONTEXT(2) 
PARAMETRIC_REPRESENTATION_CONTEXT() REPRESENTATION_CONTEXT('2D SPACE',''
  ) );
#10284 = ORIENTED_EDGE('',*,*,#10285,.F.);
#10285 = EDGE_CURVE('',#10042,#10263,#10286,.T.);
#10286 = SURFACE_CURVE('',#10287,(#10290,#10296),.PCURVE_S1.);
#10287 = B_SPLINE_CURVE_WITH_KNOTS('',1,(#10288,#10289),.UNSPECIFIED.,
  .F.,.F.,(2,2),(0.,1.),.PIECEWISE_BEZIER_KNOTS.);
#10288 = CARTESIAN_POINT('',(-36.75,0.75,107.5));
#10289 = CARTESIAN_POINT('',(-36.75,2.25,109.));
#10290 = PCURVE('',#10078,#10291);
#10291 = DEFINITIONAL_REPRESENTATION('',(#10292),#10295);
#10292 = B_SPLINE_CURVE_WITH_KNOTS('',1,(#10293,#10294),.UNSPECIFIED.,
  .F.,.F.,(2,2),(0.,1.),.PIECEWISE_BEZIER_KNOTS.);
#10293 = CARTESIAN_POINT('',(0.,-2.12132034356));
#10294 = CARTESIAN_POINT('',(0.,0.));
#10295 = ( GEOMETRIC_REPRESENTATION_CONTEXT(2) 
PARAMETRIC_REPRESENTATION_CONTEXT() REPRESENTATION_CONTEXT('2D SPACE',''
  ) );
#10296 = PCURVE('',#10244,#10297);
#10297 = DEFINITIONAL_REPRESENTATION('',(#10298),#10301);
#10298 = B_SPLINE_CURVE_WITH_KNOTS('',1,(#10299,#10300),.UNSPECIFIED.,
  .F.,.F.,(2,2),(0.,1.),.PIECEWISE_BEZIER_KNOTS.);
#10299 = CARTESIAN_POINT('',(-3.14159265359,0.));
#10300 = CARTESIAN_POINT('',(-3.14159265359,1.5));
#10301 = ( GEOMETRIC_REPRESENTATION_CONTEXT(2) 
PARAMETRIC_REPRESENTATION_CONTEXT() REPRESENTATION_CONTEXT('2D SPACE',''
  ) );
#10302 = ADVANCED_FACE('',(#10303),#10116,.F.);
#10303 = FACE_BOUND('',#10304,.F.);
#10304 = EDGE_LOOP('',(#10305,#10306,#10326,#10347));
#10305 = ORIENTED_EDGE('',*,*,#10100,.T.);
#10306 = ORIENTED_EDGE('',*,*,#10307,.T.);
#10307 = EDGE_CURVE('',#10101,#10308,#10310,.T.);
#10308 = VERTEX_POINT('',#10309);
#10309 = CARTESIAN_POINT('',(-36.75,-2.25,109.));
#10310 = SURFACE_CURVE('',#10311,(#10314,#10320),.PCURVE_S1.);
#10311 = B_SPLINE_CURVE_WITH_KNOTS('',1,(#10312,#10313),.UNSPECIFIED.,
  .F.,.F.,(2,2),(0.,1.),.PIECEWISE_BEZIER_KNOTS.);
#10312 = CARTESIAN_POINT('',(-36.75,-0.75,107.5));
#10313 = CARTESIAN_POINT('',(-36.75,-2.25,109.));
#10314 = PCURVE('',#10116,#10315);
#10315 = DEFINITIONAL_REPRESENTATION('',(#10316),#10319);
#10316 = B_SPLINE_CURVE_WITH_KNOTS('',1,(#10317,#10318),.UNSPECIFIED.,
  .F.,.F.,(2,2),(0.,1.),.PIECEWISE_BEZIER_KNOTS.);
#10317 = CARTESIAN_POINT('',(73.5,-2.12132034356));
#10318 = CARTESIAN_POINT('',(73.5,0.));
#10319 = ( GEOMETRIC_REPRESENTATION_CONTEXT(2) 
PARAMETRIC_REPRESENTATION_CONTEXT() REPRESENTATION_CONTEXT('2D SPACE',''
  ) );
#10320 = PCURVE('',#10244,#10321);
#10321 = DEFINITIONAL_REPRESENTATION('',(#10322),#10325);
#10322 = B_SPLINE_CURVE_WITH_KNOTS('',1,(#10323,#10324),.UNSPECIFIED.,
  .F.,.F.,(2,2),(0.,1.),.PIECEWISE_BEZIER_KNOTS.);
#10323 = CARTESIAN_POINT('',(0.,0.));
#10324 = CARTESIAN_POINT('',(0.,1.5));
#10325 = ( GEOMETRIC_REPRESENTATION_CONTEXT(2) 
PARAMETRIC_REPRESENTATION_CONTEXT() REPRESENTATION_CONTEXT('2D SPACE',''
  ) );
#10326 = ORIENTED_EDGE('',*,*,#10327,.F.);
#10327 = EDGE_CURVE('',#10158,#10308,#10328,.T.);
#10328 = SURFACE_CURVE('',#10329,(#10333,#10340),.PCURVE_S1.);
#10329 = LINE('',#10330,#10331);
#10330 = CARTESIAN_POINT('',(36.75,-2.25,109.));
#10331 = VECTOR('',#10332,1.);
#10332 = DIRECTION('',(-1.,0.,0.));
#10333 = PCURVE('',#10116,#10334);
#10334 = DEFINITIONAL_REPRESENTATION('',(#10335),#10339);
#10335 = LINE('',#10336,#10337);
#10336 = CARTESIAN_POINT('',(0.,0.));
#10337 = VECTOR('',#10338,1.);
#10338 = DIRECTION('',(1.,0.));
#10339 = ( GEOMETRIC_REPRESENTATION_CONTEXT(2) 
PARAMETRIC_REPRESENTATION_CONTEXT() REPRESENTATION_CONTEXT('2D SPACE',''
  ) );
#10340 = PCURVE('',#10194,#10341);
#10341 = DEFINITIONAL_REPRESENTATION('',(#10342),#10346);
#10342 = LINE('',#10343,#10344);
#10343 = CARTESIAN_POINT('',(-2.25,0.));
#10344 = VECTOR('',#10345,1.);
#10345 = DIRECTION('',(0.,-1.));
#10346 = ( GEOMETRIC_REPRESENTATION_CONTEXT(2) 
PARAMETRIC_REPRESENTATION_CONTEXT() REPRESENTATION_CONTEXT('2D SPACE',''
  ) );
#10347 = ORIENTED_EDGE('',*,*,#10157,.F.);
#10348 = ADVANCED_FACE('',(#10349),#10194,.F.);
#10349 = FACE_BOUND('',#10350,.F.);
#10350 = EDGE_LOOP('',(#10351,#10352,#10353,#10354));
#10351 = ORIENTED_EDGE('',*,*,#10262,.T.);
#10352 = ORIENTED_EDGE('',*,*,#10177,.T.);
#10353 = ORIENTED_EDGE('',*,*,#10327,.T.);
#10354 = ORIENTED_EDGE('',*,*,#10355,.T.);
#10355 = EDGE_CURVE('',#10308,#10263,#10356,.T.);
#10356 = SURFACE_CURVE('',#10357,(#10362,#10369),.PCURVE_S1.);
#10357 = CIRCLE('',#10358,2.25);
#10358 = AXIS2_PLACEMENT_3D('',#10359,#10360,#10361);
#10359 = CARTESIAN_POINT('',(-36.75,0.,109.));
#10360 = DIRECTION('',(0.,-0.,-1.));
#10361 = DIRECTION('',(0.,-1.,0.));
#10362 = PCURVE('',#10194,#10363);
#10363 = DEFINITIONAL_REPRESENTATION('',(#10364),#10368);
#10364 = CIRCLE('',#10365,2.25);
#10365 = AXIS2_PLACEMENT_2D('',#10366,#10367);
#10366 = CARTESIAN_POINT('',(0.,-73.5));
#10367 = DIRECTION('',(-1.,0.));
#10368 = ( GEOMETRIC_REPRESENTATION_CONTEXT(2) 
PARAMETRIC_REPRESENTATION_CONTEXT() REPRESENTATION_CONTEXT('2D SPACE',''
  ) );
#10369 = PCURVE('',#10244,#10370);
#10370 = DEFINITIONAL_REPRESENTATION('',(#10371),#10375);
#10371 = LINE('',#10372,#10373);
#10372 = CARTESIAN_POINT('',(-0.,1.5));
#10373 = VECTOR('',#10374,1.);
#10374 = DIRECTION('',(-1.,0.));
#10375 = ( GEOMETRIC_REPRESENTATION_CONTEXT(2) 
PARAMETRIC_REPRESENTATION_CONTEXT() REPRESENTATION_CONTEXT('2D SPACE',''
  ) );
#10376 = ADVANCED_FACE('',(#10377),#10244,.T.);
#10377 = FACE_BOUND('',#10378,.F.);
#10378 = EDGE_LOOP('',(#10379,#10380,#10381,#10382));
#10379 = ORIENTED_EDGE('',*,*,#10229,.T.);
#10380 = ORIENTED_EDGE('',*,*,#10285,.T.);
#10381 = ORIENTED_EDGE('',*,*,#10355,.F.);
#10382 = ORIENTED_EDGE('',*,*,#10307,.F.);
#10383 = ( GEOMETRIC_REPRESENTATION_CONTEXT(3) 
GLOBAL_UNCERTAINTY_ASSIGNED_CONTEXT((#10387)) 
GLOBAL_UNIT_ASSIGNED_CONTEXT((#10384,#10385,#10386)) 
REPRESENTATION_CONTEXT('Context #1',
  '3D Context with UNIT and UNCERTAINTY') );
#10384 = ( LENGTH_UNIT() NAMED_UNIT(*) SI_UNIT(.MILLI.,.METRE.) );
#10385 = ( NAMED_UNIT(*) PLANE_ANGLE_UNIT() SI_UNIT($,.RADIAN.) );
#10386 = ( NAMED_UNIT(*) SI_UNIT($,.STERADIAN.) SOLID_ANGLE_UNIT() );
#10387 = UNCERTAINTY_MEASURE_WITH_UNIT(LENGTH_MEASURE(1.E-07),#10384,
  'distance_accuracy_value','confusion accuracy');
#10388 = CONTEXT_DEPENDENT_SHAPE_REPRESENTATION(#10389,#10391);
#10389 = ( REPRESENTATION_RELATIONSHIP('','',#8146,#10) 
REPRESENTATION_RELATIONSHIP_WITH_TRANSFORMATION(#10390) 
SHAPE_REPRESENTATION_RELATIONSHIP() );
#10390 = ITEM_DEFINED_TRANSFORMATION('','',#11,#23);
#10391 = PRODUCT_DEFINITION_SHAPE('Placement','Placement of an item',
  #10392);
#10392 = NEXT_ASSEMBLY_USAGE_OCCURRENCE('7',
  'Camada_03_Canal_Fluxo_Polimero','',#5,#8141,$);
#10393 = PRODUCT_RELATED_PRODUCT_CATEGORY('part',$,(#8143));
#10394 = MECHANICAL_DESIGN_GEOMETRIC_PRESENTATION_REPRESENTATION('',(
    #10395),#10383);
#10395 = STYLED_ITEM('color',(#10396),#8147);
#10396 = PRESENTATION_STYLE_ASSIGNMENT((#10397));
#10397 = SURFACE_STYLE_USAGE(.BOTH.,#10398);
#10398 = SURFACE_SIDE_STYLE('',(#10399,#10403));
#10399 = SURFACE_STYLE_FILL_AREA(#10400);
#10400 = FILL_AREA_STYLE('',(#10401));
#10401 = FILL_AREA_STYLE_COLOUR('',#10402);
#10402 = COLOUR_RGB('',0.,0.55000000909,0.899999998185);
#10403 = SURFACE_STYLE_RENDERING_WITH_PROPERTIES(.NORMAL_SHADING.,#10402
  ,(#10404));
#10404 = SURFACE_STYLE_TRANSPARENT(0.399999976158);
#10405 = MECHANICAL_DESIGN_GEOMETRIC_PRESENTATION_REPRESENTATION('',(
    #10406),#3974);
#10406 = STYLED_ITEM('color',(#10407),#41);
#10407 = PRESENTATION_STYLE_ASSIGNMENT((#10408));
#10408 = SURFACE_STYLE_USAGE(.BOTH.,#10409);
#10409 = SURFACE_SIDE_STYLE('',(#10410));
#10410 = SURFACE_STYLE_FILL_AREA(#10411);
#10411 = FILL_AREA_STYLE('',(#10412));
#10412 = FILL_AREA_STYLE_COLOUR('',#10413);
#10413 = COLOUR_RGB('',0.679999990811,0.750000000934,0.850000012718);
#10414 = MECHANICAL_DESIGN_GEOMETRIC_PRESENTATION_REPRESENTATION('',(
    #10415),#8128);
#10415 = STYLED_ITEM('color',(#10416),#3993);
#10416 = PRESENTATION_STYLE_ASSIGNMENT((#10417));
#10417 = SURFACE_STYLE_USAGE(.BOTH.,#10418);
#10418 = SURFACE_SIDE_STYLE('',(#10419));
#10419 = SURFACE_STYLE_FILL_AREA(#10420);
#10420 = FILL_AREA_STYLE('',(#10421));
#10421 = FILL_AREA_STYLE_COLOUR('',#10422);
#10422 = COLOUR_RGB('',0.55000000909,0.620000000292,0.720000003324);
ENDSEC;
END-ISO-10303-21;
