ISO-10303-21;
HEADER;
FILE_DESCRIPTION(('Open CASCADE Model'),'2;1');
FILE_NAME('Open CASCADE Shape Model','2026-09-12T22:52:33',('Author'),(
    'Open CASCADE'),'Open CASCADE STEP processor 7.9','Open CASCADE 7.9'
  ,'Unknown');
FILE_SCHEMA(('AUTOMOTIVE_DESIGN { 1 0 10303 214 1 1 1 1 }'));
ENDSEC;
DATA;
#1 = APPLICATION_PROTOCOL_DEFINITION('international standard',
  'automotive_design',2000,#2);
#2 = APPLICATION_CONTEXT(
  'core data for automotive mechanical design processes');
#3 = SHAPE_DEFINITION_REPRESENTATION(#4,#10);
#4 = PRODUCT_DEFINITION_SHAPE('','',#5);
#5 = PRODUCT_DEFINITION('design','',#6,#9);
#6 = PRODUCT_DEFINITION_FORMATION('','',#7);
#7 = PRODUCT('Open CASCADE STEP translator 7.9 4',
  'Open CASCADE STEP translator 7.9 4','',(#8));
#8 = PRODUCT_CONTEXT('',#2,'mechanical');
#9 = PRODUCT_DEFINITION_CONTEXT('part definition',#2,'design');
#10 = SHAPE_REPRESENTATION('',(#11,#15,#19,#23,#27,#31),#35);
#11 = AXIS2_PLACEMENT_3D('',#12,#13,#14);
#12 = CARTESIAN_POINT('',(0.,0.,0.));
#13 = DIRECTION('',(0.,0.,1.));
#14 = DIRECTION('',(1.,0.,-0.));
#15 = AXIS2_PLACEMENT_3D('',#16,#17,#18);
#16 = CARTESIAN_POINT('',(0.,0.,0.));
#17 = DIRECTION('',(0.,0.,1.));
#18 = DIRECTION('',(1.,0.,-0.));
#19 = AXIS2_PLACEMENT_3D('',#20,#21,#22);
#20 = CARTESIAN_POINT('',(0.,0.,0.));
#21 = DIRECTION('',(0.,0.,1.));
#22 = DIRECTION('',(1.,0.,-0.));
#23 = AXIS2_PLACEMENT_3D('',#24,#25,#26);
#24 = CARTESIAN_POINT('',(0.,0.,0.));
#25 = DIRECTION('',(0.,0.,1.));
#26 = DIRECTION('',(1.,0.,-0.));
#27 = AXIS2_PLACEMENT_3D('',#28,#29,#30);
#28 = CARTESIAN_POINT('',(0.,0.,0.));
#29 = DIRECTION('',(0.,0.,1.));
#30 = DIRECTION('',(1.,0.,0.));
#31 = AXIS2_PLACEMENT_3D('',#32,#33,#34);
#32 = CARTESIAN_POINT('',(0.,0.,0.));
#33 = DIRECTION('',(0.,0.,1.));
#34 = DIRECTION('',(1.,0.,0.));
#35 = ( GEOMETRIC_REPRESENTATION_CONTEXT(3) 
GLOBAL_UNCERTAINTY_ASSIGNED_CONTEXT((#39)) GLOBAL_UNIT_ASSIGNED_CONTEXT(
(#36,#37,#38)) REPRESENTATION_CONTEXT('Context #1',
  '3D Context with UNIT and UNCERTAINTY') );
#36 = ( LENGTH_UNIT() NAMED_UNIT(*) SI_UNIT(.MILLI.,.METRE.) );
#37 = ( NAMED_UNIT(*) PLANE_ANGLE_UNIT() SI_UNIT($,.RADIAN.) );
#38 = ( NAMED_UNIT(*) SI_UNIT($,.STERADIAN.) SOLID_ANGLE_UNIT() );
#39 = UNCERTAINTY_MEASURE_WITH_UNIT(LENGTH_MEASURE(1.E-05),#36,
  'distance_accuracy_value','confusion accuracy');
#40 = PRODUCT_RELATED_PRODUCT_CATEGORY('part',$,(#7));
#41 = SHAPE_DEFINITION_REPRESENTATION(#42,#48);
#42 = PRODUCT_DEFINITION_SHAPE('','',#43);
#43 = PRODUCT_DEFINITION('design','',#44,#47);
#44 = PRODUCT_DEFINITION_FORMATION('','',#45);
#45 = PRODUCT('Open CASCADE STEP translator 7.9 4.1',
  'Open CASCADE STEP translator 7.9 4.1','',(#46));
#46 = PRODUCT_CONTEXT('',#2,'mechanical');
#47 = PRODUCT_DEFINITION_CONTEXT('part definition',#2,'design');
#48 = ADVANCED_BREP_SHAPE_REPRESENTATION('',(#11,#49),#1887);
#49 = MANIFOLD_SOLID_BREP('',#50);
#50 = CLOSED_SHELL('',(#51,#173,#357,#740,#790,#1230,#1278,#1331,#1359,
    #1387,#1415,#1465,#1493,#1549,#1605,#1654,#1659,#1687,#1692,#1742,
    #1766,#1815,#1820,#1848,#1853,#1880));
#51 = ADVANCED_FACE('',(#52),#67,.T.);
#52 = FACE_BOUND('',#53,.T.);
#53 = EDGE_LOOP('',(#54,#90,#118,#147));
#54 = ORIENTED_EDGE('',*,*,#55,.T.);
#55 = EDGE_CURVE('',#56,#58,#60,.T.);
#56 = VERTEX_POINT('',#57);
#57 = CARTESIAN_POINT('',(-46.5,-12.,0.));
#58 = VERTEX_POINT('',#59);
#59 = CARTESIAN_POINT('',(46.5,-12.,0.));
#60 = SURFACE_CURVE('',#61,(#66,#78),.PCURVE_S1.);
#61 = CIRCLE('',#62,46.5);
#62 = AXIS2_PLACEMENT_3D('',#63,#64,#65);
#63 = CARTESIAN_POINT('',(0.,-12.,0.));
#64 = DIRECTION('',(0.,0.,1.));
#65 = DIRECTION('',(1.,0.,-0.));
#66 = PCURVE('',#67,#72);
#67 = CYLINDRICAL_SURFACE('',#68,46.5);
#68 = AXIS2_PLACEMENT_3D('',#69,#70,#71);
#69 = CARTESIAN_POINT('',(0.,-12.,0.));
#70 = DIRECTION('',(-0.,-0.,-1.));
#71 = DIRECTION('',(1.,0.,0.));
#72 = DEFINITIONAL_REPRESENTATION('',(#73),#77);
#73 = LINE('',#74,#75);
#74 = CARTESIAN_POINT('',(6.28318530718,0.));
#75 = VECTOR('',#76,1.);
#76 = DIRECTION('',(-1.,0.));
#77 = ( GEOMETRIC_REPRESENTATION_CONTEXT(2) 
PARAMETRIC_REPRESENTATION_CONTEXT() REPRESENTATION_CONTEXT('2D SPACE',''
  ) );
#78 = PCURVE('',#79,#84);
#79 = PLANE('',#80);
#80 = AXIS2_PLACEMENT_3D('',#81,#82,#83);
#81 = CARTESIAN_POINT('',(-1.882068139409E-15,-12.,0.));
#82 = DIRECTION('',(0.,0.,1.));
#83 = DIRECTION('',(1.,0.,-0.));
#84 = DEFINITIONAL_REPRESENTATION('',(#85),#89);
#85 = CIRCLE('',#86,46.5);
#86 = AXIS2_PLACEMENT_2D('',#87,#88);
#87 = CARTESIAN_POINT('',(1.882068139409E-15,0.));
#88 = DIRECTION('',(1.,0.));
#89 = ( GEOMETRIC_REPRESENTATION_CONTEXT(2) 
PARAMETRIC_REPRESENTATION_CONTEXT() REPRESENTATION_CONTEXT('2D SPACE',''
  ) );
#90 = ORIENTED_EDGE('',*,*,#91,.T.);
#91 = EDGE_CURVE('',#58,#92,#94,.T.);
#92 = VERTEX_POINT('',#93);
#93 = CARTESIAN_POINT('',(46.5,-12.,69.9));
#94 = SURFACE_CURVE('',#95,(#99,#106),.PCURVE_S1.);
#95 = LINE('',#96,#97);
#96 = CARTESIAN_POINT('',(46.5,-12.,0.));
#97 = VECTOR('',#98,1.);
#98 = DIRECTION('',(0.,0.,1.));
#99 = PCURVE('',#67,#100);
#100 = DEFINITIONAL_REPRESENTATION('',(#101),#105);
#101 = LINE('',#102,#103);
#102 = CARTESIAN_POINT('',(-4.138911435803E-13,0.));
#103 = VECTOR('',#104,1.);
#104 = DIRECTION('',(-0.,-1.));
#105 = ( GEOMETRIC_REPRESENTATION_CONTEXT(2) 
PARAMETRIC_REPRESENTATION_CONTEXT() REPRESENTATION_CONTEXT('2D SPACE',''
  ) );
#106 = PCURVE('',#107,#112);
#107 = PLANE('',#108);
#108 = AXIS2_PLACEMENT_3D('',#109,#110,#111);
#109 = CARTESIAN_POINT('',(-300.,-12.,-300.));
#110 = DIRECTION('',(0.,1.,0.));
#111 = DIRECTION('',(0.,0.,1.));
#112 = DEFINITIONAL_REPRESENTATION('',(#113),#117);
#113 = LINE('',#114,#115);
#114 = CARTESIAN_POINT('',(300.,346.5));
#115 = VECTOR('',#116,1.);
#116 = DIRECTION('',(1.,0.));
#117 = ( GEOMETRIC_REPRESENTATION_CONTEXT(2) 
PARAMETRIC_REPRESENTATION_CONTEXT() REPRESENTATION_CONTEXT('2D SPACE',''
  ) );
#118 = ORIENTED_EDGE('',*,*,#119,.F.);
#119 = EDGE_CURVE('',#120,#92,#122,.T.);
#120 = VERTEX_POINT('',#121);
#121 = CARTESIAN_POINT('',(-46.5,-12.,69.9));
#122 = SURFACE_CURVE('',#123,(#128,#135),.PCURVE_S1.);
#123 = CIRCLE('',#124,46.5);
#124 = AXIS2_PLACEMENT_3D('',#125,#126,#127);
#125 = CARTESIAN_POINT('',(0.,-12.,69.9));
#126 = DIRECTION('',(0.,0.,1.));
#127 = DIRECTION('',(1.,0.,-0.));
#128 = PCURVE('',#67,#129);
#129 = DEFINITIONAL_REPRESENTATION('',(#130),#134);
#130 = LINE('',#131,#132);
#131 = CARTESIAN_POINT('',(6.28318530718,-69.9));
#132 = VECTOR('',#133,1.);
#133 = DIRECTION('',(-1.,0.));
#134 = ( GEOMETRIC_REPRESENTATION_CONTEXT(2) 
PARAMETRIC_REPRESENTATION_CONTEXT() REPRESENTATION_CONTEXT('2D SPACE',''
  ) );
#135 = PCURVE('',#136,#141);
#136 = PLANE('',#137);
#137 = AXIS2_PLACEMENT_3D('',#138,#139,#140);
#138 = CARTESIAN_POINT('',(-1.882068139409E-15,-12.,69.9));
#139 = DIRECTION('',(0.,0.,1.));
#140 = DIRECTION('',(1.,0.,-0.));
#141 = DEFINITIONAL_REPRESENTATION('',(#142),#146);
#142 = CIRCLE('',#143,46.5);
#143 = AXIS2_PLACEMENT_2D('',#144,#145);
#144 = CARTESIAN_POINT('',(1.882068139409E-15,0.));
#145 = DIRECTION('',(1.,0.));
#146 = ( GEOMETRIC_REPRESENTATION_CONTEXT(2) 
PARAMETRIC_REPRESENTATION_CONTEXT() REPRESENTATION_CONTEXT('2D SPACE',''
  ) );
#147 = ORIENTED_EDGE('',*,*,#148,.T.);
#148 = EDGE_CURVE('',#120,#56,#149,.T.);
#149 = SURFACE_CURVE('',#150,(#154,#161),.PCURVE_S1.);
#150 = LINE('',#151,#152);
#151 = CARTESIAN_POINT('',(-46.5,-12.,0.));
#152 = VECTOR('',#153,1.);
#153 = DIRECTION('',(-0.,-0.,-1.));
#154 = PCURVE('',#67,#155);
#155 = DEFINITIONAL_REPRESENTATION('',(#156),#160);
#156 = LINE('',#157,#158);
#157 = CARTESIAN_POINT('',(3.14159265359,0.));
#158 = VECTOR('',#159,1.);
#159 = DIRECTION('',(0.,1.));
#160 = ( GEOMETRIC_REPRESENTATION_CONTEXT(2) 
PARAMETRIC_REPRESENTATION_CONTEXT() REPRESENTATION_CONTEXT('2D SPACE',''
  ) );
#161 = PCURVE('',#162,#167);
#162 = PLANE('',#163);
#163 = AXIS2_PLACEMENT_3D('',#164,#165,#166);
#164 = CARTESIAN_POINT('',(-300.,-12.,-300.));
#165 = DIRECTION('',(0.,1.,0.));
#166 = DIRECTION('',(0.,0.,1.));
#167 = DEFINITIONAL_REPRESENTATION('',(#168),#172);
#168 = LINE('',#169,#170);
#169 = CARTESIAN_POINT('',(300.,253.5));
#170 = VECTOR('',#171,1.);
#171 = DIRECTION('',(-1.,0.));
#172 = ( GEOMETRIC_REPRESENTATION_CONTEXT(2) 
PARAMETRIC_REPRESENTATION_CONTEXT() REPRESENTATION_CONTEXT('2D SPACE',''
  ) );
#173 = ADVANCED_FACE('',(#174),#79,.F.);
#174 = FACE_BOUND('',#175,.F.);
#175 = EDGE_LOOP('',(#176,#177,#200,#244,#292,#336));
#176 = ORIENTED_EDGE('',*,*,#55,.T.);
#177 = ORIENTED_EDGE('',*,*,#178,.T.);
#178 = EDGE_CURVE('',#58,#179,#181,.T.);
#179 = VERTEX_POINT('',#180);
#180 = CARTESIAN_POINT('',(37.8,-12.,0.));
#181 = SURFACE_CURVE('',#182,(#186,#193),.PCURVE_S1.);
#182 = LINE('',#183,#184);
#183 = CARTESIAN_POINT('',(-150.,-12.,0.));
#184 = VECTOR('',#185,1.);
#185 = DIRECTION('',(-1.,0.,0.));
#186 = PCURVE('',#79,#187);
#187 = DEFINITIONAL_REPRESENTATION('',(#188),#192);
#188 = LINE('',#189,#190);
#189 = CARTESIAN_POINT('',(-150.,0.));
#190 = VECTOR('',#191,1.);
#191 = DIRECTION('',(-1.,0.));
#192 = ( GEOMETRIC_REPRESENTATION_CONTEXT(2) 
PARAMETRIC_REPRESENTATION_CONTEXT() REPRESENTATION_CONTEXT('2D SPACE',''
  ) );
#193 = PCURVE('',#107,#194);
#194 = DEFINITIONAL_REPRESENTATION('',(#195),#199);
#195 = LINE('',#196,#197);
#196 = CARTESIAN_POINT('',(300.,150.));
#197 = VECTOR('',#198,1.);
#198 = DIRECTION('',(0.,-1.));
#199 = ( GEOMETRIC_REPRESENTATION_CONTEXT(2) 
PARAMETRIC_REPRESENTATION_CONTEXT() REPRESENTATION_CONTEXT('2D SPACE',''
  ) );
#200 = ORIENTED_EDGE('',*,*,#201,.F.);
#201 = EDGE_CURVE('',#202,#179,#204,.T.);
#202 = VERTEX_POINT('',#203);
#203 = CARTESIAN_POINT('',(37.792130737918,-12.77126797424,0.));
#204 = SURFACE_CURVE('',#205,(#210,#217),.PCURVE_S1.);
#205 = CIRCLE('',#206,37.8);
#206 = AXIS2_PLACEMENT_3D('',#207,#208,#209);
#207 = CARTESIAN_POINT('',(0.,-12.,0.));
#208 = DIRECTION('',(0.,0.,1.));
#209 = DIRECTION('',(1.,0.,-0.));
#210 = PCURVE('',#79,#211);
#211 = DEFINITIONAL_REPRESENTATION('',(#212),#216);
#212 = CIRCLE('',#213,37.8);
#213 = AXIS2_PLACEMENT_2D('',#214,#215);
#214 = CARTESIAN_POINT('',(1.882068139409E-15,0.));
#215 = DIRECTION('',(1.,0.));
#216 = ( GEOMETRIC_REPRESENTATION_CONTEXT(2) 
PARAMETRIC_REPRESENTATION_CONTEXT() REPRESENTATION_CONTEXT('2D SPACE',''
  ) );
#217 = PCURVE('',#218,#239);
#218 = B_SPLINE_SURFACE_WITH_KNOTS('',9,1,(
    (#219,#220)
    ,(#221,#222)
    ,(#223,#224)
    ,(#225,#226)
    ,(#227,#228)
    ,(#229,#230)
    ,(#231,#232)
    ,(#233,#234)
    ,(#235,#236)
    ,(#237,#238
    )),.UNSPECIFIED.,.F.,.F.,.F.,(10,10),(2,2),(3.14159265359,
    6.28318530718),(0.,1.),.PIECEWISE_BEZIER_KNOTS.);
#219 = CARTESIAN_POINT('',(37.792130737918,-12.77126797424,0.));
#220 = CARTESIAN_POINT('',(36.75,-12.75,99.));
#221 = CARTESIAN_POINT('',(37.793879402147,-12.68558342701,0.));
#222 = CARTESIAN_POINT('',(37.011799387799,-12.75,99.));
#223 = CARTESIAN_POINT('',(37.795409506102,-12.59989441943,0.));
#224 = CARTESIAN_POINT('',(37.273601492499,-12.64719190006,
    98.999999999999));
#225 = CARTESIAN_POINT('',(37.796721043281,-12.51420158868,0.));
#226 = CARTESIAN_POINT('',(37.48924283384,-12.44157278914,
    99.000000000004));
#227 = CARTESIAN_POINT('',(37.797814007183,-12.42850557195,0.));
#228 = CARTESIAN_POINT('',(37.612680472816,-12.15731745792,
    98.999999999993));
#229 = CARTESIAN_POINT('',(37.798688391308,-12.34280700642,0.));
#230 = CARTESIAN_POINT('',(37.612680472822,-11.84268254207,
    99.000000000007));
#231 = CARTESIAN_POINT('',(37.799344189153,-12.25710652928,0.));
#232 = CARTESIAN_POINT('',(37.489242833835,-11.55842721086,
    98.999999999994));
#233 = CARTESIAN_POINT('',(37.799781394217,-12.1714047777,0.));
#234 = CARTESIAN_POINT('',(37.2736014925,-11.35280809993,99.000000000003
    ));
#235 = CARTESIAN_POINT('',(37.8,-12.08570238888,0.));
#236 = CARTESIAN_POINT('',(37.011799387799,-11.25,98.999999999999));
#237 = CARTESIAN_POINT('',(37.8,-12.,0.));
#238 = CARTESIAN_POINT('',(36.75,-11.25,99.));
#239 = DEFINITIONAL_REPRESENTATION('',(#240),#243);
#240 = B_SPLINE_CURVE_WITH_KNOTS('',1,(#241,#242),.UNSPECIFIED.,.F.,.F.,
  (2,2),(6.262779976493,6.28318530718),.PIECEWISE_BEZIER_KNOTS.);
#241 = CARTESIAN_POINT('',(3.14159265359,0.));
#242 = CARTESIAN_POINT('',(6.28318530718,0.));
#243 = ( GEOMETRIC_REPRESENTATION_CONTEXT(2) 
PARAMETRIC_REPRESENTATION_CONTEXT() REPRESENTATION_CONTEXT('2D SPACE',''
  ) );
#244 = ORIENTED_EDGE('',*,*,#245,.F.);
#245 = EDGE_CURVE('',#246,#202,#248,.T.);
#246 = VERTEX_POINT('',#247);
#247 = CARTESIAN_POINT('',(-37.79213073791,-12.77126797424,0.));
#248 = SURFACE_CURVE('',#249,(#254,#261),.PCURVE_S1.);
#249 = CIRCLE('',#250,37.8);
#250 = AXIS2_PLACEMENT_3D('',#251,#252,#253);
#251 = CARTESIAN_POINT('',(0.,-12.,0.));
#252 = DIRECTION('',(0.,0.,1.));
#253 = DIRECTION('',(1.,0.,-0.));
#254 = PCURVE('',#79,#255);
#255 = DEFINITIONAL_REPRESENTATION('',(#256),#260);
#256 = CIRCLE('',#257,37.8);
#257 = AXIS2_PLACEMENT_2D('',#258,#259);
#258 = CARTESIAN_POINT('',(1.882068139409E-15,0.));
#259 = DIRECTION('',(1.,0.));
#260 = ( GEOMETRIC_REPRESENTATION_CONTEXT(2) 
PARAMETRIC_REPRESENTATION_CONTEXT() REPRESENTATION_CONTEXT('2D SPACE',''
  ) );
#261 = PCURVE('',#262,#287);
#262 = B_SPLINE_SURFACE_WITH_KNOTS('',11,1,(
    (#263,#264)
    ,(#265,#266)
    ,(#267,#268)
    ,(#269,#270)
    ,(#271,#272)
    ,(#273,#274)
    ,(#275,#276)
    ,(#277,#278)
    ,(#279,#280)
    ,(#281,#282)
    ,(#283,#284)
    ,(#285,#286
    )),.UNSPECIFIED.,.F.,.F.,.F.,(12,12),(2,2),(-73.5,0.),(0.,1.),
  .PIECEWISE_BEZIER_KNOTS.);
#263 = CARTESIAN_POINT('',(-37.79213073791,-12.77126797424,0.));
#264 = CARTESIAN_POINT('',(-36.75,-12.75,99.));
#265 = CARTESIAN_POINT('',(-37.57471857012,-23.42446419602,0.));
#266 = CARTESIAN_POINT('',(-30.06818181818,-12.75,99.));
#267 = CARTESIAN_POINT('',(-34.05398244305,-34.01024492189,0.));
#268 = CARTESIAN_POINT('',(-23.38636363636,-12.75,99.));
#269 = CARTESIAN_POINT('',(-27.25314953237,-43.390518583,0.));
#270 = CARTESIAN_POINT('',(-16.70454545454,-12.75,99.));
#271 = CARTESIAN_POINT('',(-17.63656680973,-50.43615531257,0.));
#272 = CARTESIAN_POINT('',(-10.02272727272,-12.75,99.));
#273 = CARTESIAN_POINT('',(-6.105738169345,-54.22257429826,0.));
#274 = CARTESIAN_POINT('',(-3.340909090909,-12.75,99.));
#275 = CARTESIAN_POINT('',(6.105738169345,-54.22257429824,0.));
#276 = CARTESIAN_POINT('',(3.340909090909,-12.75,99.));
#277 = CARTESIAN_POINT('',(17.636566809734,-50.43615531259,0.));
#278 = CARTESIAN_POINT('',(10.022727272727,-12.75,99.));
#279 = CARTESIAN_POINT('',(27.253149532378,-43.39051858299,0.));
#280 = CARTESIAN_POINT('',(16.704545454545,-12.75,99.));
#281 = CARTESIAN_POINT('',(34.053982443054,-34.01024492189,0.));
#282 = CARTESIAN_POINT('',(23.386363636364,-12.75,99.));
#283 = CARTESIAN_POINT('',(37.574718570127,-23.42446419602,0.));
#284 = CARTESIAN_POINT('',(30.068181818182,-12.75,99.));
#285 = CARTESIAN_POINT('',(37.792130737918,-12.77126797424,0.));
#286 = CARTESIAN_POINT('',(36.75,-12.75,99.));
#287 = DEFINITIONAL_REPRESENTATION('',(#288),#291);
#288 = B_SPLINE_CURVE_WITH_KNOTS('',1,(#289,#290),.UNSPECIFIED.,.F.,.F.,
  (2,2),(3.161997984276,6.262779976493),.PIECEWISE_BEZIER_KNOTS.);
#289 = CARTESIAN_POINT('',(-73.5,0.));
#290 = CARTESIAN_POINT('',(0.,0.));
#291 = ( GEOMETRIC_REPRESENTATION_CONTEXT(2) 
PARAMETRIC_REPRESENTATION_CONTEXT() REPRESENTATION_CONTEXT('2D SPACE',''
  ) );
#292 = ORIENTED_EDGE('',*,*,#293,.F.);
#293 = EDGE_CURVE('',#294,#246,#296,.T.);
#294 = VERTEX_POINT('',#295);
#295 = CARTESIAN_POINT('',(-37.8,-12.,0.));
#296 = SURFACE_CURVE('',#297,(#302,#309),.PCURVE_S1.);
#297 = CIRCLE('',#298,37.8);
#298 = AXIS2_PLACEMENT_3D('',#299,#300,#301);
#299 = CARTESIAN_POINT('',(0.,-12.,0.));
#300 = DIRECTION('',(0.,0.,1.));
#301 = DIRECTION('',(1.,0.,-0.));
#302 = PCURVE('',#79,#303);
#303 = DEFINITIONAL_REPRESENTATION('',(#304),#308);
#304 = CIRCLE('',#305,37.8);
#305 = AXIS2_PLACEMENT_2D('',#306,#307);
#306 = CARTESIAN_POINT('',(1.882068139409E-15,0.));
#307 = DIRECTION('',(1.,0.));
#308 = ( GEOMETRIC_REPRESENTATION_CONTEXT(2) 
PARAMETRIC_REPRESENTATION_CONTEXT() REPRESENTATION_CONTEXT('2D SPACE',''
  ) );
#309 = PCURVE('',#310,#331);
#310 = B_SPLINE_SURFACE_WITH_KNOTS('',9,1,(
    (#311,#312)
    ,(#313,#314)
    ,(#315,#316)
    ,(#317,#318)
    ,(#319,#320)
    ,(#321,#322)
    ,(#323,#324)
    ,(#325,#326)
    ,(#327,#328)
    ,(#329,#330
    )),.UNSPECIFIED.,.F.,.F.,.F.,(10,10),(2,2),(3.14159265359,
    6.28318530718),(0.,1.),.PIECEWISE_BEZIER_KNOTS.);
#311 = CARTESIAN_POINT('',(-37.79213073791,-11.22873202575,0.));
#312 = CARTESIAN_POINT('',(-36.75,-11.25,99.));
#313 = CARTESIAN_POINT('',(-37.79562806637,-11.40010112021,0.));
#314 = CARTESIAN_POINT('',(-37.01179938779,-11.25,99.));
#315 = CARTESIAN_POINT('',(-37.79825118407,-11.5714880562,0.));
#316 = CARTESIAN_POINT('',(-37.27360149249,-11.35280809993,
    98.999999999999));
#317 = CARTESIAN_POINT('',(-37.79999998699,-11.74288773614,0.));
#318 = CARTESIAN_POINT('',(-37.48924283384,-11.55842721086,
    99.000000000004));
#319 = CARTESIAN_POINT('',(-37.80087440579,-11.91429506245,0.));
#320 = CARTESIAN_POINT('',(-37.61268047281,-11.84268254207,
    98.999999999993));
#321 = CARTESIAN_POINT('',(-37.80087440579,-12.08570493755,0.));
#322 = CARTESIAN_POINT('',(-37.61268047282,-12.15731745792,
    99.000000000007));
#323 = CARTESIAN_POINT('',(-37.79999998699,-12.25711226385,0.));
#324 = CARTESIAN_POINT('',(-37.48924283383,-12.44157278914,
    98.999999999994));
#325 = CARTESIAN_POINT('',(-37.79825118407,-12.42851194379,0.));
#326 = CARTESIAN_POINT('',(-37.2736014925,-12.64719190006,
    99.000000000003));
#327 = CARTESIAN_POINT('',(-37.79562806637,-12.59989887978,0.));
#328 = CARTESIAN_POINT('',(-37.01179938779,-12.75,98.999999999999));
#329 = CARTESIAN_POINT('',(-37.79213073791,-12.77126797424,0.));
#330 = CARTESIAN_POINT('',(-36.75,-12.75,99.));
#331 = DEFINITIONAL_REPRESENTATION('',(#332),#335);
#332 = B_SPLINE_CURVE_WITH_KNOTS('',1,(#333,#334),.UNSPECIFIED.,.F.,.F.,
  (2,2),(3.121187322903,3.161997984276),.PIECEWISE_BEZIER_KNOTS.);
#333 = CARTESIAN_POINT('',(3.14159265359,0.));
#334 = CARTESIAN_POINT('',(6.28318530718,0.));
#335 = ( GEOMETRIC_REPRESENTATION_CONTEXT(2) 
PARAMETRIC_REPRESENTATION_CONTEXT() REPRESENTATION_CONTEXT('2D SPACE',''
  ) );
#336 = ORIENTED_EDGE('',*,*,#337,.T.);
#337 = EDGE_CURVE('',#294,#56,#338,.T.);
#338 = SURFACE_CURVE('',#339,(#343,#350),.PCURVE_S1.);
#339 = LINE('',#340,#341);
#340 = CARTESIAN_POINT('',(-150.,-12.,0.));
#341 = VECTOR('',#342,1.);
#342 = DIRECTION('',(-1.,0.,0.));
#343 = PCURVE('',#79,#344);
#344 = DEFINITIONAL_REPRESENTATION('',(#345),#349);
#345 = LINE('',#346,#347);
#346 = CARTESIAN_POINT('',(-150.,0.));
#347 = VECTOR('',#348,1.);
#348 = DIRECTION('',(-1.,0.));
#349 = ( GEOMETRIC_REPRESENTATION_CONTEXT(2) 
PARAMETRIC_REPRESENTATION_CONTEXT() REPRESENTATION_CONTEXT('2D SPACE',''
  ) );
#350 = PCURVE('',#162,#351);
#351 = DEFINITIONAL_REPRESENTATION('',(#352),#356);
#352 = LINE('',#353,#354);
#353 = CARTESIAN_POINT('',(300.,150.));
#354 = VECTOR('',#355,1.);
#355 = DIRECTION('',(0.,-1.));
#356 = ( GEOMETRIC_REPRESENTATION_CONTEXT(2) 
PARAMETRIC_REPRESENTATION_CONTEXT() REPRESENTATION_CONTEXT('2D SPACE',''
  ) );
#357 = ADVANCED_FACE('',(#358,#580),#162,.T.);
#358 = FACE_BOUND('',#359,.T.);
#359 = EDGE_LOOP('',(#360,#361,#384,#412,#440,#468,#496,#524,#552,#579)
  );
#360 = ORIENTED_EDGE('',*,*,#148,.F.);
#361 = ORIENTED_EDGE('',*,*,#362,.F.);
#362 = EDGE_CURVE('',#363,#120,#365,.T.);
#363 = VERTEX_POINT('',#364);
#364 = CARTESIAN_POINT('',(-44.75,-12.,69.9));
#365 = SURFACE_CURVE('',#366,(#370,#377),.PCURVE_S1.);
#366 = LINE('',#367,#368);
#367 = CARTESIAN_POINT('',(-150.,-12.,69.9));
#368 = VECTOR('',#369,1.);
#369 = DIRECTION('',(-1.,0.,0.));
#370 = PCURVE('',#162,#371);
#371 = DEFINITIONAL_REPRESENTATION('',(#372),#376);
#372 = LINE('',#373,#374);
#373 = CARTESIAN_POINT('',(369.9,150.));
#374 = VECTOR('',#375,1.);
#375 = DIRECTION('',(0.,-1.));
#376 = ( GEOMETRIC_REPRESENTATION_CONTEXT(2) 
PARAMETRIC_REPRESENTATION_CONTEXT() REPRESENTATION_CONTEXT('2D SPACE',''
  ) );
#377 = PCURVE('',#136,#378);
#378 = DEFINITIONAL_REPRESENTATION('',(#379),#383);
#379 = LINE('',#380,#381);
#380 = CARTESIAN_POINT('',(-150.,0.));
#381 = VECTOR('',#382,1.);
#382 = DIRECTION('',(-1.,0.));
#383 = ( GEOMETRIC_REPRESENTATION_CONTEXT(2) 
PARAMETRIC_REPRESENTATION_CONTEXT() REPRESENTATION_CONTEXT('2D SPACE',''
  ) );
#384 = ORIENTED_EDGE('',*,*,#385,.F.);
#385 = EDGE_CURVE('',#386,#363,#388,.T.);
#386 = VERTEX_POINT('',#387);
#387 = CARTESIAN_POINT('',(-44.75,-12.,80.7));
#388 = SURFACE_CURVE('',#389,(#393,#400),.PCURVE_S1.);
#389 = LINE('',#390,#391);
#390 = CARTESIAN_POINT('',(-44.75,-12.,69.9));
#391 = VECTOR('',#392,1.);
#392 = DIRECTION('',(-0.,-0.,-1.));
#393 = PCURVE('',#162,#394);
#394 = DEFINITIONAL_REPRESENTATION('',(#395),#399);
#395 = LINE('',#396,#397);
#396 = CARTESIAN_POINT('',(369.9,255.25));
#397 = VECTOR('',#398,1.);
#398 = DIRECTION('',(-1.,0.));
#399 = ( GEOMETRIC_REPRESENTATION_CONTEXT(2) 
PARAMETRIC_REPRESENTATION_CONTEXT() REPRESENTATION_CONTEXT('2D SPACE',''
  ) );
#400 = PCURVE('',#401,#406);
#401 = CYLINDRICAL_SURFACE('',#402,44.75);
#402 = AXIS2_PLACEMENT_3D('',#403,#404,#405);
#403 = CARTESIAN_POINT('',(0.,-12.,69.9));
#404 = DIRECTION('',(-0.,-0.,-1.));
#405 = DIRECTION('',(1.,0.,0.));
#406 = DEFINITIONAL_REPRESENTATION('',(#407),#411);
#407 = LINE('',#408,#409);
#408 = CARTESIAN_POINT('',(3.14159265359,0.));
#409 = VECTOR('',#410,1.);
#410 = DIRECTION('',(0.,1.));
#411 = ( GEOMETRIC_REPRESENTATION_CONTEXT(2) 
PARAMETRIC_REPRESENTATION_CONTEXT() REPRESENTATION_CONTEXT('2D SPACE',''
  ) );
#412 = ORIENTED_EDGE('',*,*,#413,.F.);
#413 = EDGE_CURVE('',#414,#386,#416,.T.);
#414 = VERTEX_POINT('',#415);
#415 = CARTESIAN_POINT('',(-39.75,-12.,80.7));
#416 = SURFACE_CURVE('',#417,(#421,#428),.PCURVE_S1.);
#417 = LINE('',#418,#419);
#418 = CARTESIAN_POINT('',(-150.,-12.,80.7));
#419 = VECTOR('',#420,1.);
#420 = DIRECTION('',(-1.,0.,0.));
#421 = PCURVE('',#162,#422);
#422 = DEFINITIONAL_REPRESENTATION('',(#423),#427);
#423 = LINE('',#424,#425);
#424 = CARTESIAN_POINT('',(380.7,150.));
#425 = VECTOR('',#426,1.);
#426 = DIRECTION('',(0.,-1.));
#427 = ( GEOMETRIC_REPRESENTATION_CONTEXT(2) 
PARAMETRIC_REPRESENTATION_CONTEXT() REPRESENTATION_CONTEXT('2D SPACE',''
  ) );
#428 = PCURVE('',#429,#434);
#429 = PLANE('',#430);
#430 = AXIS2_PLACEMENT_3D('',#431,#432,#433);
#431 = CARTESIAN_POINT('',(-2.933502854163E-15,-12.,80.7));
#432 = DIRECTION('',(0.,0.,1.));
#433 = DIRECTION('',(1.,0.,-0.));
#434 = DEFINITIONAL_REPRESENTATION('',(#435),#439);
#435 = LINE('',#436,#437);
#436 = CARTESIAN_POINT('',(-150.,-3.552713678801E-15));
#437 = VECTOR('',#438,1.);
#438 = DIRECTION('',(-1.,0.));
#439 = ( GEOMETRIC_REPRESENTATION_CONTEXT(2) 
PARAMETRIC_REPRESENTATION_CONTEXT() REPRESENTATION_CONTEXT('2D SPACE',''
  ) );
#440 = ORIENTED_EDGE('',*,*,#441,.F.);
#441 = EDGE_CURVE('',#442,#414,#444,.T.);
#442 = VERTEX_POINT('',#443);
#443 = CARTESIAN_POINT('',(-39.75,-12.,109.));
#444 = SURFACE_CURVE('',#445,(#449,#456),.PCURVE_S1.);
#445 = LINE('',#446,#447);
#446 = CARTESIAN_POINT('',(-39.75,-12.,80.7));
#447 = VECTOR('',#448,1.);
#448 = DIRECTION('',(-0.,-0.,-1.));
#449 = PCURVE('',#162,#450);
#450 = DEFINITIONAL_REPRESENTATION('',(#451),#455);
#451 = LINE('',#452,#453);
#452 = CARTESIAN_POINT('',(380.7,260.25));
#453 = VECTOR('',#454,1.);
#454 = DIRECTION('',(-1.,0.));
#455 = ( GEOMETRIC_REPRESENTATION_CONTEXT(2) 
PARAMETRIC_REPRESENTATION_CONTEXT() REPRESENTATION_CONTEXT('2D SPACE',''
  ) );
#456 = PCURVE('',#457,#462);
#457 = CYLINDRICAL_SURFACE('',#458,39.75);
#458 = AXIS2_PLACEMENT_3D('',#459,#460,#461);
#459 = CARTESIAN_POINT('',(0.,-12.,80.7));
#460 = DIRECTION('',(-0.,-0.,-1.));
#461 = DIRECTION('',(1.,0.,0.));
#462 = DEFINITIONAL_REPRESENTATION('',(#463),#467);
#463 = LINE('',#464,#465);
#464 = CARTESIAN_POINT('',(3.14159265359,0.));
#465 = VECTOR('',#466,1.);
#466 = DIRECTION('',(0.,1.));
#467 = ( GEOMETRIC_REPRESENTATION_CONTEXT(2) 
PARAMETRIC_REPRESENTATION_CONTEXT() REPRESENTATION_CONTEXT('2D SPACE',''
  ) );
#468 = ORIENTED_EDGE('',*,*,#469,.F.);
#469 = EDGE_CURVE('',#470,#442,#472,.T.);
#470 = VERTEX_POINT('',#471);
#471 = CARTESIAN_POINT('',(-38.,-12.,109.));
#472 = SURFACE_CURVE('',#473,(#477,#484),.PCURVE_S1.);
#473 = LINE('',#474,#475);
#474 = CARTESIAN_POINT('',(-150.,-12.,109.));
#475 = VECTOR('',#476,1.);
#476 = DIRECTION('',(-1.,0.,0.));
#477 = PCURVE('',#162,#478);
#478 = DEFINITIONAL_REPRESENTATION('',(#479),#483);
#479 = LINE('',#480,#481);
#480 = CARTESIAN_POINT('',(409.,150.));
#481 = VECTOR('',#482,1.);
#482 = DIRECTION('',(0.,-1.));
#483 = ( GEOMETRIC_REPRESENTATION_CONTEXT(2) 
PARAMETRIC_REPRESENTATION_CONTEXT() REPRESENTATION_CONTEXT('2D SPACE',''
  ) );
#484 = PCURVE('',#485,#490);
#485 = PLANE('',#486);
#486 = AXIS2_PLACEMENT_3D('',#487,#488,#489);
#487 = CARTESIAN_POINT('',(-4.403329231825E-15,-12.,109.));
#488 = DIRECTION('',(0.,0.,1.));
#489 = DIRECTION('',(1.,0.,-0.));
#490 = DEFINITIONAL_REPRESENTATION('',(#491),#495);
#491 = LINE('',#492,#493);
#492 = CARTESIAN_POINT('',(-150.,0.));
#493 = VECTOR('',#494,1.);
#494 = DIRECTION('',(-1.,0.));
#495 = ( GEOMETRIC_REPRESENTATION_CONTEXT(2) 
PARAMETRIC_REPRESENTATION_CONTEXT() REPRESENTATION_CONTEXT('2D SPACE',''
  ) );
#496 = ORIENTED_EDGE('',*,*,#497,.F.);
#497 = EDGE_CURVE('',#498,#470,#500,.T.);
#498 = VERTEX_POINT('',#499);
#499 = CARTESIAN_POINT('',(-37.5,-12.,108.5));
#500 = SURFACE_CURVE('',#501,(#505,#512),.PCURVE_S1.);
#501 = LINE('',#502,#503);
#502 = CARTESIAN_POINT('',(-36.75,-12.,107.74999999999));
#503 = VECTOR('',#504,1.);
#504 = DIRECTION('',(-0.707106781186,0.,0.707106781187));
#505 = PCURVE('',#162,#506);
#506 = DEFINITIONAL_REPRESENTATION('',(#507),#511);
#507 = LINE('',#508,#509);
#508 = CARTESIAN_POINT('',(407.74999999999,263.25));
#509 = VECTOR('',#510,1.);
#510 = DIRECTION('',(0.707106781187,-0.707106781186));
#511 = ( GEOMETRIC_REPRESENTATION_CONTEXT(2) 
PARAMETRIC_REPRESENTATION_CONTEXT() REPRESENTATION_CONTEXT('2D SPACE',''
  ) );
#512 = PCURVE('',#513,#518);
#513 = CONICAL_SURFACE('',#514,0.75,0.785398163397);
#514 = AXIS2_PLACEMENT_3D('',#515,#516,#517);
#515 = CARTESIAN_POINT('',(-36.75,-12.,108.5));
#516 = DIRECTION('',(-0.,0.,1.));
#517 = DIRECTION('',(0.,-1.,0.));
#518 = DEFINITIONAL_REPRESENTATION('',(#519),#523);
#519 = LINE('',#520,#521);
#520 = CARTESIAN_POINT('',(4.712388980385,-0.750000000001));
#521 = VECTOR('',#522,1.);
#522 = DIRECTION('',(0.,1.));
#523 = ( GEOMETRIC_REPRESENTATION_CONTEXT(2) 
PARAMETRIC_REPRESENTATION_CONTEXT() REPRESENTATION_CONTEXT('2D SPACE',''
  ) );
#524 = ORIENTED_EDGE('',*,*,#525,.T.);
#525 = EDGE_CURVE('',#498,#526,#528,.T.);
#526 = VERTEX_POINT('',#527);
#527 = CARTESIAN_POINT('',(-37.5,-12.,99.));
#528 = SURFACE_CURVE('',#529,(#533,#540),.PCURVE_S1.);
#529 = LINE('',#530,#531);
#530 = CARTESIAN_POINT('',(-37.5,-12.,99.));
#531 = VECTOR('',#532,1.);
#532 = DIRECTION('',(0.,-0.,-1.));
#533 = PCURVE('',#162,#534);
#534 = DEFINITIONAL_REPRESENTATION('',(#535),#539);
#535 = LINE('',#536,#537);
#536 = CARTESIAN_POINT('',(399.,262.5));
#537 = VECTOR('',#538,1.);
#538 = DIRECTION('',(-1.,0.));
#539 = ( GEOMETRIC_REPRESENTATION_CONTEXT(2) 
PARAMETRIC_REPRESENTATION_CONTEXT() REPRESENTATION_CONTEXT('2D SPACE',''
  ) );
#540 = PCURVE('',#541,#546);
#541 = CYLINDRICAL_SURFACE('',#542,0.75);
#542 = AXIS2_PLACEMENT_3D('',#543,#544,#545);
#543 = CARTESIAN_POINT('',(-36.75,-12.,99.));
#544 = DIRECTION('',(0.,-0.,-1.));
#545 = DIRECTION('',(0.,-1.,0.));
#546 = DEFINITIONAL_REPRESENTATION('',(#547),#551);
#547 = LINE('',#548,#549);
#548 = CARTESIAN_POINT('',(1.570796326795,0.));
#549 = VECTOR('',#550,1.);
#550 = DIRECTION('',(0.,1.));
#551 = ( GEOMETRIC_REPRESENTATION_CONTEXT(2) 
PARAMETRIC_REPRESENTATION_CONTEXT() REPRESENTATION_CONTEXT('2D SPACE',''
  ) );
#552 = ORIENTED_EDGE('',*,*,#553,.F.);
#553 = EDGE_CURVE('',#294,#526,#554,.T.);
#554 = SURFACE_CURVE('',#555,(#561,#570),.PCURVE_S1.);
#555 = B_SPLINE_CURVE_WITH_KNOTS('',4,(#556,#557,#558,#559,#560),
  .UNSPECIFIED.,.F.,.F.,(5,5),(0.,1.),.PIECEWISE_BEZIER_KNOTS.);
#556 = CARTESIAN_POINT('',(-37.79999999999,-12.,0.));
#557 = CARTESIAN_POINT('',(-37.72499998616,-12.,24.75));
#558 = CARTESIAN_POINT('',(-37.64999997233,-12.,49.500000000001));
#559 = CARTESIAN_POINT('',(-37.5749999585,-12.,74.249999999999));
#560 = CARTESIAN_POINT('',(-37.49999994467,-12.,99.));
#561 = PCURVE('',#162,#562);
#562 = DEFINITIONAL_REPRESENTATION('',(#563),#569);
#563 = B_SPLINE_CURVE_WITH_KNOTS('',4,(#564,#565,#566,#567,#568),
  .UNSPECIFIED.,.F.,.F.,(5,5),(0.,1.),.PIECEWISE_BEZIER_KNOTS.);
#564 = CARTESIAN_POINT('',(300.,262.2));
#565 = CARTESIAN_POINT('',(324.75,262.27500001383));
#566 = CARTESIAN_POINT('',(349.5,262.35000002766));
#567 = CARTESIAN_POINT('',(374.24999999999,262.42500004149));
#568 = CARTESIAN_POINT('',(399.,262.50000005532));
#569 = ( GEOMETRIC_REPRESENTATION_CONTEXT(2) 
PARAMETRIC_REPRESENTATION_CONTEXT() REPRESENTATION_CONTEXT('2D SPACE',''
  ) );
#570 = PCURVE('',#310,#571);
#571 = DEFINITIONAL_REPRESENTATION('',(#572),#578);
#572 = B_SPLINE_CURVE_WITH_KNOTS('',4,(#573,#574,#575,#576,#577),
  .UNSPECIFIED.,.F.,.F.,(5,5),(0.,1.),.PIECEWISE_BEZIER_KNOTS.);
#573 = CARTESIAN_POINT('',(4.712388980385,0.));
#574 = CARTESIAN_POINT('',(4.712388980385,0.25));
#575 = CARTESIAN_POINT('',(4.712388980385,0.5));
#576 = CARTESIAN_POINT('',(4.712388980385,0.75));
#577 = CARTESIAN_POINT('',(4.712388980385,1.));
#578 = ( GEOMETRIC_REPRESENTATION_CONTEXT(2) 
PARAMETRIC_REPRESENTATION_CONTEXT() REPRESENTATION_CONTEXT('2D SPACE',''
  ) );
#579 = ORIENTED_EDGE('',*,*,#337,.T.);
#580 = FACE_BOUND('',#581,.T.);
#581 = EDGE_LOOP('',(#582,#612,#640,#668,#691,#714));
#582 = ORIENTED_EDGE('',*,*,#583,.F.);
#583 = EDGE_CURVE('',#584,#586,#588,.T.);
#584 = VERTEX_POINT('',#585);
#585 = CARTESIAN_POINT('',(-40.61,-12.,54.5));
#586 = VERTEX_POINT('',#587);
#587 = CARTESIAN_POINT('',(-40.61,-12.,44.5));
#588 = SURFACE_CURVE('',#589,(#593,#600),.PCURVE_S1.);
#589 = LINE('',#590,#591);
#590 = CARTESIAN_POINT('',(-40.61,-12.,54.5));
#591 = VECTOR('',#592,1.);
#592 = DIRECTION('',(-0.,-0.,-1.));
#593 = PCURVE('',#162,#594);
#594 = DEFINITIONAL_REPRESENTATION('',(#595),#599);
#595 = LINE('',#596,#597);
#596 = CARTESIAN_POINT('',(354.5,259.39));
#597 = VECTOR('',#598,1.);
#598 = DIRECTION('',(-1.,0.));
#599 = ( GEOMETRIC_REPRESENTATION_CONTEXT(2) 
PARAMETRIC_REPRESENTATION_CONTEXT() REPRESENTATION_CONTEXT('2D SPACE',''
  ) );
#600 = PCURVE('',#601,#606);
#601 = CYLINDRICAL_SURFACE('',#602,0.89);
#602 = AXIS2_PLACEMENT_3D('',#603,#604,#605);
#603 = CARTESIAN_POINT('',(-41.5,-12.,54.5));
#604 = DIRECTION('',(0.,0.,1.));
#605 = DIRECTION('',(1.,0.,-0.));
#606 = DEFINITIONAL_REPRESENTATION('',(#607),#611);
#607 = LINE('',#608,#609);
#608 = CARTESIAN_POINT('',(6.28318530718,0.));
#609 = VECTOR('',#610,1.);
#610 = DIRECTION('',(0.,-1.));
#611 = ( GEOMETRIC_REPRESENTATION_CONTEXT(2) 
PARAMETRIC_REPRESENTATION_CONTEXT() REPRESENTATION_CONTEXT('2D SPACE',''
  ) );
#612 = ORIENTED_EDGE('',*,*,#613,.T.);
#613 = EDGE_CURVE('',#584,#614,#616,.T.);
#614 = VERTEX_POINT('',#615);
#615 = CARTESIAN_POINT('',(-40.61,-12.,64.5));
#616 = SURFACE_CURVE('',#617,(#621,#628),.PCURVE_S1.);
#617 = LINE('',#618,#619);
#618 = CARTESIAN_POINT('',(-40.61,-12.,54.5));
#619 = VECTOR('',#620,1.);
#620 = DIRECTION('',(0.,0.,1.));
#621 = PCURVE('',#162,#622);
#622 = DEFINITIONAL_REPRESENTATION('',(#623),#627);
#623 = LINE('',#624,#625);
#624 = CARTESIAN_POINT('',(354.5,259.39));
#625 = VECTOR('',#626,1.);
#626 = DIRECTION('',(1.,0.));
#627 = ( GEOMETRIC_REPRESENTATION_CONTEXT(2) 
PARAMETRIC_REPRESENTATION_CONTEXT() REPRESENTATION_CONTEXT('2D SPACE',''
  ) );
#628 = PCURVE('',#629,#634);
#629 = CYLINDRICAL_SURFACE('',#630,0.89);
#630 = AXIS2_PLACEMENT_3D('',#631,#632,#633);
#631 = CARTESIAN_POINT('',(-41.5,-12.,54.5));
#632 = DIRECTION('',(-0.,-0.,-1.));
#633 = DIRECTION('',(1.,0.,0.));
#634 = DEFINITIONAL_REPRESENTATION('',(#635),#639);
#635 = LINE('',#636,#637);
#636 = CARTESIAN_POINT('',(-4.138911435803E-13,0.));
#637 = VECTOR('',#638,1.);
#638 = DIRECTION('',(-0.,-1.));
#639 = ( GEOMETRIC_REPRESENTATION_CONTEXT(2) 
PARAMETRIC_REPRESENTATION_CONTEXT() REPRESENTATION_CONTEXT('2D SPACE',''
  ) );
#640 = ORIENTED_EDGE('',*,*,#641,.F.);
#641 = EDGE_CURVE('',#642,#614,#644,.T.);
#642 = VERTEX_POINT('',#643);
#643 = CARTESIAN_POINT('',(-42.39,-12.,64.5));
#644 = SURFACE_CURVE('',#645,(#649,#656),.PCURVE_S1.);
#645 = LINE('',#646,#647);
#646 = CARTESIAN_POINT('',(-170.75,-12.,64.5));
#647 = VECTOR('',#648,1.);
#648 = DIRECTION('',(1.,0.,0.));
#649 = PCURVE('',#162,#650);
#650 = DEFINITIONAL_REPRESENTATION('',(#651),#655);
#651 = LINE('',#652,#653);
#652 = CARTESIAN_POINT('',(364.5,129.25));
#653 = VECTOR('',#654,1.);
#654 = DIRECTION('',(0.,1.));
#655 = ( GEOMETRIC_REPRESENTATION_CONTEXT(2) 
PARAMETRIC_REPRESENTATION_CONTEXT() REPRESENTATION_CONTEXT('2D SPACE',''
  ) );
#656 = PCURVE('',#657,#662);
#657 = PLANE('',#658);
#658 = AXIS2_PLACEMENT_3D('',#659,#660,#661);
#659 = CARTESIAN_POINT('',(-41.5,-12.,64.5));
#660 = DIRECTION('',(0.,0.,1.));
#661 = DIRECTION('',(1.,0.,0.));
#662 = DEFINITIONAL_REPRESENTATION('',(#663),#667);
#663 = LINE('',#664,#665);
#664 = CARTESIAN_POINT('',(-129.25,0.));
#665 = VECTOR('',#666,1.);
#666 = DIRECTION('',(1.,0.));
#667 = ( GEOMETRIC_REPRESENTATION_CONTEXT(2) 
PARAMETRIC_REPRESENTATION_CONTEXT() REPRESENTATION_CONTEXT('2D SPACE',''
  ) );
#668 = ORIENTED_EDGE('',*,*,#669,.T.);
#669 = EDGE_CURVE('',#642,#670,#672,.T.);
#670 = VERTEX_POINT('',#671);
#671 = CARTESIAN_POINT('',(-42.39,-12.,54.5));
#672 = SURFACE_CURVE('',#673,(#677,#684),.PCURVE_S1.);
#673 = LINE('',#674,#675);
#674 = CARTESIAN_POINT('',(-42.39,-12.,54.5));
#675 = VECTOR('',#676,1.);
#676 = DIRECTION('',(-0.,-0.,-1.));
#677 = PCURVE('',#162,#678);
#678 = DEFINITIONAL_REPRESENTATION('',(#679),#683);
#679 = LINE('',#680,#681);
#680 = CARTESIAN_POINT('',(354.5,257.61));
#681 = VECTOR('',#682,1.);
#682 = DIRECTION('',(-1.,0.));
#683 = ( GEOMETRIC_REPRESENTATION_CONTEXT(2) 
PARAMETRIC_REPRESENTATION_CONTEXT() REPRESENTATION_CONTEXT('2D SPACE',''
  ) );
#684 = PCURVE('',#629,#685);
#685 = DEFINITIONAL_REPRESENTATION('',(#686),#690);
#686 = LINE('',#687,#688);
#687 = CARTESIAN_POINT('',(3.14159265359,0.));
#688 = VECTOR('',#689,1.);
#689 = DIRECTION('',(0.,1.));
#690 = ( GEOMETRIC_REPRESENTATION_CONTEXT(2) 
PARAMETRIC_REPRESENTATION_CONTEXT() REPRESENTATION_CONTEXT('2D SPACE',''
  ) );
#691 = ORIENTED_EDGE('',*,*,#692,.F.);
#692 = EDGE_CURVE('',#693,#670,#695,.T.);
#693 = VERTEX_POINT('',#694);
#694 = CARTESIAN_POINT('',(-42.39,-12.,44.5));
#695 = SURFACE_CURVE('',#696,(#700,#707),.PCURVE_S1.);
#696 = LINE('',#697,#698);
#697 = CARTESIAN_POINT('',(-42.39,-12.,54.5));
#698 = VECTOR('',#699,1.);
#699 = DIRECTION('',(0.,0.,1.));
#700 = PCURVE('',#162,#701);
#701 = DEFINITIONAL_REPRESENTATION('',(#702),#706);
#702 = LINE('',#703,#704);
#703 = CARTESIAN_POINT('',(354.5,257.61));
#704 = VECTOR('',#705,1.);
#705 = DIRECTION('',(1.,0.));
#706 = ( GEOMETRIC_REPRESENTATION_CONTEXT(2) 
PARAMETRIC_REPRESENTATION_CONTEXT() REPRESENTATION_CONTEXT('2D SPACE',''
  ) );
#707 = PCURVE('',#601,#708);
#708 = DEFINITIONAL_REPRESENTATION('',(#709),#713);
#709 = LINE('',#710,#711);
#710 = CARTESIAN_POINT('',(3.14159265359,0.));
#711 = VECTOR('',#712,1.);
#712 = DIRECTION('',(0.,1.));
#713 = ( GEOMETRIC_REPRESENTATION_CONTEXT(2) 
PARAMETRIC_REPRESENTATION_CONTEXT() REPRESENTATION_CONTEXT('2D SPACE',''
  ) );
#714 = ORIENTED_EDGE('',*,*,#715,.F.);
#715 = EDGE_CURVE('',#586,#693,#716,.T.);
#716 = SURFACE_CURVE('',#717,(#721,#728),.PCURVE_S1.);
#717 = LINE('',#718,#719);
#718 = CARTESIAN_POINT('',(-170.75,-12.,44.5));
#719 = VECTOR('',#720,1.);
#720 = DIRECTION('',(-1.,0.,0.));
#721 = PCURVE('',#162,#722);
#722 = DEFINITIONAL_REPRESENTATION('',(#723),#727);
#723 = LINE('',#724,#725);
#724 = CARTESIAN_POINT('',(344.5,129.25));
#725 = VECTOR('',#726,1.);
#726 = DIRECTION('',(0.,-1.));
#727 = ( GEOMETRIC_REPRESENTATION_CONTEXT(2) 
PARAMETRIC_REPRESENTATION_CONTEXT() REPRESENTATION_CONTEXT('2D SPACE',''
  ) );
#728 = PCURVE('',#729,#734);
#729 = PLANE('',#730);
#730 = AXIS2_PLACEMENT_3D('',#731,#732,#733);
#731 = CARTESIAN_POINT('',(-41.5,-12.,44.5));
#732 = DIRECTION('',(0.,0.,1.));
#733 = DIRECTION('',(1.,0.,-0.));
#734 = DEFINITIONAL_REPRESENTATION('',(#735),#739);
#735 = LINE('',#736,#737);
#736 = CARTESIAN_POINT('',(-129.25,0.));
#737 = VECTOR('',#738,1.);
#738 = DIRECTION('',(-1.,0.));
#739 = ( GEOMETRIC_REPRESENTATION_CONTEXT(2) 
PARAMETRIC_REPRESENTATION_CONTEXT() REPRESENTATION_CONTEXT('2D SPACE',''
  ) );
#740 = ADVANCED_FACE('',(#741),#136,.T.);
#741 = FACE_BOUND('',#742,.T.);
#742 = EDGE_LOOP('',(#743,#744,#767,#789));
#743 = ORIENTED_EDGE('',*,*,#119,.T.);
#744 = ORIENTED_EDGE('',*,*,#745,.T.);
#745 = EDGE_CURVE('',#92,#746,#748,.T.);
#746 = VERTEX_POINT('',#747);
#747 = CARTESIAN_POINT('',(44.75,-12.,69.9));
#748 = SURFACE_CURVE('',#749,(#753,#760),.PCURVE_S1.);
#749 = LINE('',#750,#751);
#750 = CARTESIAN_POINT('',(-150.,-12.,69.9));
#751 = VECTOR('',#752,1.);
#752 = DIRECTION('',(-1.,0.,0.));
#753 = PCURVE('',#136,#754);
#754 = DEFINITIONAL_REPRESENTATION('',(#755),#759);
#755 = LINE('',#756,#757);
#756 = CARTESIAN_POINT('',(-150.,0.));
#757 = VECTOR('',#758,1.);
#758 = DIRECTION('',(-1.,0.));
#759 = ( GEOMETRIC_REPRESENTATION_CONTEXT(2) 
PARAMETRIC_REPRESENTATION_CONTEXT() REPRESENTATION_CONTEXT('2D SPACE',''
  ) );
#760 = PCURVE('',#107,#761);
#761 = DEFINITIONAL_REPRESENTATION('',(#762),#766);
#762 = LINE('',#763,#764);
#763 = CARTESIAN_POINT('',(369.9,150.));
#764 = VECTOR('',#765,1.);
#765 = DIRECTION('',(0.,-1.));
#766 = ( GEOMETRIC_REPRESENTATION_CONTEXT(2) 
PARAMETRIC_REPRESENTATION_CONTEXT() REPRESENTATION_CONTEXT('2D SPACE',''
  ) );
#767 = ORIENTED_EDGE('',*,*,#768,.F.);
#768 = EDGE_CURVE('',#363,#746,#769,.T.);
#769 = SURFACE_CURVE('',#770,(#775,#782),.PCURVE_S1.);
#770 = CIRCLE('',#771,44.75);
#771 = AXIS2_PLACEMENT_3D('',#772,#773,#774);
#772 = CARTESIAN_POINT('',(0.,-12.,69.9));
#773 = DIRECTION('',(0.,0.,1.));
#774 = DIRECTION('',(1.,0.,-0.));
#775 = PCURVE('',#136,#776);
#776 = DEFINITIONAL_REPRESENTATION('',(#777),#781);
#777 = CIRCLE('',#778,44.75);
#778 = AXIS2_PLACEMENT_2D('',#779,#780);
#779 = CARTESIAN_POINT('',(1.882068139409E-15,0.));
#780 = DIRECTION('',(1.,0.));
#781 = ( GEOMETRIC_REPRESENTATION_CONTEXT(2) 
PARAMETRIC_REPRESENTATION_CONTEXT() REPRESENTATION_CONTEXT('2D SPACE',''
  ) );
#782 = PCURVE('',#401,#783);
#783 = DEFINITIONAL_REPRESENTATION('',(#784),#788);
#784 = LINE('',#785,#786);
#785 = CARTESIAN_POINT('',(6.28318530718,0.));
#786 = VECTOR('',#787,1.);
#787 = DIRECTION('',(-1.,0.));
#788 = ( GEOMETRIC_REPRESENTATION_CONTEXT(2) 
PARAMETRIC_REPRESENTATION_CONTEXT() REPRESENTATION_CONTEXT('2D SPACE',''
  ) );
#789 = ORIENTED_EDGE('',*,*,#362,.T.);
#790 = ADVANCED_FACE('',(#791,#1070),#107,.T.);
#791 = FACE_BOUND('',#792,.T.);
#792 = EDGE_LOOP('',(#793,#794,#795,#923,#951,#979,#1002,#1025,#1048,
    #1069));
#793 = ORIENTED_EDGE('',*,*,#91,.F.);
#794 = ORIENTED_EDGE('',*,*,#178,.T.);
#795 = ORIENTED_EDGE('',*,*,#796,.T.);
#796 = EDGE_CURVE('',#179,#797,#799,.T.);
#797 = VERTEX_POINT('',#798);
#798 = CARTESIAN_POINT('',(37.5,-12.,99.));
#799 = SURFACE_CURVE('',#800,(#839,#881),.PCURVE_S1.);
#800 = B_SPLINE_CURVE_WITH_KNOTS('',7,(#801,#802,#803,#804,#805,#806,
    #807,#808,#809,#810,#811,#812,#813,#814,#815,#816,#817,#818,#819,
    #820,#821,#822,#823,#824,#825,#826,#827,#828,#829,#830,#831,#832,
    #833,#834,#835,#836,#837,#838),.UNSPECIFIED.,.F.,.F.,(8,6,6,6,6,6,8)
  ,(0.,7.619087272036E-02,0.196056559987,0.377267674077,0.558390800274,
    0.967462719474,1.),.UNSPECIFIED.);
#801 = CARTESIAN_POINT('',(37.8,-12.,0.));
#802 = CARTESIAN_POINT('',(37.788575416938,-12.,1.077174974407));
#803 = CARTESIAN_POINT('',(37.777781870702,-12.,2.15433053407));
#804 = CARTESIAN_POINT('',(37.767648022692,-12.,3.231470185454));
#805 = CARTESIAN_POINT('',(37.758191431315,-12.,4.308598976924));
#806 = CARTESIAN_POINT('',(37.749412547993,-12.,5.385723003964));
#807 = CARTESIAN_POINT('',(37.741294084824,-12.,6.462848750611));
#808 = CARTESIAN_POINT('',(37.722024894888,-12.,9.234559906403));
#809 = CARTESIAN_POINT('',(37.71180353754,-12.,10.929156696827));
#810 = CARTESIAN_POINT('',(37.703024617867,-12.,12.623795439322));
#811 = CARTESIAN_POINT('',(37.695487223935,-12.,14.318494704777));
#812 = CARTESIAN_POINT('',(37.688963663815,-12.,16.013262197755));
#813 = CARTESIAN_POINT('',(37.68325962692,-12.,17.708098249429));
#814 = CARTESIAN_POINT('',(37.670571755797,-12.,21.965321825312));
#815 = CARTESIAN_POINT('',(37.664427508859,-12.,24.527792901444));
#816 = CARTESIAN_POINT('',(37.659199382849,-12.,27.090398887628));
#817 = CARTESIAN_POINT('',(37.654484441267,-12.,29.653115182894));
#818 = CARTESIAN_POINT('',(37.650056752902,-12.,32.215919698116));
#819 = CARTESIAN_POINT('',(37.645754582748,-12.,34.778794134877));
#820 = CARTESIAN_POINT('',(37.637198087297,-12.,39.903410832915));
#821 = CARTESIAN_POINT('',(37.632943399354,-12.,42.465153748776));
#822 = CARTESIAN_POINT('',(37.628607668098,-12.,45.026941501144));
#823 = CARTESIAN_POINT('',(37.624136888142,-12.,47.588764486325));
#824 = CARTESIAN_POINT('',(37.619501227651,-12.,50.150615452378));
#825 = CARTESIAN_POINT('',(37.614681742243,-12.,52.712489362966));
#826 = CARTESIAN_POINT('',(37.598348186613,-12.,61.060495687561));
#827 = CARTESIAN_POINT('',(37.586041489848,-12.,66.846702955321));
#828 = CARTESIAN_POINT('',(37.572640215013,-12.,72.632968744742));
#829 = CARTESIAN_POINT('',(37.558230262666,-12.,78.419271038993));
#830 = CARTESIAN_POINT('',(37.542868656053,-12.,84.205596296847));
#831 = CARTESIAN_POINT('',(37.526634709223,-12.,89.991938569569));
#832 = CARTESIAN_POINT('',(37.50823843259,-12.,96.23854130721));
#833 = CARTESIAN_POINT('',(37.506877912083,-12.,96.69878421901));
#834 = CARTESIAN_POINT('',(37.505512322477,-12.,97.159027215267));
#835 = CARTESIAN_POINT('',(37.504141697519,-12.,97.619270293676));
#836 = CARTESIAN_POINT('',(37.502766070732,-12.,98.079513452013));
#837 = CARTESIAN_POINT('',(37.501385475424,-12.,98.53975668814));
#838 = CARTESIAN_POINT('',(37.499999944679,-12.,99.));
#839 = PCURVE('',#107,#840);
#840 = DEFINITIONAL_REPRESENTATION('',(#841),#880);
#841 = B_SPLINE_CURVE_WITH_KNOTS('',7,(#842,#843,#844,#845,#846,#847,
    #848,#849,#850,#851,#852,#853,#854,#855,#856,#857,#858,#859,#860,
    #861,#862,#863,#864,#865,#866,#867,#868,#869,#870,#871,#872,#873,
    #874,#875,#876,#877,#878,#879),.UNSPECIFIED.,.F.,.F.,(8,6,6,6,6,6,8)
  ,(0.,7.619087272036E-02,0.196056559987,0.377267674077,0.558390800274,
    0.967462719474,1.),.UNSPECIFIED.);
#842 = CARTESIAN_POINT('',(300.,337.8));
#843 = CARTESIAN_POINT('',(301.0771749744,337.78857541693));
#844 = CARTESIAN_POINT('',(302.15433053407,337.7777818707));
#845 = CARTESIAN_POINT('',(303.23147018545,337.76764802269));
#846 = CARTESIAN_POINT('',(304.30859897692,337.75819143131));
#847 = CARTESIAN_POINT('',(305.38572300396,337.74941254799));
#848 = CARTESIAN_POINT('',(306.46284875061,337.74129408482));
#849 = CARTESIAN_POINT('',(309.2345599064,337.72202489488));
#850 = CARTESIAN_POINT('',(310.92915669682,337.71180353754));
#851 = CARTESIAN_POINT('',(312.62379543932,337.70302461786));
#852 = CARTESIAN_POINT('',(314.31849470477,337.69548722393));
#853 = CARTESIAN_POINT('',(316.01326219775,337.68896366381));
#854 = CARTESIAN_POINT('',(317.70809824942,337.68325962692));
#855 = CARTESIAN_POINT('',(321.96532182531,337.67057175579));
#856 = CARTESIAN_POINT('',(324.52779290144,337.66442750885));
#857 = CARTESIAN_POINT('',(327.09039888762,337.65919938284));
#858 = CARTESIAN_POINT('',(329.65311518289,337.65448444126));
#859 = CARTESIAN_POINT('',(332.21591969811,337.6500567529));
#860 = CARTESIAN_POINT('',(334.77879413487,337.64575458274));
#861 = CARTESIAN_POINT('',(339.90341083291,337.63719808729));
#862 = CARTESIAN_POINT('',(342.46515374877,337.63294339935));
#863 = CARTESIAN_POINT('',(345.02694150114,337.62860766809));
#864 = CARTESIAN_POINT('',(347.58876448632,337.62413688814));
#865 = CARTESIAN_POINT('',(350.15061545237,337.61950122765));
#866 = CARTESIAN_POINT('',(352.71248936296,337.61468174224));
#867 = CARTESIAN_POINT('',(361.06049568756,337.59834818661));
#868 = CARTESIAN_POINT('',(366.84670295532,337.58604148984));
#869 = CARTESIAN_POINT('',(372.63296874474,337.57264021501));
#870 = CARTESIAN_POINT('',(378.41927103899,337.55823026266));
#871 = CARTESIAN_POINT('',(384.20559629684,337.54286865605));
#872 = CARTESIAN_POINT('',(389.99193856956,337.52663470922));
#873 = CARTESIAN_POINT('',(396.23854130721,337.50823843259));
#874 = CARTESIAN_POINT('',(396.69878421901,337.50687791208));
#875 = CARTESIAN_POINT('',(397.15902721526,337.50551232247));
#876 = CARTESIAN_POINT('',(397.61927029367,337.50414169751));
#877 = CARTESIAN_POINT('',(398.07951345201,337.50276607073));
#878 = CARTESIAN_POINT('',(398.53975668814,337.50138547542));
#879 = CARTESIAN_POINT('',(399.,337.49999994467));
#880 = ( GEOMETRIC_REPRESENTATION_CONTEXT(2) 
PARAMETRIC_REPRESENTATION_CONTEXT() REPRESENTATION_CONTEXT('2D SPACE',''
  ) );
#881 = PCURVE('',#218,#882);
#882 = DEFINITIONAL_REPRESENTATION('',(#883),#922);
#883 = B_SPLINE_CURVE_WITH_KNOTS('',7,(#884,#885,#886,#887,#888,#889,
    #890,#891,#892,#893,#894,#895,#896,#897,#898,#899,#900,#901,#902,
    #903,#904,#905,#906,#907,#908,#909,#910,#911,#912,#913,#914,#915,
    #916,#917,#918,#919,#920,#921),.UNSPECIFIED.,.F.,.F.,(8,6,6,6,6,6,8)
  ,(0.,7.619087272036E-02,0.196056559987,0.377267674077,0.558390800274,
    0.967462719474,1.),.UNSPECIFIED.);
#884 = CARTESIAN_POINT('',(6.28318530718,0.));
#885 = CARTESIAN_POINT('',(6.249947928937,1.088055529704E-02));
#886 = CARTESIAN_POINT('',(6.215867460901,2.176091448555E-02));
#887 = CARTESIAN_POINT('',(6.181084453813,3.264111298438E-02));
#888 = CARTESIAN_POINT('',(6.145779936697,4.352120178711E-02));
#889 = CARTESIAN_POINT('',(6.110162255317,5.440124246429E-02));
#890 = CARTESIAN_POINT('',(6.074447279149,6.528130051122E-02));
#891 = CARTESIAN_POINT('',(5.982800951964,9.327838289296E-02));
#892 = CARTESIAN_POINT('',(5.927017193176,0.11039552219));
#893 = CARTESIAN_POINT('',(5.872249575327,0.127513085246));
#894 = CARTESIAN_POINT('',(5.819177299947,0.144631259644));
#895 = CARTESIAN_POINT('',(5.768173769044,0.16175012321));
#896 = CARTESIAN_POINT('',(5.719412876883,0.178869679287));
#897 = CARTESIAN_POINT('',(5.602689369195,0.221871937629));
#898 = CARTESIAN_POINT('',(5.537670790999,0.247755483853));
#899 = CARTESIAN_POINT('',(5.478053447827,0.273640392804));
#900 = CARTESIAN_POINT('',(5.423326483985,0.299526415989));
#901 = CARTESIAN_POINT('',(5.372958282085,0.325413330284));
#902 = CARTESIAN_POINT('',(5.326446551835,0.351300950857));
#903 = CARTESIAN_POINT('',(5.240271707047,0.403064755888));
#904 = CARTESIAN_POINT('',(5.20060558113,0.428940946957));
#905 = CARTESIAN_POINT('',(5.163906436116,0.454817590921));
#906 = CARTESIAN_POINT('',(5.129795459352,0.480694590771));
#907 = CARTESIAN_POINT('',(5.097959642697,0.506571873256));
#908 = CARTESIAN_POINT('',(5.068142743019,0.532449387505));
#909 = CARTESIAN_POINT('',(4.976850788736,0.616772683713));
#910 = CARTESIAN_POINT('',(4.922760970014,0.675219221771));
#911 = CARTESIAN_POINT('',(4.875354879772,0.733666350957));
#912 = CARTESIAN_POINT('',(4.833206204415,0.792113848879));
#913 = CARTESIAN_POINT('',(4.795301850789,0.850561578756));
#914 = CARTESIAN_POINT('',(4.760916922465,0.909009480501));
#915 = CARTESIAN_POINT('',(4.726998743595,0.972106477851));
#916 = CARTESIAN_POINT('',(4.724518453564,0.976755396152));
#917 = CARTESIAN_POINT('',(4.722056650007,0.981404315306));
#918 = CARTESIAN_POINT('',(4.719613061932,0.98605323529));
#919 = CARTESIAN_POINT('',(4.717187424993,0.990702156081));
#920 = CARTESIAN_POINT('',(4.714779481494,0.995351077658));
#921 = CARTESIAN_POINT('',(4.712388980385,1.));
#922 = ( GEOMETRIC_REPRESENTATION_CONTEXT(2) 
PARAMETRIC_REPRESENTATION_CONTEXT() REPRESENTATION_CONTEXT('2D SPACE',''
  ) );
#923 = ORIENTED_EDGE('',*,*,#924,.F.);
#924 = EDGE_CURVE('',#925,#797,#927,.T.);
#925 = VERTEX_POINT('',#926);
#926 = CARTESIAN_POINT('',(37.5,-12.,108.5));
#927 = SURFACE_CURVE('',#928,(#932,#939),.PCURVE_S1.);
#928 = LINE('',#929,#930);
#929 = CARTESIAN_POINT('',(37.5,-12.,0.));
#930 = VECTOR('',#931,1.);
#931 = DIRECTION('',(0.,0.,-1.));
#932 = PCURVE('',#107,#933);
#933 = DEFINITIONAL_REPRESENTATION('',(#934),#938);
#934 = LINE('',#935,#936);
#935 = CARTESIAN_POINT('',(300.,337.5));
#936 = VECTOR('',#937,1.);
#937 = DIRECTION('',(-1.,0.));
#938 = ( GEOMETRIC_REPRESENTATION_CONTEXT(2) 
PARAMETRIC_REPRESENTATION_CONTEXT() REPRESENTATION_CONTEXT('2D SPACE',''
  ) );
#939 = PCURVE('',#940,#945);
#940 = CYLINDRICAL_SURFACE('',#941,0.75);
#941 = AXIS2_PLACEMENT_3D('',#942,#943,#944);
#942 = CARTESIAN_POINT('',(36.75,-12.,0.));
#943 = DIRECTION('',(0.,0.,-1.));
#944 = DIRECTION('',(0.,1.,0.));
#945 = DEFINITIONAL_REPRESENTATION('',(#946),#950);
#946 = LINE('',#947,#948);
#947 = CARTESIAN_POINT('',(1.570796326795,0.));
#948 = VECTOR('',#949,1.);
#949 = DIRECTION('',(0.,1.));
#950 = ( GEOMETRIC_REPRESENTATION_CONTEXT(2) 
PARAMETRIC_REPRESENTATION_CONTEXT() REPRESENTATION_CONTEXT('2D SPACE',''
  ) );
#951 = ORIENTED_EDGE('',*,*,#952,.T.);
#952 = EDGE_CURVE('',#925,#953,#955,.T.);
#953 = VERTEX_POINT('',#954);
#954 = CARTESIAN_POINT('',(38.,-12.,109.));
#955 = SURFACE_CURVE('',#956,(#960,#967),.PCURVE_S1.);
#956 = LINE('',#957,#958);
#957 = CARTESIAN_POINT('',(36.75,-12.,107.74999999999));
#958 = VECTOR('',#959,1.);
#959 = DIRECTION('',(0.707106781186,0.,0.707106781187));
#960 = PCURVE('',#107,#961);
#961 = DEFINITIONAL_REPRESENTATION('',(#962),#966);
#962 = LINE('',#963,#964);
#963 = CARTESIAN_POINT('',(407.74999999999,336.75));
#964 = VECTOR('',#965,1.);
#965 = DIRECTION('',(0.707106781187,0.707106781186));
#966 = ( GEOMETRIC_REPRESENTATION_CONTEXT(2) 
PARAMETRIC_REPRESENTATION_CONTEXT() REPRESENTATION_CONTEXT('2D SPACE',''
  ) );
#967 = PCURVE('',#968,#973);
#968 = CONICAL_SURFACE('',#969,0.75,0.785398163397);
#969 = AXIS2_PLACEMENT_3D('',#970,#971,#972);
#970 = CARTESIAN_POINT('',(36.75,-12.,108.5));
#971 = DIRECTION('',(-0.,-0.,1.));
#972 = DIRECTION('',(0.,1.,0.));
#973 = DEFINITIONAL_REPRESENTATION('',(#974),#978);
#974 = LINE('',#975,#976);
#975 = CARTESIAN_POINT('',(4.712388980385,-0.750000000001));
#976 = VECTOR('',#977,1.);
#977 = DIRECTION('',(0.,1.));
#978 = ( GEOMETRIC_REPRESENTATION_CONTEXT(2) 
PARAMETRIC_REPRESENTATION_CONTEXT() REPRESENTATION_CONTEXT('2D SPACE',''
  ) );
#979 = ORIENTED_EDGE('',*,*,#980,.F.);
#980 = EDGE_CURVE('',#981,#953,#983,.T.);
#981 = VERTEX_POINT('',#982);
#982 = CARTESIAN_POINT('',(39.75,-12.,109.));
#983 = SURFACE_CURVE('',#984,(#988,#995),.PCURVE_S1.);
#984 = LINE('',#985,#986);
#985 = CARTESIAN_POINT('',(-150.,-12.,109.));
#986 = VECTOR('',#987,1.);
#987 = DIRECTION('',(-1.,0.,0.));
#988 = PCURVE('',#107,#989);
#989 = DEFINITIONAL_REPRESENTATION('',(#990),#994);
#990 = LINE('',#991,#992);
#991 = CARTESIAN_POINT('',(409.,150.));
#992 = VECTOR('',#993,1.);
#993 = DIRECTION('',(0.,-1.));
#994 = ( GEOMETRIC_REPRESENTATION_CONTEXT(2) 
PARAMETRIC_REPRESENTATION_CONTEXT() REPRESENTATION_CONTEXT('2D SPACE',''
  ) );
#995 = PCURVE('',#485,#996);
#996 = DEFINITIONAL_REPRESENTATION('',(#997),#1001);
#997 = LINE('',#998,#999);
#998 = CARTESIAN_POINT('',(-150.,0.));
#999 = VECTOR('',#1000,1.);
#1000 = DIRECTION('',(-1.,0.));
#1001 = ( GEOMETRIC_REPRESENTATION_CONTEXT(2) 
PARAMETRIC_REPRESENTATION_CONTEXT() REPRESENTATION_CONTEXT('2D SPACE',''
  ) );
#1002 = ORIENTED_EDGE('',*,*,#1003,.F.);
#1003 = EDGE_CURVE('',#1004,#981,#1006,.T.);
#1004 = VERTEX_POINT('',#1005);
#1005 = CARTESIAN_POINT('',(39.75,-12.,80.7));
#1006 = SURFACE_CURVE('',#1007,(#1011,#1018),.PCURVE_S1.);
#1007 = LINE('',#1008,#1009);
#1008 = CARTESIAN_POINT('',(39.75,-12.,80.7));
#1009 = VECTOR('',#1010,1.);
#1010 = DIRECTION('',(0.,0.,1.));
#1011 = PCURVE('',#107,#1012);
#1012 = DEFINITIONAL_REPRESENTATION('',(#1013),#1017);
#1013 = LINE('',#1014,#1015);
#1014 = CARTESIAN_POINT('',(380.7,339.75));
#1015 = VECTOR('',#1016,1.);
#1016 = DIRECTION('',(1.,0.));
#1017 = ( GEOMETRIC_REPRESENTATION_CONTEXT(2) 
PARAMETRIC_REPRESENTATION_CONTEXT() REPRESENTATION_CONTEXT('2D SPACE',''
  ) );
#1018 = PCURVE('',#457,#1019);
#1019 = DEFINITIONAL_REPRESENTATION('',(#1020),#1024);
#1020 = LINE('',#1021,#1022);
#1021 = CARTESIAN_POINT('',(-4.138911435803E-13,0.));
#1022 = VECTOR('',#1023,1.);
#1023 = DIRECTION('',(-0.,-1.));
#1024 = ( GEOMETRIC_REPRESENTATION_CONTEXT(2) 
PARAMETRIC_REPRESENTATION_CONTEXT() REPRESENTATION_CONTEXT('2D SPACE',''
  ) );
#1025 = ORIENTED_EDGE('',*,*,#1026,.F.);
#1026 = EDGE_CURVE('',#1027,#1004,#1029,.T.);
#1027 = VERTEX_POINT('',#1028);
#1028 = CARTESIAN_POINT('',(44.75,-12.,80.7));
#1029 = SURFACE_CURVE('',#1030,(#1034,#1041),.PCURVE_S1.);
#1030 = LINE('',#1031,#1032);
#1031 = CARTESIAN_POINT('',(-150.,-12.,80.7));
#1032 = VECTOR('',#1033,1.);
#1033 = DIRECTION('',(-1.,0.,0.));
#1034 = PCURVE('',#107,#1035);
#1035 = DEFINITIONAL_REPRESENTATION('',(#1036),#1040);
#1036 = LINE('',#1037,#1038);
#1037 = CARTESIAN_POINT('',(380.7,150.));
#1038 = VECTOR('',#1039,1.);
#1039 = DIRECTION('',(0.,-1.));
#1040 = ( GEOMETRIC_REPRESENTATION_CONTEXT(2) 
PARAMETRIC_REPRESENTATION_CONTEXT() REPRESENTATION_CONTEXT('2D SPACE',''
  ) );
#1041 = PCURVE('',#429,#1042);
#1042 = DEFINITIONAL_REPRESENTATION('',(#1043),#1047);
#1043 = LINE('',#1044,#1045);
#1044 = CARTESIAN_POINT('',(-150.,-3.552713678801E-15));
#1045 = VECTOR('',#1046,1.);
#1046 = DIRECTION('',(-1.,0.));
#1047 = ( GEOMETRIC_REPRESENTATION_CONTEXT(2) 
PARAMETRIC_REPRESENTATION_CONTEXT() REPRESENTATION_CONTEXT('2D SPACE',''
  ) );
#1048 = ORIENTED_EDGE('',*,*,#1049,.F.);
#1049 = EDGE_CURVE('',#746,#1027,#1050,.T.);
#1050 = SURFACE_CURVE('',#1051,(#1055,#1062),.PCURVE_S1.);
#1051 = LINE('',#1052,#1053);
#1052 = CARTESIAN_POINT('',(44.75,-12.,69.9));
#1053 = VECTOR('',#1054,1.);
#1054 = DIRECTION('',(0.,0.,1.));
#1055 = PCURVE('',#107,#1056);
#1056 = DEFINITIONAL_REPRESENTATION('',(#1057),#1061);
#1057 = LINE('',#1058,#1059);
#1058 = CARTESIAN_POINT('',(369.9,344.75));
#1059 = VECTOR('',#1060,1.);
#1060 = DIRECTION('',(1.,0.));
#1061 = ( GEOMETRIC_REPRESENTATION_CONTEXT(2) 
PARAMETRIC_REPRESENTATION_CONTEXT() REPRESENTATION_CONTEXT('2D SPACE',''
  ) );
#1062 = PCURVE('',#401,#1063);
#1063 = DEFINITIONAL_REPRESENTATION('',(#1064),#1068);
#1064 = LINE('',#1065,#1066);
#1065 = CARTESIAN_POINT('',(-4.138911435803E-13,0.));
#1066 = VECTOR('',#1067,1.);
#1067 = DIRECTION('',(-0.,-1.));
#1068 = ( GEOMETRIC_REPRESENTATION_CONTEXT(2) 
PARAMETRIC_REPRESENTATION_CONTEXT() REPRESENTATION_CONTEXT('2D SPACE',''
  ) );
#1069 = ORIENTED_EDGE('',*,*,#745,.F.);
#1070 = FACE_BOUND('',#1071,.T.);
#1071 = EDGE_LOOP('',(#1072,#1102,#1130,#1158,#1181,#1204));
#1072 = ORIENTED_EDGE('',*,*,#1073,.F.);
#1073 = EDGE_CURVE('',#1074,#1076,#1078,.T.);
#1074 = VERTEX_POINT('',#1075);
#1075 = CARTESIAN_POINT('',(42.39,-12.,54.5));
#1076 = VERTEX_POINT('',#1077);
#1077 = CARTESIAN_POINT('',(42.39,-12.,44.5));
#1078 = SURFACE_CURVE('',#1079,(#1083,#1090),.PCURVE_S1.);
#1079 = LINE('',#1080,#1081);
#1080 = CARTESIAN_POINT('',(42.39,-12.,54.5));
#1081 = VECTOR('',#1082,1.);
#1082 = DIRECTION('',(-0.,-0.,-1.));
#1083 = PCURVE('',#107,#1084);
#1084 = DEFINITIONAL_REPRESENTATION('',(#1085),#1089);
#1085 = LINE('',#1086,#1087);
#1086 = CARTESIAN_POINT('',(354.5,342.39));
#1087 = VECTOR('',#1088,1.);
#1088 = DIRECTION('',(-1.,0.));
#1089 = ( GEOMETRIC_REPRESENTATION_CONTEXT(2) 
PARAMETRIC_REPRESENTATION_CONTEXT() REPRESENTATION_CONTEXT('2D SPACE',''
  ) );
#1090 = PCURVE('',#1091,#1096);
#1091 = CYLINDRICAL_SURFACE('',#1092,0.89);
#1092 = AXIS2_PLACEMENT_3D('',#1093,#1094,#1095);
#1093 = CARTESIAN_POINT('',(41.5,-12.,54.5));
#1094 = DIRECTION('',(0.,0.,1.));
#1095 = DIRECTION('',(1.,0.,-0.));
#1096 = DEFINITIONAL_REPRESENTATION('',(#1097),#1101);
#1097 = LINE('',#1098,#1099);
#1098 = CARTESIAN_POINT('',(6.28318530718,0.));
#1099 = VECTOR('',#1100,1.);
#1100 = DIRECTION('',(0.,-1.));
#1101 = ( GEOMETRIC_REPRESENTATION_CONTEXT(2) 
PARAMETRIC_REPRESENTATION_CONTEXT() REPRESENTATION_CONTEXT('2D SPACE',''
  ) );
#1102 = ORIENTED_EDGE('',*,*,#1103,.T.);
#1103 = EDGE_CURVE('',#1074,#1104,#1106,.T.);
#1104 = VERTEX_POINT('',#1105);
#1105 = CARTESIAN_POINT('',(42.39,-12.,64.5));
#1106 = SURFACE_CURVE('',#1107,(#1111,#1118),.PCURVE_S1.);
#1107 = LINE('',#1108,#1109);
#1108 = CARTESIAN_POINT('',(42.39,-12.,54.5));
#1109 = VECTOR('',#1110,1.);
#1110 = DIRECTION('',(0.,0.,1.));
#1111 = PCURVE('',#107,#1112);
#1112 = DEFINITIONAL_REPRESENTATION('',(#1113),#1117);
#1113 = LINE('',#1114,#1115);
#1114 = CARTESIAN_POINT('',(354.5,342.39));
#1115 = VECTOR('',#1116,1.);
#1116 = DIRECTION('',(1.,0.));
#1117 = ( GEOMETRIC_REPRESENTATION_CONTEXT(2) 
PARAMETRIC_REPRESENTATION_CONTEXT() REPRESENTATION_CONTEXT('2D SPACE',''
  ) );
#1118 = PCURVE('',#1119,#1124);
#1119 = CYLINDRICAL_SURFACE('',#1120,0.89);
#1120 = AXIS2_PLACEMENT_3D('',#1121,#1122,#1123);
#1121 = CARTESIAN_POINT('',(41.5,-12.,54.5));
#1122 = DIRECTION('',(-0.,-0.,-1.));
#1123 = DIRECTION('',(1.,0.,0.));
#1124 = DEFINITIONAL_REPRESENTATION('',(#1125),#1129);
#1125 = LINE('',#1126,#1127);
#1126 = CARTESIAN_POINT('',(-4.138911435803E-13,0.));
#1127 = VECTOR('',#1128,1.);
#1128 = DIRECTION('',(-0.,-1.));
#1129 = ( GEOMETRIC_REPRESENTATION_CONTEXT(2) 
PARAMETRIC_REPRESENTATION_CONTEXT() REPRESENTATION_CONTEXT('2D SPACE',''
  ) );
#1130 = ORIENTED_EDGE('',*,*,#1131,.F.);
#1131 = EDGE_CURVE('',#1132,#1104,#1134,.T.);
#1132 = VERTEX_POINT('',#1133);
#1133 = CARTESIAN_POINT('',(40.61,-12.,64.5));
#1134 = SURFACE_CURVE('',#1135,(#1139,#1146),.PCURVE_S1.);
#1135 = LINE('',#1136,#1137);
#1136 = CARTESIAN_POINT('',(-129.25,-12.,64.5));
#1137 = VECTOR('',#1138,1.);
#1138 = DIRECTION('',(1.,0.,0.));
#1139 = PCURVE('',#107,#1140);
#1140 = DEFINITIONAL_REPRESENTATION('',(#1141),#1145);
#1141 = LINE('',#1142,#1143);
#1142 = CARTESIAN_POINT('',(364.5,170.75));
#1143 = VECTOR('',#1144,1.);
#1144 = DIRECTION('',(0.,1.));
#1145 = ( GEOMETRIC_REPRESENTATION_CONTEXT(2) 
PARAMETRIC_REPRESENTATION_CONTEXT() REPRESENTATION_CONTEXT('2D SPACE',''
  ) );
#1146 = PCURVE('',#1147,#1152);
#1147 = PLANE('',#1148);
#1148 = AXIS2_PLACEMENT_3D('',#1149,#1150,#1151);
#1149 = CARTESIAN_POINT('',(41.5,-12.,64.5));
#1150 = DIRECTION('',(0.,0.,1.));
#1151 = DIRECTION('',(1.,0.,0.));
#1152 = DEFINITIONAL_REPRESENTATION('',(#1153),#1157);
#1153 = LINE('',#1154,#1155);
#1154 = CARTESIAN_POINT('',(-170.75,0.));
#1155 = VECTOR('',#1156,1.);
#1156 = DIRECTION('',(1.,0.));
#1157 = ( GEOMETRIC_REPRESENTATION_CONTEXT(2) 
PARAMETRIC_REPRESENTATION_CONTEXT() REPRESENTATION_CONTEXT('2D SPACE',''
  ) );
#1158 = ORIENTED_EDGE('',*,*,#1159,.T.);
#1159 = EDGE_CURVE('',#1132,#1160,#1162,.T.);
#1160 = VERTEX_POINT('',#1161);
#1161 = CARTESIAN_POINT('',(40.61,-12.,54.5));
#1162 = SURFACE_CURVE('',#1163,(#1167,#1174),.PCURVE_S1.);
#1163 = LINE('',#1164,#1165);
#1164 = CARTESIAN_POINT('',(40.61,-12.,54.5));
#1165 = VECTOR('',#1166,1.);
#1166 = DIRECTION('',(-0.,-0.,-1.));
#1167 = PCURVE('',#107,#1168);
#1168 = DEFINITIONAL_REPRESENTATION('',(#1169),#1173);
#1169 = LINE('',#1170,#1171);
#1170 = CARTESIAN_POINT('',(354.5,340.61));
#1171 = VECTOR('',#1172,1.);
#1172 = DIRECTION('',(-1.,0.));
#1173 = ( GEOMETRIC_REPRESENTATION_CONTEXT(2) 
PARAMETRIC_REPRESENTATION_CONTEXT() REPRESENTATION_CONTEXT('2D SPACE',''
  ) );
#1174 = PCURVE('',#1119,#1175);
#1175 = DEFINITIONAL_REPRESENTATION('',(#1176),#1180);
#1176 = LINE('',#1177,#1178);
#1177 = CARTESIAN_POINT('',(3.14159265359,0.));
#1178 = VECTOR('',#1179,1.);
#1179 = DIRECTION('',(0.,1.));
#1180 = ( GEOMETRIC_REPRESENTATION_CONTEXT(2) 
PARAMETRIC_REPRESENTATION_CONTEXT() REPRESENTATION_CONTEXT('2D SPACE',''
  ) );
#1181 = ORIENTED_EDGE('',*,*,#1182,.F.);
#1182 = EDGE_CURVE('',#1183,#1160,#1185,.T.);
#1183 = VERTEX_POINT('',#1184);
#1184 = CARTESIAN_POINT('',(40.61,-12.,44.5));
#1185 = SURFACE_CURVE('',#1186,(#1190,#1197),.PCURVE_S1.);
#1186 = LINE('',#1187,#1188);
#1187 = CARTESIAN_POINT('',(40.61,-12.,54.5));
#1188 = VECTOR('',#1189,1.);
#1189 = DIRECTION('',(0.,0.,1.));
#1190 = PCURVE('',#107,#1191);
#1191 = DEFINITIONAL_REPRESENTATION('',(#1192),#1196);
#1192 = LINE('',#1193,#1194);
#1193 = CARTESIAN_POINT('',(354.5,340.61));
#1194 = VECTOR('',#1195,1.);
#1195 = DIRECTION('',(1.,0.));
#1196 = ( GEOMETRIC_REPRESENTATION_CONTEXT(2) 
PARAMETRIC_REPRESENTATION_CONTEXT() REPRESENTATION_CONTEXT('2D SPACE',''
  ) );
#1197 = PCURVE('',#1091,#1198);
#1198 = DEFINITIONAL_REPRESENTATION('',(#1199),#1203);
#1199 = LINE('',#1200,#1201);
#1200 = CARTESIAN_POINT('',(3.14159265359,0.));
#1201 = VECTOR('',#1202,1.);
#1202 = DIRECTION('',(0.,1.));
#1203 = ( GEOMETRIC_REPRESENTATION_CONTEXT(2) 
PARAMETRIC_REPRESENTATION_CONTEXT() REPRESENTATION_CONTEXT('2D SPACE',''
  ) );
#1204 = ORIENTED_EDGE('',*,*,#1205,.F.);
#1205 = EDGE_CURVE('',#1076,#1183,#1206,.T.);
#1206 = SURFACE_CURVE('',#1207,(#1211,#1218),.PCURVE_S1.);
#1207 = LINE('',#1208,#1209);
#1208 = CARTESIAN_POINT('',(-129.25,-12.,44.5));
#1209 = VECTOR('',#1210,1.);
#1210 = DIRECTION('',(-1.,0.,0.));
#1211 = PCURVE('',#107,#1212);
#1212 = DEFINITIONAL_REPRESENTATION('',(#1213),#1217);
#1213 = LINE('',#1214,#1215);
#1214 = CARTESIAN_POINT('',(344.5,170.75));
#1215 = VECTOR('',#1216,1.);
#1216 = DIRECTION('',(0.,-1.));
#1217 = ( GEOMETRIC_REPRESENTATION_CONTEXT(2) 
PARAMETRIC_REPRESENTATION_CONTEXT() REPRESENTATION_CONTEXT('2D SPACE',''
  ) );
#1218 = PCURVE('',#1219,#1224);
#1219 = PLANE('',#1220);
#1220 = AXIS2_PLACEMENT_3D('',#1221,#1222,#1223);
#1221 = CARTESIAN_POINT('',(41.5,-12.,44.5));
#1222 = DIRECTION('',(0.,0.,1.));
#1223 = DIRECTION('',(1.,0.,-0.));
#1224 = DEFINITIONAL_REPRESENTATION('',(#1225),#1229);
#1225 = LINE('',#1226,#1227);
#1226 = CARTESIAN_POINT('',(-170.75,0.));
#1227 = VECTOR('',#1228,1.);
#1228 = DIRECTION('',(-1.,0.));
#1229 = ( GEOMETRIC_REPRESENTATION_CONTEXT(2) 
PARAMETRIC_REPRESENTATION_CONTEXT() REPRESENTATION_CONTEXT('2D SPACE',''
  ) );
#1230 = ADVANCED_FACE('',(#1231),#310,.F.);
#1231 = FACE_BOUND('',#1232,.F.);
#1232 = EDGE_LOOP('',(#1233,#1234,#1235,#1257));
#1233 = ORIENTED_EDGE('',*,*,#553,.F.);
#1234 = ORIENTED_EDGE('',*,*,#293,.T.);
#1235 = ORIENTED_EDGE('',*,*,#1236,.T.);
#1236 = EDGE_CURVE('',#246,#1237,#1239,.T.);
#1237 = VERTEX_POINT('',#1238);
#1238 = CARTESIAN_POINT('',(-36.75,-12.75,99.));
#1239 = SURFACE_CURVE('',#1240,(#1243,#1250),.PCURVE_S1.);
#1240 = B_SPLINE_CURVE_WITH_KNOTS('',1,(#1241,#1242),.UNSPECIFIED.,.F.,
  .F.,(2,2),(0.,1.),.PIECEWISE_BEZIER_KNOTS.);
#1241 = CARTESIAN_POINT('',(-37.79213073791,-12.77126797424,0.));
#1242 = CARTESIAN_POINT('',(-36.75,-12.75,99.));
#1243 = PCURVE('',#310,#1244);
#1244 = DEFINITIONAL_REPRESENTATION('',(#1245),#1249);
#1245 = LINE('',#1246,#1247);
#1246 = CARTESIAN_POINT('',(6.28318530718,0.));
#1247 = VECTOR('',#1248,1.);
#1248 = DIRECTION('',(0.,1.));
#1249 = ( GEOMETRIC_REPRESENTATION_CONTEXT(2) 
PARAMETRIC_REPRESENTATION_CONTEXT() REPRESENTATION_CONTEXT('2D SPACE',''
  ) );
#1250 = PCURVE('',#262,#1251);
#1251 = DEFINITIONAL_REPRESENTATION('',(#1252),#1256);
#1252 = LINE('',#1253,#1254);
#1253 = CARTESIAN_POINT('',(-73.5,0.));
#1254 = VECTOR('',#1255,1.);
#1255 = DIRECTION('',(0.,1.));
#1256 = ( GEOMETRIC_REPRESENTATION_CONTEXT(2) 
PARAMETRIC_REPRESENTATION_CONTEXT() REPRESENTATION_CONTEXT('2D SPACE',''
  ) );
#1257 = ORIENTED_EDGE('',*,*,#1258,.T.);
#1258 = EDGE_CURVE('',#1237,#526,#1259,.T.);
#1259 = SURFACE_CURVE('',#1260,(#1265,#1272),.PCURVE_S1.);
#1260 = CIRCLE('',#1261,0.75);
#1261 = AXIS2_PLACEMENT_3D('',#1262,#1263,#1264);
#1262 = CARTESIAN_POINT('',(-36.75,-12.,99.));
#1263 = DIRECTION('',(0.,-0.,-1.));
#1264 = DIRECTION('',(0.,-1.,0.));
#1265 = PCURVE('',#310,#1266);
#1266 = DEFINITIONAL_REPRESENTATION('',(#1267),#1271);
#1267 = LINE('',#1268,#1269);
#1268 = CARTESIAN_POINT('',(6.28318530718,1.));
#1269 = VECTOR('',#1270,1.);
#1270 = DIRECTION('',(-1.,0.));
#1271 = ( GEOMETRIC_REPRESENTATION_CONTEXT(2) 
PARAMETRIC_REPRESENTATION_CONTEXT() REPRESENTATION_CONTEXT('2D SPACE',''
  ) );
#1272 = PCURVE('',#541,#1273);
#1273 = DEFINITIONAL_REPRESENTATION('',(#1274),#1277);
#1274 = B_SPLINE_CURVE_WITH_KNOTS('',1,(#1275,#1276),.UNSPECIFIED.,.F.,
  .F.,(2,2),(0.,3.14159265359),.PIECEWISE_BEZIER_KNOTS.);
#1275 = CARTESIAN_POINT('',(0.,0.));
#1276 = CARTESIAN_POINT('',(3.14159265359,0.));
#1277 = ( GEOMETRIC_REPRESENTATION_CONTEXT(2) 
PARAMETRIC_REPRESENTATION_CONTEXT() REPRESENTATION_CONTEXT('2D SPACE',''
  ) );
#1278 = ADVANCED_FACE('',(#1279),#262,.F.);
#1279 = FACE_BOUND('',#1280,.F.);
#1280 = EDGE_LOOP('',(#1281,#1282,#1304,#1330));
#1281 = ORIENTED_EDGE('',*,*,#245,.T.);
#1282 = ORIENTED_EDGE('',*,*,#1283,.T.);
#1283 = EDGE_CURVE('',#202,#1284,#1286,.T.);
#1284 = VERTEX_POINT('',#1285);
#1285 = CARTESIAN_POINT('',(36.75,-12.75,99.));
#1286 = SURFACE_CURVE('',#1287,(#1290,#1297),.PCURVE_S1.);
#1287 = B_SPLINE_CURVE_WITH_KNOTS('',1,(#1288,#1289),.UNSPECIFIED.,.F.,
  .F.,(2,2),(0.,1.),.PIECEWISE_BEZIER_KNOTS.);
#1288 = CARTESIAN_POINT('',(37.792130737918,-12.77126797424,0.));
#1289 = CARTESIAN_POINT('',(36.75,-12.75,99.));
#1290 = PCURVE('',#262,#1291);
#1291 = DEFINITIONAL_REPRESENTATION('',(#1292),#1296);
#1292 = LINE('',#1293,#1294);
#1293 = CARTESIAN_POINT('',(0.,0.));
#1294 = VECTOR('',#1295,1.);
#1295 = DIRECTION('',(0.,1.));
#1296 = ( GEOMETRIC_REPRESENTATION_CONTEXT(2) 
PARAMETRIC_REPRESENTATION_CONTEXT() REPRESENTATION_CONTEXT('2D SPACE',''
  ) );
#1297 = PCURVE('',#218,#1298);
#1298 = DEFINITIONAL_REPRESENTATION('',(#1299),#1303);
#1299 = LINE('',#1300,#1301);
#1300 = CARTESIAN_POINT('',(3.14159265359,0.));
#1301 = VECTOR('',#1302,1.);
#1302 = DIRECTION('',(0.,1.));
#1303 = ( GEOMETRIC_REPRESENTATION_CONTEXT(2) 
PARAMETRIC_REPRESENTATION_CONTEXT() REPRESENTATION_CONTEXT('2D SPACE',''
  ) );
#1304 = ORIENTED_EDGE('',*,*,#1305,.T.);
#1305 = EDGE_CURVE('',#1284,#1237,#1306,.T.);
#1306 = SURFACE_CURVE('',#1307,(#1311,#1318),.PCURVE_S1.);
#1307 = LINE('',#1308,#1309);
#1308 = CARTESIAN_POINT('',(36.75,-12.75,99.));
#1309 = VECTOR('',#1310,1.);
#1310 = DIRECTION('',(-1.,0.,0.));
#1311 = PCURVE('',#262,#1312);
#1312 = DEFINITIONAL_REPRESENTATION('',(#1313),#1317);
#1313 = LINE('',#1314,#1315);
#1314 = CARTESIAN_POINT('',(0.,1.));
#1315 = VECTOR('',#1316,1.);
#1316 = DIRECTION('',(-1.,0.));
#1317 = ( GEOMETRIC_REPRESENTATION_CONTEXT(2) 
PARAMETRIC_REPRESENTATION_CONTEXT() REPRESENTATION_CONTEXT('2D SPACE',''
  ) );
#1318 = PCURVE('',#1319,#1324);
#1319 = PLANE('',#1320);
#1320 = AXIS2_PLACEMENT_3D('',#1321,#1322,#1323);
#1321 = CARTESIAN_POINT('',(36.75,-12.75,99.));
#1322 = DIRECTION('',(0.,-1.,0.));
#1323 = DIRECTION('',(-1.,0.,0.));
#1324 = DEFINITIONAL_REPRESENTATION('',(#1325),#1329);
#1325 = LINE('',#1326,#1327);
#1326 = CARTESIAN_POINT('',(0.,-0.));
#1327 = VECTOR('',#1328,1.);
#1328 = DIRECTION('',(1.,0.));
#1329 = ( GEOMETRIC_REPRESENTATION_CONTEXT(2) 
PARAMETRIC_REPRESENTATION_CONTEXT() REPRESENTATION_CONTEXT('2D SPACE',''
  ) );
#1330 = ORIENTED_EDGE('',*,*,#1236,.F.);
#1331 = ADVANCED_FACE('',(#1332),#218,.F.);
#1332 = FACE_BOUND('',#1333,.F.);
#1333 = EDGE_LOOP('',(#1334,#1335,#1336,#1337));
#1334 = ORIENTED_EDGE('',*,*,#1283,.F.);
#1335 = ORIENTED_EDGE('',*,*,#201,.T.);
#1336 = ORIENTED_EDGE('',*,*,#796,.T.);
#1337 = ORIENTED_EDGE('',*,*,#1338,.T.);
#1338 = EDGE_CURVE('',#797,#1284,#1339,.T.);
#1339 = SURFACE_CURVE('',#1340,(#1345,#1352),.PCURVE_S1.);
#1340 = CIRCLE('',#1341,0.75);
#1341 = AXIS2_PLACEMENT_3D('',#1342,#1343,#1344);
#1342 = CARTESIAN_POINT('',(36.75,-12.,99.));
#1343 = DIRECTION('',(0.,0.,-1.));
#1344 = DIRECTION('',(0.,1.,0.));
#1345 = PCURVE('',#218,#1346);
#1346 = DEFINITIONAL_REPRESENTATION('',(#1347),#1351);
#1347 = LINE('',#1348,#1349);
#1348 = CARTESIAN_POINT('',(6.28318530718,1.));
#1349 = VECTOR('',#1350,1.);
#1350 = DIRECTION('',(-1.,0.));
#1351 = ( GEOMETRIC_REPRESENTATION_CONTEXT(2) 
PARAMETRIC_REPRESENTATION_CONTEXT() REPRESENTATION_CONTEXT('2D SPACE',''
  ) );
#1352 = PCURVE('',#940,#1353);
#1353 = DEFINITIONAL_REPRESENTATION('',(#1354),#1358);
#1354 = LINE('',#1355,#1356);
#1355 = CARTESIAN_POINT('',(0.,-99.));
#1356 = VECTOR('',#1357,1.);
#1357 = DIRECTION('',(1.,0.));
#1358 = ( GEOMETRIC_REPRESENTATION_CONTEXT(2) 
PARAMETRIC_REPRESENTATION_CONTEXT() REPRESENTATION_CONTEXT('2D SPACE',''
  ) );
#1359 = ADVANCED_FACE('',(#1360),#401,.T.);
#1360 = FACE_BOUND('',#1361,.T.);
#1361 = EDGE_LOOP('',(#1362,#1363,#1364,#1386));
#1362 = ORIENTED_EDGE('',*,*,#768,.T.);
#1363 = ORIENTED_EDGE('',*,*,#1049,.T.);
#1364 = ORIENTED_EDGE('',*,*,#1365,.F.);
#1365 = EDGE_CURVE('',#386,#1027,#1366,.T.);
#1366 = SURFACE_CURVE('',#1367,(#1372,#1379),.PCURVE_S1.);
#1367 = CIRCLE('',#1368,44.75);
#1368 = AXIS2_PLACEMENT_3D('',#1369,#1370,#1371);
#1369 = CARTESIAN_POINT('',(0.,-12.,80.7));
#1370 = DIRECTION('',(0.,0.,1.));
#1371 = DIRECTION('',(1.,0.,-0.));
#1372 = PCURVE('',#401,#1373);
#1373 = DEFINITIONAL_REPRESENTATION('',(#1374),#1378);
#1374 = LINE('',#1375,#1376);
#1375 = CARTESIAN_POINT('',(6.28318530718,-10.8));
#1376 = VECTOR('',#1377,1.);
#1377 = DIRECTION('',(-1.,0.));
#1378 = ( GEOMETRIC_REPRESENTATION_CONTEXT(2) 
PARAMETRIC_REPRESENTATION_CONTEXT() REPRESENTATION_CONTEXT('2D SPACE',''
  ) );
#1379 = PCURVE('',#429,#1380);
#1380 = DEFINITIONAL_REPRESENTATION('',(#1381),#1385);
#1381 = CIRCLE('',#1382,44.75);
#1382 = AXIS2_PLACEMENT_2D('',#1383,#1384);
#1383 = CARTESIAN_POINT('',(2.933502854163E-15,-3.552713678801E-15));
#1384 = DIRECTION('',(1.,0.));
#1385 = ( GEOMETRIC_REPRESENTATION_CONTEXT(2) 
PARAMETRIC_REPRESENTATION_CONTEXT() REPRESENTATION_CONTEXT('2D SPACE',''
  ) );
#1386 = ORIENTED_EDGE('',*,*,#385,.T.);
#1387 = ADVANCED_FACE('',(#1388),#429,.T.);
#1388 = FACE_BOUND('',#1389,.T.);
#1389 = EDGE_LOOP('',(#1390,#1391,#1392,#1414));
#1390 = ORIENTED_EDGE('',*,*,#1365,.T.);
#1391 = ORIENTED_EDGE('',*,*,#1026,.T.);
#1392 = ORIENTED_EDGE('',*,*,#1393,.F.);
#1393 = EDGE_CURVE('',#414,#1004,#1394,.T.);
#1394 = SURFACE_CURVE('',#1395,(#1400,#1407),.PCURVE_S1.);
#1395 = CIRCLE('',#1396,39.75);
#1396 = AXIS2_PLACEMENT_3D('',#1397,#1398,#1399);
#1397 = CARTESIAN_POINT('',(0.,-12.,80.7));
#1398 = DIRECTION('',(0.,0.,1.));
#1399 = DIRECTION('',(1.,0.,-0.));
#1400 = PCURVE('',#429,#1401);
#1401 = DEFINITIONAL_REPRESENTATION('',(#1402),#1406);
#1402 = CIRCLE('',#1403,39.75);
#1403 = AXIS2_PLACEMENT_2D('',#1404,#1405);
#1404 = CARTESIAN_POINT('',(2.933502854163E-15,-3.552713678801E-15));
#1405 = DIRECTION('',(1.,0.));
#1406 = ( GEOMETRIC_REPRESENTATION_CONTEXT(2) 
PARAMETRIC_REPRESENTATION_CONTEXT() REPRESENTATION_CONTEXT('2D SPACE',''
  ) );
#1407 = PCURVE('',#457,#1408);
#1408 = DEFINITIONAL_REPRESENTATION('',(#1409),#1413);
#1409 = LINE('',#1410,#1411);
#1410 = CARTESIAN_POINT('',(6.28318530718,0.));
#1411 = VECTOR('',#1412,1.);
#1412 = DIRECTION('',(-1.,0.));
#1413 = ( GEOMETRIC_REPRESENTATION_CONTEXT(2) 
PARAMETRIC_REPRESENTATION_CONTEXT() REPRESENTATION_CONTEXT('2D SPACE',''
  ) );
#1414 = ORIENTED_EDGE('',*,*,#413,.T.);
#1415 = ADVANCED_FACE('',(#1416),#541,.F.);
#1416 = FACE_BOUND('',#1417,.F.);
#1417 = EDGE_LOOP('',(#1418,#1419,#1442,#1464));
#1418 = ORIENTED_EDGE('',*,*,#1258,.F.);
#1419 = ORIENTED_EDGE('',*,*,#1420,.T.);
#1420 = EDGE_CURVE('',#1237,#1421,#1423,.T.);
#1421 = VERTEX_POINT('',#1422);
#1422 = CARTESIAN_POINT('',(-36.75,-12.75,108.5));
#1423 = SURFACE_CURVE('',#1424,(#1428,#1435),.PCURVE_S1.);
#1424 = LINE('',#1425,#1426);
#1425 = CARTESIAN_POINT('',(-36.75,-12.75,99.));
#1426 = VECTOR('',#1427,1.);
#1427 = DIRECTION('',(0.,0.,1.));
#1428 = PCURVE('',#541,#1429);
#1429 = DEFINITIONAL_REPRESENTATION('',(#1430),#1434);
#1430 = LINE('',#1431,#1432);
#1431 = CARTESIAN_POINT('',(0.,0.));
#1432 = VECTOR('',#1433,1.);
#1433 = DIRECTION('',(0.,-1.));
#1434 = ( GEOMETRIC_REPRESENTATION_CONTEXT(2) 
PARAMETRIC_REPRESENTATION_CONTEXT() REPRESENTATION_CONTEXT('2D SPACE',''
  ) );
#1435 = PCURVE('',#1319,#1436);
#1436 = DEFINITIONAL_REPRESENTATION('',(#1437),#1441);
#1437 = LINE('',#1438,#1439);
#1438 = CARTESIAN_POINT('',(73.5,0.));
#1439 = VECTOR('',#1440,1.);
#1440 = DIRECTION('',(0.,-1.));
#1441 = ( GEOMETRIC_REPRESENTATION_CONTEXT(2) 
PARAMETRIC_REPRESENTATION_CONTEXT() REPRESENTATION_CONTEXT('2D SPACE',''
  ) );
#1442 = ORIENTED_EDGE('',*,*,#1443,.T.);
#1443 = EDGE_CURVE('',#1421,#498,#1444,.T.);
#1444 = SURFACE_CURVE('',#1445,(#1450,#1457),.PCURVE_S1.);
#1445 = CIRCLE('',#1446,0.75);
#1446 = AXIS2_PLACEMENT_3D('',#1447,#1448,#1449);
#1447 = CARTESIAN_POINT('',(-36.75,-12.,108.5));
#1448 = DIRECTION('',(0.,-0.,-1.));
#1449 = DIRECTION('',(0.,-1.,0.));
#1450 = PCURVE('',#541,#1451);
#1451 = DEFINITIONAL_REPRESENTATION('',(#1452),#1456);
#1452 = LINE('',#1453,#1454);
#1453 = CARTESIAN_POINT('',(0.,-9.5));
#1454 = VECTOR('',#1455,1.);
#1455 = DIRECTION('',(1.,0.));
#1456 = ( GEOMETRIC_REPRESENTATION_CONTEXT(2) 
PARAMETRIC_REPRESENTATION_CONTEXT() REPRESENTATION_CONTEXT('2D SPACE',''
  ) );
#1457 = PCURVE('',#513,#1458);
#1458 = DEFINITIONAL_REPRESENTATION('',(#1459),#1463);
#1459 = LINE('',#1460,#1461);
#1460 = CARTESIAN_POINT('',(6.28318530718,0.));
#1461 = VECTOR('',#1462,1.);
#1462 = DIRECTION('',(-1.,0.));
#1463 = ( GEOMETRIC_REPRESENTATION_CONTEXT(2) 
PARAMETRIC_REPRESENTATION_CONTEXT() REPRESENTATION_CONTEXT('2D SPACE',''
  ) );
#1464 = ORIENTED_EDGE('',*,*,#525,.T.);
#1465 = ADVANCED_FACE('',(#1466),#457,.T.);
#1466 = FACE_BOUND('',#1467,.T.);
#1467 = EDGE_LOOP('',(#1468,#1469,#1470,#1492));
#1468 = ORIENTED_EDGE('',*,*,#1393,.T.);
#1469 = ORIENTED_EDGE('',*,*,#1003,.T.);
#1470 = ORIENTED_EDGE('',*,*,#1471,.F.);
#1471 = EDGE_CURVE('',#442,#981,#1472,.T.);
#1472 = SURFACE_CURVE('',#1473,(#1478,#1485),.PCURVE_S1.);
#1473 = CIRCLE('',#1474,39.75);
#1474 = AXIS2_PLACEMENT_3D('',#1475,#1476,#1477);
#1475 = CARTESIAN_POINT('',(0.,-12.,109.));
#1476 = DIRECTION('',(0.,0.,1.));
#1477 = DIRECTION('',(1.,0.,-0.));
#1478 = PCURVE('',#457,#1479);
#1479 = DEFINITIONAL_REPRESENTATION('',(#1480),#1484);
#1480 = LINE('',#1481,#1482);
#1481 = CARTESIAN_POINT('',(6.28318530718,-28.3));
#1482 = VECTOR('',#1483,1.);
#1483 = DIRECTION('',(-1.,0.));
#1484 = ( GEOMETRIC_REPRESENTATION_CONTEXT(2) 
PARAMETRIC_REPRESENTATION_CONTEXT() REPRESENTATION_CONTEXT('2D SPACE',''
  ) );
#1485 = PCURVE('',#485,#1486);
#1486 = DEFINITIONAL_REPRESENTATION('',(#1487),#1491);
#1487 = CIRCLE('',#1488,39.75);
#1488 = AXIS2_PLACEMENT_2D('',#1489,#1490);
#1489 = CARTESIAN_POINT('',(4.403329231825E-15,0.));
#1490 = DIRECTION('',(1.,0.));
#1491 = ( GEOMETRIC_REPRESENTATION_CONTEXT(2) 
PARAMETRIC_REPRESENTATION_CONTEXT() REPRESENTATION_CONTEXT('2D SPACE',''
  ) );
#1492 = ORIENTED_EDGE('',*,*,#441,.T.);
#1493 = ADVANCED_FACE('',(#1494),#513,.F.);
#1494 = FACE_BOUND('',#1495,.F.);
#1495 = EDGE_LOOP('',(#1496,#1497,#1522,#1548));
#1496 = ORIENTED_EDGE('',*,*,#1443,.F.);
#1497 = ORIENTED_EDGE('',*,*,#1498,.T.);
#1498 = EDGE_CURVE('',#1421,#1499,#1501,.T.);
#1499 = VERTEX_POINT('',#1500);
#1500 = CARTESIAN_POINT('',(-36.75,-13.25,109.));
#1501 = SURFACE_CURVE('',#1502,(#1505,#1511),.PCURVE_S1.);
#1502 = B_SPLINE_CURVE_WITH_KNOTS('',1,(#1503,#1504),.UNSPECIFIED.,.F.,
  .F.,(2,2),(0.,1.),.PIECEWISE_BEZIER_KNOTS.);
#1503 = CARTESIAN_POINT('',(-36.75,-12.75,108.5));
#1504 = CARTESIAN_POINT('',(-36.75,-13.25,109.));
#1505 = PCURVE('',#513,#1506);
#1506 = DEFINITIONAL_REPRESENTATION('',(#1507),#1510);
#1507 = B_SPLINE_CURVE_WITH_KNOTS('',1,(#1508,#1509),.UNSPECIFIED.,.F.,
  .F.,(2,2),(0.,1.),.PIECEWISE_BEZIER_KNOTS.);
#1508 = CARTESIAN_POINT('',(6.28318530718,0.));
#1509 = CARTESIAN_POINT('',(6.28318530718,0.5));
#1510 = ( GEOMETRIC_REPRESENTATION_CONTEXT(2) 
PARAMETRIC_REPRESENTATION_CONTEXT() REPRESENTATION_CONTEXT('2D SPACE',''
  ) );
#1511 = PCURVE('',#1512,#1517);
#1512 = PLANE('',#1513);
#1513 = AXIS2_PLACEMENT_3D('',#1514,#1515,#1516);
#1514 = CARTESIAN_POINT('',(36.75,-13.25,109.));
#1515 = DIRECTION('',(0.,0.707106781187,0.707106781187));
#1516 = DIRECTION('',(-1.,0.,0.));
#1517 = DEFINITIONAL_REPRESENTATION('',(#1518),#1521);
#1518 = B_SPLINE_CURVE_WITH_KNOTS('',1,(#1519,#1520),.UNSPECIFIED.,.F.,
  .F.,(2,2),(0.,1.),.PIECEWISE_BEZIER_KNOTS.);
#1519 = CARTESIAN_POINT('',(73.5,-0.707106781187));
#1520 = CARTESIAN_POINT('',(73.5,0.));
#1521 = ( GEOMETRIC_REPRESENTATION_CONTEXT(2) 
PARAMETRIC_REPRESENTATION_CONTEXT() REPRESENTATION_CONTEXT('2D SPACE',''
  ) );
#1522 = ORIENTED_EDGE('',*,*,#1523,.T.);
#1523 = EDGE_CURVE('',#1499,#470,#1524,.T.);
#1524 = SURFACE_CURVE('',#1525,(#1530,#1537),.PCURVE_S1.);
#1525 = CIRCLE('',#1526,1.25);
#1526 = AXIS2_PLACEMENT_3D('',#1527,#1528,#1529);
#1527 = CARTESIAN_POINT('',(-36.75,-12.,109.));
#1528 = DIRECTION('',(0.,-0.,-1.));
#1529 = DIRECTION('',(0.,-1.,0.));
#1530 = PCURVE('',#513,#1531);
#1531 = DEFINITIONAL_REPRESENTATION('',(#1532),#1536);
#1532 = LINE('',#1533,#1534);
#1533 = CARTESIAN_POINT('',(6.28318530718,0.5));
#1534 = VECTOR('',#1535,1.);
#1535 = DIRECTION('',(-1.,0.));
#1536 = ( GEOMETRIC_REPRESENTATION_CONTEXT(2) 
PARAMETRIC_REPRESENTATION_CONTEXT() REPRESENTATION_CONTEXT('2D SPACE',''
  ) );
#1537 = PCURVE('',#485,#1538);
#1538 = DEFINITIONAL_REPRESENTATION('',(#1539),#1547);
#1539 = ( BOUNDED_CURVE() B_SPLINE_CURVE(2,(#1540,#1541,#1542,#1543,
#1544,#1545,#1546),.UNSPECIFIED.,.T.,.F.) B_SPLINE_CURVE_WITH_KNOTS((1,2
    ,2,2,2,1),(-2.094395102393,0.,2.094395102393,4.188790204786,
6.28318530718,8.377580409573),.UNSPECIFIED.) CURVE() 
GEOMETRIC_REPRESENTATION_ITEM() RATIONAL_B_SPLINE_CURVE((1.,0.5,1.,0.5,
1.,0.5,1.)) REPRESENTATION_ITEM('') );
#1540 = CARTESIAN_POINT('',(-36.75,-1.25));
#1541 = CARTESIAN_POINT('',(-38.91506350946,-1.25));
#1542 = CARTESIAN_POINT('',(-37.83253175473,0.625));
#1543 = CARTESIAN_POINT('',(-36.75,2.5));
#1544 = CARTESIAN_POINT('',(-35.66746824526,0.625));
#1545 = CARTESIAN_POINT('',(-34.58493649053,-1.25));
#1546 = CARTESIAN_POINT('',(-36.75,-1.25));
#1547 = ( GEOMETRIC_REPRESENTATION_CONTEXT(2) 
PARAMETRIC_REPRESENTATION_CONTEXT() REPRESENTATION_CONTEXT('2D SPACE',''
  ) );
#1548 = ORIENTED_EDGE('',*,*,#497,.F.);
#1549 = ADVANCED_FACE('',(#1550),#485,.T.);
#1550 = FACE_BOUND('',#1551,.T.);
#1551 = EDGE_LOOP('',(#1552,#1553,#1554,#1582,#1603,#1604));
#1552 = ORIENTED_EDGE('',*,*,#1471,.T.);
#1553 = ORIENTED_EDGE('',*,*,#980,.T.);
#1554 = ORIENTED_EDGE('',*,*,#1555,.T.);
#1555 = EDGE_CURVE('',#953,#1556,#1558,.T.);
#1556 = VERTEX_POINT('',#1557);
#1557 = CARTESIAN_POINT('',(36.75,-13.25,109.));
#1558 = SURFACE_CURVE('',#1559,(#1564,#1575),.PCURVE_S1.);
#1559 = CIRCLE('',#1560,1.25);
#1560 = AXIS2_PLACEMENT_3D('',#1561,#1562,#1563);
#1561 = CARTESIAN_POINT('',(36.75,-12.,109.));
#1562 = DIRECTION('',(0.,0.,-1.));
#1563 = DIRECTION('',(0.,1.,0.));
#1564 = PCURVE('',#485,#1565);
#1565 = DEFINITIONAL_REPRESENTATION('',(#1566),#1574);
#1566 = ( BOUNDED_CURVE() B_SPLINE_CURVE(2,(#1567,#1568,#1569,#1570,
#1571,#1572,#1573),.UNSPECIFIED.,.T.,.F.) B_SPLINE_CURVE_WITH_KNOTS((1,2
    ,2,2,2,1),(-2.094395102393,0.,2.094395102393,4.188790204786,
6.28318530718,8.377580409573),.UNSPECIFIED.) CURVE() 
GEOMETRIC_REPRESENTATION_ITEM() RATIONAL_B_SPLINE_CURVE((1.,0.5,1.,0.5,
1.,0.5,1.)) REPRESENTATION_ITEM('') );
#1567 = CARTESIAN_POINT('',(36.75,1.25));
#1568 = CARTESIAN_POINT('',(38.915063509461,1.25));
#1569 = CARTESIAN_POINT('',(37.832531754731,-0.625));
#1570 = CARTESIAN_POINT('',(36.75,-2.5));
#1571 = CARTESIAN_POINT('',(35.667468245269,-0.625));
#1572 = CARTESIAN_POINT('',(34.584936490539,1.25));
#1573 = CARTESIAN_POINT('',(36.75,1.25));
#1574 = ( GEOMETRIC_REPRESENTATION_CONTEXT(2) 
PARAMETRIC_REPRESENTATION_CONTEXT() REPRESENTATION_CONTEXT('2D SPACE',''
  ) );
#1575 = PCURVE('',#968,#1576);
#1576 = DEFINITIONAL_REPRESENTATION('',(#1577),#1581);
#1577 = LINE('',#1578,#1579);
#1578 = CARTESIAN_POINT('',(6.28318530718,0.5));
#1579 = VECTOR('',#1580,1.);
#1580 = DIRECTION('',(-1.,0.));
#1581 = ( GEOMETRIC_REPRESENTATION_CONTEXT(2) 
PARAMETRIC_REPRESENTATION_CONTEXT() REPRESENTATION_CONTEXT('2D SPACE',''
  ) );
#1582 = ORIENTED_EDGE('',*,*,#1583,.T.);
#1583 = EDGE_CURVE('',#1556,#1499,#1584,.T.);
#1584 = SURFACE_CURVE('',#1585,(#1589,#1596),.PCURVE_S1.);
#1585 = LINE('',#1586,#1587);
#1586 = CARTESIAN_POINT('',(36.75,-13.25,109.));
#1587 = VECTOR('',#1588,1.);
#1588 = DIRECTION('',(-1.,0.,0.));
#1589 = PCURVE('',#485,#1590);
#1590 = DEFINITIONAL_REPRESENTATION('',(#1591),#1595);
#1591 = LINE('',#1592,#1593);
#1592 = CARTESIAN_POINT('',(36.75,-1.25));
#1593 = VECTOR('',#1594,1.);
#1594 = DIRECTION('',(-1.,0.));
#1595 = ( GEOMETRIC_REPRESENTATION_CONTEXT(2) 
PARAMETRIC_REPRESENTATION_CONTEXT() REPRESENTATION_CONTEXT('2D SPACE',''
  ) );
#1596 = PCURVE('',#1512,#1597);
#1597 = DEFINITIONAL_REPRESENTATION('',(#1598),#1602);
#1598 = LINE('',#1599,#1600);
#1599 = CARTESIAN_POINT('',(0.,0.));
#1600 = VECTOR('',#1601,1.);
#1601 = DIRECTION('',(1.,0.));
#1602 = ( GEOMETRIC_REPRESENTATION_CONTEXT(2) 
PARAMETRIC_REPRESENTATION_CONTEXT() REPRESENTATION_CONTEXT('2D SPACE',''
  ) );
#1603 = ORIENTED_EDGE('',*,*,#1523,.T.);
#1604 = ORIENTED_EDGE('',*,*,#469,.T.);
#1605 = ADVANCED_FACE('',(#1606),#601,.F.);
#1606 = FACE_BOUND('',#1607,.F.);
#1607 = EDGE_LOOP('',(#1608,#1609,#1631,#1632));
#1608 = ORIENTED_EDGE('',*,*,#583,.F.);
#1609 = ORIENTED_EDGE('',*,*,#1610,.F.);
#1610 = EDGE_CURVE('',#670,#584,#1611,.T.);
#1611 = SURFACE_CURVE('',#1612,(#1617,#1624),.PCURVE_S1.);
#1612 = CIRCLE('',#1613,0.89);
#1613 = AXIS2_PLACEMENT_3D('',#1614,#1615,#1616);
#1614 = CARTESIAN_POINT('',(-41.5,-12.,54.5));
#1615 = DIRECTION('',(0.,0.,1.));
#1616 = DIRECTION('',(1.,0.,-0.));
#1617 = PCURVE('',#601,#1618);
#1618 = DEFINITIONAL_REPRESENTATION('',(#1619),#1623);
#1619 = LINE('',#1620,#1621);
#1620 = CARTESIAN_POINT('',(0.,0.));
#1621 = VECTOR('',#1622,1.);
#1622 = DIRECTION('',(1.,0.));
#1623 = ( GEOMETRIC_REPRESENTATION_CONTEXT(2) 
PARAMETRIC_REPRESENTATION_CONTEXT() REPRESENTATION_CONTEXT('2D SPACE',''
  ) );
#1624 = PCURVE('',#629,#1625);
#1625 = DEFINITIONAL_REPRESENTATION('',(#1626),#1630);
#1626 = LINE('',#1627,#1628);
#1627 = CARTESIAN_POINT('',(6.28318530718,0.));
#1628 = VECTOR('',#1629,1.);
#1629 = DIRECTION('',(-1.,0.));
#1630 = ( GEOMETRIC_REPRESENTATION_CONTEXT(2) 
PARAMETRIC_REPRESENTATION_CONTEXT() REPRESENTATION_CONTEXT('2D SPACE',''
  ) );
#1631 = ORIENTED_EDGE('',*,*,#692,.F.);
#1632 = ORIENTED_EDGE('',*,*,#1633,.T.);
#1633 = EDGE_CURVE('',#693,#586,#1634,.T.);
#1634 = SURFACE_CURVE('',#1635,(#1640,#1647),.PCURVE_S1.);
#1635 = CIRCLE('',#1636,0.89);
#1636 = AXIS2_PLACEMENT_3D('',#1637,#1638,#1639);
#1637 = CARTESIAN_POINT('',(-41.5,-12.,44.5));
#1638 = DIRECTION('',(0.,0.,1.));
#1639 = DIRECTION('',(1.,0.,-0.));
#1640 = PCURVE('',#601,#1641);
#1641 = DEFINITIONAL_REPRESENTATION('',(#1642),#1646);
#1642 = LINE('',#1643,#1644);
#1643 = CARTESIAN_POINT('',(0.,-10.));
#1644 = VECTOR('',#1645,1.);
#1645 = DIRECTION('',(1.,0.));
#1646 = ( GEOMETRIC_REPRESENTATION_CONTEXT(2) 
PARAMETRIC_REPRESENTATION_CONTEXT() REPRESENTATION_CONTEXT('2D SPACE',''
  ) );
#1647 = PCURVE('',#729,#1648);
#1648 = DEFINITIONAL_REPRESENTATION('',(#1649),#1653);
#1649 = CIRCLE('',#1650,0.89);
#1650 = AXIS2_PLACEMENT_2D('',#1651,#1652);
#1651 = CARTESIAN_POINT('',(0.,0.));
#1652 = DIRECTION('',(1.,0.));
#1653 = ( GEOMETRIC_REPRESENTATION_CONTEXT(2) 
PARAMETRIC_REPRESENTATION_CONTEXT() REPRESENTATION_CONTEXT('2D SPACE',''
  ) );
#1654 = ADVANCED_FACE('',(#1655),#729,.T.);
#1655 = FACE_BOUND('',#1656,.T.);
#1656 = EDGE_LOOP('',(#1657,#1658));
#1657 = ORIENTED_EDGE('',*,*,#1633,.T.);
#1658 = ORIENTED_EDGE('',*,*,#715,.T.);
#1659 = ADVANCED_FACE('',(#1660),#629,.F.);
#1660 = FACE_BOUND('',#1661,.F.);
#1661 = EDGE_LOOP('',(#1662,#1663,#1664,#1686));
#1662 = ORIENTED_EDGE('',*,*,#1610,.T.);
#1663 = ORIENTED_EDGE('',*,*,#613,.T.);
#1664 = ORIENTED_EDGE('',*,*,#1665,.F.);
#1665 = EDGE_CURVE('',#642,#614,#1666,.T.);
#1666 = SURFACE_CURVE('',#1667,(#1672,#1679),.PCURVE_S1.);
#1667 = CIRCLE('',#1668,0.89);
#1668 = AXIS2_PLACEMENT_3D('',#1669,#1670,#1671);
#1669 = CARTESIAN_POINT('',(-41.5,-12.,64.5));
#1670 = DIRECTION('',(0.,0.,1.));
#1671 = DIRECTION('',(1.,0.,0.));
#1672 = PCURVE('',#629,#1673);
#1673 = DEFINITIONAL_REPRESENTATION('',(#1674),#1678);
#1674 = LINE('',#1675,#1676);
#1675 = CARTESIAN_POINT('',(6.28318530718,-10.));
#1676 = VECTOR('',#1677,1.);
#1677 = DIRECTION('',(-1.,0.));
#1678 = ( GEOMETRIC_REPRESENTATION_CONTEXT(2) 
PARAMETRIC_REPRESENTATION_CONTEXT() REPRESENTATION_CONTEXT('2D SPACE',''
  ) );
#1679 = PCURVE('',#657,#1680);
#1680 = DEFINITIONAL_REPRESENTATION('',(#1681),#1685);
#1681 = CIRCLE('',#1682,0.89);
#1682 = AXIS2_PLACEMENT_2D('',#1683,#1684);
#1683 = CARTESIAN_POINT('',(0.,0.));
#1684 = DIRECTION('',(1.,0.));
#1685 = ( GEOMETRIC_REPRESENTATION_CONTEXT(2) 
PARAMETRIC_REPRESENTATION_CONTEXT() REPRESENTATION_CONTEXT('2D SPACE',''
  ) );
#1686 = ORIENTED_EDGE('',*,*,#669,.T.);
#1687 = ADVANCED_FACE('',(#1688),#657,.F.);
#1688 = FACE_BOUND('',#1689,.F.);
#1689 = EDGE_LOOP('',(#1690,#1691));
#1690 = ORIENTED_EDGE('',*,*,#1665,.T.);
#1691 = ORIENTED_EDGE('',*,*,#641,.F.);
#1692 = ADVANCED_FACE('',(#1693),#940,.F.);
#1693 = FACE_BOUND('',#1694,.F.);
#1694 = EDGE_LOOP('',(#1695,#1696,#1697,#1721));
#1695 = ORIENTED_EDGE('',*,*,#1338,.F.);
#1696 = ORIENTED_EDGE('',*,*,#924,.F.);
#1697 = ORIENTED_EDGE('',*,*,#1698,.T.);
#1698 = EDGE_CURVE('',#925,#1699,#1701,.T.);
#1699 = VERTEX_POINT('',#1700);
#1700 = CARTESIAN_POINT('',(36.75,-12.75,108.5));
#1701 = SURFACE_CURVE('',#1702,(#1707,#1714),.PCURVE_S1.);
#1702 = CIRCLE('',#1703,0.75);
#1703 = AXIS2_PLACEMENT_3D('',#1704,#1705,#1706);
#1704 = CARTESIAN_POINT('',(36.75,-12.,108.5));
#1705 = DIRECTION('',(0.,0.,-1.));
#1706 = DIRECTION('',(0.,1.,0.));
#1707 = PCURVE('',#940,#1708);
#1708 = DEFINITIONAL_REPRESENTATION('',(#1709),#1713);
#1709 = LINE('',#1710,#1711);
#1710 = CARTESIAN_POINT('',(0.,-108.5));
#1711 = VECTOR('',#1712,1.);
#1712 = DIRECTION('',(1.,0.));
#1713 = ( GEOMETRIC_REPRESENTATION_CONTEXT(2) 
PARAMETRIC_REPRESENTATION_CONTEXT() REPRESENTATION_CONTEXT('2D SPACE',''
  ) );
#1714 = PCURVE('',#968,#1715);
#1715 = DEFINITIONAL_REPRESENTATION('',(#1716),#1720);
#1716 = LINE('',#1717,#1718);
#1717 = CARTESIAN_POINT('',(6.28318530718,0.));
#1718 = VECTOR('',#1719,1.);
#1719 = DIRECTION('',(-1.,0.));
#1720 = ( GEOMETRIC_REPRESENTATION_CONTEXT(2) 
PARAMETRIC_REPRESENTATION_CONTEXT() REPRESENTATION_CONTEXT('2D SPACE',''
  ) );
#1721 = ORIENTED_EDGE('',*,*,#1722,.F.);
#1722 = EDGE_CURVE('',#1284,#1699,#1723,.T.);
#1723 = SURFACE_CURVE('',#1724,(#1728,#1735),.PCURVE_S1.);
#1724 = LINE('',#1725,#1726);
#1725 = CARTESIAN_POINT('',(36.75,-12.75,99.));
#1726 = VECTOR('',#1727,1.);
#1727 = DIRECTION('',(0.,0.,1.));
#1728 = PCURVE('',#940,#1729);
#1729 = DEFINITIONAL_REPRESENTATION('',(#1730),#1734);
#1730 = LINE('',#1731,#1732);
#1731 = CARTESIAN_POINT('',(3.14159265359,-99.));
#1732 = VECTOR('',#1733,1.);
#1733 = DIRECTION('',(0.,-1.));
#1734 = ( GEOMETRIC_REPRESENTATION_CONTEXT(2) 
PARAMETRIC_REPRESENTATION_CONTEXT() REPRESENTATION_CONTEXT('2D SPACE',''
  ) );
#1735 = PCURVE('',#1319,#1736);
#1736 = DEFINITIONAL_REPRESENTATION('',(#1737),#1741);
#1737 = LINE('',#1738,#1739);
#1738 = CARTESIAN_POINT('',(0.,-0.));
#1739 = VECTOR('',#1740,1.);
#1740 = DIRECTION('',(0.,-1.));
#1741 = ( GEOMETRIC_REPRESENTATION_CONTEXT(2) 
PARAMETRIC_REPRESENTATION_CONTEXT() REPRESENTATION_CONTEXT('2D SPACE',''
  ) );
#1742 = ADVANCED_FACE('',(#1743),#968,.F.);
#1743 = FACE_BOUND('',#1744,.F.);
#1744 = EDGE_LOOP('',(#1745,#1746,#1747,#1748));
#1745 = ORIENTED_EDGE('',*,*,#1698,.F.);
#1746 = ORIENTED_EDGE('',*,*,#952,.T.);
#1747 = ORIENTED_EDGE('',*,*,#1555,.T.);
#1748 = ORIENTED_EDGE('',*,*,#1749,.F.);
#1749 = EDGE_CURVE('',#1699,#1556,#1750,.T.);
#1750 = SURFACE_CURVE('',#1751,(#1754,#1760),.PCURVE_S1.);
#1751 = B_SPLINE_CURVE_WITH_KNOTS('',1,(#1752,#1753),.UNSPECIFIED.,.F.,
  .F.,(2,2),(0.,1.),.PIECEWISE_BEZIER_KNOTS.);
#1752 = CARTESIAN_POINT('',(36.75,-12.75,108.5));
#1753 = CARTESIAN_POINT('',(36.75,-13.25,109.));
#1754 = PCURVE('',#968,#1755);
#1755 = DEFINITIONAL_REPRESENTATION('',(#1756),#1759);
#1756 = B_SPLINE_CURVE_WITH_KNOTS('',1,(#1757,#1758),.UNSPECIFIED.,.F.,
  .F.,(2,2),(0.,1.),.PIECEWISE_BEZIER_KNOTS.);
#1757 = CARTESIAN_POINT('',(3.14159265359,0.));
#1758 = CARTESIAN_POINT('',(3.14159265359,0.5));
#1759 = ( GEOMETRIC_REPRESENTATION_CONTEXT(2) 
PARAMETRIC_REPRESENTATION_CONTEXT() REPRESENTATION_CONTEXT('2D SPACE',''
  ) );
#1760 = PCURVE('',#1512,#1761);
#1761 = DEFINITIONAL_REPRESENTATION('',(#1762),#1765);
#1762 = B_SPLINE_CURVE_WITH_KNOTS('',1,(#1763,#1764),.UNSPECIFIED.,.F.,
  .F.,(2,2),(0.,1.),.PIECEWISE_BEZIER_KNOTS.);
#1763 = CARTESIAN_POINT('',(0.,-0.707106781187));
#1764 = CARTESIAN_POINT('',(0.,0.));
#1765 = ( GEOMETRIC_REPRESENTATION_CONTEXT(2) 
PARAMETRIC_REPRESENTATION_CONTEXT() REPRESENTATION_CONTEXT('2D SPACE',''
  ) );
#1766 = ADVANCED_FACE('',(#1767),#1091,.F.);
#1767 = FACE_BOUND('',#1768,.F.);
#1768 = EDGE_LOOP('',(#1769,#1770,#1792,#1793));
#1769 = ORIENTED_EDGE('',*,*,#1073,.F.);
#1770 = ORIENTED_EDGE('',*,*,#1771,.F.);
#1771 = EDGE_CURVE('',#1160,#1074,#1772,.T.);
#1772 = SURFACE_CURVE('',#1773,(#1778,#1785),.PCURVE_S1.);
#1773 = CIRCLE('',#1774,0.89);
#1774 = AXIS2_PLACEMENT_3D('',#1775,#1776,#1777);
#1775 = CARTESIAN_POINT('',(41.5,-12.,54.5));
#1776 = DIRECTION('',(0.,0.,1.));
#1777 = DIRECTION('',(1.,0.,-0.));
#1778 = PCURVE('',#1091,#1779);
#1779 = DEFINITIONAL_REPRESENTATION('',(#1780),#1784);
#1780 = LINE('',#1781,#1782);
#1781 = CARTESIAN_POINT('',(0.,0.));
#1782 = VECTOR('',#1783,1.);
#1783 = DIRECTION('',(1.,0.));
#1784 = ( GEOMETRIC_REPRESENTATION_CONTEXT(2) 
PARAMETRIC_REPRESENTATION_CONTEXT() REPRESENTATION_CONTEXT('2D SPACE',''
  ) );
#1785 = PCURVE('',#1119,#1786);
#1786 = DEFINITIONAL_REPRESENTATION('',(#1787),#1791);
#1787 = LINE('',#1788,#1789);
#1788 = CARTESIAN_POINT('',(6.28318530718,0.));
#1789 = VECTOR('',#1790,1.);
#1790 = DIRECTION('',(-1.,0.));
#1791 = ( GEOMETRIC_REPRESENTATION_CONTEXT(2) 
PARAMETRIC_REPRESENTATION_CONTEXT() REPRESENTATION_CONTEXT('2D SPACE',''
  ) );
#1792 = ORIENTED_EDGE('',*,*,#1182,.F.);
#1793 = ORIENTED_EDGE('',*,*,#1794,.T.);
#1794 = EDGE_CURVE('',#1183,#1076,#1795,.T.);
#1795 = SURFACE_CURVE('',#1796,(#1801,#1808),.PCURVE_S1.);
#1796 = CIRCLE('',#1797,0.89);
#1797 = AXIS2_PLACEMENT_3D('',#1798,#1799,#1800);
#1798 = CARTESIAN_POINT('',(41.5,-12.,44.5));
#1799 = DIRECTION('',(0.,0.,1.));
#1800 = DIRECTION('',(1.,0.,-0.));
#1801 = PCURVE('',#1091,#1802);
#1802 = DEFINITIONAL_REPRESENTATION('',(#1803),#1807);
#1803 = LINE('',#1804,#1805);
#1804 = CARTESIAN_POINT('',(0.,-10.));
#1805 = VECTOR('',#1806,1.);
#1806 = DIRECTION('',(1.,0.));
#1807 = ( GEOMETRIC_REPRESENTATION_CONTEXT(2) 
PARAMETRIC_REPRESENTATION_CONTEXT() REPRESENTATION_CONTEXT('2D SPACE',''
  ) );
#1808 = PCURVE('',#1219,#1809);
#1809 = DEFINITIONAL_REPRESENTATION('',(#1810),#1814);
#1810 = CIRCLE('',#1811,0.89);
#1811 = AXIS2_PLACEMENT_2D('',#1812,#1813);
#1812 = CARTESIAN_POINT('',(0.,0.));
#1813 = DIRECTION('',(1.,0.));
#1814 = ( GEOMETRIC_REPRESENTATION_CONTEXT(2) 
PARAMETRIC_REPRESENTATION_CONTEXT() REPRESENTATION_CONTEXT('2D SPACE',''
  ) );
#1815 = ADVANCED_FACE('',(#1816),#1219,.T.);
#1816 = FACE_BOUND('',#1817,.T.);
#1817 = EDGE_LOOP('',(#1818,#1819));
#1818 = ORIENTED_EDGE('',*,*,#1794,.T.);
#1819 = ORIENTED_EDGE('',*,*,#1205,.T.);
#1820 = ADVANCED_FACE('',(#1821),#1119,.F.);
#1821 = FACE_BOUND('',#1822,.F.);
#1822 = EDGE_LOOP('',(#1823,#1824,#1825,#1847));
#1823 = ORIENTED_EDGE('',*,*,#1771,.T.);
#1824 = ORIENTED_EDGE('',*,*,#1103,.T.);
#1825 = ORIENTED_EDGE('',*,*,#1826,.F.);
#1826 = EDGE_CURVE('',#1132,#1104,#1827,.T.);
#1827 = SURFACE_CURVE('',#1828,(#1833,#1840),.PCURVE_S1.);
#1828 = CIRCLE('',#1829,0.89);
#1829 = AXIS2_PLACEMENT_3D('',#1830,#1831,#1832);
#1830 = CARTESIAN_POINT('',(41.5,-12.,64.5));
#1831 = DIRECTION('',(0.,0.,1.));
#1832 = DIRECTION('',(1.,0.,0.));
#1833 = PCURVE('',#1119,#1834);
#1834 = DEFINITIONAL_REPRESENTATION('',(#1835),#1839);
#1835 = LINE('',#1836,#1837);
#1836 = CARTESIAN_POINT('',(6.28318530718,-10.));
#1837 = VECTOR('',#1838,1.);
#1838 = DIRECTION('',(-1.,0.));
#1839 = ( GEOMETRIC_REPRESENTATION_CONTEXT(2) 
PARAMETRIC_REPRESENTATION_CONTEXT() REPRESENTATION_CONTEXT('2D SPACE',''
  ) );
#1840 = PCURVE('',#1147,#1841);
#1841 = DEFINITIONAL_REPRESENTATION('',(#1842),#1846);
#1842 = CIRCLE('',#1843,0.89);
#1843 = AXIS2_PLACEMENT_2D('',#1844,#1845);
#1844 = CARTESIAN_POINT('',(0.,0.));
#1845 = DIRECTION('',(1.,0.));
#1846 = ( GEOMETRIC_REPRESENTATION_CONTEXT(2) 
PARAMETRIC_REPRESENTATION_CONTEXT() REPRESENTATION_CONTEXT('2D SPACE',''
  ) );
#1847 = ORIENTED_EDGE('',*,*,#1159,.T.);
#1848 = ADVANCED_FACE('',(#1849),#1147,.F.);
#1849 = FACE_BOUND('',#1850,.F.);
#1850 = EDGE_LOOP('',(#1851,#1852));
#1851 = ORIENTED_EDGE('',*,*,#1826,.T.);
#1852 = ORIENTED_EDGE('',*,*,#1131,.F.);
#1853 = ADVANCED_FACE('',(#1854),#1319,.F.);
#1854 = FACE_BOUND('',#1855,.F.);
#1855 = EDGE_LOOP('',(#1856,#1857,#1858,#1879));
#1856 = ORIENTED_EDGE('',*,*,#1305,.F.);
#1857 = ORIENTED_EDGE('',*,*,#1722,.T.);
#1858 = ORIENTED_EDGE('',*,*,#1859,.T.);
#1859 = EDGE_CURVE('',#1699,#1421,#1860,.T.);
#1860 = SURFACE_CURVE('',#1861,(#1865,#1872),.PCURVE_S1.);
#1861 = LINE('',#1862,#1863);
#1862 = CARTESIAN_POINT('',(36.75,-12.75,108.5));
#1863 = VECTOR('',#1864,1.);
#1864 = DIRECTION('',(-1.,0.,0.));
#1865 = PCURVE('',#1319,#1866);
#1866 = DEFINITIONAL_REPRESENTATION('',(#1867),#1871);
#1867 = LINE('',#1868,#1869);
#1868 = CARTESIAN_POINT('',(0.,-9.5));
#1869 = VECTOR('',#1870,1.);
#1870 = DIRECTION('',(1.,0.));
#1871 = ( GEOMETRIC_REPRESENTATION_CONTEXT(2) 
PARAMETRIC_REPRESENTATION_CONTEXT() REPRESENTATION_CONTEXT('2D SPACE',''
  ) );
#1872 = PCURVE('',#1512,#1873);
#1873 = DEFINITIONAL_REPRESENTATION('',(#1874),#1878);
#1874 = LINE('',#1875,#1876);
#1875 = CARTESIAN_POINT('',(0.,-0.707106781187));
#1876 = VECTOR('',#1877,1.);
#1877 = DIRECTION('',(1.,0.));
#1878 = ( GEOMETRIC_REPRESENTATION_CONTEXT(2) 
PARAMETRIC_REPRESENTATION_CONTEXT() REPRESENTATION_CONTEXT('2D SPACE',''
  ) );
#1879 = ORIENTED_EDGE('',*,*,#1420,.F.);
#1880 = ADVANCED_FACE('',(#1881),#1512,.T.);
#1881 = FACE_BOUND('',#1882,.T.);
#1882 = EDGE_LOOP('',(#1883,#1884,#1885,#1886));
#1883 = ORIENTED_EDGE('',*,*,#1859,.T.);
#1884 = ORIENTED_EDGE('',*,*,#1498,.T.);
#1885 = ORIENTED_EDGE('',*,*,#1583,.F.);
#1886 = ORIENTED_EDGE('',*,*,#1749,.F.);
#1887 = ( GEOMETRIC_REPRESENTATION_CONTEXT(3) 
GLOBAL_UNCERTAINTY_ASSIGNED_CONTEXT((#1891)) 
GLOBAL_UNIT_ASSIGNED_CONTEXT((#1888,#1889,#1890)) REPRESENTATION_CONTEXT
('Context #1','3D Context with UNIT and UNCERTAINTY') );
#1888 = ( LENGTH_UNIT() NAMED_UNIT(*) SI_UNIT(.MILLI.,.METRE.) );
#1889 = ( NAMED_UNIT(*) PLANE_ANGLE_UNIT() SI_UNIT($,.RADIAN.) );
#1890 = ( NAMED_UNIT(*) SI_UNIT($,.STERADIAN.) SOLID_ANGLE_UNIT() );
#1891 = UNCERTAINTY_MEASURE_WITH_UNIT(LENGTH_MEASURE(5.E-07),#1888,
  'distance_accuracy_value','confusion accuracy');
#1892 = CONTEXT_DEPENDENT_SHAPE_REPRESENTATION(#1893,#1895);
#1893 = ( REPRESENTATION_RELATIONSHIP('','',#48,#10) 
REPRESENTATION_RELATIONSHIP_WITH_TRANSFORMATION(#1894) 
SHAPE_REPRESENTATION_RELATIONSHIP() );
#1894 = ITEM_DEFINED_TRANSFORMATION('','',#11,#15);
#1895 = PRODUCT_DEFINITION_SHAPE('Placement','Placement of an item',
  #1896);
#1896 = NEXT_ASSEMBLY_USAGE_OCCURRENCE('1','','',#5,#43,$);
#1897 = PRODUCT_RELATED_PRODUCT_CATEGORY('part',$,(#45));
#1898 = SHAPE_DEFINITION_REPRESENTATION(#1899,#1905);
#1899 = PRODUCT_DEFINITION_SHAPE('','',#1900);
#1900 = PRODUCT_DEFINITION('design','',#1901,#1904);
#1901 = PRODUCT_DEFINITION_FORMATION('','',#1902);
#1902 = PRODUCT('Open CASCADE STEP translator 7.9 4.2',
  'Open CASCADE STEP translator 7.9 4.2','',(#1903));
#1903 = PRODUCT_CONTEXT('',#2,'mechanical');
#1904 = PRODUCT_DEFINITION_CONTEXT('part definition',#2,'design');
#1905 = ADVANCED_BREP_SHAPE_REPRESENTATION('',(#11,#1906),#4042);
#1906 = MANIFOLD_SOLID_BREP('',#1907);
#1907 = CLOSED_SHELL('',(#1908,#2030,#2555,#2605,#2989,#3064,#3384,#3412
    ,#3491,#3519,#3575,#3603,#3659,#3708,#3713,#3741,#3746,#3794,#3844,
    #3868,#3917,#3922,#3950,#3955,#4002,#4008,#4035));
#1908 = ADVANCED_FACE('',(#1909),#1923,.T.);
#1909 = FACE_BOUND('',#1910,.T.);
#1910 = EDGE_LOOP('',(#1911,#1946,#1975,#2003));
#1911 = ORIENTED_EDGE('',*,*,#1912,.F.);
#1912 = EDGE_CURVE('',#1913,#1915,#1917,.T.);
#1913 = VERTEX_POINT('',#1914);
#1914 = CARTESIAN_POINT('',(46.5,12.,0.));
#1915 = VERTEX_POINT('',#1916);
#1916 = CARTESIAN_POINT('',(46.5,12.,69.9));
#1917 = SURFACE_CURVE('',#1918,(#1922,#1934),.PCURVE_S1.);
#1918 = LINE('',#1919,#1920);
#1919 = CARTESIAN_POINT('',(46.5,12.,0.));
#1920 = VECTOR('',#1921,1.);
#1921 = DIRECTION('',(0.,0.,1.));
#1922 = PCURVE('',#1923,#1928);
#1923 = CYLINDRICAL_SURFACE('',#1924,46.5);
#1924 = AXIS2_PLACEMENT_3D('',#1925,#1926,#1927);
#1925 = CARTESIAN_POINT('',(0.,12.,0.));
#1926 = DIRECTION('',(-0.,-0.,-1.));
#1927 = DIRECTION('',(1.,0.,0.));
#1928 = DEFINITIONAL_REPRESENTATION('',(#1929),#1933);
#1929 = LINE('',#1930,#1931);
#1930 = CARTESIAN_POINT('',(6.28318530718,0.));
#1931 = VECTOR('',#1932,1.);
#1932 = DIRECTION('',(-0.,-1.));
#1933 = ( GEOMETRIC_REPRESENTATION_CONTEXT(2) 
PARAMETRIC_REPRESENTATION_CONTEXT() REPRESENTATION_CONTEXT('2D SPACE',''
  ) );
#1934 = PCURVE('',#1935,#1940);
#1935 = PLANE('',#1936);
#1936 = AXIS2_PLACEMENT_3D('',#1937,#1938,#1939);
#1937 = CARTESIAN_POINT('',(-300.,12.,-300.));
#1938 = DIRECTION('',(0.,1.,0.));
#1939 = DIRECTION('',(0.,0.,1.));
#1940 = DEFINITIONAL_REPRESENTATION('',(#1941),#1945);
#1941 = LINE('',#1942,#1943);
#1942 = CARTESIAN_POINT('',(300.,346.5));
#1943 = VECTOR('',#1944,1.);
#1944 = DIRECTION('',(1.,0.));
#1945 = ( GEOMETRIC_REPRESENTATION_CONTEXT(2) 
PARAMETRIC_REPRESENTATION_CONTEXT() REPRESENTATION_CONTEXT('2D SPACE',''
  ) );
#1946 = ORIENTED_EDGE('',*,*,#1947,.T.);
#1947 = EDGE_CURVE('',#1913,#1948,#1950,.T.);
#1948 = VERTEX_POINT('',#1949);
#1949 = CARTESIAN_POINT('',(-46.5,12.,0.));
#1950 = SURFACE_CURVE('',#1951,(#1956,#1963),.PCURVE_S1.);
#1951 = CIRCLE('',#1952,46.5);
#1952 = AXIS2_PLACEMENT_3D('',#1953,#1954,#1955);
#1953 = CARTESIAN_POINT('',(0.,12.,0.));
#1954 = DIRECTION('',(0.,0.,1.));
#1955 = DIRECTION('',(1.,0.,-0.));
#1956 = PCURVE('',#1923,#1957);
#1957 = DEFINITIONAL_REPRESENTATION('',(#1958),#1962);
#1958 = LINE('',#1959,#1960);
#1959 = CARTESIAN_POINT('',(6.28318530718,0.));
#1960 = VECTOR('',#1961,1.);
#1961 = DIRECTION('',(-1.,0.));
#1962 = ( GEOMETRIC_REPRESENTATION_CONTEXT(2) 
PARAMETRIC_REPRESENTATION_CONTEXT() REPRESENTATION_CONTEXT('2D SPACE',''
  ) );
#1963 = PCURVE('',#1964,#1969);
#1964 = PLANE('',#1965);
#1965 = AXIS2_PLACEMENT_3D('',#1966,#1967,#1968);
#1966 = CARTESIAN_POINT('',(-1.882068139409E-15,12.,0.));
#1967 = DIRECTION('',(0.,0.,1.));
#1968 = DIRECTION('',(1.,0.,-0.));
#1969 = DEFINITIONAL_REPRESENTATION('',(#1970),#1974);
#1970 = CIRCLE('',#1971,46.5);
#1971 = AXIS2_PLACEMENT_2D('',#1972,#1973);
#1972 = CARTESIAN_POINT('',(1.882068139409E-15,0.));
#1973 = DIRECTION('',(1.,0.));
#1974 = ( GEOMETRIC_REPRESENTATION_CONTEXT(2) 
PARAMETRIC_REPRESENTATION_CONTEXT() REPRESENTATION_CONTEXT('2D SPACE',''
  ) );
#1975 = ORIENTED_EDGE('',*,*,#1976,.F.);
#1976 = EDGE_CURVE('',#1977,#1948,#1979,.T.);
#1977 = VERTEX_POINT('',#1978);
#1978 = CARTESIAN_POINT('',(-46.5,12.,69.9));
#1979 = SURFACE_CURVE('',#1980,(#1984,#1991),.PCURVE_S1.);
#1980 = LINE('',#1981,#1982);
#1981 = CARTESIAN_POINT('',(-46.5,12.,0.));
#1982 = VECTOR('',#1983,1.);
#1983 = DIRECTION('',(-0.,-0.,-1.));
#1984 = PCURVE('',#1923,#1985);
#1985 = DEFINITIONAL_REPRESENTATION('',(#1986),#1990);
#1986 = LINE('',#1987,#1988);
#1987 = CARTESIAN_POINT('',(3.14159265359,0.));
#1988 = VECTOR('',#1989,1.);
#1989 = DIRECTION('',(0.,1.));
#1990 = ( GEOMETRIC_REPRESENTATION_CONTEXT(2) 
PARAMETRIC_REPRESENTATION_CONTEXT() REPRESENTATION_CONTEXT('2D SPACE',''
  ) );
#1991 = PCURVE('',#1992,#1997);
#1992 = PLANE('',#1993);
#1993 = AXIS2_PLACEMENT_3D('',#1994,#1995,#1996);
#1994 = CARTESIAN_POINT('',(-300.,12.,-300.));
#1995 = DIRECTION('',(0.,1.,0.));
#1996 = DIRECTION('',(0.,0.,1.));
#1997 = DEFINITIONAL_REPRESENTATION('',(#1998),#2002);
#1998 = LINE('',#1999,#2000);
#1999 = CARTESIAN_POINT('',(300.,253.5));
#2000 = VECTOR('',#2001,1.);
#2001 = DIRECTION('',(-1.,0.));
#2002 = ( GEOMETRIC_REPRESENTATION_CONTEXT(2) 
PARAMETRIC_REPRESENTATION_CONTEXT() REPRESENTATION_CONTEXT('2D SPACE',''
  ) );
#2003 = ORIENTED_EDGE('',*,*,#2004,.F.);
#2004 = EDGE_CURVE('',#1915,#1977,#2005,.T.);
#2005 = SURFACE_CURVE('',#2006,(#2011,#2018),.PCURVE_S1.);
#2006 = CIRCLE('',#2007,46.5);
#2007 = AXIS2_PLACEMENT_3D('',#2008,#2009,#2010);
#2008 = CARTESIAN_POINT('',(0.,12.,69.9));
#2009 = DIRECTION('',(0.,0.,1.));
#2010 = DIRECTION('',(1.,0.,-0.));
#2011 = PCURVE('',#1923,#2012);
#2012 = DEFINITIONAL_REPRESENTATION('',(#2013),#2017);
#2013 = LINE('',#2014,#2015);
#2014 = CARTESIAN_POINT('',(6.28318530718,-69.9));
#2015 = VECTOR('',#2016,1.);
#2016 = DIRECTION('',(-1.,0.));
#2017 = ( GEOMETRIC_REPRESENTATION_CONTEXT(2) 
PARAMETRIC_REPRESENTATION_CONTEXT() REPRESENTATION_CONTEXT('2D SPACE',''
  ) );
#2018 = PCURVE('',#2019,#2024);
#2019 = PLANE('',#2020);
#2020 = AXIS2_PLACEMENT_3D('',#2021,#2022,#2023);
#2021 = CARTESIAN_POINT('',(-1.882068139409E-15,12.,69.9));
#2022 = DIRECTION('',(0.,0.,1.));
#2023 = DIRECTION('',(1.,0.,-0.));
#2024 = DEFINITIONAL_REPRESENTATION('',(#2025),#2029);
#2025 = CIRCLE('',#2026,46.5);
#2026 = AXIS2_PLACEMENT_2D('',#2027,#2028);
#2027 = CARTESIAN_POINT('',(1.882068139409E-15,0.));
#2028 = DIRECTION('',(1.,0.));
#2029 = ( GEOMETRIC_REPRESENTATION_CONTEXT(2) 
PARAMETRIC_REPRESENTATION_CONTEXT() REPRESENTATION_CONTEXT('2D SPACE',''
  ) );
#2030 = ADVANCED_FACE('',(#2031,#2395),#1935,.F.);
#2031 = FACE_BOUND('',#2032,.F.);
#2032 = EDGE_LOOP('',(#2033,#2034,#2057,#2206,#2234,#2262,#2290,#2318,
    #2346,#2374));
#2033 = ORIENTED_EDGE('',*,*,#1912,.F.);
#2034 = ORIENTED_EDGE('',*,*,#2035,.T.);
#2035 = EDGE_CURVE('',#1913,#2036,#2038,.T.);
#2036 = VERTEX_POINT('',#2037);
#2037 = CARTESIAN_POINT('',(37.8,12.,0.));
#2038 = SURFACE_CURVE('',#2039,(#2043,#2050),.PCURVE_S1.);
#2039 = LINE('',#2040,#2041);
#2040 = CARTESIAN_POINT('',(-150.,12.,0.));
#2041 = VECTOR('',#2042,1.);
#2042 = DIRECTION('',(-1.,0.,0.));
#2043 = PCURVE('',#1935,#2044);
#2044 = DEFINITIONAL_REPRESENTATION('',(#2045),#2049);
#2045 = LINE('',#2046,#2047);
#2046 = CARTESIAN_POINT('',(300.,150.));
#2047 = VECTOR('',#2048,1.);
#2048 = DIRECTION('',(0.,-1.));
#2049 = ( GEOMETRIC_REPRESENTATION_CONTEXT(2) 
PARAMETRIC_REPRESENTATION_CONTEXT() REPRESENTATION_CONTEXT('2D SPACE',''
  ) );
#2050 = PCURVE('',#1964,#2051);
#2051 = DEFINITIONAL_REPRESENTATION('',(#2052),#2056);
#2052 = LINE('',#2053,#2054);
#2053 = CARTESIAN_POINT('',(-150.,0.));
#2054 = VECTOR('',#2055,1.);
#2055 = DIRECTION('',(-1.,0.));
#2056 = ( GEOMETRIC_REPRESENTATION_CONTEXT(2) 
PARAMETRIC_REPRESENTATION_CONTEXT() REPRESENTATION_CONTEXT('2D SPACE',''
  ) );
#2057 = ORIENTED_EDGE('',*,*,#2058,.T.);
#2058 = EDGE_CURVE('',#2036,#2059,#2061,.T.);
#2059 = VERTEX_POINT('',#2060);
#2060 = CARTESIAN_POINT('',(37.5,12.,99.));
#2061 = SURFACE_CURVE('',#2062,(#2101,#2143),.PCURVE_S1.);
#2062 = B_SPLINE_CURVE_WITH_KNOTS('',7,(#2063,#2064,#2065,#2066,#2067,
    #2068,#2069,#2070,#2071,#2072,#2073,#2074,#2075,#2076,#2077,#2078,
    #2079,#2080,#2081,#2082,#2083,#2084,#2085,#2086,#2087,#2088,#2089,
    #2090,#2091,#2092,#2093,#2094,#2095,#2096,#2097,#2098,#2099,#2100),
  .UNSPECIFIED.,.F.,.F.,(8,6,6,6,6,6,8),(0.,7.619087272036E-02,
    0.196056559987,0.377267674077,0.558390800274,0.967462719474,1.),
  .UNSPECIFIED.);
#2063 = CARTESIAN_POINT('',(37.8,12.,0.));
#2064 = CARTESIAN_POINT('',(37.788575416938,12.,1.077174974407));
#2065 = CARTESIAN_POINT('',(37.777781870702,12.,2.15433053407));
#2066 = CARTESIAN_POINT('',(37.767648022692,12.,3.231470185454));
#2067 = CARTESIAN_POINT('',(37.758191431315,12.,4.308598976924));
#2068 = CARTESIAN_POINT('',(37.749412547993,12.,5.385723003964));
#2069 = CARTESIAN_POINT('',(37.741294084824,12.,6.462848750611));
#2070 = CARTESIAN_POINT('',(37.722024894888,12.,9.234559906403));
#2071 = CARTESIAN_POINT('',(37.71180353754,12.,10.929156696827));
#2072 = CARTESIAN_POINT('',(37.703024617867,12.,12.623795439322));
#2073 = CARTESIAN_POINT('',(37.695487223935,12.,14.318494704777));
#2074 = CARTESIAN_POINT('',(37.688963663815,12.,16.013262197755));
#2075 = CARTESIAN_POINT('',(37.68325962692,12.,17.708098249429));
#2076 = CARTESIAN_POINT('',(37.670571755797,12.,21.965321825312));
#2077 = CARTESIAN_POINT('',(37.664427508859,12.,24.527792901444));
#2078 = CARTESIAN_POINT('',(37.659199382849,12.,27.090398887628));
#2079 = CARTESIAN_POINT('',(37.654484441267,12.,29.653115182894));
#2080 = CARTESIAN_POINT('',(37.650056752902,12.,32.215919698116));
#2081 = CARTESIAN_POINT('',(37.645754582748,12.,34.778794134877));
#2082 = CARTESIAN_POINT('',(37.637198087297,12.,39.903410832915));
#2083 = CARTESIAN_POINT('',(37.632943399354,12.,42.465153748776));
#2084 = CARTESIAN_POINT('',(37.628607668098,12.,45.026941501144));
#2085 = CARTESIAN_POINT('',(37.624136888142,12.,47.588764486325));
#2086 = CARTESIAN_POINT('',(37.619501227651,12.,50.150615452378));
#2087 = CARTESIAN_POINT('',(37.614681742243,12.,52.712489362966));
#2088 = CARTESIAN_POINT('',(37.598348186613,12.,61.060495687561));
#2089 = CARTESIAN_POINT('',(37.586041489848,12.,66.846702955321));
#2090 = CARTESIAN_POINT('',(37.572640215013,12.,72.632968744742));
#2091 = CARTESIAN_POINT('',(37.558230262666,12.,78.419271038993));
#2092 = CARTESIAN_POINT('',(37.542868656053,12.,84.205596296847));
#2093 = CARTESIAN_POINT('',(37.526634709223,12.,89.991938569569));
#2094 = CARTESIAN_POINT('',(37.50823843259,12.,96.23854130721));
#2095 = CARTESIAN_POINT('',(37.506877912083,12.,96.69878421901));
#2096 = CARTESIAN_POINT('',(37.505512322477,12.,97.159027215267));
#2097 = CARTESIAN_POINT('',(37.504141697519,12.,97.619270293676));
#2098 = CARTESIAN_POINT('',(37.502766070732,12.,98.079513452013));
#2099 = CARTESIAN_POINT('',(37.501385475424,12.,98.53975668814));
#2100 = CARTESIAN_POINT('',(37.499999944679,12.,99.));
#2101 = PCURVE('',#1935,#2102);
#2102 = DEFINITIONAL_REPRESENTATION('',(#2103),#2142);
#2103 = B_SPLINE_CURVE_WITH_KNOTS('',7,(#2104,#2105,#2106,#2107,#2108,
    #2109,#2110,#2111,#2112,#2113,#2114,#2115,#2116,#2117,#2118,#2119,
    #2120,#2121,#2122,#2123,#2124,#2125,#2126,#2127,#2128,#2129,#2130,
    #2131,#2132,#2133,#2134,#2135,#2136,#2137,#2138,#2139,#2140,#2141),
  .UNSPECIFIED.,.F.,.F.,(8,6,6,6,6,6,8),(0.,7.619087272036E-02,
    0.196056559987,0.377267674077,0.558390800274,0.967462719474,1.),
  .UNSPECIFIED.);
#2104 = CARTESIAN_POINT('',(300.,337.8));
#2105 = CARTESIAN_POINT('',(301.0771749744,337.78857541693));
#2106 = CARTESIAN_POINT('',(302.15433053407,337.7777818707));
#2107 = CARTESIAN_POINT('',(303.23147018545,337.76764802269));
#2108 = CARTESIAN_POINT('',(304.30859897692,337.75819143131));
#2109 = CARTESIAN_POINT('',(305.38572300396,337.74941254799));
#2110 = CARTESIAN_POINT('',(306.46284875061,337.74129408482));
#2111 = CARTESIAN_POINT('',(309.2345599064,337.72202489488));
#2112 = CARTESIAN_POINT('',(310.92915669682,337.71180353754));
#2113 = CARTESIAN_POINT('',(312.62379543932,337.70302461786));
#2114 = CARTESIAN_POINT('',(314.31849470477,337.69548722393));
#2115 = CARTESIAN_POINT('',(316.01326219775,337.68896366381));
#2116 = CARTESIAN_POINT('',(317.70809824942,337.68325962692));
#2117 = CARTESIAN_POINT('',(321.96532182531,337.67057175579));
#2118 = CARTESIAN_POINT('',(324.52779290144,337.66442750885));
#2119 = CARTESIAN_POINT('',(327.09039888762,337.65919938284));
#2120 = CARTESIAN_POINT('',(329.65311518289,337.65448444126));
#2121 = CARTESIAN_POINT('',(332.21591969811,337.6500567529));
#2122 = CARTESIAN_POINT('',(334.77879413487,337.64575458274));
#2123 = CARTESIAN_POINT('',(339.90341083291,337.63719808729));
#2124 = CARTESIAN_POINT('',(342.46515374877,337.63294339935));
#2125 = CARTESIAN_POINT('',(345.02694150114,337.62860766809));
#2126 = CARTESIAN_POINT('',(347.58876448632,337.62413688814));
#2127 = CARTESIAN_POINT('',(350.15061545237,337.61950122765));
#2128 = CARTESIAN_POINT('',(352.71248936296,337.61468174224));
#2129 = CARTESIAN_POINT('',(361.06049568756,337.59834818661));
#2130 = CARTESIAN_POINT('',(366.84670295532,337.58604148984));
#2131 = CARTESIAN_POINT('',(372.63296874474,337.57264021501));
#2132 = CARTESIAN_POINT('',(378.41927103899,337.55823026266));
#2133 = CARTESIAN_POINT('',(384.20559629684,337.54286865605));
#2134 = CARTESIAN_POINT('',(389.99193856956,337.52663470922));
#2135 = CARTESIAN_POINT('',(396.23854130721,337.50823843259));
#2136 = CARTESIAN_POINT('',(396.69878421901,337.50687791208));
#2137 = CARTESIAN_POINT('',(397.15902721526,337.50551232247));
#2138 = CARTESIAN_POINT('',(397.61927029367,337.50414169751));
#2139 = CARTESIAN_POINT('',(398.07951345201,337.50276607073));
#2140 = CARTESIAN_POINT('',(398.53975668814,337.50138547542));
#2141 = CARTESIAN_POINT('',(399.,337.49999994467));
#2142 = ( GEOMETRIC_REPRESENTATION_CONTEXT(2) 
PARAMETRIC_REPRESENTATION_CONTEXT() REPRESENTATION_CONTEXT('2D SPACE',''
  ) );
#2143 = PCURVE('',#2144,#2165);
#2144 = B_SPLINE_SURFACE_WITH_KNOTS('',9,1,(
    (#2145,#2146)
    ,(#2147,#2148)
    ,(#2149,#2150)
    ,(#2151,#2152)
    ,(#2153,#2154)
    ,(#2155,#2156)
    ,(#2157,#2158)
    ,(#2159,#2160)
    ,(#2161,#2162)
    ,(#2163,#2164
    )),.UNSPECIFIED.,.F.,.F.,.F.,(10,10),(2,2),(3.14159265359,
    6.28318530718),(0.,1.),.PIECEWISE_BEZIER_KNOTS.);
#2145 = CARTESIAN_POINT('',(37.792130737918,11.228732025757,0.));
#2146 = CARTESIAN_POINT('',(36.75,11.25,99.));
#2147 = CARTESIAN_POINT('',(37.793879402147,11.314416572985,0.));
#2148 = CARTESIAN_POINT('',(37.011799387799,11.25,99.));
#2149 = CARTESIAN_POINT('',(37.795409506102,11.400105580566,0.));
#2150 = CARTESIAN_POINT('',(37.273601492499,11.352808099939,
    98.999999999999));
#2151 = CARTESIAN_POINT('',(37.796721043281,11.485798411313,0.));
#2152 = CARTESIAN_POINT('',(37.48924283384,11.55842721086,
    99.000000000004));
#2153 = CARTESIAN_POINT('',(37.797814007183,11.571494428045,0.));
#2154 = CARTESIAN_POINT('',(37.612680472816,11.842682542074,
    98.999999999993));
#2155 = CARTESIAN_POINT('',(37.798688391308,11.657192993575,0.));
#2156 = CARTESIAN_POINT('',(37.612680472822,12.157317457926,
    99.000000000007));
#2157 = CARTESIAN_POINT('',(37.799344189153,11.74289347072,0.));
#2158 = CARTESIAN_POINT('',(37.489242833835,12.44157278914,
    98.999999999994));
#2159 = CARTESIAN_POINT('',(37.799781394217,11.828595222295,0.));
#2160 = CARTESIAN_POINT('',(37.2736014925,12.647191900061,
    99.000000000003));
#2161 = CARTESIAN_POINT('',(37.8,11.914297611117,0.));
#2162 = CARTESIAN_POINT('',(37.011799387799,12.75,98.999999999999));
#2163 = CARTESIAN_POINT('',(37.8,12.,0.));
#2164 = CARTESIAN_POINT('',(36.75,12.75,99.));
#2165 = DEFINITIONAL_REPRESENTATION('',(#2166),#2205);
#2166 = B_SPLINE_CURVE_WITH_KNOTS('',7,(#2167,#2168,#2169,#2170,#2171,
    #2172,#2173,#2174,#2175,#2176,#2177,#2178,#2179,#2180,#2181,#2182,
    #2183,#2184,#2185,#2186,#2187,#2188,#2189,#2190,#2191,#2192,#2193,
    #2194,#2195,#2196,#2197,#2198,#2199,#2200,#2201,#2202,#2203,#2204),
  .UNSPECIFIED.,.F.,.F.,(8,6,6,6,6,6,8),(0.,7.619087272036E-02,
    0.196056559987,0.377267674077,0.558390800274,0.967462719474,1.),
  .UNSPECIFIED.);
#2167 = CARTESIAN_POINT('',(6.28318530718,0.));
#2168 = CARTESIAN_POINT('',(6.249947928937,1.088055529704E-02));
#2169 = CARTESIAN_POINT('',(6.215867460901,2.176091448555E-02));
#2170 = CARTESIAN_POINT('',(6.181084453813,3.264111298438E-02));
#2171 = CARTESIAN_POINT('',(6.145779936697,4.352120178711E-02));
#2172 = CARTESIAN_POINT('',(6.110162255317,5.440124246429E-02));
#2173 = CARTESIAN_POINT('',(6.074447279149,6.528130051122E-02));
#2174 = CARTESIAN_POINT('',(5.982800951964,9.327838289296E-02));
#2175 = CARTESIAN_POINT('',(5.927017193176,0.11039552219));
#2176 = CARTESIAN_POINT('',(5.872249575327,0.127513085246));
#2177 = CARTESIAN_POINT('',(5.819177299947,0.144631259644));
#2178 = CARTESIAN_POINT('',(5.768173769044,0.16175012321));
#2179 = CARTESIAN_POINT('',(5.719412876883,0.178869679287));
#2180 = CARTESIAN_POINT('',(5.602689369195,0.221871937629));
#2181 = CARTESIAN_POINT('',(5.537670790999,0.247755483853));
#2182 = CARTESIAN_POINT('',(5.478053447827,0.273640392804));
#2183 = CARTESIAN_POINT('',(5.423326483985,0.299526415989));
#2184 = CARTESIAN_POINT('',(5.372958282085,0.325413330284));
#2185 = CARTESIAN_POINT('',(5.326446551835,0.351300950857));
#2186 = CARTESIAN_POINT('',(5.240271707047,0.403064755888));
#2187 = CARTESIAN_POINT('',(5.20060558113,0.428940946957));
#2188 = CARTESIAN_POINT('',(5.163906436116,0.454817590921));
#2189 = CARTESIAN_POINT('',(5.129795459352,0.480694590771));
#2190 = CARTESIAN_POINT('',(5.097959642697,0.506571873256));
#2191 = CARTESIAN_POINT('',(5.068142743019,0.532449387505));
#2192 = CARTESIAN_POINT('',(4.976850788736,0.616772683713));
#2193 = CARTESIAN_POINT('',(4.922760970014,0.675219221771));
#2194 = CARTESIAN_POINT('',(4.875354879772,0.733666350957));
#2195 = CARTESIAN_POINT('',(4.833206204415,0.792113848879));
#2196 = CARTESIAN_POINT('',(4.795301850789,0.850561578756));
#2197 = CARTESIAN_POINT('',(4.760916922465,0.909009480501));
#2198 = CARTESIAN_POINT('',(4.726998743595,0.972106477851));
#2199 = CARTESIAN_POINT('',(4.724518453564,0.976755396152));
#2200 = CARTESIAN_POINT('',(4.722056650007,0.981404315306));
#2201 = CARTESIAN_POINT('',(4.719613061932,0.98605323529));
#2202 = CARTESIAN_POINT('',(4.717187424993,0.990702156081));
#2203 = CARTESIAN_POINT('',(4.714779481494,0.995351077658));
#2204 = CARTESIAN_POINT('',(4.712388980385,1.));
#2205 = ( GEOMETRIC_REPRESENTATION_CONTEXT(2) 
PARAMETRIC_REPRESENTATION_CONTEXT() REPRESENTATION_CONTEXT('2D SPACE',''
  ) );
#2206 = ORIENTED_EDGE('',*,*,#2207,.F.);
#2207 = EDGE_CURVE('',#2208,#2059,#2210,.T.);
#2208 = VERTEX_POINT('',#2209);
#2209 = CARTESIAN_POINT('',(37.5,12.,108.5));
#2210 = SURFACE_CURVE('',#2211,(#2215,#2222),.PCURVE_S1.);
#2211 = LINE('',#2212,#2213);
#2212 = CARTESIAN_POINT('',(37.5,12.,0.));
#2213 = VECTOR('',#2214,1.);
#2214 = DIRECTION('',(0.,0.,-1.));
#2215 = PCURVE('',#1935,#2216);
#2216 = DEFINITIONAL_REPRESENTATION('',(#2217),#2221);
#2217 = LINE('',#2218,#2219);
#2218 = CARTESIAN_POINT('',(300.,337.5));
#2219 = VECTOR('',#2220,1.);
#2220 = DIRECTION('',(-1.,0.));
#2221 = ( GEOMETRIC_REPRESENTATION_CONTEXT(2) 
PARAMETRIC_REPRESENTATION_CONTEXT() REPRESENTATION_CONTEXT('2D SPACE',''
  ) );
#2222 = PCURVE('',#2223,#2228);
#2223 = CYLINDRICAL_SURFACE('',#2224,0.75);
#2224 = AXIS2_PLACEMENT_3D('',#2225,#2226,#2227);
#2225 = CARTESIAN_POINT('',(36.75,12.,0.));
#2226 = DIRECTION('',(0.,0.,-1.));
#2227 = DIRECTION('',(0.,1.,0.));
#2228 = DEFINITIONAL_REPRESENTATION('',(#2229),#2233);
#2229 = LINE('',#2230,#2231);
#2230 = CARTESIAN_POINT('',(1.570796326795,0.));
#2231 = VECTOR('',#2232,1.);
#2232 = DIRECTION('',(0.,1.));
#2233 = ( GEOMETRIC_REPRESENTATION_CONTEXT(2) 
PARAMETRIC_REPRESENTATION_CONTEXT() REPRESENTATION_CONTEXT('2D SPACE',''
  ) );
#2234 = ORIENTED_EDGE('',*,*,#2235,.T.);
#2235 = EDGE_CURVE('',#2208,#2236,#2238,.T.);
#2236 = VERTEX_POINT('',#2237);
#2237 = CARTESIAN_POINT('',(38.,12.,109.));
#2238 = SURFACE_CURVE('',#2239,(#2243,#2250),.PCURVE_S1.);
#2239 = LINE('',#2240,#2241);
#2240 = CARTESIAN_POINT('',(36.75,12.,107.74999999999));
#2241 = VECTOR('',#2242,1.);
#2242 = DIRECTION('',(0.707106781186,0.,0.707106781187));
#2243 = PCURVE('',#1935,#2244);
#2244 = DEFINITIONAL_REPRESENTATION('',(#2245),#2249);
#2245 = LINE('',#2246,#2247);
#2246 = CARTESIAN_POINT('',(407.74999999999,336.75));
#2247 = VECTOR('',#2248,1.);
#2248 = DIRECTION('',(0.707106781187,0.707106781186));
#2249 = ( GEOMETRIC_REPRESENTATION_CONTEXT(2) 
PARAMETRIC_REPRESENTATION_CONTEXT() REPRESENTATION_CONTEXT('2D SPACE',''
  ) );
#2250 = PCURVE('',#2251,#2256);
#2251 = CONICAL_SURFACE('',#2252,0.75,0.785398163397);
#2252 = AXIS2_PLACEMENT_3D('',#2253,#2254,#2255);
#2253 = CARTESIAN_POINT('',(36.75,12.,108.5));
#2254 = DIRECTION('',(-0.,-0.,1.));
#2255 = DIRECTION('',(0.,1.,0.));
#2256 = DEFINITIONAL_REPRESENTATION('',(#2257),#2261);
#2257 = LINE('',#2258,#2259);
#2258 = CARTESIAN_POINT('',(4.712388980385,-0.750000000001));
#2259 = VECTOR('',#2260,1.);
#2260 = DIRECTION('',(0.,1.));
#2261 = ( GEOMETRIC_REPRESENTATION_CONTEXT(2) 
PARAMETRIC_REPRESENTATION_CONTEXT() REPRESENTATION_CONTEXT('2D SPACE',''
  ) );
#2262 = ORIENTED_EDGE('',*,*,#2263,.F.);
#2263 = EDGE_CURVE('',#2264,#2236,#2266,.T.);
#2264 = VERTEX_POINT('',#2265);
#2265 = CARTESIAN_POINT('',(39.75,12.,109.));
#2266 = SURFACE_CURVE('',#2267,(#2271,#2278),.PCURVE_S1.);
#2267 = LINE('',#2268,#2269);
#2268 = CARTESIAN_POINT('',(-150.,12.,109.));
#2269 = VECTOR('',#2270,1.);
#2270 = DIRECTION('',(-1.,0.,0.));
#2271 = PCURVE('',#1935,#2272);
#2272 = DEFINITIONAL_REPRESENTATION('',(#2273),#2277);
#2273 = LINE('',#2274,#2275);
#2274 = CARTESIAN_POINT('',(409.,150.));
#2275 = VECTOR('',#2276,1.);
#2276 = DIRECTION('',(0.,-1.));
#2277 = ( GEOMETRIC_REPRESENTATION_CONTEXT(2) 
PARAMETRIC_REPRESENTATION_CONTEXT() REPRESENTATION_CONTEXT('2D SPACE',''
  ) );
#2278 = PCURVE('',#2279,#2284);
#2279 = PLANE('',#2280);
#2280 = AXIS2_PLACEMENT_3D('',#2281,#2282,#2283);
#2281 = CARTESIAN_POINT('',(-4.403329231825E-15,12.,109.));
#2282 = DIRECTION('',(0.,0.,1.));
#2283 = DIRECTION('',(1.,0.,-0.));
#2284 = DEFINITIONAL_REPRESENTATION('',(#2285),#2289);
#2285 = LINE('',#2286,#2287);
#2286 = CARTESIAN_POINT('',(-150.,0.));
#2287 = VECTOR('',#2288,1.);
#2288 = DIRECTION('',(-1.,0.));
#2289 = ( GEOMETRIC_REPRESENTATION_CONTEXT(2) 
PARAMETRIC_REPRESENTATION_CONTEXT() REPRESENTATION_CONTEXT('2D SPACE',''
  ) );
#2290 = ORIENTED_EDGE('',*,*,#2291,.F.);
#2291 = EDGE_CURVE('',#2292,#2264,#2294,.T.);
#2292 = VERTEX_POINT('',#2293);
#2293 = CARTESIAN_POINT('',(39.75,12.,80.7));
#2294 = SURFACE_CURVE('',#2295,(#2299,#2306),.PCURVE_S1.);
#2295 = LINE('',#2296,#2297);
#2296 = CARTESIAN_POINT('',(39.75,12.,80.7));
#2297 = VECTOR('',#2298,1.);
#2298 = DIRECTION('',(0.,0.,1.));
#2299 = PCURVE('',#1935,#2300);
#2300 = DEFINITIONAL_REPRESENTATION('',(#2301),#2305);
#2301 = LINE('',#2302,#2303);
#2302 = CARTESIAN_POINT('',(380.7,339.75));
#2303 = VECTOR('',#2304,1.);
#2304 = DIRECTION('',(1.,0.));
#2305 = ( GEOMETRIC_REPRESENTATION_CONTEXT(2) 
PARAMETRIC_REPRESENTATION_CONTEXT() REPRESENTATION_CONTEXT('2D SPACE',''
  ) );
#2306 = PCURVE('',#2307,#2312);
#2307 = CYLINDRICAL_SURFACE('',#2308,39.75);
#2308 = AXIS2_PLACEMENT_3D('',#2309,#2310,#2311);
#2309 = CARTESIAN_POINT('',(0.,12.,80.7));
#2310 = DIRECTION('',(-0.,-0.,-1.));
#2311 = DIRECTION('',(1.,0.,0.));
#2312 = DEFINITIONAL_REPRESENTATION('',(#2313),#2317);
#2313 = LINE('',#2314,#2315);
#2314 = CARTESIAN_POINT('',(6.28318530718,0.));
#2315 = VECTOR('',#2316,1.);
#2316 = DIRECTION('',(-0.,-1.));
#2317 = ( GEOMETRIC_REPRESENTATION_CONTEXT(2) 
PARAMETRIC_REPRESENTATION_CONTEXT() REPRESENTATION_CONTEXT('2D SPACE',''
  ) );
#2318 = ORIENTED_EDGE('',*,*,#2319,.F.);
#2319 = EDGE_CURVE('',#2320,#2292,#2322,.T.);
#2320 = VERTEX_POINT('',#2321);
#2321 = CARTESIAN_POINT('',(44.75,12.,80.7));
#2322 = SURFACE_CURVE('',#2323,(#2327,#2334),.PCURVE_S1.);
#2323 = LINE('',#2324,#2325);
#2324 = CARTESIAN_POINT('',(-150.,12.,80.7));
#2325 = VECTOR('',#2326,1.);
#2326 = DIRECTION('',(-1.,0.,0.));
#2327 = PCURVE('',#1935,#2328);
#2328 = DEFINITIONAL_REPRESENTATION('',(#2329),#2333);
#2329 = LINE('',#2330,#2331);
#2330 = CARTESIAN_POINT('',(380.7,150.));
#2331 = VECTOR('',#2332,1.);
#2332 = DIRECTION('',(0.,-1.));
#2333 = ( GEOMETRIC_REPRESENTATION_CONTEXT(2) 
PARAMETRIC_REPRESENTATION_CONTEXT() REPRESENTATION_CONTEXT('2D SPACE',''
  ) );
#2334 = PCURVE('',#2335,#2340);
#2335 = PLANE('',#2336);
#2336 = AXIS2_PLACEMENT_3D('',#2337,#2338,#2339);
#2337 = CARTESIAN_POINT('',(-2.933502854163E-15,12.,80.7));
#2338 = DIRECTION('',(0.,0.,1.));
#2339 = DIRECTION('',(1.,0.,-0.));
#2340 = DEFINITIONAL_REPRESENTATION('',(#2341),#2345);
#2341 = LINE('',#2342,#2343);
#2342 = CARTESIAN_POINT('',(-150.,-3.552713678801E-15));
#2343 = VECTOR('',#2344,1.);
#2344 = DIRECTION('',(-1.,0.));
#2345 = ( GEOMETRIC_REPRESENTATION_CONTEXT(2) 
PARAMETRIC_REPRESENTATION_CONTEXT() REPRESENTATION_CONTEXT('2D SPACE',''
  ) );
#2346 = ORIENTED_EDGE('',*,*,#2347,.F.);
#2347 = EDGE_CURVE('',#2348,#2320,#2350,.T.);
#2348 = VERTEX_POINT('',#2349);
#2349 = CARTESIAN_POINT('',(44.75,12.,69.9));
#2350 = SURFACE_CURVE('',#2351,(#2355,#2362),.PCURVE_S1.);
#2351 = LINE('',#2352,#2353);
#2352 = CARTESIAN_POINT('',(44.75,12.,69.9));
#2353 = VECTOR('',#2354,1.);
#2354 = DIRECTION('',(0.,0.,1.));
#2355 = PCURVE('',#1935,#2356);
#2356 = DEFINITIONAL_REPRESENTATION('',(#2357),#2361);
#2357 = LINE('',#2358,#2359);
#2358 = CARTESIAN_POINT('',(369.9,344.75));
#2359 = VECTOR('',#2360,1.);
#2360 = DIRECTION('',(1.,0.));
#2361 = ( GEOMETRIC_REPRESENTATION_CONTEXT(2) 
PARAMETRIC_REPRESENTATION_CONTEXT() REPRESENTATION_CONTEXT('2D SPACE',''
  ) );
#2362 = PCURVE('',#2363,#2368);
#2363 = CYLINDRICAL_SURFACE('',#2364,44.75);
#2364 = AXIS2_PLACEMENT_3D('',#2365,#2366,#2367);
#2365 = CARTESIAN_POINT('',(0.,12.,69.9));
#2366 = DIRECTION('',(-0.,-0.,-1.));
#2367 = DIRECTION('',(1.,0.,0.));
#2368 = DEFINITIONAL_REPRESENTATION('',(#2369),#2373);
#2369 = LINE('',#2370,#2371);
#2370 = CARTESIAN_POINT('',(6.28318530718,0.));
#2371 = VECTOR('',#2372,1.);
#2372 = DIRECTION('',(-0.,-1.));
#2373 = ( GEOMETRIC_REPRESENTATION_CONTEXT(2) 
PARAMETRIC_REPRESENTATION_CONTEXT() REPRESENTATION_CONTEXT('2D SPACE',''
  ) );
#2374 = ORIENTED_EDGE('',*,*,#2375,.F.);
#2375 = EDGE_CURVE('',#1915,#2348,#2376,.T.);
#2376 = SURFACE_CURVE('',#2377,(#2381,#2388),.PCURVE_S1.);
#2377 = LINE('',#2378,#2379);
#2378 = CARTESIAN_POINT('',(-150.,12.,69.9));
#2379 = VECTOR('',#2380,1.);
#2380 = DIRECTION('',(-1.,0.,0.));
#2381 = PCURVE('',#1935,#2382);
#2382 = DEFINITIONAL_REPRESENTATION('',(#2383),#2387);
#2383 = LINE('',#2384,#2385);
#2384 = CARTESIAN_POINT('',(369.9,150.));
#2385 = VECTOR('',#2386,1.);
#2386 = DIRECTION('',(0.,-1.));
#2387 = ( GEOMETRIC_REPRESENTATION_CONTEXT(2) 
PARAMETRIC_REPRESENTATION_CONTEXT() REPRESENTATION_CONTEXT('2D SPACE',''
  ) );
#2388 = PCURVE('',#2019,#2389);
#2389 = DEFINITIONAL_REPRESENTATION('',(#2390),#2394);
#2390 = LINE('',#2391,#2392);
#2391 = CARTESIAN_POINT('',(-150.,0.));
#2392 = VECTOR('',#2393,1.);
#2393 = DIRECTION('',(-1.,0.));
#2394 = ( GEOMETRIC_REPRESENTATION_CONTEXT(2) 
PARAMETRIC_REPRESENTATION_CONTEXT() REPRESENTATION_CONTEXT('2D SPACE',''
  ) );
#2395 = FACE_BOUND('',#2396,.F.);
#2396 = EDGE_LOOP('',(#2397,#2427,#2455,#2483,#2506,#2529));
#2397 = ORIENTED_EDGE('',*,*,#2398,.F.);
#2398 = EDGE_CURVE('',#2399,#2401,#2403,.T.);
#2399 = VERTEX_POINT('',#2400);
#2400 = CARTESIAN_POINT('',(42.39,12.,54.5));
#2401 = VERTEX_POINT('',#2402);
#2402 = CARTESIAN_POINT('',(42.39,12.,44.5));
#2403 = SURFACE_CURVE('',#2404,(#2408,#2415),.PCURVE_S1.);
#2404 = LINE('',#2405,#2406);
#2405 = CARTESIAN_POINT('',(42.39,12.,54.5));
#2406 = VECTOR('',#2407,1.);
#2407 = DIRECTION('',(-0.,-0.,-1.));
#2408 = PCURVE('',#1935,#2409);
#2409 = DEFINITIONAL_REPRESENTATION('',(#2410),#2414);
#2410 = LINE('',#2411,#2412);
#2411 = CARTESIAN_POINT('',(354.5,342.39));
#2412 = VECTOR('',#2413,1.);
#2413 = DIRECTION('',(-1.,0.));
#2414 = ( GEOMETRIC_REPRESENTATION_CONTEXT(2) 
PARAMETRIC_REPRESENTATION_CONTEXT() REPRESENTATION_CONTEXT('2D SPACE',''
  ) );
#2415 = PCURVE('',#2416,#2421);
#2416 = CYLINDRICAL_SURFACE('',#2417,0.89);
#2417 = AXIS2_PLACEMENT_3D('',#2418,#2419,#2420);
#2418 = CARTESIAN_POINT('',(41.5,12.,54.5));
#2419 = DIRECTION('',(0.,0.,1.));
#2420 = DIRECTION('',(1.,0.,-0.));
#2421 = DEFINITIONAL_REPRESENTATION('',(#2422),#2426);
#2422 = LINE('',#2423,#2424);
#2423 = CARTESIAN_POINT('',(4.138911435803E-13,0.));
#2424 = VECTOR('',#2425,1.);
#2425 = DIRECTION('',(0.,-1.));
#2426 = ( GEOMETRIC_REPRESENTATION_CONTEXT(2) 
PARAMETRIC_REPRESENTATION_CONTEXT() REPRESENTATION_CONTEXT('2D SPACE',''
  ) );
#2427 = ORIENTED_EDGE('',*,*,#2428,.T.);
#2428 = EDGE_CURVE('',#2399,#2429,#2431,.T.);
#2429 = VERTEX_POINT('',#2430);
#2430 = CARTESIAN_POINT('',(42.39,12.,64.5));
#2431 = SURFACE_CURVE('',#2432,(#2436,#2443),.PCURVE_S1.);
#2432 = LINE('',#2433,#2434);
#2433 = CARTESIAN_POINT('',(42.39,12.,54.5));
#2434 = VECTOR('',#2435,1.);
#2435 = DIRECTION('',(0.,0.,1.));
#2436 = PCURVE('',#1935,#2437);
#2437 = DEFINITIONAL_REPRESENTATION('',(#2438),#2442);
#2438 = LINE('',#2439,#2440);
#2439 = CARTESIAN_POINT('',(354.5,342.39));
#2440 = VECTOR('',#2441,1.);
#2441 = DIRECTION('',(1.,0.));
#2442 = ( GEOMETRIC_REPRESENTATION_CONTEXT(2) 
PARAMETRIC_REPRESENTATION_CONTEXT() REPRESENTATION_CONTEXT('2D SPACE',''
  ) );
#2443 = PCURVE('',#2444,#2449);
#2444 = CYLINDRICAL_SURFACE('',#2445,0.89);
#2445 = AXIS2_PLACEMENT_3D('',#2446,#2447,#2448);
#2446 = CARTESIAN_POINT('',(41.5,12.,54.5));
#2447 = DIRECTION('',(-0.,-0.,-1.));
#2448 = DIRECTION('',(1.,0.,0.));
#2449 = DEFINITIONAL_REPRESENTATION('',(#2450),#2454);
#2450 = LINE('',#2451,#2452);
#2451 = CARTESIAN_POINT('',(6.28318530718,0.));
#2452 = VECTOR('',#2453,1.);
#2453 = DIRECTION('',(-0.,-1.));
#2454 = ( GEOMETRIC_REPRESENTATION_CONTEXT(2) 
PARAMETRIC_REPRESENTATION_CONTEXT() REPRESENTATION_CONTEXT('2D SPACE',''
  ) );
#2455 = ORIENTED_EDGE('',*,*,#2456,.F.);
#2456 = EDGE_CURVE('',#2457,#2429,#2459,.T.);
#2457 = VERTEX_POINT('',#2458);
#2458 = CARTESIAN_POINT('',(40.61,12.,64.5));
#2459 = SURFACE_CURVE('',#2460,(#2464,#2471),.PCURVE_S1.);
#2460 = LINE('',#2461,#2462);
#2461 = CARTESIAN_POINT('',(-129.25,12.,64.5));
#2462 = VECTOR('',#2463,1.);
#2463 = DIRECTION('',(1.,0.,0.));
#2464 = PCURVE('',#1935,#2465);
#2465 = DEFINITIONAL_REPRESENTATION('',(#2466),#2470);
#2466 = LINE('',#2467,#2468);
#2467 = CARTESIAN_POINT('',(364.5,170.75));
#2468 = VECTOR('',#2469,1.);
#2469 = DIRECTION('',(0.,1.));
#2470 = ( GEOMETRIC_REPRESENTATION_CONTEXT(2) 
PARAMETRIC_REPRESENTATION_CONTEXT() REPRESENTATION_CONTEXT('2D SPACE',''
  ) );
#2471 = PCURVE('',#2472,#2477);
#2472 = PLANE('',#2473);
#2473 = AXIS2_PLACEMENT_3D('',#2474,#2475,#2476);
#2474 = CARTESIAN_POINT('',(41.5,12.,64.5));
#2475 = DIRECTION('',(0.,0.,1.));
#2476 = DIRECTION('',(1.,0.,0.));
#2477 = DEFINITIONAL_REPRESENTATION('',(#2478),#2482);
#2478 = LINE('',#2479,#2480);
#2479 = CARTESIAN_POINT('',(-170.75,0.));
#2480 = VECTOR('',#2481,1.);
#2481 = DIRECTION('',(1.,0.));
#2482 = ( GEOMETRIC_REPRESENTATION_CONTEXT(2) 
PARAMETRIC_REPRESENTATION_CONTEXT() REPRESENTATION_CONTEXT('2D SPACE',''
  ) );
#2483 = ORIENTED_EDGE('',*,*,#2484,.T.);
#2484 = EDGE_CURVE('',#2457,#2485,#2487,.T.);
#2485 = VERTEX_POINT('',#2486);
#2486 = CARTESIAN_POINT('',(40.61,12.,54.5));
#2487 = SURFACE_CURVE('',#2488,(#2492,#2499),.PCURVE_S1.);
#2488 = LINE('',#2489,#2490);
#2489 = CARTESIAN_POINT('',(40.61,12.,54.5));
#2490 = VECTOR('',#2491,1.);
#2491 = DIRECTION('',(-0.,-0.,-1.));
#2492 = PCURVE('',#1935,#2493);
#2493 = DEFINITIONAL_REPRESENTATION('',(#2494),#2498);
#2494 = LINE('',#2495,#2496);
#2495 = CARTESIAN_POINT('',(354.5,340.61));
#2496 = VECTOR('',#2497,1.);
#2497 = DIRECTION('',(-1.,0.));
#2498 = ( GEOMETRIC_REPRESENTATION_CONTEXT(2) 
PARAMETRIC_REPRESENTATION_CONTEXT() REPRESENTATION_CONTEXT('2D SPACE',''
  ) );
#2499 = PCURVE('',#2444,#2500);
#2500 = DEFINITIONAL_REPRESENTATION('',(#2501),#2505);
#2501 = LINE('',#2502,#2503);
#2502 = CARTESIAN_POINT('',(3.14159265359,0.));
#2503 = VECTOR('',#2504,1.);
#2504 = DIRECTION('',(0.,1.));
#2505 = ( GEOMETRIC_REPRESENTATION_CONTEXT(2) 
PARAMETRIC_REPRESENTATION_CONTEXT() REPRESENTATION_CONTEXT('2D SPACE',''
  ) );
#2506 = ORIENTED_EDGE('',*,*,#2507,.F.);
#2507 = EDGE_CURVE('',#2508,#2485,#2510,.T.);
#2508 = VERTEX_POINT('',#2509);
#2509 = CARTESIAN_POINT('',(40.61,12.,44.5));
#2510 = SURFACE_CURVE('',#2511,(#2515,#2522),.PCURVE_S1.);
#2511 = LINE('',#2512,#2513);
#2512 = CARTESIAN_POINT('',(40.61,12.,54.5));
#2513 = VECTOR('',#2514,1.);
#2514 = DIRECTION('',(0.,0.,1.));
#2515 = PCURVE('',#1935,#2516);
#2516 = DEFINITIONAL_REPRESENTATION('',(#2517),#2521);
#2517 = LINE('',#2518,#2519);
#2518 = CARTESIAN_POINT('',(354.5,340.61));
#2519 = VECTOR('',#2520,1.);
#2520 = DIRECTION('',(1.,0.));
#2521 = ( GEOMETRIC_REPRESENTATION_CONTEXT(2) 
PARAMETRIC_REPRESENTATION_CONTEXT() REPRESENTATION_CONTEXT('2D SPACE',''
  ) );
#2522 = PCURVE('',#2416,#2523);
#2523 = DEFINITIONAL_REPRESENTATION('',(#2524),#2528);
#2524 = LINE('',#2525,#2526);
#2525 = CARTESIAN_POINT('',(3.14159265359,0.));
#2526 = VECTOR('',#2527,1.);
#2527 = DIRECTION('',(0.,1.));
#2528 = ( GEOMETRIC_REPRESENTATION_CONTEXT(2) 
PARAMETRIC_REPRESENTATION_CONTEXT() REPRESENTATION_CONTEXT('2D SPACE',''
  ) );
#2529 = ORIENTED_EDGE('',*,*,#2530,.F.);
#2530 = EDGE_CURVE('',#2401,#2508,#2531,.T.);
#2531 = SURFACE_CURVE('',#2532,(#2536,#2543),.PCURVE_S1.);
#2532 = LINE('',#2533,#2534);
#2533 = CARTESIAN_POINT('',(-129.25,12.,44.5));
#2534 = VECTOR('',#2535,1.);
#2535 = DIRECTION('',(-1.,0.,0.));
#2536 = PCURVE('',#1935,#2537);
#2537 = DEFINITIONAL_REPRESENTATION('',(#2538),#2542);
#2538 = LINE('',#2539,#2540);
#2539 = CARTESIAN_POINT('',(344.5,170.75));
#2540 = VECTOR('',#2541,1.);
#2541 = DIRECTION('',(0.,-1.));
#2542 = ( GEOMETRIC_REPRESENTATION_CONTEXT(2) 
PARAMETRIC_REPRESENTATION_CONTEXT() REPRESENTATION_CONTEXT('2D SPACE',''
  ) );
#2543 = PCURVE('',#2544,#2549);
#2544 = PLANE('',#2545);
#2545 = AXIS2_PLACEMENT_3D('',#2546,#2547,#2548);
#2546 = CARTESIAN_POINT('',(41.5,12.,44.5));
#2547 = DIRECTION('',(0.,0.,1.));
#2548 = DIRECTION('',(1.,0.,-0.));
#2549 = DEFINITIONAL_REPRESENTATION('',(#2550),#2554);
#2550 = LINE('',#2551,#2552);
#2551 = CARTESIAN_POINT('',(-170.75,0.));
#2552 = VECTOR('',#2553,1.);
#2553 = DIRECTION('',(-1.,0.));
#2554 = ( GEOMETRIC_REPRESENTATION_CONTEXT(2) 
PARAMETRIC_REPRESENTATION_CONTEXT() REPRESENTATION_CONTEXT('2D SPACE',''
  ) );
#2555 = ADVANCED_FACE('',(#2556),#2019,.T.);
#2556 = FACE_BOUND('',#2557,.T.);
#2557 = EDGE_LOOP('',(#2558,#2559,#2560,#2583));
#2558 = ORIENTED_EDGE('',*,*,#2375,.F.);
#2559 = ORIENTED_EDGE('',*,*,#2004,.T.);
#2560 = ORIENTED_EDGE('',*,*,#2561,.F.);
#2561 = EDGE_CURVE('',#2562,#1977,#2564,.T.);
#2562 = VERTEX_POINT('',#2563);
#2563 = CARTESIAN_POINT('',(-44.75,12.,69.9));
#2564 = SURFACE_CURVE('',#2565,(#2569,#2576),.PCURVE_S1.);
#2565 = LINE('',#2566,#2567);
#2566 = CARTESIAN_POINT('',(-150.,12.,69.9));
#2567 = VECTOR('',#2568,1.);
#2568 = DIRECTION('',(-1.,0.,0.));
#2569 = PCURVE('',#2019,#2570);
#2570 = DEFINITIONAL_REPRESENTATION('',(#2571),#2575);
#2571 = LINE('',#2572,#2573);
#2572 = CARTESIAN_POINT('',(-150.,0.));
#2573 = VECTOR('',#2574,1.);
#2574 = DIRECTION('',(-1.,0.));
#2575 = ( GEOMETRIC_REPRESENTATION_CONTEXT(2) 
PARAMETRIC_REPRESENTATION_CONTEXT() REPRESENTATION_CONTEXT('2D SPACE',''
  ) );
#2576 = PCURVE('',#1992,#2577);
#2577 = DEFINITIONAL_REPRESENTATION('',(#2578),#2582);
#2578 = LINE('',#2579,#2580);
#2579 = CARTESIAN_POINT('',(369.9,150.));
#2580 = VECTOR('',#2581,1.);
#2581 = DIRECTION('',(0.,-1.));
#2582 = ( GEOMETRIC_REPRESENTATION_CONTEXT(2) 
PARAMETRIC_REPRESENTATION_CONTEXT() REPRESENTATION_CONTEXT('2D SPACE',''
  ) );
#2583 = ORIENTED_EDGE('',*,*,#2584,.F.);
#2584 = EDGE_CURVE('',#2348,#2562,#2585,.T.);
#2585 = SURFACE_CURVE('',#2586,(#2591,#2598),.PCURVE_S1.);
#2586 = CIRCLE('',#2587,44.75);
#2587 = AXIS2_PLACEMENT_3D('',#2588,#2589,#2590);
#2588 = CARTESIAN_POINT('',(0.,12.,69.9));
#2589 = DIRECTION('',(0.,0.,1.));
#2590 = DIRECTION('',(1.,0.,-0.));
#2591 = PCURVE('',#2019,#2592);
#2592 = DEFINITIONAL_REPRESENTATION('',(#2593),#2597);
#2593 = CIRCLE('',#2594,44.75);
#2594 = AXIS2_PLACEMENT_2D('',#2595,#2596);
#2595 = CARTESIAN_POINT('',(1.882068139409E-15,0.));
#2596 = DIRECTION('',(1.,0.));
#2597 = ( GEOMETRIC_REPRESENTATION_CONTEXT(2) 
PARAMETRIC_REPRESENTATION_CONTEXT() REPRESENTATION_CONTEXT('2D SPACE',''
  ) );
#2598 = PCURVE('',#2363,#2599);
#2599 = DEFINITIONAL_REPRESENTATION('',(#2600),#2604);
#2600 = LINE('',#2601,#2602);
#2601 = CARTESIAN_POINT('',(6.28318530718,0.));
#2602 = VECTOR('',#2603,1.);
#2603 = DIRECTION('',(-1.,0.));
#2604 = ( GEOMETRIC_REPRESENTATION_CONTEXT(2) 
PARAMETRIC_REPRESENTATION_CONTEXT() REPRESENTATION_CONTEXT('2D SPACE',''
  ) );
#2605 = ADVANCED_FACE('',(#2606,#2829),#1992,.F.);
#2606 = FACE_BOUND('',#2607,.F.);
#2607 = EDGE_LOOP('',(#2608,#2609,#2610,#2633,#2656,#2679,#2702,#2730,
    #2758,#2808));
#2608 = ORIENTED_EDGE('',*,*,#1976,.F.);
#2609 = ORIENTED_EDGE('',*,*,#2561,.F.);
#2610 = ORIENTED_EDGE('',*,*,#2611,.F.);
#2611 = EDGE_CURVE('',#2612,#2562,#2614,.T.);
#2612 = VERTEX_POINT('',#2613);
#2613 = CARTESIAN_POINT('',(-44.75,12.,80.7));
#2614 = SURFACE_CURVE('',#2615,(#2619,#2626),.PCURVE_S1.);
#2615 = LINE('',#2616,#2617);
#2616 = CARTESIAN_POINT('',(-44.75,12.,69.9));
#2617 = VECTOR('',#2618,1.);
#2618 = DIRECTION('',(-0.,-0.,-1.));
#2619 = PCURVE('',#1992,#2620);
#2620 = DEFINITIONAL_REPRESENTATION('',(#2621),#2625);
#2621 = LINE('',#2622,#2623);
#2622 = CARTESIAN_POINT('',(369.9,255.25));
#2623 = VECTOR('',#2624,1.);
#2624 = DIRECTION('',(-1.,0.));
#2625 = ( GEOMETRIC_REPRESENTATION_CONTEXT(2) 
PARAMETRIC_REPRESENTATION_CONTEXT() REPRESENTATION_CONTEXT('2D SPACE',''
  ) );
#2626 = PCURVE('',#2363,#2627);
#2627 = DEFINITIONAL_REPRESENTATION('',(#2628),#2632);
#2628 = LINE('',#2629,#2630);
#2629 = CARTESIAN_POINT('',(3.14159265359,0.));
#2630 = VECTOR('',#2631,1.);
#2631 = DIRECTION('',(0.,1.));
#2632 = ( GEOMETRIC_REPRESENTATION_CONTEXT(2) 
PARAMETRIC_REPRESENTATION_CONTEXT() REPRESENTATION_CONTEXT('2D SPACE',''
  ) );
#2633 = ORIENTED_EDGE('',*,*,#2634,.F.);
#2634 = EDGE_CURVE('',#2635,#2612,#2637,.T.);
#2635 = VERTEX_POINT('',#2636);
#2636 = CARTESIAN_POINT('',(-39.75,12.,80.7));
#2637 = SURFACE_CURVE('',#2638,(#2642,#2649),.PCURVE_S1.);
#2638 = LINE('',#2639,#2640);
#2639 = CARTESIAN_POINT('',(-150.,12.,80.7));
#2640 = VECTOR('',#2641,1.);
#2641 = DIRECTION('',(-1.,0.,0.));
#2642 = PCURVE('',#1992,#2643);
#2643 = DEFINITIONAL_REPRESENTATION('',(#2644),#2648);
#2644 = LINE('',#2645,#2646);
#2645 = CARTESIAN_POINT('',(380.7,150.));
#2646 = VECTOR('',#2647,1.);
#2647 = DIRECTION('',(0.,-1.));
#2648 = ( GEOMETRIC_REPRESENTATION_CONTEXT(2) 
PARAMETRIC_REPRESENTATION_CONTEXT() REPRESENTATION_CONTEXT('2D SPACE',''
  ) );
#2649 = PCURVE('',#2335,#2650);
#2650 = DEFINITIONAL_REPRESENTATION('',(#2651),#2655);
#2651 = LINE('',#2652,#2653);
#2652 = CARTESIAN_POINT('',(-150.,-3.552713678801E-15));
#2653 = VECTOR('',#2654,1.);
#2654 = DIRECTION('',(-1.,0.));
#2655 = ( GEOMETRIC_REPRESENTATION_CONTEXT(2) 
PARAMETRIC_REPRESENTATION_CONTEXT() REPRESENTATION_CONTEXT('2D SPACE',''
  ) );
#2656 = ORIENTED_EDGE('',*,*,#2657,.F.);
#2657 = EDGE_CURVE('',#2658,#2635,#2660,.T.);
#2658 = VERTEX_POINT('',#2659);
#2659 = CARTESIAN_POINT('',(-39.75,12.,109.));
#2660 = SURFACE_CURVE('',#2661,(#2665,#2672),.PCURVE_S1.);
#2661 = LINE('',#2662,#2663);
#2662 = CARTESIAN_POINT('',(-39.75,12.,80.7));
#2663 = VECTOR('',#2664,1.);
#2664 = DIRECTION('',(-0.,-0.,-1.));
#2665 = PCURVE('',#1992,#2666);
#2666 = DEFINITIONAL_REPRESENTATION('',(#2667),#2671);
#2667 = LINE('',#2668,#2669);
#2668 = CARTESIAN_POINT('',(380.7,260.25));
#2669 = VECTOR('',#2670,1.);
#2670 = DIRECTION('',(-1.,0.));
#2671 = ( GEOMETRIC_REPRESENTATION_CONTEXT(2) 
PARAMETRIC_REPRESENTATION_CONTEXT() REPRESENTATION_CONTEXT('2D SPACE',''
  ) );
#2672 = PCURVE('',#2307,#2673);
#2673 = DEFINITIONAL_REPRESENTATION('',(#2674),#2678);
#2674 = LINE('',#2675,#2676);
#2675 = CARTESIAN_POINT('',(3.14159265359,0.));
#2676 = VECTOR('',#2677,1.);
#2677 = DIRECTION('',(0.,1.));
#2678 = ( GEOMETRIC_REPRESENTATION_CONTEXT(2) 
PARAMETRIC_REPRESENTATION_CONTEXT() REPRESENTATION_CONTEXT('2D SPACE',''
  ) );
#2679 = ORIENTED_EDGE('',*,*,#2680,.F.);
#2680 = EDGE_CURVE('',#2681,#2658,#2683,.T.);
#2681 = VERTEX_POINT('',#2682);
#2682 = CARTESIAN_POINT('',(-38.,12.,109.));
#2683 = SURFACE_CURVE('',#2684,(#2688,#2695),.PCURVE_S1.);
#2684 = LINE('',#2685,#2686);
#2685 = CARTESIAN_POINT('',(-150.,12.,109.));
#2686 = VECTOR('',#2687,1.);
#2687 = DIRECTION('',(-1.,0.,0.));
#2688 = PCURVE('',#1992,#2689);
#2689 = DEFINITIONAL_REPRESENTATION('',(#2690),#2694);
#2690 = LINE('',#2691,#2692);
#2691 = CARTESIAN_POINT('',(409.,150.));
#2692 = VECTOR('',#2693,1.);
#2693 = DIRECTION('',(0.,-1.));
#2694 = ( GEOMETRIC_REPRESENTATION_CONTEXT(2) 
PARAMETRIC_REPRESENTATION_CONTEXT() REPRESENTATION_CONTEXT('2D SPACE',''
  ) );
#2695 = PCURVE('',#2279,#2696);
#2696 = DEFINITIONAL_REPRESENTATION('',(#2697),#2701);
#2697 = LINE('',#2698,#2699);
#2698 = CARTESIAN_POINT('',(-150.,0.));
#2699 = VECTOR('',#2700,1.);
#2700 = DIRECTION('',(-1.,0.));
#2701 = ( GEOMETRIC_REPRESENTATION_CONTEXT(2) 
PARAMETRIC_REPRESENTATION_CONTEXT() REPRESENTATION_CONTEXT('2D SPACE',''
  ) );
#2702 = ORIENTED_EDGE('',*,*,#2703,.F.);
#2703 = EDGE_CURVE('',#2704,#2681,#2706,.T.);
#2704 = VERTEX_POINT('',#2705);
#2705 = CARTESIAN_POINT('',(-37.5,12.,108.5));
#2706 = SURFACE_CURVE('',#2707,(#2711,#2718),.PCURVE_S1.);
#2707 = LINE('',#2708,#2709);
#2708 = CARTESIAN_POINT('',(-36.75,12.,107.74999999999));
#2709 = VECTOR('',#2710,1.);
#2710 = DIRECTION('',(-0.707106781186,0.,0.707106781187));
#2711 = PCURVE('',#1992,#2712);
#2712 = DEFINITIONAL_REPRESENTATION('',(#2713),#2717);
#2713 = LINE('',#2714,#2715);
#2714 = CARTESIAN_POINT('',(407.74999999999,263.25));
#2715 = VECTOR('',#2716,1.);
#2716 = DIRECTION('',(0.707106781187,-0.707106781186));
#2717 = ( GEOMETRIC_REPRESENTATION_CONTEXT(2) 
PARAMETRIC_REPRESENTATION_CONTEXT() REPRESENTATION_CONTEXT('2D SPACE',''
  ) );
#2718 = PCURVE('',#2719,#2724);
#2719 = CONICAL_SURFACE('',#2720,0.75,0.785398163397);
#2720 = AXIS2_PLACEMENT_3D('',#2721,#2722,#2723);
#2721 = CARTESIAN_POINT('',(-36.75,12.,108.5));
#2722 = DIRECTION('',(-0.,0.,1.));
#2723 = DIRECTION('',(0.,-1.,0.));
#2724 = DEFINITIONAL_REPRESENTATION('',(#2725),#2729);
#2725 = LINE('',#2726,#2727);
#2726 = CARTESIAN_POINT('',(4.712388980385,-0.750000000001));
#2727 = VECTOR('',#2728,1.);
#2728 = DIRECTION('',(0.,1.));
#2729 = ( GEOMETRIC_REPRESENTATION_CONTEXT(2) 
PARAMETRIC_REPRESENTATION_CONTEXT() REPRESENTATION_CONTEXT('2D SPACE',''
  ) );
#2730 = ORIENTED_EDGE('',*,*,#2731,.T.);
#2731 = EDGE_CURVE('',#2704,#2732,#2734,.T.);
#2732 = VERTEX_POINT('',#2733);
#2733 = CARTESIAN_POINT('',(-37.5,12.,99.));
#2734 = SURFACE_CURVE('',#2735,(#2739,#2746),.PCURVE_S1.);
#2735 = LINE('',#2736,#2737);
#2736 = CARTESIAN_POINT('',(-37.5,12.,99.));
#2737 = VECTOR('',#2738,1.);
#2738 = DIRECTION('',(0.,-0.,-1.));
#2739 = PCURVE('',#1992,#2740);
#2740 = DEFINITIONAL_REPRESENTATION('',(#2741),#2745);
#2741 = LINE('',#2742,#2743);
#2742 = CARTESIAN_POINT('',(399.,262.5));
#2743 = VECTOR('',#2744,1.);
#2744 = DIRECTION('',(-1.,0.));
#2745 = ( GEOMETRIC_REPRESENTATION_CONTEXT(2) 
PARAMETRIC_REPRESENTATION_CONTEXT() REPRESENTATION_CONTEXT('2D SPACE',''
  ) );
#2746 = PCURVE('',#2747,#2752);
#2747 = CYLINDRICAL_SURFACE('',#2748,0.75);
#2748 = AXIS2_PLACEMENT_3D('',#2749,#2750,#2751);
#2749 = CARTESIAN_POINT('',(-36.75,12.,99.));
#2750 = DIRECTION('',(0.,-0.,-1.));
#2751 = DIRECTION('',(0.,-1.,0.));
#2752 = DEFINITIONAL_REPRESENTATION('',(#2753),#2757);
#2753 = LINE('',#2754,#2755);
#2754 = CARTESIAN_POINT('',(1.570796326795,0.));
#2755 = VECTOR('',#2756,1.);
#2756 = DIRECTION('',(0.,1.));
#2757 = ( GEOMETRIC_REPRESENTATION_CONTEXT(2) 
PARAMETRIC_REPRESENTATION_CONTEXT() REPRESENTATION_CONTEXT('2D SPACE',''
  ) );
#2758 = ORIENTED_EDGE('',*,*,#2759,.F.);
#2759 = EDGE_CURVE('',#2760,#2732,#2762,.T.);
#2760 = VERTEX_POINT('',#2761);
#2761 = CARTESIAN_POINT('',(-37.8,12.,0.));
#2762 = SURFACE_CURVE('',#2763,(#2769,#2778),.PCURVE_S1.);
#2763 = B_SPLINE_CURVE_WITH_KNOTS('',4,(#2764,#2765,#2766,#2767,#2768),
  .UNSPECIFIED.,.F.,.F.,(5,5),(0.,1.),.PIECEWISE_BEZIER_KNOTS.);
#2764 = CARTESIAN_POINT('',(-37.79999999999,12.,0.));
#2765 = CARTESIAN_POINT('',(-37.72499998616,12.,24.75));
#2766 = CARTESIAN_POINT('',(-37.64999997233,12.,49.500000000001));
#2767 = CARTESIAN_POINT('',(-37.5749999585,12.,74.249999999999));
#2768 = CARTESIAN_POINT('',(-37.49999994467,12.,99.));
#2769 = PCURVE('',#1992,#2770);
#2770 = DEFINITIONAL_REPRESENTATION('',(#2771),#2777);
#2771 = B_SPLINE_CURVE_WITH_KNOTS('',4,(#2772,#2773,#2774,#2775,#2776),
  .UNSPECIFIED.,.F.,.F.,(5,5),(0.,1.),.PIECEWISE_BEZIER_KNOTS.);
#2772 = CARTESIAN_POINT('',(300.,262.2));
#2773 = CARTESIAN_POINT('',(324.75,262.27500001383));
#2774 = CARTESIAN_POINT('',(349.5,262.35000002766));
#2775 = CARTESIAN_POINT('',(374.24999999999,262.42500004149));
#2776 = CARTESIAN_POINT('',(399.,262.50000005532));
#2777 = ( GEOMETRIC_REPRESENTATION_CONTEXT(2) 
PARAMETRIC_REPRESENTATION_CONTEXT() REPRESENTATION_CONTEXT('2D SPACE',''
  ) );
#2778 = PCURVE('',#2779,#2800);
#2779 = B_SPLINE_SURFACE_WITH_KNOTS('',9,1,(
    (#2780,#2781)
    ,(#2782,#2783)
    ,(#2784,#2785)
    ,(#2786,#2787)
    ,(#2788,#2789)
    ,(#2790,#2791)
    ,(#2792,#2793)
    ,(#2794,#2795)
    ,(#2796,#2797)
    ,(#2798,#2799
    )),.UNSPECIFIED.,.F.,.F.,.F.,(10,10),(2,2),(3.14159265359,
    6.28318530718),(0.,1.),.PIECEWISE_BEZIER_KNOTS.);
#2780 = CARTESIAN_POINT('',(-37.79213073791,12.771267974243,0.));
#2781 = CARTESIAN_POINT('',(-36.75,12.75,99.));
#2782 = CARTESIAN_POINT('',(-37.79562806637,12.599898879786,0.));
#2783 = CARTESIAN_POINT('',(-37.01179938779,12.75,99.));
#2784 = CARTESIAN_POINT('',(-37.79825118407,12.428511943798,0.));
#2785 = CARTESIAN_POINT('',(-37.27360149249,12.647191900061,
    98.999999999999));
#2786 = CARTESIAN_POINT('',(-37.79999998699,12.257112263859,0.));
#2787 = CARTESIAN_POINT('',(-37.48924283384,12.44157278914,
    99.000000000004));
#2788 = CARTESIAN_POINT('',(-37.80087440579,12.08570493755,0.));
#2789 = CARTESIAN_POINT('',(-37.61268047281,12.157317457926,
    98.999999999993));
#2790 = CARTESIAN_POINT('',(-37.80087440579,11.91429506245,0.));
#2791 = CARTESIAN_POINT('',(-37.61268047282,11.842682542074,
    99.000000000007));
#2792 = CARTESIAN_POINT('',(-37.79999998699,11.742887736141,0.));
#2793 = CARTESIAN_POINT('',(-37.48924283383,11.55842721086,
    98.999999999994));
#2794 = CARTESIAN_POINT('',(-37.79825118407,11.571488056202,0.));
#2795 = CARTESIAN_POINT('',(-37.2736014925,11.352808099939,
    99.000000000003));
#2796 = CARTESIAN_POINT('',(-37.79562806637,11.400101120214,0.));
#2797 = CARTESIAN_POINT('',(-37.01179938779,11.25,98.999999999999));
#2798 = CARTESIAN_POINT('',(-37.79213073791,11.228732025757,0.));
#2799 = CARTESIAN_POINT('',(-36.75,11.25,99.));
#2800 = DEFINITIONAL_REPRESENTATION('',(#2801),#2807);
#2801 = B_SPLINE_CURVE_WITH_KNOTS('',4,(#2802,#2803,#2804,#2805,#2806),
  .UNSPECIFIED.,.F.,.F.,(5,5),(0.,1.),.PIECEWISE_BEZIER_KNOTS.);
#2802 = CARTESIAN_POINT('',(4.712388980385,0.));
#2803 = CARTESIAN_POINT('',(4.712388980385,0.25));
#2804 = CARTESIAN_POINT('',(4.712388980385,0.5));
#2805 = CARTESIAN_POINT('',(4.712388980385,0.75));
#2806 = CARTESIAN_POINT('',(4.712388980385,1.));
#2807 = ( GEOMETRIC_REPRESENTATION_CONTEXT(2) 
PARAMETRIC_REPRESENTATION_CONTEXT() REPRESENTATION_CONTEXT('2D SPACE',''
  ) );
#2808 = ORIENTED_EDGE('',*,*,#2809,.T.);
#2809 = EDGE_CURVE('',#2760,#1948,#2810,.T.);
#2810 = SURFACE_CURVE('',#2811,(#2815,#2822),.PCURVE_S1.);
#2811 = LINE('',#2812,#2813);
#2812 = CARTESIAN_POINT('',(-150.,12.,0.));
#2813 = VECTOR('',#2814,1.);
#2814 = DIRECTION('',(-1.,0.,0.));
#2815 = PCURVE('',#1992,#2816);
#2816 = DEFINITIONAL_REPRESENTATION('',(#2817),#2821);
#2817 = LINE('',#2818,#2819);
#2818 = CARTESIAN_POINT('',(300.,150.));
#2819 = VECTOR('',#2820,1.);
#2820 = DIRECTION('',(0.,-1.));
#2821 = ( GEOMETRIC_REPRESENTATION_CONTEXT(2) 
PARAMETRIC_REPRESENTATION_CONTEXT() REPRESENTATION_CONTEXT('2D SPACE',''
  ) );
#2822 = PCURVE('',#1964,#2823);
#2823 = DEFINITIONAL_REPRESENTATION('',(#2824),#2828);
#2824 = LINE('',#2825,#2826);
#2825 = CARTESIAN_POINT('',(-150.,0.));
#2826 = VECTOR('',#2827,1.);
#2827 = DIRECTION('',(-1.,0.));
#2828 = ( GEOMETRIC_REPRESENTATION_CONTEXT(2) 
PARAMETRIC_REPRESENTATION_CONTEXT() REPRESENTATION_CONTEXT('2D SPACE',''
  ) );
#2829 = FACE_BOUND('',#2830,.F.);
#2830 = EDGE_LOOP('',(#2831,#2861,#2889,#2917,#2940,#2963));
#2831 = ORIENTED_EDGE('',*,*,#2832,.F.);
#2832 = EDGE_CURVE('',#2833,#2835,#2837,.T.);
#2833 = VERTEX_POINT('',#2834);
#2834 = CARTESIAN_POINT('',(-40.61,12.,54.5));
#2835 = VERTEX_POINT('',#2836);
#2836 = CARTESIAN_POINT('',(-40.61,12.,44.5));
#2837 = SURFACE_CURVE('',#2838,(#2842,#2849),.PCURVE_S1.);
#2838 = LINE('',#2839,#2840);
#2839 = CARTESIAN_POINT('',(-40.61,12.,54.5));
#2840 = VECTOR('',#2841,1.);
#2841 = DIRECTION('',(-0.,-0.,-1.));
#2842 = PCURVE('',#1992,#2843);
#2843 = DEFINITIONAL_REPRESENTATION('',(#2844),#2848);
#2844 = LINE('',#2845,#2846);
#2845 = CARTESIAN_POINT('',(354.5,259.39));
#2846 = VECTOR('',#2847,1.);
#2847 = DIRECTION('',(-1.,0.));
#2848 = ( GEOMETRIC_REPRESENTATION_CONTEXT(2) 
PARAMETRIC_REPRESENTATION_CONTEXT() REPRESENTATION_CONTEXT('2D SPACE',''
  ) );
#2849 = PCURVE('',#2850,#2855);
#2850 = CYLINDRICAL_SURFACE('',#2851,0.89);
#2851 = AXIS2_PLACEMENT_3D('',#2852,#2853,#2854);
#2852 = CARTESIAN_POINT('',(-41.5,12.,54.5));
#2853 = DIRECTION('',(0.,0.,1.));
#2854 = DIRECTION('',(1.,0.,-0.));
#2855 = DEFINITIONAL_REPRESENTATION('',(#2856),#2860);
#2856 = LINE('',#2857,#2858);
#2857 = CARTESIAN_POINT('',(4.138911435803E-13,0.));
#2858 = VECTOR('',#2859,1.);
#2859 = DIRECTION('',(0.,-1.));
#2860 = ( GEOMETRIC_REPRESENTATION_CONTEXT(2) 
PARAMETRIC_REPRESENTATION_CONTEXT() REPRESENTATION_CONTEXT('2D SPACE',''
  ) );
#2861 = ORIENTED_EDGE('',*,*,#2862,.T.);
#2862 = EDGE_CURVE('',#2833,#2863,#2865,.T.);
#2863 = VERTEX_POINT('',#2864);
#2864 = CARTESIAN_POINT('',(-40.61,12.,64.5));
#2865 = SURFACE_CURVE('',#2866,(#2870,#2877),.PCURVE_S1.);
#2866 = LINE('',#2867,#2868);
#2867 = CARTESIAN_POINT('',(-40.61,12.,54.5));
#2868 = VECTOR('',#2869,1.);
#2869 = DIRECTION('',(0.,0.,1.));
#2870 = PCURVE('',#1992,#2871);
#2871 = DEFINITIONAL_REPRESENTATION('',(#2872),#2876);
#2872 = LINE('',#2873,#2874);
#2873 = CARTESIAN_POINT('',(354.5,259.39));
#2874 = VECTOR('',#2875,1.);
#2875 = DIRECTION('',(1.,0.));
#2876 = ( GEOMETRIC_REPRESENTATION_CONTEXT(2) 
PARAMETRIC_REPRESENTATION_CONTEXT() REPRESENTATION_CONTEXT('2D SPACE',''
  ) );
#2877 = PCURVE('',#2878,#2883);
#2878 = CYLINDRICAL_SURFACE('',#2879,0.89);
#2879 = AXIS2_PLACEMENT_3D('',#2880,#2881,#2882);
#2880 = CARTESIAN_POINT('',(-41.5,12.,54.5));
#2881 = DIRECTION('',(-0.,-0.,-1.));
#2882 = DIRECTION('',(1.,0.,0.));
#2883 = DEFINITIONAL_REPRESENTATION('',(#2884),#2888);
#2884 = LINE('',#2885,#2886);
#2885 = CARTESIAN_POINT('',(6.28318530718,0.));
#2886 = VECTOR('',#2887,1.);
#2887 = DIRECTION('',(-0.,-1.));
#2888 = ( GEOMETRIC_REPRESENTATION_CONTEXT(2) 
PARAMETRIC_REPRESENTATION_CONTEXT() REPRESENTATION_CONTEXT('2D SPACE',''
  ) );
#2889 = ORIENTED_EDGE('',*,*,#2890,.F.);
#2890 = EDGE_CURVE('',#2891,#2863,#2893,.T.);
#2891 = VERTEX_POINT('',#2892);
#2892 = CARTESIAN_POINT('',(-42.39,12.,64.5));
#2893 = SURFACE_CURVE('',#2894,(#2898,#2905),.PCURVE_S1.);
#2894 = LINE('',#2895,#2896);
#2895 = CARTESIAN_POINT('',(-170.75,12.,64.5));
#2896 = VECTOR('',#2897,1.);
#2897 = DIRECTION('',(1.,0.,0.));
#2898 = PCURVE('',#1992,#2899);
#2899 = DEFINITIONAL_REPRESENTATION('',(#2900),#2904);
#2900 = LINE('',#2901,#2902);
#2901 = CARTESIAN_POINT('',(364.5,129.25));
#2902 = VECTOR('',#2903,1.);
#2903 = DIRECTION('',(0.,1.));
#2904 = ( GEOMETRIC_REPRESENTATION_CONTEXT(2) 
PARAMETRIC_REPRESENTATION_CONTEXT() REPRESENTATION_CONTEXT('2D SPACE',''
  ) );
#2905 = PCURVE('',#2906,#2911);
#2906 = PLANE('',#2907);
#2907 = AXIS2_PLACEMENT_3D('',#2908,#2909,#2910);
#2908 = CARTESIAN_POINT('',(-41.5,12.,64.5));
#2909 = DIRECTION('',(0.,0.,1.));
#2910 = DIRECTION('',(1.,0.,0.));
#2911 = DEFINITIONAL_REPRESENTATION('',(#2912),#2916);
#2912 = LINE('',#2913,#2914);
#2913 = CARTESIAN_POINT('',(-129.25,0.));
#2914 = VECTOR('',#2915,1.);
#2915 = DIRECTION('',(1.,0.));
#2916 = ( GEOMETRIC_REPRESENTATION_CONTEXT(2) 
PARAMETRIC_REPRESENTATION_CONTEXT() REPRESENTATION_CONTEXT('2D SPACE',''
  ) );
#2917 = ORIENTED_EDGE('',*,*,#2918,.T.);
#2918 = EDGE_CURVE('',#2891,#2919,#2921,.T.);
#2919 = VERTEX_POINT('',#2920);
#2920 = CARTESIAN_POINT('',(-42.39,12.,54.5));
#2921 = SURFACE_CURVE('',#2922,(#2926,#2933),.PCURVE_S1.);
#2922 = LINE('',#2923,#2924);
#2923 = CARTESIAN_POINT('',(-42.39,12.,54.5));
#2924 = VECTOR('',#2925,1.);
#2925 = DIRECTION('',(-0.,-0.,-1.));
#2926 = PCURVE('',#1992,#2927);
#2927 = DEFINITIONAL_REPRESENTATION('',(#2928),#2932);
#2928 = LINE('',#2929,#2930);
#2929 = CARTESIAN_POINT('',(354.5,257.61));
#2930 = VECTOR('',#2931,1.);
#2931 = DIRECTION('',(-1.,0.));
#2932 = ( GEOMETRIC_REPRESENTATION_CONTEXT(2) 
PARAMETRIC_REPRESENTATION_CONTEXT() REPRESENTATION_CONTEXT('2D SPACE',''
  ) );
#2933 = PCURVE('',#2878,#2934);
#2934 = DEFINITIONAL_REPRESENTATION('',(#2935),#2939);
#2935 = LINE('',#2936,#2937);
#2936 = CARTESIAN_POINT('',(3.14159265359,0.));
#2937 = VECTOR('',#2938,1.);
#2938 = DIRECTION('',(0.,1.));
#2939 = ( GEOMETRIC_REPRESENTATION_CONTEXT(2) 
PARAMETRIC_REPRESENTATION_CONTEXT() REPRESENTATION_CONTEXT('2D SPACE',''
  ) );
#2940 = ORIENTED_EDGE('',*,*,#2941,.F.);
#2941 = EDGE_CURVE('',#2942,#2919,#2944,.T.);
#2942 = VERTEX_POINT('',#2943);
#2943 = CARTESIAN_POINT('',(-42.39,12.,44.5));
#2944 = SURFACE_CURVE('',#2945,(#2949,#2956),.PCURVE_S1.);
#2945 = LINE('',#2946,#2947);
#2946 = CARTESIAN_POINT('',(-42.39,12.,54.5));
#2947 = VECTOR('',#2948,1.);
#2948 = DIRECTION('',(0.,0.,1.));
#2949 = PCURVE('',#1992,#2950);
#2950 = DEFINITIONAL_REPRESENTATION('',(#2951),#2955);
#2951 = LINE('',#2952,#2953);
#2952 = CARTESIAN_POINT('',(354.5,257.61));
#2953 = VECTOR('',#2954,1.);
#2954 = DIRECTION('',(1.,0.));
#2955 = ( GEOMETRIC_REPRESENTATION_CONTEXT(2) 
PARAMETRIC_REPRESENTATION_CONTEXT() REPRESENTATION_CONTEXT('2D SPACE',''
  ) );
#2956 = PCURVE('',#2850,#2957);
#2957 = DEFINITIONAL_REPRESENTATION('',(#2958),#2962);
#2958 = LINE('',#2959,#2960);
#2959 = CARTESIAN_POINT('',(3.14159265359,0.));
#2960 = VECTOR('',#2961,1.);
#2961 = DIRECTION('',(0.,1.));
#2962 = ( GEOMETRIC_REPRESENTATION_CONTEXT(2) 
PARAMETRIC_REPRESENTATION_CONTEXT() REPRESENTATION_CONTEXT('2D SPACE',''
  ) );
#2963 = ORIENTED_EDGE('',*,*,#2964,.F.);
#2964 = EDGE_CURVE('',#2835,#2942,#2965,.T.);
#2965 = SURFACE_CURVE('',#2966,(#2970,#2977),.PCURVE_S1.);
#2966 = LINE('',#2967,#2968);
#2967 = CARTESIAN_POINT('',(-170.75,12.,44.5));
#2968 = VECTOR('',#2969,1.);
#2969 = DIRECTION('',(-1.,0.,0.));
#2970 = PCURVE('',#1992,#2971);
#2971 = DEFINITIONAL_REPRESENTATION('',(#2972),#2976);
#2972 = LINE('',#2973,#2974);
#2973 = CARTESIAN_POINT('',(344.5,129.25));
#2974 = VECTOR('',#2975,1.);
#2975 = DIRECTION('',(0.,-1.));
#2976 = ( GEOMETRIC_REPRESENTATION_CONTEXT(2) 
PARAMETRIC_REPRESENTATION_CONTEXT() REPRESENTATION_CONTEXT('2D SPACE',''
  ) );
#2977 = PCURVE('',#2978,#2983);
#2978 = PLANE('',#2979);
#2979 = AXIS2_PLACEMENT_3D('',#2980,#2981,#2982);
#2980 = CARTESIAN_POINT('',(-41.5,12.,44.5));
#2981 = DIRECTION('',(0.,0.,1.));
#2982 = DIRECTION('',(1.,0.,-0.));
#2983 = DEFINITIONAL_REPRESENTATION('',(#2984),#2988);
#2984 = LINE('',#2985,#2986);
#2985 = CARTESIAN_POINT('',(-129.25,0.));
#2986 = VECTOR('',#2987,1.);
#2987 = DIRECTION('',(-1.,0.));
#2988 = ( GEOMETRIC_REPRESENTATION_CONTEXT(2) 
PARAMETRIC_REPRESENTATION_CONTEXT() REPRESENTATION_CONTEXT('2D SPACE',''
  ) );
#2989 = ADVANCED_FACE('',(#2990),#1964,.F.);
#2990 = FACE_BOUND('',#2991,.F.);
#2991 = EDGE_LOOP('',(#2992,#2993,#2994,#2995,#3018));
#2992 = ORIENTED_EDGE('',*,*,#2035,.F.);
#2993 = ORIENTED_EDGE('',*,*,#1947,.T.);
#2994 = ORIENTED_EDGE('',*,*,#2809,.F.);
#2995 = ORIENTED_EDGE('',*,*,#2996,.F.);
#2996 = EDGE_CURVE('',#2997,#2760,#2999,.T.);
#2997 = VERTEX_POINT('',#2998);
#2998 = CARTESIAN_POINT('',(-37.79213073791,12.771267974243,0.));
#2999 = SURFACE_CURVE('',#3000,(#3005,#3012),.PCURVE_S1.);
#3000 = CIRCLE('',#3001,37.8);
#3001 = AXIS2_PLACEMENT_3D('',#3002,#3003,#3004);
#3002 = CARTESIAN_POINT('',(0.,12.,0.));
#3003 = DIRECTION('',(0.,0.,1.));
#3004 = DIRECTION('',(1.,0.,-0.));
#3005 = PCURVE('',#1964,#3006);
#3006 = DEFINITIONAL_REPRESENTATION('',(#3007),#3011);
#3007 = CIRCLE('',#3008,37.8);
#3008 = AXIS2_PLACEMENT_2D('',#3009,#3010);
#3009 = CARTESIAN_POINT('',(1.882068139409E-15,0.));
#3010 = DIRECTION('',(1.,0.));
#3011 = ( GEOMETRIC_REPRESENTATION_CONTEXT(2) 
PARAMETRIC_REPRESENTATION_CONTEXT() REPRESENTATION_CONTEXT('2D SPACE',''
  ) );
#3012 = PCURVE('',#2779,#3013);
#3013 = DEFINITIONAL_REPRESENTATION('',(#3014),#3017);
#3014 = B_SPLINE_CURVE_WITH_KNOTS('',1,(#3015,#3016),.UNSPECIFIED.,.F.,
  .F.,(2,2),(3.121187322903,3.161997984276),.PIECEWISE_BEZIER_KNOTS.);
#3015 = CARTESIAN_POINT('',(3.14159265359,0.));
#3016 = CARTESIAN_POINT('',(6.28318530718,0.));
#3017 = ( GEOMETRIC_REPRESENTATION_CONTEXT(2) 
PARAMETRIC_REPRESENTATION_CONTEXT() REPRESENTATION_CONTEXT('2D SPACE',''
  ) );
#3018 = ORIENTED_EDGE('',*,*,#3019,.F.);
#3019 = EDGE_CURVE('',#2036,#2997,#3020,.T.);
#3020 = SURFACE_CURVE('',#3021,(#3026,#3033),.PCURVE_S1.);
#3021 = CIRCLE('',#3022,37.8);
#3022 = AXIS2_PLACEMENT_3D('',#3023,#3024,#3025);
#3023 = CARTESIAN_POINT('',(0.,12.,0.));
#3024 = DIRECTION('',(0.,0.,1.));
#3025 = DIRECTION('',(1.,0.,-0.));
#3026 = PCURVE('',#1964,#3027);
#3027 = DEFINITIONAL_REPRESENTATION('',(#3028),#3032);
#3028 = CIRCLE('',#3029,37.8);
#3029 = AXIS2_PLACEMENT_2D('',#3030,#3031);
#3030 = CARTESIAN_POINT('',(1.882068139409E-15,0.));
#3031 = DIRECTION('',(1.,0.));
#3032 = ( GEOMETRIC_REPRESENTATION_CONTEXT(2) 
PARAMETRIC_REPRESENTATION_CONTEXT() REPRESENTATION_CONTEXT('2D SPACE',''
  ) );
#3033 = PCURVE('',#3034,#3059);
#3034 = B_SPLINE_SURFACE_WITH_KNOTS('',11,1,(
    (#3035,#3036)
    ,(#3037,#3038)
    ,(#3039,#3040)
    ,(#3041,#3042)
    ,(#3043,#3044)
    ,(#3045,#3046)
    ,(#3047,#3048)
    ,(#3049,#3050)
    ,(#3051,#3052)
    ,(#3053,#3054)
    ,(#3055,#3056)
    ,(#3057,#3058
    )),.UNSPECIFIED.,.F.,.F.,.F.,(12,12),(2,2),(-73.5,0.),(0.,1.),
  .PIECEWISE_BEZIER_KNOTS.);
#3035 = CARTESIAN_POINT('',(37.8,12.,0.));
#3036 = CARTESIAN_POINT('',(36.75,12.75,99.));
#3037 = CARTESIAN_POINT('',(37.8,22.725534618702,0.));
#3038 = CARTESIAN_POINT('',(30.068181818182,12.75,99.));
#3039 = CARTESIAN_POINT('',(34.452359659639,33.451068457069,0.));
#3040 = CARTESIAN_POINT('',(23.386363636364,12.75,99.));
#3041 = CARTESIAN_POINT('',(27.757079789678,43.015652162493,0.));
#3042 = CARTESIAN_POINT('',(16.704545454545,12.75,99.));
#3043 = CARTESIAN_POINT('',(18.167101192845,50.2582922896,0.));
#3044 = CARTESIAN_POINT('',(10.022727272727,12.75,99.));
#3045 = CARTESIAN_POINT('',(6.588333853533,54.220109895496,0.));
#3046 = CARTESIAN_POINT('',(3.340909090909,12.75,99.));
#3047 = CARTESIAN_POINT('',(-5.725506764718,54.345748249928,0.));
#3048 = CARTESIAN_POINT('',(-3.340909090909,12.75,99.));
#3049 = CARTESIAN_POINT('',(-17.38270020679,50.621007601877,0.));
#3050 = CARTESIAN_POINT('',(-10.02272727272,12.75,99.));
#3051 = CARTESIAN_POINT('',(-27.11846055823,43.575548363709,0.));
#3052 = CARTESIAN_POINT('',(-16.70454545454,12.75,99.));
#3053 = CARTESIAN_POINT('',(-34.00750154424,34.149565747081,0.));
#3054 = CARTESIAN_POINT('',(-23.38636363636,12.75,99.));
#3055 = CARTESIAN_POINT('',(-37.57328784484,23.494569734672,0.));
#3056 = CARTESIAN_POINT('',(-30.06818181818,12.75,99.));
#3057 = CARTESIAN_POINT('',(-37.79213073791,12.771267974243,0.));
#3058 = CARTESIAN_POINT('',(-36.75,12.75,99.));
#3059 = DEFINITIONAL_REPRESENTATION('',(#3060),#3063);
#3060 = B_SPLINE_CURVE_WITH_KNOTS('',1,(#3061,#3062),.UNSPECIFIED.,.F.,
  .F.,(2,2),(0.,3.121187322903),.PIECEWISE_BEZIER_KNOTS.);
#3061 = CARTESIAN_POINT('',(-73.5,0.));
#3062 = CARTESIAN_POINT('',(0.,0.));
#3063 = ( GEOMETRIC_REPRESENTATION_CONTEXT(2) 
PARAMETRIC_REPRESENTATION_CONTEXT() REPRESENTATION_CONTEXT('2D SPACE',''
  ) );
#3064 = ADVANCED_FACE('',(#3065),#2144,.F.);
#3065 = FACE_BOUND('',#3066,.F.);
#3066 = EDGE_LOOP('',(#3067,#3068,#3090,#3362));
#3067 = ORIENTED_EDGE('',*,*,#2058,.F.);
#3068 = ORIENTED_EDGE('',*,*,#3069,.T.);
#3069 = EDGE_CURVE('',#2036,#3070,#3072,.T.);
#3070 = VERTEX_POINT('',#3071);
#3071 = CARTESIAN_POINT('',(37.459459459459,12.243243243243,
    32.108108108108));
#3072 = SURFACE_CURVE('',#3073,(#3076,#3083),.PCURVE_S1.);
#3073 = B_SPLINE_CURVE_WITH_KNOTS('',1,(#3074,#3075),.UNSPECIFIED.,.F.,
  .F.,(2,2),(0.,1.),.PIECEWISE_BEZIER_KNOTS.);
#3074 = CARTESIAN_POINT('',(37.8,12.,0.));
#3075 = CARTESIAN_POINT('',(36.75,12.75,99.));
#3076 = PCURVE('',#2144,#3077);
#3077 = DEFINITIONAL_REPRESENTATION('',(#3078),#3082);
#3078 = LINE('',#3079,#3080);
#3079 = CARTESIAN_POINT('',(6.28318530718,0.));
#3080 = VECTOR('',#3081,1.);
#3081 = DIRECTION('',(0.,1.));
#3082 = ( GEOMETRIC_REPRESENTATION_CONTEXT(2) 
PARAMETRIC_REPRESENTATION_CONTEXT() REPRESENTATION_CONTEXT('2D SPACE',''
  ) );
#3083 = PCURVE('',#3034,#3084);
#3084 = DEFINITIONAL_REPRESENTATION('',(#3085),#3089);
#3085 = LINE('',#3086,#3087);
#3086 = CARTESIAN_POINT('',(-73.5,0.));
#3087 = VECTOR('',#3088,1.);
#3088 = DIRECTION('',(0.,1.));
#3089 = ( GEOMETRIC_REPRESENTATION_CONTEXT(2) 
PARAMETRIC_REPRESENTATION_CONTEXT() REPRESENTATION_CONTEXT('2D SPACE',''
  ) );
#3090 = ORIENTED_EDGE('',*,*,#3091,.T.);
#3091 = EDGE_CURVE('',#3070,#3092,#3094,.T.);
#3092 = VERTEX_POINT('',#3093);
#3093 = CARTESIAN_POINT('',(37.302096709832,12.507630990969,99.));
#3094 = SURFACE_CURVE('',#3095,(#3175,#3258),.PCURVE_S1.);
#3095 = B_SPLINE_CURVE_WITH_KNOTS('',8,(#3096,#3097,#3098,#3099,#3100,
    #3101,#3102,#3103,#3104,#3105,#3106,#3107,#3108,#3109,#3110,#3111,
    #3112,#3113,#3114,#3115,#3116,#3117,#3118,#3119,#3120,#3121,#3122,
    #3123,#3124,#3125,#3126,#3127,#3128,#3129,#3130,#3131,#3132,#3133,
    #3134,#3135,#3136,#3137,#3138,#3139,#3140,#3141,#3142,#3143,#3144,
    #3145,#3146,#3147,#3148,#3149,#3150,#3151,#3152,#3153,#3154,#3155,
    #3156,#3157,#3158,#3159,#3160,#3161,#3162,#3163,#3164,#3165,#3166,
    #3167,#3168,#3169,#3170,#3171,#3172,#3173,#3174),.UNSPECIFIED.,.F.,
  .F.,(9,7,7,7,7,7,7,7,7,7,7,9),(0.,0.164029952013,0.437251237077,
    0.884386922444,0.967005283048,0.987659825765,0.996022357413,
    0.996698590643,0.997094068611,0.99742976424,0.9987151121,1.),
  .UNSPECIFIED.);
#3096 = CARTESIAN_POINT('',(37.459459459459,12.243243243243,
    32.108108108108));
#3097 = CARTESIAN_POINT('',(37.459248660848,12.243858072527,
    33.483697129698));
#3098 = CARTESIAN_POINT('',(37.458836968821,12.245056861968,
    34.859422681177));
#3099 = CARTESIAN_POINT('',(37.458272969751,12.246691250035,
    36.235241266457));
#3100 = CARTESIAN_POINT('',(37.457582628922,12.248673019531,
    37.611125923619));
#3101 = CARTESIAN_POINT('',(37.456785450729,12.25093509549,
    38.987057500207));
#3102 = CARTESIAN_POINT('',(37.45589479911,12.253428880131,
    40.363024750229));
#3103 = CARTESIAN_POINT('',(37.454921337599,12.256115444842,
    41.739022295813));
#3104 = CARTESIAN_POINT('',(37.452127549097,12.263709057393,
    45.407072414566));
#3105 = CARTESIAN_POINT('',(37.4501749095,12.268903591497,
    47.699161918633));
#3106 = CARTESIAN_POINT('',(37.448053346806,12.274405895555,
    49.991298228747));
#3107 = CARTESIAN_POINT('',(37.445784427647,12.280131945437,
    52.283467724444));
#3108 = CARTESIAN_POINT('',(37.443383600883,12.286022682946,
    54.575661046342));
#3109 = CARTESIAN_POINT('',(37.440863053504,12.292033336764,
    56.867872238646));
#3110 = CARTESIAN_POINT('',(37.438231763466,12.298131616661,
    59.160098684211));
#3111 = CARTESIAN_POINT('',(37.431022504718,12.314372385389,
    65.20367008567));
#3112 = CARTESIAN_POINT('',(37.426271522238,12.324618323267,
    68.955032560122));
#3113 = CARTESIAN_POINT('',(37.421277348739,12.33491723209,
    72.706417945839));
#3114 = CARTESIAN_POINT('',(37.416061042616,12.345208141672,
    76.457819660209));
#3115 = CARTESIAN_POINT('',(37.410638665496,12.355450999256,
    80.209233167935));
#3116 = CARTESIAN_POINT('',(37.405023484944,12.365616816895,
    83.960655584199));
#3117 = CARTESIAN_POINT('',(37.399226173464,12.37568630699,
    87.71208562291));
#3118 = CARTESIAN_POINT('',(37.392152456413,12.387485258796,
    92.156685691629));
#3119 = CARTESIAN_POINT('',(37.391043373072,12.389321569662,
    92.849848281824));
#3120 = CARTESIAN_POINT('',(37.38992839415,12.39115407363,
    93.543011081317));
#3121 = CARTESIAN_POINT('',(37.388807592019,12.392982659635,
    94.236174081967));
#3122 = CARTESIAN_POINT('',(37.387681056745,12.394807192054,
    94.929337276109));
#3123 = CARTESIAN_POINT('',(37.386548840036,12.396627597623,
    95.622500656517));
#3124 = CARTESIAN_POINT('',(37.385410899197,12.398443952357,
    96.315664216371));
#3125 = CARTESIAN_POINT('',(37.383981077199,12.400709721465,
    97.182118484467));
#3126 = CARTESIAN_POINT('',(37.383694778348,12.401162586557,
    97.355409030509));
#3127 = CARTESIAN_POINT('',(37.383408029624,12.401615342732,
    97.528699587242));
#3128 = CARTESIAN_POINT('',(37.383120861088,12.402067943402,
    97.701990154589));
#3129 = CARTESIAN_POINT('',(37.38283333472,12.402520292313,
    97.875280732476));
#3130 = CARTESIAN_POINT('',(37.38254543139,12.402972419444,
    98.048571320805));
#3131 = CARTESIAN_POINT('',(37.382256937819,12.403424656909,
    98.221861919424));
#3132 = CARTESIAN_POINT('',(37.381850079683,12.404061287697,
    98.46531376185));
#3133 = CARTESIAN_POINT('',(37.381708393782,12.404282634165,
    98.535473864788));
#3134 = CARTESIAN_POINT('',(37.381577459035,12.404487123775,
    98.605633849663));
#3135 = CARTESIAN_POINT('',(37.381473267663,12.404649879568,
    98.675794298162));
#3136 = CARTESIAN_POINT('',(37.381392620914,12.404775878109,
    98.745955360917));
#3137 = CARTESIAN_POINT('',(37.381313129066,12.404899949491,
    98.816116757509));
#3138 = CARTESIAN_POINT('',(37.381193211422,12.405086777329,
    98.886277776459));
#3139 = CARTESIAN_POINT('',(37.380954215917,12.405458726026,
    98.962110698843));
#3140 = CARTESIAN_POINT('',(37.38096547848,12.405441386905,
    98.970034372276));
#3141 = CARTESIAN_POINT('',(37.380907987255,12.405530740581,
    98.977754667965));
#3142 = CARTESIAN_POINT('',(37.38080948826,12.405683732056,
    98.983797929047));
#3143 = CARTESIAN_POINT('',(37.380743490059,12.40578631541,
    98.987638959959));
#3144 = CARTESIAN_POINT('',(37.380749383544,12.405777377056,
    98.989669517021));
#3145 = CARTESIAN_POINT('',(37.380752561727,12.405772658992,
    98.991166799029));
#3146 = CARTESIAN_POINT('',(37.380327793481,12.406431982661,
    98.996072051794));
#3147 = CARTESIAN_POINT('',(37.380119850935,12.40675195974,
    98.997063947416));
#3148 = CARTESIAN_POINT('',(37.379914236263,12.407069590143,
    98.997602465823));
#3149 = CARTESIAN_POINT('',(37.379714539873,12.407380627445,
    98.997952294578));
#3150 = CARTESIAN_POINT('',(37.379474418193,12.407755601931,
    98.998277967684));
#3151 = CARTESIAN_POINT('',(37.379097593677,12.408339820609,
    98.998643865588));
#3152 = CARTESIAN_POINT('',(37.378437854801,12.4093533672,
    98.999014215176));
#3153 = CARTESIAN_POINT('',(37.376332403582,12.412566152773,
    98.999455854955));
#3154 = CARTESIAN_POINT('',(37.37535955103,12.414041981332,
    98.999565352093));
#3155 = CARTESIAN_POINT('',(37.37438189031,12.41551646791,
    98.999622479074));
#3156 = CARTESIAN_POINT('',(37.37340033746,12.416988214142,
    98.999657067845));
#3157 = CARTESIAN_POINT('',(37.372415332653,12.418456543211,
    98.999687884419));
#3158 = CARTESIAN_POINT('',(37.371426840197,12.419921499849,
    98.999722628874));
#3159 = CARTESIAN_POINT('',(37.370434348536,12.421383850331,
    98.999757935355));
#3160 = CARTESIAN_POINT('',(37.365617617117,12.428440006731,
    98.999861451298));
#3161 = CARTESIAN_POINT('',(37.361740555323,12.43399558613,
    98.999884361996));
#3162 = CARTESIAN_POINT('',(37.357806208414,12.439511048023,
    98.999917010093));
#3163 = CARTESIAN_POINT('',(37.353815078308,12.444985679938,
    98.999925275235));
#3164 = CARTESIAN_POINT('',(37.349767689533,12.45041876447,
    98.999942994271));
#3165 = CARTESIAN_POINT('',(37.34566451939,12.455809667391,
    98.999951203899));
#3166 = CARTESIAN_POINT('',(37.341506072614,12.461157735233,
    98.999959901726));
#3167 = CARTESIAN_POINT('',(37.333081070848,12.471765113891,
    98.999973869816));
#3168 = CARTESIAN_POINT('',(37.328814606755,12.477024390678,
    98.99997956067));
#3169 = CARTESIAN_POINT('',(37.324493948707,12.482239545606,
    98.999984282806));
#3170 = CARTESIAN_POINT('',(37.320119629125,12.487409928006,
    98.999988292656));
#3171 = CARTESIAN_POINT('',(37.315692189743,12.492534894979,
    98.999991779855));
#3172 = CARTESIAN_POINT('',(37.311212181608,12.497613811403,
    98.999994867245));
#3173 = CARTESIAN_POINT('',(37.30668016508,12.502646049926,
    98.999997610875));
#3174 = CARTESIAN_POINT('',(37.302096709832,12.507630990969,99.));
#3175 = PCURVE('',#2144,#3176);
#3176 = DEFINITIONAL_REPRESENTATION('',(#3177),#3257);
#3177 = B_SPLINE_CURVE_WITH_KNOTS('',8,(#3178,#3179,#3180,#3181,#3182,
    #3183,#3184,#3185,#3186,#3187,#3188,#3189,#3190,#3191,#3192,#3193,
    #3194,#3195,#3196,#3197,#3198,#3199,#3200,#3201,#3202,#3203,#3204,
    #3205,#3206,#3207,#3208,#3209,#3210,#3211,#3212,#3213,#3214,#3215,
    #3216,#3217,#3218,#3219,#3220,#3221,#3222,#3223,#3224,#3225,#3226,
    #3227,#3228,#3229,#3230,#3231,#3232,#3233,#3234,#3235,#3236,#3237,
    #3238,#3239,#3240,#3241,#3242,#3243,#3244,#3245,#3246,#3247,#3248,
    #3249,#3250,#3251,#3252,#3253,#3254,#3255,#3256),.UNSPECIFIED.,.F.,
  .F.,(9,7,7,7,7,7,7,7,7,7,7,9),(0.,0.164029952013,0.437251237077,
    0.884386922444,0.967005283048,0.987659825765,0.996022357413,
    0.996698590643,0.997094068611,0.99742976424,0.9987151121,1.),
  .UNSPECIFIED.);
#3178 = CARTESIAN_POINT('',(6.28318530718,0.324324324324));
#3179 = CARTESIAN_POINT('',(6.224072537062,0.338219162926));
#3180 = CARTESIAN_POINT('',(6.171550522609,0.352115380618));
#3181 = CARTESIAN_POINT('',(6.1239884965,0.366012538045));
#3182 = CARTESIAN_POINT('',(6.080487246808,0.379910362865));
#3183 = CARTESIAN_POINT('',(6.04035485236,0.393808661618));
#3184 = CARTESIAN_POINT('',(6.003105595943,0.407707320709));
#3185 = CARTESIAN_POINT('',(5.968345359736,0.421606285816));
#3186 = CARTESIAN_POINT('',(5.881497493188,0.458657297117));
#3187 = CARTESIAN_POINT('',(5.833277579471,0.48180971635));
#3188 = CARTESIAN_POINT('',(5.789677730014,0.504962608371));
#3189 = CARTESIAN_POINT('',(5.7498466473,0.5281158356));
#3190 = CARTESIAN_POINT('',(5.713170372894,0.551269303498));
#3191 = CARTESIAN_POINT('',(5.679169902464,0.574422951906));
#3192 = CARTESIAN_POINT('',(5.647490326996,0.597576754386));
#3193 = CARTESIAN_POINT('',(5.569306168383,0.658622930158));
#3194 = CARTESIAN_POINT('',(5.526201815526,0.696515480405));
#3195 = CARTESIAN_POINT('',(5.487249159236,0.734408262079));
#3196 = CARTESIAN_POINT('',(5.451676214203,0.772301208689));
#3197 = CARTESIAN_POINT('',(5.418926556995,0.810194274424));
#3198 = CARTESIAN_POINT('',(5.388567490564,0.848087430143));
#3199 = CARTESIAN_POINT('',(5.36027599083,0.885980662858));
#3200 = CARTESIAN_POINT('',(5.328890958135,0.930875613047));
#3201 = CARTESIAN_POINT('',(5.324057732347,0.937877255372));
#3202 = CARTESIAN_POINT('',(5.319284446301,0.944878899811));
#3203 = CARTESIAN_POINT('',(5.314569468572,0.951880546282));
#3204 = CARTESIAN_POINT('',(5.309911190898,0.958882194708));
#3205 = CARTESIAN_POINT('',(5.305308161842,0.965883845015));
#3206 = CARTESIAN_POINT('',(5.300759220466,0.972885497135));
#3207 = CARTESIAN_POINT('',(5.295139734954,0.981637560449));
#3208 = CARTESIAN_POINT('',(5.294019088383,0.983387970005));
#3209 = CARTESIAN_POINT('',(5.292901954705,0.985138379669));
#3210 = CARTESIAN_POINT('',(5.29178824104,0.98688878944));
#3211 = CARTESIAN_POINT('',(5.290677775987,0.988639199318));
#3212 = CARTESIAN_POINT('',(5.289570588403,0.990389609301));
#3213 = CARTESIAN_POINT('',(5.28846718618,0.992140019388));
#3214 = CARTESIAN_POINT('',(5.28692413885,0.994599128908));
#3215 = CARTESIAN_POINT('',(5.286540075693,0.995307816816));
#3216 = CARTESIAN_POINT('',(5.286129882217,0.996016503532));
#3217 = CARTESIAN_POINT('',(5.285654119316,0.996725194931));
#3218 = CARTESIAN_POINT('',(5.285120672116,0.997433892535));
#3219 = CARTESIAN_POINT('',(5.284584749981,0.99814259351));
#3220 = CARTESIAN_POINT('',(5.284148886505,0.998851290671));
#3221 = CARTESIAN_POINT('',(5.283947902981,0.999617279786));
#3222 = CARTESIAN_POINT('',(5.283837744725,0.999697316892));
#3223 = CARTESIAN_POINT('',(5.283898949579,0.999775299676));
#3224 = CARTESIAN_POINT('',(5.284078580805,0.999836342718));
#3225 = CARTESIAN_POINT('',(5.284201195982,0.99987514101));
#3226 = CARTESIAN_POINT('',(5.284165762897,0.999895651687));
#3227 = CARTESIAN_POINT('',(5.284142575439,0.999910775748));
#3228 = CARTESIAN_POINT('',(5.285137202046,0.999960323755));
#3229 = CARTESIAN_POINT('',(5.285635685975,0.999970342903));
#3230 = CARTESIAN_POINT('',(5.286134576641,0.999975782483));
#3231 = CARTESIAN_POINT('',(5.2866237563,0.999979316107));
#3232 = CARTESIAN_POINT('',(5.287214034093,0.999982605734));
#3233 = CARTESIAN_POINT('',(5.288137146045,0.999986301673));
#3234 = CARTESIAN_POINT('',(5.289745755066,0.999990042578));
#3235 = CARTESIAN_POINT('',(5.294862768705,0.999994503585));
#3236 = CARTESIAN_POINT('',(5.297218457064,0.999995609617));
#3237 = CARTESIAN_POINT('',(5.299576728359,0.999996186657));
#3238 = CARTESIAN_POINT('',(5.301935062733,0.999996536039));
#3239 = CARTESIAN_POINT('',(5.304292208143,0.999996847317));
#3240 = CARTESIAN_POINT('',(5.306648180355,0.999997198271));
#3241 = CARTESIAN_POINT('',(5.309004262948,0.999997554903));
#3242 = CARTESIAN_POINT('',(5.320394423732,0.999998600518));
#3243 = CARTESIAN_POINT('',(5.329426585181,0.999998831939));
#3244 = CARTESIAN_POINT('',(5.338458652097,0.999999161718));
#3245 = CARTESIAN_POINT('',(5.347490941151,0.999999245204));
#3246 = CARTESIAN_POINT('',(5.356523037932,0.999999424185));
#3247 = CARTESIAN_POINT('',(5.365555204722,0.99999950711));
#3248 = CARTESIAN_POINT('',(5.374587359299,0.999999594967));
#3249 = CARTESIAN_POINT('',(5.392648685221,0.999999736059));
#3250 = CARTESIAN_POINT('',(5.401677740982,0.999999793542));
#3251 = CARTESIAN_POINT('',(5.410706803295,0.99999984124));
#3252 = CARTESIAN_POINT('',(5.419735870319,0.999999881744));
#3253 = CARTESIAN_POINT('',(5.428764940719,0.999999916968));
#3254 = CARTESIAN_POINT('',(5.437794013663,0.999999948154));
#3255 = CARTESIAN_POINT('',(5.446823088821,0.999999975867));
#3256 = CARTESIAN_POINT('',(5.455852166369,1.));
#3257 = ( GEOMETRIC_REPRESENTATION_CONTEXT(2) 
PARAMETRIC_REPRESENTATION_CONTEXT() REPRESENTATION_CONTEXT('2D SPACE',''
  ) );
#3258 = PCURVE('',#3259,#3280);
#3259 = B_SPLINE_SURFACE_WITH_KNOTS('',9,1,(
    (#3260,#3261)
    ,(#3262,#3263)
    ,(#3264,#3265)
    ,(#3266,#3267)
    ,(#3268,#3269)
    ,(#3270,#3271)
    ,(#3272,#3273)
    ,(#3274,#3275)
    ,(#3276,#3277)
    ,(#3278,#3279
    )),.UNSPECIFIED.,.F.,.F.,.F.,(10,10),(2,2),(3.14159265359,
    6.28318530718),(0.,1.),.PIECEWISE_BEZIER_KNOTS.);
#3260 = CARTESIAN_POINT('',(37.792130737918,11.228732025757,0.));
#3261 = CARTESIAN_POINT('',(36.75,11.25,99.));
#3262 = CARTESIAN_POINT('',(37.793879402147,11.314416572985,0.));
#3263 = CARTESIAN_POINT('',(37.011799387799,11.25,99.));
#3264 = CARTESIAN_POINT('',(37.795409506102,11.400105580566,0.));
#3265 = CARTESIAN_POINT('',(37.273601492499,11.352808099939,
    98.999999999999));
#3266 = CARTESIAN_POINT('',(37.796721043281,11.485798411313,0.));
#3267 = CARTESIAN_POINT('',(37.48924283384,11.55842721086,
    99.000000000004));
#3268 = CARTESIAN_POINT('',(37.797814007183,11.571494428045,0.));
#3269 = CARTESIAN_POINT('',(37.612680472816,11.842682542074,
    98.999999999993));
#3270 = CARTESIAN_POINT('',(37.798688391308,11.657192993575,0.));
#3271 = CARTESIAN_POINT('',(37.612680472822,12.157317457926,
    99.000000000007));
#3272 = CARTESIAN_POINT('',(37.799344189153,11.74289347072,0.));
#3273 = CARTESIAN_POINT('',(37.489242833835,12.44157278914,
    98.999999999994));
#3274 = CARTESIAN_POINT('',(37.799781394217,11.828595222295,0.));
#3275 = CARTESIAN_POINT('',(37.2736014925,12.647191900061,
    99.000000000003));
#3276 = CARTESIAN_POINT('',(37.8,11.914297611117,0.));
#3277 = CARTESIAN_POINT('',(37.011799387799,12.75,98.999999999999));
#3278 = CARTESIAN_POINT('',(37.8,12.,0.));
#3279 = CARTESIAN_POINT('',(36.75,12.75,99.));
#3280 = DEFINITIONAL_REPRESENTATION('',(#3281),#3361);
#3281 = B_SPLINE_CURVE_WITH_KNOTS('',8,(#3282,#3283,#3284,#3285,#3286,
    #3287,#3288,#3289,#3290,#3291,#3292,#3293,#3294,#3295,#3296,#3297,
    #3298,#3299,#3300,#3301,#3302,#3303,#3304,#3305,#3306,#3307,#3308,
    #3309,#3310,#3311,#3312,#3313,#3314,#3315,#3316,#3317,#3318,#3319,
    #3320,#3321,#3322,#3323,#3324,#3325,#3326,#3327,#3328,#3329,#3330,
    #3331,#3332,#3333,#3334,#3335,#3336,#3337,#3338,#3339,#3340,#3341,
    #3342,#3343,#3344,#3345,#3346,#3347,#3348,#3349,#3350,#3351,#3352,
    #3353,#3354,#3355,#3356,#3357,#3358,#3359,#3360),.UNSPECIFIED.,.F.,
  .F.,(9,7,7,7,7,7,7,7,7,7,7,9),(0.,0.164029952013,0.437251237077,
    0.884386922444,0.967005283048,0.987659825765,0.996022357413,
    0.996698590643,0.997094068611,0.99742976424,0.9987151121,1.),
  .UNSPECIFIED.);
#3282 = CARTESIAN_POINT('',(6.28318530718,0.324324324324));
#3283 = CARTESIAN_POINT('',(6.224072537062,0.338219162926));
#3284 = CARTESIAN_POINT('',(6.171550522609,0.352115380618));
#3285 = CARTESIAN_POINT('',(6.1239884965,0.366012538045));
#3286 = CARTESIAN_POINT('',(6.080487246808,0.379910362865));
#3287 = CARTESIAN_POINT('',(6.04035485236,0.393808661618));
#3288 = CARTESIAN_POINT('',(6.003105595943,0.407707320709));
#3289 = CARTESIAN_POINT('',(5.968345359736,0.421606285816));
#3290 = CARTESIAN_POINT('',(5.881497493188,0.458657297117));
#3291 = CARTESIAN_POINT('',(5.833277579471,0.48180971635));
#3292 = CARTESIAN_POINT('',(5.789677730014,0.504962608371));
#3293 = CARTESIAN_POINT('',(5.7498466473,0.5281158356));
#3294 = CARTESIAN_POINT('',(5.713170372894,0.551269303498));
#3295 = CARTESIAN_POINT('',(5.679169902464,0.574422951906));
#3296 = CARTESIAN_POINT('',(5.647490326996,0.597576754386));
#3297 = CARTESIAN_POINT('',(5.569306168383,0.658622930158));
#3298 = CARTESIAN_POINT('',(5.526201815526,0.696515480405));
#3299 = CARTESIAN_POINT('',(5.487249159236,0.734408262079));
#3300 = CARTESIAN_POINT('',(5.451676214203,0.772301208689));
#3301 = CARTESIAN_POINT('',(5.418926556995,0.810194274424));
#3302 = CARTESIAN_POINT('',(5.388567490564,0.848087430143));
#3303 = CARTESIAN_POINT('',(5.36027599083,0.885980662858));
#3304 = CARTESIAN_POINT('',(5.328890958135,0.930875613047));
#3305 = CARTESIAN_POINT('',(5.324057732347,0.937877255372));
#3306 = CARTESIAN_POINT('',(5.319284446301,0.944878899811));
#3307 = CARTESIAN_POINT('',(5.314569468572,0.951880546282));
#3308 = CARTESIAN_POINT('',(5.309911190898,0.958882194708));
#3309 = CARTESIAN_POINT('',(5.305308161842,0.965883845015));
#3310 = CARTESIAN_POINT('',(5.300759220466,0.972885497135));
#3311 = CARTESIAN_POINT('',(5.295139734954,0.981637560449));
#3312 = CARTESIAN_POINT('',(5.294019088383,0.983387970005));
#3313 = CARTESIAN_POINT('',(5.292901954705,0.985138379669));
#3314 = CARTESIAN_POINT('',(5.29178824104,0.98688878944));
#3315 = CARTESIAN_POINT('',(5.290677775987,0.988639199318));
#3316 = CARTESIAN_POINT('',(5.289570588403,0.990389609301));
#3317 = CARTESIAN_POINT('',(5.28846718618,0.992140019388));
#3318 = CARTESIAN_POINT('',(5.28692413885,0.994599128908));
#3319 = CARTESIAN_POINT('',(5.286540075693,0.995307816816));
#3320 = CARTESIAN_POINT('',(5.286129882217,0.996016503532));
#3321 = CARTESIAN_POINT('',(5.285654119316,0.996725194931));
#3322 = CARTESIAN_POINT('',(5.285120672116,0.997433892535));
#3323 = CARTESIAN_POINT('',(5.284584749981,0.99814259351));
#3324 = CARTESIAN_POINT('',(5.284148886505,0.998851290671));
#3325 = CARTESIAN_POINT('',(5.283947902981,0.999617279786));
#3326 = CARTESIAN_POINT('',(5.283837744725,0.999697316892));
#3327 = CARTESIAN_POINT('',(5.283898949579,0.999775299676));
#3328 = CARTESIAN_POINT('',(5.284078580805,0.999836342718));
#3329 = CARTESIAN_POINT('',(5.284201195982,0.99987514101));
#3330 = CARTESIAN_POINT('',(5.284165762897,0.999895651687));
#3331 = CARTESIAN_POINT('',(5.284142575439,0.999910775748));
#3332 = CARTESIAN_POINT('',(5.285137202046,0.999960323755));
#3333 = CARTESIAN_POINT('',(5.285635685975,0.999970342903));
#3334 = CARTESIAN_POINT('',(5.286134576641,0.999975782483));
#3335 = CARTESIAN_POINT('',(5.2866237563,0.999979316107));
#3336 = CARTESIAN_POINT('',(5.287214034093,0.999982605734));
#3337 = CARTESIAN_POINT('',(5.288137146045,0.999986301673));
#3338 = CARTESIAN_POINT('',(5.289745755066,0.999990042578));
#3339 = CARTESIAN_POINT('',(5.294862768705,0.999994503585));
#3340 = CARTESIAN_POINT('',(5.297218457064,0.999995609617));
#3341 = CARTESIAN_POINT('',(5.299576728359,0.999996186657));
#3342 = CARTESIAN_POINT('',(5.301935062733,0.999996536039));
#3343 = CARTESIAN_POINT('',(5.304292208143,0.999996847317));
#3344 = CARTESIAN_POINT('',(5.306648180355,0.999997198271));
#3345 = CARTESIAN_POINT('',(5.309004262948,0.999997554903));
#3346 = CARTESIAN_POINT('',(5.320394423732,0.999998600518));
#3347 = CARTESIAN_POINT('',(5.329426585181,0.999998831939));
#3348 = CARTESIAN_POINT('',(5.338458652097,0.999999161718));
#3349 = CARTESIAN_POINT('',(5.347490941151,0.999999245204));
#3350 = CARTESIAN_POINT('',(5.356523037932,0.999999424185));
#3351 = CARTESIAN_POINT('',(5.365555204722,0.99999950711));
#3352 = CARTESIAN_POINT('',(5.374587359299,0.999999594967));
#3353 = CARTESIAN_POINT('',(5.392648685221,0.999999736059));
#3354 = CARTESIAN_POINT('',(5.401677740982,0.999999793542));
#3355 = CARTESIAN_POINT('',(5.410706803295,0.99999984124));
#3356 = CARTESIAN_POINT('',(5.419735870319,0.999999881744));
#3357 = CARTESIAN_POINT('',(5.428764940719,0.999999916968));
#3358 = CARTESIAN_POINT('',(5.437794013663,0.999999948154));
#3359 = CARTESIAN_POINT('',(5.446823088821,0.999999975867));
#3360 = CARTESIAN_POINT('',(5.455852166369,1.));
#3361 = ( GEOMETRIC_REPRESENTATION_CONTEXT(2) 
PARAMETRIC_REPRESENTATION_CONTEXT() REPRESENTATION_CONTEXT('2D SPACE',''
  ) );
#3362 = ORIENTED_EDGE('',*,*,#3363,.T.);
#3363 = EDGE_CURVE('',#3092,#2059,#3364,.T.);
#3364 = SURFACE_CURVE('',#3365,(#3370,#3377),.PCURVE_S1.);
#3365 = CIRCLE('',#3366,0.75);
#3366 = AXIS2_PLACEMENT_3D('',#3367,#3368,#3369);
#3367 = CARTESIAN_POINT('',(36.75,12.,99.));
#3368 = DIRECTION('',(0.,0.,-1.));
#3369 = DIRECTION('',(0.,1.,0.));
#3370 = PCURVE('',#2144,#3371);
#3371 = DEFINITIONAL_REPRESENTATION('',(#3372),#3376);
#3372 = LINE('',#3373,#3374);
#3373 = CARTESIAN_POINT('',(6.28318530718,1.));
#3374 = VECTOR('',#3375,1.);
#3375 = DIRECTION('',(-1.,0.));
#3376 = ( GEOMETRIC_REPRESENTATION_CONTEXT(2) 
PARAMETRIC_REPRESENTATION_CONTEXT() REPRESENTATION_CONTEXT('2D SPACE',''
  ) );
#3377 = PCURVE('',#2223,#3378);
#3378 = DEFINITIONAL_REPRESENTATION('',(#3379),#3383);
#3379 = LINE('',#3380,#3381);
#3380 = CARTESIAN_POINT('',(0.,-99.));
#3381 = VECTOR('',#3382,1.);
#3382 = DIRECTION('',(1.,0.));
#3383 = ( GEOMETRIC_REPRESENTATION_CONTEXT(2) 
PARAMETRIC_REPRESENTATION_CONTEXT() REPRESENTATION_CONTEXT('2D SPACE',''
  ) );
#3384 = ADVANCED_FACE('',(#3385),#2363,.T.);
#3385 = FACE_BOUND('',#3386,.T.);
#3386 = EDGE_LOOP('',(#3387,#3388,#3389,#3390));
#3387 = ORIENTED_EDGE('',*,*,#2347,.F.);
#3388 = ORIENTED_EDGE('',*,*,#2584,.T.);
#3389 = ORIENTED_EDGE('',*,*,#2611,.F.);
#3390 = ORIENTED_EDGE('',*,*,#3391,.F.);
#3391 = EDGE_CURVE('',#2320,#2612,#3392,.T.);
#3392 = SURFACE_CURVE('',#3393,(#3398,#3405),.PCURVE_S1.);
#3393 = CIRCLE('',#3394,44.75);
#3394 = AXIS2_PLACEMENT_3D('',#3395,#3396,#3397);
#3395 = CARTESIAN_POINT('',(0.,12.,80.7));
#3396 = DIRECTION('',(0.,0.,1.));
#3397 = DIRECTION('',(1.,0.,-0.));
#3398 = PCURVE('',#2363,#3399);
#3399 = DEFINITIONAL_REPRESENTATION('',(#3400),#3404);
#3400 = LINE('',#3401,#3402);
#3401 = CARTESIAN_POINT('',(6.28318530718,-10.8));
#3402 = VECTOR('',#3403,1.);
#3403 = DIRECTION('',(-1.,0.));
#3404 = ( GEOMETRIC_REPRESENTATION_CONTEXT(2) 
PARAMETRIC_REPRESENTATION_CONTEXT() REPRESENTATION_CONTEXT('2D SPACE',''
  ) );
#3405 = PCURVE('',#2335,#3406);
#3406 = DEFINITIONAL_REPRESENTATION('',(#3407),#3411);
#3407 = CIRCLE('',#3408,44.75);
#3408 = AXIS2_PLACEMENT_2D('',#3409,#3410);
#3409 = CARTESIAN_POINT('',(2.933502854163E-15,-3.552713678801E-15));
#3410 = DIRECTION('',(1.,0.));
#3411 = ( GEOMETRIC_REPRESENTATION_CONTEXT(2) 
PARAMETRIC_REPRESENTATION_CONTEXT() REPRESENTATION_CONTEXT('2D SPACE',''
  ) );
#3412 = ADVANCED_FACE('',(#3413),#2223,.F.);
#3413 = FACE_BOUND('',#3414,.F.);
#3414 = EDGE_LOOP('',(#3415,#3439,#3467,#3489,#3490));
#3415 = ORIENTED_EDGE('',*,*,#3416,.F.);
#3416 = EDGE_CURVE('',#3417,#3092,#3419,.T.);
#3417 = VERTEX_POINT('',#3418);
#3418 = CARTESIAN_POINT('',(36.75,12.75,99.));
#3419 = SURFACE_CURVE('',#3420,(#3425,#3432),.PCURVE_S1.);
#3420 = CIRCLE('',#3421,0.75);
#3421 = AXIS2_PLACEMENT_3D('',#3422,#3423,#3424);
#3422 = CARTESIAN_POINT('',(36.75,12.,99.));
#3423 = DIRECTION('',(0.,0.,-1.));
#3424 = DIRECTION('',(0.,1.,0.));
#3425 = PCURVE('',#2223,#3426);
#3426 = DEFINITIONAL_REPRESENTATION('',(#3427),#3431);
#3427 = LINE('',#3428,#3429);
#3428 = CARTESIAN_POINT('',(0.,-99.));
#3429 = VECTOR('',#3430,1.);
#3430 = DIRECTION('',(1.,0.));
#3431 = ( GEOMETRIC_REPRESENTATION_CONTEXT(2) 
PARAMETRIC_REPRESENTATION_CONTEXT() REPRESENTATION_CONTEXT('2D SPACE',''
  ) );
#3432 = PCURVE('',#3259,#3433);
#3433 = DEFINITIONAL_REPRESENTATION('',(#3434),#3438);
#3434 = LINE('',#3435,#3436);
#3435 = CARTESIAN_POINT('',(6.28318530718,1.));
#3436 = VECTOR('',#3437,1.);
#3437 = DIRECTION('',(-1.,0.));
#3438 = ( GEOMETRIC_REPRESENTATION_CONTEXT(2) 
PARAMETRIC_REPRESENTATION_CONTEXT() REPRESENTATION_CONTEXT('2D SPACE',''
  ) );
#3439 = ORIENTED_EDGE('',*,*,#3440,.T.);
#3440 = EDGE_CURVE('',#3417,#3441,#3443,.T.);
#3441 = VERTEX_POINT('',#3442);
#3442 = CARTESIAN_POINT('',(36.75,12.75,108.5));
#3443 = SURFACE_CURVE('',#3444,(#3448,#3455),.PCURVE_S1.);
#3444 = LINE('',#3445,#3446);
#3445 = CARTESIAN_POINT('',(36.75,12.75,99.));
#3446 = VECTOR('',#3447,1.);
#3447 = DIRECTION('',(0.,0.,1.));
#3448 = PCURVE('',#2223,#3449);
#3449 = DEFINITIONAL_REPRESENTATION('',(#3450),#3454);
#3450 = LINE('',#3451,#3452);
#3451 = CARTESIAN_POINT('',(0.,-99.));
#3452 = VECTOR('',#3453,1.);
#3453 = DIRECTION('',(0.,-1.));
#3454 = ( GEOMETRIC_REPRESENTATION_CONTEXT(2) 
PARAMETRIC_REPRESENTATION_CONTEXT() REPRESENTATION_CONTEXT('2D SPACE',''
  ) );
#3455 = PCURVE('',#3456,#3461);
#3456 = PLANE('',#3457);
#3457 = AXIS2_PLACEMENT_3D('',#3458,#3459,#3460);
#3458 = CARTESIAN_POINT('',(-36.75,12.75,99.));
#3459 = DIRECTION('',(0.,1.,0.));
#3460 = DIRECTION('',(1.,0.,0.));
#3461 = DEFINITIONAL_REPRESENTATION('',(#3462),#3466);
#3462 = LINE('',#3463,#3464);
#3463 = CARTESIAN_POINT('',(73.5,0.));
#3464 = VECTOR('',#3465,1.);
#3465 = DIRECTION('',(0.,-1.));
#3466 = ( GEOMETRIC_REPRESENTATION_CONTEXT(2) 
PARAMETRIC_REPRESENTATION_CONTEXT() REPRESENTATION_CONTEXT('2D SPACE',''
  ) );
#3467 = ORIENTED_EDGE('',*,*,#3468,.T.);
#3468 = EDGE_CURVE('',#3441,#2208,#3469,.T.);
#3469 = SURFACE_CURVE('',#3470,(#3475,#3482),.PCURVE_S1.);
#3470 = CIRCLE('',#3471,0.75);
#3471 = AXIS2_PLACEMENT_3D('',#3472,#3473,#3474);
#3472 = CARTESIAN_POINT('',(36.75,12.,108.5));
#3473 = DIRECTION('',(0.,0.,-1.));
#3474 = DIRECTION('',(0.,1.,0.));
#3475 = PCURVE('',#2223,#3476);
#3476 = DEFINITIONAL_REPRESENTATION('',(#3477),#3481);
#3477 = LINE('',#3478,#3479);
#3478 = CARTESIAN_POINT('',(0.,-108.5));
#3479 = VECTOR('',#3480,1.);
#3480 = DIRECTION('',(1.,0.));
#3481 = ( GEOMETRIC_REPRESENTATION_CONTEXT(2) 
PARAMETRIC_REPRESENTATION_CONTEXT() REPRESENTATION_CONTEXT('2D SPACE',''
  ) );
#3482 = PCURVE('',#2251,#3483);
#3483 = DEFINITIONAL_REPRESENTATION('',(#3484),#3488);
#3484 = LINE('',#3485,#3486);
#3485 = CARTESIAN_POINT('',(6.28318530718,0.));
#3486 = VECTOR('',#3487,1.);
#3487 = DIRECTION('',(-1.,0.));
#3488 = ( GEOMETRIC_REPRESENTATION_CONTEXT(2) 
PARAMETRIC_REPRESENTATION_CONTEXT() REPRESENTATION_CONTEXT('2D SPACE',''
  ) );
#3489 = ORIENTED_EDGE('',*,*,#2207,.T.);
#3490 = ORIENTED_EDGE('',*,*,#3363,.F.);
#3491 = ADVANCED_FACE('',(#3492),#2335,.T.);
#3492 = FACE_BOUND('',#3493,.T.);
#3493 = EDGE_LOOP('',(#3494,#3495,#3496,#3497));
#3494 = ORIENTED_EDGE('',*,*,#2319,.F.);
#3495 = ORIENTED_EDGE('',*,*,#3391,.T.);
#3496 = ORIENTED_EDGE('',*,*,#2634,.F.);
#3497 = ORIENTED_EDGE('',*,*,#3498,.F.);
#3498 = EDGE_CURVE('',#2292,#2635,#3499,.T.);
#3499 = SURFACE_CURVE('',#3500,(#3505,#3512),.PCURVE_S1.);
#3500 = CIRCLE('',#3501,39.75);
#3501 = AXIS2_PLACEMENT_3D('',#3502,#3503,#3504);
#3502 = CARTESIAN_POINT('',(0.,12.,80.7));
#3503 = DIRECTION('',(0.,0.,1.));
#3504 = DIRECTION('',(1.,0.,-0.));
#3505 = PCURVE('',#2335,#3506);
#3506 = DEFINITIONAL_REPRESENTATION('',(#3507),#3511);
#3507 = CIRCLE('',#3508,39.75);
#3508 = AXIS2_PLACEMENT_2D('',#3509,#3510);
#3509 = CARTESIAN_POINT('',(2.933502854163E-15,-3.552713678801E-15));
#3510 = DIRECTION('',(1.,0.));
#3511 = ( GEOMETRIC_REPRESENTATION_CONTEXT(2) 
PARAMETRIC_REPRESENTATION_CONTEXT() REPRESENTATION_CONTEXT('2D SPACE',''
  ) );
#3512 = PCURVE('',#2307,#3513);
#3513 = DEFINITIONAL_REPRESENTATION('',(#3514),#3518);
#3514 = LINE('',#3515,#3516);
#3515 = CARTESIAN_POINT('',(6.28318530718,0.));
#3516 = VECTOR('',#3517,1.);
#3517 = DIRECTION('',(-1.,0.));
#3518 = ( GEOMETRIC_REPRESENTATION_CONTEXT(2) 
PARAMETRIC_REPRESENTATION_CONTEXT() REPRESENTATION_CONTEXT('2D SPACE',''
  ) );
#3519 = ADVANCED_FACE('',(#3520),#2251,.F.);
#3520 = FACE_BOUND('',#3521,.F.);
#3521 = EDGE_LOOP('',(#3522,#3523,#3548,#3574));
#3522 = ORIENTED_EDGE('',*,*,#3468,.F.);
#3523 = ORIENTED_EDGE('',*,*,#3524,.T.);
#3524 = EDGE_CURVE('',#3441,#3525,#3527,.T.);
#3525 = VERTEX_POINT('',#3526);
#3526 = CARTESIAN_POINT('',(36.75,13.25,109.));
#3527 = SURFACE_CURVE('',#3528,(#3531,#3537),.PCURVE_S1.);
#3528 = B_SPLINE_CURVE_WITH_KNOTS('',1,(#3529,#3530),.UNSPECIFIED.,.F.,
  .F.,(2,2),(0.,1.),.PIECEWISE_BEZIER_KNOTS.);
#3529 = CARTESIAN_POINT('',(36.75,12.75,108.5));
#3530 = CARTESIAN_POINT('',(36.75,13.25,109.));
#3531 = PCURVE('',#2251,#3532);
#3532 = DEFINITIONAL_REPRESENTATION('',(#3533),#3536);
#3533 = B_SPLINE_CURVE_WITH_KNOTS('',1,(#3534,#3535),.UNSPECIFIED.,.F.,
  .F.,(2,2),(0.,1.),.PIECEWISE_BEZIER_KNOTS.);
#3534 = CARTESIAN_POINT('',(6.28318530718,0.));
#3535 = CARTESIAN_POINT('',(6.28318530718,0.5));
#3536 = ( GEOMETRIC_REPRESENTATION_CONTEXT(2) 
PARAMETRIC_REPRESENTATION_CONTEXT() REPRESENTATION_CONTEXT('2D SPACE',''
  ) );
#3537 = PCURVE('',#3538,#3543);
#3538 = PLANE('',#3539);
#3539 = AXIS2_PLACEMENT_3D('',#3540,#3541,#3542);
#3540 = CARTESIAN_POINT('',(-36.75,13.25,109.));
#3541 = DIRECTION('',(0.,-0.707106781187,0.707106781187));
#3542 = DIRECTION('',(1.,0.,0.));
#3543 = DEFINITIONAL_REPRESENTATION('',(#3544),#3547);
#3544 = B_SPLINE_CURVE_WITH_KNOTS('',1,(#3545,#3546),.UNSPECIFIED.,.F.,
  .F.,(2,2),(0.,1.),.PIECEWISE_BEZIER_KNOTS.);
#3545 = CARTESIAN_POINT('',(73.5,-0.707106781187));
#3546 = CARTESIAN_POINT('',(73.5,0.));
#3547 = ( GEOMETRIC_REPRESENTATION_CONTEXT(2) 
PARAMETRIC_REPRESENTATION_CONTEXT() REPRESENTATION_CONTEXT('2D SPACE',''
  ) );
#3548 = ORIENTED_EDGE('',*,*,#3549,.T.);
#3549 = EDGE_CURVE('',#3525,#2236,#3550,.T.);
#3550 = SURFACE_CURVE('',#3551,(#3556,#3563),.PCURVE_S1.);
#3551 = CIRCLE('',#3552,1.25);
#3552 = AXIS2_PLACEMENT_3D('',#3553,#3554,#3555);
#3553 = CARTESIAN_POINT('',(36.75,12.,109.));
#3554 = DIRECTION('',(0.,0.,-1.));
#3555 = DIRECTION('',(0.,1.,0.));
#3556 = PCURVE('',#2251,#3557);
#3557 = DEFINITIONAL_REPRESENTATION('',(#3558),#3562);
#3558 = LINE('',#3559,#3560);
#3559 = CARTESIAN_POINT('',(6.28318530718,0.5));
#3560 = VECTOR('',#3561,1.);
#3561 = DIRECTION('',(-1.,0.));
#3562 = ( GEOMETRIC_REPRESENTATION_CONTEXT(2) 
PARAMETRIC_REPRESENTATION_CONTEXT() REPRESENTATION_CONTEXT('2D SPACE',''
  ) );
#3563 = PCURVE('',#2279,#3564);
#3564 = DEFINITIONAL_REPRESENTATION('',(#3565),#3573);
#3565 = ( BOUNDED_CURVE() B_SPLINE_CURVE(2,(#3566,#3567,#3568,#3569,
#3570,#3571,#3572),.UNSPECIFIED.,.T.,.F.) B_SPLINE_CURVE_WITH_KNOTS((1,2
    ,2,2,2,1),(-2.094395102393,0.,2.094395102393,4.188790204786,
6.28318530718,8.377580409573),.UNSPECIFIED.) CURVE() 
GEOMETRIC_REPRESENTATION_ITEM() RATIONAL_B_SPLINE_CURVE((1.,0.5,1.,0.5,
1.,0.5,1.)) REPRESENTATION_ITEM('') );
#3566 = CARTESIAN_POINT('',(36.75,1.25));
#3567 = CARTESIAN_POINT('',(38.915063509461,1.25));
#3568 = CARTESIAN_POINT('',(37.832531754731,-0.625));
#3569 = CARTESIAN_POINT('',(36.75,-2.5));
#3570 = CARTESIAN_POINT('',(35.667468245269,-0.625));
#3571 = CARTESIAN_POINT('',(34.584936490539,1.25));
#3572 = CARTESIAN_POINT('',(36.75,1.25));
#3573 = ( GEOMETRIC_REPRESENTATION_CONTEXT(2) 
PARAMETRIC_REPRESENTATION_CONTEXT() REPRESENTATION_CONTEXT('2D SPACE',''
  ) );
#3574 = ORIENTED_EDGE('',*,*,#2235,.F.);
#3575 = ADVANCED_FACE('',(#3576),#2307,.T.);
#3576 = FACE_BOUND('',#3577,.T.);
#3577 = EDGE_LOOP('',(#3578,#3579,#3580,#3581));
#3578 = ORIENTED_EDGE('',*,*,#2291,.F.);
#3579 = ORIENTED_EDGE('',*,*,#3498,.T.);
#3580 = ORIENTED_EDGE('',*,*,#2657,.F.);
#3581 = ORIENTED_EDGE('',*,*,#3582,.F.);
#3582 = EDGE_CURVE('',#2264,#2658,#3583,.T.);
#3583 = SURFACE_CURVE('',#3584,(#3589,#3596),.PCURVE_S1.);
#3584 = CIRCLE('',#3585,39.75);
#3585 = AXIS2_PLACEMENT_3D('',#3586,#3587,#3588);
#3586 = CARTESIAN_POINT('',(0.,12.,109.));
#3587 = DIRECTION('',(0.,0.,1.));
#3588 = DIRECTION('',(1.,0.,-0.));
#3589 = PCURVE('',#2307,#3590);
#3590 = DEFINITIONAL_REPRESENTATION('',(#3591),#3595);
#3591 = LINE('',#3592,#3593);
#3592 = CARTESIAN_POINT('',(6.28318530718,-28.3));
#3593 = VECTOR('',#3594,1.);
#3594 = DIRECTION('',(-1.,0.));
#3595 = ( GEOMETRIC_REPRESENTATION_CONTEXT(2) 
PARAMETRIC_REPRESENTATION_CONTEXT() REPRESENTATION_CONTEXT('2D SPACE',''
  ) );
#3596 = PCURVE('',#2279,#3597);
#3597 = DEFINITIONAL_REPRESENTATION('',(#3598),#3602);
#3598 = CIRCLE('',#3599,39.75);
#3599 = AXIS2_PLACEMENT_2D('',#3600,#3601);
#3600 = CARTESIAN_POINT('',(4.403329231825E-15,0.));
#3601 = DIRECTION('',(1.,0.));
#3602 = ( GEOMETRIC_REPRESENTATION_CONTEXT(2) 
PARAMETRIC_REPRESENTATION_CONTEXT() REPRESENTATION_CONTEXT('2D SPACE',''
  ) );
#3603 = ADVANCED_FACE('',(#3604),#2279,.T.);
#3604 = FACE_BOUND('',#3605,.T.);
#3605 = EDGE_LOOP('',(#3606,#3607,#3608,#3609,#3637,#3658));
#3606 = ORIENTED_EDGE('',*,*,#2263,.F.);
#3607 = ORIENTED_EDGE('',*,*,#3582,.T.);
#3608 = ORIENTED_EDGE('',*,*,#2680,.F.);
#3609 = ORIENTED_EDGE('',*,*,#3610,.T.);
#3610 = EDGE_CURVE('',#2681,#3611,#3613,.T.);
#3611 = VERTEX_POINT('',#3612);
#3612 = CARTESIAN_POINT('',(-36.75,13.25,109.));
#3613 = SURFACE_CURVE('',#3614,(#3619,#3630),.PCURVE_S1.);
#3614 = CIRCLE('',#3615,1.25);
#3615 = AXIS2_PLACEMENT_3D('',#3616,#3617,#3618);
#3616 = CARTESIAN_POINT('',(-36.75,12.,109.));
#3617 = DIRECTION('',(0.,-0.,-1.));
#3618 = DIRECTION('',(0.,-1.,0.));
#3619 = PCURVE('',#2279,#3620);
#3620 = DEFINITIONAL_REPRESENTATION('',(#3621),#3629);
#3621 = ( BOUNDED_CURVE() B_SPLINE_CURVE(2,(#3622,#3623,#3624,#3625,
#3626,#3627,#3628),.UNSPECIFIED.,.T.,.F.) B_SPLINE_CURVE_WITH_KNOTS((1,2
    ,2,2,2,1),(-2.094395102393,0.,2.094395102393,4.188790204786,
6.28318530718,8.377580409573),.UNSPECIFIED.) CURVE() 
GEOMETRIC_REPRESENTATION_ITEM() RATIONAL_B_SPLINE_CURVE((1.,0.5,1.,0.5,
1.,0.5,1.)) REPRESENTATION_ITEM('') );
#3622 = CARTESIAN_POINT('',(-36.75,-1.25));
#3623 = CARTESIAN_POINT('',(-38.91506350946,-1.25));
#3624 = CARTESIAN_POINT('',(-37.83253175473,0.625));
#3625 = CARTESIAN_POINT('',(-36.75,2.5));
#3626 = CARTESIAN_POINT('',(-35.66746824526,0.625));
#3627 = CARTESIAN_POINT('',(-34.58493649053,-1.25));
#3628 = CARTESIAN_POINT('',(-36.75,-1.25));
#3629 = ( GEOMETRIC_REPRESENTATION_CONTEXT(2) 
PARAMETRIC_REPRESENTATION_CONTEXT() REPRESENTATION_CONTEXT('2D SPACE',''
  ) );
#3630 = PCURVE('',#2719,#3631);
#3631 = DEFINITIONAL_REPRESENTATION('',(#3632),#3636);
#3632 = LINE('',#3633,#3634);
#3633 = CARTESIAN_POINT('',(6.28318530718,0.5));
#3634 = VECTOR('',#3635,1.);
#3635 = DIRECTION('',(-1.,0.));
#3636 = ( GEOMETRIC_REPRESENTATION_CONTEXT(2) 
PARAMETRIC_REPRESENTATION_CONTEXT() REPRESENTATION_CONTEXT('2D SPACE',''
  ) );
#3637 = ORIENTED_EDGE('',*,*,#3638,.T.);
#3638 = EDGE_CURVE('',#3611,#3525,#3639,.T.);
#3639 = SURFACE_CURVE('',#3640,(#3644,#3651),.PCURVE_S1.);
#3640 = LINE('',#3641,#3642);
#3641 = CARTESIAN_POINT('',(-36.75,13.25,109.));
#3642 = VECTOR('',#3643,1.);
#3643 = DIRECTION('',(1.,0.,0.));
#3644 = PCURVE('',#2279,#3645);
#3645 = DEFINITIONAL_REPRESENTATION('',(#3646),#3650);
#3646 = LINE('',#3647,#3648);
#3647 = CARTESIAN_POINT('',(-36.75,1.25));
#3648 = VECTOR('',#3649,1.);
#3649 = DIRECTION('',(1.,0.));
#3650 = ( GEOMETRIC_REPRESENTATION_CONTEXT(2) 
PARAMETRIC_REPRESENTATION_CONTEXT() REPRESENTATION_CONTEXT('2D SPACE',''
  ) );
#3651 = PCURVE('',#3538,#3652);
#3652 = DEFINITIONAL_REPRESENTATION('',(#3653),#3657);
#3653 = LINE('',#3654,#3655);
#3654 = CARTESIAN_POINT('',(0.,0.));
#3655 = VECTOR('',#3656,1.);
#3656 = DIRECTION('',(1.,0.));
#3657 = ( GEOMETRIC_REPRESENTATION_CONTEXT(2) 
PARAMETRIC_REPRESENTATION_CONTEXT() REPRESENTATION_CONTEXT('2D SPACE',''
  ) );
#3658 = ORIENTED_EDGE('',*,*,#3549,.T.);
#3659 = ADVANCED_FACE('',(#3660),#2416,.F.);
#3660 = FACE_BOUND('',#3661,.F.);
#3661 = EDGE_LOOP('',(#3662,#3684,#3685,#3707));
#3662 = ORIENTED_EDGE('',*,*,#3663,.F.);
#3663 = EDGE_CURVE('',#2399,#2485,#3664,.T.);
#3664 = SURFACE_CURVE('',#3665,(#3670,#3677),.PCURVE_S1.);
#3665 = CIRCLE('',#3666,0.89);
#3666 = AXIS2_PLACEMENT_3D('',#3667,#3668,#3669);
#3667 = CARTESIAN_POINT('',(41.5,12.,54.5));
#3668 = DIRECTION('',(0.,0.,1.));
#3669 = DIRECTION('',(1.,0.,-0.));
#3670 = PCURVE('',#2416,#3671);
#3671 = DEFINITIONAL_REPRESENTATION('',(#3672),#3676);
#3672 = LINE('',#3673,#3674);
#3673 = CARTESIAN_POINT('',(0.,0.));
#3674 = VECTOR('',#3675,1.);
#3675 = DIRECTION('',(1.,0.));
#3676 = ( GEOMETRIC_REPRESENTATION_CONTEXT(2) 
PARAMETRIC_REPRESENTATION_CONTEXT() REPRESENTATION_CONTEXT('2D SPACE',''
  ) );
#3677 = PCURVE('',#2444,#3678);
#3678 = DEFINITIONAL_REPRESENTATION('',(#3679),#3683);
#3679 = LINE('',#3680,#3681);
#3680 = CARTESIAN_POINT('',(6.28318530718,0.));
#3681 = VECTOR('',#3682,1.);
#3682 = DIRECTION('',(-1.,0.));
#3683 = ( GEOMETRIC_REPRESENTATION_CONTEXT(2) 
PARAMETRIC_REPRESENTATION_CONTEXT() REPRESENTATION_CONTEXT('2D SPACE',''
  ) );
#3684 = ORIENTED_EDGE('',*,*,#2398,.T.);
#3685 = ORIENTED_EDGE('',*,*,#3686,.T.);
#3686 = EDGE_CURVE('',#2401,#2508,#3687,.T.);
#3687 = SURFACE_CURVE('',#3688,(#3693,#3700),.PCURVE_S1.);
#3688 = CIRCLE('',#3689,0.89);
#3689 = AXIS2_PLACEMENT_3D('',#3690,#3691,#3692);
#3690 = CARTESIAN_POINT('',(41.5,12.,44.5));
#3691 = DIRECTION('',(0.,0.,1.));
#3692 = DIRECTION('',(1.,0.,-0.));
#3693 = PCURVE('',#2416,#3694);
#3694 = DEFINITIONAL_REPRESENTATION('',(#3695),#3699);
#3695 = LINE('',#3696,#3697);
#3696 = CARTESIAN_POINT('',(0.,-10.));
#3697 = VECTOR('',#3698,1.);
#3698 = DIRECTION('',(1.,0.));
#3699 = ( GEOMETRIC_REPRESENTATION_CONTEXT(2) 
PARAMETRIC_REPRESENTATION_CONTEXT() REPRESENTATION_CONTEXT('2D SPACE',''
  ) );
#3700 = PCURVE('',#2544,#3701);
#3701 = DEFINITIONAL_REPRESENTATION('',(#3702),#3706);
#3702 = CIRCLE('',#3703,0.89);
#3703 = AXIS2_PLACEMENT_2D('',#3704,#3705);
#3704 = CARTESIAN_POINT('',(0.,0.));
#3705 = DIRECTION('',(1.,0.));
#3706 = ( GEOMETRIC_REPRESENTATION_CONTEXT(2) 
PARAMETRIC_REPRESENTATION_CONTEXT() REPRESENTATION_CONTEXT('2D SPACE',''
  ) );
#3707 = ORIENTED_EDGE('',*,*,#2507,.T.);
#3708 = ADVANCED_FACE('',(#3709),#2544,.T.);
#3709 = FACE_BOUND('',#3710,.T.);
#3710 = EDGE_LOOP('',(#3711,#3712));
#3711 = ORIENTED_EDGE('',*,*,#2530,.F.);
#3712 = ORIENTED_EDGE('',*,*,#3686,.T.);
#3713 = ADVANCED_FACE('',(#3714),#2444,.F.);
#3714 = FACE_BOUND('',#3715,.F.);
#3715 = EDGE_LOOP('',(#3716,#3717,#3718,#3719));
#3716 = ORIENTED_EDGE('',*,*,#2428,.F.);
#3717 = ORIENTED_EDGE('',*,*,#3663,.T.);
#3718 = ORIENTED_EDGE('',*,*,#2484,.F.);
#3719 = ORIENTED_EDGE('',*,*,#3720,.F.);
#3720 = EDGE_CURVE('',#2429,#2457,#3721,.T.);
#3721 = SURFACE_CURVE('',#3722,(#3727,#3734),.PCURVE_S1.);
#3722 = CIRCLE('',#3723,0.89);
#3723 = AXIS2_PLACEMENT_3D('',#3724,#3725,#3726);
#3724 = CARTESIAN_POINT('',(41.5,12.,64.5));
#3725 = DIRECTION('',(0.,0.,1.));
#3726 = DIRECTION('',(1.,0.,0.));
#3727 = PCURVE('',#2444,#3728);
#3728 = DEFINITIONAL_REPRESENTATION('',(#3729),#3733);
#3729 = LINE('',#3730,#3731);
#3730 = CARTESIAN_POINT('',(6.28318530718,-10.));
#3731 = VECTOR('',#3732,1.);
#3732 = DIRECTION('',(-1.,0.));
#3733 = ( GEOMETRIC_REPRESENTATION_CONTEXT(2) 
PARAMETRIC_REPRESENTATION_CONTEXT() REPRESENTATION_CONTEXT('2D SPACE',''
  ) );
#3734 = PCURVE('',#2472,#3735);
#3735 = DEFINITIONAL_REPRESENTATION('',(#3736),#3740);
#3736 = CIRCLE('',#3737,0.89);
#3737 = AXIS2_PLACEMENT_2D('',#3738,#3739);
#3738 = CARTESIAN_POINT('',(0.,0.));
#3739 = DIRECTION('',(1.,0.));
#3740 = ( GEOMETRIC_REPRESENTATION_CONTEXT(2) 
PARAMETRIC_REPRESENTATION_CONTEXT() REPRESENTATION_CONTEXT('2D SPACE',''
  ) );
#3741 = ADVANCED_FACE('',(#3742),#2472,.F.);
#3742 = FACE_BOUND('',#3743,.F.);
#3743 = EDGE_LOOP('',(#3744,#3745));
#3744 = ORIENTED_EDGE('',*,*,#2456,.T.);
#3745 = ORIENTED_EDGE('',*,*,#3720,.T.);
#3746 = ADVANCED_FACE('',(#3747),#2779,.F.);
#3747 = FACE_BOUND('',#3748,.F.);
#3748 = EDGE_LOOP('',(#3749,#3771,#3772,#3773));
#3749 = ORIENTED_EDGE('',*,*,#3750,.F.);
#3750 = EDGE_CURVE('',#2997,#3751,#3753,.T.);
#3751 = VERTEX_POINT('',#3752);
#3752 = CARTESIAN_POINT('',(-36.75,12.75,99.));
#3753 = SURFACE_CURVE('',#3754,(#3757,#3764),.PCURVE_S1.);
#3754 = B_SPLINE_CURVE_WITH_KNOTS('',1,(#3755,#3756),.UNSPECIFIED.,.F.,
  .F.,(2,2),(0.,1.),.PIECEWISE_BEZIER_KNOTS.);
#3755 = CARTESIAN_POINT('',(-37.79213073791,12.771267974243,0.));
#3756 = CARTESIAN_POINT('',(-36.75,12.75,99.));
#3757 = PCURVE('',#2779,#3758);
#3758 = DEFINITIONAL_REPRESENTATION('',(#3759),#3763);
#3759 = LINE('',#3760,#3761);
#3760 = CARTESIAN_POINT('',(3.14159265359,0.));
#3761 = VECTOR('',#3762,1.);
#3762 = DIRECTION('',(0.,1.));
#3763 = ( GEOMETRIC_REPRESENTATION_CONTEXT(2) 
PARAMETRIC_REPRESENTATION_CONTEXT() REPRESENTATION_CONTEXT('2D SPACE',''
  ) );
#3764 = PCURVE('',#3034,#3765);
#3765 = DEFINITIONAL_REPRESENTATION('',(#3766),#3770);
#3766 = LINE('',#3767,#3768);
#3767 = CARTESIAN_POINT('',(0.,0.));
#3768 = VECTOR('',#3769,1.);
#3769 = DIRECTION('',(0.,1.));
#3770 = ( GEOMETRIC_REPRESENTATION_CONTEXT(2) 
PARAMETRIC_REPRESENTATION_CONTEXT() REPRESENTATION_CONTEXT('2D SPACE',''
  ) );
#3771 = ORIENTED_EDGE('',*,*,#2996,.T.);
#3772 = ORIENTED_EDGE('',*,*,#2759,.T.);
#3773 = ORIENTED_EDGE('',*,*,#3774,.T.);
#3774 = EDGE_CURVE('',#2732,#3751,#3775,.T.);
#3775 = SURFACE_CURVE('',#3776,(#3781,#3788),.PCURVE_S1.);
#3776 = CIRCLE('',#3777,0.75);
#3777 = AXIS2_PLACEMENT_3D('',#3778,#3779,#3780);
#3778 = CARTESIAN_POINT('',(-36.75,12.,99.));
#3779 = DIRECTION('',(0.,-0.,-1.));
#3780 = DIRECTION('',(0.,-1.,0.));
#3781 = PCURVE('',#2779,#3782);
#3782 = DEFINITIONAL_REPRESENTATION('',(#3783),#3787);
#3783 = LINE('',#3784,#3785);
#3784 = CARTESIAN_POINT('',(6.28318530718,1.));
#3785 = VECTOR('',#3786,1.);
#3786 = DIRECTION('',(-1.,0.));
#3787 = ( GEOMETRIC_REPRESENTATION_CONTEXT(2) 
PARAMETRIC_REPRESENTATION_CONTEXT() REPRESENTATION_CONTEXT('2D SPACE',''
  ) );
#3788 = PCURVE('',#2747,#3789);
#3789 = DEFINITIONAL_REPRESENTATION('',(#3790),#3793);
#3790 = B_SPLINE_CURVE_WITH_KNOTS('',1,(#3791,#3792),.UNSPECIFIED.,.F.,
  .F.,(2,2),(0.,3.14159265359),.PIECEWISE_BEZIER_KNOTS.);
#3791 = CARTESIAN_POINT('',(0.,0.));
#3792 = CARTESIAN_POINT('',(3.14159265359,0.));
#3793 = ( GEOMETRIC_REPRESENTATION_CONTEXT(2) 
PARAMETRIC_REPRESENTATION_CONTEXT() REPRESENTATION_CONTEXT('2D SPACE',''
  ) );
#3794 = ADVANCED_FACE('',(#3795),#2747,.F.);
#3795 = FACE_BOUND('',#3796,.F.);
#3796 = EDGE_LOOP('',(#3797,#3798,#3799,#3823));
#3797 = ORIENTED_EDGE('',*,*,#3774,.F.);
#3798 = ORIENTED_EDGE('',*,*,#2731,.F.);
#3799 = ORIENTED_EDGE('',*,*,#3800,.T.);
#3800 = EDGE_CURVE('',#2704,#3801,#3803,.T.);
#3801 = VERTEX_POINT('',#3802);
#3802 = CARTESIAN_POINT('',(-36.75,12.75,108.5));
#3803 = SURFACE_CURVE('',#3804,(#3809,#3816),.PCURVE_S1.);
#3804 = CIRCLE('',#3805,0.75);
#3805 = AXIS2_PLACEMENT_3D('',#3806,#3807,#3808);
#3806 = CARTESIAN_POINT('',(-36.75,12.,108.5));
#3807 = DIRECTION('',(0.,-0.,-1.));
#3808 = DIRECTION('',(0.,-1.,0.));
#3809 = PCURVE('',#2747,#3810);
#3810 = DEFINITIONAL_REPRESENTATION('',(#3811),#3815);
#3811 = LINE('',#3812,#3813);
#3812 = CARTESIAN_POINT('',(0.,-9.5));
#3813 = VECTOR('',#3814,1.);
#3814 = DIRECTION('',(1.,0.));
#3815 = ( GEOMETRIC_REPRESENTATION_CONTEXT(2) 
PARAMETRIC_REPRESENTATION_CONTEXT() REPRESENTATION_CONTEXT('2D SPACE',''
  ) );
#3816 = PCURVE('',#2719,#3817);
#3817 = DEFINITIONAL_REPRESENTATION('',(#3818),#3822);
#3818 = LINE('',#3819,#3820);
#3819 = CARTESIAN_POINT('',(6.28318530718,0.));
#3820 = VECTOR('',#3821,1.);
#3821 = DIRECTION('',(-1.,0.));
#3822 = ( GEOMETRIC_REPRESENTATION_CONTEXT(2) 
PARAMETRIC_REPRESENTATION_CONTEXT() REPRESENTATION_CONTEXT('2D SPACE',''
  ) );
#3823 = ORIENTED_EDGE('',*,*,#3824,.F.);
#3824 = EDGE_CURVE('',#3751,#3801,#3825,.T.);
#3825 = SURFACE_CURVE('',#3826,(#3830,#3837),.PCURVE_S1.);
#3826 = LINE('',#3827,#3828);
#3827 = CARTESIAN_POINT('',(-36.75,12.75,99.));
#3828 = VECTOR('',#3829,1.);
#3829 = DIRECTION('',(0.,0.,1.));
#3830 = PCURVE('',#2747,#3831);
#3831 = DEFINITIONAL_REPRESENTATION('',(#3832),#3836);
#3832 = LINE('',#3833,#3834);
#3833 = CARTESIAN_POINT('',(3.14159265359,0.));
#3834 = VECTOR('',#3835,1.);
#3835 = DIRECTION('',(0.,-1.));
#3836 = ( GEOMETRIC_REPRESENTATION_CONTEXT(2) 
PARAMETRIC_REPRESENTATION_CONTEXT() REPRESENTATION_CONTEXT('2D SPACE',''
  ) );
#3837 = PCURVE('',#3456,#3838);
#3838 = DEFINITIONAL_REPRESENTATION('',(#3839),#3843);
#3839 = LINE('',#3840,#3841);
#3840 = CARTESIAN_POINT('',(0.,0.));
#3841 = VECTOR('',#3842,1.);
#3842 = DIRECTION('',(0.,-1.));
#3843 = ( GEOMETRIC_REPRESENTATION_CONTEXT(2) 
PARAMETRIC_REPRESENTATION_CONTEXT() REPRESENTATION_CONTEXT('2D SPACE',''
  ) );
#3844 = ADVANCED_FACE('',(#3845),#2719,.F.);
#3845 = FACE_BOUND('',#3846,.F.);
#3846 = EDGE_LOOP('',(#3847,#3848,#3849,#3850));
#3847 = ORIENTED_EDGE('',*,*,#3800,.F.);
#3848 = ORIENTED_EDGE('',*,*,#2703,.T.);
#3849 = ORIENTED_EDGE('',*,*,#3610,.T.);
#3850 = ORIENTED_EDGE('',*,*,#3851,.F.);
#3851 = EDGE_CURVE('',#3801,#3611,#3852,.T.);
#3852 = SURFACE_CURVE('',#3853,(#3856,#3862),.PCURVE_S1.);
#3853 = B_SPLINE_CURVE_WITH_KNOTS('',1,(#3854,#3855),.UNSPECIFIED.,.F.,
  .F.,(2,2),(0.,1.),.PIECEWISE_BEZIER_KNOTS.);
#3854 = CARTESIAN_POINT('',(-36.75,12.75,108.5));
#3855 = CARTESIAN_POINT('',(-36.75,13.25,109.));
#3856 = PCURVE('',#2719,#3857);
#3857 = DEFINITIONAL_REPRESENTATION('',(#3858),#3861);
#3858 = B_SPLINE_CURVE_WITH_KNOTS('',1,(#3859,#3860),.UNSPECIFIED.,.F.,
  .F.,(2,2),(0.,1.),.PIECEWISE_BEZIER_KNOTS.);
#3859 = CARTESIAN_POINT('',(3.14159265359,0.));
#3860 = CARTESIAN_POINT('',(3.14159265359,0.5));
#3861 = ( GEOMETRIC_REPRESENTATION_CONTEXT(2) 
PARAMETRIC_REPRESENTATION_CONTEXT() REPRESENTATION_CONTEXT('2D SPACE',''
  ) );
#3862 = PCURVE('',#3538,#3863);
#3863 = DEFINITIONAL_REPRESENTATION('',(#3864),#3867);
#3864 = B_SPLINE_CURVE_WITH_KNOTS('',1,(#3865,#3866),.UNSPECIFIED.,.F.,
  .F.,(2,2),(0.,1.),.PIECEWISE_BEZIER_KNOTS.);
#3865 = CARTESIAN_POINT('',(0.,-0.707106781187));
#3866 = CARTESIAN_POINT('',(0.,0.));
#3867 = ( GEOMETRIC_REPRESENTATION_CONTEXT(2) 
PARAMETRIC_REPRESENTATION_CONTEXT() REPRESENTATION_CONTEXT('2D SPACE',''
  ) );
#3868 = ADVANCED_FACE('',(#3869),#2850,.F.);
#3869 = FACE_BOUND('',#3870,.F.);
#3870 = EDGE_LOOP('',(#3871,#3893,#3894,#3916));
#3871 = ORIENTED_EDGE('',*,*,#3872,.F.);
#3872 = EDGE_CURVE('',#2833,#2919,#3873,.T.);
#3873 = SURFACE_CURVE('',#3874,(#3879,#3886),.PCURVE_S1.);
#3874 = CIRCLE('',#3875,0.89);
#3875 = AXIS2_PLACEMENT_3D('',#3876,#3877,#3878);
#3876 = CARTESIAN_POINT('',(-41.5,12.,54.5));
#3877 = DIRECTION('',(0.,0.,1.));
#3878 = DIRECTION('',(1.,0.,-0.));
#3879 = PCURVE('',#2850,#3880);
#3880 = DEFINITIONAL_REPRESENTATION('',(#3881),#3885);
#3881 = LINE('',#3882,#3883);
#3882 = CARTESIAN_POINT('',(0.,0.));
#3883 = VECTOR('',#3884,1.);
#3884 = DIRECTION('',(1.,0.));
#3885 = ( GEOMETRIC_REPRESENTATION_CONTEXT(2) 
PARAMETRIC_REPRESENTATION_CONTEXT() REPRESENTATION_CONTEXT('2D SPACE',''
  ) );
#3886 = PCURVE('',#2878,#3887);
#3887 = DEFINITIONAL_REPRESENTATION('',(#3888),#3892);
#3888 = LINE('',#3889,#3890);
#3889 = CARTESIAN_POINT('',(6.28318530718,0.));
#3890 = VECTOR('',#3891,1.);
#3891 = DIRECTION('',(-1.,0.));
#3892 = ( GEOMETRIC_REPRESENTATION_CONTEXT(2) 
PARAMETRIC_REPRESENTATION_CONTEXT() REPRESENTATION_CONTEXT('2D SPACE',''
  ) );
#3893 = ORIENTED_EDGE('',*,*,#2832,.T.);
#3894 = ORIENTED_EDGE('',*,*,#3895,.T.);
#3895 = EDGE_CURVE('',#2835,#2942,#3896,.T.);
#3896 = SURFACE_CURVE('',#3897,(#3902,#3909),.PCURVE_S1.);
#3897 = CIRCLE('',#3898,0.89);
#3898 = AXIS2_PLACEMENT_3D('',#3899,#3900,#3901);
#3899 = CARTESIAN_POINT('',(-41.5,12.,44.5));
#3900 = DIRECTION('',(0.,0.,1.));
#3901 = DIRECTION('',(1.,0.,-0.));
#3902 = PCURVE('',#2850,#3903);
#3903 = DEFINITIONAL_REPRESENTATION('',(#3904),#3908);
#3904 = LINE('',#3905,#3906);
#3905 = CARTESIAN_POINT('',(0.,-10.));
#3906 = VECTOR('',#3907,1.);
#3907 = DIRECTION('',(1.,0.));
#3908 = ( GEOMETRIC_REPRESENTATION_CONTEXT(2) 
PARAMETRIC_REPRESENTATION_CONTEXT() REPRESENTATION_CONTEXT('2D SPACE',''
  ) );
#3909 = PCURVE('',#2978,#3910);
#3910 = DEFINITIONAL_REPRESENTATION('',(#3911),#3915);
#3911 = CIRCLE('',#3912,0.89);
#3912 = AXIS2_PLACEMENT_2D('',#3913,#3914);
#3913 = CARTESIAN_POINT('',(0.,0.));
#3914 = DIRECTION('',(1.,0.));
#3915 = ( GEOMETRIC_REPRESENTATION_CONTEXT(2) 
PARAMETRIC_REPRESENTATION_CONTEXT() REPRESENTATION_CONTEXT('2D SPACE',''
  ) );
#3916 = ORIENTED_EDGE('',*,*,#2941,.T.);
#3917 = ADVANCED_FACE('',(#3918),#2978,.T.);
#3918 = FACE_BOUND('',#3919,.T.);
#3919 = EDGE_LOOP('',(#3920,#3921));
#3920 = ORIENTED_EDGE('',*,*,#2964,.F.);
#3921 = ORIENTED_EDGE('',*,*,#3895,.T.);
#3922 = ADVANCED_FACE('',(#3923),#2878,.F.);
#3923 = FACE_BOUND('',#3924,.F.);
#3924 = EDGE_LOOP('',(#3925,#3926,#3927,#3928));
#3925 = ORIENTED_EDGE('',*,*,#2862,.F.);
#3926 = ORIENTED_EDGE('',*,*,#3872,.T.);
#3927 = ORIENTED_EDGE('',*,*,#2918,.F.);
#3928 = ORIENTED_EDGE('',*,*,#3929,.F.);
#3929 = EDGE_CURVE('',#2863,#2891,#3930,.T.);
#3930 = SURFACE_CURVE('',#3931,(#3936,#3943),.PCURVE_S1.);
#3931 = CIRCLE('',#3932,0.89);
#3932 = AXIS2_PLACEMENT_3D('',#3933,#3934,#3935);
#3933 = CARTESIAN_POINT('',(-41.5,12.,64.5));
#3934 = DIRECTION('',(0.,0.,1.));
#3935 = DIRECTION('',(1.,0.,0.));
#3936 = PCURVE('',#2878,#3937);
#3937 = DEFINITIONAL_REPRESENTATION('',(#3938),#3942);
#3938 = LINE('',#3939,#3940);
#3939 = CARTESIAN_POINT('',(6.28318530718,-10.));
#3940 = VECTOR('',#3941,1.);
#3941 = DIRECTION('',(-1.,0.));
#3942 = ( GEOMETRIC_REPRESENTATION_CONTEXT(2) 
PARAMETRIC_REPRESENTATION_CONTEXT() REPRESENTATION_CONTEXT('2D SPACE',''
  ) );
#3943 = PCURVE('',#2906,#3944);
#3944 = DEFINITIONAL_REPRESENTATION('',(#3945),#3949);
#3945 = CIRCLE('',#3946,0.89);
#3946 = AXIS2_PLACEMENT_2D('',#3947,#3948);
#3947 = CARTESIAN_POINT('',(0.,0.));
#3948 = DIRECTION('',(1.,0.));
#3949 = ( GEOMETRIC_REPRESENTATION_CONTEXT(2) 
PARAMETRIC_REPRESENTATION_CONTEXT() REPRESENTATION_CONTEXT('2D SPACE',''
  ) );
#3950 = ADVANCED_FACE('',(#3951),#2906,.F.);
#3951 = FACE_BOUND('',#3952,.F.);
#3952 = EDGE_LOOP('',(#3953,#3954));
#3953 = ORIENTED_EDGE('',*,*,#2890,.T.);
#3954 = ORIENTED_EDGE('',*,*,#3929,.T.);
#3955 = ADVANCED_FACE('',(#3956),#3034,.F.);
#3956 = FACE_BOUND('',#3957,.F.);
#3957 = EDGE_LOOP('',(#3958,#3959,#3960,#3981,#4001));
#3958 = ORIENTED_EDGE('',*,*,#3019,.T.);
#3959 = ORIENTED_EDGE('',*,*,#3750,.T.);
#3960 = ORIENTED_EDGE('',*,*,#3961,.T.);
#3961 = EDGE_CURVE('',#3751,#3417,#3962,.T.);
#3962 = SURFACE_CURVE('',#3963,(#3967,#3974),.PCURVE_S1.);
#3963 = LINE('',#3964,#3965);
#3964 = CARTESIAN_POINT('',(-36.75,12.75,99.));
#3965 = VECTOR('',#3966,1.);
#3966 = DIRECTION('',(1.,0.,0.));
#3967 = PCURVE('',#3034,#3968);
#3968 = DEFINITIONAL_REPRESENTATION('',(#3969),#3973);
#3969 = LINE('',#3970,#3971);
#3970 = CARTESIAN_POINT('',(0.,1.));
#3971 = VECTOR('',#3972,1.);
#3972 = DIRECTION('',(-1.,0.));
#3973 = ( GEOMETRIC_REPRESENTATION_CONTEXT(2) 
PARAMETRIC_REPRESENTATION_CONTEXT() REPRESENTATION_CONTEXT('2D SPACE',''
  ) );
#3974 = PCURVE('',#3456,#3975);
#3975 = DEFINITIONAL_REPRESENTATION('',(#3976),#3980);
#3976 = LINE('',#3977,#3978);
#3977 = CARTESIAN_POINT('',(0.,0.));
#3978 = VECTOR('',#3979,1.);
#3979 = DIRECTION('',(1.,0.));
#3980 = ( GEOMETRIC_REPRESENTATION_CONTEXT(2) 
PARAMETRIC_REPRESENTATION_CONTEXT() REPRESENTATION_CONTEXT('2D SPACE',''
  ) );
#3981 = ORIENTED_EDGE('',*,*,#3982,.F.);
#3982 = EDGE_CURVE('',#3070,#3417,#3983,.T.);
#3983 = SURFACE_CURVE('',#3984,(#3987,#3994),.PCURVE_S1.);
#3984 = B_SPLINE_CURVE_WITH_KNOTS('',1,(#3985,#3986),.UNSPECIFIED.,.F.,
  .F.,(2,2),(0.,1.),.PIECEWISE_BEZIER_KNOTS.);
#3985 = CARTESIAN_POINT('',(37.8,12.,0.));
#3986 = CARTESIAN_POINT('',(36.75,12.75,99.));
#3987 = PCURVE('',#3034,#3988);
#3988 = DEFINITIONAL_REPRESENTATION('',(#3989),#3993);
#3989 = LINE('',#3990,#3991);
#3990 = CARTESIAN_POINT('',(-73.5,0.));
#3991 = VECTOR('',#3992,1.);
#3992 = DIRECTION('',(0.,1.));
#3993 = ( GEOMETRIC_REPRESENTATION_CONTEXT(2) 
PARAMETRIC_REPRESENTATION_CONTEXT() REPRESENTATION_CONTEXT('2D SPACE',''
  ) );
#3994 = PCURVE('',#3259,#3995);
#3995 = DEFINITIONAL_REPRESENTATION('',(#3996),#4000);
#3996 = LINE('',#3997,#3998);
#3997 = CARTESIAN_POINT('',(6.28318530718,0.));
#3998 = VECTOR('',#3999,1.);
#3999 = DIRECTION('',(0.,1.));
#4000 = ( GEOMETRIC_REPRESENTATION_CONTEXT(2) 
PARAMETRIC_REPRESENTATION_CONTEXT() REPRESENTATION_CONTEXT('2D SPACE',''
  ) );
#4001 = ORIENTED_EDGE('',*,*,#3069,.F.);
#4002 = ADVANCED_FACE('',(#4003),#3259,.F.);
#4003 = FACE_BOUND('',#4004,.F.);
#4004 = EDGE_LOOP('',(#4005,#4006,#4007));
#4005 = ORIENTED_EDGE('',*,*,#3091,.F.);
#4006 = ORIENTED_EDGE('',*,*,#3982,.T.);
#4007 = ORIENTED_EDGE('',*,*,#3416,.T.);
#4008 = ADVANCED_FACE('',(#4009),#3456,.F.);
#4009 = FACE_BOUND('',#4010,.F.);
#4010 = EDGE_LOOP('',(#4011,#4012,#4013,#4034));
#4011 = ORIENTED_EDGE('',*,*,#3961,.F.);
#4012 = ORIENTED_EDGE('',*,*,#3824,.T.);
#4013 = ORIENTED_EDGE('',*,*,#4014,.T.);
#4014 = EDGE_CURVE('',#3801,#3441,#4015,.T.);
#4015 = SURFACE_CURVE('',#4016,(#4020,#4027),.PCURVE_S1.);
#4016 = LINE('',#4017,#4018);
#4017 = CARTESIAN_POINT('',(-36.75,12.75,108.5));
#4018 = VECTOR('',#4019,1.);
#4019 = DIRECTION('',(1.,0.,0.));
#4020 = PCURVE('',#3456,#4021);
#4021 = DEFINITIONAL_REPRESENTATION('',(#4022),#4026);
#4022 = LINE('',#4023,#4024);
#4023 = CARTESIAN_POINT('',(0.,-9.5));
#4024 = VECTOR('',#4025,1.);
#4025 = DIRECTION('',(1.,0.));
#4026 = ( GEOMETRIC_REPRESENTATION_CONTEXT(2) 
PARAMETRIC_REPRESENTATION_CONTEXT() REPRESENTATION_CONTEXT('2D SPACE',''
  ) );
#4027 = PCURVE('',#3538,#4028);
#4028 = DEFINITIONAL_REPRESENTATION('',(#4029),#4033);
#4029 = LINE('',#4030,#4031);
#4030 = CARTESIAN_POINT('',(0.,-0.707106781187));
#4031 = VECTOR('',#4032,1.);
#4032 = DIRECTION('',(1.,0.));
#4033 = ( GEOMETRIC_REPRESENTATION_CONTEXT(2) 
PARAMETRIC_REPRESENTATION_CONTEXT() REPRESENTATION_CONTEXT('2D SPACE',''
  ) );
#4034 = ORIENTED_EDGE('',*,*,#3440,.F.);
#4035 = ADVANCED_FACE('',(#4036),#3538,.T.);
#4036 = FACE_BOUND('',#4037,.T.);
#4037 = EDGE_LOOP('',(#4038,#4039,#4040,#4041));
#4038 = ORIENTED_EDGE('',*,*,#4014,.T.);
#4039 = ORIENTED_EDGE('',*,*,#3524,.T.);
#4040 = ORIENTED_EDGE('',*,*,#3638,.F.);
#4041 = ORIENTED_EDGE('',*,*,#3851,.F.);
#4042 = ( GEOMETRIC_REPRESENTATION_CONTEXT(3) 
GLOBAL_UNCERTAINTY_ASSIGNED_CONTEXT((#4046)) 
GLOBAL_UNIT_ASSIGNED_CONTEXT((#4043,#4044,#4045)) REPRESENTATION_CONTEXT
('Context #1','3D Context with UNIT and UNCERTAINTY') );
#4043 = ( LENGTH_UNIT() NAMED_UNIT(*) SI_UNIT(.MILLI.,.METRE.) );
#4044 = ( NAMED_UNIT(*) PLANE_ANGLE_UNIT() SI_UNIT($,.RADIAN.) );
#4045 = ( NAMED_UNIT(*) SI_UNIT($,.STERADIAN.) SOLID_ANGLE_UNIT() );
#4046 = UNCERTAINTY_MEASURE_WITH_UNIT(LENGTH_MEASURE(2.E-05),#4043,
  'distance_accuracy_value','confusion accuracy');
#4047 = CONTEXT_DEPENDENT_SHAPE_REPRESENTATION(#4048,#4050);
#4048 = ( REPRESENTATION_RELATIONSHIP('','',#1905,#10) 
REPRESENTATION_RELATIONSHIP_WITH_TRANSFORMATION(#4049) 
SHAPE_REPRESENTATION_RELATIONSHIP() );
#4049 = ITEM_DEFINED_TRANSFORMATION('','',#11,#19);
#4050 = PRODUCT_DEFINITION_SHAPE('Placement','Placement of an item',
  #4051);
#4051 = NEXT_ASSEMBLY_USAGE_OCCURRENCE('2','','',#5,#1900,$);
#4052 = PRODUCT_RELATED_PRODUCT_CATEGORY('part',$,(#1902));
#4053 = SHAPE_DEFINITION_REPRESENTATION(#4054,#4060);
#4054 = PRODUCT_DEFINITION_SHAPE('','',#4055);
#4055 = PRODUCT_DEFINITION('design','',#4056,#4059);
#4056 = PRODUCT_DEFINITION_FORMATION('','',#4057);
#4057 = PRODUCT('Open CASCADE STEP translator 7.9 4.3',
  'Open CASCADE STEP translator 7.9 4.3','',(#4058));
#4058 = PRODUCT_CONTEXT('',#2,'mechanical');
#4059 = PRODUCT_DEFINITION_CONTEXT('part definition',#2,'design');
#4060 = ADVANCED_BREP_SHAPE_REPRESENTATION('',(#11,#4061),#4883);
#4061 = MANIFOLD_SOLID_BREP('',#4062);
#4062 = CLOSED_SHELL('',(#4063,#4233,#4329,#4382,#4463,#4511,#4543,#4598
    ,#4653,#4723,#4755,#4802,#4849,#4876));
#4063 = ADVANCED_FACE('',(#4064),#4079,.T.);
#4064 = FACE_BOUND('',#4065,.T.);
#4065 = EDGE_LOOP('',(#4066,#4121,#4164,#4192));
#4066 = ORIENTED_EDGE('',*,*,#4067,.T.);
#4067 = EDGE_CURVE('',#4068,#4070,#4072,.T.);
#4068 = VERTEX_POINT('',#4069);
#4069 = CARTESIAN_POINT('',(37.8,0.,0.));
#4070 = VERTEX_POINT('',#4071);
#4071 = CARTESIAN_POINT('',(-37.79213073791,0.771267974243,0.));
#4072 = SURFACE_CURVE('',#4073,(#4078,#4109),.PCURVE_S1.);
#4073 = CIRCLE('',#4074,37.8);
#4074 = AXIS2_PLACEMENT_3D('',#4075,#4076,#4077);
#4075 = CARTESIAN_POINT('',(0.,0.,0.));
#4076 = DIRECTION('',(0.,0.,1.));
#4077 = DIRECTION('',(1.,0.,-0.));
#4078 = PCURVE('',#4079,#4104);
#4079 = B_SPLINE_SURFACE_WITH_KNOTS('',11,1,(
    (#4080,#4081)
    ,(#4082,#4083)
    ,(#4084,#4085)
    ,(#4086,#4087)
    ,(#4088,#4089)
    ,(#4090,#4091)
    ,(#4092,#4093)
    ,(#4094,#4095)
    ,(#4096,#4097)
    ,(#4098,#4099)
    ,(#4100,#4101)
    ,(#4102,#4103
    )),.UNSPECIFIED.,.F.,.F.,.F.,(12,12),(2,2),(-73.5,0.),(0.,1.),
  .PIECEWISE_BEZIER_KNOTS.);
#4080 = CARTESIAN_POINT('',(37.8,-7.105427357601E-15,0.));
#4081 = CARTESIAN_POINT('',(36.75,0.75,99.));
#4082 = CARTESIAN_POINT('',(37.8,10.725534618702,0.));
#4083 = CARTESIAN_POINT('',(30.068181818182,0.75,99.));
#4084 = CARTESIAN_POINT('',(34.452359659639,21.451068457069,0.));
#4085 = CARTESIAN_POINT('',(23.386363636364,0.75,99.));
#4086 = CARTESIAN_POINT('',(27.757079789678,31.015652162493,0.));
#4087 = CARTESIAN_POINT('',(16.704545454545,0.75,99.));
#4088 = CARTESIAN_POINT('',(18.167101192845,38.2582922896,0.));
#4089 = CARTESIAN_POINT('',(10.022727272727,0.75,99.));
#4090 = CARTESIAN_POINT('',(6.588333853533,42.220109895496,0.));
#4091 = CARTESIAN_POINT('',(3.340909090909,0.75,99.));
#4092 = CARTESIAN_POINT('',(-5.725506764718,42.345748249928,0.));
#4093 = CARTESIAN_POINT('',(-3.340909090909,0.75,99.));
#4094 = CARTESIAN_POINT('',(-17.38270020679,38.621007601877,0.));
#4095 = CARTESIAN_POINT('',(-10.02272727272,0.75,99.));
#4096 = CARTESIAN_POINT('',(-27.11846055823,31.575548363709,0.));
#4097 = CARTESIAN_POINT('',(-16.70454545454,0.75,99.));
#4098 = CARTESIAN_POINT('',(-34.00750154424,22.149565747081,0.));
#4099 = CARTESIAN_POINT('',(-23.38636363636,0.75,99.));
#4100 = CARTESIAN_POINT('',(-37.57328784484,11.494569734672,0.));
#4101 = CARTESIAN_POINT('',(-30.06818181818,0.75,99.));
#4102 = CARTESIAN_POINT('',(-37.79213073791,0.771267974243,0.));
#4103 = CARTESIAN_POINT('',(-36.75,0.75,99.));
#4104 = DEFINITIONAL_REPRESENTATION('',(#4105),#4108);
#4105 = B_SPLINE_CURVE_WITH_KNOTS('',1,(#4106,#4107),.UNSPECIFIED.,.F.,
  .F.,(2,2),(0.,3.121187322903),.PIECEWISE_BEZIER_KNOTS.);
#4106 = CARTESIAN_POINT('',(-73.5,0.));
#4107 = CARTESIAN_POINT('',(0.,0.));
#4108 = ( GEOMETRIC_REPRESENTATION_CONTEXT(2) 
PARAMETRIC_REPRESENTATION_CONTEXT() REPRESENTATION_CONTEXT('2D SPACE',''
  ) );
#4109 = PCURVE('',#4110,#4115);
#4110 = PLANE('',#4111);
#4111 = AXIS2_PLACEMENT_3D('',#4112,#4113,#4114);
#4112 = CARTESIAN_POINT('',(0.,0.,0.));
#4113 = DIRECTION('',(0.,0.,1.));
#4114 = DIRECTION('',(1.,0.,-0.));
#4115 = DEFINITIONAL_REPRESENTATION('',(#4116),#4120);
#4116 = CIRCLE('',#4117,37.8);
#4117 = AXIS2_PLACEMENT_2D('',#4118,#4119);
#4118 = CARTESIAN_POINT('',(0.,0.));
#4119 = DIRECTION('',(1.,0.));
#4120 = ( GEOMETRIC_REPRESENTATION_CONTEXT(2) 
PARAMETRIC_REPRESENTATION_CONTEXT() REPRESENTATION_CONTEXT('2D SPACE',''
  ) );
#4121 = ORIENTED_EDGE('',*,*,#4122,.T.);
#4122 = EDGE_CURVE('',#4070,#4123,#4125,.T.);
#4123 = VERTEX_POINT('',#4124);
#4124 = CARTESIAN_POINT('',(-36.75,0.75,99.));
#4125 = SURFACE_CURVE('',#4126,(#4129,#4136),.PCURVE_S1.);
#4126 = B_SPLINE_CURVE_WITH_KNOTS('',1,(#4127,#4128),.UNSPECIFIED.,.F.,
  .F.,(2,2),(0.,1.),.PIECEWISE_BEZIER_KNOTS.);
#4127 = CARTESIAN_POINT('',(-37.79213073791,0.771267974243,0.));
#4128 = CARTESIAN_POINT('',(-36.75,0.75,99.));
#4129 = PCURVE('',#4079,#4130);
#4130 = DEFINITIONAL_REPRESENTATION('',(#4131),#4135);
#4131 = LINE('',#4132,#4133);
#4132 = CARTESIAN_POINT('',(0.,0.));
#4133 = VECTOR('',#4134,1.);
#4134 = DIRECTION('',(0.,1.));
#4135 = ( GEOMETRIC_REPRESENTATION_CONTEXT(2) 
PARAMETRIC_REPRESENTATION_CONTEXT() REPRESENTATION_CONTEXT('2D SPACE',''
  ) );
#4136 = PCURVE('',#4137,#4158);
#4137 = B_SPLINE_SURFACE_WITH_KNOTS('',9,1,(
    (#4138,#4139)
    ,(#4140,#4141)
    ,(#4142,#4143)
    ,(#4144,#4145)
    ,(#4146,#4147)
    ,(#4148,#4149)
    ,(#4150,#4151)
    ,(#4152,#4153)
    ,(#4154,#4155)
    ,(#4156,#4157
    )),.UNSPECIFIED.,.F.,.F.,.F.,(10,10),(2,2),(3.14159265359,
    6.28318530718),(0.,1.),.PIECEWISE_BEZIER_KNOTS.);
#4138 = CARTESIAN_POINT('',(-37.79213073791,0.771267974243,0.));
#4139 = CARTESIAN_POINT('',(-36.75,0.75,99.));
#4140 = CARTESIAN_POINT('',(-37.79562806637,0.599898879786,0.));
#4141 = CARTESIAN_POINT('',(-37.01179938779,0.75,99.));
#4142 = CARTESIAN_POINT('',(-37.79825118407,0.428511943798,0.));
#4143 = CARTESIAN_POINT('',(-37.27360149249,0.647191900061,
    98.999999999999));
#4144 = CARTESIAN_POINT('',(-37.79999998699,0.257112263859,0.));
#4145 = CARTESIAN_POINT('',(-37.48924283384,0.44157278914,
    99.000000000004));
#4146 = CARTESIAN_POINT('',(-37.80087440579,8.570493754982E-02,0.));
#4147 = CARTESIAN_POINT('',(-37.61268047281,0.157317457926,
    98.999999999993));
#4148 = CARTESIAN_POINT('',(-37.80087440579,-8.570493754981E-02,0.));
#4149 = CARTESIAN_POINT('',(-37.61268047282,-0.157317457926,
    99.000000000007));
#4150 = CARTESIAN_POINT('',(-37.79999998699,-0.257112263859,0.));
#4151 = CARTESIAN_POINT('',(-37.48924283383,-0.44157278914,
    98.999999999994));
#4152 = CARTESIAN_POINT('',(-37.79825118407,-0.428511943798,0.));
#4153 = CARTESIAN_POINT('',(-37.2736014925,-0.647191900061,
    99.000000000003));
#4154 = CARTESIAN_POINT('',(-37.79562806637,-0.599898879786,0.));
#4155 = CARTESIAN_POINT('',(-37.01179938779,-0.75,98.999999999999));
#4156 = CARTESIAN_POINT('',(-37.79213073791,-0.771267974243,0.));
#4157 = CARTESIAN_POINT('',(-36.75,-0.75,99.));
#4158 = DEFINITIONAL_REPRESENTATION('',(#4159),#4163);
#4159 = LINE('',#4160,#4161);
#4160 = CARTESIAN_POINT('',(3.14159265359,0.));
#4161 = VECTOR('',#4162,1.);
#4162 = DIRECTION('',(0.,1.));
#4163 = ( GEOMETRIC_REPRESENTATION_CONTEXT(2) 
PARAMETRIC_REPRESENTATION_CONTEXT() REPRESENTATION_CONTEXT('2D SPACE',''
  ) );
#4164 = ORIENTED_EDGE('',*,*,#4165,.T.);
#4165 = EDGE_CURVE('',#4123,#4166,#4168,.T.);
#4166 = VERTEX_POINT('',#4167);
#4167 = CARTESIAN_POINT('',(36.75,0.75,99.));
#4168 = SURFACE_CURVE('',#4169,(#4173,#4180),.PCURVE_S1.);
#4169 = LINE('',#4170,#4171);
#4170 = CARTESIAN_POINT('',(-36.75,0.75,99.));
#4171 = VECTOR('',#4172,1.);
#4172 = DIRECTION('',(1.,0.,0.));
#4173 = PCURVE('',#4079,#4174);
#4174 = DEFINITIONAL_REPRESENTATION('',(#4175),#4179);
#4175 = LINE('',#4176,#4177);
#4176 = CARTESIAN_POINT('',(0.,1.));
#4177 = VECTOR('',#4178,1.);
#4178 = DIRECTION('',(-1.,0.));
#4179 = ( GEOMETRIC_REPRESENTATION_CONTEXT(2) 
PARAMETRIC_REPRESENTATION_CONTEXT() REPRESENTATION_CONTEXT('2D SPACE',''
  ) );
#4180 = PCURVE('',#4181,#4186);
#4181 = PLANE('',#4182);
#4182 = AXIS2_PLACEMENT_3D('',#4183,#4184,#4185);
#4183 = CARTESIAN_POINT('',(-36.75,0.75,99.));
#4184 = DIRECTION('',(0.,1.,0.));
#4185 = DIRECTION('',(1.,0.,0.));
#4186 = DEFINITIONAL_REPRESENTATION('',(#4187),#4191);
#4187 = LINE('',#4188,#4189);
#4188 = CARTESIAN_POINT('',(0.,0.));
#4189 = VECTOR('',#4190,1.);
#4190 = DIRECTION('',(1.,0.));
#4191 = ( GEOMETRIC_REPRESENTATION_CONTEXT(2) 
PARAMETRIC_REPRESENTATION_CONTEXT() REPRESENTATION_CONTEXT('2D SPACE',''
  ) );
#4192 = ORIENTED_EDGE('',*,*,#4193,.F.);
#4193 = EDGE_CURVE('',#4068,#4166,#4194,.T.);
#4194 = SURFACE_CURVE('',#4195,(#4198,#4205),.PCURVE_S1.);
#4195 = B_SPLINE_CURVE_WITH_KNOTS('',1,(#4196,#4197),.UNSPECIFIED.,.F.,
  .F.,(2,2),(0.,1.),.PIECEWISE_BEZIER_KNOTS.);
#4196 = CARTESIAN_POINT('',(37.8,-7.105427357601E-15,0.));
#4197 = CARTESIAN_POINT('',(36.75,0.75,99.));
#4198 = PCURVE('',#4079,#4199);
#4199 = DEFINITIONAL_REPRESENTATION('',(#4200),#4204);
#4200 = LINE('',#4201,#4202);
#4201 = CARTESIAN_POINT('',(-73.5,0.));
#4202 = VECTOR('',#4203,1.);
#4203 = DIRECTION('',(0.,1.));
#4204 = ( GEOMETRIC_REPRESENTATION_CONTEXT(2) 
PARAMETRIC_REPRESENTATION_CONTEXT() REPRESENTATION_CONTEXT('2D SPACE',''
  ) );
#4205 = PCURVE('',#4206,#4227);
#4206 = B_SPLINE_SURFACE_WITH_KNOTS('',9,1,(
    (#4207,#4208)
    ,(#4209,#4210)
    ,(#4211,#4212)
    ,(#4213,#4214)
    ,(#4215,#4216)
    ,(#4217,#4218)
    ,(#4219,#4220)
    ,(#4221,#4222)
    ,(#4223,#4224)
    ,(#4225,#4226
    )),.UNSPECIFIED.,.F.,.F.,.F.,(10,10),(2,2),(3.14159265359,
    6.28318530718),(0.,1.),.PIECEWISE_BEZIER_KNOTS.);
#4207 = CARTESIAN_POINT('',(37.792130737918,-0.771267974243,0.));
#4208 = CARTESIAN_POINT('',(36.75,-0.75,99.));
#4209 = CARTESIAN_POINT('',(37.793879402147,-0.685583427015,0.));
#4210 = CARTESIAN_POINT('',(37.011799387799,-0.75,99.));
#4211 = CARTESIAN_POINT('',(37.795409506102,-0.599894419434,0.));
#4212 = CARTESIAN_POINT('',(37.273601492499,-0.647191900061,
    98.999999999999));
#4213 = CARTESIAN_POINT('',(37.796721043281,-0.514201588687,0.));
#4214 = CARTESIAN_POINT('',(37.48924283384,-0.44157278914,
    99.000000000004));
#4215 = CARTESIAN_POINT('',(37.797814007183,-0.428505571955,0.));
#4216 = CARTESIAN_POINT('',(37.612680472816,-0.157317457926,
    98.999999999993));
#4217 = CARTESIAN_POINT('',(37.798688391308,-0.342807006425,0.));
#4218 = CARTESIAN_POINT('',(37.612680472822,0.157317457926,
    99.000000000007));
#4219 = CARTESIAN_POINT('',(37.799344189153,-0.25710652928,0.));
#4220 = CARTESIAN_POINT('',(37.489242833835,0.44157278914,
    98.999999999994));
#4221 = CARTESIAN_POINT('',(37.799781394217,-0.171404777705,0.));
#4222 = CARTESIAN_POINT('',(37.2736014925,0.647191900061,99.000000000003
    ));
#4223 = CARTESIAN_POINT('',(37.8,-8.570238888347E-02,0.));
#4224 = CARTESIAN_POINT('',(37.011799387799,0.75,98.999999999999));
#4225 = CARTESIAN_POINT('',(37.8,-9.27036225562E-15,0.));
#4226 = CARTESIAN_POINT('',(36.75,0.75,99.));
#4227 = DEFINITIONAL_REPRESENTATION('',(#4228),#4232);
#4228 = LINE('',#4229,#4230);
#4229 = CARTESIAN_POINT('',(6.28318530718,0.));
#4230 = VECTOR('',#4231,1.);
#4231 = DIRECTION('',(0.,1.));
#4232 = ( GEOMETRIC_REPRESENTATION_CONTEXT(2) 
PARAMETRIC_REPRESENTATION_CONTEXT() REPRESENTATION_CONTEXT('2D SPACE',''
  ) );
#4233 = ADVANCED_FACE('',(#4234),#4110,.F.);
#4234 = FACE_BOUND('',#4235,.F.);
#4235 = EDGE_LOOP('',(#4236,#4237,#4260,#4308));
#4236 = ORIENTED_EDGE('',*,*,#4067,.T.);
#4237 = ORIENTED_EDGE('',*,*,#4238,.T.);
#4238 = EDGE_CURVE('',#4070,#4239,#4241,.T.);
#4239 = VERTEX_POINT('',#4240);
#4240 = CARTESIAN_POINT('',(-37.79213073791,-0.771267974243,0.));
#4241 = SURFACE_CURVE('',#4242,(#4247,#4254),.PCURVE_S1.);
#4242 = CIRCLE('',#4243,37.8);
#4243 = AXIS2_PLACEMENT_3D('',#4244,#4245,#4246);
#4244 = CARTESIAN_POINT('',(0.,0.,0.));
#4245 = DIRECTION('',(0.,0.,1.));
#4246 = DIRECTION('',(1.,0.,-0.));
#4247 = PCURVE('',#4110,#4248);
#4248 = DEFINITIONAL_REPRESENTATION('',(#4249),#4253);
#4249 = CIRCLE('',#4250,37.8);
#4250 = AXIS2_PLACEMENT_2D('',#4251,#4252);
#4251 = CARTESIAN_POINT('',(0.,0.));
#4252 = DIRECTION('',(1.,0.));
#4253 = ( GEOMETRIC_REPRESENTATION_CONTEXT(2) 
PARAMETRIC_REPRESENTATION_CONTEXT() REPRESENTATION_CONTEXT('2D SPACE',''
  ) );
#4254 = PCURVE('',#4137,#4255);
#4255 = DEFINITIONAL_REPRESENTATION('',(#4256),#4259);
#4256 = B_SPLINE_CURVE_WITH_KNOTS('',1,(#4257,#4258),.UNSPECIFIED.,.F.,
  .F.,(2,2),(3.121187322903,3.161997984276),.PIECEWISE_BEZIER_KNOTS.);
#4257 = CARTESIAN_POINT('',(3.14159265359,0.));
#4258 = CARTESIAN_POINT('',(6.28318530718,0.));
#4259 = ( GEOMETRIC_REPRESENTATION_CONTEXT(2) 
PARAMETRIC_REPRESENTATION_CONTEXT() REPRESENTATION_CONTEXT('2D SPACE',''
  ) );
#4260 = ORIENTED_EDGE('',*,*,#4261,.T.);
#4261 = EDGE_CURVE('',#4239,#4262,#4264,.T.);
#4262 = VERTEX_POINT('',#4263);
#4263 = CARTESIAN_POINT('',(37.792130737918,-0.771267974243,0.));
#4264 = SURFACE_CURVE('',#4265,(#4270,#4277),.PCURVE_S1.);
#4265 = CIRCLE('',#4266,37.8);
#4266 = AXIS2_PLACEMENT_3D('',#4267,#4268,#4269);
#4267 = CARTESIAN_POINT('',(0.,0.,0.));
#4268 = DIRECTION('',(0.,0.,1.));
#4269 = DIRECTION('',(1.,0.,-0.));
#4270 = PCURVE('',#4110,#4271);
#4271 = DEFINITIONAL_REPRESENTATION('',(#4272),#4276);
#4272 = CIRCLE('',#4273,37.8);
#4273 = AXIS2_PLACEMENT_2D('',#4274,#4275);
#4274 = CARTESIAN_POINT('',(0.,0.));
#4275 = DIRECTION('',(1.,0.));
#4276 = ( GEOMETRIC_REPRESENTATION_CONTEXT(2) 
PARAMETRIC_REPRESENTATION_CONTEXT() REPRESENTATION_CONTEXT('2D SPACE',''
  ) );
#4277 = PCURVE('',#4278,#4303);
#4278 = B_SPLINE_SURFACE_WITH_KNOTS('',11,1,(
    (#4279,#4280)
    ,(#4281,#4282)
    ,(#4283,#4284)
    ,(#4285,#4286)
    ,(#4287,#4288)
    ,(#4289,#4290)
    ,(#4291,#4292)
    ,(#4293,#4294)
    ,(#4295,#4296)
    ,(#4297,#4298)
    ,(#4299,#4300)
    ,(#4301,#4302
    )),.UNSPECIFIED.,.F.,.F.,.F.,(12,12),(2,2),(-73.5,0.),(0.,1.),
  .PIECEWISE_BEZIER_KNOTS.);
#4279 = CARTESIAN_POINT('',(-37.79213073791,-0.771267974243,0.));
#4280 = CARTESIAN_POINT('',(-36.75,-0.75,99.));
#4281 = CARTESIAN_POINT('',(-37.57471857012,-11.42446419602,0.));
#4282 = CARTESIAN_POINT('',(-30.06818181818,-0.75,99.));
#4283 = CARTESIAN_POINT('',(-34.05398244305,-22.01024492189,0.));
#4284 = CARTESIAN_POINT('',(-23.38636363636,-0.75,99.));
#4285 = CARTESIAN_POINT('',(-27.25314953237,-31.390518583,0.));
#4286 = CARTESIAN_POINT('',(-16.70454545454,-0.75,99.));
#4287 = CARTESIAN_POINT('',(-17.63656680973,-38.43615531257,0.));
#4288 = CARTESIAN_POINT('',(-10.02272727272,-0.75,99.));
#4289 = CARTESIAN_POINT('',(-6.105738169345,-42.22257429826,0.));
#4290 = CARTESIAN_POINT('',(-3.340909090909,-0.75,99.));
#4291 = CARTESIAN_POINT('',(6.105738169345,-42.22257429824,0.));
#4292 = CARTESIAN_POINT('',(3.340909090909,-0.75,99.));
#4293 = CARTESIAN_POINT('',(17.636566809734,-38.43615531259,0.));
#4294 = CARTESIAN_POINT('',(10.022727272727,-0.75,99.));
#4295 = CARTESIAN_POINT('',(27.253149532378,-31.39051858299,0.));
#4296 = CARTESIAN_POINT('',(16.704545454545,-0.75,99.));
#4297 = CARTESIAN_POINT('',(34.053982443054,-22.01024492189,0.));
#4298 = CARTESIAN_POINT('',(23.386363636364,-0.75,99.));
#4299 = CARTESIAN_POINT('',(37.574718570127,-11.42446419602,0.));
#4300 = CARTESIAN_POINT('',(30.068181818182,-0.75,99.));
#4301 = CARTESIAN_POINT('',(37.792130737918,-0.771267974243,0.));
#4302 = CARTESIAN_POINT('',(36.75,-0.75,99.));
#4303 = DEFINITIONAL_REPRESENTATION('',(#4304),#4307);
#4304 = B_SPLINE_CURVE_WITH_KNOTS('',1,(#4305,#4306),.UNSPECIFIED.,.F.,
  .F.,(2,2),(3.161997984276,6.262779976493),.PIECEWISE_BEZIER_KNOTS.);
#4305 = CARTESIAN_POINT('',(-73.5,0.));
#4306 = CARTESIAN_POINT('',(0.,0.));
#4307 = ( GEOMETRIC_REPRESENTATION_CONTEXT(2) 
PARAMETRIC_REPRESENTATION_CONTEXT() REPRESENTATION_CONTEXT('2D SPACE',''
  ) );
#4308 = ORIENTED_EDGE('',*,*,#4309,.T.);
#4309 = EDGE_CURVE('',#4262,#4068,#4310,.T.);
#4310 = SURFACE_CURVE('',#4311,(#4316,#4323),.PCURVE_S1.);
#4311 = CIRCLE('',#4312,37.8);
#4312 = AXIS2_PLACEMENT_3D('',#4313,#4314,#4315);
#4313 = CARTESIAN_POINT('',(0.,0.,0.));
#4314 = DIRECTION('',(0.,0.,1.));
#4315 = DIRECTION('',(1.,0.,-0.));
#4316 = PCURVE('',#4110,#4317);
#4317 = DEFINITIONAL_REPRESENTATION('',(#4318),#4322);
#4318 = CIRCLE('',#4319,37.8);
#4319 = AXIS2_PLACEMENT_2D('',#4320,#4321);
#4320 = CARTESIAN_POINT('',(0.,0.));
#4321 = DIRECTION('',(1.,0.));
#4322 = ( GEOMETRIC_REPRESENTATION_CONTEXT(2) 
PARAMETRIC_REPRESENTATION_CONTEXT() REPRESENTATION_CONTEXT('2D SPACE',''
  ) );
#4323 = PCURVE('',#4206,#4324);
#4324 = DEFINITIONAL_REPRESENTATION('',(#4325),#4328);
#4325 = B_SPLINE_CURVE_WITH_KNOTS('',1,(#4326,#4327),.UNSPECIFIED.,.F.,
  .F.,(2,2),(6.262779976493,6.28318530718),.PIECEWISE_BEZIER_KNOTS.);
#4326 = CARTESIAN_POINT('',(3.14159265359,0.));
#4327 = CARTESIAN_POINT('',(6.28318530718,0.));
#4328 = ( GEOMETRIC_REPRESENTATION_CONTEXT(2) 
PARAMETRIC_REPRESENTATION_CONTEXT() REPRESENTATION_CONTEXT('2D SPACE',''
  ) );
#4329 = ADVANCED_FACE('',(#4330),#4137,.T.);
#4330 = FACE_BOUND('',#4331,.T.);
#4331 = EDGE_LOOP('',(#4332,#4333,#4355,#4381));
#4332 = ORIENTED_EDGE('',*,*,#4238,.T.);
#4333 = ORIENTED_EDGE('',*,*,#4334,.T.);
#4334 = EDGE_CURVE('',#4239,#4335,#4337,.T.);
#4335 = VERTEX_POINT('',#4336);
#4336 = CARTESIAN_POINT('',(-36.75,-0.75,99.));
#4337 = SURFACE_CURVE('',#4338,(#4341,#4348),.PCURVE_S1.);
#4338 = B_SPLINE_CURVE_WITH_KNOTS('',1,(#4339,#4340),.UNSPECIFIED.,.F.,
  .F.,(2,2),(0.,1.),.PIECEWISE_BEZIER_KNOTS.);
#4339 = CARTESIAN_POINT('',(-37.79213073791,-0.771267974243,0.));
#4340 = CARTESIAN_POINT('',(-36.75,-0.75,99.));
#4341 = PCURVE('',#4137,#4342);
#4342 = DEFINITIONAL_REPRESENTATION('',(#4343),#4347);
#4343 = LINE('',#4344,#4345);
#4344 = CARTESIAN_POINT('',(6.28318530718,0.));
#4345 = VECTOR('',#4346,1.);
#4346 = DIRECTION('',(0.,1.));
#4347 = ( GEOMETRIC_REPRESENTATION_CONTEXT(2) 
PARAMETRIC_REPRESENTATION_CONTEXT() REPRESENTATION_CONTEXT('2D SPACE',''
  ) );
#4348 = PCURVE('',#4278,#4349);
#4349 = DEFINITIONAL_REPRESENTATION('',(#4350),#4354);
#4350 = LINE('',#4351,#4352);
#4351 = CARTESIAN_POINT('',(-73.5,0.));
#4352 = VECTOR('',#4353,1.);
#4353 = DIRECTION('',(0.,1.));
#4354 = ( GEOMETRIC_REPRESENTATION_CONTEXT(2) 
PARAMETRIC_REPRESENTATION_CONTEXT() REPRESENTATION_CONTEXT('2D SPACE',''
  ) );
#4355 = ORIENTED_EDGE('',*,*,#4356,.T.);
#4356 = EDGE_CURVE('',#4335,#4123,#4357,.T.);
#4357 = SURFACE_CURVE('',#4358,(#4363,#4370),.PCURVE_S1.);
#4358 = CIRCLE('',#4359,0.75);
#4359 = AXIS2_PLACEMENT_3D('',#4360,#4361,#4362);
#4360 = CARTESIAN_POINT('',(-36.75,0.,99.));
#4361 = DIRECTION('',(0.,-0.,-1.));
#4362 = DIRECTION('',(0.,-1.,0.));
#4363 = PCURVE('',#4137,#4364);
#4364 = DEFINITIONAL_REPRESENTATION('',(#4365),#4369);
#4365 = LINE('',#4366,#4367);
#4366 = CARTESIAN_POINT('',(6.28318530718,1.));
#4367 = VECTOR('',#4368,1.);
#4368 = DIRECTION('',(-1.,0.));
#4369 = ( GEOMETRIC_REPRESENTATION_CONTEXT(2) 
PARAMETRIC_REPRESENTATION_CONTEXT() REPRESENTATION_CONTEXT('2D SPACE',''
  ) );
#4370 = PCURVE('',#4371,#4376);
#4371 = CYLINDRICAL_SURFACE('',#4372,0.75);
#4372 = AXIS2_PLACEMENT_3D('',#4373,#4374,#4375);
#4373 = CARTESIAN_POINT('',(-36.75,0.,99.));
#4374 = DIRECTION('',(0.,-0.,-1.));
#4375 = DIRECTION('',(0.,-1.,0.));
#4376 = DEFINITIONAL_REPRESENTATION('',(#4377),#4380);
#4377 = B_SPLINE_CURVE_WITH_KNOTS('',1,(#4378,#4379),.UNSPECIFIED.,.F.,
  .F.,(2,2),(0.,3.14159265359),.PIECEWISE_BEZIER_KNOTS.);
#4378 = CARTESIAN_POINT('',(0.,0.));
#4379 = CARTESIAN_POINT('',(3.14159265359,0.));
#4380 = ( GEOMETRIC_REPRESENTATION_CONTEXT(2) 
PARAMETRIC_REPRESENTATION_CONTEXT() REPRESENTATION_CONTEXT('2D SPACE',''
  ) );
#4381 = ORIENTED_EDGE('',*,*,#4122,.F.);
#4382 = ADVANCED_FACE('',(#4383),#4181,.T.);
#4383 = FACE_BOUND('',#4384,.T.);
#4384 = EDGE_LOOP('',(#4385,#4386,#4409,#4437));
#4385 = ORIENTED_EDGE('',*,*,#4165,.F.);
#4386 = ORIENTED_EDGE('',*,*,#4387,.T.);
#4387 = EDGE_CURVE('',#4123,#4388,#4390,.T.);
#4388 = VERTEX_POINT('',#4389);
#4389 = CARTESIAN_POINT('',(-36.75,0.75,108.5));
#4390 = SURFACE_CURVE('',#4391,(#4395,#4402),.PCURVE_S1.);
#4391 = LINE('',#4392,#4393);
#4392 = CARTESIAN_POINT('',(-36.75,0.75,99.));
#4393 = VECTOR('',#4394,1.);
#4394 = DIRECTION('',(0.,0.,1.));
#4395 = PCURVE('',#4181,#4396);
#4396 = DEFINITIONAL_REPRESENTATION('',(#4397),#4401);
#4397 = LINE('',#4398,#4399);
#4398 = CARTESIAN_POINT('',(0.,0.));
#4399 = VECTOR('',#4400,1.);
#4400 = DIRECTION('',(0.,-1.));
#4401 = ( GEOMETRIC_REPRESENTATION_CONTEXT(2) 
PARAMETRIC_REPRESENTATION_CONTEXT() REPRESENTATION_CONTEXT('2D SPACE',''
  ) );
#4402 = PCURVE('',#4371,#4403);
#4403 = DEFINITIONAL_REPRESENTATION('',(#4404),#4408);
#4404 = LINE('',#4405,#4406);
#4405 = CARTESIAN_POINT('',(3.14159265359,0.));
#4406 = VECTOR('',#4407,1.);
#4407 = DIRECTION('',(0.,-1.));
#4408 = ( GEOMETRIC_REPRESENTATION_CONTEXT(2) 
PARAMETRIC_REPRESENTATION_CONTEXT() REPRESENTATION_CONTEXT('2D SPACE',''
  ) );
#4409 = ORIENTED_EDGE('',*,*,#4410,.T.);
#4410 = EDGE_CURVE('',#4388,#4411,#4413,.T.);
#4411 = VERTEX_POINT('',#4412);
#4412 = CARTESIAN_POINT('',(36.75,0.75,108.5));
#4413 = SURFACE_CURVE('',#4414,(#4418,#4425),.PCURVE_S1.);
#4414 = LINE('',#4415,#4416);
#4415 = CARTESIAN_POINT('',(-36.75,0.75,108.5));
#4416 = VECTOR('',#4417,1.);
#4417 = DIRECTION('',(1.,0.,0.));
#4418 = PCURVE('',#4181,#4419);
#4419 = DEFINITIONAL_REPRESENTATION('',(#4420),#4424);
#4420 = LINE('',#4421,#4422);
#4421 = CARTESIAN_POINT('',(0.,-9.5));
#4422 = VECTOR('',#4423,1.);
#4423 = DIRECTION('',(1.,0.));
#4424 = ( GEOMETRIC_REPRESENTATION_CONTEXT(2) 
PARAMETRIC_REPRESENTATION_CONTEXT() REPRESENTATION_CONTEXT('2D SPACE',''
  ) );
#4425 = PCURVE('',#4426,#4431);
#4426 = PLANE('',#4427);
#4427 = AXIS2_PLACEMENT_3D('',#4428,#4429,#4430);
#4428 = CARTESIAN_POINT('',(-36.75,1.25,109.));
#4429 = DIRECTION('',(0.,-0.707106781187,0.707106781187));
#4430 = DIRECTION('',(1.,0.,0.));
#4431 = DEFINITIONAL_REPRESENTATION('',(#4432),#4436);
#4432 = LINE('',#4433,#4434);
#4433 = CARTESIAN_POINT('',(0.,-0.707106781187));
#4434 = VECTOR('',#4435,1.);
#4435 = DIRECTION('',(1.,0.));
#4436 = ( GEOMETRIC_REPRESENTATION_CONTEXT(2) 
PARAMETRIC_REPRESENTATION_CONTEXT() REPRESENTATION_CONTEXT('2D SPACE',''
  ) );
#4437 = ORIENTED_EDGE('',*,*,#4438,.F.);
#4438 = EDGE_CURVE('',#4166,#4411,#4439,.T.);
#4439 = SURFACE_CURVE('',#4440,(#4444,#4451),.PCURVE_S1.);
#4440 = LINE('',#4441,#4442);
#4441 = CARTESIAN_POINT('',(36.75,0.75,99.));
#4442 = VECTOR('',#4443,1.);
#4443 = DIRECTION('',(0.,0.,1.));
#4444 = PCURVE('',#4181,#4445);
#4445 = DEFINITIONAL_REPRESENTATION('',(#4446),#4450);
#4446 = LINE('',#4447,#4448);
#4447 = CARTESIAN_POINT('',(73.5,0.));
#4448 = VECTOR('',#4449,1.);
#4449 = DIRECTION('',(0.,-1.));
#4450 = ( GEOMETRIC_REPRESENTATION_CONTEXT(2) 
PARAMETRIC_REPRESENTATION_CONTEXT() REPRESENTATION_CONTEXT('2D SPACE',''
  ) );
#4451 = PCURVE('',#4452,#4457);
#4452 = CYLINDRICAL_SURFACE('',#4453,0.75);
#4453 = AXIS2_PLACEMENT_3D('',#4454,#4455,#4456);
#4454 = CARTESIAN_POINT('',(36.75,0.,99.));
#4455 = DIRECTION('',(0.,0.,-1.));
#4456 = DIRECTION('',(0.,1.,0.));
#4457 = DEFINITIONAL_REPRESENTATION('',(#4458),#4462);
#4458 = LINE('',#4459,#4460);
#4459 = CARTESIAN_POINT('',(0.,0.));
#4460 = VECTOR('',#4461,1.);
#4461 = DIRECTION('',(0.,-1.));
#4462 = ( GEOMETRIC_REPRESENTATION_CONTEXT(2) 
PARAMETRIC_REPRESENTATION_CONTEXT() REPRESENTATION_CONTEXT('2D SPACE',''
  ) );
#4463 = ADVANCED_FACE('',(#4464),#4206,.T.);
#4464 = FACE_BOUND('',#4465,.T.);
#4465 = EDGE_LOOP('',(#4466,#4467,#4468,#4491));
#4466 = ORIENTED_EDGE('',*,*,#4309,.T.);
#4467 = ORIENTED_EDGE('',*,*,#4193,.T.);
#4468 = ORIENTED_EDGE('',*,*,#4469,.T.);
#4469 = EDGE_CURVE('',#4166,#4470,#4472,.T.);
#4470 = VERTEX_POINT('',#4471);
#4471 = CARTESIAN_POINT('',(36.75,-0.75,99.));
#4472 = SURFACE_CURVE('',#4473,(#4478,#4485),.PCURVE_S1.);
#4473 = CIRCLE('',#4474,0.75);
#4474 = AXIS2_PLACEMENT_3D('',#4475,#4476,#4477);
#4475 = CARTESIAN_POINT('',(36.75,0.,99.));
#4476 = DIRECTION('',(0.,0.,-1.));
#4477 = DIRECTION('',(0.,1.,0.));
#4478 = PCURVE('',#4206,#4479);
#4479 = DEFINITIONAL_REPRESENTATION('',(#4480),#4484);
#4480 = LINE('',#4481,#4482);
#4481 = CARTESIAN_POINT('',(6.28318530718,1.));
#4482 = VECTOR('',#4483,1.);
#4483 = DIRECTION('',(-1.,0.));
#4484 = ( GEOMETRIC_REPRESENTATION_CONTEXT(2) 
PARAMETRIC_REPRESENTATION_CONTEXT() REPRESENTATION_CONTEXT('2D SPACE',''
  ) );
#4485 = PCURVE('',#4452,#4486);
#4486 = DEFINITIONAL_REPRESENTATION('',(#4487),#4490);
#4487 = B_SPLINE_CURVE_WITH_KNOTS('',1,(#4488,#4489),.UNSPECIFIED.,.F.,
  .F.,(2,2),(0.,3.14159265359),.PIECEWISE_BEZIER_KNOTS.);
#4488 = CARTESIAN_POINT('',(0.,0.));
#4489 = CARTESIAN_POINT('',(3.14159265359,0.));
#4490 = ( GEOMETRIC_REPRESENTATION_CONTEXT(2) 
PARAMETRIC_REPRESENTATION_CONTEXT() REPRESENTATION_CONTEXT('2D SPACE',''
  ) );
#4491 = ORIENTED_EDGE('',*,*,#4492,.F.);
#4492 = EDGE_CURVE('',#4262,#4470,#4493,.T.);
#4493 = SURFACE_CURVE('',#4494,(#4497,#4504),.PCURVE_S1.);
#4494 = B_SPLINE_CURVE_WITH_KNOTS('',1,(#4495,#4496),.UNSPECIFIED.,.F.,
  .F.,(2,2),(0.,1.),.PIECEWISE_BEZIER_KNOTS.);
#4495 = CARTESIAN_POINT('',(37.792130737918,-0.771267974243,0.));
#4496 = CARTESIAN_POINT('',(36.75,-0.75,99.));
#4497 = PCURVE('',#4206,#4498);
#4498 = DEFINITIONAL_REPRESENTATION('',(#4499),#4503);
#4499 = LINE('',#4500,#4501);
#4500 = CARTESIAN_POINT('',(3.14159265359,0.));
#4501 = VECTOR('',#4502,1.);
#4502 = DIRECTION('',(0.,1.));
#4503 = ( GEOMETRIC_REPRESENTATION_CONTEXT(2) 
PARAMETRIC_REPRESENTATION_CONTEXT() REPRESENTATION_CONTEXT('2D SPACE',''
  ) );
#4504 = PCURVE('',#4278,#4505);
#4505 = DEFINITIONAL_REPRESENTATION('',(#4506),#4510);
#4506 = LINE('',#4507,#4508);
#4507 = CARTESIAN_POINT('',(0.,0.));
#4508 = VECTOR('',#4509,1.);
#4509 = DIRECTION('',(0.,1.));
#4510 = ( GEOMETRIC_REPRESENTATION_CONTEXT(2) 
PARAMETRIC_REPRESENTATION_CONTEXT() REPRESENTATION_CONTEXT('2D SPACE',''
  ) );
#4511 = ADVANCED_FACE('',(#4512),#4278,.T.);
#4512 = FACE_BOUND('',#4513,.T.);
#4513 = EDGE_LOOP('',(#4514,#4515,#4516,#4542));
#4514 = ORIENTED_EDGE('',*,*,#4261,.T.);
#4515 = ORIENTED_EDGE('',*,*,#4492,.T.);
#4516 = ORIENTED_EDGE('',*,*,#4517,.T.);
#4517 = EDGE_CURVE('',#4470,#4335,#4518,.T.);
#4518 = SURFACE_CURVE('',#4519,(#4523,#4530),.PCURVE_S1.);
#4519 = LINE('',#4520,#4521);
#4520 = CARTESIAN_POINT('',(36.75,-0.75,99.));
#4521 = VECTOR('',#4522,1.);
#4522 = DIRECTION('',(-1.,0.,0.));
#4523 = PCURVE('',#4278,#4524);
#4524 = DEFINITIONAL_REPRESENTATION('',(#4525),#4529);
#4525 = LINE('',#4526,#4527);
#4526 = CARTESIAN_POINT('',(0.,1.));
#4527 = VECTOR('',#4528,1.);
#4528 = DIRECTION('',(-1.,0.));
#4529 = ( GEOMETRIC_REPRESENTATION_CONTEXT(2) 
PARAMETRIC_REPRESENTATION_CONTEXT() REPRESENTATION_CONTEXT('2D SPACE',''
  ) );
#4530 = PCURVE('',#4531,#4536);
#4531 = PLANE('',#4532);
#4532 = AXIS2_PLACEMENT_3D('',#4533,#4534,#4535);
#4533 = CARTESIAN_POINT('',(36.75,-0.75,99.));
#4534 = DIRECTION('',(0.,-1.,0.));
#4535 = DIRECTION('',(-1.,0.,0.));
#4536 = DEFINITIONAL_REPRESENTATION('',(#4537),#4541);
#4537 = LINE('',#4538,#4539);
#4538 = CARTESIAN_POINT('',(0.,-0.));
#4539 = VECTOR('',#4540,1.);
#4540 = DIRECTION('',(1.,0.));
#4541 = ( GEOMETRIC_REPRESENTATION_CONTEXT(2) 
PARAMETRIC_REPRESENTATION_CONTEXT() REPRESENTATION_CONTEXT('2D SPACE',''
  ) );
#4542 = ORIENTED_EDGE('',*,*,#4334,.F.);
#4543 = ADVANCED_FACE('',(#4544),#4371,.T.);
#4544 = FACE_BOUND('',#4545,.T.);
#4545 = EDGE_LOOP('',(#4546,#4547,#4570,#4597));
#4546 = ORIENTED_EDGE('',*,*,#4356,.F.);
#4547 = ORIENTED_EDGE('',*,*,#4548,.T.);
#4548 = EDGE_CURVE('',#4335,#4549,#4551,.T.);
#4549 = VERTEX_POINT('',#4550);
#4550 = CARTESIAN_POINT('',(-36.75,-0.75,108.5));
#4551 = SURFACE_CURVE('',#4552,(#4556,#4563),.PCURVE_S1.);
#4552 = LINE('',#4553,#4554);
#4553 = CARTESIAN_POINT('',(-36.75,-0.75,99.));
#4554 = VECTOR('',#4555,1.);
#4555 = DIRECTION('',(0.,0.,1.));
#4556 = PCURVE('',#4371,#4557);
#4557 = DEFINITIONAL_REPRESENTATION('',(#4558),#4562);
#4558 = LINE('',#4559,#4560);
#4559 = CARTESIAN_POINT('',(0.,0.));
#4560 = VECTOR('',#4561,1.);
#4561 = DIRECTION('',(0.,-1.));
#4562 = ( GEOMETRIC_REPRESENTATION_CONTEXT(2) 
PARAMETRIC_REPRESENTATION_CONTEXT() REPRESENTATION_CONTEXT('2D SPACE',''
  ) );
#4563 = PCURVE('',#4531,#4564);
#4564 = DEFINITIONAL_REPRESENTATION('',(#4565),#4569);
#4565 = LINE('',#4566,#4567);
#4566 = CARTESIAN_POINT('',(73.5,0.));
#4567 = VECTOR('',#4568,1.);
#4568 = DIRECTION('',(0.,-1.));
#4569 = ( GEOMETRIC_REPRESENTATION_CONTEXT(2) 
PARAMETRIC_REPRESENTATION_CONTEXT() REPRESENTATION_CONTEXT('2D SPACE',''
  ) );
#4570 = ORIENTED_EDGE('',*,*,#4571,.T.);
#4571 = EDGE_CURVE('',#4549,#4388,#4572,.T.);
#4572 = SURFACE_CURVE('',#4573,(#4578,#4585),.PCURVE_S1.);
#4573 = CIRCLE('',#4574,0.75);
#4574 = AXIS2_PLACEMENT_3D('',#4575,#4576,#4577);
#4575 = CARTESIAN_POINT('',(-36.75,0.,108.5));
#4576 = DIRECTION('',(0.,-0.,-1.));
#4577 = DIRECTION('',(0.,-1.,0.));
#4578 = PCURVE('',#4371,#4579);
#4579 = DEFINITIONAL_REPRESENTATION('',(#4580),#4584);
#4580 = LINE('',#4581,#4582);
#4581 = CARTESIAN_POINT('',(0.,-9.5));
#4582 = VECTOR('',#4583,1.);
#4583 = DIRECTION('',(1.,0.));
#4584 = ( GEOMETRIC_REPRESENTATION_CONTEXT(2) 
PARAMETRIC_REPRESENTATION_CONTEXT() REPRESENTATION_CONTEXT('2D SPACE',''
  ) );
#4585 = PCURVE('',#4586,#4591);
#4586 = CONICAL_SURFACE('',#4587,0.75,0.785398163397);
#4587 = AXIS2_PLACEMENT_3D('',#4588,#4589,#4590);
#4588 = CARTESIAN_POINT('',(-36.75,0.,108.5));
#4589 = DIRECTION('',(-0.,0.,1.));
#4590 = DIRECTION('',(0.,-1.,0.));
#4591 = DEFINITIONAL_REPRESENTATION('',(#4592),#4596);
#4592 = LINE('',#4593,#4594);
#4593 = CARTESIAN_POINT('',(6.28318530718,0.));
#4594 = VECTOR('',#4595,1.);
#4595 = DIRECTION('',(-1.,0.));
#4596 = ( GEOMETRIC_REPRESENTATION_CONTEXT(2) 
PARAMETRIC_REPRESENTATION_CONTEXT() REPRESENTATION_CONTEXT('2D SPACE',''
  ) );
#4597 = ORIENTED_EDGE('',*,*,#4387,.F.);
#4598 = ADVANCED_FACE('',(#4599),#4452,.T.);
#4599 = FACE_BOUND('',#4600,.T.);
#4600 = EDGE_LOOP('',(#4601,#4602,#4603,#4632));
#4601 = ORIENTED_EDGE('',*,*,#4469,.F.);
#4602 = ORIENTED_EDGE('',*,*,#4438,.T.);
#4603 = ORIENTED_EDGE('',*,*,#4604,.T.);
#4604 = EDGE_CURVE('',#4411,#4605,#4607,.T.);
#4605 = VERTEX_POINT('',#4606);
#4606 = CARTESIAN_POINT('',(36.75,-0.75,108.5));
#4607 = SURFACE_CURVE('',#4608,(#4613,#4620),.PCURVE_S1.);
#4608 = CIRCLE('',#4609,0.75);
#4609 = AXIS2_PLACEMENT_3D('',#4610,#4611,#4612);
#4610 = CARTESIAN_POINT('',(36.75,0.,108.5));
#4611 = DIRECTION('',(0.,0.,-1.));
#4612 = DIRECTION('',(0.,1.,0.));
#4613 = PCURVE('',#4452,#4614);
#4614 = DEFINITIONAL_REPRESENTATION('',(#4615),#4619);
#4615 = LINE('',#4616,#4617);
#4616 = CARTESIAN_POINT('',(0.,-9.5));
#4617 = VECTOR('',#4618,1.);
#4618 = DIRECTION('',(1.,0.));
#4619 = ( GEOMETRIC_REPRESENTATION_CONTEXT(2) 
PARAMETRIC_REPRESENTATION_CONTEXT() REPRESENTATION_CONTEXT('2D SPACE',''
  ) );
#4620 = PCURVE('',#4621,#4626);
#4621 = CONICAL_SURFACE('',#4622,0.75,0.785398163397);
#4622 = AXIS2_PLACEMENT_3D('',#4623,#4624,#4625);
#4623 = CARTESIAN_POINT('',(36.75,0.,108.5));
#4624 = DIRECTION('',(-0.,-0.,1.));
#4625 = DIRECTION('',(0.,1.,0.));
#4626 = DEFINITIONAL_REPRESENTATION('',(#4627),#4631);
#4627 = LINE('',#4628,#4629);
#4628 = CARTESIAN_POINT('',(6.28318530718,0.));
#4629 = VECTOR('',#4630,1.);
#4630 = DIRECTION('',(-1.,0.));
#4631 = ( GEOMETRIC_REPRESENTATION_CONTEXT(2) 
PARAMETRIC_REPRESENTATION_CONTEXT() REPRESENTATION_CONTEXT('2D SPACE',''
  ) );
#4632 = ORIENTED_EDGE('',*,*,#4633,.F.);
#4633 = EDGE_CURVE('',#4470,#4605,#4634,.T.);
#4634 = SURFACE_CURVE('',#4635,(#4639,#4646),.PCURVE_S1.);
#4635 = LINE('',#4636,#4637);
#4636 = CARTESIAN_POINT('',(36.75,-0.75,99.));
#4637 = VECTOR('',#4638,1.);
#4638 = DIRECTION('',(0.,0.,1.));
#4639 = PCURVE('',#4452,#4640);
#4640 = DEFINITIONAL_REPRESENTATION('',(#4641),#4645);
#4641 = LINE('',#4642,#4643);
#4642 = CARTESIAN_POINT('',(3.14159265359,0.));
#4643 = VECTOR('',#4644,1.);
#4644 = DIRECTION('',(0.,-1.));
#4645 = ( GEOMETRIC_REPRESENTATION_CONTEXT(2) 
PARAMETRIC_REPRESENTATION_CONTEXT() REPRESENTATION_CONTEXT('2D SPACE',''
  ) );
#4646 = PCURVE('',#4531,#4647);
#4647 = DEFINITIONAL_REPRESENTATION('',(#4648),#4652);
#4648 = LINE('',#4649,#4650);
#4649 = CARTESIAN_POINT('',(0.,-0.));
#4650 = VECTOR('',#4651,1.);
#4651 = DIRECTION('',(0.,-1.));
#4652 = ( GEOMETRIC_REPRESENTATION_CONTEXT(2) 
PARAMETRIC_REPRESENTATION_CONTEXT() REPRESENTATION_CONTEXT('2D SPACE',''
  ) );
#4653 = ADVANCED_FACE('',(#4654),#4426,.F.);
#4654 = FACE_BOUND('',#4655,.F.);
#4655 = EDGE_LOOP('',(#4656,#4657,#4677,#4705));
#4656 = ORIENTED_EDGE('',*,*,#4410,.T.);
#4657 = ORIENTED_EDGE('',*,*,#4658,.T.);
#4658 = EDGE_CURVE('',#4411,#4659,#4661,.T.);
#4659 = VERTEX_POINT('',#4660);
#4660 = CARTESIAN_POINT('',(36.75,1.25,109.));
#4661 = SURFACE_CURVE('',#4662,(#4665,#4671),.PCURVE_S1.);
#4662 = B_SPLINE_CURVE_WITH_KNOTS('',1,(#4663,#4664),.UNSPECIFIED.,.F.,
  .F.,(2,2),(0.,1.),.PIECEWISE_BEZIER_KNOTS.);
#4663 = CARTESIAN_POINT('',(36.75,0.75,108.5));
#4664 = CARTESIAN_POINT('',(36.75,1.25,109.));
#4665 = PCURVE('',#4426,#4666);
#4666 = DEFINITIONAL_REPRESENTATION('',(#4667),#4670);
#4667 = B_SPLINE_CURVE_WITH_KNOTS('',1,(#4668,#4669),.UNSPECIFIED.,.F.,
  .F.,(2,2),(0.,1.),.PIECEWISE_BEZIER_KNOTS.);
#4668 = CARTESIAN_POINT('',(73.5,-0.707106781187));
#4669 = CARTESIAN_POINT('',(73.5,0.));
#4670 = ( GEOMETRIC_REPRESENTATION_CONTEXT(2) 
PARAMETRIC_REPRESENTATION_CONTEXT() REPRESENTATION_CONTEXT('2D SPACE',''
  ) );
#4671 = PCURVE('',#4621,#4672);
#4672 = DEFINITIONAL_REPRESENTATION('',(#4673),#4676);
#4673 = B_SPLINE_CURVE_WITH_KNOTS('',1,(#4674,#4675),.UNSPECIFIED.,.F.,
  .F.,(2,2),(0.,1.),.PIECEWISE_BEZIER_KNOTS.);
#4674 = CARTESIAN_POINT('',(6.28318530718,0.));
#4675 = CARTESIAN_POINT('',(6.28318530718,0.5));
#4676 = ( GEOMETRIC_REPRESENTATION_CONTEXT(2) 
PARAMETRIC_REPRESENTATION_CONTEXT() REPRESENTATION_CONTEXT('2D SPACE',''
  ) );
#4677 = ORIENTED_EDGE('',*,*,#4678,.F.);
#4678 = EDGE_CURVE('',#4679,#4659,#4681,.T.);
#4679 = VERTEX_POINT('',#4680);
#4680 = CARTESIAN_POINT('',(-36.75,1.25,109.));
#4681 = SURFACE_CURVE('',#4682,(#4686,#4693),.PCURVE_S1.);
#4682 = LINE('',#4683,#4684);
#4683 = CARTESIAN_POINT('',(-36.75,1.25,109.));
#4684 = VECTOR('',#4685,1.);
#4685 = DIRECTION('',(1.,0.,0.));
#4686 = PCURVE('',#4426,#4687);
#4687 = DEFINITIONAL_REPRESENTATION('',(#4688),#4692);
#4688 = LINE('',#4689,#4690);
#4689 = CARTESIAN_POINT('',(0.,0.));
#4690 = VECTOR('',#4691,1.);
#4691 = DIRECTION('',(1.,0.));
#4692 = ( GEOMETRIC_REPRESENTATION_CONTEXT(2) 
PARAMETRIC_REPRESENTATION_CONTEXT() REPRESENTATION_CONTEXT('2D SPACE',''
  ) );
#4693 = PCURVE('',#4694,#4699);
#4694 = PLANE('',#4695);
#4695 = AXIS2_PLACEMENT_3D('',#4696,#4697,#4698);
#4696 = CARTESIAN_POINT('',(36.75,-1.110223024625E-16,109.));
#4697 = DIRECTION('',(0.,0.,-1.));
#4698 = DIRECTION('',(0.,1.,0.));
#4699 = DEFINITIONAL_REPRESENTATION('',(#4700),#4704);
#4700 = LINE('',#4701,#4702);
#4701 = CARTESIAN_POINT('',(1.25,-73.5));
#4702 = VECTOR('',#4703,1.);
#4703 = DIRECTION('',(0.,1.));
#4704 = ( GEOMETRIC_REPRESENTATION_CONTEXT(2) 
PARAMETRIC_REPRESENTATION_CONTEXT() REPRESENTATION_CONTEXT('2D SPACE',''
  ) );
#4705 = ORIENTED_EDGE('',*,*,#4706,.F.);
#4706 = EDGE_CURVE('',#4388,#4679,#4707,.T.);
#4707 = SURFACE_CURVE('',#4708,(#4711,#4717),.PCURVE_S1.);
#4708 = B_SPLINE_CURVE_WITH_KNOTS('',1,(#4709,#4710),.UNSPECIFIED.,.F.,
  .F.,(2,2),(0.,1.),.PIECEWISE_BEZIER_KNOTS.);
#4709 = CARTESIAN_POINT('',(-36.75,0.75,108.5));
#4710 = CARTESIAN_POINT('',(-36.75,1.25,109.));
#4711 = PCURVE('',#4426,#4712);
#4712 = DEFINITIONAL_REPRESENTATION('',(#4713),#4716);
#4713 = B_SPLINE_CURVE_WITH_KNOTS('',1,(#4714,#4715),.UNSPECIFIED.,.F.,
  .F.,(2,2),(0.,1.),.PIECEWISE_BEZIER_KNOTS.);
#4714 = CARTESIAN_POINT('',(0.,-0.707106781187));
#4715 = CARTESIAN_POINT('',(0.,0.));
#4716 = ( GEOMETRIC_REPRESENTATION_CONTEXT(2) 
PARAMETRIC_REPRESENTATION_CONTEXT() REPRESENTATION_CONTEXT('2D SPACE',''
  ) );
#4717 = PCURVE('',#4586,#4718);
#4718 = DEFINITIONAL_REPRESENTATION('',(#4719),#4722);
#4719 = B_SPLINE_CURVE_WITH_KNOTS('',1,(#4720,#4721),.UNSPECIFIED.,.F.,
  .F.,(2,2),(0.,1.),.PIECEWISE_BEZIER_KNOTS.);
#4720 = CARTESIAN_POINT('',(3.14159265359,0.));
#4721 = CARTESIAN_POINT('',(3.14159265359,0.5));
#4722 = ( GEOMETRIC_REPRESENTATION_CONTEXT(2) 
PARAMETRIC_REPRESENTATION_CONTEXT() REPRESENTATION_CONTEXT('2D SPACE',''
  ) );
#4723 = ADVANCED_FACE('',(#4724),#4531,.T.);
#4724 = FACE_BOUND('',#4725,.T.);
#4725 = EDGE_LOOP('',(#4726,#4727,#4728,#4754));
#4726 = ORIENTED_EDGE('',*,*,#4517,.F.);
#4727 = ORIENTED_EDGE('',*,*,#4633,.T.);
#4728 = ORIENTED_EDGE('',*,*,#4729,.T.);
#4729 = EDGE_CURVE('',#4605,#4549,#4730,.T.);
#4730 = SURFACE_CURVE('',#4731,(#4735,#4742),.PCURVE_S1.);
#4731 = LINE('',#4732,#4733);
#4732 = CARTESIAN_POINT('',(36.75,-0.75,108.5));
#4733 = VECTOR('',#4734,1.);
#4734 = DIRECTION('',(-1.,0.,0.));
#4735 = PCURVE('',#4531,#4736);
#4736 = DEFINITIONAL_REPRESENTATION('',(#4737),#4741);
#4737 = LINE('',#4738,#4739);
#4738 = CARTESIAN_POINT('',(0.,-9.5));
#4739 = VECTOR('',#4740,1.);
#4740 = DIRECTION('',(1.,0.));
#4741 = ( GEOMETRIC_REPRESENTATION_CONTEXT(2) 
PARAMETRIC_REPRESENTATION_CONTEXT() REPRESENTATION_CONTEXT('2D SPACE',''
  ) );
#4742 = PCURVE('',#4743,#4748);
#4743 = PLANE('',#4744);
#4744 = AXIS2_PLACEMENT_3D('',#4745,#4746,#4747);
#4745 = CARTESIAN_POINT('',(36.75,-1.25,109.));
#4746 = DIRECTION('',(0.,0.707106781187,0.707106781187));
#4747 = DIRECTION('',(-1.,0.,0.));
#4748 = DEFINITIONAL_REPRESENTATION('',(#4749),#4753);
#4749 = LINE('',#4750,#4751);
#4750 = CARTESIAN_POINT('',(0.,-0.707106781187));
#4751 = VECTOR('',#4752,1.);
#4752 = DIRECTION('',(1.,0.));
#4753 = ( GEOMETRIC_REPRESENTATION_CONTEXT(2) 
PARAMETRIC_REPRESENTATION_CONTEXT() REPRESENTATION_CONTEXT('2D SPACE',''
  ) );
#4754 = ORIENTED_EDGE('',*,*,#4548,.F.);
#4755 = ADVANCED_FACE('',(#4756),#4586,.T.);
#4756 = FACE_BOUND('',#4757,.T.);
#4757 = EDGE_LOOP('',(#4758,#4778,#4800,#4801));
#4758 = ORIENTED_EDGE('',*,*,#4759,.T.);
#4759 = EDGE_CURVE('',#4549,#4760,#4762,.T.);
#4760 = VERTEX_POINT('',#4761);
#4761 = CARTESIAN_POINT('',(-36.75,-1.25,109.));
#4762 = SURFACE_CURVE('',#4763,(#4766,#4772),.PCURVE_S1.);
#4763 = B_SPLINE_CURVE_WITH_KNOTS('',1,(#4764,#4765),.UNSPECIFIED.,.F.,
  .F.,(2,2),(0.,1.),.PIECEWISE_BEZIER_KNOTS.);
#4764 = CARTESIAN_POINT('',(-36.75,-0.75,108.5));
#4765 = CARTESIAN_POINT('',(-36.75,-1.25,109.));
#4766 = PCURVE('',#4586,#4767);
#4767 = DEFINITIONAL_REPRESENTATION('',(#4768),#4771);
#4768 = B_SPLINE_CURVE_WITH_KNOTS('',1,(#4769,#4770),.UNSPECIFIED.,.F.,
  .F.,(2,2),(0.,1.),.PIECEWISE_BEZIER_KNOTS.);
#4769 = CARTESIAN_POINT('',(6.28318530718,0.));
#4770 = CARTESIAN_POINT('',(6.28318530718,0.5));
#4771 = ( GEOMETRIC_REPRESENTATION_CONTEXT(2) 
PARAMETRIC_REPRESENTATION_CONTEXT() REPRESENTATION_CONTEXT('2D SPACE',''
  ) );
#4772 = PCURVE('',#4743,#4773);
#4773 = DEFINITIONAL_REPRESENTATION('',(#4774),#4777);
#4774 = B_SPLINE_CURVE_WITH_KNOTS('',1,(#4775,#4776),.UNSPECIFIED.,.F.,
  .F.,(2,2),(0.,1.),.PIECEWISE_BEZIER_KNOTS.);
#4775 = CARTESIAN_POINT('',(73.5,-0.707106781187));
#4776 = CARTESIAN_POINT('',(73.5,0.));
#4777 = ( GEOMETRIC_REPRESENTATION_CONTEXT(2) 
PARAMETRIC_REPRESENTATION_CONTEXT() REPRESENTATION_CONTEXT('2D SPACE',''
  ) );
#4778 = ORIENTED_EDGE('',*,*,#4779,.T.);
#4779 = EDGE_CURVE('',#4760,#4679,#4780,.T.);
#4780 = SURFACE_CURVE('',#4781,(#4786,#4793),.PCURVE_S1.);
#4781 = CIRCLE('',#4782,1.25);
#4782 = AXIS2_PLACEMENT_3D('',#4783,#4784,#4785);
#4783 = CARTESIAN_POINT('',(-36.75,1.110223024625E-16,109.));
#4784 = DIRECTION('',(0.,-0.,-1.));
#4785 = DIRECTION('',(0.,-1.,0.));
#4786 = PCURVE('',#4586,#4787);
#4787 = DEFINITIONAL_REPRESENTATION('',(#4788),#4792);
#4788 = LINE('',#4789,#4790);
#4789 = CARTESIAN_POINT('',(6.28318530718,0.5));
#4790 = VECTOR('',#4791,1.);
#4791 = DIRECTION('',(-1.,0.));
#4792 = ( GEOMETRIC_REPRESENTATION_CONTEXT(2) 
PARAMETRIC_REPRESENTATION_CONTEXT() REPRESENTATION_CONTEXT('2D SPACE',''
  ) );
#4793 = PCURVE('',#4694,#4794);
#4794 = DEFINITIONAL_REPRESENTATION('',(#4795),#4799);
#4795 = CIRCLE('',#4796,1.25);
#4796 = AXIS2_PLACEMENT_2D('',#4797,#4798);
#4797 = CARTESIAN_POINT('',(2.22044604925E-16,-73.5));
#4798 = DIRECTION('',(-1.,0.));
#4799 = ( GEOMETRIC_REPRESENTATION_CONTEXT(2) 
PARAMETRIC_REPRESENTATION_CONTEXT() REPRESENTATION_CONTEXT('2D SPACE',''
  ) );
#4800 = ORIENTED_EDGE('',*,*,#4706,.F.);
#4801 = ORIENTED_EDGE('',*,*,#4571,.F.);
#4802 = ADVANCED_FACE('',(#4803),#4621,.T.);
#4803 = FACE_BOUND('',#4804,.T.);
#4804 = EDGE_LOOP('',(#4805,#4806,#4830,#4848));
#4805 = ORIENTED_EDGE('',*,*,#4658,.T.);
#4806 = ORIENTED_EDGE('',*,*,#4807,.T.);
#4807 = EDGE_CURVE('',#4659,#4808,#4810,.T.);
#4808 = VERTEX_POINT('',#4809);
#4809 = CARTESIAN_POINT('',(36.75,-1.25,109.));
#4810 = SURFACE_CURVE('',#4811,(#4816,#4823),.PCURVE_S1.);
#4811 = CIRCLE('',#4812,1.25);
#4812 = AXIS2_PLACEMENT_3D('',#4813,#4814,#4815);
#4813 = CARTESIAN_POINT('',(36.75,-1.110223024625E-16,109.));
#4814 = DIRECTION('',(0.,0.,-1.));
#4815 = DIRECTION('',(0.,1.,0.));
#4816 = PCURVE('',#4621,#4817);
#4817 = DEFINITIONAL_REPRESENTATION('',(#4818),#4822);
#4818 = LINE('',#4819,#4820);
#4819 = CARTESIAN_POINT('',(6.28318530718,0.5));
#4820 = VECTOR('',#4821,1.);
#4821 = DIRECTION('',(-1.,0.));
#4822 = ( GEOMETRIC_REPRESENTATION_CONTEXT(2) 
PARAMETRIC_REPRESENTATION_CONTEXT() REPRESENTATION_CONTEXT('2D SPACE',''
  ) );
#4823 = PCURVE('',#4694,#4824);
#4824 = DEFINITIONAL_REPRESENTATION('',(#4825),#4829);
#4825 = CIRCLE('',#4826,1.25);
#4826 = AXIS2_PLACEMENT_2D('',#4827,#4828);
#4827 = CARTESIAN_POINT('',(0.,0.));
#4828 = DIRECTION('',(1.,0.));
#4829 = ( GEOMETRIC_REPRESENTATION_CONTEXT(2) 
PARAMETRIC_REPRESENTATION_CONTEXT() REPRESENTATION_CONTEXT('2D SPACE',''
  ) );
#4830 = ORIENTED_EDGE('',*,*,#4831,.F.);
#4831 = EDGE_CURVE('',#4605,#4808,#4832,.T.);
#4832 = SURFACE_CURVE('',#4833,(#4836,#4842),.PCURVE_S1.);
#4833 = B_SPLINE_CURVE_WITH_KNOTS('',1,(#4834,#4835),.UNSPECIFIED.,.F.,
  .F.,(2,2),(0.,1.),.PIECEWISE_BEZIER_KNOTS.);
#4834 = CARTESIAN_POINT('',(36.75,-0.75,108.5));
#4835 = CARTESIAN_POINT('',(36.75,-1.25,109.));
#4836 = PCURVE('',#4621,#4837);
#4837 = DEFINITIONAL_REPRESENTATION('',(#4838),#4841);
#4838 = B_SPLINE_CURVE_WITH_KNOTS('',1,(#4839,#4840),.UNSPECIFIED.,.F.,
  .F.,(2,2),(0.,1.),.PIECEWISE_BEZIER_KNOTS.);
#4839 = CARTESIAN_POINT('',(3.14159265359,0.));
#4840 = CARTESIAN_POINT('',(3.14159265359,0.5));
#4841 = ( GEOMETRIC_REPRESENTATION_CONTEXT(2) 
PARAMETRIC_REPRESENTATION_CONTEXT() REPRESENTATION_CONTEXT('2D SPACE',''
  ) );
#4842 = PCURVE('',#4743,#4843);
#4843 = DEFINITIONAL_REPRESENTATION('',(#4844),#4847);
#4844 = B_SPLINE_CURVE_WITH_KNOTS('',1,(#4845,#4846),.UNSPECIFIED.,.F.,
  .F.,(2,2),(0.,1.),.PIECEWISE_BEZIER_KNOTS.);
#4845 = CARTESIAN_POINT('',(0.,-0.707106781187));
#4846 = CARTESIAN_POINT('',(0.,0.));
#4847 = ( GEOMETRIC_REPRESENTATION_CONTEXT(2) 
PARAMETRIC_REPRESENTATION_CONTEXT() REPRESENTATION_CONTEXT('2D SPACE',''
  ) );
#4848 = ORIENTED_EDGE('',*,*,#4604,.F.);
#4849 = ADVANCED_FACE('',(#4850),#4694,.F.);
#4850 = FACE_BOUND('',#4851,.F.);
#4851 = EDGE_LOOP('',(#4852,#4853,#4854,#4875));
#4852 = ORIENTED_EDGE('',*,*,#4678,.T.);
#4853 = ORIENTED_EDGE('',*,*,#4807,.T.);
#4854 = ORIENTED_EDGE('',*,*,#4855,.T.);
#4855 = EDGE_CURVE('',#4808,#4760,#4856,.T.);
#4856 = SURFACE_CURVE('',#4857,(#4861,#4868),.PCURVE_S1.);
#4857 = LINE('',#4858,#4859);
#4858 = CARTESIAN_POINT('',(36.75,-1.25,109.));
#4859 = VECTOR('',#4860,1.);
#4860 = DIRECTION('',(-1.,0.,0.));
#4861 = PCURVE('',#4694,#4862);
#4862 = DEFINITIONAL_REPRESENTATION('',(#4863),#4867);
#4863 = LINE('',#4864,#4865);
#4864 = CARTESIAN_POINT('',(-1.25,0.));
#4865 = VECTOR('',#4866,1.);
#4866 = DIRECTION('',(0.,-1.));
#4867 = ( GEOMETRIC_REPRESENTATION_CONTEXT(2) 
PARAMETRIC_REPRESENTATION_CONTEXT() REPRESENTATION_CONTEXT('2D SPACE',''
  ) );
#4868 = PCURVE('',#4743,#4869);
#4869 = DEFINITIONAL_REPRESENTATION('',(#4870),#4874);
#4870 = LINE('',#4871,#4872);
#4871 = CARTESIAN_POINT('',(0.,0.));
#4872 = VECTOR('',#4873,1.);
#4873 = DIRECTION('',(1.,0.));
#4874 = ( GEOMETRIC_REPRESENTATION_CONTEXT(2) 
PARAMETRIC_REPRESENTATION_CONTEXT() REPRESENTATION_CONTEXT('2D SPACE',''
  ) );
#4875 = ORIENTED_EDGE('',*,*,#4779,.T.);
#4876 = ADVANCED_FACE('',(#4877),#4743,.F.);
#4877 = FACE_BOUND('',#4878,.F.);
#4878 = EDGE_LOOP('',(#4879,#4880,#4881,#4882));
#4879 = ORIENTED_EDGE('',*,*,#4729,.T.);
#4880 = ORIENTED_EDGE('',*,*,#4759,.T.);
#4881 = ORIENTED_EDGE('',*,*,#4855,.F.);
#4882 = ORIENTED_EDGE('',*,*,#4831,.F.);
#4883 = ( GEOMETRIC_REPRESENTATION_CONTEXT(3) 
GLOBAL_UNCERTAINTY_ASSIGNED_CONTEXT((#4887)) 
GLOBAL_UNIT_ASSIGNED_CONTEXT((#4884,#4885,#4886)) REPRESENTATION_CONTEXT
('Context #1','3D Context with UNIT and UNCERTAINTY') );
#4884 = ( LENGTH_UNIT() NAMED_UNIT(*) SI_UNIT(.MILLI.,.METRE.) );
#4885 = ( NAMED_UNIT(*) PLANE_ANGLE_UNIT() SI_UNIT($,.RADIAN.) );
#4886 = ( NAMED_UNIT(*) SI_UNIT($,.STERADIAN.) SOLID_ANGLE_UNIT() );
#4887 = UNCERTAINTY_MEASURE_WITH_UNIT(LENGTH_MEASURE(1.E-07),#4884,
  'distance_accuracy_value','confusion accuracy');
#4888 = CONTEXT_DEPENDENT_SHAPE_REPRESENTATION(#4889,#4891);
#4889 = ( REPRESENTATION_RELATIONSHIP('','',#4060,#10) 
REPRESENTATION_RELATIONSHIP_WITH_TRANSFORMATION(#4890) 
SHAPE_REPRESENTATION_RELATIONSHIP() );
#4890 = ITEM_DEFINED_TRANSFORMATION('','',#11,#23);
#4891 = PRODUCT_DEFINITION_SHAPE('Placement','Placement of an item',
  #4892);
#4892 = NEXT_ASSEMBLY_USAGE_OCCURRENCE('3','','',#5,#4055,$);
#4893 = PRODUCT_RELATED_PRODUCT_CATEGORY('part',$,(#4057));
#4894 = SHAPE_DEFINITION_REPRESENTATION(#4895,#4901);
#4895 = PRODUCT_DEFINITION_SHAPE('','',#4896);
#4896 = PRODUCT_DEFINITION('design','',#4897,#4900);
#4897 = PRODUCT_DEFINITION_FORMATION('','',#4898);
#4898 = PRODUCT('Open CASCADE STEP translator 7.9 4.4',
  'Open CASCADE STEP translator 7.9 4.4','',(#4899));
#4899 = PRODUCT_CONTEXT('',#2,'mechanical');
#4900 = PRODUCT_DEFINITION_CONTEXT('part definition',#2,'design');
#4901 = ADVANCED_BREP_SHAPE_REPRESENTATION('',(#11,#4902),#5000);
#4902 = MANIFOLD_SOLID_BREP('',#4903);
#4903 = CLOSED_SHELL('',(#4904,#4992,#4996));
#4904 = ADVANCED_FACE('',(#4905),#4918,.T.);
#4905 = FACE_BOUND('',#4906,.T.);
#4906 = EDGE_LOOP('',(#4907,#4941,#4964,#4991));
#4907 = ORIENTED_EDGE('',*,*,#4908,.T.);
#4908 = EDGE_CURVE('',#4909,#4909,#4911,.T.);
#4909 = VERTEX_POINT('',#4910);
#4910 = CARTESIAN_POINT('',(-40.61,0.,54.5));
#4911 = SURFACE_CURVE('',#4912,(#4917,#4929),.PCURVE_S1.);
#4912 = CIRCLE('',#4913,0.89);
#4913 = AXIS2_PLACEMENT_3D('',#4914,#4915,#4916);
#4914 = CARTESIAN_POINT('',(-41.5,0.,54.5));
#4915 = DIRECTION('',(0.,0.,1.));
#4916 = DIRECTION('',(1.,0.,-0.));
#4917 = PCURVE('',#4918,#4923);
#4918 = CYLINDRICAL_SURFACE('',#4919,0.89);
#4919 = AXIS2_PLACEMENT_3D('',#4920,#4921,#4922);
#4920 = CARTESIAN_POINT('',(-41.5,0.,54.5));
#4921 = DIRECTION('',(-0.,-0.,-1.));
#4922 = DIRECTION('',(1.,0.,0.));
#4923 = DEFINITIONAL_REPRESENTATION('',(#4924),#4928);
#4924 = LINE('',#4925,#4926);
#4925 = CARTESIAN_POINT('',(6.28318530718,0.));
#4926 = VECTOR('',#4927,1.);
#4927 = DIRECTION('',(-1.,0.));
#4928 = ( GEOMETRIC_REPRESENTATION_CONTEXT(2) 
PARAMETRIC_REPRESENTATION_CONTEXT() REPRESENTATION_CONTEXT('2D SPACE',''
  ) );
#4929 = PCURVE('',#4930,#4935);
#4930 = PLANE('',#4931);
#4931 = AXIS2_PLACEMENT_3D('',#4932,#4933,#4934);
#4932 = CARTESIAN_POINT('',(-41.5,1.168286122289E-17,54.5));
#4933 = DIRECTION('',(0.,0.,1.));
#4934 = DIRECTION('',(1.,0.,-0.));
#4935 = DEFINITIONAL_REPRESENTATION('',(#4936),#4940);
#4936 = CIRCLE('',#4937,0.89);
#4937 = AXIS2_PLACEMENT_2D('',#4938,#4939);
#4938 = CARTESIAN_POINT('',(0.,-1.168286122289E-17));
#4939 = DIRECTION('',(1.,0.));
#4940 = ( GEOMETRIC_REPRESENTATION_CONTEXT(2) 
PARAMETRIC_REPRESENTATION_CONTEXT() REPRESENTATION_CONTEXT('2D SPACE',''
  ) );
#4941 = ORIENTED_EDGE('',*,*,#4942,.T.);
#4942 = EDGE_CURVE('',#4909,#4943,#4945,.T.);
#4943 = VERTEX_POINT('',#4944);
#4944 = CARTESIAN_POINT('',(-40.61,0.,64.5));
#4945 = SEAM_CURVE('',#4946,(#4950,#4957),.PCURVE_S1.);
#4946 = LINE('',#4947,#4948);
#4947 = CARTESIAN_POINT('',(-40.61,0.,54.5));
#4948 = VECTOR('',#4949,1.);
#4949 = DIRECTION('',(0.,0.,1.));
#4950 = PCURVE('',#4918,#4951);
#4951 = DEFINITIONAL_REPRESENTATION('',(#4952),#4956);
#4952 = LINE('',#4953,#4954);
#4953 = CARTESIAN_POINT('',(-4.138911435803E-13,0.));
#4954 = VECTOR('',#4955,1.);
#4955 = DIRECTION('',(-0.,-1.));
#4956 = ( GEOMETRIC_REPRESENTATION_CONTEXT(2) 
PARAMETRIC_REPRESENTATION_CONTEXT() REPRESENTATION_CONTEXT('2D SPACE',''
  ) );
#4957 = PCURVE('',#4918,#4958);
#4958 = DEFINITIONAL_REPRESENTATION('',(#4959),#4963);
#4959 = LINE('',#4960,#4961);
#4960 = CARTESIAN_POINT('',(6.28318530718,0.));
#4961 = VECTOR('',#4962,1.);
#4962 = DIRECTION('',(-0.,-1.));
#4963 = ( GEOMETRIC_REPRESENTATION_CONTEXT(2) 
PARAMETRIC_REPRESENTATION_CONTEXT() REPRESENTATION_CONTEXT('2D SPACE',''
  ) );
#4964 = ORIENTED_EDGE('',*,*,#4965,.F.);
#4965 = EDGE_CURVE('',#4943,#4943,#4966,.T.);
#4966 = SURFACE_CURVE('',#4967,(#4972,#4979),.PCURVE_S1.);
#4967 = CIRCLE('',#4968,0.89);
#4968 = AXIS2_PLACEMENT_3D('',#4969,#4970,#4971);
#4969 = CARTESIAN_POINT('',(-41.5,0.,64.5));
#4970 = DIRECTION('',(0.,0.,1.));
#4971 = DIRECTION('',(1.,0.,-0.));
#4972 = PCURVE('',#4918,#4973);
#4973 = DEFINITIONAL_REPRESENTATION('',(#4974),#4978);
#4974 = LINE('',#4975,#4976);
#4975 = CARTESIAN_POINT('',(6.28318530718,-10.));
#4976 = VECTOR('',#4977,1.);
#4977 = DIRECTION('',(-1.,0.));
#4978 = ( GEOMETRIC_REPRESENTATION_CONTEXT(2) 
PARAMETRIC_REPRESENTATION_CONTEXT() REPRESENTATION_CONTEXT('2D SPACE',''
  ) );
#4979 = PCURVE('',#4980,#4985);
#4980 = PLANE('',#4981);
#4981 = AXIS2_PLACEMENT_3D('',#4982,#4983,#4984);
#4982 = CARTESIAN_POINT('',(-41.5,1.168286122289E-17,64.5));
#4983 = DIRECTION('',(0.,0.,1.));
#4984 = DIRECTION('',(1.,0.,-0.));
#4985 = DEFINITIONAL_REPRESENTATION('',(#4986),#4990);
#4986 = CIRCLE('',#4987,0.89);
#4987 = AXIS2_PLACEMENT_2D('',#4988,#4989);
#4988 = CARTESIAN_POINT('',(0.,-1.168286122289E-17));
#4989 = DIRECTION('',(1.,0.));
#4990 = ( GEOMETRIC_REPRESENTATION_CONTEXT(2) 
PARAMETRIC_REPRESENTATION_CONTEXT() REPRESENTATION_CONTEXT('2D SPACE',''
  ) );
#4991 = ORIENTED_EDGE('',*,*,#4942,.F.);
#4992 = ADVANCED_FACE('',(#4993),#4930,.F.);
#4993 = FACE_BOUND('',#4994,.F.);
#4994 = EDGE_LOOP('',(#4995));
#4995 = ORIENTED_EDGE('',*,*,#4908,.T.);
#4996 = ADVANCED_FACE('',(#4997),#4980,.T.);
#4997 = FACE_BOUND('',#4998,.T.);
#4998 = EDGE_LOOP('',(#4999));
#4999 = ORIENTED_EDGE('',*,*,#4965,.T.);
#5000 = ( GEOMETRIC_REPRESENTATION_CONTEXT(3) 
GLOBAL_UNCERTAINTY_ASSIGNED_CONTEXT((#5004)) 
GLOBAL_UNIT_ASSIGNED_CONTEXT((#5001,#5002,#5003)) REPRESENTATION_CONTEXT
('Context #1','3D Context with UNIT and UNCERTAINTY') );
#5001 = ( LENGTH_UNIT() NAMED_UNIT(*) SI_UNIT(.MILLI.,.METRE.) );
#5002 = ( NAMED_UNIT(*) PLANE_ANGLE_UNIT() SI_UNIT($,.RADIAN.) );
#5003 = ( NAMED_UNIT(*) SI_UNIT($,.STERADIAN.) SOLID_ANGLE_UNIT() );
#5004 = UNCERTAINTY_MEASURE_WITH_UNIT(LENGTH_MEASURE(1.E-07),#5001,
  'distance_accuracy_value','confusion accuracy');
#5005 = CONTEXT_DEPENDENT_SHAPE_REPRESENTATION(#5006,#5008);
#5006 = ( REPRESENTATION_RELATIONSHIP('','',#4901,#10) 
REPRESENTATION_RELATIONSHIP_WITH_TRANSFORMATION(#5007) 
SHAPE_REPRESENTATION_RELATIONSHIP() );
#5007 = ITEM_DEFINED_TRANSFORMATION('','',#11,#27);
#5008 = PRODUCT_DEFINITION_SHAPE('Placement','Placement of an item',
  #5009);
#5009 = NEXT_ASSEMBLY_USAGE_OCCURRENCE('4','','',#5,#4896,$);
#5010 = PRODUCT_RELATED_PRODUCT_CATEGORY('part',$,(#4898));
#5011 = SHAPE_DEFINITION_REPRESENTATION(#5012,#5018);
#5012 = PRODUCT_DEFINITION_SHAPE('','',#5013);
#5013 = PRODUCT_DEFINITION('design','',#5014,#5017);
#5014 = PRODUCT_DEFINITION_FORMATION('','',#5015);
#5015 = PRODUCT('Open CASCADE STEP translator 7.9 4.5',
  'Open CASCADE STEP translator 7.9 4.5','',(#5016));
#5016 = PRODUCT_CONTEXT('',#2,'mechanical');
#5017 = PRODUCT_DEFINITION_CONTEXT('part definition',#2,'design');
#5018 = ADVANCED_BREP_SHAPE_REPRESENTATION('',(#11,#5019),#5117);
#5019 = MANIFOLD_SOLID_BREP('',#5020);
#5020 = CLOSED_SHELL('',(#5021,#5109,#5113));
#5021 = ADVANCED_FACE('',(#5022),#5035,.T.);
#5022 = FACE_BOUND('',#5023,.T.);
#5023 = EDGE_LOOP('',(#5024,#5058,#5081,#5108));
#5024 = ORIENTED_EDGE('',*,*,#5025,.T.);
#5025 = EDGE_CURVE('',#5026,#5026,#5028,.T.);
#5026 = VERTEX_POINT('',#5027);
#5027 = CARTESIAN_POINT('',(42.39,0.,54.5));
#5028 = SURFACE_CURVE('',#5029,(#5034,#5046),.PCURVE_S1.);
#5029 = CIRCLE('',#5030,0.89);
#5030 = AXIS2_PLACEMENT_3D('',#5031,#5032,#5033);
#5031 = CARTESIAN_POINT('',(41.5,0.,54.5));
#5032 = DIRECTION('',(0.,0.,1.));
#5033 = DIRECTION('',(1.,0.,-0.));
#5034 = PCURVE('',#5035,#5040);
#5035 = CYLINDRICAL_SURFACE('',#5036,0.89);
#5036 = AXIS2_PLACEMENT_3D('',#5037,#5038,#5039);
#5037 = CARTESIAN_POINT('',(41.5,0.,54.5));
#5038 = DIRECTION('',(-0.,-0.,-1.));
#5039 = DIRECTION('',(1.,0.,0.));
#5040 = DEFINITIONAL_REPRESENTATION('',(#5041),#5045);
#5041 = LINE('',#5042,#5043);
#5042 = CARTESIAN_POINT('',(6.28318530718,0.));
#5043 = VECTOR('',#5044,1.);
#5044 = DIRECTION('',(-1.,0.));
#5045 = ( GEOMETRIC_REPRESENTATION_CONTEXT(2) 
PARAMETRIC_REPRESENTATION_CONTEXT() REPRESENTATION_CONTEXT('2D SPACE',''
  ) );
#5046 = PCURVE('',#5047,#5052);
#5047 = PLANE('',#5048);
#5048 = AXIS2_PLACEMENT_3D('',#5049,#5050,#5051);
#5049 = CARTESIAN_POINT('',(41.5,1.168286122289E-17,54.5));
#5050 = DIRECTION('',(0.,0.,1.));
#5051 = DIRECTION('',(1.,0.,-0.));
#5052 = DEFINITIONAL_REPRESENTATION('',(#5053),#5057);
#5053 = CIRCLE('',#5054,0.89);
#5054 = AXIS2_PLACEMENT_2D('',#5055,#5056);
#5055 = CARTESIAN_POINT('',(0.,-1.168286122289E-17));
#5056 = DIRECTION('',(1.,0.));
#5057 = ( GEOMETRIC_REPRESENTATION_CONTEXT(2) 
PARAMETRIC_REPRESENTATION_CONTEXT() REPRESENTATION_CONTEXT('2D SPACE',''
  ) );
#5058 = ORIENTED_EDGE('',*,*,#5059,.T.);
#5059 = EDGE_CURVE('',#5026,#5060,#5062,.T.);
#5060 = VERTEX_POINT('',#5061);
#5061 = CARTESIAN_POINT('',(42.39,0.,64.5));
#5062 = SEAM_CURVE('',#5063,(#5067,#5074),.PCURVE_S1.);
#5063 = LINE('',#5064,#5065);
#5064 = CARTESIAN_POINT('',(42.39,0.,54.5));
#5065 = VECTOR('',#5066,1.);
#5066 = DIRECTION('',(0.,0.,1.));
#5067 = PCURVE('',#5035,#5068);
#5068 = DEFINITIONAL_REPRESENTATION('',(#5069),#5073);
#5069 = LINE('',#5070,#5071);
#5070 = CARTESIAN_POINT('',(-4.138911435803E-13,0.));
#5071 = VECTOR('',#5072,1.);
#5072 = DIRECTION('',(-0.,-1.));
#5073 = ( GEOMETRIC_REPRESENTATION_CONTEXT(2) 
PARAMETRIC_REPRESENTATION_CONTEXT() REPRESENTATION_CONTEXT('2D SPACE',''
  ) );
#5074 = PCURVE('',#5035,#5075);
#5075 = DEFINITIONAL_REPRESENTATION('',(#5076),#5080);
#5076 = LINE('',#5077,#5078);
#5077 = CARTESIAN_POINT('',(6.28318530718,0.));
#5078 = VECTOR('',#5079,1.);
#5079 = DIRECTION('',(-0.,-1.));
#5080 = ( GEOMETRIC_REPRESENTATION_CONTEXT(2) 
PARAMETRIC_REPRESENTATION_CONTEXT() REPRESENTATION_CONTEXT('2D SPACE',''
  ) );
#5081 = ORIENTED_EDGE('',*,*,#5082,.F.);
#5082 = EDGE_CURVE('',#5060,#5060,#5083,.T.);
#5083 = SURFACE_CURVE('',#5084,(#5089,#5096),.PCURVE_S1.);
#5084 = CIRCLE('',#5085,0.89);
#5085 = AXIS2_PLACEMENT_3D('',#5086,#5087,#5088);
#5086 = CARTESIAN_POINT('',(41.5,0.,64.5));
#5087 = DIRECTION('',(0.,0.,1.));
#5088 = DIRECTION('',(1.,0.,-0.));
#5089 = PCURVE('',#5035,#5090);
#5090 = DEFINITIONAL_REPRESENTATION('',(#5091),#5095);
#5091 = LINE('',#5092,#5093);
#5092 = CARTESIAN_POINT('',(6.28318530718,-10.));
#5093 = VECTOR('',#5094,1.);
#5094 = DIRECTION('',(-1.,0.));
#5095 = ( GEOMETRIC_REPRESENTATION_CONTEXT(2) 
PARAMETRIC_REPRESENTATION_CONTEXT() REPRESENTATION_CONTEXT('2D SPACE',''
  ) );
#5096 = PCURVE('',#5097,#5102);
#5097 = PLANE('',#5098);
#5098 = AXIS2_PLACEMENT_3D('',#5099,#5100,#5101);
#5099 = CARTESIAN_POINT('',(41.5,1.168286122289E-17,64.5));
#5100 = DIRECTION('',(0.,0.,1.));
#5101 = DIRECTION('',(1.,0.,-0.));
#5102 = DEFINITIONAL_REPRESENTATION('',(#5103),#5107);
#5103 = CIRCLE('',#5104,0.89);
#5104 = AXIS2_PLACEMENT_2D('',#5105,#5106);
#5105 = CARTESIAN_POINT('',(0.,-1.168286122289E-17));
#5106 = DIRECTION('',(1.,0.));
#5107 = ( GEOMETRIC_REPRESENTATION_CONTEXT(2) 
PARAMETRIC_REPRESENTATION_CONTEXT() REPRESENTATION_CONTEXT('2D SPACE',''
  ) );
#5108 = ORIENTED_EDGE('',*,*,#5059,.F.);
#5109 = ADVANCED_FACE('',(#5110),#5047,.F.);
#5110 = FACE_BOUND('',#5111,.F.);
#5111 = EDGE_LOOP('',(#5112));
#5112 = ORIENTED_EDGE('',*,*,#5025,.T.);
#5113 = ADVANCED_FACE('',(#5114),#5097,.T.);
#5114 = FACE_BOUND('',#5115,.T.);
#5115 = EDGE_LOOP('',(#5116));
#5116 = ORIENTED_EDGE('',*,*,#5082,.T.);
#5117 = ( GEOMETRIC_REPRESENTATION_CONTEXT(3) 
GLOBAL_UNCERTAINTY_ASSIGNED_CONTEXT((#5121)) 
GLOBAL_UNIT_ASSIGNED_CONTEXT((#5118,#5119,#5120)) REPRESENTATION_CONTEXT
('Context #1','3D Context with UNIT and UNCERTAINTY') );
#5118 = ( LENGTH_UNIT() NAMED_UNIT(*) SI_UNIT(.MILLI.,.METRE.) );
#5119 = ( NAMED_UNIT(*) PLANE_ANGLE_UNIT() SI_UNIT($,.RADIAN.) );
#5120 = ( NAMED_UNIT(*) SI_UNIT($,.STERADIAN.) SOLID_ANGLE_UNIT() );
#5121 = UNCERTAINTY_MEASURE_WITH_UNIT(LENGTH_MEASURE(1.E-07),#5118,
  'distance_accuracy_value','confusion accuracy');
#5122 = CONTEXT_DEPENDENT_SHAPE_REPRESENTATION(#5123,#5125);
#5123 = ( REPRESENTATION_RELATIONSHIP('','',#5018,#10) 
REPRESENTATION_RELATIONSHIP_WITH_TRANSFORMATION(#5124) 
SHAPE_REPRESENTATION_RELATIONSHIP() );
#5124 = ITEM_DEFINED_TRANSFORMATION('','',#11,#31);
#5125 = PRODUCT_DEFINITION_SHAPE('Placement','Placement of an item',
  #5126);
#5126 = NEXT_ASSEMBLY_USAGE_OCCURRENCE('5','','',#5,#5013,$);
#5127 = PRODUCT_RELATED_PRODUCT_CATEGORY('part',$,(#5015));
ENDSEC;
END-ISO-10303-21;
