ISO-10303-21;
HEADER;
FILE_DESCRIPTION(('Open CASCADE Model'),'2;1');
FILE_NAME('Open CASCADE Shape Model','2026-09-12T02:01:24',('Author'),(
    'Open CASCADE'),'Open CASCADE STEP processor 7.9','Open CASCADE 7.9'
  ,'Unknown');
FILE_SCHEMA(('AUTOMOTIVE_DESIGN { 1 0 10303 214 1 1 1 1 }'));
ENDSEC;
DATA;
#1 = APPLICATION_PROTOCOL_DEFINITION('international standard',
  'automotive_design',2000,#2);
#2 = APPLICATION_CONTEXT(
  'core data for automotive mechanical design processes');
#3 = SHAPE_DEFINITION_REPRESENTATION(#4,#10);
#4 = PRODUCT_DEFINITION_SHAPE('','',#5);
#5 = PRODUCT_DEFINITION('design','',#6,#9);
#6 = PRODUCT_DEFINITION_FORMATION('','',#7);
#7 = PRODUCT('Open CASCADE STEP translator 7.9 6',
  'Open CASCADE STEP translator 7.9 6','',(#8));
#8 = PRODUCT_CONTEXT('',#2,'mechanical');
#9 = PRODUCT_DEFINITION_CONTEXT('part definition',#2,'design');
#10 = ADVANCED_BREP_SHAPE_REPRESENTATION('',(#11,#15),#2241);
#11 = AXIS2_PLACEMENT_3D('',#12,#13,#14);
#12 = CARTESIAN_POINT('',(0.,0.,0.));
#13 = DIRECTION('',(0.,0.,1.));
#14 = DIRECTION('',(1.,0.,-0.));
#15 = MANIFOLD_SOLID_BREP('',#16);
#16 = CLOSED_SHELL('',(#17,#301,#591,#623,#785,#1044,#1287,#1391,#1502,
    #1822,#1901,#1926,#1953,#1978,#2011,#2043,#2114,#2180,#2207,#2234));
#17 = ADVANCED_FACE('',(#18),#33,.F.);
#18 = FACE_BOUND('',#19,.F.);
#19 = EDGE_LOOP('',(#20,#71,#119,#167,#211,#255));
#20 = ORIENTED_EDGE('',*,*,#21,.T.);
#21 = EDGE_CURVE('',#22,#24,#26,.T.);
#22 = VERTEX_POINT('',#23);
#23 = CARTESIAN_POINT('',(37.792130737918,-0.771267974243,0.));
#24 = VERTEX_POINT('',#25);
#25 = CARTESIAN_POINT('',(37.8,0.,0.));
#26 = SURFACE_CURVE('',#27,(#32,#44),.PCURVE_S1.);
#27 = CIRCLE('',#28,37.8);
#28 = AXIS2_PLACEMENT_3D('',#29,#30,#31);
#29 = CARTESIAN_POINT('',(0.,0.,0.));
#30 = DIRECTION('',(0.,0.,1.));
#31 = DIRECTION('',(1.,0.,0.));
#32 = PCURVE('',#33,#38);
#33 = PLANE('',#34);
#34 = AXIS2_PLACEMENT_3D('',#35,#36,#37);
#35 = CARTESIAN_POINT('',(-1.882068139409E-15,-1.61343992693E-17,0.));
#36 = DIRECTION('',(0.,0.,1.));
#37 = DIRECTION('',(1.,0.,0.));
#38 = DEFINITIONAL_REPRESENTATION('',(#39),#43);
#39 = CIRCLE('',#40,37.8);
#40 = AXIS2_PLACEMENT_2D('',#41,#42);
#41 = CARTESIAN_POINT('',(1.882068139409E-15,1.61343992693E-17));
#42 = DIRECTION('',(1.,0.));
#43 = ( GEOMETRIC_REPRESENTATION_CONTEXT(2) 
PARAMETRIC_REPRESENTATION_CONTEXT() REPRESENTATION_CONTEXT('2D SPACE',''
  ) );
#44 = PCURVE('',#45,#66);
#45 = B_SPLINE_SURFACE_WITH_KNOTS('',9,1,(
    (#46,#47)
    ,(#48,#49)
    ,(#50,#51)
    ,(#52,#53)
    ,(#54,#55)
    ,(#56,#57)
    ,(#58,#59)
    ,(#60,#61)
    ,(#62,#63)
    ,(#64,#65
    )),.UNSPECIFIED.,.F.,.F.,.F.,(10,10),(2,2),(3.14159265359,
    6.28318530718),(0.,1.),.PIECEWISE_BEZIER_KNOTS.);
#46 = CARTESIAN_POINT('',(37.792130737918,-0.771267974243,0.));
#47 = CARTESIAN_POINT('',(36.75,-0.75,99.));
#48 = CARTESIAN_POINT('',(37.793879402147,-0.685583427015,0.));
#49 = CARTESIAN_POINT('',(37.011799387799,-0.75,99.));
#50 = CARTESIAN_POINT('',(37.795409506102,-0.599894419434,0.));
#51 = CARTESIAN_POINT('',(37.273601492499,-0.647191900061,
    98.999999999999));
#52 = CARTESIAN_POINT('',(37.796721043281,-0.514201588687,0.));
#53 = CARTESIAN_POINT('',(37.48924283384,-0.44157278914,99.000000000004)
  );
#54 = CARTESIAN_POINT('',(37.797814007183,-0.428505571955,0.));
#55 = CARTESIAN_POINT('',(37.612680472816,-0.157317457926,
    98.999999999993));
#56 = CARTESIAN_POINT('',(37.798688391308,-0.342807006425,0.));
#57 = CARTESIAN_POINT('',(37.612680472822,0.157317457926,99.000000000007
    ));
#58 = CARTESIAN_POINT('',(37.799344189153,-0.25710652928,0.));
#59 = CARTESIAN_POINT('',(37.489242833835,0.44157278914,98.999999999994)
  );
#60 = CARTESIAN_POINT('',(37.799781394217,-0.171404777705,0.));
#61 = CARTESIAN_POINT('',(37.2736014925,0.647191900061,99.000000000003)
  );
#62 = CARTESIAN_POINT('',(37.8,-8.570238888347E-02,0.));
#63 = CARTESIAN_POINT('',(37.011799387799,0.75,98.999999999999));
#64 = CARTESIAN_POINT('',(37.8,-9.27036225562E-15,0.));
#65 = CARTESIAN_POINT('',(36.75,0.75,99.));
#66 = DEFINITIONAL_REPRESENTATION('',(#67),#70);
#67 = B_SPLINE_CURVE_WITH_KNOTS('',1,(#68,#69),.UNSPECIFIED.,.F.,.F.,(2,
    2),(6.262779976493,6.28318530718),.PIECEWISE_BEZIER_KNOTS.);
#68 = CARTESIAN_POINT('',(3.14159265359,0.));
#69 = CARTESIAN_POINT('',(6.28318530718,0.));
#70 = ( GEOMETRIC_REPRESENTATION_CONTEXT(2) 
PARAMETRIC_REPRESENTATION_CONTEXT() REPRESENTATION_CONTEXT('2D SPACE',''
  ) );
#71 = ORIENTED_EDGE('',*,*,#72,.T.);
#72 = EDGE_CURVE('',#24,#73,#75,.T.);
#73 = VERTEX_POINT('',#74);
#74 = CARTESIAN_POINT('',(37.799999863132,3.216713912751E-03,0.));
#75 = SURFACE_CURVE('',#76,(#81,#88),.PCURVE_S1.);
#76 = CIRCLE('',#77,37.8);
#77 = AXIS2_PLACEMENT_3D('',#78,#79,#80);
#78 = CARTESIAN_POINT('',(0.,0.,0.));
#79 = DIRECTION('',(0.,0.,1.));
#80 = DIRECTION('',(1.,0.,0.));
#81 = PCURVE('',#33,#82);
#82 = DEFINITIONAL_REPRESENTATION('',(#83),#87);
#83 = CIRCLE('',#84,37.8);
#84 = AXIS2_PLACEMENT_2D('',#85,#86);
#85 = CARTESIAN_POINT('',(1.882068139409E-15,1.61343992693E-17));
#86 = DIRECTION('',(1.,0.));
#87 = ( GEOMETRIC_REPRESENTATION_CONTEXT(2) 
PARAMETRIC_REPRESENTATION_CONTEXT() REPRESENTATION_CONTEXT('2D SPACE',''
  ) );
#88 = PCURVE('',#89,#114);
#89 = B_SPLINE_SURFACE_WITH_KNOTS('',11,1,(
    (#90,#91)
    ,(#92,#93)
    ,(#94,#95)
    ,(#96,#97)
    ,(#98,#99)
    ,(#100,#101)
    ,(#102,#103)
    ,(#104,#105)
    ,(#106,#107)
    ,(#108,#109)
    ,(#110,#111)
    ,(#112,#113
    )),.UNSPECIFIED.,.F.,.F.,.F.,(12,12),(2,2),(-73.5,0.),(0.,1.),
  .PIECEWISE_BEZIER_KNOTS.);
#90 = CARTESIAN_POINT('',(37.8,-7.105427357601E-15,0.));
#91 = CARTESIAN_POINT('',(36.75,0.75,99.));
#92 = CARTESIAN_POINT('',(37.8,10.725534618702,0.));
#93 = CARTESIAN_POINT('',(30.068181818182,0.75,99.));
#94 = CARTESIAN_POINT('',(34.452359659639,21.451068457069,0.));
#95 = CARTESIAN_POINT('',(23.386363636364,0.75,99.));
#96 = CARTESIAN_POINT('',(27.757079789678,31.015652162493,0.));
#97 = CARTESIAN_POINT('',(16.704545454545,0.75,99.));
#98 = CARTESIAN_POINT('',(18.167101192845,38.2582922896,0.));
#99 = CARTESIAN_POINT('',(10.022727272727,0.75,99.));
#100 = CARTESIAN_POINT('',(6.588333853533,42.220109895496,0.));
#101 = CARTESIAN_POINT('',(3.340909090909,0.75,99.));
#102 = CARTESIAN_POINT('',(-5.725506764718,42.345748249928,0.));
#103 = CARTESIAN_POINT('',(-3.340909090909,0.75,99.));
#104 = CARTESIAN_POINT('',(-17.38270020679,38.621007601877,0.));
#105 = CARTESIAN_POINT('',(-10.02272727272,0.75,99.));
#106 = CARTESIAN_POINT('',(-27.11846055823,31.575548363709,0.));
#107 = CARTESIAN_POINT('',(-16.70454545454,0.75,99.));
#108 = CARTESIAN_POINT('',(-34.00750154424,22.149565747081,0.));
#109 = CARTESIAN_POINT('',(-23.38636363636,0.75,99.));
#110 = CARTESIAN_POINT('',(-37.57328784484,11.494569734672,0.));
#111 = CARTESIAN_POINT('',(-30.06818181818,0.75,99.));
#112 = CARTESIAN_POINT('',(-37.79213073791,0.771267974243,0.));
#113 = CARTESIAN_POINT('',(-36.75,0.75,99.));
#114 = DEFINITIONAL_REPRESENTATION('',(#115),#118);
#115 = B_SPLINE_CURVE_WITH_KNOTS('',1,(#116,#117),.UNSPECIFIED.,.F.,.F.,
  (2,2),(0.,3.121187322903),.PIECEWISE_BEZIER_KNOTS.);
#116 = CARTESIAN_POINT('',(-73.5,0.));
#117 = CARTESIAN_POINT('',(0.,0.));
#118 = ( GEOMETRIC_REPRESENTATION_CONTEXT(2) 
PARAMETRIC_REPRESENTATION_CONTEXT() REPRESENTATION_CONTEXT('2D SPACE',''
  ) );
#119 = ORIENTED_EDGE('',*,*,#120,.T.);
#120 = EDGE_CURVE('',#73,#121,#123,.T.);
#121 = VERTEX_POINT('',#122);
#122 = CARTESIAN_POINT('',(-37.79213073791,0.771267974243,0.));
#123 = SURFACE_CURVE('',#124,(#129,#136),.PCURVE_S1.);
#124 = CIRCLE('',#125,37.8);
#125 = AXIS2_PLACEMENT_3D('',#126,#127,#128);
#126 = CARTESIAN_POINT('',(0.,0.,0.));
#127 = DIRECTION('',(0.,0.,1.));
#128 = DIRECTION('',(1.,0.,0.));
#129 = PCURVE('',#33,#130);
#130 = DEFINITIONAL_REPRESENTATION('',(#131),#135);
#131 = CIRCLE('',#132,37.8);
#132 = AXIS2_PLACEMENT_2D('',#133,#134);
#133 = CARTESIAN_POINT('',(1.882068139409E-15,1.61343992693E-17));
#134 = DIRECTION('',(1.,0.));
#135 = ( GEOMETRIC_REPRESENTATION_CONTEXT(2) 
PARAMETRIC_REPRESENTATION_CONTEXT() REPRESENTATION_CONTEXT('2D SPACE',''
  ) );
#136 = PCURVE('',#137,#162);
#137 = B_SPLINE_SURFACE_WITH_KNOTS('',11,1,(
    (#138,#139)
    ,(#140,#141)
    ,(#142,#143)
    ,(#144,#145)
    ,(#146,#147)
    ,(#148,#149)
    ,(#150,#151)
    ,(#152,#153)
    ,(#154,#155)
    ,(#156,#157)
    ,(#158,#159)
    ,(#160,#161
    )),.UNSPECIFIED.,.F.,.F.,.F.,(12,12),(2,2),(-73.5,0.),(0.,1.),
  .PIECEWISE_BEZIER_KNOTS.);
#138 = CARTESIAN_POINT('',(37.8,-7.105427357601E-15,0.));
#139 = CARTESIAN_POINT('',(36.75,0.75,99.));
#140 = CARTESIAN_POINT('',(37.8,10.725534618702,0.));
#141 = CARTESIAN_POINT('',(30.068181818182,0.75,99.));
#142 = CARTESIAN_POINT('',(34.452359659639,21.451068457069,0.));
#143 = CARTESIAN_POINT('',(23.386363636364,0.75,99.));
#144 = CARTESIAN_POINT('',(27.757079789678,31.015652162493,0.));
#145 = CARTESIAN_POINT('',(16.704545454545,0.75,99.));
#146 = CARTESIAN_POINT('',(18.167101192845,38.2582922896,0.));
#147 = CARTESIAN_POINT('',(10.022727272727,0.75,99.));
#148 = CARTESIAN_POINT('',(6.588333853533,42.220109895496,0.));
#149 = CARTESIAN_POINT('',(3.340909090909,0.75,99.));
#150 = CARTESIAN_POINT('',(-5.725506764718,42.345748249928,0.));
#151 = CARTESIAN_POINT('',(-3.340909090909,0.75,99.));
#152 = CARTESIAN_POINT('',(-17.38270020679,38.621007601877,0.));
#153 = CARTESIAN_POINT('',(-10.02272727272,0.75,99.));
#154 = CARTESIAN_POINT('',(-27.11846055823,31.575548363709,0.));
#155 = CARTESIAN_POINT('',(-16.70454545454,0.75,99.));
#156 = CARTESIAN_POINT('',(-34.00750154424,22.149565747081,0.));
#157 = CARTESIAN_POINT('',(-23.38636363636,0.75,99.));
#158 = CARTESIAN_POINT('',(-37.57328784484,11.494569734672,0.));
#159 = CARTESIAN_POINT('',(-30.06818181818,0.75,99.));
#160 = CARTESIAN_POINT('',(-37.79213073791,0.771267974243,0.));
#161 = CARTESIAN_POINT('',(-36.75,0.75,99.));
#162 = DEFINITIONAL_REPRESENTATION('',(#163),#166);
#163 = B_SPLINE_CURVE_WITH_KNOTS('',1,(#164,#165),.UNSPECIFIED.,.F.,.F.,
  (2,2),(0.,3.121187322903),.PIECEWISE_BEZIER_KNOTS.);
#164 = CARTESIAN_POINT('',(-73.5,0.));
#165 = CARTESIAN_POINT('',(0.,0.));
#166 = ( GEOMETRIC_REPRESENTATION_CONTEXT(2) 
PARAMETRIC_REPRESENTATION_CONTEXT() REPRESENTATION_CONTEXT('2D SPACE',''
  ) );
#167 = ORIENTED_EDGE('',*,*,#168,.T.);
#168 = EDGE_CURVE('',#121,#169,#171,.T.);
#169 = VERTEX_POINT('',#170);
#170 = CARTESIAN_POINT('',(-37.79999986313,3.216713912749E-03,0.));
#171 = SURFACE_CURVE('',#172,(#177,#184),.PCURVE_S1.);
#172 = CIRCLE('',#173,37.8);
#173 = AXIS2_PLACEMENT_3D('',#174,#175,#176);
#174 = CARTESIAN_POINT('',(0.,0.,0.));
#175 = DIRECTION('',(0.,0.,1.));
#176 = DIRECTION('',(1.,0.,0.));
#177 = PCURVE('',#33,#178);
#178 = DEFINITIONAL_REPRESENTATION('',(#179),#183);
#179 = CIRCLE('',#180,37.8);
#180 = AXIS2_PLACEMENT_2D('',#181,#182);
#181 = CARTESIAN_POINT('',(1.882068139409E-15,1.61343992693E-17));
#182 = DIRECTION('',(1.,0.));
#183 = ( GEOMETRIC_REPRESENTATION_CONTEXT(2) 
PARAMETRIC_REPRESENTATION_CONTEXT() REPRESENTATION_CONTEXT('2D SPACE',''
  ) );
#184 = PCURVE('',#185,#206);
#185 = B_SPLINE_SURFACE_WITH_KNOTS('',9,1,(
    (#186,#187)
    ,(#188,#189)
    ,(#190,#191)
    ,(#192,#193)
    ,(#194,#195)
    ,(#196,#197)
    ,(#198,#199)
    ,(#200,#201)
    ,(#202,#203)
    ,(#204,#205
    )),.UNSPECIFIED.,.F.,.F.,.F.,(10,10),(2,2),(3.14159265359,
    6.28318530718),(0.,1.),.PIECEWISE_BEZIER_KNOTS.);
#186 = CARTESIAN_POINT('',(-37.79213073791,0.771267974243,0.));
#187 = CARTESIAN_POINT('',(-36.75,0.75,99.));
#188 = CARTESIAN_POINT('',(-37.79562806637,0.599898879786,0.));
#189 = CARTESIAN_POINT('',(-37.01179938779,0.75,99.));
#190 = CARTESIAN_POINT('',(-37.79825118407,0.428511943798,0.));
#191 = CARTESIAN_POINT('',(-37.27360149249,0.647191900061,
    98.999999999999));
#192 = CARTESIAN_POINT('',(-37.79999998699,0.257112263859,0.));
#193 = CARTESIAN_POINT('',(-37.48924283384,0.44157278914,99.000000000004
    ));
#194 = CARTESIAN_POINT('',(-37.80087440579,8.570493754982E-02,0.));
#195 = CARTESIAN_POINT('',(-37.61268047281,0.157317457926,
    98.999999999993));
#196 = CARTESIAN_POINT('',(-37.80087440579,-8.570493754981E-02,0.));
#197 = CARTESIAN_POINT('',(-37.61268047282,-0.157317457926,
    99.000000000007));
#198 = CARTESIAN_POINT('',(-37.79999998699,-0.257112263859,0.));
#199 = CARTESIAN_POINT('',(-37.48924283383,-0.44157278914,
    98.999999999994));
#200 = CARTESIAN_POINT('',(-37.79825118407,-0.428511943798,0.));
#201 = CARTESIAN_POINT('',(-37.2736014925,-0.647191900061,
    99.000000000003));
#202 = CARTESIAN_POINT('',(-37.79562806637,-0.599898879786,0.));
#203 = CARTESIAN_POINT('',(-37.01179938779,-0.75,98.999999999999));
#204 = CARTESIAN_POINT('',(-37.79213073791,-0.771267974243,0.));
#205 = CARTESIAN_POINT('',(-36.75,-0.75,99.));
#206 = DEFINITIONAL_REPRESENTATION('',(#207),#210);
#207 = B_SPLINE_CURVE_WITH_KNOTS('',1,(#208,#209),.UNSPECIFIED.,.F.,.F.,
  (2,2),(3.121187322903,3.161997984276),.PIECEWISE_BEZIER_KNOTS.);
#208 = CARTESIAN_POINT('',(3.14159265359,0.));
#209 = CARTESIAN_POINT('',(6.28318530718,0.));
#210 = ( GEOMETRIC_REPRESENTATION_CONTEXT(2) 
PARAMETRIC_REPRESENTATION_CONTEXT() REPRESENTATION_CONTEXT('2D SPACE',''
  ) );
#211 = ORIENTED_EDGE('',*,*,#212,.T.);
#212 = EDGE_CURVE('',#169,#213,#215,.T.);
#213 = VERTEX_POINT('',#214);
#214 = CARTESIAN_POINT('',(-37.79213073791,-0.771267974243,0.));
#215 = SURFACE_CURVE('',#216,(#221,#228),.PCURVE_S1.);
#216 = CIRCLE('',#217,37.8);
#217 = AXIS2_PLACEMENT_3D('',#218,#219,#220);
#218 = CARTESIAN_POINT('',(0.,0.,0.));
#219 = DIRECTION('',(0.,0.,1.));
#220 = DIRECTION('',(1.,0.,0.));
#221 = PCURVE('',#33,#222);
#222 = DEFINITIONAL_REPRESENTATION('',(#223),#227);
#223 = CIRCLE('',#224,37.8);
#224 = AXIS2_PLACEMENT_2D('',#225,#226);
#225 = CARTESIAN_POINT('',(1.882068139409E-15,1.61343992693E-17));
#226 = DIRECTION('',(1.,0.));
#227 = ( GEOMETRIC_REPRESENTATION_CONTEXT(2) 
PARAMETRIC_REPRESENTATION_CONTEXT() REPRESENTATION_CONTEXT('2D SPACE',''
  ) );
#228 = PCURVE('',#229,#250);
#229 = B_SPLINE_SURFACE_WITH_KNOTS('',9,1,(
    (#230,#231)
    ,(#232,#233)
    ,(#234,#235)
    ,(#236,#237)
    ,(#238,#239)
    ,(#240,#241)
    ,(#242,#243)
    ,(#244,#245)
    ,(#246,#247)
    ,(#248,#249
    )),.UNSPECIFIED.,.F.,.F.,.F.,(10,10),(2,2),(3.14159265359,
    6.28318530718),(0.,1.),.PIECEWISE_BEZIER_KNOTS.);
#230 = CARTESIAN_POINT('',(-37.79213073791,0.771267974243,0.));
#231 = CARTESIAN_POINT('',(-36.75,0.75,99.));
#232 = CARTESIAN_POINT('',(-37.79562806637,0.599898879786,0.));
#233 = CARTESIAN_POINT('',(-37.01179938779,0.75,99.));
#234 = CARTESIAN_POINT('',(-37.79825118407,0.428511943798,0.));
#235 = CARTESIAN_POINT('',(-37.27360149249,0.647191900061,
    98.999999999999));
#236 = CARTESIAN_POINT('',(-37.79999998699,0.257112263859,0.));
#237 = CARTESIAN_POINT('',(-37.48924283384,0.44157278914,99.000000000004
    ));
#238 = CARTESIAN_POINT('',(-37.80087440579,8.570493754982E-02,0.));
#239 = CARTESIAN_POINT('',(-37.61268047281,0.157317457926,
    98.999999999993));
#240 = CARTESIAN_POINT('',(-37.80087440579,-8.570493754981E-02,0.));
#241 = CARTESIAN_POINT('',(-37.61268047282,-0.157317457926,
    99.000000000007));
#242 = CARTESIAN_POINT('',(-37.79999998699,-0.257112263859,0.));
#243 = CARTESIAN_POINT('',(-37.48924283383,-0.44157278914,
    98.999999999994));
#244 = CARTESIAN_POINT('',(-37.79825118407,-0.428511943798,0.));
#245 = CARTESIAN_POINT('',(-37.2736014925,-0.647191900061,
    99.000000000003));
#246 = CARTESIAN_POINT('',(-37.79562806637,-0.599898879786,0.));
#247 = CARTESIAN_POINT('',(-37.01179938779,-0.75,98.999999999999));
#248 = CARTESIAN_POINT('',(-37.79213073791,-0.771267974243,0.));
#249 = CARTESIAN_POINT('',(-36.75,-0.75,99.));
#250 = DEFINITIONAL_REPRESENTATION('',(#251),#254);
#251 = B_SPLINE_CURVE_WITH_KNOTS('',1,(#252,#253),.UNSPECIFIED.,.F.,.F.,
  (2,2),(3.121187322903,3.161997984276),.PIECEWISE_BEZIER_KNOTS.);
#252 = CARTESIAN_POINT('',(3.14159265359,0.));
#253 = CARTESIAN_POINT('',(6.28318530718,0.));
#254 = ( GEOMETRIC_REPRESENTATION_CONTEXT(2) 
PARAMETRIC_REPRESENTATION_CONTEXT() REPRESENTATION_CONTEXT('2D SPACE',''
  ) );
#255 = ORIENTED_EDGE('',*,*,#256,.T.);
#256 = EDGE_CURVE('',#213,#22,#257,.T.);
#257 = SURFACE_CURVE('',#258,(#263,#270),.PCURVE_S1.);
#258 = CIRCLE('',#259,37.8);
#259 = AXIS2_PLACEMENT_3D('',#260,#261,#262);
#260 = CARTESIAN_POINT('',(0.,0.,0.));
#261 = DIRECTION('',(0.,0.,1.));
#262 = DIRECTION('',(1.,0.,0.));
#263 = PCURVE('',#33,#264);
#264 = DEFINITIONAL_REPRESENTATION('',(#265),#269);
#265 = CIRCLE('',#266,37.8);
#266 = AXIS2_PLACEMENT_2D('',#267,#268);
#267 = CARTESIAN_POINT('',(1.882068139409E-15,1.61343992693E-17));
#268 = DIRECTION('',(1.,0.));
#269 = ( GEOMETRIC_REPRESENTATION_CONTEXT(2) 
PARAMETRIC_REPRESENTATION_CONTEXT() REPRESENTATION_CONTEXT('2D SPACE',''
  ) );
#270 = PCURVE('',#271,#296);
#271 = B_SPLINE_SURFACE_WITH_KNOTS('',11,1,(
    (#272,#273)
    ,(#274,#275)
    ,(#276,#277)
    ,(#278,#279)
    ,(#280,#281)
    ,(#282,#283)
    ,(#284,#285)
    ,(#286,#287)
    ,(#288,#289)
    ,(#290,#291)
    ,(#292,#293)
    ,(#294,#295
    )),.UNSPECIFIED.,.F.,.F.,.F.,(12,12),(2,2),(-73.5,0.),(0.,1.),
  .PIECEWISE_BEZIER_KNOTS.);
#272 = CARTESIAN_POINT('',(-37.79213073791,-0.771267974243,0.));
#273 = CARTESIAN_POINT('',(-36.75,-0.75,99.));
#274 = CARTESIAN_POINT('',(-37.57471857012,-11.42446419602,0.));
#275 = CARTESIAN_POINT('',(-30.06818181818,-0.75,99.));
#276 = CARTESIAN_POINT('',(-34.05398244305,-22.01024492189,0.));
#277 = CARTESIAN_POINT('',(-23.38636363636,-0.75,99.));
#278 = CARTESIAN_POINT('',(-27.25314953237,-31.390518583,0.));
#279 = CARTESIAN_POINT('',(-16.70454545454,-0.75,99.));
#280 = CARTESIAN_POINT('',(-17.63656680973,-38.43615531257,0.));
#281 = CARTESIAN_POINT('',(-10.02272727272,-0.75,99.));
#282 = CARTESIAN_POINT('',(-6.105738169345,-42.22257429826,0.));
#283 = CARTESIAN_POINT('',(-3.340909090909,-0.75,99.));
#284 = CARTESIAN_POINT('',(6.105738169345,-42.22257429824,0.));
#285 = CARTESIAN_POINT('',(3.340909090909,-0.75,99.));
#286 = CARTESIAN_POINT('',(17.636566809734,-38.43615531259,0.));
#287 = CARTESIAN_POINT('',(10.022727272727,-0.75,99.));
#288 = CARTESIAN_POINT('',(27.253149532378,-31.39051858299,0.));
#289 = CARTESIAN_POINT('',(16.704545454545,-0.75,99.));
#290 = CARTESIAN_POINT('',(34.053982443054,-22.01024492189,0.));
#291 = CARTESIAN_POINT('',(23.386363636364,-0.75,99.));
#292 = CARTESIAN_POINT('',(37.574718570127,-11.42446419602,0.));
#293 = CARTESIAN_POINT('',(30.068181818182,-0.75,99.));
#294 = CARTESIAN_POINT('',(37.792130737918,-0.771267974243,0.));
#295 = CARTESIAN_POINT('',(36.75,-0.75,99.));
#296 = DEFINITIONAL_REPRESENTATION('',(#297),#300);
#297 = B_SPLINE_CURVE_WITH_KNOTS('',1,(#298,#299),.UNSPECIFIED.,.F.,.F.,
  (2,2),(3.161997984276,6.262779976493),.PIECEWISE_BEZIER_KNOTS.);
#298 = CARTESIAN_POINT('',(-73.5,0.));
#299 = CARTESIAN_POINT('',(0.,0.));
#300 = ( GEOMETRIC_REPRESENTATION_CONTEXT(2) 
PARAMETRIC_REPRESENTATION_CONTEXT() REPRESENTATION_CONTEXT('2D SPACE',''
  ) );
#301 = ADVANCED_FACE('',(#302),#45,.T.);
#302 = FACE_BOUND('',#303,.T.);
#303 = EDGE_LOOP('',(#304,#326,#327,#349,#498));
#304 = ORIENTED_EDGE('',*,*,#305,.F.);
#305 = EDGE_CURVE('',#22,#306,#308,.T.);
#306 = VERTEX_POINT('',#307);
#307 = CARTESIAN_POINT('',(36.750010526573,-0.750000214828,98.999));
#308 = SURFACE_CURVE('',#309,(#312,#319),.PCURVE_S1.);
#309 = B_SPLINE_CURVE_WITH_KNOTS('',1,(#310,#311),.UNSPECIFIED.,.F.,.F.,
  (2,2),(0.,1.),.PIECEWISE_BEZIER_KNOTS.);
#310 = CARTESIAN_POINT('',(37.792130737918,-0.771267974243,0.));
#311 = CARTESIAN_POINT('',(36.75,-0.75,99.));
#312 = PCURVE('',#45,#313);
#313 = DEFINITIONAL_REPRESENTATION('',(#314),#318);
#314 = LINE('',#315,#316);
#315 = CARTESIAN_POINT('',(3.14159265359,0.));
#316 = VECTOR('',#317,1.);
#317 = DIRECTION('',(0.,1.));
#318 = ( GEOMETRIC_REPRESENTATION_CONTEXT(2) 
PARAMETRIC_REPRESENTATION_CONTEXT() REPRESENTATION_CONTEXT('2D SPACE',''
  ) );
#319 = PCURVE('',#271,#320);
#320 = DEFINITIONAL_REPRESENTATION('',(#321),#325);
#321 = LINE('',#322,#323);
#322 = CARTESIAN_POINT('',(0.,0.));
#323 = VECTOR('',#324,1.);
#324 = DIRECTION('',(0.,1.));
#325 = ( GEOMETRIC_REPRESENTATION_CONTEXT(2) 
PARAMETRIC_REPRESENTATION_CONTEXT() REPRESENTATION_CONTEXT('2D SPACE',''
  ) );
#326 = ORIENTED_EDGE('',*,*,#21,.T.);
#327 = ORIENTED_EDGE('',*,*,#328,.T.);
#328 = EDGE_CURVE('',#24,#329,#331,.T.);
#329 = VERTEX_POINT('',#330);
#330 = CARTESIAN_POINT('',(37.795496600522,3.216713912751E-03,
    0.424606236484));
#331 = SURFACE_CURVE('',#332,(#335,#342),.PCURVE_S1.);
#332 = B_SPLINE_CURVE_WITH_KNOTS('',1,(#333,#334),.UNSPECIFIED.,.F.,.F.,
  (2,2),(0.,1.),.PIECEWISE_BEZIER_KNOTS.);
#333 = CARTESIAN_POINT('',(37.8,-7.105427357601E-15,0.));
#334 = CARTESIAN_POINT('',(36.75,0.75,99.));
#335 = PCURVE('',#45,#336);
#336 = DEFINITIONAL_REPRESENTATION('',(#337),#341);
#337 = LINE('',#338,#339);
#338 = CARTESIAN_POINT('',(6.28318530718,0.));
#339 = VECTOR('',#340,1.);
#340 = DIRECTION('',(0.,1.));
#341 = ( GEOMETRIC_REPRESENTATION_CONTEXT(2) 
PARAMETRIC_REPRESENTATION_CONTEXT() REPRESENTATION_CONTEXT('2D SPACE',''
  ) );
#342 = PCURVE('',#89,#343);
#343 = DEFINITIONAL_REPRESENTATION('',(#344),#348);
#344 = LINE('',#345,#346);
#345 = CARTESIAN_POINT('',(-73.5,0.));
#346 = VECTOR('',#347,1.);
#347 = DIRECTION('',(0.,1.));
#348 = ( GEOMETRIC_REPRESENTATION_CONTEXT(2) 
PARAMETRIC_REPRESENTATION_CONTEXT() REPRESENTATION_CONTEXT('2D SPACE',''
  ) );
#349 = ORIENTED_EDGE('',*,*,#350,.T.);
#350 = EDGE_CURVE('',#329,#351,#353,.T.);
#351 = VERTEX_POINT('',#352);
#352 = CARTESIAN_POINT('',(37.499996040298,3.216713912751E-03,98.999));
#353 = SURFACE_CURVE('',#354,(#393,#435),.PCURVE_S1.);
#354 = B_SPLINE_CURVE_WITH_KNOTS('',7,(#355,#356,#357,#358,#359,#360,
    #361,#362,#363,#364,#365,#366,#367,#368,#369,#370,#371,#372,#373,
    #374,#375,#376,#377,#378,#379,#380,#381,#382,#383,#384,#385,#386,
    #387,#388,#389,#390,#391,#392),.UNSPECIFIED.,.F.,.F.,(8,6,6,6,6,6,8)
  ,(0.,7.444463539427E-02,0.19473740372,0.376729374166,0.55863294258,
    0.969467266241,1.),.UNSPECIFIED.);
#355 = CARTESIAN_POINT('',(37.795496600522,3.216713912751E-03,
    0.424606236484));
#356 = CARTESIAN_POINT('',(37.784486232802,3.216713912751E-03,
    1.472576124453));
#357 = CARTESIAN_POINT('',(37.774078252353,3.216713912751E-03,
    2.520527814157));
#358 = CARTESIAN_POINT('',(37.764298146723,3.216713912751E-03,
    3.568464673152));
#359 = CARTESIAN_POINT('',(37.755161014797,3.216713912751E-03,
    4.616391443341));
#360 = CARTESIAN_POINT('',(37.746666482676,3.216713912751E-03,
    5.664313788188));
#361 = CARTESIAN_POINT('',(37.738798259306,3.216713912751E-03,
    6.712237707624));
#362 = CARTESIAN_POINT('',(37.719781082469,3.216713912751E-03,
    9.453488076345));
#363 = CARTESIAN_POINT('',(37.709595891579,3.216713912751E-03,
    11.14682603285));
#364 = CARTESIAN_POINT('',(37.700855424893,3.216713912751E-03,
    12.840205670887));
#365 = CARTESIAN_POINT('',(37.693358080667,3.216713912751E-03,
    14.533645750873));
#366 = CARTESIAN_POINT('',(37.686875443827,3.216713912751E-03,
    16.227154096293));
#367 = CARTESIAN_POINT('',(37.68121273103,3.216713912751E-03,
    17.920731107828));
#368 = CARTESIAN_POINT('',(37.668623150032,3.216713912751E-03,
    22.176696158487));
#369 = CARTESIAN_POINT('',(37.662538157324,3.216713912751E-03,
    24.739168149203));
#370 = CARTESIAN_POINT('',(37.657369123469,3.216713912751E-03,
    27.30177566164));
#371 = CARTESIAN_POINT('',(37.652712013809,3.216713912751E-03,
    29.864494001434));
#372 = CARTESIAN_POINT('',(37.648340621158,3.216713912751E-03,
    32.427300987111));
#373 = CARTESIAN_POINT('',(37.64409305003,3.216713912751E-03,
    34.990178229651));
#374 = CARTESIAN_POINT('',(37.635642364291,3.216713912751E-03,
    40.114800560927));
#375 = CARTESIAN_POINT('',(37.631438885845,3.216713912751E-03,
    42.676546319639));
#376 = CARTESIAN_POINT('',(37.627152687144,3.216713912751E-03,
    45.238337133044));
#377 = CARTESIAN_POINT('',(37.622729867682,3.216713912751E-03,
    47.8001633524));
#378 = CARTESIAN_POINT('',(37.618140714134,3.216713912751E-03,
    50.362017691611));
#379 = CARTESIAN_POINT('',(37.613366381798,3.216713912751E-03,
    52.923895090678));
#380 = CARTESIAN_POINT('',(37.597175883693,3.216713912751E-03,
    61.271909627469));
#381 = CARTESIAN_POINT('',(37.584961951229,3.216713912751E-03,
    67.058122000603));
#382 = CARTESIAN_POINT('',(37.571648184461,3.216713912751E-03,
    72.844393205691));
#383 = CARTESIAN_POINT('',(37.557321346263,3.216713912751E-03,
    78.630701117722));
#384 = CARTESIAN_POINT('',(37.542039039641,3.216713912751E-03,
    84.417032128806));
#385 = CARTESIAN_POINT('',(37.525881059143,3.216713912751E-03,
    90.203380258518));
#386 = CARTESIAN_POINT('',(37.507652169882,3.216713912751E-03,
    96.419782179988));
#387 = CARTESIAN_POINT('',(37.506386666691,3.216713912751E-03,
    96.849818303643));
#388 = CARTESIAN_POINT('',(37.505116719802,3.216713912751E-03,
    97.279854501635));
#389 = CARTESIAN_POINT('',(37.503842356905,3.216713912751E-03,
    97.709890772066));
#390 = CARTESIAN_POINT('',(37.502563605517,3.216713912751E-03,
    98.139927113105));
#391 = CARTESIAN_POINT('',(37.501280492988,3.216713912751E-03,
    98.569963522984));
#392 = CARTESIAN_POINT('',(37.4999930465,3.216713912751E-03,99.));
#393 = PCURVE('',#45,#394);
#394 = DEFINITIONAL_REPRESENTATION('',(#395),#434);
#395 = B_SPLINE_CURVE_WITH_KNOTS('',7,(#396,#397,#398,#399,#400,#401,
    #402,#403,#404,#405,#406,#407,#408,#409,#410,#411,#412,#413,#414,
    #415,#416,#417,#418,#419,#420,#421,#422,#423,#424,#425,#426,#427,
    #428,#429,#430,#431,#432,#433),.UNSPECIFIED.,.F.,.F.,(8,6,6,6,6,6,8)
  ,(0.,7.444463539427E-02,0.19473740372,0.376729374166,0.55863294258,
    0.969467266241,1.),.UNSPECIFIED.);
#396 = CARTESIAN_POINT('',(6.28318530718,4.28895188368E-03));
#397 = CARTESIAN_POINT('',(6.250709797006,1.487450630761E-02));
#398 = CARTESIAN_POINT('',(6.21744557306,2.545987691068E-02));
#399 = CARTESIAN_POINT('',(6.183525931298,3.604509770861E-02));
#400 = CARTESIAN_POINT('',(6.149120208428,4.66302165994E-02));
#401 = CARTESIAN_POINT('',(6.114421607825,5.721529078978E-02));
#402 = CARTESIAN_POINT('',(6.079629603808,6.780038088509E-02));
#403 = CARTESIAN_POINT('',(5.98885194505,9.548977854894E-02));
#404 = CARTESIAN_POINT('',(5.933010724573,0.112594202352));
#405 = CARTESIAN_POINT('',(5.878175818595,0.129699047181));
#406 = CARTESIAN_POINT('',(5.825030734921,0.146804502534));
#407 = CARTESIAN_POINT('',(5.77395167175,0.163910647437));
#408 = CARTESIAN_POINT('',(5.725114306725,0.181017485938));
#409 = CARTESIAN_POINT('',(5.608146931779,0.224007031904));
#410 = CARTESIAN_POINT('',(5.542969015149,0.249890587366));
#411 = CARTESIAN_POINT('',(5.483204952483,0.275775511734));
#412 = CARTESIAN_POINT('',(5.428342744793,0.30166155557));
#413 = CARTESIAN_POINT('',(5.37784971102,0.327548494819));
#414 = CARTESIAN_POINT('',(5.331222311046,0.353436143734));
#415 = CARTESIAN_POINT('',(5.244832386812,0.405200005666));
#416 = CARTESIAN_POINT('',(5.205066841876,0.431076225451));
#417 = CARTESIAN_POINT('',(5.168275287732,0.456952900334));
#418 = CARTESIAN_POINT('',(5.134077994546,0.482829932853));
#419 = CARTESIAN_POINT('',(5.102161212276,0.50870724941));
#420 = CARTESIAN_POINT('',(5.072268105382,0.534584798896));
#421 = CARTESIAN_POINT('',(4.980741720974,0.618908178055));
#422 = CARTESIAN_POINT('',(4.926511109839,0.677354767683));
#423 = CARTESIAN_POINT('',(4.878980141188,0.735801951573));
#424 = CARTESIAN_POINT('',(4.836719326568,0.794249506239));
#425 = CARTESIAN_POINT('',(4.798713229686,0.85269729423));
#426 = CARTESIAN_POINT('',(4.764235289529,0.911145255137));
#427 = CARTESIAN_POINT('',(4.730389192199,0.973937193737));
#428 = CARTESIAN_POINT('',(4.728064221807,0.978280992966));
#429 = CARTESIAN_POINT('',(4.725755447295,0.982624792946));
#430 = CARTESIAN_POINT('',(4.723462646713,0.986968593657));
#431 = CARTESIAN_POINT('',(4.721185603214,0.991312395082));
#432 = CARTESIAN_POINT('',(4.718924105047,0.995656197202));
#433 = CARTESIAN_POINT('',(4.716677945562,1.));
#434 = ( GEOMETRIC_REPRESENTATION_CONTEXT(2) 
PARAMETRIC_REPRESENTATION_CONTEXT() REPRESENTATION_CONTEXT('2D SPACE',''
  ) );
#435 = PCURVE('',#436,#457);
#436 = B_SPLINE_SURFACE_WITH_KNOTS('',9,1,(
    (#437,#438)
    ,(#439,#440)
    ,(#441,#442)
    ,(#443,#444)
    ,(#445,#446)
    ,(#447,#448)
    ,(#449,#450)
    ,(#451,#452)
    ,(#453,#454)
    ,(#455,#456
    )),.UNSPECIFIED.,.F.,.F.,.F.,(10,10),(2,2),(3.14159265359,
    6.28318530718),(0.,1.),.PIECEWISE_BEZIER_KNOTS.);
#437 = CARTESIAN_POINT('',(37.792130737918,-0.771267974243,0.));
#438 = CARTESIAN_POINT('',(36.75,-0.75,99.));
#439 = CARTESIAN_POINT('',(37.793879402147,-0.685583427015,0.));
#440 = CARTESIAN_POINT('',(37.011799387799,-0.75,99.));
#441 = CARTESIAN_POINT('',(37.795409506102,-0.599894419434,0.));
#442 = CARTESIAN_POINT('',(37.273601492499,-0.647191900061,
    98.999999999999));
#443 = CARTESIAN_POINT('',(37.796721043281,-0.514201588687,0.));
#444 = CARTESIAN_POINT('',(37.48924283384,-0.44157278914,99.000000000004
    ));
#445 = CARTESIAN_POINT('',(37.797814007183,-0.428505571955,0.));
#446 = CARTESIAN_POINT('',(37.612680472816,-0.157317457926,
    98.999999999993));
#447 = CARTESIAN_POINT('',(37.798688391308,-0.342807006425,0.));
#448 = CARTESIAN_POINT('',(37.612680472822,0.157317457926,
    99.000000000007));
#449 = CARTESIAN_POINT('',(37.799344189153,-0.25710652928,0.));
#450 = CARTESIAN_POINT('',(37.489242833835,0.44157278914,98.999999999994
    ));
#451 = CARTESIAN_POINT('',(37.799781394217,-0.171404777705,0.));
#452 = CARTESIAN_POINT('',(37.2736014925,0.647191900061,99.000000000003)
  );
#453 = CARTESIAN_POINT('',(37.8,-8.570238888347E-02,0.));
#454 = CARTESIAN_POINT('',(37.011799387799,0.75,98.999999999999));
#455 = CARTESIAN_POINT('',(37.8,-9.27036225562E-15,0.));
#456 = CARTESIAN_POINT('',(36.75,0.75,99.));
#457 = DEFINITIONAL_REPRESENTATION('',(#458),#497);
#458 = B_SPLINE_CURVE_WITH_KNOTS('',7,(#459,#460,#461,#462,#463,#464,
    #465,#466,#467,#468,#469,#470,#471,#472,#473,#474,#475,#476,#477,
    #478,#479,#480,#481,#482,#483,#484,#485,#486,#487,#488,#489,#490,
    #491,#492,#493,#494,#495,#496),.UNSPECIFIED.,.F.,.F.,(8,6,6,6,6,6,8)
  ,(0.,7.444463539427E-02,0.19473740372,0.376729374166,0.55863294258,
    0.969467266241,1.),.UNSPECIFIED.);
#459 = CARTESIAN_POINT('',(6.28318530718,4.28895188368E-03));
#460 = CARTESIAN_POINT('',(6.250709797006,1.487450630761E-02));
#461 = CARTESIAN_POINT('',(6.21744557306,2.545987691068E-02));
#462 = CARTESIAN_POINT('',(6.183525931298,3.604509770861E-02));
#463 = CARTESIAN_POINT('',(6.149120208428,4.66302165994E-02));
#464 = CARTESIAN_POINT('',(6.114421607825,5.721529078978E-02));
#465 = CARTESIAN_POINT('',(6.079629603808,6.780038088509E-02));
#466 = CARTESIAN_POINT('',(5.98885194505,9.548977854894E-02));
#467 = CARTESIAN_POINT('',(5.933010724573,0.112594202352));
#468 = CARTESIAN_POINT('',(5.878175818595,0.129699047181));
#469 = CARTESIAN_POINT('',(5.825030734921,0.146804502534));
#470 = CARTESIAN_POINT('',(5.77395167175,0.163910647437));
#471 = CARTESIAN_POINT('',(5.725114306725,0.181017485938));
#472 = CARTESIAN_POINT('',(5.608146931779,0.224007031904));
#473 = CARTESIAN_POINT('',(5.542969015149,0.249890587366));
#474 = CARTESIAN_POINT('',(5.483204952483,0.275775511734));
#475 = CARTESIAN_POINT('',(5.428342744793,0.30166155557));
#476 = CARTESIAN_POINT('',(5.37784971102,0.327548494819));
#477 = CARTESIAN_POINT('',(5.331222311046,0.353436143734));
#478 = CARTESIAN_POINT('',(5.244832386812,0.405200005666));
#479 = CARTESIAN_POINT('',(5.205066841876,0.431076225451));
#480 = CARTESIAN_POINT('',(5.168275287732,0.456952900334));
#481 = CARTESIAN_POINT('',(5.134077994546,0.482829932853));
#482 = CARTESIAN_POINT('',(5.102161212276,0.50870724941));
#483 = CARTESIAN_POINT('',(5.072268105382,0.534584798896));
#484 = CARTESIAN_POINT('',(4.980741720974,0.618908178055));
#485 = CARTESIAN_POINT('',(4.926511109839,0.677354767683));
#486 = CARTESIAN_POINT('',(4.878980141188,0.735801951573));
#487 = CARTESIAN_POINT('',(4.836719326568,0.794249506239));
#488 = CARTESIAN_POINT('',(4.798713229686,0.85269729423));
#489 = CARTESIAN_POINT('',(4.764235289529,0.911145255137));
#490 = CARTESIAN_POINT('',(4.730389192199,0.973937193737));
#491 = CARTESIAN_POINT('',(4.728064221807,0.978280992966));
#492 = CARTESIAN_POINT('',(4.725755447295,0.982624792946));
#493 = CARTESIAN_POINT('',(4.723462646713,0.986968593657));
#494 = CARTESIAN_POINT('',(4.721185603214,0.991312395082));
#495 = CARTESIAN_POINT('',(4.718924105047,0.995656197202));
#496 = CARTESIAN_POINT('',(4.716677945562,1.));
#497 = ( GEOMETRIC_REPRESENTATION_CONTEXT(2) 
PARAMETRIC_REPRESENTATION_CONTEXT() REPRESENTATION_CONTEXT('2D SPACE',''
  ) );
#498 = ORIENTED_EDGE('',*,*,#499,.T.);
#499 = EDGE_CURVE('',#351,#306,#500,.T.);
#500 = SURFACE_CURVE('',#501,(#539,#580),.PCURVE_S1.);
#501 = B_SPLINE_CURVE_WITH_KNOTS('',6,(#502,#503,#504,#505,#506,#507,
    #508,#509,#510,#511,#512,#513,#514,#515,#516,#517,#518,#519,#520,
    #521,#522,#523,#524,#525,#526,#527,#528,#529,#530,#531,#532,#533,
    #534,#535,#536,#537,#538),.UNSPECIFIED.,.F.,.F.,(7,5,5,5,5,5,5,7),(
    0.,0.191996631857,0.33499741709,0.498997200401,0.65899723795,
    0.805997883727,0.929999011406,1.),.UNSPECIFIED.);
#502 = CARTESIAN_POINT('',(36.750010606061,0.749992424242,98.999));
#503 = CARTESIAN_POINT('',(36.825405669436,0.749992174934,98.999));
#504 = CARTESIAN_POINT('',(36.900809901349,0.740896760881,98.999));
#505 = CARTESIAN_POINT('',(36.974830904952,0.72270232835,98.999));
#506 = CARTESIAN_POINT('',(37.046110636847,0.695695664671,98.999));
#507 = CARTESIAN_POINT('',(37.113367710596,0.660411203323,98.999));
#508 = CARTESIAN_POINT('',(37.221703314987,0.585786614784,98.999));
#509 = CARTESIAN_POINT('',(37.265088130039,0.549775193056,98.999));
#510 = CARTESIAN_POINT('',(37.305142153033,0.509931373708,98.999));
#511 = CARTESIAN_POINT('',(37.341449143697,0.46664560575,98.999));
#512 = CARTESIAN_POINT('',(37.373655303099,0.420365694875,98.999));
#513 = CARTESIAN_POINT('',(37.433385705762,0.31564675451,98.999));
#514 = CARTESIAN_POINT('',(37.459531078806,0.256414427653,98.999));
#515 = CARTESIAN_POINT('',(37.479486095194,0.194640585732,98.999));
#516 = CARTESIAN_POINT('',(37.492958307181,0.131136960977,98.999));
#517 = CARTESIAN_POINT('',(37.499796935776,6.675308439836E-02,98.999));
#518 = CARTESIAN_POINT('',(37.500196638214,-6.04778727475E-02,98.999));
#519 = CARTESIAN_POINT('',(37.494077517147,-0.123331339199,98.999));
#520 = CARTESIAN_POINT('',(37.481639388868,-0.185406810183,98.999));
#521 = CARTESIAN_POINT('',(37.46301389274,-0.24591434253,98.999));
#522 = CARTESIAN_POINT('',(37.438461440743,-0.304096623407,98.999));
#523 = CARTESIAN_POINT('',(37.380715408462,-0.409922823854,98.999));
#524 = CARTESIAN_POINT('',(37.348383516273,-0.458043495297,98.999));
#525 = CARTESIAN_POINT('',(37.311667419414,-0.503067525827,98.999));
#526 = CARTESIAN_POINT('',(37.270944447304,-0.544502705767,98.999));
#527 = CARTESIAN_POINT('',(37.226662451956,-0.581919989455,98.999));
#528 = CARTESIAN_POINT('',(37.139403576205,-0.642838260792,98.999));
#529 = CARTESIAN_POINT('',(37.097304382262,-0.66760216599,98.999));
#530 = CARTESIAN_POINT('',(37.05333738536,-0.689043141282,98.999));
#531 = CARTESIAN_POINT('',(37.007832166519,-0.706989894502,98.999));
#532 = CARTESIAN_POINT('',(36.961137619824,-0.72131501544,98.999));
#533 = CARTESIAN_POINT('',(36.886789775016,-0.737933982815,98.999));
#534 = CARTESIAN_POINT('',(36.859699276748,-0.742750657398,98.999));
#535 = CARTESIAN_POINT('',(36.832410099363,-0.74637290305,98.999));
#536 = CARTESIAN_POINT('',(36.804987975461,-0.748791013125,98.999));
#537 = CARTESIAN_POINT('',(36.777499179255,-0.75000012395,98.999));
#538 = CARTESIAN_POINT('',(36.750010526573,-0.750000214828,98.999));
#539 = PCURVE('',#45,#540);
#540 = DEFINITIONAL_REPRESENTATION('',(#541),#579);
#541 = B_SPLINE_CURVE_WITH_KNOTS('',6,(#542,#543,#544,#545,#546,#547,
    #548,#549,#550,#551,#552,#553,#554,#555,#556,#557,#558,#559,#560,
    #561,#562,#563,#564,#565,#566,#567,#568,#569,#570,#571,#572,#573,
    #574,#575,#576,#577,#578),.UNSPECIFIED.,.F.,.F.,(7,5,5,5,5,5,5,7),(
    0.,0.191996631857,0.33499741709,0.498997200401,0.65899723795,
    0.805997883727,0.929999011406,1.),.UNSPECIFIED.);
#542 = CARTESIAN_POINT('',(6.28318530718,0.99998989899));
#543 = CARTESIAN_POINT('',(6.182657540581,0.99998989899));
#544 = CARTESIAN_POINT('',(6.082118093202,0.99998989899));
#545 = CARTESIAN_POINT('',(5.981592396307,0.99998989899));
#546 = CARTESIAN_POINT('',(5.881066754842,0.99998989899));
#547 = CARTESIAN_POINT('',(5.780527208642,0.99998989899));
#548 = CARTESIAN_POINT('',(5.605125606599,0.99998989899));
#549 = CARTESIAN_POINT('',(5.530249038902,0.99998989899));
#550 = CARTESIAN_POINT('',(5.455375620036,0.99998989899));
#551 = CARTESIAN_POINT('',(5.380502205017,0.99998989899));
#552 = CARTESIAN_POINT('',(5.30562565073,0.99998989899));
#553 = CARTESIAN_POINT('',(5.144883005436,0.99998989899));
#554 = CARTESIAN_POINT('',(5.059008986402,0.99998989899));
#555 = CARTESIAN_POINT('',(4.973141157852,0.99998989899));
#556 = CARTESIAN_POINT('',(4.887273332931,0.99998989899));
#557 = CARTESIAN_POINT('',(4.801399323603,0.99998989899));
#558 = CARTESIAN_POINT('',(4.631756051896,0.99998989899));
#559 = CARTESIAN_POINT('',(4.547976875824,0.99998989899));
#560 = CARTESIAN_POINT('',(4.464203172285,0.99998989899));
#561 = CARTESIAN_POINT('',(4.380429465355,0.99998989899));
#562 = CARTESIAN_POINT('',(4.296650280352,0.99998989899));
#563 = CARTESIAN_POINT('',(4.135907577232,0.99998989899));
#564 = CARTESIAN_POINT('',(4.058936343463,0.99998989899));
#565 = CARTESIAN_POINT('',(3.981968709882,0.99998989899));
#566 = CARTESIAN_POINT('',(3.905001073063,0.99998989899));
#567 = CARTESIAN_POINT('',(3.828029827285,0.99998989899));
#568 = CARTESIAN_POINT('',(3.686135767631,0.99998989899));
#569 = CARTESIAN_POINT('',(3.621208577779,0.99998989899));
#570 = CARTESIAN_POINT('',(3.556282917124,0.99998989899));
#571 = CARTESIAN_POINT('',(3.491357245893,0.99998989899));
#572 = CARTESIAN_POINT('',(3.42643002909,0.99998989899));
#573 = CARTESIAN_POINT('',(3.324852243082,0.99998989899));
#574 = CARTESIAN_POINT('',(3.288200323039,0.99998989899));
#575 = CARTESIAN_POINT('',(3.251548395768,0.99998989899));
#576 = CARTESIAN_POINT('',(3.214896472321,0.99998989899));
#577 = CARTESIAN_POINT('',(3.178244558247,0.99998989899));
#578 = CARTESIAN_POINT('',(3.14159265359,0.99998989899));
#579 = ( GEOMETRIC_REPRESENTATION_CONTEXT(2) 
PARAMETRIC_REPRESENTATION_CONTEXT() REPRESENTATION_CONTEXT('2D SPACE',''
  ) );
#580 = PCURVE('',#581,#586);
#581 = CYLINDRICAL_SURFACE('',#582,0.75);
#582 = AXIS2_PLACEMENT_3D('',#583,#584,#585);
#583 = CARTESIAN_POINT('',(36.75,0.,98.999));
#584 = DIRECTION('',(0.,0.,-1.));
#585 = DIRECTION('',(0.,1.,0.));
#586 = DEFINITIONAL_REPRESENTATION('',(#587),#590);
#587 = B_SPLINE_CURVE_WITH_KNOTS('',1,(#588,#589),.UNSPECIFIED.,.F.,.F.,
  (2,2),(0.498630312201,1.),.PIECEWISE_BEZIER_KNOTS.);
#588 = CARTESIAN_POINT('',(1.566507378566,0.));
#589 = CARTESIAN_POINT('',(3.141578618163,0.));
#590 = ( GEOMETRIC_REPRESENTATION_CONTEXT(2) 
PARAMETRIC_REPRESENTATION_CONTEXT() REPRESENTATION_CONTEXT('2D SPACE',''
  ) );
#591 = ADVANCED_FACE('',(#592),#89,.T.);
#592 = FACE_BOUND('',#593,.T.);
#593 = EDGE_LOOP('',(#594,#595,#596));
#594 = ORIENTED_EDGE('',*,*,#328,.F.);
#595 = ORIENTED_EDGE('',*,*,#72,.T.);
#596 = ORIENTED_EDGE('',*,*,#597,.T.);
#597 = EDGE_CURVE('',#73,#329,#598,.T.);
#598 = SURFACE_CURVE('',#599,(#605,#614),.PCURVE_S1.);
#599 = B_SPLINE_CURVE_WITH_KNOTS('',4,(#600,#601,#602,#603,#604),
  .UNSPECIFIED.,.F.,.F.,(5,5),(0.,1.),.PIECEWISE_BEZIER_KNOTS.);
#600 = CARTESIAN_POINT('',(37.799999863132,3.216713912751E-03,0.));
#601 = CARTESIAN_POINT('',(37.798871932963,3.216713912751E-03,
    0.106151546809));
#602 = CARTESIAN_POINT('',(37.797745406425,3.216713912751E-03,
    0.212303101828));
#603 = CARTESIAN_POINT('',(37.796620292549,3.216713912751E-03,
    0.318454665056));
#604 = CARTESIAN_POINT('',(37.795496600522,3.216713912751E-03,
    0.424606236484));
#605 = PCURVE('',#89,#606);
#606 = DEFINITIONAL_REPRESENTATION('',(#607),#613);
#607 = B_SPLINE_CURVE_WITH_KNOTS('',4,(#608,#609,#610,#611,#612),
  .UNSPECIFIED.,.F.,.F.,(5,5),(0.,1.),.PIECEWISE_BEZIER_KNOTS.);
#608 = CARTESIAN_POINT('',(-73.49799604417,0.));
#609 = CARTESIAN_POINT('',(-73.49849488436,1.072237846559E-03));
#610 = CARTESIAN_POINT('',(-73.49899515091,2.144475776043E-03));
#611 = CARTESIAN_POINT('',(-73.49949685301,3.216713788446E-03));
#612 = CARTESIAN_POINT('',(-73.5,4.288951883677E-03));
#613 = ( GEOMETRIC_REPRESENTATION_CONTEXT(2) 
PARAMETRIC_REPRESENTATION_CONTEXT() REPRESENTATION_CONTEXT('2D SPACE',''
  ) );
#614 = PCURVE('',#137,#615);
#615 = DEFINITIONAL_REPRESENTATION('',(#616),#622);
#616 = B_SPLINE_CURVE_WITH_KNOTS('',4,(#617,#618,#619,#620,#621),
  .UNSPECIFIED.,.F.,.F.,(5,5),(0.,1.),.PIECEWISE_BEZIER_KNOTS.);
#617 = CARTESIAN_POINT('',(-73.49799604417,0.));
#618 = CARTESIAN_POINT('',(-73.49849488436,1.072237846559E-03));
#619 = CARTESIAN_POINT('',(-73.49899515091,2.144475776043E-03));
#620 = CARTESIAN_POINT('',(-73.49949685301,3.216713788446E-03));
#621 = CARTESIAN_POINT('',(-73.5,4.288951883677E-03));
#622 = ( GEOMETRIC_REPRESENTATION_CONTEXT(2) 
PARAMETRIC_REPRESENTATION_CONTEXT() REPRESENTATION_CONTEXT('2D SPACE',''
  ) );
#623 = ADVANCED_FACE('',(#624),#137,.T.);
#624 = FACE_BOUND('',#625,.T.);
#625 = EDGE_LOOP('',(#626,#627,#628,#650,#685,#725,#765));
#626 = ORIENTED_EDGE('',*,*,#597,.F.);
#627 = ORIENTED_EDGE('',*,*,#120,.T.);
#628 = ORIENTED_EDGE('',*,*,#629,.T.);
#629 = EDGE_CURVE('',#121,#630,#632,.T.);
#630 = VERTEX_POINT('',#631);
#631 = CARTESIAN_POINT('',(-36.75001052657,0.750000214828,98.999));
#632 = SURFACE_CURVE('',#633,(#636,#643),.PCURVE_S1.);
#633 = B_SPLINE_CURVE_WITH_KNOTS('',1,(#634,#635),.UNSPECIFIED.,.F.,.F.,
  (2,2),(0.,1.),.PIECEWISE_BEZIER_KNOTS.);
#634 = CARTESIAN_POINT('',(-37.79213073791,0.771267974243,0.));
#635 = CARTESIAN_POINT('',(-36.75,0.75,99.));
#636 = PCURVE('',#137,#637);
#637 = DEFINITIONAL_REPRESENTATION('',(#638),#642);
#638 = LINE('',#639,#640);
#639 = CARTESIAN_POINT('',(0.,0.));
#640 = VECTOR('',#641,1.);
#641 = DIRECTION('',(0.,1.));
#642 = ( GEOMETRIC_REPRESENTATION_CONTEXT(2) 
PARAMETRIC_REPRESENTATION_CONTEXT() REPRESENTATION_CONTEXT('2D SPACE',''
  ) );
#643 = PCURVE('',#185,#644);
#644 = DEFINITIONAL_REPRESENTATION('',(#645),#649);
#645 = LINE('',#646,#647);
#646 = CARTESIAN_POINT('',(3.14159265359,0.));
#647 = VECTOR('',#648,1.);
#648 = DIRECTION('',(0.,1.));
#649 = ( GEOMETRIC_REPRESENTATION_CONTEXT(2) 
PARAMETRIC_REPRESENTATION_CONTEXT() REPRESENTATION_CONTEXT('2D SPACE',''
  ) );
#650 = ORIENTED_EDGE('',*,*,#651,.T.);
#651 = EDGE_CURVE('',#630,#652,#654,.T.);
#652 = VERTEX_POINT('',#653);
#653 = CARTESIAN_POINT('',(-36.75,0.75,98.999));
#654 = SURFACE_CURVE('',#655,(#663,#674),.PCURVE_S1.);
#655 = B_SPLINE_CURVE_WITH_KNOTS('',6,(#656,#657,#658,#659,#660,#661,
    #662),.UNSPECIFIED.,.F.,.F.,(7,7),(0.,1.),.PIECEWISE_BEZIER_KNOTS.);
#656 = CARTESIAN_POINT('',(-36.75001052657,0.750000214828,98.999));
#657 = CARTESIAN_POINT('',(-24.50006860887,0.750198795489,98.999));
#658 = CARTESIAN_POINT('',(-12.2500653307,0.750394658387,98.999));
#659 = CARTESIAN_POINT('',(2.558313894951E-06,0.750492827449,98.999));
#660 = CARTESIAN_POINT('',(12.250069462238,0.75038945501,98.999));
#661 = CARTESIAN_POINT('',(24.500070714717,0.750191046286,98.999));
#662 = CARTESIAN_POINT('',(36.750010606061,0.749992424242,98.999));
#663 = PCURVE('',#137,#664);
#664 = DEFINITIONAL_REPRESENTATION('',(#665),#673);
#665 = B_SPLINE_CURVE_WITH_KNOTS('',6,(#666,#667,#668,#669,#670,#671,
    #672),.UNSPECIFIED.,.F.,.F.,(7,7),(0.,1.),.PIECEWISE_BEZIER_KNOTS.);
#666 = CARTESIAN_POINT('',(0.,0.99998989899));
#667 = CARTESIAN_POINT('',(-12.25006160303,0.99998989899));
#668 = CARTESIAN_POINT('',(-24.50006184754,0.99998989899));
#669 = CARTESIAN_POINT('',(-36.74999748146,0.99998989899));
#670 = CARTESIAN_POINT('',(-48.99993410047,0.99998989899));
#671 = CARTESIAN_POINT('',(-61.24993637063,0.99998989899));
#672 = CARTESIAN_POINT('',(-73.5,0.99998989899));
#673 = ( GEOMETRIC_REPRESENTATION_CONTEXT(2) 
PARAMETRIC_REPRESENTATION_CONTEXT() REPRESENTATION_CONTEXT('2D SPACE',''
  ) );
#674 = PCURVE('',#675,#680);
#675 = CYLINDRICAL_SURFACE('',#676,0.75);
#676 = AXIS2_PLACEMENT_3D('',#677,#678,#679);
#677 = CARTESIAN_POINT('',(-36.75,0.,98.999));
#678 = DIRECTION('',(0.,-0.,-1.));
#679 = DIRECTION('',(0.,-1.,0.));
#680 = DEFINITIONAL_REPRESENTATION('',(#681),#684);
#681 = B_SPLINE_CURVE_WITH_KNOTS('',1,(#682,#683),.UNSPECIFIED.,.F.,.F.,
  (2,2),(0.,1.432193129694E-07),.PIECEWISE_BEZIER_KNOTS.);
#682 = CARTESIAN_POINT('',(3.141578618163,0.));
#683 = CARTESIAN_POINT('',(3.14159265359,0.));
#684 = ( GEOMETRIC_REPRESENTATION_CONTEXT(2) 
PARAMETRIC_REPRESENTATION_CONTEXT() REPRESENTATION_CONTEXT('2D SPACE',''
  ) );
#685 = ORIENTED_EDGE('',*,*,#686,.T.);
#686 = EDGE_CURVE('',#652,#687,#689,.T.);
#687 = VERTEX_POINT('',#688);
#688 = CARTESIAN_POINT('',(36.282740520555,0.75,98.999));
#689 = SURFACE_CURVE('',#690,(#698,#709),.PCURVE_S1.);
#690 = B_SPLINE_CURVE_WITH_KNOTS('',6,(#691,#692,#693,#694,#695,#696,
    #697),.UNSPECIFIED.,.F.,.F.,(7,7),(0.,1.),.PIECEWISE_BEZIER_KNOTS.);
#691 = CARTESIAN_POINT('',(-36.75001052657,0.750000214828,98.999));
#692 = CARTESIAN_POINT('',(-24.50006860887,0.750198795489,98.999));
#693 = CARTESIAN_POINT('',(-12.2500653307,0.750394658387,98.999));
#694 = CARTESIAN_POINT('',(2.558313894951E-06,0.750492827449,98.999));
#695 = CARTESIAN_POINT('',(12.250069462238,0.75038945501,98.999));
#696 = CARTESIAN_POINT('',(24.500070714717,0.750191046286,98.999));
#697 = CARTESIAN_POINT('',(36.750010606061,0.749992424242,98.999));
#698 = PCURVE('',#137,#699);
#699 = DEFINITIONAL_REPRESENTATION('',(#700),#708);
#700 = B_SPLINE_CURVE_WITH_KNOTS('',6,(#701,#702,#703,#704,#705,#706,
    #707),.UNSPECIFIED.,.F.,.F.,(7,7),(0.,1.),.PIECEWISE_BEZIER_KNOTS.);
#701 = CARTESIAN_POINT('',(0.,0.99998989899));
#702 = CARTESIAN_POINT('',(-12.25006160303,0.99998989899));
#703 = CARTESIAN_POINT('',(-24.50006184754,0.99998989899));
#704 = CARTESIAN_POINT('',(-36.74999748146,0.99998989899));
#705 = CARTESIAN_POINT('',(-48.99993410047,0.99998989899));
#706 = CARTESIAN_POINT('',(-61.24993637063,0.99998989899));
#707 = CARTESIAN_POINT('',(-73.5,0.99998989899));
#708 = ( GEOMETRIC_REPRESENTATION_CONTEXT(2) 
PARAMETRIC_REPRESENTATION_CONTEXT() REPRESENTATION_CONTEXT('2D SPACE',''
  ) );
#709 = PCURVE('',#710,#715);
#710 = PLANE('',#711);
#711 = AXIS2_PLACEMENT_3D('',#712,#713,#714);
#712 = CARTESIAN_POINT('',(-200.,-200.,98.999));
#713 = DIRECTION('',(0.,0.,1.));
#714 = DIRECTION('',(1.,0.,0.));
#715 = DEFINITIONAL_REPRESENTATION('',(#716),#724);
#716 = B_SPLINE_CURVE_WITH_KNOTS('',6,(#717,#718,#719,#720,#721,#722,
    #723),.UNSPECIFIED.,.F.,.F.,(7,7),(0.,1.),.PIECEWISE_BEZIER_KNOTS.);
#717 = CARTESIAN_POINT('',(163.24998947342,200.75000021482));
#718 = CARTESIAN_POINT('',(175.49993139113,200.75019879548));
#719 = CARTESIAN_POINT('',(187.74993466929,200.75039465838));
#720 = CARTESIAN_POINT('',(200.00000255831,200.75049282744));
#721 = CARTESIAN_POINT('',(212.25006946223,200.75038945501));
#722 = CARTESIAN_POINT('',(224.50007071471,200.75019104628));
#723 = CARTESIAN_POINT('',(236.75001060606,200.74999242424));
#724 = ( GEOMETRIC_REPRESENTATION_CONTEXT(2) 
PARAMETRIC_REPRESENTATION_CONTEXT() REPRESENTATION_CONTEXT('2D SPACE',''
  ) );
#725 = ORIENTED_EDGE('',*,*,#726,.T.);
#726 = EDGE_CURVE('',#687,#727,#729,.T.);
#727 = VERTEX_POINT('',#728);
#728 = CARTESIAN_POINT('',(36.750010606061,0.749992424242,98.999));
#729 = SURFACE_CURVE('',#730,(#738,#749),.PCURVE_S1.);
#730 = B_SPLINE_CURVE_WITH_KNOTS('',6,(#731,#732,#733,#734,#735,#736,
    #737),.UNSPECIFIED.,.F.,.F.,(7,7),(0.,1.),.PIECEWISE_BEZIER_KNOTS.);
#731 = CARTESIAN_POINT('',(-36.75001052657,0.750000214828,98.999));
#732 = CARTESIAN_POINT('',(-24.50006860887,0.750198795489,98.999));
#733 = CARTESIAN_POINT('',(-12.2500653307,0.750394658387,98.999));
#734 = CARTESIAN_POINT('',(2.558313894951E-06,0.750492827449,98.999));
#735 = CARTESIAN_POINT('',(12.250069462238,0.75038945501,98.999));
#736 = CARTESIAN_POINT('',(24.500070714717,0.750191046286,98.999));
#737 = CARTESIAN_POINT('',(36.750010606061,0.749992424242,98.999));
#738 = PCURVE('',#137,#739);
#739 = DEFINITIONAL_REPRESENTATION('',(#740),#748);
#740 = B_SPLINE_CURVE_WITH_KNOTS('',6,(#741,#742,#743,#744,#745,#746,
    #747),.UNSPECIFIED.,.F.,.F.,(7,7),(0.,1.),.PIECEWISE_BEZIER_KNOTS.);
#741 = CARTESIAN_POINT('',(0.,0.99998989899));
#742 = CARTESIAN_POINT('',(-12.25006160303,0.99998989899));
#743 = CARTESIAN_POINT('',(-24.50006184754,0.99998989899));
#744 = CARTESIAN_POINT('',(-36.74999748146,0.99998989899));
#745 = CARTESIAN_POINT('',(-48.99993410047,0.99998989899));
#746 = CARTESIAN_POINT('',(-61.24993637063,0.99998989899));
#747 = CARTESIAN_POINT('',(-73.5,0.99998989899));
#748 = ( GEOMETRIC_REPRESENTATION_CONTEXT(2) 
PARAMETRIC_REPRESENTATION_CONTEXT() REPRESENTATION_CONTEXT('2D SPACE',''
  ) );
#749 = PCURVE('',#750,#755);
#750 = PLANE('',#751);
#751 = AXIS2_PLACEMENT_3D('',#752,#753,#754);
#752 = CARTESIAN_POINT('',(3.400287019314E-16,-3.664102391502E-19,98.999
    ));
#753 = DIRECTION('',(-0.,-0.,-1.));
#754 = DIRECTION('',(-1.,0.,0.));
#755 = DEFINITIONAL_REPRESENTATION('',(#756),#764);
#756 = B_SPLINE_CURVE_WITH_KNOTS('',6,(#757,#758,#759,#760,#761,#762,
    #763),.UNSPECIFIED.,.F.,.F.,(7,7),(0.,1.),.PIECEWISE_BEZIER_KNOTS.);
#757 = CARTESIAN_POINT('',(36.750010526573,0.750000214828));
#758 = CARTESIAN_POINT('',(24.50006860887,0.750198795489));
#759 = CARTESIAN_POINT('',(12.250065330705,0.750394658387));
#760 = CARTESIAN_POINT('',(-2.558313894611E-06,0.750492827449));
#761 = CARTESIAN_POINT('',(-12.25006946223,0.75038945501));
#762 = CARTESIAN_POINT('',(-24.50007071471,0.750191046286));
#763 = CARTESIAN_POINT('',(-36.75001060606,0.749992424242));
#764 = ( GEOMETRIC_REPRESENTATION_CONTEXT(2) 
PARAMETRIC_REPRESENTATION_CONTEXT() REPRESENTATION_CONTEXT('2D SPACE',''
  ) );
#765 = ORIENTED_EDGE('',*,*,#766,.F.);
#766 = EDGE_CURVE('',#329,#727,#767,.T.);
#767 = SURFACE_CURVE('',#768,(#771,#778),.PCURVE_S1.);
#768 = B_SPLINE_CURVE_WITH_KNOTS('',1,(#769,#770),.UNSPECIFIED.,.F.,.F.,
  (2,2),(0.,1.),.PIECEWISE_BEZIER_KNOTS.);
#769 = CARTESIAN_POINT('',(37.8,-7.105427357601E-15,0.));
#770 = CARTESIAN_POINT('',(36.75,0.75,99.));
#771 = PCURVE('',#137,#772);
#772 = DEFINITIONAL_REPRESENTATION('',(#773),#777);
#773 = LINE('',#774,#775);
#774 = CARTESIAN_POINT('',(-73.5,0.));
#775 = VECTOR('',#776,1.);
#776 = DIRECTION('',(0.,1.));
#777 = ( GEOMETRIC_REPRESENTATION_CONTEXT(2) 
PARAMETRIC_REPRESENTATION_CONTEXT() REPRESENTATION_CONTEXT('2D SPACE',''
  ) );
#778 = PCURVE('',#436,#779);
#779 = DEFINITIONAL_REPRESENTATION('',(#780),#784);
#780 = LINE('',#781,#782);
#781 = CARTESIAN_POINT('',(6.28318530718,0.));
#782 = VECTOR('',#783,1.);
#783 = DIRECTION('',(0.,1.));
#784 = ( GEOMETRIC_REPRESENTATION_CONTEXT(2) 
PARAMETRIC_REPRESENTATION_CONTEXT() REPRESENTATION_CONTEXT('2D SPACE',''
  ) );
#785 = ADVANCED_FACE('',(#786),#185,.T.);
#786 = FACE_BOUND('',#787,.T.);
#787 = EDGE_LOOP('',(#788,#789,#790,#834));
#788 = ORIENTED_EDGE('',*,*,#629,.F.);
#789 = ORIENTED_EDGE('',*,*,#168,.T.);
#790 = ORIENTED_EDGE('',*,*,#791,.T.);
#791 = EDGE_CURVE('',#169,#792,#794,.T.);
#792 = VERTEX_POINT('',#793);
#793 = CARTESIAN_POINT('',(-37.49999607682,3.216713912751E-03,98.999));
#794 = SURFACE_CURVE('',#795,(#806,#820),.PCURVE_S1.);
#795 = B_SPLINE_CURVE_WITH_KNOTS('',5,(#796,#797,#798,#799,#800,#801,
    #802,#803,#804,#805),.UNSPECIFIED.,.F.,.F.,(6,4,6),(0.,
    0.842000002342,1.),.UNSPECIFIED.);
#796 = CARTESIAN_POINT('',(-37.79999986313,3.216713912751E-03,0.));
#797 = CARTESIAN_POINT('',(-37.74947719109,3.216713912751E-03,
    16.671600036235));
#798 = CARTESIAN_POINT('',(-37.69895569622,3.216713912751E-03,
    33.343200080379));
#799 = CARTESIAN_POINT('',(-37.64843464493,3.216713912751E-03,
    50.014800127579));
#800 = CARTESIAN_POINT('',(-37.59791394192,3.216713912751E-03,
    66.686400176733));
#801 = CARTESIAN_POINT('',(-37.53791335127,3.216713912751E-03,
    86.486400181832));
#802 = CARTESIAN_POINT('',(-37.52843326553,3.216713912751E-03,
    89.614800136313));
#803 = CARTESIAN_POINT('',(-37.51895318655,3.216713912751E-03,
    92.743200090837));
#804 = CARTESIAN_POINT('',(-37.5094731137,3.216713912751E-03,
    95.8716000454));
#805 = CARTESIAN_POINT('',(-37.4999930465,3.216713912751E-03,99.));
#806 = PCURVE('',#185,#807);
#807 = DEFINITIONAL_REPRESENTATION('',(#808),#819);
#808 = B_SPLINE_CURVE_WITH_KNOTS('',5,(#809,#810,#811,#812,#813,#814,
    #815,#816,#817,#818),.UNSPECIFIED.,.F.,.F.,(6,4,6),(0.,
    0.842000002342,1.),.UNSPECIFIED.);
#809 = CARTESIAN_POINT('',(4.7058381421,0.));
#810 = CARTESIAN_POINT('',(4.706419909718,0.168400000366));
#811 = CARTESIAN_POINT('',(4.706872857408,0.336800000812));
#812 = CARTESIAN_POINT('',(4.707251924966,0.505200001289));
#813 = CARTESIAN_POINT('',(4.707573537111,0.673600001785));
#814 = CARTESIAN_POINT('',(4.707904884159,0.873600001837));
#815 = CARTESIAN_POINT('',(4.707955726691,0.905200001377));
#816 = CARTESIAN_POINT('',(4.708005145563,0.936800000918));
#817 = CARTESIAN_POINT('',(4.708053218681,0.968400000459));
#818 = CARTESIAN_POINT('',(4.708100015207,1.));
#819 = ( GEOMETRIC_REPRESENTATION_CONTEXT(2) 
PARAMETRIC_REPRESENTATION_CONTEXT() REPRESENTATION_CONTEXT('2D SPACE',''
  ) );
#820 = PCURVE('',#229,#821);
#821 = DEFINITIONAL_REPRESENTATION('',(#822),#833);
#822 = B_SPLINE_CURVE_WITH_KNOTS('',5,(#823,#824,#825,#826,#827,#828,
    #829,#830,#831,#832),.UNSPECIFIED.,.F.,.F.,(6,4,6),(0.,
    0.842000002342,1.),.UNSPECIFIED.);
#823 = CARTESIAN_POINT('',(4.7058381421,0.));
#824 = CARTESIAN_POINT('',(4.706419909718,0.168400000366));
#825 = CARTESIAN_POINT('',(4.706872857408,0.336800000812));
#826 = CARTESIAN_POINT('',(4.707251924966,0.505200001289));
#827 = CARTESIAN_POINT('',(4.707573537111,0.673600001785));
#828 = CARTESIAN_POINT('',(4.707904884159,0.873600001837));
#829 = CARTESIAN_POINT('',(4.707955726691,0.905200001377));
#830 = CARTESIAN_POINT('',(4.708005145563,0.936800000918));
#831 = CARTESIAN_POINT('',(4.708053218681,0.968400000459));
#832 = CARTESIAN_POINT('',(4.708100015207,1.));
#833 = ( GEOMETRIC_REPRESENTATION_CONTEXT(2) 
PARAMETRIC_REPRESENTATION_CONTEXT() REPRESENTATION_CONTEXT('2D SPACE',''
  ) );
#834 = ORIENTED_EDGE('',*,*,#835,.T.);
#835 = EDGE_CURVE('',#792,#630,#836,.T.);
#836 = SURFACE_CURVE('',#837,(#936,#1038),.PCURVE_S1.);
#837 = B_SPLINE_CURVE_WITH_KNOTS('',4,(#838,#839,#840,#841,#842,#843,
    #844,#845,#846,#847,#848,#849,#850,#851,#852,#853,#854,#855,#856,
    #857,#858,#859,#860,#861,#862,#863,#864,#865,#866,#867,#868,#869,
    #870,#871,#872,#873,#874,#875,#876,#877,#878,#879,#880,#881,#882,
    #883,#884,#885,#886,#887,#888,#889,#890,#891,#892,#893,#894,#895,
    #896,#897,#898,#899,#900,#901,#902,#903,#904,#905,#906,#907,#908,
    #909,#910,#911,#912,#913,#914,#915,#916,#917,#918,#919,#920,#921,
    #922,#923,#924,#925,#926,#927,#928,#929,#930,#931,#932,#933,#934,
    #935),.UNSPECIFIED.,.F.,.F.,(5,3,3,3,3,3,3,3,3,3,3,3,3,3,3,3,3,3,3,3
    ,3,3,3,3,3,3,3,3,3,3,3,3,5),(0.,2.900002657764E-02,5.80000529129E-02
    ,8.600007792148E-02,0.107000096321,0.126000112644,0.155000136864,
    0.185000160996,0.214000183411,0.234000198362,0.263000219281,
    0.292000239365,0.321000258647,0.346000274645,0.375000292414,
    0.392000302423,0.421000318635,0.458000337374,0.487000350213,
    0.516000360908,0.542000368274,0.571000373504,0.6000003751,
    0.627000372929,0.656000366346,0.676000359179,0.816000177454,
    0.840000155111,0.866000131062,0.885000113924,0.904000097236,
    0.929000075696,1.),.UNSPECIFIED.);
#838 = CARTESIAN_POINT('',(-37.49999607879,3.216252591073E-03,98.999));
#839 = CARTESIAN_POINT('',(-37.49995955157,1.173403129363E-02,98.999));
#840 = CARTESIAN_POINT('',(-37.49979404158,2.025125698796E-02,98.999));
#841 = CARTESIAN_POINT('',(-37.4994995614,2.876499929761E-02,98.999));
#842 = CARTESIAN_POINT('',(-37.4986529519,4.577966350922E-02,98.999));
#843 = CARTESIAN_POINT('',(-37.49810082256,5.428058564871E-02,98.999));
#844 = CARTESIAN_POINT('',(-37.49742001425,6.277217107467E-02,98.999));
#845 = CARTESIAN_POINT('',(-37.49582950019,7.943844332786E-02,98.999));
#846 = CARTESIAN_POINT('',(-37.49492849696,8.761396088869E-02,98.999));
#847 = CARTESIAN_POINT('',(-37.49390804619,9.577542969114E-02,98.999));
#848 = CARTESIAN_POINT('',(-37.49191386367,0.110028843459,98.999));
#849 = CARTESIAN_POINT('',(-37.49099223032,0.116128077637,98.999));
#850 = CARTESIAN_POINT('',(-37.49000376743,0.12221683826,98.999));
#851 = CARTESIAN_POINT('',(-37.48799404911,0.133792439774,98.999));
#852 = CARTESIAN_POINT('',(-37.48698488242,0.139281379525,98.999));
#853 = CARTESIAN_POINT('',(-37.48592130618,0.144760036471,98.999));
#854 = CARTESIAN_POINT('',(-37.48309733803,0.158572836639,98.999));
#855 = CARTESIAN_POINT('',(-37.48126482042,0.166892234127,98.999));
#856 = CARTESIAN_POINT('',(-37.47930651955,0.175182924722,98.999));
#857 = CARTESIAN_POINT('',(-37.47506794447,0.191986007047,98.999));
#858 = CARTESIAN_POINT('',(-37.4727788962,0.20049618578,98.999));
#859 = CARTESIAN_POINT('',(-37.47035680075,0.208969457565,98.999));
#860 = CARTESIAN_POINT('',(-37.46533353627,0.225554868499,98.999));
#861 = CARTESIAN_POINT('',(-37.46274102751,0.23366963089,98.999));
#862 = CARTESIAN_POINT('',(-37.46002592156,0.241744200062,98.999));
#863 = CARTESIAN_POINT('',(-37.4552328307,0.255314856047,98.999));
#864 = CARTESIAN_POINT('',(-37.45321862103,0.260833468207,98.999));
#865 = CARTESIAN_POINT('',(-37.45114688537,0.266330743097,98.999));
#866 = CARTESIAN_POINT('',(-37.4459310477,0.279744595382,98.999));
#867 = CARTESIAN_POINT('',(-37.44272390722,0.287636660982,98.999));
#868 = CARTESIAN_POINT('',(-37.43939761255,0.295479250521,98.999));
#869 = CARTESIAN_POINT('',(-37.4325090847,0.311060116906,98.999));
#870 = CARTESIAN_POINT('',(-37.42894685143,0.318798393972,98.999));
#871 = CARTESIAN_POINT('',(-37.42526783369,0.32648183486,98.999));
#872 = CARTESIAN_POINT('',(-37.41767884017,0.341733796874,98.999));
#873 = CARTESIAN_POINT('',(-37.41376886429,0.349302318217,98.999));
#874 = CARTESIAN_POINT('',(-37.40974471467,0.356810756415,98.999));
#875 = CARTESIAN_POINT('',(-37.40204152138,0.370675337156,98.999));
#876 = CARTESIAN_POINT('',(-37.39839143615,0.377047569326,98.999));
#877 = CARTESIAN_POINT('',(-37.39465847061,0.383371605354,98.999));
#878 = CARTESIAN_POINT('',(-37.38641835033,0.396923954536,98.999));
#879 = CARTESIAN_POINT('',(-37.38188288912,0.404135056909,98.999));
#880 = CARTESIAN_POINT('',(-37.37723873888,0.411276644392,98.999));
#881 = CARTESIAN_POINT('',(-37.36970234529,0.422490556659,98.999));
#882 = CARTESIAN_POINT('',(-37.36688036835,0.426610104776,98.999));
#883 = CARTESIAN_POINT('',(-37.36402193257,0.430704439268,98.999));
#884 = CARTESIAN_POINT('',(-37.35618961436,0.441713700048,98.999));
#885 = CARTESIAN_POINT('',(-37.35114674777,0.448579548952,98.999));
#886 = CARTESIAN_POINT('',(-37.34600047915,0.455368238121,98.999));
#887 = CARTESIAN_POINT('',(-37.33405706223,0.47063749982,98.999));
#888 = CARTESIAN_POINT('',(-37.32719612882,0.47906818096,98.999));
#889 = CARTESIAN_POINT('',(-37.32017356405,0.48736470836,98.999));
#890 = CARTESIAN_POINT('',(-37.3073656857,0.501916467303,98.999));
#891 = CARTESIAN_POINT('',(-37.30164115926,0.508225202202,98.999));
#892 = CARTESIAN_POINT('',(-37.29582174647,0.514446517832,98.999));
#893 = CARTESIAN_POINT('',(-37.28399721677,0.526710091055,98.999));
#894 = CARTESIAN_POINT('',(-37.27799209971,0.532752348832,98.999));
#895 = CARTESIAN_POINT('',(-37.2718961643,0.53870296849,98.999));
#896 = CARTESIAN_POINT('',(-37.26016670167,0.549811008075,98.999));
#897 = CARTESIAN_POINT('',(-37.25455057499,0.554986802397,98.999));
#898 = CARTESIAN_POINT('',(-37.24886469159,0.56008586599,98.999));
#899 = CARTESIAN_POINT('',(-37.23669266562,0.570707094085,98.999));
#900 = CARTESIAN_POINT('',(-37.23018988486,0.576210191203,98.999));
#901 = CARTESIAN_POINT('',(-37.22360450842,0.581614175148,98.999));
#902 = CARTESIAN_POINT('',(-37.21027315148,0.592220267198,98.999));
#903 = CARTESIAN_POINT('',(-37.20352717082,0.597422375477,98.999));
#904 = CARTESIAN_POINT('',(-37.19670318081,0.602521721942,98.999));
#905 = CARTESIAN_POINT('',(-37.18337976662,0.612166980283,98.999));
#906 = CARTESIAN_POINT('',(-37.17689041508,0.616726806424,98.999));
#907 = CARTESIAN_POINT('',(-37.17033741617,0.621194679846,98.999));
#908 = CARTESIAN_POINT('',(-37.15661809391,0.630267957103,98.999));
#909 = CARTESIAN_POINT('',(-37.14944229499,0.634859033497,98.999));
#910 = CARTESIAN_POINT('',(-37.14219778991,0.639340908695,98.999));
#911 = CARTESIAN_POINT('',(-37.129845235,0.646726678569,98.999));
#912 = CARTESIAN_POINT('',(-37.12477189411,0.649688624335,98.999));
#913 = CARTESIAN_POINT('',(-37.11966789599,0.652597422926,98.999));
#914 = CARTESIAN_POINT('',(-37.07859740649,0.675438878281,98.999));
#915 = CARTESIAN_POINT('',(-37.04119940437,0.692798183435,98.999));
#916 = CARTESIAN_POINT('',(-37.00262962103,0.707369614125,98.999));
#917 = CARTESIAN_POINT('',(-36.95644719592,0.721062768289,98.999));
#918 = CARTESIAN_POINT('',(-36.94966367745,0.722981948335,98.999));
#919 = CARTESIAN_POINT('',(-36.9428566386,0.72481595943,98.999));
#920 = CARTESIAN_POINT('',(-36.9286296588,0.728458522319,98.999));
#921 = CARTESIAN_POINT('',(-36.92120591366,0.730252216345,98.999));
#922 = CARTESIAN_POINT('',(-36.91375849857,0.731944947909,98.999));
#923 = CARTESIAN_POINT('',(-36.90083134899,0.734699171302,98.999));
#924 = CARTESIAN_POINT('',(-36.89536168167,0.735807914308,98.999));
#925 = CARTESIAN_POINT('',(-36.88988128286,0.736862334273,98.999));
#926 = CARTESIAN_POINT('',(-36.87890064354,0.738862232848,98.999));
#927 = CARTESIAN_POINT('',(-36.87340040299,0.739807711461,98.999));
#928 = CARTESIAN_POINT('',(-36.86789105233,0.74069857174,98.999));
#929 = CARTESIAN_POINT('',(-36.85511334563,0.742634846165,98.999));
#930 = CARTESIAN_POINT('',(-36.8478389231,0.743640227546,98.999));
#931 = CARTESIAN_POINT('',(-36.84055199487,0.744550553133,98.999));
#932 = CARTESIAN_POINT('',(-36.81252933762,0.747680388614,98.999));
#933 = CARTESIAN_POINT('',(-36.79171842087,0.749226801318,98.999));
#934 = CARTESIAN_POINT('',(-36.77086446297,0.750000076942,98.999));
#935 = CARTESIAN_POINT('',(-36.75001052657,0.750000214828,98.999));
#936 = PCURVE('',#185,#937);
#937 = DEFINITIONAL_REPRESENTATION('',(#938),#1037);
#938 = B_SPLINE_CURVE_WITH_KNOTS('',4,(#939,#940,#941,#942,#943,#944,
    #945,#946,#947,#948,#949,#950,#951,#952,#953,#954,#955,#956,#957,
    #958,#959,#960,#961,#962,#963,#964,#965,#966,#967,#968,#969,#970,
    #971,#972,#973,#974,#975,#976,#977,#978,#979,#980,#981,#982,#983,
    #984,#985,#986,#987,#988,#989,#990,#991,#992,#993,#994,#995,#996,
    #997,#998,#999,#1000,#1001,#1002,#1003,#1004,#1005,#1006,#1007,#1008
    ,#1009,#1010,#1011,#1012,#1013,#1014,#1015,#1016,#1017,#1018,#1019,
    #1020,#1021,#1022,#1023,#1024,#1025,#1026,#1027,#1028,#1029,#1030,
    #1031,#1032,#1033,#1034,#1035,#1036),.UNSPECIFIED.,.F.,.F.,(5,3,3,3,
    3,3,3,3,3,3,3,3,3,3,3,3,3,3,3,3,3,3,3,3,3,3,3,3,3,3,3,3,5),(0.,
    2.900002657764E-02,5.80000529129E-02,8.600007792148E-02,
    0.107000096321,0.126000112644,0.155000136864,0.185000160996,
    0.214000183411,0.234000198362,0.263000219281,0.292000239365,
    0.321000258647,0.346000274645,0.375000292414,0.392000302423,
    0.421000318635,0.458000337374,0.487000350213,0.516000360908,
    0.542000368274,0.571000373504,0.6000003751,0.627000372929,
    0.656000366346,0.676000359179,0.816000177454,0.840000155111,
    0.866000131062,0.885000113924,0.904000097236,0.929000075696,1.),
  .UNSPECIFIED.);
#939 = CARTESIAN_POINT('',(4.708100615352,0.99998989899));
#940 = CARTESIAN_POINT('',(4.69674343266,0.99998989899));
#941 = CARTESIAN_POINT('',(4.685386249941,0.99998989899));
#942 = CARTESIAN_POINT('',(4.674029067205,0.99998989899));
#943 = CARTESIAN_POINT('',(4.651314701812,0.99998989899));
#944 = CARTESIAN_POINT('',(4.639957519107,0.99998989899));
#945 = CARTESIAN_POINT('',(4.628600336356,0.99998989899));
#946 = CARTESIAN_POINT('',(4.606277597941,0.99998989899));
#947 = CARTESIAN_POINT('',(4.595312042236,0.99998989899));
#948 = CARTESIAN_POINT('',(4.584346486466,0.99998989899));
#949 = CARTESIAN_POINT('',(4.565156763911,0.99998989899));
#950 = CARTESIAN_POINT('',(4.556932597135,0.99998989899));
#951 = CARTESIAN_POINT('',(4.548708430311,0.99998989899));
#952 = CARTESIAN_POINT('',(4.53304335069,0.99998989899));
#953 = CARTESIAN_POINT('',(4.525602437893,0.99998989899));
#954 = CARTESIAN_POINT('',(4.518161525052,0.99998989899));
#955 = CARTESIAN_POINT('',(4.499363429622,0.99998989899));
#956 = CARTESIAN_POINT('',(4.488006246945,0.99998989899));
#957 = CARTESIAN_POINT('',(4.476649064157,0.99998989899));
#958 = CARTESIAN_POINT('',(4.453543071766,0.99998989899));
#959 = CARTESIAN_POINT('',(4.441794262103,0.99998989899));
#960 = CARTESIAN_POINT('',(4.430045452314,0.99998989899));
#961 = CARTESIAN_POINT('',(4.406939459893,0.99998989899));
#962 = CARTESIAN_POINT('',(4.395582277217,0.99998989899));
#963 = CARTESIAN_POINT('',(4.384225094423,0.99998989899));
#964 = CARTESIAN_POINT('',(4.365035371811,0.99998989899));
#965 = CARTESIAN_POINT('',(4.357202832028,0.99998989899));
#966 = CARTESIAN_POINT('',(4.349370292189,0.99998989899));
#967 = CARTESIAN_POINT('',(4.330180569758,0.99998989899));
#968 = CARTESIAN_POINT('',(4.318823387078,0.99998989899));
#969 = CARTESIAN_POINT('',(4.307466204286,0.99998989899));
#970 = CARTESIAN_POINT('',(4.284751838859,0.99998989899));
#971 = CARTESIAN_POINT('',(4.273394656176,0.99998989899));
#972 = CARTESIAN_POINT('',(4.262037473387,0.99998989899));
#973 = CARTESIAN_POINT('',(4.239323107962,0.99998989899));
#974 = CARTESIAN_POINT('',(4.227965925278,0.99998989899));
#975 = CARTESIAN_POINT('',(4.216608742492,0.99998989899));
#976 = CARTESIAN_POINT('',(4.195460884987,0.99998989899));
#977 = CARTESIAN_POINT('',(4.18567021026,0.99998989899));
#978 = CARTESIAN_POINT('',(4.175879535455,0.99998989899));
#979 = CARTESIAN_POINT('',(4.154731678038,0.99998989899));
#980 = CARTESIAN_POINT('',(4.143374495362,0.99998989899));
#981 = CARTESIAN_POINT('',(4.132017312575,0.99998989899));
#982 = CARTESIAN_POINT('',(4.114002470919,0.99998989899));
#983 = CARTESIAN_POINT('',(4.107344812103,0.99998989899));
#984 = CARTESIAN_POINT('',(4.100687153244,0.99998989899));
#985 = CARTESIAN_POINT('',(4.082672311845,0.99998989899));
#986 = CARTESIAN_POINT('',(4.07131512919,0.99998989899));
#987 = CARTESIAN_POINT('',(4.05995794639,0.99998989899));
#988 = CARTESIAN_POINT('',(4.034110565289,0.99998989899));
#989 = CARTESIAN_POINT('',(4.019620366778,0.99998989899));
#990 = CARTESIAN_POINT('',(4.005130167961,0.99998989899));
#991 = CARTESIAN_POINT('',(3.979282786514,0.99998989899));
#992 = CARTESIAN_POINT('',(3.967925603918,0.99998989899));
#993 = CARTESIAN_POINT('',(3.956568421073,0.99998989899));
#994 = CARTESIAN_POINT('',(3.933854055714,0.99998989899));
#995 = CARTESIAN_POINT('',(3.922496873151,0.99998989899));
#996 = CARTESIAN_POINT('',(3.911139690277,0.99998989899));
#997 = CARTESIAN_POINT('',(3.889600205779,0.99998989899));
#998 = CARTESIAN_POINT('',(3.879417904184,0.99998989899));
#999 = CARTESIAN_POINT('',(3.869235602287,0.99998989899));
#1000 = CARTESIAN_POINT('',(3.847696118012,0.99998989899));
#1001 = CARTESIAN_POINT('',(3.836338935515,0.99998989899));
#1002 = CARTESIAN_POINT('',(3.824981752576,0.99998989899));
#1003 = CARTESIAN_POINT('',(3.802267387219,0.99998989899));
#1004 = CARTESIAN_POINT('',(3.790910204753,0.99998989899));
#1005 = CARTESIAN_POINT('',(3.779553021779,0.99998989899));
#1006 = CARTESIAN_POINT('',(3.757621910276,0.99998989899));
#1007 = CARTESIAN_POINT('',(3.747047981777,0.99998989899));
#1008 = CARTESIAN_POINT('',(3.736474052793,0.99998989899));
#1009 = CARTESIAN_POINT('',(3.714542941492,0.99998989899));
#1010 = CARTESIAN_POINT('',(3.703185759059,0.99998989899));
#1011 = CARTESIAN_POINT('',(3.691828576033,0.99998989899));
#1012 = CARTESIAN_POINT('',(3.672638853053,0.99998989899));
#1013 = CARTESIAN_POINT('',(3.664806313384,0.99998989899));
#1014 = CARTESIAN_POINT('',(3.656973773431,0.99998989899));
#1015 = CARTESIAN_POINT('',(3.594313503111,0.99998989899));
#1016 = CARTESIAN_POINT('',(3.539485696005,0.99998989899));
#1017 = CARTESIAN_POINT('',(3.484657876757,0.99998989899));
#1018 = CARTESIAN_POINT('',(3.420431070841,0.99998989899));
#1019 = CARTESIAN_POINT('',(3.411032023055,0.99998989899));
#1020 = CARTESIAN_POINT('',(3.401632975249,0.99998989899));
#1021 = CARTESIAN_POINT('',(3.382051625652,0.99998989899));
#1022 = CARTESIAN_POINT('',(3.37186932384,0.99998989899));
#1023 = CARTESIAN_POINT('',(3.361687022098,0.99998989899));
#1024 = CARTESIAN_POINT('',(3.344063807565,0.99998989899));
#1025 = CARTESIAN_POINT('',(3.336622894712,0.99998989899));
#1026 = CARTESIAN_POINT('',(3.32918198192,0.99998989899));
#1027 = CARTESIAN_POINT('',(3.314300156289,0.99998989899));
#1028 = CARTESIAN_POINT('',(3.306859243443,0.99998989899));
#1029 = CARTESIAN_POINT('',(3.299418330657,0.99998989899));
#1030 = CARTESIAN_POINT('',(3.2821867431,0.99998989899));
#1031 = CARTESIAN_POINT('',(3.272396068347,0.99998989899));
#1032 = CARTESIAN_POINT('',(3.262605393635,0.99998989899));
#1033 = CARTESIAN_POINT('',(3.225009208245,0.99998989899));
#1034 = CARTESIAN_POINT('',(3.197203694908,0.99998989899));
#1035 = CARTESIAN_POINT('',(3.169398179245,0.99998989899));
#1036 = CARTESIAN_POINT('',(3.14159265359,0.99998989899));
#1037 = ( GEOMETRIC_REPRESENTATION_CONTEXT(2) 
PARAMETRIC_REPRESENTATION_CONTEXT() REPRESENTATION_CONTEXT('2D SPACE',''
  ) );
#1038 = PCURVE('',#675,#1039);
#1039 = DEFINITIONAL_REPRESENTATION('',(#1040),#1043);
#1040 = B_SPLINE_CURVE_WITH_KNOTS('',1,(#1041,#1042),.UNSPECIFIED.,.F.,
  .F.,(2,2),(0.,1.),.PIECEWISE_BEZIER_KNOTS.);
#1041 = CARTESIAN_POINT('',(1.575085274815,0.));
#1042 = CARTESIAN_POINT('',(3.141578618163,0.));
#1043 = ( GEOMETRIC_REPRESENTATION_CONTEXT(2) 
PARAMETRIC_REPRESENTATION_CONTEXT() REPRESENTATION_CONTEXT('2D SPACE',''
  ) );
#1044 = ADVANCED_FACE('',(#1045),#229,.T.);
#1045 = FACE_BOUND('',#1046,.T.);
#1046 = EDGE_LOOP('',(#1047,#1048,#1049,#1071));
#1047 = ORIENTED_EDGE('',*,*,#791,.F.);
#1048 = ORIENTED_EDGE('',*,*,#212,.T.);
#1049 = ORIENTED_EDGE('',*,*,#1050,.T.);
#1050 = EDGE_CURVE('',#213,#1051,#1053,.T.);
#1051 = VERTEX_POINT('',#1052);
#1052 = CARTESIAN_POINT('',(-36.75001052657,-0.750000214828,98.999));
#1053 = SURFACE_CURVE('',#1054,(#1057,#1064),.PCURVE_S1.);
#1054 = B_SPLINE_CURVE_WITH_KNOTS('',1,(#1055,#1056),.UNSPECIFIED.,.F.,
  .F.,(2,2),(0.,1.),.PIECEWISE_BEZIER_KNOTS.);
#1055 = CARTESIAN_POINT('',(-37.79213073791,-0.771267974243,0.));
#1056 = CARTESIAN_POINT('',(-36.75,-0.75,99.));
#1057 = PCURVE('',#229,#1058);
#1058 = DEFINITIONAL_REPRESENTATION('',(#1059),#1063);
#1059 = LINE('',#1060,#1061);
#1060 = CARTESIAN_POINT('',(6.28318530718,0.));
#1061 = VECTOR('',#1062,1.);
#1062 = DIRECTION('',(0.,1.));
#1063 = ( GEOMETRIC_REPRESENTATION_CONTEXT(2) 
PARAMETRIC_REPRESENTATION_CONTEXT() REPRESENTATION_CONTEXT('2D SPACE',''
  ) );
#1064 = PCURVE('',#271,#1065);
#1065 = DEFINITIONAL_REPRESENTATION('',(#1066),#1070);
#1066 = LINE('',#1067,#1068);
#1067 = CARTESIAN_POINT('',(-73.5,0.));
#1068 = VECTOR('',#1069,1.);
#1069 = DIRECTION('',(0.,1.));
#1070 = ( GEOMETRIC_REPRESENTATION_CONTEXT(2) 
PARAMETRIC_REPRESENTATION_CONTEXT() REPRESENTATION_CONTEXT('2D SPACE',''
  ) );
#1071 = ORIENTED_EDGE('',*,*,#1072,.T.);
#1072 = EDGE_CURVE('',#1051,#792,#1073,.T.);
#1073 = SURFACE_CURVE('',#1074,(#1176,#1281),.PCURVE_S1.);
#1074 = B_SPLINE_CURVE_WITH_KNOTS('',4,(#1075,#1076,#1077,#1078,#1079,
    #1080,#1081,#1082,#1083,#1084,#1085,#1086,#1087,#1088,#1089,#1090,
    #1091,#1092,#1093,#1094,#1095,#1096,#1097,#1098,#1099,#1100,#1101,
    #1102,#1103,#1104,#1105,#1106,#1107,#1108,#1109,#1110,#1111,#1112,
    #1113,#1114,#1115,#1116,#1117,#1118,#1119,#1120,#1121,#1122,#1123,
    #1124,#1125,#1126,#1127,#1128,#1129,#1130,#1131,#1132,#1133,#1134,
    #1135,#1136,#1137,#1138,#1139,#1140,#1141,#1142,#1143,#1144,#1145,
    #1146,#1147,#1148,#1149,#1150,#1151,#1152,#1153,#1154,#1155,#1156,
    #1157,#1158,#1159,#1160,#1161,#1162,#1163,#1164,#1165,#1166,#1167,
    #1168,#1169,#1170,#1171,#1172,#1173,#1174,#1175),.UNSPECIFIED.,.F.,
  .F.,(5,3,3,3,3,3,3,3,3,3,3,3,3,3,3,3,3,3,3,3,3,3,3,3,3,3,3,3,3,3,3,3,3
    ,5),(0.,1.799997631574E-02,7.099992223448E-02,9.999989547102E-02,
    0.127999868873,0.146999850311,0.1829998146,0.295999691568,
    0.326999675191,0.355999664585,0.384999658499,0.413999656682,
    0.433999657725,0.462999662142,0.483999667253,0.508999675093,
    0.537999686168,0.557999694849,0.584999707631,0.613999722487,
    0.642999738317,0.671999754997,0.699999771868,0.728999790128,
    0.753999806552,0.781999825708,0.800999839199,0.82999986052,
    0.857999881956,0.893999910587,0.921999933654,0.949999957221,
    0.978999981968,1.),.UNSPECIFIED.);
#1075 = CARTESIAN_POINT('',(-36.75001052657,-0.750000214828,98.999));
#1076 = CARTESIAN_POINT('',(-36.75533402299,-0.750000179629,98.999));
#1077 = CARTESIAN_POINT('',(-36.76065752016,-0.749949762535,98.999));
#1078 = CARTESIAN_POINT('',(-36.76598030255,-0.749848963527,98.999));
#1079 = CARTESIAN_POINT('',(-36.78697008627,-0.749252718667,98.999));
#1080 = CARTESIAN_POINT('',(-36.80262612283,-0.74837101117,98.999));
#1081 = CARTESIAN_POINT('',(-36.81825149667,-0.747053198963,98.999));
#1082 = CARTESIAN_POINT('',(-36.84235107027,-0.744342749935,98.999));
#1083 = CARTESIAN_POINT('',(-36.85085947492,-0.743254220032,98.999));
#1084 = CARTESIAN_POINT('',(-36.85935029061,-0.742036068041,98.999));
#1085 = CARTESIAN_POINT('',(-36.87599875625,-0.739387918524,98.999));
#1086 = CARTESIAN_POINT('',(-36.8841577988,-0.737966674446,98.999));
#1087 = CARTESIAN_POINT('',(-36.89229503102,-0.736425454625,98.999));
#1088 = CARTESIAN_POINT('',(-36.90591291814,-0.733637925633,98.999));
#1089 = CARTESIAN_POINT('',(-36.91140676396,-0.732456056925,98.999));
#1090 = CARTESIAN_POINT('',(-36.91688852824,-0.731219361616,98.999));
#1091 = CARTESIAN_POINT('',(-36.9327194502,-0.727481305225,98.999));
#1092 = CARTESIAN_POINT('',(-36.94303519621,-0.72483844235,98.999));
#1093 = CARTESIAN_POINT('',(-36.95329905989,-0.722000759796,98.999));
#1094 = CARTESIAN_POINT('',(-36.99554260394,-0.709456314757,98.999));
#1095 = CARTESIAN_POINT('',(-37.02701452476,-0.698039272751,98.999));
#1096 = CARTESIAN_POINT('',(-37.05775114613,-0.684769332224,98.999));
#1097 = CARTESIAN_POINT('',(-37.09578088931,-0.665599546145,98.999));
#1098 = CARTESIAN_POINT('',(-37.10390058845,-0.661339274073,98.999));
#1099 = CARTESIAN_POINT('',(-37.11194976131,-0.656947205665,98.999));
#1100 = CARTESIAN_POINT('',(-37.12738615154,-0.64819482639,98.999));
#1101 = CARTESIAN_POINT('',(-37.13478257268,-0.643850747676,98.999));
#1102 = CARTESIAN_POINT('',(-37.14211188997,-0.639394382858,98.999));
#1103 = CARTESIAN_POINT('',(-37.1566312535,-0.630260266379,98.999));
#1104 = CARTESIAN_POINT('',(-37.16382129992,-0.625582514551,98.999));
#1105 = CARTESIAN_POINT('',(-37.17093917818,-0.620795662547,98.999));
#1106 = CARTESIAN_POINT('',(-37.18502568585,-0.611007171776,98.999));
#1107 = CARTESIAN_POINT('',(-37.19199431544,-0.606005532838,98.999));
#1108 = CARTESIAN_POINT('',(-37.1988858635,-0.600898207879,98.999));
#1109 = CARTESIAN_POINT('',(-37.21039594772,-0.592093087796,98.999));
#1110 = CARTESIAN_POINT('',(-37.21505614964,-0.588449758639,98.999));
#1111 = CARTESIAN_POINT('',(-37.21967778026,-0.584757623307,98.999));
#1112 = CARTESIAN_POINT('',(-37.23090441391,-0.575593836188,98.999));
#1113 = CARTESIAN_POINT('',(-37.23746605414,-0.57006905952,98.999));
#1114 = CARTESIAN_POINT('',(-37.24394268246,-0.564444864012,98.999));
#1115 = CARTESIAN_POINT('',(-37.25495886851,-0.554580003965,98.999));
#1116 = CARTESIAN_POINT('',(-37.25953992006,-0.550385676148,98.999));
#1117 = CARTESIAN_POINT('',(-37.26407437858,-0.546141019703,98.999));
#1118 = CARTESIAN_POINT('',(-37.27390314381,-0.536734677104,98.999));
#1119 = CARTESIAN_POINT('',(-37.27917766799,-0.53155231976,98.999));
#1120 = CARTESIAN_POINT('',(-37.28438361129,-0.526301073058,98.999));
#1121 = CARTESIAN_POINT('',(-37.2954774388,-0.51481255665,98.999));
#1122 = CARTESIAN_POINT('',(-37.30134116148,-0.508551955088,98.999));
#1123 = CARTESIAN_POINT('',(-37.30710873219,-0.50220266304,98.999));
#1124 = CARTESIAN_POINT('',(-37.31668813287,-0.491328485323,98.999));
#1125 = CARTESIAN_POINT('',(-37.32055141969,-0.486848929593,98.999));
#1126 = CARTESIAN_POINT('',(-37.32436738511,-0.482328994416,98.999));
#1127 = CARTESIAN_POINT('',(-37.33322222986,-0.471614032247,98.999));
#1128 = CARTESIAN_POINT('',(-37.33822167329,-0.465386415161,98.999));
#1129 = CARTESIAN_POINT('',(-37.34313219632,-0.459088445972,98.999));
#1130 = CARTESIAN_POINT('',(-37.35312953475,-0.445884067937,98.999));
#1131 = CARTESIAN_POINT('',(-37.35820246507,-0.438967146081,98.999));
#1132 = CARTESIAN_POINT('',(-37.36316932661,-0.431973669141,98.999));
#1133 = CARTESIAN_POINT('',(-37.37288752236,-0.417838535335,98.999));
#1134 = CARTESIAN_POINT('',(-37.37763885672,-0.41069687826,98.999));
#1135 = CARTESIAN_POINT('',(-37.38228073254,-0.403483596381,98.999));
#1136 = CARTESIAN_POINT('',(-37.39134240639,-0.388918863134,98.999));
#1137 = CARTESIAN_POINT('',(-37.39576220454,-0.381567411554,98.999));
#1138 = CARTESIAN_POINT('',(-37.40006938343,-0.3741494153,98.999));
#1139 = CARTESIAN_POINT('',(-37.40831098805,-0.359443550437,98.999));
#1140 = CARTESIAN_POINT('',(-37.41225314594,-0.352160014915,98.999));
#1141 = CARTESIAN_POINT('',(-37.41608763771,-0.344819226567,98.999));
#1142 = CARTESIAN_POINT('',(-37.42367192389,-0.329763823757,98.999));
#1143 = CARTESIAN_POINT('',(-37.42741380256,-0.322045221407,98.999));
#1144 = CARTESIAN_POINT('',(-37.431037542,-0.314270454975,98.999));
#1145 = CARTESIAN_POINT('',(-37.43756293536,-0.299693806611,98.999));
#1146 = CARTESIAN_POINT('',(-37.44049524582,-0.29290564825,98.999));
#1147 = CARTESIAN_POINT('',(-37.44333806819,-0.28607952921,98.999));
#1148 = CARTESIAN_POINT('',(-37.44917362438,-0.271531450996,98.999));
#1149 = CARTESIAN_POINT('',(-37.45214341097,-0.26380028698,98.999));
#1150 = CARTESIAN_POINT('',(-37.45499904635,-0.256026235372,98.999));
#1151 = CARTESIAN_POINT('',(-37.45959932762,-0.242909209638,98.999));
#1152 = CARTESIAN_POINT('',(-37.46140604354,-0.2375880041,98.999));
#1153 = CARTESIAN_POINT('',(-37.4631595088,-0.232249014385,98.999));
#1154 = CARTESIAN_POINT('',(-37.46745414489,-0.218718137409,98.999));
#1155 = CARTESIAN_POINT('',(-37.46992417318,-0.2105036696,98.999));
#1156 = CARTESIAN_POINT('',(-37.47226864877,-0.202252490407,98.999));
#1157 = CARTESIAN_POINT('',(-37.47662845936,-0.185968178485,98.999));
#1158 = CARTESIAN_POINT('',(-37.47865235637,-0.177937337843,98.999));
#1159 = CARTESIAN_POINT('',(-37.48055779267,-0.169877568903,98.999));
#1160 = CARTESIAN_POINT('',(-37.48464098077,-0.151395127599,98.999));
#1161 = CARTESIAN_POINT('',(-37.48674099124,-0.140955279856,98.999));
#1162 = CARTESIAN_POINT('',(-37.48864298426,-0.13047754671,98.999));
#1163 = CARTESIAN_POINT('',(-37.49167064664,-0.111793157974,98.999));
#1164 = CARTESIAN_POINT('',(-37.49287490685,-0.103599237033,98.999));
#1165 = CARTESIAN_POINT('',(-37.49395839429,-9.538847338305E-02,98.999)
  );
#1166 = CARTESIAN_POINT('',(-37.49588319779,-7.893860942102E-02,98.999)
  );
#1167 = CARTESIAN_POINT('',(-37.49672451388,-7.069950890289E-02,98.999)
  );
#1168 = CARTESIAN_POINT('',(-37.4974444314,-6.244891437325E-02,98.999));
#1169 = CARTESIAN_POINT('',(-37.49866244895,-4.563512983125E-02,98.999)
  );
#1170 = CARTESIAN_POINT('',(-37.49915170867,-3.707129918217E-02,98.999)
  );
#1171 = CARTESIAN_POINT('',(-37.49951031886,-2.850100339194E-02,98.999)
  );
#1172 = CARTESIAN_POINT('',(-37.49990321741,-1.371864073698E-02,98.999)
  );
#1173 = CARTESIAN_POINT('',(-37.49999968368,-7.508226354247E-03,98.999)
  );
#1174 = CARTESIAN_POINT('',(-37.50002756864,-1.297125402573E-03,98.999)
  );
#1175 = CARTESIAN_POINT('',(-37.49998687973,4.913526261873E-03,98.999));
#1176 = PCURVE('',#229,#1177);
#1177 = DEFINITIONAL_REPRESENTATION('',(#1178),#1280);
#1178 = B_SPLINE_CURVE_WITH_KNOTS('',4,(#1179,#1180,#1181,#1182,#1183,
    #1184,#1185,#1186,#1187,#1188,#1189,#1190,#1191,#1192,#1193,#1194,
    #1195,#1196,#1197,#1198,#1199,#1200,#1201,#1202,#1203,#1204,#1205,
    #1206,#1207,#1208,#1209,#1210,#1211,#1212,#1213,#1214,#1215,#1216,
    #1217,#1218,#1219,#1220,#1221,#1222,#1223,#1224,#1225,#1226,#1227,
    #1228,#1229,#1230,#1231,#1232,#1233,#1234,#1235,#1236,#1237,#1238,
    #1239,#1240,#1241,#1242,#1243,#1244,#1245,#1246,#1247,#1248,#1249,
    #1250,#1251,#1252,#1253,#1254,#1255,#1256,#1257,#1258,#1259,#1260,
    #1261,#1262,#1263,#1264,#1265,#1266,#1267,#1268,#1269,#1270,#1271,
    #1272,#1273,#1274,#1275,#1276,#1277,#1278,#1279),.UNSPECIFIED.,.F.,
  .F.,(5,3,3,3,3,3,3,3,3,3,3,3,3,3,3,3,3,3,3,3,3,3,3,3,3,3,3,3,3,3,3,3,3
    ,5),(0.,1.799997631574E-02,7.099992223448E-02,9.999989547102E-02,
    0.127999868873,0.146999850311,0.1829998146,0.295999691568,
    0.326999675191,0.355999664585,0.384999658499,0.413999656682,
    0.433999657725,0.462999662142,0.483999667253,0.508999675093,
    0.537999686168,0.557999694849,0.584999707631,0.613999722487,
    0.642999738317,0.671999754997,0.699999771868,0.728999790128,
    0.753999806552,0.781999825708,0.800999839199,0.82999986052,
    0.857999881956,0.893999910587,0.921999933654,0.949999957221,
    0.978999981968,1.),.UNSPECIFIED.);
#1179 = CARTESIAN_POINT('',(6.28318530718,0.99998989899));
#1180 = CARTESIAN_POINT('',(6.276087241205,0.99998989899));
#1181 = CARTESIAN_POINT('',(6.268989176025,0.99998989899));
#1182 = CARTESIAN_POINT('',(6.261891111468,0.99998989899));
#1183 = CARTESIAN_POINT('',(6.233893185948,0.99998989899));
#1184 = CARTESIAN_POINT('',(6.212993328242,0.99998989899));
#1185 = CARTESIAN_POINT('',(6.192093471658,0.99998989899));
#1186 = CARTESIAN_POINT('',(6.15975784459,0.99998989899));
#1187 = CARTESIAN_POINT('',(6.148322073371,0.99998989899));
#1188 = CARTESIAN_POINT('',(6.136886302069,0.99998989899));
#1189 = CARTESIAN_POINT('',(6.114409096518,0.99998989899));
#1190 = CARTESIAN_POINT('',(6.103367662229,0.99998989899));
#1191 = CARTESIAN_POINT('',(6.09232622779,0.99998989899));
#1192 = CARTESIAN_POINT('',(6.073792391443,0.99998989899));
#1193 = CARTESIAN_POINT('',(6.066299989576,0.99998989899));
#1194 = CARTESIAN_POINT('',(6.05880758766,0.99998989899));
#1195 = CARTESIAN_POINT('',(6.037119055922,0.99998989899));
#1196 = CARTESIAN_POINT('',(6.022922925937,0.99998989899));
#1197 = CARTESIAN_POINT('',(6.008726795943,0.99998989899));
#1198 = CARTESIAN_POINT('',(5.949970596475,0.99998989899));
#1199 = CARTESIAN_POINT('',(5.90541050574,0.99998989899));
#1200 = CARTESIAN_POINT('',(5.860850421675,0.99998989899));
#1201 = CARTESIAN_POINT('',(5.804065922557,0.99998989899));
#1202 = CARTESIAN_POINT('',(5.791841477011,0.99998989899));
#1203 = CARTESIAN_POINT('',(5.779617032144,0.99998989899));
#1204 = CARTESIAN_POINT('',(5.755956815811,0.99998989899));
#1205 = CARTESIAN_POINT('',(5.744521044199,0.99998989899));
#1206 = CARTESIAN_POINT('',(5.733085273195,0.99998989899));
#1207 = CARTESIAN_POINT('',(5.710213730646,0.99998989899));
#1208 = CARTESIAN_POINT('',(5.698777959052,0.99998989899));
#1209 = CARTESIAN_POINT('',(5.687342188044,0.99998989899));
#1210 = CARTESIAN_POINT('',(5.664470645521,0.99998989899));
#1211 = CARTESIAN_POINT('',(5.653034873955,0.99998989899));
#1212 = CARTESIAN_POINT('',(5.641599102929,0.99998989899));
#1213 = CARTESIAN_POINT('',(5.622276593261,0.99998989899));
#1214 = CARTESIAN_POINT('',(5.614389854323,0.99998989899));
#1215 = CARTESIAN_POINT('',(5.606503115617,0.99998989899));
#1216 = CARTESIAN_POINT('',(5.587180605191,0.99998989899));
#1217 = CARTESIAN_POINT('',(5.575744833685,0.99998989899));
#1218 = CARTESIAN_POINT('',(5.564309062607,0.99998989899));
#1219 = CARTESIAN_POINT('',(5.544592215888,0.99998989899));
#1220 = CARTESIAN_POINT('',(5.53631114003,0.99998989899));
#1221 = CARTESIAN_POINT('',(5.528030064363,0.99998989899));
#1222 = CARTESIAN_POINT('',(5.509890564997,0.99998989899));
#1223 = CARTESIAN_POINT('',(5.500032141354,0.99998989899));
#1224 = CARTESIAN_POINT('',(5.490173717943,0.99998989899));
#1225 = CARTESIAN_POINT('',(5.468879523075,0.99998989899));
#1226 = CARTESIAN_POINT('',(5.457443751654,0.99998989899));
#1227 = CARTESIAN_POINT('',(5.446007980485,0.99998989899));
#1228 = CARTESIAN_POINT('',(5.426685470591,0.99998989899));
#1229 = CARTESIAN_POINT('',(5.418798731719,0.99998989899));
#1230 = CARTESIAN_POINT('',(5.410911992945,0.99998989899));
#1231 = CARTESIAN_POINT('',(5.392378156629,0.99998989899));
#1232 = CARTESIAN_POINT('',(5.38173105914,0.99998989899));
#1233 = CARTESIAN_POINT('',(5.371083961798,0.99998989899));
#1234 = CARTESIAN_POINT('',(5.349001093108,0.99998989899));
#1235 = CARTESIAN_POINT('',(5.337565321736,0.99998989899));
#1236 = CARTESIAN_POINT('',(5.326129550503,0.99998989899));
#1237 = CARTESIAN_POINT('',(5.303258007955,0.99998989899));
#1238 = CARTESIAN_POINT('',(5.291822236592,0.99998989899));
#1239 = CARTESIAN_POINT('',(5.280386465345,0.99998989899));
#1240 = CARTESIAN_POINT('',(5.257514922787,0.99998989899));
#1241 = CARTESIAN_POINT('',(5.246079151426,0.99998989899));
#1242 = CARTESIAN_POINT('',(5.234643380171,0.99998989899));
#1243 = CARTESIAN_POINT('',(5.212166174555,0.99998989899));
#1244 = CARTESIAN_POINT('',(5.20112474014,0.99998989899));
#1245 = CARTESIAN_POINT('',(5.190083305822,0.99998989899));
#1246 = CARTESIAN_POINT('',(5.16760610018,0.99998989899));
#1247 = CARTESIAN_POINT('',(5.156170328816,0.99998989899));
#1248 = CARTESIAN_POINT('',(5.144734557559,0.99998989899));
#1249 = CARTESIAN_POINT('',(5.123440362787,0.99998989899));
#1250 = CARTESIAN_POINT('',(5.113581939206,0.99998989899));
#1251 = CARTESIAN_POINT('',(5.103723515709,0.99998989899));
#1252 = CARTESIAN_POINT('',(5.082823657802,0.99998989899));
#1253 = CARTESIAN_POINT('',(5.07178222338,0.99998989899));
#1254 = CARTESIAN_POINT('',(5.060740789068,0.99998989899));
#1255 = CARTESIAN_POINT('',(5.042206952928,0.99998989899));
#1256 = CARTESIAN_POINT('',(5.034714551016,0.99998989899));
#1257 = CARTESIAN_POINT('',(5.027222149156,0.99998989899));
#1258 = CARTESIAN_POINT('',(5.008293975887,0.99998989899));
#1259 = CARTESIAN_POINT('',(4.996858204518,0.99998989899));
#1260 = CARTESIAN_POINT('',(4.985422433269,0.99998989899));
#1261 = CARTESIAN_POINT('',(4.962945227657,0.99998989899));
#1262 = CARTESIAN_POINT('',(4.951903793239,0.99998989899));
#1263 = CARTESIAN_POINT('',(4.940862358928,0.99998989899));
#1264 = CARTESIAN_POINT('',(4.91562479465,0.99998989899));
#1265 = CARTESIAN_POINT('',(4.901428664655,0.99998989899));
#1266 = CARTESIAN_POINT('',(4.88723253482,0.99998989899));
#1267 = CARTESIAN_POINT('',(4.861994970734,0.99998989899));
#1268 = CARTESIAN_POINT('',(4.850953536335,0.99998989899));
#1269 = CARTESIAN_POINT('',(4.839912102012,0.99998989899));
#1270 = CARTESIAN_POINT('',(4.817829233343,0.99998989899));
#1271 = CARTESIAN_POINT('',(4.806787798955,0.99998989899));
#1272 = CARTESIAN_POINT('',(4.795746364622,0.99998989899));
#1273 = CARTESIAN_POINT('',(4.773269159014,0.99998989899));
#1274 = CARTESIAN_POINT('',(4.761833387696,0.99998989899));
#1275 = CARTESIAN_POINT('',(4.75039761641,0.99998989899));
#1276 = CARTESIAN_POINT('',(4.730680769394,0.99998989899));
#1277 = CARTESIAN_POINT('',(4.722399693626,0.99998989899));
#1278 = CARTESIAN_POINT('',(4.714118617862,0.99998989899));
#1279 = CARTESIAN_POINT('',(4.7058375421,0.99998989899));
#1280 = ( GEOMETRIC_REPRESENTATION_CONTEXT(2) 
PARAMETRIC_REPRESENTATION_CONTEXT() REPRESENTATION_CONTEXT('2D SPACE',''
  ) );
#1281 = PCURVE('',#675,#1282);
#1282 = DEFINITIONAL_REPRESENTATION('',(#1283),#1286);
#1283 = B_SPLINE_CURVE_WITH_KNOTS('',1,(#1284,#1285),.UNSPECIFIED.,.F.,
  .F.,(2,2),(0.,0.9985656555),.PIECEWISE_BEZIER_KNOTS.);
#1284 = CARTESIAN_POINT('',(1.403542679697E-05,0.));
#1285 = CARTESIAN_POINT('',(1.575085274815,0.));
#1286 = ( GEOMETRIC_REPRESENTATION_CONTEXT(2) 
PARAMETRIC_REPRESENTATION_CONTEXT() REPRESENTATION_CONTEXT('2D SPACE',''
  ) );
#1287 = ADVANCED_FACE('',(#1288),#271,.T.);
#1288 = FACE_BOUND('',#1289,.T.);
#1289 = EDGE_LOOP('',(#1290,#1291,#1292,#1293,#1323,#1363));
#1290 = ORIENTED_EDGE('',*,*,#1050,.F.);
#1291 = ORIENTED_EDGE('',*,*,#256,.T.);
#1292 = ORIENTED_EDGE('',*,*,#305,.T.);
#1293 = ORIENTED_EDGE('',*,*,#1294,.T.);
#1294 = EDGE_CURVE('',#306,#1295,#1297,.T.);
#1295 = VERTEX_POINT('',#1296);
#1296 = CARTESIAN_POINT('',(36.75,-0.75,98.999));
#1297 = SURFACE_CURVE('',#1298,(#1306,#1317),.PCURVE_S1.);
#1298 = B_SPLINE_CURVE_WITH_KNOTS('',6,(#1299,#1300,#1301,#1302,#1303,
    #1304,#1305),.UNSPECIFIED.,.F.,.F.,(7,7),(0.,1.),
  .PIECEWISE_BEZIER_KNOTS.);
#1299 = CARTESIAN_POINT('',(36.750010526573,-0.750000214828,98.999));
#1300 = CARTESIAN_POINT('',(24.500068628735,-0.750197497232,98.999));
#1301 = CARTESIAN_POINT('',(12.250066150257,-0.750392092164,98.999));
#1302 = CARTESIAN_POINT('',(1.373174995933E-08,-0.750490903036,98.999));
#1303 = CARTESIAN_POINT('',(-12.2500661639,-0.750392092379,98.999));
#1304 = CARTESIAN_POINT('',(-24.50006862873,-0.750197497232,98.999));
#1305 = CARTESIAN_POINT('',(-36.75001052657,-0.750000214828,98.999));
#1306 = PCURVE('',#271,#1307);
#1307 = DEFINITIONAL_REPRESENTATION('',(#1308),#1316);
#1308 = B_SPLINE_CURVE_WITH_KNOTS('',6,(#1309,#1310,#1311,#1312,#1313,
    #1314,#1315),.UNSPECIFIED.,.F.,.F.,(7,7),(0.,1.),
  .PIECEWISE_BEZIER_KNOTS.);
#1309 = CARTESIAN_POINT('',(0.,0.99998989899));
#1310 = CARTESIAN_POINT('',(-12.25006160966,0.99998989899));
#1311 = CARTESIAN_POINT('',(-24.50006264056,0.99998989899));
#1312 = CARTESIAN_POINT('',(-36.75000001373,0.99998989899));
#1313 = CARTESIAN_POINT('',(-48.99993734576,0.99998989899));
#1314 = CARTESIAN_POINT('',(-61.24993839034,0.99998989899));
#1315 = CARTESIAN_POINT('',(-73.5,0.99998989899));
#1316 = ( GEOMETRIC_REPRESENTATION_CONTEXT(2) 
PARAMETRIC_REPRESENTATION_CONTEXT() REPRESENTATION_CONTEXT('2D SPACE',''
  ) );
#1317 = PCURVE('',#581,#1318);
#1318 = DEFINITIONAL_REPRESENTATION('',(#1319),#1322);
#1319 = B_SPLINE_CURVE_WITH_KNOTS('',1,(#1320,#1321),.UNSPECIFIED.,.F.,
  .F.,(2,2),(0.,1.432193138886E-07),.PIECEWISE_BEZIER_KNOTS.);
#1320 = CARTESIAN_POINT('',(3.141578618163,0.));
#1321 = CARTESIAN_POINT('',(3.14159265359,0.));
#1322 = ( GEOMETRIC_REPRESENTATION_CONTEXT(2) 
PARAMETRIC_REPRESENTATION_CONTEXT() REPRESENTATION_CONTEXT('2D SPACE',''
  ) );
#1323 = ORIENTED_EDGE('',*,*,#1324,.T.);
#1324 = EDGE_CURVE('',#1295,#1325,#1327,.T.);
#1325 = VERTEX_POINT('',#1326);
#1326 = CARTESIAN_POINT('',(-36.75,-0.75,98.999));
#1327 = SURFACE_CURVE('',#1328,(#1336,#1347),.PCURVE_S1.);
#1328 = B_SPLINE_CURVE_WITH_KNOTS('',6,(#1329,#1330,#1331,#1332,#1333,
    #1334,#1335),.UNSPECIFIED.,.F.,.F.,(7,7),(0.,1.),
  .PIECEWISE_BEZIER_KNOTS.);
#1329 = CARTESIAN_POINT('',(36.750010526573,-0.750000214828,98.999));
#1330 = CARTESIAN_POINT('',(24.500068628735,-0.750197497232,98.999));
#1331 = CARTESIAN_POINT('',(12.250066150257,-0.750392092164,98.999));
#1332 = CARTESIAN_POINT('',(1.373174995933E-08,-0.750490903036,98.999));
#1333 = CARTESIAN_POINT('',(-12.2500661639,-0.750392092379,98.999));
#1334 = CARTESIAN_POINT('',(-24.50006862873,-0.750197497232,98.999));
#1335 = CARTESIAN_POINT('',(-36.75001052657,-0.750000214828,98.999));
#1336 = PCURVE('',#271,#1337);
#1337 = DEFINITIONAL_REPRESENTATION('',(#1338),#1346);
#1338 = B_SPLINE_CURVE_WITH_KNOTS('',6,(#1339,#1340,#1341,#1342,#1343,
    #1344,#1345),.UNSPECIFIED.,.F.,.F.,(7,7),(0.,1.),
  .PIECEWISE_BEZIER_KNOTS.);
#1339 = CARTESIAN_POINT('',(0.,0.99998989899));
#1340 = CARTESIAN_POINT('',(-12.25006160966,0.99998989899));
#1341 = CARTESIAN_POINT('',(-24.50006264056,0.99998989899));
#1342 = CARTESIAN_POINT('',(-36.75000001373,0.99998989899));
#1343 = CARTESIAN_POINT('',(-48.99993734576,0.99998989899));
#1344 = CARTESIAN_POINT('',(-61.24993839034,0.99998989899));
#1345 = CARTESIAN_POINT('',(-73.5,0.99998989899));
#1346 = ( GEOMETRIC_REPRESENTATION_CONTEXT(2) 
PARAMETRIC_REPRESENTATION_CONTEXT() REPRESENTATION_CONTEXT('2D SPACE',''
  ) );
#1347 = PCURVE('',#1348,#1353);
#1348 = PLANE('',#1349);
#1349 = AXIS2_PLACEMENT_3D('',#1350,#1351,#1352);
#1350 = CARTESIAN_POINT('',(-200.,-200.,98.999));
#1351 = DIRECTION('',(0.,0.,1.));
#1352 = DIRECTION('',(1.,0.,0.));
#1353 = DEFINITIONAL_REPRESENTATION('',(#1354),#1362);
#1354 = B_SPLINE_CURVE_WITH_KNOTS('',6,(#1355,#1356,#1357,#1358,#1359,
    #1360,#1361),.UNSPECIFIED.,.F.,.F.,(7,7),(0.,1.),
  .PIECEWISE_BEZIER_KNOTS.);
#1355 = CARTESIAN_POINT('',(236.75001052657,199.24999978517));
#1356 = CARTESIAN_POINT('',(224.50006862873,199.24980250276));
#1357 = CARTESIAN_POINT('',(212.25006615025,199.24960790783));
#1358 = CARTESIAN_POINT('',(200.00000001373,199.24950909696));
#1359 = CARTESIAN_POINT('',(187.74993383609,199.24960790762));
#1360 = CARTESIAN_POINT('',(175.49993137126,199.24980250276));
#1361 = CARTESIAN_POINT('',(163.24998947342,199.24999978517));
#1362 = ( GEOMETRIC_REPRESENTATION_CONTEXT(2) 
PARAMETRIC_REPRESENTATION_CONTEXT() REPRESENTATION_CONTEXT('2D SPACE',''
  ) );
#1363 = ORIENTED_EDGE('',*,*,#1364,.T.);
#1364 = EDGE_CURVE('',#1325,#1051,#1365,.T.);
#1365 = SURFACE_CURVE('',#1366,(#1374,#1385),.PCURVE_S1.);
#1366 = B_SPLINE_CURVE_WITH_KNOTS('',6,(#1367,#1368,#1369,#1370,#1371,
    #1372,#1373),.UNSPECIFIED.,.F.,.F.,(7,7),(0.,1.),
  .PIECEWISE_BEZIER_KNOTS.);
#1367 = CARTESIAN_POINT('',(36.750010526573,-0.750000214828,98.999));
#1368 = CARTESIAN_POINT('',(24.500068628735,-0.750197497232,98.999));
#1369 = CARTESIAN_POINT('',(12.250066150257,-0.750392092164,98.999));
#1370 = CARTESIAN_POINT('',(1.373174995933E-08,-0.750490903036,98.999));
#1371 = CARTESIAN_POINT('',(-12.2500661639,-0.750392092379,98.999));
#1372 = CARTESIAN_POINT('',(-24.50006862873,-0.750197497232,98.999));
#1373 = CARTESIAN_POINT('',(-36.75001052657,-0.750000214828,98.999));
#1374 = PCURVE('',#271,#1375);
#1375 = DEFINITIONAL_REPRESENTATION('',(#1376),#1384);
#1376 = B_SPLINE_CURVE_WITH_KNOTS('',6,(#1377,#1378,#1379,#1380,#1381,
    #1382,#1383),.UNSPECIFIED.,.F.,.F.,(7,7),(0.,1.),
  .PIECEWISE_BEZIER_KNOTS.);
#1377 = CARTESIAN_POINT('',(0.,0.99998989899));
#1378 = CARTESIAN_POINT('',(-12.25006160966,0.99998989899));
#1379 = CARTESIAN_POINT('',(-24.50006264056,0.99998989899));
#1380 = CARTESIAN_POINT('',(-36.75000001373,0.99998989899));
#1381 = CARTESIAN_POINT('',(-48.99993734576,0.99998989899));
#1382 = CARTESIAN_POINT('',(-61.24993839034,0.99998989899));
#1383 = CARTESIAN_POINT('',(-73.5,0.99998989899));
#1384 = ( GEOMETRIC_REPRESENTATION_CONTEXT(2) 
PARAMETRIC_REPRESENTATION_CONTEXT() REPRESENTATION_CONTEXT('2D SPACE',''
  ) );
#1385 = PCURVE('',#675,#1386);
#1386 = DEFINITIONAL_REPRESENTATION('',(#1387),#1390);
#1387 = B_SPLINE_CURVE_WITH_KNOTS('',1,(#1388,#1389),.UNSPECIFIED.,.F.,
  .F.,(2,2),(0.999999856781,1.),.PIECEWISE_BEZIER_KNOTS.);
#1388 = CARTESIAN_POINT('',(0.,0.));
#1389 = CARTESIAN_POINT('',(1.403542679697E-05,0.));
#1390 = ( GEOMETRIC_REPRESENTATION_CONTEXT(2) 
PARAMETRIC_REPRESENTATION_CONTEXT() REPRESENTATION_CONTEXT('2D SPACE',''
  ) );
#1391 = ADVANCED_FACE('',(#1392),#581,.T.);
#1392 = FACE_BOUND('',#1393,.T.);
#1393 = EDGE_LOOP('',(#1394,#1424,#1452,#1478,#1479,#1480));
#1394 = ORIENTED_EDGE('',*,*,#1395,.T.);
#1395 = EDGE_CURVE('',#1396,#1398,#1400,.T.);
#1396 = VERTEX_POINT('',#1397);
#1397 = CARTESIAN_POINT('',(36.75,0.75,98.999));
#1398 = VERTEX_POINT('',#1399);
#1399 = CARTESIAN_POINT('',(36.75,0.75,107.5));
#1400 = SURFACE_CURVE('',#1401,(#1405,#1412),.PCURVE_S1.);
#1401 = LINE('',#1402,#1403);
#1402 = CARTESIAN_POINT('',(36.75,0.75,98.999));
#1403 = VECTOR('',#1404,1.);
#1404 = DIRECTION('',(0.,0.,1.));
#1405 = PCURVE('',#581,#1406);
#1406 = DEFINITIONAL_REPRESENTATION('',(#1407),#1411);
#1407 = LINE('',#1408,#1409);
#1408 = CARTESIAN_POINT('',(0.,0.));
#1409 = VECTOR('',#1410,1.);
#1410 = DIRECTION('',(0.,-1.));
#1411 = ( GEOMETRIC_REPRESENTATION_CONTEXT(2) 
PARAMETRIC_REPRESENTATION_CONTEXT() REPRESENTATION_CONTEXT('2D SPACE',''
  ) );
#1412 = PCURVE('',#1413,#1418);
#1413 = PLANE('',#1414);
#1414 = AXIS2_PLACEMENT_3D('',#1415,#1416,#1417);
#1415 = CARTESIAN_POINT('',(-36.75,0.75,98.999));
#1416 = DIRECTION('',(0.,1.,0.));
#1417 = DIRECTION('',(1.,0.,0.));
#1418 = DEFINITIONAL_REPRESENTATION('',(#1419),#1423);
#1419 = LINE('',#1420,#1421);
#1420 = CARTESIAN_POINT('',(73.5,0.));
#1421 = VECTOR('',#1422,1.);
#1422 = DIRECTION('',(0.,-1.));
#1423 = ( GEOMETRIC_REPRESENTATION_CONTEXT(2) 
PARAMETRIC_REPRESENTATION_CONTEXT() REPRESENTATION_CONTEXT('2D SPACE',''
  ) );
#1424 = ORIENTED_EDGE('',*,*,#1425,.T.);
#1425 = EDGE_CURVE('',#1398,#1426,#1428,.T.);
#1426 = VERTEX_POINT('',#1427);
#1427 = CARTESIAN_POINT('',(36.75,-0.75,107.5));
#1428 = SURFACE_CURVE('',#1429,(#1434,#1441),.PCURVE_S1.);
#1429 = CIRCLE('',#1430,0.75);
#1430 = AXIS2_PLACEMENT_3D('',#1431,#1432,#1433);
#1431 = CARTESIAN_POINT('',(36.75,0.,107.5));
#1432 = DIRECTION('',(0.,0.,-1.));
#1433 = DIRECTION('',(0.,1.,0.));
#1434 = PCURVE('',#581,#1435);
#1435 = DEFINITIONAL_REPRESENTATION('',(#1436),#1440);
#1436 = LINE('',#1437,#1438);
#1437 = CARTESIAN_POINT('',(0.,-8.501));
#1438 = VECTOR('',#1439,1.);
#1439 = DIRECTION('',(1.,0.));
#1440 = ( GEOMETRIC_REPRESENTATION_CONTEXT(2) 
PARAMETRIC_REPRESENTATION_CONTEXT() REPRESENTATION_CONTEXT('2D SPACE',''
  ) );
#1441 = PCURVE('',#1442,#1447);
#1442 = CONICAL_SURFACE('',#1443,0.75,0.785398163397);
#1443 = AXIS2_PLACEMENT_3D('',#1444,#1445,#1446);
#1444 = CARTESIAN_POINT('',(36.75,0.,107.5));
#1445 = DIRECTION('',(-0.,-0.,1.));
#1446 = DIRECTION('',(0.,1.,0.));
#1447 = DEFINITIONAL_REPRESENTATION('',(#1448),#1451);
#1448 = B_SPLINE_CURVE_WITH_KNOTS('',1,(#1449,#1450),.UNSPECIFIED.,.F.,
  .F.,(2,2),(0.,3.14159265359),.PIECEWISE_BEZIER_KNOTS.);
#1449 = CARTESIAN_POINT('',(0.,0.));
#1450 = CARTESIAN_POINT('',(-3.14159265359,0.));
#1451 = ( GEOMETRIC_REPRESENTATION_CONTEXT(2) 
PARAMETRIC_REPRESENTATION_CONTEXT() REPRESENTATION_CONTEXT('2D SPACE',''
  ) );
#1452 = ORIENTED_EDGE('',*,*,#1453,.F.);
#1453 = EDGE_CURVE('',#1295,#1426,#1454,.T.);
#1454 = SURFACE_CURVE('',#1455,(#1459,#1466),.PCURVE_S1.);
#1455 = LINE('',#1456,#1457);
#1456 = CARTESIAN_POINT('',(36.75,-0.75,98.999));
#1457 = VECTOR('',#1458,1.);
#1458 = DIRECTION('',(0.,0.,1.));
#1459 = PCURVE('',#581,#1460);
#1460 = DEFINITIONAL_REPRESENTATION('',(#1461),#1465);
#1461 = LINE('',#1462,#1463);
#1462 = CARTESIAN_POINT('',(3.14159265359,0.));
#1463 = VECTOR('',#1464,1.);
#1464 = DIRECTION('',(0.,-1.));
#1465 = ( GEOMETRIC_REPRESENTATION_CONTEXT(2) 
PARAMETRIC_REPRESENTATION_CONTEXT() REPRESENTATION_CONTEXT('2D SPACE',''
  ) );
#1466 = PCURVE('',#1467,#1472);
#1467 = PLANE('',#1468);
#1468 = AXIS2_PLACEMENT_3D('',#1469,#1470,#1471);
#1469 = CARTESIAN_POINT('',(36.75,-0.75,98.999));
#1470 = DIRECTION('',(0.,-1.,0.));
#1471 = DIRECTION('',(-1.,0.,0.));
#1472 = DEFINITIONAL_REPRESENTATION('',(#1473),#1477);
#1473 = LINE('',#1474,#1475);
#1474 = CARTESIAN_POINT('',(0.,-0.));
#1475 = VECTOR('',#1476,1.);
#1476 = DIRECTION('',(0.,-1.));
#1477 = ( GEOMETRIC_REPRESENTATION_CONTEXT(2) 
PARAMETRIC_REPRESENTATION_CONTEXT() REPRESENTATION_CONTEXT('2D SPACE',''
  ) );
#1478 = ORIENTED_EDGE('',*,*,#1294,.F.);
#1479 = ORIENTED_EDGE('',*,*,#499,.F.);
#1480 = ORIENTED_EDGE('',*,*,#1481,.F.);
#1481 = EDGE_CURVE('',#1396,#351,#1482,.T.);
#1482 = SURFACE_CURVE('',#1483,(#1488,#1495),.PCURVE_S1.);
#1483 = CIRCLE('',#1484,0.75);
#1484 = AXIS2_PLACEMENT_3D('',#1485,#1486,#1487);
#1485 = CARTESIAN_POINT('',(36.75,0.,98.999));
#1486 = DIRECTION('',(0.,0.,-1.));
#1487 = DIRECTION('',(0.,1.,0.));
#1488 = PCURVE('',#581,#1489);
#1489 = DEFINITIONAL_REPRESENTATION('',(#1490),#1494);
#1490 = LINE('',#1491,#1492);
#1491 = CARTESIAN_POINT('',(0.,0.));
#1492 = VECTOR('',#1493,1.);
#1493 = DIRECTION('',(1.,0.));
#1494 = ( GEOMETRIC_REPRESENTATION_CONTEXT(2) 
PARAMETRIC_REPRESENTATION_CONTEXT() REPRESENTATION_CONTEXT('2D SPACE',''
  ) );
#1495 = PCURVE('',#750,#1496);
#1496 = DEFINITIONAL_REPRESENTATION('',(#1497),#1501);
#1497 = CIRCLE('',#1498,0.75);
#1498 = AXIS2_PLACEMENT_2D('',#1499,#1500);
#1499 = CARTESIAN_POINT('',(-36.75,3.664102391502E-19));
#1500 = DIRECTION('',(0.,1.));
#1501 = ( GEOMETRIC_REPRESENTATION_CONTEXT(2) 
PARAMETRIC_REPRESENTATION_CONTEXT() REPRESENTATION_CONTEXT('2D SPACE',''
  ) );
#1502 = ADVANCED_FACE('',(#1503),#436,.T.);
#1503 = FACE_BOUND('',#1504,.T.);
#1504 = EDGE_LOOP('',(#1505,#1506,#1507));
#1505 = ORIENTED_EDGE('',*,*,#350,.F.);
#1506 = ORIENTED_EDGE('',*,*,#766,.T.);
#1507 = ORIENTED_EDGE('',*,*,#1508,.T.);
#1508 = EDGE_CURVE('',#727,#351,#1509,.T.);
#1509 = SURFACE_CURVE('',#1510,(#1612,#1717),.PCURVE_S1.);
#1510 = B_SPLINE_CURVE_WITH_KNOTS('',4,(#1511,#1512,#1513,#1514,#1515,
    #1516,#1517,#1518,#1519,#1520,#1521,#1522,#1523,#1524,#1525,#1526,
    #1527,#1528,#1529,#1530,#1531,#1532,#1533,#1534,#1535,#1536,#1537,
    #1538,#1539,#1540,#1541,#1542,#1543,#1544,#1545,#1546,#1547,#1548,
    #1549,#1550,#1551,#1552,#1553,#1554,#1555,#1556,#1557,#1558,#1559,
    #1560,#1561,#1562,#1563,#1564,#1565,#1566,#1567,#1568,#1569,#1570,
    #1571,#1572,#1573,#1574,#1575,#1576,#1577,#1578,#1579,#1580,#1581,
    #1582,#1583,#1584,#1585,#1586,#1587,#1588,#1589,#1590,#1591,#1592,
    #1593,#1594,#1595,#1596,#1597,#1598,#1599,#1600,#1601,#1602,#1603,
    #1604,#1605,#1606,#1607,#1608,#1609,#1610,#1611),.UNSPECIFIED.,.F.,
  .F.,(5,3,3,3,3,3,3,3,3,3,3,3,3,3,3,3,3,3,3,3,3,3,3,3,3,3,3,3,3,3,3,3,3
    ,5),(0.,1.499999042576E-02,8.999995857687E-02,0.106999951854,
    0.135999938366,0.163999923145,0.190999907121,0.253999868375,
    0.286999851723,0.339999832043,0.368999826105,0.397999823326,
    0.423999823311,0.447999825118,0.476999829229,0.501999834144,
    0.528999840496,0.559999848693,0.582999855199,0.611999863653,
    0.640999872255,0.669999880924,0.697999889359,0.725999897902,
    0.753999906632,0.782999915966,0.803999922986,0.832999933057,
    0.858999942528,0.881999951262,0.908999961904,0.935999972928,
    0.964999985091,1.),.UNSPECIFIED.);
#1511 = CARTESIAN_POINT('',(36.750010606061,0.749992424242,98.999));
#1512 = CARTESIAN_POINT('',(36.754416365683,0.749992409674,98.999));
#1513 = CARTESIAN_POINT('',(36.758822125853,0.749957886908,98.999));
#1514 = CARTESIAN_POINT('',(36.763227480985,0.749888855931,98.999));
#1515 = CARTESIAN_POINT('',(36.789654753598,0.749267677787,98.999));
#1516 = CARTESIAN_POINT('',(36.8116572332,0.747887560676,98.999));
#1517 = CARTESIAN_POINT('',(36.833588715961,0.74564616846,98.999));
#1518 = CARTESIAN_POINT('',(36.860342606887,0.741848973926,98.999));
#1519 = CARTESIAN_POINT('',(36.865280032131,0.741103434159,98.999));
#1520 = CARTESIAN_POINT('',(36.870210644344,0.740314093087,98.999));
#1521 = CARTESIAN_POINT('',(36.883532290342,0.738059974372,98.999));
#1522 = CARTESIAN_POINT('',(36.891909199567,0.736511722788,98.999));
#1523 = CARTESIAN_POINT('',(36.900261699846,0.73483678331,98.999));
#1524 = CARTESIAN_POINT('',(36.916625076834,0.731296871621,98.999));
#1525 = CARTESIAN_POINT('',(36.924637802224,0.729440443845,98.999));
#1526 = CARTESIAN_POINT('',(36.932622525331,0.727467049906,98.999));
#1527 = CARTESIAN_POINT('',(36.948246787257,0.723362301979,98.999));
#1528 = CARTESIAN_POINT('',(36.95588846965,0.721239106475,98.999));
#1529 = CARTESIAN_POINT('',(36.963499455193,0.719008374415,98.999));
#1530 = CARTESIAN_POINT('',(36.988759551284,0.711216469484,98.999));
#1531 = CARTESIAN_POINT('',(37.006262193915,0.705180452602,98.999));
#1532 = CARTESIAN_POINT('',(37.023556681685,0.698571616245,98.999));
#1533 = CARTESIAN_POINT('',(37.049550762482,0.687645892771,98.999));
#1534 = CARTESIAN_POINT('',(37.058421512109,0.683736202716,98.999));
#1535 = CARTESIAN_POINT('',(37.067223564727,0.679674213606,98.999));
#1536 = CARTESIAN_POINT('',(37.089973085663,0.668696413132,98.999));
#1537 = CARTESIAN_POINT('',(37.103805912061,0.661543018624,98.999));
#1538 = CARTESIAN_POINT('',(37.117435392711,0.654009397023,98.999));
#1539 = CARTESIAN_POINT('',(37.138184050458,0.641779388602,98.999));
#1540 = CARTESIAN_POINT('',(37.145456495206,0.637343023577,98.999));
#1541 = CARTESIAN_POINT('',(37.152660919507,0.63279702892,98.999));
#1542 = CARTESIAN_POINT('',(37.16692881935,0.623488982103,98.999));
#1543 = CARTESIAN_POINT('',(37.173992295077,0.618726929789,98.999));
#1544 = CARTESIAN_POINT('',(37.180982841906,0.613858449972,98.999));
#1545 = CARTESIAN_POINT('',(37.194097950626,0.604426525363,98.999));
#1546 = CARTESIAN_POINT('',(37.200237287692,0.599883625327,98.999));
#1547 = CARTESIAN_POINT('',(37.206314377509,0.595257786423,98.999));
#1548 = CARTESIAN_POINT('',(37.217878185136,0.586204947529,98.999));
#1549 = CARTESIAN_POINT('',(37.223374357173,0.581790023966,98.999));
#1550 = CARTESIAN_POINT('',(37.228814765551,0.577306563497,98.999));
#1551 = CARTESIAN_POINT('',(37.240703055311,0.567256603465,98.999));
#1552 = CARTESIAN_POINT('',(37.247124698106,0.56165906534,98.999));
#1553 = CARTESIAN_POINT('',(37.253460832285,0.555964915832,98.999));
#1554 = CARTESIAN_POINT('',(37.265095925476,0.545185827743,98.999));
#1555 = CARTESIAN_POINT('',(37.270417398507,0.540125190949,98.999));
#1556 = CARTESIAN_POINT('',(37.275672350021,0.534995511881,98.999));
#1557 = CARTESIAN_POINT('',(37.286461526196,0.524184935064,98.999));
#1558 = CARTESIAN_POINT('',(37.291984461101,0.518492769672,98.999));
#1559 = CARTESIAN_POINT('',(37.29742658793,0.512723296999,98.999));
#1560 = CARTESIAN_POINT('',(37.308940061535,0.500167291546,98.999));
#1561 = CARTESIAN_POINT('',(37.314985183119,0.493356710672,98.999));
#1562 = CARTESIAN_POINT('',(37.320919253753,0.486449155752,98.999));
#1563 = CARTESIAN_POINT('',(37.331058592185,0.474252512988,98.999));
#1564 = CARTESIAN_POINT('',(37.335314809702,0.469005780565,98.999));
#1565 = CARTESIAN_POINT('',(37.339507703076,0.463708306222,98.999));
#1566 = CARTESIAN_POINT('',(37.348842100634,0.451619302646,98.999));
#1567 = CARTESIAN_POINT('',(37.353945729924,0.444798528488,98.999));
#1568 = CARTESIAN_POINT('',(37.358945475787,0.437901243952,98.999));
#1569 = CARTESIAN_POINT('',(37.368733833075,0.423958450862,98.999));
#1570 = CARTESIAN_POINT('',(37.373522444637,0.416912942112,98.999));
#1571 = CARTESIAN_POINT('',(37.378203805314,0.409795719572,98.999));
#1572 = CARTESIAN_POINT('',(37.387348878646,0.395422791657,98.999));
#1573 = CARTESIAN_POINT('',(37.391812591427,0.388167086082,98.999));
#1574 = CARTESIAN_POINT('',(37.396165907199,0.380844611288,98.999));
#1575 = CARTESIAN_POINT('',(37.404502569078,0.366325919685,98.999));
#1576 = CARTESIAN_POINT('',(37.408493496508,0.359134055834,98.999));
#1577 = CARTESIAN_POINT('',(37.41237883566,0.351884604319,98.999));
#1578 = CARTESIAN_POINT('',(37.419935913785,0.337275211342,98.999));
#1579 = CARTESIAN_POINT('',(37.42360765285,0.329915269701,98.999));
#1580 = CARTESIAN_POINT('',(37.427171380104,0.322502425634,98.999));
#1581 = CARTESIAN_POINT('',(37.43408059518,0.307575719776,98.999));
#1582 = CARTESIAN_POINT('',(37.437426083083,0.300061857802,98.999));
#1583 = CARTESIAN_POINT('',(37.440661343437,0.292499880404,98.999));
#1584 = CARTESIAN_POINT('',(37.447020977834,0.277012872524,98.999));
#1585 = CARTESIAN_POINT('',(37.450137265128,0.269084521032,98.999));
#1586 = CARTESIAN_POINT('',(37.45313312312,0.26110988375,98.999));
#1587 = CARTESIAN_POINT('',(37.458089053878,0.24728546204,98.999));
#1588 = CARTESIAN_POINT('',(37.460106876097,0.241456380155,98.999));
#1589 = CARTESIAN_POINT('',(37.462060654152,0.235605520908,98.999));
#1590 = CARTESIAN_POINT('',(37.46655920916,0.221625574457,98.999));
#1591 = CARTESIAN_POINT('',(37.469045587099,0.213477695061,98.999));
#1592 = CARTESIAN_POINT('',(37.471408283476,0.205293094816,98.999));
#1593 = CARTESIAN_POINT('',(37.475653230594,0.189706296377,98.999));
#1594 = CARTESIAN_POINT('',(37.477559898148,0.182310747742,98.999));
#1595 = CARTESIAN_POINT('',(37.479365976105,0.174889992773,98.999));
#1596 = CARTESIAN_POINT('',(37.48257927723,0.160861098776,98.999));
#1597 = CARTESIAN_POINT('',(37.484008476709,0.154257993303,98.999));
#1598 = CARTESIAN_POINT('',(37.485358265112,0.147638198362,98.999));
#1599 = CARTESIAN_POINT('',(37.488119357562,0.133214179357,98.999));
#1600 = CARTESIAN_POINT('',(37.489500534641,0.125404188149,98.999));
#1601 = CARTESIAN_POINT('',(37.490771454285,0.117575498783,98.999));
#1602 = CARTESIAN_POINT('',(37.493092086737,0.101885402532,98.999));
#1603 = CARTESIAN_POINT('',(37.494141799568,9.402399548173E-02,98.999));
#1604 = CARTESIAN_POINT('',(37.495080563015,8.614856901883E-02,98.999));
#1605 = CARTESIAN_POINT('',(37.496796998899,6.979015197749E-02,98.999));
#1606 = CARTESIAN_POINT('',(37.497557587721,6.13053686593E-02,98.999));
#1607 = CARTESIAN_POINT('',(37.498189591016,5.281003959036E-02,98.999));
#1608 = CARTESIAN_POINT('',(37.499300199888,3.404490952303E-02,98.999));
#1609 = CARTESIAN_POINT('',(37.49972001438,2.377162854992E-02,98.999));
#1610 = CARTESIAN_POINT('',(37.499951974804,1.349239019436E-02,98.999));
#1611 = CARTESIAN_POINT('',(37.49999605904,3.212346460003E-03,98.999));
#1612 = PCURVE('',#436,#1613);
#1613 = DEFINITIONAL_REPRESENTATION('',(#1614),#1716);
#1614 = B_SPLINE_CURVE_WITH_KNOTS('',4,(#1615,#1616,#1617,#1618,#1619,
    #1620,#1621,#1622,#1623,#1624,#1625,#1626,#1627,#1628,#1629,#1630,
    #1631,#1632,#1633,#1634,#1635,#1636,#1637,#1638,#1639,#1640,#1641,
    #1642,#1643,#1644,#1645,#1646,#1647,#1648,#1649,#1650,#1651,#1652,
    #1653,#1654,#1655,#1656,#1657,#1658,#1659,#1660,#1661,#1662,#1663,
    #1664,#1665,#1666,#1667,#1668,#1669,#1670,#1671,#1672,#1673,#1674,
    #1675,#1676,#1677,#1678,#1679,#1680,#1681,#1682,#1683,#1684,#1685,
    #1686,#1687,#1688,#1689,#1690,#1691,#1692,#1693,#1694,#1695,#1696,
    #1697,#1698,#1699,#1700,#1701,#1702,#1703,#1704,#1705,#1706,#1707,
    #1708,#1709,#1710,#1711,#1712,#1713,#1714,#1715),.UNSPECIFIED.,.F.,
  .F.,(5,3,3,3,3,3,3,3,3,3,3,3,3,3,3,3,3,3,3,3,3,3,3,3,3,3,3,3,3,3,3,3,3
    ,5),(0.,1.499999042576E-02,8.999995857687E-02,0.106999951854,
    0.135999938366,0.163999923145,0.190999907121,0.253999868375,
    0.286999851723,0.339999832043,0.368999826105,0.397999823326,
    0.423999823311,0.447999825118,0.476999829229,0.501999834144,
    0.528999840496,0.559999848693,0.582999855199,0.611999863653,
    0.640999872255,0.669999880924,0.697999889359,0.725999897902,
    0.753999906632,0.782999915966,0.803999922986,0.832999933057,
    0.858999942528,0.881999951262,0.908999961904,0.935999972928,
    0.964999985091,1.),.UNSPECIFIED.);
#1615 = CARTESIAN_POINT('',(6.28318530718,0.99998989899));
#1616 = CARTESIAN_POINT('',(6.277310901679,0.99998989899));
#1617 = CARTESIAN_POINT('',(6.271436496669,0.99998989899));
#1618 = CARTESIAN_POINT('',(6.265562092052,0.99998989899));
#1619 = CARTESIAN_POINT('',(6.230315659985,0.99998989899));
#1620 = CARTESIAN_POINT('',(6.200943637204,0.99998989899));
#1621 = CARTESIAN_POINT('',(6.171571613366,0.99998989899));
#1622 = CARTESIAN_POINT('',(6.135541931938,0.99998989899));
#1623 = CARTESIAN_POINT('',(6.12888427316,0.99998989899));
#1624 = CARTESIAN_POINT('',(6.122226614272,0.99998989899));
#1625 = CARTESIAN_POINT('',(6.104211773062,0.99998989899));
#1626 = CARTESIAN_POINT('',(6.092854590498,0.99998989899));
#1627 = CARTESIAN_POINT('',(6.081497407581,0.99998989899));
#1628 = CARTESIAN_POINT('',(6.059174669047,0.99998989899));
#1629 = CARTESIAN_POINT('',(6.048209113405,0.99998989899));
#1630 = CARTESIAN_POINT('',(6.037243557511,0.99998989899));
#1631 = CARTESIAN_POINT('',(6.01570407292,0.99998989899));
#1632 = CARTESIAN_POINT('',(6.005130144197,0.99998989899));
#1633 = CARTESIAN_POINT('',(5.994556215358,0.99998989899));
#1634 = CARTESIAN_POINT('',(5.959309786308,0.99998989899));
#1635 = CARTESIAN_POINT('',(5.934637284672,0.99998989899));
#1636 = CARTESIAN_POINT('',(5.909964783601,0.99998989899));
#1637 = CARTESIAN_POINT('',(5.872368593666,0.99998989899));
#1638 = CARTESIAN_POINT('',(5.859444902719,0.99998989899));
#1639 = CARTESIAN_POINT('',(5.846521212182,0.99998989899));
#1640 = CARTESIAN_POINT('',(5.812841289949,0.99998989899));
#1641 = CARTESIAN_POINT('',(5.792085058448,0.99998989899));
#1642 = CARTESIAN_POINT('',(5.771328828358,0.99998989899));
#1643 = CARTESIAN_POINT('',(5.739215416834,0.99998989899));
#1644 = CARTESIAN_POINT('',(5.727858233888,0.99998989899));
#1645 = CARTESIAN_POINT('',(5.71650105137,0.99998989899));
#1646 = CARTESIAN_POINT('',(5.693786685973,0.99998989899));
#1647 = CARTESIAN_POINT('',(5.682429503046,0.99998989899));
#1648 = CARTESIAN_POINT('',(5.671072320521,0.99998989899));
#1649 = CARTESIAN_POINT('',(5.649532836216,0.99998989899));
#1650 = CARTESIAN_POINT('',(5.639350534323,0.99998989899));
#1651 = CARTESIAN_POINT('',(5.629168232718,0.99998989899));
#1652 = CARTESIAN_POINT('',(5.609586883303,0.99998989899));
#1653 = CARTESIAN_POINT('',(5.600187835431,0.99998989899));
#1654 = CARTESIAN_POINT('',(5.59078878777,0.99998989899));
#1655 = CARTESIAN_POINT('',(5.57003255721,0.99998989899));
#1656 = CARTESIAN_POINT('',(5.558675374366,0.99998989899));
#1657 = CARTESIAN_POINT('',(5.547318191772,0.99998989899));
#1658 = CARTESIAN_POINT('',(5.526170334441,0.99998989899));
#1659 = CARTESIAN_POINT('',(5.516379659614,0.99998989899));
#1660 = CARTESIAN_POINT('',(5.506588984927,0.99998989899));
#1661 = CARTESIAN_POINT('',(5.48622438145,0.99998989899));
#1662 = CARTESIAN_POINT('',(5.475650452651,0.99998989899));
#1663 = CARTESIAN_POINT('',(5.465076523972,0.99998989899));
#1664 = CARTESIAN_POINT('',(5.442362158555,0.99998989899));
#1665 = CARTESIAN_POINT('',(5.430221721798,0.99998989899));
#1666 = CARTESIAN_POINT('',(5.418081285141,0.99998989899));
#1667 = CARTESIAN_POINT('',(5.396933427763,0.99998989899));
#1668 = CARTESIAN_POINT('',(5.387926006967,0.99998989899));
#1669 = CARTESIAN_POINT('',(5.378918586203,0.99998989899));
#1670 = CARTESIAN_POINT('',(5.358553982714,0.99998989899));
#1671 = CARTESIAN_POINT('',(5.347196799972,0.99998989899));
#1672 = CARTESIAN_POINT('',(5.335839617255,0.99998989899));
#1673 = CARTESIAN_POINT('',(5.31312525185,0.99998989899));
#1674 = CARTESIAN_POINT('',(5.301768069113,0.99998989899));
#1675 = CARTESIAN_POINT('',(5.290410886385,0.99998989899));
#1676 = CARTESIAN_POINT('',(5.267696520969,0.99998989899));
#1677 = CARTESIAN_POINT('',(5.256339338231,0.99998989899));
#1678 = CARTESIAN_POINT('',(5.244982155499,0.99998989899));
#1679 = CARTESIAN_POINT('',(5.222659417064,0.99998989899));
#1680 = CARTESIAN_POINT('',(5.211693861315,0.99998989899));
#1681 = CARTESIAN_POINT('',(5.200728305576,0.99998989899));
#1682 = CARTESIAN_POINT('',(5.178797194123,0.99998989899));
#1683 = CARTESIAN_POINT('',(5.167831638368,0.99998989899));
#1684 = CARTESIAN_POINT('',(5.156866082632,0.99998989899));
#1685 = CARTESIAN_POINT('',(5.134934971176,0.99998989899));
#1686 = CARTESIAN_POINT('',(5.123969415415,0.99998989899));
#1687 = CARTESIAN_POINT('',(5.113003859685,0.99998989899));
#1688 = CARTESIAN_POINT('',(5.090681121235,0.99998989899));
#1689 = CARTESIAN_POINT('',(5.079323938474,0.99998989899));
#1690 = CARTESIAN_POINT('',(5.067966755759,0.99998989899));
#1691 = CARTESIAN_POINT('',(5.04838540628,0.99998989899));
#1692 = CARTESIAN_POINT('',(5.040161239463,0.99998989899));
#1693 = CARTESIAN_POINT('',(5.031937072675,0.99998989899));
#1694 = CARTESIAN_POINT('',(5.012355723119,0.99998989899));
#1695 = CARTESIAN_POINT('',(5.00099854035,0.99998989899));
#1696 = CARTESIAN_POINT('',(4.989641357645,0.99998989899));
#1697 = CARTESIAN_POINT('',(4.968101873206,0.99998989899));
#1698 = CARTESIAN_POINT('',(4.95791957142,0.99998989899));
#1699 = CARTESIAN_POINT('',(4.947737269689,0.99998989899));
#1700 = CARTESIAN_POINT('',(4.928547547186,0.99998989899));
#1701 = CARTESIAN_POINT('',(4.919540126381,0.99998989899));
#1702 = CARTESIAN_POINT('',(4.910532705619,0.99998989899));
#1703 = CARTESIAN_POINT('',(4.89095135609,0.99998989899));
#1704 = CARTESIAN_POINT('',(4.880377427314,0.99998989899));
#1705 = CARTESIAN_POINT('',(4.869803498593,0.99998989899));
#1706 = CARTESIAN_POINT('',(4.848655641135,0.99998989899));
#1707 = CARTESIAN_POINT('',(4.838081712364,0.99998989899));
#1708 = CARTESIAN_POINT('',(4.827507783639,0.99998989899));
#1709 = CARTESIAN_POINT('',(4.8055766722,0.99998989899));
#1710 = CARTESIAN_POINT('',(4.794219489451,0.99998989899));
#1711 = CARTESIAN_POINT('',(4.782862306739,0.99998989899));
#1712 = CARTESIAN_POINT('',(4.757798179401,0.99998989899));
#1713 = CARTESIAN_POINT('',(4.744091234701,0.99998989899));
#1714 = CARTESIAN_POINT('',(4.730384290026,0.99998989899));
#1715 = CARTESIAN_POINT('',(4.716677345418,0.99998989899));
#1716 = ( GEOMETRIC_REPRESENTATION_CONTEXT(2) 
PARAMETRIC_REPRESENTATION_CONTEXT() REPRESENTATION_CONTEXT('2D SPACE',''
  ) );
#1717 = PCURVE('',#750,#1718);
#1718 = DEFINITIONAL_REPRESENTATION('',(#1719),#1821);
#1719 = B_SPLINE_CURVE_WITH_KNOTS('',4,(#1720,#1721,#1722,#1723,#1724,
    #1725,#1726,#1727,#1728,#1729,#1730,#1731,#1732,#1733,#1734,#1735,
    #1736,#1737,#1738,#1739,#1740,#1741,#1742,#1743,#1744,#1745,#1746,
    #1747,#1748,#1749,#1750,#1751,#1752,#1753,#1754,#1755,#1756,#1757,
    #1758,#1759,#1760,#1761,#1762,#1763,#1764,#1765,#1766,#1767,#1768,
    #1769,#1770,#1771,#1772,#1773,#1774,#1775,#1776,#1777,#1778,#1779,
    #1780,#1781,#1782,#1783,#1784,#1785,#1786,#1787,#1788,#1789,#1790,
    #1791,#1792,#1793,#1794,#1795,#1796,#1797,#1798,#1799,#1800,#1801,
    #1802,#1803,#1804,#1805,#1806,#1807,#1808,#1809,#1810,#1811,#1812,
    #1813,#1814,#1815,#1816,#1817,#1818,#1819,#1820),.UNSPECIFIED.,.F.,
  .F.,(5,3,3,3,3,3,3,3,3,3,3,3,3,3,3,3,3,3,3,3,3,3,3,3,3,3,3,3,3,3,3,3,3
    ,5),(0.,1.499999042576E-02,8.999995857687E-02,0.106999951854,
    0.135999938366,0.163999923145,0.190999907121,0.253999868375,
    0.286999851723,0.339999832043,0.368999826105,0.397999823326,
    0.423999823311,0.447999825118,0.476999829229,0.501999834144,
    0.528999840496,0.559999848693,0.582999855199,0.611999863653,
    0.640999872255,0.669999880924,0.697999889359,0.725999897902,
    0.753999906632,0.782999915966,0.803999922986,0.832999933057,
    0.858999942528,0.881999951262,0.908999961904,0.935999972928,
    0.964999985091,1.),.UNSPECIFIED.);
#1720 = CARTESIAN_POINT('',(-36.75001060606,0.749992424242));
#1721 = CARTESIAN_POINT('',(-36.75441636568,0.749992409674));
#1722 = CARTESIAN_POINT('',(-36.75882212585,0.749957886908));
#1723 = CARTESIAN_POINT('',(-36.76322748098,0.749888855931));
#1724 = CARTESIAN_POINT('',(-36.78965475359,0.749267677787));
#1725 = CARTESIAN_POINT('',(-36.8116572332,0.747887560676));
#1726 = CARTESIAN_POINT('',(-36.83358871596,0.74564616846));
#1727 = CARTESIAN_POINT('',(-36.86034260688,0.741848973926));
#1728 = CARTESIAN_POINT('',(-36.86528003213,0.741103434159));
#1729 = CARTESIAN_POINT('',(-36.87021064434,0.740314093087));
#1730 = CARTESIAN_POINT('',(-36.88353229034,0.738059974372));
#1731 = CARTESIAN_POINT('',(-36.89190919956,0.736511722788));
#1732 = CARTESIAN_POINT('',(-36.90026169984,0.73483678331));
#1733 = CARTESIAN_POINT('',(-36.91662507683,0.731296871621));
#1734 = CARTESIAN_POINT('',(-36.92463780222,0.729440443845));
#1735 = CARTESIAN_POINT('',(-36.93262252533,0.727467049906));
#1736 = CARTESIAN_POINT('',(-36.94824678725,0.723362301979));
#1737 = CARTESIAN_POINT('',(-36.95588846965,0.721239106475));
#1738 = CARTESIAN_POINT('',(-36.96349945519,0.719008374415));
#1739 = CARTESIAN_POINT('',(-36.98875955128,0.711216469484));
#1740 = CARTESIAN_POINT('',(-37.00626219391,0.705180452602));
#1741 = CARTESIAN_POINT('',(-37.02355668168,0.698571616245));
#1742 = CARTESIAN_POINT('',(-37.04955076248,0.687645892771));
#1743 = CARTESIAN_POINT('',(-37.0584215121,0.683736202716));
#1744 = CARTESIAN_POINT('',(-37.06722356472,0.679674213606));
#1745 = CARTESIAN_POINT('',(-37.08997308566,0.668696413132));
#1746 = CARTESIAN_POINT('',(-37.10380591206,0.661543018624));
#1747 = CARTESIAN_POINT('',(-37.11743539271,0.654009397023));
#1748 = CARTESIAN_POINT('',(-37.13818405045,0.641779388602));
#1749 = CARTESIAN_POINT('',(-37.1454564952,0.637343023577));
#1750 = CARTESIAN_POINT('',(-37.1526609195,0.63279702892));
#1751 = CARTESIAN_POINT('',(-37.16692881935,0.623488982103));
#1752 = CARTESIAN_POINT('',(-37.17399229507,0.618726929789));
#1753 = CARTESIAN_POINT('',(-37.1809828419,0.613858449972));
#1754 = CARTESIAN_POINT('',(-37.19409795062,0.604426525363));
#1755 = CARTESIAN_POINT('',(-37.20023728769,0.599883625327));
#1756 = CARTESIAN_POINT('',(-37.2063143775,0.595257786423));
#1757 = CARTESIAN_POINT('',(-37.21787818513,0.586204947529));
#1758 = CARTESIAN_POINT('',(-37.22337435717,0.581790023966));
#1759 = CARTESIAN_POINT('',(-37.22881476555,0.577306563497));
#1760 = CARTESIAN_POINT('',(-37.24070305531,0.567256603465));
#1761 = CARTESIAN_POINT('',(-37.2471246981,0.56165906534));
#1762 = CARTESIAN_POINT('',(-37.25346083228,0.555964915832));
#1763 = CARTESIAN_POINT('',(-37.26509592547,0.545185827743));
#1764 = CARTESIAN_POINT('',(-37.2704173985,0.540125190949));
#1765 = CARTESIAN_POINT('',(-37.27567235002,0.534995511881));
#1766 = CARTESIAN_POINT('',(-37.28646152619,0.524184935064));
#1767 = CARTESIAN_POINT('',(-37.2919844611,0.518492769672));
#1768 = CARTESIAN_POINT('',(-37.29742658793,0.512723296999));
#1769 = CARTESIAN_POINT('',(-37.30894006153,0.500167291546));
#1770 = CARTESIAN_POINT('',(-37.31498518311,0.493356710672));
#1771 = CARTESIAN_POINT('',(-37.32091925375,0.486449155752));
#1772 = CARTESIAN_POINT('',(-37.33105859218,0.474252512988));
#1773 = CARTESIAN_POINT('',(-37.3353148097,0.469005780565));
#1774 = CARTESIAN_POINT('',(-37.33950770307,0.463708306222));
#1775 = CARTESIAN_POINT('',(-37.34884210063,0.451619302646));
#1776 = CARTESIAN_POINT('',(-37.35394572992,0.444798528488));
#1777 = CARTESIAN_POINT('',(-37.35894547578,0.437901243952));
#1778 = CARTESIAN_POINT('',(-37.36873383307,0.423958450862));
#1779 = CARTESIAN_POINT('',(-37.37352244463,0.416912942112));
#1780 = CARTESIAN_POINT('',(-37.37820380531,0.409795719572));
#1781 = CARTESIAN_POINT('',(-37.38734887864,0.395422791657));
#1782 = CARTESIAN_POINT('',(-37.39181259142,0.388167086082));
#1783 = CARTESIAN_POINT('',(-37.39616590719,0.380844611288));
#1784 = CARTESIAN_POINT('',(-37.40450256907,0.366325919685));
#1785 = CARTESIAN_POINT('',(-37.4084934965,0.359134055834));
#1786 = CARTESIAN_POINT('',(-37.41237883566,0.351884604319));
#1787 = CARTESIAN_POINT('',(-37.41993591378,0.337275211342));
#1788 = CARTESIAN_POINT('',(-37.42360765285,0.329915269701));
#1789 = CARTESIAN_POINT('',(-37.4271713801,0.322502425634));
#1790 = CARTESIAN_POINT('',(-37.43408059518,0.307575719776));
#1791 = CARTESIAN_POINT('',(-37.43742608308,0.300061857802));
#1792 = CARTESIAN_POINT('',(-37.44066134343,0.292499880404));
#1793 = CARTESIAN_POINT('',(-37.44702097783,0.277012872524));
#1794 = CARTESIAN_POINT('',(-37.45013726512,0.269084521032));
#1795 = CARTESIAN_POINT('',(-37.45313312312,0.26110988375));
#1796 = CARTESIAN_POINT('',(-37.45808905387,0.24728546204));
#1797 = CARTESIAN_POINT('',(-37.46010687609,0.241456380155));
#1798 = CARTESIAN_POINT('',(-37.46206065415,0.235605520908));
#1799 = CARTESIAN_POINT('',(-37.46655920916,0.221625574457));
#1800 = CARTESIAN_POINT('',(-37.46904558709,0.213477695061));
#1801 = CARTESIAN_POINT('',(-37.47140828347,0.205293094816));
#1802 = CARTESIAN_POINT('',(-37.47565323059,0.189706296377));
#1803 = CARTESIAN_POINT('',(-37.47755989814,0.182310747742));
#1804 = CARTESIAN_POINT('',(-37.4793659761,0.174889992773));
#1805 = CARTESIAN_POINT('',(-37.48257927723,0.160861098776));
#1806 = CARTESIAN_POINT('',(-37.4840084767,0.154257993303));
#1807 = CARTESIAN_POINT('',(-37.48535826511,0.147638198362));
#1808 = CARTESIAN_POINT('',(-37.48811935756,0.133214179357));
#1809 = CARTESIAN_POINT('',(-37.48950053464,0.125404188149));
#1810 = CARTESIAN_POINT('',(-37.49077145428,0.117575498783));
#1811 = CARTESIAN_POINT('',(-37.49309208673,0.101885402532));
#1812 = CARTESIAN_POINT('',(-37.49414179956,9.402399548173E-02));
#1813 = CARTESIAN_POINT('',(-37.49508056301,8.614856901883E-02));
#1814 = CARTESIAN_POINT('',(-37.49679699889,6.979015197749E-02));
#1815 = CARTESIAN_POINT('',(-37.49755758772,6.13053686593E-02));
#1816 = CARTESIAN_POINT('',(-37.49818959101,5.281003959036E-02));
#1817 = CARTESIAN_POINT('',(-37.49930019988,3.404490952303E-02));
#1818 = CARTESIAN_POINT('',(-37.49972001438,2.377162854992E-02));
#1819 = CARTESIAN_POINT('',(-37.4999519748,1.349239019436E-02));
#1820 = CARTESIAN_POINT('',(-37.49999605904,3.212346460003E-03));
#1821 = ( GEOMETRIC_REPRESENTATION_CONTEXT(2) 
PARAMETRIC_REPRESENTATION_CONTEXT() REPRESENTATION_CONTEXT('2D SPACE',''
  ) );
#1822 = ADVANCED_FACE('',(#1823),#675,.T.);
#1823 = FACE_BOUND('',#1824,.T.);
#1824 = EDGE_LOOP('',(#1825,#1848,#1876,#1897,#1898,#1899,#1900));
#1825 = ORIENTED_EDGE('',*,*,#1826,.T.);
#1826 = EDGE_CURVE('',#1325,#1827,#1829,.T.);
#1827 = VERTEX_POINT('',#1828);
#1828 = CARTESIAN_POINT('',(-36.75,-0.75,107.5));
#1829 = SURFACE_CURVE('',#1830,(#1834,#1841),.PCURVE_S1.);
#1830 = LINE('',#1831,#1832);
#1831 = CARTESIAN_POINT('',(-36.75,-0.75,98.999));
#1832 = VECTOR('',#1833,1.);
#1833 = DIRECTION('',(0.,0.,1.));
#1834 = PCURVE('',#675,#1835);
#1835 = DEFINITIONAL_REPRESENTATION('',(#1836),#1840);
#1836 = LINE('',#1837,#1838);
#1837 = CARTESIAN_POINT('',(0.,0.));
#1838 = VECTOR('',#1839,1.);
#1839 = DIRECTION('',(0.,-1.));
#1840 = ( GEOMETRIC_REPRESENTATION_CONTEXT(2) 
PARAMETRIC_REPRESENTATION_CONTEXT() REPRESENTATION_CONTEXT('2D SPACE',''
  ) );
#1841 = PCURVE('',#1467,#1842);
#1842 = DEFINITIONAL_REPRESENTATION('',(#1843),#1847);
#1843 = LINE('',#1844,#1845);
#1844 = CARTESIAN_POINT('',(73.5,0.));
#1845 = VECTOR('',#1846,1.);
#1846 = DIRECTION('',(0.,-1.));
#1847 = ( GEOMETRIC_REPRESENTATION_CONTEXT(2) 
PARAMETRIC_REPRESENTATION_CONTEXT() REPRESENTATION_CONTEXT('2D SPACE',''
  ) );
#1848 = ORIENTED_EDGE('',*,*,#1849,.T.);
#1849 = EDGE_CURVE('',#1827,#1850,#1852,.T.);
#1850 = VERTEX_POINT('',#1851);
#1851 = CARTESIAN_POINT('',(-36.75,0.75,107.5));
#1852 = SURFACE_CURVE('',#1853,(#1858,#1865),.PCURVE_S1.);
#1853 = CIRCLE('',#1854,0.75);
#1854 = AXIS2_PLACEMENT_3D('',#1855,#1856,#1857);
#1855 = CARTESIAN_POINT('',(-36.75,0.,107.5));
#1856 = DIRECTION('',(0.,-0.,-1.));
#1857 = DIRECTION('',(0.,-1.,0.));
#1858 = PCURVE('',#675,#1859);
#1859 = DEFINITIONAL_REPRESENTATION('',(#1860),#1864);
#1860 = LINE('',#1861,#1862);
#1861 = CARTESIAN_POINT('',(0.,-8.501));
#1862 = VECTOR('',#1863,1.);
#1863 = DIRECTION('',(1.,0.));
#1864 = ( GEOMETRIC_REPRESENTATION_CONTEXT(2) 
PARAMETRIC_REPRESENTATION_CONTEXT() REPRESENTATION_CONTEXT('2D SPACE',''
  ) );
#1865 = PCURVE('',#1866,#1871);
#1866 = CONICAL_SURFACE('',#1867,0.75,0.785398163397);
#1867 = AXIS2_PLACEMENT_3D('',#1868,#1869,#1870);
#1868 = CARTESIAN_POINT('',(-36.75,0.,107.5));
#1869 = DIRECTION('',(-0.,0.,1.));
#1870 = DIRECTION('',(0.,-1.,0.));
#1871 = DEFINITIONAL_REPRESENTATION('',(#1872),#1875);
#1872 = B_SPLINE_CURVE_WITH_KNOTS('',1,(#1873,#1874),.UNSPECIFIED.,.F.,
  .F.,(2,2),(0.,3.14159265359),.PIECEWISE_BEZIER_KNOTS.);
#1873 = CARTESIAN_POINT('',(0.,0.));
#1874 = CARTESIAN_POINT('',(-3.14159265359,0.));
#1875 = ( GEOMETRIC_REPRESENTATION_CONTEXT(2) 
PARAMETRIC_REPRESENTATION_CONTEXT() REPRESENTATION_CONTEXT('2D SPACE',''
  ) );
#1876 = ORIENTED_EDGE('',*,*,#1877,.F.);
#1877 = EDGE_CURVE('',#652,#1850,#1878,.T.);
#1878 = SURFACE_CURVE('',#1879,(#1883,#1890),.PCURVE_S1.);
#1879 = LINE('',#1880,#1881);
#1880 = CARTESIAN_POINT('',(-36.75,0.75,98.999));
#1881 = VECTOR('',#1882,1.);
#1882 = DIRECTION('',(0.,0.,1.));
#1883 = PCURVE('',#675,#1884);
#1884 = DEFINITIONAL_REPRESENTATION('',(#1885),#1889);
#1885 = LINE('',#1886,#1887);
#1886 = CARTESIAN_POINT('',(3.14159265359,0.));
#1887 = VECTOR('',#1888,1.);
#1888 = DIRECTION('',(0.,-1.));
#1889 = ( GEOMETRIC_REPRESENTATION_CONTEXT(2) 
PARAMETRIC_REPRESENTATION_CONTEXT() REPRESENTATION_CONTEXT('2D SPACE',''
  ) );
#1890 = PCURVE('',#1413,#1891);
#1891 = DEFINITIONAL_REPRESENTATION('',(#1892),#1896);
#1892 = LINE('',#1893,#1894);
#1893 = CARTESIAN_POINT('',(0.,0.));
#1894 = VECTOR('',#1895,1.);
#1895 = DIRECTION('',(0.,-1.));
#1896 = ( GEOMETRIC_REPRESENTATION_CONTEXT(2) 
PARAMETRIC_REPRESENTATION_CONTEXT() REPRESENTATION_CONTEXT('2D SPACE',''
  ) );
#1897 = ORIENTED_EDGE('',*,*,#651,.F.);
#1898 = ORIENTED_EDGE('',*,*,#835,.F.);
#1899 = ORIENTED_EDGE('',*,*,#1072,.F.);
#1900 = ORIENTED_EDGE('',*,*,#1364,.F.);
#1901 = ADVANCED_FACE('',(#1902),#710,.T.);
#1902 = FACE_BOUND('',#1903,.T.);
#1903 = EDGE_LOOP('',(#1904,#1925));
#1904 = ORIENTED_EDGE('',*,*,#1905,.T.);
#1905 = EDGE_CURVE('',#652,#687,#1906,.T.);
#1906 = SURFACE_CURVE('',#1907,(#1911,#1918),.PCURVE_S1.);
#1907 = LINE('',#1908,#1909);
#1908 = CARTESIAN_POINT('',(-36.75,0.75,98.999));
#1909 = VECTOR('',#1910,1.);
#1910 = DIRECTION('',(1.,0.,0.));
#1911 = PCURVE('',#710,#1912);
#1912 = DEFINITIONAL_REPRESENTATION('',(#1913),#1917);
#1913 = LINE('',#1914,#1915);
#1914 = CARTESIAN_POINT('',(163.25,200.75));
#1915 = VECTOR('',#1916,1.);
#1916 = DIRECTION('',(1.,0.));
#1917 = ( GEOMETRIC_REPRESENTATION_CONTEXT(2) 
PARAMETRIC_REPRESENTATION_CONTEXT() REPRESENTATION_CONTEXT('2D SPACE',''
  ) );
#1918 = PCURVE('',#1413,#1919);
#1919 = DEFINITIONAL_REPRESENTATION('',(#1920),#1924);
#1920 = LINE('',#1921,#1922);
#1921 = CARTESIAN_POINT('',(0.,0.));
#1922 = VECTOR('',#1923,1.);
#1923 = DIRECTION('',(1.,0.));
#1924 = ( GEOMETRIC_REPRESENTATION_CONTEXT(2) 
PARAMETRIC_REPRESENTATION_CONTEXT() REPRESENTATION_CONTEXT('2D SPACE',''
  ) );
#1925 = ORIENTED_EDGE('',*,*,#686,.F.);
#1926 = ADVANCED_FACE('',(#1927),#750,.T.);
#1927 = FACE_BOUND('',#1928,.T.);
#1928 = EDGE_LOOP('',(#1929,#1930,#1951,#1952));
#1929 = ORIENTED_EDGE('',*,*,#726,.F.);
#1930 = ORIENTED_EDGE('',*,*,#1931,.T.);
#1931 = EDGE_CURVE('',#687,#1396,#1932,.T.);
#1932 = SURFACE_CURVE('',#1933,(#1937,#1944),.PCURVE_S1.);
#1933 = LINE('',#1934,#1935);
#1934 = CARTESIAN_POINT('',(-36.75,0.75,98.999));
#1935 = VECTOR('',#1936,1.);
#1936 = DIRECTION('',(1.,0.,0.));
#1937 = PCURVE('',#750,#1938);
#1938 = DEFINITIONAL_REPRESENTATION('',(#1939),#1943);
#1939 = LINE('',#1940,#1941);
#1940 = CARTESIAN_POINT('',(36.75,0.75));
#1941 = VECTOR('',#1942,1.);
#1942 = DIRECTION('',(-1.,0.));
#1943 = ( GEOMETRIC_REPRESENTATION_CONTEXT(2) 
PARAMETRIC_REPRESENTATION_CONTEXT() REPRESENTATION_CONTEXT('2D SPACE',''
  ) );
#1944 = PCURVE('',#1413,#1945);
#1945 = DEFINITIONAL_REPRESENTATION('',(#1946),#1950);
#1946 = LINE('',#1947,#1948);
#1947 = CARTESIAN_POINT('',(0.,0.));
#1948 = VECTOR('',#1949,1.);
#1949 = DIRECTION('',(1.,0.));
#1950 = ( GEOMETRIC_REPRESENTATION_CONTEXT(2) 
PARAMETRIC_REPRESENTATION_CONTEXT() REPRESENTATION_CONTEXT('2D SPACE',''
  ) );
#1951 = ORIENTED_EDGE('',*,*,#1481,.T.);
#1952 = ORIENTED_EDGE('',*,*,#1508,.F.);
#1953 = ADVANCED_FACE('',(#1954),#1348,.T.);
#1954 = FACE_BOUND('',#1955,.T.);
#1955 = EDGE_LOOP('',(#1956,#1957));
#1956 = ORIENTED_EDGE('',*,*,#1324,.F.);
#1957 = ORIENTED_EDGE('',*,*,#1958,.T.);
#1958 = EDGE_CURVE('',#1295,#1325,#1959,.T.);
#1959 = SURFACE_CURVE('',#1960,(#1964,#1971),.PCURVE_S1.);
#1960 = LINE('',#1961,#1962);
#1961 = CARTESIAN_POINT('',(36.75,-0.75,98.999));
#1962 = VECTOR('',#1963,1.);
#1963 = DIRECTION('',(-1.,0.,0.));
#1964 = PCURVE('',#1348,#1965);
#1965 = DEFINITIONAL_REPRESENTATION('',(#1966),#1970);
#1966 = LINE('',#1967,#1968);
#1967 = CARTESIAN_POINT('',(236.75,199.25));
#1968 = VECTOR('',#1969,1.);
#1969 = DIRECTION('',(-1.,0.));
#1970 = ( GEOMETRIC_REPRESENTATION_CONTEXT(2) 
PARAMETRIC_REPRESENTATION_CONTEXT() REPRESENTATION_CONTEXT('2D SPACE',''
  ) );
#1971 = PCURVE('',#1467,#1972);
#1972 = DEFINITIONAL_REPRESENTATION('',(#1973),#1977);
#1973 = LINE('',#1974,#1975);
#1974 = CARTESIAN_POINT('',(0.,-0.));
#1975 = VECTOR('',#1976,1.);
#1976 = DIRECTION('',(1.,0.));
#1977 = ( GEOMETRIC_REPRESENTATION_CONTEXT(2) 
PARAMETRIC_REPRESENTATION_CONTEXT() REPRESENTATION_CONTEXT('2D SPACE',''
  ) );
#1978 = ADVANCED_FACE('',(#1979),#1413,.T.);
#1979 = FACE_BOUND('',#1980,.T.);
#1980 = EDGE_LOOP('',(#1981,#1982,#2008,#2009,#2010));
#1981 = ORIENTED_EDGE('',*,*,#1877,.T.);
#1982 = ORIENTED_EDGE('',*,*,#1983,.T.);
#1983 = EDGE_CURVE('',#1850,#1398,#1984,.T.);
#1984 = SURFACE_CURVE('',#1985,(#1989,#1996),.PCURVE_S1.);
#1985 = LINE('',#1986,#1987);
#1986 = CARTESIAN_POINT('',(-36.75,0.75,107.5));
#1987 = VECTOR('',#1988,1.);
#1988 = DIRECTION('',(1.,0.,0.));
#1989 = PCURVE('',#1413,#1990);
#1990 = DEFINITIONAL_REPRESENTATION('',(#1991),#1995);
#1991 = LINE('',#1992,#1993);
#1992 = CARTESIAN_POINT('',(0.,-8.501));
#1993 = VECTOR('',#1994,1.);
#1994 = DIRECTION('',(1.,0.));
#1995 = ( GEOMETRIC_REPRESENTATION_CONTEXT(2) 
PARAMETRIC_REPRESENTATION_CONTEXT() REPRESENTATION_CONTEXT('2D SPACE',''
  ) );
#1996 = PCURVE('',#1997,#2002);
#1997 = PLANE('',#1998);
#1998 = AXIS2_PLACEMENT_3D('',#1999,#2000,#2001);
#1999 = CARTESIAN_POINT('',(-36.75,2.25,109.));
#2000 = DIRECTION('',(0.,-0.707106781187,0.707106781187));
#2001 = DIRECTION('',(1.,0.,0.));
#2002 = DEFINITIONAL_REPRESENTATION('',(#2003),#2007);
#2003 = LINE('',#2004,#2005);
#2004 = CARTESIAN_POINT('',(0.,-2.12132034356));
#2005 = VECTOR('',#2006,1.);
#2006 = DIRECTION('',(1.,0.));
#2007 = ( GEOMETRIC_REPRESENTATION_CONTEXT(2) 
PARAMETRIC_REPRESENTATION_CONTEXT() REPRESENTATION_CONTEXT('2D SPACE',''
  ) );
#2008 = ORIENTED_EDGE('',*,*,#1395,.F.);
#2009 = ORIENTED_EDGE('',*,*,#1931,.F.);
#2010 = ORIENTED_EDGE('',*,*,#1905,.F.);
#2011 = ADVANCED_FACE('',(#2012),#1467,.T.);
#2012 = FACE_BOUND('',#2013,.T.);
#2013 = EDGE_LOOP('',(#2014,#2015,#2041,#2042));
#2014 = ORIENTED_EDGE('',*,*,#1453,.T.);
#2015 = ORIENTED_EDGE('',*,*,#2016,.T.);
#2016 = EDGE_CURVE('',#1426,#1827,#2017,.T.);
#2017 = SURFACE_CURVE('',#2018,(#2022,#2029),.PCURVE_S1.);
#2018 = LINE('',#2019,#2020);
#2019 = CARTESIAN_POINT('',(36.75,-0.75,107.5));
#2020 = VECTOR('',#2021,1.);
#2021 = DIRECTION('',(-1.,0.,0.));
#2022 = PCURVE('',#1467,#2023);
#2023 = DEFINITIONAL_REPRESENTATION('',(#2024),#2028);
#2024 = LINE('',#2025,#2026);
#2025 = CARTESIAN_POINT('',(0.,-8.501));
#2026 = VECTOR('',#2027,1.);
#2027 = DIRECTION('',(1.,0.));
#2028 = ( GEOMETRIC_REPRESENTATION_CONTEXT(2) 
PARAMETRIC_REPRESENTATION_CONTEXT() REPRESENTATION_CONTEXT('2D SPACE',''
  ) );
#2029 = PCURVE('',#2030,#2035);
#2030 = PLANE('',#2031);
#2031 = AXIS2_PLACEMENT_3D('',#2032,#2033,#2034);
#2032 = CARTESIAN_POINT('',(36.75,-2.25,109.));
#2033 = DIRECTION('',(0.,0.707106781187,0.707106781187));
#2034 = DIRECTION('',(-1.,0.,0.));
#2035 = DEFINITIONAL_REPRESENTATION('',(#2036),#2040);
#2036 = LINE('',#2037,#2038);
#2037 = CARTESIAN_POINT('',(0.,-2.12132034356));
#2038 = VECTOR('',#2039,1.);
#2039 = DIRECTION('',(1.,0.));
#2040 = ( GEOMETRIC_REPRESENTATION_CONTEXT(2) 
PARAMETRIC_REPRESENTATION_CONTEXT() REPRESENTATION_CONTEXT('2D SPACE',''
  ) );
#2041 = ORIENTED_EDGE('',*,*,#1826,.F.);
#2042 = ORIENTED_EDGE('',*,*,#1958,.F.);
#2043 = ADVANCED_FACE('',(#2044),#1442,.T.);
#2044 = FACE_BOUND('',#2045,.F.);
#2045 = EDGE_LOOP('',(#2046,#2047,#2067,#2096));
#2046 = ORIENTED_EDGE('',*,*,#1425,.T.);
#2047 = ORIENTED_EDGE('',*,*,#2048,.T.);
#2048 = EDGE_CURVE('',#1426,#2049,#2051,.T.);
#2049 = VERTEX_POINT('',#2050);
#2050 = CARTESIAN_POINT('',(36.75,-2.25,109.));
#2051 = SURFACE_CURVE('',#2052,(#2055,#2061),.PCURVE_S1.);
#2052 = B_SPLINE_CURVE_WITH_KNOTS('',1,(#2053,#2054),.UNSPECIFIED.,.F.,
  .F.,(2,2),(0.,1.),.PIECEWISE_BEZIER_KNOTS.);
#2053 = CARTESIAN_POINT('',(36.75,-0.75,107.5));
#2054 = CARTESIAN_POINT('',(36.75,-2.25,109.));
#2055 = PCURVE('',#1442,#2056);
#2056 = DEFINITIONAL_REPRESENTATION('',(#2057),#2060);
#2057 = B_SPLINE_CURVE_WITH_KNOTS('',1,(#2058,#2059),.UNSPECIFIED.,.F.,
  .F.,(2,2),(0.,1.),.PIECEWISE_BEZIER_KNOTS.);
#2058 = CARTESIAN_POINT('',(-3.14159265359,0.));
#2059 = CARTESIAN_POINT('',(-3.14159265359,1.5));
#2060 = ( GEOMETRIC_REPRESENTATION_CONTEXT(2) 
PARAMETRIC_REPRESENTATION_CONTEXT() REPRESENTATION_CONTEXT('2D SPACE',''
  ) );
#2061 = PCURVE('',#2030,#2062);
#2062 = DEFINITIONAL_REPRESENTATION('',(#2063),#2066);
#2063 = B_SPLINE_CURVE_WITH_KNOTS('',1,(#2064,#2065),.UNSPECIFIED.,.F.,
  .F.,(2,2),(0.,1.),.PIECEWISE_BEZIER_KNOTS.);
#2064 = CARTESIAN_POINT('',(0.,-2.12132034356));
#2065 = CARTESIAN_POINT('',(0.,0.));
#2066 = ( GEOMETRIC_REPRESENTATION_CONTEXT(2) 
PARAMETRIC_REPRESENTATION_CONTEXT() REPRESENTATION_CONTEXT('2D SPACE',''
  ) );
#2067 = ORIENTED_EDGE('',*,*,#2068,.F.);
#2068 = EDGE_CURVE('',#2069,#2049,#2071,.T.);
#2069 = VERTEX_POINT('',#2070);
#2070 = CARTESIAN_POINT('',(36.75,2.25,109.));
#2071 = SURFACE_CURVE('',#2072,(#2077,#2084),.PCURVE_S1.);
#2072 = CIRCLE('',#2073,2.25);
#2073 = AXIS2_PLACEMENT_3D('',#2074,#2075,#2076);
#2074 = CARTESIAN_POINT('',(36.75,0.,109.));
#2075 = DIRECTION('',(0.,0.,-1.));
#2076 = DIRECTION('',(0.,1.,0.));
#2077 = PCURVE('',#1442,#2078);
#2078 = DEFINITIONAL_REPRESENTATION('',(#2079),#2083);
#2079 = LINE('',#2080,#2081);
#2080 = CARTESIAN_POINT('',(-0.,1.5));
#2081 = VECTOR('',#2082,1.);
#2082 = DIRECTION('',(-1.,0.));
#2083 = ( GEOMETRIC_REPRESENTATION_CONTEXT(2) 
PARAMETRIC_REPRESENTATION_CONTEXT() REPRESENTATION_CONTEXT('2D SPACE',''
  ) );
#2084 = PCURVE('',#2085,#2090);
#2085 = PLANE('',#2086);
#2086 = AXIS2_PLACEMENT_3D('',#2087,#2088,#2089);
#2087 = CARTESIAN_POINT('',(36.75,0.,109.));
#2088 = DIRECTION('',(0.,0.,-1.));
#2089 = DIRECTION('',(0.,1.,0.));
#2090 = DEFINITIONAL_REPRESENTATION('',(#2091),#2095);
#2091 = CIRCLE('',#2092,2.25);
#2092 = AXIS2_PLACEMENT_2D('',#2093,#2094);
#2093 = CARTESIAN_POINT('',(0.,0.));
#2094 = DIRECTION('',(1.,0.));
#2095 = ( GEOMETRIC_REPRESENTATION_CONTEXT(2) 
PARAMETRIC_REPRESENTATION_CONTEXT() REPRESENTATION_CONTEXT('2D SPACE',''
  ) );
#2096 = ORIENTED_EDGE('',*,*,#2097,.F.);
#2097 = EDGE_CURVE('',#1398,#2069,#2098,.T.);
#2098 = SURFACE_CURVE('',#2099,(#2102,#2108),.PCURVE_S1.);
#2099 = B_SPLINE_CURVE_WITH_KNOTS('',1,(#2100,#2101),.UNSPECIFIED.,.F.,
  .F.,(2,2),(0.,1.),.PIECEWISE_BEZIER_KNOTS.);
#2100 = CARTESIAN_POINT('',(36.75,0.75,107.5));
#2101 = CARTESIAN_POINT('',(36.75,2.25,109.));
#2102 = PCURVE('',#1442,#2103);
#2103 = DEFINITIONAL_REPRESENTATION('',(#2104),#2107);
#2104 = B_SPLINE_CURVE_WITH_KNOTS('',1,(#2105,#2106),.UNSPECIFIED.,.F.,
  .F.,(2,2),(0.,1.),.PIECEWISE_BEZIER_KNOTS.);
#2105 = CARTESIAN_POINT('',(0.,0.));
#2106 = CARTESIAN_POINT('',(0.,1.5));
#2107 = ( GEOMETRIC_REPRESENTATION_CONTEXT(2) 
PARAMETRIC_REPRESENTATION_CONTEXT() REPRESENTATION_CONTEXT('2D SPACE',''
  ) );
#2108 = PCURVE('',#1997,#2109);
#2109 = DEFINITIONAL_REPRESENTATION('',(#2110),#2113);
#2110 = B_SPLINE_CURVE_WITH_KNOTS('',1,(#2111,#2112),.UNSPECIFIED.,.F.,
  .F.,(2,2),(0.,1.),.PIECEWISE_BEZIER_KNOTS.);
#2111 = CARTESIAN_POINT('',(73.5,-2.12132034356));
#2112 = CARTESIAN_POINT('',(73.5,0.));
#2113 = ( GEOMETRIC_REPRESENTATION_CONTEXT(2) 
PARAMETRIC_REPRESENTATION_CONTEXT() REPRESENTATION_CONTEXT('2D SPACE',''
  ) );
#2114 = ADVANCED_FACE('',(#2115),#1866,.T.);
#2115 = FACE_BOUND('',#2116,.F.);
#2116 = EDGE_LOOP('',(#2117,#2118,#2138,#2162));
#2117 = ORIENTED_EDGE('',*,*,#1849,.T.);
#2118 = ORIENTED_EDGE('',*,*,#2119,.T.);
#2119 = EDGE_CURVE('',#1850,#2120,#2122,.T.);
#2120 = VERTEX_POINT('',#2121);
#2121 = CARTESIAN_POINT('',(-36.75,2.25,109.));
#2122 = SURFACE_CURVE('',#2123,(#2126,#2132),.PCURVE_S1.);
#2123 = B_SPLINE_CURVE_WITH_KNOTS('',1,(#2124,#2125),.UNSPECIFIED.,.F.,
  .F.,(2,2),(0.,1.),.PIECEWISE_BEZIER_KNOTS.);
#2124 = CARTESIAN_POINT('',(-36.75,0.75,107.5));
#2125 = CARTESIAN_POINT('',(-36.75,2.25,109.));
#2126 = PCURVE('',#1866,#2127);
#2127 = DEFINITIONAL_REPRESENTATION('',(#2128),#2131);
#2128 = B_SPLINE_CURVE_WITH_KNOTS('',1,(#2129,#2130),.UNSPECIFIED.,.F.,
  .F.,(2,2),(0.,1.),.PIECEWISE_BEZIER_KNOTS.);
#2129 = CARTESIAN_POINT('',(-3.14159265359,0.));
#2130 = CARTESIAN_POINT('',(-3.14159265359,1.5));
#2131 = ( GEOMETRIC_REPRESENTATION_CONTEXT(2) 
PARAMETRIC_REPRESENTATION_CONTEXT() REPRESENTATION_CONTEXT('2D SPACE',''
  ) );
#2132 = PCURVE('',#1997,#2133);
#2133 = DEFINITIONAL_REPRESENTATION('',(#2134),#2137);
#2134 = B_SPLINE_CURVE_WITH_KNOTS('',1,(#2135,#2136),.UNSPECIFIED.,.F.,
  .F.,(2,2),(0.,1.),.PIECEWISE_BEZIER_KNOTS.);
#2135 = CARTESIAN_POINT('',(0.,-2.12132034356));
#2136 = CARTESIAN_POINT('',(0.,0.));
#2137 = ( GEOMETRIC_REPRESENTATION_CONTEXT(2) 
PARAMETRIC_REPRESENTATION_CONTEXT() REPRESENTATION_CONTEXT('2D SPACE',''
  ) );
#2138 = ORIENTED_EDGE('',*,*,#2139,.F.);
#2139 = EDGE_CURVE('',#2140,#2120,#2142,.T.);
#2140 = VERTEX_POINT('',#2141);
#2141 = CARTESIAN_POINT('',(-36.75,-2.25,109.));
#2142 = SURFACE_CURVE('',#2143,(#2148,#2155),.PCURVE_S1.);
#2143 = CIRCLE('',#2144,2.25);
#2144 = AXIS2_PLACEMENT_3D('',#2145,#2146,#2147);
#2145 = CARTESIAN_POINT('',(-36.75,0.,109.));
#2146 = DIRECTION('',(0.,-0.,-1.));
#2147 = DIRECTION('',(0.,-1.,0.));
#2148 = PCURVE('',#1866,#2149);
#2149 = DEFINITIONAL_REPRESENTATION('',(#2150),#2154);
#2150 = LINE('',#2151,#2152);
#2151 = CARTESIAN_POINT('',(-0.,1.5));
#2152 = VECTOR('',#2153,1.);
#2153 = DIRECTION('',(-1.,0.));
#2154 = ( GEOMETRIC_REPRESENTATION_CONTEXT(2) 
PARAMETRIC_REPRESENTATION_CONTEXT() REPRESENTATION_CONTEXT('2D SPACE',''
  ) );
#2155 = PCURVE('',#2085,#2156);
#2156 = DEFINITIONAL_REPRESENTATION('',(#2157),#2161);
#2157 = CIRCLE('',#2158,2.25);
#2158 = AXIS2_PLACEMENT_2D('',#2159,#2160);
#2159 = CARTESIAN_POINT('',(0.,-73.5));
#2160 = DIRECTION('',(-1.,0.));
#2161 = ( GEOMETRIC_REPRESENTATION_CONTEXT(2) 
PARAMETRIC_REPRESENTATION_CONTEXT() REPRESENTATION_CONTEXT('2D SPACE',''
  ) );
#2162 = ORIENTED_EDGE('',*,*,#2163,.F.);
#2163 = EDGE_CURVE('',#1827,#2140,#2164,.T.);
#2164 = SURFACE_CURVE('',#2165,(#2168,#2174),.PCURVE_S1.);
#2165 = B_SPLINE_CURVE_WITH_KNOTS('',1,(#2166,#2167),.UNSPECIFIED.,.F.,
  .F.,(2,2),(0.,1.),.PIECEWISE_BEZIER_KNOTS.);
#2166 = CARTESIAN_POINT('',(-36.75,-0.75,107.5));
#2167 = CARTESIAN_POINT('',(-36.75,-2.25,109.));
#2168 = PCURVE('',#1866,#2169);
#2169 = DEFINITIONAL_REPRESENTATION('',(#2170),#2173);
#2170 = B_SPLINE_CURVE_WITH_KNOTS('',1,(#2171,#2172),.UNSPECIFIED.,.F.,
  .F.,(2,2),(0.,1.),.PIECEWISE_BEZIER_KNOTS.);
#2171 = CARTESIAN_POINT('',(0.,0.));
#2172 = CARTESIAN_POINT('',(0.,1.5));
#2173 = ( GEOMETRIC_REPRESENTATION_CONTEXT(2) 
PARAMETRIC_REPRESENTATION_CONTEXT() REPRESENTATION_CONTEXT('2D SPACE',''
  ) );
#2174 = PCURVE('',#2030,#2175);
#2175 = DEFINITIONAL_REPRESENTATION('',(#2176),#2179);
#2176 = B_SPLINE_CURVE_WITH_KNOTS('',1,(#2177,#2178),.UNSPECIFIED.,.F.,
  .F.,(2,2),(0.,1.),.PIECEWISE_BEZIER_KNOTS.);
#2177 = CARTESIAN_POINT('',(73.5,-2.12132034356));
#2178 = CARTESIAN_POINT('',(73.5,0.));
#2179 = ( GEOMETRIC_REPRESENTATION_CONTEXT(2) 
PARAMETRIC_REPRESENTATION_CONTEXT() REPRESENTATION_CONTEXT('2D SPACE',''
  ) );
#2180 = ADVANCED_FACE('',(#2181),#1997,.F.);
#2181 = FACE_BOUND('',#2182,.F.);
#2182 = EDGE_LOOP('',(#2183,#2184,#2185,#2206));
#2183 = ORIENTED_EDGE('',*,*,#1983,.T.);
#2184 = ORIENTED_EDGE('',*,*,#2097,.T.);
#2185 = ORIENTED_EDGE('',*,*,#2186,.F.);
#2186 = EDGE_CURVE('',#2120,#2069,#2187,.T.);
#2187 = SURFACE_CURVE('',#2188,(#2192,#2199),.PCURVE_S1.);
#2188 = LINE('',#2189,#2190);
#2189 = CARTESIAN_POINT('',(-36.75,2.25,109.));
#2190 = VECTOR('',#2191,1.);
#2191 = DIRECTION('',(1.,0.,0.));
#2192 = PCURVE('',#1997,#2193);
#2193 = DEFINITIONAL_REPRESENTATION('',(#2194),#2198);
#2194 = LINE('',#2195,#2196);
#2195 = CARTESIAN_POINT('',(0.,0.));
#2196 = VECTOR('',#2197,1.);
#2197 = DIRECTION('',(1.,0.));
#2198 = ( GEOMETRIC_REPRESENTATION_CONTEXT(2) 
PARAMETRIC_REPRESENTATION_CONTEXT() REPRESENTATION_CONTEXT('2D SPACE',''
  ) );
#2199 = PCURVE('',#2085,#2200);
#2200 = DEFINITIONAL_REPRESENTATION('',(#2201),#2205);
#2201 = LINE('',#2202,#2203);
#2202 = CARTESIAN_POINT('',(2.25,-73.5));
#2203 = VECTOR('',#2204,1.);
#2204 = DIRECTION('',(0.,1.));
#2205 = ( GEOMETRIC_REPRESENTATION_CONTEXT(2) 
PARAMETRIC_REPRESENTATION_CONTEXT() REPRESENTATION_CONTEXT('2D SPACE',''
  ) );
#2206 = ORIENTED_EDGE('',*,*,#2119,.F.);
#2207 = ADVANCED_FACE('',(#2208),#2030,.F.);
#2208 = FACE_BOUND('',#2209,.F.);
#2209 = EDGE_LOOP('',(#2210,#2211,#2212,#2233));
#2210 = ORIENTED_EDGE('',*,*,#2016,.T.);
#2211 = ORIENTED_EDGE('',*,*,#2163,.T.);
#2212 = ORIENTED_EDGE('',*,*,#2213,.F.);
#2213 = EDGE_CURVE('',#2049,#2140,#2214,.T.);
#2214 = SURFACE_CURVE('',#2215,(#2219,#2226),.PCURVE_S1.);
#2215 = LINE('',#2216,#2217);
#2216 = CARTESIAN_POINT('',(36.75,-2.25,109.));
#2217 = VECTOR('',#2218,1.);
#2218 = DIRECTION('',(-1.,0.,0.));
#2219 = PCURVE('',#2030,#2220);
#2220 = DEFINITIONAL_REPRESENTATION('',(#2221),#2225);
#2221 = LINE('',#2222,#2223);
#2222 = CARTESIAN_POINT('',(0.,0.));
#2223 = VECTOR('',#2224,1.);
#2224 = DIRECTION('',(1.,0.));
#2225 = ( GEOMETRIC_REPRESENTATION_CONTEXT(2) 
PARAMETRIC_REPRESENTATION_CONTEXT() REPRESENTATION_CONTEXT('2D SPACE',''
  ) );
#2226 = PCURVE('',#2085,#2227);
#2227 = DEFINITIONAL_REPRESENTATION('',(#2228),#2232);
#2228 = LINE('',#2229,#2230);
#2229 = CARTESIAN_POINT('',(-2.25,0.));
#2230 = VECTOR('',#2231,1.);
#2231 = DIRECTION('',(0.,-1.));
#2232 = ( GEOMETRIC_REPRESENTATION_CONTEXT(2) 
PARAMETRIC_REPRESENTATION_CONTEXT() REPRESENTATION_CONTEXT('2D SPACE',''
  ) );
#2233 = ORIENTED_EDGE('',*,*,#2048,.F.);
#2234 = ADVANCED_FACE('',(#2235),#2085,.F.);
#2235 = FACE_BOUND('',#2236,.F.);
#2236 = EDGE_LOOP('',(#2237,#2238,#2239,#2240));
#2237 = ORIENTED_EDGE('',*,*,#2186,.T.);
#2238 = ORIENTED_EDGE('',*,*,#2068,.T.);
#2239 = ORIENTED_EDGE('',*,*,#2213,.T.);
#2240 = ORIENTED_EDGE('',*,*,#2139,.T.);
#2241 = ( GEOMETRIC_REPRESENTATION_CONTEXT(3) 
GLOBAL_UNCERTAINTY_ASSIGNED_CONTEXT((#2245)) 
GLOBAL_UNIT_ASSIGNED_CONTEXT((#2242,#2243,#2244)) REPRESENTATION_CONTEXT
('Context #1','3D Context with UNIT and UNCERTAINTY') );
#2242 = ( LENGTH_UNIT() NAMED_UNIT(*) SI_UNIT(.MILLI.,.METRE.) );
#2243 = ( NAMED_UNIT(*) PLANE_ANGLE_UNIT() SI_UNIT($,.RADIAN.) );
#2244 = ( NAMED_UNIT(*) SI_UNIT($,.STERADIAN.) SOLID_ANGLE_UNIT() );
#2245 = UNCERTAINTY_MEASURE_WITH_UNIT(LENGTH_MEASURE(2.E-06),#2242,
  'distance_accuracy_value','confusion accuracy');
#2246 = PRODUCT_RELATED_PRODUCT_CATEGORY('part',$,(#7));
ENDSEC;
END-ISO-10303-21;
