ISO-10303-21;
HEADER;
FILE_DESCRIPTION(('Open CASCADE Model'),'2;1');
FILE_NAME('Open CASCADE Shape Model','2026-09-12T16:52:49',('Author'),(
    'Open CASCADE'),'Open CASCADE STEP processor 7.9','Open CASCADE 7.9'
  ,'Unknown');
FILE_SCHEMA(('AUTOMOTIVE_DESIGN { 1 0 10303 214 1 1 1 1 }'));
ENDSEC;
DATA;
#1 = APPLICATION_PROTOCOL_DEFINITION('international standard',
  'automotive_design',2000,#2);
#2 = APPLICATION_CONTEXT(
  'core data for automotive mechanical design processes');
#3 = SHAPE_DEFINITION_REPRESENTATION(#4,#10);
#4 = PRODUCT_DEFINITION_SHAPE('','',#5);
#5 = PRODUCT_DEFINITION('design','',#6,#9);
#6 = PRODUCT_DEFINITION_FORMATION('','',#7);
#7 = PRODUCT('Open CASCADE STEP translator 7.9 4',
  'Open CASCADE STEP translator 7.9 4','',(#8));
#8 = PRODUCT_CONTEXT('',#2,'mechanical');
#9 = PRODUCT_DEFINITION_CONTEXT('part definition',#2,'design');
#10 = ADVANCED_BREP_SHAPE_REPRESENTATION('',(#11,#15),#3650);
#11 = AXIS2_PLACEMENT_3D('',#12,#13,#14);
#12 = CARTESIAN_POINT('',(0.,0.,0.));
#13 = DIRECTION('',(0.,0.,1.));
#14 = DIRECTION('',(1.,0.,-0.));
#15 = MANIFOLD_SOLID_BREP('',#16);
#16 = CLOSED_SHELL('',(#17,#137,#552,#600,#872,#970,#998,#1026,#2301,
    #2389,#2435,#2586,#2612,#2667,#2722,#2965,#3044,#3068,#3123,#3178,
    #3224,#3279,#3334,#3412,#3417,#3472,#3550,#3555,#3582,#3609,#3613,
    #3617,#3621,#3625,#3630,#3634,#3638,#3642,#3646));
#17 = ADVANCED_FACE('',(#18),#32,.T.);
#18 = FACE_BOUND('',#19,.F.);
#19 = EDGE_LOOP('',(#20,#55,#84,#110));
#20 = ORIENTED_EDGE('',*,*,#21,.F.);
#21 = EDGE_CURVE('',#22,#24,#26,.T.);
#22 = VERTEX_POINT('',#23);
#23 = CARTESIAN_POINT('',(46.5,0.,0.));
#24 = VERTEX_POINT('',#25);
#25 = CARTESIAN_POINT('',(46.5,0.,69.9));
#26 = SURFACE_CURVE('',#27,(#31,#43),.PCURVE_S1.);
#27 = LINE('',#28,#29);
#28 = CARTESIAN_POINT('',(46.5,0.,0.));
#29 = VECTOR('',#30,1.);
#30 = DIRECTION('',(0.,0.,1.));
#31 = PCURVE('',#32,#37);
#32 = CYLINDRICAL_SURFACE('',#33,46.5);
#33 = AXIS2_PLACEMENT_3D('',#34,#35,#36);
#34 = CARTESIAN_POINT('',(0.,0.,0.));
#35 = DIRECTION('',(-0.,-0.,-1.));
#36 = DIRECTION('',(1.,0.,0.));
#37 = DEFINITIONAL_REPRESENTATION('',(#38),#42);
#38 = LINE('',#39,#40);
#39 = CARTESIAN_POINT('',(-6.28318530718,0.));
#40 = VECTOR('',#41,1.);
#41 = DIRECTION('',(-0.,-1.));
#42 = ( GEOMETRIC_REPRESENTATION_CONTEXT(2) 
PARAMETRIC_REPRESENTATION_CONTEXT() REPRESENTATION_CONTEXT('2D SPACE',''
  ) );
#43 = PCURVE('',#44,#49);
#44 = PLANE('',#45);
#45 = AXIS2_PLACEMENT_3D('',#46,#47,#48);
#46 = CARTESIAN_POINT('',(-300.,0.,-300.));
#47 = DIRECTION('',(-0.,1.,0.));
#48 = DIRECTION('',(0.,0.,1.));
#49 = DEFINITIONAL_REPRESENTATION('',(#50),#54);
#50 = LINE('',#51,#52);
#51 = CARTESIAN_POINT('',(300.,346.5));
#52 = VECTOR('',#53,1.);
#53 = DIRECTION('',(1.,0.));
#54 = ( GEOMETRIC_REPRESENTATION_CONTEXT(2) 
PARAMETRIC_REPRESENTATION_CONTEXT() REPRESENTATION_CONTEXT('2D SPACE',''
  ) );
#55 = ORIENTED_EDGE('',*,*,#56,.F.);
#56 = EDGE_CURVE('',#57,#22,#59,.T.);
#57 = VERTEX_POINT('',#58);
#58 = CARTESIAN_POINT('',(-46.5,5.694607616035E-15,0.));
#59 = SURFACE_CURVE('',#60,(#65,#72),.PCURVE_S1.);
#60 = CIRCLE('',#61,46.5);
#61 = AXIS2_PLACEMENT_3D('',#62,#63,#64);
#62 = CARTESIAN_POINT('',(0.,0.,0.));
#63 = DIRECTION('',(0.,0.,1.));
#64 = DIRECTION('',(1.,0.,0.));
#65 = PCURVE('',#32,#66);
#66 = DEFINITIONAL_REPRESENTATION('',(#67),#71);
#67 = LINE('',#68,#69);
#68 = CARTESIAN_POINT('',(-0.,0.));
#69 = VECTOR('',#70,1.);
#70 = DIRECTION('',(-1.,0.));
#71 = ( GEOMETRIC_REPRESENTATION_CONTEXT(2) 
PARAMETRIC_REPRESENTATION_CONTEXT() REPRESENTATION_CONTEXT('2D SPACE',''
  ) );
#72 = PCURVE('',#73,#78);
#73 = PLANE('',#74);
#74 = AXIS2_PLACEMENT_3D('',#75,#76,#77);
#75 = CARTESIAN_POINT('',(-1.882068139409E-15,-1.61343992693E-17,0.));
#76 = DIRECTION('',(0.,0.,1.));
#77 = DIRECTION('',(1.,0.,-0.));
#78 = DEFINITIONAL_REPRESENTATION('',(#79),#83);
#79 = CIRCLE('',#80,46.5);
#80 = AXIS2_PLACEMENT_2D('',#81,#82);
#81 = CARTESIAN_POINT('',(1.882068139409E-15,1.61343992693E-17));
#82 = DIRECTION('',(1.,0.));
#83 = ( GEOMETRIC_REPRESENTATION_CONTEXT(2) 
PARAMETRIC_REPRESENTATION_CONTEXT() REPRESENTATION_CONTEXT('2D SPACE',''
  ) );
#84 = ORIENTED_EDGE('',*,*,#85,.F.);
#85 = EDGE_CURVE('',#86,#57,#88,.T.);
#86 = VERTEX_POINT('',#87);
#87 = CARTESIAN_POINT('',(-46.5,5.694607616035E-15,69.9));
#88 = SURFACE_CURVE('',#89,(#93,#99),.PCURVE_S1.);
#89 = LINE('',#90,#91);
#90 = CARTESIAN_POINT('',(-46.5,0.,0.));
#91 = VECTOR('',#92,1.);
#92 = DIRECTION('',(-0.,-0.,-1.));
#93 = PCURVE('',#32,#94);
#94 = DEFINITIONAL_REPRESENTATION('',(#95),#98);
#95 = B_SPLINE_CURVE_WITH_KNOTS('',1,(#96,#97),.UNSPECIFIED.,.F.,.F.,(2,
    2),(-69.9000006,6.E-07),.PIECEWISE_BEZIER_KNOTS.);
#96 = CARTESIAN_POINT('',(-3.14159265359,-69.9000006));
#97 = CARTESIAN_POINT('',(-3.14159265359,6.E-07));
#98 = ( GEOMETRIC_REPRESENTATION_CONTEXT(2) 
PARAMETRIC_REPRESENTATION_CONTEXT() REPRESENTATION_CONTEXT('2D SPACE',''
  ) );
#99 = PCURVE('',#100,#105);
#100 = PLANE('',#101);
#101 = AXIS2_PLACEMENT_3D('',#102,#103,#104);
#102 = CARTESIAN_POINT('',(-300.,0.,-300.));
#103 = DIRECTION('',(-0.,1.,0.));
#104 = DIRECTION('',(0.,0.,1.));
#105 = DEFINITIONAL_REPRESENTATION('',(#106),#109);
#106 = B_SPLINE_CURVE_WITH_KNOTS('',1,(#107,#108),.UNSPECIFIED.,.F.,.F.,
  (2,2),(-69.9000006,6.E-07),.PIECEWISE_BEZIER_KNOTS.);
#107 = CARTESIAN_POINT('',(369.9000006,253.5));
#108 = CARTESIAN_POINT('',(299.9999994,253.5));
#109 = ( GEOMETRIC_REPRESENTATION_CONTEXT(2) 
PARAMETRIC_REPRESENTATION_CONTEXT() REPRESENTATION_CONTEXT('2D SPACE',''
  ) );
#110 = ORIENTED_EDGE('',*,*,#111,.T.);
#111 = EDGE_CURVE('',#86,#24,#112,.T.);
#112 = SURFACE_CURVE('',#113,(#118,#125),.PCURVE_S1.);
#113 = CIRCLE('',#114,46.5);
#114 = AXIS2_PLACEMENT_3D('',#115,#116,#117);
#115 = CARTESIAN_POINT('',(0.,0.,69.9));
#116 = DIRECTION('',(0.,0.,1.));
#117 = DIRECTION('',(1.,0.,0.));
#118 = PCURVE('',#32,#119);
#119 = DEFINITIONAL_REPRESENTATION('',(#120),#124);
#120 = LINE('',#121,#122);
#121 = CARTESIAN_POINT('',(-0.,-69.9));
#122 = VECTOR('',#123,1.);
#123 = DIRECTION('',(-1.,0.));
#124 = ( GEOMETRIC_REPRESENTATION_CONTEXT(2) 
PARAMETRIC_REPRESENTATION_CONTEXT() REPRESENTATION_CONTEXT('2D SPACE',''
  ) );
#125 = PCURVE('',#126,#131);
#126 = PLANE('',#127);
#127 = AXIS2_PLACEMENT_3D('',#128,#129,#130);
#128 = CARTESIAN_POINT('',(-1.882068139409E-15,-1.61343992693E-17,69.9)
  );
#129 = DIRECTION('',(0.,0.,1.));
#130 = DIRECTION('',(1.,0.,-0.));
#131 = DEFINITIONAL_REPRESENTATION('',(#132),#136);
#132 = CIRCLE('',#133,46.5);
#133 = AXIS2_PLACEMENT_2D('',#134,#135);
#134 = CARTESIAN_POINT('',(1.882068139409E-15,1.61343992693E-17));
#135 = DIRECTION('',(1.,0.));
#136 = ( GEOMETRIC_REPRESENTATION_CONTEXT(2) 
PARAMETRIC_REPRESENTATION_CONTEXT() REPRESENTATION_CONTEXT('2D SPACE',''
  ) );
#137 = ADVANCED_FACE('',(#138,#490,#521),#44,.T.);
#138 = FACE_BOUND('',#139,.T.);
#139 = EDGE_LOOP('',(#140,#141,#162,#311,#337,#363,#389,#417,#443,#471)
  );
#140 = ORIENTED_EDGE('',*,*,#21,.F.);
#141 = ORIENTED_EDGE('',*,*,#142,.T.);
#142 = EDGE_CURVE('',#22,#143,#145,.T.);
#143 = VERTEX_POINT('',#144);
#144 = CARTESIAN_POINT('',(37.8,0.,0.));
#145 = SURFACE_CURVE('',#146,(#150,#156),.PCURVE_S1.);
#146 = LINE('',#147,#148);
#147 = CARTESIAN_POINT('',(-150.,0.,0.));
#148 = VECTOR('',#149,1.);
#149 = DIRECTION('',(-1.,-0.,0.));
#150 = PCURVE('',#44,#151);
#151 = DEFINITIONAL_REPRESENTATION('',(#152),#155);
#152 = B_SPLINE_CURVE_WITH_KNOTS('',1,(#153,#154),.UNSPECIFIED.,.F.,.F.,
  (2,2),(-196.5,-103.5),.PIECEWISE_BEZIER_KNOTS.);
#153 = CARTESIAN_POINT('',(300.,346.5));
#154 = CARTESIAN_POINT('',(300.,253.5));
#155 = ( GEOMETRIC_REPRESENTATION_CONTEXT(2) 
PARAMETRIC_REPRESENTATION_CONTEXT() REPRESENTATION_CONTEXT('2D SPACE',''
  ) );
#156 = PCURVE('',#73,#157);
#157 = DEFINITIONAL_REPRESENTATION('',(#158),#161);
#158 = B_SPLINE_CURVE_WITH_KNOTS('',1,(#159,#160),.UNSPECIFIED.,.F.,.F.,
  (2,2),(-196.5,-103.5),.PIECEWISE_BEZIER_KNOTS.);
#159 = CARTESIAN_POINT('',(46.5,1.61343992693E-17));
#160 = CARTESIAN_POINT('',(-46.5,1.61343992693E-17));
#161 = ( GEOMETRIC_REPRESENTATION_CONTEXT(2) 
PARAMETRIC_REPRESENTATION_CONTEXT() REPRESENTATION_CONTEXT('2D SPACE',''
  ) );
#162 = ORIENTED_EDGE('',*,*,#163,.T.);
#163 = EDGE_CURVE('',#143,#164,#166,.T.);
#164 = VERTEX_POINT('',#165);
#165 = CARTESIAN_POINT('',(37.500002954945,1.485356976305E-17,98.999));
#166 = SURFACE_CURVE('',#167,(#206,#248),.PCURVE_S1.);
#167 = B_SPLINE_CURVE_WITH_KNOTS('',7,(#168,#169,#170,#171,#172,#173,
    #174,#175,#176,#177,#178,#179,#180,#181,#182,#183,#184,#185,#186,
    #187,#188,#189,#190,#191,#192,#193,#194,#195,#196,#197,#198,#199,
    #200,#201,#202,#203,#204,#205),.UNSPECIFIED.,.F.,.F.,(8,6,6,6,6,6,8)
  ,(0.,7.619145070963E-02,0.196057594244,0.377268706867,0.558391833059,
    0.967463753068,1.),.UNSPECIFIED.);
#168 = CARTESIAN_POINT('',(37.8,0.,0.));
#169 = CARTESIAN_POINT('',(37.788575438799,0.,1.077172913218));
#170 = CARTESIAN_POINT('',(37.777781912009,0.,2.154326411766));
#171 = CARTESIAN_POINT('',(37.767648080866,0.,3.231464002091));
#172 = CARTESIAN_POINT('',(37.758191503696,0.,4.308590732523));
#173 = CARTESIAN_POINT('',(37.749412631985,0.,5.385712698508));
#174 = CARTESIAN_POINT('',(37.741294178033,0.,6.462836384044));
#175 = CARTESIAN_POINT('',(37.722025050879,0.,9.234535831167));
#176 = CARTESIAN_POINT('',(37.711803732182,0.,10.929122973755));
#177 = CARTESIAN_POINT('',(37.703024836491,0.,12.623752067694));
#178 = CARTESIAN_POINT('',(37.695487456076,0.,14.318441683613));
#179 = CARTESIAN_POINT('',(37.688963903044,0.,16.013199526147));
#180 = CARTESIAN_POINT('',(37.683259869537,0.,17.708025926561));
#181 = CARTESIAN_POINT('',(37.6705720318,0.,21.965215485015));
#182 = CARTESIAN_POINT('',(37.664427801281,0.,24.527662193046));
#183 = CARTESIAN_POINT('',(37.659199689952,0.,27.09024380928));
#184 = CARTESIAN_POINT('',(37.654484767365,0.,29.652935733458));
#185 = CARTESIAN_POINT('',(37.650057103963,0.,32.215715877037));
#186 = CARTESIAN_POINT('',(37.64575496568,0.,34.778565941848));
#187 = CARTESIAN_POINT('',(37.63719854772,0.,39.903133928103));
#188 = CARTESIAN_POINT('',(37.632943905407,0.,42.464852504143));
#189 = CARTESIAN_POINT('',(37.628608226723,0.,45.026615916687));
#190 = CARTESIAN_POINT('',(37.624137505762,0.,47.588414562085));
#191 = CARTESIAN_POINT('',(37.619501910086,0.,50.150241188433));
#192 = CARTESIAN_POINT('',(37.614682494813,0.,52.712090759437));
#193 = CARTESIAN_POINT('',(37.598349183387,0.,61.060017784628));
#194 = CARTESIAN_POINT('',(37.58604268045,0.,66.846170093041));
#195 = CARTESIAN_POINT('',(37.572641618336,0.,72.63238092347));
#196 = CARTESIAN_POINT('',(37.558231893457,0.,78.418628259392));
#197 = CARTESIAN_POINT('',(37.542870526492,0.,84.204898558935));
#198 = CARTESIAN_POINT('',(37.526636829411,0.,89.991185873832));
#199 = CARTESIAN_POINT('',(37.508240874735,0.,96.237714661397));
#200 = CARTESIAN_POINT('',(37.506880418213,0.,96.697938580841));
#201 = CARTESIAN_POINT('',(37.505514892969,0.,97.158162584739));
#202 = CARTESIAN_POINT('',(37.504144332742,0.,97.618386670785));
#203 = CARTESIAN_POINT('',(37.502768771054,0.,98.078610836756));
#204 = CARTESIAN_POINT('',(37.501388241206,0.,98.538835080514));
#205 = CARTESIAN_POINT('',(37.500002776281,0.,98.9990594));
#206 = PCURVE('',#44,#207);
#207 = DEFINITIONAL_REPRESENTATION('',(#208),#247);
#208 = B_SPLINE_CURVE_WITH_KNOTS('',7,(#209,#210,#211,#212,#213,#214,
    #215,#216,#217,#218,#219,#220,#221,#222,#223,#224,#225,#226,#227,
    #228,#229,#230,#231,#232,#233,#234,#235,#236,#237,#238,#239,#240,
    #241,#242,#243,#244,#245,#246),.UNSPECIFIED.,.F.,.F.,(8,6,6,6,6,6,8)
  ,(0.,7.619145070963E-02,0.196057594244,0.377268706867,0.558391833059,
    0.967463753068,1.),.UNSPECIFIED.);
#209 = CARTESIAN_POINT('',(300.,337.8));
#210 = CARTESIAN_POINT('',(301.07717291321,337.78857543879));
#211 = CARTESIAN_POINT('',(302.15432641176,337.777781912));
#212 = CARTESIAN_POINT('',(303.23146400209,337.76764808086));
#213 = CARTESIAN_POINT('',(304.30859073252,337.75819150369));
#214 = CARTESIAN_POINT('',(305.3857126985,337.74941263198));
#215 = CARTESIAN_POINT('',(306.46283638404,337.74129417803));
#216 = CARTESIAN_POINT('',(309.23453583116,337.72202505087));
#217 = CARTESIAN_POINT('',(310.92912297375,337.71180373218));
#218 = CARTESIAN_POINT('',(312.62375206769,337.70302483649));
#219 = CARTESIAN_POINT('',(314.31844168361,337.69548745607));
#220 = CARTESIAN_POINT('',(316.01319952614,337.68896390304));
#221 = CARTESIAN_POINT('',(317.70802592656,337.68325986953));
#222 = CARTESIAN_POINT('',(321.96521548501,337.6705720318));
#223 = CARTESIAN_POINT('',(324.52766219304,337.66442780128));
#224 = CARTESIAN_POINT('',(327.09024380928,337.65919968995));
#225 = CARTESIAN_POINT('',(329.65293573345,337.65448476736));
#226 = CARTESIAN_POINT('',(332.21571587703,337.65005710396));
#227 = CARTESIAN_POINT('',(334.77856594184,337.64575496568));
#228 = CARTESIAN_POINT('',(339.9031339281,337.63719854772));
#229 = CARTESIAN_POINT('',(342.46485250414,337.6329439054));
#230 = CARTESIAN_POINT('',(345.02661591668,337.62860822672));
#231 = CARTESIAN_POINT('',(347.58841456208,337.62413750576));
#232 = CARTESIAN_POINT('',(350.15024118843,337.61950191008));
#233 = CARTESIAN_POINT('',(352.71209075943,337.61468249481));
#234 = CARTESIAN_POINT('',(361.06001778462,337.59834918338));
#235 = CARTESIAN_POINT('',(366.84617009304,337.58604268045));
#236 = CARTESIAN_POINT('',(372.63238092347,337.57264161833));
#237 = CARTESIAN_POINT('',(378.41862825939,337.55823189345));
#238 = CARTESIAN_POINT('',(384.20489855893,337.54287052649));
#239 = CARTESIAN_POINT('',(389.99118587383,337.52663682941));
#240 = CARTESIAN_POINT('',(396.23771466139,337.50824087473));
#241 = CARTESIAN_POINT('',(396.69793858084,337.50688041821));
#242 = CARTESIAN_POINT('',(397.15816258473,337.50551489296));
#243 = CARTESIAN_POINT('',(397.61838667078,337.50414433274));
#244 = CARTESIAN_POINT('',(398.07861083675,337.50276877105));
#245 = CARTESIAN_POINT('',(398.53883508051,337.5013882412));
#246 = CARTESIAN_POINT('',(398.9990594,337.50000277628));
#247 = ( GEOMETRIC_REPRESENTATION_CONTEXT(2) 
PARAMETRIC_REPRESENTATION_CONTEXT() REPRESENTATION_CONTEXT('2D SPACE',''
  ) );
#248 = PCURVE('',#249,#270);
#249 = B_SPLINE_SURFACE_WITH_KNOTS('',9,1,(
    (#250,#251)
    ,(#252,#253)
    ,(#254,#255)
    ,(#256,#257)
    ,(#258,#259)
    ,(#260,#261)
    ,(#262,#263)
    ,(#264,#265)
    ,(#266,#267)
    ,(#268,#269
    )),.UNSPECIFIED.,.F.,.F.,.F.,(10,10),(2,2),(3.14159265359,
    6.28318530718),(0.,1.),.PIECEWISE_BEZIER_KNOTS.);
#250 = CARTESIAN_POINT('',(37.792130737918,-0.771267974243,0.));
#251 = CARTESIAN_POINT('',(36.75,-0.75,99.));
#252 = CARTESIAN_POINT('',(37.793879402147,-0.685583427015,0.));
#253 = CARTESIAN_POINT('',(37.011799387799,-0.75,99.));
#254 = CARTESIAN_POINT('',(37.795409506102,-0.599894419434,0.));
#255 = CARTESIAN_POINT('',(37.273601492499,-0.647191900061,
    98.999999999999));
#256 = CARTESIAN_POINT('',(37.796721043281,-0.514201588687,0.));
#257 = CARTESIAN_POINT('',(37.48924283384,-0.44157278914,99.000000000004
    ));
#258 = CARTESIAN_POINT('',(37.797814007183,-0.428505571955,0.));
#259 = CARTESIAN_POINT('',(37.612680472816,-0.157317457926,
    98.999999999993));
#260 = CARTESIAN_POINT('',(37.798688391308,-0.342807006425,0.));
#261 = CARTESIAN_POINT('',(37.612680472822,0.157317457926,
    99.000000000007));
#262 = CARTESIAN_POINT('',(37.799344189153,-0.25710652928,0.));
#263 = CARTESIAN_POINT('',(37.489242833835,0.44157278914,98.999999999994
    ));
#264 = CARTESIAN_POINT('',(37.799781394217,-0.171404777705,0.));
#265 = CARTESIAN_POINT('',(37.2736014925,0.647191900061,99.000000000003)
  );
#266 = CARTESIAN_POINT('',(37.8,-8.570238888347E-02,0.));
#267 = CARTESIAN_POINT('',(37.011799387799,0.75,98.999999999999));
#268 = CARTESIAN_POINT('',(37.8,-9.27036225562E-15,0.));
#269 = CARTESIAN_POINT('',(36.75,0.75,99.));
#270 = DEFINITIONAL_REPRESENTATION('',(#271),#310);
#271 = B_SPLINE_CURVE_WITH_KNOTS('',7,(#272,#273,#274,#275,#276,#277,
    #278,#279,#280,#281,#282,#283,#284,#285,#286,#287,#288,#289,#290,
    #291,#292,#293,#294,#295,#296,#297,#298,#299,#300,#301,#302,#303,
    #304,#305,#306,#307,#308,#309),.UNSPECIFIED.,.F.,.F.,(8,6,6,6,6,6,8)
  ,(0.,7.619145070963E-02,0.196057594244,0.377268706867,0.558391833059,
    0.967463753068,1.),.UNSPECIFIED.);
#272 = CARTESIAN_POINT('',(6.28318530718,0.));
#273 = CARTESIAN_POINT('',(6.249947992537,1.088053447695E-02));
#274 = CARTESIAN_POINT('',(6.215867591326,2.176087284612E-02));
#275 = CARTESIAN_POINT('',(6.181084653489,3.264105052617E-02));
#276 = CARTESIAN_POINT('',(6.14578020692,4.352111851034E-02));
#277 = CARTESIAN_POINT('',(6.110162596088,5.440113836877E-02));
#278 = CARTESIAN_POINT('',(6.074447689197,6.528117559641E-02));
#279 = CARTESIAN_POINT('',(5.982801746201,9.327813970876E-02));
#280 = CARTESIAN_POINT('',(5.927018297097,0.110395181553));
#281 = CARTESIAN_POINT('',(5.872250968776,0.127512647148));
#282 = CARTESIAN_POINT('',(5.81917895282,0.144630724077));
#283 = CARTESIAN_POINT('',(5.768175649678,0.161749490163));
#284 = CARTESIAN_POINT('',(5.719414954843,0.178868948753));
#285 = CARTESIAN_POINT('',(5.60269214115,0.221870863485));
#286 = CARTESIAN_POINT('',(5.537673984039,0.247754163566));
#287 = CARTESIAN_POINT('',(5.478056966143,0.273638826356));
#288 = CARTESIAN_POINT('',(5.42333025639,0.299524603368));
#289 = CARTESIAN_POINT('',(5.372962252628,0.325411271485));
#290 = CARTESIAN_POINT('',(5.32645067755,0.351298645877));
#291 = CARTESIAN_POINT('',(5.240276075156,0.40306195887));
#292 = CARTESIAN_POINT('',(5.200610036566,0.428937904082));
#293 = CARTESIAN_POINT('',(5.163910954529,0.454814302189));
#294 = CARTESIAN_POINT('',(5.129800022545,0.480691056183));
#295 = CARTESIAN_POINT('',(5.097964236695,0.506568092812));
#296 = CARTESIAN_POINT('',(5.068147356935,0.532445361206));
#297 = CARTESIAN_POINT('',(4.976855439401,0.61676785641));
#298 = CARTESIAN_POINT('',(4.922765602305,0.675213839324));
#299 = CARTESIAN_POINT('',(4.875359476042,0.733660413369));
#300 = CARTESIAN_POINT('',(4.833210753718,0.792107356155));
#301 = CARTESIAN_POINT('',(4.795306347902,0.850554530898));
#302 = CARTESIAN_POINT('',(4.760921364378,0.909001877513));
#303 = CARTESIAN_POINT('',(4.727003203967,0.972098127893));
#304 = CARTESIAN_POINT('',(4.724522987638,0.976746854352));
#305 = CARTESIAN_POINT('',(4.722061256609,0.981395581664));
#306 = CARTESIAN_POINT('',(4.719617739916,0.986044309806));
#307 = CARTESIAN_POINT('',(4.717192173238,0.990693038755));
#308 = CARTESIAN_POINT('',(4.714784298904,0.99534176849));
#309 = CARTESIAN_POINT('',(4.712393865887,0.99999049899));
#310 = ( GEOMETRIC_REPRESENTATION_CONTEXT(2) 
PARAMETRIC_REPRESENTATION_CONTEXT() REPRESENTATION_CONTEXT('2D SPACE',''
  ) );
#311 = ORIENTED_EDGE('',*,*,#312,.F.);
#312 = EDGE_CURVE('',#313,#164,#315,.T.);
#313 = VERTEX_POINT('',#314);
#314 = CARTESIAN_POINT('',(37.5,4.592425496803E-17,107.5));
#315 = SURFACE_CURVE('',#316,(#320,#326),.PCURVE_S1.);
#316 = LINE('',#317,#318);
#317 = CARTESIAN_POINT('',(37.5,0.,98.999));
#318 = VECTOR('',#319,1.);
#319 = DIRECTION('',(0.,0.,-1.));
#320 = PCURVE('',#44,#321);
#321 = DEFINITIONAL_REPRESENTATION('',(#322),#325);
#322 = B_SPLINE_CURVE_WITH_KNOTS('',1,(#323,#324),.UNSPECIFIED.,.F.,.F.,
  (2,2),(-8.5010006,6.000000070117E-07),.PIECEWISE_BEZIER_KNOTS.);
#323 = CARTESIAN_POINT('',(407.5000006,337.5));
#324 = CARTESIAN_POINT('',(398.9989994,337.5));
#325 = ( GEOMETRIC_REPRESENTATION_CONTEXT(2) 
PARAMETRIC_REPRESENTATION_CONTEXT() REPRESENTATION_CONTEXT('2D SPACE',''
  ) );
#326 = PCURVE('',#327,#332);
#327 = CYLINDRICAL_SURFACE('',#328,0.75);
#328 = AXIS2_PLACEMENT_3D('',#329,#330,#331);
#329 = CARTESIAN_POINT('',(36.75,0.,98.999));
#330 = DIRECTION('',(0.,0.,-1.));
#331 = DIRECTION('',(0.,1.,0.));
#332 = DEFINITIONAL_REPRESENTATION('',(#333),#336);
#333 = B_SPLINE_CURVE_WITH_KNOTS('',1,(#334,#335),.UNSPECIFIED.,.F.,.F.,
  (2,2),(-8.5010006,6.000000070117E-07),.PIECEWISE_BEZIER_KNOTS.);
#334 = CARTESIAN_POINT('',(1.570796326795,-8.5010006));
#335 = CARTESIAN_POINT('',(1.570796326795,6.000000070117E-07));
#336 = ( GEOMETRIC_REPRESENTATION_CONTEXT(2) 
PARAMETRIC_REPRESENTATION_CONTEXT() REPRESENTATION_CONTEXT('2D SPACE',''
  ) );
#337 = ORIENTED_EDGE('',*,*,#338,.T.);
#338 = EDGE_CURVE('',#313,#339,#341,.T.);
#339 = VERTEX_POINT('',#340);
#340 = CARTESIAN_POINT('',(39.,1.377727649041E-16,109.));
#341 = SURFACE_CURVE('',#342,(#346,#352),.PCURVE_S1.);
#342 = LINE('',#343,#344);
#343 = CARTESIAN_POINT('',(36.75,0.,106.75));
#344 = VECTOR('',#345,1.);
#345 = DIRECTION('',(0.707106781187,0.,0.707106781187));
#346 = PCURVE('',#44,#347);
#347 = DEFINITIONAL_REPRESENTATION('',(#348),#351);
#348 = B_SPLINE_CURVE_WITH_KNOTS('',1,(#349,#350),.UNSPECIFIED.,.F.,.F.,
  (2,2),(1.06066017178,3.181980515339),.PIECEWISE_BEZIER_KNOTS.);
#349 = CARTESIAN_POINT('',(407.5,337.5));
#350 = CARTESIAN_POINT('',(409.,339.));
#351 = ( GEOMETRIC_REPRESENTATION_CONTEXT(2) 
PARAMETRIC_REPRESENTATION_CONTEXT() REPRESENTATION_CONTEXT('2D SPACE',''
  ) );
#352 = PCURVE('',#353,#358);
#353 = CONICAL_SURFACE('',#354,0.75,0.785398163397);
#354 = AXIS2_PLACEMENT_3D('',#355,#356,#357);
#355 = CARTESIAN_POINT('',(36.75,0.,107.5));
#356 = DIRECTION('',(-0.,-0.,1.));
#357 = DIRECTION('',(0.,1.,0.));
#358 = DEFINITIONAL_REPRESENTATION('',(#359),#362);
#359 = B_SPLINE_CURVE_WITH_KNOTS('',1,(#360,#361),.UNSPECIFIED.,.F.,.F.,
  (2,2),(1.06066017178,3.181980515339),.PIECEWISE_BEZIER_KNOTS.);
#360 = CARTESIAN_POINT('',(-1.570796326795,2.198129442157E-15));
#361 = CARTESIAN_POINT('',(-1.570796326795,1.5));
#362 = ( GEOMETRIC_REPRESENTATION_CONTEXT(2) 
PARAMETRIC_REPRESENTATION_CONTEXT() REPRESENTATION_CONTEXT('2D SPACE',''
  ) );
#363 = ORIENTED_EDGE('',*,*,#364,.F.);
#364 = EDGE_CURVE('',#365,#339,#367,.T.);
#365 = VERTEX_POINT('',#366);
#366 = CARTESIAN_POINT('',(39.75,0.,109.));
#367 = SURFACE_CURVE('',#368,(#372,#378),.PCURVE_S1.);
#368 = LINE('',#369,#370);
#369 = CARTESIAN_POINT('',(-150.,0.,109.));
#370 = VECTOR('',#371,1.);
#371 = DIRECTION('',(-1.,-0.,0.));
#372 = PCURVE('',#44,#373);
#373 = DEFINITIONAL_REPRESENTATION('',(#374),#377);
#374 = B_SPLINE_CURVE_WITH_KNOTS('',1,(#375,#376),.UNSPECIFIED.,.F.,.F.,
  (2,2),(-189.75,-110.25),.PIECEWISE_BEZIER_KNOTS.);
#375 = CARTESIAN_POINT('',(409.,339.75));
#376 = CARTESIAN_POINT('',(409.,260.25));
#377 = ( GEOMETRIC_REPRESENTATION_CONTEXT(2) 
PARAMETRIC_REPRESENTATION_CONTEXT() REPRESENTATION_CONTEXT('2D SPACE',''
  ) );
#378 = PCURVE('',#379,#384);
#379 = PLANE('',#380);
#380 = AXIS2_PLACEMENT_3D('',#381,#382,#383);
#381 = CARTESIAN_POINT('',(-4.403329231825E-15,5.790076070423E-16,109.)
  );
#382 = DIRECTION('',(0.,0.,1.));
#383 = DIRECTION('',(1.,0.,-0.));
#384 = DEFINITIONAL_REPRESENTATION('',(#385),#388);
#385 = B_SPLINE_CURVE_WITH_KNOTS('',1,(#386,#387),.UNSPECIFIED.,.F.,.F.,
  (2,2),(-189.75,-110.25),.PIECEWISE_BEZIER_KNOTS.);
#386 = CARTESIAN_POINT('',(39.75,-5.790076070423E-16));
#387 = CARTESIAN_POINT('',(-39.75,-5.790076070423E-16));
#388 = ( GEOMETRIC_REPRESENTATION_CONTEXT(2) 
PARAMETRIC_REPRESENTATION_CONTEXT() REPRESENTATION_CONTEXT('2D SPACE',''
  ) );
#389 = ORIENTED_EDGE('',*,*,#390,.F.);
#390 = EDGE_CURVE('',#391,#365,#393,.T.);
#391 = VERTEX_POINT('',#392);
#392 = CARTESIAN_POINT('',(39.75,0.,80.7));
#393 = SURFACE_CURVE('',#394,(#398,#405),.PCURVE_S1.);
#394 = LINE('',#395,#396);
#395 = CARTESIAN_POINT('',(39.75,0.,80.7));
#396 = VECTOR('',#397,1.);
#397 = DIRECTION('',(0.,0.,1.));
#398 = PCURVE('',#44,#399);
#399 = DEFINITIONAL_REPRESENTATION('',(#400),#404);
#400 = LINE('',#401,#402);
#401 = CARTESIAN_POINT('',(380.7,339.75));
#402 = VECTOR('',#403,1.);
#403 = DIRECTION('',(1.,0.));
#404 = ( GEOMETRIC_REPRESENTATION_CONTEXT(2) 
PARAMETRIC_REPRESENTATION_CONTEXT() REPRESENTATION_CONTEXT('2D SPACE',''
  ) );
#405 = PCURVE('',#406,#411);
#406 = CYLINDRICAL_SURFACE('',#407,39.75);
#407 = AXIS2_PLACEMENT_3D('',#408,#409,#410);
#408 = CARTESIAN_POINT('',(0.,0.,80.7));
#409 = DIRECTION('',(-0.,-0.,-1.));
#410 = DIRECTION('',(1.,0.,0.));
#411 = DEFINITIONAL_REPRESENTATION('',(#412),#416);
#412 = LINE('',#413,#414);
#413 = CARTESIAN_POINT('',(-6.28318530718,0.));
#414 = VECTOR('',#415,1.);
#415 = DIRECTION('',(-0.,-1.));
#416 = ( GEOMETRIC_REPRESENTATION_CONTEXT(2) 
PARAMETRIC_REPRESENTATION_CONTEXT() REPRESENTATION_CONTEXT('2D SPACE',''
  ) );
#417 = ORIENTED_EDGE('',*,*,#418,.F.);
#418 = EDGE_CURVE('',#419,#391,#421,.T.);
#419 = VERTEX_POINT('',#420);
#420 = CARTESIAN_POINT('',(44.75,0.,80.7));
#421 = SURFACE_CURVE('',#422,(#426,#432),.PCURVE_S1.);
#422 = LINE('',#423,#424);
#423 = CARTESIAN_POINT('',(-150.,0.,80.7));
#424 = VECTOR('',#425,1.);
#425 = DIRECTION('',(-1.,-0.,0.));
#426 = PCURVE('',#44,#427);
#427 = DEFINITIONAL_REPRESENTATION('',(#428),#431);
#428 = B_SPLINE_CURVE_WITH_KNOTS('',1,(#429,#430),.UNSPECIFIED.,.F.,.F.,
  (2,2),(-194.75,-105.25),.PIECEWISE_BEZIER_KNOTS.);
#429 = CARTESIAN_POINT('',(380.7,344.75));
#430 = CARTESIAN_POINT('',(380.7,255.25));
#431 = ( GEOMETRIC_REPRESENTATION_CONTEXT(2) 
PARAMETRIC_REPRESENTATION_CONTEXT() REPRESENTATION_CONTEXT('2D SPACE',''
  ) );
#432 = PCURVE('',#433,#438);
#433 = PLANE('',#434);
#434 = AXIS2_PLACEMENT_3D('',#435,#436,#437);
#435 = CARTESIAN_POINT('',(-2.933502854163E-15,4.040240899597E-15,80.7)
  );
#436 = DIRECTION('',(0.,0.,1.));
#437 = DIRECTION('',(1.,0.,-0.));
#438 = DEFINITIONAL_REPRESENTATION('',(#439),#442);
#439 = B_SPLINE_CURVE_WITH_KNOTS('',1,(#440,#441),.UNSPECIFIED.,.F.,.F.,
  (2,2),(-194.75,-105.25),.PIECEWISE_BEZIER_KNOTS.);
#440 = CARTESIAN_POINT('',(44.75,-4.040240899597E-15));
#441 = CARTESIAN_POINT('',(-44.75,-4.040240899597E-15));
#442 = ( GEOMETRIC_REPRESENTATION_CONTEXT(2) 
PARAMETRIC_REPRESENTATION_CONTEXT() REPRESENTATION_CONTEXT('2D SPACE',''
  ) );
#443 = ORIENTED_EDGE('',*,*,#444,.F.);
#444 = EDGE_CURVE('',#445,#419,#447,.T.);
#445 = VERTEX_POINT('',#446);
#446 = CARTESIAN_POINT('',(44.75,0.,69.9));
#447 = SURFACE_CURVE('',#448,(#452,#459),.PCURVE_S1.);
#448 = LINE('',#449,#450);
#449 = CARTESIAN_POINT('',(44.75,0.,69.9));
#450 = VECTOR('',#451,1.);
#451 = DIRECTION('',(0.,0.,1.));
#452 = PCURVE('',#44,#453);
#453 = DEFINITIONAL_REPRESENTATION('',(#454),#458);
#454 = LINE('',#455,#456);
#455 = CARTESIAN_POINT('',(369.9,344.75));
#456 = VECTOR('',#457,1.);
#457 = DIRECTION('',(1.,0.));
#458 = ( GEOMETRIC_REPRESENTATION_CONTEXT(2) 
PARAMETRIC_REPRESENTATION_CONTEXT() REPRESENTATION_CONTEXT('2D SPACE',''
  ) );
#459 = PCURVE('',#460,#465);
#460 = CYLINDRICAL_SURFACE('',#461,44.75);
#461 = AXIS2_PLACEMENT_3D('',#462,#463,#464);
#462 = CARTESIAN_POINT('',(0.,0.,69.9));
#463 = DIRECTION('',(-0.,-0.,-1.));
#464 = DIRECTION('',(1.,0.,0.));
#465 = DEFINITIONAL_REPRESENTATION('',(#466),#470);
#466 = LINE('',#467,#468);
#467 = CARTESIAN_POINT('',(-6.28318530718,0.));
#468 = VECTOR('',#469,1.);
#469 = DIRECTION('',(-0.,-1.));
#470 = ( GEOMETRIC_REPRESENTATION_CONTEXT(2) 
PARAMETRIC_REPRESENTATION_CONTEXT() REPRESENTATION_CONTEXT('2D SPACE',''
  ) );
#471 = ORIENTED_EDGE('',*,*,#472,.F.);
#472 = EDGE_CURVE('',#24,#445,#473,.T.);
#473 = SURFACE_CURVE('',#474,(#478,#484),.PCURVE_S1.);
#474 = LINE('',#475,#476);
#475 = CARTESIAN_POINT('',(-150.,0.,69.9));
#476 = VECTOR('',#477,1.);
#477 = DIRECTION('',(-1.,-0.,0.));
#478 = PCURVE('',#44,#479);
#479 = DEFINITIONAL_REPRESENTATION('',(#480),#483);
#480 = B_SPLINE_CURVE_WITH_KNOTS('',1,(#481,#482),.UNSPECIFIED.,.F.,.F.,
  (2,2),(-196.5,-103.5),.PIECEWISE_BEZIER_KNOTS.);
#481 = CARTESIAN_POINT('',(369.9,346.5));
#482 = CARTESIAN_POINT('',(369.9,253.5));
#483 = ( GEOMETRIC_REPRESENTATION_CONTEXT(2) 
PARAMETRIC_REPRESENTATION_CONTEXT() REPRESENTATION_CONTEXT('2D SPACE',''
  ) );
#484 = PCURVE('',#126,#485);
#485 = DEFINITIONAL_REPRESENTATION('',(#486),#489);
#486 = B_SPLINE_CURVE_WITH_KNOTS('',1,(#487,#488),.UNSPECIFIED.,.F.,.F.,
  (2,2),(-196.5,-103.5),.PIECEWISE_BEZIER_KNOTS.);
#487 = CARTESIAN_POINT('',(46.5,1.61343992693E-17));
#488 = CARTESIAN_POINT('',(-46.5,1.61343992693E-17));
#489 = ( GEOMETRIC_REPRESENTATION_CONTEXT(2) 
PARAMETRIC_REPRESENTATION_CONTEXT() REPRESENTATION_CONTEXT('2D SPACE',''
  ) );
#490 = FACE_BOUND('',#491,.T.);
#491 = EDGE_LOOP('',(#492));
#492 = ORIENTED_EDGE('',*,*,#493,.F.);
#493 = EDGE_CURVE('',#494,#494,#496,.T.);
#494 = VERTEX_POINT('',#495);
#495 = CARTESIAN_POINT('',(42.1,0.,32.));
#496 = SURFACE_CURVE('',#497,(#502,#509),.PCURVE_S1.);
#497 = CIRCLE('',#498,2.);
#498 = AXIS2_PLACEMENT_3D('',#499,#500,#501);
#499 = CARTESIAN_POINT('',(42.1,0.,30.));
#500 = DIRECTION('',(0.,1.,0.));
#501 = DIRECTION('',(0.,-0.,1.));
#502 = PCURVE('',#44,#503);
#503 = DEFINITIONAL_REPRESENTATION('',(#504),#508);
#504 = CIRCLE('',#505,2.);
#505 = AXIS2_PLACEMENT_2D('',#506,#507);
#506 = CARTESIAN_POINT('',(330.,342.1));
#507 = DIRECTION('',(1.,0.));
#508 = ( GEOMETRIC_REPRESENTATION_CONTEXT(2) 
PARAMETRIC_REPRESENTATION_CONTEXT() REPRESENTATION_CONTEXT('2D SPACE',''
  ) );
#509 = PCURVE('',#510,#515);
#510 = CYLINDRICAL_SURFACE('',#511,2.);
#511 = AXIS2_PLACEMENT_3D('',#512,#513,#514);
#512 = CARTESIAN_POINT('',(42.1,-12.,30.));
#513 = DIRECTION('',(0.,1.,0.));
#514 = DIRECTION('',(0.,-0.,1.));
#515 = DEFINITIONAL_REPRESENTATION('',(#516),#520);
#516 = LINE('',#517,#518);
#517 = CARTESIAN_POINT('',(0.,12.));
#518 = VECTOR('',#519,1.);
#519 = DIRECTION('',(1.,0.));
#520 = ( GEOMETRIC_REPRESENTATION_CONTEXT(2) 
PARAMETRIC_REPRESENTATION_CONTEXT() REPRESENTATION_CONTEXT('2D SPACE',''
  ) );
#521 = FACE_BOUND('',#522,.T.);
#522 = EDGE_LOOP('',(#523));
#523 = ORIENTED_EDGE('',*,*,#524,.F.);
#524 = EDGE_CURVE('',#525,#525,#527,.T.);
#525 = VERTEX_POINT('',#526);
#526 = CARTESIAN_POINT('',(42.1,0.,62.));
#527 = SURFACE_CURVE('',#528,(#533,#540),.PCURVE_S1.);
#528 = CIRCLE('',#529,2.);
#529 = AXIS2_PLACEMENT_3D('',#530,#531,#532);
#530 = CARTESIAN_POINT('',(42.1,0.,60.));
#531 = DIRECTION('',(0.,1.,0.));
#532 = DIRECTION('',(0.,-0.,1.));
#533 = PCURVE('',#44,#534);
#534 = DEFINITIONAL_REPRESENTATION('',(#535),#539);
#535 = CIRCLE('',#536,2.);
#536 = AXIS2_PLACEMENT_2D('',#537,#538);
#537 = CARTESIAN_POINT('',(360.,342.1));
#538 = DIRECTION('',(1.,0.));
#539 = ( GEOMETRIC_REPRESENTATION_CONTEXT(2) 
PARAMETRIC_REPRESENTATION_CONTEXT() REPRESENTATION_CONTEXT('2D SPACE',''
  ) );
#540 = PCURVE('',#541,#546);
#541 = CYLINDRICAL_SURFACE('',#542,2.);
#542 = AXIS2_PLACEMENT_3D('',#543,#544,#545);
#543 = CARTESIAN_POINT('',(42.1,-12.,60.));
#544 = DIRECTION('',(0.,1.,0.));
#545 = DIRECTION('',(0.,-0.,1.));
#546 = DEFINITIONAL_REPRESENTATION('',(#547),#551);
#547 = LINE('',#548,#549);
#548 = CARTESIAN_POINT('',(0.,12.));
#549 = VECTOR('',#550,1.);
#550 = DIRECTION('',(1.,0.));
#551 = ( GEOMETRIC_REPRESENTATION_CONTEXT(2) 
PARAMETRIC_REPRESENTATION_CONTEXT() REPRESENTATION_CONTEXT('2D SPACE',''
  ) );
#552 = ADVANCED_FACE('',(#553),#126,.T.);
#553 = FACE_BOUND('',#554,.T.);
#554 = EDGE_LOOP('',(#555,#556,#557,#581));
#555 = ORIENTED_EDGE('',*,*,#111,.T.);
#556 = ORIENTED_EDGE('',*,*,#472,.T.);
#557 = ORIENTED_EDGE('',*,*,#558,.F.);
#558 = EDGE_CURVE('',#559,#445,#561,.T.);
#559 = VERTEX_POINT('',#560);
#560 = CARTESIAN_POINT('',(-44.75,5.480294426184E-15,69.9));
#561 = SURFACE_CURVE('',#562,(#567,#574),.PCURVE_S1.);
#562 = CIRCLE('',#563,44.75);
#563 = AXIS2_PLACEMENT_3D('',#564,#565,#566);
#564 = CARTESIAN_POINT('',(0.,0.,69.9));
#565 = DIRECTION('',(0.,0.,1.));
#566 = DIRECTION('',(1.,0.,0.));
#567 = PCURVE('',#126,#568);
#568 = DEFINITIONAL_REPRESENTATION('',(#569),#573);
#569 = CIRCLE('',#570,44.75);
#570 = AXIS2_PLACEMENT_2D('',#571,#572);
#571 = CARTESIAN_POINT('',(1.882068139409E-15,1.61343992693E-17));
#572 = DIRECTION('',(1.,0.));
#573 = ( GEOMETRIC_REPRESENTATION_CONTEXT(2) 
PARAMETRIC_REPRESENTATION_CONTEXT() REPRESENTATION_CONTEXT('2D SPACE',''
  ) );
#574 = PCURVE('',#460,#575);
#575 = DEFINITIONAL_REPRESENTATION('',(#576),#580);
#576 = LINE('',#577,#578);
#577 = CARTESIAN_POINT('',(-0.,0.));
#578 = VECTOR('',#579,1.);
#579 = DIRECTION('',(-1.,0.));
#580 = ( GEOMETRIC_REPRESENTATION_CONTEXT(2) 
PARAMETRIC_REPRESENTATION_CONTEXT() REPRESENTATION_CONTEXT('2D SPACE',''
  ) );
#581 = ORIENTED_EDGE('',*,*,#582,.T.);
#582 = EDGE_CURVE('',#559,#86,#583,.T.);
#583 = SURFACE_CURVE('',#584,(#588,#594),.PCURVE_S1.);
#584 = LINE('',#585,#586);
#585 = CARTESIAN_POINT('',(-150.,0.,69.9));
#586 = VECTOR('',#587,1.);
#587 = DIRECTION('',(-1.,-0.,0.));
#588 = PCURVE('',#126,#589);
#589 = DEFINITIONAL_REPRESENTATION('',(#590),#593);
#590 = B_SPLINE_CURVE_WITH_KNOTS('',1,(#591,#592),.UNSPECIFIED.,.F.,.F.,
  (2,2),(-196.5,-103.5),.PIECEWISE_BEZIER_KNOTS.);
#591 = CARTESIAN_POINT('',(46.5,1.61343992693E-17));
#592 = CARTESIAN_POINT('',(-46.5,1.61343992693E-17));
#593 = ( GEOMETRIC_REPRESENTATION_CONTEXT(2) 
PARAMETRIC_REPRESENTATION_CONTEXT() REPRESENTATION_CONTEXT('2D SPACE',''
  ) );
#594 = PCURVE('',#100,#595);
#595 = DEFINITIONAL_REPRESENTATION('',(#596),#599);
#596 = B_SPLINE_CURVE_WITH_KNOTS('',1,(#597,#598),.UNSPECIFIED.,.F.,.F.,
  (2,2),(-196.5,-103.5),.PIECEWISE_BEZIER_KNOTS.);
#597 = CARTESIAN_POINT('',(369.9,346.5));
#598 = CARTESIAN_POINT('',(369.9,253.5));
#599 = ( GEOMETRIC_REPRESENTATION_CONTEXT(2) 
PARAMETRIC_REPRESENTATION_CONTEXT() REPRESENTATION_CONTEXT('2D SPACE',''
  ) );
#600 = ADVANCED_FACE('',(#601,#810,#841),#100,.T.);
#601 = FACE_BOUND('',#602,.T.);
#602 = EDGE_LOOP('',(#603,#604,#605,#626,#647,#668,#689,#715,#741,#791)
  );
#603 = ORIENTED_EDGE('',*,*,#85,.F.);
#604 = ORIENTED_EDGE('',*,*,#582,.F.);
#605 = ORIENTED_EDGE('',*,*,#606,.F.);
#606 = EDGE_CURVE('',#607,#559,#609,.T.);
#607 = VERTEX_POINT('',#608);
#608 = CARTESIAN_POINT('',(-44.75,5.480294426184E-15,80.7));
#609 = SURFACE_CURVE('',#610,(#614,#620),.PCURVE_S1.);
#610 = LINE('',#611,#612);
#611 = CARTESIAN_POINT('',(-44.75,0.,69.9));
#612 = VECTOR('',#613,1.);
#613 = DIRECTION('',(-0.,-0.,-1.));
#614 = PCURVE('',#100,#615);
#615 = DEFINITIONAL_REPRESENTATION('',(#616),#619);
#616 = B_SPLINE_CURVE_WITH_KNOTS('',1,(#617,#618),.UNSPECIFIED.,.F.,.F.,
  (2,2),(-10.8000006,6.000000070117E-07),.PIECEWISE_BEZIER_KNOTS.);
#617 = CARTESIAN_POINT('',(380.7000006,255.25));
#618 = CARTESIAN_POINT('',(369.8999994,255.25));
#619 = ( GEOMETRIC_REPRESENTATION_CONTEXT(2) 
PARAMETRIC_REPRESENTATION_CONTEXT() REPRESENTATION_CONTEXT('2D SPACE',''
  ) );
#620 = PCURVE('',#460,#621);
#621 = DEFINITIONAL_REPRESENTATION('',(#622),#625);
#622 = B_SPLINE_CURVE_WITH_KNOTS('',1,(#623,#624),.UNSPECIFIED.,.F.,.F.,
  (2,2),(-10.8000006,6.000000070117E-07),.PIECEWISE_BEZIER_KNOTS.);
#623 = CARTESIAN_POINT('',(-3.14159265359,-10.8000006));
#624 = CARTESIAN_POINT('',(-3.14159265359,6.000000070117E-07));
#625 = ( GEOMETRIC_REPRESENTATION_CONTEXT(2) 
PARAMETRIC_REPRESENTATION_CONTEXT() REPRESENTATION_CONTEXT('2D SPACE',''
  ) );
#626 = ORIENTED_EDGE('',*,*,#627,.F.);
#627 = EDGE_CURVE('',#628,#607,#630,.T.);
#628 = VERTEX_POINT('',#629);
#629 = CARTESIAN_POINT('',(-39.75,4.867971026611E-15,80.7));
#630 = SURFACE_CURVE('',#631,(#635,#641),.PCURVE_S1.);
#631 = LINE('',#632,#633);
#632 = CARTESIAN_POINT('',(-150.,0.,80.7));
#633 = VECTOR('',#634,1.);
#634 = DIRECTION('',(-1.,-0.,0.));
#635 = PCURVE('',#100,#636);
#636 = DEFINITIONAL_REPRESENTATION('',(#637),#640);
#637 = B_SPLINE_CURVE_WITH_KNOTS('',1,(#638,#639),.UNSPECIFIED.,.F.,.F.,
  (2,2),(-194.75,-105.25),.PIECEWISE_BEZIER_KNOTS.);
#638 = CARTESIAN_POINT('',(380.7,344.75));
#639 = CARTESIAN_POINT('',(380.7,255.25));
#640 = ( GEOMETRIC_REPRESENTATION_CONTEXT(2) 
PARAMETRIC_REPRESENTATION_CONTEXT() REPRESENTATION_CONTEXT('2D SPACE',''
  ) );
#641 = PCURVE('',#433,#642);
#642 = DEFINITIONAL_REPRESENTATION('',(#643),#646);
#643 = B_SPLINE_CURVE_WITH_KNOTS('',1,(#644,#645),.UNSPECIFIED.,.F.,.F.,
  (2,2),(-194.75,-105.25),.PIECEWISE_BEZIER_KNOTS.);
#644 = CARTESIAN_POINT('',(44.75,-4.040240899597E-15));
#645 = CARTESIAN_POINT('',(-44.75,-4.040240899597E-15));
#646 = ( GEOMETRIC_REPRESENTATION_CONTEXT(2) 
PARAMETRIC_REPRESENTATION_CONTEXT() REPRESENTATION_CONTEXT('2D SPACE',''
  ) );
#647 = ORIENTED_EDGE('',*,*,#648,.F.);
#648 = EDGE_CURVE('',#649,#628,#651,.T.);
#649 = VERTEX_POINT('',#650);
#650 = CARTESIAN_POINT('',(-39.75,4.867971026611E-15,109.));
#651 = SURFACE_CURVE('',#652,(#656,#662),.PCURVE_S1.);
#652 = LINE('',#653,#654);
#653 = CARTESIAN_POINT('',(-39.75,0.,80.7));
#654 = VECTOR('',#655,1.);
#655 = DIRECTION('',(-0.,-0.,-1.));
#656 = PCURVE('',#100,#657);
#657 = DEFINITIONAL_REPRESENTATION('',(#658),#661);
#658 = B_SPLINE_CURVE_WITH_KNOTS('',1,(#659,#660),.UNSPECIFIED.,.F.,.F.,
  (2,2),(-28.3000006,6.000000070117E-07),.PIECEWISE_BEZIER_KNOTS.);
#659 = CARTESIAN_POINT('',(409.0000006,260.25));
#660 = CARTESIAN_POINT('',(380.6999994,260.25));
#661 = ( GEOMETRIC_REPRESENTATION_CONTEXT(2) 
PARAMETRIC_REPRESENTATION_CONTEXT() REPRESENTATION_CONTEXT('2D SPACE',''
  ) );
#662 = PCURVE('',#406,#663);
#663 = DEFINITIONAL_REPRESENTATION('',(#664),#667);
#664 = B_SPLINE_CURVE_WITH_KNOTS('',1,(#665,#666),.UNSPECIFIED.,.F.,.F.,
  (2,2),(-28.3000006,6.000000070117E-07),.PIECEWISE_BEZIER_KNOTS.);
#665 = CARTESIAN_POINT('',(-3.14159265359,-28.3000006));
#666 = CARTESIAN_POINT('',(-3.14159265359,6.000000070117E-07));
#667 = ( GEOMETRIC_REPRESENTATION_CONTEXT(2) 
PARAMETRIC_REPRESENTATION_CONTEXT() REPRESENTATION_CONTEXT('2D SPACE',''
  ) );
#668 = ORIENTED_EDGE('',*,*,#669,.F.);
#669 = EDGE_CURVE('',#670,#649,#672,.T.);
#670 = VERTEX_POINT('',#671);
#671 = CARTESIAN_POINT('',(-39.,-1.377727649041E-16,109.));
#672 = SURFACE_CURVE('',#673,(#677,#683),.PCURVE_S1.);
#673 = LINE('',#674,#675);
#674 = CARTESIAN_POINT('',(-150.,0.,109.));
#675 = VECTOR('',#676,1.);
#676 = DIRECTION('',(-1.,-0.,0.));
#677 = PCURVE('',#100,#678);
#678 = DEFINITIONAL_REPRESENTATION('',(#679),#682);
#679 = B_SPLINE_CURVE_WITH_KNOTS('',1,(#680,#681),.UNSPECIFIED.,.F.,.F.,
  (2,2),(-189.75,-110.25),.PIECEWISE_BEZIER_KNOTS.);
#680 = CARTESIAN_POINT('',(409.,339.75));
#681 = CARTESIAN_POINT('',(409.,260.25));
#682 = ( GEOMETRIC_REPRESENTATION_CONTEXT(2) 
PARAMETRIC_REPRESENTATION_CONTEXT() REPRESENTATION_CONTEXT('2D SPACE',''
  ) );
#683 = PCURVE('',#379,#684);
#684 = DEFINITIONAL_REPRESENTATION('',(#685),#688);
#685 = B_SPLINE_CURVE_WITH_KNOTS('',1,(#686,#687),.UNSPECIFIED.,.F.,.F.,
  (2,2),(-189.75,-110.25),.PIECEWISE_BEZIER_KNOTS.);
#686 = CARTESIAN_POINT('',(39.75,-5.790076070423E-16));
#687 = CARTESIAN_POINT('',(-39.75,-5.790076070423E-16));
#688 = ( GEOMETRIC_REPRESENTATION_CONTEXT(2) 
PARAMETRIC_REPRESENTATION_CONTEXT() REPRESENTATION_CONTEXT('2D SPACE',''
  ) );
#689 = ORIENTED_EDGE('',*,*,#690,.F.);
#690 = EDGE_CURVE('',#691,#670,#693,.T.);
#691 = VERTEX_POINT('',#692);
#692 = CARTESIAN_POINT('',(-37.5,-4.592425496803E-17,107.5));
#693 = SURFACE_CURVE('',#694,(#698,#704),.PCURVE_S1.);
#694 = LINE('',#695,#696);
#695 = CARTESIAN_POINT('',(-36.75,0.,106.75));
#696 = VECTOR('',#697,1.);
#697 = DIRECTION('',(-0.707106781187,-0.,0.707106781187));
#698 = PCURVE('',#100,#699);
#699 = DEFINITIONAL_REPRESENTATION('',(#700),#703);
#700 = B_SPLINE_CURVE_WITH_KNOTS('',1,(#701,#702),.UNSPECIFIED.,.F.,.F.,
  (2,2),(1.06066017178,3.181980515339),.PIECEWISE_BEZIER_KNOTS.);
#701 = CARTESIAN_POINT('',(407.5,262.5));
#702 = CARTESIAN_POINT('',(409.,261.));
#703 = ( GEOMETRIC_REPRESENTATION_CONTEXT(2) 
PARAMETRIC_REPRESENTATION_CONTEXT() REPRESENTATION_CONTEXT('2D SPACE',''
  ) );
#704 = PCURVE('',#705,#710);
#705 = CONICAL_SURFACE('',#706,0.75,0.785398163397);
#706 = AXIS2_PLACEMENT_3D('',#707,#708,#709);
#707 = CARTESIAN_POINT('',(-36.75,0.,107.5));
#708 = DIRECTION('',(-0.,0.,1.));
#709 = DIRECTION('',(0.,-1.,0.));
#710 = DEFINITIONAL_REPRESENTATION('',(#711),#714);
#711 = B_SPLINE_CURVE_WITH_KNOTS('',1,(#712,#713),.UNSPECIFIED.,.F.,.F.,
  (2,2),(1.06066017178,3.181980515339),.PIECEWISE_BEZIER_KNOTS.);
#712 = CARTESIAN_POINT('',(-1.570796326795,2.198129442157E-15));
#713 = CARTESIAN_POINT('',(-1.570796326795,1.5));
#714 = ( GEOMETRIC_REPRESENTATION_CONTEXT(2) 
PARAMETRIC_REPRESENTATION_CONTEXT() REPRESENTATION_CONTEXT('2D SPACE',''
  ) );
#715 = ORIENTED_EDGE('',*,*,#716,.T.);
#716 = EDGE_CURVE('',#691,#717,#719,.T.);
#717 = VERTEX_POINT('',#718);
#718 = CARTESIAN_POINT('',(-37.50000297497,-1.821459649776E-17,98.999));
#719 = SURFACE_CURVE('',#720,(#724,#730),.PCURVE_S1.);
#720 = LINE('',#721,#722);
#721 = CARTESIAN_POINT('',(-37.5,0.,98.999));
#722 = VECTOR('',#723,1.);
#723 = DIRECTION('',(0.,-0.,-1.));
#724 = PCURVE('',#100,#725);
#725 = DEFINITIONAL_REPRESENTATION('',(#726),#729);
#726 = B_SPLINE_CURVE_WITH_KNOTS('',1,(#727,#728),.UNSPECIFIED.,.F.,.F.,
  (2,2),(-8.5010006,6.000000070117E-07),.PIECEWISE_BEZIER_KNOTS.);
#727 = CARTESIAN_POINT('',(407.5000006,262.5));
#728 = CARTESIAN_POINT('',(398.9989994,262.5));
#729 = ( GEOMETRIC_REPRESENTATION_CONTEXT(2) 
PARAMETRIC_REPRESENTATION_CONTEXT() REPRESENTATION_CONTEXT('2D SPACE',''
  ) );
#730 = PCURVE('',#731,#736);
#731 = CYLINDRICAL_SURFACE('',#732,0.75);
#732 = AXIS2_PLACEMENT_3D('',#733,#734,#735);
#733 = CARTESIAN_POINT('',(-36.75,0.,98.999));
#734 = DIRECTION('',(0.,-0.,-1.));
#735 = DIRECTION('',(0.,-1.,0.));
#736 = DEFINITIONAL_REPRESENTATION('',(#737),#740);
#737 = B_SPLINE_CURVE_WITH_KNOTS('',1,(#738,#739),.UNSPECIFIED.,.F.,.F.,
  (2,2),(-8.5010006,6.000000070117E-07),.PIECEWISE_BEZIER_KNOTS.);
#738 = CARTESIAN_POINT('',(1.570796326795,-8.5010006));
#739 = CARTESIAN_POINT('',(1.570796326795,6.000000070117E-07));
#740 = ( GEOMETRIC_REPRESENTATION_CONTEXT(2) 
PARAMETRIC_REPRESENTATION_CONTEXT() REPRESENTATION_CONTEXT('2D SPACE',''
  ) );
#741 = ORIENTED_EDGE('',*,*,#742,.F.);
#742 = EDGE_CURVE('',#743,#717,#745,.T.);
#743 = VERTEX_POINT('',#744);
#744 = CARTESIAN_POINT('',(-37.8,4.629164900777E-15,0.));
#745 = SURFACE_CURVE('',#746,(#752,#761),.PCURVE_S1.);
#746 = B_SPLINE_CURVE_WITH_KNOTS('',4,(#747,#748,#749,#750,#751),
  .UNSPECIFIED.,.F.,.F.,(5,5),(0.,1.),.PIECEWISE_BEZIER_KNOTS.);
#747 = CARTESIAN_POINT('',(-37.79999999999,0.,0.));
#748 = CARTESIAN_POINT('',(-37.72500069874,0.,24.74976485));
#749 = CARTESIAN_POINT('',(-37.65000139748,0.,49.4995297));
#750 = CARTESIAN_POINT('',(-37.57500209623,0.,74.24929455));
#751 = CARTESIAN_POINT('',(-37.50000279497,0.,98.9990594));
#752 = PCURVE('',#100,#753);
#753 = DEFINITIONAL_REPRESENTATION('',(#754),#760);
#754 = B_SPLINE_CURVE_WITH_KNOTS('',4,(#755,#756,#757,#758,#759),
  .UNSPECIFIED.,.F.,.F.,(5,5),(0.,1.),.PIECEWISE_BEZIER_KNOTS.);
#755 = CARTESIAN_POINT('',(300.,262.2));
#756 = CARTESIAN_POINT('',(324.74976485,262.27499930126));
#757 = CARTESIAN_POINT('',(349.4995297,262.34999860251));
#758 = CARTESIAN_POINT('',(374.24929455,262.42499790376));
#759 = CARTESIAN_POINT('',(398.9990594,262.49999720502));
#760 = ( GEOMETRIC_REPRESENTATION_CONTEXT(2) 
PARAMETRIC_REPRESENTATION_CONTEXT() REPRESENTATION_CONTEXT('2D SPACE',''
  ) );
#761 = PCURVE('',#762,#783);
#762 = B_SPLINE_SURFACE_WITH_KNOTS('',9,1,(
    (#763,#764)
    ,(#765,#766)
    ,(#767,#768)
    ,(#769,#770)
    ,(#771,#772)
    ,(#773,#774)
    ,(#775,#776)
    ,(#777,#778)
    ,(#779,#780)
    ,(#781,#782
    )),.UNSPECIFIED.,.F.,.F.,.F.,(10,10),(2,2),(3.14159265359,
    6.28318530718),(0.,1.),.PIECEWISE_BEZIER_KNOTS.);
#763 = CARTESIAN_POINT('',(-37.79213073791,0.771267974243,0.));
#764 = CARTESIAN_POINT('',(-36.75,0.75,99.));
#765 = CARTESIAN_POINT('',(-37.79562806637,0.599898879786,0.));
#766 = CARTESIAN_POINT('',(-37.01179938779,0.75,99.));
#767 = CARTESIAN_POINT('',(-37.79825118407,0.428511943798,0.));
#768 = CARTESIAN_POINT('',(-37.27360149249,0.647191900061,
    98.999999999999));
#769 = CARTESIAN_POINT('',(-37.79999998699,0.257112263859,0.));
#770 = CARTESIAN_POINT('',(-37.48924283384,0.44157278914,99.000000000004
    ));
#771 = CARTESIAN_POINT('',(-37.80087440579,8.570493754982E-02,0.));
#772 = CARTESIAN_POINT('',(-37.61268047281,0.157317457926,
    98.999999999993));
#773 = CARTESIAN_POINT('',(-37.80087440579,-8.570493754981E-02,0.));
#774 = CARTESIAN_POINT('',(-37.61268047282,-0.157317457926,
    99.000000000007));
#775 = CARTESIAN_POINT('',(-37.79999998699,-0.257112263859,0.));
#776 = CARTESIAN_POINT('',(-37.48924283383,-0.44157278914,
    98.999999999994));
#777 = CARTESIAN_POINT('',(-37.79825118407,-0.428511943798,0.));
#778 = CARTESIAN_POINT('',(-37.2736014925,-0.647191900061,
    99.000000000003));
#779 = CARTESIAN_POINT('',(-37.79562806637,-0.599898879786,0.));
#780 = CARTESIAN_POINT('',(-37.01179938779,-0.75,98.999999999999));
#781 = CARTESIAN_POINT('',(-37.79213073791,-0.771267974243,0.));
#782 = CARTESIAN_POINT('',(-36.75,-0.75,99.));
#783 = DEFINITIONAL_REPRESENTATION('',(#784),#790);
#784 = B_SPLINE_CURVE_WITH_KNOTS('',4,(#785,#786,#787,#788,#789),
  .UNSPECIFIED.,.F.,.F.,(5,5),(0.,1.),.PIECEWISE_BEZIER_KNOTS.);
#785 = CARTESIAN_POINT('',(4.712388980385,0.));
#786 = CARTESIAN_POINT('',(4.712388980385,0.249997624747));
#787 = CARTESIAN_POINT('',(4.712388980385,0.499995249495));
#788 = CARTESIAN_POINT('',(4.712388980385,0.749992874242));
#789 = CARTESIAN_POINT('',(4.712388980385,0.99999049899));
#790 = ( GEOMETRIC_REPRESENTATION_CONTEXT(2) 
PARAMETRIC_REPRESENTATION_CONTEXT() REPRESENTATION_CONTEXT('2D SPACE',''
  ) );
#791 = ORIENTED_EDGE('',*,*,#792,.T.);
#792 = EDGE_CURVE('',#743,#57,#793,.T.);
#793 = SURFACE_CURVE('',#794,(#798,#804),.PCURVE_S1.);
#794 = LINE('',#795,#796);
#795 = CARTESIAN_POINT('',(-150.,0.,0.));
#796 = VECTOR('',#797,1.);
#797 = DIRECTION('',(-1.,-0.,0.));
#798 = PCURVE('',#100,#799);
#799 = DEFINITIONAL_REPRESENTATION('',(#800),#803);
#800 = B_SPLINE_CURVE_WITH_KNOTS('',1,(#801,#802),.UNSPECIFIED.,.F.,.F.,
  (2,2),(-196.5,-103.5),.PIECEWISE_BEZIER_KNOTS.);
#801 = CARTESIAN_POINT('',(300.,346.5));
#802 = CARTESIAN_POINT('',(300.,253.5));
#803 = ( GEOMETRIC_REPRESENTATION_CONTEXT(2) 
PARAMETRIC_REPRESENTATION_CONTEXT() REPRESENTATION_CONTEXT('2D SPACE',''
  ) );
#804 = PCURVE('',#73,#805);
#805 = DEFINITIONAL_REPRESENTATION('',(#806),#809);
#806 = B_SPLINE_CURVE_WITH_KNOTS('',1,(#807,#808),.UNSPECIFIED.,.F.,.F.,
  (2,2),(-196.5,-103.5),.PIECEWISE_BEZIER_KNOTS.);
#807 = CARTESIAN_POINT('',(46.5,1.61343992693E-17));
#808 = CARTESIAN_POINT('',(-46.5,1.61343992693E-17));
#809 = ( GEOMETRIC_REPRESENTATION_CONTEXT(2) 
PARAMETRIC_REPRESENTATION_CONTEXT() REPRESENTATION_CONTEXT('2D SPACE',''
  ) );
#810 = FACE_BOUND('',#811,.T.);
#811 = EDGE_LOOP('',(#812));
#812 = ORIENTED_EDGE('',*,*,#813,.F.);
#813 = EDGE_CURVE('',#814,#814,#816,.T.);
#814 = VERTEX_POINT('',#815);
#815 = CARTESIAN_POINT('',(-42.1,0.,32.));
#816 = SURFACE_CURVE('',#817,(#822,#829),.PCURVE_S1.);
#817 = CIRCLE('',#818,2.);
#818 = AXIS2_PLACEMENT_3D('',#819,#820,#821);
#819 = CARTESIAN_POINT('',(-42.1,0.,30.));
#820 = DIRECTION('',(0.,1.,0.));
#821 = DIRECTION('',(0.,-0.,1.));
#822 = PCURVE('',#100,#823);
#823 = DEFINITIONAL_REPRESENTATION('',(#824),#828);
#824 = CIRCLE('',#825,2.);
#825 = AXIS2_PLACEMENT_2D('',#826,#827);
#826 = CARTESIAN_POINT('',(330.,257.9));
#827 = DIRECTION('',(1.,0.));
#828 = ( GEOMETRIC_REPRESENTATION_CONTEXT(2) 
PARAMETRIC_REPRESENTATION_CONTEXT() REPRESENTATION_CONTEXT('2D SPACE',''
  ) );
#829 = PCURVE('',#830,#835);
#830 = CYLINDRICAL_SURFACE('',#831,2.);
#831 = AXIS2_PLACEMENT_3D('',#832,#833,#834);
#832 = CARTESIAN_POINT('',(-42.1,-12.,30.));
#833 = DIRECTION('',(0.,1.,0.));
#834 = DIRECTION('',(0.,-0.,1.));
#835 = DEFINITIONAL_REPRESENTATION('',(#836),#840);
#836 = LINE('',#837,#838);
#837 = CARTESIAN_POINT('',(0.,12.));
#838 = VECTOR('',#839,1.);
#839 = DIRECTION('',(1.,0.));
#840 = ( GEOMETRIC_REPRESENTATION_CONTEXT(2) 
PARAMETRIC_REPRESENTATION_CONTEXT() REPRESENTATION_CONTEXT('2D SPACE',''
  ) );
#841 = FACE_BOUND('',#842,.T.);
#842 = EDGE_LOOP('',(#843));
#843 = ORIENTED_EDGE('',*,*,#844,.F.);
#844 = EDGE_CURVE('',#845,#845,#847,.T.);
#845 = VERTEX_POINT('',#846);
#846 = CARTESIAN_POINT('',(-42.1,0.,62.));
#847 = SURFACE_CURVE('',#848,(#853,#860),.PCURVE_S1.);
#848 = CIRCLE('',#849,2.);
#849 = AXIS2_PLACEMENT_3D('',#850,#851,#852);
#850 = CARTESIAN_POINT('',(-42.1,0.,60.));
#851 = DIRECTION('',(0.,1.,0.));
#852 = DIRECTION('',(0.,-0.,1.));
#853 = PCURVE('',#100,#854);
#854 = DEFINITIONAL_REPRESENTATION('',(#855),#859);
#855 = CIRCLE('',#856,2.);
#856 = AXIS2_PLACEMENT_2D('',#857,#858);
#857 = CARTESIAN_POINT('',(360.,257.9));
#858 = DIRECTION('',(1.,0.));
#859 = ( GEOMETRIC_REPRESENTATION_CONTEXT(2) 
PARAMETRIC_REPRESENTATION_CONTEXT() REPRESENTATION_CONTEXT('2D SPACE',''
  ) );
#860 = PCURVE('',#861,#866);
#861 = CYLINDRICAL_SURFACE('',#862,2.);
#862 = AXIS2_PLACEMENT_3D('',#863,#864,#865);
#863 = CARTESIAN_POINT('',(-42.1,-12.,60.));
#864 = DIRECTION('',(0.,1.,0.));
#865 = DIRECTION('',(0.,-0.,1.));
#866 = DEFINITIONAL_REPRESENTATION('',(#867),#871);
#867 = LINE('',#868,#869);
#868 = CARTESIAN_POINT('',(0.,12.));
#869 = VECTOR('',#870,1.);
#870 = DIRECTION('',(1.,0.));
#871 = ( GEOMETRIC_REPRESENTATION_CONTEXT(2) 
PARAMETRIC_REPRESENTATION_CONTEXT() REPRESENTATION_CONTEXT('2D SPACE',''
  ) );
#872 = ADVANCED_FACE('',(#873),#73,.F.);
#873 = FACE_BOUND('',#874,.F.);
#874 = EDGE_LOOP('',(#875,#876,#877,#900,#948,#969));
#875 = ORIENTED_EDGE('',*,*,#56,.T.);
#876 = ORIENTED_EDGE('',*,*,#142,.T.);
#877 = ORIENTED_EDGE('',*,*,#878,.F.);
#878 = EDGE_CURVE('',#879,#143,#881,.T.);
#879 = VERTEX_POINT('',#880);
#880 = CARTESIAN_POINT('',(37.792130737918,-0.771267974243,0.));
#881 = SURFACE_CURVE('',#882,(#887,#894),.PCURVE_S1.);
#882 = CIRCLE('',#883,37.8);
#883 = AXIS2_PLACEMENT_3D('',#884,#885,#886);
#884 = CARTESIAN_POINT('',(0.,0.,0.));
#885 = DIRECTION('',(0.,0.,1.));
#886 = DIRECTION('',(1.,0.,0.));
#887 = PCURVE('',#73,#888);
#888 = DEFINITIONAL_REPRESENTATION('',(#889),#893);
#889 = CIRCLE('',#890,37.8);
#890 = AXIS2_PLACEMENT_2D('',#891,#892);
#891 = CARTESIAN_POINT('',(1.882068139409E-15,1.61343992693E-17));
#892 = DIRECTION('',(1.,0.));
#893 = ( GEOMETRIC_REPRESENTATION_CONTEXT(2) 
PARAMETRIC_REPRESENTATION_CONTEXT() REPRESENTATION_CONTEXT('2D SPACE',''
  ) );
#894 = PCURVE('',#249,#895);
#895 = DEFINITIONAL_REPRESENTATION('',(#896),#899);
#896 = B_SPLINE_CURVE_WITH_KNOTS('',1,(#897,#898),.UNSPECIFIED.,.F.,.F.,
  (2,2),(6.262779976493,6.28318530718),.PIECEWISE_BEZIER_KNOTS.);
#897 = CARTESIAN_POINT('',(3.14159265359,0.));
#898 = CARTESIAN_POINT('',(6.28318530718,0.));
#899 = ( GEOMETRIC_REPRESENTATION_CONTEXT(2) 
PARAMETRIC_REPRESENTATION_CONTEXT() REPRESENTATION_CONTEXT('2D SPACE',''
  ) );
#900 = ORIENTED_EDGE('',*,*,#901,.F.);
#901 = EDGE_CURVE('',#902,#879,#904,.T.);
#902 = VERTEX_POINT('',#903);
#903 = CARTESIAN_POINT('',(-37.79213073791,-0.771267974243,0.));
#904 = SURFACE_CURVE('',#905,(#910,#917),.PCURVE_S1.);
#905 = CIRCLE('',#906,37.8);
#906 = AXIS2_PLACEMENT_3D('',#907,#908,#909);
#907 = CARTESIAN_POINT('',(0.,0.,0.));
#908 = DIRECTION('',(0.,0.,1.));
#909 = DIRECTION('',(1.,0.,0.));
#910 = PCURVE('',#73,#911);
#911 = DEFINITIONAL_REPRESENTATION('',(#912),#916);
#912 = CIRCLE('',#913,37.8);
#913 = AXIS2_PLACEMENT_2D('',#914,#915);
#914 = CARTESIAN_POINT('',(1.882068139409E-15,1.61343992693E-17));
#915 = DIRECTION('',(1.,0.));
#916 = ( GEOMETRIC_REPRESENTATION_CONTEXT(2) 
PARAMETRIC_REPRESENTATION_CONTEXT() REPRESENTATION_CONTEXT('2D SPACE',''
  ) );
#917 = PCURVE('',#918,#943);
#918 = B_SPLINE_SURFACE_WITH_KNOTS('',11,1,(
    (#919,#920)
    ,(#921,#922)
    ,(#923,#924)
    ,(#925,#926)
    ,(#927,#928)
    ,(#929,#930)
    ,(#931,#932)
    ,(#933,#934)
    ,(#935,#936)
    ,(#937,#938)
    ,(#939,#940)
    ,(#941,#942
    )),.UNSPECIFIED.,.F.,.F.,.F.,(12,12),(2,2),(-73.5,0.),(0.,1.),
  .PIECEWISE_BEZIER_KNOTS.);
#919 = CARTESIAN_POINT('',(-37.79213073791,-0.771267974243,0.));
#920 = CARTESIAN_POINT('',(-36.75,-0.75,99.));
#921 = CARTESIAN_POINT('',(-37.57471857012,-11.42446419602,0.));
#922 = CARTESIAN_POINT('',(-30.06818181818,-0.75,99.));
#923 = CARTESIAN_POINT('',(-34.05398244305,-22.01024492189,0.));
#924 = CARTESIAN_POINT('',(-23.38636363636,-0.75,99.));
#925 = CARTESIAN_POINT('',(-27.25314953237,-31.390518583,0.));
#926 = CARTESIAN_POINT('',(-16.70454545454,-0.75,99.));
#927 = CARTESIAN_POINT('',(-17.63656680973,-38.43615531257,0.));
#928 = CARTESIAN_POINT('',(-10.02272727272,-0.75,99.));
#929 = CARTESIAN_POINT('',(-6.105738169345,-42.22257429826,0.));
#930 = CARTESIAN_POINT('',(-3.340909090909,-0.75,99.));
#931 = CARTESIAN_POINT('',(6.105738169345,-42.22257429824,0.));
#932 = CARTESIAN_POINT('',(3.340909090909,-0.75,99.));
#933 = CARTESIAN_POINT('',(17.636566809734,-38.43615531259,0.));
#934 = CARTESIAN_POINT('',(10.022727272727,-0.75,99.));
#935 = CARTESIAN_POINT('',(27.253149532378,-31.39051858299,0.));
#936 = CARTESIAN_POINT('',(16.704545454545,-0.75,99.));
#937 = CARTESIAN_POINT('',(34.053982443054,-22.01024492189,0.));
#938 = CARTESIAN_POINT('',(23.386363636364,-0.75,99.));
#939 = CARTESIAN_POINT('',(37.574718570127,-11.42446419602,0.));
#940 = CARTESIAN_POINT('',(30.068181818182,-0.75,99.));
#941 = CARTESIAN_POINT('',(37.792130737918,-0.771267974243,0.));
#942 = CARTESIAN_POINT('',(36.75,-0.75,99.));
#943 = DEFINITIONAL_REPRESENTATION('',(#944),#947);
#944 = B_SPLINE_CURVE_WITH_KNOTS('',1,(#945,#946),.UNSPECIFIED.,.F.,.F.,
  (2,2),(3.161997984276,6.262779976493),.PIECEWISE_BEZIER_KNOTS.);
#945 = CARTESIAN_POINT('',(-73.5,0.));
#946 = CARTESIAN_POINT('',(0.,0.));
#947 = ( GEOMETRIC_REPRESENTATION_CONTEXT(2) 
PARAMETRIC_REPRESENTATION_CONTEXT() REPRESENTATION_CONTEXT('2D SPACE',''
  ) );
#948 = ORIENTED_EDGE('',*,*,#949,.F.);
#949 = EDGE_CURVE('',#743,#902,#950,.T.);
#950 = SURFACE_CURVE('',#951,(#956,#963),.PCURVE_S1.);
#951 = CIRCLE('',#952,37.8);
#952 = AXIS2_PLACEMENT_3D('',#953,#954,#955);
#953 = CARTESIAN_POINT('',(0.,0.,0.));
#954 = DIRECTION('',(0.,0.,1.));
#955 = DIRECTION('',(1.,0.,0.));
#956 = PCURVE('',#73,#957);
#957 = DEFINITIONAL_REPRESENTATION('',(#958),#962);
#958 = CIRCLE('',#959,37.8);
#959 = AXIS2_PLACEMENT_2D('',#960,#961);
#960 = CARTESIAN_POINT('',(1.882068139409E-15,1.61343992693E-17));
#961 = DIRECTION('',(1.,0.));
#962 = ( GEOMETRIC_REPRESENTATION_CONTEXT(2) 
PARAMETRIC_REPRESENTATION_CONTEXT() REPRESENTATION_CONTEXT('2D SPACE',''
  ) );
#963 = PCURVE('',#762,#964);
#964 = DEFINITIONAL_REPRESENTATION('',(#965),#968);
#965 = B_SPLINE_CURVE_WITH_KNOTS('',1,(#966,#967),.UNSPECIFIED.,.F.,.F.,
  (2,2),(3.121187322903,3.161997984276),.PIECEWISE_BEZIER_KNOTS.);
#966 = CARTESIAN_POINT('',(3.14159265359,0.));
#967 = CARTESIAN_POINT('',(6.28318530718,0.));
#968 = ( GEOMETRIC_REPRESENTATION_CONTEXT(2) 
PARAMETRIC_REPRESENTATION_CONTEXT() REPRESENTATION_CONTEXT('2D SPACE',''
  ) );
#969 = ORIENTED_EDGE('',*,*,#792,.T.);
#970 = ADVANCED_FACE('',(#971),#460,.T.);
#971 = FACE_BOUND('',#972,.F.);
#972 = EDGE_LOOP('',(#973,#974,#975,#976));
#973 = ORIENTED_EDGE('',*,*,#444,.F.);
#974 = ORIENTED_EDGE('',*,*,#558,.F.);
#975 = ORIENTED_EDGE('',*,*,#606,.F.);
#976 = ORIENTED_EDGE('',*,*,#977,.T.);
#977 = EDGE_CURVE('',#607,#419,#978,.T.);
#978 = SURFACE_CURVE('',#979,(#984,#991),.PCURVE_S1.);
#979 = CIRCLE('',#980,44.75);
#980 = AXIS2_PLACEMENT_3D('',#981,#982,#983);
#981 = CARTESIAN_POINT('',(0.,0.,80.7));
#982 = DIRECTION('',(0.,0.,1.));
#983 = DIRECTION('',(1.,0.,0.));
#984 = PCURVE('',#460,#985);
#985 = DEFINITIONAL_REPRESENTATION('',(#986),#990);
#986 = LINE('',#987,#988);
#987 = CARTESIAN_POINT('',(-0.,-10.8));
#988 = VECTOR('',#989,1.);
#989 = DIRECTION('',(-1.,0.));
#990 = ( GEOMETRIC_REPRESENTATION_CONTEXT(2) 
PARAMETRIC_REPRESENTATION_CONTEXT() REPRESENTATION_CONTEXT('2D SPACE',''
  ) );
#991 = PCURVE('',#433,#992);
#992 = DEFINITIONAL_REPRESENTATION('',(#993),#997);
#993 = CIRCLE('',#994,44.75);
#994 = AXIS2_PLACEMENT_2D('',#995,#996);
#995 = CARTESIAN_POINT('',(2.933502854163E-15,-4.040240899597E-15));
#996 = DIRECTION('',(1.,0.));
#997 = ( GEOMETRIC_REPRESENTATION_CONTEXT(2) 
PARAMETRIC_REPRESENTATION_CONTEXT() REPRESENTATION_CONTEXT('2D SPACE',''
  ) );
#998 = ADVANCED_FACE('',(#999),#433,.T.);
#999 = FACE_BOUND('',#1000,.T.);
#1000 = EDGE_LOOP('',(#1001,#1002,#1003,#1025));
#1001 = ORIENTED_EDGE('',*,*,#977,.T.);
#1002 = ORIENTED_EDGE('',*,*,#418,.T.);
#1003 = ORIENTED_EDGE('',*,*,#1004,.F.);
#1004 = EDGE_CURVE('',#628,#391,#1005,.T.);
#1005 = SURFACE_CURVE('',#1006,(#1011,#1018),.PCURVE_S1.);
#1006 = CIRCLE('',#1007,39.75);
#1007 = AXIS2_PLACEMENT_3D('',#1008,#1009,#1010);
#1008 = CARTESIAN_POINT('',(0.,0.,80.7));
#1009 = DIRECTION('',(0.,0.,1.));
#1010 = DIRECTION('',(1.,0.,0.));
#1011 = PCURVE('',#433,#1012);
#1012 = DEFINITIONAL_REPRESENTATION('',(#1013),#1017);
#1013 = CIRCLE('',#1014,39.75);
#1014 = AXIS2_PLACEMENT_2D('',#1015,#1016);
#1015 = CARTESIAN_POINT('',(2.933502854163E-15,-4.040240899597E-15));
#1016 = DIRECTION('',(1.,0.));
#1017 = ( GEOMETRIC_REPRESENTATION_CONTEXT(2) 
PARAMETRIC_REPRESENTATION_CONTEXT() REPRESENTATION_CONTEXT('2D SPACE',''
  ) );
#1018 = PCURVE('',#406,#1019);
#1019 = DEFINITIONAL_REPRESENTATION('',(#1020),#1024);
#1020 = LINE('',#1021,#1022);
#1021 = CARTESIAN_POINT('',(-0.,0.));
#1022 = VECTOR('',#1023,1.);
#1023 = DIRECTION('',(-1.,0.));
#1024 = ( GEOMETRIC_REPRESENTATION_CONTEXT(2) 
PARAMETRIC_REPRESENTATION_CONTEXT() REPRESENTATION_CONTEXT('2D SPACE',''
  ) );
#1025 = ORIENTED_EDGE('',*,*,#627,.T.);
#1026 = ADVANCED_FACE('',(#1027,#1054,#1225,#1396,#1742,#1985),#406,.T.
  );
#1027 = FACE_BOUND('',#1028,.F.);
#1028 = EDGE_LOOP('',(#1029,#1030,#1031,#1032));
#1029 = ORIENTED_EDGE('',*,*,#390,.F.);
#1030 = ORIENTED_EDGE('',*,*,#1004,.F.);
#1031 = ORIENTED_EDGE('',*,*,#648,.F.);
#1032 = ORIENTED_EDGE('',*,*,#1033,.T.);
#1033 = EDGE_CURVE('',#649,#365,#1034,.T.);
#1034 = SURFACE_CURVE('',#1035,(#1040,#1047),.PCURVE_S1.);
#1035 = CIRCLE('',#1036,39.75);
#1036 = AXIS2_PLACEMENT_3D('',#1037,#1038,#1039);
#1037 = CARTESIAN_POINT('',(0.,0.,109.));
#1038 = DIRECTION('',(0.,0.,1.));
#1039 = DIRECTION('',(1.,0.,0.));
#1040 = PCURVE('',#406,#1041);
#1041 = DEFINITIONAL_REPRESENTATION('',(#1042),#1046);
#1042 = LINE('',#1043,#1044);
#1043 = CARTESIAN_POINT('',(-0.,-28.3));
#1044 = VECTOR('',#1045,1.);
#1045 = DIRECTION('',(-1.,0.));
#1046 = ( GEOMETRIC_REPRESENTATION_CONTEXT(2) 
PARAMETRIC_REPRESENTATION_CONTEXT() REPRESENTATION_CONTEXT('2D SPACE',''
  ) );
#1047 = PCURVE('',#379,#1048);
#1048 = DEFINITIONAL_REPRESENTATION('',(#1049),#1053);
#1049 = CIRCLE('',#1050,39.75);
#1050 = AXIS2_PLACEMENT_2D('',#1051,#1052);
#1051 = CARTESIAN_POINT('',(4.403329231825E-15,-5.790076070423E-16));
#1052 = DIRECTION('',(1.,0.));
#1053 = ( GEOMETRIC_REPRESENTATION_CONTEXT(2) 
PARAMETRIC_REPRESENTATION_CONTEXT() REPRESENTATION_CONTEXT('2D SPACE',''
  ) );
#1054 = FACE_BOUND('',#1055,.F.);
#1055 = EDGE_LOOP('',(#1056));
#1056 = ORIENTED_EDGE('',*,*,#1057,.F.);
#1057 = EDGE_CURVE('',#1058,#1058,#1060,.T.);
#1058 = VERTEX_POINT('',#1059);
#1059 = CARTESIAN_POINT('',(-11.,-38.19767663091,105.4));
#1060 = SURFACE_CURVE('',#1061,(#1112,#1166),.PCURVE_S1.);
#1061 = B_SPLINE_CURVE_WITH_KNOTS('',7,(#1062,#1063,#1064,#1065,#1066,
    #1067,#1068,#1069,#1070,#1071,#1072,#1073,#1074,#1075,#1076,#1077,
    #1078,#1079,#1080,#1081,#1082,#1083,#1084,#1085,#1086,#1087,#1088,
    #1089,#1090,#1091,#1092,#1093,#1094,#1095,#1096,#1097,#1098,#1099,
    #1100,#1101,#1102,#1103,#1104,#1105,#1106,#1107,#1108,#1109,#1110,
    #1111),.UNSPECIFIED.,.T.,.F.,(8,6,6,6,6,6,6,6,8),(0.,0.146584521962,
    0.272163327543,0.436228285475,0.573509028493,0.679222946068,
    0.78492203222,0.887883409263,1.),.UNSPECIFIED.);
#1062 = CARTESIAN_POINT('',(-11.,-38.19767663091,105.4));
#1063 = CARTESIAN_POINT('',(-10.66390657398,-38.29446334708,105.4));
#1064 = CARTESIAN_POINT('',(-10.33403933107,-38.38572078944,
    105.34508932514));
#1065 = CARTESIAN_POINT('',(-10.02152933121,-38.46853308331,
    105.23893160172));
#1066 = CARTESIAN_POINT('',(-9.736157013397,-38.54109574189,
    105.08807471552));
#1067 = CARTESIAN_POINT('',(-9.485658136763,-38.60268052642,
    104.90172402081));
#1068 = CARTESIAN_POINT('',(-9.274665851815,-38.6532527303,
    104.69147763696));
#1069 = CARTESIAN_POINT('',(-8.957099997341,-38.72796816992,
    104.28207420429));
#1070 = CARTESIAN_POINT('',(-8.836593656846,-38.7556371417,
    104.08138812265));
#1071 = CARTESIAN_POINT('',(-8.741312229587,-38.77712749655,
    103.8724190431));
#1072 = CARTESIAN_POINT('',(-8.670481781027,-38.79291763796,
    103.65781139641));
#1073 = CARTESIAN_POINT('',(-8.623492952789,-38.80333037207,
    103.43967966067));
#1074 = CARTESIAN_POINT('',(-8.6,-38.80853643207,103.21983815458));
#1075 = CARTESIAN_POINT('',(-8.6,-38.80853643207,102.71278801851));
#1076 = CARTESIAN_POINT('',(-8.640099935938,-38.79965012764,
    102.42537185875));
#1077 = CARTESIAN_POINT('',(-8.720399997792,-38.7818562307,
    102.14161259059));
#1078 = CARTESIAN_POINT('',(-8.842000470952,-38.75463399734,
    101.86573148252));
#1079 = CARTESIAN_POINT('',(-9.006485783385,-38.71708738763,
    101.60324504657));
#1080 = CARTESIAN_POINT('',(-9.215598787428,-38.66786717633,
    101.36137811827));
#1081 = CARTESIAN_POINT('',(-9.683204335633,-38.55316021801,
    100.97454116646));
#1082 = CARTESIAN_POINT('',(-9.932572210779,-38.49053422806,
    100.81646697885));
#1083 = CARTESIAN_POINT('',(-10.2136279481,-38.41778236422,
    100.69072739138));
#1084 = CARTESIAN_POINT('',(-10.51755856877,-38.33610428765,
    100.60729282001));
#1085 = CARTESIAN_POINT('',(-10.83293421315,-38.24776136188,
    100.57171112899));
#1086 = CARTESIAN_POINT('',(-11.14745610768,-38.15620983207,
    100.58485160126));
#1087 = CARTESIAN_POINT('',(-11.68247167505,-37.99528171659,
    100.68691127908));
#1088 = CARTESIAN_POINT('',(-11.91014583028,-37.92498884659,
    100.7581283545));
#1089 = CARTESIAN_POINT('',(-12.12898031274,-37.85567153105,
    100.85545839059));
#1090 = CARTESIAN_POINT('',(-12.33539535045,-37.78871045621,
    100.97753522141));
#1091 = CARTESIAN_POINT('',(-12.52609728558,-37.72553966677,
    101.12240448874));
#1092 = CARTESIAN_POINT('',(-12.69818179917,-37.66754780125,
    101.28759436003));
#1093 = CARTESIAN_POINT('',(-13.00026057418,-37.56436071889,
    101.65274487248));
#1094 = CARTESIAN_POINT('',(-13.13030603916,-37.51914870614,
    101.85275529584));
#1095 = CARTESIAN_POINT('',(-13.23688275044,-37.4815530012,
    102.06725342087));
#1096 = CARTESIAN_POINT('',(-13.31810755203,-37.45261153991,
    102.29288711778));
#1097 = CARTESIAN_POINT('',(-13.37270012577,-37.43306316742,
    102.52605487002));
#1098 = CARTESIAN_POINT('',(-13.4,-37.423288204,102.76302047838));
#1099 = CARTESIAN_POINT('',(-13.4,-37.423288204,103.23084152156));
#1100 = CARTESIAN_POINT('',(-13.37409647046,-37.43256336397,
    103.46168639439));
#1101 = CARTESIAN_POINT('',(-13.32228613016,-37.45111491982,
    103.69028578966));
#1102 = CARTESIAN_POINT('',(-13.24432717666,-37.47890179445,
    103.91429471449));
#1103 = CARTESIAN_POINT('',(-13.13981396903,-37.51581479572,
    104.13109820434));
#1104 = CARTESIAN_POINT('',(-13.00825763042,-37.56162900462,
    104.3375883471));
#1105 = CARTESIAN_POINT('',(-12.67606552942,-37.67510249736,
    104.73913961766));
#1106 = CARTESIAN_POINT('',(-12.4670680307,-37.74545537044,
    104.93549217621));
#1107 = CARTESIAN_POINT('',(-12.22294456079,-37.82600168294,
    105.10843425327));
#1108 = CARTESIAN_POINT('',(-11.94732997118,-37.91453063526,
    105.24859688547));
#1109 = CARTESIAN_POINT('',(-11.64615773657,-38.00805690036,
    105.34794404304));
#1110 = CARTESIAN_POINT('',(-11.32724245122,-38.10343877979,105.4));
#1111 = CARTESIAN_POINT('',(-11.,-38.19767663091,105.4));
#1112 = PCURVE('',#406,#1113);
#1113 = DEFINITIONAL_REPRESENTATION('',(#1114),#1165);
#1114 = B_SPLINE_CURVE_WITH_KNOTS('',7,(#1115,#1116,#1117,#1118,#1119,
    #1120,#1121,#1122,#1123,#1124,#1125,#1126,#1127,#1128,#1129,#1130,
    #1131,#1132,#1133,#1134,#1135,#1136,#1137,#1138,#1139,#1140,#1141,
    #1142,#1143,#1144,#1145,#1146,#1147,#1148,#1149,#1150,#1151,#1152,
    #1153,#1154,#1155,#1156,#1157,#1158,#1159,#1160,#1161,#1162,#1163,
    #1164),.UNSPECIFIED.,.T.,.F.,(8,6,6,6,6,6,6,6,8),(0.,0.146584521962,
    0.272163327543,0.436228285475,0.573509028493,0.679222946068,
    0.78492203222,0.887883409263,1.),.UNSPECIFIED.);
#1115 = CARTESIAN_POINT('',(-4.431999895534,-24.7));
#1116 = CARTESIAN_POINT('',(-4.440798687912,-24.7));
#1117 = CARTESIAN_POINT('',(-4.449408472289,-24.64508932514));
#1118 = CARTESIAN_POINT('',(-4.457540954881,-24.53893160172));
#1119 = CARTESIAN_POINT('',(-4.464948090778,-24.38807471553));
#1120 = CARTESIAN_POINT('',(-4.471437428438,-24.20172402081));
#1121 = CARTESIAN_POINT('',(-4.476895703904,-23.99147763696));
#1122 = CARTESIAN_POINT('',(-4.485102919738,-23.58207420429));
#1123 = CARTESIAN_POINT('',(-4.488213365932,-23.38138812265));
#1124 = CARTESIAN_POINT('',(-4.490670579803,-23.1724190431));
#1125 = CARTESIAN_POINT('',(-4.492496216841,-22.95781139641));
#1126 = CARTESIAN_POINT('',(-4.493707002723,-22.73967966067));
#1127 = CARTESIAN_POINT('',(-4.494312358015,-22.51983815458));
#1128 = CARTESIAN_POINT('',(-4.494312358015,-22.01278801851));
#1129 = CARTESIAN_POINT('',(-4.493279081054,-21.72537185875));
#1130 = CARTESIAN_POINT('',(-4.491209950951,-21.44161259059));
#1131 = CARTESIAN_POINT('',(-4.488075107922,-21.16573148252));
#1132 = CARTESIAN_POINT('',(-4.483830757537,-20.90324504657));
#1133 = CARTESIAN_POINT('',(-4.478426529125,-20.66137811827));
#1134 = CARTESIAN_POINT('',(-4.466314095259,-20.27454116646));
#1135 = CARTESIAN_POINT('',(-4.459845980383,-20.11646697885));
#1136 = CARTESIAN_POINT('',(-4.45254265879,-19.99072739138));
#1137 = CARTESIAN_POINT('',(-4.444626024201,-19.90729282001));
#1138 = CARTESIAN_POINT('',(-4.436387340067,-19.87171112899));
#1139 = CARTESIAN_POINT('',(-4.42814677267,-19.88485160126));
#1140 = CARTESIAN_POINT('',(-4.414091565767,-19.98691127908));
#1141 = CARTESIAN_POINT('',(-4.40809729832,-20.0581283545));
#1142 = CARTESIAN_POINT('',(-4.402322684885,-20.15545839059));
#1143 = CARTESIAN_POINT('',(-4.396863657643,-20.27753522141));
#1144 = CARTESIAN_POINT('',(-4.391809872186,-20.42240448874));
#1145 = CARTESIAN_POINT('',(-4.387241525131,-20.58759436003));
#1146 = CARTESIAN_POINT('',(-4.379210921893,-20.95274487248));
#1147 = CARTESIAN_POINT('',(-4.375747311088,-21.15275529584));
#1148 = CARTESIAN_POINT('',(-4.372904237473,-21.36725342087));
#1149 = CARTESIAN_POINT('',(-4.370735014246,-21.59288711778));
#1150 = CARTESIAN_POINT('',(-4.369276219365,-21.82605487002));
#1151 = CARTESIAN_POINT('',(-4.36854673303,-22.06302047838));
#1152 = CARTESIAN_POINT('',(-4.36854673303,-22.53084152156));
#1153 = CARTESIAN_POINT('',(-4.369238909701,-22.76168639439));
#1154 = CARTESIAN_POINT('',(-4.370623351216,-22.99028578966));
#1155 = CARTESIAN_POINT('',(-4.372705436255,-23.21429471449));
#1156 = CARTESIAN_POINT('',(-4.375493846516,-23.43109820434));
#1157 = CARTESIAN_POINT('',(-4.378998324415,-23.6375883471));
#1158 = CARTESIAN_POINT('',(-4.387829474376,-24.03913961766));
#1159 = CARTESIAN_POINT('',(-4.393377114505,-24.23549217621));
#1160 = CARTESIAN_POINT('',(-4.399844045991,-24.40843425327));
#1161 = CARTESIAN_POINT('',(-4.407126181369,-24.54859688547));
#1162 = CARTESIAN_POINT('',(-4.415059082506,-24.64794404304));
#1163 = CARTESIAN_POINT('',(-4.423432818159,-24.7));
#1164 = CARTESIAN_POINT('',(-4.431999895534,-24.7));
#1165 = ( GEOMETRIC_REPRESENTATION_CONTEXT(2) 
PARAMETRIC_REPRESENTATION_CONTEXT() REPRESENTATION_CONTEXT('2D SPACE',''
  ) );
#1166 = PCURVE('',#1167,#1172);
#1167 = CYLINDRICAL_SURFACE('',#1168,2.4);
#1168 = AXIS2_PLACEMENT_3D('',#1169,#1170,#1171);
#1169 = CARTESIAN_POINT('',(-11.,-40.19767663091,103.));
#1170 = DIRECTION('',(0.,1.,0.));
#1171 = DIRECTION('',(0.,-0.,1.));
#1172 = DEFINITIONAL_REPRESENTATION('',(#1173),#1224);
#1173 = B_SPLINE_CURVE_WITH_KNOTS('',7,(#1174,#1175,#1176,#1177,#1178,
    #1179,#1180,#1181,#1182,#1183,#1184,#1185,#1186,#1187,#1188,#1189,
    #1190,#1191,#1192,#1193,#1194,#1195,#1196,#1197,#1198,#1199,#1200,
    #1201,#1202,#1203,#1204,#1205,#1206,#1207,#1208,#1209,#1210,#1211,
    #1212,#1213,#1214,#1215,#1216,#1217,#1218,#1219,#1220,#1221,#1222,
    #1223),.UNSPECIFIED.,.F.,.F.,(8,6,6,6,6,6,6,6,8),(0.,0.146584521962,
    0.272163327543,0.436228285475,0.573509028493,0.679222946068,
    0.78492203222,0.887883409263,1.),.UNSPECIFIED.);
#1174 = CARTESIAN_POINT('',(0.,2.));
#1175 = CARTESIAN_POINT('',(0.140038927508,1.903213283836));
#1176 = CARTESIAN_POINT('',(0.277483390716,1.811955841469));
#1177 = CARTESIAN_POINT('',(0.412182577508,1.729143547606));
#1178 = CARTESIAN_POINT('',(0.543794048815,1.656580889017));
#1179 = CARTESIAN_POINT('',(0.67168405507,1.594996104491));
#1180 = CARTESIAN_POINT('',(0.794786842944,1.54442390061));
#1181 = CARTESIAN_POINT('',(1.010674562365,1.469708460989));
#1182 = CARTESIAN_POINT('',(1.107521407338,1.442039489209));
#1183 = CARTESIAN_POINT('',(1.202267413393,1.420549134365));
#1184 = CARTESIAN_POINT('',(1.295452682921,1.404758992952));
#1185 = CARTESIAN_POINT('',(1.387596534062,1.394346258845));
#1186 = CARTESIAN_POINT('',(1.479197095718,1.389140198837));
#1187 = CARTESIAN_POINT('',(1.690467985749,1.389140198837));
#1188 = CARTESIAN_POINT('',(1.810224168758,1.398026503273));
#1189 = CARTESIAN_POINT('',(1.931259184266,1.415820400207));
#1190 = CARTESIAN_POINT('',(2.054619134122,1.443042633568));
#1191 = CARTESIAN_POINT('',(2.181398099887,1.480589243285));
#1192 = CARTESIAN_POINT('',(2.312772325144,1.529809454584));
#1193 = CARTESIAN_POINT('',(2.565637083683,1.644516412898));
#1194 = CARTESIAN_POINT('',(2.687680040984,1.707142402847));
#1195 = CARTESIAN_POINT('',(2.813800709412,1.779894266691));
#1196 = CARTESIAN_POINT('',(2.94237527075,1.861572343259));
#1197 = CARTESIAN_POINT('',(3.072120952581,1.949915269032));
#1198 = CARTESIAN_POINT('',(3.201875951449,2.041466798843));
#1199 = CARTESIAN_POINT('',(3.428818887852,2.202394914317));
#1200 = CARTESIAN_POINT('',(3.527562950328,2.272687784321));
#1201 = CARTESIAN_POINT('',(3.626300554961,2.342005099863));
#1202 = CARTESIAN_POINT('',(3.725031409693,2.408966174697));
#1203 = CARTESIAN_POINT('',(3.823763270751,2.472136964145));
#1204 = CARTESIAN_POINT('',(3.922501344573,2.530128829663));
#1205 = CARTESIAN_POINT('',(4.119961996004,2.63331591202));
#1206 = CARTESIAN_POINT('',(4.218713691426,2.678527924771));
#1207 = CARTESIAN_POINT('',(4.317456391912,2.716123629709));
#1208 = CARTESIAN_POINT('',(4.416185494229,2.745065091005));
#1209 = CARTESIAN_POINT('',(4.514912111264,2.764613463486));
#1210 = CARTESIAN_POINT('',(4.613647513047,2.774388426911));
#1211 = CARTESIAN_POINT('',(4.808572947705,2.774388426911));
#1212 = CARTESIAN_POINT('',(4.904758231815,2.765113266941));
#1213 = CARTESIAN_POINT('',(5.001461742359,2.746561711092));
#1214 = CARTESIAN_POINT('',(5.09915842232,2.718774836458));
#1215 = CARTESIAN_POINT('',(5.198354887169,2.681861835189));
#1216 = CARTESIAN_POINT('',(5.299588507338,2.636047626294));
#1217 = CARTESIAN_POINT('',(5.516733418174,2.522574133548));
#1218 = CARTESIAN_POINT('',(5.635280090748,2.452221260468));
#1219 = CARTESIAN_POINT('',(5.75800950914,2.371674947975));
#1220 = CARTESIAN_POINT('',(5.884324446931,2.28314599565));
#1221 = CARTESIAN_POINT('',(6.013952855859,2.189619730548));
#1222 = CARTESIAN_POINT('',(6.146834285837,2.094237851119));
#1223 = CARTESIAN_POINT('',(6.28318530718,2.));
#1224 = ( GEOMETRIC_REPRESENTATION_CONTEXT(2) 
PARAMETRIC_REPRESENTATION_CONTEXT() REPRESENTATION_CONTEXT('2D SPACE',''
  ) );
#1225 = FACE_BOUND('',#1226,.F.);
#1226 = EDGE_LOOP('',(#1227));
#1227 = ORIENTED_EDGE('',*,*,#1228,.F.);
#1228 = EDGE_CURVE('',#1229,#1229,#1231,.T.);
#1229 = VERTEX_POINT('',#1230);
#1230 = CARTESIAN_POINT('',(11.,-38.19767663091,105.4));
#1231 = SURFACE_CURVE('',#1232,(#1283,#1337),.PCURVE_S1.);
#1232 = B_SPLINE_CURVE_WITH_KNOTS('',7,(#1233,#1234,#1235,#1236,#1237,
    #1238,#1239,#1240,#1241,#1242,#1243,#1244,#1245,#1246,#1247,#1248,
    #1249,#1250,#1251,#1252,#1253,#1254,#1255,#1256,#1257,#1258,#1259,
    #1260,#1261,#1262,#1263,#1264,#1265,#1266,#1267,#1268,#1269,#1270,
    #1271,#1272,#1273,#1274,#1275,#1276,#1277,#1278,#1279,#1280,#1281,
    #1282),.UNSPECIFIED.,.T.,.F.,(8,6,6,6,6,6,6,6,8),(0.,0.143882313212,
    0.275979977577,0.430564064749,0.561744484097,0.675539349898,
    0.789361151459,0.919932734774,1.),.UNSPECIFIED.);
#1233 = CARTESIAN_POINT('',(11.,-38.19767663091,105.4));
#1234 = CARTESIAN_POINT('',(11.327356959721,-38.10340580413,105.4));
#1235 = CARTESIAN_POINT('',(11.646289058827,-38.00801660541,
    105.34790760805));
#1236 = CARTESIAN_POINT('',(11.947408685517,-37.91450440212,
    105.24854520439));
#1237 = CARTESIAN_POINT('',(12.222948173728,-37.82599951684,
    105.10840812123));
#1238 = CARTESIAN_POINT('',(12.467018413969,-37.74547170928,
    104.93551898911));
#1239 = CARTESIAN_POINT('',(12.676014573446,-37.67511990341,
    104.73920121285));
#1240 = CARTESIAN_POINT('',(13.008261674901,-37.56162762307,
    104.33758345817));
#1241 = CARTESIAN_POINT('',(13.139815455595,-37.51581424291,
    104.13109402032));
#1242 = CARTESIAN_POINT('',(13.244326597691,-37.47890200402,
    103.91429403563));
#1243 = CARTESIAN_POINT('',(13.32228542446,-37.45111517022,
    103.69028769034));
#1244 = CARTESIAN_POINT('',(13.374096402204,-37.43256338925,
    103.46168834478));
#1245 = CARTESIAN_POINT('',(13.4,-37.423288204,103.23084172153));
#1246 = CARTESIAN_POINT('',(13.4,-37.423288204,102.72986307535));
#1247 = CARTESIAN_POINT('',(13.364527394473,-37.43598968677,
    102.45968434956));
#1248 = CARTESIAN_POINT('',(13.2935563587,-37.46140222462,
    102.19305340531));
#1249 = CARTESIAN_POINT('',(13.186613271147,-37.49945526015,
    101.93379073752));
#1250 = CARTESIAN_POINT('',(13.042971520449,-37.54993283409,
    101.68630873747));
#1251 = CARTESIAN_POINT('',(12.861856275969,-37.6123448405,
    101.45607666462));
#1252 = CARTESIAN_POINT('',(12.457117322165,-37.74812754626,
    101.07600148846));
#1253 = CARTESIAN_POINT('',(12.240980301562,-37.81944864591,
    100.91635392306));
#1254 = CARTESIAN_POINT('',(11.9965308625,-37.89838889054,
    100.78076578251));
#1255 = CARTESIAN_POINT('',(11.728254795374,-37.98266927277,
    100.67690563561));
#1256 = CARTESIAN_POINT('',(11.442463802024,-38.06954986027,
    100.61067742275));
#1257 = CARTESIAN_POINT('',(11.146736599329,-38.15636710856,
    100.5860229003));
#1258 = CARTESIAN_POINT('',(10.591288296545,-38.31395362169,
    100.62096874545));
#1259 = CARTESIAN_POINT('',(10.335329375603,-38.3843777175,
    100.66962602812));
#1260 = CARTESIAN_POINT('',(10.086330083079,-38.45071193269,
    100.75039037739));
#1261 = CARTESIAN_POINT('',(9.849075083745,-38.5119306712,
    100.86202290473));
#1262 = CARTESIAN_POINT('',(9.628080333362,-38.56729495104,
    101.00242049325));
#1263 = CARTESIAN_POINT('',(9.427412243786,-38.61631128968,
    101.16866823189));
#1264 = CARTESIAN_POINT('',(9.073496462813,-38.70099839599,
    101.54555025921));
#1265 = CARTESIAN_POINT('',(8.920229082346,-38.73667414763,
    101.75622820351));
#1266 = CARTESIAN_POINT('',(8.794002445552,-38.76536498372,
    101.9855482966));
#1267 = CARTESIAN_POINT('',(8.697464625382,-38.78693904692,
    102.22934107148));
#1268 = CARTESIAN_POINT('',(8.632475575133,-38.80133947451,
    102.48297529805));
#1269 = CARTESIAN_POINT('',(8.6,-38.80853643207,102.74152953328));
#1270 = CARTESIAN_POINT('',(8.6,-38.80853643207,103.29650644794));
#1271 = CARTESIAN_POINT('',(8.642737364296,-38.79906561973,
    103.59329660553));
#1272 = CARTESIAN_POINT('',(8.728355971852,-38.78009339178,
    103.88609882598));
#1273 = CARTESIAN_POINT('',(8.858118534996,-38.7510245715,
    104.17020986261));
#1274 = CARTESIAN_POINT('',(9.033774942674,-38.7108526844,
    104.43940770818));
#1275 = CARTESIAN_POINT('',(9.257191547859,-38.65805611182,
    104.68551788656));
#1276 = CARTESIAN_POINT('',(9.695711765098,-38.54977500046,
    105.02566903425));
#1277 = CARTESIAN_POINT('',(9.881886275642,-38.50291219802,
    105.14270247626));
#1278 = CARTESIAN_POINT('',(10.08551053868,-38.45047341461,
    105.24220936399));
#1279 = CARTESIAN_POINT('',(10.303389417837,-38.39285489198,
    105.3200392732));
#1280 = CARTESIAN_POINT('',(10.53148714901,-38.33077494139,
    105.37321369588));
#1281 = CARTESIAN_POINT('',(10.765259550667,-38.26527615974,105.4));
#1282 = CARTESIAN_POINT('',(11.,-38.19767663091,105.4));
#1283 = PCURVE('',#406,#1284);
#1284 = DEFINITIONAL_REPRESENTATION('',(#1285),#1336);
#1285 = B_SPLINE_CURVE_WITH_KNOTS('',7,(#1286,#1287,#1288,#1289,#1290,
    #1291,#1292,#1293,#1294,#1295,#1296,#1297,#1298,#1299,#1300,#1301,
    #1302,#1303,#1304,#1305,#1306,#1307,#1308,#1309,#1310,#1311,#1312,
    #1313,#1314,#1315,#1316,#1317,#1318,#1319,#1320,#1321,#1322,#1323,
    #1324,#1325,#1326,#1327,#1328,#1329,#1330,#1331,#1332,#1333,#1334,
    #1335),.UNSPECIFIED.,.F.,.F.,(8,6,6,6,6,6,6,6,8),(0.,0.143882313212,
    0.275979977577,0.430564064749,0.561744484097,0.675539349898,
    0.789361151459,0.919932734774,1.),.UNSPECIFIED.);
#1286 = CARTESIAN_POINT('',(-4.992778065236,-24.7));
#1287 = CARTESIAN_POINT('',(-5.001348140397,-24.7));
#1288 = CARTESIAN_POINT('',(-5.009722333466,-24.64790760805));
#1289 = CARTESIAN_POINT('',(-5.017653866091,-24.54854520439));
#1290 = CARTESIAN_POINT('',(-5.024934018381,-24.40840812123));
#1291 = CARTESIAN_POINT('',(-5.03139953216,-24.23551898911));
#1292 = CARTESIAN_POINT('',(-5.036947131756,-24.03920121285));
#1293 = CARTESIAN_POINT('',(-5.045779743874,-23.63758345817));
#1294 = CARTESIAN_POINT('',(-5.049284154139,-23.43109402032));
#1295 = CARTESIAN_POINT('',(-5.052072509032,-23.21429403563));
#1296 = CARTESIAN_POINT('',(-5.054154590711,-22.99028769034));
#1297 = CARTESIAN_POINT('',(-5.055539049238,-22.76168834478));
#1298 = CARTESIAN_POINT('',(-5.05623122774,-22.53084172153));
#1299 = CARTESIAN_POINT('',(-5.05623122774,-22.02986307535));
#1300 = CARTESIAN_POINT('',(-5.055283352859,-21.75968434956));
#1301 = CARTESIAN_POINT('',(-5.05338691089,-21.49305340531));
#1302 = CARTESIAN_POINT('',(-5.050531280705,-21.23379073752));
#1303 = CARTESIAN_POINT('',(-5.046701087523,-20.98630873747));
#1304 = CARTESIAN_POINT('',(-5.041881948027,-20.75607666462));
#1305 = CARTESIAN_POINT('',(-5.03114212049,-20.37600148846));
#1306 = CARTESIAN_POINT('',(-5.025416397285,-20.21635392306));
#1307 = CARTESIAN_POINT('',(-5.018954232182,-20.08076578251));
#1308 = CARTESIAN_POINT('',(-5.011880398975,-19.97690563561));
#1309 = CARTESIAN_POINT('',(-5.00436635394,-19.91067742275));
#1310 = CARTESIAN_POINT('',(-4.996613028287,-19.8860229003));
#1311 = CARTESIAN_POINT('',(-4.982087992281,-19.92096874545));
#1312 = CARTESIAN_POINT('',(-4.975409702504,-19.96962602812));
#1313 = CARTESIAN_POINT('',(-4.968927434952,-20.05039037739));
#1314 = CARTESIAN_POINT('',(-4.962763561337,-20.16202290473));
#1315 = CARTESIAN_POINT('',(-4.957032301324,-20.30242049325));
#1316 = CARTESIAN_POINT('',(-4.951835682274,-20.46866823189));
#1317 = CARTESIAN_POINT('',(-4.942680789837,-20.84555025921));
#1318 = CARTESIAN_POINT('',(-4.938722006753,-21.05622820351));
#1319 = CARTESIAN_POINT('',(-4.935465544832,-21.2855482966));
#1320 = CARTESIAN_POINT('',(-4.932977024195,-21.52934107148));
#1321 = CARTESIAN_POINT('',(-4.93130241833,-21.78297529805));
#1322 = CARTESIAN_POINT('',(-4.930465602755,-22.04152953328));
#1323 = CARTESIAN_POINT('',(-4.930465602755,-22.59650644794));
#1324 = CARTESIAN_POINT('',(-4.931566840099,-22.89329660553));
#1325 = CARTESIAN_POINT('',(-4.933773014086,-23.18609882598));
#1326 = CARTESIAN_POINT('',(-4.937118381043,-23.47020986261));
#1327 = CARTESIAN_POINT('',(-4.941651396995,-23.73940770818));
#1328 = CARTESIAN_POINT('',(-4.947426456455,-23.98551788656));
#1329 = CARTESIAN_POINT('',(-4.958789752624,-24.32566903425));
#1330 = CARTESIAN_POINT('',(-4.963619438733,-24.44270247626));
#1331 = CARTESIAN_POINT('',(-4.968909069202,-24.54220936399));
#1332 = CARTESIAN_POINT('',(-4.974578492251,-24.6200392732));
#1333 = CARTESIAN_POINT('',(-4.980525268543,-24.67321369588));
#1334 = CARTESIAN_POINT('',(-4.986632653524,-24.7));
#1335 = CARTESIAN_POINT('',(-4.992778065236,-24.7));
#1336 = ( GEOMETRIC_REPRESENTATION_CONTEXT(2) 
PARAMETRIC_REPRESENTATION_CONTEXT() REPRESENTATION_CONTEXT('2D SPACE',''
  ) );
#1337 = PCURVE('',#1338,#1343);
#1338 = CYLINDRICAL_SURFACE('',#1339,2.4);
#1339 = AXIS2_PLACEMENT_3D('',#1340,#1341,#1342);
#1340 = CARTESIAN_POINT('',(11.,-40.19767663091,103.));
#1341 = DIRECTION('',(0.,1.,0.));
#1342 = DIRECTION('',(0.,-0.,1.));
#1343 = DEFINITIONAL_REPRESENTATION('',(#1344),#1395);
#1344 = B_SPLINE_CURVE_WITH_KNOTS('',7,(#1345,#1346,#1347,#1348,#1349,
    #1350,#1351,#1352,#1353,#1354,#1355,#1356,#1357,#1358,#1359,#1360,
    #1361,#1362,#1363,#1364,#1365,#1366,#1367,#1368,#1369,#1370,#1371,
    #1372,#1373,#1374,#1375,#1376,#1377,#1378,#1379,#1380,#1381,#1382,
    #1383,#1384,#1385,#1386,#1387,#1388,#1389,#1390,#1391,#1392,#1393,
    #1394),.UNSPECIFIED.,.F.,.F.,(8,6,6,6,6,6,6,6,8),(0.,0.143882313212,
    0.275979977577,0.430564064749,0.561744484097,0.675539349898,
    0.789361151459,0.919932734774,1.),.UNSPECIFIED.);
#1345 = CARTESIAN_POINT('',(0.,2.));
#1346 = CARTESIAN_POINT('',(0.136398733217,2.094270826776));
#1347 = CARTESIAN_POINT('',(0.269287178295,2.189660025504));
#1348 = CARTESIAN_POINT('',(0.398897961218,2.283172228789));
#1349 = CARTESIAN_POINT('',(0.525183017127,2.371677114075));
#1350 = CARTESIAN_POINT('',(0.647883438316,2.452204921628));
#1351 = CARTESIAN_POINT('',(0.766418580474,2.522556727497));
#1352 = CARTESIAN_POINT('',(0.983599443603,2.636049007846));
#1353 = CARTESIAN_POINT('',(1.084832161992,2.681862387996));
#1354 = CARTESIAN_POINT('',(1.184027073122,2.718774626887));
#1355 = CARTESIAN_POINT('',(1.281722778745,2.746561460696));
#1356 = CARTESIAN_POINT('',(1.378426256147,2.765113241665));
#1357 = CARTESIAN_POINT('',(1.474612276157,2.774388426911));
#1358 = CARTESIAN_POINT('',(1.683353378729,2.774388426911));
#1359 = CARTESIAN_POINT('',(1.795927525186,2.761686944136));
#1360 = CARTESIAN_POINT('',(1.909354373985,2.736274406289));
#1361 = CARTESIAN_POINT('',(2.024368122688,2.698221370759));
#1362 = CARTESIAN_POINT('',(2.141785759854,2.647743796825));
#1363 = CARTESIAN_POINT('',(2.262466015501,2.585331790416));
#1364 = CARTESIAN_POINT('',(2.493808249458,2.449549084652));
#1365 = CARTESIAN_POINT('',(2.604993081445,2.378227984999));
#1366 = CARTESIAN_POINT('',(2.719870598162,2.29928774037));
#1367 = CARTESIAN_POINT('',(2.837677478822,2.215007358145));
#1368 = CARTESIAN_POINT('',(2.957917323901,2.128126770639));
#1369 = CARTESIAN_POINT('',(3.080248704832,2.041309522348));
#1370 = CARTESIAN_POINT('',(3.312143088253,1.883723009218));
#1371 = CARTESIAN_POINT('',(3.419854814519,1.813298913407));
#1372 = CARTESIAN_POINT('',(3.527555637859,1.746964698223));
#1373 = CARTESIAN_POINT('',(3.635258792675,1.685745959712));
#1374 = CARTESIAN_POINT('',(3.742978346037,1.630381679871));
#1375 = CARTESIAN_POINT('',(3.85070965685,1.581365341229));
#1376 = CARTESIAN_POINT('',(4.066129322585,1.496678234919));
#1377 = CARTESIAN_POINT('',(4.17383591531,1.461002483286));
#1378 = CARTESIAN_POINT('',(4.281534755397,1.432311647189));
#1379 = CARTESIAN_POINT('',(4.389240204185,1.410737583987));
#1380 = CARTESIAN_POINT('',(4.496962290584,1.396337156404));
#1381 = CARTESIAN_POINT('',(4.604692952587,1.389140198837));
#1382 = CARTESIAN_POINT('',(4.835933333693,1.389140198837));
#1383 = CARTESIAN_POINT('',(4.959595169834,1.398611011185));
#1384 = CARTESIAN_POINT('',(5.084679603483,1.417583239135));
#1385 = CARTESIAN_POINT('',(5.21231725422,1.446652059408));
#1386 = CARTESIAN_POINT('',(5.343699957015,1.486823946508));
#1387 = CARTESIAN_POINT('',(5.480107919785,1.53962051909));
#1388 = CARTESIAN_POINT('',(5.711349580372,1.64790163045));
#1389 = CARTESIAN_POINT('',(5.802531482686,1.694764432886));
#1390 = CARTESIAN_POINT('',(5.896093044485,1.747203216303));
#1391 = CARTESIAN_POINT('',(5.991401485334,1.804821738934));
#1392 = CARTESIAN_POINT('',(6.087972026316,1.866901689522));
#1393 = CARTESIAN_POINT('',(6.185376786624,1.93240047117));
#1394 = CARTESIAN_POINT('',(6.28318530718,2.));
#1395 = ( GEOMETRIC_REPRESENTATION_CONTEXT(2) 
PARAMETRIC_REPRESENTATION_CONTEXT() REPRESENTATION_CONTEXT('2D SPACE',''
  ) );
#1396 = FACE_BOUND('',#1397,.F.);
#1397 = EDGE_LOOP('',(#1398,#1650,#1676));
#1398 = ORIENTED_EDGE('',*,*,#1399,.F.);
#1399 = EDGE_CURVE('',#1400,#1402,#1404,.T.);
#1400 = VERTEX_POINT('',#1401);
#1401 = CARTESIAN_POINT('',(-18.64330071185,-35.1068346418,
    93.639186126994));
#1402 = VERTEX_POINT('',#1403);
#1403 = CARTESIAN_POINT('',(-22.,-33.1068346418,101.75));
#1404 = SURFACE_CURVE('',#1405,(#1483,#1564),.PCURVE_S1.);
#1405 = B_SPLINE_CURVE_WITH_KNOTS('',6,(#1406,#1407,#1408,#1409,#1410,
    #1411,#1412,#1413,#1414,#1415,#1416,#1417,#1418,#1419,#1420,#1421,
    #1422,#1423,#1424,#1425,#1426,#1427,#1428,#1429,#1430,#1431,#1432,
    #1433,#1434,#1435,#1436,#1437,#1438,#1439,#1440,#1441,#1442,#1443,
    #1444,#1445,#1446,#1447,#1448,#1449,#1450,#1451,#1452,#1453,#1454,
    #1455,#1456,#1457,#1458,#1459,#1460,#1461,#1462,#1463,#1464,#1465,
    #1466,#1467,#1468,#1469,#1470,#1471,#1472,#1473,#1474,#1475,#1476,
    #1477,#1478,#1479,#1480,#1481,#1482),.UNSPECIFIED.,.F.,.F.,(7,5,5,5,
    5,5,5,5,5,5,5,5,5,5,5,7),(0.,2.911326208389E-02,8.728569581339E-02,
    0.164207976102,0.278298801969,0.34814423478,0.437742552419,
    0.480231039316,0.542876150791,0.593594563949,0.667118480854,
    0.707183769198,0.749396477689,0.837874474812,0.912728172684,1.),
  .UNSPECIFIED.);
#1406 = CARTESIAN_POINT('',(-18.64329958201,-35.1068352418,
    93.63918725546));
#1407 = CARTESIAN_POINT('',(-18.711467337,-35.07063511526,
    93.571102911265));
#1408 = CARTESIAN_POINT('',(-18.78143066888,-35.03327790986,
    93.504539234903));
#1409 = CARTESIAN_POINT('',(-18.85314342429,-34.99476683508,
    93.439568370074));
#1410 = CARTESIAN_POINT('',(-18.92655288729,-34.9551087493,
    93.376260923093));
#1411 = CARTESIAN_POINT('',(-19.00159977937,-34.91431415975,
    93.314685962895));
#1412 = CARTESIAN_POINT('',(-19.23131286765,-34.78864122687,
    93.135472195024));
#1413 = CARTESIAN_POINT('',(-19.39072114424,-34.70038319119,
    93.023188909275));
#1414 = CARTESIAN_POINT('',(-19.55586533383,-34.60776578054,
    92.918645138215));
#1415 = CARTESIAN_POINT('',(-19.72610403784,-34.51097663383,
    92.822322741895));
#1416 = CARTESIAN_POINT('',(-19.90074193478,-34.410255023,
    92.734601842192));
#1417 = CARTESIAN_POINT('',(-20.31480504211,-34.16790633522,
    92.551509035867));
#1418 = CARTESIAN_POINT('',(-20.55681166098,-34.02365136659,
    92.462853757532));
#1419 = CARTESIAN_POINT('',(-20.80339392605,-33.87379969321,
    92.390370813622));
#1420 = CARTESIAN_POINT('',(-21.05280074867,-33.71917007399,
    92.334329851917));
#1421 = CARTESIAN_POINT('',(-21.30325039725,-33.56072647244,
    92.294687586877));
#1422 = CARTESIAN_POINT('',(-21.92339165872,-33.16054481178,
    92.236066978405));
#1423 = CARTESIAN_POINT('',(-22.29172190205,-32.91587652625,
    92.236375951552));
#1424 = CARTESIAN_POINT('',(-22.65422699578,-32.66790670872,
    92.270456256622));
#1425 = CARTESIAN_POINT('',(-23.00751263546,-32.4192072939,
    92.336438068366));
#1426 = CARTESIAN_POINT('',(-23.34857721698,-32.17252496768,
    92.43213770588));
#1427 = CARTESIAN_POINT('',(-23.87450373451,-31.78257982304,
    92.630299639588));
#1428 = CARTESIAN_POINT('',(-24.06887393325,-31.63614233466,
    92.715831316089));
#1429 = CARTESIAN_POINT('',(-24.25751398411,-31.49181483637,
    92.811204999534));
#1430 = CARTESIAN_POINT('',(-24.44005079884,-31.35008843537,
    92.916007694717));
#1431 = CARTESIAN_POINT('',(-24.61612588952,-31.21146778976,
    93.029855050617));
#1432 = CARTESIAN_POINT('',(-25.00252535247,-30.90329050526,
    93.309580308065));
#1433 = CARTESIAN_POINT('',(-25.20853255122,-30.73600864657,
    93.481125139924));
#1434 = CARTESIAN_POINT('',(-25.4026186388,-30.57575309712,
    93.666264022448));
#1435 = CARTESIAN_POINT('',(-25.58399939087,-30.42370484783,
    93.864278168178));
#1436 = CARTESIAN_POINT('',(-25.75186597923,-30.28109721437,
    94.074473472934));
#1437 = CARTESIAN_POINT('',(-25.97813495423,-30.08667833023,
    94.40129039487));
#1438 = CARTESIAN_POINT('',(-26.04767714458,-30.02655852072,
    94.508991359053));
#1439 = CARTESIAN_POINT('',(-26.11386581169,-29.96901146066,
    94.619162148325));
#1440 = CARTESIAN_POINT('',(-26.17659344998,-29.91418796293,
    94.731696397871));
#1441 = CARTESIAN_POINT('',(-26.2357556124,-29.86223538232,
    94.846484993561));
#1442 = CARTESIAN_POINT('',(-26.37307082889,-29.74114214415,
    95.1358194513));
#1443 = CARTESIAN_POINT('',(-26.44694515523,-29.67551597642,
    95.312937297263));
#1444 = CARTESIAN_POINT('',(-26.51245669975,-29.61695522137,
    95.494249390057));
#1445 = CARTESIAN_POINT('',(-26.56925808991,-29.56592751925,
    95.679216400324));
#1446 = CARTESIAN_POINT('',(-26.61706146111,-29.52282578085,
    95.867280429647));
#1447 = CARTESIAN_POINT('',(-26.68685411015,-29.4597367503,
    96.21216612701));
#1448 = CARTESIAN_POINT('',(-26.7120189165,-29.43691686815,
    96.368087471567));
#1449 = CARTESIAN_POINT('',(-26.73098501792,-29.41968062936,
    96.525233281268));
#1450 = CARTESIAN_POINT('',(-26.74366080863,-29.40814812014,
    96.683203518498));
#1451 = CARTESIAN_POINT('',(-26.75,-29.40238085597,96.841594671823));
#1452 = CARTESIAN_POINT('',(-26.75,-29.40238085597,97.229632188019));
#1453 = CARTESIAN_POINT('',(-26.73667812112,-29.414500385,
    97.459172981599));
#1454 = CARTESIAN_POINT('',(-26.71005603183,-29.43872256431,
    97.687432698711));
#1455 = CARTESIAN_POINT('',(-26.67033013936,-29.47478033918,
    97.913223880797));
#1456 = CARTESIAN_POINT('',(-26.61788306985,-29.52216682466,
    98.135380329264));
#1457 = CARTESIAN_POINT('',(-26.51809934015,-29.61173997474,
    98.471241347419));
#1458 = CARTESIAN_POINT('',(-26.47929089503,-29.64648680757,
    98.588318995751));
#1459 = CARTESIAN_POINT('',(-26.43694617693,-29.68428223801,
    98.703874070407));
#1460 = CARTESIAN_POINT('',(-26.3911496233,-29.72501230919,
    98.817774689721));
#1461 = CARTESIAN_POINT('',(-26.34199374527,-29.76855301916,
    98.929892106924));
#1462 = CARTESIAN_POINT('',(-26.23435519029,-29.8634647786,
    99.156216276341));
#1463 = CARTESIAN_POINT('',(-26.17551306949,-29.91513172757,
    99.270215414928));
#1464 = CARTESIAN_POINT('',(-26.11315263961,-29.96963022644,
    99.381988274324));
#1465 = CARTESIAN_POINT('',(-26.04737680853,-30.02681592474,
    99.49142768462));
#1466 = CARTESIAN_POINT('',(-25.97829151763,-30.08654106297,
    99.598429157578));
#1467 = CARTESIAN_POINT('',(-25.75449448145,-30.27884441466,
    99.921843066971));
#1468 = CARTESIAN_POINT('',(-25.58895658781,-30.41949894445,
    100.12959010307));
#1469 = CARTESIAN_POINT('',(-25.41022788657,-30.56937842214,
    100.32546959347));
#1470 = CARTESIAN_POINT('',(-25.21908849013,-30.72729407915,
    100.5088127836));
#1471 = CARTESIAN_POINT('',(-25.01629476788,-30.89210688388,
    100.67892799725));
#1472 = CARTESIAN_POINT('',(-24.62183194736,-31.20707305549,
    100.96719441988));
#1473 = CARTESIAN_POINT('',(-24.43320284236,-31.35562005623,
    101.08935453219));
#1474 = CARTESIAN_POINT('',(-24.23715262891,-31.507731591,
    101.20112672646));
#1475 = CARTESIAN_POINT('',(-24.03412347547,-31.6627859689,
    101.30203677127));
#1476 = CARTESIAN_POINT('',(-23.82457782382,-31.82017899545,
    101.39157270397));
#1477 = CARTESIAN_POINT('',(-23.35766919234,-32.16487818671,
    101.55967015477));
#1478 = CARTESIAN_POINT('',(-23.09798258029,-32.3529318436,
    101.63400282811));
#1479 = CARTESIAN_POINT('',(-22.83106988679,-32.54229656117,
    101.69113711415));
#1480 = CARTESIAN_POINT('',(-22.55816806794,-32.73180820512,
    101.73010247583));
#1481 = CARTESIAN_POINT('',(-22.28064199246,-32.92034372834,101.75));
#1482 = CARTESIAN_POINT('',(-22.,-33.1068346418,101.75));
#1483 = PCURVE('',#406,#1484);
#1484 = DEFINITIONAL_REPRESENTATION('',(#1485),#1563);
#1485 = B_SPLINE_CURVE_WITH_KNOTS('',6,(#1486,#1487,#1488,#1489,#1490,
    #1491,#1492,#1493,#1494,#1495,#1496,#1497,#1498,#1499,#1500,#1501,
    #1502,#1503,#1504,#1505,#1506,#1507,#1508,#1509,#1510,#1511,#1512,
    #1513,#1514,#1515,#1516,#1517,#1518,#1519,#1520,#1521,#1522,#1523,
    #1524,#1525,#1526,#1527,#1528,#1529,#1530,#1531,#1532,#1533,#1534,
    #1535,#1536,#1537,#1538,#1539,#1540,#1541,#1542,#1543,#1544,#1545,
    #1546,#1547,#1548,#1549,#1550,#1551,#1552,#1553,#1554,#1555,#1556,
    #1557,#1558,#1559,#1560,#1561,#1562),.UNSPECIFIED.,.F.,.F.,(7,5,5,5,
    5,5,5,5,5,5,5,5,5,5,5,7),(0.,2.911326208389E-02,8.728569581339E-02,
    0.164207976102,0.278298801969,0.34814423478,0.437742552419,
    0.480231039316,0.542876150791,0.593594563949,0.667118480854,
    0.707183769198,0.749396477689,0.837874474812,0.912728172684,1.),
  .UNSPECIFIED.);
#1486 = CARTESIAN_POINT('',(-4.224215137436,-12.93918725546));
#1487 = CARTESIAN_POINT('',(-4.222273414278,-12.87110291126));
#1488 = CARTESIAN_POINT('',(-4.220278143323,-12.8045392349));
#1489 = CARTESIAN_POINT('',(-4.218230374882,-12.73956837007));
#1490 = CARTESIAN_POINT('',(-4.216131344205,-12.67626092309));
#1491 = CARTESIAN_POINT('',(-4.213982471481,-12.61468596289));
#1492 = CARTESIAN_POINT('',(-4.207395224645,-12.43547219502));
#1493 = CARTESIAN_POINT('',(-4.202811383458,-12.32318890927));
#1494 = CARTESIAN_POINT('',(-4.19804816207,-12.21864513821));
#1495 = CARTESIAN_POINT('',(-4.193121757997,-12.12232274189));
#1496 = CARTESIAN_POINT('',(-4.188050121682,-12.03460184219));
#1497 = CARTESIAN_POINT('',(-4.175980386584,-11.85150903586));
#1498 = CARTESIAN_POINT('',(-4.16889284525,-11.76285375753));
#1499 = CARTESIAN_POINT('',(-4.161634259295,-11.69037081362));
#1500 = CARTESIAN_POINT('',(-4.154252268426,-11.63432985191));
#1501 = CARTESIAN_POINT('',(-4.14679696801,-11.59468758687));
#1502 = CARTESIAN_POINT('',(-4.12822962566,-11.5360669784));
#1503 = CARTESIAN_POINT('',(-4.117106391453,-11.53637595155));
#1504 = CARTESIAN_POINT('',(-4.106058804857,-11.57045625662));
#1505 = CARTESIAN_POINT('',(-4.095191148975,-11.63643806836));
#1506 = CARTESIAN_POINT('',(-4.084602599809,-11.73213770588));
#1507 = CARTESIAN_POINT('',(-4.068131701768,-11.93029963958));
#1508 = CARTESIAN_POINT('',(-4.062009637459,-12.01583131608));
#1509 = CARTESIAN_POINT('',(-4.056034543882,-12.11120499953));
#1510 = CARTESIAN_POINT('',(-4.050220975145,-12.21600769471));
#1511 = CARTESIAN_POINT('',(-4.044583502325,-12.32985505061));
#1512 = CARTESIAN_POINT('',(-4.032149674408,-12.60958030806));
#1513 = CARTESIAN_POINT('',(-4.025473913207,-12.78112513992));
#1514 = CARTESIAN_POINT('',(-4.019142211944,-12.96626402244));
#1515 = CARTESIAN_POINT('',(-4.013188194295,-13.16427816817));
#1516 = CARTESIAN_POINT('',(-4.007647053253,-13.37447347293));
#1517 = CARTESIAN_POINT('',(-4.000142083116,-13.70129039487));
#1518 = CARTESIAN_POINT('',(-3.997829473754,-13.80899135905));
#1519 = CARTESIAN_POINT('',(-3.995623008259,-13.91916214832));
#1520 = CARTESIAN_POINT('',(-3.993527196067,-14.03169639787));
#1521 = CARTESIAN_POINT('',(-3.991546440603,-14.14648499356));
#1522 = CARTESIAN_POINT('',(-3.986940602594,-14.4358194513));
#1523 = CARTESIAN_POINT('',(-3.984454731871,-14.61293729726));
#1524 = CARTESIAN_POINT('',(-3.982244180241,-14.79424939005));
#1525 = CARTESIAN_POINT('',(-3.980323282138,-14.97921640032));
#1526 = CARTESIAN_POINT('',(-3.978704024654,-15.16728042964));
#1527 = CARTESIAN_POINT('',(-3.976337206366,-15.51216612701));
#1528 = CARTESIAN_POINT('',(-3.975482596316,-15.66808747156));
#1529 = CARTESIAN_POINT('',(-3.974837863868,-15.82523328126));
#1530 = CARTESIAN_POINT('',(-3.974406745874,-15.98320351849));
#1531 = CARTESIAN_POINT('',(-3.974191145845,-16.14159467182));
#1532 = CARTESIAN_POINT('',(-3.974191145845,-16.52963218801));
#1533 = CARTESIAN_POINT('',(-3.974644223804,-16.75917298159));
#1534 = CARTESIAN_POINT('',(-3.975549693493,-16.98743269871));
#1535 = CARTESIAN_POINT('',(-3.976899373073,-17.21322388079));
#1536 = CARTESIAN_POINT('',(-3.978677568603,-17.43538032926));
#1537 = CARTESIAN_POINT('',(-3.982050903234,-17.77124134741));
#1538 = CARTESIAN_POINT('',(-3.983361359539,-17.88831899575));
#1539 = CARTESIAN_POINT('',(-3.984789252691,-18.0038740704));
#1540 = CARTESIAN_POINT('',(-3.986331093649,-18.11777468972));
#1541 = CARTESIAN_POINT('',(-3.987983078119,-18.22989210692));
#1542 = CARTESIAN_POINT('',(-3.991593320754,-18.45621627634));
#1543 = CARTESIAN_POINT('',(-3.993563285333,-18.57021541492));
#1544 = CARTESIAN_POINT('',(-3.995646761156,-18.68198827432));
#1545 = CARTESIAN_POINT('',(-3.997839424131,-18.79142768462));
#1546 = CARTESIAN_POINT('',(-4.000136845208,-18.89842915757));
#1547 = CARTESIAN_POINT('',(-4.007559963755,-19.22184306697));
#1548 = CARTESIAN_POINT('',(-4.013024648758,-19.42959010307));
#1549 = CARTESIAN_POINT('',(-4.018892494925,-19.62546959347));
#1550 = CARTESIAN_POINT('',(-4.025129566997,-19.8088127836));
#1551 = CARTESIAN_POINT('',(-4.031703428169,-19.97892799725));
#1552 = CARTESIAN_POINT('',(-4.044402339892,-20.26719441988));
#1553 = CARTESIAN_POINT('',(-4.050442410205,-20.38935453219));
#1554 = CARTESIAN_POINT('',(-4.056684679597,-20.50112672646));
#1555 = CARTESIAN_POINT('',(-4.063111190515,-20.60203677127));
#1556 = CARTESIAN_POINT('',(-4.069703980926,-20.69157270397));
#1557 = CARTESIAN_POINT('',(-4.084304307772,-20.85967015477));
#1558 = CARTESIAN_POINT('',(-4.092370042893,-20.93400282811));
#1559 = CARTESIAN_POINT('',(-4.100602485601,-20.99113711415));
#1560 = CARTESIAN_POINT('',(-4.108960326657,-21.03010247583));
#1561 = CARTESIAN_POINT('',(-4.117400365404,-21.05));
#1562 = CARTESIAN_POINT('',(-4.125877225107,-21.05));
#1563 = ( GEOMETRIC_REPRESENTATION_CONTEXT(2) 
PARAMETRIC_REPRESENTATION_CONTEXT() REPRESENTATION_CONTEXT('2D SPACE',''
  ) );
#1564 = PCURVE('',#1565,#1570);
#1565 = CYLINDRICAL_SURFACE('',#1566,4.75);
#1566 = AXIS2_PLACEMENT_3D('',#1567,#1568,#1569);
#1567 = CARTESIAN_POINT('',(-22.,-35.1068346418,97.));
#1568 = DIRECTION('',(0.,1.,0.));
#1569 = DIRECTION('',(0.,-0.,1.));
#1570 = DEFINITIONAL_REPRESENTATION('',(#1571),#1649);
#1571 = B_SPLINE_CURVE_WITH_KNOTS('',6,(#1572,#1573,#1574,#1575,#1576,
    #1577,#1578,#1579,#1580,#1581,#1582,#1583,#1584,#1585,#1586,#1587,
    #1588,#1589,#1590,#1591,#1592,#1593,#1594,#1595,#1596,#1597,#1598,
    #1599,#1600,#1601,#1602,#1603,#1604,#1605,#1606,#1607,#1608,#1609,
    #1610,#1611,#1612,#1613,#1614,#1615,#1616,#1617,#1618,#1619,#1620,
    #1621,#1622,#1623,#1624,#1625,#1626,#1627,#1628,#1629,#1630,#1631,
    #1632,#1633,#1634,#1635,#1636,#1637,#1638,#1639,#1640,#1641,#1642,
    #1643,#1644,#1645,#1646,#1647,#1648),.UNSPECIFIED.,.F.,.F.,(7,5,5,5,
    5,5,5,5,5,5,5,5,5,5,5,7),(0.,2.911326208389E-02,8.728569581339E-02,
    0.164207976102,0.278298801969,0.34814423478,0.437742552419,
    0.480231039316,0.542876150791,0.593594563949,0.667118480854,
    0.707183769198,0.749396477689,0.837874474812,0.912728172684,1.),
  .UNSPECIFIED.);
#1572 = CARTESIAN_POINT('',(2.356806670018,-6.E-07));
#1573 = CARTESIAN_POINT('',(2.377089786089,3.619952653905E-02));
#1574 = CARTESIAN_POINT('',(2.397414103593,7.355673194616E-02));
#1575 = CARTESIAN_POINT('',(2.417777108088,0.112067806723));
#1576 = CARTESIAN_POINT('',(2.438175725959,0.151725892505));
#1577 = CARTESIAN_POINT('',(2.458606324422,0.192520482057));
#1578 = CARTESIAN_POINT('',(2.519943475442,0.318193414934));
#1579 = CARTESIAN_POINT('',(2.560943595191,0.40645145061));
#1580 = CARTESIAN_POINT('',(2.602016563954,0.499068861259));
#1581 = CARTESIAN_POINT('',(2.64311998794,0.595858007972));
#1582 = CARTESIAN_POINT('',(2.684213725983,0.696579618799));
#1583 = CARTESIAN_POINT('',(2.779526881244,0.938928306587));
#1584 = CARTESIAN_POINT('',(2.833671483282,1.083183275209));
#1585 = CARTESIAN_POINT('',(2.887607963272,1.233034948597));
#1586 = CARTESIAN_POINT('',(2.941257034808,1.38766456781));
#1587 = CARTESIAN_POINT('',(2.994534686927,1.546108169365));
#1588 = CARTESIAN_POINT('',(3.125672737283,1.946289830027));
#1589 = CARTESIAN_POINT('',(3.202865692849,2.190958115554));
#1590 = CARTESIAN_POINT('',(3.279033599119,2.438927933082));
#1591 = CARTESIAN_POINT('',(3.354242194601,2.687627347903));
#1592 = CARTESIAN_POINT('',(3.428537690824,2.934309674127));
#1593 = CARTESIAN_POINT('',(3.546857760761,3.324254818764));
#1594 = CARTESIAN_POINT('',(3.591498808942,3.470692307139));
#1595 = CARTESIAN_POINT('',(3.635904756221,3.615019805432));
#1596 = CARTESIAN_POINT('',(3.680124373734,3.75674620643));
#1597 = CARTESIAN_POINT('',(3.724205361689,3.895366852039));
#1598 = CARTESIAN_POINT('',(3.824631217167,4.203544136542));
#1599 = CARTESIAN_POINT('',(3.880939407044,4.370825995231));
#1600 = CARTESIAN_POINT('',(3.937216563584,4.531081544686));
#1601 = CARTESIAN_POINT('',(3.99355621678,4.683129793974));
#1602 = CARTESIAN_POINT('',(4.050055787842,4.825737427435));
#1603 = CARTESIAN_POINT('',(4.133740183608,5.020156311569));
#1604 = CARTESIAN_POINT('',(4.160715951575,5.080276121083));
#1605 = CARTESIAN_POINT('',(4.187752461514,5.137823181147));
#1606 = CARTESIAN_POINT('',(4.214854255861,5.192646678874));
#1607 = CARTESIAN_POINT('',(4.242026568707,5.244599259481));
#1608 = CARTESIAN_POINT('',(4.309450853807,5.365692497655));
#1609 = CARTESIAN_POINT('',(4.349805765919,5.43131866538));
#1610 = CARTESIAN_POINT('',(4.390320352573,5.489879420435));
#1611 = CARTESIAN_POINT('',(4.430982369971,5.540907122557));
#1612 = CARTESIAN_POINT('',(4.471784329242,5.584008860955));
#1613 = CARTESIAN_POINT('',(4.545863618382,5.647097891502));
#1614 = CARTESIAN_POINT('',(4.579087797137,5.669917773649));
#1615 = CARTESIAN_POINT('',(4.612371340385,5.687154012441));
#1616 = CARTESIAN_POINT('',(4.64569497987,5.698686521663));
#1617 = CARTESIAN_POINT('',(4.679040490242,5.704453785829));
#1618 = CARTESIAN_POINT('',(4.760732598915,5.704453785829));
#1619 = CARTESIAN_POINT('',(4.809057023984,5.692334256807));
#1620 = CARTESIAN_POINT('',(4.857314953949,5.668112077495));
#1621 = CARTESIAN_POINT('',(4.905459307184,5.632054302624));
#1622 = CARTESIAN_POINT('',(4.953436799559,5.584667817144));
#1623 = CARTESIAN_POINT('',(5.027198988743,5.49509466706));
#1624 = CARTESIAN_POINT('',(5.053153004347,5.460347834232));
#1625 = CARTESIAN_POINT('',(5.079043540139,5.422552403792));
#1626 = CARTESIAN_POINT('',(5.104869792211,5.381822332614));
#1627 = CARTESIAN_POINT('',(5.130630181337,5.338281622639));
#1628 = CARTESIAN_POINT('',(5.183391574164,5.243369863208));
#1629 = CARTESIAN_POINT('',(5.210385588627,5.191702914237));
#1630 = CARTESIAN_POINT('',(5.237310143579,5.137204415367));
#1631 = CARTESIAN_POINT('',(5.264170307758,5.080018717063));
#1632 = CARTESIAN_POINT('',(5.290970471422,5.020293578836));
#1633 = CARTESIAN_POINT('',(5.373769609665,4.827990227139));
#1634 = CARTESIAN_POINT('',(5.429565428853,4.687335697358));
#1635 = CARTESIAN_POINT('',(5.48520377446,4.537456219659));
#1636 = CARTESIAN_POINT('',(5.540778413414,4.379540562656));
#1637 = CARTESIAN_POINT('',(5.596379379006,4.214727757922));
#1638 = CARTESIAN_POINT('',(5.69923574761,3.899761586317));
#1639 = CARTESIAN_POINT('',(5.746472328564,3.751214585576));
#1640 = CARTESIAN_POINT('',(5.793868576189,3.599103050801));
#1641 = CARTESIAN_POINT('',(5.841482801955,3.444048672907));
#1642 = CARTESIAN_POINT('',(5.889374750749,3.286655646353));
#1643 = CARTESIAN_POINT('',(5.99384766298,2.94195645509));
#1644 = CARTESIAN_POINT('',(6.050587248852,2.753902798199));
#1645 = CARTESIAN_POINT('',(6.107852176492,2.56453808063));
#1646 = CARTESIAN_POINT('',(6.165676136479,2.375026436681));
#1647 = CARTESIAN_POINT('',(6.22410278245,2.186490913463));
#1648 = CARTESIAN_POINT('',(6.28318530718,2.));
#1649 = ( GEOMETRIC_REPRESENTATION_CONTEXT(2) 
PARAMETRIC_REPRESENTATION_CONTEXT() REPRESENTATION_CONTEXT('2D SPACE',''
  ) );
#1650 = ORIENTED_EDGE('',*,*,#1651,.F.);
#1651 = EDGE_CURVE('',#1652,#1400,#1654,.T.);
#1652 = VERTEX_POINT('',#1653);
#1653 = CARTESIAN_POINT('',(-18.64330071185,-35.1068346418,100.360813873
    ));
#1654 = SURFACE_CURVE('',#1655,(#1659,#1665),.PCURVE_S1.);
#1655 = LINE('',#1656,#1657);
#1656 = CARTESIAN_POINT('',(-18.64330071185,-35.1068346418,80.7));
#1657 = VECTOR('',#1658,1.);
#1658 = DIRECTION('',(-0.,-0.,-1.));
#1659 = PCURVE('',#406,#1660);
#1660 = DEFINITIONAL_REPRESENTATION('',(#1661),#1664);
#1661 = B_SPLINE_CURVE_WITH_KNOTS('',1,(#1662,#1663),.UNSPECIFIED.,.F.,
  .F.,(2,2),(-22.,-10.6),.PIECEWISE_BEZIER_KNOTS.);
#1662 = CARTESIAN_POINT('',(-4.224215105253,-22.));
#1663 = CARTESIAN_POINT('',(-4.224215105253,-10.6));
#1664 = ( GEOMETRIC_REPRESENTATION_CONTEXT(2) 
PARAMETRIC_REPRESENTATION_CONTEXT() REPRESENTATION_CONTEXT('2D SPACE',''
  ) );
#1665 = PCURVE('',#1666,#1671);
#1666 = PLANE('',#1667);
#1667 = AXIS2_PLACEMENT_3D('',#1668,#1669,#1670);
#1668 = CARTESIAN_POINT('',(-22.,-35.1068346418,97.));
#1669 = DIRECTION('',(0.,1.,0.));
#1670 = DIRECTION('',(0.,-0.,1.));
#1671 = DEFINITIONAL_REPRESENTATION('',(#1672),#1675);
#1672 = B_SPLINE_CURVE_WITH_KNOTS('',1,(#1673,#1674),.UNSPECIFIED.,.F.,
  .F.,(2,2),(-22.,-10.6),.PIECEWISE_BEZIER_KNOTS.);
#1673 = CARTESIAN_POINT('',(5.7,3.356699288142));
#1674 = CARTESIAN_POINT('',(-5.7,3.356699288142));
#1675 = ( GEOMETRIC_REPRESENTATION_CONTEXT(2) 
PARAMETRIC_REPRESENTATION_CONTEXT() REPRESENTATION_CONTEXT('2D SPACE',''
  ) );
#1676 = ORIENTED_EDGE('',*,*,#1677,.F.);
#1677 = EDGE_CURVE('',#1402,#1652,#1678,.T.);
#1678 = SURFACE_CURVE('',#1679,(#1698,#1720),.PCURVE_S1.);
#1679 = B_SPLINE_CURVE_WITH_KNOTS('',5,(#1680,#1681,#1682,#1683,#1684,
    #1685,#1686,#1687,#1688,#1689,#1690,#1691,#1692,#1693,#1694,#1695,
    #1696,#1697),.UNSPECIFIED.,.F.,.F.,(6,4,4,4,6),(0.,0.178806072693,
    0.533898243066,0.846914912195,1.),.UNSPECIFIED.);
#1680 = CARTESIAN_POINT('',(-22.,-33.1068346418,101.75));
#1681 = CARTESIAN_POINT('',(-21.87064658376,-33.19279197321,101.75));
#1682 = CARTESIAN_POINT('',(-21.74065285739,-33.27826406931,
    101.74559675388));
#1683 = CARTESIAN_POINT('',(-21.61025220314,-33.36308965453,
    101.73670312805));
#1684 = CARTESIAN_POINT('',(-21.47968355067,-33.447116858,
    101.72325362176));
#1685 = CARTESIAN_POINT('',(-21.09004610043,-33.69520496053,
    101.66936023209));
#1686 = CARTESIAN_POINT('',(-20.83110135131,-33.85656070553,
    101.6153608381));
#1687 = CARTESIAN_POINT('',(-20.57469879829,-34.01287553983,
    101.54289829653));
#1688 = CARTESIAN_POINT('',(-20.32314540587,-34.16302858829,
    101.45220580879));
#1689 = CARTESIAN_POINT('',(-19.86310665376,-34.43227935835,
    101.24873265889));
#1690 = CARTESIAN_POINT('',(-19.6531466148,-34.55289199714,
    101.13988561536));
#1691 = CARTESIAN_POINT('',(-19.45027139392,-34.66736227358,
    101.0180912113));
#1692 = CARTESIAN_POINT('',(-19.255855892,-34.77526227184,
    100.88423242612));
#1693 = CARTESIAN_POINT('',(-18.98070925368,-34.92571809619,
    100.66872724802));
#1694 = CARTESIAN_POINT('',(-18.89263142906,-34.97350052835,
    100.59533663817));
#1695 = CARTESIAN_POINT('',(-18.80696923271,-35.01962343053,
    100.51946439406));
#1696 = CARTESIAN_POINT('',(-18.7238292564,-35.06407038321,
    100.44124388195));
#1697 = CARTESIAN_POINT('',(-18.64329958201,-35.1068352418,
    100.36081274454));
#1698 = PCURVE('',#406,#1699);
#1699 = DEFINITIONAL_REPRESENTATION('',(#1700),#1719);
#1700 = B_SPLINE_CURVE_WITH_KNOTS('',5,(#1701,#1702,#1703,#1704,#1705,
    #1706,#1707,#1708,#1709,#1710,#1711,#1712,#1713,#1714,#1715,#1716,
    #1717,#1718),.UNSPECIFIED.,.F.,.F.,(6,4,4,4,6),(0.,0.178806072693,
    0.533898243066,0.846914912195,1.),.UNSPECIFIED.);
#1701 = CARTESIAN_POINT('',(-4.125877225107,-21.05));
#1702 = CARTESIAN_POINT('',(-4.129784376535,-21.05));
#1703 = CARTESIAN_POINT('',(-4.133698187452,-21.04559675388));
#1704 = CARTESIAN_POINT('',(-4.137611649247,-21.03670312805));
#1705 = CARTESIAN_POINT('',(-4.141517763874,-21.02325362176));
#1706 = CARTESIAN_POINT('',(-4.153138255636,-20.96936023209));
#1707 = CARTESIAN_POINT('',(-4.160813447493,-20.9153608381));
#1708 = CARTESIAN_POINT('',(-4.168367549174,-20.84289829653));
#1709 = CARTESIAN_POINT('',(-4.175737317625,-20.75220580879));
#1710 = CARTESIAN_POINT('',(-4.189147128687,-20.54873265889));
#1711 = CARTESIAN_POINT('',(-4.195238440487,-20.43988561536));
#1712 = CARTESIAN_POINT('',(-4.20109839448,-20.3180912113));
#1713 = CARTESIAN_POINT('',(-4.206692011391,-20.18423242612));
#1714 = CARTESIAN_POINT('',(-4.214581226016,-19.96872724802));
#1715 = CARTESIAN_POINT('',(-4.217102070277,-19.89533663817));
#1716 = CARTESIAN_POINT('',(-4.219549600793,-19.81946439406));
#1717 = CARTESIAN_POINT('',(-4.221921291413,-19.74124388195));
#1718 = CARTESIAN_POINT('',(-4.224215137436,-19.66081274454));
#1719 = ( GEOMETRIC_REPRESENTATION_CONTEXT(2) 
PARAMETRIC_REPRESENTATION_CONTEXT() REPRESENTATION_CONTEXT('2D SPACE',''
  ) );
#1720 = PCURVE('',#1565,#1721);
#1721 = DEFINITIONAL_REPRESENTATION('',(#1722),#1741);
#1722 = B_SPLINE_CURVE_WITH_KNOTS('',5,(#1723,#1724,#1725,#1726,#1727,
    #1728,#1729,#1730,#1731,#1732,#1733,#1734,#1735,#1736,#1737,#1738,
    #1739,#1740),.UNSPECIFIED.,.F.,.F.,(6,4,4,4,6),(0.,0.178806072693,
    0.533898243066,0.846914912195,1.),.UNSPECIFIED.);
#1723 = CARTESIAN_POINT('',(0.,2.));
#1724 = CARTESIAN_POINT('',(2.72322981543E-02,1.914042668594));
#1725 = CARTESIAN_POINT('',(5.45993547849E-02,1.828570572489));
#1726 = CARTESIAN_POINT('',(8.209428587799E-02,1.743744987278));
#1727 = CARTESIAN_POINT('',(0.109711096059,1.659717783804));
#1728 = CARTESIAN_POINT('',(0.19252098482,1.411629681273));
#1729 = CARTESIAN_POINT('',(0.248079175697,1.250273936271));
#1730 = CARTESIAN_POINT('',(0.303987762756,1.093959101973));
#1731 = CARTESIAN_POINT('',(0.360143618016,0.943806053514));
#1732 = CARTESIAN_POINT('',(0.466044209287,0.674555283458));
#1733 = CARTESIAN_POINT('',(0.515737920725,0.553942644659));
#1734 = CARTESIAN_POINT('',(0.565424459868,0.439472368225));
#1735 = CARTESIAN_POINT('',(0.615023564157,0.33157236996));
#1736 = CARTESIAN_POINT('',(0.688601880355,0.181116545618));
#1737 = CARTESIAN_POINT('',(0.712726971002,0.133334113452));
#1738 = CARTESIAN_POINT('',(0.736803343237,8.72112112709E-02));
#1739 = CARTESIAN_POINT('',(0.760824614548,4.276425859775E-02));
#1740 = CARTESIAN_POINT('',(0.784785983572,-6.E-07));
#1741 = ( GEOMETRIC_REPRESENTATION_CONTEXT(2) 
PARAMETRIC_REPRESENTATION_CONTEXT() REPRESENTATION_CONTEXT('2D SPACE',''
  ) );
#1742 = FACE_BOUND('',#1743,.F.);
#1743 = EDGE_LOOP('',(#1744));
#1744 = ORIENTED_EDGE('',*,*,#1745,.F.);
#1745 = EDGE_CURVE('',#1746,#1746,#1748,.T.);
#1746 = VERTEX_POINT('',#1747);
#1747 = CARTESIAN_POINT('',(-1.16341445919E-15,-39.75,101.75));
#1748 = SURFACE_CURVE('',#1749,(#1824,#1902),.PCURVE_S1.);
#1749 = B_SPLINE_CURVE_WITH_KNOTS('',7,(#1750,#1751,#1752,#1753,#1754,
    #1755,#1756,#1757,#1758,#1759,#1760,#1761,#1762,#1763,#1764,#1765,
    #1766,#1767,#1768,#1769,#1770,#1771,#1772,#1773,#1774,#1775,#1776,
    #1777,#1778,#1779,#1780,#1781,#1782,#1783,#1784,#1785,#1786,#1787,
    #1788,#1789,#1790,#1791,#1792,#1793,#1794,#1795,#1796,#1797,#1798,
    #1799,#1800,#1801,#1802,#1803,#1804,#1805,#1806,#1807,#1808,#1809,
    #1810,#1811,#1812,#1813,#1814,#1815,#1816,#1817,#1818,#1819,#1820,
    #1821,#1822,#1823),.UNSPECIFIED.,.T.,.F.,(8,6,6,6,6,6,6,6,6,6,6,6,8)
  ,(0.,4.6625980967E-02,0.11901495569,0.178604229535,0.248935079248,
    0.380814636751,0.503121773734,0.620876298302,0.749877819827,
    0.822185467513,0.881511572213,0.953580849442,1.),.UNSPECIFIED.);
#1750 = CARTESIAN_POINT('',(-4.440892098501E-15,-39.75,101.75));
#1751 = CARTESIAN_POINT('',(0.240316658474,-39.75,101.75));
#1752 = CARTESIAN_POINT('',(0.480234817582,-39.74830499528,
    101.73581522221));
#1753 = CARTESIAN_POINT('',(0.718065468946,-39.74492496818,
    101.70753062462));
#1754 = CARTESIAN_POINT('',(0.952141291915,-39.73994133938,101.665561352
    ));
#1755 = CARTESIAN_POINT('',(1.180859819096,-39.73350379251,
    101.61064602278));
#1756 = CARTESIAN_POINT('',(1.402725773685,-39.72581766966,
    101.54384120811));
#1757 = CARTESIAN_POINT('',(1.948120096589,-39.70362141542,
    101.34646788218));
#1758 = CARTESIAN_POINT('',(2.25985593892,-39.68769663386,
    101.20114620399));
#1759 = CARTESIAN_POINT('',(2.550495065224,-39.67009076714,
    101.03433096007));
#1760 = CARTESIAN_POINT('',(2.819399068865,-39.65152884892,
    100.84946824503));
#1761 = CARTESIAN_POINT('',(3.06631529653,-39.63266063457,
    100.64972225866));
#1762 = CARTESIAN_POINT('',(3.291306150798,-39.61403148434,
    100.43801967315));
#1763 = CARTESIAN_POINT('',(3.662109250721,-39.5813049792,
    100.03522013128));
#1764 = CARTESIAN_POINT('',(3.815307839693,-39.56695158411,
    99.846642541815));
#1765 = CARTESIAN_POINT('',(3.954662765207,-39.55324100735,
    99.652458184076));
#1766 = CARTESIAN_POINT('',(4.080554034791,-39.54034990663,
    99.453586164796));
#1767 = CARTESIAN_POINT('',(4.193344506572,-39.5284184172,
    99.250789855742));
#1768 = CARTESIAN_POINT('',(4.293361154926,-39.51755689655,
    99.044705539317));
#1769 = CARTESIAN_POINT('',(4.484167023555,-39.49639915554,
    98.589392017822));
#1770 = CARTESIAN_POINT('',(4.570043761642,-39.48655800003,
    98.339080855102));
#1771 = CARTESIAN_POINT('',(4.638928603585,-39.47847436052,
    98.085882616563));
#1772 = CARTESIAN_POINT('',(4.691152961319,-39.47224993469,
    97.830595595479));
#1773 = CARTESIAN_POINT('',(4.726948897653,-39.46794874409,
    97.573915134598));
#1774 = CARTESIAN_POINT('',(4.746440418378,-39.46560291831,
    97.31647743292));
#1775 = CARTESIAN_POINT('',(4.755624581654,-39.46449760526,
    96.575918205978));
#1776 = CARTESIAN_POINT('',(4.70430187034,-39.47067311839,
    96.093223620649));
#1777 = CARTESIAN_POINT('',(4.596051296557,-39.48373642938,
    95.614409234583));
#1778 = CARTESIAN_POINT('',(4.429441147866,-39.50336253236,
    95.143301417197));
#1779 = CARTESIAN_POINT('',(4.201707214271,-39.52888278367,
    94.685128265528));
#1780 = CARTESIAN_POINT('',(3.90903196584,-39.55899133207,
    94.247243108815));
#1781 = CARTESIAN_POINT('',(3.2120208187,-39.62144376251,93.464500761827
    ));
#1782 = CARTESIAN_POINT('',(2.806575333696,-39.65443044221,
    93.103118161276));
#1783 = CARTESIAN_POINT('',(2.331087339228,-39.68785085996,
    92.780624542662));
#1784 = CARTESIAN_POINT('',(1.791595801718,-39.71789007044,
    92.517873330165));
#1785 = CARTESIAN_POINT('',(1.199407756335,-39.74011336671,
    92.332771832652));
#1786 = CARTESIAN_POINT('',(0.569708647816,-39.75120319095,
    92.239929790851));
#1787 = CARTESIAN_POINT('',(-0.702651642301,-39.74868931459,
    92.260969801675));
#1788 = CARTESIAN_POINT('',(-1.304584789849,-39.73606730793,
    92.366634407799));
#1789 = CARTESIAN_POINT('',(-1.868263434686,-39.71355109408,
    92.556003874526));
#1790 = CARTESIAN_POINT('',(-2.381217685557,-39.68428853595,
    92.815251703267));
#1791 = CARTESIAN_POINT('',(-2.834391824164,-39.65215472555,
    93.128267846515));
#1792 = CARTESIAN_POINT('',(-3.223072463541,-39.62045353146,
    93.476911740413));
#1793 = CARTESIAN_POINT('',(-3.902709005823,-39.55955787139,
    94.240142435342));
#1794 = CARTESIAN_POINT('',(-4.191484071119,-39.52993344452,
    94.669862064233));
#1795 = CARTESIAN_POINT('',(-4.417483422078,-39.50469986468,
    95.119375015211));
#1796 = CARTESIAN_POINT('',(-4.584325301811,-39.48511531893,
    95.581604495317));
#1797 = CARTESIAN_POINT('',(-4.694684989599,-39.47183212198,
    96.051514294642));
#1798 = CARTESIAN_POINT('',(-4.75,-39.46517452134,96.525436433526));
#1799 = CARTESIAN_POINT('',(-4.75,-39.46517452134,97.266001321249));
#1800 = CARTESIAN_POINT('',(-4.732621096436,-39.46726623896,
    97.53196942552));
#1801 = CARTESIAN_POINT('',(-4.697871424701,-39.47144866486,
    97.797220350181));
#1802 = CARTESIAN_POINT('',(-4.645625724941,-39.47768803917,
    98.061057783213));
#1803 = CARTESIAN_POINT('',(-4.575636014594,-39.4859163945,
    98.322722307075));
#1804 = CARTESIAN_POINT('',(-4.487541301295,-39.49602499464,
    98.581340094202));
#1805 = CARTESIAN_POINT('',(-4.293361154926,-39.51755689655,
    99.044705539317));
#1806 = CARTESIAN_POINT('',(-4.193344506572,-39.5284184172,
    99.250789855742));
#1807 = CARTESIAN_POINT('',(-4.080554034791,-39.54034990663,
    99.453586164796));
#1808 = CARTESIAN_POINT('',(-3.954662765207,-39.55324100735,
    99.652458184076));
#1809 = CARTESIAN_POINT('',(-3.815307839693,-39.56695158411,
    99.846642541815));
#1810 = CARTESIAN_POINT('',(-3.662109250721,-39.5813049792,
    100.03522013128));
#1811 = CARTESIAN_POINT('',(-3.291306150659,-39.61403148435,
    100.4380196733));
#1812 = CARTESIAN_POINT('',(-3.066315296507,-39.63266063457,
    100.64972225865));
#1813 = CARTESIAN_POINT('',(-2.81939906899,-39.65152884891,
    100.84946824491));
#1814 = CARTESIAN_POINT('',(-2.550495065365,-39.67009076713,
    101.03433096001));
#1815 = CARTESIAN_POINT('',(-2.259855938906,-39.68769663387,
    101.20114620403));
#1816 = CARTESIAN_POINT('',(-1.948120096397,-39.70362141543,
    101.34646788225));
#1817 = CARTESIAN_POINT('',(-1.402729972491,-39.72581749877,
    101.5438396886));
#1818 = CARTESIAN_POINT('',(-1.180863250026,-39.73350370515,
    101.610645313));
#1819 = CARTESIAN_POINT('',(-0.952140653365,-39.73994141571,
    101.66556201999));
#1820 = CARTESIAN_POINT('',(-0.718059656779,-39.7449251352,
    101.7075320235));
#1821 = CARTESIAN_POINT('',(-0.480225361839,-39.74830511603,
    101.73581623708));
#1822 = CARTESIAN_POINT('',(-0.240308065345,-39.75,101.75));
#1823 = CARTESIAN_POINT('',(-4.440892098501E-15,-39.75,101.75));
#1824 = PCURVE('',#406,#1825);
#1825 = DEFINITIONAL_REPRESENTATION('',(#1826),#1901);
#1826 = B_SPLINE_CURVE_WITH_KNOTS('',7,(#1827,#1828,#1829,#1830,#1831,
    #1832,#1833,#1834,#1835,#1836,#1837,#1838,#1839,#1840,#1841,#1842,
    #1843,#1844,#1845,#1846,#1847,#1848,#1849,#1850,#1851,#1852,#1853,
    #1854,#1855,#1856,#1857,#1858,#1859,#1860,#1861,#1862,#1863,#1864,
    #1865,#1866,#1867,#1868,#1869,#1870,#1871,#1872,#1873,#1874,#1875,
    #1876,#1877,#1878,#1879,#1880,#1881,#1882,#1883,#1884,#1885,#1886,
    #1887,#1888,#1889,#1890,#1891,#1892,#1893,#1894,#1895,#1896,#1897,
    #1898,#1899,#1900),.UNSPECIFIED.,.T.,.F.,(8,6,6,6,6,6,6,6,6,6,6,6,8)
  ,(0.,4.6625980967E-02,0.11901495569,0.178604229535,0.248935079248,
    0.380814636751,0.503121773734,0.620876298302,0.749877819827,
    0.822185467513,0.881511572213,0.953580849442,1.),.UNSPECIFIED.);
#1827 = CARTESIAN_POINT('',(-4.712388980385,-21.05));
#1828 = CARTESIAN_POINT('',(-4.718434682485,-21.05));
#1829 = CARTESIAN_POINT('',(-4.724470359652,-21.03581522221));
#1830 = CARTESIAN_POINT('',(-4.730453880853,-21.00753062462));
#1831 = CARTESIAN_POINT('',(-4.736343659384,-20.965561352));
#1832 = CARTESIAN_POINT('',(-4.742099664566,-20.91064602278));
#1833 = CARTESIAN_POINT('',(-4.747684444469,-20.84384120811));
#1834 = CARTESIAN_POINT('',(-4.761416414367,-20.64646788218));
#1835 = CARTESIAN_POINT('',(-4.769268628808,-20.50114620399));
#1836 = CARTESIAN_POINT('',(-4.776593223318,-20.33433096007));
#1837 = CARTESIAN_POINT('',(-4.783373833677,-20.14946824503));
#1838 = CARTESIAN_POINT('',(-4.789603466072,-19.94972225866));
#1839 = CARTESIAN_POINT('',(-4.795282898163,-19.73801967315));
#1840 = CARTESIAN_POINT('',(-4.804647539513,-19.33522013128));
#1841 = CARTESIAN_POINT('',(-4.808518415741,-19.14664254181));
#1842 = CARTESIAN_POINT('',(-4.812041070396,-18.95245818407));
#1843 = CARTESIAN_POINT('',(-4.815224671387,-18.75358616479));
#1844 = CARTESIAN_POINT('',(-4.818077983207,-18.55078985574));
#1845 = CARTESIAN_POINT('',(-4.82060891104,-18.34470553931));
#1846 = CARTESIAN_POINT('',(-4.825438479233,-17.88939201782));
#1847 = CARTESIAN_POINT('',(-4.827613026602,-17.6390808551));
#1848 = CARTESIAN_POINT('',(-4.829357860862,-17.38588261656));
#1849 = CARTESIAN_POINT('',(-4.830680979338,-17.13059559547));
#1850 = CARTESIAN_POINT('',(-4.831587986217,-16.87391513459));
#1851 = CARTESIAN_POINT('',(-4.832081875968,-16.61647743292));
#1852 = CARTESIAN_POINT('',(-4.832314591347,-15.87591820597));
#1853 = CARTESIAN_POINT('',(-4.831014141313,-15.39322362064));
#1854 = CARTESIAN_POINT('',(-4.828271094909,-14.91440923458));
#1855 = CARTESIAN_POINT('',(-4.824050689427,-14.44330141719));
#1856 = CARTESIAN_POINT('',(-4.81828585673,-13.98512826552));
#1857 = CARTESIAN_POINT('',(-4.810884738709,-13.54724310881));
#1858 = CARTESIAN_POINT('',(-4.793279620889,-12.76450076182));
#1859 = CARTESIAN_POINT('',(-4.783046380933,-12.40311816127));
#1860 = CARTESIAN_POINT('',(-4.771056090593,-12.08062454266));
#1861 = CARTESIAN_POINT('',(-4.757465934783,-11.81787333016));
#1862 = CARTESIAN_POINT('',(-4.742562216793,-11.63277183265));
#1863 = CARTESIAN_POINT('',(-4.726721303956,-11.53992979085));
#1864 = CARTESIAN_POINT('',(-4.694712177578,-11.56096980167));
#1865 = CARTESIAN_POINT('',(-4.679568602957,-11.66663440779));
#1866 = CARTESIAN_POINT('',(-4.665380620355,-11.85600387452));
#1867 = CARTESIAN_POINT('',(-4.65245765645,-12.11525170326));
#1868 = CARTESIAN_POINT('',(-4.641029479846,-12.42826784651));
#1869 = CARTESIAN_POINT('',(-4.631219197272,-12.77691174041));
#1870 = CARTESIAN_POINT('',(-4.614052927478,-13.54014243534));
#1871 = CARTESIAN_POINT('',(-4.606750622768,-13.96986206423));
#1872 = CARTESIAN_POINT('',(-4.601029960458,-14.41937501521));
#1873 = CARTESIAN_POINT('',(-4.596803890218,-14.88160449531));
#1874 = CARTESIAN_POINT('',(-4.594007504407,-15.35151429464));
#1875 = CARTESIAN_POINT('',(-4.592605889385,-15.82543643352));
#1876 = CARTESIAN_POINT('',(-4.592605889385,-16.56600132124));
#1877 = CARTESIAN_POINT('',(-4.593046249963,-16.83196942552));
#1878 = CARTESIAN_POINT('',(-4.5939267645,-17.09722035018));
#1879 = CARTESIAN_POINT('',(-4.595250460957,-17.36105778321));
#1880 = CARTESIAN_POINT('',(-4.597023328066,-17.62272230707));
#1881 = CARTESIAN_POINT('',(-4.599254073763,-17.8813400942));
#1882 = CARTESIAN_POINT('',(-4.60416904973,-18.34470553931));
#1883 = CARTESIAN_POINT('',(-4.606699977563,-18.55078985574));
#1884 = CARTESIAN_POINT('',(-4.609553289382,-18.75358616479));
#1885 = CARTESIAN_POINT('',(-4.612736890373,-18.95245818407));
#1886 = CARTESIAN_POINT('',(-4.616259545028,-19.14664254181));
#1887 = CARTESIAN_POINT('',(-4.620130421257,-19.33522013128));
#1888 = CARTESIAN_POINT('',(-4.62949506261,-19.7380196733));
#1889 = CARTESIAN_POINT('',(-4.635174494698,-19.94972225865));
#1890 = CARTESIAN_POINT('',(-4.64140412709,-20.14946824491));
#1891 = CARTESIAN_POINT('',(-4.648184737448,-20.33433096001));
#1892 = CARTESIAN_POINT('',(-4.655509331961,-20.50114620403));
#1893 = CARTESIAN_POINT('',(-4.663361546407,-20.64646788225));
#1894 = CARTESIAN_POINT('',(-4.677093410583,-20.8438396886));
#1895 = CARTESIAN_POINT('',(-4.682678209877,-20.910645313));
#1896 = CARTESIAN_POINT('',(-4.688434317494,-20.96556201999));
#1897 = CARTESIAN_POINT('',(-4.694324226173,-21.0075320235));
#1898 = CARTESIAN_POINT('',(-4.700307839002,-21.03581623708));
#1899 = CARTESIAN_POINT('',(-4.706343494464,-21.05));
#1900 = CARTESIAN_POINT('',(-4.712388980385,-21.05));
#1901 = ( GEOMETRIC_REPRESENTATION_CONTEXT(2) 
PARAMETRIC_REPRESENTATION_CONTEXT() REPRESENTATION_CONTEXT('2D SPACE',''
  ) );
#1902 = PCURVE('',#1903,#1908);
#1903 = CYLINDRICAL_SURFACE('',#1904,4.75);
#1904 = AXIS2_PLACEMENT_3D('',#1905,#1906,#1907);
#1905 = CARTESIAN_POINT('',(0.,-41.75,97.));
#1906 = DIRECTION('',(0.,1.,0.));
#1907 = DIRECTION('',(0.,-0.,1.));
#1908 = DEFINITIONAL_REPRESENTATION('',(#1909),#1984);
#1909 = B_SPLINE_CURVE_WITH_KNOTS('',7,(#1910,#1911,#1912,#1913,#1914,
    #1915,#1916,#1917,#1918,#1919,#1920,#1921,#1922,#1923,#1924,#1925,
    #1926,#1927,#1928,#1929,#1930,#1931,#1932,#1933,#1934,#1935,#1936,
    #1937,#1938,#1939,#1940,#1941,#1942,#1943,#1944,#1945,#1946,#1947,
    #1948,#1949,#1950,#1951,#1952,#1953,#1954,#1955,#1956,#1957,#1958,
    #1959,#1960,#1961,#1962,#1963,#1964,#1965,#1966,#1967,#1968,#1969,
    #1970,#1971,#1972,#1973,#1974,#1975,#1976,#1977,#1978,#1979,#1980,
    #1981,#1982,#1983),.UNSPECIFIED.,.F.,.F.,(8,6,6,6,6,6,6,6,6,6,6,6,8)
  ,(0.,4.6625980967E-02,0.11901495569,0.178604229535,0.248935079248,
    0.380814636751,0.503121773734,0.620876298302,0.749877819827,
    0.822185467513,0.881511572213,0.953580849442,1.),.UNSPECIFIED.);
#1910 = CARTESIAN_POINT('',(0.,2.));
#1911 = CARTESIAN_POINT('',(5.059298073139E-02,2.));
#1912 = CARTESIAN_POINT('',(0.10110206371,2.001695004718));
#1913 = CARTESIAN_POINT('',(0.151383205813,2.005075031819));
#1914 = CARTESIAN_POINT('',(0.201293689548,2.010058660616));
#1915 = CARTESIAN_POINT('',(0.250684247535,2.016496207489));
#1916 = CARTESIAN_POINT('',(0.299391208058,2.024182330339));
#1917 = CARTESIAN_POINT('',(0.421498503367,2.046378584573));
#1918 = CARTESIAN_POINT('',(0.493621398998,2.062303366131));
#1919 = CARTESIAN_POINT('',(0.563776345787,2.079909232853));
#1920 = CARTESIAN_POINT('',(0.632086956893,2.098471151079));
#1921 = CARTESIAN_POINT('',(0.698644446314,2.117339365429));
#1922 = CARTESIAN_POINT('',(0.763515482231,2.135968515654));
#1923 = CARTESIAN_POINT('',(0.878775979166,2.168695020794));
#1924 = CARTESIAN_POINT('',(0.929828753078,2.183048415888));
#1925 = CARTESIAN_POINT('',(0.980005586286,2.196758992648));
#1926 = CARTESIAN_POINT('',(1.029410381167,2.209650093361));
#1927 = CARTESIAN_POINT('',(1.078141387288,2.221581582791));
#1928 = CARTESIAN_POINT('',(1.126294001919,2.232443103446));
#1929 = CARTESIAN_POINT('',(1.230226066319,2.253600844457));
#1930 = CARTESIAN_POINT('',(1.285815855407,2.263441999967));
#1931 = CARTESIAN_POINT('',(1.340873986094,2.271525639471));
#1932 = CARTESIAN_POINT('',(1.395533046043,2.277750065304));
#1933 = CARTESIAN_POINT('',(1.449920997269,2.282051255905));
#1934 = CARTESIAN_POINT('',(1.504165011105,2.284397081681));
#1935 = CARTESIAN_POINT('',(1.66008420567,2.285502394735));
#1936 = CARTESIAN_POINT('',(1.76156214044,2.279326881609));
#1937 = CARTESIAN_POINT('',(1.863793168682,2.26626357062));
#1938 = CARTESIAN_POINT('',(1.967649636408,2.246637467638));
#1939 = CARTESIAN_POINT('',(2.074019059954,2.221117216326));
#1940 = CARTESIAN_POINT('',(2.183842132214,2.191008667926));
#1941 = CARTESIAN_POINT('',(2.404494413384,2.128556237486));
#1942 = CARTESIAN_POINT('',(2.518077655655,2.095569557782));
#1943 = CARTESIAN_POINT('',(2.637306251591,2.062149140036));
#1944 = CARTESIAN_POINT('',(2.76124608762,2.032109929557));
#1945 = CARTESIAN_POINT('',(2.889409173666,2.009886633283));
#1946 = CARTESIAN_POINT('',(3.021636086628,1.998796809046));
#1947 = CARTESIAN_POINT('',(3.289538031721,2.001310685402));
#1948 = CARTESIAN_POINT('',(3.416611341725,2.013932692067));
#1949 = CARTESIAN_POINT('',(3.539629515413,2.036448905911));
#1950 = CARTESIAN_POINT('',(3.658528116019,2.065711464047));
#1951 = CARTESIAN_POINT('',(3.772956418246,2.097845274446));
#1952 = CARTESIAN_POINT('',(3.882189504477,2.129546468537));
#1953 = CARTESIAN_POINT('',(4.097341520391,2.190442128607));
#1954 = CARTESIAN_POINT('',(4.205334691828,2.220066555479));
#1955 = CARTESIAN_POINT('',(4.309973521449,2.245300135317));
#1956 = CARTESIAN_POINT('',(4.412149998049,2.264884681063));
#1957 = CARTESIAN_POINT('',(4.512707915389,2.278167878015));
#1958 = CARTESIAN_POINT('',(4.612480861127,2.284825478658));
#1959 = CARTESIAN_POINT('',(4.768389258542,2.284825478658));
#1960 = CARTESIAN_POINT('',(4.82438257978,2.282733761038));
#1961 = CARTESIAN_POINT('',(4.880511600586,2.27855133514));
#1962 = CARTESIAN_POINT('',(4.936916693662,2.272311960823));
#1963 = CARTESIAN_POINT('',(4.993738274101,2.264083605494));
#1964 = CARTESIAN_POINT('',(5.05112126987,2.253975005352));
#1965 = CARTESIAN_POINT('',(5.156891305261,2.232443103446));
#1966 = CARTESIAN_POINT('',(5.205043919891,2.221581582791));
#1967 = CARTESIAN_POINT('',(5.253774926012,2.209650093361));
#1968 = CARTESIAN_POINT('',(5.303179720894,2.196758992648));
#1969 = CARTESIAN_POINT('',(5.353356554102,2.183048415888));
#1970 = CARTESIAN_POINT('',(5.404409328014,2.168695020794));
#1971 = CARTESIAN_POINT('',(5.519669824992,2.135968515642));
#1972 = CARTESIAN_POINT('',(5.584540860867,2.117339365429));
#1973 = CARTESIAN_POINT('',(5.651098350252,2.09847115109));
#1974 = CARTESIAN_POINT('',(5.719408961361,2.079909232861));
#1975 = CARTESIAN_POINT('',(5.789563908187,2.062303366126));
#1976 = CARTESIAN_POINT('',(5.861686803855,2.046378584565));
#1977 = CARTESIAN_POINT('',(5.983793159059,2.024182501221));
#1978 = CARTESIAN_POINT('',(6.032500329511,2.016496294844));
#1979 = CARTESIAN_POINT('',(6.081891781425,2.010058584282));
#1980 = CARTESIAN_POINT('',(6.131803347766,2.0050748648));
#1981 = CARTESIAN_POINT('',(6.182085234059,2.00169488397));
#1982 = CARTESIAN_POINT('',(6.232594135528,2.));
#1983 = CARTESIAN_POINT('',(6.28318530718,2.));
#1984 = ( GEOMETRIC_REPRESENTATION_CONTEXT(2) 
PARAMETRIC_REPRESENTATION_CONTEXT() REPRESENTATION_CONTEXT('2D SPACE',''
  ) );
#1985 = FACE_BOUND('',#1986,.F.);
#1986 = EDGE_LOOP('',(#1987,#2062,#2088));
#1987 = ORIENTED_EDGE('',*,*,#1988,.F.);
#1988 = EDGE_CURVE('',#1989,#1991,#1993,.T.);
#1989 = VERTEX_POINT('',#1990);
#1990 = CARTESIAN_POINT('',(18.643300711858,-35.1068346418,100.360813873
    ));
#1991 = VERTEX_POINT('',#1992);
#1992 = CARTESIAN_POINT('',(22.,-33.1068346418,101.75));
#1993 = SURFACE_CURVE('',#1994,(#2013,#2035),.PCURVE_S1.);
#1994 = B_SPLINE_CURVE_WITH_KNOTS('',5,(#1995,#1996,#1997,#1998,#1999,
    #2000,#2001,#2002,#2003,#2004,#2005,#2006,#2007,#2008,#2009,#2010,
    #2011,#2012),.UNSPECIFIED.,.F.,.F.,(6,4,4,4,6),(0.,0.15297854418,
    0.46621617278,0.821194205115,1.),.UNSPECIFIED.);
#1995 = CARTESIAN_POINT('',(18.64329958201,-35.1068352418,
    100.36081274454));
#1996 = CARTESIAN_POINT('',(18.723773533001,-35.06409997482,
    100.44118822674));
#1997 = CARTESIAN_POINT('',(18.806854137497,-35.01968496027,
    100.51935610612));
#1998 = CARTESIAN_POINT('',(18.892453550862,-34.97359630201,
    100.59517908018));
#1999 = CARTESIAN_POINT('',(18.980465416577,-34.92585037766,
    100.66852405875));
#2000 = CARTESIAN_POINT('',(19.255661288353,-34.77537083701,
    100.88410493565));
#2001 = CARTESIAN_POINT('',(19.450209644344,-34.66739844767,
    101.01806684241));
#2002 = CARTESIAN_POINT('',(19.653230028427,-34.55284638197,
    101.13994732497));
#2003 = CARTESIAN_POINT('',(19.863344848433,-34.43214331646,
    101.24886169907));
#2004 = CARTESIAN_POINT('',(20.323476491093,-34.16283098741,
    101.45232535531));
#2005 = CARTESIAN_POINT('',(20.574951967866,-34.01272119206,
    101.54296970311));
#2006 = CARTESIAN_POINT('',(20.831270255722,-33.8564554032,101.615395853
    ));
#2007 = CARTESIAN_POINT('',(21.090128987247,-33.69515218523,
    101.66937169672));
#2008 = CARTESIAN_POINT('',(21.479683554856,-33.44711685533,
    101.72325362234));
#2009 = CARTESIAN_POINT('',(21.610252199676,-33.36308965681,
    101.73670312796));
#2010 = CARTESIAN_POINT('',(21.740652853903,-33.27826407155,
    101.74559675349));
#2011 = CARTESIAN_POINT('',(21.870646587907,-33.19279197046,101.75));
#2012 = CARTESIAN_POINT('',(22.,-33.1068346418,101.75));
#2013 = PCURVE('',#406,#2014);
#2014 = DEFINITIONAL_REPRESENTATION('',(#2015),#2034);
#2015 = B_SPLINE_CURVE_WITH_KNOTS('',5,(#2016,#2017,#2018,#2019,#2020,
    #2021,#2022,#2023,#2024,#2025,#2026,#2027,#2028,#2029,#2030,#2031,
    #2032,#2033),.UNSPECIFIED.,.F.,.F.,(6,4,4,4,6),(0.,0.15297854418,
    0.46621617278,0.821194205115,1.),.UNSPECIFIED.);
#2016 = CARTESIAN_POINT('',(-5.200562823334,-19.66081274454));
#2017 = CARTESIAN_POINT('',(-5.202855082104,-19.74118822674));
#2018 = CARTESIAN_POINT('',(-5.205225076722,-19.81935610612));
#2019 = CARTESIAN_POINT('',(-5.207670808187,-19.89517908018));
#2020 = CARTESIAN_POINT('',(-5.210189755987,-19.96852405875));
#2021 = CARTESIAN_POINT('',(-5.218080343581,-20.18410493565));
#2022 = CARTESIAN_POINT('',(-5.223677766392,-20.31806684241));
#2023 = CARTESIAN_POINT('',(-5.229541911578,-20.43994732497));
#2024 = CARTESIAN_POINT('',(-5.235637732489,-20.54886169907));
#2025 = CARTESIAN_POINT('',(-5.249050342641,-20.75232535531));
#2026 = CARTESIAN_POINT('',(-5.25641787054,-20.84296970311));
#2027 = CARTESIAN_POINT('',(-5.263969520319,-20.915395853));
#2028 = CARTESIAN_POINT('',(-5.271642177137,-20.96937169672));
#2029 = CARTESIAN_POINT('',(-5.28326019702,-21.02325362234));
#2030 = CARTESIAN_POINT('',(-5.287166311418,-21.03670312796));
#2031 = CARTESIAN_POINT('',(-5.291079773213,-21.04559675349));
#2032 = CARTESIAN_POINT('',(-5.29499358436,-21.05));
#2033 = CARTESIAN_POINT('',(-5.298900735662,-21.05));
#2034 = ( GEOMETRIC_REPRESENTATION_CONTEXT(2) 
PARAMETRIC_REPRESENTATION_CONTEXT() REPRESENTATION_CONTEXT('2D SPACE',''
  ) );
#2035 = PCURVE('',#2036,#2041);
#2036 = CYLINDRICAL_SURFACE('',#2037,4.75);
#2037 = AXIS2_PLACEMENT_3D('',#2038,#2039,#2040);
#2038 = CARTESIAN_POINT('',(22.,-35.1068346418,97.));
#2039 = DIRECTION('',(0.,1.,0.));
#2040 = DIRECTION('',(0.,-0.,1.));
#2041 = DEFINITIONAL_REPRESENTATION('',(#2042),#2061);
#2042 = B_SPLINE_CURVE_WITH_KNOTS('',5,(#2043,#2044,#2045,#2046,#2047,
    #2048,#2049,#2050,#2051,#2052,#2053,#2054,#2055,#2056,#2057,#2058,
    #2059,#2060),.UNSPECIFIED.,.F.,.F.,(6,4,4,4,6),(0.,0.15297854418,
    0.46621617278,0.821194205115,1.),.UNSPECIFIED.);
#2043 = CARTESIAN_POINT('',(5.498399323608,-6.E-07));
#2044 = CARTESIAN_POINT('',(5.522344112297,4.273466697986E-02));
#2045 = CARTESIAN_POINT('',(5.546348709696,8.714968153187E-02));
#2046 = CARTESIAN_POINT('',(5.570408340278,0.133238339793));
#2047 = CARTESIAN_POINT('',(5.594516636437,0.180984264139));
#2048 = CARTESIAN_POINT('',(5.668112939586,0.331463804791));
#2049 = CARTESIAN_POINT('',(5.71774719404,0.43943619413));
#2050 = CARTESIAN_POINT('',(5.767468984327,0.553988259834));
#2051 = CARTESIAN_POINT('',(5.817197947103,0.67469132534));
#2052 = CARTESIAN_POINT('',(5.923115615017,0.944003654389));
#2053 = CARTESIAN_POINT('',(5.979252733513,1.094113449745));
#2054 = CARTESIAN_POINT('',(6.035142365938,1.250379238601));
#2055 = CARTESIAN_POINT('',(6.090681938345,1.41168245657));
#2056 = CARTESIAN_POINT('',(6.17347421201,1.659717786469));
#2057 = CARTESIAN_POINT('',(6.201091020571,1.743744984995));
#2058 = CARTESIAN_POINT('',(6.228585951655,1.82857057025));
#2059 = CARTESIAN_POINT('',(6.255953009897,1.914042671345));
#2060 = CARTESIAN_POINT('',(6.28318530718,2.));
#2061 = ( GEOMETRIC_REPRESENTATION_CONTEXT(2) 
PARAMETRIC_REPRESENTATION_CONTEXT() REPRESENTATION_CONTEXT('2D SPACE',''
  ) );
#2062 = ORIENTED_EDGE('',*,*,#2063,.T.);
#2063 = EDGE_CURVE('',#1989,#2064,#2066,.T.);
#2064 = VERTEX_POINT('',#2065);
#2065 = CARTESIAN_POINT('',(18.643300711858,-35.1068346418,
    93.639186126994));
#2066 = SURFACE_CURVE('',#2067,(#2071,#2077),.PCURVE_S1.);
#2067 = LINE('',#2068,#2069);
#2068 = CARTESIAN_POINT('',(18.643300711858,-35.1068346418,80.7));
#2069 = VECTOR('',#2070,1.);
#2070 = DIRECTION('',(-0.,-0.,-1.));
#2071 = PCURVE('',#406,#2072);
#2072 = DEFINITIONAL_REPRESENTATION('',(#2073),#2076);
#2073 = B_SPLINE_CURVE_WITH_KNOTS('',1,(#2074,#2075),.UNSPECIFIED.,.F.,
  .F.,(2,2),(-22.,-10.6),.PIECEWISE_BEZIER_KNOTS.);
#2074 = CARTESIAN_POINT('',(-5.200562855517,-22.));
#2075 = CARTESIAN_POINT('',(-5.200562855517,-10.6));
#2076 = ( GEOMETRIC_REPRESENTATION_CONTEXT(2) 
PARAMETRIC_REPRESENTATION_CONTEXT() REPRESENTATION_CONTEXT('2D SPACE',''
  ) );
#2077 = PCURVE('',#2078,#2083);
#2078 = PLANE('',#2079);
#2079 = AXIS2_PLACEMENT_3D('',#2080,#2081,#2082);
#2080 = CARTESIAN_POINT('',(22.,-35.1068346418,97.));
#2081 = DIRECTION('',(0.,1.,0.));
#2082 = DIRECTION('',(0.,-0.,1.));
#2083 = DEFINITIONAL_REPRESENTATION('',(#2084),#2087);
#2084 = B_SPLINE_CURVE_WITH_KNOTS('',1,(#2085,#2086),.UNSPECIFIED.,.F.,
  .F.,(2,2),(-22.,-10.6),.PIECEWISE_BEZIER_KNOTS.);
#2085 = CARTESIAN_POINT('',(5.7,-3.356699288142));
#2086 = CARTESIAN_POINT('',(-5.7,-3.356699288142));
#2087 = ( GEOMETRIC_REPRESENTATION_CONTEXT(2) 
PARAMETRIC_REPRESENTATION_CONTEXT() REPRESENTATION_CONTEXT('2D SPACE',''
  ) );
#2088 = ORIENTED_EDGE('',*,*,#2089,.F.);
#2089 = EDGE_CURVE('',#1991,#2064,#2090,.T.);
#2090 = SURFACE_CURVE('',#2091,(#2159,#2230),.PCURVE_S1.);
#2091 = B_SPLINE_CURVE_WITH_KNOTS('',6,(#2092,#2093,#2094,#2095,#2096,
    #2097,#2098,#2099,#2100,#2101,#2102,#2103,#2104,#2105,#2106,#2107,
    #2108,#2109,#2110,#2111,#2112,#2113,#2114,#2115,#2116,#2117,#2118,
    #2119,#2120,#2121,#2122,#2123,#2124,#2125,#2126,#2127,#2128,#2129,
    #2130,#2131,#2132,#2133,#2134,#2135,#2136,#2137,#2138,#2139,#2140,
    #2141,#2142,#2143,#2144,#2145,#2146,#2147,#2148,#2149,#2150,#2151,
    #2152,#2153,#2154,#2155,#2156,#2157,#2158),.UNSPECIFIED.,.F.,.F.,(7,
    5,5,5,5,5,5,5,5,5,5,5,5,7),(0.,8.724560179288E-02,0.160889983882,
    0.250461852709,0.292937723748,0.331795141999,0.406277097898,
    0.481113573083,0.562055327543,0.65055931056,0.719472272076,
    0.835733487136,0.913799116051,1.),.UNSPECIFIED.);
#2092 = CARTESIAN_POINT('',(22.,-33.1068346418,101.75));
#2093 = CARTESIAN_POINT('',(22.28064220064,-32.92034359,101.75));
#2094 = CARTESIAN_POINT('',(22.55816817385,-32.73180812918,
    101.73010244586));
#2095 = CARTESIAN_POINT('',(22.831069749254,-32.54229665118,
    101.69113710781));
#2096 = CARTESIAN_POINT('',(23.097982229835,-32.35293209085,
    101.63400290163));
#2097 = CARTESIAN_POINT('',(23.357668831254,-32.16487845329,
    101.55967028477));
#2098 = CARTESIAN_POINT('',(23.821159148264,-31.82270286119,
    101.3928035029));
#2099 = CARTESIAN_POINT('',(24.027478067115,-31.6677767724,
    101.30487276747));
#2100 = CARTESIAN_POINT('',(24.227494006717,-31.51510597257,
    101.20591646665));
#2101 = CARTESIAN_POINT('',(24.42076456324,-31.36526695357,
    101.09642355149));
#2102 = CARTESIAN_POINT('',(24.606866731262,-31.2188525367,
    100.97684791012));
#2103 = CARTESIAN_POINT('',(25.002525355663,-30.90329050272,
    100.69041968962));
#2104 = CARTESIAN_POINT('',(25.208532547244,-30.73600864984,
    100.51887486395));
#2105 = CARTESIAN_POINT('',(25.402618638196,-30.57575309755,
    100.33373597738));
#2106 = CARTESIAN_POINT('',(25.583999394585,-30.42370484476,
    100.13572182785));
#2107 = CARTESIAN_POINT('',(25.751865977393,-30.28109721595,
    99.925526529728));
#2108 = CARTESIAN_POINT('',(25.978134829086,-30.08667843777,
    99.598709785896));
#2109 = CARTESIAN_POINT('',(26.047676987952,-30.02655835957,
    99.491008602778));
#2110 = CARTESIAN_POINT('',(26.113866082411,-29.96901122409,
    99.38083742765));
#2111 = CARTESIAN_POINT('',(26.176594043545,-29.91418774053,
    99.268302881657));
#2112 = CARTESIAN_POINT('',(26.235755927508,-29.86223510444,
    99.153514342486));
#2113 = CARTESIAN_POINT('',(26.342016457807,-29.76852785165,
    98.929614663353));
#2114 = CARTESIAN_POINT('',(26.389713613427,-29.7262808194,
    98.820851748625));
#2115 = CARTESIAN_POINT('',(26.434249842255,-29.68667796512,
    98.710409632789));
#2116 = CARTESIAN_POINT('',(26.475540701342,-29.64983252601,
    98.598405524127));
#2117 = CARTESIAN_POINT('',(26.513508844923,-29.61584891234,
    98.484959406599));
#2118 = CARTESIAN_POINT('',(26.614357778837,-29.52535163278,
    98.150211617688));
#2119 = CARTESIAN_POINT('',(26.668193879413,-29.47671932204,
    97.925283958261));
#2120 = CARTESIAN_POINT('',(26.708981909818,-29.43969987351,
    97.696578861395));
#2121 = CARTESIAN_POINT('',(26.736319510251,-29.41482660057,
    97.465307129453));
#2122 = CARTESIAN_POINT('',(26.75,-29.40238085597,97.232702236922));
#2123 = CARTESIAN_POINT('',(26.75,-29.40238085597,96.766190146743));
#2124 = CARTESIAN_POINT('',(26.73618896065,-29.41494535622,
    96.532479936443));
#2125 = CARTESIAN_POINT('',(26.708590922407,-29.44005562133,
    96.300122056803));
#2126 = CARTESIAN_POINT('',(26.667416367253,-29.47742500281,
    96.070366814034));
#2127 = CARTESIAN_POINT('',(26.613074936957,-29.52651042462,
    95.844441320238));
#2128 = CARTESIAN_POINT('',(26.473844634838,-29.65143330548,
    95.384593635094));
#2129 = CARTESIAN_POINT('',(26.386842366763,-29.72911190041,
    95.151577235528));
#2130 = CARTESIAN_POINT('',(26.285818479413,-29.81870111141,
    94.925427624295));
#2131 = CARTESIAN_POINT('',(26.171468979253,-29.91921979441,
    94.707062363109));
#2132 = CARTESIAN_POINT('',(26.044571114348,-30.02958861706,
    94.497352912877));
#2133 = CARTESIAN_POINT('',(25.754494479652,-30.27884441621,
    94.078156930423));
#2134 = CARTESIAN_POINT('',(25.588956591345,-30.41949894152,
    93.870409900726));
#2135 = CARTESIAN_POINT('',(25.410227886126,-30.56937842245,
    93.674530406795));
#2136 = CARTESIAN_POINT('',(25.219088486387,-30.72729408222,
    93.491187212713));
#2137 = CARTESIAN_POINT('',(25.016294770648,-30.89210688168,
    93.321072004759));
#2138 = CARTESIAN_POINT('',(24.636228300253,-31.19557801991,
    93.043326179089));
#2139 = CARTESIAN_POINT('',(24.463198477844,-31.33198564317,
    92.930166886007));
#2140 = CARTESIAN_POINT('',(24.283855298941,-31.47145427216,
    92.825777743861));
#2141 = CARTESIAN_POINT('',(24.098540989814,-31.61349971438,
    92.730525043734));
#2142 = CARTESIAN_POINT('',(23.907610846996,-31.75765081764,
    92.644802409479));
#2143 = CARTESIAN_POINT('',(23.380478773748,-32.14942846426,
    92.441200506171));
#2144 = CARTESIAN_POINT('',(23.033950031767,-32.40058144086,
    92.341445593433));
#2145 = CARTESIAN_POINT('',(22.674589217242,-32.65396971347,
    92.272409539359));
#2146 = CARTESIAN_POINT('',(22.305536136837,-32.9066972116,
    92.236402740116));
#2147 = CARTESIAN_POINT('',(21.930352613218,-33.15605285728,
    92.235408974474));
#2148 = CARTESIAN_POINT('',(21.299595762681,-33.56308483467,
    92.295033051557));
#2149 = CARTESIAN_POINT('',(21.045462212788,-33.72381217273,
    92.335494325566));
#2150 = CARTESIAN_POINT('',(20.792425775992,-33.88059786105,
    92.392845485824));
#2151 = CARTESIAN_POINT('',(20.542353076474,-34.03243402935,
    92.467126253089));
#2152 = CARTESIAN_POINT('',(20.297076767473,-34.17846754053,
    92.558042747684));
#2153 = CARTESIAN_POINT('',(19.794715632095,-34.47208972323,
    92.783051056463));
#2154 = CARTESIAN_POINT('',(19.53939598621,-34.61806006797,
    92.920505904932));
#2155 = CARTESIAN_POINT('',(19.294643344954,-34.75504373214,
    93.076428327462));
#2156 = CARTESIAN_POINT('',(19.062559097937,-34.88240762275,
    93.249448166002));
#2157 = CARTESIAN_POINT('',(18.844966833776,-34.99974091203,
    93.437766765907));
#2158 = CARTESIAN_POINT('',(18.64329958201,-35.1068352418,93.63918725546
    ));
#2159 = PCURVE('',#406,#2160);
#2160 = DEFINITIONAL_REPRESENTATION('',(#2161),#2229);
#2161 = B_SPLINE_CURVE_WITH_KNOTS('',6,(#2162,#2163,#2164,#2165,#2166,
    #2167,#2168,#2169,#2170,#2171,#2172,#2173,#2174,#2175,#2176,#2177,
    #2178,#2179,#2180,#2181,#2182,#2183,#2184,#2185,#2186,#2187,#2188,
    #2189,#2190,#2191,#2192,#2193,#2194,#2195,#2196,#2197,#2198,#2199,
    #2200,#2201,#2202,#2203,#2204,#2205,#2206,#2207,#2208,#2209,#2210,
    #2211,#2212,#2213,#2214,#2215,#2216,#2217,#2218,#2219,#2220,#2221,
    #2222,#2223,#2224,#2225,#2226,#2227,#2228),.UNSPECIFIED.,.F.,.F.,(7,
    5,5,5,5,5,5,5,5,5,5,5,5,7),(0.,8.724560179288E-02,0.160889983882,
    0.250461852709,0.292937723748,0.331795141999,0.406277097898,
    0.481113573083,0.562055327543,0.65055931056,0.719472272076,
    0.835733487136,0.913799116051,1.),.UNSPECIFIED.);
#2162 = CARTESIAN_POINT('',(-5.298900735662,-21.05));
#2163 = CARTESIAN_POINT('',(-5.307377601653,-21.05));
#2164 = CARTESIAN_POINT('',(-5.315817637383,-21.03010244586));
#2165 = CARTESIAN_POINT('',(-5.324175471038,-20.99113710781));
#2166 = CARTESIAN_POINT('',(-5.332407907097,-20.93400290163));
#2167 = CARTESIAN_POINT('',(-5.340473641706,-20.85967028477));
#2168 = CARTESIAN_POINT('',(-5.354967077171,-20.6928035029));
#2169 = CARTESIAN_POINT('',(-5.36145770032,-20.60487276747));
#2170 = CARTESIAN_POINT('',(-5.36778758505,-20.50591646665));
#2171 = CARTESIAN_POINT('',(-5.373939570936,-20.39642355149));
#2172 = CARTESIAN_POINT('',(-5.379896510876,-20.27684791012));
#2173 = CARTESIAN_POINT('',(-5.392628286464,-19.99041968962));
#2174 = CARTESIAN_POINT('',(-5.399304047433,-19.81887486395));
#2175 = CARTESIAN_POINT('',(-5.405635748806,-19.63373597738));
#2176 = CARTESIAN_POINT('',(-5.411589766596,-19.43572182785));
#2177 = CARTESIAN_POINT('',(-5.417130907455,-19.22552652972));
#2178 = CARTESIAN_POINT('',(-5.424635873502,-18.89870978589));
#2179 = CARTESIAN_POINT('',(-5.42694848705,-18.79100860277));
#2180 = CARTESIAN_POINT('',(-5.429154961557,-18.68083742765));
#2181 = CARTESIAN_POINT('',(-5.431250779297,-18.56830288165));
#2182 = CARTESIAN_POINT('',(-5.433231530736,-18.45351434248));
#2183 = CARTESIAN_POINT('',(-5.436795729969,-18.22961466335));
#2184 = CARTESIAN_POINT('',(-5.438398664808,-18.12085174862));
#2185 = CARTESIAN_POINT('',(-5.439897968755,-18.01040963278));
#2186 = CARTESIAN_POINT('',(-5.441290168528,-17.89840552412));
#2187 = CARTESIAN_POINT('',(-5.442572067856,-17.78495940659));
#2188 = CARTESIAN_POINT('',(-5.445980874288,-17.45021161768));
#2189 = CARTESIAN_POINT('',(-5.447806009053,-17.22528395826));
#2190 = CARTESIAN_POINT('',(-5.449191733977,-16.99657886139));
#2191 = CARTESIAN_POINT('',(-5.450121541107,-16.76530712945));
#2192 = CARTESIAN_POINT('',(-5.450586814925,-16.53270223692));
#2193 = CARTESIAN_POINT('',(-5.450586814925,-16.06619014674));
#2194 = CARTESIAN_POINT('',(-5.450117101308,-15.83247993644));
#2195 = CARTESIAN_POINT('',(-5.449178435602,-15.6001220568));
#2196 = CARTESIAN_POINT('',(-5.447779593882,-15.37036681403));
#2197 = CARTESIAN_POINT('',(-5.44593738465,-15.14444132023));
#2198 = CARTESIAN_POINT('',(-5.441231515764,-14.68459363509));
#2199 = CARTESIAN_POINT('',(-5.438297349316,-14.45157723552));
#2200 = CARTESIAN_POINT('',(-5.434900498537,-14.22542762429));
#2201 = CARTESIAN_POINT('',(-5.431070396002,-14.0070623631));
#2202 = CARTESIAN_POINT('',(-5.426839541921,-13.79735291287));
#2203 = CARTESIAN_POINT('',(-5.417217996954,-13.37815693042));
#2204 = CARTESIAN_POINT('',(-5.411753312127,-13.17040990072));
#2205 = CARTESIAN_POINT('',(-5.405885465831,-12.97453040679));
#2206 = CARTESIAN_POINT('',(-5.39964839365,-12.79118721271));
#2207 = CARTESIAN_POINT('',(-5.393074532689,-12.62107200475));
#2208 = CARTESIAN_POINT('',(-5.380839081576,-12.34332617908));
#2209 = CARTESIAN_POINT('',(-5.375296235151,-12.230166886));
#2210 = CARTESIAN_POINT('',(-5.369580948568,-12.12577774386));
#2211 = CARTESIAN_POINT('',(-5.363707174357,-12.03052504373));
#2212 = CARTESIAN_POINT('',(-5.357688830169,-11.94480240947));
#2213 = CARTESIAN_POINT('',(-5.341166101586,-11.74120050617));
#2214 = CARTESIAN_POINT('',(-5.33040028536,-11.64144559343));
#2215 = CARTESIAN_POINT('',(-5.319339824775,-11.57240953935));
#2216 = CARTESIAN_POINT('',(-5.308088787802,-11.53640274011));
#2217 = CARTESIAN_POINT('',(-5.2967567496,-11.53540897447));
#2218 = CARTESIAN_POINT('',(-5.277871571156,-11.59503305155));
#2219 = CARTESIAN_POINT('',(-5.270307248667,-11.63549432556));
#2220 = CARTESIAN_POINT('',(-5.26281909041,-11.69284548582));
#2221 = CARTESIAN_POINT('',(-5.255459554302,-11.76712625308));
#2222 = CARTESIAN_POINT('',(-5.248278454653,-11.85804274768));
#2223 = CARTESIAN_POINT('',(-5.233640042728,-12.08305105646));
#2224 = CARTESIAN_POINT('',(-5.226241616475,-12.22050590493));
#2225 = CARTESIAN_POINT('',(-5.219185947267,-12.37642832746));
#2226 = CARTESIAN_POINT('',(-5.212526244233,-12.549448166));
#2227 = CARTESIAN_POINT('',(-5.206307210442,-12.7377667659));
#2228 = CARTESIAN_POINT('',(-5.200562823334,-12.93918725546));
#2229 = ( GEOMETRIC_REPRESENTATION_CONTEXT(2) 
PARAMETRIC_REPRESENTATION_CONTEXT() REPRESENTATION_CONTEXT('2D SPACE',''
  ) );
#2230 = PCURVE('',#2036,#2231);
#2231 = DEFINITIONAL_REPRESENTATION('',(#2232),#2300);
#2232 = B_SPLINE_CURVE_WITH_KNOTS('',6,(#2233,#2234,#2235,#2236,#2237,
    #2238,#2239,#2240,#2241,#2242,#2243,#2244,#2245,#2246,#2247,#2248,
    #2249,#2250,#2251,#2252,#2253,#2254,#2255,#2256,#2257,#2258,#2259,
    #2260,#2261,#2262,#2263,#2264,#2265,#2266,#2267,#2268,#2269,#2270,
    #2271,#2272,#2273,#2274,#2275,#2276,#2277,#2278,#2279,#2280,#2281,
    #2282,#2283,#2284,#2285,#2286,#2287,#2288,#2289,#2290,#2291,#2292,
    #2293,#2294,#2295,#2296,#2297,#2298,#2299),.UNSPECIFIED.,.F.,.F.,(7,
    5,5,5,5,5,5,5,5,5,5,5,5,7),(0.,8.724560179288E-02,0.160889983882,
    0.250461852709,0.292937723748,0.331795141999,0.406277097898,
    0.481113573083,0.562055327543,0.65055931056,0.719472272076,
    0.835733487136,0.913799116051,1.),.UNSPECIFIED.);
#2233 = CARTESIAN_POINT('',(0.,2.));
#2234 = CARTESIAN_POINT('',(5.908256855589E-02,2.186491051799));
#2235 = CARTESIAN_POINT('',(0.117509193349,2.375026512626));
#2236 = CARTESIAN_POINT('',(0.175333102454,2.564537990628));
#2237 = CARTESIAN_POINT('',(0.232597983248,2.753902550954));
#2238 = CARTESIAN_POINT('',(0.289337563403,2.941956188511));
#2239 = CARTESIAN_POINT('',(0.393045612355,3.284131780611));
#2240 = CARTESIAN_POINT('',(0.440183936971,3.439057869407));
#2241 = CARTESIAN_POINT('',(0.48705252157,3.591728669233));
#2242 = CARTESIAN_POINT('',(0.533708155956,3.741567688234));
#2243 = CARTESIAN_POINT('',(0.580206237648,3.887982105101));
#2244 = CARTESIAN_POINT('',(0.683038564406,4.203544139084));
#2245 = CARTESIAN_POINT('',(0.73934675227,4.370825991968));
#2246 = CARTESIAN_POINT('',(0.795623909929,4.531081544255));
#2247 = CARTESIAN_POINT('',(0.851963564346,4.683129797046));
#2248 = CARTESIAN_POINT('',(0.90846313357,4.825737425851));
#2249 = CARTESIAN_POINT('',(0.992147483731,5.020156204034));
#2250 = CARTESIAN_POINT('',(1.019123302113,5.080276282236));
#2251 = CARTESIAN_POINT('',(1.046159913689,5.137823417709));
#2252 = CARTESIAN_POINT('',(1.073261782538,5.192646901274));
#2253 = CARTESIAN_POINT('',(1.100434069839,5.244599537361));
#2254 = CARTESIAN_POINT('',(1.152609935506,5.338306790151));
#2255 = CARTESIAN_POINT('',(1.177601293782,5.380553822406));
#2256 = CARTESIAN_POINT('',(1.202654642618,5.420156676681));
#2257 = CARTESIAN_POINT('',(1.227768601861,5.457002115792));
#2258 = CARTESIAN_POINT('',(1.252942477286,5.490985729467));
#2259 = CARTESIAN_POINT('',(1.326544413203,5.581483009028));
#2260 = CARTESIAN_POINT('',(1.375154047178,5.630115319759));
#2261 = CARTESIAN_POINT('',(1.423936585567,5.667134768292));
#2262 = CARTESIAN_POINT('',(1.472836879239,5.692008041228));
#2263 = CARTESIAN_POINT('',(1.52180638218,5.704453785829));
#2264 = CARTESIAN_POINT('',(1.620019453796,5.704453785829));
#2265 = CARTESIAN_POINT('',(1.669221656916,5.691889285579));
#2266 = CARTESIAN_POINT('',(1.718353645477,5.66677902047));
#2267 = CARTESIAN_POINT('',(1.76736634939,5.62940963899));
#2268 = CARTESIAN_POINT('',(1.816203945431,5.580324217183));
#2269 = CARTESIAN_POINT('',(1.917354111205,5.455401336319));
#2270 = CARTESIAN_POINT('',(1.96961316596,5.377722741394));
#2271 = CARTESIAN_POINT('',(2.021604940275,5.288133530391));
#2272 = CARTESIAN_POINT('',(2.073349590247,5.187614847396));
#2273 = CARTESIAN_POINT('',(2.124856074449,5.077246024744));
#2274 = CARTESIAN_POINT('',(2.232176956743,4.82799022559));
#2275 = CARTESIAN_POINT('',(2.287972774159,4.687335700283));
#2276 = CARTESIAN_POINT('',(2.343611120896,4.53745621935));
#2277 = CARTESIAN_POINT('',(2.399185760943,4.379540559581));
#2278 = CARTESIAN_POINT('',(2.454786724696,4.214727760126));
#2279 = CARTESIAN_POINT('',(2.553889238138,3.911256621889));
#2280 = CARTESIAN_POINT('',(2.597356282042,3.774848998628));
#2281 = CARTESIAN_POINT('',(2.640954077351,3.63538036964));
#2282 = CARTESIAN_POINT('',(2.684728686602,3.493334927425));
#2283 = CARTESIAN_POINT('',(2.72872711557,3.349183824168));
#2284 = CARTESIAN_POINT('',(2.847692546462,2.957406177541));
#2285 = CARTESIAN_POINT('',(2.92331284205,2.706253200942));
#2286 = CARTESIAN_POINT('',(2.999872969661,2.452864928329));
#2287 = CARTESIAN_POINT('',(3.077424790117,2.200137430201));
#2288 = CARTESIAN_POINT('',(3.156040573018,1.950781784526));
#2289 = CARTESIAN_POINT('',(3.289423446836,1.543749807129));
#2290 = CARTESIAN_POINT('',(3.343489443824,1.383022469075));
#2291 = CARTESIAN_POINT('',(3.397937017367,1.226236780757));
#2292 = CARTESIAN_POINT('',(3.45267760504,1.07440061245));
#2293 = CARTESIAN_POINT('',(3.507627539654,0.928367101272));
#2294 = CARTESIAN_POINT('',(3.623511797387,0.634744918571));
#2295 = CARTESIAN_POINT('',(3.684396514487,0.488774573836));
#2296 = CARTESIAN_POINT('',(3.745244498713,0.351790909662));
#2297 = CARTESIAN_POINT('',(3.80594487482,0.224427019058));
#2298 = CARTESIAN_POINT('',(3.866373136381,0.10709372977));
#2299 = CARTESIAN_POINT('',(3.926378637162,-6.E-07));
#2300 = ( GEOMETRIC_REPRESENTATION_CONTEXT(2) 
PARAMETRIC_REPRESENTATION_CONTEXT() REPRESENTATION_CONTEXT('2D SPACE',''
  ) );
#2301 = ADVANCED_FACE('',(#2302),#379,.T.);
#2302 = FACE_BOUND('',#2303,.T.);
#2303 = EDGE_LOOP('',(#2304,#2305,#2306,#2334,#2362,#2388));
#2304 = ORIENTED_EDGE('',*,*,#1033,.T.);
#2305 = ORIENTED_EDGE('',*,*,#364,.T.);
#2306 = ORIENTED_EDGE('',*,*,#2307,.T.);
#2307 = EDGE_CURVE('',#339,#2308,#2310,.T.);
#2308 = VERTEX_POINT('',#2309);
#2309 = CARTESIAN_POINT('',(36.75,-2.25,109.));
#2310 = SURFACE_CURVE('',#2311,(#2316,#2327),.PCURVE_S1.);
#2311 = CIRCLE('',#2312,2.25);
#2312 = AXIS2_PLACEMENT_3D('',#2313,#2314,#2315);
#2313 = CARTESIAN_POINT('',(36.75,0.,109.));
#2314 = DIRECTION('',(0.,0.,-1.));
#2315 = DIRECTION('',(0.,1.,0.));
#2316 = PCURVE('',#379,#2317);
#2317 = DEFINITIONAL_REPRESENTATION('',(#2318),#2326);
#2318 = ( BOUNDED_CURVE() B_SPLINE_CURVE(2,(#2319,#2320,#2321,#2322,
#2323,#2324,#2325),.UNSPECIFIED.,.T.,.F.) B_SPLINE_CURVE_WITH_KNOTS((1,2
    ,2,2,2,1),(-2.094395102393,0.,2.094395102393,4.188790204786,
6.28318530718,8.377580409573),.UNSPECIFIED.) CURVE() 
GEOMETRIC_REPRESENTATION_ITEM() RATIONAL_B_SPLINE_CURVE((1.,0.5,1.,0.5,
1.,0.5,1.)) REPRESENTATION_ITEM('') );
#2319 = CARTESIAN_POINT('',(36.75,2.25));
#2320 = CARTESIAN_POINT('',(40.64711431703,2.25));
#2321 = CARTESIAN_POINT('',(38.698557158515,-1.125));
#2322 = CARTESIAN_POINT('',(36.75,-4.5));
#2323 = CARTESIAN_POINT('',(34.801442841485,-1.125));
#2324 = CARTESIAN_POINT('',(32.85288568297,2.25));
#2325 = CARTESIAN_POINT('',(36.75,2.25));
#2326 = ( GEOMETRIC_REPRESENTATION_CONTEXT(2) 
PARAMETRIC_REPRESENTATION_CONTEXT() REPRESENTATION_CONTEXT('2D SPACE',''
  ) );
#2327 = PCURVE('',#353,#2328);
#2328 = DEFINITIONAL_REPRESENTATION('',(#2329),#2333);
#2329 = LINE('',#2330,#2331);
#2330 = CARTESIAN_POINT('',(-0.,1.5));
#2331 = VECTOR('',#2332,1.);
#2332 = DIRECTION('',(-1.,0.));
#2333 = ( GEOMETRIC_REPRESENTATION_CONTEXT(2) 
PARAMETRIC_REPRESENTATION_CONTEXT() REPRESENTATION_CONTEXT('2D SPACE',''
  ) );
#2334 = ORIENTED_EDGE('',*,*,#2335,.T.);
#2335 = EDGE_CURVE('',#2308,#2336,#2338,.T.);
#2336 = VERTEX_POINT('',#2337);
#2337 = CARTESIAN_POINT('',(-36.75,-2.25,109.));
#2338 = SURFACE_CURVE('',#2339,(#2343,#2350),.PCURVE_S1.);
#2339 = LINE('',#2340,#2341);
#2340 = CARTESIAN_POINT('',(36.75,-2.25,109.));
#2341 = VECTOR('',#2342,1.);
#2342 = DIRECTION('',(-1.,0.,0.));
#2343 = PCURVE('',#379,#2344);
#2344 = DEFINITIONAL_REPRESENTATION('',(#2345),#2349);
#2345 = LINE('',#2346,#2347);
#2346 = CARTESIAN_POINT('',(36.75,-2.25));
#2347 = VECTOR('',#2348,1.);
#2348 = DIRECTION('',(-1.,0.));
#2349 = ( GEOMETRIC_REPRESENTATION_CONTEXT(2) 
PARAMETRIC_REPRESENTATION_CONTEXT() REPRESENTATION_CONTEXT('2D SPACE',''
  ) );
#2350 = PCURVE('',#2351,#2356);
#2351 = PLANE('',#2352);
#2352 = AXIS2_PLACEMENT_3D('',#2353,#2354,#2355);
#2353 = CARTESIAN_POINT('',(36.75,-2.25,109.));
#2354 = DIRECTION('',(0.,0.707106781187,0.707106781187));
#2355 = DIRECTION('',(-1.,0.,0.));
#2356 = DEFINITIONAL_REPRESENTATION('',(#2357),#2361);
#2357 = LINE('',#2358,#2359);
#2358 = CARTESIAN_POINT('',(0.,0.));
#2359 = VECTOR('',#2360,1.);
#2360 = DIRECTION('',(1.,0.));
#2361 = ( GEOMETRIC_REPRESENTATION_CONTEXT(2) 
PARAMETRIC_REPRESENTATION_CONTEXT() REPRESENTATION_CONTEXT('2D SPACE',''
  ) );
#2362 = ORIENTED_EDGE('',*,*,#2363,.T.);
#2363 = EDGE_CURVE('',#2336,#670,#2364,.T.);
#2364 = SURFACE_CURVE('',#2365,(#2370,#2381),.PCURVE_S1.);
#2365 = CIRCLE('',#2366,2.25);
#2366 = AXIS2_PLACEMENT_3D('',#2367,#2368,#2369);
#2367 = CARTESIAN_POINT('',(-36.75,0.,109.));
#2368 = DIRECTION('',(0.,-0.,-1.));
#2369 = DIRECTION('',(0.,-1.,0.));
#2370 = PCURVE('',#379,#2371);
#2371 = DEFINITIONAL_REPRESENTATION('',(#2372),#2380);
#2372 = ( BOUNDED_CURVE() B_SPLINE_CURVE(2,(#2373,#2374,#2375,#2376,
#2377,#2378,#2379),.UNSPECIFIED.,.T.,.F.) B_SPLINE_CURVE_WITH_KNOTS((1,2
    ,2,2,2,1),(-2.094395102393,0.,2.094395102393,4.188790204786,
6.28318530718,8.377580409573),.UNSPECIFIED.) CURVE() 
GEOMETRIC_REPRESENTATION_ITEM() RATIONAL_B_SPLINE_CURVE((1.,0.5,1.,0.5,
1.,0.5,1.)) REPRESENTATION_ITEM('') );
#2373 = CARTESIAN_POINT('',(-36.75,-2.25));
#2374 = CARTESIAN_POINT('',(-40.64711431703,-2.25));
#2375 = CARTESIAN_POINT('',(-38.69855715851,1.125));
#2376 = CARTESIAN_POINT('',(-36.75,4.5));
#2377 = CARTESIAN_POINT('',(-34.80144284148,1.125));
#2378 = CARTESIAN_POINT('',(-32.85288568297,-2.25));
#2379 = CARTESIAN_POINT('',(-36.75,-2.25));
#2380 = ( GEOMETRIC_REPRESENTATION_CONTEXT(2) 
PARAMETRIC_REPRESENTATION_CONTEXT() REPRESENTATION_CONTEXT('2D SPACE',''
  ) );
#2381 = PCURVE('',#705,#2382);
#2382 = DEFINITIONAL_REPRESENTATION('',(#2383),#2387);
#2383 = LINE('',#2384,#2385);
#2384 = CARTESIAN_POINT('',(-0.,1.5));
#2385 = VECTOR('',#2386,1.);
#2386 = DIRECTION('',(-1.,0.));
#2387 = ( GEOMETRIC_REPRESENTATION_CONTEXT(2) 
PARAMETRIC_REPRESENTATION_CONTEXT() REPRESENTATION_CONTEXT('2D SPACE',''
  ) );
#2388 = ORIENTED_EDGE('',*,*,#669,.T.);
#2389 = ADVANCED_FACE('',(#2390),#353,.F.);
#2390 = FACE_BOUND('',#2391,.T.);
#2391 = EDGE_LOOP('',(#2392,#2393,#2416,#2434));
#2392 = ORIENTED_EDGE('',*,*,#338,.F.);
#2393 = ORIENTED_EDGE('',*,*,#2394,.T.);
#2394 = EDGE_CURVE('',#313,#2395,#2397,.T.);
#2395 = VERTEX_POINT('',#2396);
#2396 = CARTESIAN_POINT('',(36.75,-0.75,107.5));
#2397 = SURFACE_CURVE('',#2398,(#2403,#2409),.PCURVE_S1.);
#2398 = CIRCLE('',#2399,0.75);
#2399 = AXIS2_PLACEMENT_3D('',#2400,#2401,#2402);
#2400 = CARTESIAN_POINT('',(36.75,0.,107.5));
#2401 = DIRECTION('',(0.,0.,-1.));
#2402 = DIRECTION('',(0.,1.,0.));
#2403 = PCURVE('',#353,#2404);
#2404 = DEFINITIONAL_REPRESENTATION('',(#2405),#2408);
#2405 = B_SPLINE_CURVE_WITH_KNOTS('',1,(#2406,#2407),.UNSPECIFIED.,.F.,
  .F.,(2,2),(0.,3.14159265359),.PIECEWISE_BEZIER_KNOTS.);
#2406 = CARTESIAN_POINT('',(0.,0.));
#2407 = CARTESIAN_POINT('',(-3.14159265359,0.));
#2408 = ( GEOMETRIC_REPRESENTATION_CONTEXT(2) 
PARAMETRIC_REPRESENTATION_CONTEXT() REPRESENTATION_CONTEXT('2D SPACE',''
  ) );
#2409 = PCURVE('',#327,#2410);
#2410 = DEFINITIONAL_REPRESENTATION('',(#2411),#2415);
#2411 = LINE('',#2412,#2413);
#2412 = CARTESIAN_POINT('',(0.,-8.501));
#2413 = VECTOR('',#2414,1.);
#2414 = DIRECTION('',(1.,0.));
#2415 = ( GEOMETRIC_REPRESENTATION_CONTEXT(2) 
PARAMETRIC_REPRESENTATION_CONTEXT() REPRESENTATION_CONTEXT('2D SPACE',''
  ) );
#2416 = ORIENTED_EDGE('',*,*,#2417,.T.);
#2417 = EDGE_CURVE('',#2395,#2308,#2418,.T.);
#2418 = SURFACE_CURVE('',#2419,(#2422,#2428),.PCURVE_S1.);
#2419 = B_SPLINE_CURVE_WITH_KNOTS('',1,(#2420,#2421),.UNSPECIFIED.,.F.,
  .F.,(2,2),(0.,1.),.PIECEWISE_BEZIER_KNOTS.);
#2420 = CARTESIAN_POINT('',(36.75,-0.75,107.5));
#2421 = CARTESIAN_POINT('',(36.75,-2.25,109.));
#2422 = PCURVE('',#353,#2423);
#2423 = DEFINITIONAL_REPRESENTATION('',(#2424),#2427);
#2424 = B_SPLINE_CURVE_WITH_KNOTS('',1,(#2425,#2426),.UNSPECIFIED.,.F.,
  .F.,(2,2),(0.,1.),.PIECEWISE_BEZIER_KNOTS.);
#2425 = CARTESIAN_POINT('',(-3.14159265359,0.));
#2426 = CARTESIAN_POINT('',(-3.14159265359,1.5));
#2427 = ( GEOMETRIC_REPRESENTATION_CONTEXT(2) 
PARAMETRIC_REPRESENTATION_CONTEXT() REPRESENTATION_CONTEXT('2D SPACE',''
  ) );
#2428 = PCURVE('',#2351,#2429);
#2429 = DEFINITIONAL_REPRESENTATION('',(#2430),#2433);
#2430 = B_SPLINE_CURVE_WITH_KNOTS('',1,(#2431,#2432),.UNSPECIFIED.,.F.,
  .F.,(2,2),(0.,1.),.PIECEWISE_BEZIER_KNOTS.);
#2431 = CARTESIAN_POINT('',(0.,-2.12132034356));
#2432 = CARTESIAN_POINT('',(0.,0.));
#2433 = ( GEOMETRIC_REPRESENTATION_CONTEXT(2) 
PARAMETRIC_REPRESENTATION_CONTEXT() REPRESENTATION_CONTEXT('2D SPACE',''
  ) );
#2434 = ORIENTED_EDGE('',*,*,#2307,.F.);
#2435 = ADVANCED_FACE('',(#2436),#327,.F.);
#2436 = FACE_BOUND('',#2437,.F.);
#2437 = EDGE_LOOP('',(#2438,#2439,#2440,#2468,#2498));
#2438 = ORIENTED_EDGE('',*,*,#312,.F.);
#2439 = ORIENTED_EDGE('',*,*,#2394,.T.);
#2440 = ORIENTED_EDGE('',*,*,#2441,.F.);
#2441 = EDGE_CURVE('',#2442,#2395,#2444,.T.);
#2442 = VERTEX_POINT('',#2443);
#2443 = CARTESIAN_POINT('',(36.75,-0.75,98.999));
#2444 = SURFACE_CURVE('',#2445,(#2449,#2456),.PCURVE_S1.);
#2445 = LINE('',#2446,#2447);
#2446 = CARTESIAN_POINT('',(36.75,-0.75,98.999));
#2447 = VECTOR('',#2448,1.);
#2448 = DIRECTION('',(0.,0.,1.));
#2449 = PCURVE('',#327,#2450);
#2450 = DEFINITIONAL_REPRESENTATION('',(#2451),#2455);
#2451 = LINE('',#2452,#2453);
#2452 = CARTESIAN_POINT('',(3.14159265359,0.));
#2453 = VECTOR('',#2454,1.);
#2454 = DIRECTION('',(0.,-1.));
#2455 = ( GEOMETRIC_REPRESENTATION_CONTEXT(2) 
PARAMETRIC_REPRESENTATION_CONTEXT() REPRESENTATION_CONTEXT('2D SPACE',''
  ) );
#2456 = PCURVE('',#2457,#2462);
#2457 = PLANE('',#2458);
#2458 = AXIS2_PLACEMENT_3D('',#2459,#2460,#2461);
#2459 = CARTESIAN_POINT('',(36.75,-0.75,98.999));
#2460 = DIRECTION('',(0.,-1.,0.));
#2461 = DIRECTION('',(-1.,0.,0.));
#2462 = DEFINITIONAL_REPRESENTATION('',(#2463),#2467);
#2463 = LINE('',#2464,#2465);
#2464 = CARTESIAN_POINT('',(0.,-0.));
#2465 = VECTOR('',#2466,1.);
#2466 = DIRECTION('',(0.,-1.));
#2467 = ( GEOMETRIC_REPRESENTATION_CONTEXT(2) 
PARAMETRIC_REPRESENTATION_CONTEXT() REPRESENTATION_CONTEXT('2D SPACE',''
  ) );
#2468 = ORIENTED_EDGE('',*,*,#2469,.F.);
#2469 = EDGE_CURVE('',#2470,#2442,#2472,.T.);
#2470 = VERTEX_POINT('',#2471);
#2471 = CARTESIAN_POINT('',(36.750010526573,-0.750000214828,98.999));
#2472 = SURFACE_CURVE('',#2473,(#2481,#2487),.PCURVE_S1.);
#2473 = B_SPLINE_CURVE_WITH_KNOTS('',6,(#2474,#2475,#2476,#2477,#2478,
    #2479,#2480),.UNSPECIFIED.,.F.,.F.,(7,7),(0.,1.),
  .PIECEWISE_BEZIER_KNOTS.);
#2474 = CARTESIAN_POINT('',(36.750010526573,-0.750000214828,98.999));
#2475 = CARTESIAN_POINT('',(24.500068628735,-0.750197497232,98.999));
#2476 = CARTESIAN_POINT('',(12.250066150257,-0.750392092164,98.999));
#2477 = CARTESIAN_POINT('',(1.373174995933E-08,-0.750490903036,98.999));
#2478 = CARTESIAN_POINT('',(-12.2500661639,-0.750392092379,98.999));
#2479 = CARTESIAN_POINT('',(-24.50006862873,-0.750197497232,98.999));
#2480 = CARTESIAN_POINT('',(-36.75001052657,-0.750000214828,98.999));
#2481 = PCURVE('',#327,#2482);
#2482 = DEFINITIONAL_REPRESENTATION('',(#2483),#2486);
#2483 = B_SPLINE_CURVE_WITH_KNOTS('',1,(#2484,#2485),.UNSPECIFIED.,.F.,
  .F.,(2,2),(0.,1.432193138886E-07),.PIECEWISE_BEZIER_KNOTS.);
#2484 = CARTESIAN_POINT('',(3.141578618163,0.));
#2485 = CARTESIAN_POINT('',(3.14159265359,0.));
#2486 = ( GEOMETRIC_REPRESENTATION_CONTEXT(2) 
PARAMETRIC_REPRESENTATION_CONTEXT() REPRESENTATION_CONTEXT('2D SPACE',''
  ) );
#2487 = PCURVE('',#918,#2488);
#2488 = DEFINITIONAL_REPRESENTATION('',(#2489),#2497);
#2489 = B_SPLINE_CURVE_WITH_KNOTS('',6,(#2490,#2491,#2492,#2493,#2494,
    #2495,#2496),.UNSPECIFIED.,.F.,.F.,(7,7),(0.,1.),
  .PIECEWISE_BEZIER_KNOTS.);
#2490 = CARTESIAN_POINT('',(0.,0.99998989899));
#2491 = CARTESIAN_POINT('',(-12.25006160966,0.99998989899));
#2492 = CARTESIAN_POINT('',(-24.50006264056,0.99998989899));
#2493 = CARTESIAN_POINT('',(-36.75000001373,0.99998989899));
#2494 = CARTESIAN_POINT('',(-48.99993734576,0.99998989899));
#2495 = CARTESIAN_POINT('',(-61.24993839034,0.99998989899));
#2496 = CARTESIAN_POINT('',(-73.5,0.99998989899));
#2497 = ( GEOMETRIC_REPRESENTATION_CONTEXT(2) 
PARAMETRIC_REPRESENTATION_CONTEXT() REPRESENTATION_CONTEXT('2D SPACE',''
  ) );
#2498 = ORIENTED_EDGE('',*,*,#2499,.F.);
#2499 = EDGE_CURVE('',#164,#2470,#2500,.T.);
#2500 = SURFACE_CURVE('',#2501,(#2539,#2545),.PCURVE_S1.);
#2501 = B_SPLINE_CURVE_WITH_KNOTS('',6,(#2502,#2503,#2504,#2505,#2506,
    #2507,#2508,#2509,#2510,#2511,#2512,#2513,#2514,#2515,#2516,#2517,
    #2518,#2519,#2520,#2521,#2522,#2523,#2524,#2525,#2526,#2527,#2528,
    #2529,#2530,#2531,#2532,#2533,#2534,#2535,#2536,#2537,#2538),
  .UNSPECIFIED.,.F.,.F.,(7,5,5,5,5,5,5,7),(0.,0.191996631857,
    0.33499741709,0.498997200401,0.65899723795,0.805997883727,
    0.929999011406,1.),.UNSPECIFIED.);
#2502 = CARTESIAN_POINT('',(36.750010606061,0.749992424242,98.999));
#2503 = CARTESIAN_POINT('',(36.825405669436,0.749992174934,98.999));
#2504 = CARTESIAN_POINT('',(36.900809901349,0.740896760881,98.999));
#2505 = CARTESIAN_POINT('',(36.974830904952,0.72270232835,98.999));
#2506 = CARTESIAN_POINT('',(37.046110636847,0.695695664671,98.999));
#2507 = CARTESIAN_POINT('',(37.113367710596,0.660411203323,98.999));
#2508 = CARTESIAN_POINT('',(37.221703314987,0.585786614784,98.999));
#2509 = CARTESIAN_POINT('',(37.265088130039,0.549775193056,98.999));
#2510 = CARTESIAN_POINT('',(37.305142153033,0.509931373708,98.999));
#2511 = CARTESIAN_POINT('',(37.341449143697,0.46664560575,98.999));
#2512 = CARTESIAN_POINT('',(37.373655303099,0.420365694875,98.999));
#2513 = CARTESIAN_POINT('',(37.433385705762,0.31564675451,98.999));
#2514 = CARTESIAN_POINT('',(37.459531078806,0.256414427653,98.999));
#2515 = CARTESIAN_POINT('',(37.479486095194,0.194640585732,98.999));
#2516 = CARTESIAN_POINT('',(37.492958307181,0.131136960977,98.999));
#2517 = CARTESIAN_POINT('',(37.499796935776,6.675308439836E-02,98.999));
#2518 = CARTESIAN_POINT('',(37.500196638214,-6.04778727475E-02,98.999));
#2519 = CARTESIAN_POINT('',(37.494077517147,-0.123331339199,98.999));
#2520 = CARTESIAN_POINT('',(37.481639388868,-0.185406810183,98.999));
#2521 = CARTESIAN_POINT('',(37.46301389274,-0.24591434253,98.999));
#2522 = CARTESIAN_POINT('',(37.438461440743,-0.304096623407,98.999));
#2523 = CARTESIAN_POINT('',(37.380715408462,-0.409922823854,98.999));
#2524 = CARTESIAN_POINT('',(37.348383516273,-0.458043495297,98.999));
#2525 = CARTESIAN_POINT('',(37.311667419414,-0.503067525827,98.999));
#2526 = CARTESIAN_POINT('',(37.270944447304,-0.544502705767,98.999));
#2527 = CARTESIAN_POINT('',(37.226662451956,-0.581919989455,98.999));
#2528 = CARTESIAN_POINT('',(37.139403576205,-0.642838260792,98.999));
#2529 = CARTESIAN_POINT('',(37.097304382262,-0.66760216599,98.999));
#2530 = CARTESIAN_POINT('',(37.05333738536,-0.689043141282,98.999));
#2531 = CARTESIAN_POINT('',(37.007832166519,-0.706989894502,98.999));
#2532 = CARTESIAN_POINT('',(36.961137619824,-0.72131501544,98.999));
#2533 = CARTESIAN_POINT('',(36.886789775016,-0.737933982815,98.999));
#2534 = CARTESIAN_POINT('',(36.859699276748,-0.742750657398,98.999));
#2535 = CARTESIAN_POINT('',(36.832410099363,-0.74637290305,98.999));
#2536 = CARTESIAN_POINT('',(36.804987975461,-0.748791013125,98.999));
#2537 = CARTESIAN_POINT('',(36.777499179255,-0.75000012395,98.999));
#2538 = CARTESIAN_POINT('',(36.750010526573,-0.750000214828,98.999));
#2539 = PCURVE('',#327,#2540);
#2540 = DEFINITIONAL_REPRESENTATION('',(#2541),#2544);
#2541 = B_SPLINE_CURVE_WITH_KNOTS('',1,(#2542,#2543),.UNSPECIFIED.,.F.,
  .F.,(2,2),(0.498630312201,1.),.PIECEWISE_BEZIER_KNOTS.);
#2542 = CARTESIAN_POINT('',(1.566507378566,0.));
#2543 = CARTESIAN_POINT('',(3.141578618163,0.));
#2544 = ( GEOMETRIC_REPRESENTATION_CONTEXT(2) 
PARAMETRIC_REPRESENTATION_CONTEXT() REPRESENTATION_CONTEXT('2D SPACE',''
  ) );
#2545 = PCURVE('',#249,#2546);
#2546 = DEFINITIONAL_REPRESENTATION('',(#2547),#2585);
#2547 = B_SPLINE_CURVE_WITH_KNOTS('',6,(#2548,#2549,#2550,#2551,#2552,
    #2553,#2554,#2555,#2556,#2557,#2558,#2559,#2560,#2561,#2562,#2563,
    #2564,#2565,#2566,#2567,#2568,#2569,#2570,#2571,#2572,#2573,#2574,
    #2575,#2576,#2577,#2578,#2579,#2580,#2581,#2582,#2583,#2584),
  .UNSPECIFIED.,.F.,.F.,(7,5,5,5,5,5,5,7),(0.,0.191996631857,
    0.33499741709,0.498997200401,0.65899723795,0.805997883727,
    0.929999011406,1.),.UNSPECIFIED.);
#2548 = CARTESIAN_POINT('',(6.28318530718,0.99998989899));
#2549 = CARTESIAN_POINT('',(6.182657540581,0.99998989899));
#2550 = CARTESIAN_POINT('',(6.082118093202,0.99998989899));
#2551 = CARTESIAN_POINT('',(5.981592396307,0.99998989899));
#2552 = CARTESIAN_POINT('',(5.881066754842,0.99998989899));
#2553 = CARTESIAN_POINT('',(5.780527208642,0.99998989899));
#2554 = CARTESIAN_POINT('',(5.605125606599,0.99998989899));
#2555 = CARTESIAN_POINT('',(5.530249038902,0.99998989899));
#2556 = CARTESIAN_POINT('',(5.455375620036,0.99998989899));
#2557 = CARTESIAN_POINT('',(5.380502205017,0.99998989899));
#2558 = CARTESIAN_POINT('',(5.30562565073,0.99998989899));
#2559 = CARTESIAN_POINT('',(5.144883005436,0.99998989899));
#2560 = CARTESIAN_POINT('',(5.059008986402,0.99998989899));
#2561 = CARTESIAN_POINT('',(4.973141157852,0.99998989899));
#2562 = CARTESIAN_POINT('',(4.887273332931,0.99998989899));
#2563 = CARTESIAN_POINT('',(4.801399323603,0.99998989899));
#2564 = CARTESIAN_POINT('',(4.631756051896,0.99998989899));
#2565 = CARTESIAN_POINT('',(4.547976875824,0.99998989899));
#2566 = CARTESIAN_POINT('',(4.464203172285,0.99998989899));
#2567 = CARTESIAN_POINT('',(4.380429465355,0.99998989899));
#2568 = CARTESIAN_POINT('',(4.296650280352,0.99998989899));
#2569 = CARTESIAN_POINT('',(4.135907577232,0.99998989899));
#2570 = CARTESIAN_POINT('',(4.058936343463,0.99998989899));
#2571 = CARTESIAN_POINT('',(3.981968709882,0.99998989899));
#2572 = CARTESIAN_POINT('',(3.905001073063,0.99998989899));
#2573 = CARTESIAN_POINT('',(3.828029827285,0.99998989899));
#2574 = CARTESIAN_POINT('',(3.686135767631,0.99998989899));
#2575 = CARTESIAN_POINT('',(3.621208577779,0.99998989899));
#2576 = CARTESIAN_POINT('',(3.556282917124,0.99998989899));
#2577 = CARTESIAN_POINT('',(3.491357245893,0.99998989899));
#2578 = CARTESIAN_POINT('',(3.42643002909,0.99998989899));
#2579 = CARTESIAN_POINT('',(3.324852243082,0.99998989899));
#2580 = CARTESIAN_POINT('',(3.288200323039,0.99998989899));
#2581 = CARTESIAN_POINT('',(3.251548395768,0.99998989899));
#2582 = CARTESIAN_POINT('',(3.214896472321,0.99998989899));
#2583 = CARTESIAN_POINT('',(3.178244558247,0.99998989899));
#2584 = CARTESIAN_POINT('',(3.14159265359,0.99998989899));
#2585 = ( GEOMETRIC_REPRESENTATION_CONTEXT(2) 
PARAMETRIC_REPRESENTATION_CONTEXT() REPRESENTATION_CONTEXT('2D SPACE',''
  ) );
#2586 = ADVANCED_FACE('',(#2587),#249,.F.);
#2587 = FACE_BOUND('',#2588,.F.);
#2588 = EDGE_LOOP('',(#2589,#2609,#2610,#2611));
#2589 = ORIENTED_EDGE('',*,*,#2590,.F.);
#2590 = EDGE_CURVE('',#879,#2470,#2591,.T.);
#2591 = SURFACE_CURVE('',#2592,(#2595,#2602),.PCURVE_S1.);
#2592 = B_SPLINE_CURVE_WITH_KNOTS('',1,(#2593,#2594),.UNSPECIFIED.,.F.,
  .F.,(2,2),(0.,1.),.PIECEWISE_BEZIER_KNOTS.);
#2593 = CARTESIAN_POINT('',(37.792130737918,-0.771267974243,0.));
#2594 = CARTESIAN_POINT('',(36.75,-0.75,99.));
#2595 = PCURVE('',#249,#2596);
#2596 = DEFINITIONAL_REPRESENTATION('',(#2597),#2601);
#2597 = LINE('',#2598,#2599);
#2598 = CARTESIAN_POINT('',(3.14159265359,0.));
#2599 = VECTOR('',#2600,1.);
#2600 = DIRECTION('',(0.,1.));
#2601 = ( GEOMETRIC_REPRESENTATION_CONTEXT(2) 
PARAMETRIC_REPRESENTATION_CONTEXT() REPRESENTATION_CONTEXT('2D SPACE',''
  ) );
#2602 = PCURVE('',#918,#2603);
#2603 = DEFINITIONAL_REPRESENTATION('',(#2604),#2608);
#2604 = LINE('',#2605,#2606);
#2605 = CARTESIAN_POINT('',(0.,0.));
#2606 = VECTOR('',#2607,1.);
#2607 = DIRECTION('',(0.,1.));
#2608 = ( GEOMETRIC_REPRESENTATION_CONTEXT(2) 
PARAMETRIC_REPRESENTATION_CONTEXT() REPRESENTATION_CONTEXT('2D SPACE',''
  ) );
#2609 = ORIENTED_EDGE('',*,*,#878,.T.);
#2610 = ORIENTED_EDGE('',*,*,#163,.T.);
#2611 = ORIENTED_EDGE('',*,*,#2499,.T.);
#2612 = ADVANCED_FACE('',(#2613),#510,.F.);
#2613 = FACE_BOUND('',#2614,.F.);
#2614 = EDGE_LOOP('',(#2615,#2616,#2639,#2666));
#2615 = ORIENTED_EDGE('',*,*,#493,.F.);
#2616 = ORIENTED_EDGE('',*,*,#2617,.F.);
#2617 = EDGE_CURVE('',#2618,#494,#2620,.T.);
#2618 = VERTEX_POINT('',#2619);
#2619 = CARTESIAN_POINT('',(42.1,-12.,32.));
#2620 = SEAM_CURVE('',#2621,(#2625,#2632),.PCURVE_S1.);
#2621 = LINE('',#2622,#2623);
#2622 = CARTESIAN_POINT('',(42.1,-12.,32.));
#2623 = VECTOR('',#2624,1.);
#2624 = DIRECTION('',(0.,1.,0.));
#2625 = PCURVE('',#510,#2626);
#2626 = DEFINITIONAL_REPRESENTATION('',(#2627),#2631);
#2627 = LINE('',#2628,#2629);
#2628 = CARTESIAN_POINT('',(6.28318530718,-0.));
#2629 = VECTOR('',#2630,1.);
#2630 = DIRECTION('',(0.,1.));
#2631 = ( GEOMETRIC_REPRESENTATION_CONTEXT(2) 
PARAMETRIC_REPRESENTATION_CONTEXT() REPRESENTATION_CONTEXT('2D SPACE',''
  ) );
#2632 = PCURVE('',#510,#2633);
#2633 = DEFINITIONAL_REPRESENTATION('',(#2634),#2638);
#2634 = LINE('',#2635,#2636);
#2635 = CARTESIAN_POINT('',(0.,-0.));
#2636 = VECTOR('',#2637,1.);
#2637 = DIRECTION('',(0.,1.));
#2638 = ( GEOMETRIC_REPRESENTATION_CONTEXT(2) 
PARAMETRIC_REPRESENTATION_CONTEXT() REPRESENTATION_CONTEXT('2D SPACE',''
  ) );
#2639 = ORIENTED_EDGE('',*,*,#2640,.T.);
#2640 = EDGE_CURVE('',#2618,#2618,#2641,.T.);
#2641 = SURFACE_CURVE('',#2642,(#2647,#2654),.PCURVE_S1.);
#2642 = CIRCLE('',#2643,2.);
#2643 = AXIS2_PLACEMENT_3D('',#2644,#2645,#2646);
#2644 = CARTESIAN_POINT('',(42.1,-12.,30.));
#2645 = DIRECTION('',(0.,1.,0.));
#2646 = DIRECTION('',(0.,-0.,1.));
#2647 = PCURVE('',#510,#2648);
#2648 = DEFINITIONAL_REPRESENTATION('',(#2649),#2653);
#2649 = LINE('',#2650,#2651);
#2650 = CARTESIAN_POINT('',(0.,0.));
#2651 = VECTOR('',#2652,1.);
#2652 = DIRECTION('',(1.,0.));
#2653 = ( GEOMETRIC_REPRESENTATION_CONTEXT(2) 
PARAMETRIC_REPRESENTATION_CONTEXT() REPRESENTATION_CONTEXT('2D SPACE',''
  ) );
#2654 = PCURVE('',#2655,#2660);
#2655 = PLANE('',#2656);
#2656 = AXIS2_PLACEMENT_3D('',#2657,#2658,#2659);
#2657 = CARTESIAN_POINT('',(42.1,-12.,30.));
#2658 = DIRECTION('',(0.,1.,0.));
#2659 = DIRECTION('',(0.,-0.,1.));
#2660 = DEFINITIONAL_REPRESENTATION('',(#2661),#2665);
#2661 = CIRCLE('',#2662,2.);
#2662 = AXIS2_PLACEMENT_2D('',#2663,#2664);
#2663 = CARTESIAN_POINT('',(0.,0.));
#2664 = DIRECTION('',(1.,0.));
#2665 = ( GEOMETRIC_REPRESENTATION_CONTEXT(2) 
PARAMETRIC_REPRESENTATION_CONTEXT() REPRESENTATION_CONTEXT('2D SPACE',''
  ) );
#2666 = ORIENTED_EDGE('',*,*,#2617,.T.);
#2667 = ADVANCED_FACE('',(#2668),#541,.F.);
#2668 = FACE_BOUND('',#2669,.F.);
#2669 = EDGE_LOOP('',(#2670,#2671,#2694,#2721));
#2670 = ORIENTED_EDGE('',*,*,#524,.F.);
#2671 = ORIENTED_EDGE('',*,*,#2672,.F.);
#2672 = EDGE_CURVE('',#2673,#525,#2675,.T.);
#2673 = VERTEX_POINT('',#2674);
#2674 = CARTESIAN_POINT('',(42.1,-12.,62.));
#2675 = SEAM_CURVE('',#2676,(#2680,#2687),.PCURVE_S1.);
#2676 = LINE('',#2677,#2678);
#2677 = CARTESIAN_POINT('',(42.1,-12.,62.));
#2678 = VECTOR('',#2679,1.);
#2679 = DIRECTION('',(0.,1.,0.));
#2680 = PCURVE('',#541,#2681);
#2681 = DEFINITIONAL_REPRESENTATION('',(#2682),#2686);
#2682 = LINE('',#2683,#2684);
#2683 = CARTESIAN_POINT('',(6.28318530718,-0.));
#2684 = VECTOR('',#2685,1.);
#2685 = DIRECTION('',(0.,1.));
#2686 = ( GEOMETRIC_REPRESENTATION_CONTEXT(2) 
PARAMETRIC_REPRESENTATION_CONTEXT() REPRESENTATION_CONTEXT('2D SPACE',''
  ) );
#2687 = PCURVE('',#541,#2688);
#2688 = DEFINITIONAL_REPRESENTATION('',(#2689),#2693);
#2689 = LINE('',#2690,#2691);
#2690 = CARTESIAN_POINT('',(0.,-0.));
#2691 = VECTOR('',#2692,1.);
#2692 = DIRECTION('',(0.,1.));
#2693 = ( GEOMETRIC_REPRESENTATION_CONTEXT(2) 
PARAMETRIC_REPRESENTATION_CONTEXT() REPRESENTATION_CONTEXT('2D SPACE',''
  ) );
#2694 = ORIENTED_EDGE('',*,*,#2695,.T.);
#2695 = EDGE_CURVE('',#2673,#2673,#2696,.T.);
#2696 = SURFACE_CURVE('',#2697,(#2702,#2709),.PCURVE_S1.);
#2697 = CIRCLE('',#2698,2.);
#2698 = AXIS2_PLACEMENT_3D('',#2699,#2700,#2701);
#2699 = CARTESIAN_POINT('',(42.1,-12.,60.));
#2700 = DIRECTION('',(0.,1.,0.));
#2701 = DIRECTION('',(0.,-0.,1.));
#2702 = PCURVE('',#541,#2703);
#2703 = DEFINITIONAL_REPRESENTATION('',(#2704),#2708);
#2704 = LINE('',#2705,#2706);
#2705 = CARTESIAN_POINT('',(0.,0.));
#2706 = VECTOR('',#2707,1.);
#2707 = DIRECTION('',(1.,0.));
#2708 = ( GEOMETRIC_REPRESENTATION_CONTEXT(2) 
PARAMETRIC_REPRESENTATION_CONTEXT() REPRESENTATION_CONTEXT('2D SPACE',''
  ) );
#2709 = PCURVE('',#2710,#2715);
#2710 = PLANE('',#2711);
#2711 = AXIS2_PLACEMENT_3D('',#2712,#2713,#2714);
#2712 = CARTESIAN_POINT('',(42.1,-12.,60.));
#2713 = DIRECTION('',(0.,1.,0.));
#2714 = DIRECTION('',(0.,-0.,1.));
#2715 = DEFINITIONAL_REPRESENTATION('',(#2716),#2720);
#2716 = CIRCLE('',#2717,2.);
#2717 = AXIS2_PLACEMENT_2D('',#2718,#2719);
#2718 = CARTESIAN_POINT('',(0.,0.));
#2719 = DIRECTION('',(1.,0.));
#2720 = ( GEOMETRIC_REPRESENTATION_CONTEXT(2) 
PARAMETRIC_REPRESENTATION_CONTEXT() REPRESENTATION_CONTEXT('2D SPACE',''
  ) );
#2721 = ORIENTED_EDGE('',*,*,#2672,.T.);
#2722 = ADVANCED_FACE('',(#2723),#762,.F.);
#2723 = FACE_BOUND('',#2724,.F.);
#2724 = EDGE_LOOP('',(#2725,#2726,#2727,#2749));
#2725 = ORIENTED_EDGE('',*,*,#742,.F.);
#2726 = ORIENTED_EDGE('',*,*,#949,.T.);
#2727 = ORIENTED_EDGE('',*,*,#2728,.T.);
#2728 = EDGE_CURVE('',#902,#2729,#2731,.T.);
#2729 = VERTEX_POINT('',#2730);
#2730 = CARTESIAN_POINT('',(-36.75001052657,-0.750000214828,98.999));
#2731 = SURFACE_CURVE('',#2732,(#2735,#2742),.PCURVE_S1.);
#2732 = B_SPLINE_CURVE_WITH_KNOTS('',1,(#2733,#2734),.UNSPECIFIED.,.F.,
  .F.,(2,2),(0.,1.),.PIECEWISE_BEZIER_KNOTS.);
#2733 = CARTESIAN_POINT('',(-37.79213073791,-0.771267974243,0.));
#2734 = CARTESIAN_POINT('',(-36.75,-0.75,99.));
#2735 = PCURVE('',#762,#2736);
#2736 = DEFINITIONAL_REPRESENTATION('',(#2737),#2741);
#2737 = LINE('',#2738,#2739);
#2738 = CARTESIAN_POINT('',(6.28318530718,0.));
#2739 = VECTOR('',#2740,1.);
#2740 = DIRECTION('',(0.,1.));
#2741 = ( GEOMETRIC_REPRESENTATION_CONTEXT(2) 
PARAMETRIC_REPRESENTATION_CONTEXT() REPRESENTATION_CONTEXT('2D SPACE',''
  ) );
#2742 = PCURVE('',#918,#2743);
#2743 = DEFINITIONAL_REPRESENTATION('',(#2744),#2748);
#2744 = LINE('',#2745,#2746);
#2745 = CARTESIAN_POINT('',(-73.5,0.));
#2746 = VECTOR('',#2747,1.);
#2747 = DIRECTION('',(0.,1.));
#2748 = ( GEOMETRIC_REPRESENTATION_CONTEXT(2) 
PARAMETRIC_REPRESENTATION_CONTEXT() REPRESENTATION_CONTEXT('2D SPACE',''
  ) );
#2749 = ORIENTED_EDGE('',*,*,#2750,.T.);
#2750 = EDGE_CURVE('',#2729,#717,#2751,.T.);
#2751 = SURFACE_CURVE('',#2752,(#2854,#2959),.PCURVE_S1.);
#2752 = B_SPLINE_CURVE_WITH_KNOTS('',4,(#2753,#2754,#2755,#2756,#2757,
    #2758,#2759,#2760,#2761,#2762,#2763,#2764,#2765,#2766,#2767,#2768,
    #2769,#2770,#2771,#2772,#2773,#2774,#2775,#2776,#2777,#2778,#2779,
    #2780,#2781,#2782,#2783,#2784,#2785,#2786,#2787,#2788,#2789,#2790,
    #2791,#2792,#2793,#2794,#2795,#2796,#2797,#2798,#2799,#2800,#2801,
    #2802,#2803,#2804,#2805,#2806,#2807,#2808,#2809,#2810,#2811,#2812,
    #2813,#2814,#2815,#2816,#2817,#2818,#2819,#2820,#2821,#2822,#2823,
    #2824,#2825,#2826,#2827,#2828,#2829,#2830,#2831,#2832,#2833,#2834,
    #2835,#2836,#2837,#2838,#2839,#2840,#2841,#2842,#2843,#2844,#2845,
    #2846,#2847,#2848,#2849,#2850,#2851,#2852,#2853),.UNSPECIFIED.,.F.,
  .F.,(5,3,3,3,3,3,3,3,3,3,3,3,3,3,3,3,3,3,3,3,3,3,3,3,3,3,3,3,3,3,3,3,3
    ,5),(0.,1.799997631574E-02,7.099992223448E-02,9.999989547102E-02,
    0.127999868873,0.146999850311,0.1829998146,0.295999691568,
    0.326999675191,0.355999664585,0.384999658499,0.413999656682,
    0.433999657725,0.462999662142,0.483999667253,0.508999675093,
    0.537999686168,0.557999694849,0.584999707631,0.613999722487,
    0.642999738317,0.671999754997,0.699999771868,0.728999790128,
    0.753999806552,0.781999825708,0.800999839199,0.82999986052,
    0.857999881956,0.893999910587,0.921999933654,0.949999957221,
    0.978999981968,1.),.UNSPECIFIED.);
#2753 = CARTESIAN_POINT('',(-36.75001052657,-0.750000214828,98.999));
#2754 = CARTESIAN_POINT('',(-36.75533402299,-0.750000179629,98.999));
#2755 = CARTESIAN_POINT('',(-36.76065752016,-0.749949762535,98.999));
#2756 = CARTESIAN_POINT('',(-36.76598030255,-0.749848963527,98.999));
#2757 = CARTESIAN_POINT('',(-36.78697008627,-0.749252718667,98.999));
#2758 = CARTESIAN_POINT('',(-36.80262612283,-0.74837101117,98.999));
#2759 = CARTESIAN_POINT('',(-36.81825149667,-0.747053198963,98.999));
#2760 = CARTESIAN_POINT('',(-36.84235107027,-0.744342749935,98.999));
#2761 = CARTESIAN_POINT('',(-36.85085947492,-0.743254220032,98.999));
#2762 = CARTESIAN_POINT('',(-36.85935029061,-0.742036068041,98.999));
#2763 = CARTESIAN_POINT('',(-36.87599875625,-0.739387918524,98.999));
#2764 = CARTESIAN_POINT('',(-36.8841577988,-0.737966674446,98.999));
#2765 = CARTESIAN_POINT('',(-36.89229503102,-0.736425454625,98.999));
#2766 = CARTESIAN_POINT('',(-36.90591291814,-0.733637925633,98.999));
#2767 = CARTESIAN_POINT('',(-36.91140676396,-0.732456056925,98.999));
#2768 = CARTESIAN_POINT('',(-36.91688852824,-0.731219361616,98.999));
#2769 = CARTESIAN_POINT('',(-36.9327194502,-0.727481305225,98.999));
#2770 = CARTESIAN_POINT('',(-36.94303519621,-0.72483844235,98.999));
#2771 = CARTESIAN_POINT('',(-36.95329905989,-0.722000759796,98.999));
#2772 = CARTESIAN_POINT('',(-36.99554260394,-0.709456314757,98.999));
#2773 = CARTESIAN_POINT('',(-37.02701452476,-0.698039272751,98.999));
#2774 = CARTESIAN_POINT('',(-37.05775114613,-0.684769332224,98.999));
#2775 = CARTESIAN_POINT('',(-37.09578088931,-0.665599546145,98.999));
#2776 = CARTESIAN_POINT('',(-37.10390058845,-0.661339274073,98.999));
#2777 = CARTESIAN_POINT('',(-37.11194976131,-0.656947205665,98.999));
#2778 = CARTESIAN_POINT('',(-37.12738615154,-0.64819482639,98.999));
#2779 = CARTESIAN_POINT('',(-37.13478257268,-0.643850747676,98.999));
#2780 = CARTESIAN_POINT('',(-37.14211188997,-0.639394382858,98.999));
#2781 = CARTESIAN_POINT('',(-37.1566312535,-0.630260266379,98.999));
#2782 = CARTESIAN_POINT('',(-37.16382129992,-0.625582514551,98.999));
#2783 = CARTESIAN_POINT('',(-37.17093917818,-0.620795662547,98.999));
#2784 = CARTESIAN_POINT('',(-37.18502568585,-0.611007171776,98.999));
#2785 = CARTESIAN_POINT('',(-37.19199431544,-0.606005532838,98.999));
#2786 = CARTESIAN_POINT('',(-37.1988858635,-0.600898207879,98.999));
#2787 = CARTESIAN_POINT('',(-37.21039594772,-0.592093087796,98.999));
#2788 = CARTESIAN_POINT('',(-37.21505614964,-0.588449758639,98.999));
#2789 = CARTESIAN_POINT('',(-37.21967778026,-0.584757623307,98.999));
#2790 = CARTESIAN_POINT('',(-37.23090441391,-0.575593836188,98.999));
#2791 = CARTESIAN_POINT('',(-37.23746605414,-0.57006905952,98.999));
#2792 = CARTESIAN_POINT('',(-37.24394268246,-0.564444864012,98.999));
#2793 = CARTESIAN_POINT('',(-37.25495886851,-0.554580003965,98.999));
#2794 = CARTESIAN_POINT('',(-37.25953992006,-0.550385676148,98.999));
#2795 = CARTESIAN_POINT('',(-37.26407437858,-0.546141019703,98.999));
#2796 = CARTESIAN_POINT('',(-37.27390314381,-0.536734677104,98.999));
#2797 = CARTESIAN_POINT('',(-37.27917766799,-0.53155231976,98.999));
#2798 = CARTESIAN_POINT('',(-37.28438361129,-0.526301073058,98.999));
#2799 = CARTESIAN_POINT('',(-37.2954774388,-0.51481255665,98.999));
#2800 = CARTESIAN_POINT('',(-37.30134116148,-0.508551955088,98.999));
#2801 = CARTESIAN_POINT('',(-37.30710873219,-0.50220266304,98.999));
#2802 = CARTESIAN_POINT('',(-37.31668813287,-0.491328485323,98.999));
#2803 = CARTESIAN_POINT('',(-37.32055141969,-0.486848929593,98.999));
#2804 = CARTESIAN_POINT('',(-37.32436738511,-0.482328994416,98.999));
#2805 = CARTESIAN_POINT('',(-37.33322222986,-0.471614032247,98.999));
#2806 = CARTESIAN_POINT('',(-37.33822167329,-0.465386415161,98.999));
#2807 = CARTESIAN_POINT('',(-37.34313219632,-0.459088445972,98.999));
#2808 = CARTESIAN_POINT('',(-37.35312953475,-0.445884067937,98.999));
#2809 = CARTESIAN_POINT('',(-37.35820246507,-0.438967146081,98.999));
#2810 = CARTESIAN_POINT('',(-37.36316932661,-0.431973669141,98.999));
#2811 = CARTESIAN_POINT('',(-37.37288752236,-0.417838535335,98.999));
#2812 = CARTESIAN_POINT('',(-37.37763885672,-0.41069687826,98.999));
#2813 = CARTESIAN_POINT('',(-37.38228073254,-0.403483596381,98.999));
#2814 = CARTESIAN_POINT('',(-37.39134240639,-0.388918863134,98.999));
#2815 = CARTESIAN_POINT('',(-37.39576220454,-0.381567411554,98.999));
#2816 = CARTESIAN_POINT('',(-37.40006938343,-0.3741494153,98.999));
#2817 = CARTESIAN_POINT('',(-37.40831098805,-0.359443550437,98.999));
#2818 = CARTESIAN_POINT('',(-37.41225314594,-0.352160014915,98.999));
#2819 = CARTESIAN_POINT('',(-37.41608763771,-0.344819226567,98.999));
#2820 = CARTESIAN_POINT('',(-37.42367192389,-0.329763823757,98.999));
#2821 = CARTESIAN_POINT('',(-37.42741380256,-0.322045221407,98.999));
#2822 = CARTESIAN_POINT('',(-37.431037542,-0.314270454975,98.999));
#2823 = CARTESIAN_POINT('',(-37.43756293536,-0.299693806611,98.999));
#2824 = CARTESIAN_POINT('',(-37.44049524582,-0.29290564825,98.999));
#2825 = CARTESIAN_POINT('',(-37.44333806819,-0.28607952921,98.999));
#2826 = CARTESIAN_POINT('',(-37.44917362438,-0.271531450996,98.999));
#2827 = CARTESIAN_POINT('',(-37.45214341097,-0.26380028698,98.999));
#2828 = CARTESIAN_POINT('',(-37.45499904635,-0.256026235372,98.999));
#2829 = CARTESIAN_POINT('',(-37.45959932762,-0.242909209638,98.999));
#2830 = CARTESIAN_POINT('',(-37.46140604354,-0.2375880041,98.999));
#2831 = CARTESIAN_POINT('',(-37.4631595088,-0.232249014385,98.999));
#2832 = CARTESIAN_POINT('',(-37.46745414489,-0.218718137409,98.999));
#2833 = CARTESIAN_POINT('',(-37.46992417318,-0.2105036696,98.999));
#2834 = CARTESIAN_POINT('',(-37.47226864877,-0.202252490407,98.999));
#2835 = CARTESIAN_POINT('',(-37.47662845936,-0.185968178485,98.999));
#2836 = CARTESIAN_POINT('',(-37.47865235637,-0.177937337843,98.999));
#2837 = CARTESIAN_POINT('',(-37.48055779267,-0.169877568903,98.999));
#2838 = CARTESIAN_POINT('',(-37.48464098077,-0.151395127599,98.999));
#2839 = CARTESIAN_POINT('',(-37.48674099124,-0.140955279856,98.999));
#2840 = CARTESIAN_POINT('',(-37.48864298426,-0.13047754671,98.999));
#2841 = CARTESIAN_POINT('',(-37.49167064664,-0.111793157974,98.999));
#2842 = CARTESIAN_POINT('',(-37.49287490685,-0.103599237033,98.999));
#2843 = CARTESIAN_POINT('',(-37.49395839429,-9.538847338305E-02,98.999)
  );
#2844 = CARTESIAN_POINT('',(-37.49588319779,-7.893860942102E-02,98.999)
  );
#2845 = CARTESIAN_POINT('',(-37.49672451388,-7.069950890289E-02,98.999)
  );
#2846 = CARTESIAN_POINT('',(-37.4974444314,-6.244891437325E-02,98.999));
#2847 = CARTESIAN_POINT('',(-37.49866244895,-4.563512983125E-02,98.999)
  );
#2848 = CARTESIAN_POINT('',(-37.49915170867,-3.707129918217E-02,98.999)
  );
#2849 = CARTESIAN_POINT('',(-37.49951031886,-2.850100339194E-02,98.999)
  );
#2850 = CARTESIAN_POINT('',(-37.49990321741,-1.371864073698E-02,98.999)
  );
#2851 = CARTESIAN_POINT('',(-37.49999968368,-7.508226354247E-03,98.999)
  );
#2852 = CARTESIAN_POINT('',(-37.50002756864,-1.297125402573E-03,98.999)
  );
#2853 = CARTESIAN_POINT('',(-37.49998687973,4.913526261873E-03,98.999));
#2854 = PCURVE('',#762,#2855);
#2855 = DEFINITIONAL_REPRESENTATION('',(#2856),#2958);
#2856 = B_SPLINE_CURVE_WITH_KNOTS('',4,(#2857,#2858,#2859,#2860,#2861,
    #2862,#2863,#2864,#2865,#2866,#2867,#2868,#2869,#2870,#2871,#2872,
    #2873,#2874,#2875,#2876,#2877,#2878,#2879,#2880,#2881,#2882,#2883,
    #2884,#2885,#2886,#2887,#2888,#2889,#2890,#2891,#2892,#2893,#2894,
    #2895,#2896,#2897,#2898,#2899,#2900,#2901,#2902,#2903,#2904,#2905,
    #2906,#2907,#2908,#2909,#2910,#2911,#2912,#2913,#2914,#2915,#2916,
    #2917,#2918,#2919,#2920,#2921,#2922,#2923,#2924,#2925,#2926,#2927,
    #2928,#2929,#2930,#2931,#2932,#2933,#2934,#2935,#2936,#2937,#2938,
    #2939,#2940,#2941,#2942,#2943,#2944,#2945,#2946,#2947,#2948,#2949,
    #2950,#2951,#2952,#2953,#2954,#2955,#2956,#2957),.UNSPECIFIED.,.F.,
  .F.,(5,3,3,3,3,3,3,3,3,3,3,3,3,3,3,3,3,3,3,3,3,3,3,3,3,3,3,3,3,3,3,3,3
    ,5),(0.,1.799997631574E-02,7.099992223448E-02,9.999989547102E-02,
    0.127999868873,0.146999850311,0.1829998146,0.295999691568,
    0.326999675191,0.355999664585,0.384999658499,0.413999656682,
    0.433999657725,0.462999662142,0.483999667253,0.508999675093,
    0.537999686168,0.557999694849,0.584999707631,0.613999722487,
    0.642999738317,0.671999754997,0.699999771868,0.728999790128,
    0.753999806552,0.781999825708,0.800999839199,0.82999986052,
    0.857999881956,0.893999910587,0.921999933654,0.949999957221,
    0.978999981968,1.),.UNSPECIFIED.);
#2857 = CARTESIAN_POINT('',(6.28318530718,0.99998989899));
#2858 = CARTESIAN_POINT('',(6.276087241205,0.99998989899));
#2859 = CARTESIAN_POINT('',(6.268989176025,0.99998989899));
#2860 = CARTESIAN_POINT('',(6.261891111468,0.99998989899));
#2861 = CARTESIAN_POINT('',(6.233893185948,0.99998989899));
#2862 = CARTESIAN_POINT('',(6.212993328242,0.99998989899));
#2863 = CARTESIAN_POINT('',(6.192093471658,0.99998989899));
#2864 = CARTESIAN_POINT('',(6.15975784459,0.99998989899));
#2865 = CARTESIAN_POINT('',(6.148322073371,0.99998989899));
#2866 = CARTESIAN_POINT('',(6.136886302069,0.99998989899));
#2867 = CARTESIAN_POINT('',(6.114409096518,0.99998989899));
#2868 = CARTESIAN_POINT('',(6.103367662229,0.99998989899));
#2869 = CARTESIAN_POINT('',(6.09232622779,0.99998989899));
#2870 = CARTESIAN_POINT('',(6.073792391443,0.99998989899));
#2871 = CARTESIAN_POINT('',(6.066299989576,0.99998989899));
#2872 = CARTESIAN_POINT('',(6.05880758766,0.99998989899));
#2873 = CARTESIAN_POINT('',(6.037119055922,0.99998989899));
#2874 = CARTESIAN_POINT('',(6.022922925937,0.99998989899));
#2875 = CARTESIAN_POINT('',(6.008726795943,0.99998989899));
#2876 = CARTESIAN_POINT('',(5.949970596475,0.99998989899));
#2877 = CARTESIAN_POINT('',(5.90541050574,0.99998989899));
#2878 = CARTESIAN_POINT('',(5.860850421675,0.99998989899));
#2879 = CARTESIAN_POINT('',(5.804065922557,0.99998989899));
#2880 = CARTESIAN_POINT('',(5.791841477011,0.99998989899));
#2881 = CARTESIAN_POINT('',(5.779617032144,0.99998989899));
#2882 = CARTESIAN_POINT('',(5.755956815811,0.99998989899));
#2883 = CARTESIAN_POINT('',(5.744521044199,0.99998989899));
#2884 = CARTESIAN_POINT('',(5.733085273195,0.99998989899));
#2885 = CARTESIAN_POINT('',(5.710213730646,0.99998989899));
#2886 = CARTESIAN_POINT('',(5.698777959052,0.99998989899));
#2887 = CARTESIAN_POINT('',(5.687342188044,0.99998989899));
#2888 = CARTESIAN_POINT('',(5.664470645521,0.99998989899));
#2889 = CARTESIAN_POINT('',(5.653034873955,0.99998989899));
#2890 = CARTESIAN_POINT('',(5.641599102929,0.99998989899));
#2891 = CARTESIAN_POINT('',(5.622276593261,0.99998989899));
#2892 = CARTESIAN_POINT('',(5.614389854323,0.99998989899));
#2893 = CARTESIAN_POINT('',(5.606503115617,0.99998989899));
#2894 = CARTESIAN_POINT('',(5.587180605191,0.99998989899));
#2895 = CARTESIAN_POINT('',(5.575744833685,0.99998989899));
#2896 = CARTESIAN_POINT('',(5.564309062607,0.99998989899));
#2897 = CARTESIAN_POINT('',(5.544592215888,0.99998989899));
#2898 = CARTESIAN_POINT('',(5.53631114003,0.99998989899));
#2899 = CARTESIAN_POINT('',(5.528030064363,0.99998989899));
#2900 = CARTESIAN_POINT('',(5.509890564997,0.99998989899));
#2901 = CARTESIAN_POINT('',(5.500032141354,0.99998989899));
#2902 = CARTESIAN_POINT('',(5.490173717943,0.99998989899));
#2903 = CARTESIAN_POINT('',(5.468879523075,0.99998989899));
#2904 = CARTESIAN_POINT('',(5.457443751654,0.99998989899));
#2905 = CARTESIAN_POINT('',(5.446007980485,0.99998989899));
#2906 = CARTESIAN_POINT('',(5.426685470591,0.99998989899));
#2907 = CARTESIAN_POINT('',(5.418798731719,0.99998989899));
#2908 = CARTESIAN_POINT('',(5.410911992945,0.99998989899));
#2909 = CARTESIAN_POINT('',(5.392378156629,0.99998989899));
#2910 = CARTESIAN_POINT('',(5.38173105914,0.99998989899));
#2911 = CARTESIAN_POINT('',(5.371083961798,0.99998989899));
#2912 = CARTESIAN_POINT('',(5.349001093108,0.99998989899));
#2913 = CARTESIAN_POINT('',(5.337565321736,0.99998989899));
#2914 = CARTESIAN_POINT('',(5.326129550503,0.99998989899));
#2915 = CARTESIAN_POINT('',(5.303258007955,0.99998989899));
#2916 = CARTESIAN_POINT('',(5.291822236592,0.99998989899));
#2917 = CARTESIAN_POINT('',(5.280386465345,0.99998989899));
#2918 = CARTESIAN_POINT('',(5.257514922787,0.99998989899));
#2919 = CARTESIAN_POINT('',(5.246079151426,0.99998989899));
#2920 = CARTESIAN_POINT('',(5.234643380171,0.99998989899));
#2921 = CARTESIAN_POINT('',(5.212166174555,0.99998989899));
#2922 = CARTESIAN_POINT('',(5.20112474014,0.99998989899));
#2923 = CARTESIAN_POINT('',(5.190083305822,0.99998989899));
#2924 = CARTESIAN_POINT('',(5.16760610018,0.99998989899));
#2925 = CARTESIAN_POINT('',(5.156170328816,0.99998989899));
#2926 = CARTESIAN_POINT('',(5.144734557559,0.99998989899));
#2927 = CARTESIAN_POINT('',(5.123440362787,0.99998989899));
#2928 = CARTESIAN_POINT('',(5.113581939206,0.99998989899));
#2929 = CARTESIAN_POINT('',(5.103723515709,0.99998989899));
#2930 = CARTESIAN_POINT('',(5.082823657802,0.99998989899));
#2931 = CARTESIAN_POINT('',(5.07178222338,0.99998989899));
#2932 = CARTESIAN_POINT('',(5.060740789068,0.99998989899));
#2933 = CARTESIAN_POINT('',(5.042206952928,0.99998989899));
#2934 = CARTESIAN_POINT('',(5.034714551016,0.99998989899));
#2935 = CARTESIAN_POINT('',(5.027222149156,0.99998989899));
#2936 = CARTESIAN_POINT('',(5.008293975887,0.99998989899));
#2937 = CARTESIAN_POINT('',(4.996858204518,0.99998989899));
#2938 = CARTESIAN_POINT('',(4.985422433269,0.99998989899));
#2939 = CARTESIAN_POINT('',(4.962945227657,0.99998989899));
#2940 = CARTESIAN_POINT('',(4.951903793239,0.99998989899));
#2941 = CARTESIAN_POINT('',(4.940862358928,0.99998989899));
#2942 = CARTESIAN_POINT('',(4.91562479465,0.99998989899));
#2943 = CARTESIAN_POINT('',(4.901428664655,0.99998989899));
#2944 = CARTESIAN_POINT('',(4.88723253482,0.99998989899));
#2945 = CARTESIAN_POINT('',(4.861994970734,0.99998989899));
#2946 = CARTESIAN_POINT('',(4.850953536335,0.99998989899));
#2947 = CARTESIAN_POINT('',(4.839912102012,0.99998989899));
#2948 = CARTESIAN_POINT('',(4.817829233343,0.99998989899));
#2949 = CARTESIAN_POINT('',(4.806787798955,0.99998989899));
#2950 = CARTESIAN_POINT('',(4.795746364622,0.99998989899));
#2951 = CARTESIAN_POINT('',(4.773269159014,0.99998989899));
#2952 = CARTESIAN_POINT('',(4.761833387696,0.99998989899));
#2953 = CARTESIAN_POINT('',(4.75039761641,0.99998989899));
#2954 = CARTESIAN_POINT('',(4.730680769394,0.99998989899));
#2955 = CARTESIAN_POINT('',(4.722399693626,0.99998989899));
#2956 = CARTESIAN_POINT('',(4.714118617862,0.99998989899));
#2957 = CARTESIAN_POINT('',(4.7058375421,0.99998989899));
#2958 = ( GEOMETRIC_REPRESENTATION_CONTEXT(2) 
PARAMETRIC_REPRESENTATION_CONTEXT() REPRESENTATION_CONTEXT('2D SPACE',''
  ) );
#2959 = PCURVE('',#731,#2960);
#2960 = DEFINITIONAL_REPRESENTATION('',(#2961),#2964);
#2961 = B_SPLINE_CURVE_WITH_KNOTS('',1,(#2962,#2963),.UNSPECIFIED.,.F.,
  .F.,(2,2),(0.,0.9985656555),.PIECEWISE_BEZIER_KNOTS.);
#2962 = CARTESIAN_POINT('',(1.403542679697E-05,0.));
#2963 = CARTESIAN_POINT('',(1.575085274815,0.));
#2964 = ( GEOMETRIC_REPRESENTATION_CONTEXT(2) 
PARAMETRIC_REPRESENTATION_CONTEXT() REPRESENTATION_CONTEXT('2D SPACE',''
  ) );
#2965 = ADVANCED_FACE('',(#2966),#731,.F.);
#2966 = FACE_BOUND('',#2967,.F.);
#2967 = EDGE_LOOP('',(#2968,#2998,#3021,#3042,#3043));
#2968 = ORIENTED_EDGE('',*,*,#2969,.F.);
#2969 = EDGE_CURVE('',#2970,#2729,#2972,.T.);
#2970 = VERTEX_POINT('',#2971);
#2971 = CARTESIAN_POINT('',(-36.75,-0.75,98.999));
#2972 = SURFACE_CURVE('',#2973,(#2981,#2987),.PCURVE_S1.);
#2973 = B_SPLINE_CURVE_WITH_KNOTS('',6,(#2974,#2975,#2976,#2977,#2978,
    #2979,#2980),.UNSPECIFIED.,.F.,.F.,(7,7),(0.,1.),
  .PIECEWISE_BEZIER_KNOTS.);
#2974 = CARTESIAN_POINT('',(36.750010526573,-0.750000214828,98.999));
#2975 = CARTESIAN_POINT('',(24.500068628735,-0.750197497232,98.999));
#2976 = CARTESIAN_POINT('',(12.250066150257,-0.750392092164,98.999));
#2977 = CARTESIAN_POINT('',(1.373174995933E-08,-0.750490903036,98.999));
#2978 = CARTESIAN_POINT('',(-12.2500661639,-0.750392092379,98.999));
#2979 = CARTESIAN_POINT('',(-24.50006862873,-0.750197497232,98.999));
#2980 = CARTESIAN_POINT('',(-36.75001052657,-0.750000214828,98.999));
#2981 = PCURVE('',#731,#2982);
#2982 = DEFINITIONAL_REPRESENTATION('',(#2983),#2986);
#2983 = B_SPLINE_CURVE_WITH_KNOTS('',1,(#2984,#2985),.UNSPECIFIED.,.F.,
  .F.,(2,2),(0.999999856781,1.),.PIECEWISE_BEZIER_KNOTS.);
#2984 = CARTESIAN_POINT('',(0.,0.));
#2985 = CARTESIAN_POINT('',(1.403542679697E-05,0.));
#2986 = ( GEOMETRIC_REPRESENTATION_CONTEXT(2) 
PARAMETRIC_REPRESENTATION_CONTEXT() REPRESENTATION_CONTEXT('2D SPACE',''
  ) );
#2987 = PCURVE('',#918,#2988);
#2988 = DEFINITIONAL_REPRESENTATION('',(#2989),#2997);
#2989 = B_SPLINE_CURVE_WITH_KNOTS('',6,(#2990,#2991,#2992,#2993,#2994,
    #2995,#2996),.UNSPECIFIED.,.F.,.F.,(7,7),(0.,1.),
  .PIECEWISE_BEZIER_KNOTS.);
#2990 = CARTESIAN_POINT('',(0.,0.99998989899));
#2991 = CARTESIAN_POINT('',(-12.25006160966,0.99998989899));
#2992 = CARTESIAN_POINT('',(-24.50006264056,0.99998989899));
#2993 = CARTESIAN_POINT('',(-36.75000001373,0.99998989899));
#2994 = CARTESIAN_POINT('',(-48.99993734576,0.99998989899));
#2995 = CARTESIAN_POINT('',(-61.24993839034,0.99998989899));
#2996 = CARTESIAN_POINT('',(-73.5,0.99998989899));
#2997 = ( GEOMETRIC_REPRESENTATION_CONTEXT(2) 
PARAMETRIC_REPRESENTATION_CONTEXT() REPRESENTATION_CONTEXT('2D SPACE',''
  ) );
#2998 = ORIENTED_EDGE('',*,*,#2999,.T.);
#2999 = EDGE_CURVE('',#2970,#3000,#3002,.T.);
#3000 = VERTEX_POINT('',#3001);
#3001 = CARTESIAN_POINT('',(-36.75,-0.75,107.5));
#3002 = SURFACE_CURVE('',#3003,(#3007,#3014),.PCURVE_S1.);
#3003 = LINE('',#3004,#3005);
#3004 = CARTESIAN_POINT('',(-36.75,-0.75,98.999));
#3005 = VECTOR('',#3006,1.);
#3006 = DIRECTION('',(0.,0.,1.));
#3007 = PCURVE('',#731,#3008);
#3008 = DEFINITIONAL_REPRESENTATION('',(#3009),#3013);
#3009 = LINE('',#3010,#3011);
#3010 = CARTESIAN_POINT('',(0.,0.));
#3011 = VECTOR('',#3012,1.);
#3012 = DIRECTION('',(0.,-1.));
#3013 = ( GEOMETRIC_REPRESENTATION_CONTEXT(2) 
PARAMETRIC_REPRESENTATION_CONTEXT() REPRESENTATION_CONTEXT('2D SPACE',''
  ) );
#3014 = PCURVE('',#2457,#3015);
#3015 = DEFINITIONAL_REPRESENTATION('',(#3016),#3020);
#3016 = LINE('',#3017,#3018);
#3017 = CARTESIAN_POINT('',(73.5,0.));
#3018 = VECTOR('',#3019,1.);
#3019 = DIRECTION('',(0.,-1.));
#3020 = ( GEOMETRIC_REPRESENTATION_CONTEXT(2) 
PARAMETRIC_REPRESENTATION_CONTEXT() REPRESENTATION_CONTEXT('2D SPACE',''
  ) );
#3021 = ORIENTED_EDGE('',*,*,#3022,.T.);
#3022 = EDGE_CURVE('',#3000,#691,#3023,.T.);
#3023 = SURFACE_CURVE('',#3024,(#3029,#3036),.PCURVE_S1.);
#3024 = CIRCLE('',#3025,0.75);
#3025 = AXIS2_PLACEMENT_3D('',#3026,#3027,#3028);
#3026 = CARTESIAN_POINT('',(-36.75,0.,107.5));
#3027 = DIRECTION('',(0.,-0.,-1.));
#3028 = DIRECTION('',(0.,-1.,0.));
#3029 = PCURVE('',#731,#3030);
#3030 = DEFINITIONAL_REPRESENTATION('',(#3031),#3035);
#3031 = LINE('',#3032,#3033);
#3032 = CARTESIAN_POINT('',(0.,-8.501));
#3033 = VECTOR('',#3034,1.);
#3034 = DIRECTION('',(1.,0.));
#3035 = ( GEOMETRIC_REPRESENTATION_CONTEXT(2) 
PARAMETRIC_REPRESENTATION_CONTEXT() REPRESENTATION_CONTEXT('2D SPACE',''
  ) );
#3036 = PCURVE('',#705,#3037);
#3037 = DEFINITIONAL_REPRESENTATION('',(#3038),#3041);
#3038 = B_SPLINE_CURVE_WITH_KNOTS('',1,(#3039,#3040),.UNSPECIFIED.,.F.,
  .F.,(2,2),(0.,3.14159265359),.PIECEWISE_BEZIER_KNOTS.);
#3039 = CARTESIAN_POINT('',(0.,0.));
#3040 = CARTESIAN_POINT('',(-3.14159265359,0.));
#3041 = ( GEOMETRIC_REPRESENTATION_CONTEXT(2) 
PARAMETRIC_REPRESENTATION_CONTEXT() REPRESENTATION_CONTEXT('2D SPACE',''
  ) );
#3042 = ORIENTED_EDGE('',*,*,#716,.T.);
#3043 = ORIENTED_EDGE('',*,*,#2750,.F.);
#3044 = ADVANCED_FACE('',(#3045),#705,.F.);
#3045 = FACE_BOUND('',#3046,.T.);
#3046 = EDGE_LOOP('',(#3047,#3065,#3066,#3067));
#3047 = ORIENTED_EDGE('',*,*,#3048,.F.);
#3048 = EDGE_CURVE('',#3000,#2336,#3049,.T.);
#3049 = SURFACE_CURVE('',#3050,(#3053,#3059),.PCURVE_S1.);
#3050 = B_SPLINE_CURVE_WITH_KNOTS('',1,(#3051,#3052),.UNSPECIFIED.,.F.,
  .F.,(2,2),(0.,1.),.PIECEWISE_BEZIER_KNOTS.);
#3051 = CARTESIAN_POINT('',(-36.75,-0.75,107.5));
#3052 = CARTESIAN_POINT('',(-36.75,-2.25,109.));
#3053 = PCURVE('',#705,#3054);
#3054 = DEFINITIONAL_REPRESENTATION('',(#3055),#3058);
#3055 = B_SPLINE_CURVE_WITH_KNOTS('',1,(#3056,#3057),.UNSPECIFIED.,.F.,
  .F.,(2,2),(0.,1.),.PIECEWISE_BEZIER_KNOTS.);
#3056 = CARTESIAN_POINT('',(0.,0.));
#3057 = CARTESIAN_POINT('',(0.,1.5));
#3058 = ( GEOMETRIC_REPRESENTATION_CONTEXT(2) 
PARAMETRIC_REPRESENTATION_CONTEXT() REPRESENTATION_CONTEXT('2D SPACE',''
  ) );
#3059 = PCURVE('',#2351,#3060);
#3060 = DEFINITIONAL_REPRESENTATION('',(#3061),#3064);
#3061 = B_SPLINE_CURVE_WITH_KNOTS('',1,(#3062,#3063),.UNSPECIFIED.,.F.,
  .F.,(2,2),(0.,1.),.PIECEWISE_BEZIER_KNOTS.);
#3062 = CARTESIAN_POINT('',(73.5,-2.12132034356));
#3063 = CARTESIAN_POINT('',(73.5,0.));
#3064 = ( GEOMETRIC_REPRESENTATION_CONTEXT(2) 
PARAMETRIC_REPRESENTATION_CONTEXT() REPRESENTATION_CONTEXT('2D SPACE',''
  ) );
#3065 = ORIENTED_EDGE('',*,*,#3022,.T.);
#3066 = ORIENTED_EDGE('',*,*,#690,.T.);
#3067 = ORIENTED_EDGE('',*,*,#2363,.F.);
#3068 = ADVANCED_FACE('',(#3069),#830,.F.);
#3069 = FACE_BOUND('',#3070,.F.);
#3070 = EDGE_LOOP('',(#3071,#3072,#3095,#3122));
#3071 = ORIENTED_EDGE('',*,*,#813,.F.);
#3072 = ORIENTED_EDGE('',*,*,#3073,.F.);
#3073 = EDGE_CURVE('',#3074,#814,#3076,.T.);
#3074 = VERTEX_POINT('',#3075);
#3075 = CARTESIAN_POINT('',(-42.1,-12.,32.));
#3076 = SEAM_CURVE('',#3077,(#3081,#3088),.PCURVE_S1.);
#3077 = LINE('',#3078,#3079);
#3078 = CARTESIAN_POINT('',(-42.1,-12.,32.));
#3079 = VECTOR('',#3080,1.);
#3080 = DIRECTION('',(0.,1.,0.));
#3081 = PCURVE('',#830,#3082);
#3082 = DEFINITIONAL_REPRESENTATION('',(#3083),#3087);
#3083 = LINE('',#3084,#3085);
#3084 = CARTESIAN_POINT('',(6.28318530718,-0.));
#3085 = VECTOR('',#3086,1.);
#3086 = DIRECTION('',(0.,1.));
#3087 = ( GEOMETRIC_REPRESENTATION_CONTEXT(2) 
PARAMETRIC_REPRESENTATION_CONTEXT() REPRESENTATION_CONTEXT('2D SPACE',''
  ) );
#3088 = PCURVE('',#830,#3089);
#3089 = DEFINITIONAL_REPRESENTATION('',(#3090),#3094);
#3090 = LINE('',#3091,#3092);
#3091 = CARTESIAN_POINT('',(0.,-0.));
#3092 = VECTOR('',#3093,1.);
#3093 = DIRECTION('',(0.,1.));
#3094 = ( GEOMETRIC_REPRESENTATION_CONTEXT(2) 
PARAMETRIC_REPRESENTATION_CONTEXT() REPRESENTATION_CONTEXT('2D SPACE',''
  ) );
#3095 = ORIENTED_EDGE('',*,*,#3096,.T.);
#3096 = EDGE_CURVE('',#3074,#3074,#3097,.T.);
#3097 = SURFACE_CURVE('',#3098,(#3103,#3110),.PCURVE_S1.);
#3098 = CIRCLE('',#3099,2.);
#3099 = AXIS2_PLACEMENT_3D('',#3100,#3101,#3102);
#3100 = CARTESIAN_POINT('',(-42.1,-12.,30.));
#3101 = DIRECTION('',(0.,1.,0.));
#3102 = DIRECTION('',(0.,-0.,1.));
#3103 = PCURVE('',#830,#3104);
#3104 = DEFINITIONAL_REPRESENTATION('',(#3105),#3109);
#3105 = LINE('',#3106,#3107);
#3106 = CARTESIAN_POINT('',(0.,0.));
#3107 = VECTOR('',#3108,1.);
#3108 = DIRECTION('',(1.,0.));
#3109 = ( GEOMETRIC_REPRESENTATION_CONTEXT(2) 
PARAMETRIC_REPRESENTATION_CONTEXT() REPRESENTATION_CONTEXT('2D SPACE',''
  ) );
#3110 = PCURVE('',#3111,#3116);
#3111 = PLANE('',#3112);
#3112 = AXIS2_PLACEMENT_3D('',#3113,#3114,#3115);
#3113 = CARTESIAN_POINT('',(-42.1,-12.,30.));
#3114 = DIRECTION('',(0.,1.,0.));
#3115 = DIRECTION('',(0.,-0.,1.));
#3116 = DEFINITIONAL_REPRESENTATION('',(#3117),#3121);
#3117 = CIRCLE('',#3118,2.);
#3118 = AXIS2_PLACEMENT_2D('',#3119,#3120);
#3119 = CARTESIAN_POINT('',(0.,0.));
#3120 = DIRECTION('',(1.,0.));
#3121 = ( GEOMETRIC_REPRESENTATION_CONTEXT(2) 
PARAMETRIC_REPRESENTATION_CONTEXT() REPRESENTATION_CONTEXT('2D SPACE',''
  ) );
#3122 = ORIENTED_EDGE('',*,*,#3073,.T.);
#3123 = ADVANCED_FACE('',(#3124),#861,.F.);
#3124 = FACE_BOUND('',#3125,.F.);
#3125 = EDGE_LOOP('',(#3126,#3127,#3150,#3177));
#3126 = ORIENTED_EDGE('',*,*,#844,.F.);
#3127 = ORIENTED_EDGE('',*,*,#3128,.F.);
#3128 = EDGE_CURVE('',#3129,#845,#3131,.T.);
#3129 = VERTEX_POINT('',#3130);
#3130 = CARTESIAN_POINT('',(-42.1,-12.,62.));
#3131 = SEAM_CURVE('',#3132,(#3136,#3143),.PCURVE_S1.);
#3132 = LINE('',#3133,#3134);
#3133 = CARTESIAN_POINT('',(-42.1,-12.,62.));
#3134 = VECTOR('',#3135,1.);
#3135 = DIRECTION('',(0.,1.,0.));
#3136 = PCURVE('',#861,#3137);
#3137 = DEFINITIONAL_REPRESENTATION('',(#3138),#3142);
#3138 = LINE('',#3139,#3140);
#3139 = CARTESIAN_POINT('',(6.28318530718,-0.));
#3140 = VECTOR('',#3141,1.);
#3141 = DIRECTION('',(0.,1.));
#3142 = ( GEOMETRIC_REPRESENTATION_CONTEXT(2) 
PARAMETRIC_REPRESENTATION_CONTEXT() REPRESENTATION_CONTEXT('2D SPACE',''
  ) );
#3143 = PCURVE('',#861,#3144);
#3144 = DEFINITIONAL_REPRESENTATION('',(#3145),#3149);
#3145 = LINE('',#3146,#3147);
#3146 = CARTESIAN_POINT('',(0.,-0.));
#3147 = VECTOR('',#3148,1.);
#3148 = DIRECTION('',(0.,1.));
#3149 = ( GEOMETRIC_REPRESENTATION_CONTEXT(2) 
PARAMETRIC_REPRESENTATION_CONTEXT() REPRESENTATION_CONTEXT('2D SPACE',''
  ) );
#3150 = ORIENTED_EDGE('',*,*,#3151,.T.);
#3151 = EDGE_CURVE('',#3129,#3129,#3152,.T.);
#3152 = SURFACE_CURVE('',#3153,(#3158,#3165),.PCURVE_S1.);
#3153 = CIRCLE('',#3154,2.);
#3154 = AXIS2_PLACEMENT_3D('',#3155,#3156,#3157);
#3155 = CARTESIAN_POINT('',(-42.1,-12.,60.));
#3156 = DIRECTION('',(0.,1.,0.));
#3157 = DIRECTION('',(0.,-0.,1.));
#3158 = PCURVE('',#861,#3159);
#3159 = DEFINITIONAL_REPRESENTATION('',(#3160),#3164);
#3160 = LINE('',#3161,#3162);
#3161 = CARTESIAN_POINT('',(0.,0.));
#3162 = VECTOR('',#3163,1.);
#3163 = DIRECTION('',(1.,0.));
#3164 = ( GEOMETRIC_REPRESENTATION_CONTEXT(2) 
PARAMETRIC_REPRESENTATION_CONTEXT() REPRESENTATION_CONTEXT('2D SPACE',''
  ) );
#3165 = PCURVE('',#3166,#3171);
#3166 = PLANE('',#3167);
#3167 = AXIS2_PLACEMENT_3D('',#3168,#3169,#3170);
#3168 = CARTESIAN_POINT('',(-42.1,-12.,60.));
#3169 = DIRECTION('',(0.,1.,0.));
#3170 = DIRECTION('',(0.,-0.,1.));
#3171 = DEFINITIONAL_REPRESENTATION('',(#3172),#3176);
#3172 = CIRCLE('',#3173,2.);
#3173 = AXIS2_PLACEMENT_2D('',#3174,#3175);
#3174 = CARTESIAN_POINT('',(0.,0.));
#3175 = DIRECTION('',(1.,0.));
#3176 = ( GEOMETRIC_REPRESENTATION_CONTEXT(2) 
PARAMETRIC_REPRESENTATION_CONTEXT() REPRESENTATION_CONTEXT('2D SPACE',''
  ) );
#3177 = ORIENTED_EDGE('',*,*,#3128,.T.);
#3178 = ADVANCED_FACE('',(#3179),#918,.F.);
#3179 = FACE_BOUND('',#3180,.F.);
#3180 = EDGE_LOOP('',(#3181,#3182,#3183,#3184,#3185,#3223));
#3181 = ORIENTED_EDGE('',*,*,#2728,.F.);
#3182 = ORIENTED_EDGE('',*,*,#901,.T.);
#3183 = ORIENTED_EDGE('',*,*,#2590,.T.);
#3184 = ORIENTED_EDGE('',*,*,#2469,.T.);
#3185 = ORIENTED_EDGE('',*,*,#3186,.T.);
#3186 = EDGE_CURVE('',#2442,#2970,#3187,.T.);
#3187 = SURFACE_CURVE('',#3188,(#3196,#3207),.PCURVE_S1.);
#3188 = B_SPLINE_CURVE_WITH_KNOTS('',6,(#3189,#3190,#3191,#3192,#3193,
    #3194,#3195),.UNSPECIFIED.,.F.,.F.,(7,7),(0.,1.),
  .PIECEWISE_BEZIER_KNOTS.);
#3189 = CARTESIAN_POINT('',(36.750010526573,-0.750000214828,98.999));
#3190 = CARTESIAN_POINT('',(24.500068628735,-0.750197497232,98.999));
#3191 = CARTESIAN_POINT('',(12.250066150257,-0.750392092164,98.999));
#3192 = CARTESIAN_POINT('',(1.373174995933E-08,-0.750490903036,98.999));
#3193 = CARTESIAN_POINT('',(-12.2500661639,-0.750392092379,98.999));
#3194 = CARTESIAN_POINT('',(-24.50006862873,-0.750197497232,98.999));
#3195 = CARTESIAN_POINT('',(-36.75001052657,-0.750000214828,98.999));
#3196 = PCURVE('',#918,#3197);
#3197 = DEFINITIONAL_REPRESENTATION('',(#3198),#3206);
#3198 = B_SPLINE_CURVE_WITH_KNOTS('',6,(#3199,#3200,#3201,#3202,#3203,
    #3204,#3205),.UNSPECIFIED.,.F.,.F.,(7,7),(0.,1.),
  .PIECEWISE_BEZIER_KNOTS.);
#3199 = CARTESIAN_POINT('',(0.,0.99998989899));
#3200 = CARTESIAN_POINT('',(-12.25006160966,0.99998989899));
#3201 = CARTESIAN_POINT('',(-24.50006264056,0.99998989899));
#3202 = CARTESIAN_POINT('',(-36.75000001373,0.99998989899));
#3203 = CARTESIAN_POINT('',(-48.99993734576,0.99998989899));
#3204 = CARTESIAN_POINT('',(-61.24993839034,0.99998989899));
#3205 = CARTESIAN_POINT('',(-73.5,0.99998989899));
#3206 = ( GEOMETRIC_REPRESENTATION_CONTEXT(2) 
PARAMETRIC_REPRESENTATION_CONTEXT() REPRESENTATION_CONTEXT('2D SPACE',''
  ) );
#3207 = PCURVE('',#3208,#3213);
#3208 = PLANE('',#3209);
#3209 = AXIS2_PLACEMENT_3D('',#3210,#3211,#3212);
#3210 = CARTESIAN_POINT('',(-200.,-200.,98.999));
#3211 = DIRECTION('',(0.,0.,1.));
#3212 = DIRECTION('',(1.,0.,0.));
#3213 = DEFINITIONAL_REPRESENTATION('',(#3214),#3222);
#3214 = B_SPLINE_CURVE_WITH_KNOTS('',6,(#3215,#3216,#3217,#3218,#3219,
    #3220,#3221),.UNSPECIFIED.,.F.,.F.,(7,7),(0.,1.),
  .PIECEWISE_BEZIER_KNOTS.);
#3215 = CARTESIAN_POINT('',(236.75001052657,199.24999978517));
#3216 = CARTESIAN_POINT('',(224.50006862873,199.24980250276));
#3217 = CARTESIAN_POINT('',(212.25006615025,199.24960790783));
#3218 = CARTESIAN_POINT('',(200.00000001373,199.24950909696));
#3219 = CARTESIAN_POINT('',(187.74993383609,199.24960790762));
#3220 = CARTESIAN_POINT('',(175.49993137126,199.24980250276));
#3221 = CARTESIAN_POINT('',(163.24998947342,199.24999978517));
#3222 = ( GEOMETRIC_REPRESENTATION_CONTEXT(2) 
PARAMETRIC_REPRESENTATION_CONTEXT() REPRESENTATION_CONTEXT('2D SPACE',''
  ) );
#3223 = ORIENTED_EDGE('',*,*,#2969,.T.);
#3224 = ADVANCED_FACE('',(#3225),#1167,.F.);
#3225 = FACE_BOUND('',#3226,.F.);
#3226 = EDGE_LOOP('',(#3227,#3250,#3277,#3278));
#3227 = ORIENTED_EDGE('',*,*,#3228,.T.);
#3228 = EDGE_CURVE('',#1058,#3229,#3231,.T.);
#3229 = VERTEX_POINT('',#3230);
#3230 = CARTESIAN_POINT('',(-11.,-18.19767663091,105.4));
#3231 = SEAM_CURVE('',#3232,(#3236,#3243),.PCURVE_S1.);
#3232 = LINE('',#3233,#3234);
#3233 = CARTESIAN_POINT('',(-11.,-40.19767663091,105.4));
#3234 = VECTOR('',#3235,1.);
#3235 = DIRECTION('',(0.,1.,0.));
#3236 = PCURVE('',#1167,#3237);
#3237 = DEFINITIONAL_REPRESENTATION('',(#3238),#3242);
#3238 = LINE('',#3239,#3240);
#3239 = CARTESIAN_POINT('',(6.28318530718,-0.));
#3240 = VECTOR('',#3241,1.);
#3241 = DIRECTION('',(0.,1.));
#3242 = ( GEOMETRIC_REPRESENTATION_CONTEXT(2) 
PARAMETRIC_REPRESENTATION_CONTEXT() REPRESENTATION_CONTEXT('2D SPACE',''
  ) );
#3243 = PCURVE('',#1167,#3244);
#3244 = DEFINITIONAL_REPRESENTATION('',(#3245),#3249);
#3245 = LINE('',#3246,#3247);
#3246 = CARTESIAN_POINT('',(0.,-0.));
#3247 = VECTOR('',#3248,1.);
#3248 = DIRECTION('',(0.,1.));
#3249 = ( GEOMETRIC_REPRESENTATION_CONTEXT(2) 
PARAMETRIC_REPRESENTATION_CONTEXT() REPRESENTATION_CONTEXT('2D SPACE',''
  ) );
#3250 = ORIENTED_EDGE('',*,*,#3251,.F.);
#3251 = EDGE_CURVE('',#3229,#3229,#3252,.T.);
#3252 = SURFACE_CURVE('',#3253,(#3258,#3265),.PCURVE_S1.);
#3253 = CIRCLE('',#3254,2.4);
#3254 = AXIS2_PLACEMENT_3D('',#3255,#3256,#3257);
#3255 = CARTESIAN_POINT('',(-11.,-18.19767663091,103.));
#3256 = DIRECTION('',(0.,1.,0.));
#3257 = DIRECTION('',(0.,-0.,1.));
#3258 = PCURVE('',#1167,#3259);
#3259 = DEFINITIONAL_REPRESENTATION('',(#3260),#3264);
#3260 = LINE('',#3261,#3262);
#3261 = CARTESIAN_POINT('',(0.,22.));
#3262 = VECTOR('',#3263,1.);
#3263 = DIRECTION('',(1.,0.));
#3264 = ( GEOMETRIC_REPRESENTATION_CONTEXT(2) 
PARAMETRIC_REPRESENTATION_CONTEXT() REPRESENTATION_CONTEXT('2D SPACE',''
  ) );
#3265 = PCURVE('',#3266,#3271);
#3266 = PLANE('',#3267);
#3267 = AXIS2_PLACEMENT_3D('',#3268,#3269,#3270);
#3268 = CARTESIAN_POINT('',(-11.,-18.19767663091,103.));
#3269 = DIRECTION('',(0.,1.,0.));
#3270 = DIRECTION('',(0.,-0.,1.));
#3271 = DEFINITIONAL_REPRESENTATION('',(#3272),#3276);
#3272 = CIRCLE('',#3273,2.4);
#3273 = AXIS2_PLACEMENT_2D('',#3274,#3275);
#3274 = CARTESIAN_POINT('',(0.,0.));
#3275 = DIRECTION('',(1.,0.));
#3276 = ( GEOMETRIC_REPRESENTATION_CONTEXT(2) 
PARAMETRIC_REPRESENTATION_CONTEXT() REPRESENTATION_CONTEXT('2D SPACE',''
  ) );
#3277 = ORIENTED_EDGE('',*,*,#3228,.F.);
#3278 = ORIENTED_EDGE('',*,*,#1057,.T.);
#3279 = ADVANCED_FACE('',(#3280),#1338,.F.);
#3280 = FACE_BOUND('',#3281,.F.);
#3281 = EDGE_LOOP('',(#3282,#3305,#3332,#3333));
#3282 = ORIENTED_EDGE('',*,*,#3283,.T.);
#3283 = EDGE_CURVE('',#1229,#3284,#3286,.T.);
#3284 = VERTEX_POINT('',#3285);
#3285 = CARTESIAN_POINT('',(11.,-18.19767663091,105.4));
#3286 = SEAM_CURVE('',#3287,(#3291,#3298),.PCURVE_S1.);
#3287 = LINE('',#3288,#3289);
#3288 = CARTESIAN_POINT('',(11.,-40.19767663091,105.4));
#3289 = VECTOR('',#3290,1.);
#3290 = DIRECTION('',(0.,1.,0.));
#3291 = PCURVE('',#1338,#3292);
#3292 = DEFINITIONAL_REPRESENTATION('',(#3293),#3297);
#3293 = LINE('',#3294,#3295);
#3294 = CARTESIAN_POINT('',(6.28318530718,-0.));
#3295 = VECTOR('',#3296,1.);
#3296 = DIRECTION('',(0.,1.));
#3297 = ( GEOMETRIC_REPRESENTATION_CONTEXT(2) 
PARAMETRIC_REPRESENTATION_CONTEXT() REPRESENTATION_CONTEXT('2D SPACE',''
  ) );
#3298 = PCURVE('',#1338,#3299);
#3299 = DEFINITIONAL_REPRESENTATION('',(#3300),#3304);
#3300 = LINE('',#3301,#3302);
#3301 = CARTESIAN_POINT('',(0.,-0.));
#3302 = VECTOR('',#3303,1.);
#3303 = DIRECTION('',(0.,1.));
#3304 = ( GEOMETRIC_REPRESENTATION_CONTEXT(2) 
PARAMETRIC_REPRESENTATION_CONTEXT() REPRESENTATION_CONTEXT('2D SPACE',''
  ) );
#3305 = ORIENTED_EDGE('',*,*,#3306,.F.);
#3306 = EDGE_CURVE('',#3284,#3284,#3307,.T.);
#3307 = SURFACE_CURVE('',#3308,(#3313,#3320),.PCURVE_S1.);
#3308 = CIRCLE('',#3309,2.4);
#3309 = AXIS2_PLACEMENT_3D('',#3310,#3311,#3312);
#3310 = CARTESIAN_POINT('',(11.,-18.19767663091,103.));
#3311 = DIRECTION('',(0.,1.,0.));
#3312 = DIRECTION('',(0.,-0.,1.));
#3313 = PCURVE('',#1338,#3314);
#3314 = DEFINITIONAL_REPRESENTATION('',(#3315),#3319);
#3315 = LINE('',#3316,#3317);
#3316 = CARTESIAN_POINT('',(0.,22.));
#3317 = VECTOR('',#3318,1.);
#3318 = DIRECTION('',(1.,0.));
#3319 = ( GEOMETRIC_REPRESENTATION_CONTEXT(2) 
PARAMETRIC_REPRESENTATION_CONTEXT() REPRESENTATION_CONTEXT('2D SPACE',''
  ) );
#3320 = PCURVE('',#3321,#3326);
#3321 = PLANE('',#3322);
#3322 = AXIS2_PLACEMENT_3D('',#3323,#3324,#3325);
#3323 = CARTESIAN_POINT('',(11.,-18.19767663091,103.));
#3324 = DIRECTION('',(0.,1.,0.));
#3325 = DIRECTION('',(0.,-0.,1.));
#3326 = DEFINITIONAL_REPRESENTATION('',(#3327),#3331);
#3327 = CIRCLE('',#3328,2.4);
#3328 = AXIS2_PLACEMENT_2D('',#3329,#3330);
#3329 = CARTESIAN_POINT('',(0.,0.));
#3330 = DIRECTION('',(1.,0.));
#3331 = ( GEOMETRIC_REPRESENTATION_CONTEXT(2) 
PARAMETRIC_REPRESENTATION_CONTEXT() REPRESENTATION_CONTEXT('2D SPACE',''
  ) );
#3332 = ORIENTED_EDGE('',*,*,#3283,.F.);
#3333 = ORIENTED_EDGE('',*,*,#1228,.T.);
#3334 = ADVANCED_FACE('',(#3335),#1565,.F.);
#3335 = FACE_BOUND('',#3336,.F.);
#3336 = EDGE_LOOP('',(#3337,#3360,#3387,#3388,#3389,#3411));
#3337 = ORIENTED_EDGE('',*,*,#3338,.T.);
#3338 = EDGE_CURVE('',#1402,#3339,#3341,.T.);
#3339 = VERTEX_POINT('',#3340);
#3340 = CARTESIAN_POINT('',(-22.,-12.02688494776,101.75));
#3341 = SEAM_CURVE('',#3342,(#3346,#3353),.PCURVE_S1.);
#3342 = LINE('',#3343,#3344);
#3343 = CARTESIAN_POINT('',(-22.,-35.1068346418,101.75));
#3344 = VECTOR('',#3345,1.);
#3345 = DIRECTION('',(0.,1.,0.));
#3346 = PCURVE('',#1565,#3347);
#3347 = DEFINITIONAL_REPRESENTATION('',(#3348),#3352);
#3348 = LINE('',#3349,#3350);
#3349 = CARTESIAN_POINT('',(6.28318530718,-0.));
#3350 = VECTOR('',#3351,1.);
#3351 = DIRECTION('',(0.,1.));
#3352 = ( GEOMETRIC_REPRESENTATION_CONTEXT(2) 
PARAMETRIC_REPRESENTATION_CONTEXT() REPRESENTATION_CONTEXT('2D SPACE',''
  ) );
#3353 = PCURVE('',#1565,#3354);
#3354 = DEFINITIONAL_REPRESENTATION('',(#3355),#3359);
#3355 = LINE('',#3356,#3357);
#3356 = CARTESIAN_POINT('',(0.,-0.));
#3357 = VECTOR('',#3358,1.);
#3358 = DIRECTION('',(0.,1.));
#3359 = ( GEOMETRIC_REPRESENTATION_CONTEXT(2) 
PARAMETRIC_REPRESENTATION_CONTEXT() REPRESENTATION_CONTEXT('2D SPACE',''
  ) );
#3360 = ORIENTED_EDGE('',*,*,#3361,.F.);
#3361 = EDGE_CURVE('',#3339,#3339,#3362,.T.);
#3362 = SURFACE_CURVE('',#3363,(#3368,#3375),.PCURVE_S1.);
#3363 = CIRCLE('',#3364,4.75);
#3364 = AXIS2_PLACEMENT_3D('',#3365,#3366,#3367);
#3365 = CARTESIAN_POINT('',(-22.,-12.02688494776,97.));
#3366 = DIRECTION('',(0.,1.,0.));
#3367 = DIRECTION('',(0.,-0.,1.));
#3368 = PCURVE('',#1565,#3369);
#3369 = DEFINITIONAL_REPRESENTATION('',(#3370),#3374);
#3370 = LINE('',#3371,#3372);
#3371 = CARTESIAN_POINT('',(0.,23.079949694048));
#3372 = VECTOR('',#3373,1.);
#3373 = DIRECTION('',(1.,0.));
#3374 = ( GEOMETRIC_REPRESENTATION_CONTEXT(2) 
PARAMETRIC_REPRESENTATION_CONTEXT() REPRESENTATION_CONTEXT('2D SPACE',''
  ) );
#3375 = PCURVE('',#3376,#3381);
#3376 = PLANE('',#3377);
#3377 = AXIS2_PLACEMENT_3D('',#3378,#3379,#3380);
#3378 = CARTESIAN_POINT('',(-22.,-12.02688494776,97.));
#3379 = DIRECTION('',(0.,1.,0.));
#3380 = DIRECTION('',(0.,-0.,1.));
#3381 = DEFINITIONAL_REPRESENTATION('',(#3382),#3386);
#3382 = CIRCLE('',#3383,4.75);
#3383 = AXIS2_PLACEMENT_2D('',#3384,#3385);
#3384 = CARTESIAN_POINT('',(0.,0.));
#3385 = DIRECTION('',(1.,0.));
#3386 = ( GEOMETRIC_REPRESENTATION_CONTEXT(2) 
PARAMETRIC_REPRESENTATION_CONTEXT() REPRESENTATION_CONTEXT('2D SPACE',''
  ) );
#3387 = ORIENTED_EDGE('',*,*,#3338,.F.);
#3388 = ORIENTED_EDGE('',*,*,#1677,.T.);
#3389 = ORIENTED_EDGE('',*,*,#3390,.T.);
#3390 = EDGE_CURVE('',#1652,#1400,#3391,.T.);
#3391 = SURFACE_CURVE('',#3392,(#3397,#3404),.PCURVE_S1.);
#3392 = CIRCLE('',#3393,4.75);
#3393 = AXIS2_PLACEMENT_3D('',#3394,#3395,#3396);
#3394 = CARTESIAN_POINT('',(-22.,-35.1068346418,97.));
#3395 = DIRECTION('',(0.,1.,0.));
#3396 = DIRECTION('',(0.,-0.,1.));
#3397 = PCURVE('',#1565,#3398);
#3398 = DEFINITIONAL_REPRESENTATION('',(#3399),#3403);
#3399 = LINE('',#3400,#3401);
#3400 = CARTESIAN_POINT('',(0.,0.));
#3401 = VECTOR('',#3402,1.);
#3402 = DIRECTION('',(1.,0.));
#3403 = ( GEOMETRIC_REPRESENTATION_CONTEXT(2) 
PARAMETRIC_REPRESENTATION_CONTEXT() REPRESENTATION_CONTEXT('2D SPACE',''
  ) );
#3404 = PCURVE('',#1666,#3405);
#3405 = DEFINITIONAL_REPRESENTATION('',(#3406),#3410);
#3406 = CIRCLE('',#3407,4.75);
#3407 = AXIS2_PLACEMENT_2D('',#3408,#3409);
#3408 = CARTESIAN_POINT('',(0.,0.));
#3409 = DIRECTION('',(1.,0.));
#3410 = ( GEOMETRIC_REPRESENTATION_CONTEXT(2) 
PARAMETRIC_REPRESENTATION_CONTEXT() REPRESENTATION_CONTEXT('2D SPACE',''
  ) );
#3411 = ORIENTED_EDGE('',*,*,#1399,.T.);
#3412 = ADVANCED_FACE('',(#3413),#1666,.T.);
#3413 = FACE_BOUND('',#3414,.T.);
#3414 = EDGE_LOOP('',(#3415,#3416));
#3415 = ORIENTED_EDGE('',*,*,#1651,.F.);
#3416 = ORIENTED_EDGE('',*,*,#3390,.T.);
#3417 = ADVANCED_FACE('',(#3418),#1903,.F.);
#3418 = FACE_BOUND('',#3419,.F.);
#3419 = EDGE_LOOP('',(#3420,#3443,#3470,#3471));
#3420 = ORIENTED_EDGE('',*,*,#3421,.T.);
#3421 = EDGE_CURVE('',#1746,#3422,#3424,.T.);
#3422 = VERTEX_POINT('',#3423);
#3423 = CARTESIAN_POINT('',(-1.16341445919E-15,-12.02688494776,101.75));
#3424 = SEAM_CURVE('',#3425,(#3429,#3436),.PCURVE_S1.);
#3425 = LINE('',#3426,#3427);
#3426 = CARTESIAN_POINT('',(-1.16341445919E-15,-41.75,101.75));
#3427 = VECTOR('',#3428,1.);
#3428 = DIRECTION('',(0.,1.,0.));
#3429 = PCURVE('',#1903,#3430);
#3430 = DEFINITIONAL_REPRESENTATION('',(#3431),#3435);
#3431 = LINE('',#3432,#3433);
#3432 = CARTESIAN_POINT('',(6.28318530718,-0.));
#3433 = VECTOR('',#3434,1.);
#3434 = DIRECTION('',(0.,1.));
#3435 = ( GEOMETRIC_REPRESENTATION_CONTEXT(2) 
PARAMETRIC_REPRESENTATION_CONTEXT() REPRESENTATION_CONTEXT('2D SPACE',''
  ) );
#3436 = PCURVE('',#1903,#3437);
#3437 = DEFINITIONAL_REPRESENTATION('',(#3438),#3442);
#3438 = LINE('',#3439,#3440);
#3439 = CARTESIAN_POINT('',(0.,-0.));
#3440 = VECTOR('',#3441,1.);
#3441 = DIRECTION('',(0.,1.));
#3442 = ( GEOMETRIC_REPRESENTATION_CONTEXT(2) 
PARAMETRIC_REPRESENTATION_CONTEXT() REPRESENTATION_CONTEXT('2D SPACE',''
  ) );
#3443 = ORIENTED_EDGE('',*,*,#3444,.F.);
#3444 = EDGE_CURVE('',#3422,#3422,#3445,.T.);
#3445 = SURFACE_CURVE('',#3446,(#3451,#3458),.PCURVE_S1.);
#3446 = CIRCLE('',#3447,4.75);
#3447 = AXIS2_PLACEMENT_3D('',#3448,#3449,#3450);
#3448 = CARTESIAN_POINT('',(0.,-12.02688494776,97.));
#3449 = DIRECTION('',(0.,1.,0.));
#3450 = DIRECTION('',(0.,-0.,1.));
#3451 = PCURVE('',#1903,#3452);
#3452 = DEFINITIONAL_REPRESENTATION('',(#3453),#3457);
#3453 = LINE('',#3454,#3455);
#3454 = CARTESIAN_POINT('',(0.,29.72311505224));
#3455 = VECTOR('',#3456,1.);
#3456 = DIRECTION('',(1.,0.));
#3457 = ( GEOMETRIC_REPRESENTATION_CONTEXT(2) 
PARAMETRIC_REPRESENTATION_CONTEXT() REPRESENTATION_CONTEXT('2D SPACE',''
  ) );
#3458 = PCURVE('',#3459,#3464);
#3459 = PLANE('',#3460);
#3460 = AXIS2_PLACEMENT_3D('',#3461,#3462,#3463);
#3461 = CARTESIAN_POINT('',(0.,-12.02688494776,97.));
#3462 = DIRECTION('',(0.,1.,0.));
#3463 = DIRECTION('',(0.,-0.,1.));
#3464 = DEFINITIONAL_REPRESENTATION('',(#3465),#3469);
#3465 = CIRCLE('',#3466,4.75);
#3466 = AXIS2_PLACEMENT_2D('',#3467,#3468);
#3467 = CARTESIAN_POINT('',(0.,0.));
#3468 = DIRECTION('',(1.,0.));
#3469 = ( GEOMETRIC_REPRESENTATION_CONTEXT(2) 
PARAMETRIC_REPRESENTATION_CONTEXT() REPRESENTATION_CONTEXT('2D SPACE',''
  ) );
#3470 = ORIENTED_EDGE('',*,*,#3421,.F.);
#3471 = ORIENTED_EDGE('',*,*,#1745,.T.);
#3472 = ADVANCED_FACE('',(#3473),#2036,.F.);
#3473 = FACE_BOUND('',#3474,.F.);
#3474 = EDGE_LOOP('',(#3475,#3498,#3525,#3526,#3527,#3549));
#3475 = ORIENTED_EDGE('',*,*,#3476,.T.);
#3476 = EDGE_CURVE('',#1991,#3477,#3479,.T.);
#3477 = VERTEX_POINT('',#3478);
#3478 = CARTESIAN_POINT('',(22.,-12.02688494776,101.75));
#3479 = SEAM_CURVE('',#3480,(#3484,#3491),.PCURVE_S1.);
#3480 = LINE('',#3481,#3482);
#3481 = CARTESIAN_POINT('',(22.,-35.1068346418,101.75));
#3482 = VECTOR('',#3483,1.);
#3483 = DIRECTION('',(0.,1.,0.));
#3484 = PCURVE('',#2036,#3485);
#3485 = DEFINITIONAL_REPRESENTATION('',(#3486),#3490);
#3486 = LINE('',#3487,#3488);
#3487 = CARTESIAN_POINT('',(6.28318530718,-0.));
#3488 = VECTOR('',#3489,1.);
#3489 = DIRECTION('',(0.,1.));
#3490 = ( GEOMETRIC_REPRESENTATION_CONTEXT(2) 
PARAMETRIC_REPRESENTATION_CONTEXT() REPRESENTATION_CONTEXT('2D SPACE',''
  ) );
#3491 = PCURVE('',#2036,#3492);
#3492 = DEFINITIONAL_REPRESENTATION('',(#3493),#3497);
#3493 = LINE('',#3494,#3495);
#3494 = CARTESIAN_POINT('',(0.,-0.));
#3495 = VECTOR('',#3496,1.);
#3496 = DIRECTION('',(0.,1.));
#3497 = ( GEOMETRIC_REPRESENTATION_CONTEXT(2) 
PARAMETRIC_REPRESENTATION_CONTEXT() REPRESENTATION_CONTEXT('2D SPACE',''
  ) );
#3498 = ORIENTED_EDGE('',*,*,#3499,.F.);
#3499 = EDGE_CURVE('',#3477,#3477,#3500,.T.);
#3500 = SURFACE_CURVE('',#3501,(#3506,#3513),.PCURVE_S1.);
#3501 = CIRCLE('',#3502,4.75);
#3502 = AXIS2_PLACEMENT_3D('',#3503,#3504,#3505);
#3503 = CARTESIAN_POINT('',(22.,-12.02688494776,97.));
#3504 = DIRECTION('',(0.,1.,0.));
#3505 = DIRECTION('',(0.,-0.,1.));
#3506 = PCURVE('',#2036,#3507);
#3507 = DEFINITIONAL_REPRESENTATION('',(#3508),#3512);
#3508 = LINE('',#3509,#3510);
#3509 = CARTESIAN_POINT('',(0.,23.079949694048));
#3510 = VECTOR('',#3511,1.);
#3511 = DIRECTION('',(1.,0.));
#3512 = ( GEOMETRIC_REPRESENTATION_CONTEXT(2) 
PARAMETRIC_REPRESENTATION_CONTEXT() REPRESENTATION_CONTEXT('2D SPACE',''
  ) );
#3513 = PCURVE('',#3514,#3519);
#3514 = PLANE('',#3515);
#3515 = AXIS2_PLACEMENT_3D('',#3516,#3517,#3518);
#3516 = CARTESIAN_POINT('',(22.,-12.02688494776,97.));
#3517 = DIRECTION('',(0.,1.,0.));
#3518 = DIRECTION('',(0.,-0.,1.));
#3519 = DEFINITIONAL_REPRESENTATION('',(#3520),#3524);
#3520 = CIRCLE('',#3521,4.75);
#3521 = AXIS2_PLACEMENT_2D('',#3522,#3523);
#3522 = CARTESIAN_POINT('',(0.,0.));
#3523 = DIRECTION('',(1.,0.));
#3524 = ( GEOMETRIC_REPRESENTATION_CONTEXT(2) 
PARAMETRIC_REPRESENTATION_CONTEXT() REPRESENTATION_CONTEXT('2D SPACE',''
  ) );
#3525 = ORIENTED_EDGE('',*,*,#3476,.F.);
#3526 = ORIENTED_EDGE('',*,*,#2089,.T.);
#3527 = ORIENTED_EDGE('',*,*,#3528,.T.);
#3528 = EDGE_CURVE('',#2064,#1989,#3529,.T.);
#3529 = SURFACE_CURVE('',#3530,(#3535,#3542),.PCURVE_S1.);
#3530 = CIRCLE('',#3531,4.75);
#3531 = AXIS2_PLACEMENT_3D('',#3532,#3533,#3534);
#3532 = CARTESIAN_POINT('',(22.,-35.1068346418,97.));
#3533 = DIRECTION('',(0.,1.,0.));
#3534 = DIRECTION('',(0.,-0.,1.));
#3535 = PCURVE('',#2036,#3536);
#3536 = DEFINITIONAL_REPRESENTATION('',(#3537),#3541);
#3537 = LINE('',#3538,#3539);
#3538 = CARTESIAN_POINT('',(0.,0.));
#3539 = VECTOR('',#3540,1.);
#3540 = DIRECTION('',(1.,0.));
#3541 = ( GEOMETRIC_REPRESENTATION_CONTEXT(2) 
PARAMETRIC_REPRESENTATION_CONTEXT() REPRESENTATION_CONTEXT('2D SPACE',''
  ) );
#3542 = PCURVE('',#2078,#3543);
#3543 = DEFINITIONAL_REPRESENTATION('',(#3544),#3548);
#3544 = CIRCLE('',#3545,4.75);
#3545 = AXIS2_PLACEMENT_2D('',#3546,#3547);
#3546 = CARTESIAN_POINT('',(0.,0.));
#3547 = DIRECTION('',(1.,0.));
#3548 = ( GEOMETRIC_REPRESENTATION_CONTEXT(2) 
PARAMETRIC_REPRESENTATION_CONTEXT() REPRESENTATION_CONTEXT('2D SPACE',''
  ) );
#3549 = ORIENTED_EDGE('',*,*,#1988,.T.);
#3550 = ADVANCED_FACE('',(#3551),#2078,.T.);
#3551 = FACE_BOUND('',#3552,.T.);
#3552 = EDGE_LOOP('',(#3553,#3554));
#3553 = ORIENTED_EDGE('',*,*,#2063,.T.);
#3554 = ORIENTED_EDGE('',*,*,#3528,.T.);
#3555 = ADVANCED_FACE('',(#3556),#2351,.T.);
#3556 = FACE_BOUND('',#3557,.T.);
#3557 = EDGE_LOOP('',(#3558,#3579,#3580,#3581));
#3558 = ORIENTED_EDGE('',*,*,#3559,.T.);
#3559 = EDGE_CURVE('',#2395,#3000,#3560,.T.);
#3560 = SURFACE_CURVE('',#3561,(#3565,#3572),.PCURVE_S1.);
#3561 = LINE('',#3562,#3563);
#3562 = CARTESIAN_POINT('',(36.75,-0.75,107.5));
#3563 = VECTOR('',#3564,1.);
#3564 = DIRECTION('',(-1.,0.,0.));
#3565 = PCURVE('',#2351,#3566);
#3566 = DEFINITIONAL_REPRESENTATION('',(#3567),#3571);
#3567 = LINE('',#3568,#3569);
#3568 = CARTESIAN_POINT('',(0.,-2.12132034356));
#3569 = VECTOR('',#3570,1.);
#3570 = DIRECTION('',(1.,0.));
#3571 = ( GEOMETRIC_REPRESENTATION_CONTEXT(2) 
PARAMETRIC_REPRESENTATION_CONTEXT() REPRESENTATION_CONTEXT('2D SPACE',''
  ) );
#3572 = PCURVE('',#2457,#3573);
#3573 = DEFINITIONAL_REPRESENTATION('',(#3574),#3578);
#3574 = LINE('',#3575,#3576);
#3575 = CARTESIAN_POINT('',(0.,-8.501));
#3576 = VECTOR('',#3577,1.);
#3577 = DIRECTION('',(1.,0.));
#3578 = ( GEOMETRIC_REPRESENTATION_CONTEXT(2) 
PARAMETRIC_REPRESENTATION_CONTEXT() REPRESENTATION_CONTEXT('2D SPACE',''
  ) );
#3579 = ORIENTED_EDGE('',*,*,#3048,.T.);
#3580 = ORIENTED_EDGE('',*,*,#2335,.F.);
#3581 = ORIENTED_EDGE('',*,*,#2417,.F.);
#3582 = ADVANCED_FACE('',(#3583),#2457,.F.);
#3583 = FACE_BOUND('',#3584,.F.);
#3584 = EDGE_LOOP('',(#3585,#3586,#3587,#3588));
#3585 = ORIENTED_EDGE('',*,*,#2441,.T.);
#3586 = ORIENTED_EDGE('',*,*,#3559,.T.);
#3587 = ORIENTED_EDGE('',*,*,#2999,.F.);
#3588 = ORIENTED_EDGE('',*,*,#3589,.F.);
#3589 = EDGE_CURVE('',#2442,#2970,#3590,.T.);
#3590 = SURFACE_CURVE('',#3591,(#3595,#3602),.PCURVE_S1.);
#3591 = LINE('',#3592,#3593);
#3592 = CARTESIAN_POINT('',(36.75,-0.75,98.999));
#3593 = VECTOR('',#3594,1.);
#3594 = DIRECTION('',(-1.,0.,0.));
#3595 = PCURVE('',#2457,#3596);
#3596 = DEFINITIONAL_REPRESENTATION('',(#3597),#3601);
#3597 = LINE('',#3598,#3599);
#3598 = CARTESIAN_POINT('',(0.,-0.));
#3599 = VECTOR('',#3600,1.);
#3600 = DIRECTION('',(1.,0.));
#3601 = ( GEOMETRIC_REPRESENTATION_CONTEXT(2) 
PARAMETRIC_REPRESENTATION_CONTEXT() REPRESENTATION_CONTEXT('2D SPACE',''
  ) );
#3602 = PCURVE('',#3208,#3603);
#3603 = DEFINITIONAL_REPRESENTATION('',(#3604),#3608);
#3604 = LINE('',#3605,#3606);
#3605 = CARTESIAN_POINT('',(236.75,199.25));
#3606 = VECTOR('',#3607,1.);
#3607 = DIRECTION('',(-1.,0.));
#3608 = ( GEOMETRIC_REPRESENTATION_CONTEXT(2) 
PARAMETRIC_REPRESENTATION_CONTEXT() REPRESENTATION_CONTEXT('2D SPACE',''
  ) );
#3609 = ADVANCED_FACE('',(#3610),#2655,.T.);
#3610 = FACE_BOUND('',#3611,.F.);
#3611 = EDGE_LOOP('',(#3612));
#3612 = ORIENTED_EDGE('',*,*,#2640,.F.);
#3613 = ADVANCED_FACE('',(#3614),#2710,.T.);
#3614 = FACE_BOUND('',#3615,.F.);
#3615 = EDGE_LOOP('',(#3616));
#3616 = ORIENTED_EDGE('',*,*,#2695,.F.);
#3617 = ADVANCED_FACE('',(#3618),#3111,.T.);
#3618 = FACE_BOUND('',#3619,.F.);
#3619 = EDGE_LOOP('',(#3620));
#3620 = ORIENTED_EDGE('',*,*,#3096,.F.);
#3621 = ADVANCED_FACE('',(#3622),#3166,.T.);
#3622 = FACE_BOUND('',#3623,.F.);
#3623 = EDGE_LOOP('',(#3624));
#3624 = ORIENTED_EDGE('',*,*,#3151,.F.);
#3625 = ADVANCED_FACE('',(#3626),#3208,.F.);
#3626 = FACE_BOUND('',#3627,.F.);
#3627 = EDGE_LOOP('',(#3628,#3629));
#3628 = ORIENTED_EDGE('',*,*,#3186,.F.);
#3629 = ORIENTED_EDGE('',*,*,#3589,.T.);
#3630 = ADVANCED_FACE('',(#3631),#3266,.F.);
#3631 = FACE_BOUND('',#3632,.F.);
#3632 = EDGE_LOOP('',(#3633));
#3633 = ORIENTED_EDGE('',*,*,#3251,.T.);
#3634 = ADVANCED_FACE('',(#3635),#3321,.F.);
#3635 = FACE_BOUND('',#3636,.F.);
#3636 = EDGE_LOOP('',(#3637));
#3637 = ORIENTED_EDGE('',*,*,#3306,.T.);
#3638 = ADVANCED_FACE('',(#3639),#3376,.F.);
#3639 = FACE_BOUND('',#3640,.F.);
#3640 = EDGE_LOOP('',(#3641));
#3641 = ORIENTED_EDGE('',*,*,#3361,.T.);
#3642 = ADVANCED_FACE('',(#3643),#3459,.F.);
#3643 = FACE_BOUND('',#3644,.F.);
#3644 = EDGE_LOOP('',(#3645));
#3645 = ORIENTED_EDGE('',*,*,#3444,.T.);
#3646 = ADVANCED_FACE('',(#3647),#3514,.F.);
#3647 = FACE_BOUND('',#3648,.F.);
#3648 = EDGE_LOOP('',(#3649));
#3649 = ORIENTED_EDGE('',*,*,#3499,.T.);
#3650 = ( GEOMETRIC_REPRESENTATION_CONTEXT(3) 
GLOBAL_UNCERTAINTY_ASSIGNED_CONTEXT((#3654)) 
GLOBAL_UNIT_ASSIGNED_CONTEXT((#3651,#3652,#3653)) REPRESENTATION_CONTEXT
('Context #1','3D Context with UNIT and UNCERTAINTY') );
#3651 = ( LENGTH_UNIT() NAMED_UNIT(*) SI_UNIT(.MILLI.,.METRE.) );
#3652 = ( NAMED_UNIT(*) PLANE_ANGLE_UNIT() SI_UNIT($,.RADIAN.) );
#3653 = ( NAMED_UNIT(*) SI_UNIT($,.STERADIAN.) SOLID_ANGLE_UNIT() );
#3654 = UNCERTAINTY_MEASURE_WITH_UNIT(LENGTH_MEASURE(1.E-06),#3651,
  'distance_accuracy_value','confusion accuracy');
#3655 = PRODUCT_RELATED_PRODUCT_CATEGORY('part',$,(#7));
ENDSEC;
END-ISO-10303-21;
