ISO-10303-21;
HEADER;
FILE_DESCRIPTION(('Open CASCADE Model'),'2;1');
FILE_NAME('Open CASCADE Shape Model','2026-09-11T02:09:21',('Author'),(
    'Open CASCADE'),'Open CASCADE STEP processor 7.9','Open CASCADE 7.9'
  ,'Unknown');
FILE_SCHEMA(('AUTOMOTIVE_DESIGN { 1 0 10303 214 1 1 1 1 }'));
ENDSEC;
DATA;
#1 = APPLICATION_PROTOCOL_DEFINITION('international standard',
  'automotive_design',2000,#2);
#2 = APPLICATION_CONTEXT(
  'core data for automotive mechanical design processes');
#3 = SHAPE_DEFINITION_REPRESENTATION(#4,#10);
#4 = PRODUCT_DEFINITION_SHAPE('','',#5);
#5 = PRODUCT_DEFINITION('design','',#6,#9);
#6 = PRODUCT_DEFINITION_FORMATION('','',#7);
#7 = PRODUCT('Open CASCADE STEP translator 7.9 6',
  'Open CASCADE STEP translator 7.9 6','',(#8));
#8 = PRODUCT_CONTEXT('',#2,'mechanical');
#9 = PRODUCT_DEFINITION_CONTEXT('part definition',#2,'design');
#10 = ADVANCED_BREP_SHAPE_REPRESENTATION('',(#11,#15),#2251);
#11 = AXIS2_PLACEMENT_3D('',#12,#13,#14);
#12 = CARTESIAN_POINT('',(0.,0.,0.));
#13 = DIRECTION('',(0.,0.,1.));
#14 = DIRECTION('',(1.,0.,-0.));
#15 = MANIFOLD_SOLID_BREP('',#16);
#16 = CLOSED_SHELL('',(#17,#282,#1118,#1189,#1271,#1337,#1403,#1469,
    #1535,#1601,#1663,#1729,#1795,#1861,#1904,#1962,#2020,#2091,#2124,
    #2170,#2216,#2244));
#17 = ADVANCED_FACE('',(#18),#40,.T.);
#18 = FACE_BOUND('',#19,.T.);
#19 = EDGE_LOOP('',(#20,#111,#180,#215));
#20 = ORIENTED_EDGE('',*,*,#21,.T.);
#21 = EDGE_CURVE('',#22,#24,#26,.T.);
#22 = VERTEX_POINT('',#23);
#23 = CARTESIAN_POINT('',(37.8,0.,0.));
#24 = VERTEX_POINT('',#25);
#25 = CARTESIAN_POINT('',(37.792130737918,0.771267974243,0.));
#26 = SURFACE_CURVE('',#27,(#39,#91),.PCURVE_S1.);
#27 = B_SPLINE_CURVE_WITH_KNOTS('',10,(#28,#29,#30,#31,#32,#33,#34,#35,
    #36,#37,#38),.UNSPECIFIED.,.F.,.F.,(11,11),(0.,1.),
  .PIECEWISE_BEZIER_KNOTS.);
#28 = CARTESIAN_POINT('',(37.8,5.551115123126E-17,0.));
#29 = CARTESIAN_POINT('',(37.8,7.713214999511E-02,0.));
#30 = CARTESIAN_POINT('',(37.799825115374,0.154264299941,0.));
#31 = CARTESIAN_POINT('',(37.799475350672,0.231396003808,0.));
#32 = CARTESIAN_POINT('',(37.798950710446,0.308526815567,0.));
#33 = CARTESIAN_POINT('',(37.798251199246,0.38565628919,0.));
#34 = CARTESIAN_POINT('',(37.797376821623,0.462783978648,0.));
#35 = CARTESIAN_POINT('',(37.796327582128,0.539909437911,0.));
#36 = CARTESIAN_POINT('',(37.795103485311,0.617032220951,0.));
#37 = CARTESIAN_POINT('',(37.793704535725,0.694151881738,0.));
#38 = CARTESIAN_POINT('',(37.792130737918,0.771267974243,0.));
#39 = PCURVE('',#40,#85);
#40 = ( BOUNDED_SURFACE() B_SPLINE_SURFACE(10,3,(
    (#41,#42,#43,#44)
    ,(#45,#46,#47,#48)
    ,(#49,#50,#51,#52)
    ,(#53,#54,#55,#56)
    ,(#57,#58,#59,#60)
    ,(#61,#62,#63,#64)
    ,(#65,#66,#67,#68)
    ,(#69,#70,#71,#72)
    ,(#73,#74,#75,#76)
    ,(#77,#78,#79,#80)
    ,(#81,#82,#83,#84
)),.UNSPECIFIED.,.F.,.F.,.F.) B_SPLINE_SURFACE_WITH_KNOTS((11,11),(4,4),
  (0.,1.),(0.,1.),.PIECEWISE_BEZIER_KNOTS.) 
GEOMETRIC_REPRESENTATION_ITEM() RATIONAL_B_SPLINE_SURFACE((
    (1.,1.,1.,1.)
    ,(1.,1.,1.,1.)
    ,(1.,1.,1.,1.)
    ,(1.,1.,1.,1.)
    ,(1.,1.,1.,1.)
    ,(1.,1.,1.,1.)
    ,(1.,1.,1.,1.)
    ,(1.,1.,1.,1.)
    ,(1.,1.,1.,1.)
    ,(1.,1.,1.,1.)
,(1.,1.,1.,1.))) REPRESENTATION_ITEM('') SURFACE() );
#41 = CARTESIAN_POINT('',(37.8,5.551115123126E-17,0.));
#42 = CARTESIAN_POINT('',(-22.77014822795,-0.178160240246,3.));
#43 = CARTESIAN_POINT('',(67.717480551016,-1.124846541857,90.));
#44 = CARTESIAN_POINT('',(36.75,-0.75,99.));
#45 = CARTESIAN_POINT('',(37.8,7.713214999511E-02,0.));
#46 = CARTESIAN_POINT('',(-22.78177743475,-0.241395425488,3.));
#47 = CARTESIAN_POINT('',(67.720589771074,-0.780365096084,90.));
#48 = CARTESIAN_POINT('',(36.985619449019,-0.75,99.));
#49 = CARTESIAN_POINT('',(37.799825115374,0.154264299941,0.));
#50 = CARTESIAN_POINT('',(-22.77478672913,-0.287345616535,3.));
#51 = CARTESIAN_POINT('',(67.682447955627,-0.483908410279,90.));
#52 = CARTESIAN_POINT('',(37.221241071558,-0.667753520049,99.));
#53 = CARTESIAN_POINT('',(37.799475350672,0.231396003808,0.));
#54 = CARTESIAN_POINT('',(-22.75879059289,-0.313655312351,3.));
#55 = CARTESIAN_POINT('',(67.627666036766,-0.240250475186,90.));
#56 = CARTESIAN_POINT('',(37.424550431438,-0.503258522416,99.));
#57 = CARTESIAN_POINT('',(37.798950710446,0.308526815567,0.));
#58 = CARTESIAN_POINT('',(-22.74368699729,-0.322651831083,3.));
#59 = CARTESIAN_POINT('',(67.581410946952,-4.238187300455E-02,90.));
#60 = CARTESIAN_POINT('',(37.563305417225,-0.271019590411,99.));
#61 = CARTESIAN_POINT('',(37.798251199246,0.38565628919,0.));
#62 = CARTESIAN_POINT('',(-22.73723230006,-0.321380240992,3.));
#63 = CARTESIAN_POINT('',(67.563331374798,0.128552096397,90.));
#64 = CARTESIAN_POINT('',(37.612680472819,3.869127240819E-15,99.));
#65 = CARTESIAN_POINT('',(37.797376821623,0.462783978648,0.));
#66 = CARTESIAN_POINT('',(-22.74237542327,-0.320107164096,3.));
#67 = CARTESIAN_POINT('',(67.580886317342,0.299485471076,90.));
#68 = CARTESIAN_POINT('',(37.563305417228,0.271019590411,99.));
#69 = CARTESIAN_POINT('',(37.796327582128,0.539909437911,0.));
#70 = CARTESIAN_POINT('',(-22.75616745244,-0.329099222415,3.));
#71 = CARTESIAN_POINT('',(67.626616780587,0.497352289092,90.));
#72 = CARTESIAN_POINT('',(37.424550431434,0.503258522416,99.));
#73 = CARTESIAN_POINT('',(37.795103485311,0.617032220951,0.));
#74 = CARTESIAN_POINT('',(-22.77085203741,-0.355401484208,3.));
#75 = CARTESIAN_POINT('',(67.680874078938,0.741007250576,90.));
#76 = CARTESIAN_POINT('',(37.22124107156,0.667753520049,99.));
#77 = CARTESIAN_POINT('',(37.793704535725,0.694151881738,0.));
#78 = CARTESIAN_POINT('',(-22.77653121453,-0.401341267623,3.));
#79 = CARTESIAN_POINT('',(67.718491282983,1.037459773328,90.));
#80 = CARTESIAN_POINT('',(36.985619449019,0.75,99.));
#81 = CARTESIAN_POINT('',(37.792130737918,0.771267974243,0.));
#82 = CARTESIAN_POINT('',(-22.76359050955,-0.464563071624,3.));
#83 = CARTESIAN_POINT('',(67.714857463656,1.381935866605,90.));
#84 = CARTESIAN_POINT('',(36.75,0.75,99.));
#85 = DEFINITIONAL_REPRESENTATION('',(#86),#90);
#86 = LINE('',#87,#88);
#87 = CARTESIAN_POINT('',(0.,0.));
#88 = VECTOR('',#89,1.);
#89 = DIRECTION('',(1.,0.));
#90 = ( GEOMETRIC_REPRESENTATION_CONTEXT(2) 
PARAMETRIC_REPRESENTATION_CONTEXT() REPRESENTATION_CONTEXT('2D SPACE',''
  ) );
#91 = PCURVE('',#92,#97);
#92 = PLANE('',#93);
#93 = AXIS2_PLACEMENT_3D('',#94,#95,#96);
#94 = CARTESIAN_POINT('',(37.8,5.551115123126E-17,0.));
#95 = DIRECTION('',(0.,0.,1.));
#96 = DIRECTION('',(-1.,6.021050794925E-17,0.));
#97 = DEFINITIONAL_REPRESENTATION('',(#98),#110);
#98 = B_SPLINE_CURVE_WITH_KNOTS('',10,(#99,#100,#101,#102,#103,#104,#105
    ,#106,#107,#108,#109),.UNSPECIFIED.,.F.,.F.,(11,11),(0.,1.),
  .PIECEWISE_BEZIER_KNOTS.);
#99 = CARTESIAN_POINT('',(0.,0.));
#100 = CARTESIAN_POINT('',(7.105427357601E-15,-7.713214999511E-02));
#101 = CARTESIAN_POINT('',(1.748846263041E-04,-0.154264299941));
#102 = CARTESIAN_POINT('',(5.246493280211E-04,-0.231396003808));
#103 = CARTESIAN_POINT('',(1.049289554352E-03,-0.308526815567));
#104 = CARTESIAN_POINT('',(1.748800754434E-03,-0.38565628919));
#105 = CARTESIAN_POINT('',(2.623178377426E-03,-0.462783978648));
#106 = CARTESIAN_POINT('',(3.672417872487E-03,-0.539909437911));
#107 = CARTESIAN_POINT('',(4.896514688802E-03,-0.617032220951));
#108 = CARTESIAN_POINT('',(6.295464275489E-03,-0.694151881738));
#109 = CARTESIAN_POINT('',(7.869262081734E-03,-0.771267974243));
#110 = ( GEOMETRIC_REPRESENTATION_CONTEXT(2) 
PARAMETRIC_REPRESENTATION_CONTEXT() REPRESENTATION_CONTEXT('2D SPACE',''
  ) );
#111 = ORIENTED_EDGE('',*,*,#112,.T.);
#112 = EDGE_CURVE('',#24,#113,#115,.T.);
#113 = VERTEX_POINT('',#114);
#114 = CARTESIAN_POINT('',(36.75,0.75,99.));
#115 = SURFACE_CURVE('',#116,(#121,#128),.PCURVE_S1.);
#116 = ( BOUNDED_CURVE() B_SPLINE_CURVE(3,(#117,#118,#119,#120),
.UNSPECIFIED.,.F.,.F.) B_SPLINE_CURVE_WITH_KNOTS((4,4),(0.,1.),
.PIECEWISE_BEZIER_KNOTS.) CURVE() GEOMETRIC_REPRESENTATION_ITEM() 
RATIONAL_B_SPLINE_CURVE((1.,1.,1.,1.)) REPRESENTATION_ITEM('') );
#117 = CARTESIAN_POINT('',(37.792130737918,0.771267974243,0.));
#118 = CARTESIAN_POINT('',(-22.76359050955,-0.464563071624,3.));
#119 = CARTESIAN_POINT('',(67.714857463656,1.381935866605,90.));
#120 = CARTESIAN_POINT('',(36.75,0.75,99.));
#121 = PCURVE('',#40,#122);
#122 = DEFINITIONAL_REPRESENTATION('',(#123),#127);
#123 = LINE('',#124,#125);
#124 = CARTESIAN_POINT('',(1.,0.));
#125 = VECTOR('',#126,1.);
#126 = DIRECTION('',(0.,1.));
#127 = ( GEOMETRIC_REPRESENTATION_CONTEXT(2) 
PARAMETRIC_REPRESENTATION_CONTEXT() REPRESENTATION_CONTEXT('2D SPACE',''
  ) );
#128 = PCURVE('',#129,#174);
#129 = ( BOUNDED_SURFACE() B_SPLINE_SURFACE(10,3,(
    (#130,#131,#132,#133)
    ,(#134,#135,#136,#137)
    ,(#138,#139,#140,#141)
    ,(#142,#143,#144,#145)
    ,(#146,#147,#148,#149)
    ,(#150,#151,#152,#153)
    ,(#154,#155,#156,#157)
    ,(#158,#159,#160,#161)
    ,(#162,#163,#164,#165)
    ,(#166,#167,#168,#169)
    ,(#170,#171,#172,#173
)),.UNSPECIFIED.,.F.,.F.,.F.) B_SPLINE_SURFACE_WITH_KNOTS((11,11),(4,4),
  (1.,2.),(0.,1.),.PIECEWISE_BEZIER_KNOTS.) 
GEOMETRIC_REPRESENTATION_ITEM() RATIONAL_B_SPLINE_SURFACE((
    (1.,1.,1.,1.)
    ,(1.,1.,1.,1.)
    ,(1.,1.,1.,1.)
    ,(1.,1.,1.,1.)
    ,(1.,1.,1.,1.)
    ,(1.,1.,1.,1.)
    ,(1.,1.,1.,1.)
    ,(1.,1.,1.,1.)
    ,(1.,1.,1.,1.)
    ,(1.,1.,1.,1.)
,(1.,1.,1.,1.))) REPRESENTATION_ITEM('') SURFACE() );
#130 = CARTESIAN_POINT('',(37.792130737918,0.771267974243,0.));
#131 = CARTESIAN_POINT('',(-22.76359050955,-0.464563071624,3.));
#132 = CARTESIAN_POINT('',(67.714857463656,1.381935866605,90.));
#133 = CARTESIAN_POINT('',(36.75,0.75,99.));
#134 = CARTESIAN_POINT('',(37.789932109335,0.879000774842,0.));
#135 = CARTESIAN_POINT('',(-23.35693302828,-0.669569405843,3.));
#136 = CARTESIAN_POINT('',(69.248247524805,1.872648135185,
    89.999999999999));
#137 = CARTESIAN_POINT('',(34.607142857143,0.75,99.));
#138 = CARTESIAN_POINT('',(37.787392223874,0.986726610751,0.));
#139 = CARTESIAN_POINT('',(-23.91840947914,-0.858714073768,
    2.999999999999));
#140 = CARTESIAN_POINT('',(70.716285593333,2.331522719512,
    90.000000000001));
#141 = CARTESIAN_POINT('',(32.464285714285,0.75,99.));
#142 = CARTESIAN_POINT('',(37.784511123679,1.094444266543,0.));
#143 = CARTESIAN_POINT('',(-24.45025163754,-1.027394073369,3.));
#144 = CARTESIAN_POINT('',(72.123436451751,2.749333632846,90.));
#145 = CARTESIAN_POINT('',(30.321428571428,0.75,99.));
#146 = CARTESIAN_POINT('',(37.781288850891,1.202152526788,0.));
#147 = CARTESIAN_POINT('',(-24.95542908727,-1.17136231828,3.));
#148 = CARTESIAN_POINT('',(73.475640755159,3.117566745734,
    89.999999999999));
#149 = CARTESIAN_POINT('',(28.178571428571,0.75,99.));
#150 = CARTESIAN_POINT('',(37.777725447652,1.309850176059,0.));
#151 = CARTESIAN_POINT('',(-25.43758454593,-1.286868218631,3.));
#152 = CARTESIAN_POINT('',(74.780185682069,3.428700947683,90.));
#153 = CARTESIAN_POINT('',(26.035714285713,0.75,99.));
#154 = CARTESIAN_POINT('',(37.773820956105,1.417535998928,0.));
#155 = CARTESIAN_POINT('',(-25.90093506343,-1.370779663026,
    2.999999999999));
#156 = CARTESIAN_POINT('',(76.045507331453,3.676452111106,
    90.000000000001));
#157 = CARTESIAN_POINT('',(23.892857142856,0.75,99.));
#158 = CARTESIAN_POINT('',(37.769575418391,1.525208779966,0.));
#159 = CARTESIAN_POINT('',(-26.35014715296,-1.420681346357,3.));
#160 = CARTESIAN_POINT('',(77.28094098466,3.855969746953,90.));
#161 = CARTESIAN_POINT('',(21.749999999999,0.75,99.));
#162 = CARTESIAN_POINT('',(37.764988876652,1.632867303746,0.));
#163 = CARTESIAN_POINT('',(-26.79019391371,-1.434944388189,
    3.000000000001));
#164 = CARTESIAN_POINT('',(78.496435350851,3.963976241492,
    89.999999999999));
#165 = CARTESIAN_POINT('',(19.607142857141,0.75,99.));
#166 = CARTESIAN_POINT('',(37.76006137303,1.740510354838,0.));
#167 = CARTESIAN_POINT('',(-27.22620220467,-1.412762186442,3.));
#168 = CARTESIAN_POINT('',(79.7022469146,3.998838563651,90.));
#169 = CARTESIAN_POINT('',(17.464285714284,0.75,99.));
#170 = CARTESIAN_POINT('',(37.754792949667,1.848136717816,0.));
#171 = CARTESIAN_POINT('',(-27.66329792882,-1.354147451061,3.));
#172 = CARTESIAN_POINT('',(80.908630504323,3.960562332379,90.));
#173 = CARTESIAN_POINT('',(15.321428571426,0.75,99.));
#174 = DEFINITIONAL_REPRESENTATION('',(#175),#179);
#175 = LINE('',#176,#177);
#176 = CARTESIAN_POINT('',(1.,0.));
#177 = VECTOR('',#178,1.);
#178 = DIRECTION('',(0.,1.));
#179 = ( GEOMETRIC_REPRESENTATION_CONTEXT(2) 
PARAMETRIC_REPRESENTATION_CONTEXT() REPRESENTATION_CONTEXT('2D SPACE',''
  ) );
#180 = ORIENTED_EDGE('',*,*,#181,.F.);
#181 = EDGE_CURVE('',#182,#113,#184,.T.);
#182 = VERTEX_POINT('',#183);
#183 = CARTESIAN_POINT('',(36.75,-0.75,99.));
#184 = SURFACE_CURVE('',#185,(#197,#204),.PCURVE_S1.);
#185 = B_SPLINE_CURVE_WITH_KNOTS('',10,(#186,#187,#188,#189,#190,#191,
    #192,#193,#194,#195,#196),.UNSPECIFIED.,.F.,.F.,(11,11),(0.,1.),
  .PIECEWISE_BEZIER_KNOTS.);
#186 = CARTESIAN_POINT('',(36.75,-0.75,99.));
#187 = CARTESIAN_POINT('',(36.985619449019,-0.75,99.));
#188 = CARTESIAN_POINT('',(37.221241071558,-0.667753520049,99.));
#189 = CARTESIAN_POINT('',(37.424550431438,-0.503258522416,99.));
#190 = CARTESIAN_POINT('',(37.563305417225,-0.271019590411,99.));
#191 = CARTESIAN_POINT('',(37.612680472819,3.869127240819E-15,99.));
#192 = CARTESIAN_POINT('',(37.563305417228,0.271019590411,99.));
#193 = CARTESIAN_POINT('',(37.424550431434,0.503258522416,99.));
#194 = CARTESIAN_POINT('',(37.22124107156,0.667753520049,99.));
#195 = CARTESIAN_POINT('',(36.985619449019,0.75,99.));
#196 = CARTESIAN_POINT('',(36.75,0.75,99.));
#197 = PCURVE('',#40,#198);
#198 = DEFINITIONAL_REPRESENTATION('',(#199),#203);
#199 = LINE('',#200,#201);
#200 = CARTESIAN_POINT('',(0.,1.));
#201 = VECTOR('',#202,1.);
#202 = DIRECTION('',(1.,0.));
#203 = ( GEOMETRIC_REPRESENTATION_CONTEXT(2) 
PARAMETRIC_REPRESENTATION_CONTEXT() REPRESENTATION_CONTEXT('2D SPACE',''
  ) );
#204 = PCURVE('',#205,#210);
#205 = CYLINDRICAL_SURFACE('',#206,0.75);
#206 = AXIS2_PLACEMENT_3D('',#207,#208,#209);
#207 = CARTESIAN_POINT('',(36.75,0.,99.));
#208 = DIRECTION('',(0.,0.,-1.));
#209 = DIRECTION('',(0.,1.,0.));
#210 = DEFINITIONAL_REPRESENTATION('',(#211),#214);
#211 = B_SPLINE_CURVE_WITH_KNOTS('',1,(#212,#213),.UNSPECIFIED.,.F.,.F.,
  (2,2),(0.,1.),.PIECEWISE_BEZIER_KNOTS.);
#212 = CARTESIAN_POINT('',(3.14159265359,0.));
#213 = CARTESIAN_POINT('',(0.,0.));
#214 = ( GEOMETRIC_REPRESENTATION_CONTEXT(2) 
PARAMETRIC_REPRESENTATION_CONTEXT() REPRESENTATION_CONTEXT('2D SPACE',''
  ) );
#215 = ORIENTED_EDGE('',*,*,#216,.F.);
#216 = EDGE_CURVE('',#22,#182,#217,.T.);
#217 = SURFACE_CURVE('',#218,(#223,#230),.PCURVE_S1.);
#218 = ( BOUNDED_CURVE() B_SPLINE_CURVE(3,(#219,#220,#221,#222),
.UNSPECIFIED.,.F.,.F.) B_SPLINE_CURVE_WITH_KNOTS((4,4),(0.,1.),
.PIECEWISE_BEZIER_KNOTS.) CURVE() GEOMETRIC_REPRESENTATION_ITEM() 
RATIONAL_B_SPLINE_CURVE((1.,1.,1.,1.)) REPRESENTATION_ITEM('') );
#219 = CARTESIAN_POINT('',(37.8,5.551115123126E-17,0.));
#220 = CARTESIAN_POINT('',(-22.77014822795,-0.178160240246,3.));
#221 = CARTESIAN_POINT('',(67.717480551016,-1.124846541857,90.));
#222 = CARTESIAN_POINT('',(36.75,-0.75,99.));
#223 = PCURVE('',#40,#224);
#224 = DEFINITIONAL_REPRESENTATION('',(#225),#229);
#225 = LINE('',#226,#227);
#226 = CARTESIAN_POINT('',(0.,0.));
#227 = VECTOR('',#228,1.);
#228 = DIRECTION('',(0.,1.));
#229 = ( GEOMETRIC_REPRESENTATION_CONTEXT(2) 
PARAMETRIC_REPRESENTATION_CONTEXT() REPRESENTATION_CONTEXT('2D SPACE',''
  ) );
#230 = PCURVE('',#231,#276);
#231 = ( BOUNDED_SURFACE() B_SPLINE_SURFACE(10,3,(
    (#232,#233,#234,#235)
    ,(#236,#237,#238,#239)
    ,(#240,#241,#242,#243)
    ,(#244,#245,#246,#247)
    ,(#248,#249,#250,#251)
    ,(#252,#253,#254,#255)
    ,(#256,#257,#258,#259)
    ,(#260,#261,#262,#263)
    ,(#264,#265,#266,#267)
    ,(#268,#269,#270,#271)
    ,(#272,#273,#274,#275
)),.UNSPECIFIED.,.F.,.F.,.F.) B_SPLINE_SURFACE_WITH_KNOTS((11,11),(4,4),
  (11.,12.),(0.,1.),.PIECEWISE_BEZIER_KNOTS.) 
GEOMETRIC_REPRESENTATION_ITEM() RATIONAL_B_SPLINE_SURFACE((
    (1.,1.,1.,1.)
    ,(1.,1.,1.,1.)
    ,(1.,1.,1.,1.)
    ,(1.,1.,1.,1.)
    ,(1.,1.,1.,1.)
    ,(1.,1.,1.,1.)
    ,(1.,1.,1.,1.)
    ,(1.,1.,1.,1.)
    ,(1.,1.,1.,1.)
    ,(1.,1.,1.,1.)
,(1.,1.,1.,1.))) REPRESENTATION_ITEM('') SURFACE() );
#232 = CARTESIAN_POINT('',(37.754792949667,-1.848136717816,0.));
#233 = CARTESIAN_POINT('',(-27.66329792882,1.354147451061,3.));
#234 = CARTESIAN_POINT('',(80.908630504322,-3.960562332379,90.));
#235 = CARTESIAN_POINT('',(15.321428571428,-0.75,99.));
#236 = CARTESIAN_POINT('',(37.763832557118,-1.663470451324,0.));
#237 = CARTESIAN_POINT('',(-27.22934485807,1.348562266847,3.));
#238 = CARTESIAN_POINT('',(79.703503975962,-3.973158595813,
    89.999999999999));
#239 = CARTESIAN_POINT('',(17.464285714285,-0.75,99.));
#240 = CARTESIAN_POINT('',(37.771868564867,-1.478755056594,0.));
#241 = CARTESIAN_POINT('',(-26.79592698723,1.306517515563,2.999999999999
    ));
#242 = CARTESIAN_POINT('',(78.498728580256,-3.912605492442,
    90.000000000001));
#243 = CARTESIAN_POINT('',(19.607142857142,-0.75,99.));
#244 = CARTESIAN_POINT('',(37.778900672506,-1.293996671103,0.));
#245 = CARTESIAN_POINT('',(-26.35791819806,1.228004588971,3.));
#246 = CARTESIAN_POINT('',(77.284049402698,-3.778899043999,90.));
#247 = CARTESIAN_POINT('',(21.75,-0.75,99.));
#248 = CARTESIAN_POINT('',(37.784928622537,-1.10920143338,0.));
#249 = CARTESIAN_POINT('',(-25.91019145213,1.113834191737,3.000000000001
    ));
#250 = CARTESIAN_POINT('',(76.049209886929,-3.57367392259,
    89.999999999999));
#251 = CARTESIAN_POINT('',(23.892857142857,-0.75,99.));
#252 = CARTESIAN_POINT('',(37.789952200376,-0.924375483003,0.));
#253 = CARTESIAN_POINT('',(-25.44777350653,0.965639307751,3.));
#254 = CARTESIAN_POINT('',(74.784261266309,-3.300209383331,90.));
#255 = CARTESIAN_POINT('',(26.035714285714,-0.75,99.));
#256 = CARTESIAN_POINT('',(37.793971234348,-0.739524960599,0.));
#257 = CARTESIAN_POINT('',(-24.96599774015,0.785839346455,2.999999999999
    ));
#258 = CARTESIAN_POINT('',(73.479868216311,-2.963357557004,
    90.000000000001));
#259 = CARTESIAN_POINT('',(28.178571428571,-0.75,99.));
#260 = CARTESIAN_POINT('',(37.796985595691,-0.554656007844,0.));
#261 = CARTESIAN_POINT('',(-24.46064703088,0.577570524454,3.));
#262 = CARTESIAN_POINT('',(72.127594609088,-2.56940421328,90.));
#263 = CARTESIAN_POINT('',(30.321428571428,-0.75,99.));
#264 = CARTESIAN_POINT('',(37.798995198555,-0.369774767467,0.));
#265 = CARTESIAN_POINT('',(-23.9280786247,0.344587537698,3.000000000001)
  );
#266 = CARTESIAN_POINT('',(70.720153251558,-2.125872105084,
    89.999999999999));
#267 = CARTESIAN_POINT('',(32.464285714286,-0.75,99.));
#268 = CARTESIAN_POINT('',(37.8,-0.184887383244,0.));
#269 = CARTESIAN_POINT('',(-23.36532293717,9.114157951111E-02,3.));
#270 = CARTESIAN_POINT('',(69.251603488361,-1.641277004652,
    90.000000000001));
#271 = CARTESIAN_POINT('',(34.607142857143,-0.75,99.));
#272 = CARTESIAN_POINT('',(37.8,-9.214851104389E-15,0.));
#273 = CARTESIAN_POINT('',(-22.77014822795,-0.178160240246,3.));
#274 = CARTESIAN_POINT('',(67.717480551016,-1.124846541857,90.));
#275 = CARTESIAN_POINT('',(36.75,-0.75,99.));
#276 = DEFINITIONAL_REPRESENTATION('',(#277),#281);
#277 = LINE('',#278,#279);
#278 = CARTESIAN_POINT('',(12.,0.));
#279 = VECTOR('',#280,1.);
#280 = DIRECTION('',(0.,1.));
#281 = ( GEOMETRIC_REPRESENTATION_CONTEXT(2) 
PARAMETRIC_REPRESENTATION_CONTEXT() REPRESENTATION_CONTEXT('2D SPACE',''
  ) );
#282 = ADVANCED_FACE('',(#283),#92,.F.);
#283 = FACE_BOUND('',#284,.T.);
#284 = EDGE_LOOP('',(#285,#286,#325,#409,#493,#577,#661,#745,#829,#913,
    #997,#1081));
#285 = ORIENTED_EDGE('',*,*,#21,.F.);
#286 = ORIENTED_EDGE('',*,*,#287,.F.);
#287 = EDGE_CURVE('',#288,#22,#290,.T.);
#288 = VERTEX_POINT('',#289);
#289 = CARTESIAN_POINT('',(37.754792949667,-1.848136717816,0.));
#290 = SURFACE_CURVE('',#291,(#303,#318),.PCURVE_S1.);
#291 = B_SPLINE_CURVE_WITH_KNOTS('',10,(#292,#293,#294,#295,#296,#297,
    #298,#299,#300,#301,#302),.UNSPECIFIED.,.F.,.F.,(11,11),(11.,12.),
  .PIECEWISE_BEZIER_KNOTS.);
#292 = CARTESIAN_POINT('',(37.754792949667,-1.848136717816,0.));
#293 = CARTESIAN_POINT('',(37.763832557118,-1.663470451324,0.));
#294 = CARTESIAN_POINT('',(37.771868564867,-1.478755056594,0.));
#295 = CARTESIAN_POINT('',(37.778900672506,-1.293996671103,0.));
#296 = CARTESIAN_POINT('',(37.784928622537,-1.10920143338,0.));
#297 = CARTESIAN_POINT('',(37.789952200376,-0.924375483003,0.));
#298 = CARTESIAN_POINT('',(37.793971234348,-0.739524960599,0.));
#299 = CARTESIAN_POINT('',(37.796985595691,-0.554656007844,0.));
#300 = CARTESIAN_POINT('',(37.798995198555,-0.369774767467,0.));
#301 = CARTESIAN_POINT('',(37.8,-0.184887383244,0.));
#302 = CARTESIAN_POINT('',(37.8,-9.214851104389E-15,0.));
#303 = PCURVE('',#92,#304);
#304 = DEFINITIONAL_REPRESENTATION('',(#305),#317);
#305 = B_SPLINE_CURVE_WITH_KNOTS('',10,(#306,#307,#308,#309,#310,#311,
    #312,#313,#314,#315,#316),.UNSPECIFIED.,.F.,.F.,(11,11),(11.,12.),
  .PIECEWISE_BEZIER_KNOTS.);
#306 = CARTESIAN_POINT('',(4.520705033256E-02,1.848136717816));
#307 = CARTESIAN_POINT('',(3.61674428819E-02,1.663470451324));
#308 = CARTESIAN_POINT('',(2.81314351328E-02,1.478755056594));
#309 = CARTESIAN_POINT('',(2.109932749402E-02,1.293996671103));
#310 = CARTESIAN_POINT('',(1.507137746263E-02,1.10920143338));
#311 = CARTESIAN_POINT('',(1.004779962407E-02,0.924375483003));
#312 = CARTESIAN_POINT('',(6.028765652182E-03,0.739524960599));
#313 = CARTESIAN_POINT('',(3.014404309141E-03,0.554656007844));
#314 = CARTESIAN_POINT('',(1.004801445447E-03,0.369774767467));
#315 = CARTESIAN_POINT('',(-7.105427357601E-15,0.184887383244));
#316 = CARTESIAN_POINT('',(7.105427357601E-15,9.27036225562E-15));
#317 = ( GEOMETRIC_REPRESENTATION_CONTEXT(2) 
PARAMETRIC_REPRESENTATION_CONTEXT() REPRESENTATION_CONTEXT('2D SPACE',''
  ) );
#318 = PCURVE('',#231,#319);
#319 = DEFINITIONAL_REPRESENTATION('',(#320),#324);
#320 = LINE('',#321,#322);
#321 = CARTESIAN_POINT('',(0.,0.));
#322 = VECTOR('',#323,1.);
#323 = DIRECTION('',(1.,0.));
#324 = ( GEOMETRIC_REPRESENTATION_CONTEXT(2) 
PARAMETRIC_REPRESENTATION_CONTEXT() REPRESENTATION_CONTEXT('2D SPACE',''
  ) );
#325 = ORIENTED_EDGE('',*,*,#326,.F.);
#326 = EDGE_CURVE('',#327,#288,#329,.T.);
#327 = VERTEX_POINT('',#328);
#328 = CARTESIAN_POINT('',(33.512907185054,-17.48499505307,0.));
#329 = SURFACE_CURVE('',#330,(#342,#357),.PCURVE_S1.);
#330 = B_SPLINE_CURVE_WITH_KNOTS('',10,(#331,#332,#333,#334,#335,#336,
    #337,#338,#339,#340,#341),.UNSPECIFIED.,.F.,.F.,(11,11),(10.,11.),
  .PIECEWISE_BEZIER_KNOTS.);
#331 = CARTESIAN_POINT('',(33.512907185054,-17.48499505307,0.));
#332 = CARTESIAN_POINT('',(34.268215738029,-16.03732032653,0.));
#333 = CARTESIAN_POINT('',(34.954039868679,-14.5533929076,0.));
#334 = CARTESIAN_POINT('',(35.568422086223,-13.03696459141,0.));
#335 = CARTESIAN_POINT('',(36.109636345462,-11.49190825843,0.));
#336 = CARTESIAN_POINT('',(36.576196868721,-9.922200834378,0.));
#337 = CARTESIAN_POINT('',(36.966865403175,-8.331905825521,0.));
#338 = CARTESIAN_POINT('',(37.280656913576,-6.725155429701,0.));
#339 = CARTESIAN_POINT('',(37.516843710359,-5.106132222818,0.));
#340 = CARTESIAN_POINT('',(37.674958013152,-3.479050420915,0.));
#341 = CARTESIAN_POINT('',(37.754792949667,-1.848136717816,0.));
#342 = PCURVE('',#92,#343);
#343 = DEFINITIONAL_REPRESENTATION('',(#344),#356);
#344 = B_SPLINE_CURVE_WITH_KNOTS('',10,(#345,#346,#347,#348,#349,#350,
    #351,#352,#353,#354,#355),.UNSPECIFIED.,.F.,.F.,(11,11),(10.,11.),
  .PIECEWISE_BEZIER_KNOTS.);
#345 = CARTESIAN_POINT('',(4.287092814946,17.484995053072));
#346 = CARTESIAN_POINT('',(3.531784261971,16.037320326537));
#347 = CARTESIAN_POINT('',(2.845960131321,14.553392907608));
#348 = CARTESIAN_POINT('',(2.231577913777,13.03696459141));
#349 = CARTESIAN_POINT('',(1.690363654538,11.491908258436));
#350 = CARTESIAN_POINT('',(1.223803131279,9.922200834378));
#351 = CARTESIAN_POINT('',(0.833134596825,8.331905825521));
#352 = CARTESIAN_POINT('',(0.519343086424,6.725155429701));
#353 = CARTESIAN_POINT('',(0.283156289641,5.106132222818));
#354 = CARTESIAN_POINT('',(0.125041986848,3.479050420915));
#355 = CARTESIAN_POINT('',(4.520705033256E-02,1.848136717816));
#356 = ( GEOMETRIC_REPRESENTATION_CONTEXT(2) 
PARAMETRIC_REPRESENTATION_CONTEXT() REPRESENTATION_CONTEXT('2D SPACE',''
  ) );
#357 = PCURVE('',#358,#403);
#358 = ( BOUNDED_SURFACE() B_SPLINE_SURFACE(10,3,(
    (#359,#360,#361,#362)
    ,(#363,#364,#365,#366)
    ,(#367,#368,#369,#370)
    ,(#371,#372,#373,#374)
    ,(#375,#376,#377,#378)
    ,(#379,#380,#381,#382)
    ,(#383,#384,#385,#386)
    ,(#387,#388,#389,#390)
    ,(#391,#392,#393,#394)
    ,(#395,#396,#397,#398)
    ,(#399,#400,#401,#402
)),.UNSPECIFIED.,.F.,.F.,.F.) B_SPLINE_SURFACE_WITH_KNOTS((11,11),(4,4),
  (10.,11.),(0.,1.),.PIECEWISE_BEZIER_KNOTS.) 
GEOMETRIC_REPRESENTATION_ITEM() RATIONAL_B_SPLINE_SURFACE((
    (1.,1.,1.,1.)
    ,(1.,1.,1.,1.)
    ,(1.,1.,1.,1.)
    ,(1.,1.,1.,1.)
    ,(1.,1.,1.,1.)
    ,(1.,1.,1.,1.)
    ,(1.,1.,1.,1.)
    ,(1.,1.,1.,1.)
    ,(1.,1.,1.,1.)
    ,(1.,1.,1.,1.)
,(1.,1.,1.,1.))) REPRESENTATION_ITEM('') SURFACE() );
#359 = CARTESIAN_POINT('',(33.512907185054,-17.48499505307,0.));
#360 = CARTESIAN_POINT('',(2.020494012455,-1.054170789107,3.));
#361 = CARTESIAN_POINT('',(2.785552395018,-1.453331684357,90.));
#362 = CARTESIAN_POINT('',(1.4375,-0.75,99.));
#363 = CARTESIAN_POINT('',(34.268215738029,-16.03732032653,0.));
#364 = CARTESIAN_POINT('',(-0.435042392244,-2.260566394553,3.));
#365 = CARTESIAN_POINT('',(10.313845479858,-0.970773442179,90.));
#366 = CARTESIAN_POINT('',(2.825892857143,-0.75,99.));
#367 = CARTESIAN_POINT('',(34.954039868679,-14.5533929076,0.));
#368 = CARTESIAN_POINT('',(-2.832674800426,-3.089314980693,3.));
#369 = CARTESIAN_POINT('',(17.818976934966,-0.680059767353,90.));
#370 = CARTESIAN_POINT('',(4.214285714286,-0.75,99.));
#371 = CARTESIAN_POINT('',(35.568422086223,-13.03696459141,0.));
#372 = CARTESIAN_POINT('',(-5.24357822749,-3.53729147958,3.));
#373 = CARTESIAN_POINT('',(25.336697392274,-0.582440544259,90.));
#374 = CARTESIAN_POINT('',(5.602678571428,-0.75,99.));
#375 = CARTESIAN_POINT('',(36.109636345462,-11.49190825843,0.));
#376 = CARTESIAN_POINT('',(-7.739113810667,-3.61611745849,3.));
#377 = CARTESIAN_POINT('',(32.902831257498,-0.671782249219,90.));
#378 = CARTESIAN_POINT('',(6.991071428571,-0.75,99.));
#379 = CARTESIAN_POINT('',(36.576196868721,-9.922200834378,0.));
#380 = CARTESIAN_POINT('',(-10.38731931989,-3.352187877052,3.));
#381 = CARTESIAN_POINT('',(40.551521230412,-0.934555991943,90.));
#382 = CARTESIAN_POINT('',(8.379464285714,-0.75,99.));
#383 = CARTESIAN_POINT('',(36.966865403175,-8.331905825521,0.));
#384 = CARTESIAN_POINT('',(-13.24935865618,-2.785663241057,3.));
#385 = CARTESIAN_POINT('',(48.313452449259,-1.350342894012,90.));
#386 = CARTESIAN_POINT('',(9.767857142857,-0.75,99.));
#387 = CARTESIAN_POINT('',(37.280656913576,-6.725155429701,0.));
#388 = CARTESIAN_POINT('',(-16.3763636796,-1.968467460046,3.));
#389 = CARTESIAN_POINT('',(56.214272930337,-1.892836650835,90.));
#390 = CARTESIAN_POINT('',(11.15625,-0.75,99.));
#391 = CARTESIAN_POINT('',(37.516843710359,-5.106132222818,0.));
#392 = CARTESIAN_POINT('',(-19.806991112,-0.961459346444,3.));
#393 = CARTESIAN_POINT('',(64.273371675376,-2.53125930821,90.));
#394 = CARTESIAN_POINT('',(12.544642857142,-0.75,99.));
#395 = CARTESIAN_POINT('',(37.674958013152,-3.479050420915,0.));
#396 = CARTESIAN_POINT('',(-23.56590666278,0.168926675378,3.));
#397 = CARTESIAN_POINT('',(72.503120520774,-3.232042469279,90.));
#398 = CARTESIAN_POINT('',(13.933035714285,-0.75,99.));
#399 = CARTESIAN_POINT('',(37.754792949667,-1.848136717816,0.));
#400 = CARTESIAN_POINT('',(-27.66329792882,1.354147451061,3.));
#401 = CARTESIAN_POINT('',(80.908630504322,-3.960562332379,90.));
#402 = CARTESIAN_POINT('',(15.321428571428,-0.75,99.));
#403 = DEFINITIONAL_REPRESENTATION('',(#404),#408);
#404 = LINE('',#405,#406);
#405 = CARTESIAN_POINT('',(0.,0.));
#406 = VECTOR('',#407,1.);
#407 = DIRECTION('',(1.,0.));
#408 = ( GEOMETRIC_REPRESENTATION_CONTEXT(2) 
PARAMETRIC_REPRESENTATION_CONTEXT() REPRESENTATION_CONTEXT('2D SPACE',''
  ) );
#409 = ORIENTED_EDGE('',*,*,#410,.F.);
#410 = EDGE_CURVE('',#411,#327,#413,.T.);
#411 = VERTEX_POINT('',#412);
#412 = CARTESIAN_POINT('',(-33.51290718505,-17.48499505307,0.));
#413 = SURFACE_CURVE('',#414,(#426,#441),.PCURVE_S1.);
#414 = B_SPLINE_CURVE_WITH_KNOTS('',10,(#415,#416,#417,#418,#419,#420,
    #421,#422,#423,#424,#425),.UNSPECIFIED.,.F.,.F.,(11,11),(9.,10.),
  .PIECEWISE_BEZIER_KNOTS.);
#415 = CARTESIAN_POINT('',(-33.51290718505,-17.48499505307,0.));
#416 = CARTESIAN_POINT('',(-29.70149632743,-24.79019919684,0.));
#417 = CARTESIAN_POINT('',(-24.12075054881,-31.17227195537,0.));
#418 = CARTESIAN_POINT('',(-17.02220025104,-36.14910988226,0.));
#419 = CARTESIAN_POINT('',(-8.807514663469,-39.31693637829,0.));
#420 = CARTESIAN_POINT('',(-2.046363078989E-12,-40.40484880633,0.));
#421 = CARTESIAN_POINT('',(8.807514663472,-39.31693637829,0.));
#422 = CARTESIAN_POINT('',(17.02220025104,-36.14910988226,0.));
#423 = CARTESIAN_POINT('',(24.120750548813,-31.17227195537,0.));
#424 = CARTESIAN_POINT('',(29.701496327436,-24.79019919684,0.));
#425 = CARTESIAN_POINT('',(33.512907185054,-17.48499505307,0.));
#426 = PCURVE('',#92,#427);
#427 = DEFINITIONAL_REPRESENTATION('',(#428),#440);
#428 = B_SPLINE_CURVE_WITH_KNOTS('',10,(#429,#430,#431,#432,#433,#434,
    #435,#436,#437,#438,#439),.UNSPECIFIED.,.F.,.F.,(11,11),(9.,10.),
  .PIECEWISE_BEZIER_KNOTS.);
#429 = CARTESIAN_POINT('',(71.312907185054,17.484995053072));
#430 = CARTESIAN_POINT('',(67.501496327436,24.790199196842));
#431 = CARTESIAN_POINT('',(61.920750548812,31.172271955373));
#432 = CARTESIAN_POINT('',(54.822200251043,36.149109882264));
#433 = CARTESIAN_POINT('',(46.607514663469,39.316936378299));
#434 = CARTESIAN_POINT('',(37.800000000002,40.40484880633));
#435 = CARTESIAN_POINT('',(28.992485336528,39.316936378299));
#436 = CARTESIAN_POINT('',(20.77779974896,36.149109882263));
#437 = CARTESIAN_POINT('',(13.679249451187,31.172271955374));
#438 = CARTESIAN_POINT('',(8.098503672564,24.790199196842));
#439 = CARTESIAN_POINT('',(4.287092814946,17.484995053072));
#440 = ( GEOMETRIC_REPRESENTATION_CONTEXT(2) 
PARAMETRIC_REPRESENTATION_CONTEXT() REPRESENTATION_CONTEXT('2D SPACE',''
  ) );
#441 = PCURVE('',#442,#487);
#442 = ( BOUNDED_SURFACE() B_SPLINE_SURFACE(10,3,(
    (#443,#444,#445,#446)
    ,(#447,#448,#449,#450)
    ,(#451,#452,#453,#454)
    ,(#455,#456,#457,#458)
    ,(#459,#460,#461,#462)
    ,(#463,#464,#465,#466)
    ,(#467,#468,#469,#470)
    ,(#471,#472,#473,#474)
    ,(#475,#476,#477,#478)
    ,(#479,#480,#481,#482)
    ,(#483,#484,#485,#486
)),.UNSPECIFIED.,.F.,.F.,.F.) B_SPLINE_SURFACE_WITH_KNOTS((11,11),(4,4),
  (9.,10.),(0.,1.),.PIECEWISE_BEZIER_KNOTS.) 
GEOMETRIC_REPRESENTATION_ITEM() RATIONAL_B_SPLINE_SURFACE((
    (1.,1.,1.,1.)
    ,(1.,1.,1.,1.)
    ,(1.,1.,1.,1.)
    ,(1.,1.,1.,1.)
    ,(1.,1.,1.,1.)
    ,(1.,1.,1.,1.)
    ,(1.,1.,1.,1.)
    ,(1.,1.,1.,1.)
    ,(1.,1.,1.,1.)
    ,(1.,1.,1.,1.)
,(1.,1.,1.,1.))) REPRESENTATION_ITEM('') SURFACE() );
#443 = CARTESIAN_POINT('',(-33.51290718505,-17.48499505307,0.));
#444 = CARTESIAN_POINT('',(-2.020494012455,-1.054170789107,3.));
#445 = CARTESIAN_POINT('',(-2.785552395018,-1.453331684357,90.));
#446 = CARTESIAN_POINT('',(-1.4375,-0.75,99.));
#447 = CARTESIAN_POINT('',(-29.70149632743,-24.79019919684,0.));
#448 = CARTESIAN_POINT('',(0.792913606197,5.033499330702,3.));
#449 = CARTESIAN_POINT('',(-3.192165442479,-3.888399732281,90.));
#450 = CARTESIAN_POINT('',(-1.15,-0.75,99.));
#451 = CARTESIAN_POINT('',(-24.12075054881,-31.17227195537,0.));
#452 = CARTESIAN_POINT('',(2.131875457343,10.351893296144,3.));
#453 = CARTESIAN_POINT('',(-3.009000182937,-6.015757318458,90.));
#454 = CARTESIAN_POINT('',(-0.8625,-0.75,99.));
#455 = CARTESIAN_POINT('',(-17.02220025104,-36.14910988226,0.));
#456 = CARTESIAN_POINT('',(2.206000209202,14.49925823522,3.));
#457 = CARTESIAN_POINT('',(-2.319900083681,-7.674703294088,90.));
#458 = CARTESIAN_POINT('',(-0.575,-0.75,99.));
#459 = CARTESIAN_POINT('',(-8.807514663469,-39.31693637829,0.));
#460 = CARTESIAN_POINT('',(1.350012219557,17.139113648583,3.));
#461 = CARTESIAN_POINT('',(-1.258754887823,-8.730645459433,90.));
#462 = CARTESIAN_POINT('',(-0.2875,-0.75,99.));
#463 = CARTESIAN_POINT('',(-2.046363078989E-12,-40.40484880633,0.));
#464 = CARTESIAN_POINT('',(1.719446807158E-12,18.045707338608,3.));
#465 = CARTESIAN_POINT('',(-7.068567953183E-13,-9.093282935443,90.));
#466 = CARTESIAN_POINT('',(-2.13162820728E-14,-0.75,99.));
#467 = CARTESIAN_POINT('',(8.807514663472,-39.31693637829,0.));
#468 = CARTESIAN_POINT('',(-1.35001221956,17.139113648583,3.));
#469 = CARTESIAN_POINT('',(1.258754887824,-8.730645459433,90.));
#470 = CARTESIAN_POINT('',(0.2875,-0.75,99.));
#471 = CARTESIAN_POINT('',(17.02220025104,-36.14910988226,0.));
#472 = CARTESIAN_POINT('',(-2.2060002092,14.499258235219,3.));
#473 = CARTESIAN_POINT('',(2.31990008368,-7.674703294088,90.));
#474 = CARTESIAN_POINT('',(0.575,-0.75,99.));
#475 = CARTESIAN_POINT('',(24.120750548813,-31.17227195537,0.));
#476 = CARTESIAN_POINT('',(-2.131875457344,10.351893296145,3.));
#477 = CARTESIAN_POINT('',(3.009000182938,-6.015757318458,90.));
#478 = CARTESIAN_POINT('',(0.8625,-0.75,99.));
#479 = CARTESIAN_POINT('',(29.701496327436,-24.79019919684,0.));
#480 = CARTESIAN_POINT('',(-0.792913606197,5.033499330701,3.));
#481 = CARTESIAN_POINT('',(3.192165442479,-3.888399732281,90.));
#482 = CARTESIAN_POINT('',(1.15,-0.75,99.));
#483 = CARTESIAN_POINT('',(33.512907185054,-17.48499505307,0.));
#484 = CARTESIAN_POINT('',(2.020494012455,-1.054170789107,3.));
#485 = CARTESIAN_POINT('',(2.785552395018,-1.453331684357,90.));
#486 = CARTESIAN_POINT('',(1.4375,-0.75,99.));
#487 = DEFINITIONAL_REPRESENTATION('',(#488),#492);
#488 = LINE('',#489,#490);
#489 = CARTESIAN_POINT('',(0.,0.));
#490 = VECTOR('',#491,1.);
#491 = DIRECTION('',(1.,0.));
#492 = ( GEOMETRIC_REPRESENTATION_CONTEXT(2) 
PARAMETRIC_REPRESENTATION_CONTEXT() REPRESENTATION_CONTEXT('2D SPACE',''
  ) );
#493 = ORIENTED_EDGE('',*,*,#494,.F.);
#494 = EDGE_CURVE('',#495,#411,#497,.T.);
#495 = VERTEX_POINT('',#496);
#496 = CARTESIAN_POINT('',(-37.75479294966,-1.848136717816,0.));
#497 = SURFACE_CURVE('',#498,(#510,#525),.PCURVE_S1.);
#498 = B_SPLINE_CURVE_WITH_KNOTS('',10,(#499,#500,#501,#502,#503,#504,
    #505,#506,#507,#508,#509),.UNSPECIFIED.,.F.,.F.,(11,11),(8.,9.),
  .PIECEWISE_BEZIER_KNOTS.);
#499 = CARTESIAN_POINT('',(-37.75479294966,-1.848136717816,0.));
#500 = CARTESIAN_POINT('',(-37.67495801315,-3.479050420915,0.));
#501 = CARTESIAN_POINT('',(-37.51684371035,-5.106132222818,0.));
#502 = CARTESIAN_POINT('',(-37.28065691357,-6.725155429701,0.));
#503 = CARTESIAN_POINT('',(-36.96686540317,-8.331905825521,0.));
#504 = CARTESIAN_POINT('',(-36.57619686872,-9.922200834378,0.));
#505 = CARTESIAN_POINT('',(-36.10963634546,-11.49190825843,0.));
#506 = CARTESIAN_POINT('',(-35.56842208622,-13.03696459141,0.));
#507 = CARTESIAN_POINT('',(-34.95403986867,-14.5533929076,0.));
#508 = CARTESIAN_POINT('',(-34.26821573802,-16.03732032653,0.));
#509 = CARTESIAN_POINT('',(-33.51290718505,-17.48499505307,0.));
#510 = PCURVE('',#92,#511);
#511 = DEFINITIONAL_REPRESENTATION('',(#512),#524);
#512 = B_SPLINE_CURVE_WITH_KNOTS('',10,(#513,#514,#515,#516,#517,#518,
    #519,#520,#521,#522,#523),.UNSPECIFIED.,.F.,.F.,(11,11),(8.,9.),
  .PIECEWISE_BEZIER_KNOTS.);
#513 = CARTESIAN_POINT('',(75.554792949667,1.848136717816));
#514 = CARTESIAN_POINT('',(75.474958013152,3.479050420915));
#515 = CARTESIAN_POINT('',(75.316843710359,5.106132222818));
#516 = CARTESIAN_POINT('',(75.080656913576,6.725155429701));
#517 = CARTESIAN_POINT('',(74.766865403175,8.331905825521));
#518 = CARTESIAN_POINT('',(74.376196868721,9.922200834378));
#519 = CARTESIAN_POINT('',(73.909636345462,11.491908258436));
#520 = CARTESIAN_POINT('',(73.368422086223,13.03696459141));
#521 = CARTESIAN_POINT('',(72.754039868679,14.553392907608));
#522 = CARTESIAN_POINT('',(72.068215738029,16.037320326537));
#523 = CARTESIAN_POINT('',(71.312907185054,17.484995053072));
#524 = ( GEOMETRIC_REPRESENTATION_CONTEXT(2) 
PARAMETRIC_REPRESENTATION_CONTEXT() REPRESENTATION_CONTEXT('2D SPACE',''
  ) );
#525 = PCURVE('',#526,#571);
#526 = ( BOUNDED_SURFACE() B_SPLINE_SURFACE(10,3,(
    (#527,#528,#529,#530)
    ,(#531,#532,#533,#534)
    ,(#535,#536,#537,#538)
    ,(#539,#540,#541,#542)
    ,(#543,#544,#545,#546)
    ,(#547,#548,#549,#550)
    ,(#551,#552,#553,#554)
    ,(#555,#556,#557,#558)
    ,(#559,#560,#561,#562)
    ,(#563,#564,#565,#566)
    ,(#567,#568,#569,#570
)),.UNSPECIFIED.,.F.,.F.,.F.) B_SPLINE_SURFACE_WITH_KNOTS((11,11),(4,4),
  (8.,9.),(0.,1.),.PIECEWISE_BEZIER_KNOTS.) 
GEOMETRIC_REPRESENTATION_ITEM() RATIONAL_B_SPLINE_SURFACE((
    (1.,1.,1.,1.)
    ,(1.,1.,1.,1.)
    ,(1.,1.,1.,1.)
    ,(1.,1.,1.,1.)
    ,(1.,1.,1.,1.)
    ,(1.,1.,1.,1.)
    ,(1.,1.,1.,1.)
    ,(1.,1.,1.,1.)
    ,(1.,1.,1.,1.)
    ,(1.,1.,1.,1.)
,(1.,1.,1.,1.))) REPRESENTATION_ITEM('') SURFACE() );
#527 = CARTESIAN_POINT('',(-37.75479294966,-1.848136717816,0.));
#528 = CARTESIAN_POINT('',(27.663297928827,1.354147451061,3.));
#529 = CARTESIAN_POINT('',(-80.90863050432,-3.960562332379,90.));
#530 = CARTESIAN_POINT('',(-15.32142857142,-0.75,99.));
#531 = CARTESIAN_POINT('',(-37.67495801315,-3.479050420915,0.));
#532 = CARTESIAN_POINT('',(23.565906662788,0.168926675378,3.));
#533 = CARTESIAN_POINT('',(-72.50312052077,-3.232042469279,90.));
#534 = CARTESIAN_POINT('',(-13.93303571428,-0.75,99.));
#535 = CARTESIAN_POINT('',(-37.51684371035,-5.106132222818,0.));
#536 = CARTESIAN_POINT('',(19.806991112002,-0.961459346444,3.));
#537 = CARTESIAN_POINT('',(-64.27337167537,-2.53125930821,90.));
#538 = CARTESIAN_POINT('',(-12.54464285714,-0.75,99.));
#539 = CARTESIAN_POINT('',(-37.28065691357,-6.725155429701,0.));
#540 = CARTESIAN_POINT('',(16.376363679604,-1.968467460046,
    2.999999999999));
#541 = CARTESIAN_POINT('',(-56.21427293033,-1.892836650835,90.));
#542 = CARTESIAN_POINT('',(-11.15624999999,-0.75,99.));
#543 = CARTESIAN_POINT('',(-36.96686540317,-8.331905825521,0.));
#544 = CARTESIAN_POINT('',(13.249358656189,-2.785663241057,3.));
#545 = CARTESIAN_POINT('',(-48.31345244925,-1.350342894012,90.));
#546 = CARTESIAN_POINT('',(-9.767857142856,-0.75,99.));
#547 = CARTESIAN_POINT('',(-36.57619686872,-9.922200834378,0.));
#548 = CARTESIAN_POINT('',(10.387319319896,-3.352187877052,
    3.000000000001));
#549 = CARTESIAN_POINT('',(-40.55152123041,-0.934555991942,90.));
#550 = CARTESIAN_POINT('',(-8.379464285713,-0.75,99.));
#551 = CARTESIAN_POINT('',(-36.10963634546,-11.49190825843,0.));
#552 = CARTESIAN_POINT('',(7.739113810668,-3.61611745849,3.));
#553 = CARTESIAN_POINT('',(-32.90283125749,-0.671782249219,90.));
#554 = CARTESIAN_POINT('',(-6.991071428571,-0.75,99.));
#555 = CARTESIAN_POINT('',(-35.56842208622,-13.03696459141,0.));
#556 = CARTESIAN_POINT('',(5.243578227491,-3.53729147958,2.999999999999)
  );
#557 = CARTESIAN_POINT('',(-25.33669739227,-0.582440544259,90.));
#558 = CARTESIAN_POINT('',(-5.602678571428,-0.75,99.));
#559 = CARTESIAN_POINT('',(-34.95403986867,-14.5533929076,0.));
#560 = CARTESIAN_POINT('',(2.832674800425,-3.089314980693,3.000000000001
    ));
#561 = CARTESIAN_POINT('',(-17.81897693496,-0.680059767353,90.));
#562 = CARTESIAN_POINT('',(-4.214285714285,-0.75,99.));
#563 = CARTESIAN_POINT('',(-34.26821573802,-16.03732032653,0.));
#564 = CARTESIAN_POINT('',(0.435042392244,-2.260566394552,3.));
#565 = CARTESIAN_POINT('',(-10.31384547985,-0.970773442179,90.));
#566 = CARTESIAN_POINT('',(-2.825892857143,-0.75,99.));
#567 = CARTESIAN_POINT('',(-33.51290718505,-17.48499505307,0.));
#568 = CARTESIAN_POINT('',(-2.020494012455,-1.054170789107,3.));
#569 = CARTESIAN_POINT('',(-2.785552395018,-1.453331684357,90.));
#570 = CARTESIAN_POINT('',(-1.4375,-0.75,99.));
#571 = DEFINITIONAL_REPRESENTATION('',(#572),#576);
#572 = LINE('',#573,#574);
#573 = CARTESIAN_POINT('',(0.,0.));
#574 = VECTOR('',#575,1.);
#575 = DIRECTION('',(1.,0.));
#576 = ( GEOMETRIC_REPRESENTATION_CONTEXT(2) 
PARAMETRIC_REPRESENTATION_CONTEXT() REPRESENTATION_CONTEXT('2D SPACE',''
  ) );
#577 = ORIENTED_EDGE('',*,*,#578,.F.);
#578 = EDGE_CURVE('',#579,#495,#581,.T.);
#579 = VERTEX_POINT('',#580);
#580 = CARTESIAN_POINT('',(-37.79213073791,-0.771267974243,0.));
#581 = SURFACE_CURVE('',#582,(#594,#609),.PCURVE_S1.);
#582 = B_SPLINE_CURVE_WITH_KNOTS('',10,(#583,#584,#585,#586,#587,#588,
    #589,#590,#591,#592,#593),.UNSPECIFIED.,.F.,.F.,(11,11),(7.,8.),
  .PIECEWISE_BEZIER_KNOTS.);
#583 = CARTESIAN_POINT('',(-37.79213073791,-0.771267974243,0.));
#584 = CARTESIAN_POINT('',(-37.78993210933,-0.879000774842,0.));
#585 = CARTESIAN_POINT('',(-37.78739222387,-0.986726610751,0.));
#586 = CARTESIAN_POINT('',(-37.78451112367,-1.094444266543,0.));
#587 = CARTESIAN_POINT('',(-37.78128885089,-1.202152526788,0.));
#588 = CARTESIAN_POINT('',(-37.77772544765,-1.309850176059,0.));
#589 = CARTESIAN_POINT('',(-37.7738209561,-1.417535998928,0.));
#590 = CARTESIAN_POINT('',(-37.76957541839,-1.525208779966,0.));
#591 = CARTESIAN_POINT('',(-37.76498887665,-1.632867303746,0.));
#592 = CARTESIAN_POINT('',(-37.76006137303,-1.740510354838,0.));
#593 = CARTESIAN_POINT('',(-37.75479294966,-1.848136717816,0.));
#594 = PCURVE('',#92,#595);
#595 = DEFINITIONAL_REPRESENTATION('',(#596),#608);
#596 = B_SPLINE_CURVE_WITH_KNOTS('',10,(#597,#598,#599,#600,#601,#602,
    #603,#604,#605,#606,#607),.UNSPECIFIED.,.F.,.F.,(11,11),(7.,8.),
  .PIECEWISE_BEZIER_KNOTS.);
#597 = CARTESIAN_POINT('',(75.592130737918,0.771267974243));
#598 = CARTESIAN_POINT('',(75.589932109335,0.879000774842));
#599 = CARTESIAN_POINT('',(75.587392223874,0.986726610751));
#600 = CARTESIAN_POINT('',(75.584511123679,1.094444266543));
#601 = CARTESIAN_POINT('',(75.581288850891,1.202152526788));
#602 = CARTESIAN_POINT('',(75.577725447652,1.309850176059));
#603 = CARTESIAN_POINT('',(75.573820956105,1.417535998928));
#604 = CARTESIAN_POINT('',(75.569575418391,1.525208779966));
#605 = CARTESIAN_POINT('',(75.564988876652,1.632867303746));
#606 = CARTESIAN_POINT('',(75.56006137303,1.740510354838));
#607 = CARTESIAN_POINT('',(75.554792949667,1.848136717816));
#608 = ( GEOMETRIC_REPRESENTATION_CONTEXT(2) 
PARAMETRIC_REPRESENTATION_CONTEXT() REPRESENTATION_CONTEXT('2D SPACE',''
  ) );
#609 = PCURVE('',#610,#655);
#610 = ( BOUNDED_SURFACE() B_SPLINE_SURFACE(10,3,(
    (#611,#612,#613,#614)
    ,(#615,#616,#617,#618)
    ,(#619,#620,#621,#622)
    ,(#623,#624,#625,#626)
    ,(#627,#628,#629,#630)
    ,(#631,#632,#633,#634)
    ,(#635,#636,#637,#638)
    ,(#639,#640,#641,#642)
    ,(#643,#644,#645,#646)
    ,(#647,#648,#649,#650)
    ,(#651,#652,#653,#654
)),.UNSPECIFIED.,.F.,.F.,.F.) B_SPLINE_SURFACE_WITH_KNOTS((11,11),(4,4),
  (7.,8.),(0.,1.),.PIECEWISE_BEZIER_KNOTS.) 
GEOMETRIC_REPRESENTATION_ITEM() RATIONAL_B_SPLINE_SURFACE((
    (1.,1.,1.,1.)
    ,(1.,1.,1.,1.)
    ,(1.,1.,1.,1.)
    ,(1.,1.,1.,1.)
    ,(1.,1.,1.,1.)
    ,(1.,1.,1.,1.)
    ,(1.,1.,1.,1.)
    ,(1.,1.,1.,1.)
    ,(1.,1.,1.,1.)
    ,(1.,1.,1.,1.)
,(1.,1.,1.,1.))) REPRESENTATION_ITEM('') SURFACE() );
#611 = CARTESIAN_POINT('',(-37.79213073791,-0.771267974243,0.));
#612 = CARTESIAN_POINT('',(22.763590509555,0.464563071624,3.));
#613 = CARTESIAN_POINT('',(-67.71485746365,-1.381935866605,90.));
#614 = CARTESIAN_POINT('',(-36.75,-0.75,99.));
#615 = CARTESIAN_POINT('',(-37.78993210933,-0.879000774842,0.));
#616 = CARTESIAN_POINT('',(23.356933028284,0.669569405843,3.));
#617 = CARTESIAN_POINT('',(-69.2482475248,-1.872648135185,
    89.999999999999));
#618 = CARTESIAN_POINT('',(-34.60714285714,-0.75,99.));
#619 = CARTESIAN_POINT('',(-37.78739222387,-0.986726610751,0.));
#620 = CARTESIAN_POINT('',(23.918409479143,0.858714073768,2.999999999999
    ));
#621 = CARTESIAN_POINT('',(-70.71628559333,-2.331522719512,
    90.000000000001));
#622 = CARTESIAN_POINT('',(-32.46428571428,-0.75,99.));
#623 = CARTESIAN_POINT('',(-37.78451112367,-1.094444266543,0.));
#624 = CARTESIAN_POINT('',(24.450251637542,1.027394073369,3.));
#625 = CARTESIAN_POINT('',(-72.12343645175,-2.749333632846,90.));
#626 = CARTESIAN_POINT('',(-30.32142857142,-0.75,99.));
#627 = CARTESIAN_POINT('',(-37.78128885089,-1.202152526788,0.));
#628 = CARTESIAN_POINT('',(24.955429087275,1.17136231828,3.));
#629 = CARTESIAN_POINT('',(-73.47564075515,-3.117566745734,
    89.999999999999));
#630 = CARTESIAN_POINT('',(-28.17857142857,-0.75,99.));
#631 = CARTESIAN_POINT('',(-37.77772544765,-1.309850176059,0.));
#632 = CARTESIAN_POINT('',(25.437584545937,1.286868218631,3.));
#633 = CARTESIAN_POINT('',(-74.78018568206,-3.428700947683,90.));
#634 = CARTESIAN_POINT('',(-26.03571428571,-0.75,99.));
#635 = CARTESIAN_POINT('',(-37.7738209561,-1.417535998928,0.));
#636 = CARTESIAN_POINT('',(25.900935063437,1.370779663026,2.999999999999
    ));
#637 = CARTESIAN_POINT('',(-76.04550733145,-3.676452111106,
    90.000000000001));
#638 = CARTESIAN_POINT('',(-23.89285714285,-0.75,99.));
#639 = CARTESIAN_POINT('',(-37.76957541839,-1.525208779966,0.));
#640 = CARTESIAN_POINT('',(26.350147152968,1.420681346357,3.));
#641 = CARTESIAN_POINT('',(-77.28094098466,-3.855969746953,90.));
#642 = CARTESIAN_POINT('',(-21.74999999999,-0.75,99.));
#643 = CARTESIAN_POINT('',(-37.76498887665,-1.632867303746,0.));
#644 = CARTESIAN_POINT('',(26.790193913718,1.434944388189,3.000000000001
    ));
#645 = CARTESIAN_POINT('',(-78.49643535085,-3.963976241492,
    89.999999999999));
#646 = CARTESIAN_POINT('',(-19.60714285714,-0.75,99.));
#647 = CARTESIAN_POINT('',(-37.76006137303,-1.740510354838,0.));
#648 = CARTESIAN_POINT('',(27.226202204672,1.412762186442,3.));
#649 = CARTESIAN_POINT('',(-79.7022469146,-3.998838563651,90.));
#650 = CARTESIAN_POINT('',(-17.46428571428,-0.75,99.));
#651 = CARTESIAN_POINT('',(-37.75479294966,-1.848136717816,0.));
#652 = CARTESIAN_POINT('',(27.663297928827,1.354147451061,3.));
#653 = CARTESIAN_POINT('',(-80.90863050432,-3.960562332379,90.));
#654 = CARTESIAN_POINT('',(-15.32142857142,-0.75,99.));
#655 = DEFINITIONAL_REPRESENTATION('',(#656),#660);
#656 = LINE('',#657,#658);
#657 = CARTESIAN_POINT('',(0.,0.));
#658 = VECTOR('',#659,1.);
#659 = DIRECTION('',(1.,0.));
#660 = ( GEOMETRIC_REPRESENTATION_CONTEXT(2) 
PARAMETRIC_REPRESENTATION_CONTEXT() REPRESENTATION_CONTEXT('2D SPACE',''
  ) );
#661 = ORIENTED_EDGE('',*,*,#662,.F.);
#662 = EDGE_CURVE('',#663,#579,#665,.T.);
#663 = VERTEX_POINT('',#664);
#664 = CARTESIAN_POINT('',(-37.79213073791,0.771267974243,0.));
#665 = SURFACE_CURVE('',#666,(#678,#693),.PCURVE_S1.);
#666 = B_SPLINE_CURVE_WITH_KNOTS('',10,(#667,#668,#669,#670,#671,#672,
    #673,#674,#675,#676,#677),.UNSPECIFIED.,.F.,.F.,(11,11),(6.,7.),
  .PIECEWISE_BEZIER_KNOTS.);
#667 = CARTESIAN_POINT('',(-37.79213073791,0.771267974243,0.));
#668 = CARTESIAN_POINT('',(-37.79527833353,0.617035789232,0.));
#669 = CARTESIAN_POINT('',(-37.79772656053,0.462789330996,0.));
#670 = CARTESIAN_POINT('',(-37.79947534612,0.308532167841,0.));
#671 = CARTESIAN_POINT('',(-37.80052463827,0.154267868074,0.));
#672 = CARTESIAN_POINT('',(-37.80087440579,4.640732242933E-15,0.));
#673 = CARTESIAN_POINT('',(-37.80052463827,-0.154267868074,0.));
#674 = CARTESIAN_POINT('',(-37.79947534612,-0.308532167841,0.));
#675 = CARTESIAN_POINT('',(-37.79772656053,-0.462789330996,0.));
#676 = CARTESIAN_POINT('',(-37.79527833353,-0.617035789232,0.));
#677 = CARTESIAN_POINT('',(-37.79213073791,-0.771267974243,0.));
#678 = PCURVE('',#92,#679);
#679 = DEFINITIONAL_REPRESENTATION('',(#680),#692);
#680 = B_SPLINE_CURVE_WITH_KNOTS('',10,(#681,#682,#683,#684,#685,#686,
    #687,#688,#689,#690,#691),.UNSPECIFIED.,.F.,.F.,(11,11),(6.,7.),
  .PIECEWISE_BEZIER_KNOTS.);
#681 = CARTESIAN_POINT('',(75.592130737918,-0.771267974243));
#682 = CARTESIAN_POINT('',(75.595278333531,-0.617035789232));
#683 = CARTESIAN_POINT('',(75.597726560536,-0.462789330996));
#684 = CARTESIAN_POINT('',(75.599475346121,-0.308532167841));
#685 = CARTESIAN_POINT('',(75.600524638276,-0.154267868074));
#686 = CARTESIAN_POINT('',(75.600874405794,-3.32540423217E-17));
#687 = CARTESIAN_POINT('',(75.600524638276,0.154267868074));
#688 = CARTESIAN_POINT('',(75.599475346121,0.308532167841));
#689 = CARTESIAN_POINT('',(75.597726560536,0.462789330996));
#690 = CARTESIAN_POINT('',(75.595278333531,0.617035789232));
#691 = CARTESIAN_POINT('',(75.592130737918,0.771267974243));
#692 = ( GEOMETRIC_REPRESENTATION_CONTEXT(2) 
PARAMETRIC_REPRESENTATION_CONTEXT() REPRESENTATION_CONTEXT('2D SPACE',''
  ) );
#693 = PCURVE('',#694,#739);
#694 = ( BOUNDED_SURFACE() B_SPLINE_SURFACE(10,3,(
    (#695,#696,#697,#698)
    ,(#699,#700,#701,#702)
    ,(#703,#704,#705,#706)
    ,(#707,#708,#709,#710)
    ,(#711,#712,#713,#714)
    ,(#715,#716,#717,#718)
    ,(#719,#720,#721,#722)
    ,(#723,#724,#725,#726)
    ,(#727,#728,#729,#730)
    ,(#731,#732,#733,#734)
    ,(#735,#736,#737,#738
)),.UNSPECIFIED.,.F.,.F.,.F.) B_SPLINE_SURFACE_WITH_KNOTS((11,11),(4,4),
  (6.,7.),(0.,1.),.PIECEWISE_BEZIER_KNOTS.) 
GEOMETRIC_REPRESENTATION_ITEM() RATIONAL_B_SPLINE_SURFACE((
    (1.,1.,1.,1.)
    ,(1.,1.,1.,1.)
    ,(1.,1.,1.,1.)
    ,(1.,1.,1.,1.)
    ,(1.,1.,1.,1.)
    ,(1.,1.,1.,1.)
    ,(1.,1.,1.,1.)
    ,(1.,1.,1.,1.)
    ,(1.,1.,1.,1.)
    ,(1.,1.,1.,1.)
,(1.,1.,1.,1.))) REPRESENTATION_ITEM('') SURFACE() );
#695 = CARTESIAN_POINT('',(-37.79213073791,0.771267974243,0.));
#696 = CARTESIAN_POINT('',(22.763590509555,-0.464563071624,3.));
#697 = CARTESIAN_POINT('',(-67.71485746365,1.381935866605,90.));
#698 = CARTESIAN_POINT('',(-36.75,0.75,99.));
#699 = CARTESIAN_POINT('',(-37.79527833353,0.617035789232,0.));
#700 = CARTESIAN_POINT('',(22.777842712702,-0.337077857202,3.));
#701 = CARTESIAN_POINT('',(-67.71901588225,1.011754409159,90.));
#702 = CARTESIAN_POINT('',(-36.98561944901,0.75,99.));
#703 = CARTESIAN_POINT('',(-37.79772656053,0.462789330996,0.));
#704 = CARTESIAN_POINT('',(22.773037933434,-0.226865742579,3.));
#705 = CARTESIAN_POINT('',(-67.68174843734,0.689592953924,90.));
#706 = CARTESIAN_POINT('',(-37.22124107155,0.667753520049,99.));
#707 = CARTESIAN_POINT('',(-37.79947534612,0.308532167841,0.));
#708 = CARTESIAN_POINT('',(22.758790589105,-0.13628483069,3.));
#709 = CARTESIAN_POINT('',(-67.62766603524,0.420226532402,90.));
#710 = CARTESIAN_POINT('',(-37.42455043143,0.503258522416,99.));
#711 = CARTESIAN_POINT('',(-37.80052463827,0.154267868074,0.));
#712 = CARTESIAN_POINT('',(22.744998603816,-6.301040528433E-02,3.));
#713 = CARTESIAN_POINT('',(-67.58193558956,0.196646767552,90.));
#714 = CARTESIAN_POINT('',(-37.56330541722,0.271019590411,99.));
#715 = CARTESIAN_POINT('',(-37.80087440579,4.640732242933E-15,0.));
#716 = CARTESIAN_POINT('',(22.73941830552,-7.367948843632E-15,3.));
#717 = CARTESIAN_POINT('',(-67.56420577698,5.591938948927E-15,90.));
#718 = CARTESIAN_POINT('',(-37.61268047281,-3.863576125696E-15,99.));
#719 = CARTESIAN_POINT('',(-37.80052463827,-0.154267868074,0.));
#720 = CARTESIAN_POINT('',(22.744998603815,6.301040528432E-02,3.));
#721 = CARTESIAN_POINT('',(-67.58193558956,-0.196646767552,90.));
#722 = CARTESIAN_POINT('',(-37.56330541722,-0.271019590411,99.));
#723 = CARTESIAN_POINT('',(-37.79947534612,-0.308532167841,0.));
#724 = CARTESIAN_POINT('',(22.758790589106,0.13628483069,3.));
#725 = CARTESIAN_POINT('',(-67.62766603525,-0.420226532402,90.));
#726 = CARTESIAN_POINT('',(-37.42455043143,-0.503258522416,99.));
#727 = CARTESIAN_POINT('',(-37.79772656053,-0.462789330996,0.));
#728 = CARTESIAN_POINT('',(22.773037933433,0.226865742579,3.));
#729 = CARTESIAN_POINT('',(-67.68174843734,-0.689592953924,90.));
#730 = CARTESIAN_POINT('',(-37.22124107156,-0.667753520049,99.));
#731 = CARTESIAN_POINT('',(-37.79527833353,-0.617035789232,0.));
#732 = CARTESIAN_POINT('',(22.777842712702,0.337077857202,3.));
#733 = CARTESIAN_POINT('',(-67.71901588225,-1.011754409159,90.));
#734 = CARTESIAN_POINT('',(-36.98561944901,-0.75,99.));
#735 = CARTESIAN_POINT('',(-37.79213073791,-0.771267974243,0.));
#736 = CARTESIAN_POINT('',(22.763590509555,0.464563071624,3.));
#737 = CARTESIAN_POINT('',(-67.71485746365,-1.381935866605,90.));
#738 = CARTESIAN_POINT('',(-36.75,-0.75,99.));
#739 = DEFINITIONAL_REPRESENTATION('',(#740),#744);
#740 = LINE('',#741,#742);
#741 = CARTESIAN_POINT('',(0.,0.));
#742 = VECTOR('',#743,1.);
#743 = DIRECTION('',(1.,0.));
#744 = ( GEOMETRIC_REPRESENTATION_CONTEXT(2) 
PARAMETRIC_REPRESENTATION_CONTEXT() REPRESENTATION_CONTEXT('2D SPACE',''
  ) );
#745 = ORIENTED_EDGE('',*,*,#746,.F.);
#746 = EDGE_CURVE('',#747,#663,#749,.T.);
#747 = VERTEX_POINT('',#748);
#748 = CARTESIAN_POINT('',(-37.75479294966,1.848136717816,0.));
#749 = SURFACE_CURVE('',#750,(#762,#777),.PCURVE_S1.);
#750 = B_SPLINE_CURVE_WITH_KNOTS('',10,(#751,#752,#753,#754,#755,#756,
    #757,#758,#759,#760,#761),.UNSPECIFIED.,.F.,.F.,(11,11),(5.,6.),
  .PIECEWISE_BEZIER_KNOTS.);
#751 = CARTESIAN_POINT('',(-37.75479294966,1.848136717816,0.));
#752 = CARTESIAN_POINT('',(-37.76006137303,1.740510354838,0.));
#753 = CARTESIAN_POINT('',(-37.76498887665,1.632867303746,0.));
#754 = CARTESIAN_POINT('',(-37.76957541839,1.525208779966,0.));
#755 = CARTESIAN_POINT('',(-37.7738209561,1.417535998928,0.));
#756 = CARTESIAN_POINT('',(-37.77772544765,1.309850176059,0.));
#757 = CARTESIAN_POINT('',(-37.78128885089,1.202152526788,0.));
#758 = CARTESIAN_POINT('',(-37.78451112367,1.094444266543,0.));
#759 = CARTESIAN_POINT('',(-37.78739222387,0.986726610751,0.));
#760 = CARTESIAN_POINT('',(-37.78993210933,0.879000774842,0.));
#761 = CARTESIAN_POINT('',(-37.79213073791,0.771267974243,0.));
#762 = PCURVE('',#92,#763);
#763 = DEFINITIONAL_REPRESENTATION('',(#764),#776);
#764 = B_SPLINE_CURVE_WITH_KNOTS('',10,(#765,#766,#767,#768,#769,#770,
    #771,#772,#773,#774,#775),.UNSPECIFIED.,.F.,.F.,(11,11),(5.,6.),
  .PIECEWISE_BEZIER_KNOTS.);
#765 = CARTESIAN_POINT('',(75.554792949667,-1.848136717816));
#766 = CARTESIAN_POINT('',(75.56006137303,-1.740510354838));
#767 = CARTESIAN_POINT('',(75.564988876652,-1.632867303746));
#768 = CARTESIAN_POINT('',(75.569575418391,-1.525208779966));
#769 = CARTESIAN_POINT('',(75.573820956105,-1.417535998928));
#770 = CARTESIAN_POINT('',(75.577725447652,-1.309850176059));
#771 = CARTESIAN_POINT('',(75.581288850891,-1.202152526788));
#772 = CARTESIAN_POINT('',(75.584511123679,-1.094444266543));
#773 = CARTESIAN_POINT('',(75.587392223874,-0.986726610751));
#774 = CARTESIAN_POINT('',(75.589932109335,-0.879000774842));
#775 = CARTESIAN_POINT('',(75.592130737918,-0.771267974243));
#776 = ( GEOMETRIC_REPRESENTATION_CONTEXT(2) 
PARAMETRIC_REPRESENTATION_CONTEXT() REPRESENTATION_CONTEXT('2D SPACE',''
  ) );
#777 = PCURVE('',#778,#823);
#778 = ( BOUNDED_SURFACE() B_SPLINE_SURFACE(10,3,(
    (#779,#780,#781,#782)
    ,(#783,#784,#785,#786)
    ,(#787,#788,#789,#790)
    ,(#791,#792,#793,#794)
    ,(#795,#796,#797,#798)
    ,(#799,#800,#801,#802)
    ,(#803,#804,#805,#806)
    ,(#807,#808,#809,#810)
    ,(#811,#812,#813,#814)
    ,(#815,#816,#817,#818)
    ,(#819,#820,#821,#822
)),.UNSPECIFIED.,.F.,.F.,.F.) B_SPLINE_SURFACE_WITH_KNOTS((11,11),(4,4),
  (5.,6.),(0.,1.),.PIECEWISE_BEZIER_KNOTS.) 
GEOMETRIC_REPRESENTATION_ITEM() RATIONAL_B_SPLINE_SURFACE((
    (1.,1.,1.,1.)
    ,(1.,1.,1.,1.)
    ,(1.,1.,1.,1.)
    ,(1.,1.,1.,1.)
    ,(1.,1.,1.,1.)
    ,(1.,1.,1.,1.)
    ,(1.,1.,1.,1.)
    ,(1.,1.,1.,1.)
    ,(1.,1.,1.,1.)
    ,(1.,1.,1.,1.)
,(1.,1.,1.,1.))) REPRESENTATION_ITEM('') SURFACE() );
#779 = CARTESIAN_POINT('',(-37.75479294966,1.848136717816,0.));
#780 = CARTESIAN_POINT('',(27.663297928826,-1.354147451061,3.));
#781 = CARTESIAN_POINT('',(-80.90863050432,3.960562332379,90.));
#782 = CARTESIAN_POINT('',(-15.32142857142,0.75,99.));
#783 = CARTESIAN_POINT('',(-37.76006137303,1.740510354838,0.));
#784 = CARTESIAN_POINT('',(27.226202204672,-1.412762186442,3.));
#785 = CARTESIAN_POINT('',(-79.7022469146,3.998838563651,90.));
#786 = CARTESIAN_POINT('',(-17.46428571428,0.75,99.));
#787 = CARTESIAN_POINT('',(-37.76498887665,1.632867303746,0.));
#788 = CARTESIAN_POINT('',(26.790193913718,-1.434944388189,3.));
#789 = CARTESIAN_POINT('',(-78.49643535085,3.963976241492,90.));
#790 = CARTESIAN_POINT('',(-19.60714285714,0.75,99.));
#791 = CARTESIAN_POINT('',(-37.76957541839,1.525208779966,0.));
#792 = CARTESIAN_POINT('',(26.350147152968,-1.420681346357,3.));
#793 = CARTESIAN_POINT('',(-77.28094098465,3.855969746953,90.));
#794 = CARTESIAN_POINT('',(-21.75,0.75,99.));
#795 = CARTESIAN_POINT('',(-37.7738209561,1.417535998928,0.));
#796 = CARTESIAN_POINT('',(25.900935063437,-1.370779663026,3.));
#797 = CARTESIAN_POINT('',(-76.04550733145,3.676452111106,
    89.999999999999));
#798 = CARTESIAN_POINT('',(-23.89285714285,0.75,99.));
#799 = CARTESIAN_POINT('',(-37.77772544765,1.309850176059,0.));
#800 = CARTESIAN_POINT('',(25.437584545936,-1.286868218631,3.));
#801 = CARTESIAN_POINT('',(-74.78018568206,3.428700947683,90.));
#802 = CARTESIAN_POINT('',(-26.03571428571,0.75,99.));
#803 = CARTESIAN_POINT('',(-37.78128885089,1.202152526788,0.));
#804 = CARTESIAN_POINT('',(24.955429087276,-1.17136231828,3.));
#805 = CARTESIAN_POINT('',(-73.47564075515,3.117566745734,90.));
#806 = CARTESIAN_POINT('',(-28.17857142857,0.75,99.));
#807 = CARTESIAN_POINT('',(-37.78451112367,1.094444266543,0.));
#808 = CARTESIAN_POINT('',(24.450251637541,-1.027394073369,3.));
#809 = CARTESIAN_POINT('',(-72.12343645175,2.749333632846,90.));
#810 = CARTESIAN_POINT('',(-30.32142857142,0.75,99.));
#811 = CARTESIAN_POINT('',(-37.78739222387,0.986726610751,0.));
#812 = CARTESIAN_POINT('',(23.918409479142,-0.858714073768,3.));
#813 = CARTESIAN_POINT('',(-70.71628559333,2.331522719512,
    89.999999999999));
#814 = CARTESIAN_POINT('',(-32.46428571428,0.75,99.));
#815 = CARTESIAN_POINT('',(-37.78993210933,0.879000774842,0.));
#816 = CARTESIAN_POINT('',(23.356933028284,-0.669569405843,3.));
#817 = CARTESIAN_POINT('',(-69.2482475248,1.872648135185,90.000000000001
    ));
#818 = CARTESIAN_POINT('',(-34.60714285714,0.75,99.));
#819 = CARTESIAN_POINT('',(-37.79213073791,0.771267974243,0.));
#820 = CARTESIAN_POINT('',(22.763590509555,-0.464563071624,3.));
#821 = CARTESIAN_POINT('',(-67.71485746365,1.381935866605,90.));
#822 = CARTESIAN_POINT('',(-36.75,0.75,99.));
#823 = DEFINITIONAL_REPRESENTATION('',(#824),#828);
#824 = LINE('',#825,#826);
#825 = CARTESIAN_POINT('',(0.,0.));
#826 = VECTOR('',#827,1.);
#827 = DIRECTION('',(1.,0.));
#828 = ( GEOMETRIC_REPRESENTATION_CONTEXT(2) 
PARAMETRIC_REPRESENTATION_CONTEXT() REPRESENTATION_CONTEXT('2D SPACE',''
  ) );
#829 = ORIENTED_EDGE('',*,*,#830,.F.);
#830 = EDGE_CURVE('',#831,#747,#833,.T.);
#831 = VERTEX_POINT('',#832);
#832 = CARTESIAN_POINT('',(-33.51290718505,17.484995053072,0.));
#833 = SURFACE_CURVE('',#834,(#846,#861),.PCURVE_S1.);
#834 = B_SPLINE_CURVE_WITH_KNOTS('',10,(#835,#836,#837,#838,#839,#840,
    #841,#842,#843,#844,#845),.UNSPECIFIED.,.F.,.F.,(11,11),(4.,5.),
  .PIECEWISE_BEZIER_KNOTS.);
#835 = CARTESIAN_POINT('',(-33.51290718505,17.484995053072,0.));
#836 = CARTESIAN_POINT('',(-34.26821573802,16.037320326537,0.));
#837 = CARTESIAN_POINT('',(-34.95403986867,14.553392907608,0.));
#838 = CARTESIAN_POINT('',(-35.56842208622,13.03696459141,0.));
#839 = CARTESIAN_POINT('',(-36.10963634546,11.491908258436,0.));
#840 = CARTESIAN_POINT('',(-36.57619686872,9.922200834378,0.));
#841 = CARTESIAN_POINT('',(-36.96686540317,8.331905825521,0.));
#842 = CARTESIAN_POINT('',(-37.28065691357,6.725155429701,0.));
#843 = CARTESIAN_POINT('',(-37.51684371035,5.106132222818,0.));
#844 = CARTESIAN_POINT('',(-37.67495801315,3.479050420915,0.));
#845 = CARTESIAN_POINT('',(-37.75479294966,1.848136717816,0.));
#846 = PCURVE('',#92,#847);
#847 = DEFINITIONAL_REPRESENTATION('',(#848),#860);
#848 = B_SPLINE_CURVE_WITH_KNOTS('',10,(#849,#850,#851,#852,#853,#854,
    #855,#856,#857,#858,#859),.UNSPECIFIED.,.F.,.F.,(11,11),(4.,5.),
  .PIECEWISE_BEZIER_KNOTS.);
#849 = CARTESIAN_POINT('',(71.312907185054,-17.48499505307));
#850 = CARTESIAN_POINT('',(72.068215738029,-16.03732032653));
#851 = CARTESIAN_POINT('',(72.754039868679,-14.5533929076));
#852 = CARTESIAN_POINT('',(73.368422086223,-13.03696459141));
#853 = CARTESIAN_POINT('',(73.909636345462,-11.49190825843));
#854 = CARTESIAN_POINT('',(74.376196868721,-9.922200834378));
#855 = CARTESIAN_POINT('',(74.766865403175,-8.331905825521));
#856 = CARTESIAN_POINT('',(75.080656913576,-6.725155429701));
#857 = CARTESIAN_POINT('',(75.316843710359,-5.106132222818));
#858 = CARTESIAN_POINT('',(75.474958013152,-3.479050420915));
#859 = CARTESIAN_POINT('',(75.554792949667,-1.848136717816));
#860 = ( GEOMETRIC_REPRESENTATION_CONTEXT(2) 
PARAMETRIC_REPRESENTATION_CONTEXT() REPRESENTATION_CONTEXT('2D SPACE',''
  ) );
#861 = PCURVE('',#862,#907);
#862 = ( BOUNDED_SURFACE() B_SPLINE_SURFACE(10,3,(
    (#863,#864,#865,#866)
    ,(#867,#868,#869,#870)
    ,(#871,#872,#873,#874)
    ,(#875,#876,#877,#878)
    ,(#879,#880,#881,#882)
    ,(#883,#884,#885,#886)
    ,(#887,#888,#889,#890)
    ,(#891,#892,#893,#894)
    ,(#895,#896,#897,#898)
    ,(#899,#900,#901,#902)
    ,(#903,#904,#905,#906
)),.UNSPECIFIED.,.F.,.F.,.F.) B_SPLINE_SURFACE_WITH_KNOTS((11,11),(4,4),
  (4.,5.),(0.,1.),.PIECEWISE_BEZIER_KNOTS.) 
GEOMETRIC_REPRESENTATION_ITEM() RATIONAL_B_SPLINE_SURFACE((
    (1.,1.,1.,1.)
    ,(1.,1.,1.,1.)
    ,(1.,1.,1.,1.)
    ,(1.,1.,1.,1.)
    ,(1.,1.,1.,1.)
    ,(1.,1.,1.,1.)
    ,(1.,1.,1.,1.)
    ,(1.,1.,1.,1.)
    ,(1.,1.,1.,1.)
    ,(1.,1.,1.,1.)
,(1.,1.,1.,1.))) REPRESENTATION_ITEM('') SURFACE() );
#863 = CARTESIAN_POINT('',(-33.51290718505,17.484995053072,0.));
#864 = CARTESIAN_POINT('',(-2.020494012455,1.054170789107,3.));
#865 = CARTESIAN_POINT('',(-2.785552395018,1.453331684357,90.));
#866 = CARTESIAN_POINT('',(-1.4375,0.75,99.));
#867 = CARTESIAN_POINT('',(-34.26821573802,16.037320326537,0.));
#868 = CARTESIAN_POINT('',(0.435042392244,2.260566394553,3.));
#869 = CARTESIAN_POINT('',(-10.31384547985,0.970773442179,90.));
#870 = CARTESIAN_POINT('',(-2.825892857143,0.75,99.));
#871 = CARTESIAN_POINT('',(-34.95403986867,14.553392907608,0.));
#872 = CARTESIAN_POINT('',(2.832674800426,3.089314980693,3.));
#873 = CARTESIAN_POINT('',(-17.81897693496,0.680059767353,90.));
#874 = CARTESIAN_POINT('',(-4.214285714286,0.75,99.));
#875 = CARTESIAN_POINT('',(-35.56842208622,13.03696459141,0.));
#876 = CARTESIAN_POINT('',(5.24357822749,3.53729147958,3.));
#877 = CARTESIAN_POINT('',(-25.33669739227,0.582440544259,90.));
#878 = CARTESIAN_POINT('',(-5.602678571428,0.75,99.));
#879 = CARTESIAN_POINT('',(-36.10963634546,11.491908258436,0.));
#880 = CARTESIAN_POINT('',(7.739113810667,3.61611745849,3.));
#881 = CARTESIAN_POINT('',(-32.90283125749,0.671782249219,90.));
#882 = CARTESIAN_POINT('',(-6.991071428571,0.75,99.));
#883 = CARTESIAN_POINT('',(-36.57619686872,9.922200834378,0.));
#884 = CARTESIAN_POINT('',(10.387319319897,3.352187877052,3.));
#885 = CARTESIAN_POINT('',(-40.55152123041,0.934555991943,90.));
#886 = CARTESIAN_POINT('',(-8.379464285714,0.75,99.));
#887 = CARTESIAN_POINT('',(-36.96686540317,8.331905825521,0.));
#888 = CARTESIAN_POINT('',(13.249358656189,2.785663241057,3.));
#889 = CARTESIAN_POINT('',(-48.31345244925,1.350342894012,90.));
#890 = CARTESIAN_POINT('',(-9.767857142857,0.75,99.));
#891 = CARTESIAN_POINT('',(-37.28065691357,6.725155429701,0.));
#892 = CARTESIAN_POINT('',(16.376363679603,1.968467460046,3.));
#893 = CARTESIAN_POINT('',(-56.21427293033,1.892836650835,90.));
#894 = CARTESIAN_POINT('',(-11.15625,0.75,99.));
#895 = CARTESIAN_POINT('',(-37.51684371035,5.106132222818,0.));
#896 = CARTESIAN_POINT('',(19.806991112002,0.961459346444,3.));
#897 = CARTESIAN_POINT('',(-64.27337167537,2.53125930821,90.));
#898 = CARTESIAN_POINT('',(-12.54464285714,0.75,99.));
#899 = CARTESIAN_POINT('',(-37.67495801315,3.479050420915,0.));
#900 = CARTESIAN_POINT('',(23.565906662787,-0.168926675378,3.));
#901 = CARTESIAN_POINT('',(-72.50312052077,3.232042469279,90.));
#902 = CARTESIAN_POINT('',(-13.93303571428,0.75,99.));
#903 = CARTESIAN_POINT('',(-37.75479294966,1.848136717816,0.));
#904 = CARTESIAN_POINT('',(27.663297928826,-1.354147451061,3.));
#905 = CARTESIAN_POINT('',(-80.90863050432,3.960562332379,90.));
#906 = CARTESIAN_POINT('',(-15.32142857142,0.75,99.));
#907 = DEFINITIONAL_REPRESENTATION('',(#908),#912);
#908 = LINE('',#909,#910);
#909 = CARTESIAN_POINT('',(0.,0.));
#910 = VECTOR('',#911,1.);
#911 = DIRECTION('',(1.,0.));
#912 = ( GEOMETRIC_REPRESENTATION_CONTEXT(2) 
PARAMETRIC_REPRESENTATION_CONTEXT() REPRESENTATION_CONTEXT('2D SPACE',''
  ) );
#913 = ORIENTED_EDGE('',*,*,#914,.F.);
#914 = EDGE_CURVE('',#915,#831,#917,.T.);
#915 = VERTEX_POINT('',#916);
#916 = CARTESIAN_POINT('',(33.512907185054,17.484995053072,0.));
#917 = SURFACE_CURVE('',#918,(#930,#945),.PCURVE_S1.);
#918 = B_SPLINE_CURVE_WITH_KNOTS('',10,(#919,#920,#921,#922,#923,#924,
    #925,#926,#927,#928,#929),.UNSPECIFIED.,.F.,.F.,(11,11),(3.,4.),
  .PIECEWISE_BEZIER_KNOTS.);
#919 = CARTESIAN_POINT('',(33.512907185054,17.484995053072,0.));
#920 = CARTESIAN_POINT('',(29.701496327437,24.790199196842,0.));
#921 = CARTESIAN_POINT('',(24.12075054881,31.172271955371,0.));
#922 = CARTESIAN_POINT('',(17.022200251045,36.149109882267,0.));
#923 = CARTESIAN_POINT('',(8.807514663465,39.316936378295,0.));
#924 = CARTESIAN_POINT('',(6.718181566612E-12,40.404848806332,0.));
#925 = CARTESIAN_POINT('',(-8.807514663477,39.316936378299,0.));
#926 = CARTESIAN_POINT('',(-17.02220025103,36.149109882262,0.));
#927 = CARTESIAN_POINT('',(-24.12075054881,31.172271955374,0.));
#928 = CARTESIAN_POINT('',(-29.70149632743,24.790199196841,0.));
#929 = CARTESIAN_POINT('',(-33.51290718505,17.484995053072,0.));
#930 = PCURVE('',#92,#931);
#931 = DEFINITIONAL_REPRESENTATION('',(#932),#944);
#932 = B_SPLINE_CURVE_WITH_KNOTS('',10,(#933,#934,#935,#936,#937,#938,
    #939,#940,#941,#942,#943),.UNSPECIFIED.,.F.,.F.,(11,11),(3.,4.),
  .PIECEWISE_BEZIER_KNOTS.);
#933 = CARTESIAN_POINT('',(4.287092814946,-17.48499505307));
#934 = CARTESIAN_POINT('',(8.098503672563,-24.79019919684));
#935 = CARTESIAN_POINT('',(13.67924945119,-31.17227195537));
#936 = CARTESIAN_POINT('',(20.777799748955,-36.14910988226));
#937 = CARTESIAN_POINT('',(28.992485336535,-39.31693637829));
#938 = CARTESIAN_POINT('',(37.799999999993,-40.40484880633));
#939 = CARTESIAN_POINT('',(46.607514663477,-39.31693637829));
#940 = CARTESIAN_POINT('',(54.822200251038,-36.14910988226));
#941 = CARTESIAN_POINT('',(61.920750548814,-31.17227195537));
#942 = CARTESIAN_POINT('',(67.501496327436,-24.79019919684));
#943 = CARTESIAN_POINT('',(71.312907185054,-17.48499505307));
#944 = ( GEOMETRIC_REPRESENTATION_CONTEXT(2) 
PARAMETRIC_REPRESENTATION_CONTEXT() REPRESENTATION_CONTEXT('2D SPACE',''
  ) );
#945 = PCURVE('',#946,#991);
#946 = ( BOUNDED_SURFACE() B_SPLINE_SURFACE(10,3,(
    (#947,#948,#949,#950)
    ,(#951,#952,#953,#954)
    ,(#955,#956,#957,#958)
    ,(#959,#960,#961,#962)
    ,(#963,#964,#965,#966)
    ,(#967,#968,#969,#970)
    ,(#971,#972,#973,#974)
    ,(#975,#976,#977,#978)
    ,(#979,#980,#981,#982)
    ,(#983,#984,#985,#986)
    ,(#987,#988,#989,#990
)),.UNSPECIFIED.,.F.,.F.,.F.) B_SPLINE_SURFACE_WITH_KNOTS((11,11),(4,4),
  (3.,4.),(0.,1.),.PIECEWISE_BEZIER_KNOTS.) 
GEOMETRIC_REPRESENTATION_ITEM() RATIONAL_B_SPLINE_SURFACE((
    (1.,1.,1.,1.)
    ,(1.,1.,1.,1.)
    ,(1.,1.,1.,1.)
    ,(1.,1.,1.,1.)
    ,(1.,1.,1.,1.)
    ,(1.,1.,1.,1.)
    ,(1.,1.,1.,1.)
    ,(1.,1.,1.,1.)
    ,(1.,1.,1.,1.)
    ,(1.,1.,1.,1.)
,(1.,1.,1.,1.))) REPRESENTATION_ITEM('') SURFACE() );
#947 = CARTESIAN_POINT('',(33.512907185054,17.484995053072,0.));
#948 = CARTESIAN_POINT('',(2.020494012455,1.054170789107,3.));
#949 = CARTESIAN_POINT('',(2.785552395018,1.453331684357,90.));
#950 = CARTESIAN_POINT('',(1.4375,0.75,99.));
#951 = CARTESIAN_POINT('',(29.701496327437,24.790199196842,0.));
#952 = CARTESIAN_POINT('',(-0.792913606197,-5.033499330702,3.));
#953 = CARTESIAN_POINT('',(3.192165442479,3.888399732281,90.));
#954 = CARTESIAN_POINT('',(1.15,0.75,99.));
#955 = CARTESIAN_POINT('',(24.12075054881,31.172271955371,0.));
#956 = CARTESIAN_POINT('',(-2.131875457342,-10.35189329614,3.));
#957 = CARTESIAN_POINT('',(3.009000182937,6.015757318457,90.));
#958 = CARTESIAN_POINT('',(0.8625,0.75,99.));
#959 = CARTESIAN_POINT('',(17.022200251045,36.149109882267,0.));
#960 = CARTESIAN_POINT('',(-2.206000209204,-14.49925823522,3.));
#961 = CARTESIAN_POINT('',(2.319900083682,7.674703294089,90.));
#962 = CARTESIAN_POINT('',(0.575,0.75,99.));
#963 = CARTESIAN_POINT('',(8.807514663465,39.316936378295,0.));
#964 = CARTESIAN_POINT('',(-1.350012219554,-17.13911364857,3.));
#965 = CARTESIAN_POINT('',(1.258754887822,8.730645459432,90.));
#966 = CARTESIAN_POINT('',(0.2875,0.75,99.));
#967 = CARTESIAN_POINT('',(6.718181566612E-12,40.404848806332,0.));
#968 = CARTESIAN_POINT('',(-5.612562266795E-12,-18.04570733861,3.));
#969 = CARTESIAN_POINT('',(2.263996397763E-12,9.093282935444,90.));
#970 = CARTESIAN_POINT('',(2.13162820728E-14,0.75,99.));
#971 = CARTESIAN_POINT('',(-8.807514663477,39.316936378299,0.));
#972 = CARTESIAN_POINT('',(1.350012219564,-17.13911364858,3.));
#973 = CARTESIAN_POINT('',(-1.258754887826,8.730645459433,90.));
#974 = CARTESIAN_POINT('',(-0.2875,0.75,99.));
#975 = CARTESIAN_POINT('',(-17.02220025103,36.149109882262,0.));
#976 = CARTESIAN_POINT('',(2.206000209198,-14.49925823521,3.));
#977 = CARTESIAN_POINT('',(-2.319900083679,7.674703294087,90.));
#978 = CARTESIAN_POINT('',(-0.575,0.75,99.));
#979 = CARTESIAN_POINT('',(-24.12075054881,31.172271955374,0.));
#980 = CARTESIAN_POINT('',(2.131875457345,-10.35189329614,3.));
#981 = CARTESIAN_POINT('',(-3.009000182938,6.015757318458,90.));
#982 = CARTESIAN_POINT('',(-0.8625,0.75,99.));
#983 = CARTESIAN_POINT('',(-29.70149632743,24.790199196841,0.));
#984 = CARTESIAN_POINT('',(0.792913606196,-5.033499330701,3.));
#985 = CARTESIAN_POINT('',(-3.192165442479,3.88839973228,90.));
#986 = CARTESIAN_POINT('',(-1.15,0.75,99.));
#987 = CARTESIAN_POINT('',(-33.51290718505,17.484995053072,0.));
#988 = CARTESIAN_POINT('',(-2.020494012455,1.054170789107,3.));
#989 = CARTESIAN_POINT('',(-2.785552395018,1.453331684357,90.));
#990 = CARTESIAN_POINT('',(-1.4375,0.75,99.));
#991 = DEFINITIONAL_REPRESENTATION('',(#992),#996);
#992 = LINE('',#993,#994);
#993 = CARTESIAN_POINT('',(0.,0.));
#994 = VECTOR('',#995,1.);
#995 = DIRECTION('',(1.,0.));
#996 = ( GEOMETRIC_REPRESENTATION_CONTEXT(2) 
PARAMETRIC_REPRESENTATION_CONTEXT() REPRESENTATION_CONTEXT('2D SPACE',''
  ) );
#997 = ORIENTED_EDGE('',*,*,#998,.F.);
#998 = EDGE_CURVE('',#999,#915,#1001,.T.);
#999 = VERTEX_POINT('',#1000);
#1000 = CARTESIAN_POINT('',(37.754792949667,1.848136717816,0.));
#1001 = SURFACE_CURVE('',#1002,(#1014,#1029),.PCURVE_S1.);
#1002 = B_SPLINE_CURVE_WITH_KNOTS('',10,(#1003,#1004,#1005,#1006,#1007,
    #1008,#1009,#1010,#1011,#1012,#1013),.UNSPECIFIED.,.F.,.F.,(11,11),(
    2.,3.),.PIECEWISE_BEZIER_KNOTS.);
#1003 = CARTESIAN_POINT('',(37.754792949667,1.848136717816,0.));
#1004 = CARTESIAN_POINT('',(37.674958013152,3.479050420915,0.));
#1005 = CARTESIAN_POINT('',(37.516843710359,5.106132222818,0.));
#1006 = CARTESIAN_POINT('',(37.280656913576,6.725155429701,0.));
#1007 = CARTESIAN_POINT('',(36.966865403175,8.331905825521,0.));
#1008 = CARTESIAN_POINT('',(36.576196868721,9.922200834378,0.));
#1009 = CARTESIAN_POINT('',(36.109636345462,11.491908258436,0.));
#1010 = CARTESIAN_POINT('',(35.568422086223,13.03696459141,0.));
#1011 = CARTESIAN_POINT('',(34.954039868679,14.553392907608,0.));
#1012 = CARTESIAN_POINT('',(34.268215738029,16.037320326537,0.));
#1013 = CARTESIAN_POINT('',(33.512907185054,17.484995053072,0.));
#1014 = PCURVE('',#92,#1015);
#1015 = DEFINITIONAL_REPRESENTATION('',(#1016),#1028);
#1016 = B_SPLINE_CURVE_WITH_KNOTS('',10,(#1017,#1018,#1019,#1020,#1021,
    #1022,#1023,#1024,#1025,#1026,#1027),.UNSPECIFIED.,.F.,.F.,(11,11),(
    2.,3.),.PIECEWISE_BEZIER_KNOTS.);
#1017 = CARTESIAN_POINT('',(4.520705033253E-02,-1.848136717816));
#1018 = CARTESIAN_POINT('',(0.125041986848,-3.479050420915));
#1019 = CARTESIAN_POINT('',(0.283156289641,-5.106132222818));
#1020 = CARTESIAN_POINT('',(0.519343086424,-6.725155429701));
#1021 = CARTESIAN_POINT('',(0.833134596825,-8.331905825521));
#1022 = CARTESIAN_POINT('',(1.223803131279,-9.922200834378));
#1023 = CARTESIAN_POINT('',(1.690363654538,-11.49190825843));
#1024 = CARTESIAN_POINT('',(2.231577913777,-13.03696459141));
#1025 = CARTESIAN_POINT('',(2.845960131321,-14.5533929076));
#1026 = CARTESIAN_POINT('',(3.531784261971,-16.03732032653));
#1027 = CARTESIAN_POINT('',(4.287092814946,-17.48499505307));
#1028 = ( GEOMETRIC_REPRESENTATION_CONTEXT(2) 
PARAMETRIC_REPRESENTATION_CONTEXT() REPRESENTATION_CONTEXT('2D SPACE',''
  ) );
#1029 = PCURVE('',#1030,#1075);
#1030 = ( BOUNDED_SURFACE() B_SPLINE_SURFACE(10,3,(
    (#1031,#1032,#1033,#1034)
    ,(#1035,#1036,#1037,#1038)
    ,(#1039,#1040,#1041,#1042)
    ,(#1043,#1044,#1045,#1046)
    ,(#1047,#1048,#1049,#1050)
    ,(#1051,#1052,#1053,#1054)
    ,(#1055,#1056,#1057,#1058)
    ,(#1059,#1060,#1061,#1062)
    ,(#1063,#1064,#1065,#1066)
    ,(#1067,#1068,#1069,#1070)
    ,(#1071,#1072,#1073,#1074
)),.UNSPECIFIED.,.F.,.F.,.F.) B_SPLINE_SURFACE_WITH_KNOTS((11,11),(4,4),
  (2.,3.),(0.,1.),.PIECEWISE_BEZIER_KNOTS.) 
GEOMETRIC_REPRESENTATION_ITEM() RATIONAL_B_SPLINE_SURFACE((
    (1.,1.,1.,1.)
    ,(1.,1.,1.,1.)
    ,(1.,1.,1.,1.)
    ,(1.,1.,1.,1.)
    ,(1.,1.,1.,1.)
    ,(1.,1.,1.,1.)
    ,(1.,1.,1.,1.)
    ,(1.,1.,1.,1.)
    ,(1.,1.,1.,1.)
    ,(1.,1.,1.,1.)
,(1.,1.,1.,1.))) REPRESENTATION_ITEM('') SURFACE() );
#1031 = CARTESIAN_POINT('',(37.754792949667,1.848136717816,0.));
#1032 = CARTESIAN_POINT('',(-27.66329792882,-1.354147451061,3.));
#1033 = CARTESIAN_POINT('',(80.908630504323,3.960562332379,90.));
#1034 = CARTESIAN_POINT('',(15.321428571426,0.75,99.));
#1035 = CARTESIAN_POINT('',(37.674958013152,3.479050420915,0.));
#1036 = CARTESIAN_POINT('',(-23.56590666278,-0.168926675378,3.));
#1037 = CARTESIAN_POINT('',(72.503120520775,3.232042469279,90.));
#1038 = CARTESIAN_POINT('',(13.933035714284,0.75,99.));
#1039 = CARTESIAN_POINT('',(37.516843710359,5.106132222818,0.));
#1040 = CARTESIAN_POINT('',(-19.806991112,0.961459346444,3.));
#1041 = CARTESIAN_POINT('',(64.273371675377,2.53125930821,90.));
#1042 = CARTESIAN_POINT('',(12.544642857141,0.75,99.));
#1043 = CARTESIAN_POINT('',(37.280656913576,6.725155429701,0.));
#1044 = CARTESIAN_POINT('',(-16.3763636796,1.968467460046,2.999999999999
    ));
#1045 = CARTESIAN_POINT('',(56.214272930338,1.892836650835,90.));
#1046 = CARTESIAN_POINT('',(11.156249999999,0.75,99.));
#1047 = CARTESIAN_POINT('',(36.966865403175,8.331905825521,0.));
#1048 = CARTESIAN_POINT('',(-13.24935865618,2.785663241057,3.));
#1049 = CARTESIAN_POINT('',(48.313452449259,1.350342894012,90.));
#1050 = CARTESIAN_POINT('',(9.767857142856,0.75,99.));
#1051 = CARTESIAN_POINT('',(36.576196868721,9.922200834378,0.));
#1052 = CARTESIAN_POINT('',(-10.38731931989,3.352187877052,
    3.000000000001));
#1053 = CARTESIAN_POINT('',(40.551521230412,0.934555991942,90.));
#1054 = CARTESIAN_POINT('',(8.379464285713,0.75,99.));
#1055 = CARTESIAN_POINT('',(36.109636345462,11.491908258436,0.));
#1056 = CARTESIAN_POINT('',(-7.739113810668,3.61611745849,3.));
#1057 = CARTESIAN_POINT('',(32.902831257498,0.671782249219,90.));
#1058 = CARTESIAN_POINT('',(6.991071428571,0.75,99.));
#1059 = CARTESIAN_POINT('',(35.568422086223,13.03696459141,0.));
#1060 = CARTESIAN_POINT('',(-5.243578227491,3.53729147958,2.999999999999
    ));
#1061 = CARTESIAN_POINT('',(25.336697392275,0.582440544259,90.));
#1062 = CARTESIAN_POINT('',(5.602678571428,0.75,99.));
#1063 = CARTESIAN_POINT('',(34.954039868679,14.553392907608,0.));
#1064 = CARTESIAN_POINT('',(-2.832674800425,3.089314980693,
    3.000000000001));
#1065 = CARTESIAN_POINT('',(17.818976934966,0.680059767353,
    89.999999999999));
#1066 = CARTESIAN_POINT('',(4.214285714285,0.75,99.));
#1067 = CARTESIAN_POINT('',(34.268215738029,16.037320326537,0.));
#1068 = CARTESIAN_POINT('',(-0.435042392244,2.260566394552,3.));
#1069 = CARTESIAN_POINT('',(10.313845479858,0.970773442179,90.));
#1070 = CARTESIAN_POINT('',(2.825892857143,0.75,99.));
#1071 = CARTESIAN_POINT('',(33.512907185054,17.484995053072,0.));
#1072 = CARTESIAN_POINT('',(2.020494012455,1.054170789107,3.));
#1073 = CARTESIAN_POINT('',(2.785552395018,1.453331684357,90.));
#1074 = CARTESIAN_POINT('',(1.4375,0.75,99.));
#1075 = DEFINITIONAL_REPRESENTATION('',(#1076),#1080);
#1076 = LINE('',#1077,#1078);
#1077 = CARTESIAN_POINT('',(0.,0.));
#1078 = VECTOR('',#1079,1.);
#1079 = DIRECTION('',(1.,0.));
#1080 = ( GEOMETRIC_REPRESENTATION_CONTEXT(2) 
PARAMETRIC_REPRESENTATION_CONTEXT() REPRESENTATION_CONTEXT('2D SPACE',''
  ) );
#1081 = ORIENTED_EDGE('',*,*,#1082,.F.);
#1082 = EDGE_CURVE('',#24,#999,#1083,.T.);
#1083 = SURFACE_CURVE('',#1084,(#1096,#1111),.PCURVE_S1.);
#1084 = B_SPLINE_CURVE_WITH_KNOTS('',10,(#1085,#1086,#1087,#1088,#1089,
    #1090,#1091,#1092,#1093,#1094,#1095),.UNSPECIFIED.,.F.,.F.,(11,11),(
    1.,2.),.PIECEWISE_BEZIER_KNOTS.);
#1085 = CARTESIAN_POINT('',(37.792130737918,0.771267974243,0.));
#1086 = CARTESIAN_POINT('',(37.789932109335,0.879000774842,0.));
#1087 = CARTESIAN_POINT('',(37.787392223874,0.986726610751,0.));
#1088 = CARTESIAN_POINT('',(37.784511123679,1.094444266543,0.));
#1089 = CARTESIAN_POINT('',(37.781288850891,1.202152526788,0.));
#1090 = CARTESIAN_POINT('',(37.777725447652,1.309850176059,0.));
#1091 = CARTESIAN_POINT('',(37.773820956105,1.417535998928,0.));
#1092 = CARTESIAN_POINT('',(37.769575418391,1.525208779966,0.));
#1093 = CARTESIAN_POINT('',(37.764988876652,1.632867303746,0.));
#1094 = CARTESIAN_POINT('',(37.76006137303,1.740510354838,0.));
#1095 = CARTESIAN_POINT('',(37.754792949667,1.848136717816,0.));
#1096 = PCURVE('',#92,#1097);
#1097 = DEFINITIONAL_REPRESENTATION('',(#1098),#1110);
#1098 = B_SPLINE_CURVE_WITH_KNOTS('',10,(#1099,#1100,#1101,#1102,#1103,
    #1104,#1105,#1106,#1107,#1108,#1109),.UNSPECIFIED.,.F.,.F.,(11,11),(
    1.,2.),.PIECEWISE_BEZIER_KNOTS.);
#1099 = CARTESIAN_POINT('',(7.869262081734E-03,-0.771267974243));
#1100 = CARTESIAN_POINT('',(1.006789066539E-02,-0.879000774842));
#1101 = CARTESIAN_POINT('',(1.26077761258E-02,-0.986726610751));
#1102 = CARTESIAN_POINT('',(1.548887632097E-02,-1.094444266543));
#1103 = CARTESIAN_POINT('',(1.871114910889E-02,-1.202152526788));
#1104 = CARTESIAN_POINT('',(2.227455234757E-02,-1.309850176059));
#1105 = CARTESIAN_POINT('',(2.617904389502E-02,-1.417535998928));
#1106 = CARTESIAN_POINT('',(3.042458160924E-02,-1.525208779966));
#1107 = CARTESIAN_POINT('',(3.501112334823E-02,-1.632867303746));
#1108 = CARTESIAN_POINT('',(3.993862696999E-02,-1.740510354838));
#1109 = CARTESIAN_POINT('',(4.520705033253E-02,-1.848136717816));
#1110 = ( GEOMETRIC_REPRESENTATION_CONTEXT(2) 
PARAMETRIC_REPRESENTATION_CONTEXT() REPRESENTATION_CONTEXT('2D SPACE',''
  ) );
#1111 = PCURVE('',#129,#1112);
#1112 = DEFINITIONAL_REPRESENTATION('',(#1113),#1117);
#1113 = LINE('',#1114,#1115);
#1114 = CARTESIAN_POINT('',(0.,0.));
#1115 = VECTOR('',#1116,1.);
#1116 = DIRECTION('',(1.,0.));
#1117 = ( GEOMETRIC_REPRESENTATION_CONTEXT(2) 
PARAMETRIC_REPRESENTATION_CONTEXT() REPRESENTATION_CONTEXT('2D SPACE',''
  ) );
#1118 = ADVANCED_FACE('',(#1119),#129,.T.);
#1119 = FACE_BOUND('',#1120,.T.);
#1120 = EDGE_LOOP('',(#1121,#1122,#1146,#1188));
#1121 = ORIENTED_EDGE('',*,*,#1082,.T.);
#1122 = ORIENTED_EDGE('',*,*,#1123,.T.);
#1123 = EDGE_CURVE('',#999,#1124,#1126,.T.);
#1124 = VERTEX_POINT('',#1125);
#1125 = CARTESIAN_POINT('',(15.321428571426,0.75,99.));
#1126 = SURFACE_CURVE('',#1127,(#1132,#1139),.PCURVE_S1.);
#1127 = ( BOUNDED_CURVE() B_SPLINE_CURVE(3,(#1128,#1129,#1130,#1131),
.UNSPECIFIED.,.F.,.F.) B_SPLINE_CURVE_WITH_KNOTS((4,4),(0.,1.),
.PIECEWISE_BEZIER_KNOTS.) CURVE() GEOMETRIC_REPRESENTATION_ITEM() 
RATIONAL_B_SPLINE_CURVE((1.,1.,1.,1.)) REPRESENTATION_ITEM('') );
#1128 = CARTESIAN_POINT('',(37.754792949667,1.848136717816,0.));
#1129 = CARTESIAN_POINT('',(-27.66329792882,-1.354147451061,3.));
#1130 = CARTESIAN_POINT('',(80.908630504323,3.960562332379,90.));
#1131 = CARTESIAN_POINT('',(15.321428571426,0.75,99.));
#1132 = PCURVE('',#129,#1133);
#1133 = DEFINITIONAL_REPRESENTATION('',(#1134),#1138);
#1134 = LINE('',#1135,#1136);
#1135 = CARTESIAN_POINT('',(2.,0.));
#1136 = VECTOR('',#1137,1.);
#1137 = DIRECTION('',(0.,1.));
#1138 = ( GEOMETRIC_REPRESENTATION_CONTEXT(2) 
PARAMETRIC_REPRESENTATION_CONTEXT() REPRESENTATION_CONTEXT('2D SPACE',''
  ) );
#1139 = PCURVE('',#1030,#1140);
#1140 = DEFINITIONAL_REPRESENTATION('',(#1141),#1145);
#1141 = LINE('',#1142,#1143);
#1142 = CARTESIAN_POINT('',(2.,0.));
#1143 = VECTOR('',#1144,1.);
#1144 = DIRECTION('',(0.,1.));
#1145 = ( GEOMETRIC_REPRESENTATION_CONTEXT(2) 
PARAMETRIC_REPRESENTATION_CONTEXT() REPRESENTATION_CONTEXT('2D SPACE',''
  ) );
#1146 = ORIENTED_EDGE('',*,*,#1147,.F.);
#1147 = EDGE_CURVE('',#113,#1124,#1148,.T.);
#1148 = SURFACE_CURVE('',#1149,(#1161,#1168),.PCURVE_S1.);
#1149 = B_SPLINE_CURVE_WITH_KNOTS('',10,(#1150,#1151,#1152,#1153,#1154,
    #1155,#1156,#1157,#1158,#1159,#1160),.UNSPECIFIED.,.F.,.F.,(11,11),(
    1.,2.),.PIECEWISE_BEZIER_KNOTS.);
#1150 = CARTESIAN_POINT('',(36.75,0.75,99.));
#1151 = CARTESIAN_POINT('',(34.607142857143,0.75,99.));
#1152 = CARTESIAN_POINT('',(32.464285714285,0.75,99.));
#1153 = CARTESIAN_POINT('',(30.321428571428,0.75,99.));
#1154 = CARTESIAN_POINT('',(28.178571428571,0.75,99.));
#1155 = CARTESIAN_POINT('',(26.035714285713,0.75,99.));
#1156 = CARTESIAN_POINT('',(23.892857142856,0.75,99.));
#1157 = CARTESIAN_POINT('',(21.749999999999,0.75,99.));
#1158 = CARTESIAN_POINT('',(19.607142857141,0.75,99.));
#1159 = CARTESIAN_POINT('',(17.464285714284,0.75,99.));
#1160 = CARTESIAN_POINT('',(15.321428571426,0.75,99.));
#1161 = PCURVE('',#129,#1162);
#1162 = DEFINITIONAL_REPRESENTATION('',(#1163),#1167);
#1163 = LINE('',#1164,#1165);
#1164 = CARTESIAN_POINT('',(0.,1.));
#1165 = VECTOR('',#1166,1.);
#1166 = DIRECTION('',(1.,0.));
#1167 = ( GEOMETRIC_REPRESENTATION_CONTEXT(2) 
PARAMETRIC_REPRESENTATION_CONTEXT() REPRESENTATION_CONTEXT('2D SPACE',''
  ) );
#1168 = PCURVE('',#1169,#1174);
#1169 = PLANE('',#1170);
#1170 = AXIS2_PLACEMENT_3D('',#1171,#1172,#1173);
#1171 = CARTESIAN_POINT('',(-36.75,0.75,99.));
#1172 = DIRECTION('',(0.,1.,0.));
#1173 = DIRECTION('',(1.,0.,0.));
#1174 = DEFINITIONAL_REPRESENTATION('',(#1175),#1187);
#1175 = B_SPLINE_CURVE_WITH_KNOTS('',10,(#1176,#1177,#1178,#1179,#1180,
    #1181,#1182,#1183,#1184,#1185,#1186),.UNSPECIFIED.,.F.,.F.,(11,11),(
    1.,2.),.PIECEWISE_BEZIER_KNOTS.);
#1176 = CARTESIAN_POINT('',(73.5,0.));
#1177 = CARTESIAN_POINT('',(71.357142857143,0.));
#1178 = CARTESIAN_POINT('',(69.214285714285,0.));
#1179 = CARTESIAN_POINT('',(67.071428571428,0.));
#1180 = CARTESIAN_POINT('',(64.928571428571,0.));
#1181 = CARTESIAN_POINT('',(62.785714285713,0.));
#1182 = CARTESIAN_POINT('',(60.642857142856,0.));
#1183 = CARTESIAN_POINT('',(58.499999999999,0.));
#1184 = CARTESIAN_POINT('',(56.357142857141,0.));
#1185 = CARTESIAN_POINT('',(54.214285714284,0.));
#1186 = CARTESIAN_POINT('',(52.071428571426,0.));
#1187 = ( GEOMETRIC_REPRESENTATION_CONTEXT(2) 
PARAMETRIC_REPRESENTATION_CONTEXT() REPRESENTATION_CONTEXT('2D SPACE',''
  ) );
#1188 = ORIENTED_EDGE('',*,*,#112,.F.);
#1189 = ADVANCED_FACE('',(#1190),#205,.T.);
#1190 = FACE_BOUND('',#1191,.T.);
#1191 = EDGE_LOOP('',(#1192,#1193,#1216,#1245));
#1192 = ORIENTED_EDGE('',*,*,#181,.T.);
#1193 = ORIENTED_EDGE('',*,*,#1194,.T.);
#1194 = EDGE_CURVE('',#113,#1195,#1197,.T.);
#1195 = VERTEX_POINT('',#1196);
#1196 = CARTESIAN_POINT('',(36.75,0.75,107.5));
#1197 = SURFACE_CURVE('',#1198,(#1202,#1209),.PCURVE_S1.);
#1198 = LINE('',#1199,#1200);
#1199 = CARTESIAN_POINT('',(36.75,0.75,99.));
#1200 = VECTOR('',#1201,1.);
#1201 = DIRECTION('',(0.,0.,1.));
#1202 = PCURVE('',#205,#1203);
#1203 = DEFINITIONAL_REPRESENTATION('',(#1204),#1208);
#1204 = LINE('',#1205,#1206);
#1205 = CARTESIAN_POINT('',(0.,0.));
#1206 = VECTOR('',#1207,1.);
#1207 = DIRECTION('',(0.,-1.));
#1208 = ( GEOMETRIC_REPRESENTATION_CONTEXT(2) 
PARAMETRIC_REPRESENTATION_CONTEXT() REPRESENTATION_CONTEXT('2D SPACE',''
  ) );
#1209 = PCURVE('',#1169,#1210);
#1210 = DEFINITIONAL_REPRESENTATION('',(#1211),#1215);
#1211 = LINE('',#1212,#1213);
#1212 = CARTESIAN_POINT('',(73.5,0.));
#1213 = VECTOR('',#1214,1.);
#1214 = DIRECTION('',(0.,-1.));
#1215 = ( GEOMETRIC_REPRESENTATION_CONTEXT(2) 
PARAMETRIC_REPRESENTATION_CONTEXT() REPRESENTATION_CONTEXT('2D SPACE',''
  ) );
#1216 = ORIENTED_EDGE('',*,*,#1217,.T.);
#1217 = EDGE_CURVE('',#1195,#1218,#1220,.T.);
#1218 = VERTEX_POINT('',#1219);
#1219 = CARTESIAN_POINT('',(36.75,-0.75,107.5));
#1220 = SURFACE_CURVE('',#1221,(#1226,#1233),.PCURVE_S1.);
#1221 = CIRCLE('',#1222,0.75);
#1222 = AXIS2_PLACEMENT_3D('',#1223,#1224,#1225);
#1223 = CARTESIAN_POINT('',(36.75,0.,107.5));
#1224 = DIRECTION('',(0.,0.,-1.));
#1225 = DIRECTION('',(0.,1.,0.));
#1226 = PCURVE('',#205,#1227);
#1227 = DEFINITIONAL_REPRESENTATION('',(#1228),#1232);
#1228 = LINE('',#1229,#1230);
#1229 = CARTESIAN_POINT('',(0.,-8.5));
#1230 = VECTOR('',#1231,1.);
#1231 = DIRECTION('',(1.,0.));
#1232 = ( GEOMETRIC_REPRESENTATION_CONTEXT(2) 
PARAMETRIC_REPRESENTATION_CONTEXT() REPRESENTATION_CONTEXT('2D SPACE',''
  ) );
#1233 = PCURVE('',#1234,#1239);
#1234 = CONICAL_SURFACE('',#1235,0.75,0.785398163397);
#1235 = AXIS2_PLACEMENT_3D('',#1236,#1237,#1238);
#1236 = CARTESIAN_POINT('',(36.75,0.,107.5));
#1237 = DIRECTION('',(-0.,-0.,1.));
#1238 = DIRECTION('',(0.,1.,0.));
#1239 = DEFINITIONAL_REPRESENTATION('',(#1240),#1244);
#1240 = LINE('',#1241,#1242);
#1241 = CARTESIAN_POINT('',(-0.,0.));
#1242 = VECTOR('',#1243,1.);
#1243 = DIRECTION('',(-1.,0.));
#1244 = ( GEOMETRIC_REPRESENTATION_CONTEXT(2) 
PARAMETRIC_REPRESENTATION_CONTEXT() REPRESENTATION_CONTEXT('2D SPACE',''
  ) );
#1245 = ORIENTED_EDGE('',*,*,#1246,.F.);
#1246 = EDGE_CURVE('',#182,#1218,#1247,.T.);
#1247 = SURFACE_CURVE('',#1248,(#1252,#1259),.PCURVE_S1.);
#1248 = LINE('',#1249,#1250);
#1249 = CARTESIAN_POINT('',(36.75,-0.75,99.));
#1250 = VECTOR('',#1251,1.);
#1251 = DIRECTION('',(0.,0.,1.));
#1252 = PCURVE('',#205,#1253);
#1253 = DEFINITIONAL_REPRESENTATION('',(#1254),#1258);
#1254 = LINE('',#1255,#1256);
#1255 = CARTESIAN_POINT('',(3.14159265359,0.));
#1256 = VECTOR('',#1257,1.);
#1257 = DIRECTION('',(0.,-1.));
#1258 = ( GEOMETRIC_REPRESENTATION_CONTEXT(2) 
PARAMETRIC_REPRESENTATION_CONTEXT() REPRESENTATION_CONTEXT('2D SPACE',''
  ) );
#1259 = PCURVE('',#1260,#1265);
#1260 = PLANE('',#1261);
#1261 = AXIS2_PLACEMENT_3D('',#1262,#1263,#1264);
#1262 = CARTESIAN_POINT('',(36.75,-0.75,99.));
#1263 = DIRECTION('',(0.,-1.,0.));
#1264 = DIRECTION('',(-1.,0.,0.));
#1265 = DEFINITIONAL_REPRESENTATION('',(#1266),#1270);
#1266 = LINE('',#1267,#1268);
#1267 = CARTESIAN_POINT('',(0.,-0.));
#1268 = VECTOR('',#1269,1.);
#1269 = DIRECTION('',(0.,-1.));
#1270 = ( GEOMETRIC_REPRESENTATION_CONTEXT(2) 
PARAMETRIC_REPRESENTATION_CONTEXT() REPRESENTATION_CONTEXT('2D SPACE',''
  ) );
#1271 = ADVANCED_FACE('',(#1272),#231,.T.);
#1272 = FACE_BOUND('',#1273,.T.);
#1273 = EDGE_LOOP('',(#1274,#1275,#1276,#1315));
#1274 = ORIENTED_EDGE('',*,*,#287,.T.);
#1275 = ORIENTED_EDGE('',*,*,#216,.T.);
#1276 = ORIENTED_EDGE('',*,*,#1277,.F.);
#1277 = EDGE_CURVE('',#1278,#182,#1280,.T.);
#1278 = VERTEX_POINT('',#1279);
#1279 = CARTESIAN_POINT('',(15.321428571428,-0.75,99.));
#1280 = SURFACE_CURVE('',#1281,(#1293,#1300),.PCURVE_S1.);
#1281 = B_SPLINE_CURVE_WITH_KNOTS('',10,(#1282,#1283,#1284,#1285,#1286,
    #1287,#1288,#1289,#1290,#1291,#1292),.UNSPECIFIED.,.F.,.F.,(11,11),(
    11.,12.),.PIECEWISE_BEZIER_KNOTS.);
#1282 = CARTESIAN_POINT('',(15.321428571428,-0.75,99.));
#1283 = CARTESIAN_POINT('',(17.464285714285,-0.75,99.));
#1284 = CARTESIAN_POINT('',(19.607142857142,-0.75,99.));
#1285 = CARTESIAN_POINT('',(21.75,-0.75,99.));
#1286 = CARTESIAN_POINT('',(23.892857142857,-0.75,99.));
#1287 = CARTESIAN_POINT('',(26.035714285714,-0.75,99.));
#1288 = CARTESIAN_POINT('',(28.178571428571,-0.75,99.));
#1289 = CARTESIAN_POINT('',(30.321428571428,-0.75,99.));
#1290 = CARTESIAN_POINT('',(32.464285714286,-0.75,99.));
#1291 = CARTESIAN_POINT('',(34.607142857143,-0.75,99.));
#1292 = CARTESIAN_POINT('',(36.75,-0.75,99.));
#1293 = PCURVE('',#231,#1294);
#1294 = DEFINITIONAL_REPRESENTATION('',(#1295),#1299);
#1295 = LINE('',#1296,#1297);
#1296 = CARTESIAN_POINT('',(0.,1.));
#1297 = VECTOR('',#1298,1.);
#1298 = DIRECTION('',(1.,0.));
#1299 = ( GEOMETRIC_REPRESENTATION_CONTEXT(2) 
PARAMETRIC_REPRESENTATION_CONTEXT() REPRESENTATION_CONTEXT('2D SPACE',''
  ) );
#1300 = PCURVE('',#1260,#1301);
#1301 = DEFINITIONAL_REPRESENTATION('',(#1302),#1314);
#1302 = B_SPLINE_CURVE_WITH_KNOTS('',10,(#1303,#1304,#1305,#1306,#1307,
    #1308,#1309,#1310,#1311,#1312,#1313),.UNSPECIFIED.,.F.,.F.,(11,11),(
    11.,12.),.PIECEWISE_BEZIER_KNOTS.);
#1303 = CARTESIAN_POINT('',(21.428571428572,0.));
#1304 = CARTESIAN_POINT('',(19.285714285715,0.));
#1305 = CARTESIAN_POINT('',(17.142857142858,0.));
#1306 = CARTESIAN_POINT('',(15.,0.));
#1307 = CARTESIAN_POINT('',(12.857142857143,0.));
#1308 = CARTESIAN_POINT('',(10.714285714286,0.));
#1309 = CARTESIAN_POINT('',(8.571428571429,0.));
#1310 = CARTESIAN_POINT('',(6.428571428572,0.));
#1311 = CARTESIAN_POINT('',(4.285714285714,0.));
#1312 = CARTESIAN_POINT('',(2.142857142857,0.));
#1313 = CARTESIAN_POINT('',(0.,0.));
#1314 = ( GEOMETRIC_REPRESENTATION_CONTEXT(2) 
PARAMETRIC_REPRESENTATION_CONTEXT() REPRESENTATION_CONTEXT('2D SPACE',''
  ) );
#1315 = ORIENTED_EDGE('',*,*,#1316,.F.);
#1316 = EDGE_CURVE('',#288,#1278,#1317,.T.);
#1317 = SURFACE_CURVE('',#1318,(#1323,#1330),.PCURVE_S1.);
#1318 = ( BOUNDED_CURVE() B_SPLINE_CURVE(3,(#1319,#1320,#1321,#1322),
.UNSPECIFIED.,.F.,.F.) B_SPLINE_CURVE_WITH_KNOTS((4,4),(0.,1.),
.PIECEWISE_BEZIER_KNOTS.) CURVE() GEOMETRIC_REPRESENTATION_ITEM() 
RATIONAL_B_SPLINE_CURVE((1.,1.,1.,1.)) REPRESENTATION_ITEM('') );
#1319 = CARTESIAN_POINT('',(37.754792949667,-1.848136717816,0.));
#1320 = CARTESIAN_POINT('',(-27.66329792882,1.354147451061,3.));
#1321 = CARTESIAN_POINT('',(80.908630504322,-3.960562332379,90.));
#1322 = CARTESIAN_POINT('',(15.321428571428,-0.75,99.));
#1323 = PCURVE('',#231,#1324);
#1324 = DEFINITIONAL_REPRESENTATION('',(#1325),#1329);
#1325 = LINE('',#1326,#1327);
#1326 = CARTESIAN_POINT('',(11.,0.));
#1327 = VECTOR('',#1328,1.);
#1328 = DIRECTION('',(0.,1.));
#1329 = ( GEOMETRIC_REPRESENTATION_CONTEXT(2) 
PARAMETRIC_REPRESENTATION_CONTEXT() REPRESENTATION_CONTEXT('2D SPACE',''
  ) );
#1330 = PCURVE('',#358,#1331);
#1331 = DEFINITIONAL_REPRESENTATION('',(#1332),#1336);
#1332 = LINE('',#1333,#1334);
#1333 = CARTESIAN_POINT('',(11.,0.));
#1334 = VECTOR('',#1335,1.);
#1335 = DIRECTION('',(0.,1.));
#1336 = ( GEOMETRIC_REPRESENTATION_CONTEXT(2) 
PARAMETRIC_REPRESENTATION_CONTEXT() REPRESENTATION_CONTEXT('2D SPACE',''
  ) );
#1337 = ADVANCED_FACE('',(#1338),#1030,.T.);
#1338 = FACE_BOUND('',#1339,.T.);
#1339 = EDGE_LOOP('',(#1340,#1341,#1365,#1402));
#1340 = ORIENTED_EDGE('',*,*,#998,.T.);
#1341 = ORIENTED_EDGE('',*,*,#1342,.T.);
#1342 = EDGE_CURVE('',#915,#1343,#1345,.T.);
#1343 = VERTEX_POINT('',#1344);
#1344 = CARTESIAN_POINT('',(1.4375,0.75,99.));
#1345 = SURFACE_CURVE('',#1346,(#1351,#1358),.PCURVE_S1.);
#1346 = ( BOUNDED_CURVE() B_SPLINE_CURVE(3,(#1347,#1348,#1349,#1350),
.UNSPECIFIED.,.F.,.F.) B_SPLINE_CURVE_WITH_KNOTS((4,4),(0.,1.),
.PIECEWISE_BEZIER_KNOTS.) CURVE() GEOMETRIC_REPRESENTATION_ITEM() 
RATIONAL_B_SPLINE_CURVE((1.,1.,1.,1.)) REPRESENTATION_ITEM('') );
#1347 = CARTESIAN_POINT('',(33.512907185054,17.484995053072,0.));
#1348 = CARTESIAN_POINT('',(2.020494012455,1.054170789107,3.));
#1349 = CARTESIAN_POINT('',(2.785552395018,1.453331684357,90.));
#1350 = CARTESIAN_POINT('',(1.4375,0.75,99.));
#1351 = PCURVE('',#1030,#1352);
#1352 = DEFINITIONAL_REPRESENTATION('',(#1353),#1357);
#1353 = LINE('',#1354,#1355);
#1354 = CARTESIAN_POINT('',(3.,0.));
#1355 = VECTOR('',#1356,1.);
#1356 = DIRECTION('',(0.,1.));
#1357 = ( GEOMETRIC_REPRESENTATION_CONTEXT(2) 
PARAMETRIC_REPRESENTATION_CONTEXT() REPRESENTATION_CONTEXT('2D SPACE',''
  ) );
#1358 = PCURVE('',#946,#1359);
#1359 = DEFINITIONAL_REPRESENTATION('',(#1360),#1364);
#1360 = LINE('',#1361,#1362);
#1361 = CARTESIAN_POINT('',(3.,0.));
#1362 = VECTOR('',#1363,1.);
#1363 = DIRECTION('',(0.,1.));
#1364 = ( GEOMETRIC_REPRESENTATION_CONTEXT(2) 
PARAMETRIC_REPRESENTATION_CONTEXT() REPRESENTATION_CONTEXT('2D SPACE',''
  ) );
#1365 = ORIENTED_EDGE('',*,*,#1366,.F.);
#1366 = EDGE_CURVE('',#1124,#1343,#1367,.T.);
#1367 = SURFACE_CURVE('',#1368,(#1380,#1387),.PCURVE_S1.);
#1368 = B_SPLINE_CURVE_WITH_KNOTS('',10,(#1369,#1370,#1371,#1372,#1373,
    #1374,#1375,#1376,#1377,#1378,#1379),.UNSPECIFIED.,.F.,.F.,(11,11),(
    2.,3.),.PIECEWISE_BEZIER_KNOTS.);
#1369 = CARTESIAN_POINT('',(15.321428571426,0.75,99.));
#1370 = CARTESIAN_POINT('',(13.933035714284,0.75,99.));
#1371 = CARTESIAN_POINT('',(12.544642857141,0.75,99.));
#1372 = CARTESIAN_POINT('',(11.156249999999,0.75,99.));
#1373 = CARTESIAN_POINT('',(9.767857142856,0.75,99.));
#1374 = CARTESIAN_POINT('',(8.379464285713,0.75,99.));
#1375 = CARTESIAN_POINT('',(6.991071428571,0.75,99.));
#1376 = CARTESIAN_POINT('',(5.602678571428,0.75,99.));
#1377 = CARTESIAN_POINT('',(4.214285714285,0.75,99.));
#1378 = CARTESIAN_POINT('',(2.825892857143,0.75,99.));
#1379 = CARTESIAN_POINT('',(1.4375,0.75,99.));
#1380 = PCURVE('',#1030,#1381);
#1381 = DEFINITIONAL_REPRESENTATION('',(#1382),#1386);
#1382 = LINE('',#1383,#1384);
#1383 = CARTESIAN_POINT('',(0.,1.));
#1384 = VECTOR('',#1385,1.);
#1385 = DIRECTION('',(1.,0.));
#1386 = ( GEOMETRIC_REPRESENTATION_CONTEXT(2) 
PARAMETRIC_REPRESENTATION_CONTEXT() REPRESENTATION_CONTEXT('2D SPACE',''
  ) );
#1387 = PCURVE('',#1169,#1388);
#1388 = DEFINITIONAL_REPRESENTATION('',(#1389),#1401);
#1389 = B_SPLINE_CURVE_WITH_KNOTS('',10,(#1390,#1391,#1392,#1393,#1394,
    #1395,#1396,#1397,#1398,#1399,#1400),.UNSPECIFIED.,.F.,.F.,(11,11),(
    2.,3.),.PIECEWISE_BEZIER_KNOTS.);
#1390 = CARTESIAN_POINT('',(52.071428571426,0.));
#1391 = CARTESIAN_POINT('',(50.683035714284,0.));
#1392 = CARTESIAN_POINT('',(49.294642857141,0.));
#1393 = CARTESIAN_POINT('',(47.906249999999,0.));
#1394 = CARTESIAN_POINT('',(46.517857142856,0.));
#1395 = CARTESIAN_POINT('',(45.129464285713,0.));
#1396 = CARTESIAN_POINT('',(43.741071428571,0.));
#1397 = CARTESIAN_POINT('',(42.352678571428,0.));
#1398 = CARTESIAN_POINT('',(40.964285714285,0.));
#1399 = CARTESIAN_POINT('',(39.575892857143,0.));
#1400 = CARTESIAN_POINT('',(38.1875,0.));
#1401 = ( GEOMETRIC_REPRESENTATION_CONTEXT(2) 
PARAMETRIC_REPRESENTATION_CONTEXT() REPRESENTATION_CONTEXT('2D SPACE',''
  ) );
#1402 = ORIENTED_EDGE('',*,*,#1123,.F.);
#1403 = ADVANCED_FACE('',(#1404),#946,.T.);
#1404 = FACE_BOUND('',#1405,.T.);
#1405 = EDGE_LOOP('',(#1406,#1407,#1431,#1468));
#1406 = ORIENTED_EDGE('',*,*,#914,.T.);
#1407 = ORIENTED_EDGE('',*,*,#1408,.T.);
#1408 = EDGE_CURVE('',#831,#1409,#1411,.T.);
#1409 = VERTEX_POINT('',#1410);
#1410 = CARTESIAN_POINT('',(-1.4375,0.75,99.));
#1411 = SURFACE_CURVE('',#1412,(#1417,#1424),.PCURVE_S1.);
#1412 = ( BOUNDED_CURVE() B_SPLINE_CURVE(3,(#1413,#1414,#1415,#1416),
.UNSPECIFIED.,.F.,.F.) B_SPLINE_CURVE_WITH_KNOTS((4,4),(0.,1.),
.PIECEWISE_BEZIER_KNOTS.) CURVE() GEOMETRIC_REPRESENTATION_ITEM() 
RATIONAL_B_SPLINE_CURVE((1.,1.,1.,1.)) REPRESENTATION_ITEM('') );
#1413 = CARTESIAN_POINT('',(-33.51290718505,17.484995053072,0.));
#1414 = CARTESIAN_POINT('',(-2.020494012455,1.054170789107,3.));
#1415 = CARTESIAN_POINT('',(-2.785552395018,1.453331684357,90.));
#1416 = CARTESIAN_POINT('',(-1.4375,0.75,99.));
#1417 = PCURVE('',#946,#1418);
#1418 = DEFINITIONAL_REPRESENTATION('',(#1419),#1423);
#1419 = LINE('',#1420,#1421);
#1420 = CARTESIAN_POINT('',(4.,0.));
#1421 = VECTOR('',#1422,1.);
#1422 = DIRECTION('',(0.,1.));
#1423 = ( GEOMETRIC_REPRESENTATION_CONTEXT(2) 
PARAMETRIC_REPRESENTATION_CONTEXT() REPRESENTATION_CONTEXT('2D SPACE',''
  ) );
#1424 = PCURVE('',#862,#1425);
#1425 = DEFINITIONAL_REPRESENTATION('',(#1426),#1430);
#1426 = LINE('',#1427,#1428);
#1427 = CARTESIAN_POINT('',(4.,0.));
#1428 = VECTOR('',#1429,1.);
#1429 = DIRECTION('',(0.,1.));
#1430 = ( GEOMETRIC_REPRESENTATION_CONTEXT(2) 
PARAMETRIC_REPRESENTATION_CONTEXT() REPRESENTATION_CONTEXT('2D SPACE',''
  ) );
#1431 = ORIENTED_EDGE('',*,*,#1432,.F.);
#1432 = EDGE_CURVE('',#1343,#1409,#1433,.T.);
#1433 = SURFACE_CURVE('',#1434,(#1446,#1453),.PCURVE_S1.);
#1434 = B_SPLINE_CURVE_WITH_KNOTS('',10,(#1435,#1436,#1437,#1438,#1439,
    #1440,#1441,#1442,#1443,#1444,#1445),.UNSPECIFIED.,.F.,.F.,(11,11),(
    3.,4.),.PIECEWISE_BEZIER_KNOTS.);
#1435 = CARTESIAN_POINT('',(1.4375,0.75,99.));
#1436 = CARTESIAN_POINT('',(1.15,0.75,99.));
#1437 = CARTESIAN_POINT('',(0.8625,0.75,99.));
#1438 = CARTESIAN_POINT('',(0.575,0.75,99.));
#1439 = CARTESIAN_POINT('',(0.2875,0.75,99.));
#1440 = CARTESIAN_POINT('',(2.13162820728E-14,0.75,99.));
#1441 = CARTESIAN_POINT('',(-0.2875,0.75,99.));
#1442 = CARTESIAN_POINT('',(-0.575,0.75,99.));
#1443 = CARTESIAN_POINT('',(-0.8625,0.75,99.));
#1444 = CARTESIAN_POINT('',(-1.15,0.75,99.));
#1445 = CARTESIAN_POINT('',(-1.4375,0.75,99.));
#1446 = PCURVE('',#946,#1447);
#1447 = DEFINITIONAL_REPRESENTATION('',(#1448),#1452);
#1448 = LINE('',#1449,#1450);
#1449 = CARTESIAN_POINT('',(0.,1.));
#1450 = VECTOR('',#1451,1.);
#1451 = DIRECTION('',(1.,0.));
#1452 = ( GEOMETRIC_REPRESENTATION_CONTEXT(2) 
PARAMETRIC_REPRESENTATION_CONTEXT() REPRESENTATION_CONTEXT('2D SPACE',''
  ) );
#1453 = PCURVE('',#1169,#1454);
#1454 = DEFINITIONAL_REPRESENTATION('',(#1455),#1467);
#1455 = B_SPLINE_CURVE_WITH_KNOTS('',10,(#1456,#1457,#1458,#1459,#1460,
    #1461,#1462,#1463,#1464,#1465,#1466),.UNSPECIFIED.,.F.,.F.,(11,11),(
    3.,4.),.PIECEWISE_BEZIER_KNOTS.);
#1456 = CARTESIAN_POINT('',(38.1875,0.));
#1457 = CARTESIAN_POINT('',(37.9,0.));
#1458 = CARTESIAN_POINT('',(37.6125,0.));
#1459 = CARTESIAN_POINT('',(37.325,0.));
#1460 = CARTESIAN_POINT('',(37.0375,0.));
#1461 = CARTESIAN_POINT('',(36.75,0.));
#1462 = CARTESIAN_POINT('',(36.4625,0.));
#1463 = CARTESIAN_POINT('',(36.175,0.));
#1464 = CARTESIAN_POINT('',(35.8875,0.));
#1465 = CARTESIAN_POINT('',(35.6,0.));
#1466 = CARTESIAN_POINT('',(35.3125,0.));
#1467 = ( GEOMETRIC_REPRESENTATION_CONTEXT(2) 
PARAMETRIC_REPRESENTATION_CONTEXT() REPRESENTATION_CONTEXT('2D SPACE',''
  ) );
#1468 = ORIENTED_EDGE('',*,*,#1342,.F.);
#1469 = ADVANCED_FACE('',(#1470),#862,.T.);
#1470 = FACE_BOUND('',#1471,.T.);
#1471 = EDGE_LOOP('',(#1472,#1473,#1497,#1534));
#1472 = ORIENTED_EDGE('',*,*,#830,.T.);
#1473 = ORIENTED_EDGE('',*,*,#1474,.T.);
#1474 = EDGE_CURVE('',#747,#1475,#1477,.T.);
#1475 = VERTEX_POINT('',#1476);
#1476 = CARTESIAN_POINT('',(-15.32142857142,0.75,99.));
#1477 = SURFACE_CURVE('',#1478,(#1483,#1490),.PCURVE_S1.);
#1478 = ( BOUNDED_CURVE() B_SPLINE_CURVE(3,(#1479,#1480,#1481,#1482),
.UNSPECIFIED.,.F.,.F.) B_SPLINE_CURVE_WITH_KNOTS((4,4),(0.,1.),
.PIECEWISE_BEZIER_KNOTS.) CURVE() GEOMETRIC_REPRESENTATION_ITEM() 
RATIONAL_B_SPLINE_CURVE((1.,1.,1.,1.)) REPRESENTATION_ITEM('') );
#1479 = CARTESIAN_POINT('',(-37.75479294966,1.848136717816,0.));
#1480 = CARTESIAN_POINT('',(27.663297928826,-1.354147451061,3.));
#1481 = CARTESIAN_POINT('',(-80.90863050432,3.960562332379,90.));
#1482 = CARTESIAN_POINT('',(-15.32142857142,0.75,99.));
#1483 = PCURVE('',#862,#1484);
#1484 = DEFINITIONAL_REPRESENTATION('',(#1485),#1489);
#1485 = LINE('',#1486,#1487);
#1486 = CARTESIAN_POINT('',(5.,0.));
#1487 = VECTOR('',#1488,1.);
#1488 = DIRECTION('',(0.,1.));
#1489 = ( GEOMETRIC_REPRESENTATION_CONTEXT(2) 
PARAMETRIC_REPRESENTATION_CONTEXT() REPRESENTATION_CONTEXT('2D SPACE',''
  ) );
#1490 = PCURVE('',#778,#1491);
#1491 = DEFINITIONAL_REPRESENTATION('',(#1492),#1496);
#1492 = LINE('',#1493,#1494);
#1493 = CARTESIAN_POINT('',(5.,0.));
#1494 = VECTOR('',#1495,1.);
#1495 = DIRECTION('',(0.,1.));
#1496 = ( GEOMETRIC_REPRESENTATION_CONTEXT(2) 
PARAMETRIC_REPRESENTATION_CONTEXT() REPRESENTATION_CONTEXT('2D SPACE',''
  ) );
#1497 = ORIENTED_EDGE('',*,*,#1498,.F.);
#1498 = EDGE_CURVE('',#1409,#1475,#1499,.T.);
#1499 = SURFACE_CURVE('',#1500,(#1512,#1519),.PCURVE_S1.);
#1500 = B_SPLINE_CURVE_WITH_KNOTS('',10,(#1501,#1502,#1503,#1504,#1505,
    #1506,#1507,#1508,#1509,#1510,#1511),.UNSPECIFIED.,.F.,.F.,(11,11),(
    4.,5.),.PIECEWISE_BEZIER_KNOTS.);
#1501 = CARTESIAN_POINT('',(-1.4375,0.75,99.));
#1502 = CARTESIAN_POINT('',(-2.825892857143,0.75,99.));
#1503 = CARTESIAN_POINT('',(-4.214285714286,0.75,99.));
#1504 = CARTESIAN_POINT('',(-5.602678571428,0.75,99.));
#1505 = CARTESIAN_POINT('',(-6.991071428571,0.75,99.));
#1506 = CARTESIAN_POINT('',(-8.379464285714,0.75,99.));
#1507 = CARTESIAN_POINT('',(-9.767857142857,0.75,99.));
#1508 = CARTESIAN_POINT('',(-11.15625,0.75,99.));
#1509 = CARTESIAN_POINT('',(-12.54464285714,0.75,99.));
#1510 = CARTESIAN_POINT('',(-13.93303571428,0.75,99.));
#1511 = CARTESIAN_POINT('',(-15.32142857142,0.75,99.));
#1512 = PCURVE('',#862,#1513);
#1513 = DEFINITIONAL_REPRESENTATION('',(#1514),#1518);
#1514 = LINE('',#1515,#1516);
#1515 = CARTESIAN_POINT('',(0.,1.));
#1516 = VECTOR('',#1517,1.);
#1517 = DIRECTION('',(1.,0.));
#1518 = ( GEOMETRIC_REPRESENTATION_CONTEXT(2) 
PARAMETRIC_REPRESENTATION_CONTEXT() REPRESENTATION_CONTEXT('2D SPACE',''
  ) );
#1519 = PCURVE('',#1169,#1520);
#1520 = DEFINITIONAL_REPRESENTATION('',(#1521),#1533);
#1521 = B_SPLINE_CURVE_WITH_KNOTS('',10,(#1522,#1523,#1524,#1525,#1526,
    #1527,#1528,#1529,#1530,#1531,#1532),.UNSPECIFIED.,.F.,.F.,(11,11),(
    4.,5.),.PIECEWISE_BEZIER_KNOTS.);
#1522 = CARTESIAN_POINT('',(35.3125,0.));
#1523 = CARTESIAN_POINT('',(33.924107142857,0.));
#1524 = CARTESIAN_POINT('',(32.535714285714,0.));
#1525 = CARTESIAN_POINT('',(31.147321428572,0.));
#1526 = CARTESIAN_POINT('',(29.758928571429,0.));
#1527 = CARTESIAN_POINT('',(28.370535714286,0.));
#1528 = CARTESIAN_POINT('',(26.982142857143,0.));
#1529 = CARTESIAN_POINT('',(25.59375,0.));
#1530 = CARTESIAN_POINT('',(24.205357142858,0.));
#1531 = CARTESIAN_POINT('',(22.816964285715,0.));
#1532 = CARTESIAN_POINT('',(21.428571428572,0.));
#1533 = ( GEOMETRIC_REPRESENTATION_CONTEXT(2) 
PARAMETRIC_REPRESENTATION_CONTEXT() REPRESENTATION_CONTEXT('2D SPACE',''
  ) );
#1534 = ORIENTED_EDGE('',*,*,#1408,.F.);
#1535 = ADVANCED_FACE('',(#1536),#778,.T.);
#1536 = FACE_BOUND('',#1537,.T.);
#1537 = EDGE_LOOP('',(#1538,#1539,#1563,#1600));
#1538 = ORIENTED_EDGE('',*,*,#746,.T.);
#1539 = ORIENTED_EDGE('',*,*,#1540,.T.);
#1540 = EDGE_CURVE('',#663,#1541,#1543,.T.);
#1541 = VERTEX_POINT('',#1542);
#1542 = CARTESIAN_POINT('',(-36.75,0.75,99.));
#1543 = SURFACE_CURVE('',#1544,(#1549,#1556),.PCURVE_S1.);
#1544 = ( BOUNDED_CURVE() B_SPLINE_CURVE(3,(#1545,#1546,#1547,#1548),
.UNSPECIFIED.,.F.,.F.) B_SPLINE_CURVE_WITH_KNOTS((4,4),(0.,1.),
.PIECEWISE_BEZIER_KNOTS.) CURVE() GEOMETRIC_REPRESENTATION_ITEM() 
RATIONAL_B_SPLINE_CURVE((1.,1.,1.,1.)) REPRESENTATION_ITEM('') );
#1545 = CARTESIAN_POINT('',(-37.79213073791,0.771267974243,0.));
#1546 = CARTESIAN_POINT('',(22.763590509555,-0.464563071624,3.));
#1547 = CARTESIAN_POINT('',(-67.71485746365,1.381935866605,90.));
#1548 = CARTESIAN_POINT('',(-36.75,0.75,99.));
#1549 = PCURVE('',#778,#1550);
#1550 = DEFINITIONAL_REPRESENTATION('',(#1551),#1555);
#1551 = LINE('',#1552,#1553);
#1552 = CARTESIAN_POINT('',(6.,0.));
#1553 = VECTOR('',#1554,1.);
#1554 = DIRECTION('',(0.,1.));
#1555 = ( GEOMETRIC_REPRESENTATION_CONTEXT(2) 
PARAMETRIC_REPRESENTATION_CONTEXT() REPRESENTATION_CONTEXT('2D SPACE',''
  ) );
#1556 = PCURVE('',#694,#1557);
#1557 = DEFINITIONAL_REPRESENTATION('',(#1558),#1562);
#1558 = LINE('',#1559,#1560);
#1559 = CARTESIAN_POINT('',(6.,0.));
#1560 = VECTOR('',#1561,1.);
#1561 = DIRECTION('',(0.,1.));
#1562 = ( GEOMETRIC_REPRESENTATION_CONTEXT(2) 
PARAMETRIC_REPRESENTATION_CONTEXT() REPRESENTATION_CONTEXT('2D SPACE',''
  ) );
#1563 = ORIENTED_EDGE('',*,*,#1564,.F.);
#1564 = EDGE_CURVE('',#1475,#1541,#1565,.T.);
#1565 = SURFACE_CURVE('',#1566,(#1578,#1585),.PCURVE_S1.);
#1566 = B_SPLINE_CURVE_WITH_KNOTS('',10,(#1567,#1568,#1569,#1570,#1571,
    #1572,#1573,#1574,#1575,#1576,#1577),.UNSPECIFIED.,.F.,.F.,(11,11),(
    5.,6.),.PIECEWISE_BEZIER_KNOTS.);
#1567 = CARTESIAN_POINT('',(-15.32142857142,0.75,99.));
#1568 = CARTESIAN_POINT('',(-17.46428571428,0.75,99.));
#1569 = CARTESIAN_POINT('',(-19.60714285714,0.75,99.));
#1570 = CARTESIAN_POINT('',(-21.75,0.75,99.));
#1571 = CARTESIAN_POINT('',(-23.89285714285,0.75,99.));
#1572 = CARTESIAN_POINT('',(-26.03571428571,0.75,99.));
#1573 = CARTESIAN_POINT('',(-28.17857142857,0.75,99.));
#1574 = CARTESIAN_POINT('',(-30.32142857142,0.75,99.));
#1575 = CARTESIAN_POINT('',(-32.46428571428,0.75,99.));
#1576 = CARTESIAN_POINT('',(-34.60714285714,0.75,99.));
#1577 = CARTESIAN_POINT('',(-36.75,0.75,99.));
#1578 = PCURVE('',#778,#1579);
#1579 = DEFINITIONAL_REPRESENTATION('',(#1580),#1584);
#1580 = LINE('',#1581,#1582);
#1581 = CARTESIAN_POINT('',(0.,1.));
#1582 = VECTOR('',#1583,1.);
#1583 = DIRECTION('',(1.,0.));
#1584 = ( GEOMETRIC_REPRESENTATION_CONTEXT(2) 
PARAMETRIC_REPRESENTATION_CONTEXT() REPRESENTATION_CONTEXT('2D SPACE',''
  ) );
#1585 = PCURVE('',#1169,#1586);
#1586 = DEFINITIONAL_REPRESENTATION('',(#1587),#1599);
#1587 = B_SPLINE_CURVE_WITH_KNOTS('',10,(#1588,#1589,#1590,#1591,#1592,
    #1593,#1594,#1595,#1596,#1597,#1598),.UNSPECIFIED.,.F.,.F.,(11,11),(
    5.,6.),.PIECEWISE_BEZIER_KNOTS.);
#1588 = CARTESIAN_POINT('',(21.428571428572,0.));
#1589 = CARTESIAN_POINT('',(19.285714285715,0.));
#1590 = CARTESIAN_POINT('',(17.142857142858,0.));
#1591 = CARTESIAN_POINT('',(15.,0.));
#1592 = CARTESIAN_POINT('',(12.857142857143,0.));
#1593 = CARTESIAN_POINT('',(10.714285714286,0.));
#1594 = CARTESIAN_POINT('',(8.571428571429,0.));
#1595 = CARTESIAN_POINT('',(6.428571428572,0.));
#1596 = CARTESIAN_POINT('',(4.285714285714,0.));
#1597 = CARTESIAN_POINT('',(2.142857142857,0.));
#1598 = CARTESIAN_POINT('',(-7.105427357601E-15,0.));
#1599 = ( GEOMETRIC_REPRESENTATION_CONTEXT(2) 
PARAMETRIC_REPRESENTATION_CONTEXT() REPRESENTATION_CONTEXT('2D SPACE',''
  ) );
#1600 = ORIENTED_EDGE('',*,*,#1474,.F.);
#1601 = ADVANCED_FACE('',(#1602),#694,.T.);
#1602 = FACE_BOUND('',#1603,.T.);
#1603 = EDGE_LOOP('',(#1604,#1605,#1629,#1662));
#1604 = ORIENTED_EDGE('',*,*,#662,.T.);
#1605 = ORIENTED_EDGE('',*,*,#1606,.T.);
#1606 = EDGE_CURVE('',#579,#1607,#1609,.T.);
#1607 = VERTEX_POINT('',#1608);
#1608 = CARTESIAN_POINT('',(-36.75,-0.75,99.));
#1609 = SURFACE_CURVE('',#1610,(#1615,#1622),.PCURVE_S1.);
#1610 = ( BOUNDED_CURVE() B_SPLINE_CURVE(3,(#1611,#1612,#1613,#1614),
.UNSPECIFIED.,.F.,.F.) B_SPLINE_CURVE_WITH_KNOTS((4,4),(0.,1.),
.PIECEWISE_BEZIER_KNOTS.) CURVE() GEOMETRIC_REPRESENTATION_ITEM() 
RATIONAL_B_SPLINE_CURVE((1.,1.,1.,1.)) REPRESENTATION_ITEM('') );
#1611 = CARTESIAN_POINT('',(-37.79213073791,-0.771267974243,0.));
#1612 = CARTESIAN_POINT('',(22.763590509555,0.464563071624,3.));
#1613 = CARTESIAN_POINT('',(-67.71485746365,-1.381935866605,90.));
#1614 = CARTESIAN_POINT('',(-36.75,-0.75,99.));
#1615 = PCURVE('',#694,#1616);
#1616 = DEFINITIONAL_REPRESENTATION('',(#1617),#1621);
#1617 = LINE('',#1618,#1619);
#1618 = CARTESIAN_POINT('',(7.,0.));
#1619 = VECTOR('',#1620,1.);
#1620 = DIRECTION('',(0.,1.));
#1621 = ( GEOMETRIC_REPRESENTATION_CONTEXT(2) 
PARAMETRIC_REPRESENTATION_CONTEXT() REPRESENTATION_CONTEXT('2D SPACE',''
  ) );
#1622 = PCURVE('',#610,#1623);
#1623 = DEFINITIONAL_REPRESENTATION('',(#1624),#1628);
#1624 = LINE('',#1625,#1626);
#1625 = CARTESIAN_POINT('',(7.,0.));
#1626 = VECTOR('',#1627,1.);
#1627 = DIRECTION('',(0.,1.));
#1628 = ( GEOMETRIC_REPRESENTATION_CONTEXT(2) 
PARAMETRIC_REPRESENTATION_CONTEXT() REPRESENTATION_CONTEXT('2D SPACE',''
  ) );
#1629 = ORIENTED_EDGE('',*,*,#1630,.F.);
#1630 = EDGE_CURVE('',#1541,#1607,#1631,.T.);
#1631 = SURFACE_CURVE('',#1632,(#1644,#1651),.PCURVE_S1.);
#1632 = B_SPLINE_CURVE_WITH_KNOTS('',10,(#1633,#1634,#1635,#1636,#1637,
    #1638,#1639,#1640,#1641,#1642,#1643),.UNSPECIFIED.,.F.,.F.,(11,11),(
    6.,7.),.PIECEWISE_BEZIER_KNOTS.);
#1633 = CARTESIAN_POINT('',(-36.75,0.75,99.));
#1634 = CARTESIAN_POINT('',(-36.98561944901,0.75,99.));
#1635 = CARTESIAN_POINT('',(-37.22124107155,0.667753520049,99.));
#1636 = CARTESIAN_POINT('',(-37.42455043143,0.503258522416,99.));
#1637 = CARTESIAN_POINT('',(-37.56330541722,0.271019590411,99.));
#1638 = CARTESIAN_POINT('',(-37.61268047281,-3.863576125696E-15,99.));
#1639 = CARTESIAN_POINT('',(-37.56330541722,-0.271019590411,99.));
#1640 = CARTESIAN_POINT('',(-37.42455043143,-0.503258522416,99.));
#1641 = CARTESIAN_POINT('',(-37.22124107156,-0.667753520049,99.));
#1642 = CARTESIAN_POINT('',(-36.98561944901,-0.75,99.));
#1643 = CARTESIAN_POINT('',(-36.75,-0.75,99.));
#1644 = PCURVE('',#694,#1645);
#1645 = DEFINITIONAL_REPRESENTATION('',(#1646),#1650);
#1646 = LINE('',#1647,#1648);
#1647 = CARTESIAN_POINT('',(0.,1.));
#1648 = VECTOR('',#1649,1.);
#1649 = DIRECTION('',(1.,0.));
#1650 = ( GEOMETRIC_REPRESENTATION_CONTEXT(2) 
PARAMETRIC_REPRESENTATION_CONTEXT() REPRESENTATION_CONTEXT('2D SPACE',''
  ) );
#1651 = PCURVE('',#1652,#1657);
#1652 = CYLINDRICAL_SURFACE('',#1653,0.75);
#1653 = AXIS2_PLACEMENT_3D('',#1654,#1655,#1656);
#1654 = CARTESIAN_POINT('',(-36.75,0.,99.));
#1655 = DIRECTION('',(0.,-0.,-1.));
#1656 = DIRECTION('',(0.,-1.,0.));
#1657 = DEFINITIONAL_REPRESENTATION('',(#1658),#1661);
#1658 = B_SPLINE_CURVE_WITH_KNOTS('',1,(#1659,#1660),.UNSPECIFIED.,.F.,
  .F.,(2,2),(6.,7.),.PIECEWISE_BEZIER_KNOTS.);
#1659 = CARTESIAN_POINT('',(3.14159265359,0.));
#1660 = CARTESIAN_POINT('',(0.,0.));
#1661 = ( GEOMETRIC_REPRESENTATION_CONTEXT(2) 
PARAMETRIC_REPRESENTATION_CONTEXT() REPRESENTATION_CONTEXT('2D SPACE',''
  ) );
#1662 = ORIENTED_EDGE('',*,*,#1540,.F.);
#1663 = ADVANCED_FACE('',(#1664),#610,.T.);
#1664 = FACE_BOUND('',#1665,.T.);
#1665 = EDGE_LOOP('',(#1666,#1667,#1691,#1728));
#1666 = ORIENTED_EDGE('',*,*,#578,.T.);
#1667 = ORIENTED_EDGE('',*,*,#1668,.T.);
#1668 = EDGE_CURVE('',#495,#1669,#1671,.T.);
#1669 = VERTEX_POINT('',#1670);
#1670 = CARTESIAN_POINT('',(-15.32142857142,-0.75,99.));
#1671 = SURFACE_CURVE('',#1672,(#1677,#1684),.PCURVE_S1.);
#1672 = ( BOUNDED_CURVE() B_SPLINE_CURVE(3,(#1673,#1674,#1675,#1676),
.UNSPECIFIED.,.F.,.F.) B_SPLINE_CURVE_WITH_KNOTS((4,4),(0.,1.),
.PIECEWISE_BEZIER_KNOTS.) CURVE() GEOMETRIC_REPRESENTATION_ITEM() 
RATIONAL_B_SPLINE_CURVE((1.,1.,1.,1.)) REPRESENTATION_ITEM('') );
#1673 = CARTESIAN_POINT('',(-37.75479294966,-1.848136717816,0.));
#1674 = CARTESIAN_POINT('',(27.663297928827,1.354147451061,3.));
#1675 = CARTESIAN_POINT('',(-80.90863050432,-3.960562332379,90.));
#1676 = CARTESIAN_POINT('',(-15.32142857142,-0.75,99.));
#1677 = PCURVE('',#610,#1678);
#1678 = DEFINITIONAL_REPRESENTATION('',(#1679),#1683);
#1679 = LINE('',#1680,#1681);
#1680 = CARTESIAN_POINT('',(8.,0.));
#1681 = VECTOR('',#1682,1.);
#1682 = DIRECTION('',(0.,1.));
#1683 = ( GEOMETRIC_REPRESENTATION_CONTEXT(2) 
PARAMETRIC_REPRESENTATION_CONTEXT() REPRESENTATION_CONTEXT('2D SPACE',''
  ) );
#1684 = PCURVE('',#526,#1685);
#1685 = DEFINITIONAL_REPRESENTATION('',(#1686),#1690);
#1686 = LINE('',#1687,#1688);
#1687 = CARTESIAN_POINT('',(8.,0.));
#1688 = VECTOR('',#1689,1.);
#1689 = DIRECTION('',(0.,1.));
#1690 = ( GEOMETRIC_REPRESENTATION_CONTEXT(2) 
PARAMETRIC_REPRESENTATION_CONTEXT() REPRESENTATION_CONTEXT('2D SPACE',''
  ) );
#1691 = ORIENTED_EDGE('',*,*,#1692,.F.);
#1692 = EDGE_CURVE('',#1607,#1669,#1693,.T.);
#1693 = SURFACE_CURVE('',#1694,(#1706,#1713),.PCURVE_S1.);
#1694 = B_SPLINE_CURVE_WITH_KNOTS('',10,(#1695,#1696,#1697,#1698,#1699,
    #1700,#1701,#1702,#1703,#1704,#1705),.UNSPECIFIED.,.F.,.F.,(11,11),(
    7.,8.),.PIECEWISE_BEZIER_KNOTS.);
#1695 = CARTESIAN_POINT('',(-36.75,-0.75,99.));
#1696 = CARTESIAN_POINT('',(-34.60714285714,-0.75,99.));
#1697 = CARTESIAN_POINT('',(-32.46428571428,-0.75,99.));
#1698 = CARTESIAN_POINT('',(-30.32142857142,-0.75,99.));
#1699 = CARTESIAN_POINT('',(-28.17857142857,-0.75,99.));
#1700 = CARTESIAN_POINT('',(-26.03571428571,-0.75,99.));
#1701 = CARTESIAN_POINT('',(-23.89285714285,-0.75,99.));
#1702 = CARTESIAN_POINT('',(-21.74999999999,-0.75,99.));
#1703 = CARTESIAN_POINT('',(-19.60714285714,-0.75,99.));
#1704 = CARTESIAN_POINT('',(-17.46428571428,-0.75,99.));
#1705 = CARTESIAN_POINT('',(-15.32142857142,-0.75,99.));
#1706 = PCURVE('',#610,#1707);
#1707 = DEFINITIONAL_REPRESENTATION('',(#1708),#1712);
#1708 = LINE('',#1709,#1710);
#1709 = CARTESIAN_POINT('',(0.,1.));
#1710 = VECTOR('',#1711,1.);
#1711 = DIRECTION('',(1.,0.));
#1712 = ( GEOMETRIC_REPRESENTATION_CONTEXT(2) 
PARAMETRIC_REPRESENTATION_CONTEXT() REPRESENTATION_CONTEXT('2D SPACE',''
  ) );
#1713 = PCURVE('',#1260,#1714);
#1714 = DEFINITIONAL_REPRESENTATION('',(#1715),#1727);
#1715 = B_SPLINE_CURVE_WITH_KNOTS('',10,(#1716,#1717,#1718,#1719,#1720,
    #1721,#1722,#1723,#1724,#1725,#1726),.UNSPECIFIED.,.F.,.F.,(11,11),(
    7.,8.),.PIECEWISE_BEZIER_KNOTS.);
#1716 = CARTESIAN_POINT('',(73.5,0.));
#1717 = CARTESIAN_POINT('',(71.357142857143,0.));
#1718 = CARTESIAN_POINT('',(69.214285714285,0.));
#1719 = CARTESIAN_POINT('',(67.071428571428,0.));
#1720 = CARTESIAN_POINT('',(64.928571428571,0.));
#1721 = CARTESIAN_POINT('',(62.785714285713,0.));
#1722 = CARTESIAN_POINT('',(60.642857142856,0.));
#1723 = CARTESIAN_POINT('',(58.499999999999,0.));
#1724 = CARTESIAN_POINT('',(56.357142857141,0.));
#1725 = CARTESIAN_POINT('',(54.214285714284,0.));
#1726 = CARTESIAN_POINT('',(52.071428571426,0.));
#1727 = ( GEOMETRIC_REPRESENTATION_CONTEXT(2) 
PARAMETRIC_REPRESENTATION_CONTEXT() REPRESENTATION_CONTEXT('2D SPACE',''
  ) );
#1728 = ORIENTED_EDGE('',*,*,#1606,.F.);
#1729 = ADVANCED_FACE('',(#1730),#526,.T.);
#1730 = FACE_BOUND('',#1731,.T.);
#1731 = EDGE_LOOP('',(#1732,#1733,#1757,#1794));
#1732 = ORIENTED_EDGE('',*,*,#494,.T.);
#1733 = ORIENTED_EDGE('',*,*,#1734,.T.);
#1734 = EDGE_CURVE('',#411,#1735,#1737,.T.);
#1735 = VERTEX_POINT('',#1736);
#1736 = CARTESIAN_POINT('',(-1.4375,-0.75,99.));
#1737 = SURFACE_CURVE('',#1738,(#1743,#1750),.PCURVE_S1.);
#1738 = ( BOUNDED_CURVE() B_SPLINE_CURVE(3,(#1739,#1740,#1741,#1742),
.UNSPECIFIED.,.F.,.F.) B_SPLINE_CURVE_WITH_KNOTS((4,4),(0.,1.),
.PIECEWISE_BEZIER_KNOTS.) CURVE() GEOMETRIC_REPRESENTATION_ITEM() 
RATIONAL_B_SPLINE_CURVE((1.,1.,1.,1.)) REPRESENTATION_ITEM('') );
#1739 = CARTESIAN_POINT('',(-33.51290718505,-17.48499505307,0.));
#1740 = CARTESIAN_POINT('',(-2.020494012455,-1.054170789107,3.));
#1741 = CARTESIAN_POINT('',(-2.785552395018,-1.453331684357,90.));
#1742 = CARTESIAN_POINT('',(-1.4375,-0.75,99.));
#1743 = PCURVE('',#526,#1744);
#1744 = DEFINITIONAL_REPRESENTATION('',(#1745),#1749);
#1745 = LINE('',#1746,#1747);
#1746 = CARTESIAN_POINT('',(9.,0.));
#1747 = VECTOR('',#1748,1.);
#1748 = DIRECTION('',(0.,1.));
#1749 = ( GEOMETRIC_REPRESENTATION_CONTEXT(2) 
PARAMETRIC_REPRESENTATION_CONTEXT() REPRESENTATION_CONTEXT('2D SPACE',''
  ) );
#1750 = PCURVE('',#442,#1751);
#1751 = DEFINITIONAL_REPRESENTATION('',(#1752),#1756);
#1752 = LINE('',#1753,#1754);
#1753 = CARTESIAN_POINT('',(9.,0.));
#1754 = VECTOR('',#1755,1.);
#1755 = DIRECTION('',(0.,1.));
#1756 = ( GEOMETRIC_REPRESENTATION_CONTEXT(2) 
PARAMETRIC_REPRESENTATION_CONTEXT() REPRESENTATION_CONTEXT('2D SPACE',''
  ) );
#1757 = ORIENTED_EDGE('',*,*,#1758,.F.);
#1758 = EDGE_CURVE('',#1669,#1735,#1759,.T.);
#1759 = SURFACE_CURVE('',#1760,(#1772,#1779),.PCURVE_S1.);
#1760 = B_SPLINE_CURVE_WITH_KNOTS('',10,(#1761,#1762,#1763,#1764,#1765,
    #1766,#1767,#1768,#1769,#1770,#1771),.UNSPECIFIED.,.F.,.F.,(11,11),(
    8.,9.),.PIECEWISE_BEZIER_KNOTS.);
#1761 = CARTESIAN_POINT('',(-15.32142857142,-0.75,99.));
#1762 = CARTESIAN_POINT('',(-13.93303571428,-0.75,99.));
#1763 = CARTESIAN_POINT('',(-12.54464285714,-0.75,99.));
#1764 = CARTESIAN_POINT('',(-11.15624999999,-0.75,99.));
#1765 = CARTESIAN_POINT('',(-9.767857142856,-0.75,99.));
#1766 = CARTESIAN_POINT('',(-8.379464285713,-0.75,99.));
#1767 = CARTESIAN_POINT('',(-6.991071428571,-0.75,99.));
#1768 = CARTESIAN_POINT('',(-5.602678571428,-0.75,99.));
#1769 = CARTESIAN_POINT('',(-4.214285714285,-0.75,99.));
#1770 = CARTESIAN_POINT('',(-2.825892857143,-0.75,99.));
#1771 = CARTESIAN_POINT('',(-1.4375,-0.75,99.));
#1772 = PCURVE('',#526,#1773);
#1773 = DEFINITIONAL_REPRESENTATION('',(#1774),#1778);
#1774 = LINE('',#1775,#1776);
#1775 = CARTESIAN_POINT('',(0.,1.));
#1776 = VECTOR('',#1777,1.);
#1777 = DIRECTION('',(1.,0.));
#1778 = ( GEOMETRIC_REPRESENTATION_CONTEXT(2) 
PARAMETRIC_REPRESENTATION_CONTEXT() REPRESENTATION_CONTEXT('2D SPACE',''
  ) );
#1779 = PCURVE('',#1260,#1780);
#1780 = DEFINITIONAL_REPRESENTATION('',(#1781),#1793);
#1781 = B_SPLINE_CURVE_WITH_KNOTS('',10,(#1782,#1783,#1784,#1785,#1786,
    #1787,#1788,#1789,#1790,#1791,#1792),.UNSPECIFIED.,.F.,.F.,(11,11),(
    8.,9.),.PIECEWISE_BEZIER_KNOTS.);
#1782 = CARTESIAN_POINT('',(52.071428571426,0.));
#1783 = CARTESIAN_POINT('',(50.683035714284,0.));
#1784 = CARTESIAN_POINT('',(49.294642857141,0.));
#1785 = CARTESIAN_POINT('',(47.906249999999,0.));
#1786 = CARTESIAN_POINT('',(46.517857142856,0.));
#1787 = CARTESIAN_POINT('',(45.129464285713,0.));
#1788 = CARTESIAN_POINT('',(43.741071428571,0.));
#1789 = CARTESIAN_POINT('',(42.352678571428,0.));
#1790 = CARTESIAN_POINT('',(40.964285714285,0.));
#1791 = CARTESIAN_POINT('',(39.575892857143,0.));
#1792 = CARTESIAN_POINT('',(38.1875,0.));
#1793 = ( GEOMETRIC_REPRESENTATION_CONTEXT(2) 
PARAMETRIC_REPRESENTATION_CONTEXT() REPRESENTATION_CONTEXT('2D SPACE',''
  ) );
#1794 = ORIENTED_EDGE('',*,*,#1668,.F.);
#1795 = ADVANCED_FACE('',(#1796),#442,.T.);
#1796 = FACE_BOUND('',#1797,.T.);
#1797 = EDGE_LOOP('',(#1798,#1799,#1823,#1860));
#1798 = ORIENTED_EDGE('',*,*,#410,.T.);
#1799 = ORIENTED_EDGE('',*,*,#1800,.T.);
#1800 = EDGE_CURVE('',#327,#1801,#1803,.T.);
#1801 = VERTEX_POINT('',#1802);
#1802 = CARTESIAN_POINT('',(1.4375,-0.75,99.));
#1803 = SURFACE_CURVE('',#1804,(#1809,#1816),.PCURVE_S1.);
#1804 = ( BOUNDED_CURVE() B_SPLINE_CURVE(3,(#1805,#1806,#1807,#1808),
.UNSPECIFIED.,.F.,.F.) B_SPLINE_CURVE_WITH_KNOTS((4,4),(0.,1.),
.PIECEWISE_BEZIER_KNOTS.) CURVE() GEOMETRIC_REPRESENTATION_ITEM() 
RATIONAL_B_SPLINE_CURVE((1.,1.,1.,1.)) REPRESENTATION_ITEM('') );
#1805 = CARTESIAN_POINT('',(33.512907185054,-17.48499505307,0.));
#1806 = CARTESIAN_POINT('',(2.020494012455,-1.054170789107,3.));
#1807 = CARTESIAN_POINT('',(2.785552395018,-1.453331684357,90.));
#1808 = CARTESIAN_POINT('',(1.4375,-0.75,99.));
#1809 = PCURVE('',#442,#1810);
#1810 = DEFINITIONAL_REPRESENTATION('',(#1811),#1815);
#1811 = LINE('',#1812,#1813);
#1812 = CARTESIAN_POINT('',(10.,0.));
#1813 = VECTOR('',#1814,1.);
#1814 = DIRECTION('',(0.,1.));
#1815 = ( GEOMETRIC_REPRESENTATION_CONTEXT(2) 
PARAMETRIC_REPRESENTATION_CONTEXT() REPRESENTATION_CONTEXT('2D SPACE',''
  ) );
#1816 = PCURVE('',#358,#1817);
#1817 = DEFINITIONAL_REPRESENTATION('',(#1818),#1822);
#1818 = LINE('',#1819,#1820);
#1819 = CARTESIAN_POINT('',(10.,0.));
#1820 = VECTOR('',#1821,1.);
#1821 = DIRECTION('',(0.,1.));
#1822 = ( GEOMETRIC_REPRESENTATION_CONTEXT(2) 
PARAMETRIC_REPRESENTATION_CONTEXT() REPRESENTATION_CONTEXT('2D SPACE',''
  ) );
#1823 = ORIENTED_EDGE('',*,*,#1824,.F.);
#1824 = EDGE_CURVE('',#1735,#1801,#1825,.T.);
#1825 = SURFACE_CURVE('',#1826,(#1838,#1845),.PCURVE_S1.);
#1826 = B_SPLINE_CURVE_WITH_KNOTS('',10,(#1827,#1828,#1829,#1830,#1831,
    #1832,#1833,#1834,#1835,#1836,#1837),.UNSPECIFIED.,.F.,.F.,(11,11),(
    9.,10.),.PIECEWISE_BEZIER_KNOTS.);
#1827 = CARTESIAN_POINT('',(-1.4375,-0.75,99.));
#1828 = CARTESIAN_POINT('',(-1.15,-0.75,99.));
#1829 = CARTESIAN_POINT('',(-0.8625,-0.75,99.));
#1830 = CARTESIAN_POINT('',(-0.575,-0.75,99.));
#1831 = CARTESIAN_POINT('',(-0.2875,-0.75,99.));
#1832 = CARTESIAN_POINT('',(-2.13162820728E-14,-0.75,99.));
#1833 = CARTESIAN_POINT('',(0.2875,-0.75,99.));
#1834 = CARTESIAN_POINT('',(0.575,-0.75,99.));
#1835 = CARTESIAN_POINT('',(0.8625,-0.75,99.));
#1836 = CARTESIAN_POINT('',(1.15,-0.75,99.));
#1837 = CARTESIAN_POINT('',(1.4375,-0.75,99.));
#1838 = PCURVE('',#442,#1839);
#1839 = DEFINITIONAL_REPRESENTATION('',(#1840),#1844);
#1840 = LINE('',#1841,#1842);
#1841 = CARTESIAN_POINT('',(0.,1.));
#1842 = VECTOR('',#1843,1.);
#1843 = DIRECTION('',(1.,0.));
#1844 = ( GEOMETRIC_REPRESENTATION_CONTEXT(2) 
PARAMETRIC_REPRESENTATION_CONTEXT() REPRESENTATION_CONTEXT('2D SPACE',''
  ) );
#1845 = PCURVE('',#1260,#1846);
#1846 = DEFINITIONAL_REPRESENTATION('',(#1847),#1859);
#1847 = B_SPLINE_CURVE_WITH_KNOTS('',10,(#1848,#1849,#1850,#1851,#1852,
    #1853,#1854,#1855,#1856,#1857,#1858),.UNSPECIFIED.,.F.,.F.,(11,11),(
    9.,10.),.PIECEWISE_BEZIER_KNOTS.);
#1848 = CARTESIAN_POINT('',(38.1875,0.));
#1849 = CARTESIAN_POINT('',(37.9,0.));
#1850 = CARTESIAN_POINT('',(37.6125,0.));
#1851 = CARTESIAN_POINT('',(37.325,0.));
#1852 = CARTESIAN_POINT('',(37.0375,0.));
#1853 = CARTESIAN_POINT('',(36.75,0.));
#1854 = CARTESIAN_POINT('',(36.4625,0.));
#1855 = CARTESIAN_POINT('',(36.175,0.));
#1856 = CARTESIAN_POINT('',(35.8875,0.));
#1857 = CARTESIAN_POINT('',(35.6,0.));
#1858 = CARTESIAN_POINT('',(35.3125,0.));
#1859 = ( GEOMETRIC_REPRESENTATION_CONTEXT(2) 
PARAMETRIC_REPRESENTATION_CONTEXT() REPRESENTATION_CONTEXT('2D SPACE',''
  ) );
#1860 = ORIENTED_EDGE('',*,*,#1734,.F.);
#1861 = ADVANCED_FACE('',(#1862),#358,.T.);
#1862 = FACE_BOUND('',#1863,.T.);
#1863 = EDGE_LOOP('',(#1864,#1865,#1866,#1903));
#1864 = ORIENTED_EDGE('',*,*,#326,.T.);
#1865 = ORIENTED_EDGE('',*,*,#1316,.T.);
#1866 = ORIENTED_EDGE('',*,*,#1867,.F.);
#1867 = EDGE_CURVE('',#1801,#1278,#1868,.T.);
#1868 = SURFACE_CURVE('',#1869,(#1881,#1888),.PCURVE_S1.);
#1869 = B_SPLINE_CURVE_WITH_KNOTS('',10,(#1870,#1871,#1872,#1873,#1874,
    #1875,#1876,#1877,#1878,#1879,#1880),.UNSPECIFIED.,.F.,.F.,(11,11),(
    10.,11.),.PIECEWISE_BEZIER_KNOTS.);
#1870 = CARTESIAN_POINT('',(1.4375,-0.75,99.));
#1871 = CARTESIAN_POINT('',(2.825892857143,-0.75,99.));
#1872 = CARTESIAN_POINT('',(4.214285714286,-0.75,99.));
#1873 = CARTESIAN_POINT('',(5.602678571428,-0.75,99.));
#1874 = CARTESIAN_POINT('',(6.991071428571,-0.75,99.));
#1875 = CARTESIAN_POINT('',(8.379464285714,-0.75,99.));
#1876 = CARTESIAN_POINT('',(9.767857142857,-0.75,99.));
#1877 = CARTESIAN_POINT('',(11.15625,-0.75,99.));
#1878 = CARTESIAN_POINT('',(12.544642857142,-0.75,99.));
#1879 = CARTESIAN_POINT('',(13.933035714285,-0.75,99.));
#1880 = CARTESIAN_POINT('',(15.321428571428,-0.75,99.));
#1881 = PCURVE('',#358,#1882);
#1882 = DEFINITIONAL_REPRESENTATION('',(#1883),#1887);
#1883 = LINE('',#1884,#1885);
#1884 = CARTESIAN_POINT('',(0.,1.));
#1885 = VECTOR('',#1886,1.);
#1886 = DIRECTION('',(1.,0.));
#1887 = ( GEOMETRIC_REPRESENTATION_CONTEXT(2) 
PARAMETRIC_REPRESENTATION_CONTEXT() REPRESENTATION_CONTEXT('2D SPACE',''
  ) );
#1888 = PCURVE('',#1260,#1889);
#1889 = DEFINITIONAL_REPRESENTATION('',(#1890),#1902);
#1890 = B_SPLINE_CURVE_WITH_KNOTS('',10,(#1891,#1892,#1893,#1894,#1895,
    #1896,#1897,#1898,#1899,#1900,#1901),.UNSPECIFIED.,.F.,.F.,(11,11),(
    10.,11.),.PIECEWISE_BEZIER_KNOTS.);
#1891 = CARTESIAN_POINT('',(35.3125,0.));
#1892 = CARTESIAN_POINT('',(33.924107142857,0.));
#1893 = CARTESIAN_POINT('',(32.535714285714,0.));
#1894 = CARTESIAN_POINT('',(31.147321428572,0.));
#1895 = CARTESIAN_POINT('',(29.758928571429,0.));
#1896 = CARTESIAN_POINT('',(28.370535714286,0.));
#1897 = CARTESIAN_POINT('',(26.982142857143,0.));
#1898 = CARTESIAN_POINT('',(25.59375,0.));
#1899 = CARTESIAN_POINT('',(24.205357142858,0.));
#1900 = CARTESIAN_POINT('',(22.816964285715,0.));
#1901 = CARTESIAN_POINT('',(21.428571428572,0.));
#1902 = ( GEOMETRIC_REPRESENTATION_CONTEXT(2) 
PARAMETRIC_REPRESENTATION_CONTEXT() REPRESENTATION_CONTEXT('2D SPACE',''
  ) );
#1903 = ORIENTED_EDGE('',*,*,#1800,.F.);
#1904 = ADVANCED_FACE('',(#1905),#1169,.T.);
#1905 = FACE_BOUND('',#1906,.T.);
#1906 = EDGE_LOOP('',(#1907,#1908,#1931,#1957,#1958,#1959,#1960,#1961));
#1907 = ORIENTED_EDGE('',*,*,#1564,.T.);
#1908 = ORIENTED_EDGE('',*,*,#1909,.T.);
#1909 = EDGE_CURVE('',#1541,#1910,#1912,.T.);
#1910 = VERTEX_POINT('',#1911);
#1911 = CARTESIAN_POINT('',(-36.75,0.75,107.5));
#1912 = SURFACE_CURVE('',#1913,(#1917,#1924),.PCURVE_S1.);
#1913 = LINE('',#1914,#1915);
#1914 = CARTESIAN_POINT('',(-36.75,0.75,99.));
#1915 = VECTOR('',#1916,1.);
#1916 = DIRECTION('',(0.,0.,1.));
#1917 = PCURVE('',#1169,#1918);
#1918 = DEFINITIONAL_REPRESENTATION('',(#1919),#1923);
#1919 = LINE('',#1920,#1921);
#1920 = CARTESIAN_POINT('',(0.,0.));
#1921 = VECTOR('',#1922,1.);
#1922 = DIRECTION('',(0.,-1.));
#1923 = ( GEOMETRIC_REPRESENTATION_CONTEXT(2) 
PARAMETRIC_REPRESENTATION_CONTEXT() REPRESENTATION_CONTEXT('2D SPACE',''
  ) );
#1924 = PCURVE('',#1652,#1925);
#1925 = DEFINITIONAL_REPRESENTATION('',(#1926),#1930);
#1926 = LINE('',#1927,#1928);
#1927 = CARTESIAN_POINT('',(3.14159265359,0.));
#1928 = VECTOR('',#1929,1.);
#1929 = DIRECTION('',(0.,-1.));
#1930 = ( GEOMETRIC_REPRESENTATION_CONTEXT(2) 
PARAMETRIC_REPRESENTATION_CONTEXT() REPRESENTATION_CONTEXT('2D SPACE',''
  ) );
#1931 = ORIENTED_EDGE('',*,*,#1932,.T.);
#1932 = EDGE_CURVE('',#1910,#1195,#1933,.T.);
#1933 = SURFACE_CURVE('',#1934,(#1938,#1945),.PCURVE_S1.);
#1934 = LINE('',#1935,#1936);
#1935 = CARTESIAN_POINT('',(-36.75,0.75,107.5));
#1936 = VECTOR('',#1937,1.);
#1937 = DIRECTION('',(1.,0.,0.));
#1938 = PCURVE('',#1169,#1939);
#1939 = DEFINITIONAL_REPRESENTATION('',(#1940),#1944);
#1940 = LINE('',#1941,#1942);
#1941 = CARTESIAN_POINT('',(0.,-8.5));
#1942 = VECTOR('',#1943,1.);
#1943 = DIRECTION('',(1.,0.));
#1944 = ( GEOMETRIC_REPRESENTATION_CONTEXT(2) 
PARAMETRIC_REPRESENTATION_CONTEXT() REPRESENTATION_CONTEXT('2D SPACE',''
  ) );
#1945 = PCURVE('',#1946,#1951);
#1946 = PLANE('',#1947);
#1947 = AXIS2_PLACEMENT_3D('',#1948,#1949,#1950);
#1948 = CARTESIAN_POINT('',(-36.75,2.25,109.));
#1949 = DIRECTION('',(0.,-0.707106781187,0.707106781187));
#1950 = DIRECTION('',(1.,0.,0.));
#1951 = DEFINITIONAL_REPRESENTATION('',(#1952),#1956);
#1952 = LINE('',#1953,#1954);
#1953 = CARTESIAN_POINT('',(0.,-2.12132034356));
#1954 = VECTOR('',#1955,1.);
#1955 = DIRECTION('',(1.,0.));
#1956 = ( GEOMETRIC_REPRESENTATION_CONTEXT(2) 
PARAMETRIC_REPRESENTATION_CONTEXT() REPRESENTATION_CONTEXT('2D SPACE',''
  ) );
#1957 = ORIENTED_EDGE('',*,*,#1194,.F.);
#1958 = ORIENTED_EDGE('',*,*,#1147,.T.);
#1959 = ORIENTED_EDGE('',*,*,#1366,.T.);
#1960 = ORIENTED_EDGE('',*,*,#1432,.T.);
#1961 = ORIENTED_EDGE('',*,*,#1498,.T.);
#1962 = ADVANCED_FACE('',(#1963),#1260,.T.);
#1963 = FACE_BOUND('',#1964,.T.);
#1964 = EDGE_LOOP('',(#1965,#1966,#1967,#1995,#2016,#2017,#2018,#2019));
#1965 = ORIENTED_EDGE('',*,*,#1277,.T.);
#1966 = ORIENTED_EDGE('',*,*,#1246,.T.);
#1967 = ORIENTED_EDGE('',*,*,#1968,.T.);
#1968 = EDGE_CURVE('',#1218,#1969,#1971,.T.);
#1969 = VERTEX_POINT('',#1970);
#1970 = CARTESIAN_POINT('',(-36.75,-0.75,107.5));
#1971 = SURFACE_CURVE('',#1972,(#1976,#1983),.PCURVE_S1.);
#1972 = LINE('',#1973,#1974);
#1973 = CARTESIAN_POINT('',(36.75,-0.75,107.5));
#1974 = VECTOR('',#1975,1.);
#1975 = DIRECTION('',(-1.,0.,0.));
#1976 = PCURVE('',#1260,#1977);
#1977 = DEFINITIONAL_REPRESENTATION('',(#1978),#1982);
#1978 = LINE('',#1979,#1980);
#1979 = CARTESIAN_POINT('',(0.,-8.5));
#1980 = VECTOR('',#1981,1.);
#1981 = DIRECTION('',(1.,0.));
#1982 = ( GEOMETRIC_REPRESENTATION_CONTEXT(2) 
PARAMETRIC_REPRESENTATION_CONTEXT() REPRESENTATION_CONTEXT('2D SPACE',''
  ) );
#1983 = PCURVE('',#1984,#1989);
#1984 = PLANE('',#1985);
#1985 = AXIS2_PLACEMENT_3D('',#1986,#1987,#1988);
#1986 = CARTESIAN_POINT('',(36.75,-2.25,109.));
#1987 = DIRECTION('',(0.,0.707106781187,0.707106781187));
#1988 = DIRECTION('',(-1.,0.,0.));
#1989 = DEFINITIONAL_REPRESENTATION('',(#1990),#1994);
#1990 = LINE('',#1991,#1992);
#1991 = CARTESIAN_POINT('',(0.,-2.12132034356));
#1992 = VECTOR('',#1993,1.);
#1993 = DIRECTION('',(1.,0.));
#1994 = ( GEOMETRIC_REPRESENTATION_CONTEXT(2) 
PARAMETRIC_REPRESENTATION_CONTEXT() REPRESENTATION_CONTEXT('2D SPACE',''
  ) );
#1995 = ORIENTED_EDGE('',*,*,#1996,.F.);
#1996 = EDGE_CURVE('',#1607,#1969,#1997,.T.);
#1997 = SURFACE_CURVE('',#1998,(#2002,#2009),.PCURVE_S1.);
#1998 = LINE('',#1999,#2000);
#1999 = CARTESIAN_POINT('',(-36.75,-0.75,99.));
#2000 = VECTOR('',#2001,1.);
#2001 = DIRECTION('',(0.,0.,1.));
#2002 = PCURVE('',#1260,#2003);
#2003 = DEFINITIONAL_REPRESENTATION('',(#2004),#2008);
#2004 = LINE('',#2005,#2006);
#2005 = CARTESIAN_POINT('',(73.5,0.));
#2006 = VECTOR('',#2007,1.);
#2007 = DIRECTION('',(0.,-1.));
#2008 = ( GEOMETRIC_REPRESENTATION_CONTEXT(2) 
PARAMETRIC_REPRESENTATION_CONTEXT() REPRESENTATION_CONTEXT('2D SPACE',''
  ) );
#2009 = PCURVE('',#1652,#2010);
#2010 = DEFINITIONAL_REPRESENTATION('',(#2011),#2015);
#2011 = LINE('',#2012,#2013);
#2012 = CARTESIAN_POINT('',(0.,0.));
#2013 = VECTOR('',#2014,1.);
#2014 = DIRECTION('',(0.,-1.));
#2015 = ( GEOMETRIC_REPRESENTATION_CONTEXT(2) 
PARAMETRIC_REPRESENTATION_CONTEXT() REPRESENTATION_CONTEXT('2D SPACE',''
  ) );
#2016 = ORIENTED_EDGE('',*,*,#1692,.T.);
#2017 = ORIENTED_EDGE('',*,*,#1758,.T.);
#2018 = ORIENTED_EDGE('',*,*,#1824,.T.);
#2019 = ORIENTED_EDGE('',*,*,#1867,.T.);
#2020 = ADVANCED_FACE('',(#2021),#1234,.T.);
#2021 = FACE_BOUND('',#2022,.F.);
#2022 = EDGE_LOOP('',(#2023,#2024,#2044,#2073));
#2023 = ORIENTED_EDGE('',*,*,#1217,.T.);
#2024 = ORIENTED_EDGE('',*,*,#2025,.T.);
#2025 = EDGE_CURVE('',#1218,#2026,#2028,.T.);
#2026 = VERTEX_POINT('',#2027);
#2027 = CARTESIAN_POINT('',(36.75,-2.25,109.));
#2028 = SURFACE_CURVE('',#2029,(#2032,#2038),.PCURVE_S1.);
#2029 = B_SPLINE_CURVE_WITH_KNOTS('',1,(#2030,#2031),.UNSPECIFIED.,.F.,
  .F.,(2,2),(0.,1.),.PIECEWISE_BEZIER_KNOTS.);
#2030 = CARTESIAN_POINT('',(36.75,-0.75,107.5));
#2031 = CARTESIAN_POINT('',(36.75,-2.25,109.));
#2032 = PCURVE('',#1234,#2033);
#2033 = DEFINITIONAL_REPRESENTATION('',(#2034),#2037);
#2034 = B_SPLINE_CURVE_WITH_KNOTS('',1,(#2035,#2036),.UNSPECIFIED.,.F.,
  .F.,(2,2),(0.,1.),.PIECEWISE_BEZIER_KNOTS.);
#2035 = CARTESIAN_POINT('',(-3.14159265359,0.));
#2036 = CARTESIAN_POINT('',(-3.14159265359,1.5));
#2037 = ( GEOMETRIC_REPRESENTATION_CONTEXT(2) 
PARAMETRIC_REPRESENTATION_CONTEXT() REPRESENTATION_CONTEXT('2D SPACE',''
  ) );
#2038 = PCURVE('',#1984,#2039);
#2039 = DEFINITIONAL_REPRESENTATION('',(#2040),#2043);
#2040 = B_SPLINE_CURVE_WITH_KNOTS('',1,(#2041,#2042),.UNSPECIFIED.,.F.,
  .F.,(2,2),(0.,1.),.PIECEWISE_BEZIER_KNOTS.);
#2041 = CARTESIAN_POINT('',(0.,-2.12132034356));
#2042 = CARTESIAN_POINT('',(0.,0.));
#2043 = ( GEOMETRIC_REPRESENTATION_CONTEXT(2) 
PARAMETRIC_REPRESENTATION_CONTEXT() REPRESENTATION_CONTEXT('2D SPACE',''
  ) );
#2044 = ORIENTED_EDGE('',*,*,#2045,.F.);
#2045 = EDGE_CURVE('',#2046,#2026,#2048,.T.);
#2046 = VERTEX_POINT('',#2047);
#2047 = CARTESIAN_POINT('',(36.75,2.25,109.));
#2048 = SURFACE_CURVE('',#2049,(#2054,#2061),.PCURVE_S1.);
#2049 = CIRCLE('',#2050,2.25);
#2050 = AXIS2_PLACEMENT_3D('',#2051,#2052,#2053);
#2051 = CARTESIAN_POINT('',(36.75,0.,109.));
#2052 = DIRECTION('',(0.,0.,-1.));
#2053 = DIRECTION('',(0.,1.,0.));
#2054 = PCURVE('',#1234,#2055);
#2055 = DEFINITIONAL_REPRESENTATION('',(#2056),#2060);
#2056 = LINE('',#2057,#2058);
#2057 = CARTESIAN_POINT('',(-0.,1.5));
#2058 = VECTOR('',#2059,1.);
#2059 = DIRECTION('',(-1.,0.));
#2060 = ( GEOMETRIC_REPRESENTATION_CONTEXT(2) 
PARAMETRIC_REPRESENTATION_CONTEXT() REPRESENTATION_CONTEXT('2D SPACE',''
  ) );
#2061 = PCURVE('',#2062,#2067);
#2062 = PLANE('',#2063);
#2063 = AXIS2_PLACEMENT_3D('',#2064,#2065,#2066);
#2064 = CARTESIAN_POINT('',(36.75,0.,109.));
#2065 = DIRECTION('',(0.,0.,-1.));
#2066 = DIRECTION('',(0.,1.,0.));
#2067 = DEFINITIONAL_REPRESENTATION('',(#2068),#2072);
#2068 = CIRCLE('',#2069,2.25);
#2069 = AXIS2_PLACEMENT_2D('',#2070,#2071);
#2070 = CARTESIAN_POINT('',(0.,0.));
#2071 = DIRECTION('',(1.,0.));
#2072 = ( GEOMETRIC_REPRESENTATION_CONTEXT(2) 
PARAMETRIC_REPRESENTATION_CONTEXT() REPRESENTATION_CONTEXT('2D SPACE',''
  ) );
#2073 = ORIENTED_EDGE('',*,*,#2074,.F.);
#2074 = EDGE_CURVE('',#1195,#2046,#2075,.T.);
#2075 = SURFACE_CURVE('',#2076,(#2079,#2085),.PCURVE_S1.);
#2076 = B_SPLINE_CURVE_WITH_KNOTS('',1,(#2077,#2078),.UNSPECIFIED.,.F.,
  .F.,(2,2),(0.,1.),.PIECEWISE_BEZIER_KNOTS.);
#2077 = CARTESIAN_POINT('',(36.75,0.75,107.5));
#2078 = CARTESIAN_POINT('',(36.75,2.25,109.));
#2079 = PCURVE('',#1234,#2080);
#2080 = DEFINITIONAL_REPRESENTATION('',(#2081),#2084);
#2081 = B_SPLINE_CURVE_WITH_KNOTS('',1,(#2082,#2083),.UNSPECIFIED.,.F.,
  .F.,(2,2),(0.,1.),.PIECEWISE_BEZIER_KNOTS.);
#2082 = CARTESIAN_POINT('',(0.,0.));
#2083 = CARTESIAN_POINT('',(0.,1.5));
#2084 = ( GEOMETRIC_REPRESENTATION_CONTEXT(2) 
PARAMETRIC_REPRESENTATION_CONTEXT() REPRESENTATION_CONTEXT('2D SPACE',''
  ) );
#2085 = PCURVE('',#1946,#2086);
#2086 = DEFINITIONAL_REPRESENTATION('',(#2087),#2090);
#2087 = B_SPLINE_CURVE_WITH_KNOTS('',1,(#2088,#2089),.UNSPECIFIED.,.F.,
  .F.,(2,2),(0.,1.),.PIECEWISE_BEZIER_KNOTS.);
#2088 = CARTESIAN_POINT('',(73.5,-2.12132034356));
#2089 = CARTESIAN_POINT('',(73.5,0.));
#2090 = ( GEOMETRIC_REPRESENTATION_CONTEXT(2) 
PARAMETRIC_REPRESENTATION_CONTEXT() REPRESENTATION_CONTEXT('2D SPACE',''
  ) );
#2091 = ADVANCED_FACE('',(#2092),#1652,.T.);
#2092 = FACE_BOUND('',#2093,.T.);
#2093 = EDGE_LOOP('',(#2094,#2095,#2096,#2123));
#2094 = ORIENTED_EDGE('',*,*,#1630,.T.);
#2095 = ORIENTED_EDGE('',*,*,#1996,.T.);
#2096 = ORIENTED_EDGE('',*,*,#2097,.T.);
#2097 = EDGE_CURVE('',#1969,#1910,#2098,.T.);
#2098 = SURFACE_CURVE('',#2099,(#2104,#2111),.PCURVE_S1.);
#2099 = CIRCLE('',#2100,0.75);
#2100 = AXIS2_PLACEMENT_3D('',#2101,#2102,#2103);
#2101 = CARTESIAN_POINT('',(-36.75,0.,107.5));
#2102 = DIRECTION('',(0.,-0.,-1.));
#2103 = DIRECTION('',(0.,-1.,0.));
#2104 = PCURVE('',#1652,#2105);
#2105 = DEFINITIONAL_REPRESENTATION('',(#2106),#2110);
#2106 = LINE('',#2107,#2108);
#2107 = CARTESIAN_POINT('',(0.,-8.5));
#2108 = VECTOR('',#2109,1.);
#2109 = DIRECTION('',(1.,0.));
#2110 = ( GEOMETRIC_REPRESENTATION_CONTEXT(2) 
PARAMETRIC_REPRESENTATION_CONTEXT() REPRESENTATION_CONTEXT('2D SPACE',''
  ) );
#2111 = PCURVE('',#2112,#2117);
#2112 = CONICAL_SURFACE('',#2113,0.75,0.785398163397);
#2113 = AXIS2_PLACEMENT_3D('',#2114,#2115,#2116);
#2114 = CARTESIAN_POINT('',(-36.75,0.,107.5));
#2115 = DIRECTION('',(-0.,0.,1.));
#2116 = DIRECTION('',(0.,-1.,0.));
#2117 = DEFINITIONAL_REPRESENTATION('',(#2118),#2122);
#2118 = LINE('',#2119,#2120);
#2119 = CARTESIAN_POINT('',(-0.,0.));
#2120 = VECTOR('',#2121,1.);
#2121 = DIRECTION('',(-1.,0.));
#2122 = ( GEOMETRIC_REPRESENTATION_CONTEXT(2) 
PARAMETRIC_REPRESENTATION_CONTEXT() REPRESENTATION_CONTEXT('2D SPACE',''
  ) );
#2123 = ORIENTED_EDGE('',*,*,#1909,.F.);
#2124 = ADVANCED_FACE('',(#2125),#1946,.F.);
#2125 = FACE_BOUND('',#2126,.F.);
#2126 = EDGE_LOOP('',(#2127,#2128,#2129,#2152));
#2127 = ORIENTED_EDGE('',*,*,#1932,.T.);
#2128 = ORIENTED_EDGE('',*,*,#2074,.T.);
#2129 = ORIENTED_EDGE('',*,*,#2130,.F.);
#2130 = EDGE_CURVE('',#2131,#2046,#2133,.T.);
#2131 = VERTEX_POINT('',#2132);
#2132 = CARTESIAN_POINT('',(-36.75,2.25,109.));
#2133 = SURFACE_CURVE('',#2134,(#2138,#2145),.PCURVE_S1.);
#2134 = LINE('',#2135,#2136);
#2135 = CARTESIAN_POINT('',(-36.75,2.25,109.));
#2136 = VECTOR('',#2137,1.);
#2137 = DIRECTION('',(1.,0.,0.));
#2138 = PCURVE('',#1946,#2139);
#2139 = DEFINITIONAL_REPRESENTATION('',(#2140),#2144);
#2140 = LINE('',#2141,#2142);
#2141 = CARTESIAN_POINT('',(0.,0.));
#2142 = VECTOR('',#2143,1.);
#2143 = DIRECTION('',(1.,0.));
#2144 = ( GEOMETRIC_REPRESENTATION_CONTEXT(2) 
PARAMETRIC_REPRESENTATION_CONTEXT() REPRESENTATION_CONTEXT('2D SPACE',''
  ) );
#2145 = PCURVE('',#2062,#2146);
#2146 = DEFINITIONAL_REPRESENTATION('',(#2147),#2151);
#2147 = LINE('',#2148,#2149);
#2148 = CARTESIAN_POINT('',(2.25,-73.5));
#2149 = VECTOR('',#2150,1.);
#2150 = DIRECTION('',(0.,1.));
#2151 = ( GEOMETRIC_REPRESENTATION_CONTEXT(2) 
PARAMETRIC_REPRESENTATION_CONTEXT() REPRESENTATION_CONTEXT('2D SPACE',''
  ) );
#2152 = ORIENTED_EDGE('',*,*,#2153,.F.);
#2153 = EDGE_CURVE('',#1910,#2131,#2154,.T.);
#2154 = SURFACE_CURVE('',#2155,(#2158,#2164),.PCURVE_S1.);
#2155 = B_SPLINE_CURVE_WITH_KNOTS('',1,(#2156,#2157),.UNSPECIFIED.,.F.,
  .F.,(2,2),(0.,1.),.PIECEWISE_BEZIER_KNOTS.);
#2156 = CARTESIAN_POINT('',(-36.75,0.75,107.5));
#2157 = CARTESIAN_POINT('',(-36.75,2.25,109.));
#2158 = PCURVE('',#1946,#2159);
#2159 = DEFINITIONAL_REPRESENTATION('',(#2160),#2163);
#2160 = B_SPLINE_CURVE_WITH_KNOTS('',1,(#2161,#2162),.UNSPECIFIED.,.F.,
  .F.,(2,2),(0.,1.),.PIECEWISE_BEZIER_KNOTS.);
#2161 = CARTESIAN_POINT('',(0.,-2.12132034356));
#2162 = CARTESIAN_POINT('',(0.,0.));
#2163 = ( GEOMETRIC_REPRESENTATION_CONTEXT(2) 
PARAMETRIC_REPRESENTATION_CONTEXT() REPRESENTATION_CONTEXT('2D SPACE',''
  ) );
#2164 = PCURVE('',#2112,#2165);
#2165 = DEFINITIONAL_REPRESENTATION('',(#2166),#2169);
#2166 = B_SPLINE_CURVE_WITH_KNOTS('',1,(#2167,#2168),.UNSPECIFIED.,.F.,
  .F.,(2,2),(0.,1.),.PIECEWISE_BEZIER_KNOTS.);
#2167 = CARTESIAN_POINT('',(-3.14159265359,0.));
#2168 = CARTESIAN_POINT('',(-3.14159265359,1.5));
#2169 = ( GEOMETRIC_REPRESENTATION_CONTEXT(2) 
PARAMETRIC_REPRESENTATION_CONTEXT() REPRESENTATION_CONTEXT('2D SPACE',''
  ) );
#2170 = ADVANCED_FACE('',(#2171),#1984,.F.);
#2171 = FACE_BOUND('',#2172,.F.);
#2172 = EDGE_LOOP('',(#2173,#2174,#2194,#2215));
#2173 = ORIENTED_EDGE('',*,*,#1968,.T.);
#2174 = ORIENTED_EDGE('',*,*,#2175,.T.);
#2175 = EDGE_CURVE('',#1969,#2176,#2178,.T.);
#2176 = VERTEX_POINT('',#2177);
#2177 = CARTESIAN_POINT('',(-36.75,-2.25,109.));
#2178 = SURFACE_CURVE('',#2179,(#2182,#2188),.PCURVE_S1.);
#2179 = B_SPLINE_CURVE_WITH_KNOTS('',1,(#2180,#2181),.UNSPECIFIED.,.F.,
  .F.,(2,2),(0.,1.),.PIECEWISE_BEZIER_KNOTS.);
#2180 = CARTESIAN_POINT('',(-36.75,-0.75,107.5));
#2181 = CARTESIAN_POINT('',(-36.75,-2.25,109.));
#2182 = PCURVE('',#1984,#2183);
#2183 = DEFINITIONAL_REPRESENTATION('',(#2184),#2187);
#2184 = B_SPLINE_CURVE_WITH_KNOTS('',1,(#2185,#2186),.UNSPECIFIED.,.F.,
  .F.,(2,2),(0.,1.),.PIECEWISE_BEZIER_KNOTS.);
#2185 = CARTESIAN_POINT('',(73.5,-2.12132034356));
#2186 = CARTESIAN_POINT('',(73.5,0.));
#2187 = ( GEOMETRIC_REPRESENTATION_CONTEXT(2) 
PARAMETRIC_REPRESENTATION_CONTEXT() REPRESENTATION_CONTEXT('2D SPACE',''
  ) );
#2188 = PCURVE('',#2112,#2189);
#2189 = DEFINITIONAL_REPRESENTATION('',(#2190),#2193);
#2190 = B_SPLINE_CURVE_WITH_KNOTS('',1,(#2191,#2192),.UNSPECIFIED.,.F.,
  .F.,(2,2),(0.,1.),.PIECEWISE_BEZIER_KNOTS.);
#2191 = CARTESIAN_POINT('',(0.,0.));
#2192 = CARTESIAN_POINT('',(0.,1.5));
#2193 = ( GEOMETRIC_REPRESENTATION_CONTEXT(2) 
PARAMETRIC_REPRESENTATION_CONTEXT() REPRESENTATION_CONTEXT('2D SPACE',''
  ) );
#2194 = ORIENTED_EDGE('',*,*,#2195,.F.);
#2195 = EDGE_CURVE('',#2026,#2176,#2196,.T.);
#2196 = SURFACE_CURVE('',#2197,(#2201,#2208),.PCURVE_S1.);
#2197 = LINE('',#2198,#2199);
#2198 = CARTESIAN_POINT('',(36.75,-2.25,109.));
#2199 = VECTOR('',#2200,1.);
#2200 = DIRECTION('',(-1.,0.,0.));
#2201 = PCURVE('',#1984,#2202);
#2202 = DEFINITIONAL_REPRESENTATION('',(#2203),#2207);
#2203 = LINE('',#2204,#2205);
#2204 = CARTESIAN_POINT('',(0.,0.));
#2205 = VECTOR('',#2206,1.);
#2206 = DIRECTION('',(1.,0.));
#2207 = ( GEOMETRIC_REPRESENTATION_CONTEXT(2) 
PARAMETRIC_REPRESENTATION_CONTEXT() REPRESENTATION_CONTEXT('2D SPACE',''
  ) );
#2208 = PCURVE('',#2062,#2209);
#2209 = DEFINITIONAL_REPRESENTATION('',(#2210),#2214);
#2210 = LINE('',#2211,#2212);
#2211 = CARTESIAN_POINT('',(-2.25,0.));
#2212 = VECTOR('',#2213,1.);
#2213 = DIRECTION('',(0.,-1.));
#2214 = ( GEOMETRIC_REPRESENTATION_CONTEXT(2) 
PARAMETRIC_REPRESENTATION_CONTEXT() REPRESENTATION_CONTEXT('2D SPACE',''
  ) );
#2215 = ORIENTED_EDGE('',*,*,#2025,.F.);
#2216 = ADVANCED_FACE('',(#2217),#2062,.F.);
#2217 = FACE_BOUND('',#2218,.F.);
#2218 = EDGE_LOOP('',(#2219,#2220,#2221,#2222));
#2219 = ORIENTED_EDGE('',*,*,#2130,.T.);
#2220 = ORIENTED_EDGE('',*,*,#2045,.T.);
#2221 = ORIENTED_EDGE('',*,*,#2195,.T.);
#2222 = ORIENTED_EDGE('',*,*,#2223,.T.);
#2223 = EDGE_CURVE('',#2176,#2131,#2224,.T.);
#2224 = SURFACE_CURVE('',#2225,(#2230,#2237),.PCURVE_S1.);
#2225 = CIRCLE('',#2226,2.25);
#2226 = AXIS2_PLACEMENT_3D('',#2227,#2228,#2229);
#2227 = CARTESIAN_POINT('',(-36.75,0.,109.));
#2228 = DIRECTION('',(0.,-0.,-1.));
#2229 = DIRECTION('',(0.,-1.,0.));
#2230 = PCURVE('',#2062,#2231);
#2231 = DEFINITIONAL_REPRESENTATION('',(#2232),#2236);
#2232 = CIRCLE('',#2233,2.25);
#2233 = AXIS2_PLACEMENT_2D('',#2234,#2235);
#2234 = CARTESIAN_POINT('',(0.,-73.5));
#2235 = DIRECTION('',(-1.,0.));
#2236 = ( GEOMETRIC_REPRESENTATION_CONTEXT(2) 
PARAMETRIC_REPRESENTATION_CONTEXT() REPRESENTATION_CONTEXT('2D SPACE',''
  ) );
#2237 = PCURVE('',#2112,#2238);
#2238 = DEFINITIONAL_REPRESENTATION('',(#2239),#2243);
#2239 = LINE('',#2240,#2241);
#2240 = CARTESIAN_POINT('',(-0.,1.5));
#2241 = VECTOR('',#2242,1.);
#2242 = DIRECTION('',(-1.,0.));
#2243 = ( GEOMETRIC_REPRESENTATION_CONTEXT(2) 
PARAMETRIC_REPRESENTATION_CONTEXT() REPRESENTATION_CONTEXT('2D SPACE',''
  ) );
#2244 = ADVANCED_FACE('',(#2245),#2112,.T.);
#2245 = FACE_BOUND('',#2246,.F.);
#2246 = EDGE_LOOP('',(#2247,#2248,#2249,#2250));
#2247 = ORIENTED_EDGE('',*,*,#2097,.T.);
#2248 = ORIENTED_EDGE('',*,*,#2153,.T.);
#2249 = ORIENTED_EDGE('',*,*,#2223,.F.);
#2250 = ORIENTED_EDGE('',*,*,#2175,.F.);
#2251 = ( GEOMETRIC_REPRESENTATION_CONTEXT(3) 
GLOBAL_UNCERTAINTY_ASSIGNED_CONTEXT((#2255)) 
GLOBAL_UNIT_ASSIGNED_CONTEXT((#2252,#2253,#2254)) REPRESENTATION_CONTEXT
('Context #1','3D Context with UNIT and UNCERTAINTY') );
#2252 = ( LENGTH_UNIT() NAMED_UNIT(*) SI_UNIT(.MILLI.,.METRE.) );
#2253 = ( NAMED_UNIT(*) PLANE_ANGLE_UNIT() SI_UNIT($,.RADIAN.) );
#2254 = ( NAMED_UNIT(*) SI_UNIT($,.STERADIAN.) SOLID_ANGLE_UNIT() );
#2255 = UNCERTAINTY_MEASURE_WITH_UNIT(LENGTH_MEASURE(1.E-07),#2252,
  'distance_accuracy_value','confusion accuracy');
#2256 = PRODUCT_RELATED_PRODUCT_CATEGORY('part',$,(#7));
ENDSEC;
END-ISO-10303-21;
