ISO-10303-21;
HEADER;
FILE_DESCRIPTION(('Open CASCADE Model'),'2;1');
FILE_NAME('Open CASCADE Shape Model','2026-09-11T16:14:23',('Author'),(
    'Open CASCADE'),'Open CASCADE STEP processor 7.9','Open CASCADE 7.9'
  ,'Unknown');
FILE_SCHEMA(('AUTOMOTIVE_DESIGN { 1 0 10303 214 1 1 1 1 }'));
ENDSEC;
DATA;
#1 = APPLICATION_PROTOCOL_DEFINITION('international standard',
  'automotive_design',2000,#2);
#2 = APPLICATION_CONTEXT(
  'core data for automotive mechanical design processes');
#3 = SHAPE_DEFINITION_REPRESENTATION(#4,#10);
#4 = PRODUCT_DEFINITION_SHAPE('','',#5);
#5 = PRODUCT_DEFINITION('design','',#6,#9);
#6 = PRODUCT_DEFINITION_FORMATION('','',#7);
#7 = PRODUCT('MatrizJonatha_Com_Fluxo','MatrizJonatha_Com_Fluxo','',(#8)
  );
#8 = PRODUCT_CONTEXT('',#2,'mechanical');
#9 = PRODUCT_DEFINITION_CONTEXT('part definition',#2,'design');
#10 = SHAPE_REPRESENTATION('',(#11,#15,#19,#23),#27);
#11 = AXIS2_PLACEMENT_3D('',#12,#13,#14);
#12 = CARTESIAN_POINT('',(0.,0.,0.));
#13 = DIRECTION('',(0.,0.,1.));
#14 = DIRECTION('',(1.,0.,-0.));
#15 = AXIS2_PLACEMENT_3D('',#16,#17,#18);
#16 = CARTESIAN_POINT('',(0.,0.,0.));
#17 = DIRECTION('',(0.,0.,1.));
#18 = DIRECTION('',(1.,0.,-0.));
#19 = AXIS2_PLACEMENT_3D('',#20,#21,#22);
#20 = CARTESIAN_POINT('',(0.,0.,0.));
#21 = DIRECTION('',(0.,0.,1.));
#22 = DIRECTION('',(1.,0.,-0.));
#23 = AXIS2_PLACEMENT_3D('',#24,#25,#26);
#24 = CARTESIAN_POINT('',(0.,0.,0.));
#25 = DIRECTION('',(0.,0.,1.));
#26 = DIRECTION('',(1.,0.,-0.));
#27 = ( GEOMETRIC_REPRESENTATION_CONTEXT(3) 
GLOBAL_UNCERTAINTY_ASSIGNED_CONTEXT((#31)) GLOBAL_UNIT_ASSIGNED_CONTEXT(
(#28,#29,#30)) REPRESENTATION_CONTEXT('Context #1',
  '3D Context with UNIT and UNCERTAINTY') );
#28 = ( LENGTH_UNIT() NAMED_UNIT(*) SI_UNIT(.MILLI.,.METRE.) );
#29 = ( NAMED_UNIT(*) PLANE_ANGLE_UNIT() SI_UNIT($,.RADIAN.) );
#30 = ( NAMED_UNIT(*) SI_UNIT($,.STERADIAN.) SOLID_ANGLE_UNIT() );
#31 = UNCERTAINTY_MEASURE_WITH_UNIT(LENGTH_MEASURE(1.E-07),#28,
  'distance_accuracy_value','confusion accuracy');
#32 = PRODUCT_RELATED_PRODUCT_CATEGORY('part',$,(#7));
#33 = SHAPE_DEFINITION_REPRESENTATION(#34,#40);
#34 = PRODUCT_DEFINITION_SHAPE('','',#35);
#35 = PRODUCT_DEFINITION('design','',#36,#39);
#36 = PRODUCT_DEFINITION_FORMATION('','',#37);
#37 = PRODUCT('Camada_01_Body_A','Camada_01_Body_A','',(#38));
#38 = PRODUCT_CONTEXT('',#2,'mechanical');
#39 = PRODUCT_DEFINITION_CONTEXT('part definition',#2,'design');
#40 = ADVANCED_BREP_SHAPE_REPRESENTATION('',(#11,#41),#1710);
#41 = BREP_WITH_VOIDS('',#42,(#1514,#1612));
#42 = CLOSED_SHELL('',(#43,#167,#399,#640,#694,#1006,#1031,#1080,#1133,
    #1160,#1188,#1216,#1244,#1332,#1379,#1406,#1456,#1480,#1507));
#43 = ADVANCED_FACE('',(#44),#58,.T.);
#44 = FACE_BOUND('',#45,.T.);
#45 = EDGE_LOOP('',(#46,#80,#113,#140));
#46 = ORIENTED_EDGE('',*,*,#47,.F.);
#47 = EDGE_CURVE('',#48,#50,#52,.T.);
#48 = VERTEX_POINT('',#49);
#49 = CARTESIAN_POINT('',(46.499999888739,3.216713912751E-03,69.9));
#50 = VERTEX_POINT('',#51);
#51 = CARTESIAN_POINT('',(46.499999888739,3.216713912751E-03,0.));
#52 = SURFACE_CURVE('',#53,(#57,#68),.PCURVE_S1.);
#53 = LINE('',#54,#55);
#54 = CARTESIAN_POINT('',(46.499999888739,3.216713912751E-03,0.));
#55 = VECTOR('',#56,1.);
#56 = DIRECTION('',(-0.,-0.,-1.));
#57 = PCURVE('',#58,#63);
#58 = CYLINDRICAL_SURFACE('',#59,46.5);
#59 = AXIS2_PLACEMENT_3D('',#60,#61,#62);
#60 = CARTESIAN_POINT('',(0.,0.,0.));
#61 = DIRECTION('',(-0.,-0.,-1.));
#62 = DIRECTION('',(1.,0.,0.));
#63 = DEFINITIONAL_REPRESENTATION('',(#64),#67);
#64 = B_SPLINE_CURVE_WITH_KNOTS('',1,(#65,#66),.UNSPECIFIED.,.F.,.F.,(2,
    2),(-69.9,-0.),.PIECEWISE_BEZIER_KNOTS.);
#65 = CARTESIAN_POINT('',(-6.917664341355E-05,-69.9));
#66 = CARTESIAN_POINT('',(-6.917664341355E-05,0.));
#67 = ( GEOMETRIC_REPRESENTATION_CONTEXT(2) 
PARAMETRIC_REPRESENTATION_CONTEXT() REPRESENTATION_CONTEXT('2D SPACE',''
  ) );
#68 = PCURVE('',#69,#74);
#69 = PLANE('',#70);
#70 = AXIS2_PLACEMENT_3D('',#71,#72,#73);
#71 = CARTESIAN_POINT('',(1.724152738263E-02,3.216713912751E-03,
    59.554144798701));
#72 = DIRECTION('',(-0.,-1.,-0.));
#73 = DIRECTION('',(0.,0.,-1.));
#74 = DEFINITIONAL_REPRESENTATION('',(#75),#79);
#75 = LINE('',#76,#77);
#76 = CARTESIAN_POINT('',(59.554144798701,46.482758361356));
#77 = VECTOR('',#78,1.);
#78 = DIRECTION('',(1.,0.));
#79 = ( GEOMETRIC_REPRESENTATION_CONTEXT(2) 
PARAMETRIC_REPRESENTATION_CONTEXT() REPRESENTATION_CONTEXT('2D SPACE',''
  ) );
#80 = ORIENTED_EDGE('',*,*,#81,.T.);
#81 = EDGE_CURVE('',#48,#82,#84,.T.);
#82 = VERTEX_POINT('',#83);
#83 = CARTESIAN_POINT('',(-46.49999988873,3.216713912742E-03,69.9));
#84 = SURFACE_CURVE('',#85,(#90,#97),.PCURVE_S1.);
#85 = CIRCLE('',#86,46.5);
#86 = AXIS2_PLACEMENT_3D('',#87,#88,#89);
#87 = CARTESIAN_POINT('',(0.,0.,69.9));
#88 = DIRECTION('',(0.,0.,-1.));
#89 = DIRECTION('',(0.999999997607,6.917664328498E-05,0.));
#90 = PCURVE('',#58,#91);
#91 = DEFINITIONAL_REPRESENTATION('',(#92),#96);
#92 = LINE('',#93,#94);
#93 = CARTESIAN_POINT('',(-6.917664341355E-05,-69.9));
#94 = VECTOR('',#95,1.);
#95 = DIRECTION('',(1.,-0.));
#96 = ( GEOMETRIC_REPRESENTATION_CONTEXT(2) 
PARAMETRIC_REPRESENTATION_CONTEXT() REPRESENTATION_CONTEXT('2D SPACE',''
  ) );
#97 = PCURVE('',#98,#103);
#98 = PLANE('',#99);
#99 = AXIS2_PLACEMENT_3D('',#100,#101,#102);
#100 = CARTESIAN_POINT('',(-1.882068139409E-15,-1.61343992693E-17,69.9)
  );
#101 = DIRECTION('',(0.,0.,1.));
#102 = DIRECTION('',(1.,0.,0.));
#103 = DEFINITIONAL_REPRESENTATION('',(#104),#112);
#104 = ( BOUNDED_CURVE() B_SPLINE_CURVE(2,(#105,#106,#107,#108,#109,#110
,#111),.UNSPECIFIED.,.T.,.F.) B_SPLINE_CURVE_WITH_KNOTS((1,2,2,2,2,1),(
    -2.094395102393,0.,2.094395102393,4.188790204786,6.28318530718,
8.377580409573),.UNSPECIFIED.) CURVE() GEOMETRIC_REPRESENTATION_ITEM() 
RATIONAL_B_SPLINE_CURVE((1.,0.5,1.,0.5,1.,0.5,1.)) REPRESENTATION_ITEM(
  '') );
#105 = CARTESIAN_POINT('',(46.499999888739,3.216713912752E-03));
#106 = CARTESIAN_POINT('',(46.50557140067,-80.53714564533));
#107 = CARTESIAN_POINT('',(-23.2472141884,-40.27178953657));
#108 = CARTESIAN_POINT('',(-92.99999977747,-6.433427825515E-03));
#109 = CARTESIAN_POINT('',(-23.25278570033,40.268572822665));
#110 = CARTESIAN_POINT('',(46.494428376809,80.543579073156));
#111 = CARTESIAN_POINT('',(46.499999888739,3.216713912752E-03));
#112 = ( GEOMETRIC_REPRESENTATION_CONTEXT(2) 
PARAMETRIC_REPRESENTATION_CONTEXT() REPRESENTATION_CONTEXT('2D SPACE',''
  ) );
#113 = ORIENTED_EDGE('',*,*,#114,.T.);
#114 = EDGE_CURVE('',#82,#115,#117,.T.);
#115 = VERTEX_POINT('',#116);
#116 = CARTESIAN_POINT('',(-46.49999988873,3.216713912742E-03,0.));
#117 = SURFACE_CURVE('',#118,(#122,#128),.PCURVE_S1.);
#118 = LINE('',#119,#120);
#119 = CARTESIAN_POINT('',(-46.49999988873,3.216713912751E-03,0.));
#120 = VECTOR('',#121,1.);
#121 = DIRECTION('',(-0.,-0.,-1.));
#122 = PCURVE('',#58,#123);
#123 = DEFINITIONAL_REPRESENTATION('',(#124),#127);
#124 = B_SPLINE_CURVE_WITH_KNOTS('',1,(#125,#126),.UNSPECIFIED.,.F.,.F.,
  (2,2),(-69.9,0.),.PIECEWISE_BEZIER_KNOTS.);
#125 = CARTESIAN_POINT('',(3.141661830234,-69.9));
#126 = CARTESIAN_POINT('',(3.141661830234,0.));
#127 = ( GEOMETRIC_REPRESENTATION_CONTEXT(2) 
PARAMETRIC_REPRESENTATION_CONTEXT() REPRESENTATION_CONTEXT('2D SPACE',''
  ) );
#128 = PCURVE('',#129,#134);
#129 = PLANE('',#130);
#130 = AXIS2_PLACEMENT_3D('',#131,#132,#133);
#131 = CARTESIAN_POINT('',(1.724152738263E-02,3.216713912751E-03,
    59.554144798701));
#132 = DIRECTION('',(-0.,-1.,-0.));
#133 = DIRECTION('',(0.,0.,-1.));
#134 = DEFINITIONAL_REPRESENTATION('',(#135),#139);
#135 = LINE('',#136,#137);
#136 = CARTESIAN_POINT('',(59.554144798701,-46.51724141611));
#137 = VECTOR('',#138,1.);
#138 = DIRECTION('',(1.,0.));
#139 = ( GEOMETRIC_REPRESENTATION_CONTEXT(2) 
PARAMETRIC_REPRESENTATION_CONTEXT() REPRESENTATION_CONTEXT('2D SPACE',''
  ) );
#140 = ORIENTED_EDGE('',*,*,#141,.T.);
#141 = EDGE_CURVE('',#115,#50,#142,.T.);
#142 = SURFACE_CURVE('',#143,(#148,#155),.PCURVE_S1.);
#143 = CIRCLE('',#144,46.5);
#144 = AXIS2_PLACEMENT_3D('',#145,#146,#147);
#145 = CARTESIAN_POINT('',(0.,0.,0.));
#146 = DIRECTION('',(0.,0.,1.));
#147 = DIRECTION('',(-0.999999997607,6.91766432848E-05,0.));
#148 = PCURVE('',#58,#149);
#149 = DEFINITIONAL_REPRESENTATION('',(#150),#154);
#150 = LINE('',#151,#152);
#151 = CARTESIAN_POINT('',(3.141661830234,0.));
#152 = VECTOR('',#153,1.);
#153 = DIRECTION('',(-1.,0.));
#154 = ( GEOMETRIC_REPRESENTATION_CONTEXT(2) 
PARAMETRIC_REPRESENTATION_CONTEXT() REPRESENTATION_CONTEXT('2D SPACE',''
  ) );
#155 = PCURVE('',#156,#161);
#156 = PLANE('',#157);
#157 = AXIS2_PLACEMENT_3D('',#158,#159,#160);
#158 = CARTESIAN_POINT('',(-1.882068139409E-15,-1.61343992693E-17,0.));
#159 = DIRECTION('',(0.,0.,1.));
#160 = DIRECTION('',(1.,0.,0.));
#161 = DEFINITIONAL_REPRESENTATION('',(#162),#166);
#162 = CIRCLE('',#163,46.5);
#163 = AXIS2_PLACEMENT_2D('',#164,#165);
#164 = CARTESIAN_POINT('',(1.882068139409E-15,1.61343992693E-17));
#165 = DIRECTION('',(-0.999999997607,6.91766432848E-05));
#166 = ( GEOMETRIC_REPRESENTATION_CONTEXT(2) 
PARAMETRIC_REPRESENTATION_CONTEXT() REPRESENTATION_CONTEXT('2D SPACE',''
  ) );
#167 = ADVANCED_FACE('',(#168),#156,.F.);
#168 = FACE_BOUND('',#169,.F.);
#169 = EDGE_LOOP('',(#170,#171,#194,#242,#286,#334,#378));
#170 = ORIENTED_EDGE('',*,*,#141,.T.);
#171 = ORIENTED_EDGE('',*,*,#172,.F.);
#172 = EDGE_CURVE('',#173,#50,#175,.T.);
#173 = VERTEX_POINT('',#174);
#174 = CARTESIAN_POINT('',(37.799999863132,3.216713912751E-03,0.));
#175 = SURFACE_CURVE('',#176,(#180,#187),.PCURVE_S1.);
#176 = LINE('',#177,#178);
#177 = CARTESIAN_POINT('',(8.620763691316E-03,3.216713912751E-03,0.));
#178 = VECTOR('',#179,1.);
#179 = DIRECTION('',(1.,0.,0.));
#180 = PCURVE('',#156,#181);
#181 = DEFINITIONAL_REPRESENTATION('',(#182),#186);
#182 = LINE('',#183,#184);
#183 = CARTESIAN_POINT('',(8.620763691318E-03,3.216713912751E-03));
#184 = VECTOR('',#185,1.);
#185 = DIRECTION('',(1.,0.));
#186 = ( GEOMETRIC_REPRESENTATION_CONTEXT(2) 
PARAMETRIC_REPRESENTATION_CONTEXT() REPRESENTATION_CONTEXT('2D SPACE',''
  ) );
#187 = PCURVE('',#69,#188);
#188 = DEFINITIONAL_REPRESENTATION('',(#189),#193);
#189 = LINE('',#190,#191);
#190 = CARTESIAN_POINT('',(59.554144798701,-8.620763691314E-03));
#191 = VECTOR('',#192,1.);
#192 = DIRECTION('',(0.,1.));
#193 = ( GEOMETRIC_REPRESENTATION_CONTEXT(2) 
PARAMETRIC_REPRESENTATION_CONTEXT() REPRESENTATION_CONTEXT('2D SPACE',''
  ) );
#194 = ORIENTED_EDGE('',*,*,#195,.F.);
#195 = EDGE_CURVE('',#196,#173,#198,.T.);
#196 = VERTEX_POINT('',#197);
#197 = CARTESIAN_POINT('',(37.8,0.,0.));
#198 = SURFACE_CURVE('',#199,(#204,#211),.PCURVE_S1.);
#199 = CIRCLE('',#200,37.8);
#200 = AXIS2_PLACEMENT_3D('',#201,#202,#203);
#201 = CARTESIAN_POINT('',(0.,0.,0.));
#202 = DIRECTION('',(0.,0.,1.));
#203 = DIRECTION('',(1.,0.,0.));
#204 = PCURVE('',#156,#205);
#205 = DEFINITIONAL_REPRESENTATION('',(#206),#210);
#206 = CIRCLE('',#207,37.8);
#207 = AXIS2_PLACEMENT_2D('',#208,#209);
#208 = CARTESIAN_POINT('',(1.882068139409E-15,1.61343992693E-17));
#209 = DIRECTION('',(1.,0.));
#210 = ( GEOMETRIC_REPRESENTATION_CONTEXT(2) 
PARAMETRIC_REPRESENTATION_CONTEXT() REPRESENTATION_CONTEXT('2D SPACE',''
  ) );
#211 = PCURVE('',#212,#237);
#212 = B_SPLINE_SURFACE_WITH_KNOTS('',11,1,(
    (#213,#214)
    ,(#215,#216)
    ,(#217,#218)
    ,(#219,#220)
    ,(#221,#222)
    ,(#223,#224)
    ,(#225,#226)
    ,(#227,#228)
    ,(#229,#230)
    ,(#231,#232)
    ,(#233,#234)
    ,(#235,#236
    )),.UNSPECIFIED.,.F.,.F.,.F.,(12,12),(2,2),(-73.5,0.),(0.,1.),
  .PIECEWISE_BEZIER_KNOTS.);
#213 = CARTESIAN_POINT('',(37.8,-7.105427357601E-15,0.));
#214 = CARTESIAN_POINT('',(36.75,0.75,99.));
#215 = CARTESIAN_POINT('',(37.8,10.725534618702,0.));
#216 = CARTESIAN_POINT('',(30.068181818182,0.75,99.));
#217 = CARTESIAN_POINT('',(34.452359659639,21.451068457069,0.));
#218 = CARTESIAN_POINT('',(23.386363636364,0.75,99.));
#219 = CARTESIAN_POINT('',(27.757079789678,31.015652162493,0.));
#220 = CARTESIAN_POINT('',(16.704545454545,0.75,99.));
#221 = CARTESIAN_POINT('',(18.167101192845,38.2582922896,0.));
#222 = CARTESIAN_POINT('',(10.022727272727,0.75,99.));
#223 = CARTESIAN_POINT('',(6.588333853533,42.220109895496,0.));
#224 = CARTESIAN_POINT('',(3.340909090909,0.75,99.));
#225 = CARTESIAN_POINT('',(-5.725506764718,42.345748249928,0.));
#226 = CARTESIAN_POINT('',(-3.340909090909,0.75,99.));
#227 = CARTESIAN_POINT('',(-17.38270020679,38.621007601877,0.));
#228 = CARTESIAN_POINT('',(-10.02272727272,0.75,99.));
#229 = CARTESIAN_POINT('',(-27.11846055823,31.575548363709,0.));
#230 = CARTESIAN_POINT('',(-16.70454545454,0.75,99.));
#231 = CARTESIAN_POINT('',(-34.00750154424,22.149565747081,0.));
#232 = CARTESIAN_POINT('',(-23.38636363636,0.75,99.));
#233 = CARTESIAN_POINT('',(-37.57328784484,11.494569734672,0.));
#234 = CARTESIAN_POINT('',(-30.06818181818,0.75,99.));
#235 = CARTESIAN_POINT('',(-37.79213073791,0.771267974243,0.));
#236 = CARTESIAN_POINT('',(-36.75,0.75,99.));
#237 = DEFINITIONAL_REPRESENTATION('',(#238),#241);
#238 = B_SPLINE_CURVE_WITH_KNOTS('',1,(#239,#240),.UNSPECIFIED.,.F.,.F.,
  (2,2),(0.,3.121187322903),.PIECEWISE_BEZIER_KNOTS.);
#239 = CARTESIAN_POINT('',(-73.5,0.));
#240 = CARTESIAN_POINT('',(0.,0.));
#241 = ( GEOMETRIC_REPRESENTATION_CONTEXT(2) 
PARAMETRIC_REPRESENTATION_CONTEXT() REPRESENTATION_CONTEXT('2D SPACE',''
  ) );
#242 = ORIENTED_EDGE('',*,*,#243,.F.);
#243 = EDGE_CURVE('',#244,#196,#246,.T.);
#244 = VERTEX_POINT('',#245);
#245 = CARTESIAN_POINT('',(37.792130737918,-0.771267974243,0.));
#246 = SURFACE_CURVE('',#247,(#252,#259),.PCURVE_S1.);
#247 = CIRCLE('',#248,37.8);
#248 = AXIS2_PLACEMENT_3D('',#249,#250,#251);
#249 = CARTESIAN_POINT('',(0.,0.,0.));
#250 = DIRECTION('',(0.,0.,1.));
#251 = DIRECTION('',(1.,0.,0.));
#252 = PCURVE('',#156,#253);
#253 = DEFINITIONAL_REPRESENTATION('',(#254),#258);
#254 = CIRCLE('',#255,37.8);
#255 = AXIS2_PLACEMENT_2D('',#256,#257);
#256 = CARTESIAN_POINT('',(1.882068139409E-15,1.61343992693E-17));
#257 = DIRECTION('',(1.,0.));
#258 = ( GEOMETRIC_REPRESENTATION_CONTEXT(2) 
PARAMETRIC_REPRESENTATION_CONTEXT() REPRESENTATION_CONTEXT('2D SPACE',''
  ) );
#259 = PCURVE('',#260,#281);
#260 = B_SPLINE_SURFACE_WITH_KNOTS('',9,1,(
    (#261,#262)
    ,(#263,#264)
    ,(#265,#266)
    ,(#267,#268)
    ,(#269,#270)
    ,(#271,#272)
    ,(#273,#274)
    ,(#275,#276)
    ,(#277,#278)
    ,(#279,#280
    )),.UNSPECIFIED.,.F.,.F.,.F.,(10,10),(2,2),(3.14159265359,
    6.28318530718),(0.,1.),.PIECEWISE_BEZIER_KNOTS.);
#261 = CARTESIAN_POINT('',(37.792130737918,-0.771267974243,0.));
#262 = CARTESIAN_POINT('',(36.75,-0.75,99.));
#263 = CARTESIAN_POINT('',(37.793879402147,-0.685583427015,0.));
#264 = CARTESIAN_POINT('',(37.011799387799,-0.75,99.));
#265 = CARTESIAN_POINT('',(37.795409506102,-0.599894419434,0.));
#266 = CARTESIAN_POINT('',(37.273601492499,-0.647191900061,
    98.999999999999));
#267 = CARTESIAN_POINT('',(37.796721043281,-0.514201588687,0.));
#268 = CARTESIAN_POINT('',(37.48924283384,-0.44157278914,99.000000000004
    ));
#269 = CARTESIAN_POINT('',(37.797814007183,-0.428505571955,0.));
#270 = CARTESIAN_POINT('',(37.612680472816,-0.157317457926,
    98.999999999993));
#271 = CARTESIAN_POINT('',(37.798688391308,-0.342807006425,0.));
#272 = CARTESIAN_POINT('',(37.612680472822,0.157317457926,
    99.000000000007));
#273 = CARTESIAN_POINT('',(37.799344189153,-0.25710652928,0.));
#274 = CARTESIAN_POINT('',(37.489242833835,0.44157278914,98.999999999994
    ));
#275 = CARTESIAN_POINT('',(37.799781394217,-0.171404777705,0.));
#276 = CARTESIAN_POINT('',(37.2736014925,0.647191900061,99.000000000003)
  );
#277 = CARTESIAN_POINT('',(37.8,-8.570238888347E-02,0.));
#278 = CARTESIAN_POINT('',(37.011799387799,0.75,98.999999999999));
#279 = CARTESIAN_POINT('',(37.8,-9.27036225562E-15,0.));
#280 = CARTESIAN_POINT('',(36.75,0.75,99.));
#281 = DEFINITIONAL_REPRESENTATION('',(#282),#285);
#282 = B_SPLINE_CURVE_WITH_KNOTS('',1,(#283,#284),.UNSPECIFIED.,.F.,.F.,
  (2,2),(6.262779976493,6.28318530718),.PIECEWISE_BEZIER_KNOTS.);
#283 = CARTESIAN_POINT('',(3.14159265359,0.));
#284 = CARTESIAN_POINT('',(6.28318530718,0.));
#285 = ( GEOMETRIC_REPRESENTATION_CONTEXT(2) 
PARAMETRIC_REPRESENTATION_CONTEXT() REPRESENTATION_CONTEXT('2D SPACE',''
  ) );
#286 = ORIENTED_EDGE('',*,*,#287,.F.);
#287 = EDGE_CURVE('',#288,#244,#290,.T.);
#288 = VERTEX_POINT('',#289);
#289 = CARTESIAN_POINT('',(-37.79213073791,-0.771267974243,0.));
#290 = SURFACE_CURVE('',#291,(#296,#303),.PCURVE_S1.);
#291 = CIRCLE('',#292,37.8);
#292 = AXIS2_PLACEMENT_3D('',#293,#294,#295);
#293 = CARTESIAN_POINT('',(0.,0.,0.));
#294 = DIRECTION('',(0.,0.,1.));
#295 = DIRECTION('',(1.,0.,0.));
#296 = PCURVE('',#156,#297);
#297 = DEFINITIONAL_REPRESENTATION('',(#298),#302);
#298 = CIRCLE('',#299,37.8);
#299 = AXIS2_PLACEMENT_2D('',#300,#301);
#300 = CARTESIAN_POINT('',(1.882068139409E-15,1.61343992693E-17));
#301 = DIRECTION('',(1.,0.));
#302 = ( GEOMETRIC_REPRESENTATION_CONTEXT(2) 
PARAMETRIC_REPRESENTATION_CONTEXT() REPRESENTATION_CONTEXT('2D SPACE',''
  ) );
#303 = PCURVE('',#304,#329);
#304 = B_SPLINE_SURFACE_WITH_KNOTS('',11,1,(
    (#305,#306)
    ,(#307,#308)
    ,(#309,#310)
    ,(#311,#312)
    ,(#313,#314)
    ,(#315,#316)
    ,(#317,#318)
    ,(#319,#320)
    ,(#321,#322)
    ,(#323,#324)
    ,(#325,#326)
    ,(#327,#328
    )),.UNSPECIFIED.,.F.,.F.,.F.,(12,12),(2,2),(-73.5,0.),(0.,1.),
  .PIECEWISE_BEZIER_KNOTS.);
#305 = CARTESIAN_POINT('',(-37.79213073791,-0.771267974243,0.));
#306 = CARTESIAN_POINT('',(-36.75,-0.75,99.));
#307 = CARTESIAN_POINT('',(-37.57471857012,-11.42446419602,0.));
#308 = CARTESIAN_POINT('',(-30.06818181818,-0.75,99.));
#309 = CARTESIAN_POINT('',(-34.05398244305,-22.01024492189,0.));
#310 = CARTESIAN_POINT('',(-23.38636363636,-0.75,99.));
#311 = CARTESIAN_POINT('',(-27.25314953237,-31.390518583,0.));
#312 = CARTESIAN_POINT('',(-16.70454545454,-0.75,99.));
#313 = CARTESIAN_POINT('',(-17.63656680973,-38.43615531257,0.));
#314 = CARTESIAN_POINT('',(-10.02272727272,-0.75,99.));
#315 = CARTESIAN_POINT('',(-6.105738169345,-42.22257429826,0.));
#316 = CARTESIAN_POINT('',(-3.340909090909,-0.75,99.));
#317 = CARTESIAN_POINT('',(6.105738169345,-42.22257429824,0.));
#318 = CARTESIAN_POINT('',(3.340909090909,-0.75,99.));
#319 = CARTESIAN_POINT('',(17.636566809734,-38.43615531259,0.));
#320 = CARTESIAN_POINT('',(10.022727272727,-0.75,99.));
#321 = CARTESIAN_POINT('',(27.253149532378,-31.39051858299,0.));
#322 = CARTESIAN_POINT('',(16.704545454545,-0.75,99.));
#323 = CARTESIAN_POINT('',(34.053982443054,-22.01024492189,0.));
#324 = CARTESIAN_POINT('',(23.386363636364,-0.75,99.));
#325 = CARTESIAN_POINT('',(37.574718570127,-11.42446419602,0.));
#326 = CARTESIAN_POINT('',(30.068181818182,-0.75,99.));
#327 = CARTESIAN_POINT('',(37.792130737918,-0.771267974243,0.));
#328 = CARTESIAN_POINT('',(36.75,-0.75,99.));
#329 = DEFINITIONAL_REPRESENTATION('',(#330),#333);
#330 = B_SPLINE_CURVE_WITH_KNOTS('',1,(#331,#332),.UNSPECIFIED.,.F.,.F.,
  (2,2),(3.161997984276,6.262779976493),.PIECEWISE_BEZIER_KNOTS.);
#331 = CARTESIAN_POINT('',(-73.5,0.));
#332 = CARTESIAN_POINT('',(0.,0.));
#333 = ( GEOMETRIC_REPRESENTATION_CONTEXT(2) 
PARAMETRIC_REPRESENTATION_CONTEXT() REPRESENTATION_CONTEXT('2D SPACE',''
  ) );
#334 = ORIENTED_EDGE('',*,*,#335,.F.);
#335 = EDGE_CURVE('',#336,#288,#338,.T.);
#336 = VERTEX_POINT('',#337);
#337 = CARTESIAN_POINT('',(-37.79999986313,3.216713912749E-03,0.));
#338 = SURFACE_CURVE('',#339,(#344,#351),.PCURVE_S1.);
#339 = CIRCLE('',#340,37.8);
#340 = AXIS2_PLACEMENT_3D('',#341,#342,#343);
#341 = CARTESIAN_POINT('',(0.,0.,0.));
#342 = DIRECTION('',(0.,0.,1.));
#343 = DIRECTION('',(1.,0.,0.));
#344 = PCURVE('',#156,#345);
#345 = DEFINITIONAL_REPRESENTATION('',(#346),#350);
#346 = CIRCLE('',#347,37.8);
#347 = AXIS2_PLACEMENT_2D('',#348,#349);
#348 = CARTESIAN_POINT('',(1.882068139409E-15,1.61343992693E-17));
#349 = DIRECTION('',(1.,0.));
#350 = ( GEOMETRIC_REPRESENTATION_CONTEXT(2) 
PARAMETRIC_REPRESENTATION_CONTEXT() REPRESENTATION_CONTEXT('2D SPACE',''
  ) );
#351 = PCURVE('',#352,#373);
#352 = B_SPLINE_SURFACE_WITH_KNOTS('',9,1,(
    (#353,#354)
    ,(#355,#356)
    ,(#357,#358)
    ,(#359,#360)
    ,(#361,#362)
    ,(#363,#364)
    ,(#365,#366)
    ,(#367,#368)
    ,(#369,#370)
    ,(#371,#372
    )),.UNSPECIFIED.,.F.,.F.,.F.,(10,10),(2,2),(3.14159265359,
    6.28318530718),(0.,1.),.PIECEWISE_BEZIER_KNOTS.);
#353 = CARTESIAN_POINT('',(-37.79213073791,0.771267974243,0.));
#354 = CARTESIAN_POINT('',(-36.75,0.75,99.));
#355 = CARTESIAN_POINT('',(-37.79562806637,0.599898879786,0.));
#356 = CARTESIAN_POINT('',(-37.01179938779,0.75,99.));
#357 = CARTESIAN_POINT('',(-37.79825118407,0.428511943798,0.));
#358 = CARTESIAN_POINT('',(-37.27360149249,0.647191900061,
    98.999999999999));
#359 = CARTESIAN_POINT('',(-37.79999998699,0.257112263859,0.));
#360 = CARTESIAN_POINT('',(-37.48924283384,0.44157278914,99.000000000004
    ));
#361 = CARTESIAN_POINT('',(-37.80087440579,8.570493754982E-02,0.));
#362 = CARTESIAN_POINT('',(-37.61268047281,0.157317457926,
    98.999999999993));
#363 = CARTESIAN_POINT('',(-37.80087440579,-8.570493754981E-02,0.));
#364 = CARTESIAN_POINT('',(-37.61268047282,-0.157317457926,
    99.000000000007));
#365 = CARTESIAN_POINT('',(-37.79999998699,-0.257112263859,0.));
#366 = CARTESIAN_POINT('',(-37.48924283383,-0.44157278914,
    98.999999999994));
#367 = CARTESIAN_POINT('',(-37.79825118407,-0.428511943798,0.));
#368 = CARTESIAN_POINT('',(-37.2736014925,-0.647191900061,
    99.000000000003));
#369 = CARTESIAN_POINT('',(-37.79562806637,-0.599898879786,0.));
#370 = CARTESIAN_POINT('',(-37.01179938779,-0.75,98.999999999999));
#371 = CARTESIAN_POINT('',(-37.79213073791,-0.771267974243,0.));
#372 = CARTESIAN_POINT('',(-36.75,-0.75,99.));
#373 = DEFINITIONAL_REPRESENTATION('',(#374),#377);
#374 = B_SPLINE_CURVE_WITH_KNOTS('',1,(#375,#376),.UNSPECIFIED.,.F.,.F.,
  (2,2),(3.121187322903,3.161997984276),.PIECEWISE_BEZIER_KNOTS.);
#375 = CARTESIAN_POINT('',(3.14159265359,0.));
#376 = CARTESIAN_POINT('',(6.28318530718,0.));
#377 = ( GEOMETRIC_REPRESENTATION_CONTEXT(2) 
PARAMETRIC_REPRESENTATION_CONTEXT() REPRESENTATION_CONTEXT('2D SPACE',''
  ) );
#378 = ORIENTED_EDGE('',*,*,#379,.F.);
#379 = EDGE_CURVE('',#115,#336,#380,.T.);
#380 = SURFACE_CURVE('',#381,(#385,#392),.PCURVE_S1.);
#381 = LINE('',#382,#383);
#382 = CARTESIAN_POINT('',(8.620763691316E-03,3.216713912751E-03,0.));
#383 = VECTOR('',#384,1.);
#384 = DIRECTION('',(1.,0.,0.));
#385 = PCURVE('',#156,#386);
#386 = DEFINITIONAL_REPRESENTATION('',(#387),#391);
#387 = LINE('',#388,#389);
#388 = CARTESIAN_POINT('',(8.620763691318E-03,3.216713912751E-03));
#389 = VECTOR('',#390,1.);
#390 = DIRECTION('',(1.,0.));
#391 = ( GEOMETRIC_REPRESENTATION_CONTEXT(2) 
PARAMETRIC_REPRESENTATION_CONTEXT() REPRESENTATION_CONTEXT('2D SPACE',''
  ) );
#392 = PCURVE('',#129,#393);
#393 = DEFINITIONAL_REPRESENTATION('',(#394),#398);
#394 = LINE('',#395,#396);
#395 = CARTESIAN_POINT('',(59.554144798701,-8.620763691314E-03));
#396 = VECTOR('',#397,1.);
#397 = DIRECTION('',(0.,1.));
#398 = ( GEOMETRIC_REPRESENTATION_CONTEXT(2) 
PARAMETRIC_REPRESENTATION_CONTEXT() REPRESENTATION_CONTEXT('2D SPACE',''
  ) );
#399 = ADVANCED_FACE('',(#400),#129,.F.);
#400 = FACE_BOUND('',#401,.F.);
#401 = EDGE_LOOP('',(#402,#425,#426,#427,#471,#498,#532,#560,#587,#615)
  );
#402 = ORIENTED_EDGE('',*,*,#403,.F.);
#403 = EDGE_CURVE('',#82,#404,#406,.T.);
#404 = VERTEX_POINT('',#405);
#405 = CARTESIAN_POINT('',(-44.74999988438,3.216713912759E-03,69.9));
#406 = SURFACE_CURVE('',#407,(#411,#418),.PCURVE_S1.);
#407 = LINE('',#408,#409);
#408 = CARTESIAN_POINT('',(8.620763691316E-03,3.216713912751E-03,69.9));
#409 = VECTOR('',#410,1.);
#410 = DIRECTION('',(1.,0.,0.));
#411 = PCURVE('',#129,#412);
#412 = DEFINITIONAL_REPRESENTATION('',(#413),#417);
#413 = LINE('',#414,#415);
#414 = CARTESIAN_POINT('',(-10.34585520129,-8.620763691314E-03));
#415 = VECTOR('',#416,1.);
#416 = DIRECTION('',(0.,1.));
#417 = ( GEOMETRIC_REPRESENTATION_CONTEXT(2) 
PARAMETRIC_REPRESENTATION_CONTEXT() REPRESENTATION_CONTEXT('2D SPACE',''
  ) );
#418 = PCURVE('',#98,#419);
#419 = DEFINITIONAL_REPRESENTATION('',(#420),#424);
#420 = LINE('',#421,#422);
#421 = CARTESIAN_POINT('',(8.620763691318E-03,3.216713912751E-03));
#422 = VECTOR('',#423,1.);
#423 = DIRECTION('',(1.,0.));
#424 = ( GEOMETRIC_REPRESENTATION_CONTEXT(2) 
PARAMETRIC_REPRESENTATION_CONTEXT() REPRESENTATION_CONTEXT('2D SPACE',''
  ) );
#425 = ORIENTED_EDGE('',*,*,#114,.T.);
#426 = ORIENTED_EDGE('',*,*,#379,.T.);
#427 = ORIENTED_EDGE('',*,*,#428,.T.);
#428 = EDGE_CURVE('',#336,#429,#431,.T.);
#429 = VERTEX_POINT('',#430);
#430 = CARTESIAN_POINT('',(-37.4999931018,3.216713912751E-03,99.));
#431 = SURFACE_CURVE('',#432,(#443,#457),.PCURVE_S1.);
#432 = B_SPLINE_CURVE_WITH_KNOTS('',5,(#433,#434,#435,#436,#437,#438,
    #439,#440,#441,#442),.UNSPECIFIED.,.F.,.F.,(6,4,6),(0.,
    0.842000002342,1.),.UNSPECIFIED.);
#433 = CARTESIAN_POINT('',(-37.79999986313,3.216713912751E-03,0.));
#434 = CARTESIAN_POINT('',(-37.74947719109,3.216713912751E-03,
    16.671600036235));
#435 = CARTESIAN_POINT('',(-37.69895569622,3.216713912751E-03,
    33.343200080379));
#436 = CARTESIAN_POINT('',(-37.64843464493,3.216713912751E-03,
    50.014800127579));
#437 = CARTESIAN_POINT('',(-37.59791394192,3.216713912751E-03,
    66.686400176733));
#438 = CARTESIAN_POINT('',(-37.53791335127,3.216713912751E-03,
    86.486400181832));
#439 = CARTESIAN_POINT('',(-37.52843326553,3.216713912751E-03,
    89.614800136313));
#440 = CARTESIAN_POINT('',(-37.51895318655,3.216713912751E-03,
    92.743200090837));
#441 = CARTESIAN_POINT('',(-37.5094731137,3.216713912751E-03,
    95.8716000454));
#442 = CARTESIAN_POINT('',(-37.4999930465,3.216713912751E-03,99.));
#443 = PCURVE('',#129,#444);
#444 = DEFINITIONAL_REPRESENTATION('',(#445),#456);
#445 = B_SPLINE_CURVE_WITH_KNOTS('',5,(#446,#447,#448,#449,#450,#451,
    #452,#453,#454,#455),.UNSPECIFIED.,.F.,.F.,(6,4,6),(0.,
    0.842000002342,1.),.UNSPECIFIED.);
#446 = CARTESIAN_POINT('',(59.554144798701,-37.81724139051));
#447 = CARTESIAN_POINT('',(42.882544762466,-37.76671871847));
#448 = CARTESIAN_POINT('',(26.210944718322,-37.7161972236));
#449 = CARTESIAN_POINT('',(9.539344671122,-37.66567617231));
#450 = CARTESIAN_POINT('',(-7.132255378032,-37.6151554693));
#451 = CARTESIAN_POINT('',(-26.93225538313,-37.55515487865));
#452 = CARTESIAN_POINT('',(-30.06065533761,-37.54567479291));
#453 = CARTESIAN_POINT('',(-33.18905529213,-37.53619471393));
#454 = CARTESIAN_POINT('',(-36.31745524669,-37.52671464108));
#455 = CARTESIAN_POINT('',(-39.44585520129,-37.51723457388));
#456 = ( GEOMETRIC_REPRESENTATION_CONTEXT(2) 
PARAMETRIC_REPRESENTATION_CONTEXT() REPRESENTATION_CONTEXT('2D SPACE',''
  ) );
#457 = PCURVE('',#352,#458);
#458 = DEFINITIONAL_REPRESENTATION('',(#459),#470);
#459 = B_SPLINE_CURVE_WITH_KNOTS('',5,(#460,#461,#462,#463,#464,#465,
    #466,#467,#468,#469),.UNSPECIFIED.,.F.,.F.,(6,4,6),(0.,
    0.842000002342,1.),.UNSPECIFIED.);
#460 = CARTESIAN_POINT('',(4.7058381421,0.));
#461 = CARTESIAN_POINT('',(4.706419909718,0.168400000366));
#462 = CARTESIAN_POINT('',(4.706872857408,0.336800000812));
#463 = CARTESIAN_POINT('',(4.707251924966,0.505200001289));
#464 = CARTESIAN_POINT('',(4.707573537111,0.673600001785));
#465 = CARTESIAN_POINT('',(4.707904884159,0.873600001837));
#466 = CARTESIAN_POINT('',(4.707955726691,0.905200001377));
#467 = CARTESIAN_POINT('',(4.708005145563,0.936800000918));
#468 = CARTESIAN_POINT('',(4.708053218681,0.968400000459));
#469 = CARTESIAN_POINT('',(4.708100015207,1.));
#470 = ( GEOMETRIC_REPRESENTATION_CONTEXT(2) 
PARAMETRIC_REPRESENTATION_CONTEXT() REPRESENTATION_CONTEXT('2D SPACE',''
  ) );
#471 = ORIENTED_EDGE('',*,*,#472,.F.);
#472 = EDGE_CURVE('',#473,#429,#475,.T.);
#473 = VERTEX_POINT('',#474);
#474 = CARTESIAN_POINT('',(-37.4999931018,3.216713912751E-03,107.5));
#475 = SURFACE_CURVE('',#476,(#480,#487),.PCURVE_S1.);
#476 = LINE('',#477,#478);
#477 = CARTESIAN_POINT('',(-37.4999931018,3.216713912751E-03,99.));
#478 = VECTOR('',#479,1.);
#479 = DIRECTION('',(0.,0.,-1.));
#480 = PCURVE('',#129,#481);
#481 = DEFINITIONAL_REPRESENTATION('',(#482),#486);
#482 = LINE('',#483,#484);
#483 = CARTESIAN_POINT('',(-39.44585520129,-37.51723462918));
#484 = VECTOR('',#485,1.);
#485 = DIRECTION('',(1.,0.));
#486 = ( GEOMETRIC_REPRESENTATION_CONTEXT(2) 
PARAMETRIC_REPRESENTATION_CONTEXT() REPRESENTATION_CONTEXT('2D SPACE',''
  ) );
#487 = PCURVE('',#488,#493);
#488 = CYLINDRICAL_SURFACE('',#489,0.75);
#489 = AXIS2_PLACEMENT_3D('',#490,#491,#492);
#490 = CARTESIAN_POINT('',(-36.75,0.,99.));
#491 = DIRECTION('',(0.,0.,-1.));
#492 = DIRECTION('',(0.,-1.,0.));
#493 = DEFINITIONAL_REPRESENTATION('',(#494),#497);
#494 = B_SPLINE_CURVE_WITH_KNOTS('',1,(#495,#496),.UNSPECIFIED.,.F.,.F.,
  (2,2),(-8.5000006,6.000000070117E-07),.PIECEWISE_BEZIER_KNOTS.);
#495 = CARTESIAN_POINT('',(1.575085291828,-8.5000006));
#496 = CARTESIAN_POINT('',(1.575085291828,6.000000070117E-07));
#497 = ( GEOMETRIC_REPRESENTATION_CONTEXT(2) 
PARAMETRIC_REPRESENTATION_CONTEXT() REPRESENTATION_CONTEXT('2D SPACE',''
  ) );
#498 = ORIENTED_EDGE('',*,*,#499,.T.);
#499 = EDGE_CURVE('',#473,#500,#502,.T.);
#500 = VERTEX_POINT('',#501);
#501 = CARTESIAN_POINT('',(-38.99999770061,3.216713912751E-03,109.));
#502 = SURFACE_CURVE('',#503,(#508,#515),.PCURVE_S1.);
#503 = HYPERBOLA('',#504,3.216713912751E-03,3.216713912751E-03);
#504 = AXIS2_PLACEMENT_3D('',#505,#506,#507);
#505 = CARTESIAN_POINT('',(-36.75,3.216713912751E-03,106.75));
#506 = DIRECTION('',(0.,-1.,0.));
#507 = DIRECTION('',(0.,0.,1.));
#508 = PCURVE('',#129,#509);
#509 = DEFINITIONAL_REPRESENTATION('',(#510),#514);
#510 = HYPERBOLA('',#511,3.216713912751E-03,3.216713912751E-03);
#511 = AXIS2_PLACEMENT_2D('',#512,#513);
#512 = CARTESIAN_POINT('',(-47.19585520129,-36.76724152738));
#513 = DIRECTION('',(-1.,0.));
#514 = ( GEOMETRIC_REPRESENTATION_CONTEXT(2) 
PARAMETRIC_REPRESENTATION_CONTEXT() REPRESENTATION_CONTEXT('2D SPACE',''
  ) );
#515 = PCURVE('',#516,#521);
#516 = CONICAL_SURFACE('',#517,0.75,0.785398163397);
#517 = AXIS2_PLACEMENT_3D('',#518,#519,#520);
#518 = CARTESIAN_POINT('',(-36.75,0.,107.5));
#519 = DIRECTION('',(0.,0.,1.));
#520 = DIRECTION('',(0.,-1.,0.));
#521 = DEFINITIONAL_REPRESENTATION('',(#522),#531);
#522 = B_SPLINE_CURVE_WITH_KNOTS('',7,(#523,#524,#525,#526,#527,#528,
    #529,#530),.UNSPECIFIED.,.F.,.F.,(8,8),(6.144855473805,
    7.243471850306),.PIECEWISE_BEZIER_KNOTS.);
#523 = CARTESIAN_POINT('',(4.708100015352,5.551115123126E-16));
#524 = CARTESIAN_POINT('',(4.708773145749,0.117707814843));
#525 = CARTESIAN_POINT('',(4.709323025475,0.256968348904));
#526 = CARTESIAN_POINT('',(4.709776733143,0.422518028688));
#527 = CARTESIAN_POINT('',(4.710153918941,0.620390015033));
#528 = CARTESIAN_POINT('',(4.710469491903,0.858405688081));
#529 = CARTESIAN_POINT('',(4.710734952471,1.146873668431));
#530 = CARTESIAN_POINT('',(4.71095932927,1.5));
#531 = ( GEOMETRIC_REPRESENTATION_CONTEXT(2) 
PARAMETRIC_REPRESENTATION_CONTEXT() REPRESENTATION_CONTEXT('2D SPACE',''
  ) );
#532 = ORIENTED_EDGE('',*,*,#533,.F.);
#533 = EDGE_CURVE('',#534,#500,#536,.T.);
#534 = VERTEX_POINT('',#535);
#535 = CARTESIAN_POINT('',(-39.74999986984,3.216713912752E-03,109.));
#536 = SURFACE_CURVE('',#537,(#541,#548),.PCURVE_S1.);
#537 = LINE('',#538,#539);
#538 = CARTESIAN_POINT('',(8.620763691314E-03,3.216713912751E-03,109.));
#539 = VECTOR('',#540,1.);
#540 = DIRECTION('',(1.,0.,0.));
#541 = PCURVE('',#129,#542);
#542 = DEFINITIONAL_REPRESENTATION('',(#543),#547);
#543 = LINE('',#544,#545);
#544 = CARTESIAN_POINT('',(-49.44585520129,-8.620763691316E-03));
#545 = VECTOR('',#546,1.);
#546 = DIRECTION('',(0.,1.));
#547 = ( GEOMETRIC_REPRESENTATION_CONTEXT(2) 
PARAMETRIC_REPRESENTATION_CONTEXT() REPRESENTATION_CONTEXT('2D SPACE',''
  ) );
#548 = PCURVE('',#549,#554);
#549 = PLANE('',#550);
#550 = AXIS2_PLACEMENT_3D('',#551,#552,#553);
#551 = CARTESIAN_POINT('',(-4.403329231825E-15,5.790076070423E-16,109.)
  );
#552 = DIRECTION('',(0.,0.,1.));
#553 = DIRECTION('',(1.,0.,0.));
#554 = DEFINITIONAL_REPRESENTATION('',(#555),#559);
#555 = LINE('',#556,#557);
#556 = CARTESIAN_POINT('',(8.620763691318E-03,3.21671391275E-03));
#557 = VECTOR('',#558,1.);
#558 = DIRECTION('',(1.,0.));
#559 = ( GEOMETRIC_REPRESENTATION_CONTEXT(2) 
PARAMETRIC_REPRESENTATION_CONTEXT() REPRESENTATION_CONTEXT('2D SPACE',''
  ) );
#560 = ORIENTED_EDGE('',*,*,#561,.T.);
#561 = EDGE_CURVE('',#534,#562,#564,.T.);
#562 = VERTEX_POINT('',#563);
#563 = CARTESIAN_POINT('',(-39.74999986984,3.216713912752E-03,80.7));
#564 = SURFACE_CURVE('',#565,(#569,#576),.PCURVE_S1.);
#565 = LINE('',#566,#567);
#566 = CARTESIAN_POINT('',(-39.74999986984,3.216713912751E-03,80.7));
#567 = VECTOR('',#568,1.);
#568 = DIRECTION('',(-0.,-0.,-1.));
#569 = PCURVE('',#129,#570);
#570 = DEFINITIONAL_REPRESENTATION('',(#571),#575);
#571 = LINE('',#572,#573);
#572 = CARTESIAN_POINT('',(-21.14585520129,-39.76724139722));
#573 = VECTOR('',#574,1.);
#574 = DIRECTION('',(1.,0.));
#575 = ( GEOMETRIC_REPRESENTATION_CONTEXT(2) 
PARAMETRIC_REPRESENTATION_CONTEXT() REPRESENTATION_CONTEXT('2D SPACE',''
  ) );
#576 = PCURVE('',#577,#582);
#577 = CYLINDRICAL_SURFACE('',#578,39.75);
#578 = AXIS2_PLACEMENT_3D('',#579,#580,#581);
#579 = CARTESIAN_POINT('',(0.,0.,80.7));
#580 = DIRECTION('',(-0.,-0.,-1.));
#581 = DIRECTION('',(1.,0.,0.));
#582 = DEFINITIONAL_REPRESENTATION('',(#583),#586);
#583 = B_SPLINE_CURVE_WITH_KNOTS('',1,(#584,#585),.UNSPECIFIED.,.F.,.F.,
  (2,2),(-28.3,0.),.PIECEWISE_BEZIER_KNOTS.);
#584 = CARTESIAN_POINT('',(3.141673577211,-28.3));
#585 = CARTESIAN_POINT('',(3.141673577211,0.));
#586 = ( GEOMETRIC_REPRESENTATION_CONTEXT(2) 
PARAMETRIC_REPRESENTATION_CONTEXT() REPRESENTATION_CONTEXT('2D SPACE',''
  ) );
#587 = ORIENTED_EDGE('',*,*,#588,.F.);
#588 = EDGE_CURVE('',#589,#562,#591,.T.);
#589 = VERTEX_POINT('',#590);
#590 = CARTESIAN_POINT('',(-44.74999988438,3.216713912759E-03,80.7));
#591 = SURFACE_CURVE('',#592,(#596,#603),.PCURVE_S1.);
#592 = LINE('',#593,#594);
#593 = CARTESIAN_POINT('',(8.620763691315E-03,3.216713912751E-03,80.7));
#594 = VECTOR('',#595,1.);
#595 = DIRECTION('',(1.,0.,0.));
#596 = PCURVE('',#129,#597);
#597 = DEFINITIONAL_REPRESENTATION('',(#598),#602);
#598 = LINE('',#599,#600);
#599 = CARTESIAN_POINT('',(-21.14585520129,-8.620763691315E-03));
#600 = VECTOR('',#601,1.);
#601 = DIRECTION('',(0.,1.));
#602 = ( GEOMETRIC_REPRESENTATION_CONTEXT(2) 
PARAMETRIC_REPRESENTATION_CONTEXT() REPRESENTATION_CONTEXT('2D SPACE',''
  ) );
#603 = PCURVE('',#604,#609);
#604 = PLANE('',#605);
#605 = AXIS2_PLACEMENT_3D('',#606,#607,#608);
#606 = CARTESIAN_POINT('',(-2.933502854163E-15,4.040240899597E-15,80.7)
  );
#607 = DIRECTION('',(0.,0.,1.));
#608 = DIRECTION('',(1.,0.,0.));
#609 = DEFINITIONAL_REPRESENTATION('',(#610),#614);
#610 = LINE('',#611,#612);
#611 = CARTESIAN_POINT('',(8.620763691318E-03,3.216713912747E-03));
#612 = VECTOR('',#613,1.);
#613 = DIRECTION('',(1.,0.));
#614 = ( GEOMETRIC_REPRESENTATION_CONTEXT(2) 
PARAMETRIC_REPRESENTATION_CONTEXT() REPRESENTATION_CONTEXT('2D SPACE',''
  ) );
#615 = ORIENTED_EDGE('',*,*,#616,.T.);
#616 = EDGE_CURVE('',#589,#404,#617,.T.);
#617 = SURFACE_CURVE('',#618,(#622,#629),.PCURVE_S1.);
#618 = LINE('',#619,#620);
#619 = CARTESIAN_POINT('',(-44.74999988438,3.216713912751E-03,69.9));
#620 = VECTOR('',#621,1.);
#621 = DIRECTION('',(-0.,-0.,-1.));
#622 = PCURVE('',#129,#623);
#623 = DEFINITIONAL_REPRESENTATION('',(#624),#628);
#624 = LINE('',#625,#626);
#625 = CARTESIAN_POINT('',(-10.34585520129,-44.76724141176));
#626 = VECTOR('',#627,1.);
#627 = DIRECTION('',(1.,0.));
#628 = ( GEOMETRIC_REPRESENTATION_CONTEXT(2) 
PARAMETRIC_REPRESENTATION_CONTEXT() REPRESENTATION_CONTEXT('2D SPACE',''
  ) );
#629 = PCURVE('',#630,#635);
#630 = CYLINDRICAL_SURFACE('',#631,44.75);
#631 = AXIS2_PLACEMENT_3D('',#632,#633,#634);
#632 = CARTESIAN_POINT('',(0.,0.,69.9));
#633 = DIRECTION('',(-0.,-0.,-1.));
#634 = DIRECTION('',(1.,0.,0.));
#635 = DEFINITIONAL_REPRESENTATION('',(#636),#639);
#636 = B_SPLINE_CURVE_WITH_KNOTS('',1,(#637,#638),.UNSPECIFIED.,.F.,.F.,
  (2,2),(-10.8,-0.),.PIECEWISE_BEZIER_KNOTS.);
#637 = CARTESIAN_POINT('',(3.141664535465,-10.8));
#638 = CARTESIAN_POINT('',(3.141664535465,0.));
#639 = ( GEOMETRIC_REPRESENTATION_CONTEXT(2) 
PARAMETRIC_REPRESENTATION_CONTEXT() REPRESENTATION_CONTEXT('2D SPACE',''
  ) );
#640 = ADVANCED_FACE('',(#641),#98,.T.);
#641 = FACE_BOUND('',#642,.T.);
#642 = EDGE_LOOP('',(#643,#644,#645,#668));
#643 = ORIENTED_EDGE('',*,*,#403,.F.);
#644 = ORIENTED_EDGE('',*,*,#81,.F.);
#645 = ORIENTED_EDGE('',*,*,#646,.F.);
#646 = EDGE_CURVE('',#647,#48,#649,.T.);
#647 = VERTEX_POINT('',#648);
#648 = CARTESIAN_POINT('',(44.749999884388,3.216713912751E-03,69.9));
#649 = SURFACE_CURVE('',#650,(#654,#661),.PCURVE_S1.);
#650 = LINE('',#651,#652);
#651 = CARTESIAN_POINT('',(8.620763691316E-03,3.216713912751E-03,69.9));
#652 = VECTOR('',#653,1.);
#653 = DIRECTION('',(1.,0.,0.));
#654 = PCURVE('',#98,#655);
#655 = DEFINITIONAL_REPRESENTATION('',(#656),#660);
#656 = LINE('',#657,#658);
#657 = CARTESIAN_POINT('',(8.620763691318E-03,3.216713912751E-03));
#658 = VECTOR('',#659,1.);
#659 = DIRECTION('',(1.,0.));
#660 = ( GEOMETRIC_REPRESENTATION_CONTEXT(2) 
PARAMETRIC_REPRESENTATION_CONTEXT() REPRESENTATION_CONTEXT('2D SPACE',''
  ) );
#661 = PCURVE('',#69,#662);
#662 = DEFINITIONAL_REPRESENTATION('',(#663),#667);
#663 = LINE('',#664,#665);
#664 = CARTESIAN_POINT('',(-10.34585520129,-8.620763691314E-03));
#665 = VECTOR('',#666,1.);
#666 = DIRECTION('',(0.,1.));
#667 = ( GEOMETRIC_REPRESENTATION_CONTEXT(2) 
PARAMETRIC_REPRESENTATION_CONTEXT() REPRESENTATION_CONTEXT('2D SPACE',''
  ) );
#668 = ORIENTED_EDGE('',*,*,#669,.T.);
#669 = EDGE_CURVE('',#647,#404,#670,.T.);
#670 = SURFACE_CURVE('',#671,(#676,#687),.PCURVE_S1.);
#671 = CIRCLE('',#672,44.75);
#672 = AXIS2_PLACEMENT_3D('',#673,#674,#675);
#673 = CARTESIAN_POINT('',(0.,0.,69.9));
#674 = DIRECTION('',(0.,0.,-1.));
#675 = DIRECTION('',(0.999999997416,7.188187514531E-05,0.));
#676 = PCURVE('',#98,#677);
#677 = DEFINITIONAL_REPRESENTATION('',(#678),#686);
#678 = ( BOUNDED_CURVE() B_SPLINE_CURVE(2,(#679,#680,#681,#682,#683,#684
,#685),.UNSPECIFIED.,.T.,.F.) B_SPLINE_CURVE_WITH_KNOTS((1,2,2,2,2,1),(
    -2.094395102393,0.,2.094395102393,4.188790204786,6.28318530718,
8.377580409573),.UNSPECIFIED.) CURVE() GEOMETRIC_REPRESENTATION_ITEM() 
RATIONAL_B_SPLINE_CURVE((1.,0.5,1.,0.5,1.,0.5,1.)) REPRESENTATION_ITEM(
  '') );
#679 = CARTESIAN_POINT('',(44.749999884388,3.216713912752E-03));
#680 = CARTESIAN_POINT('',(44.755571396319,-77.50605672454));
#681 = CARTESIAN_POINT('',(-22.37221418622,-38.75624507618));
#682 = CARTESIAN_POINT('',(-89.49999976877,-6.433427825516E-03));
#683 = CARTESIAN_POINT('',(-22.37778569815,38.753028362275));
#684 = CARTESIAN_POINT('',(44.744428372458,77.512490152375));
#685 = CARTESIAN_POINT('',(44.749999884388,3.216713912752E-03));
#686 = ( GEOMETRIC_REPRESENTATION_CONTEXT(2) 
PARAMETRIC_REPRESENTATION_CONTEXT() REPRESENTATION_CONTEXT('2D SPACE',''
  ) );
#687 = PCURVE('',#630,#688);
#688 = DEFINITIONAL_REPRESENTATION('',(#689),#693);
#689 = LINE('',#690,#691);
#690 = CARTESIAN_POINT('',(-7.188187541374E-05,0.));
#691 = VECTOR('',#692,1.);
#692 = DIRECTION('',(1.,-0.));
#693 = ( GEOMETRIC_REPRESENTATION_CONTEXT(2) 
PARAMETRIC_REPRESENTATION_CONTEXT() REPRESENTATION_CONTEXT('2D SPACE',''
  ) );
#694 = ADVANCED_FACE('',(#695),#69,.F.);
#695 = FACE_BOUND('',#696,.F.);
#696 = EDGE_LOOP('',(#697,#698,#699,#721,#744,#766,#789,#823,#850,#978,
    #1005));
#697 = ORIENTED_EDGE('',*,*,#47,.F.);
#698 = ORIENTED_EDGE('',*,*,#646,.F.);
#699 = ORIENTED_EDGE('',*,*,#700,.F.);
#700 = EDGE_CURVE('',#701,#647,#703,.T.);
#701 = VERTEX_POINT('',#702);
#702 = CARTESIAN_POINT('',(44.749999884388,3.216713912751E-03,80.7));
#703 = SURFACE_CURVE('',#704,(#708,#715),.PCURVE_S1.);
#704 = LINE('',#705,#706);
#705 = CARTESIAN_POINT('',(44.749999884388,3.216713912751E-03,69.9));
#706 = VECTOR('',#707,1.);
#707 = DIRECTION('',(-0.,-0.,-1.));
#708 = PCURVE('',#69,#709);
#709 = DEFINITIONAL_REPRESENTATION('',(#710),#714);
#710 = LINE('',#711,#712);
#711 = CARTESIAN_POINT('',(-10.34585520129,44.732758357005));
#712 = VECTOR('',#713,1.);
#713 = DIRECTION('',(1.,0.));
#714 = ( GEOMETRIC_REPRESENTATION_CONTEXT(2) 
PARAMETRIC_REPRESENTATION_CONTEXT() REPRESENTATION_CONTEXT('2D SPACE',''
  ) );
#715 = PCURVE('',#630,#716);
#716 = DEFINITIONAL_REPRESENTATION('',(#717),#720);
#717 = B_SPLINE_CURVE_WITH_KNOTS('',1,(#718,#719),.UNSPECIFIED.,.F.,.F.,
  (2,2),(-10.8,-0.),.PIECEWISE_BEZIER_KNOTS.);
#718 = CARTESIAN_POINT('',(-7.188187541374E-05,-10.8));
#719 = CARTESIAN_POINT('',(-7.188187541374E-05,0.));
#720 = ( GEOMETRIC_REPRESENTATION_CONTEXT(2) 
PARAMETRIC_REPRESENTATION_CONTEXT() REPRESENTATION_CONTEXT('2D SPACE',''
  ) );
#721 = ORIENTED_EDGE('',*,*,#722,.F.);
#722 = EDGE_CURVE('',#723,#701,#725,.T.);
#723 = VERTEX_POINT('',#724);
#724 = CARTESIAN_POINT('',(39.749999869846,3.216713912751E-03,80.7));
#725 = SURFACE_CURVE('',#726,(#730,#737),.PCURVE_S1.);
#726 = LINE('',#727,#728);
#727 = CARTESIAN_POINT('',(8.620763691315E-03,3.216713912751E-03,80.7));
#728 = VECTOR('',#729,1.);
#729 = DIRECTION('',(1.,0.,0.));
#730 = PCURVE('',#69,#731);
#731 = DEFINITIONAL_REPRESENTATION('',(#732),#736);
#732 = LINE('',#733,#734);
#733 = CARTESIAN_POINT('',(-21.14585520129,-8.620763691315E-03));
#734 = VECTOR('',#735,1.);
#735 = DIRECTION('',(0.,1.));
#736 = ( GEOMETRIC_REPRESENTATION_CONTEXT(2) 
PARAMETRIC_REPRESENTATION_CONTEXT() REPRESENTATION_CONTEXT('2D SPACE',''
  ) );
#737 = PCURVE('',#604,#738);
#738 = DEFINITIONAL_REPRESENTATION('',(#739),#743);
#739 = LINE('',#740,#741);
#740 = CARTESIAN_POINT('',(8.620763691318E-03,3.216713912747E-03));
#741 = VECTOR('',#742,1.);
#742 = DIRECTION('',(1.,0.));
#743 = ( GEOMETRIC_REPRESENTATION_CONTEXT(2) 
PARAMETRIC_REPRESENTATION_CONTEXT() REPRESENTATION_CONTEXT('2D SPACE',''
  ) );
#744 = ORIENTED_EDGE('',*,*,#745,.F.);
#745 = EDGE_CURVE('',#746,#723,#748,.T.);
#746 = VERTEX_POINT('',#747);
#747 = CARTESIAN_POINT('',(39.749999869846,3.216713912751E-03,109.));
#748 = SURFACE_CURVE('',#749,(#753,#760),.PCURVE_S1.);
#749 = LINE('',#750,#751);
#750 = CARTESIAN_POINT('',(39.749999869846,3.216713912751E-03,80.7));
#751 = VECTOR('',#752,1.);
#752 = DIRECTION('',(-0.,-0.,-1.));
#753 = PCURVE('',#69,#754);
#754 = DEFINITIONAL_REPRESENTATION('',(#755),#759);
#755 = LINE('',#756,#757);
#756 = CARTESIAN_POINT('',(-21.14585520129,39.732758342463));
#757 = VECTOR('',#758,1.);
#758 = DIRECTION('',(1.,0.));
#759 = ( GEOMETRIC_REPRESENTATION_CONTEXT(2) 
PARAMETRIC_REPRESENTATION_CONTEXT() REPRESENTATION_CONTEXT('2D SPACE',''
  ) );
#760 = PCURVE('',#577,#761);
#761 = DEFINITIONAL_REPRESENTATION('',(#762),#765);
#762 = B_SPLINE_CURVE_WITH_KNOTS('',1,(#763,#764),.UNSPECIFIED.,.F.,.F.,
  (2,2),(-28.3,-0.),.PIECEWISE_BEZIER_KNOTS.);
#763 = CARTESIAN_POINT('',(-8.092362041356E-05,-28.3));
#764 = CARTESIAN_POINT('',(-8.092362041356E-05,0.));
#765 = ( GEOMETRIC_REPRESENTATION_CONTEXT(2) 
PARAMETRIC_REPRESENTATION_CONTEXT() REPRESENTATION_CONTEXT('2D SPACE',''
  ) );
#766 = ORIENTED_EDGE('',*,*,#767,.F.);
#767 = EDGE_CURVE('',#768,#746,#770,.T.);
#768 = VERTEX_POINT('',#769);
#769 = CARTESIAN_POINT('',(38.99999770061,3.216713912751E-03,109.));
#770 = SURFACE_CURVE('',#771,(#775,#782),.PCURVE_S1.);
#771 = LINE('',#772,#773);
#772 = CARTESIAN_POINT('',(8.620763691314E-03,3.216713912751E-03,109.));
#773 = VECTOR('',#774,1.);
#774 = DIRECTION('',(1.,0.,0.));
#775 = PCURVE('',#69,#776);
#776 = DEFINITIONAL_REPRESENTATION('',(#777),#781);
#777 = LINE('',#778,#779);
#778 = CARTESIAN_POINT('',(-49.44585520129,-8.620763691316E-03));
#779 = VECTOR('',#780,1.);
#780 = DIRECTION('',(0.,1.));
#781 = ( GEOMETRIC_REPRESENTATION_CONTEXT(2) 
PARAMETRIC_REPRESENTATION_CONTEXT() REPRESENTATION_CONTEXT('2D SPACE',''
  ) );
#782 = PCURVE('',#549,#783);
#783 = DEFINITIONAL_REPRESENTATION('',(#784),#788);
#784 = LINE('',#785,#786);
#785 = CARTESIAN_POINT('',(8.620763691318E-03,3.21671391275E-03));
#786 = VECTOR('',#787,1.);
#787 = DIRECTION('',(1.,0.));
#788 = ( GEOMETRIC_REPRESENTATION_CONTEXT(2) 
PARAMETRIC_REPRESENTATION_CONTEXT() REPRESENTATION_CONTEXT('2D SPACE',''
  ) );
#789 = ORIENTED_EDGE('',*,*,#790,.T.);
#790 = EDGE_CURVE('',#768,#791,#793,.T.);
#791 = VERTEX_POINT('',#792);
#792 = CARTESIAN_POINT('',(37.499993101803,3.216713912751E-03,107.5));
#793 = SURFACE_CURVE('',#794,(#799,#806),.PCURVE_S1.);
#794 = HYPERBOLA('',#795,3.216713912751E-03,3.216713912751E-03);
#795 = AXIS2_PLACEMENT_3D('',#796,#797,#798);
#796 = CARTESIAN_POINT('',(36.75,3.216713912751E-03,106.75));
#797 = DIRECTION('',(0.,-1.,0.));
#798 = DIRECTION('',(0.,0.,1.));
#799 = PCURVE('',#69,#800);
#800 = DEFINITIONAL_REPRESENTATION('',(#801),#805);
#801 = HYPERBOLA('',#802,3.216713912751E-03,3.216713912751E-03);
#802 = AXIS2_PLACEMENT_2D('',#803,#804);
#803 = CARTESIAN_POINT('',(-47.19585520129,36.732758472617));
#804 = DIRECTION('',(-1.,0.));
#805 = ( GEOMETRIC_REPRESENTATION_CONTEXT(2) 
PARAMETRIC_REPRESENTATION_CONTEXT() REPRESENTATION_CONTEXT('2D SPACE',''
  ) );
#806 = PCURVE('',#807,#812);
#807 = CONICAL_SURFACE('',#808,0.75,0.785398163397);
#808 = AXIS2_PLACEMENT_3D('',#809,#810,#811);
#809 = CARTESIAN_POINT('',(36.75,0.,107.5));
#810 = DIRECTION('',(0.,0.,1.));
#811 = DIRECTION('',(0.,1.,0.));
#812 = DEFINITIONAL_REPRESENTATION('',(#813),#822);
#813 = B_SPLINE_CURVE_WITH_KNOTS('',7,(#814,#815,#816,#817,#818,#819,
    #820,#821),.UNSPECIFIED.,.F.,.F.,(8,8),(-7.243471850306,
    -6.144855473805),.PIECEWISE_BEZIER_KNOTS.);
#814 = CARTESIAN_POINT('',(4.7138186315,1.5));
#815 = CARTESIAN_POINT('',(4.714043008299,1.146873668431));
#816 = CARTESIAN_POINT('',(4.714308468868,0.858405688081));
#817 = CARTESIAN_POINT('',(4.714624041828,0.620390015032));
#818 = CARTESIAN_POINT('',(4.715001227628,0.422518028688));
#819 = CARTESIAN_POINT('',(4.715454935295,0.256968348904));
#820 = CARTESIAN_POINT('',(4.716004815021,0.117707814843));
#821 = CARTESIAN_POINT('',(4.716677945418,5.551115123126E-16));
#822 = ( GEOMETRIC_REPRESENTATION_CONTEXT(2) 
PARAMETRIC_REPRESENTATION_CONTEXT() REPRESENTATION_CONTEXT('2D SPACE',''
  ) );
#823 = ORIENTED_EDGE('',*,*,#824,.T.);
#824 = EDGE_CURVE('',#791,#825,#827,.T.);
#825 = VERTEX_POINT('',#826);
#826 = CARTESIAN_POINT('',(37.499993101803,3.216713912751E-03,99.));
#827 = SURFACE_CURVE('',#828,(#832,#839),.PCURVE_S1.);
#828 = LINE('',#829,#830);
#829 = CARTESIAN_POINT('',(37.499993101803,3.216713912751E-03,99.));
#830 = VECTOR('',#831,1.);
#831 = DIRECTION('',(0.,0.,-1.));
#832 = PCURVE('',#69,#833);
#833 = DEFINITIONAL_REPRESENTATION('',(#834),#838);
#834 = LINE('',#835,#836);
#835 = CARTESIAN_POINT('',(-39.44585520129,37.48275157442));
#836 = VECTOR('',#837,1.);
#837 = DIRECTION('',(1.,0.));
#838 = ( GEOMETRIC_REPRESENTATION_CONTEXT(2) 
PARAMETRIC_REPRESENTATION_CONTEXT() REPRESENTATION_CONTEXT('2D SPACE',''
  ) );
#839 = PCURVE('',#840,#845);
#840 = CYLINDRICAL_SURFACE('',#841,0.75);
#841 = AXIS2_PLACEMENT_3D('',#842,#843,#844);
#842 = CARTESIAN_POINT('',(36.75,0.,99.));
#843 = DIRECTION('',(0.,0.,-1.));
#844 = DIRECTION('',(0.,1.,0.));
#845 = DEFINITIONAL_REPRESENTATION('',(#846),#849);
#846 = B_SPLINE_CURVE_WITH_KNOTS('',1,(#847,#848),.UNSPECIFIED.,.F.,.F.,
  (2,2),(-8.5000006,6.000000070117E-07),.PIECEWISE_BEZIER_KNOTS.);
#847 = CARTESIAN_POINT('',(1.566507361762,-8.5000006));
#848 = CARTESIAN_POINT('',(1.566507361762,6.000000070117E-07));
#849 = ( GEOMETRIC_REPRESENTATION_CONTEXT(2) 
PARAMETRIC_REPRESENTATION_CONTEXT() REPRESENTATION_CONTEXT('2D SPACE',''
  ) );
#850 = ORIENTED_EDGE('',*,*,#851,.F.);
#851 = EDGE_CURVE('',#852,#825,#854,.T.);
#852 = VERTEX_POINT('',#853);
#853 = CARTESIAN_POINT('',(37.795496600522,3.216713912751E-03,
    0.424606236484));
#854 = SURFACE_CURVE('',#855,(#894,#936),.PCURVE_S1.);
#855 = B_SPLINE_CURVE_WITH_KNOTS('',7,(#856,#857,#858,#859,#860,#861,
    #862,#863,#864,#865,#866,#867,#868,#869,#870,#871,#872,#873,#874,
    #875,#876,#877,#878,#879,#880,#881,#882,#883,#884,#885,#886,#887,
    #888,#889,#890,#891,#892,#893),.UNSPECIFIED.,.F.,.F.,(8,6,6,6,6,6,8)
  ,(0.,7.444463539427E-02,0.19473740372,0.376729374166,0.55863294258,
    0.969467266241,1.),.UNSPECIFIED.);
#856 = CARTESIAN_POINT('',(37.795496600522,3.216713912751E-03,
    0.424606236484));
#857 = CARTESIAN_POINT('',(37.784486232802,3.216713912751E-03,
    1.472576124453));
#858 = CARTESIAN_POINT('',(37.774078252353,3.216713912751E-03,
    2.520527814157));
#859 = CARTESIAN_POINT('',(37.764298146723,3.216713912751E-03,
    3.568464673152));
#860 = CARTESIAN_POINT('',(37.755161014797,3.216713912751E-03,
    4.616391443341));
#861 = CARTESIAN_POINT('',(37.746666482676,3.216713912751E-03,
    5.664313788188));
#862 = CARTESIAN_POINT('',(37.738798259306,3.216713912751E-03,
    6.712237707624));
#863 = CARTESIAN_POINT('',(37.719781082469,3.216713912751E-03,
    9.453488076345));
#864 = CARTESIAN_POINT('',(37.709595891579,3.216713912751E-03,
    11.14682603285));
#865 = CARTESIAN_POINT('',(37.700855424893,3.216713912751E-03,
    12.840205670887));
#866 = CARTESIAN_POINT('',(37.693358080667,3.216713912751E-03,
    14.533645750873));
#867 = CARTESIAN_POINT('',(37.686875443827,3.216713912751E-03,
    16.227154096293));
#868 = CARTESIAN_POINT('',(37.68121273103,3.216713912751E-03,
    17.920731107828));
#869 = CARTESIAN_POINT('',(37.668623150032,3.216713912751E-03,
    22.176696158487));
#870 = CARTESIAN_POINT('',(37.662538157324,3.216713912751E-03,
    24.739168149203));
#871 = CARTESIAN_POINT('',(37.657369123469,3.216713912751E-03,
    27.30177566164));
#872 = CARTESIAN_POINT('',(37.652712013809,3.216713912751E-03,
    29.864494001434));
#873 = CARTESIAN_POINT('',(37.648340621158,3.216713912751E-03,
    32.427300987111));
#874 = CARTESIAN_POINT('',(37.64409305003,3.216713912751E-03,
    34.990178229651));
#875 = CARTESIAN_POINT('',(37.635642364291,3.216713912751E-03,
    40.114800560927));
#876 = CARTESIAN_POINT('',(37.631438885845,3.216713912751E-03,
    42.676546319639));
#877 = CARTESIAN_POINT('',(37.627152687144,3.216713912751E-03,
    45.238337133044));
#878 = CARTESIAN_POINT('',(37.622729867682,3.216713912751E-03,
    47.8001633524));
#879 = CARTESIAN_POINT('',(37.618140714134,3.216713912751E-03,
    50.362017691611));
#880 = CARTESIAN_POINT('',(37.613366381798,3.216713912751E-03,
    52.923895090678));
#881 = CARTESIAN_POINT('',(37.597175883693,3.216713912751E-03,
    61.271909627469));
#882 = CARTESIAN_POINT('',(37.584961951229,3.216713912751E-03,
    67.058122000603));
#883 = CARTESIAN_POINT('',(37.571648184461,3.216713912751E-03,
    72.844393205691));
#884 = CARTESIAN_POINT('',(37.557321346263,3.216713912751E-03,
    78.630701117722));
#885 = CARTESIAN_POINT('',(37.542039039641,3.216713912751E-03,
    84.417032128806));
#886 = CARTESIAN_POINT('',(37.525881059143,3.216713912751E-03,
    90.203380258518));
#887 = CARTESIAN_POINT('',(37.507652169882,3.216713912751E-03,
    96.419782179988));
#888 = CARTESIAN_POINT('',(37.506386666691,3.216713912751E-03,
    96.849818303643));
#889 = CARTESIAN_POINT('',(37.505116719802,3.216713912751E-03,
    97.279854501635));
#890 = CARTESIAN_POINT('',(37.503842356905,3.216713912751E-03,
    97.709890772066));
#891 = CARTESIAN_POINT('',(37.502563605517,3.216713912751E-03,
    98.139927113105));
#892 = CARTESIAN_POINT('',(37.501280492988,3.216713912751E-03,
    98.569963522984));
#893 = CARTESIAN_POINT('',(37.4999930465,3.216713912751E-03,99.));
#894 = PCURVE('',#69,#895);
#895 = DEFINITIONAL_REPRESENTATION('',(#896),#935);
#896 = B_SPLINE_CURVE_WITH_KNOTS('',7,(#897,#898,#899,#900,#901,#902,
    #903,#904,#905,#906,#907,#908,#909,#910,#911,#912,#913,#914,#915,
    #916,#917,#918,#919,#920,#921,#922,#923,#924,#925,#926,#927,#928,
    #929,#930,#931,#932,#933,#934),.UNSPECIFIED.,.F.,.F.,(8,6,6,6,6,6,8)
  ,(0.,7.444463539427E-02,0.19473740372,0.376729374166,0.55863294258,
    0.969467266241,1.),.UNSPECIFIED.);
#897 = CARTESIAN_POINT('',(59.129538562217,37.778255073139));
#898 = CARTESIAN_POINT('',(58.081568674248,37.767244705419));
#899 = CARTESIAN_POINT('',(57.033616984544,37.75683672497));
#900 = CARTESIAN_POINT('',(55.985680125549,37.74705661934));
#901 = CARTESIAN_POINT('',(54.93775335536,37.737919487414));
#902 = CARTESIAN_POINT('',(53.889831010513,37.729424955293));
#903 = CARTESIAN_POINT('',(52.841907091077,37.721556731923));
#904 = CARTESIAN_POINT('',(50.100656722356,37.702539555086));
#905 = CARTESIAN_POINT('',(48.407318765851,37.692354364196));
#906 = CARTESIAN_POINT('',(46.713939127814,37.68361389751));
#907 = CARTESIAN_POINT('',(45.020499047828,37.676116553284));
#908 = CARTESIAN_POINT('',(43.326990702408,37.669633916444));
#909 = CARTESIAN_POINT('',(41.633413690873,37.663971203647));
#910 = CARTESIAN_POINT('',(37.377448640214,37.651381622649));
#911 = CARTESIAN_POINT('',(34.814976649498,37.645296629941));
#912 = CARTESIAN_POINT('',(32.252369137061,37.640127596086));
#913 = CARTESIAN_POINT('',(29.689650797267,37.635470486426));
#914 = CARTESIAN_POINT('',(27.12684381159,37.631099093775));
#915 = CARTESIAN_POINT('',(24.56396656905,37.626851522647));
#916 = CARTESIAN_POINT('',(19.439344237774,37.618400836908));
#917 = CARTESIAN_POINT('',(16.877598479062,37.614197358462));
#918 = CARTESIAN_POINT('',(14.315807665657,37.609911159761));
#919 = CARTESIAN_POINT('',(11.753981446301,37.605488340299));
#920 = CARTESIAN_POINT('',(9.19212710709,37.600899186751));
#921 = CARTESIAN_POINT('',(6.630249708023,37.596124854415));
#922 = CARTESIAN_POINT('',(-1.717764828768,37.57993435631));
#923 = CARTESIAN_POINT('',(-7.503977201902,37.567720423846));
#924 = CARTESIAN_POINT('',(-13.29024840699,37.554406657078));
#925 = CARTESIAN_POINT('',(-19.07655631902,37.54007981888));
#926 = CARTESIAN_POINT('',(-24.8628873301,37.524797512258));
#927 = CARTESIAN_POINT('',(-30.64923545981,37.50863953176));
#928 = CARTESIAN_POINT('',(-36.86563738128,37.490410642499));
#929 = CARTESIAN_POINT('',(-37.29567350494,37.489145139308));
#930 = CARTESIAN_POINT('',(-37.72570970293,37.487875192419));
#931 = CARTESIAN_POINT('',(-38.15574597336,37.486600829522));
#932 = CARTESIAN_POINT('',(-38.5857823144,37.485322078134));
#933 = CARTESIAN_POINT('',(-39.01581872428,37.484038965605));
#934 = CARTESIAN_POINT('',(-39.44585520129,37.482751519117));
#935 = ( GEOMETRIC_REPRESENTATION_CONTEXT(2) 
PARAMETRIC_REPRESENTATION_CONTEXT() REPRESENTATION_CONTEXT('2D SPACE',''
  ) );
#936 = PCURVE('',#260,#937);
#937 = DEFINITIONAL_REPRESENTATION('',(#938),#977);
#938 = B_SPLINE_CURVE_WITH_KNOTS('',7,(#939,#940,#941,#942,#943,#944,
    #945,#946,#947,#948,#949,#950,#951,#952,#953,#954,#955,#956,#957,
    #958,#959,#960,#961,#962,#963,#964,#965,#966,#967,#968,#969,#970,
    #971,#972,#973,#974,#975,#976),.UNSPECIFIED.,.F.,.F.,(8,6,6,6,6,6,8)
  ,(0.,7.444463539427E-02,0.19473740372,0.376729374166,0.55863294258,
    0.969467266241,1.),.UNSPECIFIED.);
#939 = CARTESIAN_POINT('',(6.28318530718,4.28895188368E-03));
#940 = CARTESIAN_POINT('',(6.250709797006,1.487450630761E-02));
#941 = CARTESIAN_POINT('',(6.21744557306,2.545987691068E-02));
#942 = CARTESIAN_POINT('',(6.183525931298,3.604509770861E-02));
#943 = CARTESIAN_POINT('',(6.149120208428,4.66302165994E-02));
#944 = CARTESIAN_POINT('',(6.114421607825,5.721529078978E-02));
#945 = CARTESIAN_POINT('',(6.079629603808,6.780038088509E-02));
#946 = CARTESIAN_POINT('',(5.98885194505,9.548977854894E-02));
#947 = CARTESIAN_POINT('',(5.933010724573,0.112594202352));
#948 = CARTESIAN_POINT('',(5.878175818595,0.129699047181));
#949 = CARTESIAN_POINT('',(5.825030734921,0.146804502534));
#950 = CARTESIAN_POINT('',(5.77395167175,0.163910647437));
#951 = CARTESIAN_POINT('',(5.725114306725,0.181017485938));
#952 = CARTESIAN_POINT('',(5.608146931779,0.224007031904));
#953 = CARTESIAN_POINT('',(5.542969015149,0.249890587366));
#954 = CARTESIAN_POINT('',(5.483204952483,0.275775511734));
#955 = CARTESIAN_POINT('',(5.428342744793,0.30166155557));
#956 = CARTESIAN_POINT('',(5.37784971102,0.327548494819));
#957 = CARTESIAN_POINT('',(5.331222311046,0.353436143734));
#958 = CARTESIAN_POINT('',(5.244832386812,0.405200005666));
#959 = CARTESIAN_POINT('',(5.205066841876,0.431076225451));
#960 = CARTESIAN_POINT('',(5.168275287732,0.456952900334));
#961 = CARTESIAN_POINT('',(5.134077994546,0.482829932853));
#962 = CARTESIAN_POINT('',(5.102161212276,0.50870724941));
#963 = CARTESIAN_POINT('',(5.072268105382,0.534584798896));
#964 = CARTESIAN_POINT('',(4.980741720974,0.618908178055));
#965 = CARTESIAN_POINT('',(4.926511109839,0.677354767683));
#966 = CARTESIAN_POINT('',(4.878980141188,0.735801951573));
#967 = CARTESIAN_POINT('',(4.836719326568,0.794249506239));
#968 = CARTESIAN_POINT('',(4.798713229686,0.85269729423));
#969 = CARTESIAN_POINT('',(4.764235289529,0.911145255137));
#970 = CARTESIAN_POINT('',(4.730389192199,0.973937193737));
#971 = CARTESIAN_POINT('',(4.728064221807,0.978280992966));
#972 = CARTESIAN_POINT('',(4.725755447295,0.982624792946));
#973 = CARTESIAN_POINT('',(4.723462646713,0.986968593657));
#974 = CARTESIAN_POINT('',(4.721185603214,0.991312395082));
#975 = CARTESIAN_POINT('',(4.718924105047,0.995656197202));
#976 = CARTESIAN_POINT('',(4.716677945562,1.));
#977 = ( GEOMETRIC_REPRESENTATION_CONTEXT(2) 
PARAMETRIC_REPRESENTATION_CONTEXT() REPRESENTATION_CONTEXT('2D SPACE',''
  ) );
#978 = ORIENTED_EDGE('',*,*,#979,.F.);
#979 = EDGE_CURVE('',#173,#852,#980,.T.);
#980 = SURFACE_CURVE('',#981,(#987,#996),.PCURVE_S1.);
#981 = B_SPLINE_CURVE_WITH_KNOTS('',4,(#982,#983,#984,#985,#986),
  .UNSPECIFIED.,.F.,.F.,(5,5),(0.,1.),.PIECEWISE_BEZIER_KNOTS.);
#982 = CARTESIAN_POINT('',(37.799999863132,3.216713912751E-03,0.));
#983 = CARTESIAN_POINT('',(37.798871932963,3.216713912751E-03,
    0.106151546809));
#984 = CARTESIAN_POINT('',(37.797745406425,3.216713912751E-03,
    0.212303101828));
#985 = CARTESIAN_POINT('',(37.796620292549,3.216713912751E-03,
    0.318454665056));
#986 = CARTESIAN_POINT('',(37.795496600522,3.216713912751E-03,
    0.424606236484));
#987 = PCURVE('',#69,#988);
#988 = DEFINITIONAL_REPRESENTATION('',(#989),#995);
#989 = B_SPLINE_CURVE_WITH_KNOTS('',4,(#990,#991,#992,#993,#994),
  .UNSPECIFIED.,.F.,.F.,(5,5),(0.,1.),.PIECEWISE_BEZIER_KNOTS.);
#990 = CARTESIAN_POINT('',(59.554144798701,37.782758335749));
#991 = CARTESIAN_POINT('',(59.447993251892,37.78163040558));
#992 = CARTESIAN_POINT('',(59.341841696873,37.780503879042));
#993 = CARTESIAN_POINT('',(59.235690133645,37.779378765166));
#994 = CARTESIAN_POINT('',(59.129538562217,37.778255073139));
#995 = ( GEOMETRIC_REPRESENTATION_CONTEXT(2) 
PARAMETRIC_REPRESENTATION_CONTEXT() REPRESENTATION_CONTEXT('2D SPACE',''
  ) );
#996 = PCURVE('',#212,#997);
#997 = DEFINITIONAL_REPRESENTATION('',(#998),#1004);
#998 = B_SPLINE_CURVE_WITH_KNOTS('',4,(#999,#1000,#1001,#1002,#1003),
  .UNSPECIFIED.,.F.,.F.,(5,5),(0.,1.),.PIECEWISE_BEZIER_KNOTS.);
#999 = CARTESIAN_POINT('',(-73.49799604417,0.));
#1000 = CARTESIAN_POINT('',(-73.49849488436,1.072237846559E-03));
#1001 = CARTESIAN_POINT('',(-73.49899515091,2.144475776043E-03));
#1002 = CARTESIAN_POINT('',(-73.49949685301,3.216713788446E-03));
#1003 = CARTESIAN_POINT('',(-73.5,4.288951883677E-03));
#1004 = ( GEOMETRIC_REPRESENTATION_CONTEXT(2) 
PARAMETRIC_REPRESENTATION_CONTEXT() REPRESENTATION_CONTEXT('2D SPACE',''
  ) );
#1005 = ORIENTED_EDGE('',*,*,#172,.T.);
#1006 = ADVANCED_FACE('',(#1007),#212,.F.);
#1007 = FACE_BOUND('',#1008,.F.);
#1008 = EDGE_LOOP('',(#1009,#1029,#1030));
#1009 = ORIENTED_EDGE('',*,*,#1010,.F.);
#1010 = EDGE_CURVE('',#196,#852,#1011,.T.);
#1011 = SURFACE_CURVE('',#1012,(#1015,#1022),.PCURVE_S1.);
#1012 = B_SPLINE_CURVE_WITH_KNOTS('',1,(#1013,#1014),.UNSPECIFIED.,.F.,
  .F.,(2,2),(0.,1.),.PIECEWISE_BEZIER_KNOTS.);
#1013 = CARTESIAN_POINT('',(37.8,-7.105427357601E-15,0.));
#1014 = CARTESIAN_POINT('',(36.75,0.75,99.));
#1015 = PCURVE('',#212,#1016);
#1016 = DEFINITIONAL_REPRESENTATION('',(#1017),#1021);
#1017 = LINE('',#1018,#1019);
#1018 = CARTESIAN_POINT('',(-73.5,0.));
#1019 = VECTOR('',#1020,1.);
#1020 = DIRECTION('',(0.,1.));
#1021 = ( GEOMETRIC_REPRESENTATION_CONTEXT(2) 
PARAMETRIC_REPRESENTATION_CONTEXT() REPRESENTATION_CONTEXT('2D SPACE',''
  ) );
#1022 = PCURVE('',#260,#1023);
#1023 = DEFINITIONAL_REPRESENTATION('',(#1024),#1028);
#1024 = LINE('',#1025,#1026);
#1025 = CARTESIAN_POINT('',(6.28318530718,0.));
#1026 = VECTOR('',#1027,1.);
#1027 = DIRECTION('',(0.,1.));
#1028 = ( GEOMETRIC_REPRESENTATION_CONTEXT(2) 
PARAMETRIC_REPRESENTATION_CONTEXT() REPRESENTATION_CONTEXT('2D SPACE',''
  ) );
#1029 = ORIENTED_EDGE('',*,*,#195,.T.);
#1030 = ORIENTED_EDGE('',*,*,#979,.T.);
#1031 = ADVANCED_FACE('',(#1032),#260,.F.);
#1032 = FACE_BOUND('',#1033,.F.);
#1033 = EDGE_LOOP('',(#1034,#1056,#1057,#1058,#1059));
#1034 = ORIENTED_EDGE('',*,*,#1035,.F.);
#1035 = EDGE_CURVE('',#244,#1036,#1038,.T.);
#1036 = VERTEX_POINT('',#1037);
#1037 = CARTESIAN_POINT('',(36.75,-0.75,99.));
#1038 = SURFACE_CURVE('',#1039,(#1042,#1049),.PCURVE_S1.);
#1039 = B_SPLINE_CURVE_WITH_KNOTS('',1,(#1040,#1041),.UNSPECIFIED.,.F.,
  .F.,(2,2),(0.,1.),.PIECEWISE_BEZIER_KNOTS.);
#1040 = CARTESIAN_POINT('',(37.792130737918,-0.771267974243,0.));
#1041 = CARTESIAN_POINT('',(36.75,-0.75,99.));
#1042 = PCURVE('',#260,#1043);
#1043 = DEFINITIONAL_REPRESENTATION('',(#1044),#1048);
#1044 = LINE('',#1045,#1046);
#1045 = CARTESIAN_POINT('',(3.14159265359,0.));
#1046 = VECTOR('',#1047,1.);
#1047 = DIRECTION('',(0.,1.));
#1048 = ( GEOMETRIC_REPRESENTATION_CONTEXT(2) 
PARAMETRIC_REPRESENTATION_CONTEXT() REPRESENTATION_CONTEXT('2D SPACE',''
  ) );
#1049 = PCURVE('',#304,#1050);
#1050 = DEFINITIONAL_REPRESENTATION('',(#1051),#1055);
#1051 = LINE('',#1052,#1053);
#1052 = CARTESIAN_POINT('',(0.,0.));
#1053 = VECTOR('',#1054,1.);
#1054 = DIRECTION('',(0.,1.));
#1055 = ( GEOMETRIC_REPRESENTATION_CONTEXT(2) 
PARAMETRIC_REPRESENTATION_CONTEXT() REPRESENTATION_CONTEXT('2D SPACE',''
  ) );
#1056 = ORIENTED_EDGE('',*,*,#243,.T.);
#1057 = ORIENTED_EDGE('',*,*,#1010,.T.);
#1058 = ORIENTED_EDGE('',*,*,#851,.T.);
#1059 = ORIENTED_EDGE('',*,*,#1060,.T.);
#1060 = EDGE_CURVE('',#825,#1036,#1061,.T.);
#1061 = SURFACE_CURVE('',#1062,(#1067,#1074),.PCURVE_S1.);
#1062 = CIRCLE('',#1063,0.75);
#1063 = AXIS2_PLACEMENT_3D('',#1064,#1065,#1066);
#1064 = CARTESIAN_POINT('',(36.75,0.,99.));
#1065 = DIRECTION('',(0.,0.,-1.));
#1066 = DIRECTION('',(0.,1.,0.));
#1067 = PCURVE('',#260,#1068);
#1068 = DEFINITIONAL_REPRESENTATION('',(#1069),#1073);
#1069 = LINE('',#1070,#1071);
#1070 = CARTESIAN_POINT('',(6.28318530718,1.));
#1071 = VECTOR('',#1072,1.);
#1072 = DIRECTION('',(-1.,0.));
#1073 = ( GEOMETRIC_REPRESENTATION_CONTEXT(2) 
PARAMETRIC_REPRESENTATION_CONTEXT() REPRESENTATION_CONTEXT('2D SPACE',''
  ) );
#1074 = PCURVE('',#840,#1075);
#1075 = DEFINITIONAL_REPRESENTATION('',(#1076),#1079);
#1076 = B_SPLINE_CURVE_WITH_KNOTS('',1,(#1077,#1078),.UNSPECIFIED.,.F.,
  .F.,(2,2),(0.,3.14159265359),.PIECEWISE_BEZIER_KNOTS.);
#1077 = CARTESIAN_POINT('',(0.,0.));
#1078 = CARTESIAN_POINT('',(3.14159265359,0.));
#1079 = ( GEOMETRIC_REPRESENTATION_CONTEXT(2) 
PARAMETRIC_REPRESENTATION_CONTEXT() REPRESENTATION_CONTEXT('2D SPACE',''
  ) );
#1080 = ADVANCED_FACE('',(#1081),#304,.F.);
#1081 = FACE_BOUND('',#1082,.F.);
#1082 = EDGE_LOOP('',(#1083,#1084,#1085,#1113));
#1083 = ORIENTED_EDGE('',*,*,#287,.T.);
#1084 = ORIENTED_EDGE('',*,*,#1035,.T.);
#1085 = ORIENTED_EDGE('',*,*,#1086,.T.);
#1086 = EDGE_CURVE('',#1036,#1087,#1089,.T.);
#1087 = VERTEX_POINT('',#1088);
#1088 = CARTESIAN_POINT('',(-36.75,-0.75,99.));
#1089 = SURFACE_CURVE('',#1090,(#1094,#1101),.PCURVE_S1.);
#1090 = LINE('',#1091,#1092);
#1091 = CARTESIAN_POINT('',(36.75,-0.75,99.));
#1092 = VECTOR('',#1093,1.);
#1093 = DIRECTION('',(-1.,0.,0.));
#1094 = PCURVE('',#304,#1095);
#1095 = DEFINITIONAL_REPRESENTATION('',(#1096),#1100);
#1096 = LINE('',#1097,#1098);
#1097 = CARTESIAN_POINT('',(0.,1.));
#1098 = VECTOR('',#1099,1.);
#1099 = DIRECTION('',(-1.,0.));
#1100 = ( GEOMETRIC_REPRESENTATION_CONTEXT(2) 
PARAMETRIC_REPRESENTATION_CONTEXT() REPRESENTATION_CONTEXT('2D SPACE',''
  ) );
#1101 = PCURVE('',#1102,#1107);
#1102 = PLANE('',#1103);
#1103 = AXIS2_PLACEMENT_3D('',#1104,#1105,#1106);
#1104 = CARTESIAN_POINT('',(36.75,-0.75,99.));
#1105 = DIRECTION('',(0.,-1.,0.));
#1106 = DIRECTION('',(-1.,0.,0.));
#1107 = DEFINITIONAL_REPRESENTATION('',(#1108),#1112);
#1108 = LINE('',#1109,#1110);
#1109 = CARTESIAN_POINT('',(0.,-0.));
#1110 = VECTOR('',#1111,1.);
#1111 = DIRECTION('',(1.,0.));
#1112 = ( GEOMETRIC_REPRESENTATION_CONTEXT(2) 
PARAMETRIC_REPRESENTATION_CONTEXT() REPRESENTATION_CONTEXT('2D SPACE',''
  ) );
#1113 = ORIENTED_EDGE('',*,*,#1114,.F.);
#1114 = EDGE_CURVE('',#288,#1087,#1115,.T.);
#1115 = SURFACE_CURVE('',#1116,(#1119,#1126),.PCURVE_S1.);
#1116 = B_SPLINE_CURVE_WITH_KNOTS('',1,(#1117,#1118),.UNSPECIFIED.,.F.,
  .F.,(2,2),(0.,1.),.PIECEWISE_BEZIER_KNOTS.);
#1117 = CARTESIAN_POINT('',(-37.79213073791,-0.771267974243,0.));
#1118 = CARTESIAN_POINT('',(-36.75,-0.75,99.));
#1119 = PCURVE('',#304,#1120);
#1120 = DEFINITIONAL_REPRESENTATION('',(#1121),#1125);
#1121 = LINE('',#1122,#1123);
#1122 = CARTESIAN_POINT('',(-73.5,0.));
#1123 = VECTOR('',#1124,1.);
#1124 = DIRECTION('',(0.,1.));
#1125 = ( GEOMETRIC_REPRESENTATION_CONTEXT(2) 
PARAMETRIC_REPRESENTATION_CONTEXT() REPRESENTATION_CONTEXT('2D SPACE',''
  ) );
#1126 = PCURVE('',#352,#1127);
#1127 = DEFINITIONAL_REPRESENTATION('',(#1128),#1132);
#1128 = LINE('',#1129,#1130);
#1129 = CARTESIAN_POINT('',(6.28318530718,0.));
#1130 = VECTOR('',#1131,1.);
#1131 = DIRECTION('',(0.,1.));
#1132 = ( GEOMETRIC_REPRESENTATION_CONTEXT(2) 
PARAMETRIC_REPRESENTATION_CONTEXT() REPRESENTATION_CONTEXT('2D SPACE',''
  ) );
#1133 = ADVANCED_FACE('',(#1134),#352,.F.);
#1134 = FACE_BOUND('',#1135,.F.);
#1135 = EDGE_LOOP('',(#1136,#1137,#1138,#1139));
#1136 = ORIENTED_EDGE('',*,*,#428,.F.);
#1137 = ORIENTED_EDGE('',*,*,#335,.T.);
#1138 = ORIENTED_EDGE('',*,*,#1114,.T.);
#1139 = ORIENTED_EDGE('',*,*,#1140,.T.);
#1140 = EDGE_CURVE('',#1087,#429,#1141,.T.);
#1141 = SURFACE_CURVE('',#1142,(#1147,#1154),.PCURVE_S1.);
#1142 = CIRCLE('',#1143,0.75);
#1143 = AXIS2_PLACEMENT_3D('',#1144,#1145,#1146);
#1144 = CARTESIAN_POINT('',(-36.75,0.,99.));
#1145 = DIRECTION('',(-0.,-0.,-1.));
#1146 = DIRECTION('',(0.,-1.,0.));
#1147 = PCURVE('',#352,#1148);
#1148 = DEFINITIONAL_REPRESENTATION('',(#1149),#1153);
#1149 = LINE('',#1150,#1151);
#1150 = CARTESIAN_POINT('',(6.28318530718,1.));
#1151 = VECTOR('',#1152,1.);
#1152 = DIRECTION('',(-1.,0.));
#1153 = ( GEOMETRIC_REPRESENTATION_CONTEXT(2) 
PARAMETRIC_REPRESENTATION_CONTEXT() REPRESENTATION_CONTEXT('2D SPACE',''
  ) );
#1154 = PCURVE('',#488,#1155);
#1155 = DEFINITIONAL_REPRESENTATION('',(#1156),#1159);
#1156 = B_SPLINE_CURVE_WITH_KNOTS('',1,(#1157,#1158),.UNSPECIFIED.,.F.,
  .F.,(2,2),(0.,3.14159265359),.PIECEWISE_BEZIER_KNOTS.);
#1157 = CARTESIAN_POINT('',(0.,0.));
#1158 = CARTESIAN_POINT('',(3.14159265359,0.));
#1159 = ( GEOMETRIC_REPRESENTATION_CONTEXT(2) 
PARAMETRIC_REPRESENTATION_CONTEXT() REPRESENTATION_CONTEXT('2D SPACE',''
  ) );
#1160 = ADVANCED_FACE('',(#1161),#630,.T.);
#1161 = FACE_BOUND('',#1162,.T.);
#1162 = EDGE_LOOP('',(#1163,#1164,#1186,#1187));
#1163 = ORIENTED_EDGE('',*,*,#700,.F.);
#1164 = ORIENTED_EDGE('',*,*,#1165,.F.);
#1165 = EDGE_CURVE('',#589,#701,#1166,.T.);
#1166 = SURFACE_CURVE('',#1167,(#1172,#1179),.PCURVE_S1.);
#1167 = CIRCLE('',#1168,44.75);
#1168 = AXIS2_PLACEMENT_3D('',#1169,#1170,#1171);
#1169 = CARTESIAN_POINT('',(0.,0.,80.7));
#1170 = DIRECTION('',(0.,0.,1.));
#1171 = DIRECTION('',(-0.999999997416,7.18818751455E-05,0.));
#1172 = PCURVE('',#630,#1173);
#1173 = DEFINITIONAL_REPRESENTATION('',(#1174),#1178);
#1174 = LINE('',#1175,#1176);
#1175 = CARTESIAN_POINT('',(3.141664535465,-10.8));
#1176 = VECTOR('',#1177,1.);
#1177 = DIRECTION('',(-1.,0.));
#1178 = ( GEOMETRIC_REPRESENTATION_CONTEXT(2) 
PARAMETRIC_REPRESENTATION_CONTEXT() REPRESENTATION_CONTEXT('2D SPACE',''
  ) );
#1179 = PCURVE('',#604,#1180);
#1180 = DEFINITIONAL_REPRESENTATION('',(#1181),#1185);
#1181 = CIRCLE('',#1182,44.75);
#1182 = AXIS2_PLACEMENT_2D('',#1183,#1184);
#1183 = CARTESIAN_POINT('',(2.933502854163E-15,-4.040240899597E-15));
#1184 = DIRECTION('',(-0.999999997416,7.18818751455E-05));
#1185 = ( GEOMETRIC_REPRESENTATION_CONTEXT(2) 
PARAMETRIC_REPRESENTATION_CONTEXT() REPRESENTATION_CONTEXT('2D SPACE',''
  ) );
#1186 = ORIENTED_EDGE('',*,*,#616,.T.);
#1187 = ORIENTED_EDGE('',*,*,#669,.F.);
#1188 = ADVANCED_FACE('',(#1189),#604,.T.);
#1189 = FACE_BOUND('',#1190,.T.);
#1190 = EDGE_LOOP('',(#1191,#1192,#1193,#1215));
#1191 = ORIENTED_EDGE('',*,*,#1165,.T.);
#1192 = ORIENTED_EDGE('',*,*,#722,.F.);
#1193 = ORIENTED_EDGE('',*,*,#1194,.F.);
#1194 = EDGE_CURVE('',#562,#723,#1195,.T.);
#1195 = SURFACE_CURVE('',#1196,(#1201,#1208),.PCURVE_S1.);
#1196 = CIRCLE('',#1197,39.75);
#1197 = AXIS2_PLACEMENT_3D('',#1198,#1199,#1200);
#1198 = CARTESIAN_POINT('',(0.,0.,80.7));
#1199 = DIRECTION('',(0.,0.,1.));
#1200 = DIRECTION('',(-0.999999996726,8.092362044657E-05,0.));
#1201 = PCURVE('',#604,#1202);
#1202 = DEFINITIONAL_REPRESENTATION('',(#1203),#1207);
#1203 = CIRCLE('',#1204,39.75);
#1204 = AXIS2_PLACEMENT_2D('',#1205,#1206);
#1205 = CARTESIAN_POINT('',(2.933502854163E-15,-4.040240899597E-15));
#1206 = DIRECTION('',(-0.999999996726,8.092362044657E-05));
#1207 = ( GEOMETRIC_REPRESENTATION_CONTEXT(2) 
PARAMETRIC_REPRESENTATION_CONTEXT() REPRESENTATION_CONTEXT('2D SPACE',''
  ) );
#1208 = PCURVE('',#577,#1209);
#1209 = DEFINITIONAL_REPRESENTATION('',(#1210),#1214);
#1210 = LINE('',#1211,#1212);
#1211 = CARTESIAN_POINT('',(3.141673577211,0.));
#1212 = VECTOR('',#1213,1.);
#1213 = DIRECTION('',(-1.,0.));
#1214 = ( GEOMETRIC_REPRESENTATION_CONTEXT(2) 
PARAMETRIC_REPRESENTATION_CONTEXT() REPRESENTATION_CONTEXT('2D SPACE',''
  ) );
#1215 = ORIENTED_EDGE('',*,*,#588,.F.);
#1216 = ADVANCED_FACE('',(#1217),#577,.T.);
#1217 = FACE_BOUND('',#1218,.T.);
#1218 = EDGE_LOOP('',(#1219,#1220,#1242,#1243));
#1219 = ORIENTED_EDGE('',*,*,#745,.F.);
#1220 = ORIENTED_EDGE('',*,*,#1221,.F.);
#1221 = EDGE_CURVE('',#534,#746,#1222,.T.);
#1222 = SURFACE_CURVE('',#1223,(#1228,#1235),.PCURVE_S1.);
#1223 = CIRCLE('',#1224,39.75);
#1224 = AXIS2_PLACEMENT_3D('',#1225,#1226,#1227);
#1225 = CARTESIAN_POINT('',(0.,0.,109.));
#1226 = DIRECTION('',(0.,0.,1.));
#1227 = DIRECTION('',(-0.999999996726,8.092362044657E-05,0.));
#1228 = PCURVE('',#577,#1229);
#1229 = DEFINITIONAL_REPRESENTATION('',(#1230),#1234);
#1230 = LINE('',#1231,#1232);
#1231 = CARTESIAN_POINT('',(3.141673577211,-28.3));
#1232 = VECTOR('',#1233,1.);
#1233 = DIRECTION('',(-1.,0.));
#1234 = ( GEOMETRIC_REPRESENTATION_CONTEXT(2) 
PARAMETRIC_REPRESENTATION_CONTEXT() REPRESENTATION_CONTEXT('2D SPACE',''
  ) );
#1235 = PCURVE('',#549,#1236);
#1236 = DEFINITIONAL_REPRESENTATION('',(#1237),#1241);
#1237 = CIRCLE('',#1238,39.75);
#1238 = AXIS2_PLACEMENT_2D('',#1239,#1240);
#1239 = CARTESIAN_POINT('',(4.403329231825E-15,-5.790076070423E-16));
#1240 = DIRECTION('',(-0.999999996726,8.092362044657E-05));
#1241 = ( GEOMETRIC_REPRESENTATION_CONTEXT(2) 
PARAMETRIC_REPRESENTATION_CONTEXT() REPRESENTATION_CONTEXT('2D SPACE',''
  ) );
#1242 = ORIENTED_EDGE('',*,*,#561,.T.);
#1243 = ORIENTED_EDGE('',*,*,#1194,.T.);
#1244 = ADVANCED_FACE('',(#1245),#549,.T.);
#1245 = FACE_BOUND('',#1246,.T.);
#1246 = EDGE_LOOP('',(#1247,#1248,#1249,#1277,#1305,#1331));
#1247 = ORIENTED_EDGE('',*,*,#1221,.T.);
#1248 = ORIENTED_EDGE('',*,*,#767,.F.);
#1249 = ORIENTED_EDGE('',*,*,#1250,.T.);
#1250 = EDGE_CURVE('',#768,#1251,#1253,.T.);
#1251 = VERTEX_POINT('',#1252);
#1252 = CARTESIAN_POINT('',(36.75,-2.25,109.));
#1253 = SURFACE_CURVE('',#1254,(#1259,#1270),.PCURVE_S1.);
#1254 = CIRCLE('',#1255,2.25);
#1255 = AXIS2_PLACEMENT_3D('',#1256,#1257,#1258);
#1256 = CARTESIAN_POINT('',(36.75,0.,109.));
#1257 = DIRECTION('',(0.,0.,-1.));
#1258 = DIRECTION('',(0.,1.,0.));
#1259 = PCURVE('',#549,#1260);
#1260 = DEFINITIONAL_REPRESENTATION('',(#1261),#1269);
#1261 = ( BOUNDED_CURVE() B_SPLINE_CURVE(2,(#1262,#1263,#1264,#1265,
#1266,#1267,#1268),.UNSPECIFIED.,.T.,.F.) B_SPLINE_CURVE_WITH_KNOTS((1,2
    ,2,2,2,1),(-2.094395102393,0.,2.094395102393,4.188790204786,
6.28318530718,8.377580409573),.UNSPECIFIED.) CURVE() 
GEOMETRIC_REPRESENTATION_ITEM() RATIONAL_B_SPLINE_CURVE((1.,0.5,1.,0.5,
1.,0.5,1.)) REPRESENTATION_ITEM('') );
#1262 = CARTESIAN_POINT('',(36.75,2.25));
#1263 = CARTESIAN_POINT('',(40.64711431703,2.25));
#1264 = CARTESIAN_POINT('',(38.698557158515,-1.125));
#1265 = CARTESIAN_POINT('',(36.75,-4.5));
#1266 = CARTESIAN_POINT('',(34.801442841485,-1.125));
#1267 = CARTESIAN_POINT('',(32.85288568297,2.25));
#1268 = CARTESIAN_POINT('',(36.75,2.25));
#1269 = ( GEOMETRIC_REPRESENTATION_CONTEXT(2) 
PARAMETRIC_REPRESENTATION_CONTEXT() REPRESENTATION_CONTEXT('2D SPACE',''
  ) );
#1270 = PCURVE('',#807,#1271);
#1271 = DEFINITIONAL_REPRESENTATION('',(#1272),#1276);
#1272 = LINE('',#1273,#1274);
#1273 = CARTESIAN_POINT('',(6.28318530718,1.5));
#1274 = VECTOR('',#1275,1.);
#1275 = DIRECTION('',(-1.,0.));
#1276 = ( GEOMETRIC_REPRESENTATION_CONTEXT(2) 
PARAMETRIC_REPRESENTATION_CONTEXT() REPRESENTATION_CONTEXT('2D SPACE',''
  ) );
#1277 = ORIENTED_EDGE('',*,*,#1278,.T.);
#1278 = EDGE_CURVE('',#1251,#1279,#1281,.T.);
#1279 = VERTEX_POINT('',#1280);
#1280 = CARTESIAN_POINT('',(-36.75,-2.25,109.));
#1281 = SURFACE_CURVE('',#1282,(#1286,#1293),.PCURVE_S1.);
#1282 = LINE('',#1283,#1284);
#1283 = CARTESIAN_POINT('',(36.75,-2.25,109.));
#1284 = VECTOR('',#1285,1.);
#1285 = DIRECTION('',(-1.,0.,0.));
#1286 = PCURVE('',#549,#1287);
#1287 = DEFINITIONAL_REPRESENTATION('',(#1288),#1292);
#1288 = LINE('',#1289,#1290);
#1289 = CARTESIAN_POINT('',(36.75,-2.25));
#1290 = VECTOR('',#1291,1.);
#1291 = DIRECTION('',(-1.,0.));
#1292 = ( GEOMETRIC_REPRESENTATION_CONTEXT(2) 
PARAMETRIC_REPRESENTATION_CONTEXT() REPRESENTATION_CONTEXT('2D SPACE',''
  ) );
#1293 = PCURVE('',#1294,#1299);
#1294 = PLANE('',#1295);
#1295 = AXIS2_PLACEMENT_3D('',#1296,#1297,#1298);
#1296 = CARTESIAN_POINT('',(36.75,-2.25,109.));
#1297 = DIRECTION('',(0.,0.707106781187,0.707106781187));
#1298 = DIRECTION('',(-1.,0.,0.));
#1299 = DEFINITIONAL_REPRESENTATION('',(#1300),#1304);
#1300 = LINE('',#1301,#1302);
#1301 = CARTESIAN_POINT('',(0.,0.));
#1302 = VECTOR('',#1303,1.);
#1303 = DIRECTION('',(1.,0.));
#1304 = ( GEOMETRIC_REPRESENTATION_CONTEXT(2) 
PARAMETRIC_REPRESENTATION_CONTEXT() REPRESENTATION_CONTEXT('2D SPACE',''
  ) );
#1305 = ORIENTED_EDGE('',*,*,#1306,.T.);
#1306 = EDGE_CURVE('',#1279,#500,#1307,.T.);
#1307 = SURFACE_CURVE('',#1308,(#1313,#1324),.PCURVE_S1.);
#1308 = CIRCLE('',#1309,2.25);
#1309 = AXIS2_PLACEMENT_3D('',#1310,#1311,#1312);
#1310 = CARTESIAN_POINT('',(-36.75,0.,109.));
#1311 = DIRECTION('',(-0.,-0.,-1.));
#1312 = DIRECTION('',(0.,-1.,0.));
#1313 = PCURVE('',#549,#1314);
#1314 = DEFINITIONAL_REPRESENTATION('',(#1315),#1323);
#1315 = ( BOUNDED_CURVE() B_SPLINE_CURVE(2,(#1316,#1317,#1318,#1319,
#1320,#1321,#1322),.UNSPECIFIED.,.T.,.F.) B_SPLINE_CURVE_WITH_KNOTS((1,2
    ,2,2,2,1),(-2.094395102393,0.,2.094395102393,4.188790204786,
6.28318530718,8.377580409573),.UNSPECIFIED.) CURVE() 
GEOMETRIC_REPRESENTATION_ITEM() RATIONAL_B_SPLINE_CURVE((1.,0.5,1.,0.5,
1.,0.5,1.)) REPRESENTATION_ITEM('') );
#1316 = CARTESIAN_POINT('',(-36.75,-2.25));
#1317 = CARTESIAN_POINT('',(-40.64711431703,-2.25));
#1318 = CARTESIAN_POINT('',(-38.69855715851,1.125));
#1319 = CARTESIAN_POINT('',(-36.75,4.5));
#1320 = CARTESIAN_POINT('',(-34.80144284148,1.125));
#1321 = CARTESIAN_POINT('',(-32.85288568297,-2.25));
#1322 = CARTESIAN_POINT('',(-36.75,-2.25));
#1323 = ( GEOMETRIC_REPRESENTATION_CONTEXT(2) 
PARAMETRIC_REPRESENTATION_CONTEXT() REPRESENTATION_CONTEXT('2D SPACE',''
  ) );
#1324 = PCURVE('',#516,#1325);
#1325 = DEFINITIONAL_REPRESENTATION('',(#1326),#1330);
#1326 = LINE('',#1327,#1328);
#1327 = CARTESIAN_POINT('',(6.28318530718,1.5));
#1328 = VECTOR('',#1329,1.);
#1329 = DIRECTION('',(-1.,0.));
#1330 = ( GEOMETRIC_REPRESENTATION_CONTEXT(2) 
PARAMETRIC_REPRESENTATION_CONTEXT() REPRESENTATION_CONTEXT('2D SPACE',''
  ) );
#1331 = ORIENTED_EDGE('',*,*,#533,.F.);
#1332 = ADVANCED_FACE('',(#1333),#516,.F.);
#1333 = FACE_BOUND('',#1334,.F.);
#1334 = EDGE_LOOP('',(#1335,#1336,#1337,#1361));
#1335 = ORIENTED_EDGE('',*,*,#1306,.T.);
#1336 = ORIENTED_EDGE('',*,*,#499,.F.);
#1337 = ORIENTED_EDGE('',*,*,#1338,.F.);
#1338 = EDGE_CURVE('',#1339,#473,#1341,.T.);
#1339 = VERTEX_POINT('',#1340);
#1340 = CARTESIAN_POINT('',(-36.75,-0.75,107.5));
#1341 = SURFACE_CURVE('',#1342,(#1347,#1354),.PCURVE_S1.);
#1342 = CIRCLE('',#1343,0.75);
#1343 = AXIS2_PLACEMENT_3D('',#1344,#1345,#1346);
#1344 = CARTESIAN_POINT('',(-36.75,0.,107.5));
#1345 = DIRECTION('',(-0.,-0.,-1.));
#1346 = DIRECTION('',(0.,-1.,0.));
#1347 = PCURVE('',#516,#1348);
#1348 = DEFINITIONAL_REPRESENTATION('',(#1349),#1353);
#1349 = LINE('',#1350,#1351);
#1350 = CARTESIAN_POINT('',(6.28318530718,0.));
#1351 = VECTOR('',#1352,1.);
#1352 = DIRECTION('',(-1.,0.));
#1353 = ( GEOMETRIC_REPRESENTATION_CONTEXT(2) 
PARAMETRIC_REPRESENTATION_CONTEXT() REPRESENTATION_CONTEXT('2D SPACE',''
  ) );
#1354 = PCURVE('',#488,#1355);
#1355 = DEFINITIONAL_REPRESENTATION('',(#1356),#1360);
#1356 = LINE('',#1357,#1358);
#1357 = CARTESIAN_POINT('',(0.,-8.5));
#1358 = VECTOR('',#1359,1.);
#1359 = DIRECTION('',(1.,0.));
#1360 = ( GEOMETRIC_REPRESENTATION_CONTEXT(2) 
PARAMETRIC_REPRESENTATION_CONTEXT() REPRESENTATION_CONTEXT('2D SPACE',''
  ) );
#1361 = ORIENTED_EDGE('',*,*,#1362,.T.);
#1362 = EDGE_CURVE('',#1339,#1279,#1363,.T.);
#1363 = SURFACE_CURVE('',#1364,(#1367,#1373),.PCURVE_S1.);
#1364 = B_SPLINE_CURVE_WITH_KNOTS('',1,(#1365,#1366),.UNSPECIFIED.,.F.,
  .F.,(2,2),(0.,1.),.PIECEWISE_BEZIER_KNOTS.);
#1365 = CARTESIAN_POINT('',(-36.75,-0.75,107.5));
#1366 = CARTESIAN_POINT('',(-36.75,-2.25,109.));
#1367 = PCURVE('',#516,#1368);
#1368 = DEFINITIONAL_REPRESENTATION('',(#1369),#1372);
#1369 = B_SPLINE_CURVE_WITH_KNOTS('',1,(#1370,#1371),.UNSPECIFIED.,.F.,
  .F.,(2,2),(0.,1.),.PIECEWISE_BEZIER_KNOTS.);
#1370 = CARTESIAN_POINT('',(6.28318530718,0.));
#1371 = CARTESIAN_POINT('',(6.28318530718,1.5));
#1372 = ( GEOMETRIC_REPRESENTATION_CONTEXT(2) 
PARAMETRIC_REPRESENTATION_CONTEXT() REPRESENTATION_CONTEXT('2D SPACE',''
  ) );
#1373 = PCURVE('',#1294,#1374);
#1374 = DEFINITIONAL_REPRESENTATION('',(#1375),#1378);
#1375 = B_SPLINE_CURVE_WITH_KNOTS('',1,(#1376,#1377),.UNSPECIFIED.,.F.,
  .F.,(2,2),(0.,1.),.PIECEWISE_BEZIER_KNOTS.);
#1376 = CARTESIAN_POINT('',(73.5,-2.12132034356));
#1377 = CARTESIAN_POINT('',(73.5,0.));
#1378 = ( GEOMETRIC_REPRESENTATION_CONTEXT(2) 
PARAMETRIC_REPRESENTATION_CONTEXT() REPRESENTATION_CONTEXT('2D SPACE',''
  ) );
#1379 = ADVANCED_FACE('',(#1380),#488,.F.);
#1380 = FACE_BOUND('',#1381,.F.);
#1381 = EDGE_LOOP('',(#1382,#1383,#1404,#1405));
#1382 = ORIENTED_EDGE('',*,*,#1140,.F.);
#1383 = ORIENTED_EDGE('',*,*,#1384,.T.);
#1384 = EDGE_CURVE('',#1087,#1339,#1385,.T.);
#1385 = SURFACE_CURVE('',#1386,(#1390,#1397),.PCURVE_S1.);
#1386 = LINE('',#1387,#1388);
#1387 = CARTESIAN_POINT('',(-36.75,-0.75,99.));
#1388 = VECTOR('',#1389,1.);
#1389 = DIRECTION('',(0.,0.,1.));
#1390 = PCURVE('',#488,#1391);
#1391 = DEFINITIONAL_REPRESENTATION('',(#1392),#1396);
#1392 = LINE('',#1393,#1394);
#1393 = CARTESIAN_POINT('',(0.,0.));
#1394 = VECTOR('',#1395,1.);
#1395 = DIRECTION('',(0.,-1.));
#1396 = ( GEOMETRIC_REPRESENTATION_CONTEXT(2) 
PARAMETRIC_REPRESENTATION_CONTEXT() REPRESENTATION_CONTEXT('2D SPACE',''
  ) );
#1397 = PCURVE('',#1102,#1398);
#1398 = DEFINITIONAL_REPRESENTATION('',(#1399),#1403);
#1399 = LINE('',#1400,#1401);
#1400 = CARTESIAN_POINT('',(73.5,0.));
#1401 = VECTOR('',#1402,1.);
#1402 = DIRECTION('',(0.,-1.));
#1403 = ( GEOMETRIC_REPRESENTATION_CONTEXT(2) 
PARAMETRIC_REPRESENTATION_CONTEXT() REPRESENTATION_CONTEXT('2D SPACE',''
  ) );
#1404 = ORIENTED_EDGE('',*,*,#1338,.T.);
#1405 = ORIENTED_EDGE('',*,*,#472,.T.);
#1406 = ADVANCED_FACE('',(#1407),#840,.F.);
#1407 = FACE_BOUND('',#1408,.F.);
#1408 = EDGE_LOOP('',(#1409,#1410,#1411,#1435));
#1409 = ORIENTED_EDGE('',*,*,#1060,.F.);
#1410 = ORIENTED_EDGE('',*,*,#824,.F.);
#1411 = ORIENTED_EDGE('',*,*,#1412,.T.);
#1412 = EDGE_CURVE('',#791,#1413,#1415,.T.);
#1413 = VERTEX_POINT('',#1414);
#1414 = CARTESIAN_POINT('',(36.75,-0.75,107.5));
#1415 = SURFACE_CURVE('',#1416,(#1421,#1428),.PCURVE_S1.);
#1416 = CIRCLE('',#1417,0.75);
#1417 = AXIS2_PLACEMENT_3D('',#1418,#1419,#1420);
#1418 = CARTESIAN_POINT('',(36.75,0.,107.5));
#1419 = DIRECTION('',(0.,0.,-1.));
#1420 = DIRECTION('',(0.,1.,0.));
#1421 = PCURVE('',#840,#1422);
#1422 = DEFINITIONAL_REPRESENTATION('',(#1423),#1427);
#1423 = LINE('',#1424,#1425);
#1424 = CARTESIAN_POINT('',(0.,-8.5));
#1425 = VECTOR('',#1426,1.);
#1426 = DIRECTION('',(1.,0.));
#1427 = ( GEOMETRIC_REPRESENTATION_CONTEXT(2) 
PARAMETRIC_REPRESENTATION_CONTEXT() REPRESENTATION_CONTEXT('2D SPACE',''
  ) );
#1428 = PCURVE('',#807,#1429);
#1429 = DEFINITIONAL_REPRESENTATION('',(#1430),#1434);
#1430 = LINE('',#1431,#1432);
#1431 = CARTESIAN_POINT('',(6.28318530718,0.));
#1432 = VECTOR('',#1433,1.);
#1433 = DIRECTION('',(-1.,0.));
#1434 = ( GEOMETRIC_REPRESENTATION_CONTEXT(2) 
PARAMETRIC_REPRESENTATION_CONTEXT() REPRESENTATION_CONTEXT('2D SPACE',''
  ) );
#1435 = ORIENTED_EDGE('',*,*,#1436,.F.);
#1436 = EDGE_CURVE('',#1036,#1413,#1437,.T.);
#1437 = SURFACE_CURVE('',#1438,(#1442,#1449),.PCURVE_S1.);
#1438 = LINE('',#1439,#1440);
#1439 = CARTESIAN_POINT('',(36.75,-0.75,99.));
#1440 = VECTOR('',#1441,1.);
#1441 = DIRECTION('',(0.,0.,1.));
#1442 = PCURVE('',#840,#1443);
#1443 = DEFINITIONAL_REPRESENTATION('',(#1444),#1448);
#1444 = LINE('',#1445,#1446);
#1445 = CARTESIAN_POINT('',(3.14159265359,0.));
#1446 = VECTOR('',#1447,1.);
#1447 = DIRECTION('',(0.,-1.));
#1448 = ( GEOMETRIC_REPRESENTATION_CONTEXT(2) 
PARAMETRIC_REPRESENTATION_CONTEXT() REPRESENTATION_CONTEXT('2D SPACE',''
  ) );
#1449 = PCURVE('',#1102,#1450);
#1450 = DEFINITIONAL_REPRESENTATION('',(#1451),#1455);
#1451 = LINE('',#1452,#1453);
#1452 = CARTESIAN_POINT('',(0.,-0.));
#1453 = VECTOR('',#1454,1.);
#1454 = DIRECTION('',(0.,-1.));
#1455 = ( GEOMETRIC_REPRESENTATION_CONTEXT(2) 
PARAMETRIC_REPRESENTATION_CONTEXT() REPRESENTATION_CONTEXT('2D SPACE',''
  ) );
#1456 = ADVANCED_FACE('',(#1457),#807,.F.);
#1457 = FACE_BOUND('',#1458,.F.);
#1458 = EDGE_LOOP('',(#1459,#1460,#1478,#1479));
#1459 = ORIENTED_EDGE('',*,*,#1250,.T.);
#1460 = ORIENTED_EDGE('',*,*,#1461,.F.);
#1461 = EDGE_CURVE('',#1413,#1251,#1462,.T.);
#1462 = SURFACE_CURVE('',#1463,(#1466,#1472),.PCURVE_S1.);
#1463 = B_SPLINE_CURVE_WITH_KNOTS('',1,(#1464,#1465),.UNSPECIFIED.,.F.,
  .F.,(2,2),(0.,1.),.PIECEWISE_BEZIER_KNOTS.);
#1464 = CARTESIAN_POINT('',(36.75,-0.75,107.5));
#1465 = CARTESIAN_POINT('',(36.75,-2.25,109.));
#1466 = PCURVE('',#807,#1467);
#1467 = DEFINITIONAL_REPRESENTATION('',(#1468),#1471);
#1468 = B_SPLINE_CURVE_WITH_KNOTS('',1,(#1469,#1470),.UNSPECIFIED.,.F.,
  .F.,(2,2),(0.,1.),.PIECEWISE_BEZIER_KNOTS.);
#1469 = CARTESIAN_POINT('',(3.14159265359,0.));
#1470 = CARTESIAN_POINT('',(3.14159265359,1.5));
#1471 = ( GEOMETRIC_REPRESENTATION_CONTEXT(2) 
PARAMETRIC_REPRESENTATION_CONTEXT() REPRESENTATION_CONTEXT('2D SPACE',''
  ) );
#1472 = PCURVE('',#1294,#1473);
#1473 = DEFINITIONAL_REPRESENTATION('',(#1474),#1477);
#1474 = B_SPLINE_CURVE_WITH_KNOTS('',1,(#1475,#1476),.UNSPECIFIED.,.F.,
  .F.,(2,2),(0.,1.),.PIECEWISE_BEZIER_KNOTS.);
#1475 = CARTESIAN_POINT('',(0.,-2.12132034356));
#1476 = CARTESIAN_POINT('',(0.,0.));
#1477 = ( GEOMETRIC_REPRESENTATION_CONTEXT(2) 
PARAMETRIC_REPRESENTATION_CONTEXT() REPRESENTATION_CONTEXT('2D SPACE',''
  ) );
#1478 = ORIENTED_EDGE('',*,*,#1412,.F.);
#1479 = ORIENTED_EDGE('',*,*,#790,.F.);
#1480 = ADVANCED_FACE('',(#1481),#1102,.F.);
#1481 = FACE_BOUND('',#1482,.F.);
#1482 = EDGE_LOOP('',(#1483,#1484,#1485,#1506));
#1483 = ORIENTED_EDGE('',*,*,#1086,.F.);
#1484 = ORIENTED_EDGE('',*,*,#1436,.T.);
#1485 = ORIENTED_EDGE('',*,*,#1486,.T.);
#1486 = EDGE_CURVE('',#1413,#1339,#1487,.T.);
#1487 = SURFACE_CURVE('',#1488,(#1492,#1499),.PCURVE_S1.);
#1488 = LINE('',#1489,#1490);
#1489 = CARTESIAN_POINT('',(36.75,-0.75,107.5));
#1490 = VECTOR('',#1491,1.);
#1491 = DIRECTION('',(-1.,0.,0.));
#1492 = PCURVE('',#1102,#1493);
#1493 = DEFINITIONAL_REPRESENTATION('',(#1494),#1498);
#1494 = LINE('',#1495,#1496);
#1495 = CARTESIAN_POINT('',(0.,-8.5));
#1496 = VECTOR('',#1497,1.);
#1497 = DIRECTION('',(1.,0.));
#1498 = ( GEOMETRIC_REPRESENTATION_CONTEXT(2) 
PARAMETRIC_REPRESENTATION_CONTEXT() REPRESENTATION_CONTEXT('2D SPACE',''
  ) );
#1499 = PCURVE('',#1294,#1500);
#1500 = DEFINITIONAL_REPRESENTATION('',(#1501),#1505);
#1501 = LINE('',#1502,#1503);
#1502 = CARTESIAN_POINT('',(0.,-2.12132034356));
#1503 = VECTOR('',#1504,1.);
#1504 = DIRECTION('',(1.,0.));
#1505 = ( GEOMETRIC_REPRESENTATION_CONTEXT(2) 
PARAMETRIC_REPRESENTATION_CONTEXT() REPRESENTATION_CONTEXT('2D SPACE',''
  ) );
#1506 = ORIENTED_EDGE('',*,*,#1384,.F.);
#1507 = ADVANCED_FACE('',(#1508),#1294,.T.);
#1508 = FACE_BOUND('',#1509,.T.);
#1509 = EDGE_LOOP('',(#1510,#1511,#1512,#1513));
#1510 = ORIENTED_EDGE('',*,*,#1486,.T.);
#1511 = ORIENTED_EDGE('',*,*,#1362,.T.);
#1512 = ORIENTED_EDGE('',*,*,#1278,.F.);
#1513 = ORIENTED_EDGE('',*,*,#1461,.F.);
#1514 = ORIENTED_CLOSED_SHELL('',*,#1515,.F.);
#1515 = CLOSED_SHELL('',(#1516,#1604,#1608));
#1516 = ADVANCED_FACE('',(#1517),#1530,.T.);
#1517 = FACE_BOUND('',#1518,.T.);
#1518 = EDGE_LOOP('',(#1519,#1553,#1576,#1603));
#1519 = ORIENTED_EDGE('',*,*,#1520,.T.);
#1520 = EDGE_CURVE('',#1521,#1521,#1523,.T.);
#1521 = VERTEX_POINT('',#1522);
#1522 = CARTESIAN_POINT('',(-39.5,0.,54.5));
#1523 = SURFACE_CURVE('',#1524,(#1529,#1541),.PCURVE_S1.);
#1524 = CIRCLE('',#1525,2.);
#1525 = AXIS2_PLACEMENT_3D('',#1526,#1527,#1528);
#1526 = CARTESIAN_POINT('',(-41.5,0.,54.5));
#1527 = DIRECTION('',(0.,-1.,0.));
#1528 = DIRECTION('',(1.,0.,0.));
#1529 = PCURVE('',#1530,#1535);
#1530 = CYLINDRICAL_SURFACE('',#1531,2.);
#1531 = AXIS2_PLACEMENT_3D('',#1532,#1533,#1534);
#1532 = CARTESIAN_POINT('',(-41.5,0.,54.5));
#1533 = DIRECTION('',(0.,1.,0.));
#1534 = DIRECTION('',(1.,0.,0.));
#1535 = DEFINITIONAL_REPRESENTATION('',(#1536),#1540);
#1536 = LINE('',#1537,#1538);
#1537 = CARTESIAN_POINT('',(6.28318530718,0.));
#1538 = VECTOR('',#1539,1.);
#1539 = DIRECTION('',(-1.,0.));
#1540 = ( GEOMETRIC_REPRESENTATION_CONTEXT(2) 
PARAMETRIC_REPRESENTATION_CONTEXT() REPRESENTATION_CONTEXT('2D SPACE',''
  ) );
#1541 = PCURVE('',#1542,#1547);
#1542 = PLANE('',#1543);
#1543 = AXIS2_PLACEMENT_3D('',#1544,#1545,#1546);
#1544 = CARTESIAN_POINT('',(-41.5,0.,54.5));
#1545 = DIRECTION('',(-0.,-1.,-0.));
#1546 = DIRECTION('',(0.,0.,-1.));
#1547 = DEFINITIONAL_REPRESENTATION('',(#1548),#1552);
#1548 = CIRCLE('',#1549,2.);
#1549 = AXIS2_PLACEMENT_2D('',#1550,#1551);
#1550 = CARTESIAN_POINT('',(0.,0.));
#1551 = DIRECTION('',(0.,1.));
#1552 = ( GEOMETRIC_REPRESENTATION_CONTEXT(2) 
PARAMETRIC_REPRESENTATION_CONTEXT() REPRESENTATION_CONTEXT('2D SPACE',''
  ) );
#1553 = ORIENTED_EDGE('',*,*,#1554,.T.);
#1554 = EDGE_CURVE('',#1521,#1555,#1557,.T.);
#1555 = VERTEX_POINT('',#1556);
#1556 = CARTESIAN_POINT('',(-39.5,-12.,54.5));
#1557 = SEAM_CURVE('',#1558,(#1562,#1569),.PCURVE_S1.);
#1558 = LINE('',#1559,#1560);
#1559 = CARTESIAN_POINT('',(-39.5,0.,54.5));
#1560 = VECTOR('',#1561,1.);
#1561 = DIRECTION('',(0.,-1.,0.));
#1562 = PCURVE('',#1530,#1563);
#1563 = DEFINITIONAL_REPRESENTATION('',(#1564),#1568);
#1564 = LINE('',#1565,#1566);
#1565 = CARTESIAN_POINT('',(-4.138911435803E-13,0.));
#1566 = VECTOR('',#1567,1.);
#1567 = DIRECTION('',(-0.,-1.));
#1568 = ( GEOMETRIC_REPRESENTATION_CONTEXT(2) 
PARAMETRIC_REPRESENTATION_CONTEXT() REPRESENTATION_CONTEXT('2D SPACE',''
  ) );
#1569 = PCURVE('',#1530,#1570);
#1570 = DEFINITIONAL_REPRESENTATION('',(#1571),#1575);
#1571 = LINE('',#1572,#1573);
#1572 = CARTESIAN_POINT('',(6.28318530718,0.));
#1573 = VECTOR('',#1574,1.);
#1574 = DIRECTION('',(-0.,-1.));
#1575 = ( GEOMETRIC_REPRESENTATION_CONTEXT(2) 
PARAMETRIC_REPRESENTATION_CONTEXT() REPRESENTATION_CONTEXT('2D SPACE',''
  ) );
#1576 = ORIENTED_EDGE('',*,*,#1577,.F.);
#1577 = EDGE_CURVE('',#1555,#1555,#1578,.T.);
#1578 = SURFACE_CURVE('',#1579,(#1584,#1591),.PCURVE_S1.);
#1579 = CIRCLE('',#1580,2.);
#1580 = AXIS2_PLACEMENT_3D('',#1581,#1582,#1583);
#1581 = CARTESIAN_POINT('',(-41.5,-12.,54.5));
#1582 = DIRECTION('',(0.,-1.,0.));
#1583 = DIRECTION('',(1.,0.,0.));
#1584 = PCURVE('',#1530,#1585);
#1585 = DEFINITIONAL_REPRESENTATION('',(#1586),#1590);
#1586 = LINE('',#1587,#1588);
#1587 = CARTESIAN_POINT('',(6.28318530718,-12.));
#1588 = VECTOR('',#1589,1.);
#1589 = DIRECTION('',(-1.,0.));
#1590 = ( GEOMETRIC_REPRESENTATION_CONTEXT(2) 
PARAMETRIC_REPRESENTATION_CONTEXT() REPRESENTATION_CONTEXT('2D SPACE',''
  ) );
#1591 = PCURVE('',#1592,#1597);
#1592 = PLANE('',#1593);
#1593 = AXIS2_PLACEMENT_3D('',#1594,#1595,#1596);
#1594 = CARTESIAN_POINT('',(-41.5,-12.,54.5));
#1595 = DIRECTION('',(-0.,-1.,-0.));
#1596 = DIRECTION('',(0.,0.,-1.));
#1597 = DEFINITIONAL_REPRESENTATION('',(#1598),#1602);
#1598 = CIRCLE('',#1599,2.);
#1599 = AXIS2_PLACEMENT_2D('',#1600,#1601);
#1600 = CARTESIAN_POINT('',(0.,0.));
#1601 = DIRECTION('',(0.,1.));
#1602 = ( GEOMETRIC_REPRESENTATION_CONTEXT(2) 
PARAMETRIC_REPRESENTATION_CONTEXT() REPRESENTATION_CONTEXT('2D SPACE',''
  ) );
#1603 = ORIENTED_EDGE('',*,*,#1554,.F.);
#1604 = ADVANCED_FACE('',(#1605),#1542,.F.);
#1605 = FACE_BOUND('',#1606,.F.);
#1606 = EDGE_LOOP('',(#1607));
#1607 = ORIENTED_EDGE('',*,*,#1520,.T.);
#1608 = ADVANCED_FACE('',(#1609),#1592,.T.);
#1609 = FACE_BOUND('',#1610,.T.);
#1610 = EDGE_LOOP('',(#1611));
#1611 = ORIENTED_EDGE('',*,*,#1577,.T.);
#1612 = ORIENTED_CLOSED_SHELL('',*,#1613,.F.);
#1613 = CLOSED_SHELL('',(#1614,#1702,#1706));
#1614 = ADVANCED_FACE('',(#1615),#1628,.T.);
#1615 = FACE_BOUND('',#1616,.T.);
#1616 = EDGE_LOOP('',(#1617,#1651,#1674,#1701));
#1617 = ORIENTED_EDGE('',*,*,#1618,.T.);
#1618 = EDGE_CURVE('',#1619,#1619,#1621,.T.);
#1619 = VERTEX_POINT('',#1620);
#1620 = CARTESIAN_POINT('',(43.5,0.,54.5));
#1621 = SURFACE_CURVE('',#1622,(#1627,#1639),.PCURVE_S1.);
#1622 = CIRCLE('',#1623,2.);
#1623 = AXIS2_PLACEMENT_3D('',#1624,#1625,#1626);
#1624 = CARTESIAN_POINT('',(41.5,0.,54.5));
#1625 = DIRECTION('',(0.,-1.,0.));
#1626 = DIRECTION('',(1.,0.,0.));
#1627 = PCURVE('',#1628,#1633);
#1628 = CYLINDRICAL_SURFACE('',#1629,2.);
#1629 = AXIS2_PLACEMENT_3D('',#1630,#1631,#1632);
#1630 = CARTESIAN_POINT('',(41.5,0.,54.5));
#1631 = DIRECTION('',(0.,1.,0.));
#1632 = DIRECTION('',(1.,0.,0.));
#1633 = DEFINITIONAL_REPRESENTATION('',(#1634),#1638);
#1634 = LINE('',#1635,#1636);
#1635 = CARTESIAN_POINT('',(6.28318530718,0.));
#1636 = VECTOR('',#1637,1.);
#1637 = DIRECTION('',(-1.,0.));
#1638 = ( GEOMETRIC_REPRESENTATION_CONTEXT(2) 
PARAMETRIC_REPRESENTATION_CONTEXT() REPRESENTATION_CONTEXT('2D SPACE',''
  ) );
#1639 = PCURVE('',#1640,#1645);
#1640 = PLANE('',#1641);
#1641 = AXIS2_PLACEMENT_3D('',#1642,#1643,#1644);
#1642 = CARTESIAN_POINT('',(41.5,0.,54.5));
#1643 = DIRECTION('',(-0.,-1.,-0.));
#1644 = DIRECTION('',(0.,0.,-1.));
#1645 = DEFINITIONAL_REPRESENTATION('',(#1646),#1650);
#1646 = CIRCLE('',#1647,2.);
#1647 = AXIS2_PLACEMENT_2D('',#1648,#1649);
#1648 = CARTESIAN_POINT('',(0.,0.));
#1649 = DIRECTION('',(0.,1.));
#1650 = ( GEOMETRIC_REPRESENTATION_CONTEXT(2) 
PARAMETRIC_REPRESENTATION_CONTEXT() REPRESENTATION_CONTEXT('2D SPACE',''
  ) );
#1651 = ORIENTED_EDGE('',*,*,#1652,.T.);
#1652 = EDGE_CURVE('',#1619,#1653,#1655,.T.);
#1653 = VERTEX_POINT('',#1654);
#1654 = CARTESIAN_POINT('',(43.5,-12.,54.5));
#1655 = SEAM_CURVE('',#1656,(#1660,#1667),.PCURVE_S1.);
#1656 = LINE('',#1657,#1658);
#1657 = CARTESIAN_POINT('',(43.5,0.,54.5));
#1658 = VECTOR('',#1659,1.);
#1659 = DIRECTION('',(0.,-1.,0.));
#1660 = PCURVE('',#1628,#1661);
#1661 = DEFINITIONAL_REPRESENTATION('',(#1662),#1666);
#1662 = LINE('',#1663,#1664);
#1663 = CARTESIAN_POINT('',(-4.138911435803E-13,0.));
#1664 = VECTOR('',#1665,1.);
#1665 = DIRECTION('',(-0.,-1.));
#1666 = ( GEOMETRIC_REPRESENTATION_CONTEXT(2) 
PARAMETRIC_REPRESENTATION_CONTEXT() REPRESENTATION_CONTEXT('2D SPACE',''
  ) );
#1667 = PCURVE('',#1628,#1668);
#1668 = DEFINITIONAL_REPRESENTATION('',(#1669),#1673);
#1669 = LINE('',#1670,#1671);
#1670 = CARTESIAN_POINT('',(6.28318530718,0.));
#1671 = VECTOR('',#1672,1.);
#1672 = DIRECTION('',(-0.,-1.));
#1673 = ( GEOMETRIC_REPRESENTATION_CONTEXT(2) 
PARAMETRIC_REPRESENTATION_CONTEXT() REPRESENTATION_CONTEXT('2D SPACE',''
  ) );
#1674 = ORIENTED_EDGE('',*,*,#1675,.F.);
#1675 = EDGE_CURVE('',#1653,#1653,#1676,.T.);
#1676 = SURFACE_CURVE('',#1677,(#1682,#1689),.PCURVE_S1.);
#1677 = CIRCLE('',#1678,2.);
#1678 = AXIS2_PLACEMENT_3D('',#1679,#1680,#1681);
#1679 = CARTESIAN_POINT('',(41.5,-12.,54.5));
#1680 = DIRECTION('',(0.,-1.,0.));
#1681 = DIRECTION('',(1.,0.,0.));
#1682 = PCURVE('',#1628,#1683);
#1683 = DEFINITIONAL_REPRESENTATION('',(#1684),#1688);
#1684 = LINE('',#1685,#1686);
#1685 = CARTESIAN_POINT('',(6.28318530718,-12.));
#1686 = VECTOR('',#1687,1.);
#1687 = DIRECTION('',(-1.,0.));
#1688 = ( GEOMETRIC_REPRESENTATION_CONTEXT(2) 
PARAMETRIC_REPRESENTATION_CONTEXT() REPRESENTATION_CONTEXT('2D SPACE',''
  ) );
#1689 = PCURVE('',#1690,#1695);
#1690 = PLANE('',#1691);
#1691 = AXIS2_PLACEMENT_3D('',#1692,#1693,#1694);
#1692 = CARTESIAN_POINT('',(41.5,-12.,54.5));
#1693 = DIRECTION('',(-0.,-1.,-0.));
#1694 = DIRECTION('',(0.,0.,-1.));
#1695 = DEFINITIONAL_REPRESENTATION('',(#1696),#1700);
#1696 = CIRCLE('',#1697,2.);
#1697 = AXIS2_PLACEMENT_2D('',#1698,#1699);
#1698 = CARTESIAN_POINT('',(0.,0.));
#1699 = DIRECTION('',(0.,1.));
#1700 = ( GEOMETRIC_REPRESENTATION_CONTEXT(2) 
PARAMETRIC_REPRESENTATION_CONTEXT() REPRESENTATION_CONTEXT('2D SPACE',''
  ) );
#1701 = ORIENTED_EDGE('',*,*,#1652,.F.);
#1702 = ADVANCED_FACE('',(#1703),#1640,.F.);
#1703 = FACE_BOUND('',#1704,.F.);
#1704 = EDGE_LOOP('',(#1705));
#1705 = ORIENTED_EDGE('',*,*,#1618,.T.);
#1706 = ADVANCED_FACE('',(#1707),#1690,.T.);
#1707 = FACE_BOUND('',#1708,.T.);
#1708 = EDGE_LOOP('',(#1709));
#1709 = ORIENTED_EDGE('',*,*,#1675,.T.);
#1710 = ( GEOMETRIC_REPRESENTATION_CONTEXT(3) 
GLOBAL_UNCERTAINTY_ASSIGNED_CONTEXT((#1714)) 
GLOBAL_UNIT_ASSIGNED_CONTEXT((#1711,#1712,#1713)) REPRESENTATION_CONTEXT
('Context #1','3D Context with UNIT and UNCERTAINTY') );
#1711 = ( LENGTH_UNIT() NAMED_UNIT(*) SI_UNIT(.MILLI.,.METRE.) );
#1712 = ( NAMED_UNIT(*) PLANE_ANGLE_UNIT() SI_UNIT($,.RADIAN.) );
#1713 = ( NAMED_UNIT(*) SI_UNIT($,.STERADIAN.) SOLID_ANGLE_UNIT() );
#1714 = UNCERTAINTY_MEASURE_WITH_UNIT(LENGTH_MEASURE(1.E-07),#1711,
  'distance_accuracy_value','confusion accuracy');
#1715 = CONTEXT_DEPENDENT_SHAPE_REPRESENTATION(#1716,#1718);
#1716 = ( REPRESENTATION_RELATIONSHIP('','',#40,#10) 
REPRESENTATION_RELATIONSHIP_WITH_TRANSFORMATION(#1717) 
SHAPE_REPRESENTATION_RELATIONSHIP() );
#1717 = ITEM_DEFINED_TRANSFORMATION('','',#11,#15);
#1718 = PRODUCT_DEFINITION_SHAPE('Placement','Placement of an item',
  #1719);
#1719 = NEXT_ASSEMBLY_USAGE_OCCURRENCE('8','Camada_01_Body_A','',#5,#35,
  $);
#1720 = PRODUCT_RELATED_PRODUCT_CATEGORY('part',$,(#37));
#1721 = SHAPE_DEFINITION_REPRESENTATION(#1722,#1728);
#1722 = PRODUCT_DEFINITION_SHAPE('','',#1723);
#1723 = PRODUCT_DEFINITION('design','',#1724,#1727);
#1724 = PRODUCT_DEFINITION_FORMATION('','',#1725);
#1725 = PRODUCT('Camada_02_Body_B','Camada_02_Body_B','',(#1726));
#1726 = PRODUCT_CONTEXT('',#2,'mechanical');
#1727 = PRODUCT_DEFINITION_CONTEXT('part definition',#2,'design');
#1728 = ADVANCED_BREP_SHAPE_REPRESENTATION('',(#11,#1729),#3097);
#1729 = MANIFOLD_SOLID_BREP('',#1730);
#1730 = CLOSED_SHELL('',(#1731,#1851,#1991,#2232,#2282,#2615,#2690,#2717
    ,#2745,#2773,#2801,#2889,#2936,#2963,#2989,#3039,#3063,#3090));
#1731 = ADVANCED_FACE('',(#1732),#1746,.T.);
#1732 = FACE_BOUND('',#1733,.T.);
#1733 = EDGE_LOOP('',(#1734,#1768,#1797,#1824));
#1734 = ORIENTED_EDGE('',*,*,#1735,.F.);
#1735 = EDGE_CURVE('',#1736,#1738,#1740,.T.);
#1736 = VERTEX_POINT('',#1737);
#1737 = CARTESIAN_POINT('',(-46.49999988873,3.216713912742E-03,69.9));
#1738 = VERTEX_POINT('',#1739);
#1739 = CARTESIAN_POINT('',(-46.49999988873,3.216713912742E-03,0.));
#1740 = SURFACE_CURVE('',#1741,(#1745,#1756),.PCURVE_S1.);
#1741 = LINE('',#1742,#1743);
#1742 = CARTESIAN_POINT('',(-46.49999988873,3.216713912751E-03,0.));
#1743 = VECTOR('',#1744,1.);
#1744 = DIRECTION('',(-0.,-0.,-1.));
#1745 = PCURVE('',#1746,#1751);
#1746 = CYLINDRICAL_SURFACE('',#1747,46.5);
#1747 = AXIS2_PLACEMENT_3D('',#1748,#1749,#1750);
#1748 = CARTESIAN_POINT('',(0.,0.,0.));
#1749 = DIRECTION('',(-0.,-0.,-1.));
#1750 = DIRECTION('',(1.,0.,0.));
#1751 = DEFINITIONAL_REPRESENTATION('',(#1752),#1755);
#1752 = B_SPLINE_CURVE_WITH_KNOTS('',1,(#1753,#1754),.UNSPECIFIED.,.F.,
  .F.,(2,2),(-69.9000006,6.E-07),.PIECEWISE_BEZIER_KNOTS.);
#1753 = CARTESIAN_POINT('',(3.141661830234,-69.9000006));
#1754 = CARTESIAN_POINT('',(3.141661830234,6.E-07));
#1755 = ( GEOMETRIC_REPRESENTATION_CONTEXT(2) 
PARAMETRIC_REPRESENTATION_CONTEXT() REPRESENTATION_CONTEXT('2D SPACE',''
  ) );
#1756 = PCURVE('',#1757,#1762);
#1757 = PLANE('',#1758);
#1758 = AXIS2_PLACEMENT_3D('',#1759,#1760,#1761);
#1759 = CARTESIAN_POINT('',(1.724152738263E-02,3.216713912751E-03,
    59.554144798701));
#1760 = DIRECTION('',(-0.,-1.,-0.));
#1761 = DIRECTION('',(0.,0.,-1.));
#1762 = DEFINITIONAL_REPRESENTATION('',(#1763),#1767);
#1763 = LINE('',#1764,#1765);
#1764 = CARTESIAN_POINT('',(59.554144798701,-46.51724141611));
#1765 = VECTOR('',#1766,1.);
#1766 = DIRECTION('',(1.,0.));
#1767 = ( GEOMETRIC_REPRESENTATION_CONTEXT(2) 
PARAMETRIC_REPRESENTATION_CONTEXT() REPRESENTATION_CONTEXT('2D SPACE',''
  ) );
#1768 = ORIENTED_EDGE('',*,*,#1769,.F.);
#1769 = EDGE_CURVE('',#1770,#1736,#1772,.T.);
#1770 = VERTEX_POINT('',#1771);
#1771 = CARTESIAN_POINT('',(46.499999888739,3.216713912751E-03,69.9));
#1772 = SURFACE_CURVE('',#1773,(#1778,#1785),.PCURVE_S1.);
#1773 = CIRCLE('',#1774,46.5);
#1774 = AXIS2_PLACEMENT_3D('',#1775,#1776,#1777);
#1775 = CARTESIAN_POINT('',(0.,0.,69.9));
#1776 = DIRECTION('',(0.,0.,1.));
#1777 = DIRECTION('',(1.,0.,0.));
#1778 = PCURVE('',#1746,#1779);
#1779 = DEFINITIONAL_REPRESENTATION('',(#1780),#1784);
#1780 = LINE('',#1781,#1782);
#1781 = CARTESIAN_POINT('',(6.28318530718,-69.9));
#1782 = VECTOR('',#1783,1.);
#1783 = DIRECTION('',(-1.,0.));
#1784 = ( GEOMETRIC_REPRESENTATION_CONTEXT(2) 
PARAMETRIC_REPRESENTATION_CONTEXT() REPRESENTATION_CONTEXT('2D SPACE',''
  ) );
#1785 = PCURVE('',#1786,#1791);
#1786 = PLANE('',#1787);
#1787 = AXIS2_PLACEMENT_3D('',#1788,#1789,#1790);
#1788 = CARTESIAN_POINT('',(-1.882068139409E-15,-1.61343992693E-17,69.9)
  );
#1789 = DIRECTION('',(0.,0.,1.));
#1790 = DIRECTION('',(1.,0.,0.));
#1791 = DEFINITIONAL_REPRESENTATION('',(#1792),#1796);
#1792 = CIRCLE('',#1793,46.5);
#1793 = AXIS2_PLACEMENT_2D('',#1794,#1795);
#1794 = CARTESIAN_POINT('',(1.882068139409E-15,1.61343992693E-17));
#1795 = DIRECTION('',(1.,0.));
#1796 = ( GEOMETRIC_REPRESENTATION_CONTEXT(2) 
PARAMETRIC_REPRESENTATION_CONTEXT() REPRESENTATION_CONTEXT('2D SPACE',''
  ) );
#1797 = ORIENTED_EDGE('',*,*,#1798,.T.);
#1798 = EDGE_CURVE('',#1770,#1799,#1801,.T.);
#1799 = VERTEX_POINT('',#1800);
#1800 = CARTESIAN_POINT('',(46.499999888739,3.216713912751E-03,0.));
#1801 = SURFACE_CURVE('',#1802,(#1806,#1812),.PCURVE_S1.);
#1802 = LINE('',#1803,#1804);
#1803 = CARTESIAN_POINT('',(46.499999888739,3.216713912751E-03,0.));
#1804 = VECTOR('',#1805,1.);
#1805 = DIRECTION('',(-0.,-0.,-1.));
#1806 = PCURVE('',#1746,#1807);
#1807 = DEFINITIONAL_REPRESENTATION('',(#1808),#1811);
#1808 = B_SPLINE_CURVE_WITH_KNOTS('',1,(#1809,#1810),.UNSPECIFIED.,.F.,
  .F.,(2,2),(-69.9000006,6.E-07),.PIECEWISE_BEZIER_KNOTS.);
#1809 = CARTESIAN_POINT('',(6.283116130536,-69.9000006));
#1810 = CARTESIAN_POINT('',(6.283116130536,6.E-07));
#1811 = ( GEOMETRIC_REPRESENTATION_CONTEXT(2) 
PARAMETRIC_REPRESENTATION_CONTEXT() REPRESENTATION_CONTEXT('2D SPACE',''
  ) );
#1812 = PCURVE('',#1813,#1818);
#1813 = PLANE('',#1814);
#1814 = AXIS2_PLACEMENT_3D('',#1815,#1816,#1817);
#1815 = CARTESIAN_POINT('',(1.724152738263E-02,3.216713912751E-03,
    59.554144798701));
#1816 = DIRECTION('',(-0.,-1.,-0.));
#1817 = DIRECTION('',(0.,0.,-1.));
#1818 = DEFINITIONAL_REPRESENTATION('',(#1819),#1823);
#1819 = LINE('',#1820,#1821);
#1820 = CARTESIAN_POINT('',(59.554144798701,46.482758361356));
#1821 = VECTOR('',#1822,1.);
#1822 = DIRECTION('',(1.,0.));
#1823 = ( GEOMETRIC_REPRESENTATION_CONTEXT(2) 
PARAMETRIC_REPRESENTATION_CONTEXT() REPRESENTATION_CONTEXT('2D SPACE',''
  ) );
#1824 = ORIENTED_EDGE('',*,*,#1825,.T.);
#1825 = EDGE_CURVE('',#1799,#1738,#1826,.T.);
#1826 = SURFACE_CURVE('',#1827,(#1832,#1839),.PCURVE_S1.);
#1827 = CIRCLE('',#1828,46.5);
#1828 = AXIS2_PLACEMENT_3D('',#1829,#1830,#1831);
#1829 = CARTESIAN_POINT('',(0.,0.,0.));
#1830 = DIRECTION('',(0.,0.,1.));
#1831 = DIRECTION('',(1.,0.,0.));
#1832 = PCURVE('',#1746,#1833);
#1833 = DEFINITIONAL_REPRESENTATION('',(#1834),#1838);
#1834 = LINE('',#1835,#1836);
#1835 = CARTESIAN_POINT('',(6.28318530718,0.));
#1836 = VECTOR('',#1837,1.);
#1837 = DIRECTION('',(-1.,0.));
#1838 = ( GEOMETRIC_REPRESENTATION_CONTEXT(2) 
PARAMETRIC_REPRESENTATION_CONTEXT() REPRESENTATION_CONTEXT('2D SPACE',''
  ) );
#1839 = PCURVE('',#1840,#1845);
#1840 = PLANE('',#1841);
#1841 = AXIS2_PLACEMENT_3D('',#1842,#1843,#1844);
#1842 = CARTESIAN_POINT('',(-1.882068139409E-15,-1.61343992693E-17,0.));
#1843 = DIRECTION('',(0.,0.,1.));
#1844 = DIRECTION('',(1.,0.,0.));
#1845 = DEFINITIONAL_REPRESENTATION('',(#1846),#1850);
#1846 = CIRCLE('',#1847,46.5);
#1847 = AXIS2_PLACEMENT_2D('',#1848,#1849);
#1848 = CARTESIAN_POINT('',(1.882068139409E-15,1.61343992693E-17));
#1849 = DIRECTION('',(1.,0.));
#1850 = ( GEOMETRIC_REPRESENTATION_CONTEXT(2) 
PARAMETRIC_REPRESENTATION_CONTEXT() REPRESENTATION_CONTEXT('2D SPACE',''
  ) );
#1851 = ADVANCED_FACE('',(#1852),#1840,.F.);
#1852 = FACE_BOUND('',#1853,.F.);
#1853 = EDGE_LOOP('',(#1854,#1877,#1878,#1901,#1945));
#1854 = ORIENTED_EDGE('',*,*,#1855,.T.);
#1855 = EDGE_CURVE('',#1856,#1799,#1858,.T.);
#1856 = VERTEX_POINT('',#1857);
#1857 = CARTESIAN_POINT('',(37.799999863132,3.216713912751E-03,0.));
#1858 = SURFACE_CURVE('',#1859,(#1863,#1870),.PCURVE_S1.);
#1859 = LINE('',#1860,#1861);
#1860 = CARTESIAN_POINT('',(8.620763691316E-03,3.216713912751E-03,0.));
#1861 = VECTOR('',#1862,1.);
#1862 = DIRECTION('',(1.,0.,0.));
#1863 = PCURVE('',#1840,#1864);
#1864 = DEFINITIONAL_REPRESENTATION('',(#1865),#1869);
#1865 = LINE('',#1866,#1867);
#1866 = CARTESIAN_POINT('',(8.620763691318E-03,3.216713912751E-03));
#1867 = VECTOR('',#1868,1.);
#1868 = DIRECTION('',(1.,0.));
#1869 = ( GEOMETRIC_REPRESENTATION_CONTEXT(2) 
PARAMETRIC_REPRESENTATION_CONTEXT() REPRESENTATION_CONTEXT('2D SPACE',''
  ) );
#1870 = PCURVE('',#1813,#1871);
#1871 = DEFINITIONAL_REPRESENTATION('',(#1872),#1876);
#1872 = LINE('',#1873,#1874);
#1873 = CARTESIAN_POINT('',(59.554144798701,-8.620763691314E-03));
#1874 = VECTOR('',#1875,1.);
#1875 = DIRECTION('',(0.,1.));
#1876 = ( GEOMETRIC_REPRESENTATION_CONTEXT(2) 
PARAMETRIC_REPRESENTATION_CONTEXT() REPRESENTATION_CONTEXT('2D SPACE',''
  ) );
#1877 = ORIENTED_EDGE('',*,*,#1825,.T.);
#1878 = ORIENTED_EDGE('',*,*,#1879,.T.);
#1879 = EDGE_CURVE('',#1738,#1880,#1882,.T.);
#1880 = VERTEX_POINT('',#1881);
#1881 = CARTESIAN_POINT('',(-37.79999986313,3.216713912749E-03,0.));
#1882 = SURFACE_CURVE('',#1883,(#1887,#1894),.PCURVE_S1.);
#1883 = LINE('',#1884,#1885);
#1884 = CARTESIAN_POINT('',(8.620763691316E-03,3.216713912751E-03,0.));
#1885 = VECTOR('',#1886,1.);
#1886 = DIRECTION('',(1.,0.,0.));
#1887 = PCURVE('',#1840,#1888);
#1888 = DEFINITIONAL_REPRESENTATION('',(#1889),#1893);
#1889 = LINE('',#1890,#1891);
#1890 = CARTESIAN_POINT('',(8.620763691318E-03,3.216713912751E-03));
#1891 = VECTOR('',#1892,1.);
#1892 = DIRECTION('',(1.,0.));
#1893 = ( GEOMETRIC_REPRESENTATION_CONTEXT(2) 
PARAMETRIC_REPRESENTATION_CONTEXT() REPRESENTATION_CONTEXT('2D SPACE',''
  ) );
#1894 = PCURVE('',#1757,#1895);
#1895 = DEFINITIONAL_REPRESENTATION('',(#1896),#1900);
#1896 = LINE('',#1897,#1898);
#1897 = CARTESIAN_POINT('',(59.554144798701,-8.620763691314E-03));
#1898 = VECTOR('',#1899,1.);
#1899 = DIRECTION('',(0.,1.));
#1900 = ( GEOMETRIC_REPRESENTATION_CONTEXT(2) 
PARAMETRIC_REPRESENTATION_CONTEXT() REPRESENTATION_CONTEXT('2D SPACE',''
  ) );
#1901 = ORIENTED_EDGE('',*,*,#1902,.F.);
#1902 = EDGE_CURVE('',#1903,#1880,#1905,.T.);
#1903 = VERTEX_POINT('',#1904);
#1904 = CARTESIAN_POINT('',(-37.79213073791,0.771267974243,0.));
#1905 = SURFACE_CURVE('',#1906,(#1911,#1918),.PCURVE_S1.);
#1906 = CIRCLE('',#1907,37.8);
#1907 = AXIS2_PLACEMENT_3D('',#1908,#1909,#1910);
#1908 = CARTESIAN_POINT('',(0.,0.,0.));
#1909 = DIRECTION('',(0.,0.,1.));
#1910 = DIRECTION('',(1.,0.,0.));
#1911 = PCURVE('',#1840,#1912);
#1912 = DEFINITIONAL_REPRESENTATION('',(#1913),#1917);
#1913 = CIRCLE('',#1914,37.8);
#1914 = AXIS2_PLACEMENT_2D('',#1915,#1916);
#1915 = CARTESIAN_POINT('',(1.882068139409E-15,1.61343992693E-17));
#1916 = DIRECTION('',(1.,0.));
#1917 = ( GEOMETRIC_REPRESENTATION_CONTEXT(2) 
PARAMETRIC_REPRESENTATION_CONTEXT() REPRESENTATION_CONTEXT('2D SPACE',''
  ) );
#1918 = PCURVE('',#1919,#1940);
#1919 = B_SPLINE_SURFACE_WITH_KNOTS('',9,1,(
    (#1920,#1921)
    ,(#1922,#1923)
    ,(#1924,#1925)
    ,(#1926,#1927)
    ,(#1928,#1929)
    ,(#1930,#1931)
    ,(#1932,#1933)
    ,(#1934,#1935)
    ,(#1936,#1937)
    ,(#1938,#1939
    )),.UNSPECIFIED.,.F.,.F.,.F.,(10,10),(2,2),(3.14159265359,
    6.28318530718),(0.,1.),.PIECEWISE_BEZIER_KNOTS.);
#1920 = CARTESIAN_POINT('',(-37.79213073791,0.771267974243,0.));
#1921 = CARTESIAN_POINT('',(-36.75,0.75,99.));
#1922 = CARTESIAN_POINT('',(-37.79562806637,0.599898879786,0.));
#1923 = CARTESIAN_POINT('',(-37.01179938779,0.75,99.));
#1924 = CARTESIAN_POINT('',(-37.79825118407,0.428511943798,0.));
#1925 = CARTESIAN_POINT('',(-37.27360149249,0.647191900061,
    98.999999999999));
#1926 = CARTESIAN_POINT('',(-37.79999998699,0.257112263859,0.));
#1927 = CARTESIAN_POINT('',(-37.48924283384,0.44157278914,
    99.000000000004));
#1928 = CARTESIAN_POINT('',(-37.80087440579,8.570493754982E-02,0.));
#1929 = CARTESIAN_POINT('',(-37.61268047281,0.157317457926,
    98.999999999993));
#1930 = CARTESIAN_POINT('',(-37.80087440579,-8.570493754981E-02,0.));
#1931 = CARTESIAN_POINT('',(-37.61268047282,-0.157317457926,
    99.000000000007));
#1932 = CARTESIAN_POINT('',(-37.79999998699,-0.257112263859,0.));
#1933 = CARTESIAN_POINT('',(-37.48924283383,-0.44157278914,
    98.999999999994));
#1934 = CARTESIAN_POINT('',(-37.79825118407,-0.428511943798,0.));
#1935 = CARTESIAN_POINT('',(-37.2736014925,-0.647191900061,
    99.000000000003));
#1936 = CARTESIAN_POINT('',(-37.79562806637,-0.599898879786,0.));
#1937 = CARTESIAN_POINT('',(-37.01179938779,-0.75,98.999999999999));
#1938 = CARTESIAN_POINT('',(-37.79213073791,-0.771267974243,0.));
#1939 = CARTESIAN_POINT('',(-36.75,-0.75,99.));
#1940 = DEFINITIONAL_REPRESENTATION('',(#1941),#1944);
#1941 = B_SPLINE_CURVE_WITH_KNOTS('',1,(#1942,#1943),.UNSPECIFIED.,.F.,
  .F.,(2,2),(3.121187322903,3.161997984276),.PIECEWISE_BEZIER_KNOTS.);
#1942 = CARTESIAN_POINT('',(3.14159265359,0.));
#1943 = CARTESIAN_POINT('',(6.28318530718,0.));
#1944 = ( GEOMETRIC_REPRESENTATION_CONTEXT(2) 
PARAMETRIC_REPRESENTATION_CONTEXT() REPRESENTATION_CONTEXT('2D SPACE',''
  ) );
#1945 = ORIENTED_EDGE('',*,*,#1946,.F.);
#1946 = EDGE_CURVE('',#1856,#1903,#1947,.T.);
#1947 = SURFACE_CURVE('',#1948,(#1953,#1960),.PCURVE_S1.);
#1948 = CIRCLE('',#1949,37.8);
#1949 = AXIS2_PLACEMENT_3D('',#1950,#1951,#1952);
#1950 = CARTESIAN_POINT('',(0.,0.,0.));
#1951 = DIRECTION('',(0.,0.,1.));
#1952 = DIRECTION('',(1.,0.,0.));
#1953 = PCURVE('',#1840,#1954);
#1954 = DEFINITIONAL_REPRESENTATION('',(#1955),#1959);
#1955 = CIRCLE('',#1956,37.8);
#1956 = AXIS2_PLACEMENT_2D('',#1957,#1958);
#1957 = CARTESIAN_POINT('',(1.882068139409E-15,1.61343992693E-17));
#1958 = DIRECTION('',(1.,0.));
#1959 = ( GEOMETRIC_REPRESENTATION_CONTEXT(2) 
PARAMETRIC_REPRESENTATION_CONTEXT() REPRESENTATION_CONTEXT('2D SPACE',''
  ) );
#1960 = PCURVE('',#1961,#1986);
#1961 = B_SPLINE_SURFACE_WITH_KNOTS('',11,1,(
    (#1962,#1963)
    ,(#1964,#1965)
    ,(#1966,#1967)
    ,(#1968,#1969)
    ,(#1970,#1971)
    ,(#1972,#1973)
    ,(#1974,#1975)
    ,(#1976,#1977)
    ,(#1978,#1979)
    ,(#1980,#1981)
    ,(#1982,#1983)
    ,(#1984,#1985
    )),.UNSPECIFIED.,.F.,.F.,.F.,(12,12),(2,2),(-73.5,0.),(0.,1.),
  .PIECEWISE_BEZIER_KNOTS.);
#1962 = CARTESIAN_POINT('',(37.8,-7.105427357601E-15,0.));
#1963 = CARTESIAN_POINT('',(36.75,0.75,99.));
#1964 = CARTESIAN_POINT('',(37.8,10.725534618702,0.));
#1965 = CARTESIAN_POINT('',(30.068181818182,0.75,99.));
#1966 = CARTESIAN_POINT('',(34.452359659639,21.451068457069,0.));
#1967 = CARTESIAN_POINT('',(23.386363636364,0.75,99.));
#1968 = CARTESIAN_POINT('',(27.757079789678,31.015652162493,0.));
#1969 = CARTESIAN_POINT('',(16.704545454545,0.75,99.));
#1970 = CARTESIAN_POINT('',(18.167101192845,38.2582922896,0.));
#1971 = CARTESIAN_POINT('',(10.022727272727,0.75,99.));
#1972 = CARTESIAN_POINT('',(6.588333853533,42.220109895496,0.));
#1973 = CARTESIAN_POINT('',(3.340909090909,0.75,99.));
#1974 = CARTESIAN_POINT('',(-5.725506764718,42.345748249928,0.));
#1975 = CARTESIAN_POINT('',(-3.340909090909,0.75,99.));
#1976 = CARTESIAN_POINT('',(-17.38270020679,38.621007601877,0.));
#1977 = CARTESIAN_POINT('',(-10.02272727272,0.75,99.));
#1978 = CARTESIAN_POINT('',(-27.11846055823,31.575548363709,0.));
#1979 = CARTESIAN_POINT('',(-16.70454545454,0.75,99.));
#1980 = CARTESIAN_POINT('',(-34.00750154424,22.149565747081,0.));
#1981 = CARTESIAN_POINT('',(-23.38636363636,0.75,99.));
#1982 = CARTESIAN_POINT('',(-37.57328784484,11.494569734672,0.));
#1983 = CARTESIAN_POINT('',(-30.06818181818,0.75,99.));
#1984 = CARTESIAN_POINT('',(-37.79213073791,0.771267974243,0.));
#1985 = CARTESIAN_POINT('',(-36.75,0.75,99.));
#1986 = DEFINITIONAL_REPRESENTATION('',(#1987),#1990);
#1987 = B_SPLINE_CURVE_WITH_KNOTS('',1,(#1988,#1989),.UNSPECIFIED.,.F.,
  .F.,(2,2),(0.,3.121187322903),.PIECEWISE_BEZIER_KNOTS.);
#1988 = CARTESIAN_POINT('',(-73.5,0.));
#1989 = CARTESIAN_POINT('',(0.,0.));
#1990 = ( GEOMETRIC_REPRESENTATION_CONTEXT(2) 
PARAMETRIC_REPRESENTATION_CONTEXT() REPRESENTATION_CONTEXT('2D SPACE',''
  ) );
#1991 = ADVANCED_FACE('',(#1992),#1757,.T.);
#1992 = FACE_BOUND('',#1993,.T.);
#1993 = EDGE_LOOP('',(#1994,#2017,#2018,#2019,#2063,#2090,#2124,#2152,
    #2179,#2207));
#1994 = ORIENTED_EDGE('',*,*,#1995,.F.);
#1995 = EDGE_CURVE('',#1736,#1996,#1998,.T.);
#1996 = VERTEX_POINT('',#1997);
#1997 = CARTESIAN_POINT('',(-44.74999988438,3.216713912759E-03,69.9));
#1998 = SURFACE_CURVE('',#1999,(#2003,#2010),.PCURVE_S1.);
#1999 = LINE('',#2000,#2001);
#2000 = CARTESIAN_POINT('',(8.620763691316E-03,3.216713912751E-03,69.9)
  );
#2001 = VECTOR('',#2002,1.);
#2002 = DIRECTION('',(1.,0.,0.));
#2003 = PCURVE('',#1757,#2004);
#2004 = DEFINITIONAL_REPRESENTATION('',(#2005),#2009);
#2005 = LINE('',#2006,#2007);
#2006 = CARTESIAN_POINT('',(-10.34585520129,-8.620763691314E-03));
#2007 = VECTOR('',#2008,1.);
#2008 = DIRECTION('',(0.,1.));
#2009 = ( GEOMETRIC_REPRESENTATION_CONTEXT(2) 
PARAMETRIC_REPRESENTATION_CONTEXT() REPRESENTATION_CONTEXT('2D SPACE',''
  ) );
#2010 = PCURVE('',#1786,#2011);
#2011 = DEFINITIONAL_REPRESENTATION('',(#2012),#2016);
#2012 = LINE('',#2013,#2014);
#2013 = CARTESIAN_POINT('',(8.620763691318E-03,3.216713912751E-03));
#2014 = VECTOR('',#2015,1.);
#2015 = DIRECTION('',(1.,0.));
#2016 = ( GEOMETRIC_REPRESENTATION_CONTEXT(2) 
PARAMETRIC_REPRESENTATION_CONTEXT() REPRESENTATION_CONTEXT('2D SPACE',''
  ) );
#2017 = ORIENTED_EDGE('',*,*,#1735,.T.);
#2018 = ORIENTED_EDGE('',*,*,#1879,.T.);
#2019 = ORIENTED_EDGE('',*,*,#2020,.T.);
#2020 = EDGE_CURVE('',#1880,#2021,#2023,.T.);
#2021 = VERTEX_POINT('',#2022);
#2022 = CARTESIAN_POINT('',(-37.4999931018,3.216713912751E-03,99.));
#2023 = SURFACE_CURVE('',#2024,(#2035,#2049),.PCURVE_S1.);
#2024 = B_SPLINE_CURVE_WITH_KNOTS('',5,(#2025,#2026,#2027,#2028,#2029,
    #2030,#2031,#2032,#2033,#2034),.UNSPECIFIED.,.F.,.F.,(6,4,6),(0.,
    0.842000002342,1.),.UNSPECIFIED.);
#2025 = CARTESIAN_POINT('',(-37.79999986313,3.216713912751E-03,0.));
#2026 = CARTESIAN_POINT('',(-37.74947719109,3.216713912751E-03,
    16.671600036235));
#2027 = CARTESIAN_POINT('',(-37.69895569622,3.216713912751E-03,
    33.343200080379));
#2028 = CARTESIAN_POINT('',(-37.64843464493,3.216713912751E-03,
    50.014800127579));
#2029 = CARTESIAN_POINT('',(-37.59791394192,3.216713912751E-03,
    66.686400176733));
#2030 = CARTESIAN_POINT('',(-37.53791335127,3.216713912751E-03,
    86.486400181832));
#2031 = CARTESIAN_POINT('',(-37.52843326553,3.216713912751E-03,
    89.614800136313));
#2032 = CARTESIAN_POINT('',(-37.51895318655,3.216713912751E-03,
    92.743200090837));
#2033 = CARTESIAN_POINT('',(-37.5094731137,3.216713912751E-03,
    95.8716000454));
#2034 = CARTESIAN_POINT('',(-37.4999930465,3.216713912751E-03,99.));
#2035 = PCURVE('',#1757,#2036);
#2036 = DEFINITIONAL_REPRESENTATION('',(#2037),#2048);
#2037 = B_SPLINE_CURVE_WITH_KNOTS('',5,(#2038,#2039,#2040,#2041,#2042,
    #2043,#2044,#2045,#2046,#2047),.UNSPECIFIED.,.F.,.F.,(6,4,6),(0.,
    0.842000002342,1.),.UNSPECIFIED.);
#2038 = CARTESIAN_POINT('',(59.554144798701,-37.81724139051));
#2039 = CARTESIAN_POINT('',(42.882544762466,-37.76671871847));
#2040 = CARTESIAN_POINT('',(26.210944718322,-37.7161972236));
#2041 = CARTESIAN_POINT('',(9.539344671122,-37.66567617231));
#2042 = CARTESIAN_POINT('',(-7.132255378032,-37.6151554693));
#2043 = CARTESIAN_POINT('',(-26.93225538313,-37.55515487865));
#2044 = CARTESIAN_POINT('',(-30.06065533761,-37.54567479291));
#2045 = CARTESIAN_POINT('',(-33.18905529213,-37.53619471393));
#2046 = CARTESIAN_POINT('',(-36.31745524669,-37.52671464108));
#2047 = CARTESIAN_POINT('',(-39.44585520129,-37.51723457388));
#2048 = ( GEOMETRIC_REPRESENTATION_CONTEXT(2) 
PARAMETRIC_REPRESENTATION_CONTEXT() REPRESENTATION_CONTEXT('2D SPACE',''
  ) );
#2049 = PCURVE('',#1919,#2050);
#2050 = DEFINITIONAL_REPRESENTATION('',(#2051),#2062);
#2051 = B_SPLINE_CURVE_WITH_KNOTS('',5,(#2052,#2053,#2054,#2055,#2056,
    #2057,#2058,#2059,#2060,#2061),.UNSPECIFIED.,.F.,.F.,(6,4,6),(0.,
    0.842000002342,1.),.UNSPECIFIED.);
#2052 = CARTESIAN_POINT('',(4.7058381421,0.));
#2053 = CARTESIAN_POINT('',(4.706419909718,0.168400000366));
#2054 = CARTESIAN_POINT('',(4.706872857408,0.336800000812));
#2055 = CARTESIAN_POINT('',(4.707251924966,0.505200001289));
#2056 = CARTESIAN_POINT('',(4.707573537111,0.673600001785));
#2057 = CARTESIAN_POINT('',(4.707904884159,0.873600001837));
#2058 = CARTESIAN_POINT('',(4.707955726691,0.905200001377));
#2059 = CARTESIAN_POINT('',(4.708005145563,0.936800000918));
#2060 = CARTESIAN_POINT('',(4.708053218681,0.968400000459));
#2061 = CARTESIAN_POINT('',(4.708100015207,1.));
#2062 = ( GEOMETRIC_REPRESENTATION_CONTEXT(2) 
PARAMETRIC_REPRESENTATION_CONTEXT() REPRESENTATION_CONTEXT('2D SPACE',''
  ) );
#2063 = ORIENTED_EDGE('',*,*,#2064,.F.);
#2064 = EDGE_CURVE('',#2065,#2021,#2067,.T.);
#2065 = VERTEX_POINT('',#2066);
#2066 = CARTESIAN_POINT('',(-37.4999931018,3.216713912751E-03,107.5));
#2067 = SURFACE_CURVE('',#2068,(#2072,#2079),.PCURVE_S1.);
#2068 = LINE('',#2069,#2070);
#2069 = CARTESIAN_POINT('',(-37.4999931018,3.216713912751E-03,99.));
#2070 = VECTOR('',#2071,1.);
#2071 = DIRECTION('',(0.,0.,-1.));
#2072 = PCURVE('',#1757,#2073);
#2073 = DEFINITIONAL_REPRESENTATION('',(#2074),#2078);
#2074 = LINE('',#2075,#2076);
#2075 = CARTESIAN_POINT('',(-39.44585520129,-37.51723462918));
#2076 = VECTOR('',#2077,1.);
#2077 = DIRECTION('',(1.,0.));
#2078 = ( GEOMETRIC_REPRESENTATION_CONTEXT(2) 
PARAMETRIC_REPRESENTATION_CONTEXT() REPRESENTATION_CONTEXT('2D SPACE',''
  ) );
#2079 = PCURVE('',#2080,#2085);
#2080 = CYLINDRICAL_SURFACE('',#2081,0.75);
#2081 = AXIS2_PLACEMENT_3D('',#2082,#2083,#2084);
#2082 = CARTESIAN_POINT('',(-36.75,0.,99.));
#2083 = DIRECTION('',(0.,0.,-1.));
#2084 = DIRECTION('',(0.,-1.,0.));
#2085 = DEFINITIONAL_REPRESENTATION('',(#2086),#2089);
#2086 = B_SPLINE_CURVE_WITH_KNOTS('',1,(#2087,#2088),.UNSPECIFIED.,.F.,
  .F.,(2,2),(-8.5000006,6.000000070117E-07),.PIECEWISE_BEZIER_KNOTS.);
#2087 = CARTESIAN_POINT('',(1.575085291828,-8.5000006));
#2088 = CARTESIAN_POINT('',(1.575085291828,6.000000070117E-07));
#2089 = ( GEOMETRIC_REPRESENTATION_CONTEXT(2) 
PARAMETRIC_REPRESENTATION_CONTEXT() REPRESENTATION_CONTEXT('2D SPACE',''
  ) );
#2090 = ORIENTED_EDGE('',*,*,#2091,.T.);
#2091 = EDGE_CURVE('',#2065,#2092,#2094,.T.);
#2092 = VERTEX_POINT('',#2093);
#2093 = CARTESIAN_POINT('',(-38.99999770061,3.216713912751E-03,109.));
#2094 = SURFACE_CURVE('',#2095,(#2100,#2107),.PCURVE_S1.);
#2095 = HYPERBOLA('',#2096,3.216713912751E-03,3.216713912751E-03);
#2096 = AXIS2_PLACEMENT_3D('',#2097,#2098,#2099);
#2097 = CARTESIAN_POINT('',(-36.75,3.216713912751E-03,106.75));
#2098 = DIRECTION('',(0.,-1.,0.));
#2099 = DIRECTION('',(0.,0.,1.));
#2100 = PCURVE('',#1757,#2101);
#2101 = DEFINITIONAL_REPRESENTATION('',(#2102),#2106);
#2102 = HYPERBOLA('',#2103,3.216713912751E-03,3.216713912751E-03);
#2103 = AXIS2_PLACEMENT_2D('',#2104,#2105);
#2104 = CARTESIAN_POINT('',(-47.19585520129,-36.76724152738));
#2105 = DIRECTION('',(-1.,0.));
#2106 = ( GEOMETRIC_REPRESENTATION_CONTEXT(2) 
PARAMETRIC_REPRESENTATION_CONTEXT() REPRESENTATION_CONTEXT('2D SPACE',''
  ) );
#2107 = PCURVE('',#2108,#2113);
#2108 = CONICAL_SURFACE('',#2109,0.75,0.785398163397);
#2109 = AXIS2_PLACEMENT_3D('',#2110,#2111,#2112);
#2110 = CARTESIAN_POINT('',(-36.75,0.,107.5));
#2111 = DIRECTION('',(0.,0.,1.));
#2112 = DIRECTION('',(0.,-1.,0.));
#2113 = DEFINITIONAL_REPRESENTATION('',(#2114),#2123);
#2114 = B_SPLINE_CURVE_WITH_KNOTS('',7,(#2115,#2116,#2117,#2118,#2119,
    #2120,#2121,#2122),.UNSPECIFIED.,.F.,.F.,(8,8),(6.144855473805,
    7.243471850306),.PIECEWISE_BEZIER_KNOTS.);
#2115 = CARTESIAN_POINT('',(4.708100015352,5.551115123126E-16));
#2116 = CARTESIAN_POINT('',(4.708773145749,0.117707814843));
#2117 = CARTESIAN_POINT('',(4.709323025475,0.256968348904));
#2118 = CARTESIAN_POINT('',(4.709776733143,0.422518028688));
#2119 = CARTESIAN_POINT('',(4.710153918941,0.620390015033));
#2120 = CARTESIAN_POINT('',(4.710469491903,0.858405688081));
#2121 = CARTESIAN_POINT('',(4.710734952471,1.146873668431));
#2122 = CARTESIAN_POINT('',(4.71095932927,1.5));
#2123 = ( GEOMETRIC_REPRESENTATION_CONTEXT(2) 
PARAMETRIC_REPRESENTATION_CONTEXT() REPRESENTATION_CONTEXT('2D SPACE',''
  ) );
#2124 = ORIENTED_EDGE('',*,*,#2125,.F.);
#2125 = EDGE_CURVE('',#2126,#2092,#2128,.T.);
#2126 = VERTEX_POINT('',#2127);
#2127 = CARTESIAN_POINT('',(-39.74999986984,3.216713912752E-03,109.));
#2128 = SURFACE_CURVE('',#2129,(#2133,#2140),.PCURVE_S1.);
#2129 = LINE('',#2130,#2131);
#2130 = CARTESIAN_POINT('',(8.620763691314E-03,3.216713912751E-03,109.)
  );
#2131 = VECTOR('',#2132,1.);
#2132 = DIRECTION('',(1.,0.,0.));
#2133 = PCURVE('',#1757,#2134);
#2134 = DEFINITIONAL_REPRESENTATION('',(#2135),#2139);
#2135 = LINE('',#2136,#2137);
#2136 = CARTESIAN_POINT('',(-49.44585520129,-8.620763691316E-03));
#2137 = VECTOR('',#2138,1.);
#2138 = DIRECTION('',(0.,1.));
#2139 = ( GEOMETRIC_REPRESENTATION_CONTEXT(2) 
PARAMETRIC_REPRESENTATION_CONTEXT() REPRESENTATION_CONTEXT('2D SPACE',''
  ) );
#2140 = PCURVE('',#2141,#2146);
#2141 = PLANE('',#2142);
#2142 = AXIS2_PLACEMENT_3D('',#2143,#2144,#2145);
#2143 = CARTESIAN_POINT('',(-4.403329231825E-15,5.790076070423E-16,109.)
  );
#2144 = DIRECTION('',(0.,0.,1.));
#2145 = DIRECTION('',(1.,0.,0.));
#2146 = DEFINITIONAL_REPRESENTATION('',(#2147),#2151);
#2147 = LINE('',#2148,#2149);
#2148 = CARTESIAN_POINT('',(8.620763691318E-03,3.21671391275E-03));
#2149 = VECTOR('',#2150,1.);
#2150 = DIRECTION('',(1.,0.));
#2151 = ( GEOMETRIC_REPRESENTATION_CONTEXT(2) 
PARAMETRIC_REPRESENTATION_CONTEXT() REPRESENTATION_CONTEXT('2D SPACE',''
  ) );
#2152 = ORIENTED_EDGE('',*,*,#2153,.T.);
#2153 = EDGE_CURVE('',#2126,#2154,#2156,.T.);
#2154 = VERTEX_POINT('',#2155);
#2155 = CARTESIAN_POINT('',(-39.74999986984,3.216713912752E-03,80.7));
#2156 = SURFACE_CURVE('',#2157,(#2161,#2168),.PCURVE_S1.);
#2157 = LINE('',#2158,#2159);
#2158 = CARTESIAN_POINT('',(-39.74999986984,3.216713912751E-03,80.7));
#2159 = VECTOR('',#2160,1.);
#2160 = DIRECTION('',(-0.,-0.,-1.));
#2161 = PCURVE('',#1757,#2162);
#2162 = DEFINITIONAL_REPRESENTATION('',(#2163),#2167);
#2163 = LINE('',#2164,#2165);
#2164 = CARTESIAN_POINT('',(-21.14585520129,-39.76724139722));
#2165 = VECTOR('',#2166,1.);
#2166 = DIRECTION('',(1.,0.));
#2167 = ( GEOMETRIC_REPRESENTATION_CONTEXT(2) 
PARAMETRIC_REPRESENTATION_CONTEXT() REPRESENTATION_CONTEXT('2D SPACE',''
  ) );
#2168 = PCURVE('',#2169,#2174);
#2169 = CYLINDRICAL_SURFACE('',#2170,39.75);
#2170 = AXIS2_PLACEMENT_3D('',#2171,#2172,#2173);
#2171 = CARTESIAN_POINT('',(0.,0.,80.7));
#2172 = DIRECTION('',(-0.,-0.,-1.));
#2173 = DIRECTION('',(1.,0.,0.));
#2174 = DEFINITIONAL_REPRESENTATION('',(#2175),#2178);
#2175 = B_SPLINE_CURVE_WITH_KNOTS('',1,(#2176,#2177),.UNSPECIFIED.,.F.,
  .F.,(2,2),(-28.3000006,6.000000070117E-07),.PIECEWISE_BEZIER_KNOTS.);
#2176 = CARTESIAN_POINT('',(3.141673577211,-28.3000006));
#2177 = CARTESIAN_POINT('',(3.141673577211,6.000000070117E-07));
#2178 = ( GEOMETRIC_REPRESENTATION_CONTEXT(2) 
PARAMETRIC_REPRESENTATION_CONTEXT() REPRESENTATION_CONTEXT('2D SPACE',''
  ) );
#2179 = ORIENTED_EDGE('',*,*,#2180,.F.);
#2180 = EDGE_CURVE('',#2181,#2154,#2183,.T.);
#2181 = VERTEX_POINT('',#2182);
#2182 = CARTESIAN_POINT('',(-44.74999988438,3.216713912759E-03,80.7));
#2183 = SURFACE_CURVE('',#2184,(#2188,#2195),.PCURVE_S1.);
#2184 = LINE('',#2185,#2186);
#2185 = CARTESIAN_POINT('',(8.620763691315E-03,3.216713912751E-03,80.7)
  );
#2186 = VECTOR('',#2187,1.);
#2187 = DIRECTION('',(1.,0.,0.));
#2188 = PCURVE('',#1757,#2189);
#2189 = DEFINITIONAL_REPRESENTATION('',(#2190),#2194);
#2190 = LINE('',#2191,#2192);
#2191 = CARTESIAN_POINT('',(-21.14585520129,-8.620763691315E-03));
#2192 = VECTOR('',#2193,1.);
#2193 = DIRECTION('',(0.,1.));
#2194 = ( GEOMETRIC_REPRESENTATION_CONTEXT(2) 
PARAMETRIC_REPRESENTATION_CONTEXT() REPRESENTATION_CONTEXT('2D SPACE',''
  ) );
#2195 = PCURVE('',#2196,#2201);
#2196 = PLANE('',#2197);
#2197 = AXIS2_PLACEMENT_3D('',#2198,#2199,#2200);
#2198 = CARTESIAN_POINT('',(-2.933502854163E-15,4.040240899597E-15,80.7)
  );
#2199 = DIRECTION('',(0.,0.,1.));
#2200 = DIRECTION('',(1.,0.,0.));
#2201 = DEFINITIONAL_REPRESENTATION('',(#2202),#2206);
#2202 = LINE('',#2203,#2204);
#2203 = CARTESIAN_POINT('',(8.620763691318E-03,3.216713912747E-03));
#2204 = VECTOR('',#2205,1.);
#2205 = DIRECTION('',(1.,0.));
#2206 = ( GEOMETRIC_REPRESENTATION_CONTEXT(2) 
PARAMETRIC_REPRESENTATION_CONTEXT() REPRESENTATION_CONTEXT('2D SPACE',''
  ) );
#2207 = ORIENTED_EDGE('',*,*,#2208,.T.);
#2208 = EDGE_CURVE('',#2181,#1996,#2209,.T.);
#2209 = SURFACE_CURVE('',#2210,(#2214,#2221),.PCURVE_S1.);
#2210 = LINE('',#2211,#2212);
#2211 = CARTESIAN_POINT('',(-44.74999988438,3.216713912751E-03,69.9));
#2212 = VECTOR('',#2213,1.);
#2213 = DIRECTION('',(-0.,-0.,-1.));
#2214 = PCURVE('',#1757,#2215);
#2215 = DEFINITIONAL_REPRESENTATION('',(#2216),#2220);
#2216 = LINE('',#2217,#2218);
#2217 = CARTESIAN_POINT('',(-10.34585520129,-44.76724141176));
#2218 = VECTOR('',#2219,1.);
#2219 = DIRECTION('',(1.,0.));
#2220 = ( GEOMETRIC_REPRESENTATION_CONTEXT(2) 
PARAMETRIC_REPRESENTATION_CONTEXT() REPRESENTATION_CONTEXT('2D SPACE',''
  ) );
#2221 = PCURVE('',#2222,#2227);
#2222 = CYLINDRICAL_SURFACE('',#2223,44.75);
#2223 = AXIS2_PLACEMENT_3D('',#2224,#2225,#2226);
#2224 = CARTESIAN_POINT('',(0.,0.,69.9));
#2225 = DIRECTION('',(-0.,-0.,-1.));
#2226 = DIRECTION('',(1.,0.,0.));
#2227 = DEFINITIONAL_REPRESENTATION('',(#2228),#2231);
#2228 = B_SPLINE_CURVE_WITH_KNOTS('',1,(#2229,#2230),.UNSPECIFIED.,.F.,
  .F.,(2,2),(-10.8000006,6.000000070117E-07),.PIECEWISE_BEZIER_KNOTS.);
#2229 = CARTESIAN_POINT('',(3.141664535465,-10.8000006));
#2230 = CARTESIAN_POINT('',(3.141664535465,6.000000070117E-07));
#2231 = ( GEOMETRIC_REPRESENTATION_CONTEXT(2) 
PARAMETRIC_REPRESENTATION_CONTEXT() REPRESENTATION_CONTEXT('2D SPACE',''
  ) );
#2232 = ADVANCED_FACE('',(#2233),#1786,.T.);
#2233 = FACE_BOUND('',#2234,.T.);
#2234 = EDGE_LOOP('',(#2235,#2258,#2259,#2260));
#2235 = ORIENTED_EDGE('',*,*,#2236,.T.);
#2236 = EDGE_CURVE('',#2237,#1770,#2239,.T.);
#2237 = VERTEX_POINT('',#2238);
#2238 = CARTESIAN_POINT('',(44.749999884388,3.216713912751E-03,69.9));
#2239 = SURFACE_CURVE('',#2240,(#2244,#2251),.PCURVE_S1.);
#2240 = LINE('',#2241,#2242);
#2241 = CARTESIAN_POINT('',(8.620763691316E-03,3.216713912751E-03,69.9)
  );
#2242 = VECTOR('',#2243,1.);
#2243 = DIRECTION('',(1.,0.,0.));
#2244 = PCURVE('',#1786,#2245);
#2245 = DEFINITIONAL_REPRESENTATION('',(#2246),#2250);
#2246 = LINE('',#2247,#2248);
#2247 = CARTESIAN_POINT('',(8.620763691318E-03,3.216713912751E-03));
#2248 = VECTOR('',#2249,1.);
#2249 = DIRECTION('',(1.,0.));
#2250 = ( GEOMETRIC_REPRESENTATION_CONTEXT(2) 
PARAMETRIC_REPRESENTATION_CONTEXT() REPRESENTATION_CONTEXT('2D SPACE',''
  ) );
#2251 = PCURVE('',#1813,#2252);
#2252 = DEFINITIONAL_REPRESENTATION('',(#2253),#2257);
#2253 = LINE('',#2254,#2255);
#2254 = CARTESIAN_POINT('',(-10.34585520129,-8.620763691314E-03));
#2255 = VECTOR('',#2256,1.);
#2256 = DIRECTION('',(0.,1.));
#2257 = ( GEOMETRIC_REPRESENTATION_CONTEXT(2) 
PARAMETRIC_REPRESENTATION_CONTEXT() REPRESENTATION_CONTEXT('2D SPACE',''
  ) );
#2258 = ORIENTED_EDGE('',*,*,#1769,.T.);
#2259 = ORIENTED_EDGE('',*,*,#1995,.T.);
#2260 = ORIENTED_EDGE('',*,*,#2261,.F.);
#2261 = EDGE_CURVE('',#2237,#1996,#2262,.T.);
#2262 = SURFACE_CURVE('',#2263,(#2268,#2275),.PCURVE_S1.);
#2263 = CIRCLE('',#2264,44.75);
#2264 = AXIS2_PLACEMENT_3D('',#2265,#2266,#2267);
#2265 = CARTESIAN_POINT('',(0.,0.,69.9));
#2266 = DIRECTION('',(0.,0.,1.));
#2267 = DIRECTION('',(1.,0.,0.));
#2268 = PCURVE('',#1786,#2269);
#2269 = DEFINITIONAL_REPRESENTATION('',(#2270),#2274);
#2270 = CIRCLE('',#2271,44.75);
#2271 = AXIS2_PLACEMENT_2D('',#2272,#2273);
#2272 = CARTESIAN_POINT('',(1.882068139409E-15,1.61343992693E-17));
#2273 = DIRECTION('',(1.,0.));
#2274 = ( GEOMETRIC_REPRESENTATION_CONTEXT(2) 
PARAMETRIC_REPRESENTATION_CONTEXT() REPRESENTATION_CONTEXT('2D SPACE',''
  ) );
#2275 = PCURVE('',#2222,#2276);
#2276 = DEFINITIONAL_REPRESENTATION('',(#2277),#2281);
#2277 = LINE('',#2278,#2279);
#2278 = CARTESIAN_POINT('',(6.28318530718,0.));
#2279 = VECTOR('',#2280,1.);
#2280 = DIRECTION('',(-1.,0.));
#2281 = ( GEOMETRIC_REPRESENTATION_CONTEXT(2) 
PARAMETRIC_REPRESENTATION_CONTEXT() REPRESENTATION_CONTEXT('2D SPACE',''
  ) );
#2282 = ADVANCED_FACE('',(#2283),#1813,.T.);
#2283 = FACE_BOUND('',#2284,.T.);
#2284 = EDGE_LOOP('',(#2285,#2286,#2287,#2309,#2332,#2354,#2377,#2411,
    #2438,#2587,#2614));
#2285 = ORIENTED_EDGE('',*,*,#1798,.F.);
#2286 = ORIENTED_EDGE('',*,*,#2236,.F.);
#2287 = ORIENTED_EDGE('',*,*,#2288,.F.);
#2288 = EDGE_CURVE('',#2289,#2237,#2291,.T.);
#2289 = VERTEX_POINT('',#2290);
#2290 = CARTESIAN_POINT('',(44.749999884388,3.216713912751E-03,80.7));
#2291 = SURFACE_CURVE('',#2292,(#2296,#2303),.PCURVE_S1.);
#2292 = LINE('',#2293,#2294);
#2293 = CARTESIAN_POINT('',(44.749999884388,3.216713912751E-03,69.9));
#2294 = VECTOR('',#2295,1.);
#2295 = DIRECTION('',(-0.,-0.,-1.));
#2296 = PCURVE('',#1813,#2297);
#2297 = DEFINITIONAL_REPRESENTATION('',(#2298),#2302);
#2298 = LINE('',#2299,#2300);
#2299 = CARTESIAN_POINT('',(-10.34585520129,44.732758357005));
#2300 = VECTOR('',#2301,1.);
#2301 = DIRECTION('',(1.,0.));
#2302 = ( GEOMETRIC_REPRESENTATION_CONTEXT(2) 
PARAMETRIC_REPRESENTATION_CONTEXT() REPRESENTATION_CONTEXT('2D SPACE',''
  ) );
#2303 = PCURVE('',#2222,#2304);
#2304 = DEFINITIONAL_REPRESENTATION('',(#2305),#2308);
#2305 = B_SPLINE_CURVE_WITH_KNOTS('',1,(#2306,#2307),.UNSPECIFIED.,.F.,
  .F.,(2,2),(-10.8000006,6.000000070117E-07),.PIECEWISE_BEZIER_KNOTS.);
#2306 = CARTESIAN_POINT('',(6.283113425304,-10.8000006));
#2307 = CARTESIAN_POINT('',(6.283113425304,6.000000070117E-07));
#2308 = ( GEOMETRIC_REPRESENTATION_CONTEXT(2) 
PARAMETRIC_REPRESENTATION_CONTEXT() REPRESENTATION_CONTEXT('2D SPACE',''
  ) );
#2309 = ORIENTED_EDGE('',*,*,#2310,.F.);
#2310 = EDGE_CURVE('',#2311,#2289,#2313,.T.);
#2311 = VERTEX_POINT('',#2312);
#2312 = CARTESIAN_POINT('',(39.749999869846,3.216713912751E-03,80.7));
#2313 = SURFACE_CURVE('',#2314,(#2318,#2325),.PCURVE_S1.);
#2314 = LINE('',#2315,#2316);
#2315 = CARTESIAN_POINT('',(8.620763691315E-03,3.216713912751E-03,80.7)
  );
#2316 = VECTOR('',#2317,1.);
#2317 = DIRECTION('',(1.,0.,0.));
#2318 = PCURVE('',#1813,#2319);
#2319 = DEFINITIONAL_REPRESENTATION('',(#2320),#2324);
#2320 = LINE('',#2321,#2322);
#2321 = CARTESIAN_POINT('',(-21.14585520129,-8.620763691315E-03));
#2322 = VECTOR('',#2323,1.);
#2323 = DIRECTION('',(0.,1.));
#2324 = ( GEOMETRIC_REPRESENTATION_CONTEXT(2) 
PARAMETRIC_REPRESENTATION_CONTEXT() REPRESENTATION_CONTEXT('2D SPACE',''
  ) );
#2325 = PCURVE('',#2196,#2326);
#2326 = DEFINITIONAL_REPRESENTATION('',(#2327),#2331);
#2327 = LINE('',#2328,#2329);
#2328 = CARTESIAN_POINT('',(8.620763691318E-03,3.216713912747E-03));
#2329 = VECTOR('',#2330,1.);
#2330 = DIRECTION('',(1.,0.));
#2331 = ( GEOMETRIC_REPRESENTATION_CONTEXT(2) 
PARAMETRIC_REPRESENTATION_CONTEXT() REPRESENTATION_CONTEXT('2D SPACE',''
  ) );
#2332 = ORIENTED_EDGE('',*,*,#2333,.F.);
#2333 = EDGE_CURVE('',#2334,#2311,#2336,.T.);
#2334 = VERTEX_POINT('',#2335);
#2335 = CARTESIAN_POINT('',(39.749999869846,3.216713912751E-03,109.));
#2336 = SURFACE_CURVE('',#2337,(#2341,#2348),.PCURVE_S1.);
#2337 = LINE('',#2338,#2339);
#2338 = CARTESIAN_POINT('',(39.749999869846,3.216713912751E-03,80.7));
#2339 = VECTOR('',#2340,1.);
#2340 = DIRECTION('',(-0.,-0.,-1.));
#2341 = PCURVE('',#1813,#2342);
#2342 = DEFINITIONAL_REPRESENTATION('',(#2343),#2347);
#2343 = LINE('',#2344,#2345);
#2344 = CARTESIAN_POINT('',(-21.14585520129,39.732758342463));
#2345 = VECTOR('',#2346,1.);
#2346 = DIRECTION('',(1.,0.));
#2347 = ( GEOMETRIC_REPRESENTATION_CONTEXT(2) 
PARAMETRIC_REPRESENTATION_CONTEXT() REPRESENTATION_CONTEXT('2D SPACE',''
  ) );
#2348 = PCURVE('',#2169,#2349);
#2349 = DEFINITIONAL_REPRESENTATION('',(#2350),#2353);
#2350 = B_SPLINE_CURVE_WITH_KNOTS('',1,(#2351,#2352),.UNSPECIFIED.,.F.,
  .F.,(2,2),(-28.3000006,6.000000070117E-07),.PIECEWISE_BEZIER_KNOTS.);
#2351 = CARTESIAN_POINT('',(6.283104383559,-28.3000006));
#2352 = CARTESIAN_POINT('',(6.283104383559,6.000000070117E-07));
#2353 = ( GEOMETRIC_REPRESENTATION_CONTEXT(2) 
PARAMETRIC_REPRESENTATION_CONTEXT() REPRESENTATION_CONTEXT('2D SPACE',''
  ) );
#2354 = ORIENTED_EDGE('',*,*,#2355,.F.);
#2355 = EDGE_CURVE('',#2356,#2334,#2358,.T.);
#2356 = VERTEX_POINT('',#2357);
#2357 = CARTESIAN_POINT('',(38.99999770061,3.216713912751E-03,109.));
#2358 = SURFACE_CURVE('',#2359,(#2363,#2370),.PCURVE_S1.);
#2359 = LINE('',#2360,#2361);
#2360 = CARTESIAN_POINT('',(8.620763691314E-03,3.216713912751E-03,109.)
  );
#2361 = VECTOR('',#2362,1.);
#2362 = DIRECTION('',(1.,0.,0.));
#2363 = PCURVE('',#1813,#2364);
#2364 = DEFINITIONAL_REPRESENTATION('',(#2365),#2369);
#2365 = LINE('',#2366,#2367);
#2366 = CARTESIAN_POINT('',(-49.44585520129,-8.620763691316E-03));
#2367 = VECTOR('',#2368,1.);
#2368 = DIRECTION('',(0.,1.));
#2369 = ( GEOMETRIC_REPRESENTATION_CONTEXT(2) 
PARAMETRIC_REPRESENTATION_CONTEXT() REPRESENTATION_CONTEXT('2D SPACE',''
  ) );
#2370 = PCURVE('',#2141,#2371);
#2371 = DEFINITIONAL_REPRESENTATION('',(#2372),#2376);
#2372 = LINE('',#2373,#2374);
#2373 = CARTESIAN_POINT('',(8.620763691318E-03,3.21671391275E-03));
#2374 = VECTOR('',#2375,1.);
#2375 = DIRECTION('',(1.,0.));
#2376 = ( GEOMETRIC_REPRESENTATION_CONTEXT(2) 
PARAMETRIC_REPRESENTATION_CONTEXT() REPRESENTATION_CONTEXT('2D SPACE',''
  ) );
#2377 = ORIENTED_EDGE('',*,*,#2378,.T.);
#2378 = EDGE_CURVE('',#2356,#2379,#2381,.T.);
#2379 = VERTEX_POINT('',#2380);
#2380 = CARTESIAN_POINT('',(37.499993101803,3.216713912751E-03,107.5));
#2381 = SURFACE_CURVE('',#2382,(#2387,#2394),.PCURVE_S1.);
#2382 = HYPERBOLA('',#2383,3.216713912751E-03,3.216713912751E-03);
#2383 = AXIS2_PLACEMENT_3D('',#2384,#2385,#2386);
#2384 = CARTESIAN_POINT('',(36.75,3.216713912751E-03,106.75));
#2385 = DIRECTION('',(0.,-1.,0.));
#2386 = DIRECTION('',(0.,0.,1.));
#2387 = PCURVE('',#1813,#2388);
#2388 = DEFINITIONAL_REPRESENTATION('',(#2389),#2393);
#2389 = HYPERBOLA('',#2390,3.216713912751E-03,3.216713912751E-03);
#2390 = AXIS2_PLACEMENT_2D('',#2391,#2392);
#2391 = CARTESIAN_POINT('',(-47.19585520129,36.732758472617));
#2392 = DIRECTION('',(-1.,0.));
#2393 = ( GEOMETRIC_REPRESENTATION_CONTEXT(2) 
PARAMETRIC_REPRESENTATION_CONTEXT() REPRESENTATION_CONTEXT('2D SPACE',''
  ) );
#2394 = PCURVE('',#2395,#2400);
#2395 = CONICAL_SURFACE('',#2396,0.75,0.785398163397);
#2396 = AXIS2_PLACEMENT_3D('',#2397,#2398,#2399);
#2397 = CARTESIAN_POINT('',(36.75,0.,107.5));
#2398 = DIRECTION('',(0.,0.,1.));
#2399 = DIRECTION('',(0.,1.,0.));
#2400 = DEFINITIONAL_REPRESENTATION('',(#2401),#2410);
#2401 = B_SPLINE_CURVE_WITH_KNOTS('',7,(#2402,#2403,#2404,#2405,#2406,
    #2407,#2408,#2409),.UNSPECIFIED.,.F.,.F.,(8,8),(-7.243471850306,
    -6.144855473805),.PIECEWISE_BEZIER_KNOTS.);
#2402 = CARTESIAN_POINT('',(4.7138186315,1.5));
#2403 = CARTESIAN_POINT('',(4.714043008299,1.146873668431));
#2404 = CARTESIAN_POINT('',(4.714308468868,0.858405688081));
#2405 = CARTESIAN_POINT('',(4.714624041828,0.620390015032));
#2406 = CARTESIAN_POINT('',(4.715001227628,0.422518028688));
#2407 = CARTESIAN_POINT('',(4.715454935295,0.256968348904));
#2408 = CARTESIAN_POINT('',(4.716004815021,0.117707814843));
#2409 = CARTESIAN_POINT('',(4.716677945418,5.551115123126E-16));
#2410 = ( GEOMETRIC_REPRESENTATION_CONTEXT(2) 
PARAMETRIC_REPRESENTATION_CONTEXT() REPRESENTATION_CONTEXT('2D SPACE',''
  ) );
#2411 = ORIENTED_EDGE('',*,*,#2412,.T.);
#2412 = EDGE_CURVE('',#2379,#2413,#2415,.T.);
#2413 = VERTEX_POINT('',#2414);
#2414 = CARTESIAN_POINT('',(37.499993101803,3.216713912751E-03,99.));
#2415 = SURFACE_CURVE('',#2416,(#2420,#2427),.PCURVE_S1.);
#2416 = LINE('',#2417,#2418);
#2417 = CARTESIAN_POINT('',(37.499993101803,3.216713912751E-03,99.));
#2418 = VECTOR('',#2419,1.);
#2419 = DIRECTION('',(0.,0.,-1.));
#2420 = PCURVE('',#1813,#2421);
#2421 = DEFINITIONAL_REPRESENTATION('',(#2422),#2426);
#2422 = LINE('',#2423,#2424);
#2423 = CARTESIAN_POINT('',(-39.44585520129,37.48275157442));
#2424 = VECTOR('',#2425,1.);
#2425 = DIRECTION('',(1.,0.));
#2426 = ( GEOMETRIC_REPRESENTATION_CONTEXT(2) 
PARAMETRIC_REPRESENTATION_CONTEXT() REPRESENTATION_CONTEXT('2D SPACE',''
  ) );
#2427 = PCURVE('',#2428,#2433);
#2428 = CYLINDRICAL_SURFACE('',#2429,0.75);
#2429 = AXIS2_PLACEMENT_3D('',#2430,#2431,#2432);
#2430 = CARTESIAN_POINT('',(36.75,0.,99.));
#2431 = DIRECTION('',(0.,0.,-1.));
#2432 = DIRECTION('',(0.,1.,0.));
#2433 = DEFINITIONAL_REPRESENTATION('',(#2434),#2437);
#2434 = B_SPLINE_CURVE_WITH_KNOTS('',1,(#2435,#2436),.UNSPECIFIED.,.F.,
  .F.,(2,2),(-8.5000006,6.000000070117E-07),.PIECEWISE_BEZIER_KNOTS.);
#2435 = CARTESIAN_POINT('',(1.566507361762,-8.5000006));
#2436 = CARTESIAN_POINT('',(1.566507361762,6.000000070117E-07));
#2437 = ( GEOMETRIC_REPRESENTATION_CONTEXT(2) 
PARAMETRIC_REPRESENTATION_CONTEXT() REPRESENTATION_CONTEXT('2D SPACE',''
  ) );
#2438 = ORIENTED_EDGE('',*,*,#2439,.F.);
#2439 = EDGE_CURVE('',#2440,#2413,#2442,.T.);
#2440 = VERTEX_POINT('',#2441);
#2441 = CARTESIAN_POINT('',(37.795496600522,3.216713912751E-03,
    0.424606236484));
#2442 = SURFACE_CURVE('',#2443,(#2482,#2524),.PCURVE_S1.);
#2443 = B_SPLINE_CURVE_WITH_KNOTS('',7,(#2444,#2445,#2446,#2447,#2448,
    #2449,#2450,#2451,#2452,#2453,#2454,#2455,#2456,#2457,#2458,#2459,
    #2460,#2461,#2462,#2463,#2464,#2465,#2466,#2467,#2468,#2469,#2470,
    #2471,#2472,#2473,#2474,#2475,#2476,#2477,#2478,#2479,#2480,#2481),
  .UNSPECIFIED.,.F.,.F.,(8,6,6,6,6,6,8),(0.,7.444463539427E-02,
    0.19473740372,0.376729374166,0.55863294258,0.969467266241,1.),
  .UNSPECIFIED.);
#2444 = CARTESIAN_POINT('',(37.795496600522,3.216713912751E-03,
    0.424606236484));
#2445 = CARTESIAN_POINT('',(37.784486232802,3.216713912751E-03,
    1.472576124453));
#2446 = CARTESIAN_POINT('',(37.774078252353,3.216713912751E-03,
    2.520527814157));
#2447 = CARTESIAN_POINT('',(37.764298146723,3.216713912751E-03,
    3.568464673152));
#2448 = CARTESIAN_POINT('',(37.755161014797,3.216713912751E-03,
    4.616391443341));
#2449 = CARTESIAN_POINT('',(37.746666482676,3.216713912751E-03,
    5.664313788188));
#2450 = CARTESIAN_POINT('',(37.738798259306,3.216713912751E-03,
    6.712237707624));
#2451 = CARTESIAN_POINT('',(37.719781082469,3.216713912751E-03,
    9.453488076345));
#2452 = CARTESIAN_POINT('',(37.709595891579,3.216713912751E-03,
    11.14682603285));
#2453 = CARTESIAN_POINT('',(37.700855424893,3.216713912751E-03,
    12.840205670887));
#2454 = CARTESIAN_POINT('',(37.693358080667,3.216713912751E-03,
    14.533645750873));
#2455 = CARTESIAN_POINT('',(37.686875443827,3.216713912751E-03,
    16.227154096293));
#2456 = CARTESIAN_POINT('',(37.68121273103,3.216713912751E-03,
    17.920731107828));
#2457 = CARTESIAN_POINT('',(37.668623150032,3.216713912751E-03,
    22.176696158487));
#2458 = CARTESIAN_POINT('',(37.662538157324,3.216713912751E-03,
    24.739168149203));
#2459 = CARTESIAN_POINT('',(37.657369123469,3.216713912751E-03,
    27.30177566164));
#2460 = CARTESIAN_POINT('',(37.652712013809,3.216713912751E-03,
    29.864494001434));
#2461 = CARTESIAN_POINT('',(37.648340621158,3.216713912751E-03,
    32.427300987111));
#2462 = CARTESIAN_POINT('',(37.64409305003,3.216713912751E-03,
    34.990178229651));
#2463 = CARTESIAN_POINT('',(37.635642364291,3.216713912751E-03,
    40.114800560927));
#2464 = CARTESIAN_POINT('',(37.631438885845,3.216713912751E-03,
    42.676546319639));
#2465 = CARTESIAN_POINT('',(37.627152687144,3.216713912751E-03,
    45.238337133044));
#2466 = CARTESIAN_POINT('',(37.622729867682,3.216713912751E-03,
    47.8001633524));
#2467 = CARTESIAN_POINT('',(37.618140714134,3.216713912751E-03,
    50.362017691611));
#2468 = CARTESIAN_POINT('',(37.613366381798,3.216713912751E-03,
    52.923895090678));
#2469 = CARTESIAN_POINT('',(37.597175883693,3.216713912751E-03,
    61.271909627469));
#2470 = CARTESIAN_POINT('',(37.584961951229,3.216713912751E-03,
    67.058122000603));
#2471 = CARTESIAN_POINT('',(37.571648184461,3.216713912751E-03,
    72.844393205691));
#2472 = CARTESIAN_POINT('',(37.557321346263,3.216713912751E-03,
    78.630701117722));
#2473 = CARTESIAN_POINT('',(37.542039039641,3.216713912751E-03,
    84.417032128806));
#2474 = CARTESIAN_POINT('',(37.525881059143,3.216713912751E-03,
    90.203380258518));
#2475 = CARTESIAN_POINT('',(37.507652169882,3.216713912751E-03,
    96.419782179988));
#2476 = CARTESIAN_POINT('',(37.506386666691,3.216713912751E-03,
    96.849818303643));
#2477 = CARTESIAN_POINT('',(37.505116719802,3.216713912751E-03,
    97.279854501635));
#2478 = CARTESIAN_POINT('',(37.503842356905,3.216713912751E-03,
    97.709890772066));
#2479 = CARTESIAN_POINT('',(37.502563605517,3.216713912751E-03,
    98.139927113105));
#2480 = CARTESIAN_POINT('',(37.501280492988,3.216713912751E-03,
    98.569963522984));
#2481 = CARTESIAN_POINT('',(37.4999930465,3.216713912751E-03,99.));
#2482 = PCURVE('',#1813,#2483);
#2483 = DEFINITIONAL_REPRESENTATION('',(#2484),#2523);
#2484 = B_SPLINE_CURVE_WITH_KNOTS('',7,(#2485,#2486,#2487,#2488,#2489,
    #2490,#2491,#2492,#2493,#2494,#2495,#2496,#2497,#2498,#2499,#2500,
    #2501,#2502,#2503,#2504,#2505,#2506,#2507,#2508,#2509,#2510,#2511,
    #2512,#2513,#2514,#2515,#2516,#2517,#2518,#2519,#2520,#2521,#2522),
  .UNSPECIFIED.,.F.,.F.,(8,6,6,6,6,6,8),(0.,7.444463539427E-02,
    0.19473740372,0.376729374166,0.55863294258,0.969467266241,1.),
  .UNSPECIFIED.);
#2485 = CARTESIAN_POINT('',(59.129538562217,37.778255073139));
#2486 = CARTESIAN_POINT('',(58.081568674248,37.767244705419));
#2487 = CARTESIAN_POINT('',(57.033616984544,37.75683672497));
#2488 = CARTESIAN_POINT('',(55.985680125549,37.74705661934));
#2489 = CARTESIAN_POINT('',(54.93775335536,37.737919487414));
#2490 = CARTESIAN_POINT('',(53.889831010513,37.729424955293));
#2491 = CARTESIAN_POINT('',(52.841907091077,37.721556731923));
#2492 = CARTESIAN_POINT('',(50.100656722356,37.702539555086));
#2493 = CARTESIAN_POINT('',(48.407318765851,37.692354364196));
#2494 = CARTESIAN_POINT('',(46.713939127814,37.68361389751));
#2495 = CARTESIAN_POINT('',(45.020499047828,37.676116553284));
#2496 = CARTESIAN_POINT('',(43.326990702408,37.669633916444));
#2497 = CARTESIAN_POINT('',(41.633413690873,37.663971203647));
#2498 = CARTESIAN_POINT('',(37.377448640214,37.651381622649));
#2499 = CARTESIAN_POINT('',(34.814976649498,37.645296629941));
#2500 = CARTESIAN_POINT('',(32.252369137061,37.640127596086));
#2501 = CARTESIAN_POINT('',(29.689650797267,37.635470486426));
#2502 = CARTESIAN_POINT('',(27.12684381159,37.631099093775));
#2503 = CARTESIAN_POINT('',(24.56396656905,37.626851522647));
#2504 = CARTESIAN_POINT('',(19.439344237774,37.618400836908));
#2505 = CARTESIAN_POINT('',(16.877598479062,37.614197358462));
#2506 = CARTESIAN_POINT('',(14.315807665657,37.609911159761));
#2507 = CARTESIAN_POINT('',(11.753981446301,37.605488340299));
#2508 = CARTESIAN_POINT('',(9.19212710709,37.600899186751));
#2509 = CARTESIAN_POINT('',(6.630249708023,37.596124854415));
#2510 = CARTESIAN_POINT('',(-1.717764828768,37.57993435631));
#2511 = CARTESIAN_POINT('',(-7.503977201902,37.567720423846));
#2512 = CARTESIAN_POINT('',(-13.29024840699,37.554406657078));
#2513 = CARTESIAN_POINT('',(-19.07655631902,37.54007981888));
#2514 = CARTESIAN_POINT('',(-24.8628873301,37.524797512258));
#2515 = CARTESIAN_POINT('',(-30.64923545981,37.50863953176));
#2516 = CARTESIAN_POINT('',(-36.86563738128,37.490410642499));
#2517 = CARTESIAN_POINT('',(-37.29567350494,37.489145139308));
#2518 = CARTESIAN_POINT('',(-37.72570970293,37.487875192419));
#2519 = CARTESIAN_POINT('',(-38.15574597336,37.486600829522));
#2520 = CARTESIAN_POINT('',(-38.5857823144,37.485322078134));
#2521 = CARTESIAN_POINT('',(-39.01581872428,37.484038965605));
#2522 = CARTESIAN_POINT('',(-39.44585520129,37.482751519117));
#2523 = ( GEOMETRIC_REPRESENTATION_CONTEXT(2) 
PARAMETRIC_REPRESENTATION_CONTEXT() REPRESENTATION_CONTEXT('2D SPACE',''
  ) );
#2524 = PCURVE('',#2525,#2546);
#2525 = B_SPLINE_SURFACE_WITH_KNOTS('',9,1,(
    (#2526,#2527)
    ,(#2528,#2529)
    ,(#2530,#2531)
    ,(#2532,#2533)
    ,(#2534,#2535)
    ,(#2536,#2537)
    ,(#2538,#2539)
    ,(#2540,#2541)
    ,(#2542,#2543)
    ,(#2544,#2545
    )),.UNSPECIFIED.,.F.,.F.,.F.,(10,10),(2,2),(3.14159265359,
    6.28318530718),(0.,1.),.PIECEWISE_BEZIER_KNOTS.);
#2526 = CARTESIAN_POINT('',(37.792130737918,-0.771267974243,0.));
#2527 = CARTESIAN_POINT('',(36.75,-0.75,99.));
#2528 = CARTESIAN_POINT('',(37.793879402147,-0.685583427015,0.));
#2529 = CARTESIAN_POINT('',(37.011799387799,-0.75,99.));
#2530 = CARTESIAN_POINT('',(37.795409506102,-0.599894419434,0.));
#2531 = CARTESIAN_POINT('',(37.273601492499,-0.647191900061,
    98.999999999999));
#2532 = CARTESIAN_POINT('',(37.796721043281,-0.514201588687,0.));
#2533 = CARTESIAN_POINT('',(37.48924283384,-0.44157278914,
    99.000000000004));
#2534 = CARTESIAN_POINT('',(37.797814007183,-0.428505571955,0.));
#2535 = CARTESIAN_POINT('',(37.612680472816,-0.157317457926,
    98.999999999993));
#2536 = CARTESIAN_POINT('',(37.798688391308,-0.342807006425,0.));
#2537 = CARTESIAN_POINT('',(37.612680472822,0.157317457926,
    99.000000000007));
#2538 = CARTESIAN_POINT('',(37.799344189153,-0.25710652928,0.));
#2539 = CARTESIAN_POINT('',(37.489242833835,0.44157278914,
    98.999999999994));
#2540 = CARTESIAN_POINT('',(37.799781394217,-0.171404777705,0.));
#2541 = CARTESIAN_POINT('',(37.2736014925,0.647191900061,99.000000000003
    ));
#2542 = CARTESIAN_POINT('',(37.8,-8.570238888347E-02,0.));
#2543 = CARTESIAN_POINT('',(37.011799387799,0.75,98.999999999999));
#2544 = CARTESIAN_POINT('',(37.8,-9.27036225562E-15,0.));
#2545 = CARTESIAN_POINT('',(36.75,0.75,99.));
#2546 = DEFINITIONAL_REPRESENTATION('',(#2547),#2586);
#2547 = B_SPLINE_CURVE_WITH_KNOTS('',7,(#2548,#2549,#2550,#2551,#2552,
    #2553,#2554,#2555,#2556,#2557,#2558,#2559,#2560,#2561,#2562,#2563,
    #2564,#2565,#2566,#2567,#2568,#2569,#2570,#2571,#2572,#2573,#2574,
    #2575,#2576,#2577,#2578,#2579,#2580,#2581,#2582,#2583,#2584,#2585),
  .UNSPECIFIED.,.F.,.F.,(8,6,6,6,6,6,8),(0.,7.444463539427E-02,
    0.19473740372,0.376729374166,0.55863294258,0.969467266241,1.),
  .UNSPECIFIED.);
#2548 = CARTESIAN_POINT('',(6.28318530718,4.28895188368E-03));
#2549 = CARTESIAN_POINT('',(6.250709797006,1.487450630761E-02));
#2550 = CARTESIAN_POINT('',(6.21744557306,2.545987691068E-02));
#2551 = CARTESIAN_POINT('',(6.183525931298,3.604509770861E-02));
#2552 = CARTESIAN_POINT('',(6.149120208428,4.66302165994E-02));
#2553 = CARTESIAN_POINT('',(6.114421607825,5.721529078978E-02));
#2554 = CARTESIAN_POINT('',(6.079629603808,6.780038088509E-02));
#2555 = CARTESIAN_POINT('',(5.98885194505,9.548977854894E-02));
#2556 = CARTESIAN_POINT('',(5.933010724573,0.112594202352));
#2557 = CARTESIAN_POINT('',(5.878175818595,0.129699047181));
#2558 = CARTESIAN_POINT('',(5.825030734921,0.146804502534));
#2559 = CARTESIAN_POINT('',(5.77395167175,0.163910647437));
#2560 = CARTESIAN_POINT('',(5.725114306725,0.181017485938));
#2561 = CARTESIAN_POINT('',(5.608146931779,0.224007031904));
#2562 = CARTESIAN_POINT('',(5.542969015149,0.249890587366));
#2563 = CARTESIAN_POINT('',(5.483204952483,0.275775511734));
#2564 = CARTESIAN_POINT('',(5.428342744793,0.30166155557));
#2565 = CARTESIAN_POINT('',(5.37784971102,0.327548494819));
#2566 = CARTESIAN_POINT('',(5.331222311046,0.353436143734));
#2567 = CARTESIAN_POINT('',(5.244832386812,0.405200005666));
#2568 = CARTESIAN_POINT('',(5.205066841876,0.431076225451));
#2569 = CARTESIAN_POINT('',(5.168275287732,0.456952900334));
#2570 = CARTESIAN_POINT('',(5.134077994546,0.482829932853));
#2571 = CARTESIAN_POINT('',(5.102161212276,0.50870724941));
#2572 = CARTESIAN_POINT('',(5.072268105382,0.534584798896));
#2573 = CARTESIAN_POINT('',(4.980741720974,0.618908178055));
#2574 = CARTESIAN_POINT('',(4.926511109839,0.677354767683));
#2575 = CARTESIAN_POINT('',(4.878980141188,0.735801951573));
#2576 = CARTESIAN_POINT('',(4.836719326568,0.794249506239));
#2577 = CARTESIAN_POINT('',(4.798713229686,0.85269729423));
#2578 = CARTESIAN_POINT('',(4.764235289529,0.911145255137));
#2579 = CARTESIAN_POINT('',(4.730389192199,0.973937193737));
#2580 = CARTESIAN_POINT('',(4.728064221807,0.978280992966));
#2581 = CARTESIAN_POINT('',(4.725755447295,0.982624792946));
#2582 = CARTESIAN_POINT('',(4.723462646713,0.986968593657));
#2583 = CARTESIAN_POINT('',(4.721185603214,0.991312395082));
#2584 = CARTESIAN_POINT('',(4.718924105047,0.995656197202));
#2585 = CARTESIAN_POINT('',(4.716677945562,1.));
#2586 = ( GEOMETRIC_REPRESENTATION_CONTEXT(2) 
PARAMETRIC_REPRESENTATION_CONTEXT() REPRESENTATION_CONTEXT('2D SPACE',''
  ) );
#2587 = ORIENTED_EDGE('',*,*,#2588,.F.);
#2588 = EDGE_CURVE('',#1856,#2440,#2589,.T.);
#2589 = SURFACE_CURVE('',#2590,(#2596,#2605),.PCURVE_S1.);
#2590 = B_SPLINE_CURVE_WITH_KNOTS('',4,(#2591,#2592,#2593,#2594,#2595),
  .UNSPECIFIED.,.F.,.F.,(5,5),(0.,1.),.PIECEWISE_BEZIER_KNOTS.);
#2591 = CARTESIAN_POINT('',(37.799999863132,3.216713912751E-03,0.));
#2592 = CARTESIAN_POINT('',(37.798871932963,3.216713912751E-03,
    0.106151546809));
#2593 = CARTESIAN_POINT('',(37.797745406425,3.216713912751E-03,
    0.212303101828));
#2594 = CARTESIAN_POINT('',(37.796620292549,3.216713912751E-03,
    0.318454665056));
#2595 = CARTESIAN_POINT('',(37.795496600522,3.216713912751E-03,
    0.424606236484));
#2596 = PCURVE('',#1813,#2597);
#2597 = DEFINITIONAL_REPRESENTATION('',(#2598),#2604);
#2598 = B_SPLINE_CURVE_WITH_KNOTS('',4,(#2599,#2600,#2601,#2602,#2603),
  .UNSPECIFIED.,.F.,.F.,(5,5),(0.,1.),.PIECEWISE_BEZIER_KNOTS.);
#2599 = CARTESIAN_POINT('',(59.554144798701,37.782758335749));
#2600 = CARTESIAN_POINT('',(59.447993251892,37.78163040558));
#2601 = CARTESIAN_POINT('',(59.341841696873,37.780503879042));
#2602 = CARTESIAN_POINT('',(59.235690133645,37.779378765166));
#2603 = CARTESIAN_POINT('',(59.129538562217,37.778255073139));
#2604 = ( GEOMETRIC_REPRESENTATION_CONTEXT(2) 
PARAMETRIC_REPRESENTATION_CONTEXT() REPRESENTATION_CONTEXT('2D SPACE',''
  ) );
#2605 = PCURVE('',#1961,#2606);
#2606 = DEFINITIONAL_REPRESENTATION('',(#2607),#2613);
#2607 = B_SPLINE_CURVE_WITH_KNOTS('',4,(#2608,#2609,#2610,#2611,#2612),
  .UNSPECIFIED.,.F.,.F.,(5,5),(0.,1.),.PIECEWISE_BEZIER_KNOTS.);
#2608 = CARTESIAN_POINT('',(-73.49799604417,0.));
#2609 = CARTESIAN_POINT('',(-73.49849488436,1.072237846559E-03));
#2610 = CARTESIAN_POINT('',(-73.49899515091,2.144475776043E-03));
#2611 = CARTESIAN_POINT('',(-73.49949685301,3.216713788446E-03));
#2612 = CARTESIAN_POINT('',(-73.5,4.288951883677E-03));
#2613 = ( GEOMETRIC_REPRESENTATION_CONTEXT(2) 
PARAMETRIC_REPRESENTATION_CONTEXT() REPRESENTATION_CONTEXT('2D SPACE',''
  ) );
#2614 = ORIENTED_EDGE('',*,*,#1855,.T.);
#2615 = ADVANCED_FACE('',(#2616),#1961,.F.);
#2616 = FACE_BOUND('',#2617,.F.);
#2617 = EDGE_LOOP('',(#2618,#2619,#2620,#2642,#2670));
#2618 = ORIENTED_EDGE('',*,*,#2588,.F.);
#2619 = ORIENTED_EDGE('',*,*,#1946,.T.);
#2620 = ORIENTED_EDGE('',*,*,#2621,.T.);
#2621 = EDGE_CURVE('',#1903,#2622,#2624,.T.);
#2622 = VERTEX_POINT('',#2623);
#2623 = CARTESIAN_POINT('',(-36.75,0.75,99.));
#2624 = SURFACE_CURVE('',#2625,(#2628,#2635),.PCURVE_S1.);
#2625 = B_SPLINE_CURVE_WITH_KNOTS('',1,(#2626,#2627),.UNSPECIFIED.,.F.,
  .F.,(2,2),(0.,1.),.PIECEWISE_BEZIER_KNOTS.);
#2626 = CARTESIAN_POINT('',(-37.79213073791,0.771267974243,0.));
#2627 = CARTESIAN_POINT('',(-36.75,0.75,99.));
#2628 = PCURVE('',#1961,#2629);
#2629 = DEFINITIONAL_REPRESENTATION('',(#2630),#2634);
#2630 = LINE('',#2631,#2632);
#2631 = CARTESIAN_POINT('',(0.,0.));
#2632 = VECTOR('',#2633,1.);
#2633 = DIRECTION('',(0.,1.));
#2634 = ( GEOMETRIC_REPRESENTATION_CONTEXT(2) 
PARAMETRIC_REPRESENTATION_CONTEXT() REPRESENTATION_CONTEXT('2D SPACE',''
  ) );
#2635 = PCURVE('',#1919,#2636);
#2636 = DEFINITIONAL_REPRESENTATION('',(#2637),#2641);
#2637 = LINE('',#2638,#2639);
#2638 = CARTESIAN_POINT('',(3.14159265359,0.));
#2639 = VECTOR('',#2640,1.);
#2640 = DIRECTION('',(0.,1.));
#2641 = ( GEOMETRIC_REPRESENTATION_CONTEXT(2) 
PARAMETRIC_REPRESENTATION_CONTEXT() REPRESENTATION_CONTEXT('2D SPACE',''
  ) );
#2642 = ORIENTED_EDGE('',*,*,#2643,.T.);
#2643 = EDGE_CURVE('',#2622,#2644,#2646,.T.);
#2644 = VERTEX_POINT('',#2645);
#2645 = CARTESIAN_POINT('',(36.75,0.75,99.));
#2646 = SURFACE_CURVE('',#2647,(#2651,#2658),.PCURVE_S1.);
#2647 = LINE('',#2648,#2649);
#2648 = CARTESIAN_POINT('',(-36.75,0.75,99.));
#2649 = VECTOR('',#2650,1.);
#2650 = DIRECTION('',(1.,0.,0.));
#2651 = PCURVE('',#1961,#2652);
#2652 = DEFINITIONAL_REPRESENTATION('',(#2653),#2657);
#2653 = LINE('',#2654,#2655);
#2654 = CARTESIAN_POINT('',(0.,1.));
#2655 = VECTOR('',#2656,1.);
#2656 = DIRECTION('',(-1.,0.));
#2657 = ( GEOMETRIC_REPRESENTATION_CONTEXT(2) 
PARAMETRIC_REPRESENTATION_CONTEXT() REPRESENTATION_CONTEXT('2D SPACE',''
  ) );
#2658 = PCURVE('',#2659,#2664);
#2659 = PLANE('',#2660);
#2660 = AXIS2_PLACEMENT_3D('',#2661,#2662,#2663);
#2661 = CARTESIAN_POINT('',(-36.75,0.75,99.));
#2662 = DIRECTION('',(0.,1.,0.));
#2663 = DIRECTION('',(1.,0.,0.));
#2664 = DEFINITIONAL_REPRESENTATION('',(#2665),#2669);
#2665 = LINE('',#2666,#2667);
#2666 = CARTESIAN_POINT('',(0.,0.));
#2667 = VECTOR('',#2668,1.);
#2668 = DIRECTION('',(1.,0.));
#2669 = ( GEOMETRIC_REPRESENTATION_CONTEXT(2) 
PARAMETRIC_REPRESENTATION_CONTEXT() REPRESENTATION_CONTEXT('2D SPACE',''
  ) );
#2670 = ORIENTED_EDGE('',*,*,#2671,.F.);
#2671 = EDGE_CURVE('',#2440,#2644,#2672,.T.);
#2672 = SURFACE_CURVE('',#2673,(#2676,#2683),.PCURVE_S1.);
#2673 = B_SPLINE_CURVE_WITH_KNOTS('',1,(#2674,#2675),.UNSPECIFIED.,.F.,
  .F.,(2,2),(0.,1.),.PIECEWISE_BEZIER_KNOTS.);
#2674 = CARTESIAN_POINT('',(37.8,-7.105427357601E-15,0.));
#2675 = CARTESIAN_POINT('',(36.75,0.75,99.));
#2676 = PCURVE('',#1961,#2677);
#2677 = DEFINITIONAL_REPRESENTATION('',(#2678),#2682);
#2678 = LINE('',#2679,#2680);
#2679 = CARTESIAN_POINT('',(-73.5,0.));
#2680 = VECTOR('',#2681,1.);
#2681 = DIRECTION('',(0.,1.));
#2682 = ( GEOMETRIC_REPRESENTATION_CONTEXT(2) 
PARAMETRIC_REPRESENTATION_CONTEXT() REPRESENTATION_CONTEXT('2D SPACE',''
  ) );
#2683 = PCURVE('',#2525,#2684);
#2684 = DEFINITIONAL_REPRESENTATION('',(#2685),#2689);
#2685 = LINE('',#2686,#2687);
#2686 = CARTESIAN_POINT('',(6.28318530718,0.));
#2687 = VECTOR('',#2688,1.);
#2688 = DIRECTION('',(0.,1.));
#2689 = ( GEOMETRIC_REPRESENTATION_CONTEXT(2) 
PARAMETRIC_REPRESENTATION_CONTEXT() REPRESENTATION_CONTEXT('2D SPACE',''
  ) );
#2690 = ADVANCED_FACE('',(#2691),#1919,.F.);
#2691 = FACE_BOUND('',#2692,.F.);
#2692 = EDGE_LOOP('',(#2693,#2694,#2695,#2696));
#2693 = ORIENTED_EDGE('',*,*,#2621,.F.);
#2694 = ORIENTED_EDGE('',*,*,#1902,.T.);
#2695 = ORIENTED_EDGE('',*,*,#2020,.T.);
#2696 = ORIENTED_EDGE('',*,*,#2697,.T.);
#2697 = EDGE_CURVE('',#2021,#2622,#2698,.T.);
#2698 = SURFACE_CURVE('',#2699,(#2704,#2711),.PCURVE_S1.);
#2699 = CIRCLE('',#2700,0.75);
#2700 = AXIS2_PLACEMENT_3D('',#2701,#2702,#2703);
#2701 = CARTESIAN_POINT('',(-36.75,0.,99.));
#2702 = DIRECTION('',(-0.,-0.,-1.));
#2703 = DIRECTION('',(0.,-1.,0.));
#2704 = PCURVE('',#1919,#2705);
#2705 = DEFINITIONAL_REPRESENTATION('',(#2706),#2710);
#2706 = LINE('',#2707,#2708);
#2707 = CARTESIAN_POINT('',(6.28318530718,1.));
#2708 = VECTOR('',#2709,1.);
#2709 = DIRECTION('',(-1.,0.));
#2710 = ( GEOMETRIC_REPRESENTATION_CONTEXT(2) 
PARAMETRIC_REPRESENTATION_CONTEXT() REPRESENTATION_CONTEXT('2D SPACE',''
  ) );
#2711 = PCURVE('',#2080,#2712);
#2712 = DEFINITIONAL_REPRESENTATION('',(#2713),#2716);
#2713 = B_SPLINE_CURVE_WITH_KNOTS('',1,(#2714,#2715),.UNSPECIFIED.,.F.,
  .F.,(2,2),(0.,3.14159265359),.PIECEWISE_BEZIER_KNOTS.);
#2714 = CARTESIAN_POINT('',(0.,0.));
#2715 = CARTESIAN_POINT('',(3.14159265359,0.));
#2716 = ( GEOMETRIC_REPRESENTATION_CONTEXT(2) 
PARAMETRIC_REPRESENTATION_CONTEXT() REPRESENTATION_CONTEXT('2D SPACE',''
  ) );
#2717 = ADVANCED_FACE('',(#2718),#2222,.T.);
#2718 = FACE_BOUND('',#2719,.T.);
#2719 = EDGE_LOOP('',(#2720,#2721,#2743,#2744));
#2720 = ORIENTED_EDGE('',*,*,#2208,.F.);
#2721 = ORIENTED_EDGE('',*,*,#2722,.F.);
#2722 = EDGE_CURVE('',#2289,#2181,#2723,.T.);
#2723 = SURFACE_CURVE('',#2724,(#2729,#2736),.PCURVE_S1.);
#2724 = CIRCLE('',#2725,44.75);
#2725 = AXIS2_PLACEMENT_3D('',#2726,#2727,#2728);
#2726 = CARTESIAN_POINT('',(0.,0.,80.7));
#2727 = DIRECTION('',(0.,0.,1.));
#2728 = DIRECTION('',(1.,0.,0.));
#2729 = PCURVE('',#2222,#2730);
#2730 = DEFINITIONAL_REPRESENTATION('',(#2731),#2735);
#2731 = LINE('',#2732,#2733);
#2732 = CARTESIAN_POINT('',(6.28318530718,-10.8));
#2733 = VECTOR('',#2734,1.);
#2734 = DIRECTION('',(-1.,0.));
#2735 = ( GEOMETRIC_REPRESENTATION_CONTEXT(2) 
PARAMETRIC_REPRESENTATION_CONTEXT() REPRESENTATION_CONTEXT('2D SPACE',''
  ) );
#2736 = PCURVE('',#2196,#2737);
#2737 = DEFINITIONAL_REPRESENTATION('',(#2738),#2742);
#2738 = CIRCLE('',#2739,44.75);
#2739 = AXIS2_PLACEMENT_2D('',#2740,#2741);
#2740 = CARTESIAN_POINT('',(2.933502854163E-15,-4.040240899597E-15));
#2741 = DIRECTION('',(1.,0.));
#2742 = ( GEOMETRIC_REPRESENTATION_CONTEXT(2) 
PARAMETRIC_REPRESENTATION_CONTEXT() REPRESENTATION_CONTEXT('2D SPACE',''
  ) );
#2743 = ORIENTED_EDGE('',*,*,#2288,.T.);
#2744 = ORIENTED_EDGE('',*,*,#2261,.T.);
#2745 = ADVANCED_FACE('',(#2746),#2196,.T.);
#2746 = FACE_BOUND('',#2747,.T.);
#2747 = EDGE_LOOP('',(#2748,#2749,#2750,#2751));
#2748 = ORIENTED_EDGE('',*,*,#2310,.T.);
#2749 = ORIENTED_EDGE('',*,*,#2722,.T.);
#2750 = ORIENTED_EDGE('',*,*,#2180,.T.);
#2751 = ORIENTED_EDGE('',*,*,#2752,.F.);
#2752 = EDGE_CURVE('',#2311,#2154,#2753,.T.);
#2753 = SURFACE_CURVE('',#2754,(#2759,#2766),.PCURVE_S1.);
#2754 = CIRCLE('',#2755,39.75);
#2755 = AXIS2_PLACEMENT_3D('',#2756,#2757,#2758);
#2756 = CARTESIAN_POINT('',(0.,0.,80.7));
#2757 = DIRECTION('',(0.,0.,1.));
#2758 = DIRECTION('',(1.,0.,0.));
#2759 = PCURVE('',#2196,#2760);
#2760 = DEFINITIONAL_REPRESENTATION('',(#2761),#2765);
#2761 = CIRCLE('',#2762,39.75);
#2762 = AXIS2_PLACEMENT_2D('',#2763,#2764);
#2763 = CARTESIAN_POINT('',(2.933502854163E-15,-4.040240899597E-15));
#2764 = DIRECTION('',(1.,0.));
#2765 = ( GEOMETRIC_REPRESENTATION_CONTEXT(2) 
PARAMETRIC_REPRESENTATION_CONTEXT() REPRESENTATION_CONTEXT('2D SPACE',''
  ) );
#2766 = PCURVE('',#2169,#2767);
#2767 = DEFINITIONAL_REPRESENTATION('',(#2768),#2772);
#2768 = LINE('',#2769,#2770);
#2769 = CARTESIAN_POINT('',(6.28318530718,0.));
#2770 = VECTOR('',#2771,1.);
#2771 = DIRECTION('',(-1.,0.));
#2772 = ( GEOMETRIC_REPRESENTATION_CONTEXT(2) 
PARAMETRIC_REPRESENTATION_CONTEXT() REPRESENTATION_CONTEXT('2D SPACE',''
  ) );
#2773 = ADVANCED_FACE('',(#2774),#2169,.T.);
#2774 = FACE_BOUND('',#2775,.T.);
#2775 = EDGE_LOOP('',(#2776,#2777,#2799,#2800));
#2776 = ORIENTED_EDGE('',*,*,#2153,.F.);
#2777 = ORIENTED_EDGE('',*,*,#2778,.F.);
#2778 = EDGE_CURVE('',#2334,#2126,#2779,.T.);
#2779 = SURFACE_CURVE('',#2780,(#2785,#2792),.PCURVE_S1.);
#2780 = CIRCLE('',#2781,39.75);
#2781 = AXIS2_PLACEMENT_3D('',#2782,#2783,#2784);
#2782 = CARTESIAN_POINT('',(0.,0.,109.));
#2783 = DIRECTION('',(0.,0.,1.));
#2784 = DIRECTION('',(1.,0.,0.));
#2785 = PCURVE('',#2169,#2786);
#2786 = DEFINITIONAL_REPRESENTATION('',(#2787),#2791);
#2787 = LINE('',#2788,#2789);
#2788 = CARTESIAN_POINT('',(6.28318530718,-28.3));
#2789 = VECTOR('',#2790,1.);
#2790 = DIRECTION('',(-1.,0.));
#2791 = ( GEOMETRIC_REPRESENTATION_CONTEXT(2) 
PARAMETRIC_REPRESENTATION_CONTEXT() REPRESENTATION_CONTEXT('2D SPACE',''
  ) );
#2792 = PCURVE('',#2141,#2793);
#2793 = DEFINITIONAL_REPRESENTATION('',(#2794),#2798);
#2794 = CIRCLE('',#2795,39.75);
#2795 = AXIS2_PLACEMENT_2D('',#2796,#2797);
#2796 = CARTESIAN_POINT('',(4.403329231825E-15,-5.790076070423E-16));
#2797 = DIRECTION('',(1.,0.));
#2798 = ( GEOMETRIC_REPRESENTATION_CONTEXT(2) 
PARAMETRIC_REPRESENTATION_CONTEXT() REPRESENTATION_CONTEXT('2D SPACE',''
  ) );
#2799 = ORIENTED_EDGE('',*,*,#2333,.T.);
#2800 = ORIENTED_EDGE('',*,*,#2752,.T.);
#2801 = ADVANCED_FACE('',(#2802),#2141,.T.);
#2802 = FACE_BOUND('',#2803,.T.);
#2803 = EDGE_LOOP('',(#2804,#2805,#2806,#2807,#2835,#2863));
#2804 = ORIENTED_EDGE('',*,*,#2355,.T.);
#2805 = ORIENTED_EDGE('',*,*,#2778,.T.);
#2806 = ORIENTED_EDGE('',*,*,#2125,.T.);
#2807 = ORIENTED_EDGE('',*,*,#2808,.T.);
#2808 = EDGE_CURVE('',#2092,#2809,#2811,.T.);
#2809 = VERTEX_POINT('',#2810);
#2810 = CARTESIAN_POINT('',(-36.75,2.25,109.));
#2811 = SURFACE_CURVE('',#2812,(#2817,#2828),.PCURVE_S1.);
#2812 = CIRCLE('',#2813,2.25);
#2813 = AXIS2_PLACEMENT_3D('',#2814,#2815,#2816);
#2814 = CARTESIAN_POINT('',(-36.75,0.,109.));
#2815 = DIRECTION('',(-0.,-0.,-1.));
#2816 = DIRECTION('',(0.,-1.,0.));
#2817 = PCURVE('',#2141,#2818);
#2818 = DEFINITIONAL_REPRESENTATION('',(#2819),#2827);
#2819 = ( BOUNDED_CURVE() B_SPLINE_CURVE(2,(#2820,#2821,#2822,#2823,
#2824,#2825,#2826),.UNSPECIFIED.,.T.,.F.) B_SPLINE_CURVE_WITH_KNOTS((1,2
    ,2,2,2,1),(-2.094395102393,0.,2.094395102393,4.188790204786,
6.28318530718,8.377580409573),.UNSPECIFIED.) CURVE() 
GEOMETRIC_REPRESENTATION_ITEM() RATIONAL_B_SPLINE_CURVE((1.,0.5,1.,0.5,
1.,0.5,1.)) REPRESENTATION_ITEM('') );
#2820 = CARTESIAN_POINT('',(-36.75,-2.25));
#2821 = CARTESIAN_POINT('',(-40.64711431703,-2.25));
#2822 = CARTESIAN_POINT('',(-38.69855715851,1.125));
#2823 = CARTESIAN_POINT('',(-36.75,4.5));
#2824 = CARTESIAN_POINT('',(-34.80144284148,1.125));
#2825 = CARTESIAN_POINT('',(-32.85288568297,-2.25));
#2826 = CARTESIAN_POINT('',(-36.75,-2.25));
#2827 = ( GEOMETRIC_REPRESENTATION_CONTEXT(2) 
PARAMETRIC_REPRESENTATION_CONTEXT() REPRESENTATION_CONTEXT('2D SPACE',''
  ) );
#2828 = PCURVE('',#2108,#2829);
#2829 = DEFINITIONAL_REPRESENTATION('',(#2830),#2834);
#2830 = LINE('',#2831,#2832);
#2831 = CARTESIAN_POINT('',(6.28318530718,1.5));
#2832 = VECTOR('',#2833,1.);
#2833 = DIRECTION('',(-1.,0.));
#2834 = ( GEOMETRIC_REPRESENTATION_CONTEXT(2) 
PARAMETRIC_REPRESENTATION_CONTEXT() REPRESENTATION_CONTEXT('2D SPACE',''
  ) );
#2835 = ORIENTED_EDGE('',*,*,#2836,.T.);
#2836 = EDGE_CURVE('',#2809,#2837,#2839,.T.);
#2837 = VERTEX_POINT('',#2838);
#2838 = CARTESIAN_POINT('',(36.75,2.25,109.));
#2839 = SURFACE_CURVE('',#2840,(#2844,#2851),.PCURVE_S1.);
#2840 = LINE('',#2841,#2842);
#2841 = CARTESIAN_POINT('',(-36.75,2.25,109.));
#2842 = VECTOR('',#2843,1.);
#2843 = DIRECTION('',(1.,0.,0.));
#2844 = PCURVE('',#2141,#2845);
#2845 = DEFINITIONAL_REPRESENTATION('',(#2846),#2850);
#2846 = LINE('',#2847,#2848);
#2847 = CARTESIAN_POINT('',(-36.75,2.25));
#2848 = VECTOR('',#2849,1.);
#2849 = DIRECTION('',(1.,0.));
#2850 = ( GEOMETRIC_REPRESENTATION_CONTEXT(2) 
PARAMETRIC_REPRESENTATION_CONTEXT() REPRESENTATION_CONTEXT('2D SPACE',''
  ) );
#2851 = PCURVE('',#2852,#2857);
#2852 = PLANE('',#2853);
#2853 = AXIS2_PLACEMENT_3D('',#2854,#2855,#2856);
#2854 = CARTESIAN_POINT('',(-36.75,2.25,109.));
#2855 = DIRECTION('',(0.,-0.707106781187,0.707106781187));
#2856 = DIRECTION('',(1.,0.,0.));
#2857 = DEFINITIONAL_REPRESENTATION('',(#2858),#2862);
#2858 = LINE('',#2859,#2860);
#2859 = CARTESIAN_POINT('',(0.,0.));
#2860 = VECTOR('',#2861,1.);
#2861 = DIRECTION('',(1.,0.));
#2862 = ( GEOMETRIC_REPRESENTATION_CONTEXT(2) 
PARAMETRIC_REPRESENTATION_CONTEXT() REPRESENTATION_CONTEXT('2D SPACE',''
  ) );
#2863 = ORIENTED_EDGE('',*,*,#2864,.T.);
#2864 = EDGE_CURVE('',#2837,#2356,#2865,.T.);
#2865 = SURFACE_CURVE('',#2866,(#2871,#2882),.PCURVE_S1.);
#2866 = CIRCLE('',#2867,2.25);
#2867 = AXIS2_PLACEMENT_3D('',#2868,#2869,#2870);
#2868 = CARTESIAN_POINT('',(36.75,0.,109.));
#2869 = DIRECTION('',(0.,0.,-1.));
#2870 = DIRECTION('',(0.,1.,0.));
#2871 = PCURVE('',#2141,#2872);
#2872 = DEFINITIONAL_REPRESENTATION('',(#2873),#2881);
#2873 = ( BOUNDED_CURVE() B_SPLINE_CURVE(2,(#2874,#2875,#2876,#2877,
#2878,#2879,#2880),.UNSPECIFIED.,.T.,.F.) B_SPLINE_CURVE_WITH_KNOTS((1,2
    ,2,2,2,1),(-2.094395102393,0.,2.094395102393,4.188790204786,
6.28318530718,8.377580409573),.UNSPECIFIED.) CURVE() 
GEOMETRIC_REPRESENTATION_ITEM() RATIONAL_B_SPLINE_CURVE((1.,0.5,1.,0.5,
1.,0.5,1.)) REPRESENTATION_ITEM('') );
#2874 = CARTESIAN_POINT('',(36.75,2.25));
#2875 = CARTESIAN_POINT('',(40.64711431703,2.25));
#2876 = CARTESIAN_POINT('',(38.698557158515,-1.125));
#2877 = CARTESIAN_POINT('',(36.75,-4.5));
#2878 = CARTESIAN_POINT('',(34.801442841485,-1.125));
#2879 = CARTESIAN_POINT('',(32.85288568297,2.25));
#2880 = CARTESIAN_POINT('',(36.75,2.25));
#2881 = ( GEOMETRIC_REPRESENTATION_CONTEXT(2) 
PARAMETRIC_REPRESENTATION_CONTEXT() REPRESENTATION_CONTEXT('2D SPACE',''
  ) );
#2882 = PCURVE('',#2395,#2883);
#2883 = DEFINITIONAL_REPRESENTATION('',(#2884),#2888);
#2884 = LINE('',#2885,#2886);
#2885 = CARTESIAN_POINT('',(6.28318530718,1.5));
#2886 = VECTOR('',#2887,1.);
#2887 = DIRECTION('',(-1.,0.));
#2888 = ( GEOMETRIC_REPRESENTATION_CONTEXT(2) 
PARAMETRIC_REPRESENTATION_CONTEXT() REPRESENTATION_CONTEXT('2D SPACE',''
  ) );
#2889 = ADVANCED_FACE('',(#2890),#2108,.F.);
#2890 = FACE_BOUND('',#2891,.F.);
#2891 = EDGE_LOOP('',(#2892,#2893,#2913,#2935));
#2892 = ORIENTED_EDGE('',*,*,#2808,.T.);
#2893 = ORIENTED_EDGE('',*,*,#2894,.F.);
#2894 = EDGE_CURVE('',#2895,#2809,#2897,.T.);
#2895 = VERTEX_POINT('',#2896);
#2896 = CARTESIAN_POINT('',(-36.75,0.75,107.5));
#2897 = SURFACE_CURVE('',#2898,(#2901,#2907),.PCURVE_S1.);
#2898 = B_SPLINE_CURVE_WITH_KNOTS('',1,(#2899,#2900),.UNSPECIFIED.,.F.,
  .F.,(2,2),(0.,1.),.PIECEWISE_BEZIER_KNOTS.);
#2899 = CARTESIAN_POINT('',(-36.75,0.75,107.5));
#2900 = CARTESIAN_POINT('',(-36.75,2.25,109.));
#2901 = PCURVE('',#2108,#2902);
#2902 = DEFINITIONAL_REPRESENTATION('',(#2903),#2906);
#2903 = B_SPLINE_CURVE_WITH_KNOTS('',1,(#2904,#2905),.UNSPECIFIED.,.F.,
  .F.,(2,2),(0.,1.),.PIECEWISE_BEZIER_KNOTS.);
#2904 = CARTESIAN_POINT('',(3.14159265359,0.));
#2905 = CARTESIAN_POINT('',(3.14159265359,1.5));
#2906 = ( GEOMETRIC_REPRESENTATION_CONTEXT(2) 
PARAMETRIC_REPRESENTATION_CONTEXT() REPRESENTATION_CONTEXT('2D SPACE',''
  ) );
#2907 = PCURVE('',#2852,#2908);
#2908 = DEFINITIONAL_REPRESENTATION('',(#2909),#2912);
#2909 = B_SPLINE_CURVE_WITH_KNOTS('',1,(#2910,#2911),.UNSPECIFIED.,.F.,
  .F.,(2,2),(0.,1.),.PIECEWISE_BEZIER_KNOTS.);
#2910 = CARTESIAN_POINT('',(0.,-2.12132034356));
#2911 = CARTESIAN_POINT('',(0.,0.));
#2912 = ( GEOMETRIC_REPRESENTATION_CONTEXT(2) 
PARAMETRIC_REPRESENTATION_CONTEXT() REPRESENTATION_CONTEXT('2D SPACE',''
  ) );
#2913 = ORIENTED_EDGE('',*,*,#2914,.F.);
#2914 = EDGE_CURVE('',#2065,#2895,#2915,.T.);
#2915 = SURFACE_CURVE('',#2916,(#2921,#2928),.PCURVE_S1.);
#2916 = CIRCLE('',#2917,0.75);
#2917 = AXIS2_PLACEMENT_3D('',#2918,#2919,#2920);
#2918 = CARTESIAN_POINT('',(-36.75,0.,107.5));
#2919 = DIRECTION('',(-0.,-0.,-1.));
#2920 = DIRECTION('',(0.,-1.,0.));
#2921 = PCURVE('',#2108,#2922);
#2922 = DEFINITIONAL_REPRESENTATION('',(#2923),#2927);
#2923 = LINE('',#2924,#2925);
#2924 = CARTESIAN_POINT('',(6.28318530718,0.));
#2925 = VECTOR('',#2926,1.);
#2926 = DIRECTION('',(-1.,0.));
#2927 = ( GEOMETRIC_REPRESENTATION_CONTEXT(2) 
PARAMETRIC_REPRESENTATION_CONTEXT() REPRESENTATION_CONTEXT('2D SPACE',''
  ) );
#2928 = PCURVE('',#2080,#2929);
#2929 = DEFINITIONAL_REPRESENTATION('',(#2930),#2934);
#2930 = LINE('',#2931,#2932);
#2931 = CARTESIAN_POINT('',(0.,-8.5));
#2932 = VECTOR('',#2933,1.);
#2933 = DIRECTION('',(1.,0.));
#2934 = ( GEOMETRIC_REPRESENTATION_CONTEXT(2) 
PARAMETRIC_REPRESENTATION_CONTEXT() REPRESENTATION_CONTEXT('2D SPACE',''
  ) );
#2935 = ORIENTED_EDGE('',*,*,#2091,.T.);
#2936 = ADVANCED_FACE('',(#2937),#2080,.F.);
#2937 = FACE_BOUND('',#2938,.F.);
#2938 = EDGE_LOOP('',(#2939,#2940,#2941,#2942));
#2939 = ORIENTED_EDGE('',*,*,#2697,.F.);
#2940 = ORIENTED_EDGE('',*,*,#2064,.F.);
#2941 = ORIENTED_EDGE('',*,*,#2914,.T.);
#2942 = ORIENTED_EDGE('',*,*,#2943,.F.);
#2943 = EDGE_CURVE('',#2622,#2895,#2944,.T.);
#2944 = SURFACE_CURVE('',#2945,(#2949,#2956),.PCURVE_S1.);
#2945 = LINE('',#2946,#2947);
#2946 = CARTESIAN_POINT('',(-36.75,0.75,99.));
#2947 = VECTOR('',#2948,1.);
#2948 = DIRECTION('',(0.,0.,1.));
#2949 = PCURVE('',#2080,#2950);
#2950 = DEFINITIONAL_REPRESENTATION('',(#2951),#2955);
#2951 = LINE('',#2952,#2953);
#2952 = CARTESIAN_POINT('',(3.14159265359,0.));
#2953 = VECTOR('',#2954,1.);
#2954 = DIRECTION('',(0.,-1.));
#2955 = ( GEOMETRIC_REPRESENTATION_CONTEXT(2) 
PARAMETRIC_REPRESENTATION_CONTEXT() REPRESENTATION_CONTEXT('2D SPACE',''
  ) );
#2956 = PCURVE('',#2659,#2957);
#2957 = DEFINITIONAL_REPRESENTATION('',(#2958),#2962);
#2958 = LINE('',#2959,#2960);
#2959 = CARTESIAN_POINT('',(0.,0.));
#2960 = VECTOR('',#2961,1.);
#2961 = DIRECTION('',(0.,-1.));
#2962 = ( GEOMETRIC_REPRESENTATION_CONTEXT(2) 
PARAMETRIC_REPRESENTATION_CONTEXT() REPRESENTATION_CONTEXT('2D SPACE',''
  ) );
#2963 = ADVANCED_FACE('',(#2964),#2525,.F.);
#2964 = FACE_BOUND('',#2965,.F.);
#2965 = EDGE_LOOP('',(#2966,#2967,#2968));
#2966 = ORIENTED_EDGE('',*,*,#2439,.F.);
#2967 = ORIENTED_EDGE('',*,*,#2671,.T.);
#2968 = ORIENTED_EDGE('',*,*,#2969,.T.);
#2969 = EDGE_CURVE('',#2644,#2413,#2970,.T.);
#2970 = SURFACE_CURVE('',#2971,(#2976,#2983),.PCURVE_S1.);
#2971 = CIRCLE('',#2972,0.75);
#2972 = AXIS2_PLACEMENT_3D('',#2973,#2974,#2975);
#2973 = CARTESIAN_POINT('',(36.75,0.,99.));
#2974 = DIRECTION('',(0.,0.,-1.));
#2975 = DIRECTION('',(0.,1.,0.));
#2976 = PCURVE('',#2525,#2977);
#2977 = DEFINITIONAL_REPRESENTATION('',(#2978),#2982);
#2978 = LINE('',#2979,#2980);
#2979 = CARTESIAN_POINT('',(6.28318530718,1.));
#2980 = VECTOR('',#2981,1.);
#2981 = DIRECTION('',(-1.,0.));
#2982 = ( GEOMETRIC_REPRESENTATION_CONTEXT(2) 
PARAMETRIC_REPRESENTATION_CONTEXT() REPRESENTATION_CONTEXT('2D SPACE',''
  ) );
#2983 = PCURVE('',#2428,#2984);
#2984 = DEFINITIONAL_REPRESENTATION('',(#2985),#2988);
#2985 = B_SPLINE_CURVE_WITH_KNOTS('',1,(#2986,#2987),.UNSPECIFIED.,.F.,
  .F.,(2,2),(0.,3.14159265359),.PIECEWISE_BEZIER_KNOTS.);
#2986 = CARTESIAN_POINT('',(0.,0.));
#2987 = CARTESIAN_POINT('',(3.14159265359,0.));
#2988 = ( GEOMETRIC_REPRESENTATION_CONTEXT(2) 
PARAMETRIC_REPRESENTATION_CONTEXT() REPRESENTATION_CONTEXT('2D SPACE',''
  ) );
#2989 = ADVANCED_FACE('',(#2990),#2428,.F.);
#2990 = FACE_BOUND('',#2991,.F.);
#2991 = EDGE_LOOP('',(#2992,#2993,#3016,#3038));
#2992 = ORIENTED_EDGE('',*,*,#2969,.F.);
#2993 = ORIENTED_EDGE('',*,*,#2994,.T.);
#2994 = EDGE_CURVE('',#2644,#2995,#2997,.T.);
#2995 = VERTEX_POINT('',#2996);
#2996 = CARTESIAN_POINT('',(36.75,0.75,107.5));
#2997 = SURFACE_CURVE('',#2998,(#3002,#3009),.PCURVE_S1.);
#2998 = LINE('',#2999,#3000);
#2999 = CARTESIAN_POINT('',(36.75,0.75,99.));
#3000 = VECTOR('',#3001,1.);
#3001 = DIRECTION('',(0.,0.,1.));
#3002 = PCURVE('',#2428,#3003);
#3003 = DEFINITIONAL_REPRESENTATION('',(#3004),#3008);
#3004 = LINE('',#3005,#3006);
#3005 = CARTESIAN_POINT('',(0.,0.));
#3006 = VECTOR('',#3007,1.);
#3007 = DIRECTION('',(0.,-1.));
#3008 = ( GEOMETRIC_REPRESENTATION_CONTEXT(2) 
PARAMETRIC_REPRESENTATION_CONTEXT() REPRESENTATION_CONTEXT('2D SPACE',''
  ) );
#3009 = PCURVE('',#2659,#3010);
#3010 = DEFINITIONAL_REPRESENTATION('',(#3011),#3015);
#3011 = LINE('',#3012,#3013);
#3012 = CARTESIAN_POINT('',(73.5,0.));
#3013 = VECTOR('',#3014,1.);
#3014 = DIRECTION('',(0.,-1.));
#3015 = ( GEOMETRIC_REPRESENTATION_CONTEXT(2) 
PARAMETRIC_REPRESENTATION_CONTEXT() REPRESENTATION_CONTEXT('2D SPACE',''
  ) );
#3016 = ORIENTED_EDGE('',*,*,#3017,.T.);
#3017 = EDGE_CURVE('',#2995,#2379,#3018,.T.);
#3018 = SURFACE_CURVE('',#3019,(#3024,#3031),.PCURVE_S1.);
#3019 = CIRCLE('',#3020,0.75);
#3020 = AXIS2_PLACEMENT_3D('',#3021,#3022,#3023);
#3021 = CARTESIAN_POINT('',(36.75,0.,107.5));
#3022 = DIRECTION('',(0.,0.,-1.));
#3023 = DIRECTION('',(0.,1.,0.));
#3024 = PCURVE('',#2428,#3025);
#3025 = DEFINITIONAL_REPRESENTATION('',(#3026),#3030);
#3026 = LINE('',#3027,#3028);
#3027 = CARTESIAN_POINT('',(0.,-8.5));
#3028 = VECTOR('',#3029,1.);
#3029 = DIRECTION('',(1.,0.));
#3030 = ( GEOMETRIC_REPRESENTATION_CONTEXT(2) 
PARAMETRIC_REPRESENTATION_CONTEXT() REPRESENTATION_CONTEXT('2D SPACE',''
  ) );
#3031 = PCURVE('',#2395,#3032);
#3032 = DEFINITIONAL_REPRESENTATION('',(#3033),#3037);
#3033 = LINE('',#3034,#3035);
#3034 = CARTESIAN_POINT('',(6.28318530718,0.));
#3035 = VECTOR('',#3036,1.);
#3036 = DIRECTION('',(-1.,0.));
#3037 = ( GEOMETRIC_REPRESENTATION_CONTEXT(2) 
PARAMETRIC_REPRESENTATION_CONTEXT() REPRESENTATION_CONTEXT('2D SPACE',''
  ) );
#3038 = ORIENTED_EDGE('',*,*,#2412,.T.);
#3039 = ADVANCED_FACE('',(#3040),#2395,.F.);
#3040 = FACE_BOUND('',#3041,.F.);
#3041 = EDGE_LOOP('',(#3042,#3043,#3044,#3045));
#3042 = ORIENTED_EDGE('',*,*,#2864,.T.);
#3043 = ORIENTED_EDGE('',*,*,#2378,.T.);
#3044 = ORIENTED_EDGE('',*,*,#3017,.F.);
#3045 = ORIENTED_EDGE('',*,*,#3046,.T.);
#3046 = EDGE_CURVE('',#2995,#2837,#3047,.T.);
#3047 = SURFACE_CURVE('',#3048,(#3051,#3057),.PCURVE_S1.);
#3048 = B_SPLINE_CURVE_WITH_KNOTS('',1,(#3049,#3050),.UNSPECIFIED.,.F.,
  .F.,(2,2),(0.,1.),.PIECEWISE_BEZIER_KNOTS.);
#3049 = CARTESIAN_POINT('',(36.75,0.75,107.5));
#3050 = CARTESIAN_POINT('',(36.75,2.25,109.));
#3051 = PCURVE('',#2395,#3052);
#3052 = DEFINITIONAL_REPRESENTATION('',(#3053),#3056);
#3053 = B_SPLINE_CURVE_WITH_KNOTS('',1,(#3054,#3055),.UNSPECIFIED.,.F.,
  .F.,(2,2),(0.,1.),.PIECEWISE_BEZIER_KNOTS.);
#3054 = CARTESIAN_POINT('',(6.28318530718,0.));
#3055 = CARTESIAN_POINT('',(6.28318530718,1.5));
#3056 = ( GEOMETRIC_REPRESENTATION_CONTEXT(2) 
PARAMETRIC_REPRESENTATION_CONTEXT() REPRESENTATION_CONTEXT('2D SPACE',''
  ) );
#3057 = PCURVE('',#2852,#3058);
#3058 = DEFINITIONAL_REPRESENTATION('',(#3059),#3062);
#3059 = B_SPLINE_CURVE_WITH_KNOTS('',1,(#3060,#3061),.UNSPECIFIED.,.F.,
  .F.,(2,2),(0.,1.),.PIECEWISE_BEZIER_KNOTS.);
#3060 = CARTESIAN_POINT('',(73.5,-2.12132034356));
#3061 = CARTESIAN_POINT('',(73.5,0.));
#3062 = ( GEOMETRIC_REPRESENTATION_CONTEXT(2) 
PARAMETRIC_REPRESENTATION_CONTEXT() REPRESENTATION_CONTEXT('2D SPACE',''
  ) );
#3063 = ADVANCED_FACE('',(#3064),#2659,.F.);
#3064 = FACE_BOUND('',#3065,.F.);
#3065 = EDGE_LOOP('',(#3066,#3067,#3068,#3089));
#3066 = ORIENTED_EDGE('',*,*,#2643,.F.);
#3067 = ORIENTED_EDGE('',*,*,#2943,.T.);
#3068 = ORIENTED_EDGE('',*,*,#3069,.T.);
#3069 = EDGE_CURVE('',#2895,#2995,#3070,.T.);
#3070 = SURFACE_CURVE('',#3071,(#3075,#3082),.PCURVE_S1.);
#3071 = LINE('',#3072,#3073);
#3072 = CARTESIAN_POINT('',(-36.75,0.75,107.5));
#3073 = VECTOR('',#3074,1.);
#3074 = DIRECTION('',(1.,0.,0.));
#3075 = PCURVE('',#2659,#3076);
#3076 = DEFINITIONAL_REPRESENTATION('',(#3077),#3081);
#3077 = LINE('',#3078,#3079);
#3078 = CARTESIAN_POINT('',(0.,-8.5));
#3079 = VECTOR('',#3080,1.);
#3080 = DIRECTION('',(1.,0.));
#3081 = ( GEOMETRIC_REPRESENTATION_CONTEXT(2) 
PARAMETRIC_REPRESENTATION_CONTEXT() REPRESENTATION_CONTEXT('2D SPACE',''
  ) );
#3082 = PCURVE('',#2852,#3083);
#3083 = DEFINITIONAL_REPRESENTATION('',(#3084),#3088);
#3084 = LINE('',#3085,#3086);
#3085 = CARTESIAN_POINT('',(0.,-2.12132034356));
#3086 = VECTOR('',#3087,1.);
#3087 = DIRECTION('',(1.,0.));
#3088 = ( GEOMETRIC_REPRESENTATION_CONTEXT(2) 
PARAMETRIC_REPRESENTATION_CONTEXT() REPRESENTATION_CONTEXT('2D SPACE',''
  ) );
#3089 = ORIENTED_EDGE('',*,*,#2994,.F.);
#3090 = ADVANCED_FACE('',(#3091),#2852,.T.);
#3091 = FACE_BOUND('',#3092,.T.);
#3092 = EDGE_LOOP('',(#3093,#3094,#3095,#3096));
#3093 = ORIENTED_EDGE('',*,*,#3069,.T.);
#3094 = ORIENTED_EDGE('',*,*,#3046,.T.);
#3095 = ORIENTED_EDGE('',*,*,#2836,.F.);
#3096 = ORIENTED_EDGE('',*,*,#2894,.F.);
#3097 = ( GEOMETRIC_REPRESENTATION_CONTEXT(3) 
GLOBAL_UNCERTAINTY_ASSIGNED_CONTEXT((#3101)) 
GLOBAL_UNIT_ASSIGNED_CONTEXT((#3098,#3099,#3100)) REPRESENTATION_CONTEXT
('Context #1','3D Context with UNIT and UNCERTAINTY') );
#3098 = ( LENGTH_UNIT() NAMED_UNIT(*) SI_UNIT(.MILLI.,.METRE.) );
#3099 = ( NAMED_UNIT(*) PLANE_ANGLE_UNIT() SI_UNIT($,.RADIAN.) );
#3100 = ( NAMED_UNIT(*) SI_UNIT($,.STERADIAN.) SOLID_ANGLE_UNIT() );
#3101 = UNCERTAINTY_MEASURE_WITH_UNIT(LENGTH_MEASURE(1.E-07),#3098,
  'distance_accuracy_value','confusion accuracy');
#3102 = CONTEXT_DEPENDENT_SHAPE_REPRESENTATION(#3103,#3105);
#3103 = ( REPRESENTATION_RELATIONSHIP('','',#1728,#10) 
REPRESENTATION_RELATIONSHIP_WITH_TRANSFORMATION(#3104) 
SHAPE_REPRESENTATION_RELATIONSHIP() );
#3104 = ITEM_DEFINED_TRANSFORMATION('','',#11,#19);
#3105 = PRODUCT_DEFINITION_SHAPE('Placement','Placement of an item',
  #3106);
#3106 = NEXT_ASSEMBLY_USAGE_OCCURRENCE('9','Camada_02_Body_B','',#5,
  #1723,$);
#3107 = PRODUCT_RELATED_PRODUCT_CATEGORY('part',$,(#1725));
#3108 = SHAPE_DEFINITION_REPRESENTATION(#3109,#3115);
#3109 = PRODUCT_DEFINITION_SHAPE('','',#3110);
#3110 = PRODUCT_DEFINITION('design','',#3111,#3114);
#3111 = PRODUCT_DEFINITION_FORMATION('','',#3112);
#3112 = PRODUCT('Camada_03_Canal_Fluxo_Polimero',
  'Camada_03_Canal_Fluxo_Polimero','',(#3113));
#3113 = PRODUCT_CONTEXT('',#2,'mechanical');
#3114 = PRODUCT_DEFINITION_CONTEXT('part definition',#2,'design');
#3115 = SHAPE_REPRESENTATION('',(#11,#3116,#4331,#4429),#4527);
#3116 = MANIFOLD_SOLID_BREP('',#3117);
#3117 = CLOSED_SHELL('',(#3118,#3402,#3625,#3678,#3753,#3801,#3881,#3887
    ,#3913,#3991,#4045,#4101,#4133,#4204,#4250,#4297,#4324));
#3118 = ADVANCED_FACE('',(#3119),#3134,.F.);
#3119 = FACE_BOUND('',#3120,.F.);
#3120 = EDGE_LOOP('',(#3121,#3172,#3220,#3268,#3312,#3356));
#3121 = ORIENTED_EDGE('',*,*,#3122,.T.);
#3122 = EDGE_CURVE('',#3123,#3125,#3127,.T.);
#3123 = VERTEX_POINT('',#3124);
#3124 = CARTESIAN_POINT('',(37.792130737918,-0.771267974243,0.));
#3125 = VERTEX_POINT('',#3126);
#3126 = CARTESIAN_POINT('',(37.8,0.,0.));
#3127 = SURFACE_CURVE('',#3128,(#3133,#3145),.PCURVE_S1.);
#3128 = CIRCLE('',#3129,37.8);
#3129 = AXIS2_PLACEMENT_3D('',#3130,#3131,#3132);
#3130 = CARTESIAN_POINT('',(0.,0.,0.));
#3131 = DIRECTION('',(0.,0.,1.));
#3132 = DIRECTION('',(1.,0.,0.));
#3133 = PCURVE('',#3134,#3139);
#3134 = PLANE('',#3135);
#3135 = AXIS2_PLACEMENT_3D('',#3136,#3137,#3138);
#3136 = CARTESIAN_POINT('',(-1.882068139409E-15,-1.61343992693E-17,0.));
#3137 = DIRECTION('',(0.,0.,1.));
#3138 = DIRECTION('',(1.,0.,-0.));
#3139 = DEFINITIONAL_REPRESENTATION('',(#3140),#3144);
#3140 = CIRCLE('',#3141,37.8);
#3141 = AXIS2_PLACEMENT_2D('',#3142,#3143);
#3142 = CARTESIAN_POINT('',(1.882068139409E-15,1.61343992693E-17));
#3143 = DIRECTION('',(1.,0.));
#3144 = ( GEOMETRIC_REPRESENTATION_CONTEXT(2) 
PARAMETRIC_REPRESENTATION_CONTEXT() REPRESENTATION_CONTEXT('2D SPACE',''
  ) );
#3145 = PCURVE('',#3146,#3167);
#3146 = B_SPLINE_SURFACE_WITH_KNOTS('',9,1,(
    (#3147,#3148)
    ,(#3149,#3150)
    ,(#3151,#3152)
    ,(#3153,#3154)
    ,(#3155,#3156)
    ,(#3157,#3158)
    ,(#3159,#3160)
    ,(#3161,#3162)
    ,(#3163,#3164)
    ,(#3165,#3166
    )),.UNSPECIFIED.,.F.,.F.,.F.,(10,10),(2,2),(3.14159265359,
    6.28318530718),(0.,1.),.PIECEWISE_BEZIER_KNOTS.);
#3147 = CARTESIAN_POINT('',(37.792130737918,-0.771267974243,0.));
#3148 = CARTESIAN_POINT('',(36.75,-0.75,99.));
#3149 = CARTESIAN_POINT('',(37.793879402147,-0.685583427015,0.));
#3150 = CARTESIAN_POINT('',(37.011799387799,-0.75,99.));
#3151 = CARTESIAN_POINT('',(37.795409506102,-0.599894419434,0.));
#3152 = CARTESIAN_POINT('',(37.273601492499,-0.647191900061,
    98.999999999999));
#3153 = CARTESIAN_POINT('',(37.796721043281,-0.514201588687,0.));
#3154 = CARTESIAN_POINT('',(37.48924283384,-0.44157278914,
    99.000000000004));
#3155 = CARTESIAN_POINT('',(37.797814007183,-0.428505571955,0.));
#3156 = CARTESIAN_POINT('',(37.612680472816,-0.157317457926,
    98.999999999993));
#3157 = CARTESIAN_POINT('',(37.798688391308,-0.342807006425,0.));
#3158 = CARTESIAN_POINT('',(37.612680472822,0.157317457926,
    99.000000000007));
#3159 = CARTESIAN_POINT('',(37.799344189153,-0.25710652928,0.));
#3160 = CARTESIAN_POINT('',(37.489242833835,0.44157278914,
    98.999999999994));
#3161 = CARTESIAN_POINT('',(37.799781394217,-0.171404777705,0.));
#3162 = CARTESIAN_POINT('',(37.2736014925,0.647191900061,99.000000000003
    ));
#3163 = CARTESIAN_POINT('',(37.8,-8.570238888347E-02,0.));
#3164 = CARTESIAN_POINT('',(37.011799387799,0.75,98.999999999999));
#3165 = CARTESIAN_POINT('',(37.8,-9.27036225562E-15,0.));
#3166 = CARTESIAN_POINT('',(36.75,0.75,99.));
#3167 = DEFINITIONAL_REPRESENTATION('',(#3168),#3171);
#3168 = B_SPLINE_CURVE_WITH_KNOTS('',1,(#3169,#3170),.UNSPECIFIED.,.F.,
  .F.,(2,2),(6.262779976493,6.28318530718),.PIECEWISE_BEZIER_KNOTS.);
#3169 = CARTESIAN_POINT('',(3.14159265359,0.));
#3170 = CARTESIAN_POINT('',(6.28318530718,0.));
#3171 = ( GEOMETRIC_REPRESENTATION_CONTEXT(2) 
PARAMETRIC_REPRESENTATION_CONTEXT() REPRESENTATION_CONTEXT('2D SPACE',''
  ) );
#3172 = ORIENTED_EDGE('',*,*,#3173,.T.);
#3173 = EDGE_CURVE('',#3125,#3174,#3176,.T.);
#3174 = VERTEX_POINT('',#3175);
#3175 = CARTESIAN_POINT('',(37.799999863132,3.216713912751E-03,0.));
#3176 = SURFACE_CURVE('',#3177,(#3182,#3189),.PCURVE_S1.);
#3177 = CIRCLE('',#3178,37.8);
#3178 = AXIS2_PLACEMENT_3D('',#3179,#3180,#3181);
#3179 = CARTESIAN_POINT('',(0.,0.,0.));
#3180 = DIRECTION('',(0.,0.,1.));
#3181 = DIRECTION('',(1.,0.,0.));
#3182 = PCURVE('',#3134,#3183);
#3183 = DEFINITIONAL_REPRESENTATION('',(#3184),#3188);
#3184 = CIRCLE('',#3185,37.8);
#3185 = AXIS2_PLACEMENT_2D('',#3186,#3187);
#3186 = CARTESIAN_POINT('',(1.882068139409E-15,1.61343992693E-17));
#3187 = DIRECTION('',(1.,0.));
#3188 = ( GEOMETRIC_REPRESENTATION_CONTEXT(2) 
PARAMETRIC_REPRESENTATION_CONTEXT() REPRESENTATION_CONTEXT('2D SPACE',''
  ) );
#3189 = PCURVE('',#3190,#3215);
#3190 = B_SPLINE_SURFACE_WITH_KNOTS('',11,1,(
    (#3191,#3192)
    ,(#3193,#3194)
    ,(#3195,#3196)
    ,(#3197,#3198)
    ,(#3199,#3200)
    ,(#3201,#3202)
    ,(#3203,#3204)
    ,(#3205,#3206)
    ,(#3207,#3208)
    ,(#3209,#3210)
    ,(#3211,#3212)
    ,(#3213,#3214
    )),.UNSPECIFIED.,.F.,.F.,.F.,(12,12),(2,2),(-73.5,0.),(0.,1.),
  .PIECEWISE_BEZIER_KNOTS.);
#3191 = CARTESIAN_POINT('',(37.8,-7.105427357601E-15,0.));
#3192 = CARTESIAN_POINT('',(36.75,0.75,99.));
#3193 = CARTESIAN_POINT('',(37.8,10.725534618702,0.));
#3194 = CARTESIAN_POINT('',(30.068181818182,0.75,99.));
#3195 = CARTESIAN_POINT('',(34.452359659639,21.451068457069,0.));
#3196 = CARTESIAN_POINT('',(23.386363636364,0.75,99.));
#3197 = CARTESIAN_POINT('',(27.757079789678,31.015652162493,0.));
#3198 = CARTESIAN_POINT('',(16.704545454545,0.75,99.));
#3199 = CARTESIAN_POINT('',(18.167101192845,38.2582922896,0.));
#3200 = CARTESIAN_POINT('',(10.022727272727,0.75,99.));
#3201 = CARTESIAN_POINT('',(6.588333853533,42.220109895496,0.));
#3202 = CARTESIAN_POINT('',(3.340909090909,0.75,99.));
#3203 = CARTESIAN_POINT('',(-5.725506764718,42.345748249928,0.));
#3204 = CARTESIAN_POINT('',(-3.340909090909,0.75,99.));
#3205 = CARTESIAN_POINT('',(-17.38270020679,38.621007601877,0.));
#3206 = CARTESIAN_POINT('',(-10.02272727272,0.75,99.));
#3207 = CARTESIAN_POINT('',(-27.11846055823,31.575548363709,0.));
#3208 = CARTESIAN_POINT('',(-16.70454545454,0.75,99.));
#3209 = CARTESIAN_POINT('',(-34.00750154424,22.149565747081,0.));
#3210 = CARTESIAN_POINT('',(-23.38636363636,0.75,99.));
#3211 = CARTESIAN_POINT('',(-37.57328784484,11.494569734672,0.));
#3212 = CARTESIAN_POINT('',(-30.06818181818,0.75,99.));
#3213 = CARTESIAN_POINT('',(-37.79213073791,0.771267974243,0.));
#3214 = CARTESIAN_POINT('',(-36.75,0.75,99.));
#3215 = DEFINITIONAL_REPRESENTATION('',(#3216),#3219);
#3216 = B_SPLINE_CURVE_WITH_KNOTS('',1,(#3217,#3218),.UNSPECIFIED.,.F.,
  .F.,(2,2),(0.,3.121187322903),.PIECEWISE_BEZIER_KNOTS.);
#3217 = CARTESIAN_POINT('',(-73.5,0.));
#3218 = CARTESIAN_POINT('',(0.,0.));
#3219 = ( GEOMETRIC_REPRESENTATION_CONTEXT(2) 
PARAMETRIC_REPRESENTATION_CONTEXT() REPRESENTATION_CONTEXT('2D SPACE',''
  ) );
#3220 = ORIENTED_EDGE('',*,*,#3221,.T.);
#3221 = EDGE_CURVE('',#3174,#3222,#3224,.T.);
#3222 = VERTEX_POINT('',#3223);
#3223 = CARTESIAN_POINT('',(-37.79213073791,0.771267974243,0.));
#3224 = SURFACE_CURVE('',#3225,(#3230,#3237),.PCURVE_S1.);
#3225 = CIRCLE('',#3226,37.8);
#3226 = AXIS2_PLACEMENT_3D('',#3227,#3228,#3229);
#3227 = CARTESIAN_POINT('',(0.,0.,0.));
#3228 = DIRECTION('',(0.,0.,1.));
#3229 = DIRECTION('',(1.,0.,0.));
#3230 = PCURVE('',#3134,#3231);
#3231 = DEFINITIONAL_REPRESENTATION('',(#3232),#3236);
#3232 = CIRCLE('',#3233,37.8);
#3233 = AXIS2_PLACEMENT_2D('',#3234,#3235);
#3234 = CARTESIAN_POINT('',(1.882068139409E-15,1.61343992693E-17));
#3235 = DIRECTION('',(1.,0.));
#3236 = ( GEOMETRIC_REPRESENTATION_CONTEXT(2) 
PARAMETRIC_REPRESENTATION_CONTEXT() REPRESENTATION_CONTEXT('2D SPACE',''
  ) );
#3237 = PCURVE('',#3238,#3263);
#3238 = B_SPLINE_SURFACE_WITH_KNOTS('',11,1,(
    (#3239,#3240)
    ,(#3241,#3242)
    ,(#3243,#3244)
    ,(#3245,#3246)
    ,(#3247,#3248)
    ,(#3249,#3250)
    ,(#3251,#3252)
    ,(#3253,#3254)
    ,(#3255,#3256)
    ,(#3257,#3258)
    ,(#3259,#3260)
    ,(#3261,#3262
    )),.UNSPECIFIED.,.F.,.F.,.F.,(12,12),(2,2),(-73.5,0.),(0.,1.),
  .PIECEWISE_BEZIER_KNOTS.);
#3239 = CARTESIAN_POINT('',(37.8,-7.105427357601E-15,0.));
#3240 = CARTESIAN_POINT('',(36.75,0.75,99.));
#3241 = CARTESIAN_POINT('',(37.8,10.725534618702,0.));
#3242 = CARTESIAN_POINT('',(30.068181818182,0.75,99.));
#3243 = CARTESIAN_POINT('',(34.452359659639,21.451068457069,0.));
#3244 = CARTESIAN_POINT('',(23.386363636364,0.75,99.));
#3245 = CARTESIAN_POINT('',(27.757079789678,31.015652162493,0.));
#3246 = CARTESIAN_POINT('',(16.704545454545,0.75,99.));
#3247 = CARTESIAN_POINT('',(18.167101192845,38.2582922896,0.));
#3248 = CARTESIAN_POINT('',(10.022727272727,0.75,99.));
#3249 = CARTESIAN_POINT('',(6.588333853533,42.220109895496,0.));
#3250 = CARTESIAN_POINT('',(3.340909090909,0.75,99.));
#3251 = CARTESIAN_POINT('',(-5.725506764718,42.345748249928,0.));
#3252 = CARTESIAN_POINT('',(-3.340909090909,0.75,99.));
#3253 = CARTESIAN_POINT('',(-17.38270020679,38.621007601877,0.));
#3254 = CARTESIAN_POINT('',(-10.02272727272,0.75,99.));
#3255 = CARTESIAN_POINT('',(-27.11846055823,31.575548363709,0.));
#3256 = CARTESIAN_POINT('',(-16.70454545454,0.75,99.));
#3257 = CARTESIAN_POINT('',(-34.00750154424,22.149565747081,0.));
#3258 = CARTESIAN_POINT('',(-23.38636363636,0.75,99.));
#3259 = CARTESIAN_POINT('',(-37.57328784484,11.494569734672,0.));
#3260 = CARTESIAN_POINT('',(-30.06818181818,0.75,99.));
#3261 = CARTESIAN_POINT('',(-37.79213073791,0.771267974243,0.));
#3262 = CARTESIAN_POINT('',(-36.75,0.75,99.));
#3263 = DEFINITIONAL_REPRESENTATION('',(#3264),#3267);
#3264 = B_SPLINE_CURVE_WITH_KNOTS('',1,(#3265,#3266),.UNSPECIFIED.,.F.,
  .F.,(2,2),(0.,3.121187322903),.PIECEWISE_BEZIER_KNOTS.);
#3265 = CARTESIAN_POINT('',(-73.5,0.));
#3266 = CARTESIAN_POINT('',(0.,0.));
#3267 = ( GEOMETRIC_REPRESENTATION_CONTEXT(2) 
PARAMETRIC_REPRESENTATION_CONTEXT() REPRESENTATION_CONTEXT('2D SPACE',''
  ) );
#3268 = ORIENTED_EDGE('',*,*,#3269,.T.);
#3269 = EDGE_CURVE('',#3222,#3270,#3272,.T.);
#3270 = VERTEX_POINT('',#3271);
#3271 = CARTESIAN_POINT('',(-37.79999986313,3.216713912749E-03,0.));
#3272 = SURFACE_CURVE('',#3273,(#3278,#3285),.PCURVE_S1.);
#3273 = CIRCLE('',#3274,37.8);
#3274 = AXIS2_PLACEMENT_3D('',#3275,#3276,#3277);
#3275 = CARTESIAN_POINT('',(0.,0.,0.));
#3276 = DIRECTION('',(0.,0.,1.));
#3277 = DIRECTION('',(1.,0.,0.));
#3278 = PCURVE('',#3134,#3279);
#3279 = DEFINITIONAL_REPRESENTATION('',(#3280),#3284);
#3280 = CIRCLE('',#3281,37.8);
#3281 = AXIS2_PLACEMENT_2D('',#3282,#3283);
#3282 = CARTESIAN_POINT('',(1.882068139409E-15,1.61343992693E-17));
#3283 = DIRECTION('',(1.,0.));
#3284 = ( GEOMETRIC_REPRESENTATION_CONTEXT(2) 
PARAMETRIC_REPRESENTATION_CONTEXT() REPRESENTATION_CONTEXT('2D SPACE',''
  ) );
#3285 = PCURVE('',#3286,#3307);
#3286 = B_SPLINE_SURFACE_WITH_KNOTS('',9,1,(
    (#3287,#3288)
    ,(#3289,#3290)
    ,(#3291,#3292)
    ,(#3293,#3294)
    ,(#3295,#3296)
    ,(#3297,#3298)
    ,(#3299,#3300)
    ,(#3301,#3302)
    ,(#3303,#3304)
    ,(#3305,#3306
    )),.UNSPECIFIED.,.F.,.F.,.F.,(10,10),(2,2),(3.14159265359,
    6.28318530718),(0.,1.),.PIECEWISE_BEZIER_KNOTS.);
#3287 = CARTESIAN_POINT('',(-37.79213073791,0.771267974243,0.));
#3288 = CARTESIAN_POINT('',(-36.75,0.75,99.));
#3289 = CARTESIAN_POINT('',(-37.79562806637,0.599898879786,0.));
#3290 = CARTESIAN_POINT('',(-37.01179938779,0.75,99.));
#3291 = CARTESIAN_POINT('',(-37.79825118407,0.428511943798,0.));
#3292 = CARTESIAN_POINT('',(-37.27360149249,0.647191900061,
    98.999999999999));
#3293 = CARTESIAN_POINT('',(-37.79999998699,0.257112263859,0.));
#3294 = CARTESIAN_POINT('',(-37.48924283384,0.44157278914,
    99.000000000004));
#3295 = CARTESIAN_POINT('',(-37.80087440579,8.570493754982E-02,0.));
#3296 = CARTESIAN_POINT('',(-37.61268047281,0.157317457926,
    98.999999999993));
#3297 = CARTESIAN_POINT('',(-37.80087440579,-8.570493754981E-02,0.));
#3298 = CARTESIAN_POINT('',(-37.61268047282,-0.157317457926,
    99.000000000007));
#3299 = CARTESIAN_POINT('',(-37.79999998699,-0.257112263859,0.));
#3300 = CARTESIAN_POINT('',(-37.48924283383,-0.44157278914,
    98.999999999994));
#3301 = CARTESIAN_POINT('',(-37.79825118407,-0.428511943798,0.));
#3302 = CARTESIAN_POINT('',(-37.2736014925,-0.647191900061,
    99.000000000003));
#3303 = CARTESIAN_POINT('',(-37.79562806637,-0.599898879786,0.));
#3304 = CARTESIAN_POINT('',(-37.01179938779,-0.75,98.999999999999));
#3305 = CARTESIAN_POINT('',(-37.79213073791,-0.771267974243,0.));
#3306 = CARTESIAN_POINT('',(-36.75,-0.75,99.));
#3307 = DEFINITIONAL_REPRESENTATION('',(#3308),#3311);
#3308 = B_SPLINE_CURVE_WITH_KNOTS('',1,(#3309,#3310),.UNSPECIFIED.,.F.,
  .F.,(2,2),(3.121187322903,3.161997984276),.PIECEWISE_BEZIER_KNOTS.);
#3309 = CARTESIAN_POINT('',(3.14159265359,0.));
#3310 = CARTESIAN_POINT('',(6.28318530718,0.));
#3311 = ( GEOMETRIC_REPRESENTATION_CONTEXT(2) 
PARAMETRIC_REPRESENTATION_CONTEXT() REPRESENTATION_CONTEXT('2D SPACE',''
  ) );
#3312 = ORIENTED_EDGE('',*,*,#3313,.T.);
#3313 = EDGE_CURVE('',#3270,#3314,#3316,.T.);
#3314 = VERTEX_POINT('',#3315);
#3315 = CARTESIAN_POINT('',(-37.79213073791,-0.771267974243,0.));
#3316 = SURFACE_CURVE('',#3317,(#3322,#3329),.PCURVE_S1.);
#3317 = CIRCLE('',#3318,37.8);
#3318 = AXIS2_PLACEMENT_3D('',#3319,#3320,#3321);
#3319 = CARTESIAN_POINT('',(0.,0.,0.));
#3320 = DIRECTION('',(0.,0.,1.));
#3321 = DIRECTION('',(1.,0.,0.));
#3322 = PCURVE('',#3134,#3323);
#3323 = DEFINITIONAL_REPRESENTATION('',(#3324),#3328);
#3324 = CIRCLE('',#3325,37.8);
#3325 = AXIS2_PLACEMENT_2D('',#3326,#3327);
#3326 = CARTESIAN_POINT('',(1.882068139409E-15,1.61343992693E-17));
#3327 = DIRECTION('',(1.,0.));
#3328 = ( GEOMETRIC_REPRESENTATION_CONTEXT(2) 
PARAMETRIC_REPRESENTATION_CONTEXT() REPRESENTATION_CONTEXT('2D SPACE',''
  ) );
#3329 = PCURVE('',#3330,#3351);
#3330 = B_SPLINE_SURFACE_WITH_KNOTS('',9,1,(
    (#3331,#3332)
    ,(#3333,#3334)
    ,(#3335,#3336)
    ,(#3337,#3338)
    ,(#3339,#3340)
    ,(#3341,#3342)
    ,(#3343,#3344)
    ,(#3345,#3346)
    ,(#3347,#3348)
    ,(#3349,#3350
    )),.UNSPECIFIED.,.F.,.F.,.F.,(10,10),(2,2),(3.14159265359,
    6.28318530718),(0.,1.),.PIECEWISE_BEZIER_KNOTS.);
#3331 = CARTESIAN_POINT('',(-37.79213073791,0.771267974243,0.));
#3332 = CARTESIAN_POINT('',(-36.75,0.75,99.));
#3333 = CARTESIAN_POINT('',(-37.79562806637,0.599898879786,0.));
#3334 = CARTESIAN_POINT('',(-37.01179938779,0.75,99.));
#3335 = CARTESIAN_POINT('',(-37.79825118407,0.428511943798,0.));
#3336 = CARTESIAN_POINT('',(-37.27360149249,0.647191900061,
    98.999999999999));
#3337 = CARTESIAN_POINT('',(-37.79999998699,0.257112263859,0.));
#3338 = CARTESIAN_POINT('',(-37.48924283384,0.44157278914,
    99.000000000004));
#3339 = CARTESIAN_POINT('',(-37.80087440579,8.570493754982E-02,0.));
#3340 = CARTESIAN_POINT('',(-37.61268047281,0.157317457926,
    98.999999999993));
#3341 = CARTESIAN_POINT('',(-37.80087440579,-8.570493754981E-02,0.));
#3342 = CARTESIAN_POINT('',(-37.61268047282,-0.157317457926,
    99.000000000007));
#3343 = CARTESIAN_POINT('',(-37.79999998699,-0.257112263859,0.));
#3344 = CARTESIAN_POINT('',(-37.48924283383,-0.44157278914,
    98.999999999994));
#3345 = CARTESIAN_POINT('',(-37.79825118407,-0.428511943798,0.));
#3346 = CARTESIAN_POINT('',(-37.2736014925,-0.647191900061,
    99.000000000003));
#3347 = CARTESIAN_POINT('',(-37.79562806637,-0.599898879786,0.));
#3348 = CARTESIAN_POINT('',(-37.01179938779,-0.75,98.999999999999));
#3349 = CARTESIAN_POINT('',(-37.79213073791,-0.771267974243,0.));
#3350 = CARTESIAN_POINT('',(-36.75,-0.75,99.));
#3351 = DEFINITIONAL_REPRESENTATION('',(#3352),#3355);
#3352 = B_SPLINE_CURVE_WITH_KNOTS('',1,(#3353,#3354),.UNSPECIFIED.,.F.,
  .F.,(2,2),(3.121187322903,3.161997984276),.PIECEWISE_BEZIER_KNOTS.);
#3353 = CARTESIAN_POINT('',(3.14159265359,0.));
#3354 = CARTESIAN_POINT('',(6.28318530718,0.));
#3355 = ( GEOMETRIC_REPRESENTATION_CONTEXT(2) 
PARAMETRIC_REPRESENTATION_CONTEXT() REPRESENTATION_CONTEXT('2D SPACE',''
  ) );
#3356 = ORIENTED_EDGE('',*,*,#3357,.T.);
#3357 = EDGE_CURVE('',#3314,#3123,#3358,.T.);
#3358 = SURFACE_CURVE('',#3359,(#3364,#3371),.PCURVE_S1.);
#3359 = CIRCLE('',#3360,37.8);
#3360 = AXIS2_PLACEMENT_3D('',#3361,#3362,#3363);
#3361 = CARTESIAN_POINT('',(0.,0.,0.));
#3362 = DIRECTION('',(0.,0.,1.));
#3363 = DIRECTION('',(1.,0.,0.));
#3364 = PCURVE('',#3134,#3365);
#3365 = DEFINITIONAL_REPRESENTATION('',(#3366),#3370);
#3366 = CIRCLE('',#3367,37.8);
#3367 = AXIS2_PLACEMENT_2D('',#3368,#3369);
#3368 = CARTESIAN_POINT('',(1.882068139409E-15,1.61343992693E-17));
#3369 = DIRECTION('',(1.,0.));
#3370 = ( GEOMETRIC_REPRESENTATION_CONTEXT(2) 
PARAMETRIC_REPRESENTATION_CONTEXT() REPRESENTATION_CONTEXT('2D SPACE',''
  ) );
#3371 = PCURVE('',#3372,#3397);
#3372 = B_SPLINE_SURFACE_WITH_KNOTS('',11,1,(
    (#3373,#3374)
    ,(#3375,#3376)
    ,(#3377,#3378)
    ,(#3379,#3380)
    ,(#3381,#3382)
    ,(#3383,#3384)
    ,(#3385,#3386)
    ,(#3387,#3388)
    ,(#3389,#3390)
    ,(#3391,#3392)
    ,(#3393,#3394)
    ,(#3395,#3396
    )),.UNSPECIFIED.,.F.,.F.,.F.,(12,12),(2,2),(-73.5,0.),(0.,1.),
  .PIECEWISE_BEZIER_KNOTS.);
#3373 = CARTESIAN_POINT('',(-37.79213073791,-0.771267974243,0.));
#3374 = CARTESIAN_POINT('',(-36.75,-0.75,99.));
#3375 = CARTESIAN_POINT('',(-37.57471857012,-11.42446419602,0.));
#3376 = CARTESIAN_POINT('',(-30.06818181818,-0.75,99.));
#3377 = CARTESIAN_POINT('',(-34.05398244305,-22.01024492189,0.));
#3378 = CARTESIAN_POINT('',(-23.38636363636,-0.75,99.));
#3379 = CARTESIAN_POINT('',(-27.25314953237,-31.390518583,0.));
#3380 = CARTESIAN_POINT('',(-16.70454545454,-0.75,99.));
#3381 = CARTESIAN_POINT('',(-17.63656680973,-38.43615531257,0.));
#3382 = CARTESIAN_POINT('',(-10.02272727272,-0.75,99.));
#3383 = CARTESIAN_POINT('',(-6.105738169345,-42.22257429826,0.));
#3384 = CARTESIAN_POINT('',(-3.340909090909,-0.75,99.));
#3385 = CARTESIAN_POINT('',(6.105738169345,-42.22257429824,0.));
#3386 = CARTESIAN_POINT('',(3.340909090909,-0.75,99.));
#3387 = CARTESIAN_POINT('',(17.636566809734,-38.43615531259,0.));
#3388 = CARTESIAN_POINT('',(10.022727272727,-0.75,99.));
#3389 = CARTESIAN_POINT('',(27.253149532378,-31.39051858299,0.));
#3390 = CARTESIAN_POINT('',(16.704545454545,-0.75,99.));
#3391 = CARTESIAN_POINT('',(34.053982443054,-22.01024492189,0.));
#3392 = CARTESIAN_POINT('',(23.386363636364,-0.75,99.));
#3393 = CARTESIAN_POINT('',(37.574718570127,-11.42446419602,0.));
#3394 = CARTESIAN_POINT('',(30.068181818182,-0.75,99.));
#3395 = CARTESIAN_POINT('',(37.792130737918,-0.771267974243,0.));
#3396 = CARTESIAN_POINT('',(36.75,-0.75,99.));
#3397 = DEFINITIONAL_REPRESENTATION('',(#3398),#3401);
#3398 = B_SPLINE_CURVE_WITH_KNOTS('',1,(#3399,#3400),.UNSPECIFIED.,.F.,
  .F.,(2,2),(3.161997984276,6.262779976493),.PIECEWISE_BEZIER_KNOTS.);
#3399 = CARTESIAN_POINT('',(-73.5,0.));
#3400 = CARTESIAN_POINT('',(0.,0.));
#3401 = ( GEOMETRIC_REPRESENTATION_CONTEXT(2) 
PARAMETRIC_REPRESENTATION_CONTEXT() REPRESENTATION_CONTEXT('2D SPACE',''
  ) );
#3402 = ADVANCED_FACE('',(#3403),#3146,.T.);
#3403 = FACE_BOUND('',#3404,.T.);
#3404 = EDGE_LOOP('',(#3405,#3427,#3428,#3450,#3599));
#3405 = ORIENTED_EDGE('',*,*,#3406,.F.);
#3406 = EDGE_CURVE('',#3123,#3407,#3409,.T.);
#3407 = VERTEX_POINT('',#3408);
#3408 = CARTESIAN_POINT('',(36.75,-0.75,99.));
#3409 = SURFACE_CURVE('',#3410,(#3413,#3420),.PCURVE_S1.);
#3410 = B_SPLINE_CURVE_WITH_KNOTS('',1,(#3411,#3412),.UNSPECIFIED.,.F.,
  .F.,(2,2),(0.,1.),.PIECEWISE_BEZIER_KNOTS.);
#3411 = CARTESIAN_POINT('',(37.792130737918,-0.771267974243,0.));
#3412 = CARTESIAN_POINT('',(36.75,-0.75,99.));
#3413 = PCURVE('',#3146,#3414);
#3414 = DEFINITIONAL_REPRESENTATION('',(#3415),#3419);
#3415 = LINE('',#3416,#3417);
#3416 = CARTESIAN_POINT('',(3.14159265359,0.));
#3417 = VECTOR('',#3418,1.);
#3418 = DIRECTION('',(0.,1.));
#3419 = ( GEOMETRIC_REPRESENTATION_CONTEXT(2) 
PARAMETRIC_REPRESENTATION_CONTEXT() REPRESENTATION_CONTEXT('2D SPACE',''
  ) );
#3420 = PCURVE('',#3372,#3421);
#3421 = DEFINITIONAL_REPRESENTATION('',(#3422),#3426);
#3422 = LINE('',#3423,#3424);
#3423 = CARTESIAN_POINT('',(0.,0.));
#3424 = VECTOR('',#3425,1.);
#3425 = DIRECTION('',(0.,1.));
#3426 = ( GEOMETRIC_REPRESENTATION_CONTEXT(2) 
PARAMETRIC_REPRESENTATION_CONTEXT() REPRESENTATION_CONTEXT('2D SPACE',''
  ) );
#3427 = ORIENTED_EDGE('',*,*,#3122,.T.);
#3428 = ORIENTED_EDGE('',*,*,#3429,.T.);
#3429 = EDGE_CURVE('',#3125,#3430,#3432,.T.);
#3430 = VERTEX_POINT('',#3431);
#3431 = CARTESIAN_POINT('',(37.795496600522,3.216713912751E-03,
    0.424606236484));
#3432 = SURFACE_CURVE('',#3433,(#3436,#3443),.PCURVE_S1.);
#3433 = B_SPLINE_CURVE_WITH_KNOTS('',1,(#3434,#3435),.UNSPECIFIED.,.F.,
  .F.,(2,2),(0.,1.),.PIECEWISE_BEZIER_KNOTS.);
#3434 = CARTESIAN_POINT('',(37.8,-7.105427357601E-15,0.));
#3435 = CARTESIAN_POINT('',(36.75,0.75,99.));
#3436 = PCURVE('',#3146,#3437);
#3437 = DEFINITIONAL_REPRESENTATION('',(#3438),#3442);
#3438 = LINE('',#3439,#3440);
#3439 = CARTESIAN_POINT('',(6.28318530718,0.));
#3440 = VECTOR('',#3441,1.);
#3441 = DIRECTION('',(0.,1.));
#3442 = ( GEOMETRIC_REPRESENTATION_CONTEXT(2) 
PARAMETRIC_REPRESENTATION_CONTEXT() REPRESENTATION_CONTEXT('2D SPACE',''
  ) );
#3443 = PCURVE('',#3190,#3444);
#3444 = DEFINITIONAL_REPRESENTATION('',(#3445),#3449);
#3445 = LINE('',#3446,#3447);
#3446 = CARTESIAN_POINT('',(-73.5,0.));
#3447 = VECTOR('',#3448,1.);
#3448 = DIRECTION('',(0.,1.));
#3449 = ( GEOMETRIC_REPRESENTATION_CONTEXT(2) 
PARAMETRIC_REPRESENTATION_CONTEXT() REPRESENTATION_CONTEXT('2D SPACE',''
  ) );
#3450 = ORIENTED_EDGE('',*,*,#3451,.T.);
#3451 = EDGE_CURVE('',#3430,#3452,#3454,.T.);
#3452 = VERTEX_POINT('',#3453);
#3453 = CARTESIAN_POINT('',(37.499993101803,3.216713912751E-03,99.));
#3454 = SURFACE_CURVE('',#3455,(#3494,#3536),.PCURVE_S1.);
#3455 = B_SPLINE_CURVE_WITH_KNOTS('',7,(#3456,#3457,#3458,#3459,#3460,
    #3461,#3462,#3463,#3464,#3465,#3466,#3467,#3468,#3469,#3470,#3471,
    #3472,#3473,#3474,#3475,#3476,#3477,#3478,#3479,#3480,#3481,#3482,
    #3483,#3484,#3485,#3486,#3487,#3488,#3489,#3490,#3491,#3492,#3493),
  .UNSPECIFIED.,.F.,.F.,(8,6,6,6,6,6,8),(0.,7.444463539427E-02,
    0.19473740372,0.376729374166,0.55863294258,0.969467266241,1.),
  .UNSPECIFIED.);
#3456 = CARTESIAN_POINT('',(37.795496600522,3.216713912751E-03,
    0.424606236484));
#3457 = CARTESIAN_POINT('',(37.784486232802,3.216713912751E-03,
    1.472576124453));
#3458 = CARTESIAN_POINT('',(37.774078252353,3.216713912751E-03,
    2.520527814157));
#3459 = CARTESIAN_POINT('',(37.764298146723,3.216713912751E-03,
    3.568464673152));
#3460 = CARTESIAN_POINT('',(37.755161014797,3.216713912751E-03,
    4.616391443341));
#3461 = CARTESIAN_POINT('',(37.746666482676,3.216713912751E-03,
    5.664313788188));
#3462 = CARTESIAN_POINT('',(37.738798259306,3.216713912751E-03,
    6.712237707624));
#3463 = CARTESIAN_POINT('',(37.719781082469,3.216713912751E-03,
    9.453488076345));
#3464 = CARTESIAN_POINT('',(37.709595891579,3.216713912751E-03,
    11.14682603285));
#3465 = CARTESIAN_POINT('',(37.700855424893,3.216713912751E-03,
    12.840205670887));
#3466 = CARTESIAN_POINT('',(37.693358080667,3.216713912751E-03,
    14.533645750873));
#3467 = CARTESIAN_POINT('',(37.686875443827,3.216713912751E-03,
    16.227154096293));
#3468 = CARTESIAN_POINT('',(37.68121273103,3.216713912751E-03,
    17.920731107828));
#3469 = CARTESIAN_POINT('',(37.668623150032,3.216713912751E-03,
    22.176696158487));
#3470 = CARTESIAN_POINT('',(37.662538157324,3.216713912751E-03,
    24.739168149203));
#3471 = CARTESIAN_POINT('',(37.657369123469,3.216713912751E-03,
    27.30177566164));
#3472 = CARTESIAN_POINT('',(37.652712013809,3.216713912751E-03,
    29.864494001434));
#3473 = CARTESIAN_POINT('',(37.648340621158,3.216713912751E-03,
    32.427300987111));
#3474 = CARTESIAN_POINT('',(37.64409305003,3.216713912751E-03,
    34.990178229651));
#3475 = CARTESIAN_POINT('',(37.635642364291,3.216713912751E-03,
    40.114800560927));
#3476 = CARTESIAN_POINT('',(37.631438885845,3.216713912751E-03,
    42.676546319639));
#3477 = CARTESIAN_POINT('',(37.627152687144,3.216713912751E-03,
    45.238337133044));
#3478 = CARTESIAN_POINT('',(37.622729867682,3.216713912751E-03,
    47.8001633524));
#3479 = CARTESIAN_POINT('',(37.618140714134,3.216713912751E-03,
    50.362017691611));
#3480 = CARTESIAN_POINT('',(37.613366381798,3.216713912751E-03,
    52.923895090678));
#3481 = CARTESIAN_POINT('',(37.597175883693,3.216713912751E-03,
    61.271909627469));
#3482 = CARTESIAN_POINT('',(37.584961951229,3.216713912751E-03,
    67.058122000603));
#3483 = CARTESIAN_POINT('',(37.571648184461,3.216713912751E-03,
    72.844393205691));
#3484 = CARTESIAN_POINT('',(37.557321346263,3.216713912751E-03,
    78.630701117722));
#3485 = CARTESIAN_POINT('',(37.542039039641,3.216713912751E-03,
    84.417032128806));
#3486 = CARTESIAN_POINT('',(37.525881059143,3.216713912751E-03,
    90.203380258518));
#3487 = CARTESIAN_POINT('',(37.507652169882,3.216713912751E-03,
    96.419782179988));
#3488 = CARTESIAN_POINT('',(37.506386666691,3.216713912751E-03,
    96.849818303643));
#3489 = CARTESIAN_POINT('',(37.505116719802,3.216713912751E-03,
    97.279854501635));
#3490 = CARTESIAN_POINT('',(37.503842356905,3.216713912751E-03,
    97.709890772066));
#3491 = CARTESIAN_POINT('',(37.502563605517,3.216713912751E-03,
    98.139927113105));
#3492 = CARTESIAN_POINT('',(37.501280492988,3.216713912751E-03,
    98.569963522984));
#3493 = CARTESIAN_POINT('',(37.4999930465,3.216713912751E-03,99.));
#3494 = PCURVE('',#3146,#3495);
#3495 = DEFINITIONAL_REPRESENTATION('',(#3496),#3535);
#3496 = B_SPLINE_CURVE_WITH_KNOTS('',7,(#3497,#3498,#3499,#3500,#3501,
    #3502,#3503,#3504,#3505,#3506,#3507,#3508,#3509,#3510,#3511,#3512,
    #3513,#3514,#3515,#3516,#3517,#3518,#3519,#3520,#3521,#3522,#3523,
    #3524,#3525,#3526,#3527,#3528,#3529,#3530,#3531,#3532,#3533,#3534),
  .UNSPECIFIED.,.F.,.F.,(8,6,6,6,6,6,8),(0.,7.444463539427E-02,
    0.19473740372,0.376729374166,0.55863294258,0.969467266241,1.),
  .UNSPECIFIED.);
#3497 = CARTESIAN_POINT('',(6.28318530718,4.28895188368E-03));
#3498 = CARTESIAN_POINT('',(6.250709797006,1.487450630761E-02));
#3499 = CARTESIAN_POINT('',(6.21744557306,2.545987691068E-02));
#3500 = CARTESIAN_POINT('',(6.183525931298,3.604509770861E-02));
#3501 = CARTESIAN_POINT('',(6.149120208428,4.66302165994E-02));
#3502 = CARTESIAN_POINT('',(6.114421607825,5.721529078978E-02));
#3503 = CARTESIAN_POINT('',(6.079629603808,6.780038088509E-02));
#3504 = CARTESIAN_POINT('',(5.98885194505,9.548977854894E-02));
#3505 = CARTESIAN_POINT('',(5.933010724573,0.112594202352));
#3506 = CARTESIAN_POINT('',(5.878175818595,0.129699047181));
#3507 = CARTESIAN_POINT('',(5.825030734921,0.146804502534));
#3508 = CARTESIAN_POINT('',(5.77395167175,0.163910647437));
#3509 = CARTESIAN_POINT('',(5.725114306725,0.181017485938));
#3510 = CARTESIAN_POINT('',(5.608146931779,0.224007031904));
#3511 = CARTESIAN_POINT('',(5.542969015149,0.249890587366));
#3512 = CARTESIAN_POINT('',(5.483204952483,0.275775511734));
#3513 = CARTESIAN_POINT('',(5.428342744793,0.30166155557));
#3514 = CARTESIAN_POINT('',(5.37784971102,0.327548494819));
#3515 = CARTESIAN_POINT('',(5.331222311046,0.353436143734));
#3516 = CARTESIAN_POINT('',(5.244832386812,0.405200005666));
#3517 = CARTESIAN_POINT('',(5.205066841876,0.431076225451));
#3518 = CARTESIAN_POINT('',(5.168275287732,0.456952900334));
#3519 = CARTESIAN_POINT('',(5.134077994546,0.482829932853));
#3520 = CARTESIAN_POINT('',(5.102161212276,0.50870724941));
#3521 = CARTESIAN_POINT('',(5.072268105382,0.534584798896));
#3522 = CARTESIAN_POINT('',(4.980741720974,0.618908178055));
#3523 = CARTESIAN_POINT('',(4.926511109839,0.677354767683));
#3524 = CARTESIAN_POINT('',(4.878980141188,0.735801951573));
#3525 = CARTESIAN_POINT('',(4.836719326568,0.794249506239));
#3526 = CARTESIAN_POINT('',(4.798713229686,0.85269729423));
#3527 = CARTESIAN_POINT('',(4.764235289529,0.911145255137));
#3528 = CARTESIAN_POINT('',(4.730389192199,0.973937193737));
#3529 = CARTESIAN_POINT('',(4.728064221807,0.978280992966));
#3530 = CARTESIAN_POINT('',(4.725755447295,0.982624792946));
#3531 = CARTESIAN_POINT('',(4.723462646713,0.986968593657));
#3532 = CARTESIAN_POINT('',(4.721185603214,0.991312395082));
#3533 = CARTESIAN_POINT('',(4.718924105047,0.995656197202));
#3534 = CARTESIAN_POINT('',(4.716677945562,1.));
#3535 = ( GEOMETRIC_REPRESENTATION_CONTEXT(2) 
PARAMETRIC_REPRESENTATION_CONTEXT() REPRESENTATION_CONTEXT('2D SPACE',''
  ) );
#3536 = PCURVE('',#3537,#3558);
#3537 = B_SPLINE_SURFACE_WITH_KNOTS('',9,1,(
    (#3538,#3539)
    ,(#3540,#3541)
    ,(#3542,#3543)
    ,(#3544,#3545)
    ,(#3546,#3547)
    ,(#3548,#3549)
    ,(#3550,#3551)
    ,(#3552,#3553)
    ,(#3554,#3555)
    ,(#3556,#3557
    )),.UNSPECIFIED.,.F.,.F.,.F.,(10,10),(2,2),(3.14159265359,
    6.28318530718),(0.,1.),.PIECEWISE_BEZIER_KNOTS.);
#3538 = CARTESIAN_POINT('',(37.792130737918,-0.771267974243,0.));
#3539 = CARTESIAN_POINT('',(36.75,-0.75,99.));
#3540 = CARTESIAN_POINT('',(37.793879402147,-0.685583427015,0.));
#3541 = CARTESIAN_POINT('',(37.011799387799,-0.75,99.));
#3542 = CARTESIAN_POINT('',(37.795409506102,-0.599894419434,0.));
#3543 = CARTESIAN_POINT('',(37.273601492499,-0.647191900061,
    98.999999999999));
#3544 = CARTESIAN_POINT('',(37.796721043281,-0.514201588687,0.));
#3545 = CARTESIAN_POINT('',(37.48924283384,-0.44157278914,
    99.000000000004));
#3546 = CARTESIAN_POINT('',(37.797814007183,-0.428505571955,0.));
#3547 = CARTESIAN_POINT('',(37.612680472816,-0.157317457926,
    98.999999999993));
#3548 = CARTESIAN_POINT('',(37.798688391308,-0.342807006425,0.));
#3549 = CARTESIAN_POINT('',(37.612680472822,0.157317457926,
    99.000000000007));
#3550 = CARTESIAN_POINT('',(37.799344189153,-0.25710652928,0.));
#3551 = CARTESIAN_POINT('',(37.489242833835,0.44157278914,
    98.999999999994));
#3552 = CARTESIAN_POINT('',(37.799781394217,-0.171404777705,0.));
#3553 = CARTESIAN_POINT('',(37.2736014925,0.647191900061,99.000000000003
    ));
#3554 = CARTESIAN_POINT('',(37.8,-8.570238888347E-02,0.));
#3555 = CARTESIAN_POINT('',(37.011799387799,0.75,98.999999999999));
#3556 = CARTESIAN_POINT('',(37.8,-9.27036225562E-15,0.));
#3557 = CARTESIAN_POINT('',(36.75,0.75,99.));
#3558 = DEFINITIONAL_REPRESENTATION('',(#3559),#3598);
#3559 = B_SPLINE_CURVE_WITH_KNOTS('',7,(#3560,#3561,#3562,#3563,#3564,
    #3565,#3566,#3567,#3568,#3569,#3570,#3571,#3572,#3573,#3574,#3575,
    #3576,#3577,#3578,#3579,#3580,#3581,#3582,#3583,#3584,#3585,#3586,
    #3587,#3588,#3589,#3590,#3591,#3592,#3593,#3594,#3595,#3596,#3597),
  .UNSPECIFIED.,.F.,.F.,(8,6,6,6,6,6,8),(0.,7.444463539427E-02,
    0.19473740372,0.376729374166,0.55863294258,0.969467266241,1.),
  .UNSPECIFIED.);
#3560 = CARTESIAN_POINT('',(6.28318530718,4.28895188368E-03));
#3561 = CARTESIAN_POINT('',(6.250709797006,1.487450630761E-02));
#3562 = CARTESIAN_POINT('',(6.21744557306,2.545987691068E-02));
#3563 = CARTESIAN_POINT('',(6.183525931298,3.604509770861E-02));
#3564 = CARTESIAN_POINT('',(6.149120208428,4.66302165994E-02));
#3565 = CARTESIAN_POINT('',(6.114421607825,5.721529078978E-02));
#3566 = CARTESIAN_POINT('',(6.079629603808,6.780038088509E-02));
#3567 = CARTESIAN_POINT('',(5.98885194505,9.548977854894E-02));
#3568 = CARTESIAN_POINT('',(5.933010724573,0.112594202352));
#3569 = CARTESIAN_POINT('',(5.878175818595,0.129699047181));
#3570 = CARTESIAN_POINT('',(5.825030734921,0.146804502534));
#3571 = CARTESIAN_POINT('',(5.77395167175,0.163910647437));
#3572 = CARTESIAN_POINT('',(5.725114306725,0.181017485938));
#3573 = CARTESIAN_POINT('',(5.608146931779,0.224007031904));
#3574 = CARTESIAN_POINT('',(5.542969015149,0.249890587366));
#3575 = CARTESIAN_POINT('',(5.483204952483,0.275775511734));
#3576 = CARTESIAN_POINT('',(5.428342744793,0.30166155557));
#3577 = CARTESIAN_POINT('',(5.37784971102,0.327548494819));
#3578 = CARTESIAN_POINT('',(5.331222311046,0.353436143734));
#3579 = CARTESIAN_POINT('',(5.244832386812,0.405200005666));
#3580 = CARTESIAN_POINT('',(5.205066841876,0.431076225451));
#3581 = CARTESIAN_POINT('',(5.168275287732,0.456952900334));
#3582 = CARTESIAN_POINT('',(5.134077994546,0.482829932853));
#3583 = CARTESIAN_POINT('',(5.102161212276,0.50870724941));
#3584 = CARTESIAN_POINT('',(5.072268105382,0.534584798896));
#3585 = CARTESIAN_POINT('',(4.980741720974,0.618908178055));
#3586 = CARTESIAN_POINT('',(4.926511109839,0.677354767683));
#3587 = CARTESIAN_POINT('',(4.878980141188,0.735801951573));
#3588 = CARTESIAN_POINT('',(4.836719326568,0.794249506239));
#3589 = CARTESIAN_POINT('',(4.798713229686,0.85269729423));
#3590 = CARTESIAN_POINT('',(4.764235289529,0.911145255137));
#3591 = CARTESIAN_POINT('',(4.730389192199,0.973937193737));
#3592 = CARTESIAN_POINT('',(4.728064221807,0.978280992966));
#3593 = CARTESIAN_POINT('',(4.725755447295,0.982624792946));
#3594 = CARTESIAN_POINT('',(4.723462646713,0.986968593657));
#3595 = CARTESIAN_POINT('',(4.721185603214,0.991312395082));
#3596 = CARTESIAN_POINT('',(4.718924105047,0.995656197202));
#3597 = CARTESIAN_POINT('',(4.716677945562,1.));
#3598 = ( GEOMETRIC_REPRESENTATION_CONTEXT(2) 
PARAMETRIC_REPRESENTATION_CONTEXT() REPRESENTATION_CONTEXT('2D SPACE',''
  ) );
#3599 = ORIENTED_EDGE('',*,*,#3600,.T.);
#3600 = EDGE_CURVE('',#3452,#3407,#3601,.T.);
#3601 = SURFACE_CURVE('',#3602,(#3607,#3614),.PCURVE_S1.);
#3602 = CIRCLE('',#3603,0.75);
#3603 = AXIS2_PLACEMENT_3D('',#3604,#3605,#3606);
#3604 = CARTESIAN_POINT('',(36.75,0.,99.));
#3605 = DIRECTION('',(0.,0.,-1.));
#3606 = DIRECTION('',(0.,1.,0.));
#3607 = PCURVE('',#3146,#3608);
#3608 = DEFINITIONAL_REPRESENTATION('',(#3609),#3613);
#3609 = LINE('',#3610,#3611);
#3610 = CARTESIAN_POINT('',(6.28318530718,1.));
#3611 = VECTOR('',#3612,1.);
#3612 = DIRECTION('',(-1.,0.));
#3613 = ( GEOMETRIC_REPRESENTATION_CONTEXT(2) 
PARAMETRIC_REPRESENTATION_CONTEXT() REPRESENTATION_CONTEXT('2D SPACE',''
  ) );
#3614 = PCURVE('',#3615,#3620);
#3615 = CYLINDRICAL_SURFACE('',#3616,0.75);
#3616 = AXIS2_PLACEMENT_3D('',#3617,#3618,#3619);
#3617 = CARTESIAN_POINT('',(36.75,0.,99.));
#3618 = DIRECTION('',(0.,0.,-1.));
#3619 = DIRECTION('',(0.,1.,0.));
#3620 = DEFINITIONAL_REPRESENTATION('',(#3621),#3624);
#3621 = B_SPLINE_CURVE_WITH_KNOTS('',1,(#3622,#3623),.UNSPECIFIED.,.F.,
  .F.,(2,2),(0.,3.14159265359),.PIECEWISE_BEZIER_KNOTS.);
#3622 = CARTESIAN_POINT('',(0.,0.));
#3623 = CARTESIAN_POINT('',(3.14159265359,0.));
#3624 = ( GEOMETRIC_REPRESENTATION_CONTEXT(2) 
PARAMETRIC_REPRESENTATION_CONTEXT() REPRESENTATION_CONTEXT('2D SPACE',''
  ) );
#3625 = ADVANCED_FACE('',(#3626),#3372,.T.);
#3626 = FACE_BOUND('',#3627,.T.);
#3627 = EDGE_LOOP('',(#3628,#3629,#3630,#3658));
#3628 = ORIENTED_EDGE('',*,*,#3357,.T.);
#3629 = ORIENTED_EDGE('',*,*,#3406,.T.);
#3630 = ORIENTED_EDGE('',*,*,#3631,.T.);
#3631 = EDGE_CURVE('',#3407,#3632,#3634,.T.);
#3632 = VERTEX_POINT('',#3633);
#3633 = CARTESIAN_POINT('',(-36.75,-0.75,99.));
#3634 = SURFACE_CURVE('',#3635,(#3639,#3646),.PCURVE_S1.);
#3635 = LINE('',#3636,#3637);
#3636 = CARTESIAN_POINT('',(36.75,-0.75,99.));
#3637 = VECTOR('',#3638,1.);
#3638 = DIRECTION('',(-1.,0.,0.));
#3639 = PCURVE('',#3372,#3640);
#3640 = DEFINITIONAL_REPRESENTATION('',(#3641),#3645);
#3641 = LINE('',#3642,#3643);
#3642 = CARTESIAN_POINT('',(0.,1.));
#3643 = VECTOR('',#3644,1.);
#3644 = DIRECTION('',(-1.,0.));
#3645 = ( GEOMETRIC_REPRESENTATION_CONTEXT(2) 
PARAMETRIC_REPRESENTATION_CONTEXT() REPRESENTATION_CONTEXT('2D SPACE',''
  ) );
#3646 = PCURVE('',#3647,#3652);
#3647 = PLANE('',#3648);
#3648 = AXIS2_PLACEMENT_3D('',#3649,#3650,#3651);
#3649 = CARTESIAN_POINT('',(36.75,-0.75,99.));
#3650 = DIRECTION('',(0.,-1.,0.));
#3651 = DIRECTION('',(-1.,0.,0.));
#3652 = DEFINITIONAL_REPRESENTATION('',(#3653),#3657);
#3653 = LINE('',#3654,#3655);
#3654 = CARTESIAN_POINT('',(0.,-0.));
#3655 = VECTOR('',#3656,1.);
#3656 = DIRECTION('',(1.,0.));
#3657 = ( GEOMETRIC_REPRESENTATION_CONTEXT(2) 
PARAMETRIC_REPRESENTATION_CONTEXT() REPRESENTATION_CONTEXT('2D SPACE',''
  ) );
#3658 = ORIENTED_EDGE('',*,*,#3659,.F.);
#3659 = EDGE_CURVE('',#3314,#3632,#3660,.T.);
#3660 = SURFACE_CURVE('',#3661,(#3664,#3671),.PCURVE_S1.);
#3661 = B_SPLINE_CURVE_WITH_KNOTS('',1,(#3662,#3663),.UNSPECIFIED.,.F.,
  .F.,(2,2),(0.,1.),.PIECEWISE_BEZIER_KNOTS.);
#3662 = CARTESIAN_POINT('',(-37.79213073791,-0.771267974243,0.));
#3663 = CARTESIAN_POINT('',(-36.75,-0.75,99.));
#3664 = PCURVE('',#3372,#3665);
#3665 = DEFINITIONAL_REPRESENTATION('',(#3666),#3670);
#3666 = LINE('',#3667,#3668);
#3667 = CARTESIAN_POINT('',(-73.5,0.));
#3668 = VECTOR('',#3669,1.);
#3669 = DIRECTION('',(0.,1.));
#3670 = ( GEOMETRIC_REPRESENTATION_CONTEXT(2) 
PARAMETRIC_REPRESENTATION_CONTEXT() REPRESENTATION_CONTEXT('2D SPACE',''
  ) );
#3671 = PCURVE('',#3330,#3672);
#3672 = DEFINITIONAL_REPRESENTATION('',(#3673),#3677);
#3673 = LINE('',#3674,#3675);
#3674 = CARTESIAN_POINT('',(6.28318530718,0.));
#3675 = VECTOR('',#3676,1.);
#3676 = DIRECTION('',(0.,1.));
#3677 = ( GEOMETRIC_REPRESENTATION_CONTEXT(2) 
PARAMETRIC_REPRESENTATION_CONTEXT() REPRESENTATION_CONTEXT('2D SPACE',''
  ) );
#3678 = ADVANCED_FACE('',(#3679),#3330,.T.);
#3679 = FACE_BOUND('',#3680,.T.);
#3680 = EDGE_LOOP('',(#3681,#3725,#3726,#3727));
#3681 = ORIENTED_EDGE('',*,*,#3682,.F.);
#3682 = EDGE_CURVE('',#3270,#3683,#3685,.T.);
#3683 = VERTEX_POINT('',#3684);
#3684 = CARTESIAN_POINT('',(-37.4999931018,3.216713912751E-03,99.));
#3685 = SURFACE_CURVE('',#3686,(#3697,#3711),.PCURVE_S1.);
#3686 = B_SPLINE_CURVE_WITH_KNOTS('',5,(#3687,#3688,#3689,#3690,#3691,
    #3692,#3693,#3694,#3695,#3696),.UNSPECIFIED.,.F.,.F.,(6,4,6),(0.,
    0.842000002342,1.),.UNSPECIFIED.);
#3687 = CARTESIAN_POINT('',(-37.79999986313,3.216713912751E-03,0.));
#3688 = CARTESIAN_POINT('',(-37.74947719109,3.216713912751E-03,
    16.671600036235));
#3689 = CARTESIAN_POINT('',(-37.69895569622,3.216713912751E-03,
    33.343200080379));
#3690 = CARTESIAN_POINT('',(-37.64843464493,3.216713912751E-03,
    50.014800127579));
#3691 = CARTESIAN_POINT('',(-37.59791394192,3.216713912751E-03,
    66.686400176733));
#3692 = CARTESIAN_POINT('',(-37.53791335127,3.216713912751E-03,
    86.486400181832));
#3693 = CARTESIAN_POINT('',(-37.52843326553,3.216713912751E-03,
    89.614800136313));
#3694 = CARTESIAN_POINT('',(-37.51895318655,3.216713912751E-03,
    92.743200090837));
#3695 = CARTESIAN_POINT('',(-37.5094731137,3.216713912751E-03,
    95.8716000454));
#3696 = CARTESIAN_POINT('',(-37.4999930465,3.216713912751E-03,99.));
#3697 = PCURVE('',#3330,#3698);
#3698 = DEFINITIONAL_REPRESENTATION('',(#3699),#3710);
#3699 = B_SPLINE_CURVE_WITH_KNOTS('',5,(#3700,#3701,#3702,#3703,#3704,
    #3705,#3706,#3707,#3708,#3709),.UNSPECIFIED.,.F.,.F.,(6,4,6),(0.,
    0.842000002342,1.),.UNSPECIFIED.);
#3700 = CARTESIAN_POINT('',(4.7058381421,0.));
#3701 = CARTESIAN_POINT('',(4.706419909718,0.168400000366));
#3702 = CARTESIAN_POINT('',(4.706872857408,0.336800000812));
#3703 = CARTESIAN_POINT('',(4.707251924966,0.505200001289));
#3704 = CARTESIAN_POINT('',(4.707573537111,0.673600001785));
#3705 = CARTESIAN_POINT('',(4.707904884159,0.873600001837));
#3706 = CARTESIAN_POINT('',(4.707955726691,0.905200001377));
#3707 = CARTESIAN_POINT('',(4.708005145563,0.936800000918));
#3708 = CARTESIAN_POINT('',(4.708053218681,0.968400000459));
#3709 = CARTESIAN_POINT('',(4.708100015207,1.));
#3710 = ( GEOMETRIC_REPRESENTATION_CONTEXT(2) 
PARAMETRIC_REPRESENTATION_CONTEXT() REPRESENTATION_CONTEXT('2D SPACE',''
  ) );
#3711 = PCURVE('',#3286,#3712);
#3712 = DEFINITIONAL_REPRESENTATION('',(#3713),#3724);
#3713 = B_SPLINE_CURVE_WITH_KNOTS('',5,(#3714,#3715,#3716,#3717,#3718,
    #3719,#3720,#3721,#3722,#3723),.UNSPECIFIED.,.F.,.F.,(6,4,6),(0.,
    0.842000002342,1.),.UNSPECIFIED.);
#3714 = CARTESIAN_POINT('',(4.7058381421,0.));
#3715 = CARTESIAN_POINT('',(4.706419909718,0.168400000366));
#3716 = CARTESIAN_POINT('',(4.706872857408,0.336800000812));
#3717 = CARTESIAN_POINT('',(4.707251924966,0.505200001289));
#3718 = CARTESIAN_POINT('',(4.707573537111,0.673600001785));
#3719 = CARTESIAN_POINT('',(4.707904884159,0.873600001837));
#3720 = CARTESIAN_POINT('',(4.707955726691,0.905200001377));
#3721 = CARTESIAN_POINT('',(4.708005145563,0.936800000918));
#3722 = CARTESIAN_POINT('',(4.708053218681,0.968400000459));
#3723 = CARTESIAN_POINT('',(4.708100015207,1.));
#3724 = ( GEOMETRIC_REPRESENTATION_CONTEXT(2) 
PARAMETRIC_REPRESENTATION_CONTEXT() REPRESENTATION_CONTEXT('2D SPACE',''
  ) );
#3725 = ORIENTED_EDGE('',*,*,#3313,.T.);
#3726 = ORIENTED_EDGE('',*,*,#3659,.T.);
#3727 = ORIENTED_EDGE('',*,*,#3728,.T.);
#3728 = EDGE_CURVE('',#3632,#3683,#3729,.T.);
#3729 = SURFACE_CURVE('',#3730,(#3735,#3742),.PCURVE_S1.);
#3730 = CIRCLE('',#3731,0.75);
#3731 = AXIS2_PLACEMENT_3D('',#3732,#3733,#3734);
#3732 = CARTESIAN_POINT('',(-36.75,0.,99.));
#3733 = DIRECTION('',(-0.,-0.,-1.));
#3734 = DIRECTION('',(0.,-1.,0.));
#3735 = PCURVE('',#3330,#3736);
#3736 = DEFINITIONAL_REPRESENTATION('',(#3737),#3741);
#3737 = LINE('',#3738,#3739);
#3738 = CARTESIAN_POINT('',(6.28318530718,1.));
#3739 = VECTOR('',#3740,1.);
#3740 = DIRECTION('',(-1.,0.));
#3741 = ( GEOMETRIC_REPRESENTATION_CONTEXT(2) 
PARAMETRIC_REPRESENTATION_CONTEXT() REPRESENTATION_CONTEXT('2D SPACE',''
  ) );
#3742 = PCURVE('',#3743,#3748);
#3743 = CYLINDRICAL_SURFACE('',#3744,0.75);
#3744 = AXIS2_PLACEMENT_3D('',#3745,#3746,#3747);
#3745 = CARTESIAN_POINT('',(-36.75,0.,99.));
#3746 = DIRECTION('',(0.,0.,-1.));
#3747 = DIRECTION('',(0.,-1.,0.));
#3748 = DEFINITIONAL_REPRESENTATION('',(#3749),#3752);
#3749 = B_SPLINE_CURVE_WITH_KNOTS('',1,(#3750,#3751),.UNSPECIFIED.,.F.,
  .F.,(2,2),(0.,3.14159265359),.PIECEWISE_BEZIER_KNOTS.);
#3750 = CARTESIAN_POINT('',(0.,0.));
#3751 = CARTESIAN_POINT('',(3.14159265359,0.));
#3752 = ( GEOMETRIC_REPRESENTATION_CONTEXT(2) 
PARAMETRIC_REPRESENTATION_CONTEXT() REPRESENTATION_CONTEXT('2D SPACE',''
  ) );
#3753 = ADVANCED_FACE('',(#3754),#3286,.T.);
#3754 = FACE_BOUND('',#3755,.T.);
#3755 = EDGE_LOOP('',(#3756,#3778,#3779,#3780));
#3756 = ORIENTED_EDGE('',*,*,#3757,.F.);
#3757 = EDGE_CURVE('',#3222,#3758,#3760,.T.);
#3758 = VERTEX_POINT('',#3759);
#3759 = CARTESIAN_POINT('',(-36.75,0.75,99.));
#3760 = SURFACE_CURVE('',#3761,(#3764,#3771),.PCURVE_S1.);
#3761 = B_SPLINE_CURVE_WITH_KNOTS('',1,(#3762,#3763),.UNSPECIFIED.,.F.,
  .F.,(2,2),(0.,1.),.PIECEWISE_BEZIER_KNOTS.);
#3762 = CARTESIAN_POINT('',(-37.79213073791,0.771267974243,0.));
#3763 = CARTESIAN_POINT('',(-36.75,0.75,99.));
#3764 = PCURVE('',#3286,#3765);
#3765 = DEFINITIONAL_REPRESENTATION('',(#3766),#3770);
#3766 = LINE('',#3767,#3768);
#3767 = CARTESIAN_POINT('',(3.14159265359,0.));
#3768 = VECTOR('',#3769,1.);
#3769 = DIRECTION('',(0.,1.));
#3770 = ( GEOMETRIC_REPRESENTATION_CONTEXT(2) 
PARAMETRIC_REPRESENTATION_CONTEXT() REPRESENTATION_CONTEXT('2D SPACE',''
  ) );
#3771 = PCURVE('',#3238,#3772);
#3772 = DEFINITIONAL_REPRESENTATION('',(#3773),#3777);
#3773 = LINE('',#3774,#3775);
#3774 = CARTESIAN_POINT('',(0.,0.));
#3775 = VECTOR('',#3776,1.);
#3776 = DIRECTION('',(0.,1.));
#3777 = ( GEOMETRIC_REPRESENTATION_CONTEXT(2) 
PARAMETRIC_REPRESENTATION_CONTEXT() REPRESENTATION_CONTEXT('2D SPACE',''
  ) );
#3778 = ORIENTED_EDGE('',*,*,#3269,.T.);
#3779 = ORIENTED_EDGE('',*,*,#3682,.T.);
#3780 = ORIENTED_EDGE('',*,*,#3781,.T.);
#3781 = EDGE_CURVE('',#3683,#3758,#3782,.T.);
#3782 = SURFACE_CURVE('',#3783,(#3788,#3795),.PCURVE_S1.);
#3783 = CIRCLE('',#3784,0.75);
#3784 = AXIS2_PLACEMENT_3D('',#3785,#3786,#3787);
#3785 = CARTESIAN_POINT('',(-36.75,0.,99.));
#3786 = DIRECTION('',(-0.,-0.,-1.));
#3787 = DIRECTION('',(0.,-1.,0.));
#3788 = PCURVE('',#3286,#3789);
#3789 = DEFINITIONAL_REPRESENTATION('',(#3790),#3794);
#3790 = LINE('',#3791,#3792);
#3791 = CARTESIAN_POINT('',(6.28318530718,1.));
#3792 = VECTOR('',#3793,1.);
#3793 = DIRECTION('',(-1.,0.));
#3794 = ( GEOMETRIC_REPRESENTATION_CONTEXT(2) 
PARAMETRIC_REPRESENTATION_CONTEXT() REPRESENTATION_CONTEXT('2D SPACE',''
  ) );
#3795 = PCURVE('',#3743,#3796);
#3796 = DEFINITIONAL_REPRESENTATION('',(#3797),#3800);
#3797 = B_SPLINE_CURVE_WITH_KNOTS('',1,(#3798,#3799),.UNSPECIFIED.,.F.,
  .F.,(2,2),(0.,3.14159265359),.PIECEWISE_BEZIER_KNOTS.);
#3798 = CARTESIAN_POINT('',(0.,0.));
#3799 = CARTESIAN_POINT('',(3.14159265359,0.));
#3800 = ( GEOMETRIC_REPRESENTATION_CONTEXT(2) 
PARAMETRIC_REPRESENTATION_CONTEXT() REPRESENTATION_CONTEXT('2D SPACE',''
  ) );
#3801 = ADVANCED_FACE('',(#3802),#3238,.T.);
#3802 = FACE_BOUND('',#3803,.T.);
#3803 = EDGE_LOOP('',(#3804,#3831,#3832,#3833,#3861));
#3804 = ORIENTED_EDGE('',*,*,#3805,.F.);
#3805 = EDGE_CURVE('',#3174,#3430,#3806,.T.);
#3806 = SURFACE_CURVE('',#3807,(#3813,#3822),.PCURVE_S1.);
#3807 = B_SPLINE_CURVE_WITH_KNOTS('',4,(#3808,#3809,#3810,#3811,#3812),
  .UNSPECIFIED.,.F.,.F.,(5,5),(0.,1.),.PIECEWISE_BEZIER_KNOTS.);
#3808 = CARTESIAN_POINT('',(37.799999863132,3.216713912751E-03,0.));
#3809 = CARTESIAN_POINT('',(37.798871932963,3.216713912751E-03,
    0.106151546809));
#3810 = CARTESIAN_POINT('',(37.797745406425,3.216713912751E-03,
    0.212303101828));
#3811 = CARTESIAN_POINT('',(37.796620292549,3.216713912751E-03,
    0.318454665056));
#3812 = CARTESIAN_POINT('',(37.795496600522,3.216713912751E-03,
    0.424606236484));
#3813 = PCURVE('',#3238,#3814);
#3814 = DEFINITIONAL_REPRESENTATION('',(#3815),#3821);
#3815 = B_SPLINE_CURVE_WITH_KNOTS('',4,(#3816,#3817,#3818,#3819,#3820),
  .UNSPECIFIED.,.F.,.F.,(5,5),(0.,1.),.PIECEWISE_BEZIER_KNOTS.);
#3816 = CARTESIAN_POINT('',(-73.49799604417,0.));
#3817 = CARTESIAN_POINT('',(-73.49849488436,1.072237846559E-03));
#3818 = CARTESIAN_POINT('',(-73.49899515091,2.144475776043E-03));
#3819 = CARTESIAN_POINT('',(-73.49949685301,3.216713788446E-03));
#3820 = CARTESIAN_POINT('',(-73.5,4.288951883677E-03));
#3821 = ( GEOMETRIC_REPRESENTATION_CONTEXT(2) 
PARAMETRIC_REPRESENTATION_CONTEXT() REPRESENTATION_CONTEXT('2D SPACE',''
  ) );
#3822 = PCURVE('',#3190,#3823);
#3823 = DEFINITIONAL_REPRESENTATION('',(#3824),#3830);
#3824 = B_SPLINE_CURVE_WITH_KNOTS('',4,(#3825,#3826,#3827,#3828,#3829),
  .UNSPECIFIED.,.F.,.F.,(5,5),(0.,1.),.PIECEWISE_BEZIER_KNOTS.);
#3825 = CARTESIAN_POINT('',(-73.49799604417,0.));
#3826 = CARTESIAN_POINT('',(-73.49849488436,1.072237846559E-03));
#3827 = CARTESIAN_POINT('',(-73.49899515091,2.144475776043E-03));
#3828 = CARTESIAN_POINT('',(-73.49949685301,3.216713788446E-03));
#3829 = CARTESIAN_POINT('',(-73.5,4.288951883677E-03));
#3830 = ( GEOMETRIC_REPRESENTATION_CONTEXT(2) 
PARAMETRIC_REPRESENTATION_CONTEXT() REPRESENTATION_CONTEXT('2D SPACE',''
  ) );
#3831 = ORIENTED_EDGE('',*,*,#3221,.T.);
#3832 = ORIENTED_EDGE('',*,*,#3757,.T.);
#3833 = ORIENTED_EDGE('',*,*,#3834,.T.);
#3834 = EDGE_CURVE('',#3758,#3835,#3837,.T.);
#3835 = VERTEX_POINT('',#3836);
#3836 = CARTESIAN_POINT('',(36.75,0.75,99.));
#3837 = SURFACE_CURVE('',#3838,(#3842,#3849),.PCURVE_S1.);
#3838 = LINE('',#3839,#3840);
#3839 = CARTESIAN_POINT('',(-36.75,0.75,99.));
#3840 = VECTOR('',#3841,1.);
#3841 = DIRECTION('',(1.,0.,0.));
#3842 = PCURVE('',#3238,#3843);
#3843 = DEFINITIONAL_REPRESENTATION('',(#3844),#3848);
#3844 = LINE('',#3845,#3846);
#3845 = CARTESIAN_POINT('',(0.,1.));
#3846 = VECTOR('',#3847,1.);
#3847 = DIRECTION('',(-1.,0.));
#3848 = ( GEOMETRIC_REPRESENTATION_CONTEXT(2) 
PARAMETRIC_REPRESENTATION_CONTEXT() REPRESENTATION_CONTEXT('2D SPACE',''
  ) );
#3849 = PCURVE('',#3850,#3855);
#3850 = PLANE('',#3851);
#3851 = AXIS2_PLACEMENT_3D('',#3852,#3853,#3854);
#3852 = CARTESIAN_POINT('',(-36.75,0.75,99.));
#3853 = DIRECTION('',(0.,1.,0.));
#3854 = DIRECTION('',(1.,0.,0.));
#3855 = DEFINITIONAL_REPRESENTATION('',(#3856),#3860);
#3856 = LINE('',#3857,#3858);
#3857 = CARTESIAN_POINT('',(0.,0.));
#3858 = VECTOR('',#3859,1.);
#3859 = DIRECTION('',(1.,0.));
#3860 = ( GEOMETRIC_REPRESENTATION_CONTEXT(2) 
PARAMETRIC_REPRESENTATION_CONTEXT() REPRESENTATION_CONTEXT('2D SPACE',''
  ) );
#3861 = ORIENTED_EDGE('',*,*,#3862,.F.);
#3862 = EDGE_CURVE('',#3430,#3835,#3863,.T.);
#3863 = SURFACE_CURVE('',#3864,(#3867,#3874),.PCURVE_S1.);
#3864 = B_SPLINE_CURVE_WITH_KNOTS('',1,(#3865,#3866),.UNSPECIFIED.,.F.,
  .F.,(2,2),(0.,1.),.PIECEWISE_BEZIER_KNOTS.);
#3865 = CARTESIAN_POINT('',(37.8,-7.105427357601E-15,0.));
#3866 = CARTESIAN_POINT('',(36.75,0.75,99.));
#3867 = PCURVE('',#3238,#3868);
#3868 = DEFINITIONAL_REPRESENTATION('',(#3869),#3873);
#3869 = LINE('',#3870,#3871);
#3870 = CARTESIAN_POINT('',(-73.5,0.));
#3871 = VECTOR('',#3872,1.);
#3872 = DIRECTION('',(0.,1.));
#3873 = ( GEOMETRIC_REPRESENTATION_CONTEXT(2) 
PARAMETRIC_REPRESENTATION_CONTEXT() REPRESENTATION_CONTEXT('2D SPACE',''
  ) );
#3874 = PCURVE('',#3537,#3875);
#3875 = DEFINITIONAL_REPRESENTATION('',(#3876),#3880);
#3876 = LINE('',#3877,#3878);
#3877 = CARTESIAN_POINT('',(6.28318530718,0.));
#3878 = VECTOR('',#3879,1.);
#3879 = DIRECTION('',(0.,1.));
#3880 = ( GEOMETRIC_REPRESENTATION_CONTEXT(2) 
PARAMETRIC_REPRESENTATION_CONTEXT() REPRESENTATION_CONTEXT('2D SPACE',''
  ) );
#3881 = ADVANCED_FACE('',(#3882),#3190,.T.);
#3882 = FACE_BOUND('',#3883,.T.);
#3883 = EDGE_LOOP('',(#3884,#3885,#3886));
#3884 = ORIENTED_EDGE('',*,*,#3429,.F.);
#3885 = ORIENTED_EDGE('',*,*,#3173,.T.);
#3886 = ORIENTED_EDGE('',*,*,#3805,.T.);
#3887 = ADVANCED_FACE('',(#3888),#3537,.T.);
#3888 = FACE_BOUND('',#3889,.T.);
#3889 = EDGE_LOOP('',(#3890,#3891,#3892));
#3890 = ORIENTED_EDGE('',*,*,#3451,.F.);
#3891 = ORIENTED_EDGE('',*,*,#3862,.T.);
#3892 = ORIENTED_EDGE('',*,*,#3893,.T.);
#3893 = EDGE_CURVE('',#3835,#3452,#3894,.T.);
#3894 = SURFACE_CURVE('',#3895,(#3900,#3907),.PCURVE_S1.);
#3895 = CIRCLE('',#3896,0.75);
#3896 = AXIS2_PLACEMENT_3D('',#3897,#3898,#3899);
#3897 = CARTESIAN_POINT('',(36.75,0.,99.));
#3898 = DIRECTION('',(0.,0.,-1.));
#3899 = DIRECTION('',(0.,1.,0.));
#3900 = PCURVE('',#3537,#3901);
#3901 = DEFINITIONAL_REPRESENTATION('',(#3902),#3906);
#3902 = LINE('',#3903,#3904);
#3903 = CARTESIAN_POINT('',(6.28318530718,1.));
#3904 = VECTOR('',#3905,1.);
#3905 = DIRECTION('',(-1.,0.));
#3906 = ( GEOMETRIC_REPRESENTATION_CONTEXT(2) 
PARAMETRIC_REPRESENTATION_CONTEXT() REPRESENTATION_CONTEXT('2D SPACE',''
  ) );
#3907 = PCURVE('',#3615,#3908);
#3908 = DEFINITIONAL_REPRESENTATION('',(#3909),#3912);
#3909 = B_SPLINE_CURVE_WITH_KNOTS('',1,(#3910,#3911),.UNSPECIFIED.,.F.,
  .F.,(2,2),(0.,3.14159265359),.PIECEWISE_BEZIER_KNOTS.);
#3910 = CARTESIAN_POINT('',(0.,0.));
#3911 = CARTESIAN_POINT('',(3.14159265359,0.));
#3912 = ( GEOMETRIC_REPRESENTATION_CONTEXT(2) 
PARAMETRIC_REPRESENTATION_CONTEXT() REPRESENTATION_CONTEXT('2D SPACE',''
  ) );
#3913 = ADVANCED_FACE('',(#3914),#3615,.T.);
#3914 = FACE_BOUND('',#3915,.T.);
#3915 = EDGE_LOOP('',(#3916,#3917,#3918,#3941,#3970));
#3916 = ORIENTED_EDGE('',*,*,#3600,.F.);
#3917 = ORIENTED_EDGE('',*,*,#3893,.F.);
#3918 = ORIENTED_EDGE('',*,*,#3919,.T.);
#3919 = EDGE_CURVE('',#3835,#3920,#3922,.T.);
#3920 = VERTEX_POINT('',#3921);
#3921 = CARTESIAN_POINT('',(36.75,0.75,107.5));
#3922 = SURFACE_CURVE('',#3923,(#3927,#3934),.PCURVE_S1.);
#3923 = LINE('',#3924,#3925);
#3924 = CARTESIAN_POINT('',(36.75,0.75,99.));
#3925 = VECTOR('',#3926,1.);
#3926 = DIRECTION('',(0.,0.,1.));
#3927 = PCURVE('',#3615,#3928);
#3928 = DEFINITIONAL_REPRESENTATION('',(#3929),#3933);
#3929 = LINE('',#3930,#3931);
#3930 = CARTESIAN_POINT('',(0.,0.));
#3931 = VECTOR('',#3932,1.);
#3932 = DIRECTION('',(0.,-1.));
#3933 = ( GEOMETRIC_REPRESENTATION_CONTEXT(2) 
PARAMETRIC_REPRESENTATION_CONTEXT() REPRESENTATION_CONTEXT('2D SPACE',''
  ) );
#3934 = PCURVE('',#3850,#3935);
#3935 = DEFINITIONAL_REPRESENTATION('',(#3936),#3940);
#3936 = LINE('',#3937,#3938);
#3937 = CARTESIAN_POINT('',(73.5,0.));
#3938 = VECTOR('',#3939,1.);
#3939 = DIRECTION('',(0.,-1.));
#3940 = ( GEOMETRIC_REPRESENTATION_CONTEXT(2) 
PARAMETRIC_REPRESENTATION_CONTEXT() REPRESENTATION_CONTEXT('2D SPACE',''
  ) );
#3941 = ORIENTED_EDGE('',*,*,#3942,.F.);
#3942 = EDGE_CURVE('',#3943,#3920,#3945,.T.);
#3943 = VERTEX_POINT('',#3944);
#3944 = CARTESIAN_POINT('',(36.75,-0.75,107.5));
#3945 = SURFACE_CURVE('',#3946,(#3951,#3958),.PCURVE_S1.);
#3946 = CIRCLE('',#3947,0.75);
#3947 = AXIS2_PLACEMENT_3D('',#3948,#3949,#3950);
#3948 = CARTESIAN_POINT('',(36.75,0.,107.5));
#3949 = DIRECTION('',(-0.,0.,1.));
#3950 = DIRECTION('',(0.,-1.,0.));
#3951 = PCURVE('',#3615,#3952);
#3952 = DEFINITIONAL_REPRESENTATION('',(#3953),#3957);
#3953 = LINE('',#3954,#3955);
#3954 = CARTESIAN_POINT('',(3.14159265359,-8.5));
#3955 = VECTOR('',#3956,1.);
#3956 = DIRECTION('',(-1.,-0.));
#3957 = ( GEOMETRIC_REPRESENTATION_CONTEXT(2) 
PARAMETRIC_REPRESENTATION_CONTEXT() REPRESENTATION_CONTEXT('2D SPACE',''
  ) );
#3958 = PCURVE('',#3959,#3964);
#3959 = CONICAL_SURFACE('',#3960,0.75,0.785398163397);
#3960 = AXIS2_PLACEMENT_3D('',#3961,#3962,#3963);
#3961 = CARTESIAN_POINT('',(36.75,0.,107.5));
#3962 = DIRECTION('',(0.,0.,1.));
#3963 = DIRECTION('',(0.,1.,0.));
#3964 = DEFINITIONAL_REPRESENTATION('',(#3965),#3969);
#3965 = LINE('',#3966,#3967);
#3966 = CARTESIAN_POINT('',(3.14159265359,0.));
#3967 = VECTOR('',#3968,1.);
#3968 = DIRECTION('',(1.,-0.));
#3969 = ( GEOMETRIC_REPRESENTATION_CONTEXT(2) 
PARAMETRIC_REPRESENTATION_CONTEXT() REPRESENTATION_CONTEXT('2D SPACE',''
  ) );
#3970 = ORIENTED_EDGE('',*,*,#3971,.F.);
#3971 = EDGE_CURVE('',#3407,#3943,#3972,.T.);
#3972 = SURFACE_CURVE('',#3973,(#3977,#3984),.PCURVE_S1.);
#3973 = LINE('',#3974,#3975);
#3974 = CARTESIAN_POINT('',(36.75,-0.75,99.));
#3975 = VECTOR('',#3976,1.);
#3976 = DIRECTION('',(0.,0.,1.));
#3977 = PCURVE('',#3615,#3978);
#3978 = DEFINITIONAL_REPRESENTATION('',(#3979),#3983);
#3979 = LINE('',#3980,#3981);
#3980 = CARTESIAN_POINT('',(3.14159265359,0.));
#3981 = VECTOR('',#3982,1.);
#3982 = DIRECTION('',(0.,-1.));
#3983 = ( GEOMETRIC_REPRESENTATION_CONTEXT(2) 
PARAMETRIC_REPRESENTATION_CONTEXT() REPRESENTATION_CONTEXT('2D SPACE',''
  ) );
#3984 = PCURVE('',#3647,#3985);
#3985 = DEFINITIONAL_REPRESENTATION('',(#3986),#3990);
#3986 = LINE('',#3987,#3988);
#3987 = CARTESIAN_POINT('',(0.,-0.));
#3988 = VECTOR('',#3989,1.);
#3989 = DIRECTION('',(0.,-1.));
#3990 = ( GEOMETRIC_REPRESENTATION_CONTEXT(2) 
PARAMETRIC_REPRESENTATION_CONTEXT() REPRESENTATION_CONTEXT('2D SPACE',''
  ) );
#3991 = ADVANCED_FACE('',(#3992),#3647,.T.);
#3992 = FACE_BOUND('',#3993,.T.);
#3993 = EDGE_LOOP('',(#3994,#3995,#3996,#4024));
#3994 = ORIENTED_EDGE('',*,*,#3631,.F.);
#3995 = ORIENTED_EDGE('',*,*,#3971,.T.);
#3996 = ORIENTED_EDGE('',*,*,#3997,.T.);
#3997 = EDGE_CURVE('',#3943,#3998,#4000,.T.);
#3998 = VERTEX_POINT('',#3999);
#3999 = CARTESIAN_POINT('',(-36.75,-0.75,107.5));
#4000 = SURFACE_CURVE('',#4001,(#4005,#4012),.PCURVE_S1.);
#4001 = LINE('',#4002,#4003);
#4002 = CARTESIAN_POINT('',(36.75,-0.75,107.5));
#4003 = VECTOR('',#4004,1.);
#4004 = DIRECTION('',(-1.,0.,0.));
#4005 = PCURVE('',#3647,#4006);
#4006 = DEFINITIONAL_REPRESENTATION('',(#4007),#4011);
#4007 = LINE('',#4008,#4009);
#4008 = CARTESIAN_POINT('',(0.,-8.5));
#4009 = VECTOR('',#4010,1.);
#4010 = DIRECTION('',(1.,0.));
#4011 = ( GEOMETRIC_REPRESENTATION_CONTEXT(2) 
PARAMETRIC_REPRESENTATION_CONTEXT() REPRESENTATION_CONTEXT('2D SPACE',''
  ) );
#4012 = PCURVE('',#4013,#4018);
#4013 = PLANE('',#4014);
#4014 = AXIS2_PLACEMENT_3D('',#4015,#4016,#4017);
#4015 = CARTESIAN_POINT('',(36.75,-2.25,109.));
#4016 = DIRECTION('',(0.,0.707106781187,0.707106781187));
#4017 = DIRECTION('',(-1.,0.,0.));
#4018 = DEFINITIONAL_REPRESENTATION('',(#4019),#4023);
#4019 = LINE('',#4020,#4021);
#4020 = CARTESIAN_POINT('',(0.,-2.12132034356));
#4021 = VECTOR('',#4022,1.);
#4022 = DIRECTION('',(1.,0.));
#4023 = ( GEOMETRIC_REPRESENTATION_CONTEXT(2) 
PARAMETRIC_REPRESENTATION_CONTEXT() REPRESENTATION_CONTEXT('2D SPACE',''
  ) );
#4024 = ORIENTED_EDGE('',*,*,#4025,.F.);
#4025 = EDGE_CURVE('',#3632,#3998,#4026,.T.);
#4026 = SURFACE_CURVE('',#4027,(#4031,#4038),.PCURVE_S1.);
#4027 = LINE('',#4028,#4029);
#4028 = CARTESIAN_POINT('',(-36.75,-0.75,99.));
#4029 = VECTOR('',#4030,1.);
#4030 = DIRECTION('',(0.,0.,1.));
#4031 = PCURVE('',#3647,#4032);
#4032 = DEFINITIONAL_REPRESENTATION('',(#4033),#4037);
#4033 = LINE('',#4034,#4035);
#4034 = CARTESIAN_POINT('',(73.5,0.));
#4035 = VECTOR('',#4036,1.);
#4036 = DIRECTION('',(0.,-1.));
#4037 = ( GEOMETRIC_REPRESENTATION_CONTEXT(2) 
PARAMETRIC_REPRESENTATION_CONTEXT() REPRESENTATION_CONTEXT('2D SPACE',''
  ) );
#4038 = PCURVE('',#3743,#4039);
#4039 = DEFINITIONAL_REPRESENTATION('',(#4040),#4044);
#4040 = LINE('',#4041,#4042);
#4041 = CARTESIAN_POINT('',(0.,0.));
#4042 = VECTOR('',#4043,1.);
#4043 = DIRECTION('',(0.,-1.));
#4044 = ( GEOMETRIC_REPRESENTATION_CONTEXT(2) 
PARAMETRIC_REPRESENTATION_CONTEXT() REPRESENTATION_CONTEXT('2D SPACE',''
  ) );
#4045 = ADVANCED_FACE('',(#4046),#3743,.T.);
#4046 = FACE_BOUND('',#4047,.T.);
#4047 = EDGE_LOOP('',(#4048,#4049,#4050,#4079,#4100));
#4048 = ORIENTED_EDGE('',*,*,#3728,.F.);
#4049 = ORIENTED_EDGE('',*,*,#4025,.T.);
#4050 = ORIENTED_EDGE('',*,*,#4051,.F.);
#4051 = EDGE_CURVE('',#4052,#3998,#4054,.T.);
#4052 = VERTEX_POINT('',#4053);
#4053 = CARTESIAN_POINT('',(-36.75,0.75,107.5));
#4054 = SURFACE_CURVE('',#4055,(#4060,#4067),.PCURVE_S1.);
#4055 = CIRCLE('',#4056,0.75);
#4056 = AXIS2_PLACEMENT_3D('',#4057,#4058,#4059);
#4057 = CARTESIAN_POINT('',(-36.75,0.,107.5));
#4058 = DIRECTION('',(0.,-0.,1.));
#4059 = DIRECTION('',(0.,1.,0.));
#4060 = PCURVE('',#3743,#4061);
#4061 = DEFINITIONAL_REPRESENTATION('',(#4062),#4066);
#4062 = LINE('',#4063,#4064);
#4063 = CARTESIAN_POINT('',(3.14159265359,-8.5));
#4064 = VECTOR('',#4065,1.);
#4065 = DIRECTION('',(-1.,-0.));
#4066 = ( GEOMETRIC_REPRESENTATION_CONTEXT(2) 
PARAMETRIC_REPRESENTATION_CONTEXT() REPRESENTATION_CONTEXT('2D SPACE',''
  ) );
#4067 = PCURVE('',#4068,#4073);
#4068 = CONICAL_SURFACE('',#4069,0.75,0.785398163397);
#4069 = AXIS2_PLACEMENT_3D('',#4070,#4071,#4072);
#4070 = CARTESIAN_POINT('',(-36.75,0.,107.5));
#4071 = DIRECTION('',(0.,0.,1.));
#4072 = DIRECTION('',(0.,-1.,0.));
#4073 = DEFINITIONAL_REPRESENTATION('',(#4074),#4078);
#4074 = LINE('',#4075,#4076);
#4075 = CARTESIAN_POINT('',(3.14159265359,0.));
#4076 = VECTOR('',#4077,1.);
#4077 = DIRECTION('',(1.,-0.));
#4078 = ( GEOMETRIC_REPRESENTATION_CONTEXT(2) 
PARAMETRIC_REPRESENTATION_CONTEXT() REPRESENTATION_CONTEXT('2D SPACE',''
  ) );
#4079 = ORIENTED_EDGE('',*,*,#4080,.F.);
#4080 = EDGE_CURVE('',#3758,#4052,#4081,.T.);
#4081 = SURFACE_CURVE('',#4082,(#4086,#4093),.PCURVE_S1.);
#4082 = LINE('',#4083,#4084);
#4083 = CARTESIAN_POINT('',(-36.75,0.75,99.));
#4084 = VECTOR('',#4085,1.);
#4085 = DIRECTION('',(0.,0.,1.));
#4086 = PCURVE('',#3743,#4087);
#4087 = DEFINITIONAL_REPRESENTATION('',(#4088),#4092);
#4088 = LINE('',#4089,#4090);
#4089 = CARTESIAN_POINT('',(3.14159265359,0.));
#4090 = VECTOR('',#4091,1.);
#4091 = DIRECTION('',(0.,-1.));
#4092 = ( GEOMETRIC_REPRESENTATION_CONTEXT(2) 
PARAMETRIC_REPRESENTATION_CONTEXT() REPRESENTATION_CONTEXT('2D SPACE',''
  ) );
#4093 = PCURVE('',#3850,#4094);
#4094 = DEFINITIONAL_REPRESENTATION('',(#4095),#4099);
#4095 = LINE('',#4096,#4097);
#4096 = CARTESIAN_POINT('',(0.,0.));
#4097 = VECTOR('',#4098,1.);
#4098 = DIRECTION('',(0.,-1.));
#4099 = ( GEOMETRIC_REPRESENTATION_CONTEXT(2) 
PARAMETRIC_REPRESENTATION_CONTEXT() REPRESENTATION_CONTEXT('2D SPACE',''
  ) );
#4100 = ORIENTED_EDGE('',*,*,#3781,.F.);
#4101 = ADVANCED_FACE('',(#4102),#3850,.T.);
#4102 = FACE_BOUND('',#4103,.T.);
#4103 = EDGE_LOOP('',(#4104,#4105,#4106,#4132));
#4104 = ORIENTED_EDGE('',*,*,#3834,.F.);
#4105 = ORIENTED_EDGE('',*,*,#4080,.T.);
#4106 = ORIENTED_EDGE('',*,*,#4107,.T.);
#4107 = EDGE_CURVE('',#4052,#3920,#4108,.T.);
#4108 = SURFACE_CURVE('',#4109,(#4113,#4120),.PCURVE_S1.);
#4109 = LINE('',#4110,#4111);
#4110 = CARTESIAN_POINT('',(-36.75,0.75,107.5));
#4111 = VECTOR('',#4112,1.);
#4112 = DIRECTION('',(1.,0.,0.));
#4113 = PCURVE('',#3850,#4114);
#4114 = DEFINITIONAL_REPRESENTATION('',(#4115),#4119);
#4115 = LINE('',#4116,#4117);
#4116 = CARTESIAN_POINT('',(0.,-8.5));
#4117 = VECTOR('',#4118,1.);
#4118 = DIRECTION('',(1.,0.));
#4119 = ( GEOMETRIC_REPRESENTATION_CONTEXT(2) 
PARAMETRIC_REPRESENTATION_CONTEXT() REPRESENTATION_CONTEXT('2D SPACE',''
  ) );
#4120 = PCURVE('',#4121,#4126);
#4121 = PLANE('',#4122);
#4122 = AXIS2_PLACEMENT_3D('',#4123,#4124,#4125);
#4123 = CARTESIAN_POINT('',(-36.75,2.25,109.));
#4124 = DIRECTION('',(0.,-0.707106781187,0.707106781187));
#4125 = DIRECTION('',(1.,0.,0.));
#4126 = DEFINITIONAL_REPRESENTATION('',(#4127),#4131);
#4127 = LINE('',#4128,#4129);
#4128 = CARTESIAN_POINT('',(0.,-2.12132034356));
#4129 = VECTOR('',#4130,1.);
#4130 = DIRECTION('',(1.,0.));
#4131 = ( GEOMETRIC_REPRESENTATION_CONTEXT(2) 
PARAMETRIC_REPRESENTATION_CONTEXT() REPRESENTATION_CONTEXT('2D SPACE',''
  ) );
#4132 = ORIENTED_EDGE('',*,*,#3919,.F.);
#4133 = ADVANCED_FACE('',(#4134),#3959,.T.);
#4134 = FACE_BOUND('',#4135,.T.);
#4135 = EDGE_LOOP('',(#4136,#4167,#4185,#4186));
#4136 = ORIENTED_EDGE('',*,*,#4137,.F.);
#4137 = EDGE_CURVE('',#4138,#4140,#4142,.T.);
#4138 = VERTEX_POINT('',#4139);
#4139 = CARTESIAN_POINT('',(36.75,-2.25,109.));
#4140 = VERTEX_POINT('',#4141);
#4141 = CARTESIAN_POINT('',(36.75,2.25,109.));
#4142 = SURFACE_CURVE('',#4143,(#4148,#4155),.PCURVE_S1.);
#4143 = CIRCLE('',#4144,2.25);
#4144 = AXIS2_PLACEMENT_3D('',#4145,#4146,#4147);
#4145 = CARTESIAN_POINT('',(36.75,0.,109.));
#4146 = DIRECTION('',(-0.,0.,1.));
#4147 = DIRECTION('',(0.,-1.,0.));
#4148 = PCURVE('',#3959,#4149);
#4149 = DEFINITIONAL_REPRESENTATION('',(#4150),#4154);
#4150 = LINE('',#4151,#4152);
#4151 = CARTESIAN_POINT('',(3.14159265359,1.5));
#4152 = VECTOR('',#4153,1.);
#4153 = DIRECTION('',(1.,-0.));
#4154 = ( GEOMETRIC_REPRESENTATION_CONTEXT(2) 
PARAMETRIC_REPRESENTATION_CONTEXT() REPRESENTATION_CONTEXT('2D SPACE',''
  ) );
#4155 = PCURVE('',#4156,#4161);
#4156 = PLANE('',#4157);
#4157 = AXIS2_PLACEMENT_3D('',#4158,#4159,#4160);
#4158 = CARTESIAN_POINT('',(-4.403329231825E-15,5.790076070423E-16,109.)
  );
#4159 = DIRECTION('',(0.,0.,1.));
#4160 = DIRECTION('',(1.,0.,-0.));
#4161 = DEFINITIONAL_REPRESENTATION('',(#4162),#4166);
#4162 = CIRCLE('',#4163,2.25);
#4163 = AXIS2_PLACEMENT_2D('',#4164,#4165);
#4164 = CARTESIAN_POINT('',(36.75,-5.790076070423E-16));
#4165 = DIRECTION('',(0.,-1.));
#4166 = ( GEOMETRIC_REPRESENTATION_CONTEXT(2) 
PARAMETRIC_REPRESENTATION_CONTEXT() REPRESENTATION_CONTEXT('2D SPACE',''
  ) );
#4167 = ORIENTED_EDGE('',*,*,#4168,.F.);
#4168 = EDGE_CURVE('',#3943,#4138,#4169,.T.);
#4169 = SURFACE_CURVE('',#4170,(#4173,#4179),.PCURVE_S1.);
#4170 = B_SPLINE_CURVE_WITH_KNOTS('',1,(#4171,#4172),.UNSPECIFIED.,.F.,
  .F.,(2,2),(0.,1.),.PIECEWISE_BEZIER_KNOTS.);
#4171 = CARTESIAN_POINT('',(36.75,-0.75,107.5));
#4172 = CARTESIAN_POINT('',(36.75,-2.25,109.));
#4173 = PCURVE('',#3959,#4174);
#4174 = DEFINITIONAL_REPRESENTATION('',(#4175),#4178);
#4175 = B_SPLINE_CURVE_WITH_KNOTS('',1,(#4176,#4177),.UNSPECIFIED.,.F.,
  .F.,(2,2),(0.,1.),.PIECEWISE_BEZIER_KNOTS.);
#4176 = CARTESIAN_POINT('',(3.14159265359,0.));
#4177 = CARTESIAN_POINT('',(3.14159265359,1.5));
#4178 = ( GEOMETRIC_REPRESENTATION_CONTEXT(2) 
PARAMETRIC_REPRESENTATION_CONTEXT() REPRESENTATION_CONTEXT('2D SPACE',''
  ) );
#4179 = PCURVE('',#4013,#4180);
#4180 = DEFINITIONAL_REPRESENTATION('',(#4181),#4184);
#4181 = B_SPLINE_CURVE_WITH_KNOTS('',1,(#4182,#4183),.UNSPECIFIED.,.F.,
  .F.,(2,2),(0.,1.),.PIECEWISE_BEZIER_KNOTS.);
#4182 = CARTESIAN_POINT('',(0.,-2.12132034356));
#4183 = CARTESIAN_POINT('',(0.,0.));
#4184 = ( GEOMETRIC_REPRESENTATION_CONTEXT(2) 
PARAMETRIC_REPRESENTATION_CONTEXT() REPRESENTATION_CONTEXT('2D SPACE',''
  ) );
#4185 = ORIENTED_EDGE('',*,*,#3942,.T.);
#4186 = ORIENTED_EDGE('',*,*,#4187,.T.);
#4187 = EDGE_CURVE('',#3920,#4140,#4188,.T.);
#4188 = SURFACE_CURVE('',#4189,(#4192,#4198),.PCURVE_S1.);
#4189 = B_SPLINE_CURVE_WITH_KNOTS('',1,(#4190,#4191),.UNSPECIFIED.,.F.,
  .F.,(2,2),(0.,1.),.PIECEWISE_BEZIER_KNOTS.);
#4190 = CARTESIAN_POINT('',(36.75,0.75,107.5));
#4191 = CARTESIAN_POINT('',(36.75,2.25,109.));
#4192 = PCURVE('',#3959,#4193);
#4193 = DEFINITIONAL_REPRESENTATION('',(#4194),#4197);
#4194 = B_SPLINE_CURVE_WITH_KNOTS('',1,(#4195,#4196),.UNSPECIFIED.,.F.,
  .F.,(2,2),(0.,1.),.PIECEWISE_BEZIER_KNOTS.);
#4195 = CARTESIAN_POINT('',(6.28318530718,0.));
#4196 = CARTESIAN_POINT('',(6.28318530718,1.5));
#4197 = ( GEOMETRIC_REPRESENTATION_CONTEXT(2) 
PARAMETRIC_REPRESENTATION_CONTEXT() REPRESENTATION_CONTEXT('2D SPACE',''
  ) );
#4198 = PCURVE('',#4121,#4199);
#4199 = DEFINITIONAL_REPRESENTATION('',(#4200),#4203);
#4200 = B_SPLINE_CURVE_WITH_KNOTS('',1,(#4201,#4202),.UNSPECIFIED.,.F.,
  .F.,(2,2),(0.,1.),.PIECEWISE_BEZIER_KNOTS.);
#4201 = CARTESIAN_POINT('',(73.5,-2.12132034356));
#4202 = CARTESIAN_POINT('',(73.5,0.));
#4203 = ( GEOMETRIC_REPRESENTATION_CONTEXT(2) 
PARAMETRIC_REPRESENTATION_CONTEXT() REPRESENTATION_CONTEXT('2D SPACE',''
  ) );
#4204 = ADVANCED_FACE('',(#4205),#4013,.F.);
#4205 = FACE_BOUND('',#4206,.F.);
#4206 = EDGE_LOOP('',(#4207,#4208,#4228,#4249));
#4207 = ORIENTED_EDGE('',*,*,#3997,.T.);
#4208 = ORIENTED_EDGE('',*,*,#4209,.T.);
#4209 = EDGE_CURVE('',#3998,#4210,#4212,.T.);
#4210 = VERTEX_POINT('',#4211);
#4211 = CARTESIAN_POINT('',(-36.75,-2.25,109.));
#4212 = SURFACE_CURVE('',#4213,(#4216,#4222),.PCURVE_S1.);
#4213 = B_SPLINE_CURVE_WITH_KNOTS('',1,(#4214,#4215),.UNSPECIFIED.,.F.,
  .F.,(2,2),(0.,1.),.PIECEWISE_BEZIER_KNOTS.);
#4214 = CARTESIAN_POINT('',(-36.75,-0.75,107.5));
#4215 = CARTESIAN_POINT('',(-36.75,-2.25,109.));
#4216 = PCURVE('',#4013,#4217);
#4217 = DEFINITIONAL_REPRESENTATION('',(#4218),#4221);
#4218 = B_SPLINE_CURVE_WITH_KNOTS('',1,(#4219,#4220),.UNSPECIFIED.,.F.,
  .F.,(2,2),(0.,1.),.PIECEWISE_BEZIER_KNOTS.);
#4219 = CARTESIAN_POINT('',(73.5,-2.12132034356));
#4220 = CARTESIAN_POINT('',(73.5,0.));
#4221 = ( GEOMETRIC_REPRESENTATION_CONTEXT(2) 
PARAMETRIC_REPRESENTATION_CONTEXT() REPRESENTATION_CONTEXT('2D SPACE',''
  ) );
#4222 = PCURVE('',#4068,#4223);
#4223 = DEFINITIONAL_REPRESENTATION('',(#4224),#4227);
#4224 = B_SPLINE_CURVE_WITH_KNOTS('',1,(#4225,#4226),.UNSPECIFIED.,.F.,
  .F.,(2,2),(0.,1.),.PIECEWISE_BEZIER_KNOTS.);
#4225 = CARTESIAN_POINT('',(6.28318530718,0.));
#4226 = CARTESIAN_POINT('',(6.28318530718,1.5));
#4227 = ( GEOMETRIC_REPRESENTATION_CONTEXT(2) 
PARAMETRIC_REPRESENTATION_CONTEXT() REPRESENTATION_CONTEXT('2D SPACE',''
  ) );
#4228 = ORIENTED_EDGE('',*,*,#4229,.F.);
#4229 = EDGE_CURVE('',#4138,#4210,#4230,.T.);
#4230 = SURFACE_CURVE('',#4231,(#4235,#4242),.PCURVE_S1.);
#4231 = LINE('',#4232,#4233);
#4232 = CARTESIAN_POINT('',(36.75,-2.25,109.));
#4233 = VECTOR('',#4234,1.);
#4234 = DIRECTION('',(-1.,0.,0.));
#4235 = PCURVE('',#4013,#4236);
#4236 = DEFINITIONAL_REPRESENTATION('',(#4237),#4241);
#4237 = LINE('',#4238,#4239);
#4238 = CARTESIAN_POINT('',(0.,0.));
#4239 = VECTOR('',#4240,1.);
#4240 = DIRECTION('',(1.,0.));
#4241 = ( GEOMETRIC_REPRESENTATION_CONTEXT(2) 
PARAMETRIC_REPRESENTATION_CONTEXT() REPRESENTATION_CONTEXT('2D SPACE',''
  ) );
#4242 = PCURVE('',#4156,#4243);
#4243 = DEFINITIONAL_REPRESENTATION('',(#4244),#4248);
#4244 = LINE('',#4245,#4246);
#4245 = CARTESIAN_POINT('',(36.75,-2.25));
#4246 = VECTOR('',#4247,1.);
#4247 = DIRECTION('',(-1.,0.));
#4248 = ( GEOMETRIC_REPRESENTATION_CONTEXT(2) 
PARAMETRIC_REPRESENTATION_CONTEXT() REPRESENTATION_CONTEXT('2D SPACE',''
  ) );
#4249 = ORIENTED_EDGE('',*,*,#4168,.F.);
#4250 = ADVANCED_FACE('',(#4251),#4068,.T.);
#4251 = FACE_BOUND('',#4252,.T.);
#4252 = EDGE_LOOP('',(#4253,#4277,#4295,#4296));
#4253 = ORIENTED_EDGE('',*,*,#4254,.F.);
#4254 = EDGE_CURVE('',#4255,#4210,#4257,.T.);
#4255 = VERTEX_POINT('',#4256);
#4256 = CARTESIAN_POINT('',(-36.75,2.25,109.));
#4257 = SURFACE_CURVE('',#4258,(#4263,#4270),.PCURVE_S1.);
#4258 = CIRCLE('',#4259,2.25);
#4259 = AXIS2_PLACEMENT_3D('',#4260,#4261,#4262);
#4260 = CARTESIAN_POINT('',(-36.75,0.,109.));
#4261 = DIRECTION('',(0.,-0.,1.));
#4262 = DIRECTION('',(0.,1.,0.));
#4263 = PCURVE('',#4068,#4264);
#4264 = DEFINITIONAL_REPRESENTATION('',(#4265),#4269);
#4265 = LINE('',#4266,#4267);
#4266 = CARTESIAN_POINT('',(3.14159265359,1.5));
#4267 = VECTOR('',#4268,1.);
#4268 = DIRECTION('',(1.,-0.));
#4269 = ( GEOMETRIC_REPRESENTATION_CONTEXT(2) 
PARAMETRIC_REPRESENTATION_CONTEXT() REPRESENTATION_CONTEXT('2D SPACE',''
  ) );
#4270 = PCURVE('',#4156,#4271);
#4271 = DEFINITIONAL_REPRESENTATION('',(#4272),#4276);
#4272 = CIRCLE('',#4273,2.25);
#4273 = AXIS2_PLACEMENT_2D('',#4274,#4275);
#4274 = CARTESIAN_POINT('',(-36.75,-5.790076070423E-16));
#4275 = DIRECTION('',(0.,1.));
#4276 = ( GEOMETRIC_REPRESENTATION_CONTEXT(2) 
PARAMETRIC_REPRESENTATION_CONTEXT() REPRESENTATION_CONTEXT('2D SPACE',''
  ) );
#4277 = ORIENTED_EDGE('',*,*,#4278,.F.);
#4278 = EDGE_CURVE('',#4052,#4255,#4279,.T.);
#4279 = SURFACE_CURVE('',#4280,(#4283,#4289),.PCURVE_S1.);
#4280 = B_SPLINE_CURVE_WITH_KNOTS('',1,(#4281,#4282),.UNSPECIFIED.,.F.,
  .F.,(2,2),(0.,1.),.PIECEWISE_BEZIER_KNOTS.);
#4281 = CARTESIAN_POINT('',(-36.75,0.75,107.5));
#4282 = CARTESIAN_POINT('',(-36.75,2.25,109.));
#4283 = PCURVE('',#4068,#4284);
#4284 = DEFINITIONAL_REPRESENTATION('',(#4285),#4288);
#4285 = B_SPLINE_CURVE_WITH_KNOTS('',1,(#4286,#4287),.UNSPECIFIED.,.F.,
  .F.,(2,2),(0.,1.),.PIECEWISE_BEZIER_KNOTS.);
#4286 = CARTESIAN_POINT('',(3.14159265359,0.));
#4287 = CARTESIAN_POINT('',(3.14159265359,1.5));
#4288 = ( GEOMETRIC_REPRESENTATION_CONTEXT(2) 
PARAMETRIC_REPRESENTATION_CONTEXT() REPRESENTATION_CONTEXT('2D SPACE',''
  ) );
#4289 = PCURVE('',#4121,#4290);
#4290 = DEFINITIONAL_REPRESENTATION('',(#4291),#4294);
#4291 = B_SPLINE_CURVE_WITH_KNOTS('',1,(#4292,#4293),.UNSPECIFIED.,.F.,
  .F.,(2,2),(0.,1.),.PIECEWISE_BEZIER_KNOTS.);
#4292 = CARTESIAN_POINT('',(0.,-2.12132034356));
#4293 = CARTESIAN_POINT('',(0.,0.));
#4294 = ( GEOMETRIC_REPRESENTATION_CONTEXT(2) 
PARAMETRIC_REPRESENTATION_CONTEXT() REPRESENTATION_CONTEXT('2D SPACE',''
  ) );
#4295 = ORIENTED_EDGE('',*,*,#4051,.T.);
#4296 = ORIENTED_EDGE('',*,*,#4209,.T.);
#4297 = ADVANCED_FACE('',(#4298),#4121,.F.);
#4298 = FACE_BOUND('',#4299,.F.);
#4299 = EDGE_LOOP('',(#4300,#4301,#4302,#4323));
#4300 = ORIENTED_EDGE('',*,*,#4107,.T.);
#4301 = ORIENTED_EDGE('',*,*,#4187,.T.);
#4302 = ORIENTED_EDGE('',*,*,#4303,.F.);
#4303 = EDGE_CURVE('',#4255,#4140,#4304,.T.);
#4304 = SURFACE_CURVE('',#4305,(#4309,#4316),.PCURVE_S1.);
#4305 = LINE('',#4306,#4307);
#4306 = CARTESIAN_POINT('',(-36.75,2.25,109.));
#4307 = VECTOR('',#4308,1.);
#4308 = DIRECTION('',(1.,0.,0.));
#4309 = PCURVE('',#4121,#4310);
#4310 = DEFINITIONAL_REPRESENTATION('',(#4311),#4315);
#4311 = LINE('',#4312,#4313);
#4312 = CARTESIAN_POINT('',(0.,0.));
#4313 = VECTOR('',#4314,1.);
#4314 = DIRECTION('',(1.,0.));
#4315 = ( GEOMETRIC_REPRESENTATION_CONTEXT(2) 
PARAMETRIC_REPRESENTATION_CONTEXT() REPRESENTATION_CONTEXT('2D SPACE',''
  ) );
#4316 = PCURVE('',#4156,#4317);
#4317 = DEFINITIONAL_REPRESENTATION('',(#4318),#4322);
#4318 = LINE('',#4319,#4320);
#4319 = CARTESIAN_POINT('',(-36.75,2.25));
#4320 = VECTOR('',#4321,1.);
#4321 = DIRECTION('',(1.,0.));
#4322 = ( GEOMETRIC_REPRESENTATION_CONTEXT(2) 
PARAMETRIC_REPRESENTATION_CONTEXT() REPRESENTATION_CONTEXT('2D SPACE',''
  ) );
#4323 = ORIENTED_EDGE('',*,*,#4278,.F.);
#4324 = ADVANCED_FACE('',(#4325),#4156,.T.);
#4325 = FACE_BOUND('',#4326,.T.);
#4326 = EDGE_LOOP('',(#4327,#4328,#4329,#4330));
#4327 = ORIENTED_EDGE('',*,*,#4303,.F.);
#4328 = ORIENTED_EDGE('',*,*,#4254,.T.);
#4329 = ORIENTED_EDGE('',*,*,#4229,.F.);
#4330 = ORIENTED_EDGE('',*,*,#4137,.T.);
#4331 = MANIFOLD_SOLID_BREP('',#4332);
#4332 = CLOSED_SHELL('',(#4333,#4421,#4425));
#4333 = ADVANCED_FACE('',(#4334),#4347,.T.);
#4334 = FACE_BOUND('',#4335,.T.);
#4335 = EDGE_LOOP('',(#4336,#4370,#4393,#4420));
#4336 = ORIENTED_EDGE('',*,*,#4337,.T.);
#4337 = EDGE_CURVE('',#4338,#4338,#4340,.T.);
#4338 = VERTEX_POINT('',#4339);
#4339 = CARTESIAN_POINT('',(-39.5,0.,54.5));
#4340 = SURFACE_CURVE('',#4341,(#4346,#4358),.PCURVE_S1.);
#4341 = CIRCLE('',#4342,2.);
#4342 = AXIS2_PLACEMENT_3D('',#4343,#4344,#4345);
#4343 = CARTESIAN_POINT('',(-41.5,0.,54.5));
#4344 = DIRECTION('',(0.,-1.,0.));
#4345 = DIRECTION('',(1.,0.,0.));
#4346 = PCURVE('',#4347,#4352);
#4347 = CYLINDRICAL_SURFACE('',#4348,2.);
#4348 = AXIS2_PLACEMENT_3D('',#4349,#4350,#4351);
#4349 = CARTESIAN_POINT('',(-41.5,0.,54.5));
#4350 = DIRECTION('',(0.,1.,0.));
#4351 = DIRECTION('',(1.,0.,0.));
#4352 = DEFINITIONAL_REPRESENTATION('',(#4353),#4357);
#4353 = LINE('',#4354,#4355);
#4354 = CARTESIAN_POINT('',(6.28318530718,0.));
#4355 = VECTOR('',#4356,1.);
#4356 = DIRECTION('',(-1.,0.));
#4357 = ( GEOMETRIC_REPRESENTATION_CONTEXT(2) 
PARAMETRIC_REPRESENTATION_CONTEXT() REPRESENTATION_CONTEXT('2D SPACE',''
  ) );
#4358 = PCURVE('',#4359,#4364);
#4359 = PLANE('',#4360);
#4360 = AXIS2_PLACEMENT_3D('',#4361,#4362,#4363);
#4361 = CARTESIAN_POINT('',(-41.5,0.,54.5));
#4362 = DIRECTION('',(-0.,-1.,-0.));
#4363 = DIRECTION('',(0.,0.,-1.));
#4364 = DEFINITIONAL_REPRESENTATION('',(#4365),#4369);
#4365 = CIRCLE('',#4366,2.);
#4366 = AXIS2_PLACEMENT_2D('',#4367,#4368);
#4367 = CARTESIAN_POINT('',(0.,0.));
#4368 = DIRECTION('',(0.,1.));
#4369 = ( GEOMETRIC_REPRESENTATION_CONTEXT(2) 
PARAMETRIC_REPRESENTATION_CONTEXT() REPRESENTATION_CONTEXT('2D SPACE',''
  ) );
#4370 = ORIENTED_EDGE('',*,*,#4371,.T.);
#4371 = EDGE_CURVE('',#4338,#4372,#4374,.T.);
#4372 = VERTEX_POINT('',#4373);
#4373 = CARTESIAN_POINT('',(-39.5,-12.,54.5));
#4374 = SEAM_CURVE('',#4375,(#4379,#4386),.PCURVE_S1.);
#4375 = LINE('',#4376,#4377);
#4376 = CARTESIAN_POINT('',(-39.5,0.,54.5));
#4377 = VECTOR('',#4378,1.);
#4378 = DIRECTION('',(0.,-1.,0.));
#4379 = PCURVE('',#4347,#4380);
#4380 = DEFINITIONAL_REPRESENTATION('',(#4381),#4385);
#4381 = LINE('',#4382,#4383);
#4382 = CARTESIAN_POINT('',(-4.138911435803E-13,0.));
#4383 = VECTOR('',#4384,1.);
#4384 = DIRECTION('',(-0.,-1.));
#4385 = ( GEOMETRIC_REPRESENTATION_CONTEXT(2) 
PARAMETRIC_REPRESENTATION_CONTEXT() REPRESENTATION_CONTEXT('2D SPACE',''
  ) );
#4386 = PCURVE('',#4347,#4387);
#4387 = DEFINITIONAL_REPRESENTATION('',(#4388),#4392);
#4388 = LINE('',#4389,#4390);
#4389 = CARTESIAN_POINT('',(6.28318530718,0.));
#4390 = VECTOR('',#4391,1.);
#4391 = DIRECTION('',(-0.,-1.));
#4392 = ( GEOMETRIC_REPRESENTATION_CONTEXT(2) 
PARAMETRIC_REPRESENTATION_CONTEXT() REPRESENTATION_CONTEXT('2D SPACE',''
  ) );
#4393 = ORIENTED_EDGE('',*,*,#4394,.F.);
#4394 = EDGE_CURVE('',#4372,#4372,#4395,.T.);
#4395 = SURFACE_CURVE('',#4396,(#4401,#4408),.PCURVE_S1.);
#4396 = CIRCLE('',#4397,2.);
#4397 = AXIS2_PLACEMENT_3D('',#4398,#4399,#4400);
#4398 = CARTESIAN_POINT('',(-41.5,-12.,54.5));
#4399 = DIRECTION('',(0.,-1.,0.));
#4400 = DIRECTION('',(1.,0.,0.));
#4401 = PCURVE('',#4347,#4402);
#4402 = DEFINITIONAL_REPRESENTATION('',(#4403),#4407);
#4403 = LINE('',#4404,#4405);
#4404 = CARTESIAN_POINT('',(6.28318530718,-12.));
#4405 = VECTOR('',#4406,1.);
#4406 = DIRECTION('',(-1.,0.));
#4407 = ( GEOMETRIC_REPRESENTATION_CONTEXT(2) 
PARAMETRIC_REPRESENTATION_CONTEXT() REPRESENTATION_CONTEXT('2D SPACE',''
  ) );
#4408 = PCURVE('',#4409,#4414);
#4409 = PLANE('',#4410);
#4410 = AXIS2_PLACEMENT_3D('',#4411,#4412,#4413);
#4411 = CARTESIAN_POINT('',(-41.5,-12.,54.5));
#4412 = DIRECTION('',(-0.,-1.,-0.));
#4413 = DIRECTION('',(0.,0.,-1.));
#4414 = DEFINITIONAL_REPRESENTATION('',(#4415),#4419);
#4415 = CIRCLE('',#4416,2.);
#4416 = AXIS2_PLACEMENT_2D('',#4417,#4418);
#4417 = CARTESIAN_POINT('',(0.,0.));
#4418 = DIRECTION('',(0.,1.));
#4419 = ( GEOMETRIC_REPRESENTATION_CONTEXT(2) 
PARAMETRIC_REPRESENTATION_CONTEXT() REPRESENTATION_CONTEXT('2D SPACE',''
  ) );
#4420 = ORIENTED_EDGE('',*,*,#4371,.F.);
#4421 = ADVANCED_FACE('',(#4422),#4359,.F.);
#4422 = FACE_BOUND('',#4423,.F.);
#4423 = EDGE_LOOP('',(#4424));
#4424 = ORIENTED_EDGE('',*,*,#4337,.T.);
#4425 = ADVANCED_FACE('',(#4426),#4409,.T.);
#4426 = FACE_BOUND('',#4427,.T.);
#4427 = EDGE_LOOP('',(#4428));
#4428 = ORIENTED_EDGE('',*,*,#4394,.T.);
#4429 = MANIFOLD_SOLID_BREP('',#4430);
#4430 = CLOSED_SHELL('',(#4431,#4519,#4523));
#4431 = ADVANCED_FACE('',(#4432),#4445,.T.);
#4432 = FACE_BOUND('',#4433,.T.);
#4433 = EDGE_LOOP('',(#4434,#4468,#4491,#4518));
#4434 = ORIENTED_EDGE('',*,*,#4435,.T.);
#4435 = EDGE_CURVE('',#4436,#4436,#4438,.T.);
#4436 = VERTEX_POINT('',#4437);
#4437 = CARTESIAN_POINT('',(43.5,0.,54.5));
#4438 = SURFACE_CURVE('',#4439,(#4444,#4456),.PCURVE_S1.);
#4439 = CIRCLE('',#4440,2.);
#4440 = AXIS2_PLACEMENT_3D('',#4441,#4442,#4443);
#4441 = CARTESIAN_POINT('',(41.5,0.,54.5));
#4442 = DIRECTION('',(0.,-1.,0.));
#4443 = DIRECTION('',(1.,0.,0.));
#4444 = PCURVE('',#4445,#4450);
#4445 = CYLINDRICAL_SURFACE('',#4446,2.);
#4446 = AXIS2_PLACEMENT_3D('',#4447,#4448,#4449);
#4447 = CARTESIAN_POINT('',(41.5,0.,54.5));
#4448 = DIRECTION('',(0.,1.,0.));
#4449 = DIRECTION('',(1.,0.,0.));
#4450 = DEFINITIONAL_REPRESENTATION('',(#4451),#4455);
#4451 = LINE('',#4452,#4453);
#4452 = CARTESIAN_POINT('',(6.28318530718,0.));
#4453 = VECTOR('',#4454,1.);
#4454 = DIRECTION('',(-1.,0.));
#4455 = ( GEOMETRIC_REPRESENTATION_CONTEXT(2) 
PARAMETRIC_REPRESENTATION_CONTEXT() REPRESENTATION_CONTEXT('2D SPACE',''
  ) );
#4456 = PCURVE('',#4457,#4462);
#4457 = PLANE('',#4458);
#4458 = AXIS2_PLACEMENT_3D('',#4459,#4460,#4461);
#4459 = CARTESIAN_POINT('',(41.5,0.,54.5));
#4460 = DIRECTION('',(-0.,-1.,-0.));
#4461 = DIRECTION('',(0.,0.,-1.));
#4462 = DEFINITIONAL_REPRESENTATION('',(#4463),#4467);
#4463 = CIRCLE('',#4464,2.);
#4464 = AXIS2_PLACEMENT_2D('',#4465,#4466);
#4465 = CARTESIAN_POINT('',(0.,0.));
#4466 = DIRECTION('',(0.,1.));
#4467 = ( GEOMETRIC_REPRESENTATION_CONTEXT(2) 
PARAMETRIC_REPRESENTATION_CONTEXT() REPRESENTATION_CONTEXT('2D SPACE',''
  ) );
#4468 = ORIENTED_EDGE('',*,*,#4469,.T.);
#4469 = EDGE_CURVE('',#4436,#4470,#4472,.T.);
#4470 = VERTEX_POINT('',#4471);
#4471 = CARTESIAN_POINT('',(43.5,-12.,54.5));
#4472 = SEAM_CURVE('',#4473,(#4477,#4484),.PCURVE_S1.);
#4473 = LINE('',#4474,#4475);
#4474 = CARTESIAN_POINT('',(43.5,0.,54.5));
#4475 = VECTOR('',#4476,1.);
#4476 = DIRECTION('',(0.,-1.,0.));
#4477 = PCURVE('',#4445,#4478);
#4478 = DEFINITIONAL_REPRESENTATION('',(#4479),#4483);
#4479 = LINE('',#4480,#4481);
#4480 = CARTESIAN_POINT('',(-4.138911435803E-13,0.));
#4481 = VECTOR('',#4482,1.);
#4482 = DIRECTION('',(-0.,-1.));
#4483 = ( GEOMETRIC_REPRESENTATION_CONTEXT(2) 
PARAMETRIC_REPRESENTATION_CONTEXT() REPRESENTATION_CONTEXT('2D SPACE',''
  ) );
#4484 = PCURVE('',#4445,#4485);
#4485 = DEFINITIONAL_REPRESENTATION('',(#4486),#4490);
#4486 = LINE('',#4487,#4488);
#4487 = CARTESIAN_POINT('',(6.28318530718,0.));
#4488 = VECTOR('',#4489,1.);
#4489 = DIRECTION('',(-0.,-1.));
#4490 = ( GEOMETRIC_REPRESENTATION_CONTEXT(2) 
PARAMETRIC_REPRESENTATION_CONTEXT() REPRESENTATION_CONTEXT('2D SPACE',''
  ) );
#4491 = ORIENTED_EDGE('',*,*,#4492,.F.);
#4492 = EDGE_CURVE('',#4470,#4470,#4493,.T.);
#4493 = SURFACE_CURVE('',#4494,(#4499,#4506),.PCURVE_S1.);
#4494 = CIRCLE('',#4495,2.);
#4495 = AXIS2_PLACEMENT_3D('',#4496,#4497,#4498);
#4496 = CARTESIAN_POINT('',(41.5,-12.,54.5));
#4497 = DIRECTION('',(0.,-1.,0.));
#4498 = DIRECTION('',(1.,0.,0.));
#4499 = PCURVE('',#4445,#4500);
#4500 = DEFINITIONAL_REPRESENTATION('',(#4501),#4505);
#4501 = LINE('',#4502,#4503);
#4502 = CARTESIAN_POINT('',(6.28318530718,-12.));
#4503 = VECTOR('',#4504,1.);
#4504 = DIRECTION('',(-1.,0.));
#4505 = ( GEOMETRIC_REPRESENTATION_CONTEXT(2) 
PARAMETRIC_REPRESENTATION_CONTEXT() REPRESENTATION_CONTEXT('2D SPACE',''
  ) );
#4506 = PCURVE('',#4507,#4512);
#4507 = PLANE('',#4508);
#4508 = AXIS2_PLACEMENT_3D('',#4509,#4510,#4511);
#4509 = CARTESIAN_POINT('',(41.5,-12.,54.5));
#4510 = DIRECTION('',(-0.,-1.,-0.));
#4511 = DIRECTION('',(0.,0.,-1.));
#4512 = DEFINITIONAL_REPRESENTATION('',(#4513),#4517);
#4513 = CIRCLE('',#4514,2.);
#4514 = AXIS2_PLACEMENT_2D('',#4515,#4516);
#4515 = CARTESIAN_POINT('',(0.,0.));
#4516 = DIRECTION('',(0.,1.));
#4517 = ( GEOMETRIC_REPRESENTATION_CONTEXT(2) 
PARAMETRIC_REPRESENTATION_CONTEXT() REPRESENTATION_CONTEXT('2D SPACE',''
  ) );
#4518 = ORIENTED_EDGE('',*,*,#4469,.F.);
#4519 = ADVANCED_FACE('',(#4520),#4457,.F.);
#4520 = FACE_BOUND('',#4521,.F.);
#4521 = EDGE_LOOP('',(#4522));
#4522 = ORIENTED_EDGE('',*,*,#4435,.T.);
#4523 = ADVANCED_FACE('',(#4524),#4507,.T.);
#4524 = FACE_BOUND('',#4525,.T.);
#4525 = EDGE_LOOP('',(#4526));
#4526 = ORIENTED_EDGE('',*,*,#4492,.T.);
#4527 = ( GEOMETRIC_REPRESENTATION_CONTEXT(3) 
GLOBAL_UNCERTAINTY_ASSIGNED_CONTEXT((#4531)) 
GLOBAL_UNIT_ASSIGNED_CONTEXT((#4528,#4529,#4530)) REPRESENTATION_CONTEXT
('Context #1','3D Context with UNIT and UNCERTAINTY') );
#4528 = ( LENGTH_UNIT() NAMED_UNIT(*) SI_UNIT(.MILLI.,.METRE.) );
#4529 = ( NAMED_UNIT(*) PLANE_ANGLE_UNIT() SI_UNIT($,.RADIAN.) );
#4530 = ( NAMED_UNIT(*) SI_UNIT($,.STERADIAN.) SOLID_ANGLE_UNIT() );
#4531 = UNCERTAINTY_MEASURE_WITH_UNIT(LENGTH_MEASURE(1.E-07),#4528,
  'distance_accuracy_value','confusion accuracy');
#4532 = CONTEXT_DEPENDENT_SHAPE_REPRESENTATION(#4533,#4535);
#4533 = ( REPRESENTATION_RELATIONSHIP('','',#3115,#10) 
REPRESENTATION_RELATIONSHIP_WITH_TRANSFORMATION(#4534) 
SHAPE_REPRESENTATION_RELATIONSHIP() );
#4534 = ITEM_DEFINED_TRANSFORMATION('','',#11,#23);
#4535 = PRODUCT_DEFINITION_SHAPE('Placement','Placement of an item',
  #4536);
#4536 = NEXT_ASSEMBLY_USAGE_OCCURRENCE('10',
  'Camada_03_Canal_Fluxo_Polimero','',#5,#3110,$);
#4537 = PRODUCT_RELATED_PRODUCT_CATEGORY('part',$,(#3112));
#4538 = MECHANICAL_DESIGN_GEOMETRIC_PRESENTATION_REPRESENTATION('',(
    #4539,#4549,#4558),#4527);
#4539 = STYLED_ITEM('color',(#4540),#3116);
#4540 = PRESENTATION_STYLE_ASSIGNMENT((#4541));
#4541 = SURFACE_STYLE_USAGE(.BOTH.,#4542);
#4542 = SURFACE_SIDE_STYLE('',(#4543,#4547));
#4543 = SURFACE_STYLE_FILL_AREA(#4544);
#4544 = FILL_AREA_STYLE('',(#4545));
#4545 = FILL_AREA_STYLE_COLOUR('',#4546);
#4546 = COLOUR_RGB('',0.,0.55000000909,0.899999998185);
#4547 = SURFACE_STYLE_RENDERING_WITH_PROPERTIES(.NORMAL_SHADING.,#4546,(
    #4548));
#4548 = SURFACE_STYLE_TRANSPARENT(0.399999976158);
#4549 = STYLED_ITEM('color',(#4550),#4331);
#4550 = PRESENTATION_STYLE_ASSIGNMENT((#4551));
#4551 = SURFACE_STYLE_USAGE(.BOTH.,#4552);
#4552 = SURFACE_SIDE_STYLE('',(#4553,#4556));
#4553 = SURFACE_STYLE_FILL_AREA(#4554);
#4554 = FILL_AREA_STYLE('',(#4555));
#4555 = FILL_AREA_STYLE_COLOUR('',#4546);
#4556 = SURFACE_STYLE_RENDERING_WITH_PROPERTIES(.NORMAL_SHADING.,#4546,(
    #4557));
#4557 = SURFACE_STYLE_TRANSPARENT(0.399999976158);
#4558 = STYLED_ITEM('color',(#4559),#4429);
#4559 = PRESENTATION_STYLE_ASSIGNMENT((#4560));
#4560 = SURFACE_STYLE_USAGE(.BOTH.,#4561);
#4561 = SURFACE_SIDE_STYLE('',(#4562,#4565));
#4562 = SURFACE_STYLE_FILL_AREA(#4563);
#4563 = FILL_AREA_STYLE('',(#4564));
#4564 = FILL_AREA_STYLE_COLOUR('',#4546);
#4565 = SURFACE_STYLE_RENDERING_WITH_PROPERTIES(.NORMAL_SHADING.,#4546,(
    #4566));
#4566 = SURFACE_STYLE_TRANSPARENT(0.399999976158);
#4567 = MECHANICAL_DESIGN_GEOMETRIC_PRESENTATION_REPRESENTATION('',(
    #4568),#3097);
#4568 = STYLED_ITEM('color',(#4569),#1729);
#4569 = PRESENTATION_STYLE_ASSIGNMENT((#4570));
#4570 = SURFACE_STYLE_USAGE(.BOTH.,#4571);
#4571 = SURFACE_SIDE_STYLE('',(#4572));
#4572 = SURFACE_STYLE_FILL_AREA(#4573);
#4573 = FILL_AREA_STYLE('',(#4574));
#4574 = FILL_AREA_STYLE_COLOUR('',#4575);
#4575 = COLOUR_RGB('',0.55000000909,0.620000000292,0.720000003324);
#4576 = MECHANICAL_DESIGN_GEOMETRIC_PRESENTATION_REPRESENTATION('',(
    #4577),#1710);
#4577 = STYLED_ITEM('color',(#4578),#41);
#4578 = PRESENTATION_STYLE_ASSIGNMENT((#4579));
#4579 = SURFACE_STYLE_USAGE(.BOTH.,#4580);
#4580 = SURFACE_SIDE_STYLE('',(#4581));
#4581 = SURFACE_STYLE_FILL_AREA(#4582);
#4582 = FILL_AREA_STYLE('',(#4583));
#4583 = FILL_AREA_STYLE_COLOUR('',#4584);
#4584 = COLOUR_RGB('',0.679999990811,0.750000000934,0.850000012718);
ENDSEC;
END-ISO-10303-21;
