ISO-10303-21;
HEADER;
FILE_DESCRIPTION(('Open CASCADE Model'),'2;1');
FILE_NAME('Open CASCADE Shape Model','2026-09-12T02:50:53',('Author'),(
    'Open CASCADE'),'Open CASCADE STEP processor 7.9','Open CASCADE 7.9'
  ,'Unknown');
FILE_SCHEMA(('AUTOMOTIVE_DESIGN { 1 0 10303 214 1 1 1 1 }'));
ENDSEC;
DATA;
#1 = APPLICATION_PROTOCOL_DEFINITION('international standard',
  'automotive_design',2000,#2);
#2 = APPLICATION_CONTEXT(
  'core data for automotive mechanical design processes');
#3 = SHAPE_DEFINITION_REPRESENTATION(#4,#10);
#4 = PRODUCT_DEFINITION_SHAPE('','',#5);
#5 = PRODUCT_DEFINITION('design','',#6,#9);
#6 = PRODUCT_DEFINITION_FORMATION('','',#7);
#7 = PRODUCT('MatrizJonatha_v28','MatrizJonatha_v28','',(#8));
#8 = PRODUCT_CONTEXT('',#2,'mechanical');
#9 = PRODUCT_DEFINITION_CONTEXT('part definition',#2,'design');
#10 = SHAPE_REPRESENTATION('',(#11,#15,#19),#23);
#11 = AXIS2_PLACEMENT_3D('',#12,#13,#14);
#12 = CARTESIAN_POINT('',(0.,0.,0.));
#13 = DIRECTION('',(0.,0.,1.));
#14 = DIRECTION('',(1.,0.,-0.));
#15 = AXIS2_PLACEMENT_3D('',#16,#17,#18);
#16 = CARTESIAN_POINT('',(0.,0.,0.));
#17 = DIRECTION('',(0.,0.,1.));
#18 = DIRECTION('',(1.,0.,-0.));
#19 = AXIS2_PLACEMENT_3D('',#20,#21,#22);
#20 = CARTESIAN_POINT('',(0.,0.,0.));
#21 = DIRECTION('',(0.,0.,1.));
#22 = DIRECTION('',(1.,0.,-0.));
#23 = ( GEOMETRIC_REPRESENTATION_CONTEXT(3) 
GLOBAL_UNCERTAINTY_ASSIGNED_CONTEXT((#27)) GLOBAL_UNIT_ASSIGNED_CONTEXT(
(#24,#25,#26)) REPRESENTATION_CONTEXT('Context #1',
  '3D Context with UNIT and UNCERTAINTY') );
#24 = ( LENGTH_UNIT() NAMED_UNIT(*) SI_UNIT(.MILLI.,.METRE.) );
#25 = ( NAMED_UNIT(*) PLANE_ANGLE_UNIT() SI_UNIT($,.RADIAN.) );
#26 = ( NAMED_UNIT(*) SI_UNIT($,.STERADIAN.) SOLID_ANGLE_UNIT() );
#27 = UNCERTAINTY_MEASURE_WITH_UNIT(LENGTH_MEASURE(1.E-06),#24,
  'distance_accuracy_value','confusion accuracy');
#28 = PRODUCT_RELATED_PRODUCT_CATEGORY('part',$,(#7));
#29 = SHAPE_DEFINITION_REPRESENTATION(#30,#36);
#30 = PRODUCT_DEFINITION_SHAPE('','',#31);
#31 = PRODUCT_DEFINITION('design','',#32,#35);
#32 = PRODUCT_DEFINITION_FORMATION('','',#33);
#33 = PRODUCT('Body_A','Body_A','',(#34));
#34 = PRODUCT_CONTEXT('',#2,'mechanical');
#35 = PRODUCT_DEFINITION_CONTEXT('part definition',#2,'design');
#36 = ADVANCED_BREP_SHAPE_REPRESENTATION('',(#11,#37),#3672);
#37 = MANIFOLD_SOLID_BREP('',#38);
#38 = CLOSED_SHELL('',(#39,#159,#574,#622,#894,#992,#1020,#1048,#2323,
    #2411,#2457,#2608,#2634,#2689,#2744,#2987,#3066,#3090,#3145,#3200,
    #3246,#3301,#3356,#3434,#3439,#3494,#3572,#3577,#3604,#3631,#3635,
    #3639,#3643,#3647,#3652,#3656,#3660,#3664,#3668));
#39 = ADVANCED_FACE('',(#40),#54,.T.);
#40 = FACE_BOUND('',#41,.F.);
#41 = EDGE_LOOP('',(#42,#77,#106,#132));
#42 = ORIENTED_EDGE('',*,*,#43,.F.);
#43 = EDGE_CURVE('',#44,#46,#48,.T.);
#44 = VERTEX_POINT('',#45);
#45 = CARTESIAN_POINT('',(46.5,0.,0.));
#46 = VERTEX_POINT('',#47);
#47 = CARTESIAN_POINT('',(46.5,0.,69.9));
#48 = SURFACE_CURVE('',#49,(#53,#65),.PCURVE_S1.);
#49 = LINE('',#50,#51);
#50 = CARTESIAN_POINT('',(46.5,0.,0.));
#51 = VECTOR('',#52,1.);
#52 = DIRECTION('',(0.,0.,1.));
#53 = PCURVE('',#54,#59);
#54 = CYLINDRICAL_SURFACE('',#55,46.5);
#55 = AXIS2_PLACEMENT_3D('',#56,#57,#58);
#56 = CARTESIAN_POINT('',(0.,0.,0.));
#57 = DIRECTION('',(-0.,-0.,-1.));
#58 = DIRECTION('',(1.,0.,0.));
#59 = DEFINITIONAL_REPRESENTATION('',(#60),#64);
#60 = LINE('',#61,#62);
#61 = CARTESIAN_POINT('',(-6.28318530718,0.));
#62 = VECTOR('',#63,1.);
#63 = DIRECTION('',(-0.,-1.));
#64 = ( GEOMETRIC_REPRESENTATION_CONTEXT(2) 
PARAMETRIC_REPRESENTATION_CONTEXT() REPRESENTATION_CONTEXT('2D SPACE',''
  ) );
#65 = PCURVE('',#66,#71);
#66 = PLANE('',#67);
#67 = AXIS2_PLACEMENT_3D('',#68,#69,#70);
#68 = CARTESIAN_POINT('',(-300.,0.,-300.));
#69 = DIRECTION('',(-0.,1.,0.));
#70 = DIRECTION('',(0.,0.,1.));
#71 = DEFINITIONAL_REPRESENTATION('',(#72),#76);
#72 = LINE('',#73,#74);
#73 = CARTESIAN_POINT('',(300.,346.5));
#74 = VECTOR('',#75,1.);
#75 = DIRECTION('',(1.,0.));
#76 = ( GEOMETRIC_REPRESENTATION_CONTEXT(2) 
PARAMETRIC_REPRESENTATION_CONTEXT() REPRESENTATION_CONTEXT('2D SPACE',''
  ) );
#77 = ORIENTED_EDGE('',*,*,#78,.F.);
#78 = EDGE_CURVE('',#79,#44,#81,.T.);
#79 = VERTEX_POINT('',#80);
#80 = CARTESIAN_POINT('',(-46.5,5.694607616035E-15,0.));
#81 = SURFACE_CURVE('',#82,(#87,#94),.PCURVE_S1.);
#82 = CIRCLE('',#83,46.5);
#83 = AXIS2_PLACEMENT_3D('',#84,#85,#86);
#84 = CARTESIAN_POINT('',(0.,0.,0.));
#85 = DIRECTION('',(0.,0.,1.));
#86 = DIRECTION('',(1.,0.,0.));
#87 = PCURVE('',#54,#88);
#88 = DEFINITIONAL_REPRESENTATION('',(#89),#93);
#89 = LINE('',#90,#91);
#90 = CARTESIAN_POINT('',(-0.,0.));
#91 = VECTOR('',#92,1.);
#92 = DIRECTION('',(-1.,0.));
#93 = ( GEOMETRIC_REPRESENTATION_CONTEXT(2) 
PARAMETRIC_REPRESENTATION_CONTEXT() REPRESENTATION_CONTEXT('2D SPACE',''
  ) );
#94 = PCURVE('',#95,#100);
#95 = PLANE('',#96);
#96 = AXIS2_PLACEMENT_3D('',#97,#98,#99);
#97 = CARTESIAN_POINT('',(-1.882068139409E-15,-1.61343992693E-17,0.));
#98 = DIRECTION('',(0.,0.,1.));
#99 = DIRECTION('',(1.,0.,-0.));
#100 = DEFINITIONAL_REPRESENTATION('',(#101),#105);
#101 = CIRCLE('',#102,46.5);
#102 = AXIS2_PLACEMENT_2D('',#103,#104);
#103 = CARTESIAN_POINT('',(1.882068139409E-15,1.61343992693E-17));
#104 = DIRECTION('',(1.,0.));
#105 = ( GEOMETRIC_REPRESENTATION_CONTEXT(2) 
PARAMETRIC_REPRESENTATION_CONTEXT() REPRESENTATION_CONTEXT('2D SPACE',''
  ) );
#106 = ORIENTED_EDGE('',*,*,#107,.F.);
#107 = EDGE_CURVE('',#108,#79,#110,.T.);
#108 = VERTEX_POINT('',#109);
#109 = CARTESIAN_POINT('',(-46.5,5.694607616035E-15,69.9));
#110 = SURFACE_CURVE('',#111,(#115,#121),.PCURVE_S1.);
#111 = LINE('',#112,#113);
#112 = CARTESIAN_POINT('',(-46.5,0.,0.));
#113 = VECTOR('',#114,1.);
#114 = DIRECTION('',(-0.,-0.,-1.));
#115 = PCURVE('',#54,#116);
#116 = DEFINITIONAL_REPRESENTATION('',(#117),#120);
#117 = B_SPLINE_CURVE_WITH_KNOTS('',1,(#118,#119),.UNSPECIFIED.,.F.,.F.,
  (2,2),(-69.9000006,6.E-07),.PIECEWISE_BEZIER_KNOTS.);
#118 = CARTESIAN_POINT('',(-3.14159265359,-69.9000006));
#119 = CARTESIAN_POINT('',(-3.14159265359,6.E-07));
#120 = ( GEOMETRIC_REPRESENTATION_CONTEXT(2) 
PARAMETRIC_REPRESENTATION_CONTEXT() REPRESENTATION_CONTEXT('2D SPACE',''
  ) );
#121 = PCURVE('',#122,#127);
#122 = PLANE('',#123);
#123 = AXIS2_PLACEMENT_3D('',#124,#125,#126);
#124 = CARTESIAN_POINT('',(-300.,0.,-300.));
#125 = DIRECTION('',(-0.,1.,0.));
#126 = DIRECTION('',(0.,0.,1.));
#127 = DEFINITIONAL_REPRESENTATION('',(#128),#131);
#128 = B_SPLINE_CURVE_WITH_KNOTS('',1,(#129,#130),.UNSPECIFIED.,.F.,.F.,
  (2,2),(-69.9000006,6.E-07),.PIECEWISE_BEZIER_KNOTS.);
#129 = CARTESIAN_POINT('',(369.9000006,253.5));
#130 = CARTESIAN_POINT('',(299.9999994,253.5));
#131 = ( GEOMETRIC_REPRESENTATION_CONTEXT(2) 
PARAMETRIC_REPRESENTATION_CONTEXT() REPRESENTATION_CONTEXT('2D SPACE',''
  ) );
#132 = ORIENTED_EDGE('',*,*,#133,.T.);
#133 = EDGE_CURVE('',#108,#46,#134,.T.);
#134 = SURFACE_CURVE('',#135,(#140,#147),.PCURVE_S1.);
#135 = CIRCLE('',#136,46.5);
#136 = AXIS2_PLACEMENT_3D('',#137,#138,#139);
#137 = CARTESIAN_POINT('',(0.,0.,69.9));
#138 = DIRECTION('',(0.,0.,1.));
#139 = DIRECTION('',(1.,0.,0.));
#140 = PCURVE('',#54,#141);
#141 = DEFINITIONAL_REPRESENTATION('',(#142),#146);
#142 = LINE('',#143,#144);
#143 = CARTESIAN_POINT('',(-0.,-69.9));
#144 = VECTOR('',#145,1.);
#145 = DIRECTION('',(-1.,0.));
#146 = ( GEOMETRIC_REPRESENTATION_CONTEXT(2) 
PARAMETRIC_REPRESENTATION_CONTEXT() REPRESENTATION_CONTEXT('2D SPACE',''
  ) );
#147 = PCURVE('',#148,#153);
#148 = PLANE('',#149);
#149 = AXIS2_PLACEMENT_3D('',#150,#151,#152);
#150 = CARTESIAN_POINT('',(-1.882068139409E-15,-1.61343992693E-17,69.9)
  );
#151 = DIRECTION('',(0.,0.,1.));
#152 = DIRECTION('',(1.,0.,-0.));
#153 = DEFINITIONAL_REPRESENTATION('',(#154),#158);
#154 = CIRCLE('',#155,46.5);
#155 = AXIS2_PLACEMENT_2D('',#156,#157);
#156 = CARTESIAN_POINT('',(1.882068139409E-15,1.61343992693E-17));
#157 = DIRECTION('',(1.,0.));
#158 = ( GEOMETRIC_REPRESENTATION_CONTEXT(2) 
PARAMETRIC_REPRESENTATION_CONTEXT() REPRESENTATION_CONTEXT('2D SPACE',''
  ) );
#159 = ADVANCED_FACE('',(#160,#512,#543),#66,.T.);
#160 = FACE_BOUND('',#161,.T.);
#161 = EDGE_LOOP('',(#162,#163,#184,#333,#359,#385,#411,#439,#465,#493)
  );
#162 = ORIENTED_EDGE('',*,*,#43,.F.);
#163 = ORIENTED_EDGE('',*,*,#164,.T.);
#164 = EDGE_CURVE('',#44,#165,#167,.T.);
#165 = VERTEX_POINT('',#166);
#166 = CARTESIAN_POINT('',(37.8,0.,0.));
#167 = SURFACE_CURVE('',#168,(#172,#178),.PCURVE_S1.);
#168 = LINE('',#169,#170);
#169 = CARTESIAN_POINT('',(-150.,0.,0.));
#170 = VECTOR('',#171,1.);
#171 = DIRECTION('',(-1.,-0.,0.));
#172 = PCURVE('',#66,#173);
#173 = DEFINITIONAL_REPRESENTATION('',(#174),#177);
#174 = B_SPLINE_CURVE_WITH_KNOTS('',1,(#175,#176),.UNSPECIFIED.,.F.,.F.,
  (2,2),(-196.5,-103.5),.PIECEWISE_BEZIER_KNOTS.);
#175 = CARTESIAN_POINT('',(300.,346.5));
#176 = CARTESIAN_POINT('',(300.,253.5));
#177 = ( GEOMETRIC_REPRESENTATION_CONTEXT(2) 
PARAMETRIC_REPRESENTATION_CONTEXT() REPRESENTATION_CONTEXT('2D SPACE',''
  ) );
#178 = PCURVE('',#95,#179);
#179 = DEFINITIONAL_REPRESENTATION('',(#180),#183);
#180 = B_SPLINE_CURVE_WITH_KNOTS('',1,(#181,#182),.UNSPECIFIED.,.F.,.F.,
  (2,2),(-196.5,-103.5),.PIECEWISE_BEZIER_KNOTS.);
#181 = CARTESIAN_POINT('',(46.5,1.61343992693E-17));
#182 = CARTESIAN_POINT('',(-46.5,1.61343992693E-17));
#183 = ( GEOMETRIC_REPRESENTATION_CONTEXT(2) 
PARAMETRIC_REPRESENTATION_CONTEXT() REPRESENTATION_CONTEXT('2D SPACE',''
  ) );
#184 = ORIENTED_EDGE('',*,*,#185,.T.);
#185 = EDGE_CURVE('',#165,#186,#188,.T.);
#186 = VERTEX_POINT('',#187);
#187 = CARTESIAN_POINT('',(37.500002954945,1.485356976305E-17,98.999));
#188 = SURFACE_CURVE('',#189,(#228,#270),.PCURVE_S1.);
#189 = B_SPLINE_CURVE_WITH_KNOTS('',7,(#190,#191,#192,#193,#194,#195,
    #196,#197,#198,#199,#200,#201,#202,#203,#204,#205,#206,#207,#208,
    #209,#210,#211,#212,#213,#214,#215,#216,#217,#218,#219,#220,#221,
    #222,#223,#224,#225,#226,#227),.UNSPECIFIED.,.F.,.F.,(8,6,6,6,6,6,8)
  ,(0.,7.619145070963E-02,0.196057594244,0.377268706867,0.558391833059,
    0.967463753068,1.),.UNSPECIFIED.);
#190 = CARTESIAN_POINT('',(37.8,0.,0.));
#191 = CARTESIAN_POINT('',(37.788575438799,0.,1.077172913218));
#192 = CARTESIAN_POINT('',(37.777781912009,0.,2.154326411766));
#193 = CARTESIAN_POINT('',(37.767648080866,0.,3.231464002091));
#194 = CARTESIAN_POINT('',(37.758191503696,0.,4.308590732523));
#195 = CARTESIAN_POINT('',(37.749412631985,0.,5.385712698508));
#196 = CARTESIAN_POINT('',(37.741294178033,0.,6.462836384044));
#197 = CARTESIAN_POINT('',(37.722025050879,0.,9.234535831167));
#198 = CARTESIAN_POINT('',(37.711803732182,0.,10.929122973755));
#199 = CARTESIAN_POINT('',(37.703024836491,0.,12.623752067694));
#200 = CARTESIAN_POINT('',(37.695487456076,0.,14.318441683613));
#201 = CARTESIAN_POINT('',(37.688963903044,0.,16.013199526147));
#202 = CARTESIAN_POINT('',(37.683259869537,0.,17.708025926561));
#203 = CARTESIAN_POINT('',(37.6705720318,0.,21.965215485015));
#204 = CARTESIAN_POINT('',(37.664427801281,0.,24.527662193046));
#205 = CARTESIAN_POINT('',(37.659199689952,0.,27.09024380928));
#206 = CARTESIAN_POINT('',(37.654484767365,0.,29.652935733458));
#207 = CARTESIAN_POINT('',(37.650057103963,0.,32.215715877037));
#208 = CARTESIAN_POINT('',(37.64575496568,0.,34.778565941848));
#209 = CARTESIAN_POINT('',(37.63719854772,0.,39.903133928103));
#210 = CARTESIAN_POINT('',(37.632943905407,0.,42.464852504143));
#211 = CARTESIAN_POINT('',(37.628608226723,0.,45.026615916687));
#212 = CARTESIAN_POINT('',(37.624137505762,0.,47.588414562085));
#213 = CARTESIAN_POINT('',(37.619501910086,0.,50.150241188433));
#214 = CARTESIAN_POINT('',(37.614682494813,0.,52.712090759437));
#215 = CARTESIAN_POINT('',(37.598349183387,0.,61.060017784628));
#216 = CARTESIAN_POINT('',(37.58604268045,0.,66.846170093041));
#217 = CARTESIAN_POINT('',(37.572641618336,0.,72.63238092347));
#218 = CARTESIAN_POINT('',(37.558231893457,0.,78.418628259392));
#219 = CARTESIAN_POINT('',(37.542870526492,0.,84.204898558935));
#220 = CARTESIAN_POINT('',(37.526636829411,0.,89.991185873832));
#221 = CARTESIAN_POINT('',(37.508240874735,0.,96.237714661397));
#222 = CARTESIAN_POINT('',(37.506880418213,0.,96.697938580841));
#223 = CARTESIAN_POINT('',(37.505514892969,0.,97.158162584739));
#224 = CARTESIAN_POINT('',(37.504144332742,0.,97.618386670785));
#225 = CARTESIAN_POINT('',(37.502768771054,0.,98.078610836756));
#226 = CARTESIAN_POINT('',(37.501388241206,0.,98.538835080514));
#227 = CARTESIAN_POINT('',(37.500002776281,0.,98.9990594));
#228 = PCURVE('',#66,#229);
#229 = DEFINITIONAL_REPRESENTATION('',(#230),#269);
#230 = B_SPLINE_CURVE_WITH_KNOTS('',7,(#231,#232,#233,#234,#235,#236,
    #237,#238,#239,#240,#241,#242,#243,#244,#245,#246,#247,#248,#249,
    #250,#251,#252,#253,#254,#255,#256,#257,#258,#259,#260,#261,#262,
    #263,#264,#265,#266,#267,#268),.UNSPECIFIED.,.F.,.F.,(8,6,6,6,6,6,8)
  ,(0.,7.619145070963E-02,0.196057594244,0.377268706867,0.558391833059,
    0.967463753068,1.),.UNSPECIFIED.);
#231 = CARTESIAN_POINT('',(300.,337.8));
#232 = CARTESIAN_POINT('',(301.07717291321,337.78857543879));
#233 = CARTESIAN_POINT('',(302.15432641176,337.777781912));
#234 = CARTESIAN_POINT('',(303.23146400209,337.76764808086));
#235 = CARTESIAN_POINT('',(304.30859073252,337.75819150369));
#236 = CARTESIAN_POINT('',(305.3857126985,337.74941263198));
#237 = CARTESIAN_POINT('',(306.46283638404,337.74129417803));
#238 = CARTESIAN_POINT('',(309.23453583116,337.72202505087));
#239 = CARTESIAN_POINT('',(310.92912297375,337.71180373218));
#240 = CARTESIAN_POINT('',(312.62375206769,337.70302483649));
#241 = CARTESIAN_POINT('',(314.31844168361,337.69548745607));
#242 = CARTESIAN_POINT('',(316.01319952614,337.68896390304));
#243 = CARTESIAN_POINT('',(317.70802592656,337.68325986953));
#244 = CARTESIAN_POINT('',(321.96521548501,337.6705720318));
#245 = CARTESIAN_POINT('',(324.52766219304,337.66442780128));
#246 = CARTESIAN_POINT('',(327.09024380928,337.65919968995));
#247 = CARTESIAN_POINT('',(329.65293573345,337.65448476736));
#248 = CARTESIAN_POINT('',(332.21571587703,337.65005710396));
#249 = CARTESIAN_POINT('',(334.77856594184,337.64575496568));
#250 = CARTESIAN_POINT('',(339.9031339281,337.63719854772));
#251 = CARTESIAN_POINT('',(342.46485250414,337.6329439054));
#252 = CARTESIAN_POINT('',(345.02661591668,337.62860822672));
#253 = CARTESIAN_POINT('',(347.58841456208,337.62413750576));
#254 = CARTESIAN_POINT('',(350.15024118843,337.61950191008));
#255 = CARTESIAN_POINT('',(352.71209075943,337.61468249481));
#256 = CARTESIAN_POINT('',(361.06001778462,337.59834918338));
#257 = CARTESIAN_POINT('',(366.84617009304,337.58604268045));
#258 = CARTESIAN_POINT('',(372.63238092347,337.57264161833));
#259 = CARTESIAN_POINT('',(378.41862825939,337.55823189345));
#260 = CARTESIAN_POINT('',(384.20489855893,337.54287052649));
#261 = CARTESIAN_POINT('',(389.99118587383,337.52663682941));
#262 = CARTESIAN_POINT('',(396.23771466139,337.50824087473));
#263 = CARTESIAN_POINT('',(396.69793858084,337.50688041821));
#264 = CARTESIAN_POINT('',(397.15816258473,337.50551489296));
#265 = CARTESIAN_POINT('',(397.61838667078,337.50414433274));
#266 = CARTESIAN_POINT('',(398.07861083675,337.50276877105));
#267 = CARTESIAN_POINT('',(398.53883508051,337.5013882412));
#268 = CARTESIAN_POINT('',(398.9990594,337.50000277628));
#269 = ( GEOMETRIC_REPRESENTATION_CONTEXT(2) 
PARAMETRIC_REPRESENTATION_CONTEXT() REPRESENTATION_CONTEXT('2D SPACE',''
  ) );
#270 = PCURVE('',#271,#292);
#271 = B_SPLINE_SURFACE_WITH_KNOTS('',9,1,(
    (#272,#273)
    ,(#274,#275)
    ,(#276,#277)
    ,(#278,#279)
    ,(#280,#281)
    ,(#282,#283)
    ,(#284,#285)
    ,(#286,#287)
    ,(#288,#289)
    ,(#290,#291
    )),.UNSPECIFIED.,.F.,.F.,.F.,(10,10),(2,2),(3.14159265359,
    6.28318530718),(0.,1.),.PIECEWISE_BEZIER_KNOTS.);
#272 = CARTESIAN_POINT('',(37.792130737918,-0.771267974243,0.));
#273 = CARTESIAN_POINT('',(36.75,-0.75,99.));
#274 = CARTESIAN_POINT('',(37.793879402147,-0.685583427015,0.));
#275 = CARTESIAN_POINT('',(37.011799387799,-0.75,99.));
#276 = CARTESIAN_POINT('',(37.795409506102,-0.599894419434,0.));
#277 = CARTESIAN_POINT('',(37.273601492499,-0.647191900061,
    98.999999999999));
#278 = CARTESIAN_POINT('',(37.796721043281,-0.514201588687,0.));
#279 = CARTESIAN_POINT('',(37.48924283384,-0.44157278914,99.000000000004
    ));
#280 = CARTESIAN_POINT('',(37.797814007183,-0.428505571955,0.));
#281 = CARTESIAN_POINT('',(37.612680472816,-0.157317457926,
    98.999999999993));
#282 = CARTESIAN_POINT('',(37.798688391308,-0.342807006425,0.));
#283 = CARTESIAN_POINT('',(37.612680472822,0.157317457926,
    99.000000000007));
#284 = CARTESIAN_POINT('',(37.799344189153,-0.25710652928,0.));
#285 = CARTESIAN_POINT('',(37.489242833835,0.44157278914,98.999999999994
    ));
#286 = CARTESIAN_POINT('',(37.799781394217,-0.171404777705,0.));
#287 = CARTESIAN_POINT('',(37.2736014925,0.647191900061,99.000000000003)
  );
#288 = CARTESIAN_POINT('',(37.8,-8.570238888347E-02,0.));
#289 = CARTESIAN_POINT('',(37.011799387799,0.75,98.999999999999));
#290 = CARTESIAN_POINT('',(37.8,-9.27036225562E-15,0.));
#291 = CARTESIAN_POINT('',(36.75,0.75,99.));
#292 = DEFINITIONAL_REPRESENTATION('',(#293),#332);
#293 = B_SPLINE_CURVE_WITH_KNOTS('',7,(#294,#295,#296,#297,#298,#299,
    #300,#301,#302,#303,#304,#305,#306,#307,#308,#309,#310,#311,#312,
    #313,#314,#315,#316,#317,#318,#319,#320,#321,#322,#323,#324,#325,
    #326,#327,#328,#329,#330,#331),.UNSPECIFIED.,.F.,.F.,(8,6,6,6,6,6,8)
  ,(0.,7.619145070963E-02,0.196057594244,0.377268706867,0.558391833059,
    0.967463753068,1.),.UNSPECIFIED.);
#294 = CARTESIAN_POINT('',(6.28318530718,0.));
#295 = CARTESIAN_POINT('',(6.249947992537,1.088053447695E-02));
#296 = CARTESIAN_POINT('',(6.215867591326,2.176087284612E-02));
#297 = CARTESIAN_POINT('',(6.181084653489,3.264105052617E-02));
#298 = CARTESIAN_POINT('',(6.14578020692,4.352111851034E-02));
#299 = CARTESIAN_POINT('',(6.110162596088,5.440113836877E-02));
#300 = CARTESIAN_POINT('',(6.074447689197,6.528117559641E-02));
#301 = CARTESIAN_POINT('',(5.982801746201,9.327813970876E-02));
#302 = CARTESIAN_POINT('',(5.927018297097,0.110395181553));
#303 = CARTESIAN_POINT('',(5.872250968776,0.127512647148));
#304 = CARTESIAN_POINT('',(5.81917895282,0.144630724077));
#305 = CARTESIAN_POINT('',(5.768175649678,0.161749490163));
#306 = CARTESIAN_POINT('',(5.719414954843,0.178868948753));
#307 = CARTESIAN_POINT('',(5.60269214115,0.221870863485));
#308 = CARTESIAN_POINT('',(5.537673984039,0.247754163566));
#309 = CARTESIAN_POINT('',(5.478056966143,0.273638826356));
#310 = CARTESIAN_POINT('',(5.42333025639,0.299524603368));
#311 = CARTESIAN_POINT('',(5.372962252628,0.325411271485));
#312 = CARTESIAN_POINT('',(5.32645067755,0.351298645877));
#313 = CARTESIAN_POINT('',(5.240276075156,0.40306195887));
#314 = CARTESIAN_POINT('',(5.200610036566,0.428937904082));
#315 = CARTESIAN_POINT('',(5.163910954529,0.454814302189));
#316 = CARTESIAN_POINT('',(5.129800022545,0.480691056183));
#317 = CARTESIAN_POINT('',(5.097964236695,0.506568092812));
#318 = CARTESIAN_POINT('',(5.068147356935,0.532445361206));
#319 = CARTESIAN_POINT('',(4.976855439401,0.61676785641));
#320 = CARTESIAN_POINT('',(4.922765602305,0.675213839324));
#321 = CARTESIAN_POINT('',(4.875359476042,0.733660413369));
#322 = CARTESIAN_POINT('',(4.833210753718,0.792107356155));
#323 = CARTESIAN_POINT('',(4.795306347902,0.850554530898));
#324 = CARTESIAN_POINT('',(4.760921364378,0.909001877513));
#325 = CARTESIAN_POINT('',(4.727003203967,0.972098127893));
#326 = CARTESIAN_POINT('',(4.724522987638,0.976746854352));
#327 = CARTESIAN_POINT('',(4.722061256609,0.981395581664));
#328 = CARTESIAN_POINT('',(4.719617739916,0.986044309806));
#329 = CARTESIAN_POINT('',(4.717192173238,0.990693038755));
#330 = CARTESIAN_POINT('',(4.714784298904,0.99534176849));
#331 = CARTESIAN_POINT('',(4.712393865887,0.99999049899));
#332 = ( GEOMETRIC_REPRESENTATION_CONTEXT(2) 
PARAMETRIC_REPRESENTATION_CONTEXT() REPRESENTATION_CONTEXT('2D SPACE',''
  ) );
#333 = ORIENTED_EDGE('',*,*,#334,.F.);
#334 = EDGE_CURVE('',#335,#186,#337,.T.);
#335 = VERTEX_POINT('',#336);
#336 = CARTESIAN_POINT('',(37.5,4.592425496803E-17,107.5));
#337 = SURFACE_CURVE('',#338,(#342,#348),.PCURVE_S1.);
#338 = LINE('',#339,#340);
#339 = CARTESIAN_POINT('',(37.5,0.,98.999));
#340 = VECTOR('',#341,1.);
#341 = DIRECTION('',(0.,0.,-1.));
#342 = PCURVE('',#66,#343);
#343 = DEFINITIONAL_REPRESENTATION('',(#344),#347);
#344 = B_SPLINE_CURVE_WITH_KNOTS('',1,(#345,#346),.UNSPECIFIED.,.F.,.F.,
  (2,2),(-8.5010006,6.000000070117E-07),.PIECEWISE_BEZIER_KNOTS.);
#345 = CARTESIAN_POINT('',(407.5000006,337.5));
#346 = CARTESIAN_POINT('',(398.9989994,337.5));
#347 = ( GEOMETRIC_REPRESENTATION_CONTEXT(2) 
PARAMETRIC_REPRESENTATION_CONTEXT() REPRESENTATION_CONTEXT('2D SPACE',''
  ) );
#348 = PCURVE('',#349,#354);
#349 = CYLINDRICAL_SURFACE('',#350,0.75);
#350 = AXIS2_PLACEMENT_3D('',#351,#352,#353);
#351 = CARTESIAN_POINT('',(36.75,0.,98.999));
#352 = DIRECTION('',(0.,0.,-1.));
#353 = DIRECTION('',(0.,1.,0.));
#354 = DEFINITIONAL_REPRESENTATION('',(#355),#358);
#355 = B_SPLINE_CURVE_WITH_KNOTS('',1,(#356,#357),.UNSPECIFIED.,.F.,.F.,
  (2,2),(-8.5010006,6.000000070117E-07),.PIECEWISE_BEZIER_KNOTS.);
#356 = CARTESIAN_POINT('',(1.570796326795,-8.5010006));
#357 = CARTESIAN_POINT('',(1.570796326795,6.000000070117E-07));
#358 = ( GEOMETRIC_REPRESENTATION_CONTEXT(2) 
PARAMETRIC_REPRESENTATION_CONTEXT() REPRESENTATION_CONTEXT('2D SPACE',''
  ) );
#359 = ORIENTED_EDGE('',*,*,#360,.T.);
#360 = EDGE_CURVE('',#335,#361,#363,.T.);
#361 = VERTEX_POINT('',#362);
#362 = CARTESIAN_POINT('',(39.,1.377727649041E-16,109.));
#363 = SURFACE_CURVE('',#364,(#368,#374),.PCURVE_S1.);
#364 = LINE('',#365,#366);
#365 = CARTESIAN_POINT('',(36.75,0.,106.75));
#366 = VECTOR('',#367,1.);
#367 = DIRECTION('',(0.707106781187,0.,0.707106781187));
#368 = PCURVE('',#66,#369);
#369 = DEFINITIONAL_REPRESENTATION('',(#370),#373);
#370 = B_SPLINE_CURVE_WITH_KNOTS('',1,(#371,#372),.UNSPECIFIED.,.F.,.F.,
  (2,2),(1.06066017178,3.181980515339),.PIECEWISE_BEZIER_KNOTS.);
#371 = CARTESIAN_POINT('',(407.5,337.5));
#372 = CARTESIAN_POINT('',(409.,339.));
#373 = ( GEOMETRIC_REPRESENTATION_CONTEXT(2) 
PARAMETRIC_REPRESENTATION_CONTEXT() REPRESENTATION_CONTEXT('2D SPACE',''
  ) );
#374 = PCURVE('',#375,#380);
#375 = CONICAL_SURFACE('',#376,0.75,0.785398163397);
#376 = AXIS2_PLACEMENT_3D('',#377,#378,#379);
#377 = CARTESIAN_POINT('',(36.75,0.,107.5));
#378 = DIRECTION('',(-0.,-0.,1.));
#379 = DIRECTION('',(0.,1.,0.));
#380 = DEFINITIONAL_REPRESENTATION('',(#381),#384);
#381 = B_SPLINE_CURVE_WITH_KNOTS('',1,(#382,#383),.UNSPECIFIED.,.F.,.F.,
  (2,2),(1.06066017178,3.181980515339),.PIECEWISE_BEZIER_KNOTS.);
#382 = CARTESIAN_POINT('',(-1.570796326795,2.198129442157E-15));
#383 = CARTESIAN_POINT('',(-1.570796326795,1.5));
#384 = ( GEOMETRIC_REPRESENTATION_CONTEXT(2) 
PARAMETRIC_REPRESENTATION_CONTEXT() REPRESENTATION_CONTEXT('2D SPACE',''
  ) );
#385 = ORIENTED_EDGE('',*,*,#386,.F.);
#386 = EDGE_CURVE('',#387,#361,#389,.T.);
#387 = VERTEX_POINT('',#388);
#388 = CARTESIAN_POINT('',(39.75,0.,109.));
#389 = SURFACE_CURVE('',#390,(#394,#400),.PCURVE_S1.);
#390 = LINE('',#391,#392);
#391 = CARTESIAN_POINT('',(-150.,0.,109.));
#392 = VECTOR('',#393,1.);
#393 = DIRECTION('',(-1.,-0.,0.));
#394 = PCURVE('',#66,#395);
#395 = DEFINITIONAL_REPRESENTATION('',(#396),#399);
#396 = B_SPLINE_CURVE_WITH_KNOTS('',1,(#397,#398),.UNSPECIFIED.,.F.,.F.,
  (2,2),(-189.75,-110.25),.PIECEWISE_BEZIER_KNOTS.);
#397 = CARTESIAN_POINT('',(409.,339.75));
#398 = CARTESIAN_POINT('',(409.,260.25));
#399 = ( GEOMETRIC_REPRESENTATION_CONTEXT(2) 
PARAMETRIC_REPRESENTATION_CONTEXT() REPRESENTATION_CONTEXT('2D SPACE',''
  ) );
#400 = PCURVE('',#401,#406);
#401 = PLANE('',#402);
#402 = AXIS2_PLACEMENT_3D('',#403,#404,#405);
#403 = CARTESIAN_POINT('',(-4.403329231825E-15,5.790076070423E-16,109.)
  );
#404 = DIRECTION('',(0.,0.,1.));
#405 = DIRECTION('',(1.,0.,-0.));
#406 = DEFINITIONAL_REPRESENTATION('',(#407),#410);
#407 = B_SPLINE_CURVE_WITH_KNOTS('',1,(#408,#409),.UNSPECIFIED.,.F.,.F.,
  (2,2),(-189.75,-110.25),.PIECEWISE_BEZIER_KNOTS.);
#408 = CARTESIAN_POINT('',(39.75,-5.790076070423E-16));
#409 = CARTESIAN_POINT('',(-39.75,-5.790076070423E-16));
#410 = ( GEOMETRIC_REPRESENTATION_CONTEXT(2) 
PARAMETRIC_REPRESENTATION_CONTEXT() REPRESENTATION_CONTEXT('2D SPACE',''
  ) );
#411 = ORIENTED_EDGE('',*,*,#412,.F.);
#412 = EDGE_CURVE('',#413,#387,#415,.T.);
#413 = VERTEX_POINT('',#414);
#414 = CARTESIAN_POINT('',(39.75,0.,80.7));
#415 = SURFACE_CURVE('',#416,(#420,#427),.PCURVE_S1.);
#416 = LINE('',#417,#418);
#417 = CARTESIAN_POINT('',(39.75,0.,80.7));
#418 = VECTOR('',#419,1.);
#419 = DIRECTION('',(0.,0.,1.));
#420 = PCURVE('',#66,#421);
#421 = DEFINITIONAL_REPRESENTATION('',(#422),#426);
#422 = LINE('',#423,#424);
#423 = CARTESIAN_POINT('',(380.7,339.75));
#424 = VECTOR('',#425,1.);
#425 = DIRECTION('',(1.,0.));
#426 = ( GEOMETRIC_REPRESENTATION_CONTEXT(2) 
PARAMETRIC_REPRESENTATION_CONTEXT() REPRESENTATION_CONTEXT('2D SPACE',''
  ) );
#427 = PCURVE('',#428,#433);
#428 = CYLINDRICAL_SURFACE('',#429,39.75);
#429 = AXIS2_PLACEMENT_3D('',#430,#431,#432);
#430 = CARTESIAN_POINT('',(0.,0.,80.7));
#431 = DIRECTION('',(-0.,-0.,-1.));
#432 = DIRECTION('',(1.,0.,0.));
#433 = DEFINITIONAL_REPRESENTATION('',(#434),#438);
#434 = LINE('',#435,#436);
#435 = CARTESIAN_POINT('',(-6.28318530718,0.));
#436 = VECTOR('',#437,1.);
#437 = DIRECTION('',(-0.,-1.));
#438 = ( GEOMETRIC_REPRESENTATION_CONTEXT(2) 
PARAMETRIC_REPRESENTATION_CONTEXT() REPRESENTATION_CONTEXT('2D SPACE',''
  ) );
#439 = ORIENTED_EDGE('',*,*,#440,.F.);
#440 = EDGE_CURVE('',#441,#413,#443,.T.);
#441 = VERTEX_POINT('',#442);
#442 = CARTESIAN_POINT('',(44.75,0.,80.7));
#443 = SURFACE_CURVE('',#444,(#448,#454),.PCURVE_S1.);
#444 = LINE('',#445,#446);
#445 = CARTESIAN_POINT('',(-150.,0.,80.7));
#446 = VECTOR('',#447,1.);
#447 = DIRECTION('',(-1.,-0.,0.));
#448 = PCURVE('',#66,#449);
#449 = DEFINITIONAL_REPRESENTATION('',(#450),#453);
#450 = B_SPLINE_CURVE_WITH_KNOTS('',1,(#451,#452),.UNSPECIFIED.,.F.,.F.,
  (2,2),(-194.75,-105.25),.PIECEWISE_BEZIER_KNOTS.);
#451 = CARTESIAN_POINT('',(380.7,344.75));
#452 = CARTESIAN_POINT('',(380.7,255.25));
#453 = ( GEOMETRIC_REPRESENTATION_CONTEXT(2) 
PARAMETRIC_REPRESENTATION_CONTEXT() REPRESENTATION_CONTEXT('2D SPACE',''
  ) );
#454 = PCURVE('',#455,#460);
#455 = PLANE('',#456);
#456 = AXIS2_PLACEMENT_3D('',#457,#458,#459);
#457 = CARTESIAN_POINT('',(-2.933502854163E-15,4.040240899597E-15,80.7)
  );
#458 = DIRECTION('',(0.,0.,1.));
#459 = DIRECTION('',(1.,0.,-0.));
#460 = DEFINITIONAL_REPRESENTATION('',(#461),#464);
#461 = B_SPLINE_CURVE_WITH_KNOTS('',1,(#462,#463),.UNSPECIFIED.,.F.,.F.,
  (2,2),(-194.75,-105.25),.PIECEWISE_BEZIER_KNOTS.);
#462 = CARTESIAN_POINT('',(44.75,-4.040240899597E-15));
#463 = CARTESIAN_POINT('',(-44.75,-4.040240899597E-15));
#464 = ( GEOMETRIC_REPRESENTATION_CONTEXT(2) 
PARAMETRIC_REPRESENTATION_CONTEXT() REPRESENTATION_CONTEXT('2D SPACE',''
  ) );
#465 = ORIENTED_EDGE('',*,*,#466,.F.);
#466 = EDGE_CURVE('',#467,#441,#469,.T.);
#467 = VERTEX_POINT('',#468);
#468 = CARTESIAN_POINT('',(44.75,0.,69.9));
#469 = SURFACE_CURVE('',#470,(#474,#481),.PCURVE_S1.);
#470 = LINE('',#471,#472);
#471 = CARTESIAN_POINT('',(44.75,0.,69.9));
#472 = VECTOR('',#473,1.);
#473 = DIRECTION('',(0.,0.,1.));
#474 = PCURVE('',#66,#475);
#475 = DEFINITIONAL_REPRESENTATION('',(#476),#480);
#476 = LINE('',#477,#478);
#477 = CARTESIAN_POINT('',(369.9,344.75));
#478 = VECTOR('',#479,1.);
#479 = DIRECTION('',(1.,0.));
#480 = ( GEOMETRIC_REPRESENTATION_CONTEXT(2) 
PARAMETRIC_REPRESENTATION_CONTEXT() REPRESENTATION_CONTEXT('2D SPACE',''
  ) );
#481 = PCURVE('',#482,#487);
#482 = CYLINDRICAL_SURFACE('',#483,44.75);
#483 = AXIS2_PLACEMENT_3D('',#484,#485,#486);
#484 = CARTESIAN_POINT('',(0.,0.,69.9));
#485 = DIRECTION('',(-0.,-0.,-1.));
#486 = DIRECTION('',(1.,0.,0.));
#487 = DEFINITIONAL_REPRESENTATION('',(#488),#492);
#488 = LINE('',#489,#490);
#489 = CARTESIAN_POINT('',(-6.28318530718,0.));
#490 = VECTOR('',#491,1.);
#491 = DIRECTION('',(-0.,-1.));
#492 = ( GEOMETRIC_REPRESENTATION_CONTEXT(2) 
PARAMETRIC_REPRESENTATION_CONTEXT() REPRESENTATION_CONTEXT('2D SPACE',''
  ) );
#493 = ORIENTED_EDGE('',*,*,#494,.F.);
#494 = EDGE_CURVE('',#46,#467,#495,.T.);
#495 = SURFACE_CURVE('',#496,(#500,#506),.PCURVE_S1.);
#496 = LINE('',#497,#498);
#497 = CARTESIAN_POINT('',(-150.,0.,69.9));
#498 = VECTOR('',#499,1.);
#499 = DIRECTION('',(-1.,-0.,0.));
#500 = PCURVE('',#66,#501);
#501 = DEFINITIONAL_REPRESENTATION('',(#502),#505);
#502 = B_SPLINE_CURVE_WITH_KNOTS('',1,(#503,#504),.UNSPECIFIED.,.F.,.F.,
  (2,2),(-196.5,-103.5),.PIECEWISE_BEZIER_KNOTS.);
#503 = CARTESIAN_POINT('',(369.9,346.5));
#504 = CARTESIAN_POINT('',(369.9,253.5));
#505 = ( GEOMETRIC_REPRESENTATION_CONTEXT(2) 
PARAMETRIC_REPRESENTATION_CONTEXT() REPRESENTATION_CONTEXT('2D SPACE',''
  ) );
#506 = PCURVE('',#148,#507);
#507 = DEFINITIONAL_REPRESENTATION('',(#508),#511);
#508 = B_SPLINE_CURVE_WITH_KNOTS('',1,(#509,#510),.UNSPECIFIED.,.F.,.F.,
  (2,2),(-196.5,-103.5),.PIECEWISE_BEZIER_KNOTS.);
#509 = CARTESIAN_POINT('',(46.5,1.61343992693E-17));
#510 = CARTESIAN_POINT('',(-46.5,1.61343992693E-17));
#511 = ( GEOMETRIC_REPRESENTATION_CONTEXT(2) 
PARAMETRIC_REPRESENTATION_CONTEXT() REPRESENTATION_CONTEXT('2D SPACE',''
  ) );
#512 = FACE_BOUND('',#513,.T.);
#513 = EDGE_LOOP('',(#514));
#514 = ORIENTED_EDGE('',*,*,#515,.F.);
#515 = EDGE_CURVE('',#516,#516,#518,.T.);
#516 = VERTEX_POINT('',#517);
#517 = CARTESIAN_POINT('',(42.1,0.,32.));
#518 = SURFACE_CURVE('',#519,(#524,#531),.PCURVE_S1.);
#519 = CIRCLE('',#520,2.);
#520 = AXIS2_PLACEMENT_3D('',#521,#522,#523);
#521 = CARTESIAN_POINT('',(42.1,0.,30.));
#522 = DIRECTION('',(0.,1.,0.));
#523 = DIRECTION('',(0.,-0.,1.));
#524 = PCURVE('',#66,#525);
#525 = DEFINITIONAL_REPRESENTATION('',(#526),#530);
#526 = CIRCLE('',#527,2.);
#527 = AXIS2_PLACEMENT_2D('',#528,#529);
#528 = CARTESIAN_POINT('',(330.,342.1));
#529 = DIRECTION('',(1.,0.));
#530 = ( GEOMETRIC_REPRESENTATION_CONTEXT(2) 
PARAMETRIC_REPRESENTATION_CONTEXT() REPRESENTATION_CONTEXT('2D SPACE',''
  ) );
#531 = PCURVE('',#532,#537);
#532 = CYLINDRICAL_SURFACE('',#533,2.);
#533 = AXIS2_PLACEMENT_3D('',#534,#535,#536);
#534 = CARTESIAN_POINT('',(42.1,-12.,30.));
#535 = DIRECTION('',(0.,1.,0.));
#536 = DIRECTION('',(0.,-0.,1.));
#537 = DEFINITIONAL_REPRESENTATION('',(#538),#542);
#538 = LINE('',#539,#540);
#539 = CARTESIAN_POINT('',(0.,12.));
#540 = VECTOR('',#541,1.);
#541 = DIRECTION('',(1.,0.));
#542 = ( GEOMETRIC_REPRESENTATION_CONTEXT(2) 
PARAMETRIC_REPRESENTATION_CONTEXT() REPRESENTATION_CONTEXT('2D SPACE',''
  ) );
#543 = FACE_BOUND('',#544,.T.);
#544 = EDGE_LOOP('',(#545));
#545 = ORIENTED_EDGE('',*,*,#546,.F.);
#546 = EDGE_CURVE('',#547,#547,#549,.T.);
#547 = VERTEX_POINT('',#548);
#548 = CARTESIAN_POINT('',(42.1,0.,62.));
#549 = SURFACE_CURVE('',#550,(#555,#562),.PCURVE_S1.);
#550 = CIRCLE('',#551,2.);
#551 = AXIS2_PLACEMENT_3D('',#552,#553,#554);
#552 = CARTESIAN_POINT('',(42.1,0.,60.));
#553 = DIRECTION('',(0.,1.,0.));
#554 = DIRECTION('',(0.,-0.,1.));
#555 = PCURVE('',#66,#556);
#556 = DEFINITIONAL_REPRESENTATION('',(#557),#561);
#557 = CIRCLE('',#558,2.);
#558 = AXIS2_PLACEMENT_2D('',#559,#560);
#559 = CARTESIAN_POINT('',(360.,342.1));
#560 = DIRECTION('',(1.,0.));
#561 = ( GEOMETRIC_REPRESENTATION_CONTEXT(2) 
PARAMETRIC_REPRESENTATION_CONTEXT() REPRESENTATION_CONTEXT('2D SPACE',''
  ) );
#562 = PCURVE('',#563,#568);
#563 = CYLINDRICAL_SURFACE('',#564,2.);
#564 = AXIS2_PLACEMENT_3D('',#565,#566,#567);
#565 = CARTESIAN_POINT('',(42.1,-12.,60.));
#566 = DIRECTION('',(0.,1.,0.));
#567 = DIRECTION('',(0.,-0.,1.));
#568 = DEFINITIONAL_REPRESENTATION('',(#569),#573);
#569 = LINE('',#570,#571);
#570 = CARTESIAN_POINT('',(0.,12.));
#571 = VECTOR('',#572,1.);
#572 = DIRECTION('',(1.,0.));
#573 = ( GEOMETRIC_REPRESENTATION_CONTEXT(2) 
PARAMETRIC_REPRESENTATION_CONTEXT() REPRESENTATION_CONTEXT('2D SPACE',''
  ) );
#574 = ADVANCED_FACE('',(#575),#148,.T.);
#575 = FACE_BOUND('',#576,.T.);
#576 = EDGE_LOOP('',(#577,#578,#579,#603));
#577 = ORIENTED_EDGE('',*,*,#133,.T.);
#578 = ORIENTED_EDGE('',*,*,#494,.T.);
#579 = ORIENTED_EDGE('',*,*,#580,.F.);
#580 = EDGE_CURVE('',#581,#467,#583,.T.);
#581 = VERTEX_POINT('',#582);
#582 = CARTESIAN_POINT('',(-44.75,5.480294426184E-15,69.9));
#583 = SURFACE_CURVE('',#584,(#589,#596),.PCURVE_S1.);
#584 = CIRCLE('',#585,44.75);
#585 = AXIS2_PLACEMENT_3D('',#586,#587,#588);
#586 = CARTESIAN_POINT('',(0.,0.,69.9));
#587 = DIRECTION('',(0.,0.,1.));
#588 = DIRECTION('',(1.,0.,0.));
#589 = PCURVE('',#148,#590);
#590 = DEFINITIONAL_REPRESENTATION('',(#591),#595);
#591 = CIRCLE('',#592,44.75);
#592 = AXIS2_PLACEMENT_2D('',#593,#594);
#593 = CARTESIAN_POINT('',(1.882068139409E-15,1.61343992693E-17));
#594 = DIRECTION('',(1.,0.));
#595 = ( GEOMETRIC_REPRESENTATION_CONTEXT(2) 
PARAMETRIC_REPRESENTATION_CONTEXT() REPRESENTATION_CONTEXT('2D SPACE',''
  ) );
#596 = PCURVE('',#482,#597);
#597 = DEFINITIONAL_REPRESENTATION('',(#598),#602);
#598 = LINE('',#599,#600);
#599 = CARTESIAN_POINT('',(-0.,0.));
#600 = VECTOR('',#601,1.);
#601 = DIRECTION('',(-1.,0.));
#602 = ( GEOMETRIC_REPRESENTATION_CONTEXT(2) 
PARAMETRIC_REPRESENTATION_CONTEXT() REPRESENTATION_CONTEXT('2D SPACE',''
  ) );
#603 = ORIENTED_EDGE('',*,*,#604,.T.);
#604 = EDGE_CURVE('',#581,#108,#605,.T.);
#605 = SURFACE_CURVE('',#606,(#610,#616),.PCURVE_S1.);
#606 = LINE('',#607,#608);
#607 = CARTESIAN_POINT('',(-150.,0.,69.9));
#608 = VECTOR('',#609,1.);
#609 = DIRECTION('',(-1.,-0.,0.));
#610 = PCURVE('',#148,#611);
#611 = DEFINITIONAL_REPRESENTATION('',(#612),#615);
#612 = B_SPLINE_CURVE_WITH_KNOTS('',1,(#613,#614),.UNSPECIFIED.,.F.,.F.,
  (2,2),(-196.5,-103.5),.PIECEWISE_BEZIER_KNOTS.);
#613 = CARTESIAN_POINT('',(46.5,1.61343992693E-17));
#614 = CARTESIAN_POINT('',(-46.5,1.61343992693E-17));
#615 = ( GEOMETRIC_REPRESENTATION_CONTEXT(2) 
PARAMETRIC_REPRESENTATION_CONTEXT() REPRESENTATION_CONTEXT('2D SPACE',''
  ) );
#616 = PCURVE('',#122,#617);
#617 = DEFINITIONAL_REPRESENTATION('',(#618),#621);
#618 = B_SPLINE_CURVE_WITH_KNOTS('',1,(#619,#620),.UNSPECIFIED.,.F.,.F.,
  (2,2),(-196.5,-103.5),.PIECEWISE_BEZIER_KNOTS.);
#619 = CARTESIAN_POINT('',(369.9,346.5));
#620 = CARTESIAN_POINT('',(369.9,253.5));
#621 = ( GEOMETRIC_REPRESENTATION_CONTEXT(2) 
PARAMETRIC_REPRESENTATION_CONTEXT() REPRESENTATION_CONTEXT('2D SPACE',''
  ) );
#622 = ADVANCED_FACE('',(#623,#832,#863),#122,.T.);
#623 = FACE_BOUND('',#624,.T.);
#624 = EDGE_LOOP('',(#625,#626,#627,#648,#669,#690,#711,#737,#763,#813)
  );
#625 = ORIENTED_EDGE('',*,*,#107,.F.);
#626 = ORIENTED_EDGE('',*,*,#604,.F.);
#627 = ORIENTED_EDGE('',*,*,#628,.F.);
#628 = EDGE_CURVE('',#629,#581,#631,.T.);
#629 = VERTEX_POINT('',#630);
#630 = CARTESIAN_POINT('',(-44.75,5.480294426184E-15,80.7));
#631 = SURFACE_CURVE('',#632,(#636,#642),.PCURVE_S1.);
#632 = LINE('',#633,#634);
#633 = CARTESIAN_POINT('',(-44.75,0.,69.9));
#634 = VECTOR('',#635,1.);
#635 = DIRECTION('',(-0.,-0.,-1.));
#636 = PCURVE('',#122,#637);
#637 = DEFINITIONAL_REPRESENTATION('',(#638),#641);
#638 = B_SPLINE_CURVE_WITH_KNOTS('',1,(#639,#640),.UNSPECIFIED.,.F.,.F.,
  (2,2),(-10.8000006,6.000000070117E-07),.PIECEWISE_BEZIER_KNOTS.);
#639 = CARTESIAN_POINT('',(380.7000006,255.25));
#640 = CARTESIAN_POINT('',(369.8999994,255.25));
#641 = ( GEOMETRIC_REPRESENTATION_CONTEXT(2) 
PARAMETRIC_REPRESENTATION_CONTEXT() REPRESENTATION_CONTEXT('2D SPACE',''
  ) );
#642 = PCURVE('',#482,#643);
#643 = DEFINITIONAL_REPRESENTATION('',(#644),#647);
#644 = B_SPLINE_CURVE_WITH_KNOTS('',1,(#645,#646),.UNSPECIFIED.,.F.,.F.,
  (2,2),(-10.8000006,6.000000070117E-07),.PIECEWISE_BEZIER_KNOTS.);
#645 = CARTESIAN_POINT('',(-3.14159265359,-10.8000006));
#646 = CARTESIAN_POINT('',(-3.14159265359,6.000000070117E-07));
#647 = ( GEOMETRIC_REPRESENTATION_CONTEXT(2) 
PARAMETRIC_REPRESENTATION_CONTEXT() REPRESENTATION_CONTEXT('2D SPACE',''
  ) );
#648 = ORIENTED_EDGE('',*,*,#649,.F.);
#649 = EDGE_CURVE('',#650,#629,#652,.T.);
#650 = VERTEX_POINT('',#651);
#651 = CARTESIAN_POINT('',(-39.75,4.867971026611E-15,80.7));
#652 = SURFACE_CURVE('',#653,(#657,#663),.PCURVE_S1.);
#653 = LINE('',#654,#655);
#654 = CARTESIAN_POINT('',(-150.,0.,80.7));
#655 = VECTOR('',#656,1.);
#656 = DIRECTION('',(-1.,-0.,0.));
#657 = PCURVE('',#122,#658);
#658 = DEFINITIONAL_REPRESENTATION('',(#659),#662);
#659 = B_SPLINE_CURVE_WITH_KNOTS('',1,(#660,#661),.UNSPECIFIED.,.F.,.F.,
  (2,2),(-194.75,-105.25),.PIECEWISE_BEZIER_KNOTS.);
#660 = CARTESIAN_POINT('',(380.7,344.75));
#661 = CARTESIAN_POINT('',(380.7,255.25));
#662 = ( GEOMETRIC_REPRESENTATION_CONTEXT(2) 
PARAMETRIC_REPRESENTATION_CONTEXT() REPRESENTATION_CONTEXT('2D SPACE',''
  ) );
#663 = PCURVE('',#455,#664);
#664 = DEFINITIONAL_REPRESENTATION('',(#665),#668);
#665 = B_SPLINE_CURVE_WITH_KNOTS('',1,(#666,#667),.UNSPECIFIED.,.F.,.F.,
  (2,2),(-194.75,-105.25),.PIECEWISE_BEZIER_KNOTS.);
#666 = CARTESIAN_POINT('',(44.75,-4.040240899597E-15));
#667 = CARTESIAN_POINT('',(-44.75,-4.040240899597E-15));
#668 = ( GEOMETRIC_REPRESENTATION_CONTEXT(2) 
PARAMETRIC_REPRESENTATION_CONTEXT() REPRESENTATION_CONTEXT('2D SPACE',''
  ) );
#669 = ORIENTED_EDGE('',*,*,#670,.F.);
#670 = EDGE_CURVE('',#671,#650,#673,.T.);
#671 = VERTEX_POINT('',#672);
#672 = CARTESIAN_POINT('',(-39.75,4.867971026611E-15,109.));
#673 = SURFACE_CURVE('',#674,(#678,#684),.PCURVE_S1.);
#674 = LINE('',#675,#676);
#675 = CARTESIAN_POINT('',(-39.75,0.,80.7));
#676 = VECTOR('',#677,1.);
#677 = DIRECTION('',(-0.,-0.,-1.));
#678 = PCURVE('',#122,#679);
#679 = DEFINITIONAL_REPRESENTATION('',(#680),#683);
#680 = B_SPLINE_CURVE_WITH_KNOTS('',1,(#681,#682),.UNSPECIFIED.,.F.,.F.,
  (2,2),(-28.3000006,6.000000070117E-07),.PIECEWISE_BEZIER_KNOTS.);
#681 = CARTESIAN_POINT('',(409.0000006,260.25));
#682 = CARTESIAN_POINT('',(380.6999994,260.25));
#683 = ( GEOMETRIC_REPRESENTATION_CONTEXT(2) 
PARAMETRIC_REPRESENTATION_CONTEXT() REPRESENTATION_CONTEXT('2D SPACE',''
  ) );
#684 = PCURVE('',#428,#685);
#685 = DEFINITIONAL_REPRESENTATION('',(#686),#689);
#686 = B_SPLINE_CURVE_WITH_KNOTS('',1,(#687,#688),.UNSPECIFIED.,.F.,.F.,
  (2,2),(-28.3000006,6.000000070117E-07),.PIECEWISE_BEZIER_KNOTS.);
#687 = CARTESIAN_POINT('',(-3.14159265359,-28.3000006));
#688 = CARTESIAN_POINT('',(-3.14159265359,6.000000070117E-07));
#689 = ( GEOMETRIC_REPRESENTATION_CONTEXT(2) 
PARAMETRIC_REPRESENTATION_CONTEXT() REPRESENTATION_CONTEXT('2D SPACE',''
  ) );
#690 = ORIENTED_EDGE('',*,*,#691,.F.);
#691 = EDGE_CURVE('',#692,#671,#694,.T.);
#692 = VERTEX_POINT('',#693);
#693 = CARTESIAN_POINT('',(-39.,-1.377727649041E-16,109.));
#694 = SURFACE_CURVE('',#695,(#699,#705),.PCURVE_S1.);
#695 = LINE('',#696,#697);
#696 = CARTESIAN_POINT('',(-150.,0.,109.));
#697 = VECTOR('',#698,1.);
#698 = DIRECTION('',(-1.,-0.,0.));
#699 = PCURVE('',#122,#700);
#700 = DEFINITIONAL_REPRESENTATION('',(#701),#704);
#701 = B_SPLINE_CURVE_WITH_KNOTS('',1,(#702,#703),.UNSPECIFIED.,.F.,.F.,
  (2,2),(-189.75,-110.25),.PIECEWISE_BEZIER_KNOTS.);
#702 = CARTESIAN_POINT('',(409.,339.75));
#703 = CARTESIAN_POINT('',(409.,260.25));
#704 = ( GEOMETRIC_REPRESENTATION_CONTEXT(2) 
PARAMETRIC_REPRESENTATION_CONTEXT() REPRESENTATION_CONTEXT('2D SPACE',''
  ) );
#705 = PCURVE('',#401,#706);
#706 = DEFINITIONAL_REPRESENTATION('',(#707),#710);
#707 = B_SPLINE_CURVE_WITH_KNOTS('',1,(#708,#709),.UNSPECIFIED.,.F.,.F.,
  (2,2),(-189.75,-110.25),.PIECEWISE_BEZIER_KNOTS.);
#708 = CARTESIAN_POINT('',(39.75,-5.790076070423E-16));
#709 = CARTESIAN_POINT('',(-39.75,-5.790076070423E-16));
#710 = ( GEOMETRIC_REPRESENTATION_CONTEXT(2) 
PARAMETRIC_REPRESENTATION_CONTEXT() REPRESENTATION_CONTEXT('2D SPACE',''
  ) );
#711 = ORIENTED_EDGE('',*,*,#712,.F.);
#712 = EDGE_CURVE('',#713,#692,#715,.T.);
#713 = VERTEX_POINT('',#714);
#714 = CARTESIAN_POINT('',(-37.5,-4.592425496803E-17,107.5));
#715 = SURFACE_CURVE('',#716,(#720,#726),.PCURVE_S1.);
#716 = LINE('',#717,#718);
#717 = CARTESIAN_POINT('',(-36.75,0.,106.75));
#718 = VECTOR('',#719,1.);
#719 = DIRECTION('',(-0.707106781187,-0.,0.707106781187));
#720 = PCURVE('',#122,#721);
#721 = DEFINITIONAL_REPRESENTATION('',(#722),#725);
#722 = B_SPLINE_CURVE_WITH_KNOTS('',1,(#723,#724),.UNSPECIFIED.,.F.,.F.,
  (2,2),(1.06066017178,3.181980515339),.PIECEWISE_BEZIER_KNOTS.);
#723 = CARTESIAN_POINT('',(407.5,262.5));
#724 = CARTESIAN_POINT('',(409.,261.));
#725 = ( GEOMETRIC_REPRESENTATION_CONTEXT(2) 
PARAMETRIC_REPRESENTATION_CONTEXT() REPRESENTATION_CONTEXT('2D SPACE',''
  ) );
#726 = PCURVE('',#727,#732);
#727 = CONICAL_SURFACE('',#728,0.75,0.785398163397);
#728 = AXIS2_PLACEMENT_3D('',#729,#730,#731);
#729 = CARTESIAN_POINT('',(-36.75,0.,107.5));
#730 = DIRECTION('',(-0.,0.,1.));
#731 = DIRECTION('',(0.,-1.,0.));
#732 = DEFINITIONAL_REPRESENTATION('',(#733),#736);
#733 = B_SPLINE_CURVE_WITH_KNOTS('',1,(#734,#735),.UNSPECIFIED.,.F.,.F.,
  (2,2),(1.06066017178,3.181980515339),.PIECEWISE_BEZIER_KNOTS.);
#734 = CARTESIAN_POINT('',(-1.570796326795,2.198129442157E-15));
#735 = CARTESIAN_POINT('',(-1.570796326795,1.5));
#736 = ( GEOMETRIC_REPRESENTATION_CONTEXT(2) 
PARAMETRIC_REPRESENTATION_CONTEXT() REPRESENTATION_CONTEXT('2D SPACE',''
  ) );
#737 = ORIENTED_EDGE('',*,*,#738,.T.);
#738 = EDGE_CURVE('',#713,#739,#741,.T.);
#739 = VERTEX_POINT('',#740);
#740 = CARTESIAN_POINT('',(-37.50000297497,-1.821459649776E-17,98.999));
#741 = SURFACE_CURVE('',#742,(#746,#752),.PCURVE_S1.);
#742 = LINE('',#743,#744);
#743 = CARTESIAN_POINT('',(-37.5,0.,98.999));
#744 = VECTOR('',#745,1.);
#745 = DIRECTION('',(0.,-0.,-1.));
#746 = PCURVE('',#122,#747);
#747 = DEFINITIONAL_REPRESENTATION('',(#748),#751);
#748 = B_SPLINE_CURVE_WITH_KNOTS('',1,(#749,#750),.UNSPECIFIED.,.F.,.F.,
  (2,2),(-8.5010006,6.000000070117E-07),.PIECEWISE_BEZIER_KNOTS.);
#749 = CARTESIAN_POINT('',(407.5000006,262.5));
#750 = CARTESIAN_POINT('',(398.9989994,262.5));
#751 = ( GEOMETRIC_REPRESENTATION_CONTEXT(2) 
PARAMETRIC_REPRESENTATION_CONTEXT() REPRESENTATION_CONTEXT('2D SPACE',''
  ) );
#752 = PCURVE('',#753,#758);
#753 = CYLINDRICAL_SURFACE('',#754,0.75);
#754 = AXIS2_PLACEMENT_3D('',#755,#756,#757);
#755 = CARTESIAN_POINT('',(-36.75,0.,98.999));
#756 = DIRECTION('',(0.,-0.,-1.));
#757 = DIRECTION('',(0.,-1.,0.));
#758 = DEFINITIONAL_REPRESENTATION('',(#759),#762);
#759 = B_SPLINE_CURVE_WITH_KNOTS('',1,(#760,#761),.UNSPECIFIED.,.F.,.F.,
  (2,2),(-8.5010006,6.000000070117E-07),.PIECEWISE_BEZIER_KNOTS.);
#760 = CARTESIAN_POINT('',(1.570796326795,-8.5010006));
#761 = CARTESIAN_POINT('',(1.570796326795,6.000000070117E-07));
#762 = ( GEOMETRIC_REPRESENTATION_CONTEXT(2) 
PARAMETRIC_REPRESENTATION_CONTEXT() REPRESENTATION_CONTEXT('2D SPACE',''
  ) );
#763 = ORIENTED_EDGE('',*,*,#764,.F.);
#764 = EDGE_CURVE('',#765,#739,#767,.T.);
#765 = VERTEX_POINT('',#766);
#766 = CARTESIAN_POINT('',(-37.8,4.629164900777E-15,0.));
#767 = SURFACE_CURVE('',#768,(#774,#783),.PCURVE_S1.);
#768 = B_SPLINE_CURVE_WITH_KNOTS('',4,(#769,#770,#771,#772,#773),
  .UNSPECIFIED.,.F.,.F.,(5,5),(0.,1.),.PIECEWISE_BEZIER_KNOTS.);
#769 = CARTESIAN_POINT('',(-37.79999999999,0.,0.));
#770 = CARTESIAN_POINT('',(-37.72500069874,0.,24.74976485));
#771 = CARTESIAN_POINT('',(-37.65000139748,0.,49.4995297));
#772 = CARTESIAN_POINT('',(-37.57500209623,0.,74.24929455));
#773 = CARTESIAN_POINT('',(-37.50000279497,0.,98.9990594));
#774 = PCURVE('',#122,#775);
#775 = DEFINITIONAL_REPRESENTATION('',(#776),#782);
#776 = B_SPLINE_CURVE_WITH_KNOTS('',4,(#777,#778,#779,#780,#781),
  .UNSPECIFIED.,.F.,.F.,(5,5),(0.,1.),.PIECEWISE_BEZIER_KNOTS.);
#777 = CARTESIAN_POINT('',(300.,262.2));
#778 = CARTESIAN_POINT('',(324.74976485,262.27499930126));
#779 = CARTESIAN_POINT('',(349.4995297,262.34999860251));
#780 = CARTESIAN_POINT('',(374.24929455,262.42499790376));
#781 = CARTESIAN_POINT('',(398.9990594,262.49999720502));
#782 = ( GEOMETRIC_REPRESENTATION_CONTEXT(2) 
PARAMETRIC_REPRESENTATION_CONTEXT() REPRESENTATION_CONTEXT('2D SPACE',''
  ) );
#783 = PCURVE('',#784,#805);
#784 = B_SPLINE_SURFACE_WITH_KNOTS('',9,1,(
    (#785,#786)
    ,(#787,#788)
    ,(#789,#790)
    ,(#791,#792)
    ,(#793,#794)
    ,(#795,#796)
    ,(#797,#798)
    ,(#799,#800)
    ,(#801,#802)
    ,(#803,#804
    )),.UNSPECIFIED.,.F.,.F.,.F.,(10,10),(2,2),(3.14159265359,
    6.28318530718),(0.,1.),.PIECEWISE_BEZIER_KNOTS.);
#785 = CARTESIAN_POINT('',(-37.79213073791,0.771267974243,0.));
#786 = CARTESIAN_POINT('',(-36.75,0.75,99.));
#787 = CARTESIAN_POINT('',(-37.79562806637,0.599898879786,0.));
#788 = CARTESIAN_POINT('',(-37.01179938779,0.75,99.));
#789 = CARTESIAN_POINT('',(-37.79825118407,0.428511943798,0.));
#790 = CARTESIAN_POINT('',(-37.27360149249,0.647191900061,
    98.999999999999));
#791 = CARTESIAN_POINT('',(-37.79999998699,0.257112263859,0.));
#792 = CARTESIAN_POINT('',(-37.48924283384,0.44157278914,99.000000000004
    ));
#793 = CARTESIAN_POINT('',(-37.80087440579,8.570493754982E-02,0.));
#794 = CARTESIAN_POINT('',(-37.61268047281,0.157317457926,
    98.999999999993));
#795 = CARTESIAN_POINT('',(-37.80087440579,-8.570493754981E-02,0.));
#796 = CARTESIAN_POINT('',(-37.61268047282,-0.157317457926,
    99.000000000007));
#797 = CARTESIAN_POINT('',(-37.79999998699,-0.257112263859,0.));
#798 = CARTESIAN_POINT('',(-37.48924283383,-0.44157278914,
    98.999999999994));
#799 = CARTESIAN_POINT('',(-37.79825118407,-0.428511943798,0.));
#800 = CARTESIAN_POINT('',(-37.2736014925,-0.647191900061,
    99.000000000003));
#801 = CARTESIAN_POINT('',(-37.79562806637,-0.599898879786,0.));
#802 = CARTESIAN_POINT('',(-37.01179938779,-0.75,98.999999999999));
#803 = CARTESIAN_POINT('',(-37.79213073791,-0.771267974243,0.));
#804 = CARTESIAN_POINT('',(-36.75,-0.75,99.));
#805 = DEFINITIONAL_REPRESENTATION('',(#806),#812);
#806 = B_SPLINE_CURVE_WITH_KNOTS('',4,(#807,#808,#809,#810,#811),
  .UNSPECIFIED.,.F.,.F.,(5,5),(0.,1.),.PIECEWISE_BEZIER_KNOTS.);
#807 = CARTESIAN_POINT('',(4.712388980385,0.));
#808 = CARTESIAN_POINT('',(4.712388980385,0.249997624747));
#809 = CARTESIAN_POINT('',(4.712388980385,0.499995249495));
#810 = CARTESIAN_POINT('',(4.712388980385,0.749992874242));
#811 = CARTESIAN_POINT('',(4.712388980385,0.99999049899));
#812 = ( GEOMETRIC_REPRESENTATION_CONTEXT(2) 
PARAMETRIC_REPRESENTATION_CONTEXT() REPRESENTATION_CONTEXT('2D SPACE',''
  ) );
#813 = ORIENTED_EDGE('',*,*,#814,.T.);
#814 = EDGE_CURVE('',#765,#79,#815,.T.);
#815 = SURFACE_CURVE('',#816,(#820,#826),.PCURVE_S1.);
#816 = LINE('',#817,#818);
#817 = CARTESIAN_POINT('',(-150.,0.,0.));
#818 = VECTOR('',#819,1.);
#819 = DIRECTION('',(-1.,-0.,0.));
#820 = PCURVE('',#122,#821);
#821 = DEFINITIONAL_REPRESENTATION('',(#822),#825);
#822 = B_SPLINE_CURVE_WITH_KNOTS('',1,(#823,#824),.UNSPECIFIED.,.F.,.F.,
  (2,2),(-196.5,-103.5),.PIECEWISE_BEZIER_KNOTS.);
#823 = CARTESIAN_POINT('',(300.,346.5));
#824 = CARTESIAN_POINT('',(300.,253.5));
#825 = ( GEOMETRIC_REPRESENTATION_CONTEXT(2) 
PARAMETRIC_REPRESENTATION_CONTEXT() REPRESENTATION_CONTEXT('2D SPACE',''
  ) );
#826 = PCURVE('',#95,#827);
#827 = DEFINITIONAL_REPRESENTATION('',(#828),#831);
#828 = B_SPLINE_CURVE_WITH_KNOTS('',1,(#829,#830),.UNSPECIFIED.,.F.,.F.,
  (2,2),(-196.5,-103.5),.PIECEWISE_BEZIER_KNOTS.);
#829 = CARTESIAN_POINT('',(46.5,1.61343992693E-17));
#830 = CARTESIAN_POINT('',(-46.5,1.61343992693E-17));
#831 = ( GEOMETRIC_REPRESENTATION_CONTEXT(2) 
PARAMETRIC_REPRESENTATION_CONTEXT() REPRESENTATION_CONTEXT('2D SPACE',''
  ) );
#832 = FACE_BOUND('',#833,.T.);
#833 = EDGE_LOOP('',(#834));
#834 = ORIENTED_EDGE('',*,*,#835,.F.);
#835 = EDGE_CURVE('',#836,#836,#838,.T.);
#836 = VERTEX_POINT('',#837);
#837 = CARTESIAN_POINT('',(-42.1,0.,32.));
#838 = SURFACE_CURVE('',#839,(#844,#851),.PCURVE_S1.);
#839 = CIRCLE('',#840,2.);
#840 = AXIS2_PLACEMENT_3D('',#841,#842,#843);
#841 = CARTESIAN_POINT('',(-42.1,0.,30.));
#842 = DIRECTION('',(0.,1.,0.));
#843 = DIRECTION('',(0.,-0.,1.));
#844 = PCURVE('',#122,#845);
#845 = DEFINITIONAL_REPRESENTATION('',(#846),#850);
#846 = CIRCLE('',#847,2.);
#847 = AXIS2_PLACEMENT_2D('',#848,#849);
#848 = CARTESIAN_POINT('',(330.,257.9));
#849 = DIRECTION('',(1.,0.));
#850 = ( GEOMETRIC_REPRESENTATION_CONTEXT(2) 
PARAMETRIC_REPRESENTATION_CONTEXT() REPRESENTATION_CONTEXT('2D SPACE',''
  ) );
#851 = PCURVE('',#852,#857);
#852 = CYLINDRICAL_SURFACE('',#853,2.);
#853 = AXIS2_PLACEMENT_3D('',#854,#855,#856);
#854 = CARTESIAN_POINT('',(-42.1,-12.,30.));
#855 = DIRECTION('',(0.,1.,0.));
#856 = DIRECTION('',(0.,-0.,1.));
#857 = DEFINITIONAL_REPRESENTATION('',(#858),#862);
#858 = LINE('',#859,#860);
#859 = CARTESIAN_POINT('',(0.,12.));
#860 = VECTOR('',#861,1.);
#861 = DIRECTION('',(1.,0.));
#862 = ( GEOMETRIC_REPRESENTATION_CONTEXT(2) 
PARAMETRIC_REPRESENTATION_CONTEXT() REPRESENTATION_CONTEXT('2D SPACE',''
  ) );
#863 = FACE_BOUND('',#864,.T.);
#864 = EDGE_LOOP('',(#865));
#865 = ORIENTED_EDGE('',*,*,#866,.F.);
#866 = EDGE_CURVE('',#867,#867,#869,.T.);
#867 = VERTEX_POINT('',#868);
#868 = CARTESIAN_POINT('',(-42.1,0.,62.));
#869 = SURFACE_CURVE('',#870,(#875,#882),.PCURVE_S1.);
#870 = CIRCLE('',#871,2.);
#871 = AXIS2_PLACEMENT_3D('',#872,#873,#874);
#872 = CARTESIAN_POINT('',(-42.1,0.,60.));
#873 = DIRECTION('',(0.,1.,0.));
#874 = DIRECTION('',(0.,-0.,1.));
#875 = PCURVE('',#122,#876);
#876 = DEFINITIONAL_REPRESENTATION('',(#877),#881);
#877 = CIRCLE('',#878,2.);
#878 = AXIS2_PLACEMENT_2D('',#879,#880);
#879 = CARTESIAN_POINT('',(360.,257.9));
#880 = DIRECTION('',(1.,0.));
#881 = ( GEOMETRIC_REPRESENTATION_CONTEXT(2) 
PARAMETRIC_REPRESENTATION_CONTEXT() REPRESENTATION_CONTEXT('2D SPACE',''
  ) );
#882 = PCURVE('',#883,#888);
#883 = CYLINDRICAL_SURFACE('',#884,2.);
#884 = AXIS2_PLACEMENT_3D('',#885,#886,#887);
#885 = CARTESIAN_POINT('',(-42.1,-12.,60.));
#886 = DIRECTION('',(0.,1.,0.));
#887 = DIRECTION('',(0.,-0.,1.));
#888 = DEFINITIONAL_REPRESENTATION('',(#889),#893);
#889 = LINE('',#890,#891);
#890 = CARTESIAN_POINT('',(0.,12.));
#891 = VECTOR('',#892,1.);
#892 = DIRECTION('',(1.,0.));
#893 = ( GEOMETRIC_REPRESENTATION_CONTEXT(2) 
PARAMETRIC_REPRESENTATION_CONTEXT() REPRESENTATION_CONTEXT('2D SPACE',''
  ) );
#894 = ADVANCED_FACE('',(#895),#95,.F.);
#895 = FACE_BOUND('',#896,.F.);
#896 = EDGE_LOOP('',(#897,#898,#899,#922,#970,#991));
#897 = ORIENTED_EDGE('',*,*,#78,.T.);
#898 = ORIENTED_EDGE('',*,*,#164,.T.);
#899 = ORIENTED_EDGE('',*,*,#900,.F.);
#900 = EDGE_CURVE('',#901,#165,#903,.T.);
#901 = VERTEX_POINT('',#902);
#902 = CARTESIAN_POINT('',(37.792130737918,-0.771267974243,0.));
#903 = SURFACE_CURVE('',#904,(#909,#916),.PCURVE_S1.);
#904 = CIRCLE('',#905,37.8);
#905 = AXIS2_PLACEMENT_3D('',#906,#907,#908);
#906 = CARTESIAN_POINT('',(0.,0.,0.));
#907 = DIRECTION('',(0.,0.,1.));
#908 = DIRECTION('',(1.,0.,0.));
#909 = PCURVE('',#95,#910);
#910 = DEFINITIONAL_REPRESENTATION('',(#911),#915);
#911 = CIRCLE('',#912,37.8);
#912 = AXIS2_PLACEMENT_2D('',#913,#914);
#913 = CARTESIAN_POINT('',(1.882068139409E-15,1.61343992693E-17));
#914 = DIRECTION('',(1.,0.));
#915 = ( GEOMETRIC_REPRESENTATION_CONTEXT(2) 
PARAMETRIC_REPRESENTATION_CONTEXT() REPRESENTATION_CONTEXT('2D SPACE',''
  ) );
#916 = PCURVE('',#271,#917);
#917 = DEFINITIONAL_REPRESENTATION('',(#918),#921);
#918 = B_SPLINE_CURVE_WITH_KNOTS('',1,(#919,#920),.UNSPECIFIED.,.F.,.F.,
  (2,2),(6.262779976493,6.28318530718),.PIECEWISE_BEZIER_KNOTS.);
#919 = CARTESIAN_POINT('',(3.14159265359,0.));
#920 = CARTESIAN_POINT('',(6.28318530718,0.));
#921 = ( GEOMETRIC_REPRESENTATION_CONTEXT(2) 
PARAMETRIC_REPRESENTATION_CONTEXT() REPRESENTATION_CONTEXT('2D SPACE',''
  ) );
#922 = ORIENTED_EDGE('',*,*,#923,.F.);
#923 = EDGE_CURVE('',#924,#901,#926,.T.);
#924 = VERTEX_POINT('',#925);
#925 = CARTESIAN_POINT('',(-37.79213073791,-0.771267974243,0.));
#926 = SURFACE_CURVE('',#927,(#932,#939),.PCURVE_S1.);
#927 = CIRCLE('',#928,37.8);
#928 = AXIS2_PLACEMENT_3D('',#929,#930,#931);
#929 = CARTESIAN_POINT('',(0.,0.,0.));
#930 = DIRECTION('',(0.,0.,1.));
#931 = DIRECTION('',(1.,0.,0.));
#932 = PCURVE('',#95,#933);
#933 = DEFINITIONAL_REPRESENTATION('',(#934),#938);
#934 = CIRCLE('',#935,37.8);
#935 = AXIS2_PLACEMENT_2D('',#936,#937);
#936 = CARTESIAN_POINT('',(1.882068139409E-15,1.61343992693E-17));
#937 = DIRECTION('',(1.,0.));
#938 = ( GEOMETRIC_REPRESENTATION_CONTEXT(2) 
PARAMETRIC_REPRESENTATION_CONTEXT() REPRESENTATION_CONTEXT('2D SPACE',''
  ) );
#939 = PCURVE('',#940,#965);
#940 = B_SPLINE_SURFACE_WITH_KNOTS('',11,1,(
    (#941,#942)
    ,(#943,#944)
    ,(#945,#946)
    ,(#947,#948)
    ,(#949,#950)
    ,(#951,#952)
    ,(#953,#954)
    ,(#955,#956)
    ,(#957,#958)
    ,(#959,#960)
    ,(#961,#962)
    ,(#963,#964
    )),.UNSPECIFIED.,.F.,.F.,.F.,(12,12),(2,2),(-73.5,0.),(0.,1.),
  .PIECEWISE_BEZIER_KNOTS.);
#941 = CARTESIAN_POINT('',(-37.79213073791,-0.771267974243,0.));
#942 = CARTESIAN_POINT('',(-36.75,-0.75,99.));
#943 = CARTESIAN_POINT('',(-37.57471857012,-11.42446419602,0.));
#944 = CARTESIAN_POINT('',(-30.06818181818,-0.75,99.));
#945 = CARTESIAN_POINT('',(-34.05398244305,-22.01024492189,0.));
#946 = CARTESIAN_POINT('',(-23.38636363636,-0.75,99.));
#947 = CARTESIAN_POINT('',(-27.25314953237,-31.390518583,0.));
#948 = CARTESIAN_POINT('',(-16.70454545454,-0.75,99.));
#949 = CARTESIAN_POINT('',(-17.63656680973,-38.43615531257,0.));
#950 = CARTESIAN_POINT('',(-10.02272727272,-0.75,99.));
#951 = CARTESIAN_POINT('',(-6.105738169345,-42.22257429826,0.));
#952 = CARTESIAN_POINT('',(-3.340909090909,-0.75,99.));
#953 = CARTESIAN_POINT('',(6.105738169345,-42.22257429824,0.));
#954 = CARTESIAN_POINT('',(3.340909090909,-0.75,99.));
#955 = CARTESIAN_POINT('',(17.636566809734,-38.43615531259,0.));
#956 = CARTESIAN_POINT('',(10.022727272727,-0.75,99.));
#957 = CARTESIAN_POINT('',(27.253149532378,-31.39051858299,0.));
#958 = CARTESIAN_POINT('',(16.704545454545,-0.75,99.));
#959 = CARTESIAN_POINT('',(34.053982443054,-22.01024492189,0.));
#960 = CARTESIAN_POINT('',(23.386363636364,-0.75,99.));
#961 = CARTESIAN_POINT('',(37.574718570127,-11.42446419602,0.));
#962 = CARTESIAN_POINT('',(30.068181818182,-0.75,99.));
#963 = CARTESIAN_POINT('',(37.792130737918,-0.771267974243,0.));
#964 = CARTESIAN_POINT('',(36.75,-0.75,99.));
#965 = DEFINITIONAL_REPRESENTATION('',(#966),#969);
#966 = B_SPLINE_CURVE_WITH_KNOTS('',1,(#967,#968),.UNSPECIFIED.,.F.,.F.,
  (2,2),(3.161997984276,6.262779976493),.PIECEWISE_BEZIER_KNOTS.);
#967 = CARTESIAN_POINT('',(-73.5,0.));
#968 = CARTESIAN_POINT('',(0.,0.));
#969 = ( GEOMETRIC_REPRESENTATION_CONTEXT(2) 
PARAMETRIC_REPRESENTATION_CONTEXT() REPRESENTATION_CONTEXT('2D SPACE',''
  ) );
#970 = ORIENTED_EDGE('',*,*,#971,.F.);
#971 = EDGE_CURVE('',#765,#924,#972,.T.);
#972 = SURFACE_CURVE('',#973,(#978,#985),.PCURVE_S1.);
#973 = CIRCLE('',#974,37.8);
#974 = AXIS2_PLACEMENT_3D('',#975,#976,#977);
#975 = CARTESIAN_POINT('',(0.,0.,0.));
#976 = DIRECTION('',(0.,0.,1.));
#977 = DIRECTION('',(1.,0.,0.));
#978 = PCURVE('',#95,#979);
#979 = DEFINITIONAL_REPRESENTATION('',(#980),#984);
#980 = CIRCLE('',#981,37.8);
#981 = AXIS2_PLACEMENT_2D('',#982,#983);
#982 = CARTESIAN_POINT('',(1.882068139409E-15,1.61343992693E-17));
#983 = DIRECTION('',(1.,0.));
#984 = ( GEOMETRIC_REPRESENTATION_CONTEXT(2) 
PARAMETRIC_REPRESENTATION_CONTEXT() REPRESENTATION_CONTEXT('2D SPACE',''
  ) );
#985 = PCURVE('',#784,#986);
#986 = DEFINITIONAL_REPRESENTATION('',(#987),#990);
#987 = B_SPLINE_CURVE_WITH_KNOTS('',1,(#988,#989),.UNSPECIFIED.,.F.,.F.,
  (2,2),(3.121187322903,3.161997984276),.PIECEWISE_BEZIER_KNOTS.);
#988 = CARTESIAN_POINT('',(3.14159265359,0.));
#989 = CARTESIAN_POINT('',(6.28318530718,0.));
#990 = ( GEOMETRIC_REPRESENTATION_CONTEXT(2) 
PARAMETRIC_REPRESENTATION_CONTEXT() REPRESENTATION_CONTEXT('2D SPACE',''
  ) );
#991 = ORIENTED_EDGE('',*,*,#814,.T.);
#992 = ADVANCED_FACE('',(#993),#482,.T.);
#993 = FACE_BOUND('',#994,.F.);
#994 = EDGE_LOOP('',(#995,#996,#997,#998));
#995 = ORIENTED_EDGE('',*,*,#466,.F.);
#996 = ORIENTED_EDGE('',*,*,#580,.F.);
#997 = ORIENTED_EDGE('',*,*,#628,.F.);
#998 = ORIENTED_EDGE('',*,*,#999,.T.);
#999 = EDGE_CURVE('',#629,#441,#1000,.T.);
#1000 = SURFACE_CURVE('',#1001,(#1006,#1013),.PCURVE_S1.);
#1001 = CIRCLE('',#1002,44.75);
#1002 = AXIS2_PLACEMENT_3D('',#1003,#1004,#1005);
#1003 = CARTESIAN_POINT('',(0.,0.,80.7));
#1004 = DIRECTION('',(0.,0.,1.));
#1005 = DIRECTION('',(1.,0.,0.));
#1006 = PCURVE('',#482,#1007);
#1007 = DEFINITIONAL_REPRESENTATION('',(#1008),#1012);
#1008 = LINE('',#1009,#1010);
#1009 = CARTESIAN_POINT('',(-0.,-10.8));
#1010 = VECTOR('',#1011,1.);
#1011 = DIRECTION('',(-1.,0.));
#1012 = ( GEOMETRIC_REPRESENTATION_CONTEXT(2) 
PARAMETRIC_REPRESENTATION_CONTEXT() REPRESENTATION_CONTEXT('2D SPACE',''
  ) );
#1013 = PCURVE('',#455,#1014);
#1014 = DEFINITIONAL_REPRESENTATION('',(#1015),#1019);
#1015 = CIRCLE('',#1016,44.75);
#1016 = AXIS2_PLACEMENT_2D('',#1017,#1018);
#1017 = CARTESIAN_POINT('',(2.933502854163E-15,-4.040240899597E-15));
#1018 = DIRECTION('',(1.,0.));
#1019 = ( GEOMETRIC_REPRESENTATION_CONTEXT(2) 
PARAMETRIC_REPRESENTATION_CONTEXT() REPRESENTATION_CONTEXT('2D SPACE',''
  ) );
#1020 = ADVANCED_FACE('',(#1021),#455,.T.);
#1021 = FACE_BOUND('',#1022,.T.);
#1022 = EDGE_LOOP('',(#1023,#1024,#1025,#1047));
#1023 = ORIENTED_EDGE('',*,*,#999,.T.);
#1024 = ORIENTED_EDGE('',*,*,#440,.T.);
#1025 = ORIENTED_EDGE('',*,*,#1026,.F.);
#1026 = EDGE_CURVE('',#650,#413,#1027,.T.);
#1027 = SURFACE_CURVE('',#1028,(#1033,#1040),.PCURVE_S1.);
#1028 = CIRCLE('',#1029,39.75);
#1029 = AXIS2_PLACEMENT_3D('',#1030,#1031,#1032);
#1030 = CARTESIAN_POINT('',(0.,0.,80.7));
#1031 = DIRECTION('',(0.,0.,1.));
#1032 = DIRECTION('',(1.,0.,0.));
#1033 = PCURVE('',#455,#1034);
#1034 = DEFINITIONAL_REPRESENTATION('',(#1035),#1039);
#1035 = CIRCLE('',#1036,39.75);
#1036 = AXIS2_PLACEMENT_2D('',#1037,#1038);
#1037 = CARTESIAN_POINT('',(2.933502854163E-15,-4.040240899597E-15));
#1038 = DIRECTION('',(1.,0.));
#1039 = ( GEOMETRIC_REPRESENTATION_CONTEXT(2) 
PARAMETRIC_REPRESENTATION_CONTEXT() REPRESENTATION_CONTEXT('2D SPACE',''
  ) );
#1040 = PCURVE('',#428,#1041);
#1041 = DEFINITIONAL_REPRESENTATION('',(#1042),#1046);
#1042 = LINE('',#1043,#1044);
#1043 = CARTESIAN_POINT('',(-0.,0.));
#1044 = VECTOR('',#1045,1.);
#1045 = DIRECTION('',(-1.,0.));
#1046 = ( GEOMETRIC_REPRESENTATION_CONTEXT(2) 
PARAMETRIC_REPRESENTATION_CONTEXT() REPRESENTATION_CONTEXT('2D SPACE',''
  ) );
#1047 = ORIENTED_EDGE('',*,*,#649,.T.);
#1048 = ADVANCED_FACE('',(#1049,#1076,#1247,#1418,#1764,#2007),#428,.T.
  );
#1049 = FACE_BOUND('',#1050,.F.);
#1050 = EDGE_LOOP('',(#1051,#1052,#1053,#1054));
#1051 = ORIENTED_EDGE('',*,*,#412,.F.);
#1052 = ORIENTED_EDGE('',*,*,#1026,.F.);
#1053 = ORIENTED_EDGE('',*,*,#670,.F.);
#1054 = ORIENTED_EDGE('',*,*,#1055,.T.);
#1055 = EDGE_CURVE('',#671,#387,#1056,.T.);
#1056 = SURFACE_CURVE('',#1057,(#1062,#1069),.PCURVE_S1.);
#1057 = CIRCLE('',#1058,39.75);
#1058 = AXIS2_PLACEMENT_3D('',#1059,#1060,#1061);
#1059 = CARTESIAN_POINT('',(0.,0.,109.));
#1060 = DIRECTION('',(0.,0.,1.));
#1061 = DIRECTION('',(1.,0.,0.));
#1062 = PCURVE('',#428,#1063);
#1063 = DEFINITIONAL_REPRESENTATION('',(#1064),#1068);
#1064 = LINE('',#1065,#1066);
#1065 = CARTESIAN_POINT('',(-0.,-28.3));
#1066 = VECTOR('',#1067,1.);
#1067 = DIRECTION('',(-1.,0.));
#1068 = ( GEOMETRIC_REPRESENTATION_CONTEXT(2) 
PARAMETRIC_REPRESENTATION_CONTEXT() REPRESENTATION_CONTEXT('2D SPACE',''
  ) );
#1069 = PCURVE('',#401,#1070);
#1070 = DEFINITIONAL_REPRESENTATION('',(#1071),#1075);
#1071 = CIRCLE('',#1072,39.75);
#1072 = AXIS2_PLACEMENT_2D('',#1073,#1074);
#1073 = CARTESIAN_POINT('',(4.403329231825E-15,-5.790076070423E-16));
#1074 = DIRECTION('',(1.,0.));
#1075 = ( GEOMETRIC_REPRESENTATION_CONTEXT(2) 
PARAMETRIC_REPRESENTATION_CONTEXT() REPRESENTATION_CONTEXT('2D SPACE',''
  ) );
#1076 = FACE_BOUND('',#1077,.F.);
#1077 = EDGE_LOOP('',(#1078));
#1078 = ORIENTED_EDGE('',*,*,#1079,.F.);
#1079 = EDGE_CURVE('',#1080,#1080,#1082,.T.);
#1080 = VERTEX_POINT('',#1081);
#1081 = CARTESIAN_POINT('',(-11.,-38.19767663091,105.4));
#1082 = SURFACE_CURVE('',#1083,(#1134,#1188),.PCURVE_S1.);
#1083 = B_SPLINE_CURVE_WITH_KNOTS('',7,(#1084,#1085,#1086,#1087,#1088,
    #1089,#1090,#1091,#1092,#1093,#1094,#1095,#1096,#1097,#1098,#1099,
    #1100,#1101,#1102,#1103,#1104,#1105,#1106,#1107,#1108,#1109,#1110,
    #1111,#1112,#1113,#1114,#1115,#1116,#1117,#1118,#1119,#1120,#1121,
    #1122,#1123,#1124,#1125,#1126,#1127,#1128,#1129,#1130,#1131,#1132,
    #1133),.UNSPECIFIED.,.T.,.F.,(8,6,6,6,6,6,6,6,8),(0.,0.146584521962,
    0.272163327543,0.436228285475,0.573509028493,0.679222946068,
    0.78492203222,0.887883409263,1.),.UNSPECIFIED.);
#1084 = CARTESIAN_POINT('',(-11.,-38.19767663091,105.4));
#1085 = CARTESIAN_POINT('',(-10.66390657398,-38.29446334708,105.4));
#1086 = CARTESIAN_POINT('',(-10.33403933107,-38.38572078944,
    105.34508932514));
#1087 = CARTESIAN_POINT('',(-10.02152933121,-38.46853308331,
    105.23893160172));
#1088 = CARTESIAN_POINT('',(-9.736157013397,-38.54109574189,
    105.08807471552));
#1089 = CARTESIAN_POINT('',(-9.485658136763,-38.60268052642,
    104.90172402081));
#1090 = CARTESIAN_POINT('',(-9.274665851815,-38.6532527303,
    104.69147763696));
#1091 = CARTESIAN_POINT('',(-8.957099997341,-38.72796816992,
    104.28207420429));
#1092 = CARTESIAN_POINT('',(-8.836593656846,-38.7556371417,
    104.08138812265));
#1093 = CARTESIAN_POINT('',(-8.741312229587,-38.77712749655,
    103.8724190431));
#1094 = CARTESIAN_POINT('',(-8.670481781027,-38.79291763796,
    103.65781139641));
#1095 = CARTESIAN_POINT('',(-8.623492952789,-38.80333037207,
    103.43967966067));
#1096 = CARTESIAN_POINT('',(-8.6,-38.80853643207,103.21983815458));
#1097 = CARTESIAN_POINT('',(-8.6,-38.80853643207,102.71278801851));
#1098 = CARTESIAN_POINT('',(-8.640099935938,-38.79965012764,
    102.42537185875));
#1099 = CARTESIAN_POINT('',(-8.720399997792,-38.7818562307,
    102.14161259059));
#1100 = CARTESIAN_POINT('',(-8.842000470952,-38.75463399734,
    101.86573148252));
#1101 = CARTESIAN_POINT('',(-9.006485783385,-38.71708738763,
    101.60324504657));
#1102 = CARTESIAN_POINT('',(-9.215598787428,-38.66786717633,
    101.36137811827));
#1103 = CARTESIAN_POINT('',(-9.683204335633,-38.55316021801,
    100.97454116646));
#1104 = CARTESIAN_POINT('',(-9.932572210779,-38.49053422806,
    100.81646697885));
#1105 = CARTESIAN_POINT('',(-10.2136279481,-38.41778236422,
    100.69072739138));
#1106 = CARTESIAN_POINT('',(-10.51755856877,-38.33610428765,
    100.60729282001));
#1107 = CARTESIAN_POINT('',(-10.83293421315,-38.24776136188,
    100.57171112899));
#1108 = CARTESIAN_POINT('',(-11.14745610768,-38.15620983207,
    100.58485160126));
#1109 = CARTESIAN_POINT('',(-11.68247167505,-37.99528171659,
    100.68691127908));
#1110 = CARTESIAN_POINT('',(-11.91014583028,-37.92498884659,
    100.7581283545));
#1111 = CARTESIAN_POINT('',(-12.12898031274,-37.85567153105,
    100.85545839059));
#1112 = CARTESIAN_POINT('',(-12.33539535045,-37.78871045621,
    100.97753522141));
#1113 = CARTESIAN_POINT('',(-12.52609728558,-37.72553966677,
    101.12240448874));
#1114 = CARTESIAN_POINT('',(-12.69818179917,-37.66754780125,
    101.28759436003));
#1115 = CARTESIAN_POINT('',(-13.00026057418,-37.56436071889,
    101.65274487248));
#1116 = CARTESIAN_POINT('',(-13.13030603916,-37.51914870614,
    101.85275529584));
#1117 = CARTESIAN_POINT('',(-13.23688275044,-37.4815530012,
    102.06725342087));
#1118 = CARTESIAN_POINT('',(-13.31810755203,-37.45261153991,
    102.29288711778));
#1119 = CARTESIAN_POINT('',(-13.37270012577,-37.43306316742,
    102.52605487002));
#1120 = CARTESIAN_POINT('',(-13.4,-37.423288204,102.76302047838));
#1121 = CARTESIAN_POINT('',(-13.4,-37.423288204,103.23084152156));
#1122 = CARTESIAN_POINT('',(-13.37409647046,-37.43256336397,
    103.46168639439));
#1123 = CARTESIAN_POINT('',(-13.32228613016,-37.45111491982,
    103.69028578966));
#1124 = CARTESIAN_POINT('',(-13.24432717666,-37.47890179445,
    103.91429471449));
#1125 = CARTESIAN_POINT('',(-13.13981396903,-37.51581479572,
    104.13109820434));
#1126 = CARTESIAN_POINT('',(-13.00825763042,-37.56162900462,
    104.3375883471));
#1127 = CARTESIAN_POINT('',(-12.67606552942,-37.67510249736,
    104.73913961766));
#1128 = CARTESIAN_POINT('',(-12.4670680307,-37.74545537044,
    104.93549217621));
#1129 = CARTESIAN_POINT('',(-12.22294456079,-37.82600168294,
    105.10843425327));
#1130 = CARTESIAN_POINT('',(-11.94732997118,-37.91453063526,
    105.24859688547));
#1131 = CARTESIAN_POINT('',(-11.64615773657,-38.00805690036,
    105.34794404304));
#1132 = CARTESIAN_POINT('',(-11.32724245122,-38.10343877979,105.4));
#1133 = CARTESIAN_POINT('',(-11.,-38.19767663091,105.4));
#1134 = PCURVE('',#428,#1135);
#1135 = DEFINITIONAL_REPRESENTATION('',(#1136),#1187);
#1136 = B_SPLINE_CURVE_WITH_KNOTS('',7,(#1137,#1138,#1139,#1140,#1141,
    #1142,#1143,#1144,#1145,#1146,#1147,#1148,#1149,#1150,#1151,#1152,
    #1153,#1154,#1155,#1156,#1157,#1158,#1159,#1160,#1161,#1162,#1163,
    #1164,#1165,#1166,#1167,#1168,#1169,#1170,#1171,#1172,#1173,#1174,
    #1175,#1176,#1177,#1178,#1179,#1180,#1181,#1182,#1183,#1184,#1185,
    #1186),.UNSPECIFIED.,.T.,.F.,(8,6,6,6,6,6,6,6,8),(0.,0.146584521962,
    0.272163327543,0.436228285475,0.573509028493,0.679222946068,
    0.78492203222,0.887883409263,1.),.UNSPECIFIED.);
#1137 = CARTESIAN_POINT('',(-4.431999895534,-24.7));
#1138 = CARTESIAN_POINT('',(-4.440798687912,-24.7));
#1139 = CARTESIAN_POINT('',(-4.449408472289,-24.64508932514));
#1140 = CARTESIAN_POINT('',(-4.457540954881,-24.53893160172));
#1141 = CARTESIAN_POINT('',(-4.464948090778,-24.38807471553));
#1142 = CARTESIAN_POINT('',(-4.471437428438,-24.20172402081));
#1143 = CARTESIAN_POINT('',(-4.476895703904,-23.99147763696));
#1144 = CARTESIAN_POINT('',(-4.485102919738,-23.58207420429));
#1145 = CARTESIAN_POINT('',(-4.488213365932,-23.38138812265));
#1146 = CARTESIAN_POINT('',(-4.490670579803,-23.1724190431));
#1147 = CARTESIAN_POINT('',(-4.492496216841,-22.95781139641));
#1148 = CARTESIAN_POINT('',(-4.493707002723,-22.73967966067));
#1149 = CARTESIAN_POINT('',(-4.494312358015,-22.51983815458));
#1150 = CARTESIAN_POINT('',(-4.494312358015,-22.01278801851));
#1151 = CARTESIAN_POINT('',(-4.493279081054,-21.72537185875));
#1152 = CARTESIAN_POINT('',(-4.491209950951,-21.44161259059));
#1153 = CARTESIAN_POINT('',(-4.488075107922,-21.16573148252));
#1154 = CARTESIAN_POINT('',(-4.483830757537,-20.90324504657));
#1155 = CARTESIAN_POINT('',(-4.478426529125,-20.66137811827));
#1156 = CARTESIAN_POINT('',(-4.466314095259,-20.27454116646));
#1157 = CARTESIAN_POINT('',(-4.459845980383,-20.11646697885));
#1158 = CARTESIAN_POINT('',(-4.45254265879,-19.99072739138));
#1159 = CARTESIAN_POINT('',(-4.444626024201,-19.90729282001));
#1160 = CARTESIAN_POINT('',(-4.436387340067,-19.87171112899));
#1161 = CARTESIAN_POINT('',(-4.42814677267,-19.88485160126));
#1162 = CARTESIAN_POINT('',(-4.414091565767,-19.98691127908));
#1163 = CARTESIAN_POINT('',(-4.40809729832,-20.0581283545));
#1164 = CARTESIAN_POINT('',(-4.402322684885,-20.15545839059));
#1165 = CARTESIAN_POINT('',(-4.396863657643,-20.27753522141));
#1166 = CARTESIAN_POINT('',(-4.391809872186,-20.42240448874));
#1167 = CARTESIAN_POINT('',(-4.387241525131,-20.58759436003));
#1168 = CARTESIAN_POINT('',(-4.379210921893,-20.95274487248));
#1169 = CARTESIAN_POINT('',(-4.375747311088,-21.15275529584));
#1170 = CARTESIAN_POINT('',(-4.372904237473,-21.36725342087));
#1171 = CARTESIAN_POINT('',(-4.370735014246,-21.59288711778));
#1172 = CARTESIAN_POINT('',(-4.369276219365,-21.82605487002));
#1173 = CARTESIAN_POINT('',(-4.36854673303,-22.06302047838));
#1174 = CARTESIAN_POINT('',(-4.36854673303,-22.53084152156));
#1175 = CARTESIAN_POINT('',(-4.369238909701,-22.76168639439));
#1176 = CARTESIAN_POINT('',(-4.370623351216,-22.99028578966));
#1177 = CARTESIAN_POINT('',(-4.372705436255,-23.21429471449));
#1178 = CARTESIAN_POINT('',(-4.375493846516,-23.43109820434));
#1179 = CARTESIAN_POINT('',(-4.378998324415,-23.6375883471));
#1180 = CARTESIAN_POINT('',(-4.387829474376,-24.03913961766));
#1181 = CARTESIAN_POINT('',(-4.393377114505,-24.23549217621));
#1182 = CARTESIAN_POINT('',(-4.399844045991,-24.40843425327));
#1183 = CARTESIAN_POINT('',(-4.407126181369,-24.54859688547));
#1184 = CARTESIAN_POINT('',(-4.415059082506,-24.64794404304));
#1185 = CARTESIAN_POINT('',(-4.423432818159,-24.7));
#1186 = CARTESIAN_POINT('',(-4.431999895534,-24.7));
#1187 = ( GEOMETRIC_REPRESENTATION_CONTEXT(2) 
PARAMETRIC_REPRESENTATION_CONTEXT() REPRESENTATION_CONTEXT('2D SPACE',''
  ) );
#1188 = PCURVE('',#1189,#1194);
#1189 = CYLINDRICAL_SURFACE('',#1190,2.4);
#1190 = AXIS2_PLACEMENT_3D('',#1191,#1192,#1193);
#1191 = CARTESIAN_POINT('',(-11.,-40.19767663091,103.));
#1192 = DIRECTION('',(0.,1.,0.));
#1193 = DIRECTION('',(0.,-0.,1.));
#1194 = DEFINITIONAL_REPRESENTATION('',(#1195),#1246);
#1195 = B_SPLINE_CURVE_WITH_KNOTS('',7,(#1196,#1197,#1198,#1199,#1200,
    #1201,#1202,#1203,#1204,#1205,#1206,#1207,#1208,#1209,#1210,#1211,
    #1212,#1213,#1214,#1215,#1216,#1217,#1218,#1219,#1220,#1221,#1222,
    #1223,#1224,#1225,#1226,#1227,#1228,#1229,#1230,#1231,#1232,#1233,
    #1234,#1235,#1236,#1237,#1238,#1239,#1240,#1241,#1242,#1243,#1244,
    #1245),.UNSPECIFIED.,.F.,.F.,(8,6,6,6,6,6,6,6,8),(0.,0.146584521962,
    0.272163327543,0.436228285475,0.573509028493,0.679222946068,
    0.78492203222,0.887883409263,1.),.UNSPECIFIED.);
#1196 = CARTESIAN_POINT('',(0.,2.));
#1197 = CARTESIAN_POINT('',(0.140038927508,1.903213283836));
#1198 = CARTESIAN_POINT('',(0.277483390716,1.811955841469));
#1199 = CARTESIAN_POINT('',(0.412182577508,1.729143547606));
#1200 = CARTESIAN_POINT('',(0.543794048815,1.656580889017));
#1201 = CARTESIAN_POINT('',(0.67168405507,1.594996104491));
#1202 = CARTESIAN_POINT('',(0.794786842944,1.54442390061));
#1203 = CARTESIAN_POINT('',(1.010674562365,1.469708460989));
#1204 = CARTESIAN_POINT('',(1.107521407338,1.442039489209));
#1205 = CARTESIAN_POINT('',(1.202267413393,1.420549134365));
#1206 = CARTESIAN_POINT('',(1.295452682921,1.404758992952));
#1207 = CARTESIAN_POINT('',(1.387596534062,1.394346258845));
#1208 = CARTESIAN_POINT('',(1.479197095718,1.389140198837));
#1209 = CARTESIAN_POINT('',(1.690467985749,1.389140198837));
#1210 = CARTESIAN_POINT('',(1.810224168758,1.398026503273));
#1211 = CARTESIAN_POINT('',(1.931259184266,1.415820400207));
#1212 = CARTESIAN_POINT('',(2.054619134122,1.443042633568));
#1213 = CARTESIAN_POINT('',(2.181398099887,1.480589243285));
#1214 = CARTESIAN_POINT('',(2.312772325144,1.529809454584));
#1215 = CARTESIAN_POINT('',(2.565637083683,1.644516412898));
#1216 = CARTESIAN_POINT('',(2.687680040984,1.707142402847));
#1217 = CARTESIAN_POINT('',(2.813800709412,1.779894266691));
#1218 = CARTESIAN_POINT('',(2.94237527075,1.861572343259));
#1219 = CARTESIAN_POINT('',(3.072120952581,1.949915269032));
#1220 = CARTESIAN_POINT('',(3.201875951449,2.041466798843));
#1221 = CARTESIAN_POINT('',(3.428818887852,2.202394914317));
#1222 = CARTESIAN_POINT('',(3.527562950328,2.272687784321));
#1223 = CARTESIAN_POINT('',(3.626300554961,2.342005099863));
#1224 = CARTESIAN_POINT('',(3.725031409693,2.408966174697));
#1225 = CARTESIAN_POINT('',(3.823763270751,2.472136964145));
#1226 = CARTESIAN_POINT('',(3.922501344573,2.530128829663));
#1227 = CARTESIAN_POINT('',(4.119961996004,2.63331591202));
#1228 = CARTESIAN_POINT('',(4.218713691426,2.678527924771));
#1229 = CARTESIAN_POINT('',(4.317456391912,2.716123629709));
#1230 = CARTESIAN_POINT('',(4.416185494229,2.745065091005));
#1231 = CARTESIAN_POINT('',(4.514912111264,2.764613463486));
#1232 = CARTESIAN_POINT('',(4.613647513047,2.774388426911));
#1233 = CARTESIAN_POINT('',(4.808572947705,2.774388426911));
#1234 = CARTESIAN_POINT('',(4.904758231815,2.765113266941));
#1235 = CARTESIAN_POINT('',(5.001461742359,2.746561711092));
#1236 = CARTESIAN_POINT('',(5.09915842232,2.718774836458));
#1237 = CARTESIAN_POINT('',(5.198354887169,2.681861835189));
#1238 = CARTESIAN_POINT('',(5.299588507338,2.636047626294));
#1239 = CARTESIAN_POINT('',(5.516733418174,2.522574133548));
#1240 = CARTESIAN_POINT('',(5.635280090748,2.452221260468));
#1241 = CARTESIAN_POINT('',(5.75800950914,2.371674947975));
#1242 = CARTESIAN_POINT('',(5.884324446931,2.28314599565));
#1243 = CARTESIAN_POINT('',(6.013952855859,2.189619730548));
#1244 = CARTESIAN_POINT('',(6.146834285837,2.094237851119));
#1245 = CARTESIAN_POINT('',(6.28318530718,2.));
#1246 = ( GEOMETRIC_REPRESENTATION_CONTEXT(2) 
PARAMETRIC_REPRESENTATION_CONTEXT() REPRESENTATION_CONTEXT('2D SPACE',''
  ) );
#1247 = FACE_BOUND('',#1248,.F.);
#1248 = EDGE_LOOP('',(#1249));
#1249 = ORIENTED_EDGE('',*,*,#1250,.F.);
#1250 = EDGE_CURVE('',#1251,#1251,#1253,.T.);
#1251 = VERTEX_POINT('',#1252);
#1252 = CARTESIAN_POINT('',(11.,-38.19767663091,105.4));
#1253 = SURFACE_CURVE('',#1254,(#1305,#1359),.PCURVE_S1.);
#1254 = B_SPLINE_CURVE_WITH_KNOTS('',7,(#1255,#1256,#1257,#1258,#1259,
    #1260,#1261,#1262,#1263,#1264,#1265,#1266,#1267,#1268,#1269,#1270,
    #1271,#1272,#1273,#1274,#1275,#1276,#1277,#1278,#1279,#1280,#1281,
    #1282,#1283,#1284,#1285,#1286,#1287,#1288,#1289,#1290,#1291,#1292,
    #1293,#1294,#1295,#1296,#1297,#1298,#1299,#1300,#1301,#1302,#1303,
    #1304),.UNSPECIFIED.,.T.,.F.,(8,6,6,6,6,6,6,6,8),(0.,0.143882313212,
    0.275979977577,0.430564064749,0.561744484097,0.675539349898,
    0.789361151459,0.919932734774,1.),.UNSPECIFIED.);
#1255 = CARTESIAN_POINT('',(11.,-38.19767663091,105.4));
#1256 = CARTESIAN_POINT('',(11.327356959721,-38.10340580413,105.4));
#1257 = CARTESIAN_POINT('',(11.646289058827,-38.00801660541,
    105.34790760805));
#1258 = CARTESIAN_POINT('',(11.947408685517,-37.91450440212,
    105.24854520439));
#1259 = CARTESIAN_POINT('',(12.222948173728,-37.82599951684,
    105.10840812123));
#1260 = CARTESIAN_POINT('',(12.467018413969,-37.74547170928,
    104.93551898911));
#1261 = CARTESIAN_POINT('',(12.676014573446,-37.67511990341,
    104.73920121285));
#1262 = CARTESIAN_POINT('',(13.008261674901,-37.56162762307,
    104.33758345817));
#1263 = CARTESIAN_POINT('',(13.139815455595,-37.51581424291,
    104.13109402032));
#1264 = CARTESIAN_POINT('',(13.244326597691,-37.47890200402,
    103.91429403563));
#1265 = CARTESIAN_POINT('',(13.32228542446,-37.45111517022,
    103.69028769034));
#1266 = CARTESIAN_POINT('',(13.374096402204,-37.43256338925,
    103.46168834478));
#1267 = CARTESIAN_POINT('',(13.4,-37.423288204,103.23084172153));
#1268 = CARTESIAN_POINT('',(13.4,-37.423288204,102.72986307535));
#1269 = CARTESIAN_POINT('',(13.364527394473,-37.43598968677,
    102.45968434956));
#1270 = CARTESIAN_POINT('',(13.2935563587,-37.46140222462,
    102.19305340531));
#1271 = CARTESIAN_POINT('',(13.186613271147,-37.49945526015,
    101.93379073752));
#1272 = CARTESIAN_POINT('',(13.042971520449,-37.54993283409,
    101.68630873747));
#1273 = CARTESIAN_POINT('',(12.861856275969,-37.6123448405,
    101.45607666462));
#1274 = CARTESIAN_POINT('',(12.457117322165,-37.74812754626,
    101.07600148846));
#1275 = CARTESIAN_POINT('',(12.240980301562,-37.81944864591,
    100.91635392306));
#1276 = CARTESIAN_POINT('',(11.9965308625,-37.89838889054,
    100.78076578251));
#1277 = CARTESIAN_POINT('',(11.728254795374,-37.98266927277,
    100.67690563561));
#1278 = CARTESIAN_POINT('',(11.442463802024,-38.06954986027,
    100.61067742275));
#1279 = CARTESIAN_POINT('',(11.146736599329,-38.15636710856,
    100.5860229003));
#1280 = CARTESIAN_POINT('',(10.591288296545,-38.31395362169,
    100.62096874545));
#1281 = CARTESIAN_POINT('',(10.335329375603,-38.3843777175,
    100.66962602812));
#1282 = CARTESIAN_POINT('',(10.086330083079,-38.45071193269,
    100.75039037739));
#1283 = CARTESIAN_POINT('',(9.849075083745,-38.5119306712,
    100.86202290473));
#1284 = CARTESIAN_POINT('',(9.628080333362,-38.56729495104,
    101.00242049325));
#1285 = CARTESIAN_POINT('',(9.427412243786,-38.61631128968,
    101.16866823189));
#1286 = CARTESIAN_POINT('',(9.073496462813,-38.70099839599,
    101.54555025921));
#1287 = CARTESIAN_POINT('',(8.920229082346,-38.73667414763,
    101.75622820351));
#1288 = CARTESIAN_POINT('',(8.794002445552,-38.76536498372,
    101.9855482966));
#1289 = CARTESIAN_POINT('',(8.697464625382,-38.78693904692,
    102.22934107148));
#1290 = CARTESIAN_POINT('',(8.632475575133,-38.80133947451,
    102.48297529805));
#1291 = CARTESIAN_POINT('',(8.6,-38.80853643207,102.74152953328));
#1292 = CARTESIAN_POINT('',(8.6,-38.80853643207,103.29650644794));
#1293 = CARTESIAN_POINT('',(8.642737364296,-38.79906561973,
    103.59329660553));
#1294 = CARTESIAN_POINT('',(8.728355971852,-38.78009339178,
    103.88609882598));
#1295 = CARTESIAN_POINT('',(8.858118534996,-38.7510245715,
    104.17020986261));
#1296 = CARTESIAN_POINT('',(9.033774942674,-38.7108526844,
    104.43940770818));
#1297 = CARTESIAN_POINT('',(9.257191547859,-38.65805611182,
    104.68551788656));
#1298 = CARTESIAN_POINT('',(9.695711765098,-38.54977500046,
    105.02566903425));
#1299 = CARTESIAN_POINT('',(9.881886275642,-38.50291219802,
    105.14270247626));
#1300 = CARTESIAN_POINT('',(10.08551053868,-38.45047341461,
    105.24220936399));
#1301 = CARTESIAN_POINT('',(10.303389417837,-38.39285489198,
    105.3200392732));
#1302 = CARTESIAN_POINT('',(10.53148714901,-38.33077494139,
    105.37321369588));
#1303 = CARTESIAN_POINT('',(10.765259550667,-38.26527615974,105.4));
#1304 = CARTESIAN_POINT('',(11.,-38.19767663091,105.4));
#1305 = PCURVE('',#428,#1306);
#1306 = DEFINITIONAL_REPRESENTATION('',(#1307),#1358);
#1307 = B_SPLINE_CURVE_WITH_KNOTS('',7,(#1308,#1309,#1310,#1311,#1312,
    #1313,#1314,#1315,#1316,#1317,#1318,#1319,#1320,#1321,#1322,#1323,
    #1324,#1325,#1326,#1327,#1328,#1329,#1330,#1331,#1332,#1333,#1334,
    #1335,#1336,#1337,#1338,#1339,#1340,#1341,#1342,#1343,#1344,#1345,
    #1346,#1347,#1348,#1349,#1350,#1351,#1352,#1353,#1354,#1355,#1356,
    #1357),.UNSPECIFIED.,.F.,.F.,(8,6,6,6,6,6,6,6,8),(0.,0.143882313212,
    0.275979977577,0.430564064749,0.561744484097,0.675539349898,
    0.789361151459,0.919932734774,1.),.UNSPECIFIED.);
#1308 = CARTESIAN_POINT('',(-4.992778065236,-24.7));
#1309 = CARTESIAN_POINT('',(-5.001348140397,-24.7));
#1310 = CARTESIAN_POINT('',(-5.009722333466,-24.64790760805));
#1311 = CARTESIAN_POINT('',(-5.017653866091,-24.54854520439));
#1312 = CARTESIAN_POINT('',(-5.024934018381,-24.40840812123));
#1313 = CARTESIAN_POINT('',(-5.03139953216,-24.23551898911));
#1314 = CARTESIAN_POINT('',(-5.036947131756,-24.03920121285));
#1315 = CARTESIAN_POINT('',(-5.045779743874,-23.63758345817));
#1316 = CARTESIAN_POINT('',(-5.049284154139,-23.43109402032));
#1317 = CARTESIAN_POINT('',(-5.052072509032,-23.21429403563));
#1318 = CARTESIAN_POINT('',(-5.054154590711,-22.99028769034));
#1319 = CARTESIAN_POINT('',(-5.055539049238,-22.76168834478));
#1320 = CARTESIAN_POINT('',(-5.05623122774,-22.53084172153));
#1321 = CARTESIAN_POINT('',(-5.05623122774,-22.02986307535));
#1322 = CARTESIAN_POINT('',(-5.055283352859,-21.75968434956));
#1323 = CARTESIAN_POINT('',(-5.05338691089,-21.49305340531));
#1324 = CARTESIAN_POINT('',(-5.050531280705,-21.23379073752));
#1325 = CARTESIAN_POINT('',(-5.046701087523,-20.98630873747));
#1326 = CARTESIAN_POINT('',(-5.041881948027,-20.75607666462));
#1327 = CARTESIAN_POINT('',(-5.03114212049,-20.37600148846));
#1328 = CARTESIAN_POINT('',(-5.025416397285,-20.21635392306));
#1329 = CARTESIAN_POINT('',(-5.018954232182,-20.08076578251));
#1330 = CARTESIAN_POINT('',(-5.011880398975,-19.97690563561));
#1331 = CARTESIAN_POINT('',(-5.00436635394,-19.91067742275));
#1332 = CARTESIAN_POINT('',(-4.996613028287,-19.8860229003));
#1333 = CARTESIAN_POINT('',(-4.982087992281,-19.92096874545));
#1334 = CARTESIAN_POINT('',(-4.975409702504,-19.96962602812));
#1335 = CARTESIAN_POINT('',(-4.968927434952,-20.05039037739));
#1336 = CARTESIAN_POINT('',(-4.962763561337,-20.16202290473));
#1337 = CARTESIAN_POINT('',(-4.957032301324,-20.30242049325));
#1338 = CARTESIAN_POINT('',(-4.951835682274,-20.46866823189));
#1339 = CARTESIAN_POINT('',(-4.942680789837,-20.84555025921));
#1340 = CARTESIAN_POINT('',(-4.938722006753,-21.05622820351));
#1341 = CARTESIAN_POINT('',(-4.935465544832,-21.2855482966));
#1342 = CARTESIAN_POINT('',(-4.932977024195,-21.52934107148));
#1343 = CARTESIAN_POINT('',(-4.93130241833,-21.78297529805));
#1344 = CARTESIAN_POINT('',(-4.930465602755,-22.04152953328));
#1345 = CARTESIAN_POINT('',(-4.930465602755,-22.59650644794));
#1346 = CARTESIAN_POINT('',(-4.931566840099,-22.89329660553));
#1347 = CARTESIAN_POINT('',(-4.933773014086,-23.18609882598));
#1348 = CARTESIAN_POINT('',(-4.937118381043,-23.47020986261));
#1349 = CARTESIAN_POINT('',(-4.941651396995,-23.73940770818));
#1350 = CARTESIAN_POINT('',(-4.947426456455,-23.98551788656));
#1351 = CARTESIAN_POINT('',(-4.958789752624,-24.32566903425));
#1352 = CARTESIAN_POINT('',(-4.963619438733,-24.44270247626));
#1353 = CARTESIAN_POINT('',(-4.968909069202,-24.54220936399));
#1354 = CARTESIAN_POINT('',(-4.974578492251,-24.6200392732));
#1355 = CARTESIAN_POINT('',(-4.980525268543,-24.67321369588));
#1356 = CARTESIAN_POINT('',(-4.986632653524,-24.7));
#1357 = CARTESIAN_POINT('',(-4.992778065236,-24.7));
#1358 = ( GEOMETRIC_REPRESENTATION_CONTEXT(2) 
PARAMETRIC_REPRESENTATION_CONTEXT() REPRESENTATION_CONTEXT('2D SPACE',''
  ) );
#1359 = PCURVE('',#1360,#1365);
#1360 = CYLINDRICAL_SURFACE('',#1361,2.4);
#1361 = AXIS2_PLACEMENT_3D('',#1362,#1363,#1364);
#1362 = CARTESIAN_POINT('',(11.,-40.19767663091,103.));
#1363 = DIRECTION('',(0.,1.,0.));
#1364 = DIRECTION('',(0.,-0.,1.));
#1365 = DEFINITIONAL_REPRESENTATION('',(#1366),#1417);
#1366 = B_SPLINE_CURVE_WITH_KNOTS('',7,(#1367,#1368,#1369,#1370,#1371,
    #1372,#1373,#1374,#1375,#1376,#1377,#1378,#1379,#1380,#1381,#1382,
    #1383,#1384,#1385,#1386,#1387,#1388,#1389,#1390,#1391,#1392,#1393,
    #1394,#1395,#1396,#1397,#1398,#1399,#1400,#1401,#1402,#1403,#1404,
    #1405,#1406,#1407,#1408,#1409,#1410,#1411,#1412,#1413,#1414,#1415,
    #1416),.UNSPECIFIED.,.F.,.F.,(8,6,6,6,6,6,6,6,8),(0.,0.143882313212,
    0.275979977577,0.430564064749,0.561744484097,0.675539349898,
    0.789361151459,0.919932734774,1.),.UNSPECIFIED.);
#1367 = CARTESIAN_POINT('',(0.,2.));
#1368 = CARTESIAN_POINT('',(0.136398733217,2.094270826776));
#1369 = CARTESIAN_POINT('',(0.269287178295,2.189660025504));
#1370 = CARTESIAN_POINT('',(0.398897961218,2.283172228789));
#1371 = CARTESIAN_POINT('',(0.525183017127,2.371677114075));
#1372 = CARTESIAN_POINT('',(0.647883438316,2.452204921628));
#1373 = CARTESIAN_POINT('',(0.766418580474,2.522556727497));
#1374 = CARTESIAN_POINT('',(0.983599443603,2.636049007846));
#1375 = CARTESIAN_POINT('',(1.084832161992,2.681862387996));
#1376 = CARTESIAN_POINT('',(1.184027073122,2.718774626887));
#1377 = CARTESIAN_POINT('',(1.281722778745,2.746561460696));
#1378 = CARTESIAN_POINT('',(1.378426256147,2.765113241665));
#1379 = CARTESIAN_POINT('',(1.474612276157,2.774388426911));
#1380 = CARTESIAN_POINT('',(1.683353378729,2.774388426911));
#1381 = CARTESIAN_POINT('',(1.795927525186,2.761686944136));
#1382 = CARTESIAN_POINT('',(1.909354373985,2.736274406289));
#1383 = CARTESIAN_POINT('',(2.024368122688,2.698221370759));
#1384 = CARTESIAN_POINT('',(2.141785759854,2.647743796825));
#1385 = CARTESIAN_POINT('',(2.262466015501,2.585331790416));
#1386 = CARTESIAN_POINT('',(2.493808249458,2.449549084652));
#1387 = CARTESIAN_POINT('',(2.604993081445,2.378227984999));
#1388 = CARTESIAN_POINT('',(2.719870598162,2.29928774037));
#1389 = CARTESIAN_POINT('',(2.837677478822,2.215007358145));
#1390 = CARTESIAN_POINT('',(2.957917323901,2.128126770639));
#1391 = CARTESIAN_POINT('',(3.080248704832,2.041309522348));
#1392 = CARTESIAN_POINT('',(3.312143088253,1.883723009218));
#1393 = CARTESIAN_POINT('',(3.419854814519,1.813298913407));
#1394 = CARTESIAN_POINT('',(3.527555637859,1.746964698223));
#1395 = CARTESIAN_POINT('',(3.635258792675,1.685745959712));
#1396 = CARTESIAN_POINT('',(3.742978346037,1.630381679871));
#1397 = CARTESIAN_POINT('',(3.85070965685,1.581365341229));
#1398 = CARTESIAN_POINT('',(4.066129322585,1.496678234919));
#1399 = CARTESIAN_POINT('',(4.17383591531,1.461002483286));
#1400 = CARTESIAN_POINT('',(4.281534755397,1.432311647189));
#1401 = CARTESIAN_POINT('',(4.389240204185,1.410737583987));
#1402 = CARTESIAN_POINT('',(4.496962290584,1.396337156404));
#1403 = CARTESIAN_POINT('',(4.604692952587,1.389140198837));
#1404 = CARTESIAN_POINT('',(4.835933333693,1.389140198837));
#1405 = CARTESIAN_POINT('',(4.959595169834,1.398611011185));
#1406 = CARTESIAN_POINT('',(5.084679603483,1.417583239135));
#1407 = CARTESIAN_POINT('',(5.21231725422,1.446652059408));
#1408 = CARTESIAN_POINT('',(5.343699957015,1.486823946508));
#1409 = CARTESIAN_POINT('',(5.480107919785,1.53962051909));
#1410 = CARTESIAN_POINT('',(5.711349580372,1.64790163045));
#1411 = CARTESIAN_POINT('',(5.802531482686,1.694764432886));
#1412 = CARTESIAN_POINT('',(5.896093044485,1.747203216303));
#1413 = CARTESIAN_POINT('',(5.991401485334,1.804821738934));
#1414 = CARTESIAN_POINT('',(6.087972026316,1.866901689522));
#1415 = CARTESIAN_POINT('',(6.185376786624,1.93240047117));
#1416 = CARTESIAN_POINT('',(6.28318530718,2.));
#1417 = ( GEOMETRIC_REPRESENTATION_CONTEXT(2) 
PARAMETRIC_REPRESENTATION_CONTEXT() REPRESENTATION_CONTEXT('2D SPACE',''
  ) );
#1418 = FACE_BOUND('',#1419,.F.);
#1419 = EDGE_LOOP('',(#1420,#1672,#1698));
#1420 = ORIENTED_EDGE('',*,*,#1421,.F.);
#1421 = EDGE_CURVE('',#1422,#1424,#1426,.T.);
#1422 = VERTEX_POINT('',#1423);
#1423 = CARTESIAN_POINT('',(-18.64330071185,-35.1068346418,
    93.639186126994));
#1424 = VERTEX_POINT('',#1425);
#1425 = CARTESIAN_POINT('',(-22.,-33.1068346418,101.75));
#1426 = SURFACE_CURVE('',#1427,(#1505,#1586),.PCURVE_S1.);
#1427 = B_SPLINE_CURVE_WITH_KNOTS('',6,(#1428,#1429,#1430,#1431,#1432,
    #1433,#1434,#1435,#1436,#1437,#1438,#1439,#1440,#1441,#1442,#1443,
    #1444,#1445,#1446,#1447,#1448,#1449,#1450,#1451,#1452,#1453,#1454,
    #1455,#1456,#1457,#1458,#1459,#1460,#1461,#1462,#1463,#1464,#1465,
    #1466,#1467,#1468,#1469,#1470,#1471,#1472,#1473,#1474,#1475,#1476,
    #1477,#1478,#1479,#1480,#1481,#1482,#1483,#1484,#1485,#1486,#1487,
    #1488,#1489,#1490,#1491,#1492,#1493,#1494,#1495,#1496,#1497,#1498,
    #1499,#1500,#1501,#1502,#1503,#1504),.UNSPECIFIED.,.F.,.F.,(7,5,5,5,
    5,5,5,5,5,5,5,5,5,5,5,7),(0.,2.911326208389E-02,8.728569581339E-02,
    0.164207976102,0.278298801969,0.34814423478,0.437742552419,
    0.480231039316,0.542876150791,0.593594563949,0.667118480854,
    0.707183769198,0.749396477689,0.837874474812,0.912728172684,1.),
  .UNSPECIFIED.);
#1428 = CARTESIAN_POINT('',(-18.64329958201,-35.1068352418,
    93.63918725546));
#1429 = CARTESIAN_POINT('',(-18.711467337,-35.07063511526,
    93.571102911265));
#1430 = CARTESIAN_POINT('',(-18.78143066888,-35.03327790986,
    93.504539234903));
#1431 = CARTESIAN_POINT('',(-18.85314342429,-34.99476683508,
    93.439568370074));
#1432 = CARTESIAN_POINT('',(-18.92655288729,-34.9551087493,
    93.376260923093));
#1433 = CARTESIAN_POINT('',(-19.00159977937,-34.91431415975,
    93.314685962895));
#1434 = CARTESIAN_POINT('',(-19.23131286765,-34.78864122687,
    93.135472195024));
#1435 = CARTESIAN_POINT('',(-19.39072114424,-34.70038319119,
    93.023188909275));
#1436 = CARTESIAN_POINT('',(-19.55586533383,-34.60776578054,
    92.918645138215));
#1437 = CARTESIAN_POINT('',(-19.72610403784,-34.51097663383,
    92.822322741895));
#1438 = CARTESIAN_POINT('',(-19.90074193478,-34.410255023,
    92.734601842192));
#1439 = CARTESIAN_POINT('',(-20.31480504211,-34.16790633522,
    92.551509035867));
#1440 = CARTESIAN_POINT('',(-20.55681166098,-34.02365136659,
    92.462853757532));
#1441 = CARTESIAN_POINT('',(-20.80339392605,-33.87379969321,
    92.390370813622));
#1442 = CARTESIAN_POINT('',(-21.05280074867,-33.71917007399,
    92.334329851917));
#1443 = CARTESIAN_POINT('',(-21.30325039725,-33.56072647244,
    92.294687586877));
#1444 = CARTESIAN_POINT('',(-21.92339165872,-33.16054481178,
    92.236066978405));
#1445 = CARTESIAN_POINT('',(-22.29172190205,-32.91587652625,
    92.236375951552));
#1446 = CARTESIAN_POINT('',(-22.65422699578,-32.66790670872,
    92.270456256622));
#1447 = CARTESIAN_POINT('',(-23.00751263546,-32.4192072939,
    92.336438068366));
#1448 = CARTESIAN_POINT('',(-23.34857721698,-32.17252496768,
    92.43213770588));
#1449 = CARTESIAN_POINT('',(-23.87450373451,-31.78257982304,
    92.630299639588));
#1450 = CARTESIAN_POINT('',(-24.06887393325,-31.63614233466,
    92.715831316089));
#1451 = CARTESIAN_POINT('',(-24.25751398411,-31.49181483637,
    92.811204999534));
#1452 = CARTESIAN_POINT('',(-24.44005079884,-31.35008843537,
    92.916007694717));
#1453 = CARTESIAN_POINT('',(-24.61612588952,-31.21146778976,
    93.029855050617));
#1454 = CARTESIAN_POINT('',(-25.00252535247,-30.90329050526,
    93.309580308065));
#1455 = CARTESIAN_POINT('',(-25.20853255122,-30.73600864657,
    93.481125139924));
#1456 = CARTESIAN_POINT('',(-25.4026186388,-30.57575309712,
    93.666264022448));
#1457 = CARTESIAN_POINT('',(-25.58399939087,-30.42370484783,
    93.864278168178));
#1458 = CARTESIAN_POINT('',(-25.75186597923,-30.28109721437,
    94.074473472934));
#1459 = CARTESIAN_POINT('',(-25.97813495423,-30.08667833023,
    94.40129039487));
#1460 = CARTESIAN_POINT('',(-26.04767714458,-30.02655852072,
    94.508991359053));
#1461 = CARTESIAN_POINT('',(-26.11386581169,-29.96901146066,
    94.619162148325));
#1462 = CARTESIAN_POINT('',(-26.17659344998,-29.91418796293,
    94.731696397871));
#1463 = CARTESIAN_POINT('',(-26.2357556124,-29.86223538232,
    94.846484993561));
#1464 = CARTESIAN_POINT('',(-26.37307082889,-29.74114214415,
    95.1358194513));
#1465 = CARTESIAN_POINT('',(-26.44694515523,-29.67551597642,
    95.312937297263));
#1466 = CARTESIAN_POINT('',(-26.51245669975,-29.61695522137,
    95.494249390057));
#1467 = CARTESIAN_POINT('',(-26.56925808991,-29.56592751925,
    95.679216400324));
#1468 = CARTESIAN_POINT('',(-26.61706146111,-29.52282578085,
    95.867280429647));
#1469 = CARTESIAN_POINT('',(-26.68685411015,-29.4597367503,
    96.21216612701));
#1470 = CARTESIAN_POINT('',(-26.7120189165,-29.43691686815,
    96.368087471567));
#1471 = CARTESIAN_POINT('',(-26.73098501792,-29.41968062936,
    96.525233281268));
#1472 = CARTESIAN_POINT('',(-26.74366080863,-29.40814812014,
    96.683203518498));
#1473 = CARTESIAN_POINT('',(-26.75,-29.40238085597,96.841594671823));
#1474 = CARTESIAN_POINT('',(-26.75,-29.40238085597,97.229632188019));
#1475 = CARTESIAN_POINT('',(-26.73667812112,-29.414500385,
    97.459172981599));
#1476 = CARTESIAN_POINT('',(-26.71005603183,-29.43872256431,
    97.687432698711));
#1477 = CARTESIAN_POINT('',(-26.67033013936,-29.47478033918,
    97.913223880797));
#1478 = CARTESIAN_POINT('',(-26.61788306985,-29.52216682466,
    98.135380329264));
#1479 = CARTESIAN_POINT('',(-26.51809934015,-29.61173997474,
    98.471241347419));
#1480 = CARTESIAN_POINT('',(-26.47929089503,-29.64648680757,
    98.588318995751));
#1481 = CARTESIAN_POINT('',(-26.43694617693,-29.68428223801,
    98.703874070407));
#1482 = CARTESIAN_POINT('',(-26.3911496233,-29.72501230919,
    98.817774689721));
#1483 = CARTESIAN_POINT('',(-26.34199374527,-29.76855301916,
    98.929892106924));
#1484 = CARTESIAN_POINT('',(-26.23435519029,-29.8634647786,
    99.156216276341));
#1485 = CARTESIAN_POINT('',(-26.17551306949,-29.91513172757,
    99.270215414928));
#1486 = CARTESIAN_POINT('',(-26.11315263961,-29.96963022644,
    99.381988274324));
#1487 = CARTESIAN_POINT('',(-26.04737680853,-30.02681592474,
    99.49142768462));
#1488 = CARTESIAN_POINT('',(-25.97829151763,-30.08654106297,
    99.598429157578));
#1489 = CARTESIAN_POINT('',(-25.75449448145,-30.27884441466,
    99.921843066971));
#1490 = CARTESIAN_POINT('',(-25.58895658781,-30.41949894445,
    100.12959010307));
#1491 = CARTESIAN_POINT('',(-25.41022788657,-30.56937842214,
    100.32546959347));
#1492 = CARTESIAN_POINT('',(-25.21908849013,-30.72729407915,
    100.5088127836));
#1493 = CARTESIAN_POINT('',(-25.01629476788,-30.89210688388,
    100.67892799725));
#1494 = CARTESIAN_POINT('',(-24.62183194736,-31.20707305549,
    100.96719441988));
#1495 = CARTESIAN_POINT('',(-24.43320284236,-31.35562005623,
    101.08935453219));
#1496 = CARTESIAN_POINT('',(-24.23715262891,-31.507731591,
    101.20112672646));
#1497 = CARTESIAN_POINT('',(-24.03412347547,-31.6627859689,
    101.30203677127));
#1498 = CARTESIAN_POINT('',(-23.82457782382,-31.82017899545,
    101.39157270397));
#1499 = CARTESIAN_POINT('',(-23.35766919234,-32.16487818671,
    101.55967015477));
#1500 = CARTESIAN_POINT('',(-23.09798258029,-32.3529318436,
    101.63400282811));
#1501 = CARTESIAN_POINT('',(-22.83106988679,-32.54229656117,
    101.69113711415));
#1502 = CARTESIAN_POINT('',(-22.55816806794,-32.73180820512,
    101.73010247583));
#1503 = CARTESIAN_POINT('',(-22.28064199246,-32.92034372834,101.75));
#1504 = CARTESIAN_POINT('',(-22.,-33.1068346418,101.75));
#1505 = PCURVE('',#428,#1506);
#1506 = DEFINITIONAL_REPRESENTATION('',(#1507),#1585);
#1507 = B_SPLINE_CURVE_WITH_KNOTS('',6,(#1508,#1509,#1510,#1511,#1512,
    #1513,#1514,#1515,#1516,#1517,#1518,#1519,#1520,#1521,#1522,#1523,
    #1524,#1525,#1526,#1527,#1528,#1529,#1530,#1531,#1532,#1533,#1534,
    #1535,#1536,#1537,#1538,#1539,#1540,#1541,#1542,#1543,#1544,#1545,
    #1546,#1547,#1548,#1549,#1550,#1551,#1552,#1553,#1554,#1555,#1556,
    #1557,#1558,#1559,#1560,#1561,#1562,#1563,#1564,#1565,#1566,#1567,
    #1568,#1569,#1570,#1571,#1572,#1573,#1574,#1575,#1576,#1577,#1578,
    #1579,#1580,#1581,#1582,#1583,#1584),.UNSPECIFIED.,.F.,.F.,(7,5,5,5,
    5,5,5,5,5,5,5,5,5,5,5,7),(0.,2.911326208389E-02,8.728569581339E-02,
    0.164207976102,0.278298801969,0.34814423478,0.437742552419,
    0.480231039316,0.542876150791,0.593594563949,0.667118480854,
    0.707183769198,0.749396477689,0.837874474812,0.912728172684,1.),
  .UNSPECIFIED.);
#1508 = CARTESIAN_POINT('',(-4.224215137436,-12.93918725546));
#1509 = CARTESIAN_POINT('',(-4.222273414278,-12.87110291126));
#1510 = CARTESIAN_POINT('',(-4.220278143323,-12.8045392349));
#1511 = CARTESIAN_POINT('',(-4.218230374882,-12.73956837007));
#1512 = CARTESIAN_POINT('',(-4.216131344205,-12.67626092309));
#1513 = CARTESIAN_POINT('',(-4.213982471481,-12.61468596289));
#1514 = CARTESIAN_POINT('',(-4.207395224645,-12.43547219502));
#1515 = CARTESIAN_POINT('',(-4.202811383458,-12.32318890927));
#1516 = CARTESIAN_POINT('',(-4.19804816207,-12.21864513821));
#1517 = CARTESIAN_POINT('',(-4.193121757997,-12.12232274189));
#1518 = CARTESIAN_POINT('',(-4.188050121682,-12.03460184219));
#1519 = CARTESIAN_POINT('',(-4.175980386584,-11.85150903586));
#1520 = CARTESIAN_POINT('',(-4.16889284525,-11.76285375753));
#1521 = CARTESIAN_POINT('',(-4.161634259295,-11.69037081362));
#1522 = CARTESIAN_POINT('',(-4.154252268426,-11.63432985191));
#1523 = CARTESIAN_POINT('',(-4.14679696801,-11.59468758687));
#1524 = CARTESIAN_POINT('',(-4.12822962566,-11.5360669784));
#1525 = CARTESIAN_POINT('',(-4.117106391453,-11.53637595155));
#1526 = CARTESIAN_POINT('',(-4.106058804857,-11.57045625662));
#1527 = CARTESIAN_POINT('',(-4.095191148975,-11.63643806836));
#1528 = CARTESIAN_POINT('',(-4.084602599809,-11.73213770588));
#1529 = CARTESIAN_POINT('',(-4.068131701768,-11.93029963958));
#1530 = CARTESIAN_POINT('',(-4.062009637459,-12.01583131608));
#1531 = CARTESIAN_POINT('',(-4.056034543882,-12.11120499953));
#1532 = CARTESIAN_POINT('',(-4.050220975145,-12.21600769471));
#1533 = CARTESIAN_POINT('',(-4.044583502325,-12.32985505061));
#1534 = CARTESIAN_POINT('',(-4.032149674408,-12.60958030806));
#1535 = CARTESIAN_POINT('',(-4.025473913207,-12.78112513992));
#1536 = CARTESIAN_POINT('',(-4.019142211944,-12.96626402244));
#1537 = CARTESIAN_POINT('',(-4.013188194295,-13.16427816817));
#1538 = CARTESIAN_POINT('',(-4.007647053253,-13.37447347293));
#1539 = CARTESIAN_POINT('',(-4.000142083116,-13.70129039487));
#1540 = CARTESIAN_POINT('',(-3.997829473754,-13.80899135905));
#1541 = CARTESIAN_POINT('',(-3.995623008259,-13.91916214832));
#1542 = CARTESIAN_POINT('',(-3.993527196067,-14.03169639787));
#1543 = CARTESIAN_POINT('',(-3.991546440603,-14.14648499356));
#1544 = CARTESIAN_POINT('',(-3.986940602594,-14.4358194513));
#1545 = CARTESIAN_POINT('',(-3.984454731871,-14.61293729726));
#1546 = CARTESIAN_POINT('',(-3.982244180241,-14.79424939005));
#1547 = CARTESIAN_POINT('',(-3.980323282138,-14.97921640032));
#1548 = CARTESIAN_POINT('',(-3.978704024654,-15.16728042964));
#1549 = CARTESIAN_POINT('',(-3.976337206366,-15.51216612701));
#1550 = CARTESIAN_POINT('',(-3.975482596316,-15.66808747156));
#1551 = CARTESIAN_POINT('',(-3.974837863868,-15.82523328126));
#1552 = CARTESIAN_POINT('',(-3.974406745874,-15.98320351849));
#1553 = CARTESIAN_POINT('',(-3.974191145845,-16.14159467182));
#1554 = CARTESIAN_POINT('',(-3.974191145845,-16.52963218801));
#1555 = CARTESIAN_POINT('',(-3.974644223804,-16.75917298159));
#1556 = CARTESIAN_POINT('',(-3.975549693493,-16.98743269871));
#1557 = CARTESIAN_POINT('',(-3.976899373073,-17.21322388079));
#1558 = CARTESIAN_POINT('',(-3.978677568603,-17.43538032926));
#1559 = CARTESIAN_POINT('',(-3.982050903234,-17.77124134741));
#1560 = CARTESIAN_POINT('',(-3.983361359539,-17.88831899575));
#1561 = CARTESIAN_POINT('',(-3.984789252691,-18.0038740704));
#1562 = CARTESIAN_POINT('',(-3.986331093649,-18.11777468972));
#1563 = CARTESIAN_POINT('',(-3.987983078119,-18.22989210692));
#1564 = CARTESIAN_POINT('',(-3.991593320754,-18.45621627634));
#1565 = CARTESIAN_POINT('',(-3.993563285333,-18.57021541492));
#1566 = CARTESIAN_POINT('',(-3.995646761156,-18.68198827432));
#1567 = CARTESIAN_POINT('',(-3.997839424131,-18.79142768462));
#1568 = CARTESIAN_POINT('',(-4.000136845208,-18.89842915757));
#1569 = CARTESIAN_POINT('',(-4.007559963755,-19.22184306697));
#1570 = CARTESIAN_POINT('',(-4.013024648758,-19.42959010307));
#1571 = CARTESIAN_POINT('',(-4.018892494925,-19.62546959347));
#1572 = CARTESIAN_POINT('',(-4.025129566997,-19.8088127836));
#1573 = CARTESIAN_POINT('',(-4.031703428169,-19.97892799725));
#1574 = CARTESIAN_POINT('',(-4.044402339892,-20.26719441988));
#1575 = CARTESIAN_POINT('',(-4.050442410205,-20.38935453219));
#1576 = CARTESIAN_POINT('',(-4.056684679597,-20.50112672646));
#1577 = CARTESIAN_POINT('',(-4.063111190515,-20.60203677127));
#1578 = CARTESIAN_POINT('',(-4.069703980926,-20.69157270397));
#1579 = CARTESIAN_POINT('',(-4.084304307772,-20.85967015477));
#1580 = CARTESIAN_POINT('',(-4.092370042893,-20.93400282811));
#1581 = CARTESIAN_POINT('',(-4.100602485601,-20.99113711415));
#1582 = CARTESIAN_POINT('',(-4.108960326657,-21.03010247583));
#1583 = CARTESIAN_POINT('',(-4.117400365404,-21.05));
#1584 = CARTESIAN_POINT('',(-4.125877225107,-21.05));
#1585 = ( GEOMETRIC_REPRESENTATION_CONTEXT(2) 
PARAMETRIC_REPRESENTATION_CONTEXT() REPRESENTATION_CONTEXT('2D SPACE',''
  ) );
#1586 = PCURVE('',#1587,#1592);
#1587 = CYLINDRICAL_SURFACE('',#1588,4.75);
#1588 = AXIS2_PLACEMENT_3D('',#1589,#1590,#1591);
#1589 = CARTESIAN_POINT('',(-22.,-35.1068346418,97.));
#1590 = DIRECTION('',(0.,1.,0.));
#1591 = DIRECTION('',(0.,-0.,1.));
#1592 = DEFINITIONAL_REPRESENTATION('',(#1593),#1671);
#1593 = B_SPLINE_CURVE_WITH_KNOTS('',6,(#1594,#1595,#1596,#1597,#1598,
    #1599,#1600,#1601,#1602,#1603,#1604,#1605,#1606,#1607,#1608,#1609,
    #1610,#1611,#1612,#1613,#1614,#1615,#1616,#1617,#1618,#1619,#1620,
    #1621,#1622,#1623,#1624,#1625,#1626,#1627,#1628,#1629,#1630,#1631,
    #1632,#1633,#1634,#1635,#1636,#1637,#1638,#1639,#1640,#1641,#1642,
    #1643,#1644,#1645,#1646,#1647,#1648,#1649,#1650,#1651,#1652,#1653,
    #1654,#1655,#1656,#1657,#1658,#1659,#1660,#1661,#1662,#1663,#1664,
    #1665,#1666,#1667,#1668,#1669,#1670),.UNSPECIFIED.,.F.,.F.,(7,5,5,5,
    5,5,5,5,5,5,5,5,5,5,5,7),(0.,2.911326208389E-02,8.728569581339E-02,
    0.164207976102,0.278298801969,0.34814423478,0.437742552419,
    0.480231039316,0.542876150791,0.593594563949,0.667118480854,
    0.707183769198,0.749396477689,0.837874474812,0.912728172684,1.),
  .UNSPECIFIED.);
#1594 = CARTESIAN_POINT('',(2.356806670018,-6.E-07));
#1595 = CARTESIAN_POINT('',(2.377089786089,3.619952653905E-02));
#1596 = CARTESIAN_POINT('',(2.397414103593,7.355673194616E-02));
#1597 = CARTESIAN_POINT('',(2.417777108088,0.112067806723));
#1598 = CARTESIAN_POINT('',(2.438175725959,0.151725892505));
#1599 = CARTESIAN_POINT('',(2.458606324422,0.192520482057));
#1600 = CARTESIAN_POINT('',(2.519943475442,0.318193414934));
#1601 = CARTESIAN_POINT('',(2.560943595191,0.40645145061));
#1602 = CARTESIAN_POINT('',(2.602016563954,0.499068861259));
#1603 = CARTESIAN_POINT('',(2.64311998794,0.595858007972));
#1604 = CARTESIAN_POINT('',(2.684213725983,0.696579618799));
#1605 = CARTESIAN_POINT('',(2.779526881244,0.938928306587));
#1606 = CARTESIAN_POINT('',(2.833671483282,1.083183275209));
#1607 = CARTESIAN_POINT('',(2.887607963272,1.233034948597));
#1608 = CARTESIAN_POINT('',(2.941257034808,1.38766456781));
#1609 = CARTESIAN_POINT('',(2.994534686927,1.546108169365));
#1610 = CARTESIAN_POINT('',(3.125672737283,1.946289830027));
#1611 = CARTESIAN_POINT('',(3.202865692849,2.190958115554));
#1612 = CARTESIAN_POINT('',(3.279033599119,2.438927933082));
#1613 = CARTESIAN_POINT('',(3.354242194601,2.687627347903));
#1614 = CARTESIAN_POINT('',(3.428537690824,2.934309674127));
#1615 = CARTESIAN_POINT('',(3.546857760761,3.324254818764));
#1616 = CARTESIAN_POINT('',(3.591498808942,3.470692307139));
#1617 = CARTESIAN_POINT('',(3.635904756221,3.615019805432));
#1618 = CARTESIAN_POINT('',(3.680124373734,3.75674620643));
#1619 = CARTESIAN_POINT('',(3.724205361689,3.895366852039));
#1620 = CARTESIAN_POINT('',(3.824631217167,4.203544136542));
#1621 = CARTESIAN_POINT('',(3.880939407044,4.370825995231));
#1622 = CARTESIAN_POINT('',(3.937216563584,4.531081544686));
#1623 = CARTESIAN_POINT('',(3.99355621678,4.683129793974));
#1624 = CARTESIAN_POINT('',(4.050055787842,4.825737427435));
#1625 = CARTESIAN_POINT('',(4.133740183608,5.020156311569));
#1626 = CARTESIAN_POINT('',(4.160715951575,5.080276121083));
#1627 = CARTESIAN_POINT('',(4.187752461514,5.137823181147));
#1628 = CARTESIAN_POINT('',(4.214854255861,5.192646678874));
#1629 = CARTESIAN_POINT('',(4.242026568707,5.244599259481));
#1630 = CARTESIAN_POINT('',(4.309450853807,5.365692497655));
#1631 = CARTESIAN_POINT('',(4.349805765919,5.43131866538));
#1632 = CARTESIAN_POINT('',(4.390320352573,5.489879420435));
#1633 = CARTESIAN_POINT('',(4.430982369971,5.540907122557));
#1634 = CARTESIAN_POINT('',(4.471784329242,5.584008860955));
#1635 = CARTESIAN_POINT('',(4.545863618382,5.647097891502));
#1636 = CARTESIAN_POINT('',(4.579087797137,5.669917773649));
#1637 = CARTESIAN_POINT('',(4.612371340385,5.687154012441));
#1638 = CARTESIAN_POINT('',(4.64569497987,5.698686521663));
#1639 = CARTESIAN_POINT('',(4.679040490242,5.704453785829));
#1640 = CARTESIAN_POINT('',(4.760732598915,5.704453785829));
#1641 = CARTESIAN_POINT('',(4.809057023984,5.692334256807));
#1642 = CARTESIAN_POINT('',(4.857314953949,5.668112077495));
#1643 = CARTESIAN_POINT('',(4.905459307184,5.632054302624));
#1644 = CARTESIAN_POINT('',(4.953436799559,5.584667817144));
#1645 = CARTESIAN_POINT('',(5.027198988743,5.49509466706));
#1646 = CARTESIAN_POINT('',(5.053153004347,5.460347834232));
#1647 = CARTESIAN_POINT('',(5.079043540139,5.422552403792));
#1648 = CARTESIAN_POINT('',(5.104869792211,5.381822332614));
#1649 = CARTESIAN_POINT('',(5.130630181337,5.338281622639));
#1650 = CARTESIAN_POINT('',(5.183391574164,5.243369863208));
#1651 = CARTESIAN_POINT('',(5.210385588627,5.191702914237));
#1652 = CARTESIAN_POINT('',(5.237310143579,5.137204415367));
#1653 = CARTESIAN_POINT('',(5.264170307758,5.080018717063));
#1654 = CARTESIAN_POINT('',(5.290970471422,5.020293578836));
#1655 = CARTESIAN_POINT('',(5.373769609665,4.827990227139));
#1656 = CARTESIAN_POINT('',(5.429565428853,4.687335697358));
#1657 = CARTESIAN_POINT('',(5.48520377446,4.537456219659));
#1658 = CARTESIAN_POINT('',(5.540778413414,4.379540562656));
#1659 = CARTESIAN_POINT('',(5.596379379006,4.214727757922));
#1660 = CARTESIAN_POINT('',(5.69923574761,3.899761586317));
#1661 = CARTESIAN_POINT('',(5.746472328564,3.751214585576));
#1662 = CARTESIAN_POINT('',(5.793868576189,3.599103050801));
#1663 = CARTESIAN_POINT('',(5.841482801955,3.444048672907));
#1664 = CARTESIAN_POINT('',(5.889374750749,3.286655646353));
#1665 = CARTESIAN_POINT('',(5.99384766298,2.94195645509));
#1666 = CARTESIAN_POINT('',(6.050587248852,2.753902798199));
#1667 = CARTESIAN_POINT('',(6.107852176492,2.56453808063));
#1668 = CARTESIAN_POINT('',(6.165676136479,2.375026436681));
#1669 = CARTESIAN_POINT('',(6.22410278245,2.186490913463));
#1670 = CARTESIAN_POINT('',(6.28318530718,2.));
#1671 = ( GEOMETRIC_REPRESENTATION_CONTEXT(2) 
PARAMETRIC_REPRESENTATION_CONTEXT() REPRESENTATION_CONTEXT('2D SPACE',''
  ) );
#1672 = ORIENTED_EDGE('',*,*,#1673,.F.);
#1673 = EDGE_CURVE('',#1674,#1422,#1676,.T.);
#1674 = VERTEX_POINT('',#1675);
#1675 = CARTESIAN_POINT('',(-18.64330071185,-35.1068346418,100.360813873
    ));
#1676 = SURFACE_CURVE('',#1677,(#1681,#1687),.PCURVE_S1.);
#1677 = LINE('',#1678,#1679);
#1678 = CARTESIAN_POINT('',(-18.64330071185,-35.1068346418,80.7));
#1679 = VECTOR('',#1680,1.);
#1680 = DIRECTION('',(-0.,-0.,-1.));
#1681 = PCURVE('',#428,#1682);
#1682 = DEFINITIONAL_REPRESENTATION('',(#1683),#1686);
#1683 = B_SPLINE_CURVE_WITH_KNOTS('',1,(#1684,#1685),.UNSPECIFIED.,.F.,
  .F.,(2,2),(-22.,-10.6),.PIECEWISE_BEZIER_KNOTS.);
#1684 = CARTESIAN_POINT('',(-4.224215105253,-22.));
#1685 = CARTESIAN_POINT('',(-4.224215105253,-10.6));
#1686 = ( GEOMETRIC_REPRESENTATION_CONTEXT(2) 
PARAMETRIC_REPRESENTATION_CONTEXT() REPRESENTATION_CONTEXT('2D SPACE',''
  ) );
#1687 = PCURVE('',#1688,#1693);
#1688 = PLANE('',#1689);
#1689 = AXIS2_PLACEMENT_3D('',#1690,#1691,#1692);
#1690 = CARTESIAN_POINT('',(-22.,-35.1068346418,97.));
#1691 = DIRECTION('',(0.,1.,0.));
#1692 = DIRECTION('',(0.,-0.,1.));
#1693 = DEFINITIONAL_REPRESENTATION('',(#1694),#1697);
#1694 = B_SPLINE_CURVE_WITH_KNOTS('',1,(#1695,#1696),.UNSPECIFIED.,.F.,
  .F.,(2,2),(-22.,-10.6),.PIECEWISE_BEZIER_KNOTS.);
#1695 = CARTESIAN_POINT('',(5.7,3.356699288142));
#1696 = CARTESIAN_POINT('',(-5.7,3.356699288142));
#1697 = ( GEOMETRIC_REPRESENTATION_CONTEXT(2) 
PARAMETRIC_REPRESENTATION_CONTEXT() REPRESENTATION_CONTEXT('2D SPACE',''
  ) );
#1698 = ORIENTED_EDGE('',*,*,#1699,.F.);
#1699 = EDGE_CURVE('',#1424,#1674,#1700,.T.);
#1700 = SURFACE_CURVE('',#1701,(#1720,#1742),.PCURVE_S1.);
#1701 = B_SPLINE_CURVE_WITH_KNOTS('',5,(#1702,#1703,#1704,#1705,#1706,
    #1707,#1708,#1709,#1710,#1711,#1712,#1713,#1714,#1715,#1716,#1717,
    #1718,#1719),.UNSPECIFIED.,.F.,.F.,(6,4,4,4,6),(0.,0.178806072693,
    0.533898243066,0.846914912195,1.),.UNSPECIFIED.);
#1702 = CARTESIAN_POINT('',(-22.,-33.1068346418,101.75));
#1703 = CARTESIAN_POINT('',(-21.87064658376,-33.19279197321,101.75));
#1704 = CARTESIAN_POINT('',(-21.74065285739,-33.27826406931,
    101.74559675388));
#1705 = CARTESIAN_POINT('',(-21.61025220314,-33.36308965453,
    101.73670312805));
#1706 = CARTESIAN_POINT('',(-21.47968355067,-33.447116858,
    101.72325362176));
#1707 = CARTESIAN_POINT('',(-21.09004610043,-33.69520496053,
    101.66936023209));
#1708 = CARTESIAN_POINT('',(-20.83110135131,-33.85656070553,
    101.6153608381));
#1709 = CARTESIAN_POINT('',(-20.57469879829,-34.01287553983,
    101.54289829653));
#1710 = CARTESIAN_POINT('',(-20.32314540587,-34.16302858829,
    101.45220580879));
#1711 = CARTESIAN_POINT('',(-19.86310665376,-34.43227935835,
    101.24873265889));
#1712 = CARTESIAN_POINT('',(-19.6531466148,-34.55289199714,
    101.13988561536));
#1713 = CARTESIAN_POINT('',(-19.45027139392,-34.66736227358,
    101.0180912113));
#1714 = CARTESIAN_POINT('',(-19.255855892,-34.77526227184,
    100.88423242612));
#1715 = CARTESIAN_POINT('',(-18.98070925368,-34.92571809619,
    100.66872724802));
#1716 = CARTESIAN_POINT('',(-18.89263142906,-34.97350052835,
    100.59533663817));
#1717 = CARTESIAN_POINT('',(-18.80696923271,-35.01962343053,
    100.51946439406));
#1718 = CARTESIAN_POINT('',(-18.7238292564,-35.06407038321,
    100.44124388195));
#1719 = CARTESIAN_POINT('',(-18.64329958201,-35.1068352418,
    100.36081274454));
#1720 = PCURVE('',#428,#1721);
#1721 = DEFINITIONAL_REPRESENTATION('',(#1722),#1741);
#1722 = B_SPLINE_CURVE_WITH_KNOTS('',5,(#1723,#1724,#1725,#1726,#1727,
    #1728,#1729,#1730,#1731,#1732,#1733,#1734,#1735,#1736,#1737,#1738,
    #1739,#1740),.UNSPECIFIED.,.F.,.F.,(6,4,4,4,6),(0.,0.178806072693,
    0.533898243066,0.846914912195,1.),.UNSPECIFIED.);
#1723 = CARTESIAN_POINT('',(-4.125877225107,-21.05));
#1724 = CARTESIAN_POINT('',(-4.129784376535,-21.05));
#1725 = CARTESIAN_POINT('',(-4.133698187452,-21.04559675388));
#1726 = CARTESIAN_POINT('',(-4.137611649247,-21.03670312805));
#1727 = CARTESIAN_POINT('',(-4.141517763874,-21.02325362176));
#1728 = CARTESIAN_POINT('',(-4.153138255636,-20.96936023209));
#1729 = CARTESIAN_POINT('',(-4.160813447493,-20.9153608381));
#1730 = CARTESIAN_POINT('',(-4.168367549174,-20.84289829653));
#1731 = CARTESIAN_POINT('',(-4.175737317625,-20.75220580879));
#1732 = CARTESIAN_POINT('',(-4.189147128687,-20.54873265889));
#1733 = CARTESIAN_POINT('',(-4.195238440487,-20.43988561536));
#1734 = CARTESIAN_POINT('',(-4.20109839448,-20.3180912113));
#1735 = CARTESIAN_POINT('',(-4.206692011391,-20.18423242612));
#1736 = CARTESIAN_POINT('',(-4.214581226016,-19.96872724802));
#1737 = CARTESIAN_POINT('',(-4.217102070277,-19.89533663817));
#1738 = CARTESIAN_POINT('',(-4.219549600793,-19.81946439406));
#1739 = CARTESIAN_POINT('',(-4.221921291413,-19.74124388195));
#1740 = CARTESIAN_POINT('',(-4.224215137436,-19.66081274454));
#1741 = ( GEOMETRIC_REPRESENTATION_CONTEXT(2) 
PARAMETRIC_REPRESENTATION_CONTEXT() REPRESENTATION_CONTEXT('2D SPACE',''
  ) );
#1742 = PCURVE('',#1587,#1743);
#1743 = DEFINITIONAL_REPRESENTATION('',(#1744),#1763);
#1744 = B_SPLINE_CURVE_WITH_KNOTS('',5,(#1745,#1746,#1747,#1748,#1749,
    #1750,#1751,#1752,#1753,#1754,#1755,#1756,#1757,#1758,#1759,#1760,
    #1761,#1762),.UNSPECIFIED.,.F.,.F.,(6,4,4,4,6),(0.,0.178806072693,
    0.533898243066,0.846914912195,1.),.UNSPECIFIED.);
#1745 = CARTESIAN_POINT('',(0.,2.));
#1746 = CARTESIAN_POINT('',(2.72322981543E-02,1.914042668594));
#1747 = CARTESIAN_POINT('',(5.45993547849E-02,1.828570572489));
#1748 = CARTESIAN_POINT('',(8.209428587799E-02,1.743744987278));
#1749 = CARTESIAN_POINT('',(0.109711096059,1.659717783804));
#1750 = CARTESIAN_POINT('',(0.19252098482,1.411629681273));
#1751 = CARTESIAN_POINT('',(0.248079175697,1.250273936271));
#1752 = CARTESIAN_POINT('',(0.303987762756,1.093959101973));
#1753 = CARTESIAN_POINT('',(0.360143618016,0.943806053514));
#1754 = CARTESIAN_POINT('',(0.466044209287,0.674555283458));
#1755 = CARTESIAN_POINT('',(0.515737920725,0.553942644659));
#1756 = CARTESIAN_POINT('',(0.565424459868,0.439472368225));
#1757 = CARTESIAN_POINT('',(0.615023564157,0.33157236996));
#1758 = CARTESIAN_POINT('',(0.688601880355,0.181116545618));
#1759 = CARTESIAN_POINT('',(0.712726971002,0.133334113452));
#1760 = CARTESIAN_POINT('',(0.736803343237,8.72112112709E-02));
#1761 = CARTESIAN_POINT('',(0.760824614548,4.276425859775E-02));
#1762 = CARTESIAN_POINT('',(0.784785983572,-6.E-07));
#1763 = ( GEOMETRIC_REPRESENTATION_CONTEXT(2) 
PARAMETRIC_REPRESENTATION_CONTEXT() REPRESENTATION_CONTEXT('2D SPACE',''
  ) );
#1764 = FACE_BOUND('',#1765,.F.);
#1765 = EDGE_LOOP('',(#1766));
#1766 = ORIENTED_EDGE('',*,*,#1767,.F.);
#1767 = EDGE_CURVE('',#1768,#1768,#1770,.T.);
#1768 = VERTEX_POINT('',#1769);
#1769 = CARTESIAN_POINT('',(-1.16341445919E-15,-39.75,101.75));
#1770 = SURFACE_CURVE('',#1771,(#1846,#1924),.PCURVE_S1.);
#1771 = B_SPLINE_CURVE_WITH_KNOTS('',7,(#1772,#1773,#1774,#1775,#1776,
    #1777,#1778,#1779,#1780,#1781,#1782,#1783,#1784,#1785,#1786,#1787,
    #1788,#1789,#1790,#1791,#1792,#1793,#1794,#1795,#1796,#1797,#1798,
    #1799,#1800,#1801,#1802,#1803,#1804,#1805,#1806,#1807,#1808,#1809,
    #1810,#1811,#1812,#1813,#1814,#1815,#1816,#1817,#1818,#1819,#1820,
    #1821,#1822,#1823,#1824,#1825,#1826,#1827,#1828,#1829,#1830,#1831,
    #1832,#1833,#1834,#1835,#1836,#1837,#1838,#1839,#1840,#1841,#1842,
    #1843,#1844,#1845),.UNSPECIFIED.,.T.,.F.,(8,6,6,6,6,6,6,6,6,6,6,6,8)
  ,(0.,4.6625980967E-02,0.11901495569,0.178604229535,0.248935079248,
    0.380814636751,0.503121773734,0.620876298302,0.749877819827,
    0.822185467513,0.881511572213,0.953580849442,1.),.UNSPECIFIED.);
#1772 = CARTESIAN_POINT('',(-4.440892098501E-15,-39.75,101.75));
#1773 = CARTESIAN_POINT('',(0.240316658474,-39.75,101.75));
#1774 = CARTESIAN_POINT('',(0.480234817582,-39.74830499528,
    101.73581522221));
#1775 = CARTESIAN_POINT('',(0.718065468946,-39.74492496818,
    101.70753062462));
#1776 = CARTESIAN_POINT('',(0.952141291915,-39.73994133938,101.665561352
    ));
#1777 = CARTESIAN_POINT('',(1.180859819096,-39.73350379251,
    101.61064602278));
#1778 = CARTESIAN_POINT('',(1.402725773685,-39.72581766966,
    101.54384120811));
#1779 = CARTESIAN_POINT('',(1.948120096589,-39.70362141542,
    101.34646788218));
#1780 = CARTESIAN_POINT('',(2.25985593892,-39.68769663386,
    101.20114620399));
#1781 = CARTESIAN_POINT('',(2.550495065224,-39.67009076714,
    101.03433096007));
#1782 = CARTESIAN_POINT('',(2.819399068865,-39.65152884892,
    100.84946824503));
#1783 = CARTESIAN_POINT('',(3.06631529653,-39.63266063457,
    100.64972225866));
#1784 = CARTESIAN_POINT('',(3.291306150798,-39.61403148434,
    100.43801967315));
#1785 = CARTESIAN_POINT('',(3.662109250721,-39.5813049792,
    100.03522013128));
#1786 = CARTESIAN_POINT('',(3.815307839693,-39.56695158411,
    99.846642541815));
#1787 = CARTESIAN_POINT('',(3.954662765207,-39.55324100735,
    99.652458184076));
#1788 = CARTESIAN_POINT('',(4.080554034791,-39.54034990663,
    99.453586164796));
#1789 = CARTESIAN_POINT('',(4.193344506572,-39.5284184172,
    99.250789855742));
#1790 = CARTESIAN_POINT('',(4.293361154926,-39.51755689655,
    99.044705539317));
#1791 = CARTESIAN_POINT('',(4.484167023555,-39.49639915554,
    98.589392017822));
#1792 = CARTESIAN_POINT('',(4.570043761642,-39.48655800003,
    98.339080855102));
#1793 = CARTESIAN_POINT('',(4.638928603585,-39.47847436052,
    98.085882616563));
#1794 = CARTESIAN_POINT('',(4.691152961319,-39.47224993469,
    97.830595595479));
#1795 = CARTESIAN_POINT('',(4.726948897653,-39.46794874409,
    97.573915134598));
#1796 = CARTESIAN_POINT('',(4.746440418378,-39.46560291831,
    97.31647743292));
#1797 = CARTESIAN_POINT('',(4.755624581654,-39.46449760526,
    96.575918205978));
#1798 = CARTESIAN_POINT('',(4.70430187034,-39.47067311839,
    96.093223620649));
#1799 = CARTESIAN_POINT('',(4.596051296557,-39.48373642938,
    95.614409234583));
#1800 = CARTESIAN_POINT('',(4.429441147866,-39.50336253236,
    95.143301417197));
#1801 = CARTESIAN_POINT('',(4.201707214271,-39.52888278367,
    94.685128265528));
#1802 = CARTESIAN_POINT('',(3.90903196584,-39.55899133207,
    94.247243108815));
#1803 = CARTESIAN_POINT('',(3.2120208187,-39.62144376251,93.464500761827
    ));
#1804 = CARTESIAN_POINT('',(2.806575333696,-39.65443044221,
    93.103118161276));
#1805 = CARTESIAN_POINT('',(2.331087339228,-39.68785085996,
    92.780624542662));
#1806 = CARTESIAN_POINT('',(1.791595801718,-39.71789007044,
    92.517873330165));
#1807 = CARTESIAN_POINT('',(1.199407756335,-39.74011336671,
    92.332771832652));
#1808 = CARTESIAN_POINT('',(0.569708647816,-39.75120319095,
    92.239929790851));
#1809 = CARTESIAN_POINT('',(-0.702651642301,-39.74868931459,
    92.260969801675));
#1810 = CARTESIAN_POINT('',(-1.304584789849,-39.73606730793,
    92.366634407799));
#1811 = CARTESIAN_POINT('',(-1.868263434686,-39.71355109408,
    92.556003874526));
#1812 = CARTESIAN_POINT('',(-2.381217685557,-39.68428853595,
    92.815251703267));
#1813 = CARTESIAN_POINT('',(-2.834391824164,-39.65215472555,
    93.128267846515));
#1814 = CARTESIAN_POINT('',(-3.223072463541,-39.62045353146,
    93.476911740413));
#1815 = CARTESIAN_POINT('',(-3.902709005823,-39.55955787139,
    94.240142435342));
#1816 = CARTESIAN_POINT('',(-4.191484071119,-39.52993344452,
    94.669862064233));
#1817 = CARTESIAN_POINT('',(-4.417483422078,-39.50469986468,
    95.119375015211));
#1818 = CARTESIAN_POINT('',(-4.584325301811,-39.48511531893,
    95.581604495317));
#1819 = CARTESIAN_POINT('',(-4.694684989599,-39.47183212198,
    96.051514294642));
#1820 = CARTESIAN_POINT('',(-4.75,-39.46517452134,96.525436433526));
#1821 = CARTESIAN_POINT('',(-4.75,-39.46517452134,97.266001321249));
#1822 = CARTESIAN_POINT('',(-4.732621096436,-39.46726623896,
    97.53196942552));
#1823 = CARTESIAN_POINT('',(-4.697871424701,-39.47144866486,
    97.797220350181));
#1824 = CARTESIAN_POINT('',(-4.645625724941,-39.47768803917,
    98.061057783213));
#1825 = CARTESIAN_POINT('',(-4.575636014594,-39.4859163945,
    98.322722307075));
#1826 = CARTESIAN_POINT('',(-4.487541301295,-39.49602499464,
    98.581340094202));
#1827 = CARTESIAN_POINT('',(-4.293361154926,-39.51755689655,
    99.044705539317));
#1828 = CARTESIAN_POINT('',(-4.193344506572,-39.5284184172,
    99.250789855742));
#1829 = CARTESIAN_POINT('',(-4.080554034791,-39.54034990663,
    99.453586164796));
#1830 = CARTESIAN_POINT('',(-3.954662765207,-39.55324100735,
    99.652458184076));
#1831 = CARTESIAN_POINT('',(-3.815307839693,-39.56695158411,
    99.846642541815));
#1832 = CARTESIAN_POINT('',(-3.662109250721,-39.5813049792,
    100.03522013128));
#1833 = CARTESIAN_POINT('',(-3.291306150659,-39.61403148435,
    100.4380196733));
#1834 = CARTESIAN_POINT('',(-3.066315296507,-39.63266063457,
    100.64972225865));
#1835 = CARTESIAN_POINT('',(-2.81939906899,-39.65152884891,
    100.84946824491));
#1836 = CARTESIAN_POINT('',(-2.550495065365,-39.67009076713,
    101.03433096001));
#1837 = CARTESIAN_POINT('',(-2.259855938906,-39.68769663387,
    101.20114620403));
#1838 = CARTESIAN_POINT('',(-1.948120096397,-39.70362141543,
    101.34646788225));
#1839 = CARTESIAN_POINT('',(-1.402729972491,-39.72581749877,
    101.5438396886));
#1840 = CARTESIAN_POINT('',(-1.180863250026,-39.73350370515,
    101.610645313));
#1841 = CARTESIAN_POINT('',(-0.952140653365,-39.73994141571,
    101.66556201999));
#1842 = CARTESIAN_POINT('',(-0.718059656779,-39.7449251352,
    101.7075320235));
#1843 = CARTESIAN_POINT('',(-0.480225361839,-39.74830511603,
    101.73581623708));
#1844 = CARTESIAN_POINT('',(-0.240308065345,-39.75,101.75));
#1845 = CARTESIAN_POINT('',(-4.440892098501E-15,-39.75,101.75));
#1846 = PCURVE('',#428,#1847);
#1847 = DEFINITIONAL_REPRESENTATION('',(#1848),#1923);
#1848 = B_SPLINE_CURVE_WITH_KNOTS('',7,(#1849,#1850,#1851,#1852,#1853,
    #1854,#1855,#1856,#1857,#1858,#1859,#1860,#1861,#1862,#1863,#1864,
    #1865,#1866,#1867,#1868,#1869,#1870,#1871,#1872,#1873,#1874,#1875,
    #1876,#1877,#1878,#1879,#1880,#1881,#1882,#1883,#1884,#1885,#1886,
    #1887,#1888,#1889,#1890,#1891,#1892,#1893,#1894,#1895,#1896,#1897,
    #1898,#1899,#1900,#1901,#1902,#1903,#1904,#1905,#1906,#1907,#1908,
    #1909,#1910,#1911,#1912,#1913,#1914,#1915,#1916,#1917,#1918,#1919,
    #1920,#1921,#1922),.UNSPECIFIED.,.T.,.F.,(8,6,6,6,6,6,6,6,6,6,6,6,8)
  ,(0.,4.6625980967E-02,0.11901495569,0.178604229535,0.248935079248,
    0.380814636751,0.503121773734,0.620876298302,0.749877819827,
    0.822185467513,0.881511572213,0.953580849442,1.),.UNSPECIFIED.);
#1849 = CARTESIAN_POINT('',(-4.712388980385,-21.05));
#1850 = CARTESIAN_POINT('',(-4.718434682485,-21.05));
#1851 = CARTESIAN_POINT('',(-4.724470359652,-21.03581522221));
#1852 = CARTESIAN_POINT('',(-4.730453880853,-21.00753062462));
#1853 = CARTESIAN_POINT('',(-4.736343659384,-20.965561352));
#1854 = CARTESIAN_POINT('',(-4.742099664566,-20.91064602278));
#1855 = CARTESIAN_POINT('',(-4.747684444469,-20.84384120811));
#1856 = CARTESIAN_POINT('',(-4.761416414367,-20.64646788218));
#1857 = CARTESIAN_POINT('',(-4.769268628808,-20.50114620399));
#1858 = CARTESIAN_POINT('',(-4.776593223318,-20.33433096007));
#1859 = CARTESIAN_POINT('',(-4.783373833677,-20.14946824503));
#1860 = CARTESIAN_POINT('',(-4.789603466072,-19.94972225866));
#1861 = CARTESIAN_POINT('',(-4.795282898163,-19.73801967315));
#1862 = CARTESIAN_POINT('',(-4.804647539513,-19.33522013128));
#1863 = CARTESIAN_POINT('',(-4.808518415741,-19.14664254181));
#1864 = CARTESIAN_POINT('',(-4.812041070396,-18.95245818407));
#1865 = CARTESIAN_POINT('',(-4.815224671387,-18.75358616479));
#1866 = CARTESIAN_POINT('',(-4.818077983207,-18.55078985574));
#1867 = CARTESIAN_POINT('',(-4.82060891104,-18.34470553931));
#1868 = CARTESIAN_POINT('',(-4.825438479233,-17.88939201782));
#1869 = CARTESIAN_POINT('',(-4.827613026602,-17.6390808551));
#1870 = CARTESIAN_POINT('',(-4.829357860862,-17.38588261656));
#1871 = CARTESIAN_POINT('',(-4.830680979338,-17.13059559547));
#1872 = CARTESIAN_POINT('',(-4.831587986217,-16.87391513459));
#1873 = CARTESIAN_POINT('',(-4.832081875968,-16.61647743292));
#1874 = CARTESIAN_POINT('',(-4.832314591347,-15.87591820597));
#1875 = CARTESIAN_POINT('',(-4.831014141313,-15.39322362064));
#1876 = CARTESIAN_POINT('',(-4.828271094909,-14.91440923458));
#1877 = CARTESIAN_POINT('',(-4.824050689427,-14.44330141719));
#1878 = CARTESIAN_POINT('',(-4.81828585673,-13.98512826552));
#1879 = CARTESIAN_POINT('',(-4.810884738709,-13.54724310881));
#1880 = CARTESIAN_POINT('',(-4.793279620889,-12.76450076182));
#1881 = CARTESIAN_POINT('',(-4.783046380933,-12.40311816127));
#1882 = CARTESIAN_POINT('',(-4.771056090593,-12.08062454266));
#1883 = CARTESIAN_POINT('',(-4.757465934783,-11.81787333016));
#1884 = CARTESIAN_POINT('',(-4.742562216793,-11.63277183265));
#1885 = CARTESIAN_POINT('',(-4.726721303956,-11.53992979085));
#1886 = CARTESIAN_POINT('',(-4.694712177578,-11.56096980167));
#1887 = CARTESIAN_POINT('',(-4.679568602957,-11.66663440779));
#1888 = CARTESIAN_POINT('',(-4.665380620355,-11.85600387452));
#1889 = CARTESIAN_POINT('',(-4.65245765645,-12.11525170326));
#1890 = CARTESIAN_POINT('',(-4.641029479846,-12.42826784651));
#1891 = CARTESIAN_POINT('',(-4.631219197272,-12.77691174041));
#1892 = CARTESIAN_POINT('',(-4.614052927478,-13.54014243534));
#1893 = CARTESIAN_POINT('',(-4.606750622768,-13.96986206423));
#1894 = CARTESIAN_POINT('',(-4.601029960458,-14.41937501521));
#1895 = CARTESIAN_POINT('',(-4.596803890218,-14.88160449531));
#1896 = CARTESIAN_POINT('',(-4.594007504407,-15.35151429464));
#1897 = CARTESIAN_POINT('',(-4.592605889385,-15.82543643352));
#1898 = CARTESIAN_POINT('',(-4.592605889385,-16.56600132124));
#1899 = CARTESIAN_POINT('',(-4.593046249963,-16.83196942552));
#1900 = CARTESIAN_POINT('',(-4.5939267645,-17.09722035018));
#1901 = CARTESIAN_POINT('',(-4.595250460957,-17.36105778321));
#1902 = CARTESIAN_POINT('',(-4.597023328066,-17.62272230707));
#1903 = CARTESIAN_POINT('',(-4.599254073763,-17.8813400942));
#1904 = CARTESIAN_POINT('',(-4.60416904973,-18.34470553931));
#1905 = CARTESIAN_POINT('',(-4.606699977563,-18.55078985574));
#1906 = CARTESIAN_POINT('',(-4.609553289382,-18.75358616479));
#1907 = CARTESIAN_POINT('',(-4.612736890373,-18.95245818407));
#1908 = CARTESIAN_POINT('',(-4.616259545028,-19.14664254181));
#1909 = CARTESIAN_POINT('',(-4.620130421257,-19.33522013128));
#1910 = CARTESIAN_POINT('',(-4.62949506261,-19.7380196733));
#1911 = CARTESIAN_POINT('',(-4.635174494698,-19.94972225865));
#1912 = CARTESIAN_POINT('',(-4.64140412709,-20.14946824491));
#1913 = CARTESIAN_POINT('',(-4.648184737448,-20.33433096001));
#1914 = CARTESIAN_POINT('',(-4.655509331961,-20.50114620403));
#1915 = CARTESIAN_POINT('',(-4.663361546407,-20.64646788225));
#1916 = CARTESIAN_POINT('',(-4.677093410583,-20.8438396886));
#1917 = CARTESIAN_POINT('',(-4.682678209877,-20.910645313));
#1918 = CARTESIAN_POINT('',(-4.688434317494,-20.96556201999));
#1919 = CARTESIAN_POINT('',(-4.694324226173,-21.0075320235));
#1920 = CARTESIAN_POINT('',(-4.700307839002,-21.03581623708));
#1921 = CARTESIAN_POINT('',(-4.706343494464,-21.05));
#1922 = CARTESIAN_POINT('',(-4.712388980385,-21.05));
#1923 = ( GEOMETRIC_REPRESENTATION_CONTEXT(2) 
PARAMETRIC_REPRESENTATION_CONTEXT() REPRESENTATION_CONTEXT('2D SPACE',''
  ) );
#1924 = PCURVE('',#1925,#1930);
#1925 = CYLINDRICAL_SURFACE('',#1926,4.75);
#1926 = AXIS2_PLACEMENT_3D('',#1927,#1928,#1929);
#1927 = CARTESIAN_POINT('',(0.,-41.75,97.));
#1928 = DIRECTION('',(0.,1.,0.));
#1929 = DIRECTION('',(0.,-0.,1.));
#1930 = DEFINITIONAL_REPRESENTATION('',(#1931),#2006);
#1931 = B_SPLINE_CURVE_WITH_KNOTS('',7,(#1932,#1933,#1934,#1935,#1936,
    #1937,#1938,#1939,#1940,#1941,#1942,#1943,#1944,#1945,#1946,#1947,
    #1948,#1949,#1950,#1951,#1952,#1953,#1954,#1955,#1956,#1957,#1958,
    #1959,#1960,#1961,#1962,#1963,#1964,#1965,#1966,#1967,#1968,#1969,
    #1970,#1971,#1972,#1973,#1974,#1975,#1976,#1977,#1978,#1979,#1980,
    #1981,#1982,#1983,#1984,#1985,#1986,#1987,#1988,#1989,#1990,#1991,
    #1992,#1993,#1994,#1995,#1996,#1997,#1998,#1999,#2000,#2001,#2002,
    #2003,#2004,#2005),.UNSPECIFIED.,.F.,.F.,(8,6,6,6,6,6,6,6,6,6,6,6,8)
  ,(0.,4.6625980967E-02,0.11901495569,0.178604229535,0.248935079248,
    0.380814636751,0.503121773734,0.620876298302,0.749877819827,
    0.822185467513,0.881511572213,0.953580849442,1.),.UNSPECIFIED.);
#1932 = CARTESIAN_POINT('',(0.,2.));
#1933 = CARTESIAN_POINT('',(5.059298073139E-02,2.));
#1934 = CARTESIAN_POINT('',(0.10110206371,2.001695004718));
#1935 = CARTESIAN_POINT('',(0.151383205813,2.005075031819));
#1936 = CARTESIAN_POINT('',(0.201293689548,2.010058660616));
#1937 = CARTESIAN_POINT('',(0.250684247535,2.016496207489));
#1938 = CARTESIAN_POINT('',(0.299391208058,2.024182330339));
#1939 = CARTESIAN_POINT('',(0.421498503367,2.046378584573));
#1940 = CARTESIAN_POINT('',(0.493621398998,2.062303366131));
#1941 = CARTESIAN_POINT('',(0.563776345787,2.079909232853));
#1942 = CARTESIAN_POINT('',(0.632086956893,2.098471151079));
#1943 = CARTESIAN_POINT('',(0.698644446314,2.117339365429));
#1944 = CARTESIAN_POINT('',(0.763515482231,2.135968515654));
#1945 = CARTESIAN_POINT('',(0.878775979166,2.168695020794));
#1946 = CARTESIAN_POINT('',(0.929828753078,2.183048415888));
#1947 = CARTESIAN_POINT('',(0.980005586286,2.196758992648));
#1948 = CARTESIAN_POINT('',(1.029410381167,2.209650093361));
#1949 = CARTESIAN_POINT('',(1.078141387288,2.221581582791));
#1950 = CARTESIAN_POINT('',(1.126294001919,2.232443103446));
#1951 = CARTESIAN_POINT('',(1.230226066319,2.253600844457));
#1952 = CARTESIAN_POINT('',(1.285815855407,2.263441999967));
#1953 = CARTESIAN_POINT('',(1.340873986094,2.271525639471));
#1954 = CARTESIAN_POINT('',(1.395533046043,2.277750065304));
#1955 = CARTESIAN_POINT('',(1.449920997269,2.282051255905));
#1956 = CARTESIAN_POINT('',(1.504165011105,2.284397081681));
#1957 = CARTESIAN_POINT('',(1.66008420567,2.285502394735));
#1958 = CARTESIAN_POINT('',(1.76156214044,2.279326881609));
#1959 = CARTESIAN_POINT('',(1.863793168682,2.26626357062));
#1960 = CARTESIAN_POINT('',(1.967649636408,2.246637467638));
#1961 = CARTESIAN_POINT('',(2.074019059954,2.221117216326));
#1962 = CARTESIAN_POINT('',(2.183842132214,2.191008667926));
#1963 = CARTESIAN_POINT('',(2.404494413384,2.128556237486));
#1964 = CARTESIAN_POINT('',(2.518077655655,2.095569557782));
#1965 = CARTESIAN_POINT('',(2.637306251591,2.062149140036));
#1966 = CARTESIAN_POINT('',(2.76124608762,2.032109929557));
#1967 = CARTESIAN_POINT('',(2.889409173666,2.009886633283));
#1968 = CARTESIAN_POINT('',(3.021636086628,1.998796809046));
#1969 = CARTESIAN_POINT('',(3.289538031721,2.001310685402));
#1970 = CARTESIAN_POINT('',(3.416611341725,2.013932692067));
#1971 = CARTESIAN_POINT('',(3.539629515413,2.036448905911));
#1972 = CARTESIAN_POINT('',(3.658528116019,2.065711464047));
#1973 = CARTESIAN_POINT('',(3.772956418246,2.097845274446));
#1974 = CARTESIAN_POINT('',(3.882189504477,2.129546468537));
#1975 = CARTESIAN_POINT('',(4.097341520391,2.190442128607));
#1976 = CARTESIAN_POINT('',(4.205334691828,2.220066555479));
#1977 = CARTESIAN_POINT('',(4.309973521449,2.245300135317));
#1978 = CARTESIAN_POINT('',(4.412149998049,2.264884681063));
#1979 = CARTESIAN_POINT('',(4.512707915389,2.278167878015));
#1980 = CARTESIAN_POINT('',(4.612480861127,2.284825478658));
#1981 = CARTESIAN_POINT('',(4.768389258542,2.284825478658));
#1982 = CARTESIAN_POINT('',(4.82438257978,2.282733761038));
#1983 = CARTESIAN_POINT('',(4.880511600586,2.27855133514));
#1984 = CARTESIAN_POINT('',(4.936916693662,2.272311960823));
#1985 = CARTESIAN_POINT('',(4.993738274101,2.264083605494));
#1986 = CARTESIAN_POINT('',(5.05112126987,2.253975005352));
#1987 = CARTESIAN_POINT('',(5.156891305261,2.232443103446));
#1988 = CARTESIAN_POINT('',(5.205043919891,2.221581582791));
#1989 = CARTESIAN_POINT('',(5.253774926012,2.209650093361));
#1990 = CARTESIAN_POINT('',(5.303179720894,2.196758992648));
#1991 = CARTESIAN_POINT('',(5.353356554102,2.183048415888));
#1992 = CARTESIAN_POINT('',(5.404409328014,2.168695020794));
#1993 = CARTESIAN_POINT('',(5.519669824992,2.135968515642));
#1994 = CARTESIAN_POINT('',(5.584540860867,2.117339365429));
#1995 = CARTESIAN_POINT('',(5.651098350252,2.09847115109));
#1996 = CARTESIAN_POINT('',(5.719408961361,2.079909232861));
#1997 = CARTESIAN_POINT('',(5.789563908187,2.062303366126));
#1998 = CARTESIAN_POINT('',(5.861686803855,2.046378584565));
#1999 = CARTESIAN_POINT('',(5.983793159059,2.024182501221));
#2000 = CARTESIAN_POINT('',(6.032500329511,2.016496294844));
#2001 = CARTESIAN_POINT('',(6.081891781425,2.010058584282));
#2002 = CARTESIAN_POINT('',(6.131803347766,2.0050748648));
#2003 = CARTESIAN_POINT('',(6.182085234059,2.00169488397));
#2004 = CARTESIAN_POINT('',(6.232594135528,2.));
#2005 = CARTESIAN_POINT('',(6.28318530718,2.));
#2006 = ( GEOMETRIC_REPRESENTATION_CONTEXT(2) 
PARAMETRIC_REPRESENTATION_CONTEXT() REPRESENTATION_CONTEXT('2D SPACE',''
  ) );
#2007 = FACE_BOUND('',#2008,.F.);
#2008 = EDGE_LOOP('',(#2009,#2084,#2110));
#2009 = ORIENTED_EDGE('',*,*,#2010,.F.);
#2010 = EDGE_CURVE('',#2011,#2013,#2015,.T.);
#2011 = VERTEX_POINT('',#2012);
#2012 = CARTESIAN_POINT('',(18.643300711858,-35.1068346418,100.360813873
    ));
#2013 = VERTEX_POINT('',#2014);
#2014 = CARTESIAN_POINT('',(22.,-33.1068346418,101.75));
#2015 = SURFACE_CURVE('',#2016,(#2035,#2057),.PCURVE_S1.);
#2016 = B_SPLINE_CURVE_WITH_KNOTS('',5,(#2017,#2018,#2019,#2020,#2021,
    #2022,#2023,#2024,#2025,#2026,#2027,#2028,#2029,#2030,#2031,#2032,
    #2033,#2034),.UNSPECIFIED.,.F.,.F.,(6,4,4,4,6),(0.,0.15297854418,
    0.46621617278,0.821194205115,1.),.UNSPECIFIED.);
#2017 = CARTESIAN_POINT('',(18.64329958201,-35.1068352418,
    100.36081274454));
#2018 = CARTESIAN_POINT('',(18.723773533001,-35.06409997482,
    100.44118822674));
#2019 = CARTESIAN_POINT('',(18.806854137497,-35.01968496027,
    100.51935610612));
#2020 = CARTESIAN_POINT('',(18.892453550862,-34.97359630201,
    100.59517908018));
#2021 = CARTESIAN_POINT('',(18.980465416577,-34.92585037766,
    100.66852405875));
#2022 = CARTESIAN_POINT('',(19.255661288353,-34.77537083701,
    100.88410493565));
#2023 = CARTESIAN_POINT('',(19.450209644344,-34.66739844767,
    101.01806684241));
#2024 = CARTESIAN_POINT('',(19.653230028427,-34.55284638197,
    101.13994732497));
#2025 = CARTESIAN_POINT('',(19.863344848433,-34.43214331646,
    101.24886169907));
#2026 = CARTESIAN_POINT('',(20.323476491093,-34.16283098741,
    101.45232535531));
#2027 = CARTESIAN_POINT('',(20.574951967866,-34.01272119206,
    101.54296970311));
#2028 = CARTESIAN_POINT('',(20.831270255722,-33.8564554032,101.615395853
    ));
#2029 = CARTESIAN_POINT('',(21.090128987247,-33.69515218523,
    101.66937169672));
#2030 = CARTESIAN_POINT('',(21.479683554856,-33.44711685533,
    101.72325362234));
#2031 = CARTESIAN_POINT('',(21.610252199676,-33.36308965681,
    101.73670312796));
#2032 = CARTESIAN_POINT('',(21.740652853903,-33.27826407155,
    101.74559675349));
#2033 = CARTESIAN_POINT('',(21.870646587907,-33.19279197046,101.75));
#2034 = CARTESIAN_POINT('',(22.,-33.1068346418,101.75));
#2035 = PCURVE('',#428,#2036);
#2036 = DEFINITIONAL_REPRESENTATION('',(#2037),#2056);
#2037 = B_SPLINE_CURVE_WITH_KNOTS('',5,(#2038,#2039,#2040,#2041,#2042,
    #2043,#2044,#2045,#2046,#2047,#2048,#2049,#2050,#2051,#2052,#2053,
    #2054,#2055),.UNSPECIFIED.,.F.,.F.,(6,4,4,4,6),(0.,0.15297854418,
    0.46621617278,0.821194205115,1.),.UNSPECIFIED.);
#2038 = CARTESIAN_POINT('',(-5.200562823334,-19.66081274454));
#2039 = CARTESIAN_POINT('',(-5.202855082104,-19.74118822674));
#2040 = CARTESIAN_POINT('',(-5.205225076722,-19.81935610612));
#2041 = CARTESIAN_POINT('',(-5.207670808187,-19.89517908018));
#2042 = CARTESIAN_POINT('',(-5.210189755987,-19.96852405875));
#2043 = CARTESIAN_POINT('',(-5.218080343581,-20.18410493565));
#2044 = CARTESIAN_POINT('',(-5.223677766392,-20.31806684241));
#2045 = CARTESIAN_POINT('',(-5.229541911578,-20.43994732497));
#2046 = CARTESIAN_POINT('',(-5.235637732489,-20.54886169907));
#2047 = CARTESIAN_POINT('',(-5.249050342641,-20.75232535531));
#2048 = CARTESIAN_POINT('',(-5.25641787054,-20.84296970311));
#2049 = CARTESIAN_POINT('',(-5.263969520319,-20.915395853));
#2050 = CARTESIAN_POINT('',(-5.271642177137,-20.96937169672));
#2051 = CARTESIAN_POINT('',(-5.28326019702,-21.02325362234));
#2052 = CARTESIAN_POINT('',(-5.287166311418,-21.03670312796));
#2053 = CARTESIAN_POINT('',(-5.291079773213,-21.04559675349));
#2054 = CARTESIAN_POINT('',(-5.29499358436,-21.05));
#2055 = CARTESIAN_POINT('',(-5.298900735662,-21.05));
#2056 = ( GEOMETRIC_REPRESENTATION_CONTEXT(2) 
PARAMETRIC_REPRESENTATION_CONTEXT() REPRESENTATION_CONTEXT('2D SPACE',''
  ) );
#2057 = PCURVE('',#2058,#2063);
#2058 = CYLINDRICAL_SURFACE('',#2059,4.75);
#2059 = AXIS2_PLACEMENT_3D('',#2060,#2061,#2062);
#2060 = CARTESIAN_POINT('',(22.,-35.1068346418,97.));
#2061 = DIRECTION('',(0.,1.,0.));
#2062 = DIRECTION('',(0.,-0.,1.));
#2063 = DEFINITIONAL_REPRESENTATION('',(#2064),#2083);
#2064 = B_SPLINE_CURVE_WITH_KNOTS('',5,(#2065,#2066,#2067,#2068,#2069,
    #2070,#2071,#2072,#2073,#2074,#2075,#2076,#2077,#2078,#2079,#2080,
    #2081,#2082),.UNSPECIFIED.,.F.,.F.,(6,4,4,4,6),(0.,0.15297854418,
    0.46621617278,0.821194205115,1.),.UNSPECIFIED.);
#2065 = CARTESIAN_POINT('',(5.498399323608,-6.E-07));
#2066 = CARTESIAN_POINT('',(5.522344112297,4.273466697986E-02));
#2067 = CARTESIAN_POINT('',(5.546348709696,8.714968153187E-02));
#2068 = CARTESIAN_POINT('',(5.570408340278,0.133238339793));
#2069 = CARTESIAN_POINT('',(5.594516636437,0.180984264139));
#2070 = CARTESIAN_POINT('',(5.668112939586,0.331463804791));
#2071 = CARTESIAN_POINT('',(5.71774719404,0.43943619413));
#2072 = CARTESIAN_POINT('',(5.767468984327,0.553988259834));
#2073 = CARTESIAN_POINT('',(5.817197947103,0.67469132534));
#2074 = CARTESIAN_POINT('',(5.923115615017,0.944003654389));
#2075 = CARTESIAN_POINT('',(5.979252733513,1.094113449745));
#2076 = CARTESIAN_POINT('',(6.035142365938,1.250379238601));
#2077 = CARTESIAN_POINT('',(6.090681938345,1.41168245657));
#2078 = CARTESIAN_POINT('',(6.17347421201,1.659717786469));
#2079 = CARTESIAN_POINT('',(6.201091020571,1.743744984995));
#2080 = CARTESIAN_POINT('',(6.228585951655,1.82857057025));
#2081 = CARTESIAN_POINT('',(6.255953009897,1.914042671345));
#2082 = CARTESIAN_POINT('',(6.28318530718,2.));
#2083 = ( GEOMETRIC_REPRESENTATION_CONTEXT(2) 
PARAMETRIC_REPRESENTATION_CONTEXT() REPRESENTATION_CONTEXT('2D SPACE',''
  ) );
#2084 = ORIENTED_EDGE('',*,*,#2085,.T.);
#2085 = EDGE_CURVE('',#2011,#2086,#2088,.T.);
#2086 = VERTEX_POINT('',#2087);
#2087 = CARTESIAN_POINT('',(18.643300711858,-35.1068346418,
    93.639186126994));
#2088 = SURFACE_CURVE('',#2089,(#2093,#2099),.PCURVE_S1.);
#2089 = LINE('',#2090,#2091);
#2090 = CARTESIAN_POINT('',(18.643300711858,-35.1068346418,80.7));
#2091 = VECTOR('',#2092,1.);
#2092 = DIRECTION('',(-0.,-0.,-1.));
#2093 = PCURVE('',#428,#2094);
#2094 = DEFINITIONAL_REPRESENTATION('',(#2095),#2098);
#2095 = B_SPLINE_CURVE_WITH_KNOTS('',1,(#2096,#2097),.UNSPECIFIED.,.F.,
  .F.,(2,2),(-22.,-10.6),.PIECEWISE_BEZIER_KNOTS.);
#2096 = CARTESIAN_POINT('',(-5.200562855517,-22.));
#2097 = CARTESIAN_POINT('',(-5.200562855517,-10.6));
#2098 = ( GEOMETRIC_REPRESENTATION_CONTEXT(2) 
PARAMETRIC_REPRESENTATION_CONTEXT() REPRESENTATION_CONTEXT('2D SPACE',''
  ) );
#2099 = PCURVE('',#2100,#2105);
#2100 = PLANE('',#2101);
#2101 = AXIS2_PLACEMENT_3D('',#2102,#2103,#2104);
#2102 = CARTESIAN_POINT('',(22.,-35.1068346418,97.));
#2103 = DIRECTION('',(0.,1.,0.));
#2104 = DIRECTION('',(0.,-0.,1.));
#2105 = DEFINITIONAL_REPRESENTATION('',(#2106),#2109);
#2106 = B_SPLINE_CURVE_WITH_KNOTS('',1,(#2107,#2108),.UNSPECIFIED.,.F.,
  .F.,(2,2),(-22.,-10.6),.PIECEWISE_BEZIER_KNOTS.);
#2107 = CARTESIAN_POINT('',(5.7,-3.356699288142));
#2108 = CARTESIAN_POINT('',(-5.7,-3.356699288142));
#2109 = ( GEOMETRIC_REPRESENTATION_CONTEXT(2) 
PARAMETRIC_REPRESENTATION_CONTEXT() REPRESENTATION_CONTEXT('2D SPACE',''
  ) );
#2110 = ORIENTED_EDGE('',*,*,#2111,.F.);
#2111 = EDGE_CURVE('',#2013,#2086,#2112,.T.);
#2112 = SURFACE_CURVE('',#2113,(#2181,#2252),.PCURVE_S1.);
#2113 = B_SPLINE_CURVE_WITH_KNOTS('',6,(#2114,#2115,#2116,#2117,#2118,
    #2119,#2120,#2121,#2122,#2123,#2124,#2125,#2126,#2127,#2128,#2129,
    #2130,#2131,#2132,#2133,#2134,#2135,#2136,#2137,#2138,#2139,#2140,
    #2141,#2142,#2143,#2144,#2145,#2146,#2147,#2148,#2149,#2150,#2151,
    #2152,#2153,#2154,#2155,#2156,#2157,#2158,#2159,#2160,#2161,#2162,
    #2163,#2164,#2165,#2166,#2167,#2168,#2169,#2170,#2171,#2172,#2173,
    #2174,#2175,#2176,#2177,#2178,#2179,#2180),.UNSPECIFIED.,.F.,.F.,(7,
    5,5,5,5,5,5,5,5,5,5,5,5,7),(0.,8.724560179288E-02,0.160889983882,
    0.250461852709,0.292937723748,0.331795141999,0.406277097898,
    0.481113573083,0.562055327543,0.65055931056,0.719472272076,
    0.835733487136,0.913799116051,1.),.UNSPECIFIED.);
#2114 = CARTESIAN_POINT('',(22.,-33.1068346418,101.75));
#2115 = CARTESIAN_POINT('',(22.28064220064,-32.92034359,101.75));
#2116 = CARTESIAN_POINT('',(22.55816817385,-32.73180812918,
    101.73010244586));
#2117 = CARTESIAN_POINT('',(22.831069749254,-32.54229665118,
    101.69113710781));
#2118 = CARTESIAN_POINT('',(23.097982229835,-32.35293209085,
    101.63400290163));
#2119 = CARTESIAN_POINT('',(23.357668831254,-32.16487845329,
    101.55967028477));
#2120 = CARTESIAN_POINT('',(23.821159148264,-31.82270286119,
    101.3928035029));
#2121 = CARTESIAN_POINT('',(24.027478067115,-31.6677767724,
    101.30487276747));
#2122 = CARTESIAN_POINT('',(24.227494006717,-31.51510597257,
    101.20591646665));
#2123 = CARTESIAN_POINT('',(24.42076456324,-31.36526695357,
    101.09642355149));
#2124 = CARTESIAN_POINT('',(24.606866731262,-31.2188525367,
    100.97684791012));
#2125 = CARTESIAN_POINT('',(25.002525355663,-30.90329050272,
    100.69041968962));
#2126 = CARTESIAN_POINT('',(25.208532547244,-30.73600864984,
    100.51887486395));
#2127 = CARTESIAN_POINT('',(25.402618638196,-30.57575309755,
    100.33373597738));
#2128 = CARTESIAN_POINT('',(25.583999394585,-30.42370484476,
    100.13572182785));
#2129 = CARTESIAN_POINT('',(25.751865977393,-30.28109721595,
    99.925526529728));
#2130 = CARTESIAN_POINT('',(25.978134829086,-30.08667843777,
    99.598709785896));
#2131 = CARTESIAN_POINT('',(26.047676987952,-30.02655835957,
    99.491008602778));
#2132 = CARTESIAN_POINT('',(26.113866082411,-29.96901122409,
    99.38083742765));
#2133 = CARTESIAN_POINT('',(26.176594043545,-29.91418774053,
    99.268302881657));
#2134 = CARTESIAN_POINT('',(26.235755927508,-29.86223510444,
    99.153514342486));
#2135 = CARTESIAN_POINT('',(26.342016457807,-29.76852785165,
    98.929614663353));
#2136 = CARTESIAN_POINT('',(26.389713613427,-29.7262808194,
    98.820851748625));
#2137 = CARTESIAN_POINT('',(26.434249842255,-29.68667796512,
    98.710409632789));
#2138 = CARTESIAN_POINT('',(26.475540701342,-29.64983252601,
    98.598405524127));
#2139 = CARTESIAN_POINT('',(26.513508844923,-29.61584891234,
    98.484959406599));
#2140 = CARTESIAN_POINT('',(26.614357778837,-29.52535163278,
    98.150211617688));
#2141 = CARTESIAN_POINT('',(26.668193879413,-29.47671932204,
    97.925283958261));
#2142 = CARTESIAN_POINT('',(26.708981909818,-29.43969987351,
    97.696578861395));
#2143 = CARTESIAN_POINT('',(26.736319510251,-29.41482660057,
    97.465307129453));
#2144 = CARTESIAN_POINT('',(26.75,-29.40238085597,97.232702236922));
#2145 = CARTESIAN_POINT('',(26.75,-29.40238085597,96.766190146743));
#2146 = CARTESIAN_POINT('',(26.73618896065,-29.41494535622,
    96.532479936443));
#2147 = CARTESIAN_POINT('',(26.708590922407,-29.44005562133,
    96.300122056803));
#2148 = CARTESIAN_POINT('',(26.667416367253,-29.47742500281,
    96.070366814034));
#2149 = CARTESIAN_POINT('',(26.613074936957,-29.52651042462,
    95.844441320238));
#2150 = CARTESIAN_POINT('',(26.473844634838,-29.65143330548,
    95.384593635094));
#2151 = CARTESIAN_POINT('',(26.386842366763,-29.72911190041,
    95.151577235528));
#2152 = CARTESIAN_POINT('',(26.285818479413,-29.81870111141,
    94.925427624295));
#2153 = CARTESIAN_POINT('',(26.171468979253,-29.91921979441,
    94.707062363109));
#2154 = CARTESIAN_POINT('',(26.044571114348,-30.02958861706,
    94.497352912877));
#2155 = CARTESIAN_POINT('',(25.754494479652,-30.27884441621,
    94.078156930423));
#2156 = CARTESIAN_POINT('',(25.588956591345,-30.41949894152,
    93.870409900726));
#2157 = CARTESIAN_POINT('',(25.410227886126,-30.56937842245,
    93.674530406795));
#2158 = CARTESIAN_POINT('',(25.219088486387,-30.72729408222,
    93.491187212713));
#2159 = CARTESIAN_POINT('',(25.016294770648,-30.89210688168,
    93.321072004759));
#2160 = CARTESIAN_POINT('',(24.636228300253,-31.19557801991,
    93.043326179089));
#2161 = CARTESIAN_POINT('',(24.463198477844,-31.33198564317,
    92.930166886007));
#2162 = CARTESIAN_POINT('',(24.283855298941,-31.47145427216,
    92.825777743861));
#2163 = CARTESIAN_POINT('',(24.098540989814,-31.61349971438,
    92.730525043734));
#2164 = CARTESIAN_POINT('',(23.907610846996,-31.75765081764,
    92.644802409479));
#2165 = CARTESIAN_POINT('',(23.380478773748,-32.14942846426,
    92.441200506171));
#2166 = CARTESIAN_POINT('',(23.033950031767,-32.40058144086,
    92.341445593433));
#2167 = CARTESIAN_POINT('',(22.674589217242,-32.65396971347,
    92.272409539359));
#2168 = CARTESIAN_POINT('',(22.305536136837,-32.9066972116,
    92.236402740116));
#2169 = CARTESIAN_POINT('',(21.930352613218,-33.15605285728,
    92.235408974474));
#2170 = CARTESIAN_POINT('',(21.299595762681,-33.56308483467,
    92.295033051557));
#2171 = CARTESIAN_POINT('',(21.045462212788,-33.72381217273,
    92.335494325566));
#2172 = CARTESIAN_POINT('',(20.792425775992,-33.88059786105,
    92.392845485824));
#2173 = CARTESIAN_POINT('',(20.542353076474,-34.03243402935,
    92.467126253089));
#2174 = CARTESIAN_POINT('',(20.297076767473,-34.17846754053,
    92.558042747684));
#2175 = CARTESIAN_POINT('',(19.794715632095,-34.47208972323,
    92.783051056463));
#2176 = CARTESIAN_POINT('',(19.53939598621,-34.61806006797,
    92.920505904932));
#2177 = CARTESIAN_POINT('',(19.294643344954,-34.75504373214,
    93.076428327462));
#2178 = CARTESIAN_POINT('',(19.062559097937,-34.88240762275,
    93.249448166002));
#2179 = CARTESIAN_POINT('',(18.844966833776,-34.99974091203,
    93.437766765907));
#2180 = CARTESIAN_POINT('',(18.64329958201,-35.1068352418,93.63918725546
    ));
#2181 = PCURVE('',#428,#2182);
#2182 = DEFINITIONAL_REPRESENTATION('',(#2183),#2251);
#2183 = B_SPLINE_CURVE_WITH_KNOTS('',6,(#2184,#2185,#2186,#2187,#2188,
    #2189,#2190,#2191,#2192,#2193,#2194,#2195,#2196,#2197,#2198,#2199,
    #2200,#2201,#2202,#2203,#2204,#2205,#2206,#2207,#2208,#2209,#2210,
    #2211,#2212,#2213,#2214,#2215,#2216,#2217,#2218,#2219,#2220,#2221,
    #2222,#2223,#2224,#2225,#2226,#2227,#2228,#2229,#2230,#2231,#2232,
    #2233,#2234,#2235,#2236,#2237,#2238,#2239,#2240,#2241,#2242,#2243,
    #2244,#2245,#2246,#2247,#2248,#2249,#2250),.UNSPECIFIED.,.F.,.F.,(7,
    5,5,5,5,5,5,5,5,5,5,5,5,7),(0.,8.724560179288E-02,0.160889983882,
    0.250461852709,0.292937723748,0.331795141999,0.406277097898,
    0.481113573083,0.562055327543,0.65055931056,0.719472272076,
    0.835733487136,0.913799116051,1.),.UNSPECIFIED.);
#2184 = CARTESIAN_POINT('',(-5.298900735662,-21.05));
#2185 = CARTESIAN_POINT('',(-5.307377601653,-21.05));
#2186 = CARTESIAN_POINT('',(-5.315817637383,-21.03010244586));
#2187 = CARTESIAN_POINT('',(-5.324175471038,-20.99113710781));
#2188 = CARTESIAN_POINT('',(-5.332407907097,-20.93400290163));
#2189 = CARTESIAN_POINT('',(-5.340473641706,-20.85967028477));
#2190 = CARTESIAN_POINT('',(-5.354967077171,-20.6928035029));
#2191 = CARTESIAN_POINT('',(-5.36145770032,-20.60487276747));
#2192 = CARTESIAN_POINT('',(-5.36778758505,-20.50591646665));
#2193 = CARTESIAN_POINT('',(-5.373939570936,-20.39642355149));
#2194 = CARTESIAN_POINT('',(-5.379896510876,-20.27684791012));
#2195 = CARTESIAN_POINT('',(-5.392628286464,-19.99041968962));
#2196 = CARTESIAN_POINT('',(-5.399304047433,-19.81887486395));
#2197 = CARTESIAN_POINT('',(-5.405635748806,-19.63373597738));
#2198 = CARTESIAN_POINT('',(-5.411589766596,-19.43572182785));
#2199 = CARTESIAN_POINT('',(-5.417130907455,-19.22552652972));
#2200 = CARTESIAN_POINT('',(-5.424635873502,-18.89870978589));
#2201 = CARTESIAN_POINT('',(-5.42694848705,-18.79100860277));
#2202 = CARTESIAN_POINT('',(-5.429154961557,-18.68083742765));
#2203 = CARTESIAN_POINT('',(-5.431250779297,-18.56830288165));
#2204 = CARTESIAN_POINT('',(-5.433231530736,-18.45351434248));
#2205 = CARTESIAN_POINT('',(-5.436795729969,-18.22961466335));
#2206 = CARTESIAN_POINT('',(-5.438398664808,-18.12085174862));
#2207 = CARTESIAN_POINT('',(-5.439897968755,-18.01040963278));
#2208 = CARTESIAN_POINT('',(-5.441290168528,-17.89840552412));
#2209 = CARTESIAN_POINT('',(-5.442572067856,-17.78495940659));
#2210 = CARTESIAN_POINT('',(-5.445980874288,-17.45021161768));
#2211 = CARTESIAN_POINT('',(-5.447806009053,-17.22528395826));
#2212 = CARTESIAN_POINT('',(-5.449191733977,-16.99657886139));
#2213 = CARTESIAN_POINT('',(-5.450121541107,-16.76530712945));
#2214 = CARTESIAN_POINT('',(-5.450586814925,-16.53270223692));
#2215 = CARTESIAN_POINT('',(-5.450586814925,-16.06619014674));
#2216 = CARTESIAN_POINT('',(-5.450117101308,-15.83247993644));
#2217 = CARTESIAN_POINT('',(-5.449178435602,-15.6001220568));
#2218 = CARTESIAN_POINT('',(-5.447779593882,-15.37036681403));
#2219 = CARTESIAN_POINT('',(-5.44593738465,-15.14444132023));
#2220 = CARTESIAN_POINT('',(-5.441231515764,-14.68459363509));
#2221 = CARTESIAN_POINT('',(-5.438297349316,-14.45157723552));
#2222 = CARTESIAN_POINT('',(-5.434900498537,-14.22542762429));
#2223 = CARTESIAN_POINT('',(-5.431070396002,-14.0070623631));
#2224 = CARTESIAN_POINT('',(-5.426839541921,-13.79735291287));
#2225 = CARTESIAN_POINT('',(-5.417217996954,-13.37815693042));
#2226 = CARTESIAN_POINT('',(-5.411753312127,-13.17040990072));
#2227 = CARTESIAN_POINT('',(-5.405885465831,-12.97453040679));
#2228 = CARTESIAN_POINT('',(-5.39964839365,-12.79118721271));
#2229 = CARTESIAN_POINT('',(-5.393074532689,-12.62107200475));
#2230 = CARTESIAN_POINT('',(-5.380839081576,-12.34332617908));
#2231 = CARTESIAN_POINT('',(-5.375296235151,-12.230166886));
#2232 = CARTESIAN_POINT('',(-5.369580948568,-12.12577774386));
#2233 = CARTESIAN_POINT('',(-5.363707174357,-12.03052504373));
#2234 = CARTESIAN_POINT('',(-5.357688830169,-11.94480240947));
#2235 = CARTESIAN_POINT('',(-5.341166101586,-11.74120050617));
#2236 = CARTESIAN_POINT('',(-5.33040028536,-11.64144559343));
#2237 = CARTESIAN_POINT('',(-5.319339824775,-11.57240953935));
#2238 = CARTESIAN_POINT('',(-5.308088787802,-11.53640274011));
#2239 = CARTESIAN_POINT('',(-5.2967567496,-11.53540897447));
#2240 = CARTESIAN_POINT('',(-5.277871571156,-11.59503305155));
#2241 = CARTESIAN_POINT('',(-5.270307248667,-11.63549432556));
#2242 = CARTESIAN_POINT('',(-5.26281909041,-11.69284548582));
#2243 = CARTESIAN_POINT('',(-5.255459554302,-11.76712625308));
#2244 = CARTESIAN_POINT('',(-5.248278454653,-11.85804274768));
#2245 = CARTESIAN_POINT('',(-5.233640042728,-12.08305105646));
#2246 = CARTESIAN_POINT('',(-5.226241616475,-12.22050590493));
#2247 = CARTESIAN_POINT('',(-5.219185947267,-12.37642832746));
#2248 = CARTESIAN_POINT('',(-5.212526244233,-12.549448166));
#2249 = CARTESIAN_POINT('',(-5.206307210442,-12.7377667659));
#2250 = CARTESIAN_POINT('',(-5.200562823334,-12.93918725546));
#2251 = ( GEOMETRIC_REPRESENTATION_CONTEXT(2) 
PARAMETRIC_REPRESENTATION_CONTEXT() REPRESENTATION_CONTEXT('2D SPACE',''
  ) );
#2252 = PCURVE('',#2058,#2253);
#2253 = DEFINITIONAL_REPRESENTATION('',(#2254),#2322);
#2254 = B_SPLINE_CURVE_WITH_KNOTS('',6,(#2255,#2256,#2257,#2258,#2259,
    #2260,#2261,#2262,#2263,#2264,#2265,#2266,#2267,#2268,#2269,#2270,
    #2271,#2272,#2273,#2274,#2275,#2276,#2277,#2278,#2279,#2280,#2281,
    #2282,#2283,#2284,#2285,#2286,#2287,#2288,#2289,#2290,#2291,#2292,
    #2293,#2294,#2295,#2296,#2297,#2298,#2299,#2300,#2301,#2302,#2303,
    #2304,#2305,#2306,#2307,#2308,#2309,#2310,#2311,#2312,#2313,#2314,
    #2315,#2316,#2317,#2318,#2319,#2320,#2321),.UNSPECIFIED.,.F.,.F.,(7,
    5,5,5,5,5,5,5,5,5,5,5,5,7),(0.,8.724560179288E-02,0.160889983882,
    0.250461852709,0.292937723748,0.331795141999,0.406277097898,
    0.481113573083,0.562055327543,0.65055931056,0.719472272076,
    0.835733487136,0.913799116051,1.),.UNSPECIFIED.);
#2255 = CARTESIAN_POINT('',(0.,2.));
#2256 = CARTESIAN_POINT('',(5.908256855589E-02,2.186491051799));
#2257 = CARTESIAN_POINT('',(0.117509193349,2.375026512626));
#2258 = CARTESIAN_POINT('',(0.175333102454,2.564537990628));
#2259 = CARTESIAN_POINT('',(0.232597983248,2.753902550954));
#2260 = CARTESIAN_POINT('',(0.289337563403,2.941956188511));
#2261 = CARTESIAN_POINT('',(0.393045612355,3.284131780611));
#2262 = CARTESIAN_POINT('',(0.440183936971,3.439057869407));
#2263 = CARTESIAN_POINT('',(0.48705252157,3.591728669233));
#2264 = CARTESIAN_POINT('',(0.533708155956,3.741567688234));
#2265 = CARTESIAN_POINT('',(0.580206237648,3.887982105101));
#2266 = CARTESIAN_POINT('',(0.683038564406,4.203544139084));
#2267 = CARTESIAN_POINT('',(0.73934675227,4.370825991968));
#2268 = CARTESIAN_POINT('',(0.795623909929,4.531081544255));
#2269 = CARTESIAN_POINT('',(0.851963564346,4.683129797046));
#2270 = CARTESIAN_POINT('',(0.90846313357,4.825737425851));
#2271 = CARTESIAN_POINT('',(0.992147483731,5.020156204034));
#2272 = CARTESIAN_POINT('',(1.019123302113,5.080276282236));
#2273 = CARTESIAN_POINT('',(1.046159913689,5.137823417709));
#2274 = CARTESIAN_POINT('',(1.073261782538,5.192646901274));
#2275 = CARTESIAN_POINT('',(1.100434069839,5.244599537361));
#2276 = CARTESIAN_POINT('',(1.152609935506,5.338306790151));
#2277 = CARTESIAN_POINT('',(1.177601293782,5.380553822406));
#2278 = CARTESIAN_POINT('',(1.202654642618,5.420156676681));
#2279 = CARTESIAN_POINT('',(1.227768601861,5.457002115792));
#2280 = CARTESIAN_POINT('',(1.252942477286,5.490985729467));
#2281 = CARTESIAN_POINT('',(1.326544413203,5.581483009028));
#2282 = CARTESIAN_POINT('',(1.375154047178,5.630115319759));
#2283 = CARTESIAN_POINT('',(1.423936585567,5.667134768292));
#2284 = CARTESIAN_POINT('',(1.472836879239,5.692008041228));
#2285 = CARTESIAN_POINT('',(1.52180638218,5.704453785829));
#2286 = CARTESIAN_POINT('',(1.620019453796,5.704453785829));
#2287 = CARTESIAN_POINT('',(1.669221656916,5.691889285579));
#2288 = CARTESIAN_POINT('',(1.718353645477,5.66677902047));
#2289 = CARTESIAN_POINT('',(1.76736634939,5.62940963899));
#2290 = CARTESIAN_POINT('',(1.816203945431,5.580324217183));
#2291 = CARTESIAN_POINT('',(1.917354111205,5.455401336319));
#2292 = CARTESIAN_POINT('',(1.96961316596,5.377722741394));
#2293 = CARTESIAN_POINT('',(2.021604940275,5.288133530391));
#2294 = CARTESIAN_POINT('',(2.073349590247,5.187614847396));
#2295 = CARTESIAN_POINT('',(2.124856074449,5.077246024744));
#2296 = CARTESIAN_POINT('',(2.232176956743,4.82799022559));
#2297 = CARTESIAN_POINT('',(2.287972774159,4.687335700283));
#2298 = CARTESIAN_POINT('',(2.343611120896,4.53745621935));
#2299 = CARTESIAN_POINT('',(2.399185760943,4.379540559581));
#2300 = CARTESIAN_POINT('',(2.454786724696,4.214727760126));
#2301 = CARTESIAN_POINT('',(2.553889238138,3.911256621889));
#2302 = CARTESIAN_POINT('',(2.597356282042,3.774848998628));
#2303 = CARTESIAN_POINT('',(2.640954077351,3.63538036964));
#2304 = CARTESIAN_POINT('',(2.684728686602,3.493334927425));
#2305 = CARTESIAN_POINT('',(2.72872711557,3.349183824168));
#2306 = CARTESIAN_POINT('',(2.847692546462,2.957406177541));
#2307 = CARTESIAN_POINT('',(2.92331284205,2.706253200942));
#2308 = CARTESIAN_POINT('',(2.999872969661,2.452864928329));
#2309 = CARTESIAN_POINT('',(3.077424790117,2.200137430201));
#2310 = CARTESIAN_POINT('',(3.156040573018,1.950781784526));
#2311 = CARTESIAN_POINT('',(3.289423446836,1.543749807129));
#2312 = CARTESIAN_POINT('',(3.343489443824,1.383022469075));
#2313 = CARTESIAN_POINT('',(3.397937017367,1.226236780757));
#2314 = CARTESIAN_POINT('',(3.45267760504,1.07440061245));
#2315 = CARTESIAN_POINT('',(3.507627539654,0.928367101272));
#2316 = CARTESIAN_POINT('',(3.623511797387,0.634744918571));
#2317 = CARTESIAN_POINT('',(3.684396514487,0.488774573836));
#2318 = CARTESIAN_POINT('',(3.745244498713,0.351790909662));
#2319 = CARTESIAN_POINT('',(3.80594487482,0.224427019058));
#2320 = CARTESIAN_POINT('',(3.866373136381,0.10709372977));
#2321 = CARTESIAN_POINT('',(3.926378637162,-6.E-07));
#2322 = ( GEOMETRIC_REPRESENTATION_CONTEXT(2) 
PARAMETRIC_REPRESENTATION_CONTEXT() REPRESENTATION_CONTEXT('2D SPACE',''
  ) );
#2323 = ADVANCED_FACE('',(#2324),#401,.T.);
#2324 = FACE_BOUND('',#2325,.T.);
#2325 = EDGE_LOOP('',(#2326,#2327,#2328,#2356,#2384,#2410));
#2326 = ORIENTED_EDGE('',*,*,#1055,.T.);
#2327 = ORIENTED_EDGE('',*,*,#386,.T.);
#2328 = ORIENTED_EDGE('',*,*,#2329,.T.);
#2329 = EDGE_CURVE('',#361,#2330,#2332,.T.);
#2330 = VERTEX_POINT('',#2331);
#2331 = CARTESIAN_POINT('',(36.75,-2.25,109.));
#2332 = SURFACE_CURVE('',#2333,(#2338,#2349),.PCURVE_S1.);
#2333 = CIRCLE('',#2334,2.25);
#2334 = AXIS2_PLACEMENT_3D('',#2335,#2336,#2337);
#2335 = CARTESIAN_POINT('',(36.75,0.,109.));
#2336 = DIRECTION('',(0.,0.,-1.));
#2337 = DIRECTION('',(0.,1.,0.));
#2338 = PCURVE('',#401,#2339);
#2339 = DEFINITIONAL_REPRESENTATION('',(#2340),#2348);
#2340 = ( BOUNDED_CURVE() B_SPLINE_CURVE(2,(#2341,#2342,#2343,#2344,
#2345,#2346,#2347),.UNSPECIFIED.,.T.,.F.) B_SPLINE_CURVE_WITH_KNOTS((1,2
    ,2,2,2,1),(-2.094395102393,0.,2.094395102393,4.188790204786,
6.28318530718,8.377580409573),.UNSPECIFIED.) CURVE() 
GEOMETRIC_REPRESENTATION_ITEM() RATIONAL_B_SPLINE_CURVE((1.,0.5,1.,0.5,
1.,0.5,1.)) REPRESENTATION_ITEM('') );
#2341 = CARTESIAN_POINT('',(36.75,2.25));
#2342 = CARTESIAN_POINT('',(40.64711431703,2.25));
#2343 = CARTESIAN_POINT('',(38.698557158515,-1.125));
#2344 = CARTESIAN_POINT('',(36.75,-4.5));
#2345 = CARTESIAN_POINT('',(34.801442841485,-1.125));
#2346 = CARTESIAN_POINT('',(32.85288568297,2.25));
#2347 = CARTESIAN_POINT('',(36.75,2.25));
#2348 = ( GEOMETRIC_REPRESENTATION_CONTEXT(2) 
PARAMETRIC_REPRESENTATION_CONTEXT() REPRESENTATION_CONTEXT('2D SPACE',''
  ) );
#2349 = PCURVE('',#375,#2350);
#2350 = DEFINITIONAL_REPRESENTATION('',(#2351),#2355);
#2351 = LINE('',#2352,#2353);
#2352 = CARTESIAN_POINT('',(-0.,1.5));
#2353 = VECTOR('',#2354,1.);
#2354 = DIRECTION('',(-1.,0.));
#2355 = ( GEOMETRIC_REPRESENTATION_CONTEXT(2) 
PARAMETRIC_REPRESENTATION_CONTEXT() REPRESENTATION_CONTEXT('2D SPACE',''
  ) );
#2356 = ORIENTED_EDGE('',*,*,#2357,.T.);
#2357 = EDGE_CURVE('',#2330,#2358,#2360,.T.);
#2358 = VERTEX_POINT('',#2359);
#2359 = CARTESIAN_POINT('',(-36.75,-2.25,109.));
#2360 = SURFACE_CURVE('',#2361,(#2365,#2372),.PCURVE_S1.);
#2361 = LINE('',#2362,#2363);
#2362 = CARTESIAN_POINT('',(36.75,-2.25,109.));
#2363 = VECTOR('',#2364,1.);
#2364 = DIRECTION('',(-1.,0.,0.));
#2365 = PCURVE('',#401,#2366);
#2366 = DEFINITIONAL_REPRESENTATION('',(#2367),#2371);
#2367 = LINE('',#2368,#2369);
#2368 = CARTESIAN_POINT('',(36.75,-2.25));
#2369 = VECTOR('',#2370,1.);
#2370 = DIRECTION('',(-1.,0.));
#2371 = ( GEOMETRIC_REPRESENTATION_CONTEXT(2) 
PARAMETRIC_REPRESENTATION_CONTEXT() REPRESENTATION_CONTEXT('2D SPACE',''
  ) );
#2372 = PCURVE('',#2373,#2378);
#2373 = PLANE('',#2374);
#2374 = AXIS2_PLACEMENT_3D('',#2375,#2376,#2377);
#2375 = CARTESIAN_POINT('',(36.75,-2.25,109.));
#2376 = DIRECTION('',(0.,0.707106781187,0.707106781187));
#2377 = DIRECTION('',(-1.,0.,0.));
#2378 = DEFINITIONAL_REPRESENTATION('',(#2379),#2383);
#2379 = LINE('',#2380,#2381);
#2380 = CARTESIAN_POINT('',(0.,0.));
#2381 = VECTOR('',#2382,1.);
#2382 = DIRECTION('',(1.,0.));
#2383 = ( GEOMETRIC_REPRESENTATION_CONTEXT(2) 
PARAMETRIC_REPRESENTATION_CONTEXT() REPRESENTATION_CONTEXT('2D SPACE',''
  ) );
#2384 = ORIENTED_EDGE('',*,*,#2385,.T.);
#2385 = EDGE_CURVE('',#2358,#692,#2386,.T.);
#2386 = SURFACE_CURVE('',#2387,(#2392,#2403),.PCURVE_S1.);
#2387 = CIRCLE('',#2388,2.25);
#2388 = AXIS2_PLACEMENT_3D('',#2389,#2390,#2391);
#2389 = CARTESIAN_POINT('',(-36.75,0.,109.));
#2390 = DIRECTION('',(0.,-0.,-1.));
#2391 = DIRECTION('',(0.,-1.,0.));
#2392 = PCURVE('',#401,#2393);
#2393 = DEFINITIONAL_REPRESENTATION('',(#2394),#2402);
#2394 = ( BOUNDED_CURVE() B_SPLINE_CURVE(2,(#2395,#2396,#2397,#2398,
#2399,#2400,#2401),.UNSPECIFIED.,.T.,.F.) B_SPLINE_CURVE_WITH_KNOTS((1,2
    ,2,2,2,1),(-2.094395102393,0.,2.094395102393,4.188790204786,
6.28318530718,8.377580409573),.UNSPECIFIED.) CURVE() 
GEOMETRIC_REPRESENTATION_ITEM() RATIONAL_B_SPLINE_CURVE((1.,0.5,1.,0.5,
1.,0.5,1.)) REPRESENTATION_ITEM('') );
#2395 = CARTESIAN_POINT('',(-36.75,-2.25));
#2396 = CARTESIAN_POINT('',(-40.64711431703,-2.25));
#2397 = CARTESIAN_POINT('',(-38.69855715851,1.125));
#2398 = CARTESIAN_POINT('',(-36.75,4.5));
#2399 = CARTESIAN_POINT('',(-34.80144284148,1.125));
#2400 = CARTESIAN_POINT('',(-32.85288568297,-2.25));
#2401 = CARTESIAN_POINT('',(-36.75,-2.25));
#2402 = ( GEOMETRIC_REPRESENTATION_CONTEXT(2) 
PARAMETRIC_REPRESENTATION_CONTEXT() REPRESENTATION_CONTEXT('2D SPACE',''
  ) );
#2403 = PCURVE('',#727,#2404);
#2404 = DEFINITIONAL_REPRESENTATION('',(#2405),#2409);
#2405 = LINE('',#2406,#2407);
#2406 = CARTESIAN_POINT('',(-0.,1.5));
#2407 = VECTOR('',#2408,1.);
#2408 = DIRECTION('',(-1.,0.));
#2409 = ( GEOMETRIC_REPRESENTATION_CONTEXT(2) 
PARAMETRIC_REPRESENTATION_CONTEXT() REPRESENTATION_CONTEXT('2D SPACE',''
  ) );
#2410 = ORIENTED_EDGE('',*,*,#691,.T.);
#2411 = ADVANCED_FACE('',(#2412),#375,.F.);
#2412 = FACE_BOUND('',#2413,.T.);
#2413 = EDGE_LOOP('',(#2414,#2415,#2438,#2456));
#2414 = ORIENTED_EDGE('',*,*,#360,.F.);
#2415 = ORIENTED_EDGE('',*,*,#2416,.T.);
#2416 = EDGE_CURVE('',#335,#2417,#2419,.T.);
#2417 = VERTEX_POINT('',#2418);
#2418 = CARTESIAN_POINT('',(36.75,-0.75,107.5));
#2419 = SURFACE_CURVE('',#2420,(#2425,#2431),.PCURVE_S1.);
#2420 = CIRCLE('',#2421,0.75);
#2421 = AXIS2_PLACEMENT_3D('',#2422,#2423,#2424);
#2422 = CARTESIAN_POINT('',(36.75,0.,107.5));
#2423 = DIRECTION('',(0.,0.,-1.));
#2424 = DIRECTION('',(0.,1.,0.));
#2425 = PCURVE('',#375,#2426);
#2426 = DEFINITIONAL_REPRESENTATION('',(#2427),#2430);
#2427 = B_SPLINE_CURVE_WITH_KNOTS('',1,(#2428,#2429),.UNSPECIFIED.,.F.,
  .F.,(2,2),(0.,3.14159265359),.PIECEWISE_BEZIER_KNOTS.);
#2428 = CARTESIAN_POINT('',(0.,0.));
#2429 = CARTESIAN_POINT('',(-3.14159265359,0.));
#2430 = ( GEOMETRIC_REPRESENTATION_CONTEXT(2) 
PARAMETRIC_REPRESENTATION_CONTEXT() REPRESENTATION_CONTEXT('2D SPACE',''
  ) );
#2431 = PCURVE('',#349,#2432);
#2432 = DEFINITIONAL_REPRESENTATION('',(#2433),#2437);
#2433 = LINE('',#2434,#2435);
#2434 = CARTESIAN_POINT('',(0.,-8.501));
#2435 = VECTOR('',#2436,1.);
#2436 = DIRECTION('',(1.,0.));
#2437 = ( GEOMETRIC_REPRESENTATION_CONTEXT(2) 
PARAMETRIC_REPRESENTATION_CONTEXT() REPRESENTATION_CONTEXT('2D SPACE',''
  ) );
#2438 = ORIENTED_EDGE('',*,*,#2439,.T.);
#2439 = EDGE_CURVE('',#2417,#2330,#2440,.T.);
#2440 = SURFACE_CURVE('',#2441,(#2444,#2450),.PCURVE_S1.);
#2441 = B_SPLINE_CURVE_WITH_KNOTS('',1,(#2442,#2443),.UNSPECIFIED.,.F.,
  .F.,(2,2),(0.,1.),.PIECEWISE_BEZIER_KNOTS.);
#2442 = CARTESIAN_POINT('',(36.75,-0.75,107.5));
#2443 = CARTESIAN_POINT('',(36.75,-2.25,109.));
#2444 = PCURVE('',#375,#2445);
#2445 = DEFINITIONAL_REPRESENTATION('',(#2446),#2449);
#2446 = B_SPLINE_CURVE_WITH_KNOTS('',1,(#2447,#2448),.UNSPECIFIED.,.F.,
  .F.,(2,2),(0.,1.),.PIECEWISE_BEZIER_KNOTS.);
#2447 = CARTESIAN_POINT('',(-3.14159265359,0.));
#2448 = CARTESIAN_POINT('',(-3.14159265359,1.5));
#2449 = ( GEOMETRIC_REPRESENTATION_CONTEXT(2) 
PARAMETRIC_REPRESENTATION_CONTEXT() REPRESENTATION_CONTEXT('2D SPACE',''
  ) );
#2450 = PCURVE('',#2373,#2451);
#2451 = DEFINITIONAL_REPRESENTATION('',(#2452),#2455);
#2452 = B_SPLINE_CURVE_WITH_KNOTS('',1,(#2453,#2454),.UNSPECIFIED.,.F.,
  .F.,(2,2),(0.,1.),.PIECEWISE_BEZIER_KNOTS.);
#2453 = CARTESIAN_POINT('',(0.,-2.12132034356));
#2454 = CARTESIAN_POINT('',(0.,0.));
#2455 = ( GEOMETRIC_REPRESENTATION_CONTEXT(2) 
PARAMETRIC_REPRESENTATION_CONTEXT() REPRESENTATION_CONTEXT('2D SPACE',''
  ) );
#2456 = ORIENTED_EDGE('',*,*,#2329,.F.);
#2457 = ADVANCED_FACE('',(#2458),#349,.F.);
#2458 = FACE_BOUND('',#2459,.F.);
#2459 = EDGE_LOOP('',(#2460,#2461,#2462,#2490,#2520));
#2460 = ORIENTED_EDGE('',*,*,#334,.F.);
#2461 = ORIENTED_EDGE('',*,*,#2416,.T.);
#2462 = ORIENTED_EDGE('',*,*,#2463,.F.);
#2463 = EDGE_CURVE('',#2464,#2417,#2466,.T.);
#2464 = VERTEX_POINT('',#2465);
#2465 = CARTESIAN_POINT('',(36.75,-0.75,98.999));
#2466 = SURFACE_CURVE('',#2467,(#2471,#2478),.PCURVE_S1.);
#2467 = LINE('',#2468,#2469);
#2468 = CARTESIAN_POINT('',(36.75,-0.75,98.999));
#2469 = VECTOR('',#2470,1.);
#2470 = DIRECTION('',(0.,0.,1.));
#2471 = PCURVE('',#349,#2472);
#2472 = DEFINITIONAL_REPRESENTATION('',(#2473),#2477);
#2473 = LINE('',#2474,#2475);
#2474 = CARTESIAN_POINT('',(3.14159265359,0.));
#2475 = VECTOR('',#2476,1.);
#2476 = DIRECTION('',(0.,-1.));
#2477 = ( GEOMETRIC_REPRESENTATION_CONTEXT(2) 
PARAMETRIC_REPRESENTATION_CONTEXT() REPRESENTATION_CONTEXT('2D SPACE',''
  ) );
#2478 = PCURVE('',#2479,#2484);
#2479 = PLANE('',#2480);
#2480 = AXIS2_PLACEMENT_3D('',#2481,#2482,#2483);
#2481 = CARTESIAN_POINT('',(36.75,-0.75,98.999));
#2482 = DIRECTION('',(0.,-1.,0.));
#2483 = DIRECTION('',(-1.,0.,0.));
#2484 = DEFINITIONAL_REPRESENTATION('',(#2485),#2489);
#2485 = LINE('',#2486,#2487);
#2486 = CARTESIAN_POINT('',(0.,-0.));
#2487 = VECTOR('',#2488,1.);
#2488 = DIRECTION('',(0.,-1.));
#2489 = ( GEOMETRIC_REPRESENTATION_CONTEXT(2) 
PARAMETRIC_REPRESENTATION_CONTEXT() REPRESENTATION_CONTEXT('2D SPACE',''
  ) );
#2490 = ORIENTED_EDGE('',*,*,#2491,.F.);
#2491 = EDGE_CURVE('',#2492,#2464,#2494,.T.);
#2492 = VERTEX_POINT('',#2493);
#2493 = CARTESIAN_POINT('',(36.750010526573,-0.750000214828,98.999));
#2494 = SURFACE_CURVE('',#2495,(#2503,#2509),.PCURVE_S1.);
#2495 = B_SPLINE_CURVE_WITH_KNOTS('',6,(#2496,#2497,#2498,#2499,#2500,
    #2501,#2502),.UNSPECIFIED.,.F.,.F.,(7,7),(0.,1.),
  .PIECEWISE_BEZIER_KNOTS.);
#2496 = CARTESIAN_POINT('',(36.750010526573,-0.750000214828,98.999));
#2497 = CARTESIAN_POINT('',(24.500068628735,-0.750197497232,98.999));
#2498 = CARTESIAN_POINT('',(12.250066150257,-0.750392092164,98.999));
#2499 = CARTESIAN_POINT('',(1.373174995933E-08,-0.750490903036,98.999));
#2500 = CARTESIAN_POINT('',(-12.2500661639,-0.750392092379,98.999));
#2501 = CARTESIAN_POINT('',(-24.50006862873,-0.750197497232,98.999));
#2502 = CARTESIAN_POINT('',(-36.75001052657,-0.750000214828,98.999));
#2503 = PCURVE('',#349,#2504);
#2504 = DEFINITIONAL_REPRESENTATION('',(#2505),#2508);
#2505 = B_SPLINE_CURVE_WITH_KNOTS('',1,(#2506,#2507),.UNSPECIFIED.,.F.,
  .F.,(2,2),(0.,1.432193138886E-07),.PIECEWISE_BEZIER_KNOTS.);
#2506 = CARTESIAN_POINT('',(3.141578618163,0.));
#2507 = CARTESIAN_POINT('',(3.14159265359,0.));
#2508 = ( GEOMETRIC_REPRESENTATION_CONTEXT(2) 
PARAMETRIC_REPRESENTATION_CONTEXT() REPRESENTATION_CONTEXT('2D SPACE',''
  ) );
#2509 = PCURVE('',#940,#2510);
#2510 = DEFINITIONAL_REPRESENTATION('',(#2511),#2519);
#2511 = B_SPLINE_CURVE_WITH_KNOTS('',6,(#2512,#2513,#2514,#2515,#2516,
    #2517,#2518),.UNSPECIFIED.,.F.,.F.,(7,7),(0.,1.),
  .PIECEWISE_BEZIER_KNOTS.);
#2512 = CARTESIAN_POINT('',(0.,0.99998989899));
#2513 = CARTESIAN_POINT('',(-12.25006160966,0.99998989899));
#2514 = CARTESIAN_POINT('',(-24.50006264056,0.99998989899));
#2515 = CARTESIAN_POINT('',(-36.75000001373,0.99998989899));
#2516 = CARTESIAN_POINT('',(-48.99993734576,0.99998989899));
#2517 = CARTESIAN_POINT('',(-61.24993839034,0.99998989899));
#2518 = CARTESIAN_POINT('',(-73.5,0.99998989899));
#2519 = ( GEOMETRIC_REPRESENTATION_CONTEXT(2) 
PARAMETRIC_REPRESENTATION_CONTEXT() REPRESENTATION_CONTEXT('2D SPACE',''
  ) );
#2520 = ORIENTED_EDGE('',*,*,#2521,.F.);
#2521 = EDGE_CURVE('',#186,#2492,#2522,.T.);
#2522 = SURFACE_CURVE('',#2523,(#2561,#2567),.PCURVE_S1.);
#2523 = B_SPLINE_CURVE_WITH_KNOTS('',6,(#2524,#2525,#2526,#2527,#2528,
    #2529,#2530,#2531,#2532,#2533,#2534,#2535,#2536,#2537,#2538,#2539,
    #2540,#2541,#2542,#2543,#2544,#2545,#2546,#2547,#2548,#2549,#2550,
    #2551,#2552,#2553,#2554,#2555,#2556,#2557,#2558,#2559,#2560),
  .UNSPECIFIED.,.F.,.F.,(7,5,5,5,5,5,5,7),(0.,0.191996631857,
    0.33499741709,0.498997200401,0.65899723795,0.805997883727,
    0.929999011406,1.),.UNSPECIFIED.);
#2524 = CARTESIAN_POINT('',(36.750010606061,0.749992424242,98.999));
#2525 = CARTESIAN_POINT('',(36.825405669436,0.749992174934,98.999));
#2526 = CARTESIAN_POINT('',(36.900809901349,0.740896760881,98.999));
#2527 = CARTESIAN_POINT('',(36.974830904952,0.72270232835,98.999));
#2528 = CARTESIAN_POINT('',(37.046110636847,0.695695664671,98.999));
#2529 = CARTESIAN_POINT('',(37.113367710596,0.660411203323,98.999));
#2530 = CARTESIAN_POINT('',(37.221703314987,0.585786614784,98.999));
#2531 = CARTESIAN_POINT('',(37.265088130039,0.549775193056,98.999));
#2532 = CARTESIAN_POINT('',(37.305142153033,0.509931373708,98.999));
#2533 = CARTESIAN_POINT('',(37.341449143697,0.46664560575,98.999));
#2534 = CARTESIAN_POINT('',(37.373655303099,0.420365694875,98.999));
#2535 = CARTESIAN_POINT('',(37.433385705762,0.31564675451,98.999));
#2536 = CARTESIAN_POINT('',(37.459531078806,0.256414427653,98.999));
#2537 = CARTESIAN_POINT('',(37.479486095194,0.194640585732,98.999));
#2538 = CARTESIAN_POINT('',(37.492958307181,0.131136960977,98.999));
#2539 = CARTESIAN_POINT('',(37.499796935776,6.675308439836E-02,98.999));
#2540 = CARTESIAN_POINT('',(37.500196638214,-6.04778727475E-02,98.999));
#2541 = CARTESIAN_POINT('',(37.494077517147,-0.123331339199,98.999));
#2542 = CARTESIAN_POINT('',(37.481639388868,-0.185406810183,98.999));
#2543 = CARTESIAN_POINT('',(37.46301389274,-0.24591434253,98.999));
#2544 = CARTESIAN_POINT('',(37.438461440743,-0.304096623407,98.999));
#2545 = CARTESIAN_POINT('',(37.380715408462,-0.409922823854,98.999));
#2546 = CARTESIAN_POINT('',(37.348383516273,-0.458043495297,98.999));
#2547 = CARTESIAN_POINT('',(37.311667419414,-0.503067525827,98.999));
#2548 = CARTESIAN_POINT('',(37.270944447304,-0.544502705767,98.999));
#2549 = CARTESIAN_POINT('',(37.226662451956,-0.581919989455,98.999));
#2550 = CARTESIAN_POINT('',(37.139403576205,-0.642838260792,98.999));
#2551 = CARTESIAN_POINT('',(37.097304382262,-0.66760216599,98.999));
#2552 = CARTESIAN_POINT('',(37.05333738536,-0.689043141282,98.999));
#2553 = CARTESIAN_POINT('',(37.007832166519,-0.706989894502,98.999));
#2554 = CARTESIAN_POINT('',(36.961137619824,-0.72131501544,98.999));
#2555 = CARTESIAN_POINT('',(36.886789775016,-0.737933982815,98.999));
#2556 = CARTESIAN_POINT('',(36.859699276748,-0.742750657398,98.999));
#2557 = CARTESIAN_POINT('',(36.832410099363,-0.74637290305,98.999));
#2558 = CARTESIAN_POINT('',(36.804987975461,-0.748791013125,98.999));
#2559 = CARTESIAN_POINT('',(36.777499179255,-0.75000012395,98.999));
#2560 = CARTESIAN_POINT('',(36.750010526573,-0.750000214828,98.999));
#2561 = PCURVE('',#349,#2562);
#2562 = DEFINITIONAL_REPRESENTATION('',(#2563),#2566);
#2563 = B_SPLINE_CURVE_WITH_KNOTS('',1,(#2564,#2565),.UNSPECIFIED.,.F.,
  .F.,(2,2),(0.498630312201,1.),.PIECEWISE_BEZIER_KNOTS.);
#2564 = CARTESIAN_POINT('',(1.566507378566,0.));
#2565 = CARTESIAN_POINT('',(3.141578618163,0.));
#2566 = ( GEOMETRIC_REPRESENTATION_CONTEXT(2) 
PARAMETRIC_REPRESENTATION_CONTEXT() REPRESENTATION_CONTEXT('2D SPACE',''
  ) );
#2567 = PCURVE('',#271,#2568);
#2568 = DEFINITIONAL_REPRESENTATION('',(#2569),#2607);
#2569 = B_SPLINE_CURVE_WITH_KNOTS('',6,(#2570,#2571,#2572,#2573,#2574,
    #2575,#2576,#2577,#2578,#2579,#2580,#2581,#2582,#2583,#2584,#2585,
    #2586,#2587,#2588,#2589,#2590,#2591,#2592,#2593,#2594,#2595,#2596,
    #2597,#2598,#2599,#2600,#2601,#2602,#2603,#2604,#2605,#2606),
  .UNSPECIFIED.,.F.,.F.,(7,5,5,5,5,5,5,7),(0.,0.191996631857,
    0.33499741709,0.498997200401,0.65899723795,0.805997883727,
    0.929999011406,1.),.UNSPECIFIED.);
#2570 = CARTESIAN_POINT('',(6.28318530718,0.99998989899));
#2571 = CARTESIAN_POINT('',(6.182657540581,0.99998989899));
#2572 = CARTESIAN_POINT('',(6.082118093202,0.99998989899));
#2573 = CARTESIAN_POINT('',(5.981592396307,0.99998989899));
#2574 = CARTESIAN_POINT('',(5.881066754842,0.99998989899));
#2575 = CARTESIAN_POINT('',(5.780527208642,0.99998989899));
#2576 = CARTESIAN_POINT('',(5.605125606599,0.99998989899));
#2577 = CARTESIAN_POINT('',(5.530249038902,0.99998989899));
#2578 = CARTESIAN_POINT('',(5.455375620036,0.99998989899));
#2579 = CARTESIAN_POINT('',(5.380502205017,0.99998989899));
#2580 = CARTESIAN_POINT('',(5.30562565073,0.99998989899));
#2581 = CARTESIAN_POINT('',(5.144883005436,0.99998989899));
#2582 = CARTESIAN_POINT('',(5.059008986402,0.99998989899));
#2583 = CARTESIAN_POINT('',(4.973141157852,0.99998989899));
#2584 = CARTESIAN_POINT('',(4.887273332931,0.99998989899));
#2585 = CARTESIAN_POINT('',(4.801399323603,0.99998989899));
#2586 = CARTESIAN_POINT('',(4.631756051896,0.99998989899));
#2587 = CARTESIAN_POINT('',(4.547976875824,0.99998989899));
#2588 = CARTESIAN_POINT('',(4.464203172285,0.99998989899));
#2589 = CARTESIAN_POINT('',(4.380429465355,0.99998989899));
#2590 = CARTESIAN_POINT('',(4.296650280352,0.99998989899));
#2591 = CARTESIAN_POINT('',(4.135907577232,0.99998989899));
#2592 = CARTESIAN_POINT('',(4.058936343463,0.99998989899));
#2593 = CARTESIAN_POINT('',(3.981968709882,0.99998989899));
#2594 = CARTESIAN_POINT('',(3.905001073063,0.99998989899));
#2595 = CARTESIAN_POINT('',(3.828029827285,0.99998989899));
#2596 = CARTESIAN_POINT('',(3.686135767631,0.99998989899));
#2597 = CARTESIAN_POINT('',(3.621208577779,0.99998989899));
#2598 = CARTESIAN_POINT('',(3.556282917124,0.99998989899));
#2599 = CARTESIAN_POINT('',(3.491357245893,0.99998989899));
#2600 = CARTESIAN_POINT('',(3.42643002909,0.99998989899));
#2601 = CARTESIAN_POINT('',(3.324852243082,0.99998989899));
#2602 = CARTESIAN_POINT('',(3.288200323039,0.99998989899));
#2603 = CARTESIAN_POINT('',(3.251548395768,0.99998989899));
#2604 = CARTESIAN_POINT('',(3.214896472321,0.99998989899));
#2605 = CARTESIAN_POINT('',(3.178244558247,0.99998989899));
#2606 = CARTESIAN_POINT('',(3.14159265359,0.99998989899));
#2607 = ( GEOMETRIC_REPRESENTATION_CONTEXT(2) 
PARAMETRIC_REPRESENTATION_CONTEXT() REPRESENTATION_CONTEXT('2D SPACE',''
  ) );
#2608 = ADVANCED_FACE('',(#2609),#271,.F.);
#2609 = FACE_BOUND('',#2610,.F.);
#2610 = EDGE_LOOP('',(#2611,#2631,#2632,#2633));
#2611 = ORIENTED_EDGE('',*,*,#2612,.F.);
#2612 = EDGE_CURVE('',#901,#2492,#2613,.T.);
#2613 = SURFACE_CURVE('',#2614,(#2617,#2624),.PCURVE_S1.);
#2614 = B_SPLINE_CURVE_WITH_KNOTS('',1,(#2615,#2616),.UNSPECIFIED.,.F.,
  .F.,(2,2),(0.,1.),.PIECEWISE_BEZIER_KNOTS.);
#2615 = CARTESIAN_POINT('',(37.792130737918,-0.771267974243,0.));
#2616 = CARTESIAN_POINT('',(36.75,-0.75,99.));
#2617 = PCURVE('',#271,#2618);
#2618 = DEFINITIONAL_REPRESENTATION('',(#2619),#2623);
#2619 = LINE('',#2620,#2621);
#2620 = CARTESIAN_POINT('',(3.14159265359,0.));
#2621 = VECTOR('',#2622,1.);
#2622 = DIRECTION('',(0.,1.));
#2623 = ( GEOMETRIC_REPRESENTATION_CONTEXT(2) 
PARAMETRIC_REPRESENTATION_CONTEXT() REPRESENTATION_CONTEXT('2D SPACE',''
  ) );
#2624 = PCURVE('',#940,#2625);
#2625 = DEFINITIONAL_REPRESENTATION('',(#2626),#2630);
#2626 = LINE('',#2627,#2628);
#2627 = CARTESIAN_POINT('',(0.,0.));
#2628 = VECTOR('',#2629,1.);
#2629 = DIRECTION('',(0.,1.));
#2630 = ( GEOMETRIC_REPRESENTATION_CONTEXT(2) 
PARAMETRIC_REPRESENTATION_CONTEXT() REPRESENTATION_CONTEXT('2D SPACE',''
  ) );
#2631 = ORIENTED_EDGE('',*,*,#900,.T.);
#2632 = ORIENTED_EDGE('',*,*,#185,.T.);
#2633 = ORIENTED_EDGE('',*,*,#2521,.T.);
#2634 = ADVANCED_FACE('',(#2635),#532,.F.);
#2635 = FACE_BOUND('',#2636,.F.);
#2636 = EDGE_LOOP('',(#2637,#2638,#2661,#2688));
#2637 = ORIENTED_EDGE('',*,*,#515,.F.);
#2638 = ORIENTED_EDGE('',*,*,#2639,.F.);
#2639 = EDGE_CURVE('',#2640,#516,#2642,.T.);
#2640 = VERTEX_POINT('',#2641);
#2641 = CARTESIAN_POINT('',(42.1,-12.,32.));
#2642 = SEAM_CURVE('',#2643,(#2647,#2654),.PCURVE_S1.);
#2643 = LINE('',#2644,#2645);
#2644 = CARTESIAN_POINT('',(42.1,-12.,32.));
#2645 = VECTOR('',#2646,1.);
#2646 = DIRECTION('',(0.,1.,0.));
#2647 = PCURVE('',#532,#2648);
#2648 = DEFINITIONAL_REPRESENTATION('',(#2649),#2653);
#2649 = LINE('',#2650,#2651);
#2650 = CARTESIAN_POINT('',(6.28318530718,-0.));
#2651 = VECTOR('',#2652,1.);
#2652 = DIRECTION('',(0.,1.));
#2653 = ( GEOMETRIC_REPRESENTATION_CONTEXT(2) 
PARAMETRIC_REPRESENTATION_CONTEXT() REPRESENTATION_CONTEXT('2D SPACE',''
  ) );
#2654 = PCURVE('',#532,#2655);
#2655 = DEFINITIONAL_REPRESENTATION('',(#2656),#2660);
#2656 = LINE('',#2657,#2658);
#2657 = CARTESIAN_POINT('',(0.,-0.));
#2658 = VECTOR('',#2659,1.);
#2659 = DIRECTION('',(0.,1.));
#2660 = ( GEOMETRIC_REPRESENTATION_CONTEXT(2) 
PARAMETRIC_REPRESENTATION_CONTEXT() REPRESENTATION_CONTEXT('2D SPACE',''
  ) );
#2661 = ORIENTED_EDGE('',*,*,#2662,.T.);
#2662 = EDGE_CURVE('',#2640,#2640,#2663,.T.);
#2663 = SURFACE_CURVE('',#2664,(#2669,#2676),.PCURVE_S1.);
#2664 = CIRCLE('',#2665,2.);
#2665 = AXIS2_PLACEMENT_3D('',#2666,#2667,#2668);
#2666 = CARTESIAN_POINT('',(42.1,-12.,30.));
#2667 = DIRECTION('',(0.,1.,0.));
#2668 = DIRECTION('',(0.,-0.,1.));
#2669 = PCURVE('',#532,#2670);
#2670 = DEFINITIONAL_REPRESENTATION('',(#2671),#2675);
#2671 = LINE('',#2672,#2673);
#2672 = CARTESIAN_POINT('',(0.,0.));
#2673 = VECTOR('',#2674,1.);
#2674 = DIRECTION('',(1.,0.));
#2675 = ( GEOMETRIC_REPRESENTATION_CONTEXT(2) 
PARAMETRIC_REPRESENTATION_CONTEXT() REPRESENTATION_CONTEXT('2D SPACE',''
  ) );
#2676 = PCURVE('',#2677,#2682);
#2677 = PLANE('',#2678);
#2678 = AXIS2_PLACEMENT_3D('',#2679,#2680,#2681);
#2679 = CARTESIAN_POINT('',(42.1,-12.,30.));
#2680 = DIRECTION('',(0.,1.,0.));
#2681 = DIRECTION('',(0.,-0.,1.));
#2682 = DEFINITIONAL_REPRESENTATION('',(#2683),#2687);
#2683 = CIRCLE('',#2684,2.);
#2684 = AXIS2_PLACEMENT_2D('',#2685,#2686);
#2685 = CARTESIAN_POINT('',(0.,0.));
#2686 = DIRECTION('',(1.,0.));
#2687 = ( GEOMETRIC_REPRESENTATION_CONTEXT(2) 
PARAMETRIC_REPRESENTATION_CONTEXT() REPRESENTATION_CONTEXT('2D SPACE',''
  ) );
#2688 = ORIENTED_EDGE('',*,*,#2639,.T.);
#2689 = ADVANCED_FACE('',(#2690),#563,.F.);
#2690 = FACE_BOUND('',#2691,.F.);
#2691 = EDGE_LOOP('',(#2692,#2693,#2716,#2743));
#2692 = ORIENTED_EDGE('',*,*,#546,.F.);
#2693 = ORIENTED_EDGE('',*,*,#2694,.F.);
#2694 = EDGE_CURVE('',#2695,#547,#2697,.T.);
#2695 = VERTEX_POINT('',#2696);
#2696 = CARTESIAN_POINT('',(42.1,-12.,62.));
#2697 = SEAM_CURVE('',#2698,(#2702,#2709),.PCURVE_S1.);
#2698 = LINE('',#2699,#2700);
#2699 = CARTESIAN_POINT('',(42.1,-12.,62.));
#2700 = VECTOR('',#2701,1.);
#2701 = DIRECTION('',(0.,1.,0.));
#2702 = PCURVE('',#563,#2703);
#2703 = DEFINITIONAL_REPRESENTATION('',(#2704),#2708);
#2704 = LINE('',#2705,#2706);
#2705 = CARTESIAN_POINT('',(6.28318530718,-0.));
#2706 = VECTOR('',#2707,1.);
#2707 = DIRECTION('',(0.,1.));
#2708 = ( GEOMETRIC_REPRESENTATION_CONTEXT(2) 
PARAMETRIC_REPRESENTATION_CONTEXT() REPRESENTATION_CONTEXT('2D SPACE',''
  ) );
#2709 = PCURVE('',#563,#2710);
#2710 = DEFINITIONAL_REPRESENTATION('',(#2711),#2715);
#2711 = LINE('',#2712,#2713);
#2712 = CARTESIAN_POINT('',(0.,-0.));
#2713 = VECTOR('',#2714,1.);
#2714 = DIRECTION('',(0.,1.));
#2715 = ( GEOMETRIC_REPRESENTATION_CONTEXT(2) 
PARAMETRIC_REPRESENTATION_CONTEXT() REPRESENTATION_CONTEXT('2D SPACE',''
  ) );
#2716 = ORIENTED_EDGE('',*,*,#2717,.T.);
#2717 = EDGE_CURVE('',#2695,#2695,#2718,.T.);
#2718 = SURFACE_CURVE('',#2719,(#2724,#2731),.PCURVE_S1.);
#2719 = CIRCLE('',#2720,2.);
#2720 = AXIS2_PLACEMENT_3D('',#2721,#2722,#2723);
#2721 = CARTESIAN_POINT('',(42.1,-12.,60.));
#2722 = DIRECTION('',(0.,1.,0.));
#2723 = DIRECTION('',(0.,-0.,1.));
#2724 = PCURVE('',#563,#2725);
#2725 = DEFINITIONAL_REPRESENTATION('',(#2726),#2730);
#2726 = LINE('',#2727,#2728);
#2727 = CARTESIAN_POINT('',(0.,0.));
#2728 = VECTOR('',#2729,1.);
#2729 = DIRECTION('',(1.,0.));
#2730 = ( GEOMETRIC_REPRESENTATION_CONTEXT(2) 
PARAMETRIC_REPRESENTATION_CONTEXT() REPRESENTATION_CONTEXT('2D SPACE',''
  ) );
#2731 = PCURVE('',#2732,#2737);
#2732 = PLANE('',#2733);
#2733 = AXIS2_PLACEMENT_3D('',#2734,#2735,#2736);
#2734 = CARTESIAN_POINT('',(42.1,-12.,60.));
#2735 = DIRECTION('',(0.,1.,0.));
#2736 = DIRECTION('',(0.,-0.,1.));
#2737 = DEFINITIONAL_REPRESENTATION('',(#2738),#2742);
#2738 = CIRCLE('',#2739,2.);
#2739 = AXIS2_PLACEMENT_2D('',#2740,#2741);
#2740 = CARTESIAN_POINT('',(0.,0.));
#2741 = DIRECTION('',(1.,0.));
#2742 = ( GEOMETRIC_REPRESENTATION_CONTEXT(2) 
PARAMETRIC_REPRESENTATION_CONTEXT() REPRESENTATION_CONTEXT('2D SPACE',''
  ) );
#2743 = ORIENTED_EDGE('',*,*,#2694,.T.);
#2744 = ADVANCED_FACE('',(#2745),#784,.F.);
#2745 = FACE_BOUND('',#2746,.F.);
#2746 = EDGE_LOOP('',(#2747,#2748,#2749,#2771));
#2747 = ORIENTED_EDGE('',*,*,#764,.F.);
#2748 = ORIENTED_EDGE('',*,*,#971,.T.);
#2749 = ORIENTED_EDGE('',*,*,#2750,.T.);
#2750 = EDGE_CURVE('',#924,#2751,#2753,.T.);
#2751 = VERTEX_POINT('',#2752);
#2752 = CARTESIAN_POINT('',(-36.75001052657,-0.750000214828,98.999));
#2753 = SURFACE_CURVE('',#2754,(#2757,#2764),.PCURVE_S1.);
#2754 = B_SPLINE_CURVE_WITH_KNOTS('',1,(#2755,#2756),.UNSPECIFIED.,.F.,
  .F.,(2,2),(0.,1.),.PIECEWISE_BEZIER_KNOTS.);
#2755 = CARTESIAN_POINT('',(-37.79213073791,-0.771267974243,0.));
#2756 = CARTESIAN_POINT('',(-36.75,-0.75,99.));
#2757 = PCURVE('',#784,#2758);
#2758 = DEFINITIONAL_REPRESENTATION('',(#2759),#2763);
#2759 = LINE('',#2760,#2761);
#2760 = CARTESIAN_POINT('',(6.28318530718,0.));
#2761 = VECTOR('',#2762,1.);
#2762 = DIRECTION('',(0.,1.));
#2763 = ( GEOMETRIC_REPRESENTATION_CONTEXT(2) 
PARAMETRIC_REPRESENTATION_CONTEXT() REPRESENTATION_CONTEXT('2D SPACE',''
  ) );
#2764 = PCURVE('',#940,#2765);
#2765 = DEFINITIONAL_REPRESENTATION('',(#2766),#2770);
#2766 = LINE('',#2767,#2768);
#2767 = CARTESIAN_POINT('',(-73.5,0.));
#2768 = VECTOR('',#2769,1.);
#2769 = DIRECTION('',(0.,1.));
#2770 = ( GEOMETRIC_REPRESENTATION_CONTEXT(2) 
PARAMETRIC_REPRESENTATION_CONTEXT() REPRESENTATION_CONTEXT('2D SPACE',''
  ) );
#2771 = ORIENTED_EDGE('',*,*,#2772,.T.);
#2772 = EDGE_CURVE('',#2751,#739,#2773,.T.);
#2773 = SURFACE_CURVE('',#2774,(#2876,#2981),.PCURVE_S1.);
#2774 = B_SPLINE_CURVE_WITH_KNOTS('',4,(#2775,#2776,#2777,#2778,#2779,
    #2780,#2781,#2782,#2783,#2784,#2785,#2786,#2787,#2788,#2789,#2790,
    #2791,#2792,#2793,#2794,#2795,#2796,#2797,#2798,#2799,#2800,#2801,
    #2802,#2803,#2804,#2805,#2806,#2807,#2808,#2809,#2810,#2811,#2812,
    #2813,#2814,#2815,#2816,#2817,#2818,#2819,#2820,#2821,#2822,#2823,
    #2824,#2825,#2826,#2827,#2828,#2829,#2830,#2831,#2832,#2833,#2834,
    #2835,#2836,#2837,#2838,#2839,#2840,#2841,#2842,#2843,#2844,#2845,
    #2846,#2847,#2848,#2849,#2850,#2851,#2852,#2853,#2854,#2855,#2856,
    #2857,#2858,#2859,#2860,#2861,#2862,#2863,#2864,#2865,#2866,#2867,
    #2868,#2869,#2870,#2871,#2872,#2873,#2874,#2875),.UNSPECIFIED.,.F.,
  .F.,(5,3,3,3,3,3,3,3,3,3,3,3,3,3,3,3,3,3,3,3,3,3,3,3,3,3,3,3,3,3,3,3,3
    ,5),(0.,1.799997631574E-02,7.099992223448E-02,9.999989547102E-02,
    0.127999868873,0.146999850311,0.1829998146,0.295999691568,
    0.326999675191,0.355999664585,0.384999658499,0.413999656682,
    0.433999657725,0.462999662142,0.483999667253,0.508999675093,
    0.537999686168,0.557999694849,0.584999707631,0.613999722487,
    0.642999738317,0.671999754997,0.699999771868,0.728999790128,
    0.753999806552,0.781999825708,0.800999839199,0.82999986052,
    0.857999881956,0.893999910587,0.921999933654,0.949999957221,
    0.978999981968,1.),.UNSPECIFIED.);
#2775 = CARTESIAN_POINT('',(-36.75001052657,-0.750000214828,98.999));
#2776 = CARTESIAN_POINT('',(-36.75533402299,-0.750000179629,98.999));
#2777 = CARTESIAN_POINT('',(-36.76065752016,-0.749949762535,98.999));
#2778 = CARTESIAN_POINT('',(-36.76598030255,-0.749848963527,98.999));
#2779 = CARTESIAN_POINT('',(-36.78697008627,-0.749252718667,98.999));
#2780 = CARTESIAN_POINT('',(-36.80262612283,-0.74837101117,98.999));
#2781 = CARTESIAN_POINT('',(-36.81825149667,-0.747053198963,98.999));
#2782 = CARTESIAN_POINT('',(-36.84235107027,-0.744342749935,98.999));
#2783 = CARTESIAN_POINT('',(-36.85085947492,-0.743254220032,98.999));
#2784 = CARTESIAN_POINT('',(-36.85935029061,-0.742036068041,98.999));
#2785 = CARTESIAN_POINT('',(-36.87599875625,-0.739387918524,98.999));
#2786 = CARTESIAN_POINT('',(-36.8841577988,-0.737966674446,98.999));
#2787 = CARTESIAN_POINT('',(-36.89229503102,-0.736425454625,98.999));
#2788 = CARTESIAN_POINT('',(-36.90591291814,-0.733637925633,98.999));
#2789 = CARTESIAN_POINT('',(-36.91140676396,-0.732456056925,98.999));
#2790 = CARTESIAN_POINT('',(-36.91688852824,-0.731219361616,98.999));
#2791 = CARTESIAN_POINT('',(-36.9327194502,-0.727481305225,98.999));
#2792 = CARTESIAN_POINT('',(-36.94303519621,-0.72483844235,98.999));
#2793 = CARTESIAN_POINT('',(-36.95329905989,-0.722000759796,98.999));
#2794 = CARTESIAN_POINT('',(-36.99554260394,-0.709456314757,98.999));
#2795 = CARTESIAN_POINT('',(-37.02701452476,-0.698039272751,98.999));
#2796 = CARTESIAN_POINT('',(-37.05775114613,-0.684769332224,98.999));
#2797 = CARTESIAN_POINT('',(-37.09578088931,-0.665599546145,98.999));
#2798 = CARTESIAN_POINT('',(-37.10390058845,-0.661339274073,98.999));
#2799 = CARTESIAN_POINT('',(-37.11194976131,-0.656947205665,98.999));
#2800 = CARTESIAN_POINT('',(-37.12738615154,-0.64819482639,98.999));
#2801 = CARTESIAN_POINT('',(-37.13478257268,-0.643850747676,98.999));
#2802 = CARTESIAN_POINT('',(-37.14211188997,-0.639394382858,98.999));
#2803 = CARTESIAN_POINT('',(-37.1566312535,-0.630260266379,98.999));
#2804 = CARTESIAN_POINT('',(-37.16382129992,-0.625582514551,98.999));
#2805 = CARTESIAN_POINT('',(-37.17093917818,-0.620795662547,98.999));
#2806 = CARTESIAN_POINT('',(-37.18502568585,-0.611007171776,98.999));
#2807 = CARTESIAN_POINT('',(-37.19199431544,-0.606005532838,98.999));
#2808 = CARTESIAN_POINT('',(-37.1988858635,-0.600898207879,98.999));
#2809 = CARTESIAN_POINT('',(-37.21039594772,-0.592093087796,98.999));
#2810 = CARTESIAN_POINT('',(-37.21505614964,-0.588449758639,98.999));
#2811 = CARTESIAN_POINT('',(-37.21967778026,-0.584757623307,98.999));
#2812 = CARTESIAN_POINT('',(-37.23090441391,-0.575593836188,98.999));
#2813 = CARTESIAN_POINT('',(-37.23746605414,-0.57006905952,98.999));
#2814 = CARTESIAN_POINT('',(-37.24394268246,-0.564444864012,98.999));
#2815 = CARTESIAN_POINT('',(-37.25495886851,-0.554580003965,98.999));
#2816 = CARTESIAN_POINT('',(-37.25953992006,-0.550385676148,98.999));
#2817 = CARTESIAN_POINT('',(-37.26407437858,-0.546141019703,98.999));
#2818 = CARTESIAN_POINT('',(-37.27390314381,-0.536734677104,98.999));
#2819 = CARTESIAN_POINT('',(-37.27917766799,-0.53155231976,98.999));
#2820 = CARTESIAN_POINT('',(-37.28438361129,-0.526301073058,98.999));
#2821 = CARTESIAN_POINT('',(-37.2954774388,-0.51481255665,98.999));
#2822 = CARTESIAN_POINT('',(-37.30134116148,-0.508551955088,98.999));
#2823 = CARTESIAN_POINT('',(-37.30710873219,-0.50220266304,98.999));
#2824 = CARTESIAN_POINT('',(-37.31668813287,-0.491328485323,98.999));
#2825 = CARTESIAN_POINT('',(-37.32055141969,-0.486848929593,98.999));
#2826 = CARTESIAN_POINT('',(-37.32436738511,-0.482328994416,98.999));
#2827 = CARTESIAN_POINT('',(-37.33322222986,-0.471614032247,98.999));
#2828 = CARTESIAN_POINT('',(-37.33822167329,-0.465386415161,98.999));
#2829 = CARTESIAN_POINT('',(-37.34313219632,-0.459088445972,98.999));
#2830 = CARTESIAN_POINT('',(-37.35312953475,-0.445884067937,98.999));
#2831 = CARTESIAN_POINT('',(-37.35820246507,-0.438967146081,98.999));
#2832 = CARTESIAN_POINT('',(-37.36316932661,-0.431973669141,98.999));
#2833 = CARTESIAN_POINT('',(-37.37288752236,-0.417838535335,98.999));
#2834 = CARTESIAN_POINT('',(-37.37763885672,-0.41069687826,98.999));
#2835 = CARTESIAN_POINT('',(-37.38228073254,-0.403483596381,98.999));
#2836 = CARTESIAN_POINT('',(-37.39134240639,-0.388918863134,98.999));
#2837 = CARTESIAN_POINT('',(-37.39576220454,-0.381567411554,98.999));
#2838 = CARTESIAN_POINT('',(-37.40006938343,-0.3741494153,98.999));
#2839 = CARTESIAN_POINT('',(-37.40831098805,-0.359443550437,98.999));
#2840 = CARTESIAN_POINT('',(-37.41225314594,-0.352160014915,98.999));
#2841 = CARTESIAN_POINT('',(-37.41608763771,-0.344819226567,98.999));
#2842 = CARTESIAN_POINT('',(-37.42367192389,-0.329763823757,98.999));
#2843 = CARTESIAN_POINT('',(-37.42741380256,-0.322045221407,98.999));
#2844 = CARTESIAN_POINT('',(-37.431037542,-0.314270454975,98.999));
#2845 = CARTESIAN_POINT('',(-37.43756293536,-0.299693806611,98.999));
#2846 = CARTESIAN_POINT('',(-37.44049524582,-0.29290564825,98.999));
#2847 = CARTESIAN_POINT('',(-37.44333806819,-0.28607952921,98.999));
#2848 = CARTESIAN_POINT('',(-37.44917362438,-0.271531450996,98.999));
#2849 = CARTESIAN_POINT('',(-37.45214341097,-0.26380028698,98.999));
#2850 = CARTESIAN_POINT('',(-37.45499904635,-0.256026235372,98.999));
#2851 = CARTESIAN_POINT('',(-37.45959932762,-0.242909209638,98.999));
#2852 = CARTESIAN_POINT('',(-37.46140604354,-0.2375880041,98.999));
#2853 = CARTESIAN_POINT('',(-37.4631595088,-0.232249014385,98.999));
#2854 = CARTESIAN_POINT('',(-37.46745414489,-0.218718137409,98.999));
#2855 = CARTESIAN_POINT('',(-37.46992417318,-0.2105036696,98.999));
#2856 = CARTESIAN_POINT('',(-37.47226864877,-0.202252490407,98.999));
#2857 = CARTESIAN_POINT('',(-37.47662845936,-0.185968178485,98.999));
#2858 = CARTESIAN_POINT('',(-37.47865235637,-0.177937337843,98.999));
#2859 = CARTESIAN_POINT('',(-37.48055779267,-0.169877568903,98.999));
#2860 = CARTESIAN_POINT('',(-37.48464098077,-0.151395127599,98.999));
#2861 = CARTESIAN_POINT('',(-37.48674099124,-0.140955279856,98.999));
#2862 = CARTESIAN_POINT('',(-37.48864298426,-0.13047754671,98.999));
#2863 = CARTESIAN_POINT('',(-37.49167064664,-0.111793157974,98.999));
#2864 = CARTESIAN_POINT('',(-37.49287490685,-0.103599237033,98.999));
#2865 = CARTESIAN_POINT('',(-37.49395839429,-9.538847338305E-02,98.999)
  );
#2866 = CARTESIAN_POINT('',(-37.49588319779,-7.893860942102E-02,98.999)
  );
#2867 = CARTESIAN_POINT('',(-37.49672451388,-7.069950890289E-02,98.999)
  );
#2868 = CARTESIAN_POINT('',(-37.4974444314,-6.244891437325E-02,98.999));
#2869 = CARTESIAN_POINT('',(-37.49866244895,-4.563512983125E-02,98.999)
  );
#2870 = CARTESIAN_POINT('',(-37.49915170867,-3.707129918217E-02,98.999)
  );
#2871 = CARTESIAN_POINT('',(-37.49951031886,-2.850100339194E-02,98.999)
  );
#2872 = CARTESIAN_POINT('',(-37.49990321741,-1.371864073698E-02,98.999)
  );
#2873 = CARTESIAN_POINT('',(-37.49999968368,-7.508226354247E-03,98.999)
  );
#2874 = CARTESIAN_POINT('',(-37.50002756864,-1.297125402573E-03,98.999)
  );
#2875 = CARTESIAN_POINT('',(-37.49998687973,4.913526261873E-03,98.999));
#2876 = PCURVE('',#784,#2877);
#2877 = DEFINITIONAL_REPRESENTATION('',(#2878),#2980);
#2878 = B_SPLINE_CURVE_WITH_KNOTS('',4,(#2879,#2880,#2881,#2882,#2883,
    #2884,#2885,#2886,#2887,#2888,#2889,#2890,#2891,#2892,#2893,#2894,
    #2895,#2896,#2897,#2898,#2899,#2900,#2901,#2902,#2903,#2904,#2905,
    #2906,#2907,#2908,#2909,#2910,#2911,#2912,#2913,#2914,#2915,#2916,
    #2917,#2918,#2919,#2920,#2921,#2922,#2923,#2924,#2925,#2926,#2927,
    #2928,#2929,#2930,#2931,#2932,#2933,#2934,#2935,#2936,#2937,#2938,
    #2939,#2940,#2941,#2942,#2943,#2944,#2945,#2946,#2947,#2948,#2949,
    #2950,#2951,#2952,#2953,#2954,#2955,#2956,#2957,#2958,#2959,#2960,
    #2961,#2962,#2963,#2964,#2965,#2966,#2967,#2968,#2969,#2970,#2971,
    #2972,#2973,#2974,#2975,#2976,#2977,#2978,#2979),.UNSPECIFIED.,.F.,
  .F.,(5,3,3,3,3,3,3,3,3,3,3,3,3,3,3,3,3,3,3,3,3,3,3,3,3,3,3,3,3,3,3,3,3
    ,5),(0.,1.799997631574E-02,7.099992223448E-02,9.999989547102E-02,
    0.127999868873,0.146999850311,0.1829998146,0.295999691568,
    0.326999675191,0.355999664585,0.384999658499,0.413999656682,
    0.433999657725,0.462999662142,0.483999667253,0.508999675093,
    0.537999686168,0.557999694849,0.584999707631,0.613999722487,
    0.642999738317,0.671999754997,0.699999771868,0.728999790128,
    0.753999806552,0.781999825708,0.800999839199,0.82999986052,
    0.857999881956,0.893999910587,0.921999933654,0.949999957221,
    0.978999981968,1.),.UNSPECIFIED.);
#2879 = CARTESIAN_POINT('',(6.28318530718,0.99998989899));
#2880 = CARTESIAN_POINT('',(6.276087241205,0.99998989899));
#2881 = CARTESIAN_POINT('',(6.268989176025,0.99998989899));
#2882 = CARTESIAN_POINT('',(6.261891111468,0.99998989899));
#2883 = CARTESIAN_POINT('',(6.233893185948,0.99998989899));
#2884 = CARTESIAN_POINT('',(6.212993328242,0.99998989899));
#2885 = CARTESIAN_POINT('',(6.192093471658,0.99998989899));
#2886 = CARTESIAN_POINT('',(6.15975784459,0.99998989899));
#2887 = CARTESIAN_POINT('',(6.148322073371,0.99998989899));
#2888 = CARTESIAN_POINT('',(6.136886302069,0.99998989899));
#2889 = CARTESIAN_POINT('',(6.114409096518,0.99998989899));
#2890 = CARTESIAN_POINT('',(6.103367662229,0.99998989899));
#2891 = CARTESIAN_POINT('',(6.09232622779,0.99998989899));
#2892 = CARTESIAN_POINT('',(6.073792391443,0.99998989899));
#2893 = CARTESIAN_POINT('',(6.066299989576,0.99998989899));
#2894 = CARTESIAN_POINT('',(6.05880758766,0.99998989899));
#2895 = CARTESIAN_POINT('',(6.037119055922,0.99998989899));
#2896 = CARTESIAN_POINT('',(6.022922925937,0.99998989899));
#2897 = CARTESIAN_POINT('',(6.008726795943,0.99998989899));
#2898 = CARTESIAN_POINT('',(5.949970596475,0.99998989899));
#2899 = CARTESIAN_POINT('',(5.90541050574,0.99998989899));
#2900 = CARTESIAN_POINT('',(5.860850421675,0.99998989899));
#2901 = CARTESIAN_POINT('',(5.804065922557,0.99998989899));
#2902 = CARTESIAN_POINT('',(5.791841477011,0.99998989899));
#2903 = CARTESIAN_POINT('',(5.779617032144,0.99998989899));
#2904 = CARTESIAN_POINT('',(5.755956815811,0.99998989899));
#2905 = CARTESIAN_POINT('',(5.744521044199,0.99998989899));
#2906 = CARTESIAN_POINT('',(5.733085273195,0.99998989899));
#2907 = CARTESIAN_POINT('',(5.710213730646,0.99998989899));
#2908 = CARTESIAN_POINT('',(5.698777959052,0.99998989899));
#2909 = CARTESIAN_POINT('',(5.687342188044,0.99998989899));
#2910 = CARTESIAN_POINT('',(5.664470645521,0.99998989899));
#2911 = CARTESIAN_POINT('',(5.653034873955,0.99998989899));
#2912 = CARTESIAN_POINT('',(5.641599102929,0.99998989899));
#2913 = CARTESIAN_POINT('',(5.622276593261,0.99998989899));
#2914 = CARTESIAN_POINT('',(5.614389854323,0.99998989899));
#2915 = CARTESIAN_POINT('',(5.606503115617,0.99998989899));
#2916 = CARTESIAN_POINT('',(5.587180605191,0.99998989899));
#2917 = CARTESIAN_POINT('',(5.575744833685,0.99998989899));
#2918 = CARTESIAN_POINT('',(5.564309062607,0.99998989899));
#2919 = CARTESIAN_POINT('',(5.544592215888,0.99998989899));
#2920 = CARTESIAN_POINT('',(5.53631114003,0.99998989899));
#2921 = CARTESIAN_POINT('',(5.528030064363,0.99998989899));
#2922 = CARTESIAN_POINT('',(5.509890564997,0.99998989899));
#2923 = CARTESIAN_POINT('',(5.500032141354,0.99998989899));
#2924 = CARTESIAN_POINT('',(5.490173717943,0.99998989899));
#2925 = CARTESIAN_POINT('',(5.468879523075,0.99998989899));
#2926 = CARTESIAN_POINT('',(5.457443751654,0.99998989899));
#2927 = CARTESIAN_POINT('',(5.446007980485,0.99998989899));
#2928 = CARTESIAN_POINT('',(5.426685470591,0.99998989899));
#2929 = CARTESIAN_POINT('',(5.418798731719,0.99998989899));
#2930 = CARTESIAN_POINT('',(5.410911992945,0.99998989899));
#2931 = CARTESIAN_POINT('',(5.392378156629,0.99998989899));
#2932 = CARTESIAN_POINT('',(5.38173105914,0.99998989899));
#2933 = CARTESIAN_POINT('',(5.371083961798,0.99998989899));
#2934 = CARTESIAN_POINT('',(5.349001093108,0.99998989899));
#2935 = CARTESIAN_POINT('',(5.337565321736,0.99998989899));
#2936 = CARTESIAN_POINT('',(5.326129550503,0.99998989899));
#2937 = CARTESIAN_POINT('',(5.303258007955,0.99998989899));
#2938 = CARTESIAN_POINT('',(5.291822236592,0.99998989899));
#2939 = CARTESIAN_POINT('',(5.280386465345,0.99998989899));
#2940 = CARTESIAN_POINT('',(5.257514922787,0.99998989899));
#2941 = CARTESIAN_POINT('',(5.246079151426,0.99998989899));
#2942 = CARTESIAN_POINT('',(5.234643380171,0.99998989899));
#2943 = CARTESIAN_POINT('',(5.212166174555,0.99998989899));
#2944 = CARTESIAN_POINT('',(5.20112474014,0.99998989899));
#2945 = CARTESIAN_POINT('',(5.190083305822,0.99998989899));
#2946 = CARTESIAN_POINT('',(5.16760610018,0.99998989899));
#2947 = CARTESIAN_POINT('',(5.156170328816,0.99998989899));
#2948 = CARTESIAN_POINT('',(5.144734557559,0.99998989899));
#2949 = CARTESIAN_POINT('',(5.123440362787,0.99998989899));
#2950 = CARTESIAN_POINT('',(5.113581939206,0.99998989899));
#2951 = CARTESIAN_POINT('',(5.103723515709,0.99998989899));
#2952 = CARTESIAN_POINT('',(5.082823657802,0.99998989899));
#2953 = CARTESIAN_POINT('',(5.07178222338,0.99998989899));
#2954 = CARTESIAN_POINT('',(5.060740789068,0.99998989899));
#2955 = CARTESIAN_POINT('',(5.042206952928,0.99998989899));
#2956 = CARTESIAN_POINT('',(5.034714551016,0.99998989899));
#2957 = CARTESIAN_POINT('',(5.027222149156,0.99998989899));
#2958 = CARTESIAN_POINT('',(5.008293975887,0.99998989899));
#2959 = CARTESIAN_POINT('',(4.996858204518,0.99998989899));
#2960 = CARTESIAN_POINT('',(4.985422433269,0.99998989899));
#2961 = CARTESIAN_POINT('',(4.962945227657,0.99998989899));
#2962 = CARTESIAN_POINT('',(4.951903793239,0.99998989899));
#2963 = CARTESIAN_POINT('',(4.940862358928,0.99998989899));
#2964 = CARTESIAN_POINT('',(4.91562479465,0.99998989899));
#2965 = CARTESIAN_POINT('',(4.901428664655,0.99998989899));
#2966 = CARTESIAN_POINT('',(4.88723253482,0.99998989899));
#2967 = CARTESIAN_POINT('',(4.861994970734,0.99998989899));
#2968 = CARTESIAN_POINT('',(4.850953536335,0.99998989899));
#2969 = CARTESIAN_POINT('',(4.839912102012,0.99998989899));
#2970 = CARTESIAN_POINT('',(4.817829233343,0.99998989899));
#2971 = CARTESIAN_POINT('',(4.806787798955,0.99998989899));
#2972 = CARTESIAN_POINT('',(4.795746364622,0.99998989899));
#2973 = CARTESIAN_POINT('',(4.773269159014,0.99998989899));
#2974 = CARTESIAN_POINT('',(4.761833387696,0.99998989899));
#2975 = CARTESIAN_POINT('',(4.75039761641,0.99998989899));
#2976 = CARTESIAN_POINT('',(4.730680769394,0.99998989899));
#2977 = CARTESIAN_POINT('',(4.722399693626,0.99998989899));
#2978 = CARTESIAN_POINT('',(4.714118617862,0.99998989899));
#2979 = CARTESIAN_POINT('',(4.7058375421,0.99998989899));
#2980 = ( GEOMETRIC_REPRESENTATION_CONTEXT(2) 
PARAMETRIC_REPRESENTATION_CONTEXT() REPRESENTATION_CONTEXT('2D SPACE',''
  ) );
#2981 = PCURVE('',#753,#2982);
#2982 = DEFINITIONAL_REPRESENTATION('',(#2983),#2986);
#2983 = B_SPLINE_CURVE_WITH_KNOTS('',1,(#2984,#2985),.UNSPECIFIED.,.F.,
  .F.,(2,2),(0.,0.9985656555),.PIECEWISE_BEZIER_KNOTS.);
#2984 = CARTESIAN_POINT('',(1.403542679697E-05,0.));
#2985 = CARTESIAN_POINT('',(1.575085274815,0.));
#2986 = ( GEOMETRIC_REPRESENTATION_CONTEXT(2) 
PARAMETRIC_REPRESENTATION_CONTEXT() REPRESENTATION_CONTEXT('2D SPACE',''
  ) );
#2987 = ADVANCED_FACE('',(#2988),#753,.F.);
#2988 = FACE_BOUND('',#2989,.F.);
#2989 = EDGE_LOOP('',(#2990,#3020,#3043,#3064,#3065));
#2990 = ORIENTED_EDGE('',*,*,#2991,.F.);
#2991 = EDGE_CURVE('',#2992,#2751,#2994,.T.);
#2992 = VERTEX_POINT('',#2993);
#2993 = CARTESIAN_POINT('',(-36.75,-0.75,98.999));
#2994 = SURFACE_CURVE('',#2995,(#3003,#3009),.PCURVE_S1.);
#2995 = B_SPLINE_CURVE_WITH_KNOTS('',6,(#2996,#2997,#2998,#2999,#3000,
    #3001,#3002),.UNSPECIFIED.,.F.,.F.,(7,7),(0.,1.),
  .PIECEWISE_BEZIER_KNOTS.);
#2996 = CARTESIAN_POINT('',(36.750010526573,-0.750000214828,98.999));
#2997 = CARTESIAN_POINT('',(24.500068628735,-0.750197497232,98.999));
#2998 = CARTESIAN_POINT('',(12.250066150257,-0.750392092164,98.999));
#2999 = CARTESIAN_POINT('',(1.373174995933E-08,-0.750490903036,98.999));
#3000 = CARTESIAN_POINT('',(-12.2500661639,-0.750392092379,98.999));
#3001 = CARTESIAN_POINT('',(-24.50006862873,-0.750197497232,98.999));
#3002 = CARTESIAN_POINT('',(-36.75001052657,-0.750000214828,98.999));
#3003 = PCURVE('',#753,#3004);
#3004 = DEFINITIONAL_REPRESENTATION('',(#3005),#3008);
#3005 = B_SPLINE_CURVE_WITH_KNOTS('',1,(#3006,#3007),.UNSPECIFIED.,.F.,
  .F.,(2,2),(0.999999856781,1.),.PIECEWISE_BEZIER_KNOTS.);
#3006 = CARTESIAN_POINT('',(0.,0.));
#3007 = CARTESIAN_POINT('',(1.403542679697E-05,0.));
#3008 = ( GEOMETRIC_REPRESENTATION_CONTEXT(2) 
PARAMETRIC_REPRESENTATION_CONTEXT() REPRESENTATION_CONTEXT('2D SPACE',''
  ) );
#3009 = PCURVE('',#940,#3010);
#3010 = DEFINITIONAL_REPRESENTATION('',(#3011),#3019);
#3011 = B_SPLINE_CURVE_WITH_KNOTS('',6,(#3012,#3013,#3014,#3015,#3016,
    #3017,#3018),.UNSPECIFIED.,.F.,.F.,(7,7),(0.,1.),
  .PIECEWISE_BEZIER_KNOTS.);
#3012 = CARTESIAN_POINT('',(0.,0.99998989899));
#3013 = CARTESIAN_POINT('',(-12.25006160966,0.99998989899));
#3014 = CARTESIAN_POINT('',(-24.50006264056,0.99998989899));
#3015 = CARTESIAN_POINT('',(-36.75000001373,0.99998989899));
#3016 = CARTESIAN_POINT('',(-48.99993734576,0.99998989899));
#3017 = CARTESIAN_POINT('',(-61.24993839034,0.99998989899));
#3018 = CARTESIAN_POINT('',(-73.5,0.99998989899));
#3019 = ( GEOMETRIC_REPRESENTATION_CONTEXT(2) 
PARAMETRIC_REPRESENTATION_CONTEXT() REPRESENTATION_CONTEXT('2D SPACE',''
  ) );
#3020 = ORIENTED_EDGE('',*,*,#3021,.T.);
#3021 = EDGE_CURVE('',#2992,#3022,#3024,.T.);
#3022 = VERTEX_POINT('',#3023);
#3023 = CARTESIAN_POINT('',(-36.75,-0.75,107.5));
#3024 = SURFACE_CURVE('',#3025,(#3029,#3036),.PCURVE_S1.);
#3025 = LINE('',#3026,#3027);
#3026 = CARTESIAN_POINT('',(-36.75,-0.75,98.999));
#3027 = VECTOR('',#3028,1.);
#3028 = DIRECTION('',(0.,0.,1.));
#3029 = PCURVE('',#753,#3030);
#3030 = DEFINITIONAL_REPRESENTATION('',(#3031),#3035);
#3031 = LINE('',#3032,#3033);
#3032 = CARTESIAN_POINT('',(0.,0.));
#3033 = VECTOR('',#3034,1.);
#3034 = DIRECTION('',(0.,-1.));
#3035 = ( GEOMETRIC_REPRESENTATION_CONTEXT(2) 
PARAMETRIC_REPRESENTATION_CONTEXT() REPRESENTATION_CONTEXT('2D SPACE',''
  ) );
#3036 = PCURVE('',#2479,#3037);
#3037 = DEFINITIONAL_REPRESENTATION('',(#3038),#3042);
#3038 = LINE('',#3039,#3040);
#3039 = CARTESIAN_POINT('',(73.5,0.));
#3040 = VECTOR('',#3041,1.);
#3041 = DIRECTION('',(0.,-1.));
#3042 = ( GEOMETRIC_REPRESENTATION_CONTEXT(2) 
PARAMETRIC_REPRESENTATION_CONTEXT() REPRESENTATION_CONTEXT('2D SPACE',''
  ) );
#3043 = ORIENTED_EDGE('',*,*,#3044,.T.);
#3044 = EDGE_CURVE('',#3022,#713,#3045,.T.);
#3045 = SURFACE_CURVE('',#3046,(#3051,#3058),.PCURVE_S1.);
#3046 = CIRCLE('',#3047,0.75);
#3047 = AXIS2_PLACEMENT_3D('',#3048,#3049,#3050);
#3048 = CARTESIAN_POINT('',(-36.75,0.,107.5));
#3049 = DIRECTION('',(0.,-0.,-1.));
#3050 = DIRECTION('',(0.,-1.,0.));
#3051 = PCURVE('',#753,#3052);
#3052 = DEFINITIONAL_REPRESENTATION('',(#3053),#3057);
#3053 = LINE('',#3054,#3055);
#3054 = CARTESIAN_POINT('',(0.,-8.501));
#3055 = VECTOR('',#3056,1.);
#3056 = DIRECTION('',(1.,0.));
#3057 = ( GEOMETRIC_REPRESENTATION_CONTEXT(2) 
PARAMETRIC_REPRESENTATION_CONTEXT() REPRESENTATION_CONTEXT('2D SPACE',''
  ) );
#3058 = PCURVE('',#727,#3059);
#3059 = DEFINITIONAL_REPRESENTATION('',(#3060),#3063);
#3060 = B_SPLINE_CURVE_WITH_KNOTS('',1,(#3061,#3062),.UNSPECIFIED.,.F.,
  .F.,(2,2),(0.,3.14159265359),.PIECEWISE_BEZIER_KNOTS.);
#3061 = CARTESIAN_POINT('',(0.,0.));
#3062 = CARTESIAN_POINT('',(-3.14159265359,0.));
#3063 = ( GEOMETRIC_REPRESENTATION_CONTEXT(2) 
PARAMETRIC_REPRESENTATION_CONTEXT() REPRESENTATION_CONTEXT('2D SPACE',''
  ) );
#3064 = ORIENTED_EDGE('',*,*,#738,.T.);
#3065 = ORIENTED_EDGE('',*,*,#2772,.F.);
#3066 = ADVANCED_FACE('',(#3067),#727,.F.);
#3067 = FACE_BOUND('',#3068,.T.);
#3068 = EDGE_LOOP('',(#3069,#3087,#3088,#3089));
#3069 = ORIENTED_EDGE('',*,*,#3070,.F.);
#3070 = EDGE_CURVE('',#3022,#2358,#3071,.T.);
#3071 = SURFACE_CURVE('',#3072,(#3075,#3081),.PCURVE_S1.);
#3072 = B_SPLINE_CURVE_WITH_KNOTS('',1,(#3073,#3074),.UNSPECIFIED.,.F.,
  .F.,(2,2),(0.,1.),.PIECEWISE_BEZIER_KNOTS.);
#3073 = CARTESIAN_POINT('',(-36.75,-0.75,107.5));
#3074 = CARTESIAN_POINT('',(-36.75,-2.25,109.));
#3075 = PCURVE('',#727,#3076);
#3076 = DEFINITIONAL_REPRESENTATION('',(#3077),#3080);
#3077 = B_SPLINE_CURVE_WITH_KNOTS('',1,(#3078,#3079),.UNSPECIFIED.,.F.,
  .F.,(2,2),(0.,1.),.PIECEWISE_BEZIER_KNOTS.);
#3078 = CARTESIAN_POINT('',(0.,0.));
#3079 = CARTESIAN_POINT('',(0.,1.5));
#3080 = ( GEOMETRIC_REPRESENTATION_CONTEXT(2) 
PARAMETRIC_REPRESENTATION_CONTEXT() REPRESENTATION_CONTEXT('2D SPACE',''
  ) );
#3081 = PCURVE('',#2373,#3082);
#3082 = DEFINITIONAL_REPRESENTATION('',(#3083),#3086);
#3083 = B_SPLINE_CURVE_WITH_KNOTS('',1,(#3084,#3085),.UNSPECIFIED.,.F.,
  .F.,(2,2),(0.,1.),.PIECEWISE_BEZIER_KNOTS.);
#3084 = CARTESIAN_POINT('',(73.5,-2.12132034356));
#3085 = CARTESIAN_POINT('',(73.5,0.));
#3086 = ( GEOMETRIC_REPRESENTATION_CONTEXT(2) 
PARAMETRIC_REPRESENTATION_CONTEXT() REPRESENTATION_CONTEXT('2D SPACE',''
  ) );
#3087 = ORIENTED_EDGE('',*,*,#3044,.T.);
#3088 = ORIENTED_EDGE('',*,*,#712,.T.);
#3089 = ORIENTED_EDGE('',*,*,#2385,.F.);
#3090 = ADVANCED_FACE('',(#3091),#852,.F.);
#3091 = FACE_BOUND('',#3092,.F.);
#3092 = EDGE_LOOP('',(#3093,#3094,#3117,#3144));
#3093 = ORIENTED_EDGE('',*,*,#835,.F.);
#3094 = ORIENTED_EDGE('',*,*,#3095,.F.);
#3095 = EDGE_CURVE('',#3096,#836,#3098,.T.);
#3096 = VERTEX_POINT('',#3097);
#3097 = CARTESIAN_POINT('',(-42.1,-12.,32.));
#3098 = SEAM_CURVE('',#3099,(#3103,#3110),.PCURVE_S1.);
#3099 = LINE('',#3100,#3101);
#3100 = CARTESIAN_POINT('',(-42.1,-12.,32.));
#3101 = VECTOR('',#3102,1.);
#3102 = DIRECTION('',(0.,1.,0.));
#3103 = PCURVE('',#852,#3104);
#3104 = DEFINITIONAL_REPRESENTATION('',(#3105),#3109);
#3105 = LINE('',#3106,#3107);
#3106 = CARTESIAN_POINT('',(6.28318530718,-0.));
#3107 = VECTOR('',#3108,1.);
#3108 = DIRECTION('',(0.,1.));
#3109 = ( GEOMETRIC_REPRESENTATION_CONTEXT(2) 
PARAMETRIC_REPRESENTATION_CONTEXT() REPRESENTATION_CONTEXT('2D SPACE',''
  ) );
#3110 = PCURVE('',#852,#3111);
#3111 = DEFINITIONAL_REPRESENTATION('',(#3112),#3116);
#3112 = LINE('',#3113,#3114);
#3113 = CARTESIAN_POINT('',(0.,-0.));
#3114 = VECTOR('',#3115,1.);
#3115 = DIRECTION('',(0.,1.));
#3116 = ( GEOMETRIC_REPRESENTATION_CONTEXT(2) 
PARAMETRIC_REPRESENTATION_CONTEXT() REPRESENTATION_CONTEXT('2D SPACE',''
  ) );
#3117 = ORIENTED_EDGE('',*,*,#3118,.T.);
#3118 = EDGE_CURVE('',#3096,#3096,#3119,.T.);
#3119 = SURFACE_CURVE('',#3120,(#3125,#3132),.PCURVE_S1.);
#3120 = CIRCLE('',#3121,2.);
#3121 = AXIS2_PLACEMENT_3D('',#3122,#3123,#3124);
#3122 = CARTESIAN_POINT('',(-42.1,-12.,30.));
#3123 = DIRECTION('',(0.,1.,0.));
#3124 = DIRECTION('',(0.,-0.,1.));
#3125 = PCURVE('',#852,#3126);
#3126 = DEFINITIONAL_REPRESENTATION('',(#3127),#3131);
#3127 = LINE('',#3128,#3129);
#3128 = CARTESIAN_POINT('',(0.,0.));
#3129 = VECTOR('',#3130,1.);
#3130 = DIRECTION('',(1.,0.));
#3131 = ( GEOMETRIC_REPRESENTATION_CONTEXT(2) 
PARAMETRIC_REPRESENTATION_CONTEXT() REPRESENTATION_CONTEXT('2D SPACE',''
  ) );
#3132 = PCURVE('',#3133,#3138);
#3133 = PLANE('',#3134);
#3134 = AXIS2_PLACEMENT_3D('',#3135,#3136,#3137);
#3135 = CARTESIAN_POINT('',(-42.1,-12.,30.));
#3136 = DIRECTION('',(0.,1.,0.));
#3137 = DIRECTION('',(0.,-0.,1.));
#3138 = DEFINITIONAL_REPRESENTATION('',(#3139),#3143);
#3139 = CIRCLE('',#3140,2.);
#3140 = AXIS2_PLACEMENT_2D('',#3141,#3142);
#3141 = CARTESIAN_POINT('',(0.,0.));
#3142 = DIRECTION('',(1.,0.));
#3143 = ( GEOMETRIC_REPRESENTATION_CONTEXT(2) 
PARAMETRIC_REPRESENTATION_CONTEXT() REPRESENTATION_CONTEXT('2D SPACE',''
  ) );
#3144 = ORIENTED_EDGE('',*,*,#3095,.T.);
#3145 = ADVANCED_FACE('',(#3146),#883,.F.);
#3146 = FACE_BOUND('',#3147,.F.);
#3147 = EDGE_LOOP('',(#3148,#3149,#3172,#3199));
#3148 = ORIENTED_EDGE('',*,*,#866,.F.);
#3149 = ORIENTED_EDGE('',*,*,#3150,.F.);
#3150 = EDGE_CURVE('',#3151,#867,#3153,.T.);
#3151 = VERTEX_POINT('',#3152);
#3152 = CARTESIAN_POINT('',(-42.1,-12.,62.));
#3153 = SEAM_CURVE('',#3154,(#3158,#3165),.PCURVE_S1.);
#3154 = LINE('',#3155,#3156);
#3155 = CARTESIAN_POINT('',(-42.1,-12.,62.));
#3156 = VECTOR('',#3157,1.);
#3157 = DIRECTION('',(0.,1.,0.));
#3158 = PCURVE('',#883,#3159);
#3159 = DEFINITIONAL_REPRESENTATION('',(#3160),#3164);
#3160 = LINE('',#3161,#3162);
#3161 = CARTESIAN_POINT('',(6.28318530718,-0.));
#3162 = VECTOR('',#3163,1.);
#3163 = DIRECTION('',(0.,1.));
#3164 = ( GEOMETRIC_REPRESENTATION_CONTEXT(2) 
PARAMETRIC_REPRESENTATION_CONTEXT() REPRESENTATION_CONTEXT('2D SPACE',''
  ) );
#3165 = PCURVE('',#883,#3166);
#3166 = DEFINITIONAL_REPRESENTATION('',(#3167),#3171);
#3167 = LINE('',#3168,#3169);
#3168 = CARTESIAN_POINT('',(0.,-0.));
#3169 = VECTOR('',#3170,1.);
#3170 = DIRECTION('',(0.,1.));
#3171 = ( GEOMETRIC_REPRESENTATION_CONTEXT(2) 
PARAMETRIC_REPRESENTATION_CONTEXT() REPRESENTATION_CONTEXT('2D SPACE',''
  ) );
#3172 = ORIENTED_EDGE('',*,*,#3173,.T.);
#3173 = EDGE_CURVE('',#3151,#3151,#3174,.T.);
#3174 = SURFACE_CURVE('',#3175,(#3180,#3187),.PCURVE_S1.);
#3175 = CIRCLE('',#3176,2.);
#3176 = AXIS2_PLACEMENT_3D('',#3177,#3178,#3179);
#3177 = CARTESIAN_POINT('',(-42.1,-12.,60.));
#3178 = DIRECTION('',(0.,1.,0.));
#3179 = DIRECTION('',(0.,-0.,1.));
#3180 = PCURVE('',#883,#3181);
#3181 = DEFINITIONAL_REPRESENTATION('',(#3182),#3186);
#3182 = LINE('',#3183,#3184);
#3183 = CARTESIAN_POINT('',(0.,0.));
#3184 = VECTOR('',#3185,1.);
#3185 = DIRECTION('',(1.,0.));
#3186 = ( GEOMETRIC_REPRESENTATION_CONTEXT(2) 
PARAMETRIC_REPRESENTATION_CONTEXT() REPRESENTATION_CONTEXT('2D SPACE',''
  ) );
#3187 = PCURVE('',#3188,#3193);
#3188 = PLANE('',#3189);
#3189 = AXIS2_PLACEMENT_3D('',#3190,#3191,#3192);
#3190 = CARTESIAN_POINT('',(-42.1,-12.,60.));
#3191 = DIRECTION('',(0.,1.,0.));
#3192 = DIRECTION('',(0.,-0.,1.));
#3193 = DEFINITIONAL_REPRESENTATION('',(#3194),#3198);
#3194 = CIRCLE('',#3195,2.);
#3195 = AXIS2_PLACEMENT_2D('',#3196,#3197);
#3196 = CARTESIAN_POINT('',(0.,0.));
#3197 = DIRECTION('',(1.,0.));
#3198 = ( GEOMETRIC_REPRESENTATION_CONTEXT(2) 
PARAMETRIC_REPRESENTATION_CONTEXT() REPRESENTATION_CONTEXT('2D SPACE',''
  ) );
#3199 = ORIENTED_EDGE('',*,*,#3150,.T.);
#3200 = ADVANCED_FACE('',(#3201),#940,.F.);
#3201 = FACE_BOUND('',#3202,.F.);
#3202 = EDGE_LOOP('',(#3203,#3204,#3205,#3206,#3207,#3245));
#3203 = ORIENTED_EDGE('',*,*,#2750,.F.);
#3204 = ORIENTED_EDGE('',*,*,#923,.T.);
#3205 = ORIENTED_EDGE('',*,*,#2612,.T.);
#3206 = ORIENTED_EDGE('',*,*,#2491,.T.);
#3207 = ORIENTED_EDGE('',*,*,#3208,.T.);
#3208 = EDGE_CURVE('',#2464,#2992,#3209,.T.);
#3209 = SURFACE_CURVE('',#3210,(#3218,#3229),.PCURVE_S1.);
#3210 = B_SPLINE_CURVE_WITH_KNOTS('',6,(#3211,#3212,#3213,#3214,#3215,
    #3216,#3217),.UNSPECIFIED.,.F.,.F.,(7,7),(0.,1.),
  .PIECEWISE_BEZIER_KNOTS.);
#3211 = CARTESIAN_POINT('',(36.750010526573,-0.750000214828,98.999));
#3212 = CARTESIAN_POINT('',(24.500068628735,-0.750197497232,98.999));
#3213 = CARTESIAN_POINT('',(12.250066150257,-0.750392092164,98.999));
#3214 = CARTESIAN_POINT('',(1.373174995933E-08,-0.750490903036,98.999));
#3215 = CARTESIAN_POINT('',(-12.2500661639,-0.750392092379,98.999));
#3216 = CARTESIAN_POINT('',(-24.50006862873,-0.750197497232,98.999));
#3217 = CARTESIAN_POINT('',(-36.75001052657,-0.750000214828,98.999));
#3218 = PCURVE('',#940,#3219);
#3219 = DEFINITIONAL_REPRESENTATION('',(#3220),#3228);
#3220 = B_SPLINE_CURVE_WITH_KNOTS('',6,(#3221,#3222,#3223,#3224,#3225,
    #3226,#3227),.UNSPECIFIED.,.F.,.F.,(7,7),(0.,1.),
  .PIECEWISE_BEZIER_KNOTS.);
#3221 = CARTESIAN_POINT('',(0.,0.99998989899));
#3222 = CARTESIAN_POINT('',(-12.25006160966,0.99998989899));
#3223 = CARTESIAN_POINT('',(-24.50006264056,0.99998989899));
#3224 = CARTESIAN_POINT('',(-36.75000001373,0.99998989899));
#3225 = CARTESIAN_POINT('',(-48.99993734576,0.99998989899));
#3226 = CARTESIAN_POINT('',(-61.24993839034,0.99998989899));
#3227 = CARTESIAN_POINT('',(-73.5,0.99998989899));
#3228 = ( GEOMETRIC_REPRESENTATION_CONTEXT(2) 
PARAMETRIC_REPRESENTATION_CONTEXT() REPRESENTATION_CONTEXT('2D SPACE',''
  ) );
#3229 = PCURVE('',#3230,#3235);
#3230 = PLANE('',#3231);
#3231 = AXIS2_PLACEMENT_3D('',#3232,#3233,#3234);
#3232 = CARTESIAN_POINT('',(-200.,-200.,98.999));
#3233 = DIRECTION('',(0.,0.,1.));
#3234 = DIRECTION('',(1.,0.,0.));
#3235 = DEFINITIONAL_REPRESENTATION('',(#3236),#3244);
#3236 = B_SPLINE_CURVE_WITH_KNOTS('',6,(#3237,#3238,#3239,#3240,#3241,
    #3242,#3243),.UNSPECIFIED.,.F.,.F.,(7,7),(0.,1.),
  .PIECEWISE_BEZIER_KNOTS.);
#3237 = CARTESIAN_POINT('',(236.75001052657,199.24999978517));
#3238 = CARTESIAN_POINT('',(224.50006862873,199.24980250276));
#3239 = CARTESIAN_POINT('',(212.25006615025,199.24960790783));
#3240 = CARTESIAN_POINT('',(200.00000001373,199.24950909696));
#3241 = CARTESIAN_POINT('',(187.74993383609,199.24960790762));
#3242 = CARTESIAN_POINT('',(175.49993137126,199.24980250276));
#3243 = CARTESIAN_POINT('',(163.24998947342,199.24999978517));
#3244 = ( GEOMETRIC_REPRESENTATION_CONTEXT(2) 
PARAMETRIC_REPRESENTATION_CONTEXT() REPRESENTATION_CONTEXT('2D SPACE',''
  ) );
#3245 = ORIENTED_EDGE('',*,*,#2991,.T.);
#3246 = ADVANCED_FACE('',(#3247),#1189,.F.);
#3247 = FACE_BOUND('',#3248,.F.);
#3248 = EDGE_LOOP('',(#3249,#3272,#3299,#3300));
#3249 = ORIENTED_EDGE('',*,*,#3250,.T.);
#3250 = EDGE_CURVE('',#1080,#3251,#3253,.T.);
#3251 = VERTEX_POINT('',#3252);
#3252 = CARTESIAN_POINT('',(-11.,-18.19767663091,105.4));
#3253 = SEAM_CURVE('',#3254,(#3258,#3265),.PCURVE_S1.);
#3254 = LINE('',#3255,#3256);
#3255 = CARTESIAN_POINT('',(-11.,-40.19767663091,105.4));
#3256 = VECTOR('',#3257,1.);
#3257 = DIRECTION('',(0.,1.,0.));
#3258 = PCURVE('',#1189,#3259);
#3259 = DEFINITIONAL_REPRESENTATION('',(#3260),#3264);
#3260 = LINE('',#3261,#3262);
#3261 = CARTESIAN_POINT('',(6.28318530718,-0.));
#3262 = VECTOR('',#3263,1.);
#3263 = DIRECTION('',(0.,1.));
#3264 = ( GEOMETRIC_REPRESENTATION_CONTEXT(2) 
PARAMETRIC_REPRESENTATION_CONTEXT() REPRESENTATION_CONTEXT('2D SPACE',''
  ) );
#3265 = PCURVE('',#1189,#3266);
#3266 = DEFINITIONAL_REPRESENTATION('',(#3267),#3271);
#3267 = LINE('',#3268,#3269);
#3268 = CARTESIAN_POINT('',(0.,-0.));
#3269 = VECTOR('',#3270,1.);
#3270 = DIRECTION('',(0.,1.));
#3271 = ( GEOMETRIC_REPRESENTATION_CONTEXT(2) 
PARAMETRIC_REPRESENTATION_CONTEXT() REPRESENTATION_CONTEXT('2D SPACE',''
  ) );
#3272 = ORIENTED_EDGE('',*,*,#3273,.F.);
#3273 = EDGE_CURVE('',#3251,#3251,#3274,.T.);
#3274 = SURFACE_CURVE('',#3275,(#3280,#3287),.PCURVE_S1.);
#3275 = CIRCLE('',#3276,2.4);
#3276 = AXIS2_PLACEMENT_3D('',#3277,#3278,#3279);
#3277 = CARTESIAN_POINT('',(-11.,-18.19767663091,103.));
#3278 = DIRECTION('',(0.,1.,0.));
#3279 = DIRECTION('',(0.,-0.,1.));
#3280 = PCURVE('',#1189,#3281);
#3281 = DEFINITIONAL_REPRESENTATION('',(#3282),#3286);
#3282 = LINE('',#3283,#3284);
#3283 = CARTESIAN_POINT('',(0.,22.));
#3284 = VECTOR('',#3285,1.);
#3285 = DIRECTION('',(1.,0.));
#3286 = ( GEOMETRIC_REPRESENTATION_CONTEXT(2) 
PARAMETRIC_REPRESENTATION_CONTEXT() REPRESENTATION_CONTEXT('2D SPACE',''
  ) );
#3287 = PCURVE('',#3288,#3293);
#3288 = PLANE('',#3289);
#3289 = AXIS2_PLACEMENT_3D('',#3290,#3291,#3292);
#3290 = CARTESIAN_POINT('',(-11.,-18.19767663091,103.));
#3291 = DIRECTION('',(0.,1.,0.));
#3292 = DIRECTION('',(0.,-0.,1.));
#3293 = DEFINITIONAL_REPRESENTATION('',(#3294),#3298);
#3294 = CIRCLE('',#3295,2.4);
#3295 = AXIS2_PLACEMENT_2D('',#3296,#3297);
#3296 = CARTESIAN_POINT('',(0.,0.));
#3297 = DIRECTION('',(1.,0.));
#3298 = ( GEOMETRIC_REPRESENTATION_CONTEXT(2) 
PARAMETRIC_REPRESENTATION_CONTEXT() REPRESENTATION_CONTEXT('2D SPACE',''
  ) );
#3299 = ORIENTED_EDGE('',*,*,#3250,.F.);
#3300 = ORIENTED_EDGE('',*,*,#1079,.T.);
#3301 = ADVANCED_FACE('',(#3302),#1360,.F.);
#3302 = FACE_BOUND('',#3303,.F.);
#3303 = EDGE_LOOP('',(#3304,#3327,#3354,#3355));
#3304 = ORIENTED_EDGE('',*,*,#3305,.T.);
#3305 = EDGE_CURVE('',#1251,#3306,#3308,.T.);
#3306 = VERTEX_POINT('',#3307);
#3307 = CARTESIAN_POINT('',(11.,-18.19767663091,105.4));
#3308 = SEAM_CURVE('',#3309,(#3313,#3320),.PCURVE_S1.);
#3309 = LINE('',#3310,#3311);
#3310 = CARTESIAN_POINT('',(11.,-40.19767663091,105.4));
#3311 = VECTOR('',#3312,1.);
#3312 = DIRECTION('',(0.,1.,0.));
#3313 = PCURVE('',#1360,#3314);
#3314 = DEFINITIONAL_REPRESENTATION('',(#3315),#3319);
#3315 = LINE('',#3316,#3317);
#3316 = CARTESIAN_POINT('',(6.28318530718,-0.));
#3317 = VECTOR('',#3318,1.);
#3318 = DIRECTION('',(0.,1.));
#3319 = ( GEOMETRIC_REPRESENTATION_CONTEXT(2) 
PARAMETRIC_REPRESENTATION_CONTEXT() REPRESENTATION_CONTEXT('2D SPACE',''
  ) );
#3320 = PCURVE('',#1360,#3321);
#3321 = DEFINITIONAL_REPRESENTATION('',(#3322),#3326);
#3322 = LINE('',#3323,#3324);
#3323 = CARTESIAN_POINT('',(0.,-0.));
#3324 = VECTOR('',#3325,1.);
#3325 = DIRECTION('',(0.,1.));
#3326 = ( GEOMETRIC_REPRESENTATION_CONTEXT(2) 
PARAMETRIC_REPRESENTATION_CONTEXT() REPRESENTATION_CONTEXT('2D SPACE',''
  ) );
#3327 = ORIENTED_EDGE('',*,*,#3328,.F.);
#3328 = EDGE_CURVE('',#3306,#3306,#3329,.T.);
#3329 = SURFACE_CURVE('',#3330,(#3335,#3342),.PCURVE_S1.);
#3330 = CIRCLE('',#3331,2.4);
#3331 = AXIS2_PLACEMENT_3D('',#3332,#3333,#3334);
#3332 = CARTESIAN_POINT('',(11.,-18.19767663091,103.));
#3333 = DIRECTION('',(0.,1.,0.));
#3334 = DIRECTION('',(0.,-0.,1.));
#3335 = PCURVE('',#1360,#3336);
#3336 = DEFINITIONAL_REPRESENTATION('',(#3337),#3341);
#3337 = LINE('',#3338,#3339);
#3338 = CARTESIAN_POINT('',(0.,22.));
#3339 = VECTOR('',#3340,1.);
#3340 = DIRECTION('',(1.,0.));
#3341 = ( GEOMETRIC_REPRESENTATION_CONTEXT(2) 
PARAMETRIC_REPRESENTATION_CONTEXT() REPRESENTATION_CONTEXT('2D SPACE',''
  ) );
#3342 = PCURVE('',#3343,#3348);
#3343 = PLANE('',#3344);
#3344 = AXIS2_PLACEMENT_3D('',#3345,#3346,#3347);
#3345 = CARTESIAN_POINT('',(11.,-18.19767663091,103.));
#3346 = DIRECTION('',(0.,1.,0.));
#3347 = DIRECTION('',(0.,-0.,1.));
#3348 = DEFINITIONAL_REPRESENTATION('',(#3349),#3353);
#3349 = CIRCLE('',#3350,2.4);
#3350 = AXIS2_PLACEMENT_2D('',#3351,#3352);
#3351 = CARTESIAN_POINT('',(0.,0.));
#3352 = DIRECTION('',(1.,0.));
#3353 = ( GEOMETRIC_REPRESENTATION_CONTEXT(2) 
PARAMETRIC_REPRESENTATION_CONTEXT() REPRESENTATION_CONTEXT('2D SPACE',''
  ) );
#3354 = ORIENTED_EDGE('',*,*,#3305,.F.);
#3355 = ORIENTED_EDGE('',*,*,#1250,.T.);
#3356 = ADVANCED_FACE('',(#3357),#1587,.F.);
#3357 = FACE_BOUND('',#3358,.F.);
#3358 = EDGE_LOOP('',(#3359,#3382,#3409,#3410,#3411,#3433));
#3359 = ORIENTED_EDGE('',*,*,#3360,.T.);
#3360 = EDGE_CURVE('',#1424,#3361,#3363,.T.);
#3361 = VERTEX_POINT('',#3362);
#3362 = CARTESIAN_POINT('',(-22.,-12.02688494776,101.75));
#3363 = SEAM_CURVE('',#3364,(#3368,#3375),.PCURVE_S1.);
#3364 = LINE('',#3365,#3366);
#3365 = CARTESIAN_POINT('',(-22.,-35.1068346418,101.75));
#3366 = VECTOR('',#3367,1.);
#3367 = DIRECTION('',(0.,1.,0.));
#3368 = PCURVE('',#1587,#3369);
#3369 = DEFINITIONAL_REPRESENTATION('',(#3370),#3374);
#3370 = LINE('',#3371,#3372);
#3371 = CARTESIAN_POINT('',(6.28318530718,-0.));
#3372 = VECTOR('',#3373,1.);
#3373 = DIRECTION('',(0.,1.));
#3374 = ( GEOMETRIC_REPRESENTATION_CONTEXT(2) 
PARAMETRIC_REPRESENTATION_CONTEXT() REPRESENTATION_CONTEXT('2D SPACE',''
  ) );
#3375 = PCURVE('',#1587,#3376);
#3376 = DEFINITIONAL_REPRESENTATION('',(#3377),#3381);
#3377 = LINE('',#3378,#3379);
#3378 = CARTESIAN_POINT('',(0.,-0.));
#3379 = VECTOR('',#3380,1.);
#3380 = DIRECTION('',(0.,1.));
#3381 = ( GEOMETRIC_REPRESENTATION_CONTEXT(2) 
PARAMETRIC_REPRESENTATION_CONTEXT() REPRESENTATION_CONTEXT('2D SPACE',''
  ) );
#3382 = ORIENTED_EDGE('',*,*,#3383,.F.);
#3383 = EDGE_CURVE('',#3361,#3361,#3384,.T.);
#3384 = SURFACE_CURVE('',#3385,(#3390,#3397),.PCURVE_S1.);
#3385 = CIRCLE('',#3386,4.75);
#3386 = AXIS2_PLACEMENT_3D('',#3387,#3388,#3389);
#3387 = CARTESIAN_POINT('',(-22.,-12.02688494776,97.));
#3388 = DIRECTION('',(0.,1.,0.));
#3389 = DIRECTION('',(0.,-0.,1.));
#3390 = PCURVE('',#1587,#3391);
#3391 = DEFINITIONAL_REPRESENTATION('',(#3392),#3396);
#3392 = LINE('',#3393,#3394);
#3393 = CARTESIAN_POINT('',(0.,23.079949694048));
#3394 = VECTOR('',#3395,1.);
#3395 = DIRECTION('',(1.,0.));
#3396 = ( GEOMETRIC_REPRESENTATION_CONTEXT(2) 
PARAMETRIC_REPRESENTATION_CONTEXT() REPRESENTATION_CONTEXT('2D SPACE',''
  ) );
#3397 = PCURVE('',#3398,#3403);
#3398 = PLANE('',#3399);
#3399 = AXIS2_PLACEMENT_3D('',#3400,#3401,#3402);
#3400 = CARTESIAN_POINT('',(-22.,-12.02688494776,97.));
#3401 = DIRECTION('',(0.,1.,0.));
#3402 = DIRECTION('',(0.,-0.,1.));
#3403 = DEFINITIONAL_REPRESENTATION('',(#3404),#3408);
#3404 = CIRCLE('',#3405,4.75);
#3405 = AXIS2_PLACEMENT_2D('',#3406,#3407);
#3406 = CARTESIAN_POINT('',(0.,0.));
#3407 = DIRECTION('',(1.,0.));
#3408 = ( GEOMETRIC_REPRESENTATION_CONTEXT(2) 
PARAMETRIC_REPRESENTATION_CONTEXT() REPRESENTATION_CONTEXT('2D SPACE',''
  ) );
#3409 = ORIENTED_EDGE('',*,*,#3360,.F.);
#3410 = ORIENTED_EDGE('',*,*,#1699,.T.);
#3411 = ORIENTED_EDGE('',*,*,#3412,.T.);
#3412 = EDGE_CURVE('',#1674,#1422,#3413,.T.);
#3413 = SURFACE_CURVE('',#3414,(#3419,#3426),.PCURVE_S1.);
#3414 = CIRCLE('',#3415,4.75);
#3415 = AXIS2_PLACEMENT_3D('',#3416,#3417,#3418);
#3416 = CARTESIAN_POINT('',(-22.,-35.1068346418,97.));
#3417 = DIRECTION('',(0.,1.,0.));
#3418 = DIRECTION('',(0.,-0.,1.));
#3419 = PCURVE('',#1587,#3420);
#3420 = DEFINITIONAL_REPRESENTATION('',(#3421),#3425);
#3421 = LINE('',#3422,#3423);
#3422 = CARTESIAN_POINT('',(0.,0.));
#3423 = VECTOR('',#3424,1.);
#3424 = DIRECTION('',(1.,0.));
#3425 = ( GEOMETRIC_REPRESENTATION_CONTEXT(2) 
PARAMETRIC_REPRESENTATION_CONTEXT() REPRESENTATION_CONTEXT('2D SPACE',''
  ) );
#3426 = PCURVE('',#1688,#3427);
#3427 = DEFINITIONAL_REPRESENTATION('',(#3428),#3432);
#3428 = CIRCLE('',#3429,4.75);
#3429 = AXIS2_PLACEMENT_2D('',#3430,#3431);
#3430 = CARTESIAN_POINT('',(0.,0.));
#3431 = DIRECTION('',(1.,0.));
#3432 = ( GEOMETRIC_REPRESENTATION_CONTEXT(2) 
PARAMETRIC_REPRESENTATION_CONTEXT() REPRESENTATION_CONTEXT('2D SPACE',''
  ) );
#3433 = ORIENTED_EDGE('',*,*,#1421,.T.);
#3434 = ADVANCED_FACE('',(#3435),#1688,.T.);
#3435 = FACE_BOUND('',#3436,.T.);
#3436 = EDGE_LOOP('',(#3437,#3438));
#3437 = ORIENTED_EDGE('',*,*,#1673,.F.);
#3438 = ORIENTED_EDGE('',*,*,#3412,.T.);
#3439 = ADVANCED_FACE('',(#3440),#1925,.F.);
#3440 = FACE_BOUND('',#3441,.F.);
#3441 = EDGE_LOOP('',(#3442,#3465,#3492,#3493));
#3442 = ORIENTED_EDGE('',*,*,#3443,.T.);
#3443 = EDGE_CURVE('',#1768,#3444,#3446,.T.);
#3444 = VERTEX_POINT('',#3445);
#3445 = CARTESIAN_POINT('',(-1.16341445919E-15,-12.02688494776,101.75));
#3446 = SEAM_CURVE('',#3447,(#3451,#3458),.PCURVE_S1.);
#3447 = LINE('',#3448,#3449);
#3448 = CARTESIAN_POINT('',(-1.16341445919E-15,-41.75,101.75));
#3449 = VECTOR('',#3450,1.);
#3450 = DIRECTION('',(0.,1.,0.));
#3451 = PCURVE('',#1925,#3452);
#3452 = DEFINITIONAL_REPRESENTATION('',(#3453),#3457);
#3453 = LINE('',#3454,#3455);
#3454 = CARTESIAN_POINT('',(6.28318530718,-0.));
#3455 = VECTOR('',#3456,1.);
#3456 = DIRECTION('',(0.,1.));
#3457 = ( GEOMETRIC_REPRESENTATION_CONTEXT(2) 
PARAMETRIC_REPRESENTATION_CONTEXT() REPRESENTATION_CONTEXT('2D SPACE',''
  ) );
#3458 = PCURVE('',#1925,#3459);
#3459 = DEFINITIONAL_REPRESENTATION('',(#3460),#3464);
#3460 = LINE('',#3461,#3462);
#3461 = CARTESIAN_POINT('',(0.,-0.));
#3462 = VECTOR('',#3463,1.);
#3463 = DIRECTION('',(0.,1.));
#3464 = ( GEOMETRIC_REPRESENTATION_CONTEXT(2) 
PARAMETRIC_REPRESENTATION_CONTEXT() REPRESENTATION_CONTEXT('2D SPACE',''
  ) );
#3465 = ORIENTED_EDGE('',*,*,#3466,.F.);
#3466 = EDGE_CURVE('',#3444,#3444,#3467,.T.);
#3467 = SURFACE_CURVE('',#3468,(#3473,#3480),.PCURVE_S1.);
#3468 = CIRCLE('',#3469,4.75);
#3469 = AXIS2_PLACEMENT_3D('',#3470,#3471,#3472);
#3470 = CARTESIAN_POINT('',(0.,-12.02688494776,97.));
#3471 = DIRECTION('',(0.,1.,0.));
#3472 = DIRECTION('',(0.,-0.,1.));
#3473 = PCURVE('',#1925,#3474);
#3474 = DEFINITIONAL_REPRESENTATION('',(#3475),#3479);
#3475 = LINE('',#3476,#3477);
#3476 = CARTESIAN_POINT('',(0.,29.72311505224));
#3477 = VECTOR('',#3478,1.);
#3478 = DIRECTION('',(1.,0.));
#3479 = ( GEOMETRIC_REPRESENTATION_CONTEXT(2) 
PARAMETRIC_REPRESENTATION_CONTEXT() REPRESENTATION_CONTEXT('2D SPACE',''
  ) );
#3480 = PCURVE('',#3481,#3486);
#3481 = PLANE('',#3482);
#3482 = AXIS2_PLACEMENT_3D('',#3483,#3484,#3485);
#3483 = CARTESIAN_POINT('',(0.,-12.02688494776,97.));
#3484 = DIRECTION('',(0.,1.,0.));
#3485 = DIRECTION('',(0.,-0.,1.));
#3486 = DEFINITIONAL_REPRESENTATION('',(#3487),#3491);
#3487 = CIRCLE('',#3488,4.75);
#3488 = AXIS2_PLACEMENT_2D('',#3489,#3490);
#3489 = CARTESIAN_POINT('',(0.,0.));
#3490 = DIRECTION('',(1.,0.));
#3491 = ( GEOMETRIC_REPRESENTATION_CONTEXT(2) 
PARAMETRIC_REPRESENTATION_CONTEXT() REPRESENTATION_CONTEXT('2D SPACE',''
  ) );
#3492 = ORIENTED_EDGE('',*,*,#3443,.F.);
#3493 = ORIENTED_EDGE('',*,*,#1767,.T.);
#3494 = ADVANCED_FACE('',(#3495),#2058,.F.);
#3495 = FACE_BOUND('',#3496,.F.);
#3496 = EDGE_LOOP('',(#3497,#3520,#3547,#3548,#3549,#3571));
#3497 = ORIENTED_EDGE('',*,*,#3498,.T.);
#3498 = EDGE_CURVE('',#2013,#3499,#3501,.T.);
#3499 = VERTEX_POINT('',#3500);
#3500 = CARTESIAN_POINT('',(22.,-12.02688494776,101.75));
#3501 = SEAM_CURVE('',#3502,(#3506,#3513),.PCURVE_S1.);
#3502 = LINE('',#3503,#3504);
#3503 = CARTESIAN_POINT('',(22.,-35.1068346418,101.75));
#3504 = VECTOR('',#3505,1.);
#3505 = DIRECTION('',(0.,1.,0.));
#3506 = PCURVE('',#2058,#3507);
#3507 = DEFINITIONAL_REPRESENTATION('',(#3508),#3512);
#3508 = LINE('',#3509,#3510);
#3509 = CARTESIAN_POINT('',(6.28318530718,-0.));
#3510 = VECTOR('',#3511,1.);
#3511 = DIRECTION('',(0.,1.));
#3512 = ( GEOMETRIC_REPRESENTATION_CONTEXT(2) 
PARAMETRIC_REPRESENTATION_CONTEXT() REPRESENTATION_CONTEXT('2D SPACE',''
  ) );
#3513 = PCURVE('',#2058,#3514);
#3514 = DEFINITIONAL_REPRESENTATION('',(#3515),#3519);
#3515 = LINE('',#3516,#3517);
#3516 = CARTESIAN_POINT('',(0.,-0.));
#3517 = VECTOR('',#3518,1.);
#3518 = DIRECTION('',(0.,1.));
#3519 = ( GEOMETRIC_REPRESENTATION_CONTEXT(2) 
PARAMETRIC_REPRESENTATION_CONTEXT() REPRESENTATION_CONTEXT('2D SPACE',''
  ) );
#3520 = ORIENTED_EDGE('',*,*,#3521,.F.);
#3521 = EDGE_CURVE('',#3499,#3499,#3522,.T.);
#3522 = SURFACE_CURVE('',#3523,(#3528,#3535),.PCURVE_S1.);
#3523 = CIRCLE('',#3524,4.75);
#3524 = AXIS2_PLACEMENT_3D('',#3525,#3526,#3527);
#3525 = CARTESIAN_POINT('',(22.,-12.02688494776,97.));
#3526 = DIRECTION('',(0.,1.,0.));
#3527 = DIRECTION('',(0.,-0.,1.));
#3528 = PCURVE('',#2058,#3529);
#3529 = DEFINITIONAL_REPRESENTATION('',(#3530),#3534);
#3530 = LINE('',#3531,#3532);
#3531 = CARTESIAN_POINT('',(0.,23.079949694048));
#3532 = VECTOR('',#3533,1.);
#3533 = DIRECTION('',(1.,0.));
#3534 = ( GEOMETRIC_REPRESENTATION_CONTEXT(2) 
PARAMETRIC_REPRESENTATION_CONTEXT() REPRESENTATION_CONTEXT('2D SPACE',''
  ) );
#3535 = PCURVE('',#3536,#3541);
#3536 = PLANE('',#3537);
#3537 = AXIS2_PLACEMENT_3D('',#3538,#3539,#3540);
#3538 = CARTESIAN_POINT('',(22.,-12.02688494776,97.));
#3539 = DIRECTION('',(0.,1.,0.));
#3540 = DIRECTION('',(0.,-0.,1.));
#3541 = DEFINITIONAL_REPRESENTATION('',(#3542),#3546);
#3542 = CIRCLE('',#3543,4.75);
#3543 = AXIS2_PLACEMENT_2D('',#3544,#3545);
#3544 = CARTESIAN_POINT('',(0.,0.));
#3545 = DIRECTION('',(1.,0.));
#3546 = ( GEOMETRIC_REPRESENTATION_CONTEXT(2) 
PARAMETRIC_REPRESENTATION_CONTEXT() REPRESENTATION_CONTEXT('2D SPACE',''
  ) );
#3547 = ORIENTED_EDGE('',*,*,#3498,.F.);
#3548 = ORIENTED_EDGE('',*,*,#2111,.T.);
#3549 = ORIENTED_EDGE('',*,*,#3550,.T.);
#3550 = EDGE_CURVE('',#2086,#2011,#3551,.T.);
#3551 = SURFACE_CURVE('',#3552,(#3557,#3564),.PCURVE_S1.);
#3552 = CIRCLE('',#3553,4.75);
#3553 = AXIS2_PLACEMENT_3D('',#3554,#3555,#3556);
#3554 = CARTESIAN_POINT('',(22.,-35.1068346418,97.));
#3555 = DIRECTION('',(0.,1.,0.));
#3556 = DIRECTION('',(0.,-0.,1.));
#3557 = PCURVE('',#2058,#3558);
#3558 = DEFINITIONAL_REPRESENTATION('',(#3559),#3563);
#3559 = LINE('',#3560,#3561);
#3560 = CARTESIAN_POINT('',(0.,0.));
#3561 = VECTOR('',#3562,1.);
#3562 = DIRECTION('',(1.,0.));
#3563 = ( GEOMETRIC_REPRESENTATION_CONTEXT(2) 
PARAMETRIC_REPRESENTATION_CONTEXT() REPRESENTATION_CONTEXT('2D SPACE',''
  ) );
#3564 = PCURVE('',#2100,#3565);
#3565 = DEFINITIONAL_REPRESENTATION('',(#3566),#3570);
#3566 = CIRCLE('',#3567,4.75);
#3567 = AXIS2_PLACEMENT_2D('',#3568,#3569);
#3568 = CARTESIAN_POINT('',(0.,0.));
#3569 = DIRECTION('',(1.,0.));
#3570 = ( GEOMETRIC_REPRESENTATION_CONTEXT(2) 
PARAMETRIC_REPRESENTATION_CONTEXT() REPRESENTATION_CONTEXT('2D SPACE',''
  ) );
#3571 = ORIENTED_EDGE('',*,*,#2010,.T.);
#3572 = ADVANCED_FACE('',(#3573),#2100,.T.);
#3573 = FACE_BOUND('',#3574,.T.);
#3574 = EDGE_LOOP('',(#3575,#3576));
#3575 = ORIENTED_EDGE('',*,*,#2085,.T.);
#3576 = ORIENTED_EDGE('',*,*,#3550,.T.);
#3577 = ADVANCED_FACE('',(#3578),#2373,.T.);
#3578 = FACE_BOUND('',#3579,.T.);
#3579 = EDGE_LOOP('',(#3580,#3601,#3602,#3603));
#3580 = ORIENTED_EDGE('',*,*,#3581,.T.);
#3581 = EDGE_CURVE('',#2417,#3022,#3582,.T.);
#3582 = SURFACE_CURVE('',#3583,(#3587,#3594),.PCURVE_S1.);
#3583 = LINE('',#3584,#3585);
#3584 = CARTESIAN_POINT('',(36.75,-0.75,107.5));
#3585 = VECTOR('',#3586,1.);
#3586 = DIRECTION('',(-1.,0.,0.));
#3587 = PCURVE('',#2373,#3588);
#3588 = DEFINITIONAL_REPRESENTATION('',(#3589),#3593);
#3589 = LINE('',#3590,#3591);
#3590 = CARTESIAN_POINT('',(0.,-2.12132034356));
#3591 = VECTOR('',#3592,1.);
#3592 = DIRECTION('',(1.,0.));
#3593 = ( GEOMETRIC_REPRESENTATION_CONTEXT(2) 
PARAMETRIC_REPRESENTATION_CONTEXT() REPRESENTATION_CONTEXT('2D SPACE',''
  ) );
#3594 = PCURVE('',#2479,#3595);
#3595 = DEFINITIONAL_REPRESENTATION('',(#3596),#3600);
#3596 = LINE('',#3597,#3598);
#3597 = CARTESIAN_POINT('',(0.,-8.501));
#3598 = VECTOR('',#3599,1.);
#3599 = DIRECTION('',(1.,0.));
#3600 = ( GEOMETRIC_REPRESENTATION_CONTEXT(2) 
PARAMETRIC_REPRESENTATION_CONTEXT() REPRESENTATION_CONTEXT('2D SPACE',''
  ) );
#3601 = ORIENTED_EDGE('',*,*,#3070,.T.);
#3602 = ORIENTED_EDGE('',*,*,#2357,.F.);
#3603 = ORIENTED_EDGE('',*,*,#2439,.F.);
#3604 = ADVANCED_FACE('',(#3605),#2479,.F.);
#3605 = FACE_BOUND('',#3606,.F.);
#3606 = EDGE_LOOP('',(#3607,#3608,#3609,#3610));
#3607 = ORIENTED_EDGE('',*,*,#2463,.T.);
#3608 = ORIENTED_EDGE('',*,*,#3581,.T.);
#3609 = ORIENTED_EDGE('',*,*,#3021,.F.);
#3610 = ORIENTED_EDGE('',*,*,#3611,.F.);
#3611 = EDGE_CURVE('',#2464,#2992,#3612,.T.);
#3612 = SURFACE_CURVE('',#3613,(#3617,#3624),.PCURVE_S1.);
#3613 = LINE('',#3614,#3615);
#3614 = CARTESIAN_POINT('',(36.75,-0.75,98.999));
#3615 = VECTOR('',#3616,1.);
#3616 = DIRECTION('',(-1.,0.,0.));
#3617 = PCURVE('',#2479,#3618);
#3618 = DEFINITIONAL_REPRESENTATION('',(#3619),#3623);
#3619 = LINE('',#3620,#3621);
#3620 = CARTESIAN_POINT('',(0.,-0.));
#3621 = VECTOR('',#3622,1.);
#3622 = DIRECTION('',(1.,0.));
#3623 = ( GEOMETRIC_REPRESENTATION_CONTEXT(2) 
PARAMETRIC_REPRESENTATION_CONTEXT() REPRESENTATION_CONTEXT('2D SPACE',''
  ) );
#3624 = PCURVE('',#3230,#3625);
#3625 = DEFINITIONAL_REPRESENTATION('',(#3626),#3630);
#3626 = LINE('',#3627,#3628);
#3627 = CARTESIAN_POINT('',(236.75,199.25));
#3628 = VECTOR('',#3629,1.);
#3629 = DIRECTION('',(-1.,0.));
#3630 = ( GEOMETRIC_REPRESENTATION_CONTEXT(2) 
PARAMETRIC_REPRESENTATION_CONTEXT() REPRESENTATION_CONTEXT('2D SPACE',''
  ) );
#3631 = ADVANCED_FACE('',(#3632),#2677,.T.);
#3632 = FACE_BOUND('',#3633,.F.);
#3633 = EDGE_LOOP('',(#3634));
#3634 = ORIENTED_EDGE('',*,*,#2662,.F.);
#3635 = ADVANCED_FACE('',(#3636),#2732,.T.);
#3636 = FACE_BOUND('',#3637,.F.);
#3637 = EDGE_LOOP('',(#3638));
#3638 = ORIENTED_EDGE('',*,*,#2717,.F.);
#3639 = ADVANCED_FACE('',(#3640),#3133,.T.);
#3640 = FACE_BOUND('',#3641,.F.);
#3641 = EDGE_LOOP('',(#3642));
#3642 = ORIENTED_EDGE('',*,*,#3118,.F.);
#3643 = ADVANCED_FACE('',(#3644),#3188,.T.);
#3644 = FACE_BOUND('',#3645,.F.);
#3645 = EDGE_LOOP('',(#3646));
#3646 = ORIENTED_EDGE('',*,*,#3173,.F.);
#3647 = ADVANCED_FACE('',(#3648),#3230,.F.);
#3648 = FACE_BOUND('',#3649,.F.);
#3649 = EDGE_LOOP('',(#3650,#3651));
#3650 = ORIENTED_EDGE('',*,*,#3208,.F.);
#3651 = ORIENTED_EDGE('',*,*,#3611,.T.);
#3652 = ADVANCED_FACE('',(#3653),#3288,.F.);
#3653 = FACE_BOUND('',#3654,.F.);
#3654 = EDGE_LOOP('',(#3655));
#3655 = ORIENTED_EDGE('',*,*,#3273,.T.);
#3656 = ADVANCED_FACE('',(#3657),#3343,.F.);
#3657 = FACE_BOUND('',#3658,.F.);
#3658 = EDGE_LOOP('',(#3659));
#3659 = ORIENTED_EDGE('',*,*,#3328,.T.);
#3660 = ADVANCED_FACE('',(#3661),#3398,.F.);
#3661 = FACE_BOUND('',#3662,.F.);
#3662 = EDGE_LOOP('',(#3663));
#3663 = ORIENTED_EDGE('',*,*,#3383,.T.);
#3664 = ADVANCED_FACE('',(#3665),#3481,.F.);
#3665 = FACE_BOUND('',#3666,.F.);
#3666 = EDGE_LOOP('',(#3667));
#3667 = ORIENTED_EDGE('',*,*,#3466,.T.);
#3668 = ADVANCED_FACE('',(#3669),#3536,.F.);
#3669 = FACE_BOUND('',#3670,.F.);
#3670 = EDGE_LOOP('',(#3671));
#3671 = ORIENTED_EDGE('',*,*,#3521,.T.);
#3672 = ( GEOMETRIC_REPRESENTATION_CONTEXT(3) 
GLOBAL_UNCERTAINTY_ASSIGNED_CONTEXT((#3676)) 
GLOBAL_UNIT_ASSIGNED_CONTEXT((#3673,#3674,#3675)) REPRESENTATION_CONTEXT
('Context #1','3D Context with UNIT and UNCERTAINTY') );
#3673 = ( LENGTH_UNIT() NAMED_UNIT(*) SI_UNIT(.MILLI.,.METRE.) );
#3674 = ( NAMED_UNIT(*) PLANE_ANGLE_UNIT() SI_UNIT($,.RADIAN.) );
#3675 = ( NAMED_UNIT(*) SI_UNIT($,.STERADIAN.) SOLID_ANGLE_UNIT() );
#3676 = UNCERTAINTY_MEASURE_WITH_UNIT(LENGTH_MEASURE(1.E-06),#3673,
  'distance_accuracy_value','confusion accuracy');
#3677 = CONTEXT_DEPENDENT_SHAPE_REPRESENTATION(#3678,#3680);
#3678 = ( REPRESENTATION_RELATIONSHIP('','',#36,#10) 
REPRESENTATION_RELATIONSHIP_WITH_TRANSFORMATION(#3679) 
SHAPE_REPRESENTATION_RELATIONSHIP() );
#3679 = ITEM_DEFINED_TRANSFORMATION('','',#11,#15);
#3680 = PRODUCT_DEFINITION_SHAPE('Placement','Placement of an item',
  #3681);
#3681 = NEXT_ASSEMBLY_USAGE_OCCURRENCE('1','Body_A','',#5,#31,$);
#3682 = PRODUCT_RELATED_PRODUCT_CATEGORY('part',$,(#33));
#3683 = SHAPE_DEFINITION_REPRESENTATION(#3684,#3690);
#3684 = PRODUCT_DEFINITION_SHAPE('','',#3685);
#3685 = PRODUCT_DEFINITION('design','',#3686,#3689);
#3686 = PRODUCT_DEFINITION_FORMATION('','',#3687);
#3687 = PRODUCT('Body_B','Body_B','',(#3688));
#3688 = PRODUCT_CONTEXT('',#2,'mechanical');
#3689 = PRODUCT_DEFINITION_CONTEXT('part definition',#2,'design');
#3690 = ADVANCED_BREP_SHAPE_REPRESENTATION('',(#11,#3691),#8238);
#3691 = MANIFOLD_SOLID_BREP('',#3692);
#3692 = CLOSED_SHELL('',(#3693,#3813,#4041,#4312,#4360,#4715,#4768,#4946
    ,#5205,#5427,#5483,#5539,#5616,#6891,#6919,#6926,#6981,#7036,#7082,
    #7222,#7354,#7409,#7464,#7784,#7809,#7836,#7864,#7871,#7926,#7981,
    #8007,#8064,#8119,#8145,#8202,#8206,#8210,#8214,#8218,#8222,#8226,
    #8230,#8234));
#3693 = ADVANCED_FACE('',(#3694),#3709,.T.);
#3694 = FACE_BOUND('',#3695,.F.);
#3695 = EDGE_LOOP('',(#3696,#3732,#3760,#3789));
#3696 = ORIENTED_EDGE('',*,*,#3697,.F.);
#3697 = EDGE_CURVE('',#3698,#3700,#3702,.T.);
#3698 = VERTEX_POINT('',#3699);
#3699 = CARTESIAN_POINT('',(46.5,0.,0.));
#3700 = VERTEX_POINT('',#3701);
#3701 = CARTESIAN_POINT('',(-46.5,5.694607616035E-15,0.));
#3702 = SURFACE_CURVE('',#3703,(#3708,#3720),.PCURVE_S1.);
#3703 = CIRCLE('',#3704,46.5);
#3704 = AXIS2_PLACEMENT_3D('',#3705,#3706,#3707);
#3705 = CARTESIAN_POINT('',(0.,0.,0.));
#3706 = DIRECTION('',(0.,0.,1.));
#3707 = DIRECTION('',(1.,0.,0.));
#3708 = PCURVE('',#3709,#3714);
#3709 = CYLINDRICAL_SURFACE('',#3710,46.5);
#3710 = AXIS2_PLACEMENT_3D('',#3711,#3712,#3713);
#3711 = CARTESIAN_POINT('',(0.,0.,0.));
#3712 = DIRECTION('',(-0.,-0.,-1.));
#3713 = DIRECTION('',(1.,0.,0.));
#3714 = DEFINITIONAL_REPRESENTATION('',(#3715),#3719);
#3715 = LINE('',#3716,#3717);
#3716 = CARTESIAN_POINT('',(-0.,0.));
#3717 = VECTOR('',#3718,1.);
#3718 = DIRECTION('',(-1.,0.));
#3719 = ( GEOMETRIC_REPRESENTATION_CONTEXT(2) 
PARAMETRIC_REPRESENTATION_CONTEXT() REPRESENTATION_CONTEXT('2D SPACE',''
  ) );
#3720 = PCURVE('',#3721,#3726);
#3721 = PLANE('',#3722);
#3722 = AXIS2_PLACEMENT_3D('',#3723,#3724,#3725);
#3723 = CARTESIAN_POINT('',(-1.882068139409E-15,-1.61343992693E-17,0.));
#3724 = DIRECTION('',(0.,0.,1.));
#3725 = DIRECTION('',(1.,0.,-0.));
#3726 = DEFINITIONAL_REPRESENTATION('',(#3727),#3731);
#3727 = CIRCLE('',#3728,46.5);
#3728 = AXIS2_PLACEMENT_2D('',#3729,#3730);
#3729 = CARTESIAN_POINT('',(1.882068139409E-15,1.61343992693E-17));
#3730 = DIRECTION('',(1.,0.));
#3731 = ( GEOMETRIC_REPRESENTATION_CONTEXT(2) 
PARAMETRIC_REPRESENTATION_CONTEXT() REPRESENTATION_CONTEXT('2D SPACE',''
  ) );
#3732 = ORIENTED_EDGE('',*,*,#3733,.T.);
#3733 = EDGE_CURVE('',#3698,#3734,#3736,.T.);
#3734 = VERTEX_POINT('',#3735);
#3735 = CARTESIAN_POINT('',(46.5,0.,69.9));
#3736 = SURFACE_CURVE('',#3737,(#3741,#3748),.PCURVE_S1.);
#3737 = LINE('',#3738,#3739);
#3738 = CARTESIAN_POINT('',(46.5,0.,0.));
#3739 = VECTOR('',#3740,1.);
#3740 = DIRECTION('',(0.,0.,1.));
#3741 = PCURVE('',#3709,#3742);
#3742 = DEFINITIONAL_REPRESENTATION('',(#3743),#3747);
#3743 = LINE('',#3744,#3745);
#3744 = CARTESIAN_POINT('',(-0.,0.));
#3745 = VECTOR('',#3746,1.);
#3746 = DIRECTION('',(-0.,-1.));
#3747 = ( GEOMETRIC_REPRESENTATION_CONTEXT(2) 
PARAMETRIC_REPRESENTATION_CONTEXT() REPRESENTATION_CONTEXT('2D SPACE',''
  ) );
#3748 = PCURVE('',#3749,#3754);
#3749 = PLANE('',#3750);
#3750 = AXIS2_PLACEMENT_3D('',#3751,#3752,#3753);
#3751 = CARTESIAN_POINT('',(-300.,0.,-300.));
#3752 = DIRECTION('',(-0.,1.,0.));
#3753 = DIRECTION('',(0.,0.,1.));
#3754 = DEFINITIONAL_REPRESENTATION('',(#3755),#3759);
#3755 = LINE('',#3756,#3757);
#3756 = CARTESIAN_POINT('',(300.,346.5));
#3757 = VECTOR('',#3758,1.);
#3758 = DIRECTION('',(1.,0.));
#3759 = ( GEOMETRIC_REPRESENTATION_CONTEXT(2) 
PARAMETRIC_REPRESENTATION_CONTEXT() REPRESENTATION_CONTEXT('2D SPACE',''
  ) );
#3760 = ORIENTED_EDGE('',*,*,#3761,.T.);
#3761 = EDGE_CURVE('',#3734,#3762,#3764,.T.);
#3762 = VERTEX_POINT('',#3763);
#3763 = CARTESIAN_POINT('',(-46.5,5.694607616035E-15,69.9));
#3764 = SURFACE_CURVE('',#3765,(#3770,#3777),.PCURVE_S1.);
#3765 = CIRCLE('',#3766,46.5);
#3766 = AXIS2_PLACEMENT_3D('',#3767,#3768,#3769);
#3767 = CARTESIAN_POINT('',(0.,0.,69.9));
#3768 = DIRECTION('',(0.,0.,1.));
#3769 = DIRECTION('',(1.,0.,0.));
#3770 = PCURVE('',#3709,#3771);
#3771 = DEFINITIONAL_REPRESENTATION('',(#3772),#3776);
#3772 = LINE('',#3773,#3774);
#3773 = CARTESIAN_POINT('',(-0.,-69.9));
#3774 = VECTOR('',#3775,1.);
#3775 = DIRECTION('',(-1.,0.));
#3776 = ( GEOMETRIC_REPRESENTATION_CONTEXT(2) 
PARAMETRIC_REPRESENTATION_CONTEXT() REPRESENTATION_CONTEXT('2D SPACE',''
  ) );
#3777 = PCURVE('',#3778,#3783);
#3778 = PLANE('',#3779);
#3779 = AXIS2_PLACEMENT_3D('',#3780,#3781,#3782);
#3780 = CARTESIAN_POINT('',(-1.882068139409E-15,-1.61343992693E-17,69.9)
  );
#3781 = DIRECTION('',(0.,0.,1.));
#3782 = DIRECTION('',(1.,0.,-0.));
#3783 = DEFINITIONAL_REPRESENTATION('',(#3784),#3788);
#3784 = CIRCLE('',#3785,46.5);
#3785 = AXIS2_PLACEMENT_2D('',#3786,#3787);
#3786 = CARTESIAN_POINT('',(1.882068139409E-15,1.61343992693E-17));
#3787 = DIRECTION('',(1.,0.));
#3788 = ( GEOMETRIC_REPRESENTATION_CONTEXT(2) 
PARAMETRIC_REPRESENTATION_CONTEXT() REPRESENTATION_CONTEXT('2D SPACE',''
  ) );
#3789 = ORIENTED_EDGE('',*,*,#3790,.T.);
#3790 = EDGE_CURVE('',#3762,#3700,#3791,.T.);
#3791 = SURFACE_CURVE('',#3792,(#3796,#3802),.PCURVE_S1.);
#3792 = LINE('',#3793,#3794);
#3793 = CARTESIAN_POINT('',(-46.5,0.,0.));
#3794 = VECTOR('',#3795,1.);
#3795 = DIRECTION('',(-0.,-0.,-1.));
#3796 = PCURVE('',#3709,#3797);
#3797 = DEFINITIONAL_REPRESENTATION('',(#3798),#3801);
#3798 = B_SPLINE_CURVE_WITH_KNOTS('',1,(#3799,#3800),.UNSPECIFIED.,.F.,
  .F.,(2,2),(-69.9000006,6.E-07),.PIECEWISE_BEZIER_KNOTS.);
#3799 = CARTESIAN_POINT('',(-3.14159265359,-69.9000006));
#3800 = CARTESIAN_POINT('',(-3.14159265359,6.E-07));
#3801 = ( GEOMETRIC_REPRESENTATION_CONTEXT(2) 
PARAMETRIC_REPRESENTATION_CONTEXT() REPRESENTATION_CONTEXT('2D SPACE',''
  ) );
#3802 = PCURVE('',#3803,#3808);
#3803 = PLANE('',#3804);
#3804 = AXIS2_PLACEMENT_3D('',#3805,#3806,#3807);
#3805 = CARTESIAN_POINT('',(-300.,0.,-300.));
#3806 = DIRECTION('',(-0.,1.,0.));
#3807 = DIRECTION('',(0.,0.,1.));
#3808 = DEFINITIONAL_REPRESENTATION('',(#3809),#3812);
#3809 = B_SPLINE_CURVE_WITH_KNOTS('',1,(#3810,#3811),.UNSPECIFIED.,.F.,
  .F.,(2,2),(-69.9000006,6.E-07),.PIECEWISE_BEZIER_KNOTS.);
#3810 = CARTESIAN_POINT('',(369.9000006,253.5));
#3811 = CARTESIAN_POINT('',(299.9999994,253.5));
#3812 = ( GEOMETRIC_REPRESENTATION_CONTEXT(2) 
PARAMETRIC_REPRESENTATION_CONTEXT() REPRESENTATION_CONTEXT('2D SPACE',''
  ) );
#3813 = ADVANCED_FACE('',(#3814),#3721,.F.);
#3814 = FACE_BOUND('',#3815,.F.);
#3815 = EDGE_LOOP('',(#3816,#3837,#3838,#3859,#3903,#3947,#3995));
#3816 = ORIENTED_EDGE('',*,*,#3817,.F.);
#3817 = EDGE_CURVE('',#3698,#3818,#3820,.T.);
#3818 = VERTEX_POINT('',#3819);
#3819 = CARTESIAN_POINT('',(37.8,0.,0.));
#3820 = SURFACE_CURVE('',#3821,(#3825,#3831),.PCURVE_S1.);
#3821 = LINE('',#3822,#3823);
#3822 = CARTESIAN_POINT('',(-150.,0.,0.));
#3823 = VECTOR('',#3824,1.);
#3824 = DIRECTION('',(-1.,-0.,0.));
#3825 = PCURVE('',#3721,#3826);
#3826 = DEFINITIONAL_REPRESENTATION('',(#3827),#3830);
#3827 = B_SPLINE_CURVE_WITH_KNOTS('',1,(#3828,#3829),.UNSPECIFIED.,.F.,
  .F.,(2,2),(-196.5,-103.5),.PIECEWISE_BEZIER_KNOTS.);
#3828 = CARTESIAN_POINT('',(46.5,1.61343992693E-17));
#3829 = CARTESIAN_POINT('',(-46.5,1.61343992693E-17));
#3830 = ( GEOMETRIC_REPRESENTATION_CONTEXT(2) 
PARAMETRIC_REPRESENTATION_CONTEXT() REPRESENTATION_CONTEXT('2D SPACE',''
  ) );
#3831 = PCURVE('',#3749,#3832);
#3832 = DEFINITIONAL_REPRESENTATION('',(#3833),#3836);
#3833 = B_SPLINE_CURVE_WITH_KNOTS('',1,(#3834,#3835),.UNSPECIFIED.,.F.,
  .F.,(2,2),(-196.5,-103.5),.PIECEWISE_BEZIER_KNOTS.);
#3834 = CARTESIAN_POINT('',(300.,346.5));
#3835 = CARTESIAN_POINT('',(300.,253.5));
#3836 = ( GEOMETRIC_REPRESENTATION_CONTEXT(2) 
PARAMETRIC_REPRESENTATION_CONTEXT() REPRESENTATION_CONTEXT('2D SPACE',''
  ) );
#3837 = ORIENTED_EDGE('',*,*,#3697,.T.);
#3838 = ORIENTED_EDGE('',*,*,#3839,.F.);
#3839 = EDGE_CURVE('',#3840,#3700,#3842,.T.);
#3840 = VERTEX_POINT('',#3841);
#3841 = CARTESIAN_POINT('',(-37.8,4.629164900777E-15,0.));
#3842 = SURFACE_CURVE('',#3843,(#3847,#3853),.PCURVE_S1.);
#3843 = LINE('',#3844,#3845);
#3844 = CARTESIAN_POINT('',(-150.,0.,0.));
#3845 = VECTOR('',#3846,1.);
#3846 = DIRECTION('',(-1.,-0.,0.));
#3847 = PCURVE('',#3721,#3848);
#3848 = DEFINITIONAL_REPRESENTATION('',(#3849),#3852);
#3849 = B_SPLINE_CURVE_WITH_KNOTS('',1,(#3850,#3851),.UNSPECIFIED.,.F.,
  .F.,(2,2),(-196.5,-103.5),.PIECEWISE_BEZIER_KNOTS.);
#3850 = CARTESIAN_POINT('',(46.5,1.61343992693E-17));
#3851 = CARTESIAN_POINT('',(-46.5,1.61343992693E-17));
#3852 = ( GEOMETRIC_REPRESENTATION_CONTEXT(2) 
PARAMETRIC_REPRESENTATION_CONTEXT() REPRESENTATION_CONTEXT('2D SPACE',''
  ) );
#3853 = PCURVE('',#3803,#3854);
#3854 = DEFINITIONAL_REPRESENTATION('',(#3855),#3858);
#3855 = B_SPLINE_CURVE_WITH_KNOTS('',1,(#3856,#3857),.UNSPECIFIED.,.F.,
  .F.,(2,2),(-196.5,-103.5),.PIECEWISE_BEZIER_KNOTS.);
#3856 = CARTESIAN_POINT('',(300.,346.5));
#3857 = CARTESIAN_POINT('',(300.,253.5));
#3858 = ( GEOMETRIC_REPRESENTATION_CONTEXT(2) 
PARAMETRIC_REPRESENTATION_CONTEXT() REPRESENTATION_CONTEXT('2D SPACE',''
  ) );
#3859 = ORIENTED_EDGE('',*,*,#3860,.F.);
#3860 = EDGE_CURVE('',#3861,#3840,#3863,.T.);
#3861 = VERTEX_POINT('',#3862);
#3862 = CARTESIAN_POINT('',(-37.79999986313,3.216713912749E-03,0.));
#3863 = SURFACE_CURVE('',#3864,(#3869,#3876),.PCURVE_S1.);
#3864 = CIRCLE('',#3865,37.8);
#3865 = AXIS2_PLACEMENT_3D('',#3866,#3867,#3868);
#3866 = CARTESIAN_POINT('',(0.,0.,0.));
#3867 = DIRECTION('',(0.,0.,1.));
#3868 = DIRECTION('',(1.,0.,0.));
#3869 = PCURVE('',#3721,#3870);
#3870 = DEFINITIONAL_REPRESENTATION('',(#3871),#3875);
#3871 = CIRCLE('',#3872,37.8);
#3872 = AXIS2_PLACEMENT_2D('',#3873,#3874);
#3873 = CARTESIAN_POINT('',(1.882068139409E-15,1.61343992693E-17));
#3874 = DIRECTION('',(1.,0.));
#3875 = ( GEOMETRIC_REPRESENTATION_CONTEXT(2) 
PARAMETRIC_REPRESENTATION_CONTEXT() REPRESENTATION_CONTEXT('2D SPACE',''
  ) );
#3876 = PCURVE('',#3877,#3898);
#3877 = B_SPLINE_SURFACE_WITH_KNOTS('',9,1,(
    (#3878,#3879)
    ,(#3880,#3881)
    ,(#3882,#3883)
    ,(#3884,#3885)
    ,(#3886,#3887)
    ,(#3888,#3889)
    ,(#3890,#3891)
    ,(#3892,#3893)
    ,(#3894,#3895)
    ,(#3896,#3897
    )),.UNSPECIFIED.,.F.,.F.,.F.,(10,10),(2,2),(3.14159265359,
    6.28318530718),(0.,1.),.PIECEWISE_BEZIER_KNOTS.);
#3878 = CARTESIAN_POINT('',(-37.79213073791,0.771267974243,0.));
#3879 = CARTESIAN_POINT('',(-36.75,0.75,99.));
#3880 = CARTESIAN_POINT('',(-37.79562806637,0.599898879786,0.));
#3881 = CARTESIAN_POINT('',(-37.01179938779,0.75,99.));
#3882 = CARTESIAN_POINT('',(-37.79825118407,0.428511943798,0.));
#3883 = CARTESIAN_POINT('',(-37.27360149249,0.647191900061,
    98.999999999999));
#3884 = CARTESIAN_POINT('',(-37.79999998699,0.257112263859,0.));
#3885 = CARTESIAN_POINT('',(-37.48924283384,0.44157278914,
    99.000000000004));
#3886 = CARTESIAN_POINT('',(-37.80087440579,8.570493754982E-02,0.));
#3887 = CARTESIAN_POINT('',(-37.61268047281,0.157317457926,
    98.999999999993));
#3888 = CARTESIAN_POINT('',(-37.80087440579,-8.570493754981E-02,0.));
#3889 = CARTESIAN_POINT('',(-37.61268047282,-0.157317457926,
    99.000000000007));
#3890 = CARTESIAN_POINT('',(-37.79999998699,-0.257112263859,0.));
#3891 = CARTESIAN_POINT('',(-37.48924283383,-0.44157278914,
    98.999999999994));
#3892 = CARTESIAN_POINT('',(-37.79825118407,-0.428511943798,0.));
#3893 = CARTESIAN_POINT('',(-37.2736014925,-0.647191900061,
    99.000000000003));
#3894 = CARTESIAN_POINT('',(-37.79562806637,-0.599898879786,0.));
#3895 = CARTESIAN_POINT('',(-37.01179938779,-0.75,98.999999999999));
#3896 = CARTESIAN_POINT('',(-37.79213073791,-0.771267974243,0.));
#3897 = CARTESIAN_POINT('',(-36.75,-0.75,99.));
#3898 = DEFINITIONAL_REPRESENTATION('',(#3899),#3902);
#3899 = B_SPLINE_CURVE_WITH_KNOTS('',1,(#3900,#3901),.UNSPECIFIED.,.F.,
  .F.,(2,2),(3.121187322903,3.161997984276),.PIECEWISE_BEZIER_KNOTS.);
#3900 = CARTESIAN_POINT('',(3.14159265359,0.));
#3901 = CARTESIAN_POINT('',(6.28318530718,0.));
#3902 = ( GEOMETRIC_REPRESENTATION_CONTEXT(2) 
PARAMETRIC_REPRESENTATION_CONTEXT() REPRESENTATION_CONTEXT('2D SPACE',''
  ) );
#3903 = ORIENTED_EDGE('',*,*,#3904,.F.);
#3904 = EDGE_CURVE('',#3905,#3861,#3907,.T.);
#3905 = VERTEX_POINT('',#3906);
#3906 = CARTESIAN_POINT('',(-37.79213073791,0.771267974243,0.));
#3907 = SURFACE_CURVE('',#3908,(#3913,#3920),.PCURVE_S1.);
#3908 = CIRCLE('',#3909,37.8);
#3909 = AXIS2_PLACEMENT_3D('',#3910,#3911,#3912);
#3910 = CARTESIAN_POINT('',(0.,0.,0.));
#3911 = DIRECTION('',(0.,0.,1.));
#3912 = DIRECTION('',(1.,0.,0.));
#3913 = PCURVE('',#3721,#3914);
#3914 = DEFINITIONAL_REPRESENTATION('',(#3915),#3919);
#3915 = CIRCLE('',#3916,37.8);
#3916 = AXIS2_PLACEMENT_2D('',#3917,#3918);
#3917 = CARTESIAN_POINT('',(1.882068139409E-15,1.61343992693E-17));
#3918 = DIRECTION('',(1.,0.));
#3919 = ( GEOMETRIC_REPRESENTATION_CONTEXT(2) 
PARAMETRIC_REPRESENTATION_CONTEXT() REPRESENTATION_CONTEXT('2D SPACE',''
  ) );
#3920 = PCURVE('',#3921,#3942);
#3921 = B_SPLINE_SURFACE_WITH_KNOTS('',9,1,(
    (#3922,#3923)
    ,(#3924,#3925)
    ,(#3926,#3927)
    ,(#3928,#3929)
    ,(#3930,#3931)
    ,(#3932,#3933)
    ,(#3934,#3935)
    ,(#3936,#3937)
    ,(#3938,#3939)
    ,(#3940,#3941
    )),.UNSPECIFIED.,.F.,.F.,.F.,(10,10),(2,2),(3.14159265359,
    6.28318530718),(0.,1.),.PIECEWISE_BEZIER_KNOTS.);
#3922 = CARTESIAN_POINT('',(-37.79213073791,0.771267974243,0.));
#3923 = CARTESIAN_POINT('',(-36.75,0.75,99.));
#3924 = CARTESIAN_POINT('',(-37.79562806637,0.599898879786,0.));
#3925 = CARTESIAN_POINT('',(-37.01179938779,0.75,99.));
#3926 = CARTESIAN_POINT('',(-37.79825118407,0.428511943798,0.));
#3927 = CARTESIAN_POINT('',(-37.27360149249,0.647191900061,
    98.999999999999));
#3928 = CARTESIAN_POINT('',(-37.79999998699,0.257112263859,0.));
#3929 = CARTESIAN_POINT('',(-37.48924283384,0.44157278914,
    99.000000000004));
#3930 = CARTESIAN_POINT('',(-37.80087440579,8.570493754982E-02,0.));
#3931 = CARTESIAN_POINT('',(-37.61268047281,0.157317457926,
    98.999999999993));
#3932 = CARTESIAN_POINT('',(-37.80087440579,-8.570493754981E-02,0.));
#3933 = CARTESIAN_POINT('',(-37.61268047282,-0.157317457926,
    99.000000000007));
#3934 = CARTESIAN_POINT('',(-37.79999998699,-0.257112263859,0.));
#3935 = CARTESIAN_POINT('',(-37.48924283383,-0.44157278914,
    98.999999999994));
#3936 = CARTESIAN_POINT('',(-37.79825118407,-0.428511943798,0.));
#3937 = CARTESIAN_POINT('',(-37.2736014925,-0.647191900061,
    99.000000000003));
#3938 = CARTESIAN_POINT('',(-37.79562806637,-0.599898879786,0.));
#3939 = CARTESIAN_POINT('',(-37.01179938779,-0.75,98.999999999999));
#3940 = CARTESIAN_POINT('',(-37.79213073791,-0.771267974243,0.));
#3941 = CARTESIAN_POINT('',(-36.75,-0.75,99.));
#3942 = DEFINITIONAL_REPRESENTATION('',(#3943),#3946);
#3943 = B_SPLINE_CURVE_WITH_KNOTS('',1,(#3944,#3945),.UNSPECIFIED.,.F.,
  .F.,(2,2),(3.121187322903,3.161997984276),.PIECEWISE_BEZIER_KNOTS.);
#3944 = CARTESIAN_POINT('',(3.14159265359,0.));
#3945 = CARTESIAN_POINT('',(6.28318530718,0.));
#3946 = ( GEOMETRIC_REPRESENTATION_CONTEXT(2) 
PARAMETRIC_REPRESENTATION_CONTEXT() REPRESENTATION_CONTEXT('2D SPACE',''
  ) );
#3947 = ORIENTED_EDGE('',*,*,#3948,.F.);
#3948 = EDGE_CURVE('',#3949,#3905,#3951,.T.);
#3949 = VERTEX_POINT('',#3950);
#3950 = CARTESIAN_POINT('',(37.799999863132,3.216713912751E-03,0.));
#3951 = SURFACE_CURVE('',#3952,(#3957,#3964),.PCURVE_S1.);
#3952 = CIRCLE('',#3953,37.8);
#3953 = AXIS2_PLACEMENT_3D('',#3954,#3955,#3956);
#3954 = CARTESIAN_POINT('',(0.,0.,0.));
#3955 = DIRECTION('',(0.,0.,1.));
#3956 = DIRECTION('',(1.,0.,0.));
#3957 = PCURVE('',#3721,#3958);
#3958 = DEFINITIONAL_REPRESENTATION('',(#3959),#3963);
#3959 = CIRCLE('',#3960,37.8);
#3960 = AXIS2_PLACEMENT_2D('',#3961,#3962);
#3961 = CARTESIAN_POINT('',(1.882068139409E-15,1.61343992693E-17));
#3962 = DIRECTION('',(1.,0.));
#3963 = ( GEOMETRIC_REPRESENTATION_CONTEXT(2) 
PARAMETRIC_REPRESENTATION_CONTEXT() REPRESENTATION_CONTEXT('2D SPACE',''
  ) );
#3964 = PCURVE('',#3965,#3990);
#3965 = B_SPLINE_SURFACE_WITH_KNOTS('',11,1,(
    (#3966,#3967)
    ,(#3968,#3969)
    ,(#3970,#3971)
    ,(#3972,#3973)
    ,(#3974,#3975)
    ,(#3976,#3977)
    ,(#3978,#3979)
    ,(#3980,#3981)
    ,(#3982,#3983)
    ,(#3984,#3985)
    ,(#3986,#3987)
    ,(#3988,#3989
    )),.UNSPECIFIED.,.F.,.F.,.F.,(12,12),(2,2),(-73.5,0.),(0.,1.),
  .PIECEWISE_BEZIER_KNOTS.);
#3966 = CARTESIAN_POINT('',(37.8,-7.105427357601E-15,0.));
#3967 = CARTESIAN_POINT('',(36.75,0.75,99.));
#3968 = CARTESIAN_POINT('',(37.8,10.725534618702,0.));
#3969 = CARTESIAN_POINT('',(30.068181818182,0.75,99.));
#3970 = CARTESIAN_POINT('',(34.452359659639,21.451068457069,0.));
#3971 = CARTESIAN_POINT('',(23.386363636364,0.75,99.));
#3972 = CARTESIAN_POINT('',(27.757079789678,31.015652162493,0.));
#3973 = CARTESIAN_POINT('',(16.704545454545,0.75,99.));
#3974 = CARTESIAN_POINT('',(18.167101192845,38.2582922896,0.));
#3975 = CARTESIAN_POINT('',(10.022727272727,0.75,99.));
#3976 = CARTESIAN_POINT('',(6.588333853533,42.220109895496,0.));
#3977 = CARTESIAN_POINT('',(3.340909090909,0.75,99.));
#3978 = CARTESIAN_POINT('',(-5.725506764718,42.345748249928,0.));
#3979 = CARTESIAN_POINT('',(-3.340909090909,0.75,99.));
#3980 = CARTESIAN_POINT('',(-17.38270020679,38.621007601877,0.));
#3981 = CARTESIAN_POINT('',(-10.02272727272,0.75,99.));
#3982 = CARTESIAN_POINT('',(-27.11846055823,31.575548363709,0.));
#3983 = CARTESIAN_POINT('',(-16.70454545454,0.75,99.));
#3984 = CARTESIAN_POINT('',(-34.00750154424,22.149565747081,0.));
#3985 = CARTESIAN_POINT('',(-23.38636363636,0.75,99.));
#3986 = CARTESIAN_POINT('',(-37.57328784484,11.494569734672,0.));
#3987 = CARTESIAN_POINT('',(-30.06818181818,0.75,99.));
#3988 = CARTESIAN_POINT('',(-37.79213073791,0.771267974243,0.));
#3989 = CARTESIAN_POINT('',(-36.75,0.75,99.));
#3990 = DEFINITIONAL_REPRESENTATION('',(#3991),#3994);
#3991 = B_SPLINE_CURVE_WITH_KNOTS('',1,(#3992,#3993),.UNSPECIFIED.,.F.,
  .F.,(2,2),(0.,3.121187322903),.PIECEWISE_BEZIER_KNOTS.);
#3992 = CARTESIAN_POINT('',(-73.5,0.));
#3993 = CARTESIAN_POINT('',(0.,0.));
#3994 = ( GEOMETRIC_REPRESENTATION_CONTEXT(2) 
PARAMETRIC_REPRESENTATION_CONTEXT() REPRESENTATION_CONTEXT('2D SPACE',''
  ) );
#3995 = ORIENTED_EDGE('',*,*,#3996,.F.);
#3996 = EDGE_CURVE('',#3818,#3949,#3997,.T.);
#3997 = SURFACE_CURVE('',#3998,(#4003,#4010),.PCURVE_S1.);
#3998 = CIRCLE('',#3999,37.8);
#3999 = AXIS2_PLACEMENT_3D('',#4000,#4001,#4002);
#4000 = CARTESIAN_POINT('',(0.,0.,0.));
#4001 = DIRECTION('',(0.,0.,1.));
#4002 = DIRECTION('',(1.,0.,0.));
#4003 = PCURVE('',#3721,#4004);
#4004 = DEFINITIONAL_REPRESENTATION('',(#4005),#4009);
#4005 = CIRCLE('',#4006,37.8);
#4006 = AXIS2_PLACEMENT_2D('',#4007,#4008);
#4007 = CARTESIAN_POINT('',(1.882068139409E-15,1.61343992693E-17));
#4008 = DIRECTION('',(1.,0.));
#4009 = ( GEOMETRIC_REPRESENTATION_CONTEXT(2) 
PARAMETRIC_REPRESENTATION_CONTEXT() REPRESENTATION_CONTEXT('2D SPACE',''
  ) );
#4010 = PCURVE('',#4011,#4036);
#4011 = B_SPLINE_SURFACE_WITH_KNOTS('',11,1,(
    (#4012,#4013)
    ,(#4014,#4015)
    ,(#4016,#4017)
    ,(#4018,#4019)
    ,(#4020,#4021)
    ,(#4022,#4023)
    ,(#4024,#4025)
    ,(#4026,#4027)
    ,(#4028,#4029)
    ,(#4030,#4031)
    ,(#4032,#4033)
    ,(#4034,#4035
    )),.UNSPECIFIED.,.F.,.F.,.F.,(12,12),(2,2),(-73.5,0.),(0.,1.),
  .PIECEWISE_BEZIER_KNOTS.);
#4012 = CARTESIAN_POINT('',(37.8,-7.105427357601E-15,0.));
#4013 = CARTESIAN_POINT('',(36.75,0.75,99.));
#4014 = CARTESIAN_POINT('',(37.8,10.725534618702,0.));
#4015 = CARTESIAN_POINT('',(30.068181818182,0.75,99.));
#4016 = CARTESIAN_POINT('',(34.452359659639,21.451068457069,0.));
#4017 = CARTESIAN_POINT('',(23.386363636364,0.75,99.));
#4018 = CARTESIAN_POINT('',(27.757079789678,31.015652162493,0.));
#4019 = CARTESIAN_POINT('',(16.704545454545,0.75,99.));
#4020 = CARTESIAN_POINT('',(18.167101192845,38.2582922896,0.));
#4021 = CARTESIAN_POINT('',(10.022727272727,0.75,99.));
#4022 = CARTESIAN_POINT('',(6.588333853533,42.220109895496,0.));
#4023 = CARTESIAN_POINT('',(3.340909090909,0.75,99.));
#4024 = CARTESIAN_POINT('',(-5.725506764718,42.345748249928,0.));
#4025 = CARTESIAN_POINT('',(-3.340909090909,0.75,99.));
#4026 = CARTESIAN_POINT('',(-17.38270020679,38.621007601877,0.));
#4027 = CARTESIAN_POINT('',(-10.02272727272,0.75,99.));
#4028 = CARTESIAN_POINT('',(-27.11846055823,31.575548363709,0.));
#4029 = CARTESIAN_POINT('',(-16.70454545454,0.75,99.));
#4030 = CARTESIAN_POINT('',(-34.00750154424,22.149565747081,0.));
#4031 = CARTESIAN_POINT('',(-23.38636363636,0.75,99.));
#4032 = CARTESIAN_POINT('',(-37.57328784484,11.494569734672,0.));
#4033 = CARTESIAN_POINT('',(-30.06818181818,0.75,99.));
#4034 = CARTESIAN_POINT('',(-37.79213073791,0.771267974243,0.));
#4035 = CARTESIAN_POINT('',(-36.75,0.75,99.));
#4036 = DEFINITIONAL_REPRESENTATION('',(#4037),#4040);
#4037 = B_SPLINE_CURVE_WITH_KNOTS('',1,(#4038,#4039),.UNSPECIFIED.,.F.,
  .F.,(2,2),(0.,3.121187322903),.PIECEWISE_BEZIER_KNOTS.);
#4038 = CARTESIAN_POINT('',(-73.5,0.));
#4039 = CARTESIAN_POINT('',(0.,0.));
#4040 = ( GEOMETRIC_REPRESENTATION_CONTEXT(2) 
PARAMETRIC_REPRESENTATION_CONTEXT() REPRESENTATION_CONTEXT('2D SPACE',''
  ) );
#4041 = ADVANCED_FACE('',(#4042,#4250,#4281),#3803,.F.);
#4042 = FACE_BOUND('',#4043,.F.);
#4043 = EDGE_LOOP('',(#4044,#4045,#4066,#4092,#4118,#4144,#4170,#4196,
    #4222,#4249));
#4044 = ORIENTED_EDGE('',*,*,#3790,.F.);
#4045 = ORIENTED_EDGE('',*,*,#4046,.F.);
#4046 = EDGE_CURVE('',#4047,#3762,#4049,.T.);
#4047 = VERTEX_POINT('',#4048);
#4048 = CARTESIAN_POINT('',(-44.75,5.480294426184E-15,69.9));
#4049 = SURFACE_CURVE('',#4050,(#4054,#4060),.PCURVE_S1.);
#4050 = LINE('',#4051,#4052);
#4051 = CARTESIAN_POINT('',(-150.,0.,69.9));
#4052 = VECTOR('',#4053,1.);
#4053 = DIRECTION('',(-1.,-0.,0.));
#4054 = PCURVE('',#3803,#4055);
#4055 = DEFINITIONAL_REPRESENTATION('',(#4056),#4059);
#4056 = B_SPLINE_CURVE_WITH_KNOTS('',1,(#4057,#4058),.UNSPECIFIED.,.F.,
  .F.,(2,2),(-196.5,-103.5),.PIECEWISE_BEZIER_KNOTS.);
#4057 = CARTESIAN_POINT('',(369.9,346.5));
#4058 = CARTESIAN_POINT('',(369.9,253.5));
#4059 = ( GEOMETRIC_REPRESENTATION_CONTEXT(2) 
PARAMETRIC_REPRESENTATION_CONTEXT() REPRESENTATION_CONTEXT('2D SPACE',''
  ) );
#4060 = PCURVE('',#3778,#4061);
#4061 = DEFINITIONAL_REPRESENTATION('',(#4062),#4065);
#4062 = B_SPLINE_CURVE_WITH_KNOTS('',1,(#4063,#4064),.UNSPECIFIED.,.F.,
  .F.,(2,2),(-196.5,-103.5),.PIECEWISE_BEZIER_KNOTS.);
#4063 = CARTESIAN_POINT('',(46.5,1.61343992693E-17));
#4064 = CARTESIAN_POINT('',(-46.5,1.61343992693E-17));
#4065 = ( GEOMETRIC_REPRESENTATION_CONTEXT(2) 
PARAMETRIC_REPRESENTATION_CONTEXT() REPRESENTATION_CONTEXT('2D SPACE',''
  ) );
#4066 = ORIENTED_EDGE('',*,*,#4067,.F.);
#4067 = EDGE_CURVE('',#4068,#4047,#4070,.T.);
#4068 = VERTEX_POINT('',#4069);
#4069 = CARTESIAN_POINT('',(-44.75,5.480294426184E-15,80.7));
#4070 = SURFACE_CURVE('',#4071,(#4075,#4081),.PCURVE_S1.);
#4071 = LINE('',#4072,#4073);
#4072 = CARTESIAN_POINT('',(-44.75,0.,69.9));
#4073 = VECTOR('',#4074,1.);
#4074 = DIRECTION('',(-0.,-0.,-1.));
#4075 = PCURVE('',#3803,#4076);
#4076 = DEFINITIONAL_REPRESENTATION('',(#4077),#4080);
#4077 = B_SPLINE_CURVE_WITH_KNOTS('',1,(#4078,#4079),.UNSPECIFIED.,.F.,
  .F.,(2,2),(-10.8000006,6.000000070117E-07),.PIECEWISE_BEZIER_KNOTS.);
#4078 = CARTESIAN_POINT('',(380.7000006,255.25));
#4079 = CARTESIAN_POINT('',(369.8999994,255.25));
#4080 = ( GEOMETRIC_REPRESENTATION_CONTEXT(2) 
PARAMETRIC_REPRESENTATION_CONTEXT() REPRESENTATION_CONTEXT('2D SPACE',''
  ) );
#4081 = PCURVE('',#4082,#4087);
#4082 = CYLINDRICAL_SURFACE('',#4083,44.75);
#4083 = AXIS2_PLACEMENT_3D('',#4084,#4085,#4086);
#4084 = CARTESIAN_POINT('',(0.,0.,69.9));
#4085 = DIRECTION('',(-0.,-0.,-1.));
#4086 = DIRECTION('',(1.,0.,0.));
#4087 = DEFINITIONAL_REPRESENTATION('',(#4088),#4091);
#4088 = B_SPLINE_CURVE_WITH_KNOTS('',1,(#4089,#4090),.UNSPECIFIED.,.F.,
  .F.,(2,2),(-10.8000006,6.000000070117E-07),.PIECEWISE_BEZIER_KNOTS.);
#4089 = CARTESIAN_POINT('',(-3.14159265359,-10.8000006));
#4090 = CARTESIAN_POINT('',(-3.14159265359,6.000000070117E-07));
#4091 = ( GEOMETRIC_REPRESENTATION_CONTEXT(2) 
PARAMETRIC_REPRESENTATION_CONTEXT() REPRESENTATION_CONTEXT('2D SPACE',''
  ) );
#4092 = ORIENTED_EDGE('',*,*,#4093,.F.);
#4093 = EDGE_CURVE('',#4094,#4068,#4096,.T.);
#4094 = VERTEX_POINT('',#4095);
#4095 = CARTESIAN_POINT('',(-39.75,4.867971026611E-15,80.7));
#4096 = SURFACE_CURVE('',#4097,(#4101,#4107),.PCURVE_S1.);
#4097 = LINE('',#4098,#4099);
#4098 = CARTESIAN_POINT('',(-150.,0.,80.7));
#4099 = VECTOR('',#4100,1.);
#4100 = DIRECTION('',(-1.,-0.,0.));
#4101 = PCURVE('',#3803,#4102);
#4102 = DEFINITIONAL_REPRESENTATION('',(#4103),#4106);
#4103 = B_SPLINE_CURVE_WITH_KNOTS('',1,(#4104,#4105),.UNSPECIFIED.,.F.,
  .F.,(2,2),(-194.75,-105.25),.PIECEWISE_BEZIER_KNOTS.);
#4104 = CARTESIAN_POINT('',(380.7,344.75));
#4105 = CARTESIAN_POINT('',(380.7,255.25));
#4106 = ( GEOMETRIC_REPRESENTATION_CONTEXT(2) 
PARAMETRIC_REPRESENTATION_CONTEXT() REPRESENTATION_CONTEXT('2D SPACE',''
  ) );
#4107 = PCURVE('',#4108,#4113);
#4108 = PLANE('',#4109);
#4109 = AXIS2_PLACEMENT_3D('',#4110,#4111,#4112);
#4110 = CARTESIAN_POINT('',(-2.933502854163E-15,4.040240899597E-15,80.7)
  );
#4111 = DIRECTION('',(0.,0.,1.));
#4112 = DIRECTION('',(1.,0.,-0.));
#4113 = DEFINITIONAL_REPRESENTATION('',(#4114),#4117);
#4114 = B_SPLINE_CURVE_WITH_KNOTS('',1,(#4115,#4116),.UNSPECIFIED.,.F.,
  .F.,(2,2),(-194.75,-105.25),.PIECEWISE_BEZIER_KNOTS.);
#4115 = CARTESIAN_POINT('',(44.75,-4.040240899597E-15));
#4116 = CARTESIAN_POINT('',(-44.75,-4.040240899597E-15));
#4117 = ( GEOMETRIC_REPRESENTATION_CONTEXT(2) 
PARAMETRIC_REPRESENTATION_CONTEXT() REPRESENTATION_CONTEXT('2D SPACE',''
  ) );
#4118 = ORIENTED_EDGE('',*,*,#4119,.F.);
#4119 = EDGE_CURVE('',#4120,#4094,#4122,.T.);
#4120 = VERTEX_POINT('',#4121);
#4121 = CARTESIAN_POINT('',(-39.75,4.867971026611E-15,109.));
#4122 = SURFACE_CURVE('',#4123,(#4127,#4133),.PCURVE_S1.);
#4123 = LINE('',#4124,#4125);
#4124 = CARTESIAN_POINT('',(-39.75,0.,80.7));
#4125 = VECTOR('',#4126,1.);
#4126 = DIRECTION('',(-0.,-0.,-1.));
#4127 = PCURVE('',#3803,#4128);
#4128 = DEFINITIONAL_REPRESENTATION('',(#4129),#4132);
#4129 = B_SPLINE_CURVE_WITH_KNOTS('',1,(#4130,#4131),.UNSPECIFIED.,.F.,
  .F.,(2,2),(-28.3000006,6.000000070117E-07),.PIECEWISE_BEZIER_KNOTS.);
#4130 = CARTESIAN_POINT('',(409.0000006,260.25));
#4131 = CARTESIAN_POINT('',(380.6999994,260.25));
#4132 = ( GEOMETRIC_REPRESENTATION_CONTEXT(2) 
PARAMETRIC_REPRESENTATION_CONTEXT() REPRESENTATION_CONTEXT('2D SPACE',''
  ) );
#4133 = PCURVE('',#4134,#4139);
#4134 = CYLINDRICAL_SURFACE('',#4135,39.75);
#4135 = AXIS2_PLACEMENT_3D('',#4136,#4137,#4138);
#4136 = CARTESIAN_POINT('',(0.,0.,80.7));
#4137 = DIRECTION('',(-0.,-0.,-1.));
#4138 = DIRECTION('',(1.,0.,0.));
#4139 = DEFINITIONAL_REPRESENTATION('',(#4140),#4143);
#4140 = B_SPLINE_CURVE_WITH_KNOTS('',1,(#4141,#4142),.UNSPECIFIED.,.F.,
  .F.,(2,2),(-28.3000006,6.000000070117E-07),.PIECEWISE_BEZIER_KNOTS.);
#4141 = CARTESIAN_POINT('',(-3.14159265359,-28.3000006));
#4142 = CARTESIAN_POINT('',(-3.14159265359,6.000000070117E-07));
#4143 = ( GEOMETRIC_REPRESENTATION_CONTEXT(2) 
PARAMETRIC_REPRESENTATION_CONTEXT() REPRESENTATION_CONTEXT('2D SPACE',''
  ) );
#4144 = ORIENTED_EDGE('',*,*,#4145,.F.);
#4145 = EDGE_CURVE('',#4146,#4120,#4148,.T.);
#4146 = VERTEX_POINT('',#4147);
#4147 = CARTESIAN_POINT('',(-39.,-1.377727649041E-16,109.));
#4148 = SURFACE_CURVE('',#4149,(#4153,#4159),.PCURVE_S1.);
#4149 = LINE('',#4150,#4151);
#4150 = CARTESIAN_POINT('',(-150.,0.,109.));
#4151 = VECTOR('',#4152,1.);
#4152 = DIRECTION('',(-1.,-0.,0.));
#4153 = PCURVE('',#3803,#4154);
#4154 = DEFINITIONAL_REPRESENTATION('',(#4155),#4158);
#4155 = B_SPLINE_CURVE_WITH_KNOTS('',1,(#4156,#4157),.UNSPECIFIED.,.F.,
  .F.,(2,2),(-189.75,-110.25),.PIECEWISE_BEZIER_KNOTS.);
#4156 = CARTESIAN_POINT('',(409.,339.75));
#4157 = CARTESIAN_POINT('',(409.,260.25));
#4158 = ( GEOMETRIC_REPRESENTATION_CONTEXT(2) 
PARAMETRIC_REPRESENTATION_CONTEXT() REPRESENTATION_CONTEXT('2D SPACE',''
  ) );
#4159 = PCURVE('',#4160,#4165);
#4160 = PLANE('',#4161);
#4161 = AXIS2_PLACEMENT_3D('',#4162,#4163,#4164);
#4162 = CARTESIAN_POINT('',(-4.403329231825E-15,5.790076070423E-16,109.)
  );
#4163 = DIRECTION('',(0.,0.,1.));
#4164 = DIRECTION('',(1.,0.,-0.));
#4165 = DEFINITIONAL_REPRESENTATION('',(#4166),#4169);
#4166 = B_SPLINE_CURVE_WITH_KNOTS('',1,(#4167,#4168),.UNSPECIFIED.,.F.,
  .F.,(2,2),(-189.75,-110.25),.PIECEWISE_BEZIER_KNOTS.);
#4167 = CARTESIAN_POINT('',(39.75,-5.790076070423E-16));
#4168 = CARTESIAN_POINT('',(-39.75,-5.790076070423E-16));
#4169 = ( GEOMETRIC_REPRESENTATION_CONTEXT(2) 
PARAMETRIC_REPRESENTATION_CONTEXT() REPRESENTATION_CONTEXT('2D SPACE',''
  ) );
#4170 = ORIENTED_EDGE('',*,*,#4171,.F.);
#4171 = EDGE_CURVE('',#4172,#4146,#4174,.T.);
#4172 = VERTEX_POINT('',#4173);
#4173 = CARTESIAN_POINT('',(-37.5,-4.592425496803E-17,107.5));
#4174 = SURFACE_CURVE('',#4175,(#4179,#4185),.PCURVE_S1.);
#4175 = LINE('',#4176,#4177);
#4176 = CARTESIAN_POINT('',(-36.75,0.,106.75));
#4177 = VECTOR('',#4178,1.);
#4178 = DIRECTION('',(-0.707106781187,-0.,0.707106781187));
#4179 = PCURVE('',#3803,#4180);
#4180 = DEFINITIONAL_REPRESENTATION('',(#4181),#4184);
#4181 = B_SPLINE_CURVE_WITH_KNOTS('',1,(#4182,#4183),.UNSPECIFIED.,.F.,
  .F.,(2,2),(1.06066017178,3.181980515339),.PIECEWISE_BEZIER_KNOTS.);
#4182 = CARTESIAN_POINT('',(407.5,262.5));
#4183 = CARTESIAN_POINT('',(409.,261.));
#4184 = ( GEOMETRIC_REPRESENTATION_CONTEXT(2) 
PARAMETRIC_REPRESENTATION_CONTEXT() REPRESENTATION_CONTEXT('2D SPACE',''
  ) );
#4185 = PCURVE('',#4186,#4191);
#4186 = CONICAL_SURFACE('',#4187,0.75,0.785398163397);
#4187 = AXIS2_PLACEMENT_3D('',#4188,#4189,#4190);
#4188 = CARTESIAN_POINT('',(-36.75,0.,107.5));
#4189 = DIRECTION('',(-0.,0.,1.));
#4190 = DIRECTION('',(0.,-1.,0.));
#4191 = DEFINITIONAL_REPRESENTATION('',(#4192),#4195);
#4192 = B_SPLINE_CURVE_WITH_KNOTS('',1,(#4193,#4194),.UNSPECIFIED.,.F.,
  .F.,(2,2),(1.06066017178,3.181980515339),.PIECEWISE_BEZIER_KNOTS.);
#4193 = CARTESIAN_POINT('',(-1.570796326795,2.198129442157E-15));
#4194 = CARTESIAN_POINT('',(-1.570796326795,1.5));
#4195 = ( GEOMETRIC_REPRESENTATION_CONTEXT(2) 
PARAMETRIC_REPRESENTATION_CONTEXT() REPRESENTATION_CONTEXT('2D SPACE',''
  ) );
#4196 = ORIENTED_EDGE('',*,*,#4197,.T.);
#4197 = EDGE_CURVE('',#4172,#4198,#4200,.T.);
#4198 = VERTEX_POINT('',#4199);
#4199 = CARTESIAN_POINT('',(-37.50000297497,-1.821459649776E-17,98.999)
  );
#4200 = SURFACE_CURVE('',#4201,(#4205,#4211),.PCURVE_S1.);
#4201 = LINE('',#4202,#4203);
#4202 = CARTESIAN_POINT('',(-37.5,0.,98.999));
#4203 = VECTOR('',#4204,1.);
#4204 = DIRECTION('',(0.,-0.,-1.));
#4205 = PCURVE('',#3803,#4206);
#4206 = DEFINITIONAL_REPRESENTATION('',(#4207),#4210);
#4207 = B_SPLINE_CURVE_WITH_KNOTS('',1,(#4208,#4209),.UNSPECIFIED.,.F.,
  .F.,(2,2),(-8.5010006,6.000000070117E-07),.PIECEWISE_BEZIER_KNOTS.);
#4208 = CARTESIAN_POINT('',(407.5000006,262.5));
#4209 = CARTESIAN_POINT('',(398.9989994,262.5));
#4210 = ( GEOMETRIC_REPRESENTATION_CONTEXT(2) 
PARAMETRIC_REPRESENTATION_CONTEXT() REPRESENTATION_CONTEXT('2D SPACE',''
  ) );
#4211 = PCURVE('',#4212,#4217);
#4212 = CYLINDRICAL_SURFACE('',#4213,0.75);
#4213 = AXIS2_PLACEMENT_3D('',#4214,#4215,#4216);
#4214 = CARTESIAN_POINT('',(-36.75,0.,98.999));
#4215 = DIRECTION('',(0.,-0.,-1.));
#4216 = DIRECTION('',(0.,-1.,0.));
#4217 = DEFINITIONAL_REPRESENTATION('',(#4218),#4221);
#4218 = B_SPLINE_CURVE_WITH_KNOTS('',1,(#4219,#4220),.UNSPECIFIED.,.F.,
  .F.,(2,2),(-8.5010006,6.000000070117E-07),.PIECEWISE_BEZIER_KNOTS.);
#4219 = CARTESIAN_POINT('',(1.570796326795,-8.5010006));
#4220 = CARTESIAN_POINT('',(1.570796326795,6.000000070117E-07));
#4221 = ( GEOMETRIC_REPRESENTATION_CONTEXT(2) 
PARAMETRIC_REPRESENTATION_CONTEXT() REPRESENTATION_CONTEXT('2D SPACE',''
  ) );
#4222 = ORIENTED_EDGE('',*,*,#4223,.F.);
#4223 = EDGE_CURVE('',#3840,#4198,#4224,.T.);
#4224 = SURFACE_CURVE('',#4225,(#4231,#4240),.PCURVE_S1.);
#4225 = B_SPLINE_CURVE_WITH_KNOTS('',4,(#4226,#4227,#4228,#4229,#4230),
  .UNSPECIFIED.,.F.,.F.,(5,5),(0.,1.),.PIECEWISE_BEZIER_KNOTS.);
#4226 = CARTESIAN_POINT('',(-37.79999999999,0.,0.));
#4227 = CARTESIAN_POINT('',(-37.72500069874,0.,24.74976485));
#4228 = CARTESIAN_POINT('',(-37.65000139748,0.,49.4995297));
#4229 = CARTESIAN_POINT('',(-37.57500209623,0.,74.24929455));
#4230 = CARTESIAN_POINT('',(-37.50000279497,0.,98.9990594));
#4231 = PCURVE('',#3803,#4232);
#4232 = DEFINITIONAL_REPRESENTATION('',(#4233),#4239);
#4233 = B_SPLINE_CURVE_WITH_KNOTS('',4,(#4234,#4235,#4236,#4237,#4238),
  .UNSPECIFIED.,.F.,.F.,(5,5),(0.,1.),.PIECEWISE_BEZIER_KNOTS.);
#4234 = CARTESIAN_POINT('',(300.,262.2));
#4235 = CARTESIAN_POINT('',(324.74976485,262.27499930126));
#4236 = CARTESIAN_POINT('',(349.4995297,262.34999860251));
#4237 = CARTESIAN_POINT('',(374.24929455,262.42499790376));
#4238 = CARTESIAN_POINT('',(398.9990594,262.49999720502));
#4239 = ( GEOMETRIC_REPRESENTATION_CONTEXT(2) 
PARAMETRIC_REPRESENTATION_CONTEXT() REPRESENTATION_CONTEXT('2D SPACE',''
  ) );
#4240 = PCURVE('',#3877,#4241);
#4241 = DEFINITIONAL_REPRESENTATION('',(#4242),#4248);
#4242 = B_SPLINE_CURVE_WITH_KNOTS('',4,(#4243,#4244,#4245,#4246,#4247),
  .UNSPECIFIED.,.F.,.F.,(5,5),(0.,1.),.PIECEWISE_BEZIER_KNOTS.);
#4243 = CARTESIAN_POINT('',(4.712388980385,0.));
#4244 = CARTESIAN_POINT('',(4.712388980385,0.249997624747));
#4245 = CARTESIAN_POINT('',(4.712388980385,0.499995249495));
#4246 = CARTESIAN_POINT('',(4.712388980385,0.749992874242));
#4247 = CARTESIAN_POINT('',(4.712388980385,0.99999049899));
#4248 = ( GEOMETRIC_REPRESENTATION_CONTEXT(2) 
PARAMETRIC_REPRESENTATION_CONTEXT() REPRESENTATION_CONTEXT('2D SPACE',''
  ) );
#4249 = ORIENTED_EDGE('',*,*,#3839,.T.);
#4250 = FACE_BOUND('',#4251,.F.);
#4251 = EDGE_LOOP('',(#4252));
#4252 = ORIENTED_EDGE('',*,*,#4253,.F.);
#4253 = EDGE_CURVE('',#4254,#4254,#4256,.T.);
#4254 = VERTEX_POINT('',#4255);
#4255 = CARTESIAN_POINT('',(-42.1,0.,32.));
#4256 = SURFACE_CURVE('',#4257,(#4262,#4269),.PCURVE_S1.);
#4257 = CIRCLE('',#4258,2.);
#4258 = AXIS2_PLACEMENT_3D('',#4259,#4260,#4261);
#4259 = CARTESIAN_POINT('',(-42.1,0.,30.));
#4260 = DIRECTION('',(0.,1.,0.));
#4261 = DIRECTION('',(0.,-0.,1.));
#4262 = PCURVE('',#3803,#4263);
#4263 = DEFINITIONAL_REPRESENTATION('',(#4264),#4268);
#4264 = CIRCLE('',#4265,2.);
#4265 = AXIS2_PLACEMENT_2D('',#4266,#4267);
#4266 = CARTESIAN_POINT('',(330.,257.9));
#4267 = DIRECTION('',(1.,0.));
#4268 = ( GEOMETRIC_REPRESENTATION_CONTEXT(2) 
PARAMETRIC_REPRESENTATION_CONTEXT() REPRESENTATION_CONTEXT('2D SPACE',''
  ) );
#4269 = PCURVE('',#4270,#4275);
#4270 = CYLINDRICAL_SURFACE('',#4271,2.);
#4271 = AXIS2_PLACEMENT_3D('',#4272,#4273,#4274);
#4272 = CARTESIAN_POINT('',(-42.1,-12.,30.));
#4273 = DIRECTION('',(0.,1.,0.));
#4274 = DIRECTION('',(0.,-0.,1.));
#4275 = DEFINITIONAL_REPRESENTATION('',(#4276),#4280);
#4276 = LINE('',#4277,#4278);
#4277 = CARTESIAN_POINT('',(0.,12.));
#4278 = VECTOR('',#4279,1.);
#4279 = DIRECTION('',(1.,0.));
#4280 = ( GEOMETRIC_REPRESENTATION_CONTEXT(2) 
PARAMETRIC_REPRESENTATION_CONTEXT() REPRESENTATION_CONTEXT('2D SPACE',''
  ) );
#4281 = FACE_BOUND('',#4282,.F.);
#4282 = EDGE_LOOP('',(#4283));
#4283 = ORIENTED_EDGE('',*,*,#4284,.F.);
#4284 = EDGE_CURVE('',#4285,#4285,#4287,.T.);
#4285 = VERTEX_POINT('',#4286);
#4286 = CARTESIAN_POINT('',(-42.1,0.,62.));
#4287 = SURFACE_CURVE('',#4288,(#4293,#4300),.PCURVE_S1.);
#4288 = CIRCLE('',#4289,2.);
#4289 = AXIS2_PLACEMENT_3D('',#4290,#4291,#4292);
#4290 = CARTESIAN_POINT('',(-42.1,0.,60.));
#4291 = DIRECTION('',(0.,1.,0.));
#4292 = DIRECTION('',(0.,-0.,1.));
#4293 = PCURVE('',#3803,#4294);
#4294 = DEFINITIONAL_REPRESENTATION('',(#4295),#4299);
#4295 = CIRCLE('',#4296,2.);
#4296 = AXIS2_PLACEMENT_2D('',#4297,#4298);
#4297 = CARTESIAN_POINT('',(360.,257.9));
#4298 = DIRECTION('',(1.,0.));
#4299 = ( GEOMETRIC_REPRESENTATION_CONTEXT(2) 
PARAMETRIC_REPRESENTATION_CONTEXT() REPRESENTATION_CONTEXT('2D SPACE',''
  ) );
#4300 = PCURVE('',#4301,#4306);
#4301 = CYLINDRICAL_SURFACE('',#4302,2.);
#4302 = AXIS2_PLACEMENT_3D('',#4303,#4304,#4305);
#4303 = CARTESIAN_POINT('',(-42.1,-12.,60.));
#4304 = DIRECTION('',(0.,1.,0.));
#4305 = DIRECTION('',(0.,-0.,1.));
#4306 = DEFINITIONAL_REPRESENTATION('',(#4307),#4311);
#4307 = LINE('',#4308,#4309);
#4308 = CARTESIAN_POINT('',(0.,12.));
#4309 = VECTOR('',#4310,1.);
#4310 = DIRECTION('',(1.,0.));
#4311 = ( GEOMETRIC_REPRESENTATION_CONTEXT(2) 
PARAMETRIC_REPRESENTATION_CONTEXT() REPRESENTATION_CONTEXT('2D SPACE',''
  ) );
#4312 = ADVANCED_FACE('',(#4313),#3778,.T.);
#4313 = FACE_BOUND('',#4314,.T.);
#4314 = EDGE_LOOP('',(#4315,#4336,#4337,#4338));
#4315 = ORIENTED_EDGE('',*,*,#4316,.F.);
#4316 = EDGE_CURVE('',#3734,#4317,#4319,.T.);
#4317 = VERTEX_POINT('',#4318);
#4318 = CARTESIAN_POINT('',(44.75,0.,69.9));
#4319 = SURFACE_CURVE('',#4320,(#4324,#4330),.PCURVE_S1.);
#4320 = LINE('',#4321,#4322);
#4321 = CARTESIAN_POINT('',(-150.,0.,69.9));
#4322 = VECTOR('',#4323,1.);
#4323 = DIRECTION('',(-1.,-0.,0.));
#4324 = PCURVE('',#3778,#4325);
#4325 = DEFINITIONAL_REPRESENTATION('',(#4326),#4329);
#4326 = B_SPLINE_CURVE_WITH_KNOTS('',1,(#4327,#4328),.UNSPECIFIED.,.F.,
  .F.,(2,2),(-196.5,-103.5),.PIECEWISE_BEZIER_KNOTS.);
#4327 = CARTESIAN_POINT('',(46.5,1.61343992693E-17));
#4328 = CARTESIAN_POINT('',(-46.5,1.61343992693E-17));
#4329 = ( GEOMETRIC_REPRESENTATION_CONTEXT(2) 
PARAMETRIC_REPRESENTATION_CONTEXT() REPRESENTATION_CONTEXT('2D SPACE',''
  ) );
#4330 = PCURVE('',#3749,#4331);
#4331 = DEFINITIONAL_REPRESENTATION('',(#4332),#4335);
#4332 = B_SPLINE_CURVE_WITH_KNOTS('',1,(#4333,#4334),.UNSPECIFIED.,.F.,
  .F.,(2,2),(-196.5,-103.5),.PIECEWISE_BEZIER_KNOTS.);
#4333 = CARTESIAN_POINT('',(369.9,346.5));
#4334 = CARTESIAN_POINT('',(369.9,253.5));
#4335 = ( GEOMETRIC_REPRESENTATION_CONTEXT(2) 
PARAMETRIC_REPRESENTATION_CONTEXT() REPRESENTATION_CONTEXT('2D SPACE',''
  ) );
#4336 = ORIENTED_EDGE('',*,*,#3761,.T.);
#4337 = ORIENTED_EDGE('',*,*,#4046,.F.);
#4338 = ORIENTED_EDGE('',*,*,#4339,.F.);
#4339 = EDGE_CURVE('',#4317,#4047,#4340,.T.);
#4340 = SURFACE_CURVE('',#4341,(#4346,#4353),.PCURVE_S1.);
#4341 = CIRCLE('',#4342,44.75);
#4342 = AXIS2_PLACEMENT_3D('',#4343,#4344,#4345);
#4343 = CARTESIAN_POINT('',(0.,0.,69.9));
#4344 = DIRECTION('',(0.,0.,1.));
#4345 = DIRECTION('',(1.,0.,0.));
#4346 = PCURVE('',#3778,#4347);
#4347 = DEFINITIONAL_REPRESENTATION('',(#4348),#4352);
#4348 = CIRCLE('',#4349,44.75);
#4349 = AXIS2_PLACEMENT_2D('',#4350,#4351);
#4350 = CARTESIAN_POINT('',(1.882068139409E-15,1.61343992693E-17));
#4351 = DIRECTION('',(1.,0.));
#4352 = ( GEOMETRIC_REPRESENTATION_CONTEXT(2) 
PARAMETRIC_REPRESENTATION_CONTEXT() REPRESENTATION_CONTEXT('2D SPACE',''
  ) );
#4353 = PCURVE('',#4082,#4354);
#4354 = DEFINITIONAL_REPRESENTATION('',(#4355),#4359);
#4355 = LINE('',#4356,#4357);
#4356 = CARTESIAN_POINT('',(-0.,0.));
#4357 = VECTOR('',#4358,1.);
#4358 = DIRECTION('',(-1.,0.));
#4359 = ( GEOMETRIC_REPRESENTATION_CONTEXT(2) 
PARAMETRIC_REPRESENTATION_CONTEXT() REPRESENTATION_CONTEXT('2D SPACE',''
  ) );
#4360 = ADVANCED_FACE('',(#4361,#4653,#4684),#3749,.F.);
#4361 = FACE_BOUND('',#4362,.F.);
#4362 = EDGE_LOOP('',(#4363,#4364,#4365,#4514,#4540,#4566,#4587,#4610,
    #4631,#4652));
#4363 = ORIENTED_EDGE('',*,*,#3733,.F.);
#4364 = ORIENTED_EDGE('',*,*,#3817,.T.);
#4365 = ORIENTED_EDGE('',*,*,#4366,.T.);
#4366 = EDGE_CURVE('',#3818,#4367,#4369,.T.);
#4367 = VERTEX_POINT('',#4368);
#4368 = CARTESIAN_POINT('',(37.500002954945,1.485356976305E-17,98.999));
#4369 = SURFACE_CURVE('',#4370,(#4409,#4451),.PCURVE_S1.);
#4370 = B_SPLINE_CURVE_WITH_KNOTS('',7,(#4371,#4372,#4373,#4374,#4375,
    #4376,#4377,#4378,#4379,#4380,#4381,#4382,#4383,#4384,#4385,#4386,
    #4387,#4388,#4389,#4390,#4391,#4392,#4393,#4394,#4395,#4396,#4397,
    #4398,#4399,#4400,#4401,#4402,#4403,#4404,#4405,#4406,#4407,#4408),
  .UNSPECIFIED.,.F.,.F.,(8,6,6,6,6,6,8),(0.,7.619145070963E-02,
    0.196057594244,0.377268706867,0.558391833059,0.967463753068,1.),
  .UNSPECIFIED.);
#4371 = CARTESIAN_POINT('',(37.8,0.,0.));
#4372 = CARTESIAN_POINT('',(37.788575438799,0.,1.077172913218));
#4373 = CARTESIAN_POINT('',(37.777781912009,0.,2.154326411766));
#4374 = CARTESIAN_POINT('',(37.767648080866,0.,3.231464002091));
#4375 = CARTESIAN_POINT('',(37.758191503696,0.,4.308590732523));
#4376 = CARTESIAN_POINT('',(37.749412631985,0.,5.385712698508));
#4377 = CARTESIAN_POINT('',(37.741294178033,0.,6.462836384044));
#4378 = CARTESIAN_POINT('',(37.722025050879,0.,9.234535831167));
#4379 = CARTESIAN_POINT('',(37.711803732182,0.,10.929122973755));
#4380 = CARTESIAN_POINT('',(37.703024836491,0.,12.623752067694));
#4381 = CARTESIAN_POINT('',(37.695487456076,0.,14.318441683613));
#4382 = CARTESIAN_POINT('',(37.688963903044,0.,16.013199526147));
#4383 = CARTESIAN_POINT('',(37.683259869537,0.,17.708025926561));
#4384 = CARTESIAN_POINT('',(37.6705720318,0.,21.965215485015));
#4385 = CARTESIAN_POINT('',(37.664427801281,0.,24.527662193046));
#4386 = CARTESIAN_POINT('',(37.659199689952,0.,27.09024380928));
#4387 = CARTESIAN_POINT('',(37.654484767365,0.,29.652935733458));
#4388 = CARTESIAN_POINT('',(37.650057103963,0.,32.215715877037));
#4389 = CARTESIAN_POINT('',(37.64575496568,0.,34.778565941848));
#4390 = CARTESIAN_POINT('',(37.63719854772,0.,39.903133928103));
#4391 = CARTESIAN_POINT('',(37.632943905407,0.,42.464852504143));
#4392 = CARTESIAN_POINT('',(37.628608226723,0.,45.026615916687));
#4393 = CARTESIAN_POINT('',(37.624137505762,0.,47.588414562085));
#4394 = CARTESIAN_POINT('',(37.619501910086,0.,50.150241188433));
#4395 = CARTESIAN_POINT('',(37.614682494813,0.,52.712090759437));
#4396 = CARTESIAN_POINT('',(37.598349183387,0.,61.060017784628));
#4397 = CARTESIAN_POINT('',(37.58604268045,0.,66.846170093041));
#4398 = CARTESIAN_POINT('',(37.572641618336,0.,72.63238092347));
#4399 = CARTESIAN_POINT('',(37.558231893457,0.,78.418628259392));
#4400 = CARTESIAN_POINT('',(37.542870526492,0.,84.204898558935));
#4401 = CARTESIAN_POINT('',(37.526636829411,0.,89.991185873832));
#4402 = CARTESIAN_POINT('',(37.508240874735,0.,96.237714661397));
#4403 = CARTESIAN_POINT('',(37.506880418213,0.,96.697938580841));
#4404 = CARTESIAN_POINT('',(37.505514892969,0.,97.158162584739));
#4405 = CARTESIAN_POINT('',(37.504144332742,0.,97.618386670785));
#4406 = CARTESIAN_POINT('',(37.502768771054,0.,98.078610836756));
#4407 = CARTESIAN_POINT('',(37.501388241206,0.,98.538835080514));
#4408 = CARTESIAN_POINT('',(37.500002776281,0.,98.9990594));
#4409 = PCURVE('',#3749,#4410);
#4410 = DEFINITIONAL_REPRESENTATION('',(#4411),#4450);
#4411 = B_SPLINE_CURVE_WITH_KNOTS('',7,(#4412,#4413,#4414,#4415,#4416,
    #4417,#4418,#4419,#4420,#4421,#4422,#4423,#4424,#4425,#4426,#4427,
    #4428,#4429,#4430,#4431,#4432,#4433,#4434,#4435,#4436,#4437,#4438,
    #4439,#4440,#4441,#4442,#4443,#4444,#4445,#4446,#4447,#4448,#4449),
  .UNSPECIFIED.,.F.,.F.,(8,6,6,6,6,6,8),(0.,7.619145070963E-02,
    0.196057594244,0.377268706867,0.558391833059,0.967463753068,1.),
  .UNSPECIFIED.);
#4412 = CARTESIAN_POINT('',(300.,337.8));
#4413 = CARTESIAN_POINT('',(301.07717291321,337.78857543879));
#4414 = CARTESIAN_POINT('',(302.15432641176,337.777781912));
#4415 = CARTESIAN_POINT('',(303.23146400209,337.76764808086));
#4416 = CARTESIAN_POINT('',(304.30859073252,337.75819150369));
#4417 = CARTESIAN_POINT('',(305.3857126985,337.74941263198));
#4418 = CARTESIAN_POINT('',(306.46283638404,337.74129417803));
#4419 = CARTESIAN_POINT('',(309.23453583116,337.72202505087));
#4420 = CARTESIAN_POINT('',(310.92912297375,337.71180373218));
#4421 = CARTESIAN_POINT('',(312.62375206769,337.70302483649));
#4422 = CARTESIAN_POINT('',(314.31844168361,337.69548745607));
#4423 = CARTESIAN_POINT('',(316.01319952614,337.68896390304));
#4424 = CARTESIAN_POINT('',(317.70802592656,337.68325986953));
#4425 = CARTESIAN_POINT('',(321.96521548501,337.6705720318));
#4426 = CARTESIAN_POINT('',(324.52766219304,337.66442780128));
#4427 = CARTESIAN_POINT('',(327.09024380928,337.65919968995));
#4428 = CARTESIAN_POINT('',(329.65293573345,337.65448476736));
#4429 = CARTESIAN_POINT('',(332.21571587703,337.65005710396));
#4430 = CARTESIAN_POINT('',(334.77856594184,337.64575496568));
#4431 = CARTESIAN_POINT('',(339.9031339281,337.63719854772));
#4432 = CARTESIAN_POINT('',(342.46485250414,337.6329439054));
#4433 = CARTESIAN_POINT('',(345.02661591668,337.62860822672));
#4434 = CARTESIAN_POINT('',(347.58841456208,337.62413750576));
#4435 = CARTESIAN_POINT('',(350.15024118843,337.61950191008));
#4436 = CARTESIAN_POINT('',(352.71209075943,337.61468249481));
#4437 = CARTESIAN_POINT('',(361.06001778462,337.59834918338));
#4438 = CARTESIAN_POINT('',(366.84617009304,337.58604268045));
#4439 = CARTESIAN_POINT('',(372.63238092347,337.57264161833));
#4440 = CARTESIAN_POINT('',(378.41862825939,337.55823189345));
#4441 = CARTESIAN_POINT('',(384.20489855893,337.54287052649));
#4442 = CARTESIAN_POINT('',(389.99118587383,337.52663682941));
#4443 = CARTESIAN_POINT('',(396.23771466139,337.50824087473));
#4444 = CARTESIAN_POINT('',(396.69793858084,337.50688041821));
#4445 = CARTESIAN_POINT('',(397.15816258473,337.50551489296));
#4446 = CARTESIAN_POINT('',(397.61838667078,337.50414433274));
#4447 = CARTESIAN_POINT('',(398.07861083675,337.50276877105));
#4448 = CARTESIAN_POINT('',(398.53883508051,337.5013882412));
#4449 = CARTESIAN_POINT('',(398.9990594,337.50000277628));
#4450 = ( GEOMETRIC_REPRESENTATION_CONTEXT(2) 
PARAMETRIC_REPRESENTATION_CONTEXT() REPRESENTATION_CONTEXT('2D SPACE',''
  ) );
#4451 = PCURVE('',#4452,#4473);
#4452 = B_SPLINE_SURFACE_WITH_KNOTS('',9,1,(
    (#4453,#4454)
    ,(#4455,#4456)
    ,(#4457,#4458)
    ,(#4459,#4460)
    ,(#4461,#4462)
    ,(#4463,#4464)
    ,(#4465,#4466)
    ,(#4467,#4468)
    ,(#4469,#4470)
    ,(#4471,#4472
    )),.UNSPECIFIED.,.F.,.F.,.F.,(10,10),(2,2),(3.14159265359,
    6.28318530718),(0.,1.),.PIECEWISE_BEZIER_KNOTS.);
#4453 = CARTESIAN_POINT('',(37.792130737918,-0.771267974243,0.));
#4454 = CARTESIAN_POINT('',(36.75,-0.75,99.));
#4455 = CARTESIAN_POINT('',(37.793879402147,-0.685583427015,0.));
#4456 = CARTESIAN_POINT('',(37.011799387799,-0.75,99.));
#4457 = CARTESIAN_POINT('',(37.795409506102,-0.599894419434,0.));
#4458 = CARTESIAN_POINT('',(37.273601492499,-0.647191900061,
    98.999999999999));
#4459 = CARTESIAN_POINT('',(37.796721043281,-0.514201588687,0.));
#4460 = CARTESIAN_POINT('',(37.48924283384,-0.44157278914,
    99.000000000004));
#4461 = CARTESIAN_POINT('',(37.797814007183,-0.428505571955,0.));
#4462 = CARTESIAN_POINT('',(37.612680472816,-0.157317457926,
    98.999999999993));
#4463 = CARTESIAN_POINT('',(37.798688391308,-0.342807006425,0.));
#4464 = CARTESIAN_POINT('',(37.612680472822,0.157317457926,
    99.000000000007));
#4465 = CARTESIAN_POINT('',(37.799344189153,-0.25710652928,0.));
#4466 = CARTESIAN_POINT('',(37.489242833835,0.44157278914,
    98.999999999994));
#4467 = CARTESIAN_POINT('',(37.799781394217,-0.171404777705,0.));
#4468 = CARTESIAN_POINT('',(37.2736014925,0.647191900061,99.000000000003
    ));
#4469 = CARTESIAN_POINT('',(37.8,-8.570238888347E-02,0.));
#4470 = CARTESIAN_POINT('',(37.011799387799,0.75,98.999999999999));
#4471 = CARTESIAN_POINT('',(37.8,-9.27036225562E-15,0.));
#4472 = CARTESIAN_POINT('',(36.75,0.75,99.));
#4473 = DEFINITIONAL_REPRESENTATION('',(#4474),#4513);
#4474 = B_SPLINE_CURVE_WITH_KNOTS('',7,(#4475,#4476,#4477,#4478,#4479,
    #4480,#4481,#4482,#4483,#4484,#4485,#4486,#4487,#4488,#4489,#4490,
    #4491,#4492,#4493,#4494,#4495,#4496,#4497,#4498,#4499,#4500,#4501,
    #4502,#4503,#4504,#4505,#4506,#4507,#4508,#4509,#4510,#4511,#4512),
  .UNSPECIFIED.,.F.,.F.,(8,6,6,6,6,6,8),(0.,7.619145070963E-02,
    0.196057594244,0.377268706867,0.558391833059,0.967463753068,1.),
  .UNSPECIFIED.);
#4475 = CARTESIAN_POINT('',(6.28318530718,0.));
#4476 = CARTESIAN_POINT('',(6.249947992537,1.088053447695E-02));
#4477 = CARTESIAN_POINT('',(6.215867591326,2.176087284612E-02));
#4478 = CARTESIAN_POINT('',(6.181084653489,3.264105052617E-02));
#4479 = CARTESIAN_POINT('',(6.14578020692,4.352111851034E-02));
#4480 = CARTESIAN_POINT('',(6.110162596088,5.440113836877E-02));
#4481 = CARTESIAN_POINT('',(6.074447689197,6.528117559641E-02));
#4482 = CARTESIAN_POINT('',(5.982801746201,9.327813970876E-02));
#4483 = CARTESIAN_POINT('',(5.927018297097,0.110395181553));
#4484 = CARTESIAN_POINT('',(5.872250968776,0.127512647148));
#4485 = CARTESIAN_POINT('',(5.81917895282,0.144630724077));
#4486 = CARTESIAN_POINT('',(5.768175649678,0.161749490163));
#4487 = CARTESIAN_POINT('',(5.719414954843,0.178868948753));
#4488 = CARTESIAN_POINT('',(5.60269214115,0.221870863485));
#4489 = CARTESIAN_POINT('',(5.537673984039,0.247754163566));
#4490 = CARTESIAN_POINT('',(5.478056966143,0.273638826356));
#4491 = CARTESIAN_POINT('',(5.42333025639,0.299524603368));
#4492 = CARTESIAN_POINT('',(5.372962252628,0.325411271485));
#4493 = CARTESIAN_POINT('',(5.32645067755,0.351298645877));
#4494 = CARTESIAN_POINT('',(5.240276075156,0.40306195887));
#4495 = CARTESIAN_POINT('',(5.200610036566,0.428937904082));
#4496 = CARTESIAN_POINT('',(5.163910954529,0.454814302189));
#4497 = CARTESIAN_POINT('',(5.129800022545,0.480691056183));
#4498 = CARTESIAN_POINT('',(5.097964236695,0.506568092812));
#4499 = CARTESIAN_POINT('',(5.068147356935,0.532445361206));
#4500 = CARTESIAN_POINT('',(4.976855439401,0.61676785641));
#4501 = CARTESIAN_POINT('',(4.922765602305,0.675213839324));
#4502 = CARTESIAN_POINT('',(4.875359476042,0.733660413369));
#4503 = CARTESIAN_POINT('',(4.833210753718,0.792107356155));
#4504 = CARTESIAN_POINT('',(4.795306347902,0.850554530898));
#4505 = CARTESIAN_POINT('',(4.760921364378,0.909001877513));
#4506 = CARTESIAN_POINT('',(4.727003203967,0.972098127893));
#4507 = CARTESIAN_POINT('',(4.724522987638,0.976746854352));
#4508 = CARTESIAN_POINT('',(4.722061256609,0.981395581664));
#4509 = CARTESIAN_POINT('',(4.719617739916,0.986044309806));
#4510 = CARTESIAN_POINT('',(4.717192173238,0.990693038755));
#4511 = CARTESIAN_POINT('',(4.714784298904,0.99534176849));
#4512 = CARTESIAN_POINT('',(4.712393865887,0.99999049899));
#4513 = ( GEOMETRIC_REPRESENTATION_CONTEXT(2) 
PARAMETRIC_REPRESENTATION_CONTEXT() REPRESENTATION_CONTEXT('2D SPACE',''
  ) );
#4514 = ORIENTED_EDGE('',*,*,#4515,.F.);
#4515 = EDGE_CURVE('',#4516,#4367,#4518,.T.);
#4516 = VERTEX_POINT('',#4517);
#4517 = CARTESIAN_POINT('',(37.5,4.592425496803E-17,107.5));
#4518 = SURFACE_CURVE('',#4519,(#4523,#4529),.PCURVE_S1.);
#4519 = LINE('',#4520,#4521);
#4520 = CARTESIAN_POINT('',(37.5,0.,98.999));
#4521 = VECTOR('',#4522,1.);
#4522 = DIRECTION('',(0.,0.,-1.));
#4523 = PCURVE('',#3749,#4524);
#4524 = DEFINITIONAL_REPRESENTATION('',(#4525),#4528);
#4525 = B_SPLINE_CURVE_WITH_KNOTS('',1,(#4526,#4527),.UNSPECIFIED.,.F.,
  .F.,(2,2),(-8.5010006,6.000000070117E-07),.PIECEWISE_BEZIER_KNOTS.);
#4526 = CARTESIAN_POINT('',(407.5000006,337.5));
#4527 = CARTESIAN_POINT('',(398.9989994,337.5));
#4528 = ( GEOMETRIC_REPRESENTATION_CONTEXT(2) 
PARAMETRIC_REPRESENTATION_CONTEXT() REPRESENTATION_CONTEXT('2D SPACE',''
  ) );
#4529 = PCURVE('',#4530,#4535);
#4530 = CYLINDRICAL_SURFACE('',#4531,0.75);
#4531 = AXIS2_PLACEMENT_3D('',#4532,#4533,#4534);
#4532 = CARTESIAN_POINT('',(36.75,0.,98.999));
#4533 = DIRECTION('',(0.,0.,-1.));
#4534 = DIRECTION('',(0.,1.,0.));
#4535 = DEFINITIONAL_REPRESENTATION('',(#4536),#4539);
#4536 = B_SPLINE_CURVE_WITH_KNOTS('',1,(#4537,#4538),.UNSPECIFIED.,.F.,
  .F.,(2,2),(-8.5010006,6.000000070117E-07),.PIECEWISE_BEZIER_KNOTS.);
#4537 = CARTESIAN_POINT('',(1.570796326795,-8.5010006));
#4538 = CARTESIAN_POINT('',(1.570796326795,6.000000070117E-07));
#4539 = ( GEOMETRIC_REPRESENTATION_CONTEXT(2) 
PARAMETRIC_REPRESENTATION_CONTEXT() REPRESENTATION_CONTEXT('2D SPACE',''
  ) );
#4540 = ORIENTED_EDGE('',*,*,#4541,.T.);
#4541 = EDGE_CURVE('',#4516,#4542,#4544,.T.);
#4542 = VERTEX_POINT('',#4543);
#4543 = CARTESIAN_POINT('',(39.,1.377727649041E-16,109.));
#4544 = SURFACE_CURVE('',#4545,(#4549,#4555),.PCURVE_S1.);
#4545 = LINE('',#4546,#4547);
#4546 = CARTESIAN_POINT('',(36.75,0.,106.75));
#4547 = VECTOR('',#4548,1.);
#4548 = DIRECTION('',(0.707106781187,0.,0.707106781187));
#4549 = PCURVE('',#3749,#4550);
#4550 = DEFINITIONAL_REPRESENTATION('',(#4551),#4554);
#4551 = B_SPLINE_CURVE_WITH_KNOTS('',1,(#4552,#4553),.UNSPECIFIED.,.F.,
  .F.,(2,2),(1.06066017178,3.181980515339),.PIECEWISE_BEZIER_KNOTS.);
#4552 = CARTESIAN_POINT('',(407.5,337.5));
#4553 = CARTESIAN_POINT('',(409.,339.));
#4554 = ( GEOMETRIC_REPRESENTATION_CONTEXT(2) 
PARAMETRIC_REPRESENTATION_CONTEXT() REPRESENTATION_CONTEXT('2D SPACE',''
  ) );
#4555 = PCURVE('',#4556,#4561);
#4556 = CONICAL_SURFACE('',#4557,0.75,0.785398163397);
#4557 = AXIS2_PLACEMENT_3D('',#4558,#4559,#4560);
#4558 = CARTESIAN_POINT('',(36.75,0.,107.5));
#4559 = DIRECTION('',(-0.,-0.,1.));
#4560 = DIRECTION('',(0.,1.,0.));
#4561 = DEFINITIONAL_REPRESENTATION('',(#4562),#4565);
#4562 = B_SPLINE_CURVE_WITH_KNOTS('',1,(#4563,#4564),.UNSPECIFIED.,.F.,
  .F.,(2,2),(1.06066017178,3.181980515339),.PIECEWISE_BEZIER_KNOTS.);
#4563 = CARTESIAN_POINT('',(-1.570796326795,2.198129442157E-15));
#4564 = CARTESIAN_POINT('',(-1.570796326795,1.5));
#4565 = ( GEOMETRIC_REPRESENTATION_CONTEXT(2) 
PARAMETRIC_REPRESENTATION_CONTEXT() REPRESENTATION_CONTEXT('2D SPACE',''
  ) );
#4566 = ORIENTED_EDGE('',*,*,#4567,.F.);
#4567 = EDGE_CURVE('',#4568,#4542,#4570,.T.);
#4568 = VERTEX_POINT('',#4569);
#4569 = CARTESIAN_POINT('',(39.75,0.,109.));
#4570 = SURFACE_CURVE('',#4571,(#4575,#4581),.PCURVE_S1.);
#4571 = LINE('',#4572,#4573);
#4572 = CARTESIAN_POINT('',(-150.,0.,109.));
#4573 = VECTOR('',#4574,1.);
#4574 = DIRECTION('',(-1.,-0.,0.));
#4575 = PCURVE('',#3749,#4576);
#4576 = DEFINITIONAL_REPRESENTATION('',(#4577),#4580);
#4577 = B_SPLINE_CURVE_WITH_KNOTS('',1,(#4578,#4579),.UNSPECIFIED.,.F.,
  .F.,(2,2),(-189.75,-110.25),.PIECEWISE_BEZIER_KNOTS.);
#4578 = CARTESIAN_POINT('',(409.,339.75));
#4579 = CARTESIAN_POINT('',(409.,260.25));
#4580 = ( GEOMETRIC_REPRESENTATION_CONTEXT(2) 
PARAMETRIC_REPRESENTATION_CONTEXT() REPRESENTATION_CONTEXT('2D SPACE',''
  ) );
#4581 = PCURVE('',#4160,#4582);
#4582 = DEFINITIONAL_REPRESENTATION('',(#4583),#4586);
#4583 = B_SPLINE_CURVE_WITH_KNOTS('',1,(#4584,#4585),.UNSPECIFIED.,.F.,
  .F.,(2,2),(-189.75,-110.25),.PIECEWISE_BEZIER_KNOTS.);
#4584 = CARTESIAN_POINT('',(39.75,-5.790076070423E-16));
#4585 = CARTESIAN_POINT('',(-39.75,-5.790076070423E-16));
#4586 = ( GEOMETRIC_REPRESENTATION_CONTEXT(2) 
PARAMETRIC_REPRESENTATION_CONTEXT() REPRESENTATION_CONTEXT('2D SPACE',''
  ) );
#4587 = ORIENTED_EDGE('',*,*,#4588,.F.);
#4588 = EDGE_CURVE('',#4589,#4568,#4591,.T.);
#4589 = VERTEX_POINT('',#4590);
#4590 = CARTESIAN_POINT('',(39.75,0.,80.7));
#4591 = SURFACE_CURVE('',#4592,(#4596,#4603),.PCURVE_S1.);
#4592 = LINE('',#4593,#4594);
#4593 = CARTESIAN_POINT('',(39.75,0.,80.7));
#4594 = VECTOR('',#4595,1.);
#4595 = DIRECTION('',(0.,0.,1.));
#4596 = PCURVE('',#3749,#4597);
#4597 = DEFINITIONAL_REPRESENTATION('',(#4598),#4602);
#4598 = LINE('',#4599,#4600);
#4599 = CARTESIAN_POINT('',(380.7,339.75));
#4600 = VECTOR('',#4601,1.);
#4601 = DIRECTION('',(1.,0.));
#4602 = ( GEOMETRIC_REPRESENTATION_CONTEXT(2) 
PARAMETRIC_REPRESENTATION_CONTEXT() REPRESENTATION_CONTEXT('2D SPACE',''
  ) );
#4603 = PCURVE('',#4134,#4604);
#4604 = DEFINITIONAL_REPRESENTATION('',(#4605),#4609);
#4605 = LINE('',#4606,#4607);
#4606 = CARTESIAN_POINT('',(-0.,0.));
#4607 = VECTOR('',#4608,1.);
#4608 = DIRECTION('',(-0.,-1.));
#4609 = ( GEOMETRIC_REPRESENTATION_CONTEXT(2) 
PARAMETRIC_REPRESENTATION_CONTEXT() REPRESENTATION_CONTEXT('2D SPACE',''
  ) );
#4610 = ORIENTED_EDGE('',*,*,#4611,.F.);
#4611 = EDGE_CURVE('',#4612,#4589,#4614,.T.);
#4612 = VERTEX_POINT('',#4613);
#4613 = CARTESIAN_POINT('',(44.75,0.,80.7));
#4614 = SURFACE_CURVE('',#4615,(#4619,#4625),.PCURVE_S1.);
#4615 = LINE('',#4616,#4617);
#4616 = CARTESIAN_POINT('',(-150.,0.,80.7));
#4617 = VECTOR('',#4618,1.);
#4618 = DIRECTION('',(-1.,-0.,0.));
#4619 = PCURVE('',#3749,#4620);
#4620 = DEFINITIONAL_REPRESENTATION('',(#4621),#4624);
#4621 = B_SPLINE_CURVE_WITH_KNOTS('',1,(#4622,#4623),.UNSPECIFIED.,.F.,
  .F.,(2,2),(-194.75,-105.25),.PIECEWISE_BEZIER_KNOTS.);
#4622 = CARTESIAN_POINT('',(380.7,344.75));
#4623 = CARTESIAN_POINT('',(380.7,255.25));
#4624 = ( GEOMETRIC_REPRESENTATION_CONTEXT(2) 
PARAMETRIC_REPRESENTATION_CONTEXT() REPRESENTATION_CONTEXT('2D SPACE',''
  ) );
#4625 = PCURVE('',#4108,#4626);
#4626 = DEFINITIONAL_REPRESENTATION('',(#4627),#4630);
#4627 = B_SPLINE_CURVE_WITH_KNOTS('',1,(#4628,#4629),.UNSPECIFIED.,.F.,
  .F.,(2,2),(-194.75,-105.25),.PIECEWISE_BEZIER_KNOTS.);
#4628 = CARTESIAN_POINT('',(44.75,-4.040240899597E-15));
#4629 = CARTESIAN_POINT('',(-44.75,-4.040240899597E-15));
#4630 = ( GEOMETRIC_REPRESENTATION_CONTEXT(2) 
PARAMETRIC_REPRESENTATION_CONTEXT() REPRESENTATION_CONTEXT('2D SPACE',''
  ) );
#4631 = ORIENTED_EDGE('',*,*,#4632,.F.);
#4632 = EDGE_CURVE('',#4317,#4612,#4633,.T.);
#4633 = SURFACE_CURVE('',#4634,(#4638,#4645),.PCURVE_S1.);
#4634 = LINE('',#4635,#4636);
#4635 = CARTESIAN_POINT('',(44.75,0.,69.9));
#4636 = VECTOR('',#4637,1.);
#4637 = DIRECTION('',(0.,0.,1.));
#4638 = PCURVE('',#3749,#4639);
#4639 = DEFINITIONAL_REPRESENTATION('',(#4640),#4644);
#4640 = LINE('',#4641,#4642);
#4641 = CARTESIAN_POINT('',(369.9,344.75));
#4642 = VECTOR('',#4643,1.);
#4643 = DIRECTION('',(1.,0.));
#4644 = ( GEOMETRIC_REPRESENTATION_CONTEXT(2) 
PARAMETRIC_REPRESENTATION_CONTEXT() REPRESENTATION_CONTEXT('2D SPACE',''
  ) );
#4645 = PCURVE('',#4082,#4646);
#4646 = DEFINITIONAL_REPRESENTATION('',(#4647),#4651);
#4647 = LINE('',#4648,#4649);
#4648 = CARTESIAN_POINT('',(-0.,0.));
#4649 = VECTOR('',#4650,1.);
#4650 = DIRECTION('',(-0.,-1.));
#4651 = ( GEOMETRIC_REPRESENTATION_CONTEXT(2) 
PARAMETRIC_REPRESENTATION_CONTEXT() REPRESENTATION_CONTEXT('2D SPACE',''
  ) );
#4652 = ORIENTED_EDGE('',*,*,#4316,.F.);
#4653 = FACE_BOUND('',#4654,.F.);
#4654 = EDGE_LOOP('',(#4655));
#4655 = ORIENTED_EDGE('',*,*,#4656,.F.);
#4656 = EDGE_CURVE('',#4657,#4657,#4659,.T.);
#4657 = VERTEX_POINT('',#4658);
#4658 = CARTESIAN_POINT('',(42.1,0.,32.));
#4659 = SURFACE_CURVE('',#4660,(#4665,#4672),.PCURVE_S1.);
#4660 = CIRCLE('',#4661,2.);
#4661 = AXIS2_PLACEMENT_3D('',#4662,#4663,#4664);
#4662 = CARTESIAN_POINT('',(42.1,0.,30.));
#4663 = DIRECTION('',(0.,1.,0.));
#4664 = DIRECTION('',(0.,-0.,1.));
#4665 = PCURVE('',#3749,#4666);
#4666 = DEFINITIONAL_REPRESENTATION('',(#4667),#4671);
#4667 = CIRCLE('',#4668,2.);
#4668 = AXIS2_PLACEMENT_2D('',#4669,#4670);
#4669 = CARTESIAN_POINT('',(330.,342.1));
#4670 = DIRECTION('',(1.,0.));
#4671 = ( GEOMETRIC_REPRESENTATION_CONTEXT(2) 
PARAMETRIC_REPRESENTATION_CONTEXT() REPRESENTATION_CONTEXT('2D SPACE',''
  ) );
#4672 = PCURVE('',#4673,#4678);
#4673 = CYLINDRICAL_SURFACE('',#4674,2.);
#4674 = AXIS2_PLACEMENT_3D('',#4675,#4676,#4677);
#4675 = CARTESIAN_POINT('',(42.1,-12.,30.));
#4676 = DIRECTION('',(0.,1.,0.));
#4677 = DIRECTION('',(0.,-0.,1.));
#4678 = DEFINITIONAL_REPRESENTATION('',(#4679),#4683);
#4679 = LINE('',#4680,#4681);
#4680 = CARTESIAN_POINT('',(0.,12.));
#4681 = VECTOR('',#4682,1.);
#4682 = DIRECTION('',(1.,0.));
#4683 = ( GEOMETRIC_REPRESENTATION_CONTEXT(2) 
PARAMETRIC_REPRESENTATION_CONTEXT() REPRESENTATION_CONTEXT('2D SPACE',''
  ) );
#4684 = FACE_BOUND('',#4685,.F.);
#4685 = EDGE_LOOP('',(#4686));
#4686 = ORIENTED_EDGE('',*,*,#4687,.F.);
#4687 = EDGE_CURVE('',#4688,#4688,#4690,.T.);
#4688 = VERTEX_POINT('',#4689);
#4689 = CARTESIAN_POINT('',(42.1,0.,62.));
#4690 = SURFACE_CURVE('',#4691,(#4696,#4703),.PCURVE_S1.);
#4691 = CIRCLE('',#4692,2.);
#4692 = AXIS2_PLACEMENT_3D('',#4693,#4694,#4695);
#4693 = CARTESIAN_POINT('',(42.1,0.,60.));
#4694 = DIRECTION('',(0.,1.,0.));
#4695 = DIRECTION('',(0.,-0.,1.));
#4696 = PCURVE('',#3749,#4697);
#4697 = DEFINITIONAL_REPRESENTATION('',(#4698),#4702);
#4698 = CIRCLE('',#4699,2.);
#4699 = AXIS2_PLACEMENT_2D('',#4700,#4701);
#4700 = CARTESIAN_POINT('',(360.,342.1));
#4701 = DIRECTION('',(1.,0.));
#4702 = ( GEOMETRIC_REPRESENTATION_CONTEXT(2) 
PARAMETRIC_REPRESENTATION_CONTEXT() REPRESENTATION_CONTEXT('2D SPACE',''
  ) );
#4703 = PCURVE('',#4704,#4709);
#4704 = CYLINDRICAL_SURFACE('',#4705,2.);
#4705 = AXIS2_PLACEMENT_3D('',#4706,#4707,#4708);
#4706 = CARTESIAN_POINT('',(42.1,-12.,60.));
#4707 = DIRECTION('',(0.,1.,0.));
#4708 = DIRECTION('',(0.,-0.,1.));
#4709 = DEFINITIONAL_REPRESENTATION('',(#4710),#4714);
#4710 = LINE('',#4711,#4712);
#4711 = CARTESIAN_POINT('',(0.,12.));
#4712 = VECTOR('',#4713,1.);
#4713 = DIRECTION('',(1.,0.));
#4714 = ( GEOMETRIC_REPRESENTATION_CONTEXT(2) 
PARAMETRIC_REPRESENTATION_CONTEXT() REPRESENTATION_CONTEXT('2D SPACE',''
  ) );
#4715 = ADVANCED_FACE('',(#4716),#4011,.F.);
#4716 = FACE_BOUND('',#4717,.F.);
#4717 = EDGE_LOOP('',(#4718,#4740,#4741));
#4718 = ORIENTED_EDGE('',*,*,#4719,.F.);
#4719 = EDGE_CURVE('',#3818,#4720,#4722,.T.);
#4720 = VERTEX_POINT('',#4721);
#4721 = CARTESIAN_POINT('',(37.795496600522,3.216713912751E-03,
    0.424606236484));
#4722 = SURFACE_CURVE('',#4723,(#4726,#4733),.PCURVE_S1.);
#4723 = B_SPLINE_CURVE_WITH_KNOTS('',1,(#4724,#4725),.UNSPECIFIED.,.F.,
  .F.,(2,2),(0.,1.),.PIECEWISE_BEZIER_KNOTS.);
#4724 = CARTESIAN_POINT('',(37.8,-7.105427357601E-15,0.));
#4725 = CARTESIAN_POINT('',(36.75,0.75,99.));
#4726 = PCURVE('',#4011,#4727);
#4727 = DEFINITIONAL_REPRESENTATION('',(#4728),#4732);
#4728 = LINE('',#4729,#4730);
#4729 = CARTESIAN_POINT('',(-73.5,0.));
#4730 = VECTOR('',#4731,1.);
#4731 = DIRECTION('',(0.,1.));
#4732 = ( GEOMETRIC_REPRESENTATION_CONTEXT(2) 
PARAMETRIC_REPRESENTATION_CONTEXT() REPRESENTATION_CONTEXT('2D SPACE',''
  ) );
#4733 = PCURVE('',#4452,#4734);
#4734 = DEFINITIONAL_REPRESENTATION('',(#4735),#4739);
#4735 = LINE('',#4736,#4737);
#4736 = CARTESIAN_POINT('',(6.28318530718,0.));
#4737 = VECTOR('',#4738,1.);
#4738 = DIRECTION('',(0.,1.));
#4739 = ( GEOMETRIC_REPRESENTATION_CONTEXT(2) 
PARAMETRIC_REPRESENTATION_CONTEXT() REPRESENTATION_CONTEXT('2D SPACE',''
  ) );
#4740 = ORIENTED_EDGE('',*,*,#3996,.T.);
#4741 = ORIENTED_EDGE('',*,*,#4742,.T.);
#4742 = EDGE_CURVE('',#3949,#4720,#4743,.T.);
#4743 = SURFACE_CURVE('',#4744,(#4750,#4759),.PCURVE_S1.);
#4744 = B_SPLINE_CURVE_WITH_KNOTS('',4,(#4745,#4746,#4747,#4748,#4749),
  .UNSPECIFIED.,.F.,.F.,(5,5),(0.,1.),.PIECEWISE_BEZIER_KNOTS.);
#4745 = CARTESIAN_POINT('',(37.799999863132,3.216713912751E-03,0.));
#4746 = CARTESIAN_POINT('',(37.798871932963,3.216713912751E-03,
    0.106151546809));
#4747 = CARTESIAN_POINT('',(37.797745406425,3.216713912751E-03,
    0.212303101828));
#4748 = CARTESIAN_POINT('',(37.796620292549,3.216713912751E-03,
    0.318454665056));
#4749 = CARTESIAN_POINT('',(37.795496600522,3.216713912751E-03,
    0.424606236484));
#4750 = PCURVE('',#4011,#4751);
#4751 = DEFINITIONAL_REPRESENTATION('',(#4752),#4758);
#4752 = B_SPLINE_CURVE_WITH_KNOTS('',4,(#4753,#4754,#4755,#4756,#4757),
  .UNSPECIFIED.,.F.,.F.,(5,5),(0.,1.),.PIECEWISE_BEZIER_KNOTS.);
#4753 = CARTESIAN_POINT('',(-73.49799604417,0.));
#4754 = CARTESIAN_POINT('',(-73.49849488436,1.072237846559E-03));
#4755 = CARTESIAN_POINT('',(-73.49899515091,2.144475776043E-03));
#4756 = CARTESIAN_POINT('',(-73.49949685301,3.216713788446E-03));
#4757 = CARTESIAN_POINT('',(-73.5,4.288951883677E-03));
#4758 = ( GEOMETRIC_REPRESENTATION_CONTEXT(2) 
PARAMETRIC_REPRESENTATION_CONTEXT() REPRESENTATION_CONTEXT('2D SPACE',''
  ) );
#4759 = PCURVE('',#3965,#4760);
#4760 = DEFINITIONAL_REPRESENTATION('',(#4761),#4767);
#4761 = B_SPLINE_CURVE_WITH_KNOTS('',4,(#4762,#4763,#4764,#4765,#4766),
  .UNSPECIFIED.,.F.,.F.,(5,5),(0.,1.),.PIECEWISE_BEZIER_KNOTS.);
#4762 = CARTESIAN_POINT('',(-73.49799604417,0.));
#4763 = CARTESIAN_POINT('',(-73.49849488436,1.072237846559E-03));
#4764 = CARTESIAN_POINT('',(-73.49899515091,2.144475776043E-03));
#4765 = CARTESIAN_POINT('',(-73.49949685301,3.216713788446E-03));
#4766 = CARTESIAN_POINT('',(-73.5,4.288951883677E-03));
#4767 = ( GEOMETRIC_REPRESENTATION_CONTEXT(2) 
PARAMETRIC_REPRESENTATION_CONTEXT() REPRESENTATION_CONTEXT('2D SPACE',''
  ) );
#4768 = ADVANCED_FACE('',(#4769),#3965,.F.);
#4769 = FACE_BOUND('',#4770,.F.);
#4770 = EDGE_LOOP('',(#4771,#4772,#4773,#4795,#4825,#4865,#4905));
#4771 = ORIENTED_EDGE('',*,*,#4742,.F.);
#4772 = ORIENTED_EDGE('',*,*,#3948,.T.);
#4773 = ORIENTED_EDGE('',*,*,#4774,.T.);
#4774 = EDGE_CURVE('',#3905,#4775,#4777,.T.);
#4775 = VERTEX_POINT('',#4776);
#4776 = CARTESIAN_POINT('',(-36.75001052657,0.750000214828,98.999));
#4777 = SURFACE_CURVE('',#4778,(#4781,#4788),.PCURVE_S1.);
#4778 = B_SPLINE_CURVE_WITH_KNOTS('',1,(#4779,#4780),.UNSPECIFIED.,.F.,
  .F.,(2,2),(0.,1.),.PIECEWISE_BEZIER_KNOTS.);
#4779 = CARTESIAN_POINT('',(-37.79213073791,0.771267974243,0.));
#4780 = CARTESIAN_POINT('',(-36.75,0.75,99.));
#4781 = PCURVE('',#3965,#4782);
#4782 = DEFINITIONAL_REPRESENTATION('',(#4783),#4787);
#4783 = LINE('',#4784,#4785);
#4784 = CARTESIAN_POINT('',(0.,0.));
#4785 = VECTOR('',#4786,1.);
#4786 = DIRECTION('',(0.,1.));
#4787 = ( GEOMETRIC_REPRESENTATION_CONTEXT(2) 
PARAMETRIC_REPRESENTATION_CONTEXT() REPRESENTATION_CONTEXT('2D SPACE',''
  ) );
#4788 = PCURVE('',#3921,#4789);
#4789 = DEFINITIONAL_REPRESENTATION('',(#4790),#4794);
#4790 = LINE('',#4791,#4792);
#4791 = CARTESIAN_POINT('',(3.14159265359,0.));
#4792 = VECTOR('',#4793,1.);
#4793 = DIRECTION('',(0.,1.));
#4794 = ( GEOMETRIC_REPRESENTATION_CONTEXT(2) 
PARAMETRIC_REPRESENTATION_CONTEXT() REPRESENTATION_CONTEXT('2D SPACE',''
  ) );
#4795 = ORIENTED_EDGE('',*,*,#4796,.T.);
#4796 = EDGE_CURVE('',#4775,#4797,#4799,.T.);
#4797 = VERTEX_POINT('',#4798);
#4798 = CARTESIAN_POINT('',(-36.75,0.75,98.999));
#4799 = SURFACE_CURVE('',#4800,(#4808,#4819),.PCURVE_S1.);
#4800 = B_SPLINE_CURVE_WITH_KNOTS('',6,(#4801,#4802,#4803,#4804,#4805,
    #4806,#4807),.UNSPECIFIED.,.F.,.F.,(7,7),(0.,1.),
  .PIECEWISE_BEZIER_KNOTS.);
#4801 = CARTESIAN_POINT('',(-36.75001052657,0.750000214828,98.999));
#4802 = CARTESIAN_POINT('',(-24.50006860887,0.750198795489,98.999));
#4803 = CARTESIAN_POINT('',(-12.2500653307,0.750394658387,98.999));
#4804 = CARTESIAN_POINT('',(2.558313894951E-06,0.750492827449,98.999));
#4805 = CARTESIAN_POINT('',(12.250069462238,0.75038945501,98.999));
#4806 = CARTESIAN_POINT('',(24.500070714717,0.750191046286,98.999));
#4807 = CARTESIAN_POINT('',(36.750010606061,0.749992424242,98.999));
#4808 = PCURVE('',#3965,#4809);
#4809 = DEFINITIONAL_REPRESENTATION('',(#4810),#4818);
#4810 = B_SPLINE_CURVE_WITH_KNOTS('',6,(#4811,#4812,#4813,#4814,#4815,
    #4816,#4817),.UNSPECIFIED.,.F.,.F.,(7,7),(0.,1.),
  .PIECEWISE_BEZIER_KNOTS.);
#4811 = CARTESIAN_POINT('',(0.,0.99998989899));
#4812 = CARTESIAN_POINT('',(-12.25006160303,0.99998989899));
#4813 = CARTESIAN_POINT('',(-24.50006184754,0.99998989899));
#4814 = CARTESIAN_POINT('',(-36.74999748146,0.99998989899));
#4815 = CARTESIAN_POINT('',(-48.99993410047,0.99998989899));
#4816 = CARTESIAN_POINT('',(-61.24993637063,0.99998989899));
#4817 = CARTESIAN_POINT('',(-73.5,0.99998989899));
#4818 = ( GEOMETRIC_REPRESENTATION_CONTEXT(2) 
PARAMETRIC_REPRESENTATION_CONTEXT() REPRESENTATION_CONTEXT('2D SPACE',''
  ) );
#4819 = PCURVE('',#4212,#4820);
#4820 = DEFINITIONAL_REPRESENTATION('',(#4821),#4824);
#4821 = B_SPLINE_CURVE_WITH_KNOTS('',1,(#4822,#4823),.UNSPECIFIED.,.F.,
  .F.,(2,2),(0.,1.432193129694E-07),.PIECEWISE_BEZIER_KNOTS.);
#4822 = CARTESIAN_POINT('',(3.141578618163,0.));
#4823 = CARTESIAN_POINT('',(3.14159265359,0.));
#4824 = ( GEOMETRIC_REPRESENTATION_CONTEXT(2) 
PARAMETRIC_REPRESENTATION_CONTEXT() REPRESENTATION_CONTEXT('2D SPACE',''
  ) );
#4825 = ORIENTED_EDGE('',*,*,#4826,.T.);
#4826 = EDGE_CURVE('',#4797,#4827,#4829,.T.);
#4827 = VERTEX_POINT('',#4828);
#4828 = CARTESIAN_POINT('',(36.282740520555,0.75,98.999));
#4829 = SURFACE_CURVE('',#4830,(#4838,#4849),.PCURVE_S1.);
#4830 = B_SPLINE_CURVE_WITH_KNOTS('',6,(#4831,#4832,#4833,#4834,#4835,
    #4836,#4837),.UNSPECIFIED.,.F.,.F.,(7,7),(0.,1.),
  .PIECEWISE_BEZIER_KNOTS.);
#4831 = CARTESIAN_POINT('',(-36.75001052657,0.750000214828,98.999));
#4832 = CARTESIAN_POINT('',(-24.50006860887,0.750198795489,98.999));
#4833 = CARTESIAN_POINT('',(-12.2500653307,0.750394658387,98.999));
#4834 = CARTESIAN_POINT('',(2.558313894951E-06,0.750492827449,98.999));
#4835 = CARTESIAN_POINT('',(12.250069462238,0.75038945501,98.999));
#4836 = CARTESIAN_POINT('',(24.500070714717,0.750191046286,98.999));
#4837 = CARTESIAN_POINT('',(36.750010606061,0.749992424242,98.999));
#4838 = PCURVE('',#3965,#4839);
#4839 = DEFINITIONAL_REPRESENTATION('',(#4840),#4848);
#4840 = B_SPLINE_CURVE_WITH_KNOTS('',6,(#4841,#4842,#4843,#4844,#4845,
    #4846,#4847),.UNSPECIFIED.,.F.,.F.,(7,7),(0.,1.),
  .PIECEWISE_BEZIER_KNOTS.);
#4841 = CARTESIAN_POINT('',(0.,0.99998989899));
#4842 = CARTESIAN_POINT('',(-12.25006160303,0.99998989899));
#4843 = CARTESIAN_POINT('',(-24.50006184754,0.99998989899));
#4844 = CARTESIAN_POINT('',(-36.74999748146,0.99998989899));
#4845 = CARTESIAN_POINT('',(-48.99993410047,0.99998989899));
#4846 = CARTESIAN_POINT('',(-61.24993637063,0.99998989899));
#4847 = CARTESIAN_POINT('',(-73.5,0.99998989899));
#4848 = ( GEOMETRIC_REPRESENTATION_CONTEXT(2) 
PARAMETRIC_REPRESENTATION_CONTEXT() REPRESENTATION_CONTEXT('2D SPACE',''
  ) );
#4849 = PCURVE('',#4850,#4855);
#4850 = PLANE('',#4851);
#4851 = AXIS2_PLACEMENT_3D('',#4852,#4853,#4854);
#4852 = CARTESIAN_POINT('',(-200.,-200.,98.999));
#4853 = DIRECTION('',(0.,0.,1.));
#4854 = DIRECTION('',(1.,0.,0.));
#4855 = DEFINITIONAL_REPRESENTATION('',(#4856),#4864);
#4856 = B_SPLINE_CURVE_WITH_KNOTS('',6,(#4857,#4858,#4859,#4860,#4861,
    #4862,#4863),.UNSPECIFIED.,.F.,.F.,(7,7),(0.,1.),
  .PIECEWISE_BEZIER_KNOTS.);
#4857 = CARTESIAN_POINT('',(163.24998947342,200.75000021482));
#4858 = CARTESIAN_POINT('',(175.49993139113,200.75019879548));
#4859 = CARTESIAN_POINT('',(187.74993466929,200.75039465838));
#4860 = CARTESIAN_POINT('',(200.00000255831,200.75049282744));
#4861 = CARTESIAN_POINT('',(212.25006946223,200.75038945501));
#4862 = CARTESIAN_POINT('',(224.50007071471,200.75019104628));
#4863 = CARTESIAN_POINT('',(236.75001060606,200.74999242424));
#4864 = ( GEOMETRIC_REPRESENTATION_CONTEXT(2) 
PARAMETRIC_REPRESENTATION_CONTEXT() REPRESENTATION_CONTEXT('2D SPACE',''
  ) );
#4865 = ORIENTED_EDGE('',*,*,#4866,.T.);
#4866 = EDGE_CURVE('',#4827,#4867,#4869,.T.);
#4867 = VERTEX_POINT('',#4868);
#4868 = CARTESIAN_POINT('',(36.750010606061,0.749992424242,98.999));
#4869 = SURFACE_CURVE('',#4870,(#4878,#4889),.PCURVE_S1.);
#4870 = B_SPLINE_CURVE_WITH_KNOTS('',6,(#4871,#4872,#4873,#4874,#4875,
    #4876,#4877),.UNSPECIFIED.,.F.,.F.,(7,7),(0.,1.),
  .PIECEWISE_BEZIER_KNOTS.);
#4871 = CARTESIAN_POINT('',(-36.75001052657,0.750000214828,98.999));
#4872 = CARTESIAN_POINT('',(-24.50006860887,0.750198795489,98.999));
#4873 = CARTESIAN_POINT('',(-12.2500653307,0.750394658387,98.999));
#4874 = CARTESIAN_POINT('',(2.558313894951E-06,0.750492827449,98.999));
#4875 = CARTESIAN_POINT('',(12.250069462238,0.75038945501,98.999));
#4876 = CARTESIAN_POINT('',(24.500070714717,0.750191046286,98.999));
#4877 = CARTESIAN_POINT('',(36.750010606061,0.749992424242,98.999));
#4878 = PCURVE('',#3965,#4879);
#4879 = DEFINITIONAL_REPRESENTATION('',(#4880),#4888);
#4880 = B_SPLINE_CURVE_WITH_KNOTS('',6,(#4881,#4882,#4883,#4884,#4885,
    #4886,#4887),.UNSPECIFIED.,.F.,.F.,(7,7),(0.,1.),
  .PIECEWISE_BEZIER_KNOTS.);
#4881 = CARTESIAN_POINT('',(0.,0.99998989899));
#4882 = CARTESIAN_POINT('',(-12.25006160303,0.99998989899));
#4883 = CARTESIAN_POINT('',(-24.50006184754,0.99998989899));
#4884 = CARTESIAN_POINT('',(-36.74999748146,0.99998989899));
#4885 = CARTESIAN_POINT('',(-48.99993410047,0.99998989899));
#4886 = CARTESIAN_POINT('',(-61.24993637063,0.99998989899));
#4887 = CARTESIAN_POINT('',(-73.5,0.99998989899));
#4888 = ( GEOMETRIC_REPRESENTATION_CONTEXT(2) 
PARAMETRIC_REPRESENTATION_CONTEXT() REPRESENTATION_CONTEXT('2D SPACE',''
  ) );
#4889 = PCURVE('',#4890,#4895);
#4890 = PLANE('',#4891);
#4891 = AXIS2_PLACEMENT_3D('',#4892,#4893,#4894);
#4892 = CARTESIAN_POINT('',(3.400287019314E-16,-3.664102391502E-19,
    98.999));
#4893 = DIRECTION('',(-0.,-0.,-1.));
#4894 = DIRECTION('',(-1.,0.,0.));
#4895 = DEFINITIONAL_REPRESENTATION('',(#4896),#4904);
#4896 = B_SPLINE_CURVE_WITH_KNOTS('',6,(#4897,#4898,#4899,#4900,#4901,
    #4902,#4903),.UNSPECIFIED.,.F.,.F.,(7,7),(0.,1.),
  .PIECEWISE_BEZIER_KNOTS.);
#4897 = CARTESIAN_POINT('',(36.750010526573,0.750000214828));
#4898 = CARTESIAN_POINT('',(24.50006860887,0.750198795489));
#4899 = CARTESIAN_POINT('',(12.250065330705,0.750394658387));
#4900 = CARTESIAN_POINT('',(-2.558313894611E-06,0.750492827449));
#4901 = CARTESIAN_POINT('',(-12.25006946223,0.75038945501));
#4902 = CARTESIAN_POINT('',(-24.50007071471,0.750191046286));
#4903 = CARTESIAN_POINT('',(-36.75001060606,0.749992424242));
#4904 = ( GEOMETRIC_REPRESENTATION_CONTEXT(2) 
PARAMETRIC_REPRESENTATION_CONTEXT() REPRESENTATION_CONTEXT('2D SPACE',''
  ) );
#4905 = ORIENTED_EDGE('',*,*,#4906,.F.);
#4906 = EDGE_CURVE('',#4720,#4867,#4907,.T.);
#4907 = SURFACE_CURVE('',#4908,(#4911,#4918),.PCURVE_S1.);
#4908 = B_SPLINE_CURVE_WITH_KNOTS('',1,(#4909,#4910),.UNSPECIFIED.,.F.,
  .F.,(2,2),(0.,1.),.PIECEWISE_BEZIER_KNOTS.);
#4909 = CARTESIAN_POINT('',(37.8,-7.105427357601E-15,0.));
#4910 = CARTESIAN_POINT('',(36.75,0.75,99.));
#4911 = PCURVE('',#3965,#4912);
#4912 = DEFINITIONAL_REPRESENTATION('',(#4913),#4917);
#4913 = LINE('',#4914,#4915);
#4914 = CARTESIAN_POINT('',(-73.5,0.));
#4915 = VECTOR('',#4916,1.);
#4916 = DIRECTION('',(0.,1.));
#4917 = ( GEOMETRIC_REPRESENTATION_CONTEXT(2) 
PARAMETRIC_REPRESENTATION_CONTEXT() REPRESENTATION_CONTEXT('2D SPACE',''
  ) );
#4918 = PCURVE('',#4919,#4940);
#4919 = B_SPLINE_SURFACE_WITH_KNOTS('',9,1,(
    (#4920,#4921)
    ,(#4922,#4923)
    ,(#4924,#4925)
    ,(#4926,#4927)
    ,(#4928,#4929)
    ,(#4930,#4931)
    ,(#4932,#4933)
    ,(#4934,#4935)
    ,(#4936,#4937)
    ,(#4938,#4939
    )),.UNSPECIFIED.,.F.,.F.,.F.,(10,10),(2,2),(3.14159265359,
    6.28318530718),(0.,1.),.PIECEWISE_BEZIER_KNOTS.);
#4920 = CARTESIAN_POINT('',(37.792130737918,-0.771267974243,0.));
#4921 = CARTESIAN_POINT('',(36.75,-0.75,99.));
#4922 = CARTESIAN_POINT('',(37.793879402147,-0.685583427015,0.));
#4923 = CARTESIAN_POINT('',(37.011799387799,-0.75,99.));
#4924 = CARTESIAN_POINT('',(37.795409506102,-0.599894419434,0.));
#4925 = CARTESIAN_POINT('',(37.273601492499,-0.647191900061,
    98.999999999999));
#4926 = CARTESIAN_POINT('',(37.796721043281,-0.514201588687,0.));
#4927 = CARTESIAN_POINT('',(37.48924283384,-0.44157278914,
    99.000000000004));
#4928 = CARTESIAN_POINT('',(37.797814007183,-0.428505571955,0.));
#4929 = CARTESIAN_POINT('',(37.612680472816,-0.157317457926,
    98.999999999993));
#4930 = CARTESIAN_POINT('',(37.798688391308,-0.342807006425,0.));
#4931 = CARTESIAN_POINT('',(37.612680472822,0.157317457926,
    99.000000000007));
#4932 = CARTESIAN_POINT('',(37.799344189153,-0.25710652928,0.));
#4933 = CARTESIAN_POINT('',(37.489242833835,0.44157278914,
    98.999999999994));
#4934 = CARTESIAN_POINT('',(37.799781394217,-0.171404777705,0.));
#4935 = CARTESIAN_POINT('',(37.2736014925,0.647191900061,99.000000000003
    ));
#4936 = CARTESIAN_POINT('',(37.8,-8.570238888347E-02,0.));
#4937 = CARTESIAN_POINT('',(37.011799387799,0.75,98.999999999999));
#4938 = CARTESIAN_POINT('',(37.8,-9.27036225562E-15,0.));
#4939 = CARTESIAN_POINT('',(36.75,0.75,99.));
#4940 = DEFINITIONAL_REPRESENTATION('',(#4941),#4945);
#4941 = LINE('',#4942,#4943);
#4942 = CARTESIAN_POINT('',(6.28318530718,0.));
#4943 = VECTOR('',#4944,1.);
#4944 = DIRECTION('',(0.,1.));
#4945 = ( GEOMETRIC_REPRESENTATION_CONTEXT(2) 
PARAMETRIC_REPRESENTATION_CONTEXT() REPRESENTATION_CONTEXT('2D SPACE',''
  ) );
#4946 = ADVANCED_FACE('',(#4947),#3921,.F.);
#4947 = FACE_BOUND('',#4948,.F.);
#4948 = EDGE_LOOP('',(#4949,#4950,#4951,#4995));
#4949 = ORIENTED_EDGE('',*,*,#4774,.F.);
#4950 = ORIENTED_EDGE('',*,*,#3904,.T.);
#4951 = ORIENTED_EDGE('',*,*,#4952,.T.);
#4952 = EDGE_CURVE('',#3861,#4953,#4955,.T.);
#4953 = VERTEX_POINT('',#4954);
#4954 = CARTESIAN_POINT('',(-37.49999607682,3.216713912751E-03,98.999));
#4955 = SURFACE_CURVE('',#4956,(#4967,#4981),.PCURVE_S1.);
#4956 = B_SPLINE_CURVE_WITH_KNOTS('',5,(#4957,#4958,#4959,#4960,#4961,
    #4962,#4963,#4964,#4965,#4966),.UNSPECIFIED.,.F.,.F.,(6,4,6),(0.,
    0.842000002342,1.),.UNSPECIFIED.);
#4957 = CARTESIAN_POINT('',(-37.79999986313,3.216713912751E-03,0.));
#4958 = CARTESIAN_POINT('',(-37.74947719109,3.216713912751E-03,
    16.671600036235));
#4959 = CARTESIAN_POINT('',(-37.69895569622,3.216713912751E-03,
    33.343200080379));
#4960 = CARTESIAN_POINT('',(-37.64843464493,3.216713912751E-03,
    50.014800127579));
#4961 = CARTESIAN_POINT('',(-37.59791394192,3.216713912751E-03,
    66.686400176733));
#4962 = CARTESIAN_POINT('',(-37.53791335127,3.216713912751E-03,
    86.486400181832));
#4963 = CARTESIAN_POINT('',(-37.52843326553,3.216713912751E-03,
    89.614800136313));
#4964 = CARTESIAN_POINT('',(-37.51895318655,3.216713912751E-03,
    92.743200090837));
#4965 = CARTESIAN_POINT('',(-37.5094731137,3.216713912751E-03,
    95.8716000454));
#4966 = CARTESIAN_POINT('',(-37.4999930465,3.216713912751E-03,99.));
#4967 = PCURVE('',#3921,#4968);
#4968 = DEFINITIONAL_REPRESENTATION('',(#4969),#4980);
#4969 = B_SPLINE_CURVE_WITH_KNOTS('',5,(#4970,#4971,#4972,#4973,#4974,
    #4975,#4976,#4977,#4978,#4979),.UNSPECIFIED.,.F.,.F.,(6,4,6),(0.,
    0.842000002342,1.),.UNSPECIFIED.);
#4970 = CARTESIAN_POINT('',(4.7058381421,0.));
#4971 = CARTESIAN_POINT('',(4.706419909718,0.168400000366));
#4972 = CARTESIAN_POINT('',(4.706872857408,0.336800000812));
#4973 = CARTESIAN_POINT('',(4.707251924966,0.505200001289));
#4974 = CARTESIAN_POINT('',(4.707573537111,0.673600001785));
#4975 = CARTESIAN_POINT('',(4.707904884159,0.873600001837));
#4976 = CARTESIAN_POINT('',(4.707955726691,0.905200001377));
#4977 = CARTESIAN_POINT('',(4.708005145563,0.936800000918));
#4978 = CARTESIAN_POINT('',(4.708053218681,0.968400000459));
#4979 = CARTESIAN_POINT('',(4.708100015207,1.));
#4980 = ( GEOMETRIC_REPRESENTATION_CONTEXT(2) 
PARAMETRIC_REPRESENTATION_CONTEXT() REPRESENTATION_CONTEXT('2D SPACE',''
  ) );
#4981 = PCURVE('',#3877,#4982);
#4982 = DEFINITIONAL_REPRESENTATION('',(#4983),#4994);
#4983 = B_SPLINE_CURVE_WITH_KNOTS('',5,(#4984,#4985,#4986,#4987,#4988,
    #4989,#4990,#4991,#4992,#4993),.UNSPECIFIED.,.F.,.F.,(6,4,6),(0.,
    0.842000002342,1.),.UNSPECIFIED.);
#4984 = CARTESIAN_POINT('',(4.7058381421,0.));
#4985 = CARTESIAN_POINT('',(4.706419909718,0.168400000366));
#4986 = CARTESIAN_POINT('',(4.706872857408,0.336800000812));
#4987 = CARTESIAN_POINT('',(4.707251924966,0.505200001289));
#4988 = CARTESIAN_POINT('',(4.707573537111,0.673600001785));
#4989 = CARTESIAN_POINT('',(4.707904884159,0.873600001837));
#4990 = CARTESIAN_POINT('',(4.707955726691,0.905200001377));
#4991 = CARTESIAN_POINT('',(4.708005145563,0.936800000918));
#4992 = CARTESIAN_POINT('',(4.708053218681,0.968400000459));
#4993 = CARTESIAN_POINT('',(4.708100015207,1.));
#4994 = ( GEOMETRIC_REPRESENTATION_CONTEXT(2) 
PARAMETRIC_REPRESENTATION_CONTEXT() REPRESENTATION_CONTEXT('2D SPACE',''
  ) );
#4995 = ORIENTED_EDGE('',*,*,#4996,.T.);
#4996 = EDGE_CURVE('',#4953,#4775,#4997,.T.);
#4997 = SURFACE_CURVE('',#4998,(#5097,#5199),.PCURVE_S1.);
#4998 = B_SPLINE_CURVE_WITH_KNOTS('',4,(#4999,#5000,#5001,#5002,#5003,
    #5004,#5005,#5006,#5007,#5008,#5009,#5010,#5011,#5012,#5013,#5014,
    #5015,#5016,#5017,#5018,#5019,#5020,#5021,#5022,#5023,#5024,#5025,
    #5026,#5027,#5028,#5029,#5030,#5031,#5032,#5033,#5034,#5035,#5036,
    #5037,#5038,#5039,#5040,#5041,#5042,#5043,#5044,#5045,#5046,#5047,
    #5048,#5049,#5050,#5051,#5052,#5053,#5054,#5055,#5056,#5057,#5058,
    #5059,#5060,#5061,#5062,#5063,#5064,#5065,#5066,#5067,#5068,#5069,
    #5070,#5071,#5072,#5073,#5074,#5075,#5076,#5077,#5078,#5079,#5080,
    #5081,#5082,#5083,#5084,#5085,#5086,#5087,#5088,#5089,#5090,#5091,
    #5092,#5093,#5094,#5095,#5096),.UNSPECIFIED.,.F.,.F.,(5,3,3,3,3,3,3,
    3,3,3,3,3,3,3,3,3,3,3,3,3,3,3,3,3,3,3,3,3,3,3,3,3,5),(0.,
    2.900002657764E-02,5.80000529129E-02,8.600007792148E-02,
    0.107000096321,0.126000112644,0.155000136864,0.185000160996,
    0.214000183411,0.234000198362,0.263000219281,0.292000239365,
    0.321000258647,0.346000274645,0.375000292414,0.392000302423,
    0.421000318635,0.458000337374,0.487000350213,0.516000360908,
    0.542000368274,0.571000373504,0.6000003751,0.627000372929,
    0.656000366346,0.676000359179,0.816000177454,0.840000155111,
    0.866000131062,0.885000113924,0.904000097236,0.929000075696,1.),
  .UNSPECIFIED.);
#4999 = CARTESIAN_POINT('',(-37.49999607879,3.216252591073E-03,98.999));
#5000 = CARTESIAN_POINT('',(-37.49995955157,1.173403129363E-02,98.999));
#5001 = CARTESIAN_POINT('',(-37.49979404158,2.025125698796E-02,98.999));
#5002 = CARTESIAN_POINT('',(-37.4994995614,2.876499929761E-02,98.999));
#5003 = CARTESIAN_POINT('',(-37.4986529519,4.577966350922E-02,98.999));
#5004 = CARTESIAN_POINT('',(-37.49810082256,5.428058564871E-02,98.999));
#5005 = CARTESIAN_POINT('',(-37.49742001425,6.277217107467E-02,98.999));
#5006 = CARTESIAN_POINT('',(-37.49582950019,7.943844332786E-02,98.999));
#5007 = CARTESIAN_POINT('',(-37.49492849696,8.761396088869E-02,98.999));
#5008 = CARTESIAN_POINT('',(-37.49390804619,9.577542969114E-02,98.999));
#5009 = CARTESIAN_POINT('',(-37.49191386367,0.110028843459,98.999));
#5010 = CARTESIAN_POINT('',(-37.49099223032,0.116128077637,98.999));
#5011 = CARTESIAN_POINT('',(-37.49000376743,0.12221683826,98.999));
#5012 = CARTESIAN_POINT('',(-37.48799404911,0.133792439774,98.999));
#5013 = CARTESIAN_POINT('',(-37.48698488242,0.139281379525,98.999));
#5014 = CARTESIAN_POINT('',(-37.48592130618,0.144760036471,98.999));
#5015 = CARTESIAN_POINT('',(-37.48309733803,0.158572836639,98.999));
#5016 = CARTESIAN_POINT('',(-37.48126482042,0.166892234127,98.999));
#5017 = CARTESIAN_POINT('',(-37.47930651955,0.175182924722,98.999));
#5018 = CARTESIAN_POINT('',(-37.47506794447,0.191986007047,98.999));
#5019 = CARTESIAN_POINT('',(-37.4727788962,0.20049618578,98.999));
#5020 = CARTESIAN_POINT('',(-37.47035680075,0.208969457565,98.999));
#5021 = CARTESIAN_POINT('',(-37.46533353627,0.225554868499,98.999));
#5022 = CARTESIAN_POINT('',(-37.46274102751,0.23366963089,98.999));
#5023 = CARTESIAN_POINT('',(-37.46002592156,0.241744200062,98.999));
#5024 = CARTESIAN_POINT('',(-37.4552328307,0.255314856047,98.999));
#5025 = CARTESIAN_POINT('',(-37.45321862103,0.260833468207,98.999));
#5026 = CARTESIAN_POINT('',(-37.45114688537,0.266330743097,98.999));
#5027 = CARTESIAN_POINT('',(-37.4459310477,0.279744595382,98.999));
#5028 = CARTESIAN_POINT('',(-37.44272390722,0.287636660982,98.999));
#5029 = CARTESIAN_POINT('',(-37.43939761255,0.295479250521,98.999));
#5030 = CARTESIAN_POINT('',(-37.4325090847,0.311060116906,98.999));
#5031 = CARTESIAN_POINT('',(-37.42894685143,0.318798393972,98.999));
#5032 = CARTESIAN_POINT('',(-37.42526783369,0.32648183486,98.999));
#5033 = CARTESIAN_POINT('',(-37.41767884017,0.341733796874,98.999));
#5034 = CARTESIAN_POINT('',(-37.41376886429,0.349302318217,98.999));
#5035 = CARTESIAN_POINT('',(-37.40974471467,0.356810756415,98.999));
#5036 = CARTESIAN_POINT('',(-37.40204152138,0.370675337156,98.999));
#5037 = CARTESIAN_POINT('',(-37.39839143615,0.377047569326,98.999));
#5038 = CARTESIAN_POINT('',(-37.39465847061,0.383371605354,98.999));
#5039 = CARTESIAN_POINT('',(-37.38641835033,0.396923954536,98.999));
#5040 = CARTESIAN_POINT('',(-37.38188288912,0.404135056909,98.999));
#5041 = CARTESIAN_POINT('',(-37.37723873888,0.411276644392,98.999));
#5042 = CARTESIAN_POINT('',(-37.36970234529,0.422490556659,98.999));
#5043 = CARTESIAN_POINT('',(-37.36688036835,0.426610104776,98.999));
#5044 = CARTESIAN_POINT('',(-37.36402193257,0.430704439268,98.999));
#5045 = CARTESIAN_POINT('',(-37.35618961436,0.441713700048,98.999));
#5046 = CARTESIAN_POINT('',(-37.35114674777,0.448579548952,98.999));
#5047 = CARTESIAN_POINT('',(-37.34600047915,0.455368238121,98.999));
#5048 = CARTESIAN_POINT('',(-37.33405706223,0.47063749982,98.999));
#5049 = CARTESIAN_POINT('',(-37.32719612882,0.47906818096,98.999));
#5050 = CARTESIAN_POINT('',(-37.32017356405,0.48736470836,98.999));
#5051 = CARTESIAN_POINT('',(-37.3073656857,0.501916467303,98.999));
#5052 = CARTESIAN_POINT('',(-37.30164115926,0.508225202202,98.999));
#5053 = CARTESIAN_POINT('',(-37.29582174647,0.514446517832,98.999));
#5054 = CARTESIAN_POINT('',(-37.28399721677,0.526710091055,98.999));
#5055 = CARTESIAN_POINT('',(-37.27799209971,0.532752348832,98.999));
#5056 = CARTESIAN_POINT('',(-37.2718961643,0.53870296849,98.999));
#5057 = CARTESIAN_POINT('',(-37.26016670167,0.549811008075,98.999));
#5058 = CARTESIAN_POINT('',(-37.25455057499,0.554986802397,98.999));
#5059 = CARTESIAN_POINT('',(-37.24886469159,0.56008586599,98.999));
#5060 = CARTESIAN_POINT('',(-37.23669266562,0.570707094085,98.999));
#5061 = CARTESIAN_POINT('',(-37.23018988486,0.576210191203,98.999));
#5062 = CARTESIAN_POINT('',(-37.22360450842,0.581614175148,98.999));
#5063 = CARTESIAN_POINT('',(-37.21027315148,0.592220267198,98.999));
#5064 = CARTESIAN_POINT('',(-37.20352717082,0.597422375477,98.999));
#5065 = CARTESIAN_POINT('',(-37.19670318081,0.602521721942,98.999));
#5066 = CARTESIAN_POINT('',(-37.18337976662,0.612166980283,98.999));
#5067 = CARTESIAN_POINT('',(-37.17689041508,0.616726806424,98.999));
#5068 = CARTESIAN_POINT('',(-37.17033741617,0.621194679846,98.999));
#5069 = CARTESIAN_POINT('',(-37.15661809391,0.630267957103,98.999));
#5070 = CARTESIAN_POINT('',(-37.14944229499,0.634859033497,98.999));
#5071 = CARTESIAN_POINT('',(-37.14219778991,0.639340908695,98.999));
#5072 = CARTESIAN_POINT('',(-37.129845235,0.646726678569,98.999));
#5073 = CARTESIAN_POINT('',(-37.12477189411,0.649688624335,98.999));
#5074 = CARTESIAN_POINT('',(-37.11966789599,0.652597422926,98.999));
#5075 = CARTESIAN_POINT('',(-37.07859740649,0.675438878281,98.999));
#5076 = CARTESIAN_POINT('',(-37.04119940437,0.692798183435,98.999));
#5077 = CARTESIAN_POINT('',(-37.00262962103,0.707369614125,98.999));
#5078 = CARTESIAN_POINT('',(-36.95644719592,0.721062768289,98.999));
#5079 = CARTESIAN_POINT('',(-36.94966367745,0.722981948335,98.999));
#5080 = CARTESIAN_POINT('',(-36.9428566386,0.72481595943,98.999));
#5081 = CARTESIAN_POINT('',(-36.9286296588,0.728458522319,98.999));
#5082 = CARTESIAN_POINT('',(-36.92120591366,0.730252216345,98.999));
#5083 = CARTESIAN_POINT('',(-36.91375849857,0.731944947909,98.999));
#5084 = CARTESIAN_POINT('',(-36.90083134899,0.734699171302,98.999));
#5085 = CARTESIAN_POINT('',(-36.89536168167,0.735807914308,98.999));
#5086 = CARTESIAN_POINT('',(-36.88988128286,0.736862334273,98.999));
#5087 = CARTESIAN_POINT('',(-36.87890064354,0.738862232848,98.999));
#5088 = CARTESIAN_POINT('',(-36.87340040299,0.739807711461,98.999));
#5089 = CARTESIAN_POINT('',(-36.86789105233,0.74069857174,98.999));
#5090 = CARTESIAN_POINT('',(-36.85511334563,0.742634846165,98.999));
#5091 = CARTESIAN_POINT('',(-36.8478389231,0.743640227546,98.999));
#5092 = CARTESIAN_POINT('',(-36.84055199487,0.744550553133,98.999));
#5093 = CARTESIAN_POINT('',(-36.81252933762,0.747680388614,98.999));
#5094 = CARTESIAN_POINT('',(-36.79171842087,0.749226801318,98.999));
#5095 = CARTESIAN_POINT('',(-36.77086446297,0.750000076942,98.999));
#5096 = CARTESIAN_POINT('',(-36.75001052657,0.750000214828,98.999));
#5097 = PCURVE('',#3921,#5098);
#5098 = DEFINITIONAL_REPRESENTATION('',(#5099),#5198);
#5099 = B_SPLINE_CURVE_WITH_KNOTS('',4,(#5100,#5101,#5102,#5103,#5104,
    #5105,#5106,#5107,#5108,#5109,#5110,#5111,#5112,#5113,#5114,#5115,
    #5116,#5117,#5118,#5119,#5120,#5121,#5122,#5123,#5124,#5125,#5126,
    #5127,#5128,#5129,#5130,#5131,#5132,#5133,#5134,#5135,#5136,#5137,
    #5138,#5139,#5140,#5141,#5142,#5143,#5144,#5145,#5146,#5147,#5148,
    #5149,#5150,#5151,#5152,#5153,#5154,#5155,#5156,#5157,#5158,#5159,
    #5160,#5161,#5162,#5163,#5164,#5165,#5166,#5167,#5168,#5169,#5170,
    #5171,#5172,#5173,#5174,#5175,#5176,#5177,#5178,#5179,#5180,#5181,
    #5182,#5183,#5184,#5185,#5186,#5187,#5188,#5189,#5190,#5191,#5192,
    #5193,#5194,#5195,#5196,#5197),.UNSPECIFIED.,.F.,.F.,(5,3,3,3,3,3,3,
    3,3,3,3,3,3,3,3,3,3,3,3,3,3,3,3,3,3,3,3,3,3,3,3,3,5),(0.,
    2.900002657764E-02,5.80000529129E-02,8.600007792148E-02,
    0.107000096321,0.126000112644,0.155000136864,0.185000160996,
    0.214000183411,0.234000198362,0.263000219281,0.292000239365,
    0.321000258647,0.346000274645,0.375000292414,0.392000302423,
    0.421000318635,0.458000337374,0.487000350213,0.516000360908,
    0.542000368274,0.571000373504,0.6000003751,0.627000372929,
    0.656000366346,0.676000359179,0.816000177454,0.840000155111,
    0.866000131062,0.885000113924,0.904000097236,0.929000075696,1.),
  .UNSPECIFIED.);
#5100 = CARTESIAN_POINT('',(4.708100615352,0.99998989899));
#5101 = CARTESIAN_POINT('',(4.69674343266,0.99998989899));
#5102 = CARTESIAN_POINT('',(4.685386249941,0.99998989899));
#5103 = CARTESIAN_POINT('',(4.674029067205,0.99998989899));
#5104 = CARTESIAN_POINT('',(4.651314701812,0.99998989899));
#5105 = CARTESIAN_POINT('',(4.639957519107,0.99998989899));
#5106 = CARTESIAN_POINT('',(4.628600336356,0.99998989899));
#5107 = CARTESIAN_POINT('',(4.606277597941,0.99998989899));
#5108 = CARTESIAN_POINT('',(4.595312042236,0.99998989899));
#5109 = CARTESIAN_POINT('',(4.584346486466,0.99998989899));
#5110 = CARTESIAN_POINT('',(4.565156763911,0.99998989899));
#5111 = CARTESIAN_POINT('',(4.556932597135,0.99998989899));
#5112 = CARTESIAN_POINT('',(4.548708430311,0.99998989899));
#5113 = CARTESIAN_POINT('',(4.53304335069,0.99998989899));
#5114 = CARTESIAN_POINT('',(4.525602437893,0.99998989899));
#5115 = CARTESIAN_POINT('',(4.518161525052,0.99998989899));
#5116 = CARTESIAN_POINT('',(4.499363429622,0.99998989899));
#5117 = CARTESIAN_POINT('',(4.488006246945,0.99998989899));
#5118 = CARTESIAN_POINT('',(4.476649064157,0.99998989899));
#5119 = CARTESIAN_POINT('',(4.453543071766,0.99998989899));
#5120 = CARTESIAN_POINT('',(4.441794262103,0.99998989899));
#5121 = CARTESIAN_POINT('',(4.430045452314,0.99998989899));
#5122 = CARTESIAN_POINT('',(4.406939459893,0.99998989899));
#5123 = CARTESIAN_POINT('',(4.395582277217,0.99998989899));
#5124 = CARTESIAN_POINT('',(4.384225094423,0.99998989899));
#5125 = CARTESIAN_POINT('',(4.365035371811,0.99998989899));
#5126 = CARTESIAN_POINT('',(4.357202832028,0.99998989899));
#5127 = CARTESIAN_POINT('',(4.349370292189,0.99998989899));
#5128 = CARTESIAN_POINT('',(4.330180569758,0.99998989899));
#5129 = CARTESIAN_POINT('',(4.318823387078,0.99998989899));
#5130 = CARTESIAN_POINT('',(4.307466204286,0.99998989899));
#5131 = CARTESIAN_POINT('',(4.284751838859,0.99998989899));
#5132 = CARTESIAN_POINT('',(4.273394656176,0.99998989899));
#5133 = CARTESIAN_POINT('',(4.262037473387,0.99998989899));
#5134 = CARTESIAN_POINT('',(4.239323107962,0.99998989899));
#5135 = CARTESIAN_POINT('',(4.227965925278,0.99998989899));
#5136 = CARTESIAN_POINT('',(4.216608742492,0.99998989899));
#5137 = CARTESIAN_POINT('',(4.195460884987,0.99998989899));
#5138 = CARTESIAN_POINT('',(4.18567021026,0.99998989899));
#5139 = CARTESIAN_POINT('',(4.175879535455,0.99998989899));
#5140 = CARTESIAN_POINT('',(4.154731678038,0.99998989899));
#5141 = CARTESIAN_POINT('',(4.143374495362,0.99998989899));
#5142 = CARTESIAN_POINT('',(4.132017312575,0.99998989899));
#5143 = CARTESIAN_POINT('',(4.114002470919,0.99998989899));
#5144 = CARTESIAN_POINT('',(4.107344812103,0.99998989899));
#5145 = CARTESIAN_POINT('',(4.100687153244,0.99998989899));
#5146 = CARTESIAN_POINT('',(4.082672311845,0.99998989899));
#5147 = CARTESIAN_POINT('',(4.07131512919,0.99998989899));
#5148 = CARTESIAN_POINT('',(4.05995794639,0.99998989899));
#5149 = CARTESIAN_POINT('',(4.034110565289,0.99998989899));
#5150 = CARTESIAN_POINT('',(4.019620366778,0.99998989899));
#5151 = CARTESIAN_POINT('',(4.005130167961,0.99998989899));
#5152 = CARTESIAN_POINT('',(3.979282786514,0.99998989899));
#5153 = CARTESIAN_POINT('',(3.967925603918,0.99998989899));
#5154 = CARTESIAN_POINT('',(3.956568421073,0.99998989899));
#5155 = CARTESIAN_POINT('',(3.933854055714,0.99998989899));
#5156 = CARTESIAN_POINT('',(3.922496873151,0.99998989899));
#5157 = CARTESIAN_POINT('',(3.911139690277,0.99998989899));
#5158 = CARTESIAN_POINT('',(3.889600205779,0.99998989899));
#5159 = CARTESIAN_POINT('',(3.879417904184,0.99998989899));
#5160 = CARTESIAN_POINT('',(3.869235602287,0.99998989899));
#5161 = CARTESIAN_POINT('',(3.847696118012,0.99998989899));
#5162 = CARTESIAN_POINT('',(3.836338935515,0.99998989899));
#5163 = CARTESIAN_POINT('',(3.824981752576,0.99998989899));
#5164 = CARTESIAN_POINT('',(3.802267387219,0.99998989899));
#5165 = CARTESIAN_POINT('',(3.790910204753,0.99998989899));
#5166 = CARTESIAN_POINT('',(3.779553021779,0.99998989899));
#5167 = CARTESIAN_POINT('',(3.757621910276,0.99998989899));
#5168 = CARTESIAN_POINT('',(3.747047981777,0.99998989899));
#5169 = CARTESIAN_POINT('',(3.736474052793,0.99998989899));
#5170 = CARTESIAN_POINT('',(3.714542941492,0.99998989899));
#5171 = CARTESIAN_POINT('',(3.703185759059,0.99998989899));
#5172 = CARTESIAN_POINT('',(3.691828576033,0.99998989899));
#5173 = CARTESIAN_POINT('',(3.672638853053,0.99998989899));
#5174 = CARTESIAN_POINT('',(3.664806313384,0.99998989899));
#5175 = CARTESIAN_POINT('',(3.656973773431,0.99998989899));
#5176 = CARTESIAN_POINT('',(3.594313503111,0.99998989899));
#5177 = CARTESIAN_POINT('',(3.539485696005,0.99998989899));
#5178 = CARTESIAN_POINT('',(3.484657876757,0.99998989899));
#5179 = CARTESIAN_POINT('',(3.420431070841,0.99998989899));
#5180 = CARTESIAN_POINT('',(3.411032023055,0.99998989899));
#5181 = CARTESIAN_POINT('',(3.401632975249,0.99998989899));
#5182 = CARTESIAN_POINT('',(3.382051625652,0.99998989899));
#5183 = CARTESIAN_POINT('',(3.37186932384,0.99998989899));
#5184 = CARTESIAN_POINT('',(3.361687022098,0.99998989899));
#5185 = CARTESIAN_POINT('',(3.344063807565,0.99998989899));
#5186 = CARTESIAN_POINT('',(3.336622894712,0.99998989899));
#5187 = CARTESIAN_POINT('',(3.32918198192,0.99998989899));
#5188 = CARTESIAN_POINT('',(3.314300156289,0.99998989899));
#5189 = CARTESIAN_POINT('',(3.306859243443,0.99998989899));
#5190 = CARTESIAN_POINT('',(3.299418330657,0.99998989899));
#5191 = CARTESIAN_POINT('',(3.2821867431,0.99998989899));
#5192 = CARTESIAN_POINT('',(3.272396068347,0.99998989899));
#5193 = CARTESIAN_POINT('',(3.262605393635,0.99998989899));
#5194 = CARTESIAN_POINT('',(3.225009208245,0.99998989899));
#5195 = CARTESIAN_POINT('',(3.197203694908,0.99998989899));
#5196 = CARTESIAN_POINT('',(3.169398179245,0.99998989899));
#5197 = CARTESIAN_POINT('',(3.14159265359,0.99998989899));
#5198 = ( GEOMETRIC_REPRESENTATION_CONTEXT(2) 
PARAMETRIC_REPRESENTATION_CONTEXT() REPRESENTATION_CONTEXT('2D SPACE',''
  ) );
#5199 = PCURVE('',#4212,#5200);
#5200 = DEFINITIONAL_REPRESENTATION('',(#5201),#5204);
#5201 = B_SPLINE_CURVE_WITH_KNOTS('',1,(#5202,#5203),.UNSPECIFIED.,.F.,
  .F.,(2,2),(0.,1.),.PIECEWISE_BEZIER_KNOTS.);
#5202 = CARTESIAN_POINT('',(1.575085274815,0.));
#5203 = CARTESIAN_POINT('',(3.141578618163,0.));
#5204 = ( GEOMETRIC_REPRESENTATION_CONTEXT(2) 
PARAMETRIC_REPRESENTATION_CONTEXT() REPRESENTATION_CONTEXT('2D SPACE',''
  ) );
#5205 = ADVANCED_FACE('',(#5206),#3877,.F.);
#5206 = FACE_BOUND('',#5207,.F.);
#5207 = EDGE_LOOP('',(#5208,#5209,#5210,#5211));
#5208 = ORIENTED_EDGE('',*,*,#4952,.F.);
#5209 = ORIENTED_EDGE('',*,*,#3860,.T.);
#5210 = ORIENTED_EDGE('',*,*,#4223,.T.);
#5211 = ORIENTED_EDGE('',*,*,#5212,.T.);
#5212 = EDGE_CURVE('',#4198,#4953,#5213,.T.);
#5213 = SURFACE_CURVE('',#5214,(#5316,#5421),.PCURVE_S1.);
#5214 = B_SPLINE_CURVE_WITH_KNOTS('',4,(#5215,#5216,#5217,#5218,#5219,
    #5220,#5221,#5222,#5223,#5224,#5225,#5226,#5227,#5228,#5229,#5230,
    #5231,#5232,#5233,#5234,#5235,#5236,#5237,#5238,#5239,#5240,#5241,
    #5242,#5243,#5244,#5245,#5246,#5247,#5248,#5249,#5250,#5251,#5252,
    #5253,#5254,#5255,#5256,#5257,#5258,#5259,#5260,#5261,#5262,#5263,
    #5264,#5265,#5266,#5267,#5268,#5269,#5270,#5271,#5272,#5273,#5274,
    #5275,#5276,#5277,#5278,#5279,#5280,#5281,#5282,#5283,#5284,#5285,
    #5286,#5287,#5288,#5289,#5290,#5291,#5292,#5293,#5294,#5295,#5296,
    #5297,#5298,#5299,#5300,#5301,#5302,#5303,#5304,#5305,#5306,#5307,
    #5308,#5309,#5310,#5311,#5312,#5313,#5314,#5315),.UNSPECIFIED.,.F.,
  .F.,(5,3,3,3,3,3,3,3,3,3,3,3,3,3,3,3,3,3,3,3,3,3,3,3,3,3,3,3,3,3,3,3,3
    ,5),(0.,1.799997631574E-02,7.099992223448E-02,9.999989547102E-02,
    0.127999868873,0.146999850311,0.1829998146,0.295999691568,
    0.326999675191,0.355999664585,0.384999658499,0.413999656682,
    0.433999657725,0.462999662142,0.483999667253,0.508999675093,
    0.537999686168,0.557999694849,0.584999707631,0.613999722487,
    0.642999738317,0.671999754997,0.699999771868,0.728999790128,
    0.753999806552,0.781999825708,0.800999839199,0.82999986052,
    0.857999881956,0.893999910587,0.921999933654,0.949999957221,
    0.978999981968,1.),.UNSPECIFIED.);
#5215 = CARTESIAN_POINT('',(-36.75001052657,-0.750000214828,98.999));
#5216 = CARTESIAN_POINT('',(-36.75533402299,-0.750000179629,98.999));
#5217 = CARTESIAN_POINT('',(-36.76065752016,-0.749949762535,98.999));
#5218 = CARTESIAN_POINT('',(-36.76598030255,-0.749848963527,98.999));
#5219 = CARTESIAN_POINT('',(-36.78697008627,-0.749252718667,98.999));
#5220 = CARTESIAN_POINT('',(-36.80262612283,-0.74837101117,98.999));
#5221 = CARTESIAN_POINT('',(-36.81825149667,-0.747053198963,98.999));
#5222 = CARTESIAN_POINT('',(-36.84235107027,-0.744342749935,98.999));
#5223 = CARTESIAN_POINT('',(-36.85085947492,-0.743254220032,98.999));
#5224 = CARTESIAN_POINT('',(-36.85935029061,-0.742036068041,98.999));
#5225 = CARTESIAN_POINT('',(-36.87599875625,-0.739387918524,98.999));
#5226 = CARTESIAN_POINT('',(-36.8841577988,-0.737966674446,98.999));
#5227 = CARTESIAN_POINT('',(-36.89229503102,-0.736425454625,98.999));
#5228 = CARTESIAN_POINT('',(-36.90591291814,-0.733637925633,98.999));
#5229 = CARTESIAN_POINT('',(-36.91140676396,-0.732456056925,98.999));
#5230 = CARTESIAN_POINT('',(-36.91688852824,-0.731219361616,98.999));
#5231 = CARTESIAN_POINT('',(-36.9327194502,-0.727481305225,98.999));
#5232 = CARTESIAN_POINT('',(-36.94303519621,-0.72483844235,98.999));
#5233 = CARTESIAN_POINT('',(-36.95329905989,-0.722000759796,98.999));
#5234 = CARTESIAN_POINT('',(-36.99554260394,-0.709456314757,98.999));
#5235 = CARTESIAN_POINT('',(-37.02701452476,-0.698039272751,98.999));
#5236 = CARTESIAN_POINT('',(-37.05775114613,-0.684769332224,98.999));
#5237 = CARTESIAN_POINT('',(-37.09578088931,-0.665599546145,98.999));
#5238 = CARTESIAN_POINT('',(-37.10390058845,-0.661339274073,98.999));
#5239 = CARTESIAN_POINT('',(-37.11194976131,-0.656947205665,98.999));
#5240 = CARTESIAN_POINT('',(-37.12738615154,-0.64819482639,98.999));
#5241 = CARTESIAN_POINT('',(-37.13478257268,-0.643850747676,98.999));
#5242 = CARTESIAN_POINT('',(-37.14211188997,-0.639394382858,98.999));
#5243 = CARTESIAN_POINT('',(-37.1566312535,-0.630260266379,98.999));
#5244 = CARTESIAN_POINT('',(-37.16382129992,-0.625582514551,98.999));
#5245 = CARTESIAN_POINT('',(-37.17093917818,-0.620795662547,98.999));
#5246 = CARTESIAN_POINT('',(-37.18502568585,-0.611007171776,98.999));
#5247 = CARTESIAN_POINT('',(-37.19199431544,-0.606005532838,98.999));
#5248 = CARTESIAN_POINT('',(-37.1988858635,-0.600898207879,98.999));
#5249 = CARTESIAN_POINT('',(-37.21039594772,-0.592093087796,98.999));
#5250 = CARTESIAN_POINT('',(-37.21505614964,-0.588449758639,98.999));
#5251 = CARTESIAN_POINT('',(-37.21967778026,-0.584757623307,98.999));
#5252 = CARTESIAN_POINT('',(-37.23090441391,-0.575593836188,98.999));
#5253 = CARTESIAN_POINT('',(-37.23746605414,-0.57006905952,98.999));
#5254 = CARTESIAN_POINT('',(-37.24394268246,-0.564444864012,98.999));
#5255 = CARTESIAN_POINT('',(-37.25495886851,-0.554580003965,98.999));
#5256 = CARTESIAN_POINT('',(-37.25953992006,-0.550385676148,98.999));
#5257 = CARTESIAN_POINT('',(-37.26407437858,-0.546141019703,98.999));
#5258 = CARTESIAN_POINT('',(-37.27390314381,-0.536734677104,98.999));
#5259 = CARTESIAN_POINT('',(-37.27917766799,-0.53155231976,98.999));
#5260 = CARTESIAN_POINT('',(-37.28438361129,-0.526301073058,98.999));
#5261 = CARTESIAN_POINT('',(-37.2954774388,-0.51481255665,98.999));
#5262 = CARTESIAN_POINT('',(-37.30134116148,-0.508551955088,98.999));
#5263 = CARTESIAN_POINT('',(-37.30710873219,-0.50220266304,98.999));
#5264 = CARTESIAN_POINT('',(-37.31668813287,-0.491328485323,98.999));
#5265 = CARTESIAN_POINT('',(-37.32055141969,-0.486848929593,98.999));
#5266 = CARTESIAN_POINT('',(-37.32436738511,-0.482328994416,98.999));
#5267 = CARTESIAN_POINT('',(-37.33322222986,-0.471614032247,98.999));
#5268 = CARTESIAN_POINT('',(-37.33822167329,-0.465386415161,98.999));
#5269 = CARTESIAN_POINT('',(-37.34313219632,-0.459088445972,98.999));
#5270 = CARTESIAN_POINT('',(-37.35312953475,-0.445884067937,98.999));
#5271 = CARTESIAN_POINT('',(-37.35820246507,-0.438967146081,98.999));
#5272 = CARTESIAN_POINT('',(-37.36316932661,-0.431973669141,98.999));
#5273 = CARTESIAN_POINT('',(-37.37288752236,-0.417838535335,98.999));
#5274 = CARTESIAN_POINT('',(-37.37763885672,-0.41069687826,98.999));
#5275 = CARTESIAN_POINT('',(-37.38228073254,-0.403483596381,98.999));
#5276 = CARTESIAN_POINT('',(-37.39134240639,-0.388918863134,98.999));
#5277 = CARTESIAN_POINT('',(-37.39576220454,-0.381567411554,98.999));
#5278 = CARTESIAN_POINT('',(-37.40006938343,-0.3741494153,98.999));
#5279 = CARTESIAN_POINT('',(-37.40831098805,-0.359443550437,98.999));
#5280 = CARTESIAN_POINT('',(-37.41225314594,-0.352160014915,98.999));
#5281 = CARTESIAN_POINT('',(-37.41608763771,-0.344819226567,98.999));
#5282 = CARTESIAN_POINT('',(-37.42367192389,-0.329763823757,98.999));
#5283 = CARTESIAN_POINT('',(-37.42741380256,-0.322045221407,98.999));
#5284 = CARTESIAN_POINT('',(-37.431037542,-0.314270454975,98.999));
#5285 = CARTESIAN_POINT('',(-37.43756293536,-0.299693806611,98.999));
#5286 = CARTESIAN_POINT('',(-37.44049524582,-0.29290564825,98.999));
#5287 = CARTESIAN_POINT('',(-37.44333806819,-0.28607952921,98.999));
#5288 = CARTESIAN_POINT('',(-37.44917362438,-0.271531450996,98.999));
#5289 = CARTESIAN_POINT('',(-37.45214341097,-0.26380028698,98.999));
#5290 = CARTESIAN_POINT('',(-37.45499904635,-0.256026235372,98.999));
#5291 = CARTESIAN_POINT('',(-37.45959932762,-0.242909209638,98.999));
#5292 = CARTESIAN_POINT('',(-37.46140604354,-0.2375880041,98.999));
#5293 = CARTESIAN_POINT('',(-37.4631595088,-0.232249014385,98.999));
#5294 = CARTESIAN_POINT('',(-37.46745414489,-0.218718137409,98.999));
#5295 = CARTESIAN_POINT('',(-37.46992417318,-0.2105036696,98.999));
#5296 = CARTESIAN_POINT('',(-37.47226864877,-0.202252490407,98.999));
#5297 = CARTESIAN_POINT('',(-37.47662845936,-0.185968178485,98.999));
#5298 = CARTESIAN_POINT('',(-37.47865235637,-0.177937337843,98.999));
#5299 = CARTESIAN_POINT('',(-37.48055779267,-0.169877568903,98.999));
#5300 = CARTESIAN_POINT('',(-37.48464098077,-0.151395127599,98.999));
#5301 = CARTESIAN_POINT('',(-37.48674099124,-0.140955279856,98.999));
#5302 = CARTESIAN_POINT('',(-37.48864298426,-0.13047754671,98.999));
#5303 = CARTESIAN_POINT('',(-37.49167064664,-0.111793157974,98.999));
#5304 = CARTESIAN_POINT('',(-37.49287490685,-0.103599237033,98.999));
#5305 = CARTESIAN_POINT('',(-37.49395839429,-9.538847338305E-02,98.999)
  );
#5306 = CARTESIAN_POINT('',(-37.49588319779,-7.893860942102E-02,98.999)
  );
#5307 = CARTESIAN_POINT('',(-37.49672451388,-7.069950890289E-02,98.999)
  );
#5308 = CARTESIAN_POINT('',(-37.4974444314,-6.244891437325E-02,98.999));
#5309 = CARTESIAN_POINT('',(-37.49866244895,-4.563512983125E-02,98.999)
  );
#5310 = CARTESIAN_POINT('',(-37.49915170867,-3.707129918217E-02,98.999)
  );
#5311 = CARTESIAN_POINT('',(-37.49951031886,-2.850100339194E-02,98.999)
  );
#5312 = CARTESIAN_POINT('',(-37.49990321741,-1.371864073698E-02,98.999)
  );
#5313 = CARTESIAN_POINT('',(-37.49999968368,-7.508226354247E-03,98.999)
  );
#5314 = CARTESIAN_POINT('',(-37.50002756864,-1.297125402573E-03,98.999)
  );
#5315 = CARTESIAN_POINT('',(-37.49998687973,4.913526261873E-03,98.999));
#5316 = PCURVE('',#3877,#5317);
#5317 = DEFINITIONAL_REPRESENTATION('',(#5318),#5420);
#5318 = B_SPLINE_CURVE_WITH_KNOTS('',4,(#5319,#5320,#5321,#5322,#5323,
    #5324,#5325,#5326,#5327,#5328,#5329,#5330,#5331,#5332,#5333,#5334,
    #5335,#5336,#5337,#5338,#5339,#5340,#5341,#5342,#5343,#5344,#5345,
    #5346,#5347,#5348,#5349,#5350,#5351,#5352,#5353,#5354,#5355,#5356,
    #5357,#5358,#5359,#5360,#5361,#5362,#5363,#5364,#5365,#5366,#5367,
    #5368,#5369,#5370,#5371,#5372,#5373,#5374,#5375,#5376,#5377,#5378,
    #5379,#5380,#5381,#5382,#5383,#5384,#5385,#5386,#5387,#5388,#5389,
    #5390,#5391,#5392,#5393,#5394,#5395,#5396,#5397,#5398,#5399,#5400,
    #5401,#5402,#5403,#5404,#5405,#5406,#5407,#5408,#5409,#5410,#5411,
    #5412,#5413,#5414,#5415,#5416,#5417,#5418,#5419),.UNSPECIFIED.,.F.,
  .F.,(5,3,3,3,3,3,3,3,3,3,3,3,3,3,3,3,3,3,3,3,3,3,3,3,3,3,3,3,3,3,3,3,3
    ,5),(0.,1.799997631574E-02,7.099992223448E-02,9.999989547102E-02,
    0.127999868873,0.146999850311,0.1829998146,0.295999691568,
    0.326999675191,0.355999664585,0.384999658499,0.413999656682,
    0.433999657725,0.462999662142,0.483999667253,0.508999675093,
    0.537999686168,0.557999694849,0.584999707631,0.613999722487,
    0.642999738317,0.671999754997,0.699999771868,0.728999790128,
    0.753999806552,0.781999825708,0.800999839199,0.82999986052,
    0.857999881956,0.893999910587,0.921999933654,0.949999957221,
    0.978999981968,1.),.UNSPECIFIED.);
#5319 = CARTESIAN_POINT('',(6.28318530718,0.99998989899));
#5320 = CARTESIAN_POINT('',(6.276087241205,0.99998989899));
#5321 = CARTESIAN_POINT('',(6.268989176025,0.99998989899));
#5322 = CARTESIAN_POINT('',(6.261891111468,0.99998989899));
#5323 = CARTESIAN_POINT('',(6.233893185948,0.99998989899));
#5324 = CARTESIAN_POINT('',(6.212993328242,0.99998989899));
#5325 = CARTESIAN_POINT('',(6.192093471658,0.99998989899));
#5326 = CARTESIAN_POINT('',(6.15975784459,0.99998989899));
#5327 = CARTESIAN_POINT('',(6.148322073371,0.99998989899));
#5328 = CARTESIAN_POINT('',(6.136886302069,0.99998989899));
#5329 = CARTESIAN_POINT('',(6.114409096518,0.99998989899));
#5330 = CARTESIAN_POINT('',(6.103367662229,0.99998989899));
#5331 = CARTESIAN_POINT('',(6.09232622779,0.99998989899));
#5332 = CARTESIAN_POINT('',(6.073792391443,0.99998989899));
#5333 = CARTESIAN_POINT('',(6.066299989576,0.99998989899));
#5334 = CARTESIAN_POINT('',(6.05880758766,0.99998989899));
#5335 = CARTESIAN_POINT('',(6.037119055922,0.99998989899));
#5336 = CARTESIAN_POINT('',(6.022922925937,0.99998989899));
#5337 = CARTESIAN_POINT('',(6.008726795943,0.99998989899));
#5338 = CARTESIAN_POINT('',(5.949970596475,0.99998989899));
#5339 = CARTESIAN_POINT('',(5.90541050574,0.99998989899));
#5340 = CARTESIAN_POINT('',(5.860850421675,0.99998989899));
#5341 = CARTESIAN_POINT('',(5.804065922557,0.99998989899));
#5342 = CARTESIAN_POINT('',(5.791841477011,0.99998989899));
#5343 = CARTESIAN_POINT('',(5.779617032144,0.99998989899));
#5344 = CARTESIAN_POINT('',(5.755956815811,0.99998989899));
#5345 = CARTESIAN_POINT('',(5.744521044199,0.99998989899));
#5346 = CARTESIAN_POINT('',(5.733085273195,0.99998989899));
#5347 = CARTESIAN_POINT('',(5.710213730646,0.99998989899));
#5348 = CARTESIAN_POINT('',(5.698777959052,0.99998989899));
#5349 = CARTESIAN_POINT('',(5.687342188044,0.99998989899));
#5350 = CARTESIAN_POINT('',(5.664470645521,0.99998989899));
#5351 = CARTESIAN_POINT('',(5.653034873955,0.99998989899));
#5352 = CARTESIAN_POINT('',(5.641599102929,0.99998989899));
#5353 = CARTESIAN_POINT('',(5.622276593261,0.99998989899));
#5354 = CARTESIAN_POINT('',(5.614389854323,0.99998989899));
#5355 = CARTESIAN_POINT('',(5.606503115617,0.99998989899));
#5356 = CARTESIAN_POINT('',(5.587180605191,0.99998989899));
#5357 = CARTESIAN_POINT('',(5.575744833685,0.99998989899));
#5358 = CARTESIAN_POINT('',(5.564309062607,0.99998989899));
#5359 = CARTESIAN_POINT('',(5.544592215888,0.99998989899));
#5360 = CARTESIAN_POINT('',(5.53631114003,0.99998989899));
#5361 = CARTESIAN_POINT('',(5.528030064363,0.99998989899));
#5362 = CARTESIAN_POINT('',(5.509890564997,0.99998989899));
#5363 = CARTESIAN_POINT('',(5.500032141354,0.99998989899));
#5364 = CARTESIAN_POINT('',(5.490173717943,0.99998989899));
#5365 = CARTESIAN_POINT('',(5.468879523075,0.99998989899));
#5366 = CARTESIAN_POINT('',(5.457443751654,0.99998989899));
#5367 = CARTESIAN_POINT('',(5.446007980485,0.99998989899));
#5368 = CARTESIAN_POINT('',(5.426685470591,0.99998989899));
#5369 = CARTESIAN_POINT('',(5.418798731719,0.99998989899));
#5370 = CARTESIAN_POINT('',(5.410911992945,0.99998989899));
#5371 = CARTESIAN_POINT('',(5.392378156629,0.99998989899));
#5372 = CARTESIAN_POINT('',(5.38173105914,0.99998989899));
#5373 = CARTESIAN_POINT('',(5.371083961798,0.99998989899));
#5374 = CARTESIAN_POINT('',(5.349001093108,0.99998989899));
#5375 = CARTESIAN_POINT('',(5.337565321736,0.99998989899));
#5376 = CARTESIAN_POINT('',(5.326129550503,0.99998989899));
#5377 = CARTESIAN_POINT('',(5.303258007955,0.99998989899));
#5378 = CARTESIAN_POINT('',(5.291822236592,0.99998989899));
#5379 = CARTESIAN_POINT('',(5.280386465345,0.99998989899));
#5380 = CARTESIAN_POINT('',(5.257514922787,0.99998989899));
#5381 = CARTESIAN_POINT('',(5.246079151426,0.99998989899));
#5382 = CARTESIAN_POINT('',(5.234643380171,0.99998989899));
#5383 = CARTESIAN_POINT('',(5.212166174555,0.99998989899));
#5384 = CARTESIAN_POINT('',(5.20112474014,0.99998989899));
#5385 = CARTESIAN_POINT('',(5.190083305822,0.99998989899));
#5386 = CARTESIAN_POINT('',(5.16760610018,0.99998989899));
#5387 = CARTESIAN_POINT('',(5.156170328816,0.99998989899));
#5388 = CARTESIAN_POINT('',(5.144734557559,0.99998989899));
#5389 = CARTESIAN_POINT('',(5.123440362787,0.99998989899));
#5390 = CARTESIAN_POINT('',(5.113581939206,0.99998989899));
#5391 = CARTESIAN_POINT('',(5.103723515709,0.99998989899));
#5392 = CARTESIAN_POINT('',(5.082823657802,0.99998989899));
#5393 = CARTESIAN_POINT('',(5.07178222338,0.99998989899));
#5394 = CARTESIAN_POINT('',(5.060740789068,0.99998989899));
#5395 = CARTESIAN_POINT('',(5.042206952928,0.99998989899));
#5396 = CARTESIAN_POINT('',(5.034714551016,0.99998989899));
#5397 = CARTESIAN_POINT('',(5.027222149156,0.99998989899));
#5398 = CARTESIAN_POINT('',(5.008293975887,0.99998989899));
#5399 = CARTESIAN_POINT('',(4.996858204518,0.99998989899));
#5400 = CARTESIAN_POINT('',(4.985422433269,0.99998989899));
#5401 = CARTESIAN_POINT('',(4.962945227657,0.99998989899));
#5402 = CARTESIAN_POINT('',(4.951903793239,0.99998989899));
#5403 = CARTESIAN_POINT('',(4.940862358928,0.99998989899));
#5404 = CARTESIAN_POINT('',(4.91562479465,0.99998989899));
#5405 = CARTESIAN_POINT('',(4.901428664655,0.99998989899));
#5406 = CARTESIAN_POINT('',(4.88723253482,0.99998989899));
#5407 = CARTESIAN_POINT('',(4.861994970734,0.99998989899));
#5408 = CARTESIAN_POINT('',(4.850953536335,0.99998989899));
#5409 = CARTESIAN_POINT('',(4.839912102012,0.99998989899));
#5410 = CARTESIAN_POINT('',(4.817829233343,0.99998989899));
#5411 = CARTESIAN_POINT('',(4.806787798955,0.99998989899));
#5412 = CARTESIAN_POINT('',(4.795746364622,0.99998989899));
#5413 = CARTESIAN_POINT('',(4.773269159014,0.99998989899));
#5414 = CARTESIAN_POINT('',(4.761833387696,0.99998989899));
#5415 = CARTESIAN_POINT('',(4.75039761641,0.99998989899));
#5416 = CARTESIAN_POINT('',(4.730680769394,0.99998989899));
#5417 = CARTESIAN_POINT('',(4.722399693626,0.99998989899));
#5418 = CARTESIAN_POINT('',(4.714118617862,0.99998989899));
#5419 = CARTESIAN_POINT('',(4.7058375421,0.99998989899));
#5420 = ( GEOMETRIC_REPRESENTATION_CONTEXT(2) 
PARAMETRIC_REPRESENTATION_CONTEXT() REPRESENTATION_CONTEXT('2D SPACE',''
  ) );
#5421 = PCURVE('',#4212,#5422);
#5422 = DEFINITIONAL_REPRESENTATION('',(#5423),#5426);
#5423 = B_SPLINE_CURVE_WITH_KNOTS('',1,(#5424,#5425),.UNSPECIFIED.,.F.,
  .F.,(2,2),(0.,0.9985656555),.PIECEWISE_BEZIER_KNOTS.);
#5424 = CARTESIAN_POINT('',(1.403542679697E-05,0.));
#5425 = CARTESIAN_POINT('',(1.575085274815,0.));
#5426 = ( GEOMETRIC_REPRESENTATION_CONTEXT(2) 
PARAMETRIC_REPRESENTATION_CONTEXT() REPRESENTATION_CONTEXT('2D SPACE',''
  ) );
#5427 = ADVANCED_FACE('',(#5428),#4212,.F.);
#5428 = FACE_BOUND('',#5429,.F.);
#5429 = EDGE_LOOP('',(#5430,#5431,#5454,#5480,#5481,#5482));
#5430 = ORIENTED_EDGE('',*,*,#4197,.F.);
#5431 = ORIENTED_EDGE('',*,*,#5432,.T.);
#5432 = EDGE_CURVE('',#4172,#5433,#5435,.T.);
#5433 = VERTEX_POINT('',#5434);
#5434 = CARTESIAN_POINT('',(-36.75,0.75,107.5));
#5435 = SURFACE_CURVE('',#5436,(#5441,#5448),.PCURVE_S1.);
#5436 = CIRCLE('',#5437,0.75);
#5437 = AXIS2_PLACEMENT_3D('',#5438,#5439,#5440);
#5438 = CARTESIAN_POINT('',(-36.75,0.,107.5));
#5439 = DIRECTION('',(0.,-0.,-1.));
#5440 = DIRECTION('',(0.,-1.,0.));
#5441 = PCURVE('',#4212,#5442);
#5442 = DEFINITIONAL_REPRESENTATION('',(#5443),#5447);
#5443 = LINE('',#5444,#5445);
#5444 = CARTESIAN_POINT('',(0.,-8.501));
#5445 = VECTOR('',#5446,1.);
#5446 = DIRECTION('',(1.,0.));
#5447 = ( GEOMETRIC_REPRESENTATION_CONTEXT(2) 
PARAMETRIC_REPRESENTATION_CONTEXT() REPRESENTATION_CONTEXT('2D SPACE',''
  ) );
#5448 = PCURVE('',#4186,#5449);
#5449 = DEFINITIONAL_REPRESENTATION('',(#5450),#5453);
#5450 = B_SPLINE_CURVE_WITH_KNOTS('',1,(#5451,#5452),.UNSPECIFIED.,.F.,
  .F.,(2,2),(0.,3.14159265359),.PIECEWISE_BEZIER_KNOTS.);
#5451 = CARTESIAN_POINT('',(0.,0.));
#5452 = CARTESIAN_POINT('',(-3.14159265359,0.));
#5453 = ( GEOMETRIC_REPRESENTATION_CONTEXT(2) 
PARAMETRIC_REPRESENTATION_CONTEXT() REPRESENTATION_CONTEXT('2D SPACE',''
  ) );
#5454 = ORIENTED_EDGE('',*,*,#5455,.F.);
#5455 = EDGE_CURVE('',#4797,#5433,#5456,.T.);
#5456 = SURFACE_CURVE('',#5457,(#5461,#5468),.PCURVE_S1.);
#5457 = LINE('',#5458,#5459);
#5458 = CARTESIAN_POINT('',(-36.75,0.75,98.999));
#5459 = VECTOR('',#5460,1.);
#5460 = DIRECTION('',(0.,0.,1.));
#5461 = PCURVE('',#4212,#5462);
#5462 = DEFINITIONAL_REPRESENTATION('',(#5463),#5467);
#5463 = LINE('',#5464,#5465);
#5464 = CARTESIAN_POINT('',(3.14159265359,0.));
#5465 = VECTOR('',#5466,1.);
#5466 = DIRECTION('',(0.,-1.));
#5467 = ( GEOMETRIC_REPRESENTATION_CONTEXT(2) 
PARAMETRIC_REPRESENTATION_CONTEXT() REPRESENTATION_CONTEXT('2D SPACE',''
  ) );
#5468 = PCURVE('',#5469,#5474);
#5469 = PLANE('',#5470);
#5470 = AXIS2_PLACEMENT_3D('',#5471,#5472,#5473);
#5471 = CARTESIAN_POINT('',(-36.75,0.75,98.999));
#5472 = DIRECTION('',(0.,1.,0.));
#5473 = DIRECTION('',(1.,0.,0.));
#5474 = DEFINITIONAL_REPRESENTATION('',(#5475),#5479);
#5475 = LINE('',#5476,#5477);
#5476 = CARTESIAN_POINT('',(0.,0.));
#5477 = VECTOR('',#5478,1.);
#5478 = DIRECTION('',(0.,-1.));
#5479 = ( GEOMETRIC_REPRESENTATION_CONTEXT(2) 
PARAMETRIC_REPRESENTATION_CONTEXT() REPRESENTATION_CONTEXT('2D SPACE',''
  ) );
#5480 = ORIENTED_EDGE('',*,*,#4796,.F.);
#5481 = ORIENTED_EDGE('',*,*,#4996,.F.);
#5482 = ORIENTED_EDGE('',*,*,#5212,.F.);
#5483 = ADVANCED_FACE('',(#5484),#4186,.F.);
#5484 = FACE_BOUND('',#5485,.T.);
#5485 = EDGE_LOOP('',(#5486,#5487,#5488,#5513));
#5486 = ORIENTED_EDGE('',*,*,#4171,.F.);
#5487 = ORIENTED_EDGE('',*,*,#5432,.T.);
#5488 = ORIENTED_EDGE('',*,*,#5489,.T.);
#5489 = EDGE_CURVE('',#5433,#5490,#5492,.T.);
#5490 = VERTEX_POINT('',#5491);
#5491 = CARTESIAN_POINT('',(-36.75,2.25,109.));
#5492 = SURFACE_CURVE('',#5493,(#5496,#5502),.PCURVE_S1.);
#5493 = B_SPLINE_CURVE_WITH_KNOTS('',1,(#5494,#5495),.UNSPECIFIED.,.F.,
  .F.,(2,2),(0.,1.),.PIECEWISE_BEZIER_KNOTS.);
#5494 = CARTESIAN_POINT('',(-36.75,0.75,107.5));
#5495 = CARTESIAN_POINT('',(-36.75,2.25,109.));
#5496 = PCURVE('',#4186,#5497);
#5497 = DEFINITIONAL_REPRESENTATION('',(#5498),#5501);
#5498 = B_SPLINE_CURVE_WITH_KNOTS('',1,(#5499,#5500),.UNSPECIFIED.,.F.,
  .F.,(2,2),(0.,1.),.PIECEWISE_BEZIER_KNOTS.);
#5499 = CARTESIAN_POINT('',(-3.14159265359,0.));
#5500 = CARTESIAN_POINT('',(-3.14159265359,1.5));
#5501 = ( GEOMETRIC_REPRESENTATION_CONTEXT(2) 
PARAMETRIC_REPRESENTATION_CONTEXT() REPRESENTATION_CONTEXT('2D SPACE',''
  ) );
#5502 = PCURVE('',#5503,#5508);
#5503 = PLANE('',#5504);
#5504 = AXIS2_PLACEMENT_3D('',#5505,#5506,#5507);
#5505 = CARTESIAN_POINT('',(-36.75,2.25,109.));
#5506 = DIRECTION('',(0.,-0.707106781187,0.707106781187));
#5507 = DIRECTION('',(1.,0.,0.));
#5508 = DEFINITIONAL_REPRESENTATION('',(#5509),#5512);
#5509 = B_SPLINE_CURVE_WITH_KNOTS('',1,(#5510,#5511),.UNSPECIFIED.,.F.,
  .F.,(2,2),(0.,1.),.PIECEWISE_BEZIER_KNOTS.);
#5510 = CARTESIAN_POINT('',(0.,-2.12132034356));
#5511 = CARTESIAN_POINT('',(0.,0.));
#5512 = ( GEOMETRIC_REPRESENTATION_CONTEXT(2) 
PARAMETRIC_REPRESENTATION_CONTEXT() REPRESENTATION_CONTEXT('2D SPACE',''
  ) );
#5513 = ORIENTED_EDGE('',*,*,#5514,.F.);
#5514 = EDGE_CURVE('',#4146,#5490,#5515,.T.);
#5515 = SURFACE_CURVE('',#5516,(#5521,#5528),.PCURVE_S1.);
#5516 = CIRCLE('',#5517,2.25);
#5517 = AXIS2_PLACEMENT_3D('',#5518,#5519,#5520);
#5518 = CARTESIAN_POINT('',(-36.75,0.,109.));
#5519 = DIRECTION('',(0.,-0.,-1.));
#5520 = DIRECTION('',(0.,-1.,0.));
#5521 = PCURVE('',#4186,#5522);
#5522 = DEFINITIONAL_REPRESENTATION('',(#5523),#5527);
#5523 = LINE('',#5524,#5525);
#5524 = CARTESIAN_POINT('',(-0.,1.5));
#5525 = VECTOR('',#5526,1.);
#5526 = DIRECTION('',(-1.,0.));
#5527 = ( GEOMETRIC_REPRESENTATION_CONTEXT(2) 
PARAMETRIC_REPRESENTATION_CONTEXT() REPRESENTATION_CONTEXT('2D SPACE',''
  ) );
#5528 = PCURVE('',#4160,#5529);
#5529 = DEFINITIONAL_REPRESENTATION('',(#5530),#5538);
#5530 = ( BOUNDED_CURVE() B_SPLINE_CURVE(2,(#5531,#5532,#5533,#5534,
#5535,#5536,#5537),.UNSPECIFIED.,.T.,.F.) B_SPLINE_CURVE_WITH_KNOTS((1,2
    ,2,2,2,1),(-2.094395102393,0.,2.094395102393,4.188790204786,
6.28318530718,8.377580409573),.UNSPECIFIED.) CURVE() 
GEOMETRIC_REPRESENTATION_ITEM() RATIONAL_B_SPLINE_CURVE((1.,0.5,1.,0.5,
1.,0.5,1.)) REPRESENTATION_ITEM('') );
#5531 = CARTESIAN_POINT('',(-36.75,-2.25));
#5532 = CARTESIAN_POINT('',(-40.64711431703,-2.25));
#5533 = CARTESIAN_POINT('',(-38.69855715851,1.125));
#5534 = CARTESIAN_POINT('',(-36.75,4.5));
#5535 = CARTESIAN_POINT('',(-34.80144284148,1.125));
#5536 = CARTESIAN_POINT('',(-32.85288568297,-2.25));
#5537 = CARTESIAN_POINT('',(-36.75,-2.25));
#5538 = ( GEOMETRIC_REPRESENTATION_CONTEXT(2) 
PARAMETRIC_REPRESENTATION_CONTEXT() REPRESENTATION_CONTEXT('2D SPACE',''
  ) );
#5539 = ADVANCED_FACE('',(#5540),#4160,.T.);
#5540 = FACE_BOUND('',#5541,.T.);
#5541 = EDGE_LOOP('',(#5542,#5543,#5565,#5566,#5567,#5590));
#5542 = ORIENTED_EDGE('',*,*,#4567,.F.);
#5543 = ORIENTED_EDGE('',*,*,#5544,.T.);
#5544 = EDGE_CURVE('',#4568,#4120,#5545,.T.);
#5545 = SURFACE_CURVE('',#5546,(#5551,#5558),.PCURVE_S1.);
#5546 = CIRCLE('',#5547,39.75);
#5547 = AXIS2_PLACEMENT_3D('',#5548,#5549,#5550);
#5548 = CARTESIAN_POINT('',(0.,0.,109.));
#5549 = DIRECTION('',(0.,0.,1.));
#5550 = DIRECTION('',(1.,0.,0.));
#5551 = PCURVE('',#4160,#5552);
#5552 = DEFINITIONAL_REPRESENTATION('',(#5553),#5557);
#5553 = CIRCLE('',#5554,39.75);
#5554 = AXIS2_PLACEMENT_2D('',#5555,#5556);
#5555 = CARTESIAN_POINT('',(4.403329231825E-15,-5.790076070423E-16));
#5556 = DIRECTION('',(1.,0.));
#5557 = ( GEOMETRIC_REPRESENTATION_CONTEXT(2) 
PARAMETRIC_REPRESENTATION_CONTEXT() REPRESENTATION_CONTEXT('2D SPACE',''
  ) );
#5558 = PCURVE('',#4134,#5559);
#5559 = DEFINITIONAL_REPRESENTATION('',(#5560),#5564);
#5560 = LINE('',#5561,#5562);
#5561 = CARTESIAN_POINT('',(-0.,-28.3));
#5562 = VECTOR('',#5563,1.);
#5563 = DIRECTION('',(-1.,0.));
#5564 = ( GEOMETRIC_REPRESENTATION_CONTEXT(2) 
PARAMETRIC_REPRESENTATION_CONTEXT() REPRESENTATION_CONTEXT('2D SPACE',''
  ) );
#5565 = ORIENTED_EDGE('',*,*,#4145,.F.);
#5566 = ORIENTED_EDGE('',*,*,#5514,.T.);
#5567 = ORIENTED_EDGE('',*,*,#5568,.T.);
#5568 = EDGE_CURVE('',#5490,#5569,#5571,.T.);
#5569 = VERTEX_POINT('',#5570);
#5570 = CARTESIAN_POINT('',(36.75,2.25,109.));
#5571 = SURFACE_CURVE('',#5572,(#5576,#5583),.PCURVE_S1.);
#5572 = LINE('',#5573,#5574);
#5573 = CARTESIAN_POINT('',(-36.75,2.25,109.));
#5574 = VECTOR('',#5575,1.);
#5575 = DIRECTION('',(1.,0.,0.));
#5576 = PCURVE('',#4160,#5577);
#5577 = DEFINITIONAL_REPRESENTATION('',(#5578),#5582);
#5578 = LINE('',#5579,#5580);
#5579 = CARTESIAN_POINT('',(-36.75,2.25));
#5580 = VECTOR('',#5581,1.);
#5581 = DIRECTION('',(1.,0.));
#5582 = ( GEOMETRIC_REPRESENTATION_CONTEXT(2) 
PARAMETRIC_REPRESENTATION_CONTEXT() REPRESENTATION_CONTEXT('2D SPACE',''
  ) );
#5583 = PCURVE('',#5503,#5584);
#5584 = DEFINITIONAL_REPRESENTATION('',(#5585),#5589);
#5585 = LINE('',#5586,#5587);
#5586 = CARTESIAN_POINT('',(0.,0.));
#5587 = VECTOR('',#5588,1.);
#5588 = DIRECTION('',(1.,0.));
#5589 = ( GEOMETRIC_REPRESENTATION_CONTEXT(2) 
PARAMETRIC_REPRESENTATION_CONTEXT() REPRESENTATION_CONTEXT('2D SPACE',''
  ) );
#5590 = ORIENTED_EDGE('',*,*,#5591,.T.);
#5591 = EDGE_CURVE('',#5569,#4542,#5592,.T.);
#5592 = SURFACE_CURVE('',#5593,(#5598,#5609),.PCURVE_S1.);
#5593 = CIRCLE('',#5594,2.25);
#5594 = AXIS2_PLACEMENT_3D('',#5595,#5596,#5597);
#5595 = CARTESIAN_POINT('',(36.75,0.,109.));
#5596 = DIRECTION('',(0.,0.,-1.));
#5597 = DIRECTION('',(0.,1.,0.));
#5598 = PCURVE('',#4160,#5599);
#5599 = DEFINITIONAL_REPRESENTATION('',(#5600),#5608);
#5600 = ( BOUNDED_CURVE() B_SPLINE_CURVE(2,(#5601,#5602,#5603,#5604,
#5605,#5606,#5607),.UNSPECIFIED.,.T.,.F.) B_SPLINE_CURVE_WITH_KNOTS((1,2
    ,2,2,2,1),(-2.094395102393,0.,2.094395102393,4.188790204786,
6.28318530718,8.377580409573),.UNSPECIFIED.) CURVE() 
GEOMETRIC_REPRESENTATION_ITEM() RATIONAL_B_SPLINE_CURVE((1.,0.5,1.,0.5,
1.,0.5,1.)) REPRESENTATION_ITEM('') );
#5601 = CARTESIAN_POINT('',(36.75,2.25));
#5602 = CARTESIAN_POINT('',(40.64711431703,2.25));
#5603 = CARTESIAN_POINT('',(38.698557158515,-1.125));
#5604 = CARTESIAN_POINT('',(36.75,-4.5));
#5605 = CARTESIAN_POINT('',(34.801442841485,-1.125));
#5606 = CARTESIAN_POINT('',(32.85288568297,2.25));
#5607 = CARTESIAN_POINT('',(36.75,2.25));
#5608 = ( GEOMETRIC_REPRESENTATION_CONTEXT(2) 
PARAMETRIC_REPRESENTATION_CONTEXT() REPRESENTATION_CONTEXT('2D SPACE',''
  ) );
#5609 = PCURVE('',#4556,#5610);
#5610 = DEFINITIONAL_REPRESENTATION('',(#5611),#5615);
#5611 = LINE('',#5612,#5613);
#5612 = CARTESIAN_POINT('',(-0.,1.5));
#5613 = VECTOR('',#5614,1.);
#5614 = DIRECTION('',(-1.,0.));
#5615 = ( GEOMETRIC_REPRESENTATION_CONTEXT(2) 
PARAMETRIC_REPRESENTATION_CONTEXT() REPRESENTATION_CONTEXT('2D SPACE',''
  ) );
#5616 = ADVANCED_FACE('',(#5617,#5644,#5815,#5986,#6302,#6545),#4134,.T.
  );
#5617 = FACE_BOUND('',#5618,.F.);
#5618 = EDGE_LOOP('',(#5619,#5641,#5642,#5643));
#5619 = ORIENTED_EDGE('',*,*,#5620,.F.);
#5620 = EDGE_CURVE('',#4589,#4094,#5621,.T.);
#5621 = SURFACE_CURVE('',#5622,(#5627,#5634),.PCURVE_S1.);
#5622 = CIRCLE('',#5623,39.75);
#5623 = AXIS2_PLACEMENT_3D('',#5624,#5625,#5626);
#5624 = CARTESIAN_POINT('',(0.,0.,80.7));
#5625 = DIRECTION('',(0.,0.,1.));
#5626 = DIRECTION('',(1.,0.,0.));
#5627 = PCURVE('',#4134,#5628);
#5628 = DEFINITIONAL_REPRESENTATION('',(#5629),#5633);
#5629 = LINE('',#5630,#5631);
#5630 = CARTESIAN_POINT('',(-0.,0.));
#5631 = VECTOR('',#5632,1.);
#5632 = DIRECTION('',(-1.,0.));
#5633 = ( GEOMETRIC_REPRESENTATION_CONTEXT(2) 
PARAMETRIC_REPRESENTATION_CONTEXT() REPRESENTATION_CONTEXT('2D SPACE',''
  ) );
#5634 = PCURVE('',#4108,#5635);
#5635 = DEFINITIONAL_REPRESENTATION('',(#5636),#5640);
#5636 = CIRCLE('',#5637,39.75);
#5637 = AXIS2_PLACEMENT_2D('',#5638,#5639);
#5638 = CARTESIAN_POINT('',(2.933502854163E-15,-4.040240899597E-15));
#5639 = DIRECTION('',(1.,0.));
#5640 = ( GEOMETRIC_REPRESENTATION_CONTEXT(2) 
PARAMETRIC_REPRESENTATION_CONTEXT() REPRESENTATION_CONTEXT('2D SPACE',''
  ) );
#5641 = ORIENTED_EDGE('',*,*,#4588,.T.);
#5642 = ORIENTED_EDGE('',*,*,#5544,.T.);
#5643 = ORIENTED_EDGE('',*,*,#4119,.T.);
#5644 = FACE_BOUND('',#5645,.F.);
#5645 = EDGE_LOOP('',(#5646));
#5646 = ORIENTED_EDGE('',*,*,#5647,.T.);
#5647 = EDGE_CURVE('',#5648,#5648,#5650,.T.);
#5648 = VERTEX_POINT('',#5649);
#5649 = CARTESIAN_POINT('',(11.,38.197676630916,105.4));
#5650 = SURFACE_CURVE('',#5651,(#5702,#5756),.PCURVE_S1.);
#5651 = B_SPLINE_CURVE_WITH_KNOTS('',7,(#5652,#5653,#5654,#5655,#5656,
    #5657,#5658,#5659,#5660,#5661,#5662,#5663,#5664,#5665,#5666,#5667,
    #5668,#5669,#5670,#5671,#5672,#5673,#5674,#5675,#5676,#5677,#5678,
    #5679,#5680,#5681,#5682,#5683,#5684,#5685,#5686,#5687,#5688,#5689,
    #5690,#5691,#5692,#5693,#5694,#5695,#5696,#5697,#5698,#5699,#5700,
    #5701),.UNSPECIFIED.,.T.,.F.,(8,6,6,6,6,6,6,6,8),(0.,0.143882313291,
    0.275979977729,0.430564064987,0.561744484501,0.675539350391,
    0.789361152027,0.919932735428,1.),.UNSPECIFIED.);
#5652 = CARTESIAN_POINT('',(11.,38.197676630916,105.4));
#5653 = CARTESIAN_POINT('',(11.327356959721,38.103405804139,105.4));
#5654 = CARTESIAN_POINT('',(11.646289058828,38.008016605412,
    105.34790760805));
#5655 = CARTESIAN_POINT('',(11.947408685517,37.914504402126,
    105.24854520439));
#5656 = CARTESIAN_POINT('',(12.222948173728,37.82599951684,
    105.10840812123));
#5657 = CARTESIAN_POINT('',(12.467018413969,37.745471709288,
    104.93551898911));
#5658 = CARTESIAN_POINT('',(12.676014573446,37.675119903419,
    104.73920121285));
#5659 = CARTESIAN_POINT('',(13.008261674901,37.56162762307,
    104.33758345817));
#5660 = CARTESIAN_POINT('',(13.139815455594,37.515814242919,
    104.13109402032));
#5661 = CARTESIAN_POINT('',(13.244326597692,37.478902004028,
    103.91429403563));
#5662 = CARTESIAN_POINT('',(13.322285424459,37.45111517022,
    103.69028769034));
#5663 = CARTESIAN_POINT('',(13.374096402204,37.432563389251,
    103.46168834478));
#5664 = CARTESIAN_POINT('',(13.4,37.423288204005,103.23084172153));
#5665 = CARTESIAN_POINT('',(13.4,37.423288204005,102.72986307535));
#5666 = CARTESIAN_POINT('',(13.364527394474,37.435989686779,
    102.45968434956));
#5667 = CARTESIAN_POINT('',(13.293556358699,37.461402224627,
    102.19305340531));
#5668 = CARTESIAN_POINT('',(13.186613271147,37.499455260157,
    101.93379073752));
#5669 = CARTESIAN_POINT('',(13.042971520449,37.549932834091,
    101.68630873747));
#5670 = CARTESIAN_POINT('',(12.86185627597,37.6123448405,101.45607666462
    ));
#5671 = CARTESIAN_POINT('',(12.457117322035,37.748127546307,
    101.07600148834));
#5672 = CARTESIAN_POINT('',(12.240980301685,37.819448645874,
    100.91635392324));
#5673 = CARTESIAN_POINT('',(11.996530862646,37.898388890501,
    100.7807657825));
#5674 = CARTESIAN_POINT('',(11.728254795246,37.982669272817,
    100.67690563551));
#5675 = CARTESIAN_POINT('',(11.442463801844,38.069549860324,
    100.61067742281));
#5676 = CARTESIAN_POINT('',(11.146736599507,38.156367108517,
    100.58602290029));
#5677 = CARTESIAN_POINT('',(10.591288296513,38.313953621707,
    100.62096874545));
#5678 = CARTESIAN_POINT('',(10.335329375638,38.384377717498,
    100.66962602812));
#5679 = CARTESIAN_POINT('',(10.086330083097,38.450711932688,
    100.75039037737));
#5680 = CARTESIAN_POINT('',(9.849075083719,38.511930671211,
    100.86202290473));
#5681 = CARTESIAN_POINT('',(9.628080333342,38.567294951049,
    101.00242049328));
#5682 = CARTESIAN_POINT('',(9.427412243808,38.616311289682,
    101.16866823186));
#5683 = CARTESIAN_POINT('',(9.073496462813,38.700998395997,
    101.54555025921));
#5684 = CARTESIAN_POINT('',(8.920229082346,38.73667414763,
    101.75622820351));
#5685 = CARTESIAN_POINT('',(8.794002445552,38.765364983727,
    101.9855482966));
#5686 = CARTESIAN_POINT('',(8.697464625382,38.786939046928,
    102.22934107148));
#5687 = CARTESIAN_POINT('',(8.632475575133,38.801339474512,
    102.48297529805));
#5688 = CARTESIAN_POINT('',(8.6,38.808536432079,102.74152953328));
#5689 = CARTESIAN_POINT('',(8.6,38.808536432079,103.29650644794));
#5690 = CARTESIAN_POINT('',(8.642737364296,38.799065619731,
    103.59329660553));
#5691 = CARTESIAN_POINT('',(8.728355971852,38.780093391781,
    103.88609882598));
#5692 = CARTESIAN_POINT('',(8.858118534996,38.751024571507,
    104.17020986261));
#5693 = CARTESIAN_POINT('',(9.033774942674,38.710852684408,
    104.43940770818));
#5694 = CARTESIAN_POINT('',(9.257191547859,38.658056111825,
    104.68551788656));
#5695 = CARTESIAN_POINT('',(9.695711763628,38.549775000828,
    105.02566903311));
#5696 = CARTESIAN_POINT('',(9.881886279591,38.502912196996,
    105.14270247816));
#5697 = CARTESIAN_POINT('',(10.085510535997,38.45047341536,
    105.24220936357));
#5698 = CARTESIAN_POINT('',(10.303389415467,38.392854892594,
    105.32003927192));
#5699 = CARTESIAN_POINT('',(10.531487153308,38.330774940204,
    105.37321369673));
#5700 = CARTESIAN_POINT('',(10.765259548685,38.265276160317,105.4));
#5701 = CARTESIAN_POINT('',(11.,38.197676630916,105.4));
#5702 = PCURVE('',#4134,#5703);
#5703 = DEFINITIONAL_REPRESENTATION('',(#5704),#5755);
#5704 = B_SPLINE_CURVE_WITH_KNOTS('',7,(#5705,#5706,#5707,#5708,#5709,
    #5710,#5711,#5712,#5713,#5714,#5715,#5716,#5717,#5718,#5719,#5720,
    #5721,#5722,#5723,#5724,#5725,#5726,#5727,#5728,#5729,#5730,#5731,
    #5732,#5733,#5734,#5735,#5736,#5737,#5738,#5739,#5740,#5741,#5742,
    #5743,#5744,#5745,#5746,#5747,#5748,#5749,#5750,#5751,#5752,#5753,
    #5754),.UNSPECIFIED.,.F.,.F.,(8,6,6,6,6,6,6,6,8),(0.,0.143882313291,
    0.275979977729,0.430564064987,0.561744484501,0.675539350391,
    0.789361152027,0.919932735428,1.),.UNSPECIFIED.);
#5705 = CARTESIAN_POINT('',(-1.290407241944,-24.7));
#5706 = CARTESIAN_POINT('',(-1.281837166782,-24.7));
#5707 = CARTESIAN_POINT('',(-1.273462973713,-24.64790760805));
#5708 = CARTESIAN_POINT('',(-1.265531441089,-24.54854520439));
#5709 = CARTESIAN_POINT('',(-1.258251288799,-24.40840812123));
#5710 = CARTESIAN_POINT('',(-1.25178577502,-24.23551898911));
#5711 = CARTESIAN_POINT('',(-1.246238175423,-24.03920121285));
#5712 = CARTESIAN_POINT('',(-1.237405563305,-23.63758345817));
#5713 = CARTESIAN_POINT('',(-1.23390115304,-23.43109402032));
#5714 = CARTESIAN_POINT('',(-1.231112798147,-23.21429403563));
#5715 = CARTESIAN_POINT('',(-1.229030716469,-22.99028769034));
#5716 = CARTESIAN_POINT('',(-1.227646257941,-22.76168834478));
#5717 = CARTESIAN_POINT('',(-1.22695407944,-22.53084172153));
#5718 = CARTESIAN_POINT('',(-1.22695407944,-22.02986307535));
#5719 = CARTESIAN_POINT('',(-1.227901954321,-21.75968434956));
#5720 = CARTESIAN_POINT('',(-1.22979839629,-21.49305340531));
#5721 = CARTESIAN_POINT('',(-1.232654026475,-21.23379073752));
#5722 = CARTESIAN_POINT('',(-1.236484219657,-20.98630873747));
#5723 = CARTESIAN_POINT('',(-1.241303359153,-20.75607666462));
#5724 = CARTESIAN_POINT('',(-1.252043186693,-20.37600148834));
#5725 = CARTESIAN_POINT('',(-1.257768909891,-20.21635392324));
#5726 = CARTESIAN_POINT('',(-1.264231074994,-20.0807657825));
#5727 = CARTESIAN_POINT('',(-1.271304908208,-19.97690563551));
#5728 = CARTESIAN_POINT('',(-1.278818953244,-19.91067742281));
#5729 = CARTESIAN_POINT('',(-1.286572278888,-19.88602290029));
#5730 = CARTESIAN_POINT('',(-1.301097314899,-19.92096874545));
#5731 = CARTESIAN_POINT('',(-1.307775604674,-19.96962602812));
#5732 = CARTESIAN_POINT('',(-1.314257872227,-20.05039037737));
#5733 = CARTESIAN_POINT('',(-1.320421745843,-20.16202290473));
#5734 = CARTESIAN_POINT('',(-1.326153005856,-20.30242049328));
#5735 = CARTESIAN_POINT('',(-1.331349624905,-20.46866823186));
#5736 = CARTESIAN_POINT('',(-1.340504517343,-20.84555025921));
#5737 = CARTESIAN_POINT('',(-1.344463300427,-21.05622820351));
#5738 = CARTESIAN_POINT('',(-1.347719762347,-21.2855482966));
#5739 = CARTESIAN_POINT('',(-1.350208282985,-21.52934107148));
#5740 = CARTESIAN_POINT('',(-1.35188288885,-21.78297529805));
#5741 = CARTESIAN_POINT('',(-1.352719704425,-22.04152953328));
#5742 = CARTESIAN_POINT('',(-1.352719704425,-22.59650644794));
#5743 = CARTESIAN_POINT('',(-1.351618467081,-22.89329660553));
#5744 = CARTESIAN_POINT('',(-1.349412293094,-23.18609882598));
#5745 = CARTESIAN_POINT('',(-1.346066926137,-23.47020986261));
#5746 = CARTESIAN_POINT('',(-1.341533910184,-23.73940770818));
#5747 = CARTESIAN_POINT('',(-1.335758850724,-23.98551788656));
#5748 = CARTESIAN_POINT('',(-1.324395554593,-24.32566903311));
#5749 = CARTESIAN_POINT('',(-1.319565868344,-24.44270247816));
#5750 = CARTESIAN_POINT('',(-1.314276238048,-24.54220936357));
#5751 = CARTESIAN_POINT('',(-1.308606814991,-24.62003927192));
#5752 = CARTESIAN_POINT('',(-1.302660038525,-24.67321369673));
#5753 = CARTESIAN_POINT('',(-1.296552653708,-24.7));
#5754 = CARTESIAN_POINT('',(-1.290407241944,-24.7));
#5755 = ( GEOMETRIC_REPRESENTATION_CONTEXT(2) 
PARAMETRIC_REPRESENTATION_CONTEXT() REPRESENTATION_CONTEXT('2D SPACE',''
  ) );
#5756 = PCURVE('',#5757,#5762);
#5757 = CYLINDRICAL_SURFACE('',#5758,2.4);
#5758 = AXIS2_PLACEMENT_3D('',#5759,#5760,#5761);
#5759 = CARTESIAN_POINT('',(11.,18.197676630916,103.));
#5760 = DIRECTION('',(0.,1.,0.));
#5761 = DIRECTION('',(0.,-0.,1.));
#5762 = DEFINITIONAL_REPRESENTATION('',(#5763),#5814);
#5763 = B_SPLINE_CURVE_WITH_KNOTS('',7,(#5764,#5765,#5766,#5767,#5768,
    #5769,#5770,#5771,#5772,#5773,#5774,#5775,#5776,#5777,#5778,#5779,
    #5780,#5781,#5782,#5783,#5784,#5785,#5786,#5787,#5788,#5789,#5790,
    #5791,#5792,#5793,#5794,#5795,#5796,#5797,#5798,#5799,#5800,#5801,
    #5802,#5803,#5804,#5805,#5806,#5807,#5808,#5809,#5810,#5811,#5812,
    #5813),.UNSPECIFIED.,.F.,.F.,(8,6,6,6,6,6,6,6,8),(0.,0.143882313291,
    0.275979977729,0.430564064987,0.561744484501,0.675539350391,
    0.789361152027,0.919932735428,1.),.UNSPECIFIED.);
#5764 = CARTESIAN_POINT('',(0.,20.));
#5765 = CARTESIAN_POINT('',(0.136398733217,19.905729173224));
#5766 = CARTESIAN_POINT('',(0.269287178295,19.810339974496));
#5767 = CARTESIAN_POINT('',(0.398897961218,19.716827771211));
#5768 = CARTESIAN_POINT('',(0.525183017127,19.628322885924));
#5769 = CARTESIAN_POINT('',(0.647883438316,19.547795078372));
#5770 = CARTESIAN_POINT('',(0.766418580474,19.477443272503));
#5771 = CARTESIAN_POINT('',(0.983599443603,19.363950992154));
#5772 = CARTESIAN_POINT('',(1.084832161991,19.318137612004));
#5773 = CARTESIAN_POINT('',(1.184027073122,19.281225373113));
#5774 = CARTESIAN_POINT('',(1.281722778745,19.253438539304));
#5775 = CARTESIAN_POINT('',(1.378426256147,19.234886758335));
#5776 = CARTESIAN_POINT('',(1.474612276157,19.225611573089));
#5777 = CARTESIAN_POINT('',(1.683353378729,19.225611573089));
#5778 = CARTESIAN_POINT('',(1.795927525186,19.238313055863));
#5779 = CARTESIAN_POINT('',(1.909354373985,19.263725593711));
#5780 = CARTESIAN_POINT('',(2.024368122688,19.301778629241));
#5781 = CARTESIAN_POINT('',(2.141785759854,19.352256203176));
#5782 = CARTESIAN_POINT('',(2.262466015501,19.414668209584));
#5783 = CARTESIAN_POINT('',(2.493808249532,19.550450915392));
#5784 = CARTESIAN_POINT('',(2.604993081358,19.621772014958));
#5785 = CARTESIAN_POINT('',(2.719870598126,19.700712259585));
#5786 = CARTESIAN_POINT('',(2.837677478867,19.784992641901));
#5787 = CARTESIAN_POINT('',(2.957917323977,19.871873229408));
#5788 = CARTESIAN_POINT('',(3.080248704758,19.958690477602));
#5789 = CARTESIAN_POINT('',(3.312143088267,20.116276990791));
#5790 = CARTESIAN_POINT('',(3.419854814506,20.186701086582));
#5791 = CARTESIAN_POINT('',(3.527555637848,20.253035301772));
#5792 = CARTESIAN_POINT('',(3.635258792685,20.314254040296));
#5793 = CARTESIAN_POINT('',(3.742978346051,20.369618320133));
#5794 = CARTESIAN_POINT('',(3.850709656837,20.418634658766));
#5795 = CARTESIAN_POINT('',(4.066129322585,20.503321765081));
#5796 = CARTESIAN_POINT('',(4.17383591531,20.538997516714));
#5797 = CARTESIAN_POINT('',(4.281534755397,20.567688352811));
#5798 = CARTESIAN_POINT('',(4.389240204185,20.589262416013));
#5799 = CARTESIAN_POINT('',(4.496962290584,20.603662843596));
#5800 = CARTESIAN_POINT('',(4.604692952587,20.610859801163));
#5801 = CARTESIAN_POINT('',(4.835933333693,20.610859801163));
#5802 = CARTESIAN_POINT('',(4.959595169834,20.601388988815));
#5803 = CARTESIAN_POINT('',(5.084679603483,20.582416760865));
#5804 = CARTESIAN_POINT('',(5.21231725422,20.553347940592));
#5805 = CARTESIAN_POINT('',(5.343699957015,20.513176053492));
#5806 = CARTESIAN_POINT('',(5.480107919785,20.46037948091));
#5807 = CARTESIAN_POINT('',(5.711349579597,20.352098369913));
#5808 = CARTESIAN_POINT('',(5.802531484582,20.30523556608));
#5809 = CARTESIAN_POINT('',(5.896093043325,20.252796784445));
#5810 = CARTESIAN_POINT('',(5.991401484183,20.195178261678));
#5811 = CARTESIAN_POINT('',(6.087972028209,20.133098309288));
#5812 = CARTESIAN_POINT('',(6.185376785798,20.067599529401));
#5813 = CARTESIAN_POINT('',(6.28318530718,20.));
#5814 = ( GEOMETRIC_REPRESENTATION_CONTEXT(2) 
PARAMETRIC_REPRESENTATION_CONTEXT() REPRESENTATION_CONTEXT('2D SPACE',''
  ) );
#5815 = FACE_BOUND('',#5816,.F.);
#5816 = EDGE_LOOP('',(#5817));
#5817 = ORIENTED_EDGE('',*,*,#5818,.T.);
#5818 = EDGE_CURVE('',#5819,#5819,#5821,.T.);
#5819 = VERTEX_POINT('',#5820);
#5820 = CARTESIAN_POINT('',(-11.,38.197676630916,105.4));
#5821 = SURFACE_CURVE('',#5822,(#5873,#5927),.PCURVE_S1.);
#5822 = B_SPLINE_CURVE_WITH_KNOTS('',7,(#5823,#5824,#5825,#5826,#5827,
    #5828,#5829,#5830,#5831,#5832,#5833,#5834,#5835,#5836,#5837,#5838,
    #5839,#5840,#5841,#5842,#5843,#5844,#5845,#5846,#5847,#5848,#5849,
    #5850,#5851,#5852,#5853,#5854,#5855,#5856,#5857,#5858,#5859,#5860,
    #5861,#5862,#5863,#5864,#5865,#5866,#5867,#5868,#5869,#5870,#5871,
    #5872),.UNSPECIFIED.,.T.,.F.,(8,6,6,6,6,6,6,6,8),(0.,0.146584526204,
    0.272163335419,0.4362282981,0.573509045091,0.679222963707,
    0.784922047406,0.887883418464,1.),.UNSPECIFIED.);
#5823 = CARTESIAN_POINT('',(-11.,38.197676630916,105.4));
#5824 = CARTESIAN_POINT('',(-10.66390657398,38.29446334708,105.4));
#5825 = CARTESIAN_POINT('',(-10.33403933107,38.385720789446,
    105.34508932514));
#5826 = CARTESIAN_POINT('',(-10.02152933121,38.468533083309,
    105.23893160172));
#5827 = CARTESIAN_POINT('',(-9.736157013396,38.541095741899,
    105.08807471553));
#5828 = CARTESIAN_POINT('',(-9.485658136763,38.602680526425,
    104.90172402081));
#5829 = CARTESIAN_POINT('',(-9.274665851815,38.653252730306,
    104.69147763696));
#5830 = CARTESIAN_POINT('',(-8.957099997341,38.727968169926,
    104.28207420429));
#5831 = CARTESIAN_POINT('',(-8.836593656846,38.755637141707,
    104.08138812265));
#5832 = CARTESIAN_POINT('',(-8.741312229587,38.77712749655,
    103.8724190431));
#5833 = CARTESIAN_POINT('',(-8.670481781027,38.792917637964,
    103.65781139641));
#5834 = CARTESIAN_POINT('',(-8.623492952789,38.803330372071,
    103.43967966067));
#5835 = CARTESIAN_POINT('',(-8.6,38.808536432079,103.21983815458));
#5836 = CARTESIAN_POINT('',(-8.6,38.808536432079,102.71278801851));
#5837 = CARTESIAN_POINT('',(-8.640099935938,38.799650127643,
    102.42537185875));
#5838 = CARTESIAN_POINT('',(-8.720399997791,38.781856230709,
    102.14161259059));
#5839 = CARTESIAN_POINT('',(-8.842000470952,38.754633997348,
    101.86573148252));
#5840 = CARTESIAN_POINT('',(-9.006485783385,38.717087387631,
    101.60324504657));
#5841 = CARTESIAN_POINT('',(-9.215598787428,38.667867176331,
    101.36137811827));
#5842 = CARTESIAN_POINT('',(-9.683204335633,38.553160218018,
    100.97454116646));
#5843 = CARTESIAN_POINT('',(-9.932572210779,38.490534228069,
    100.81646697885));
#5844 = CARTESIAN_POINT('',(-10.2136279481,38.417782364225,
    100.69072739138));
#5845 = CARTESIAN_POINT('',(-10.51755856877,38.336104287656,
    100.60729282001));
#5846 = CARTESIAN_POINT('',(-10.83293421315,38.247761361884,
    100.57171112899));
#5847 = CARTESIAN_POINT('',(-11.14745610768,38.156209832072,
    100.58485160126));
#5848 = CARTESIAN_POINT('',(-11.68247167061,37.995281717935,
    100.68691127823));
#5849 = CARTESIAN_POINT('',(-11.91014583947,37.924988843742,
    100.75812835826));
#5850 = CARTESIAN_POINT('',(-12.12898030835,37.855671532497,
    100.85545838684));
#5851 = CARTESIAN_POINT('',(-12.33539534471,37.788710457992,
    100.97753521935));
#5852 = CARTESIAN_POINT('',(-12.52609729313,37.725539664315,
    101.12240449454));
#5853 = CARTESIAN_POINT('',(-12.69818179657,37.667547802139,
    101.28759435689));
#5854 = CARTESIAN_POINT('',(-13.00026057178,37.564360719715,
    101.65274486958));
#5855 = CARTESIAN_POINT('',(-13.13030604303,37.519148704816,
    101.85275530316));
#5856 = CARTESIAN_POINT('',(-13.23688274963,37.481553001489,
    102.06725341604));
#5857 = CARTESIAN_POINT('',(-13.31810754946,37.452611540792,
    102.29288711343));
#5858 = CARTESIAN_POINT('',(-13.37270012752,37.433063166827,
    102.52605487792));
#5859 = CARTESIAN_POINT('',(-13.4,37.423288204005,102.76302047483));
#5860 = CARTESIAN_POINT('',(-13.4,37.423288204005,103.23084151697));
#5861 = CARTESIAN_POINT('',(-13.37409647154,37.432563363614,
    103.46168640553));
#5862 = CARTESIAN_POINT('',(-13.32228612503,37.451114921564,
    103.69028578169));
#5863 = CARTESIAN_POINT('',(-13.24432718627,37.478901791173,
    103.91429471044));
#5864 = CARTESIAN_POINT('',(-13.13981396044,37.515814798664,
    104.13109821317));
#5865 = CARTESIAN_POINT('',(-13.00825763367,37.561629003513,
    104.33758834317));
#5866 = CARTESIAN_POINT('',(-12.67606553003,37.675102497158,
    104.73913961691));
#5867 = CARTESIAN_POINT('',(-12.46706803091,37.745455370385,
    104.93549217637));
#5868 = CARTESIAN_POINT('',(-12.22294456017,37.826001683159,
    105.10843425382));
#5869 = CARTESIAN_POINT('',(-11.9473299704,37.914530635501,
    105.24859688561));
#5870 = CARTESIAN_POINT('',(-11.64615773665,38.008056900325,
    105.34794404275));
#5871 = CARTESIAN_POINT('',(-11.32724245214,38.103438779531,105.4));
#5872 = CARTESIAN_POINT('',(-11.,38.197676630916,105.4));
#5873 = PCURVE('',#4134,#5874);
#5874 = DEFINITIONAL_REPRESENTATION('',(#5875),#5926);
#5875 = B_SPLINE_CURVE_WITH_KNOTS('',7,(#5876,#5877,#5878,#5879,#5880,
    #5881,#5882,#5883,#5884,#5885,#5886,#5887,#5888,#5889,#5890,#5891,
    #5892,#5893,#5894,#5895,#5896,#5897,#5898,#5899,#5900,#5901,#5902,
    #5903,#5904,#5905,#5906,#5907,#5908,#5909,#5910,#5911,#5912,#5913,
    #5914,#5915,#5916,#5917,#5918,#5919,#5920,#5921,#5922,#5923,#5924,
    #5925),.UNSPECIFIED.,.T.,.F.,(8,6,6,6,6,6,6,6,8),(0.,0.146584526204,
    0.272163335419,0.4362282981,0.573509045091,0.679222963707,
    0.784922047406,0.887883418464,1.),.UNSPECIFIED.);
#5876 = CARTESIAN_POINT('',(-1.851185411646,-24.7));
#5877 = CARTESIAN_POINT('',(-1.842386619267,-24.7));
#5878 = CARTESIAN_POINT('',(-1.83377683489,-24.64508932514));
#5879 = CARTESIAN_POINT('',(-1.825644352298,-24.53893160172));
#5880 = CARTESIAN_POINT('',(-1.818237216401,-24.38807471553));
#5881 = CARTESIAN_POINT('',(-1.811747878741,-24.20172402081));
#5882 = CARTESIAN_POINT('',(-1.806289603275,-23.99147763696));
#5883 = CARTESIAN_POINT('',(-1.798082387442,-23.58207420429));
#5884 = CARTESIAN_POINT('',(-1.794971941248,-23.38138812265));
#5885 = CARTESIAN_POINT('',(-1.792514727376,-23.1724190431));
#5886 = CARTESIAN_POINT('',(-1.790689090338,-22.95781139641));
#5887 = CARTESIAN_POINT('',(-1.789478304457,-22.73967966067));
#5888 = CARTESIAN_POINT('',(-1.788872949165,-22.51983815458));
#5889 = CARTESIAN_POINT('',(-1.788872949165,-22.01278801851));
#5890 = CARTESIAN_POINT('',(-1.789906226126,-21.72537185875));
#5891 = CARTESIAN_POINT('',(-1.791975356228,-21.44161259059));
#5892 = CARTESIAN_POINT('',(-1.795110199257,-21.16573148252));
#5893 = CARTESIAN_POINT('',(-1.799354549643,-20.90324504657));
#5894 = CARTESIAN_POINT('',(-1.804758778054,-20.66137811827));
#5895 = CARTESIAN_POINT('',(-1.81687121192,-20.27454116646));
#5896 = CARTESIAN_POINT('',(-1.823339326796,-20.11646697885));
#5897 = CARTESIAN_POINT('',(-1.83064264839,-19.99072739138));
#5898 = CARTESIAN_POINT('',(-1.838559282979,-19.90729282001));
#5899 = CARTESIAN_POINT('',(-1.846797967113,-19.87171112899));
#5900 = CARTESIAN_POINT('',(-1.85503853451,-19.88485160126));
#5901 = CARTESIAN_POINT('',(-1.869093741295,-19.98691127823));
#5902 = CARTESIAN_POINT('',(-1.875088009102,-20.05812835826));
#5903 = CARTESIAN_POINT('',(-1.880862622179,-20.15545838684));
#5904 = CARTESIAN_POINT('',(-1.886321649385,-20.27753521935));
#5905 = CARTESIAN_POINT('',(-1.891375435193,-20.42240449454));
#5906 = CARTESIAN_POINT('',(-1.895943781979,-20.58759435689));
#5907 = CARTESIAN_POINT('',(-1.903974385222,-20.95274486958));
#5908 = CARTESIAN_POINT('',(-1.907437996194,-21.15275530316));
#5909 = CARTESIAN_POINT('',(-1.910281069685,-21.36725341604));
#5910 = CARTESIAN_POINT('',(-1.912450292865,-21.59288711343));
#5911 = CARTESIAN_POINT('',(-1.913909087861,-21.82605487792));
#5912 = CARTESIAN_POINT('',(-1.91463857415,-22.06302047483));
#5913 = CARTESIAN_POINT('',(-1.91463857415,-22.53084151697));
#5914 = CARTESIAN_POINT('',(-1.913946397507,-22.76168640553));
#5915 = CARTESIAN_POINT('',(-1.912561955828,-22.99028578169));
#5916 = CARTESIAN_POINT('',(-1.91047987118,-23.21429471044));
#5917 = CARTESIAN_POINT('',(-1.907691460435,-23.43109821317));
#5918 = CARTESIAN_POINT('',(-1.904186982851,-23.63758834317));
#5919 = CARTESIAN_POINT('',(-1.89535583282,-24.03913961691));
#5920 = CARTESIAN_POINT('',(-1.88980819268,-24.23549217637));
#5921 = CARTESIAN_POINT('',(-1.883341261172,-24.40843425382));
#5922 = CARTESIAN_POINT('',(-1.87605912579,-24.54859688561));
#5923 = CARTESIAN_POINT('',(-1.868126224675,-24.64794404275));
#5924 = CARTESIAN_POINT('',(-1.859752489045,-24.7));
#5925 = CARTESIAN_POINT('',(-1.851185411646,-24.7));
#5926 = ( GEOMETRIC_REPRESENTATION_CONTEXT(2) 
PARAMETRIC_REPRESENTATION_CONTEXT() REPRESENTATION_CONTEXT('2D SPACE',''
  ) );
#5927 = PCURVE('',#5928,#5933);
#5928 = CYLINDRICAL_SURFACE('',#5929,2.4);
#5929 = AXIS2_PLACEMENT_3D('',#5930,#5931,#5932);
#5930 = CARTESIAN_POINT('',(-11.,18.197676630916,103.));
#5931 = DIRECTION('',(0.,1.,0.));
#5932 = DIRECTION('',(0.,-0.,1.));
#5933 = DEFINITIONAL_REPRESENTATION('',(#5934),#5985);
#5934 = B_SPLINE_CURVE_WITH_KNOTS('',7,(#5935,#5936,#5937,#5938,#5939,
    #5940,#5941,#5942,#5943,#5944,#5945,#5946,#5947,#5948,#5949,#5950,
    #5951,#5952,#5953,#5954,#5955,#5956,#5957,#5958,#5959,#5960,#5961,
    #5962,#5963,#5964,#5965,#5966,#5967,#5968,#5969,#5970,#5971,#5972,
    #5973,#5974,#5975,#5976,#5977,#5978,#5979,#5980,#5981,#5982,#5983,
    #5984),.UNSPECIFIED.,.F.,.F.,(8,6,6,6,6,6,6,6,8),(0.,0.146584526204,
    0.272163335419,0.4362282981,0.573509045091,0.679222963707,
    0.784922047406,0.887883418464,1.),.UNSPECIFIED.);
#5935 = CARTESIAN_POINT('',(0.,20.));
#5936 = CARTESIAN_POINT('',(0.140038927508,20.096786716164));
#5937 = CARTESIAN_POINT('',(0.277483390717,20.188044158531));
#5938 = CARTESIAN_POINT('',(0.412182577507,20.270856452394));
#5939 = CARTESIAN_POINT('',(0.543794048816,20.343419110983));
#5940 = CARTESIAN_POINT('',(0.67168405507,20.405003895509));
#5941 = CARTESIAN_POINT('',(0.794786842943,20.45557609939));
#5942 = CARTESIAN_POINT('',(1.010674562365,20.530291539011));
#5943 = CARTESIAN_POINT('',(1.107521407338,20.557960510791));
#5944 = CARTESIAN_POINT('',(1.202267413392,20.579450865635));
#5945 = CARTESIAN_POINT('',(1.295452682921,20.595241007048));
#5946 = CARTESIAN_POINT('',(1.387596534062,20.605653741155));
#5947 = CARTESIAN_POINT('',(1.479197095718,20.610859801163));
#5948 = CARTESIAN_POINT('',(1.690467985749,20.610859801163));
#5949 = CARTESIAN_POINT('',(1.810224168757,20.601973496727));
#5950 = CARTESIAN_POINT('',(1.931259184267,20.584179599793));
#5951 = CARTESIAN_POINT('',(2.054619134122,20.556957366432));
#5952 = CARTESIAN_POINT('',(2.181398099886,20.519410756715));
#5953 = CARTESIAN_POINT('',(2.312772325144,20.470190545416));
#5954 = CARTESIAN_POINT('',(2.565637083683,20.355483587102));
#5955 = CARTESIAN_POINT('',(2.687680040984,20.292857597153));
#5956 = CARTESIAN_POINT('',(2.813800709411,20.22010573331));
#5957 = CARTESIAN_POINT('',(2.942375270751,20.13842765674));
#5958 = CARTESIAN_POINT('',(3.072120952581,20.050084730968));
#5959 = CARTESIAN_POINT('',(3.201875951449,19.958533201157));
#5960 = CARTESIAN_POINT('',(3.428818885967,19.797605087019));
#5961 = CARTESIAN_POINT('',(3.527562954633,19.727312212826));
#5962 = CARTESIAN_POINT('',(3.626300552484,19.657994901581));
#5963 = CARTESIAN_POINT('',(3.725031407081,19.591033827076));
#5964 = CARTESIAN_POINT('',(3.823763274893,19.527863033399));
#5965 = CARTESIAN_POINT('',(3.922501342877,19.469871171223));
#5966 = CARTESIAN_POINT('',(4.119961994436,19.366684088799));
#5967 = CARTESIAN_POINT('',(4.218713695019,19.321472073901));
#5968 = CARTESIAN_POINT('',(4.317456389809,19.283876370574));
#5969 = CARTESIAN_POINT('',(4.416185492065,19.254934909876));
#5970 = CARTESIAN_POINT('',(4.514912114784,19.235386535911));
#5971 = CARTESIAN_POINT('',(4.613647511565,19.225611573089));
#5972 = CARTESIAN_POINT('',(4.808572945792,19.225611573089));
#5973 = CARTESIAN_POINT('',(4.904758236249,19.234886732698));
#5974 = CARTESIAN_POINT('',(5.001461739862,19.253438290648));
#5975 = CARTESIAN_POINT('',(5.099158419213,19.281225160257));
#5976 = CARTESIAN_POINT('',(5.198354892098,19.318138167748));
#5977 = CARTESIAN_POINT('',(5.299588505217,19.363952372597));
#5978 = CARTESIAN_POINT('',(5.516733417772,19.477425866243));
#5979 = CARTESIAN_POINT('',(5.635280090742,19.547778739469));
#5980 = CARTESIAN_POINT('',(5.758009509458,19.628325052243));
#5981 = CARTESIAN_POINT('',(5.884324447223,19.716854004586));
#5982 = CARTESIAN_POINT('',(6.013952855826,19.810380269409));
#5983 = CARTESIAN_POINT('',(6.146834285453,19.905762148616));
#5984 = CARTESIAN_POINT('',(6.28318530718,20.));
#5985 = ( GEOMETRIC_REPRESENTATION_CONTEXT(2) 
PARAMETRIC_REPRESENTATION_CONTEXT() REPRESENTATION_CONTEXT('2D SPACE',''
  ) );
#5986 = FACE_BOUND('',#5987,.F.);
#5987 = EDGE_LOOP('',(#5988,#6016,#6089));
#5988 = ORIENTED_EDGE('',*,*,#5989,.F.);
#5989 = EDGE_CURVE('',#5990,#5992,#5994,.T.);
#5990 = VERTEX_POINT('',#5991);
#5991 = CARTESIAN_POINT('',(18.643300711858,35.106834641808,
    100.360813873));
#5992 = VERTEX_POINT('',#5993);
#5993 = CARTESIAN_POINT('',(18.643300711858,35.106834641808,
    93.639186126994));
#5994 = SURFACE_CURVE('',#5995,(#5999,#6005),.PCURVE_S1.);
#5995 = LINE('',#5996,#5997);
#5996 = CARTESIAN_POINT('',(18.643300711858,35.106834641808,80.7));
#5997 = VECTOR('',#5998,1.);
#5998 = DIRECTION('',(-0.,-0.,-1.));
#5999 = PCURVE('',#4134,#6000);
#6000 = DEFINITIONAL_REPRESENTATION('',(#6001),#6004);
#6001 = B_SPLINE_CURVE_WITH_KNOTS('',1,(#6002,#6003),.UNSPECIFIED.,.F.,
  .F.,(2,2),(-22.,-10.6),.PIECEWISE_BEZIER_KNOTS.);
#6002 = CARTESIAN_POINT('',(-1.082622451663,-22.));
#6003 = CARTESIAN_POINT('',(-1.082622451663,-10.6));
#6004 = ( GEOMETRIC_REPRESENTATION_CONTEXT(2) 
PARAMETRIC_REPRESENTATION_CONTEXT() REPRESENTATION_CONTEXT('2D SPACE',''
  ) );
#6005 = PCURVE('',#6006,#6011);
#6006 = PLANE('',#6007);
#6007 = AXIS2_PLACEMENT_3D('',#6008,#6009,#6010);
#6008 = CARTESIAN_POINT('',(22.,35.106834641808,97.));
#6009 = DIRECTION('',(0.,1.,0.));
#6010 = DIRECTION('',(0.,-0.,1.));
#6011 = DEFINITIONAL_REPRESENTATION('',(#6012),#6015);
#6012 = B_SPLINE_CURVE_WITH_KNOTS('',1,(#6013,#6014),.UNSPECIFIED.,.F.,
  .F.,(2,2),(-22.,-10.6),.PIECEWISE_BEZIER_KNOTS.);
#6013 = CARTESIAN_POINT('',(5.7,-3.356699288142));
#6014 = CARTESIAN_POINT('',(-5.7,-3.356699288142));
#6015 = ( GEOMETRIC_REPRESENTATION_CONTEXT(2) 
PARAMETRIC_REPRESENTATION_CONTEXT() REPRESENTATION_CONTEXT('2D SPACE',''
  ) );
#6016 = ORIENTED_EDGE('',*,*,#6017,.T.);
#6017 = EDGE_CURVE('',#5990,#6018,#6020,.T.);
#6018 = VERTEX_POINT('',#6019);
#6019 = CARTESIAN_POINT('',(22.,33.106834641808,101.75));
#6020 = SURFACE_CURVE('',#6021,(#6040,#6062),.PCURVE_S1.);
#6021 = B_SPLINE_CURVE_WITH_KNOTS('',5,(#6022,#6023,#6024,#6025,#6026,
    #6027,#6028,#6029,#6030,#6031,#6032,#6033,#6034,#6035,#6036,#6037,
    #6038,#6039),.UNSPECIFIED.,.F.,.F.,(6,4,4,4,6),(0.,0.152978544179,
    0.466216172777,0.821194205109,1.),.UNSPECIFIED.);
#6022 = CARTESIAN_POINT('',(18.64329958201,35.106835241808,
    100.36081274454));
#6023 = CARTESIAN_POINT('',(18.723773533001,35.064099974828,
    100.44118822674));
#6024 = CARTESIAN_POINT('',(18.806854137497,35.019684960276,
    100.51935610612));
#6025 = CARTESIAN_POINT('',(18.892453550862,34.973596302015,
    100.59517908018));
#6026 = CARTESIAN_POINT('',(18.980465416577,34.925850377669,
    100.66852405875));
#6027 = CARTESIAN_POINT('',(19.255661288353,34.775370837017,
    100.88410493565));
#6028 = CARTESIAN_POINT('',(19.450209644344,34.667398447678,
    101.01806684241));
#6029 = CARTESIAN_POINT('',(19.653230028427,34.552846381974,
    101.13994732497));
#6030 = CARTESIAN_POINT('',(19.863344848433,34.432143316468,
    101.24886169907));
#6031 = CARTESIAN_POINT('',(20.323476491093,34.162830987419,
    101.45232535531));
#6032 = CARTESIAN_POINT('',(20.574951967866,34.012721192062,
    101.54296970311));
#6033 = CARTESIAN_POINT('',(20.831270255722,33.856455403206,
    101.615395853));
#6034 = CARTESIAN_POINT('',(21.090128987247,33.695152185238,
    101.66937169672));
#6035 = CARTESIAN_POINT('',(21.479683554861,33.447116855335,
    101.72325362234));
#6036 = CARTESIAN_POINT('',(21.610252199671,33.363089656816,
    101.73670312796));
#6037 = CARTESIAN_POINT('',(21.740652853898,33.278264071561,
    101.74559675349));
#6038 = CARTESIAN_POINT('',(21.870646587913,33.192791970459,101.75));
#6039 = CARTESIAN_POINT('',(22.,33.106834641808,101.75));
#6040 = PCURVE('',#4134,#6041);
#6041 = DEFINITIONAL_REPRESENTATION('',(#6042),#6061);
#6042 = B_SPLINE_CURVE_WITH_KNOTS('',5,(#6043,#6044,#6045,#6046,#6047,
    #6048,#6049,#6050,#6051,#6052,#6053,#6054,#6055,#6056,#6057,#6058,
    #6059,#6060),.UNSPECIFIED.,.F.,.F.,(6,4,4,4,6),(0.,0.152978544179,
    0.466216172777,0.821194205109,1.),.UNSPECIFIED.);
#6043 = CARTESIAN_POINT('',(-1.082622483846,-19.66081274454));
#6044 = CARTESIAN_POINT('',(-1.080330225075,-19.74118822674));
#6045 = CARTESIAN_POINT('',(-1.077960230457,-19.81935610612));
#6046 = CARTESIAN_POINT('',(-1.075514498992,-19.89517908018));
#6047 = CARTESIAN_POINT('',(-1.072995551192,-19.96852405875));
#6048 = CARTESIAN_POINT('',(-1.065104963599,-20.18410493565));
#6049 = CARTESIAN_POINT('',(-1.059507540788,-20.31806684241));
#6050 = CARTESIAN_POINT('',(-1.053643395601,-20.43994732497));
#6051 = CARTESIAN_POINT('',(-1.047547574691,-20.54886169907));
#6052 = CARTESIAN_POINT('',(-1.034134964539,-20.75232535531));
#6053 = CARTESIAN_POINT('',(-1.026767436639,-20.84296970311));
#6054 = CARTESIAN_POINT('',(-1.019215786861,-20.915395853));
#6055 = CARTESIAN_POINT('',(-1.011543130042,-20.96937169672));
#6056 = CARTESIAN_POINT('',(-0.999925110159,-21.02325362234));
#6057 = CARTESIAN_POINT('',(-0.996018995761,-21.03670312796));
#6058 = CARTESIAN_POINT('',(-0.992105533966,-21.04559675349));
#6059 = CARTESIAN_POINT('',(-0.98819172282,-21.05));
#6060 = CARTESIAN_POINT('',(-0.984284571517,-21.05));
#6061 = ( GEOMETRIC_REPRESENTATION_CONTEXT(2) 
PARAMETRIC_REPRESENTATION_CONTEXT() REPRESENTATION_CONTEXT('2D SPACE',''
  ) );
#6062 = PCURVE('',#6063,#6068);
#6063 = CYLINDRICAL_SURFACE('',#6064,4.75);
#6064 = AXIS2_PLACEMENT_3D('',#6065,#6066,#6067);
#6065 = CARTESIAN_POINT('',(22.,12.02688494776,97.));
#6066 = DIRECTION('',(0.,1.,0.));
#6067 = DIRECTION('',(0.,-0.,1.));
#6068 = DEFINITIONAL_REPRESENTATION('',(#6069),#6088);
#6069 = B_SPLINE_CURVE_WITH_KNOTS('',5,(#6070,#6071,#6072,#6073,#6074,
    #6075,#6076,#6077,#6078,#6079,#6080,#6081,#6082,#6083,#6084,#6085,
    #6086,#6087),.UNSPECIFIED.,.F.,.F.,(6,4,4,4,6),(0.,0.152978544179,
    0.466216172777,0.821194205109,1.),.UNSPECIFIED.);
#6070 = CARTESIAN_POINT('',(5.498399323608,23.079950294048));
#6071 = CARTESIAN_POINT('',(5.522344112297,23.037215027068));
#6072 = CARTESIAN_POINT('',(5.546348709696,22.992800012516));
#6073 = CARTESIAN_POINT('',(5.570408340278,22.946711354255));
#6074 = CARTESIAN_POINT('',(5.594516636437,22.898965429909));
#6075 = CARTESIAN_POINT('',(5.668112939586,22.748485889257));
#6076 = CARTESIAN_POINT('',(5.71774719404,22.640513499918));
#6077 = CARTESIAN_POINT('',(5.767468984327,22.525961434214));
#6078 = CARTESIAN_POINT('',(5.817197947103,22.405258368708));
#6079 = CARTESIAN_POINT('',(5.923115615017,22.135946039659));
#6080 = CARTESIAN_POINT('',(5.979252733513,21.985836244303));
#6081 = CARTESIAN_POINT('',(6.035142365938,21.829570455447));
#6082 = CARTESIAN_POINT('',(6.090681938345,21.668267237478));
#6083 = CARTESIAN_POINT('',(6.173474212011,21.420231907575));
#6084 = CARTESIAN_POINT('',(6.20109102057,21.336204709056));
#6085 = CARTESIAN_POINT('',(6.228585951654,21.251379123801));
#6086 = CARTESIAN_POINT('',(6.255953009898,21.165907022699));
#6087 = CARTESIAN_POINT('',(6.28318530718,21.079949694048));
#6088 = ( GEOMETRIC_REPRESENTATION_CONTEXT(2) 
PARAMETRIC_REPRESENTATION_CONTEXT() REPRESENTATION_CONTEXT('2D SPACE',''
  ) );
#6089 = ORIENTED_EDGE('',*,*,#6090,.T.);
#6090 = EDGE_CURVE('',#6018,#5992,#6091,.T.);
#6091 = SURFACE_CURVE('',#6092,(#6160,#6231),.PCURVE_S1.);
#6092 = B_SPLINE_CURVE_WITH_KNOTS('',6,(#6093,#6094,#6095,#6096,#6097,
    #6098,#6099,#6100,#6101,#6102,#6103,#6104,#6105,#6106,#6107,#6108,
    #6109,#6110,#6111,#6112,#6113,#6114,#6115,#6116,#6117,#6118,#6119,
    #6120,#6121,#6122,#6123,#6124,#6125,#6126,#6127,#6128,#6129,#6130,
    #6131,#6132,#6133,#6134,#6135,#6136,#6137,#6138,#6139,#6140,#6141,
    #6142,#6143,#6144,#6145,#6146,#6147,#6148,#6149,#6150,#6151,#6152,
    #6153,#6154,#6155,#6156,#6157,#6158,#6159),.UNSPECIFIED.,.F.,.F.,(7,
    5,5,5,5,5,5,5,5,5,5,5,5,7),(0.,8.724559016422E-02,0.160889962435,
    0.250461818005,0.292937687389,0.331795107839,0.406277067955,
    0.481113546385,0.562055305025,0.650559293095,0.719472258545,
    0.835733480243,0.913799113568,1.),.UNSPECIFIED.);
#6093 = CARTESIAN_POINT('',(22.,33.106834641808,101.75));
#6094 = CARTESIAN_POINT('',(22.280642200631,32.920343590015,101.75));
#6095 = CARTESIAN_POINT('',(22.558168173853,32.73180812918,
    101.73010244586));
#6096 = CARTESIAN_POINT('',(22.831069749263,32.542296651174,
    101.69113710781));
#6097 = CARTESIAN_POINT('',(23.097982229837,32.352932090852,
    101.63400290163));
#6098 = CARTESIAN_POINT('',(23.357668831245,32.164878453303,
    101.55967028478));
#6099 = CARTESIAN_POINT('',(23.821159148264,31.822702861197,
    101.3928035029));
#6100 = CARTESIAN_POINT('',(24.027478067115,31.667776772401,
    101.30487276747));
#6101 = CARTESIAN_POINT('',(24.227494006717,31.515105972574,
    101.20591646665));
#6102 = CARTESIAN_POINT('',(24.42076456324,31.365266953574,
    101.09642355149));
#6103 = CARTESIAN_POINT('',(24.606866731262,31.218852536706,
    100.97684791012));
#6104 = CARTESIAN_POINT('',(25.002525352475,30.903290505266,
    100.69041969193));
#6105 = CARTESIAN_POINT('',(25.208532551222,30.736008646577,
    100.51887486007));
#6106 = CARTESIAN_POINT('',(25.402618638802,30.575753097122,
    100.33373597755));
#6107 = CARTESIAN_POINT('',(25.583999390876,30.423704847833,
    100.13572183182));
#6108 = CARTESIAN_POINT('',(25.751865979236,30.281097214373,
    99.925526527066));
#6109 = CARTESIAN_POINT('',(25.978134836148,30.086678431706,
    99.598709775695));
#6110 = CARTESIAN_POINT('',(26.047676987008,30.026558360449,
    99.491008606036));
#6111 = CARTESIAN_POINT('',(26.11386607623,29.969011229474,
    99.380837438367));
#6112 = CARTESIAN_POINT('',(26.176594041193,29.914187742525,
    99.268302884138));
#6113 = CARTESIAN_POINT('',(26.23575593281,29.86223509977,
    99.153514331313));
#6114 = CARTESIAN_POINT('',(26.342016457807,29.768527851657,
    98.929614663353));
#6115 = CARTESIAN_POINT('',(26.389713613427,29.726280819401,
    98.820851748625));
#6116 = CARTESIAN_POINT('',(26.434249842255,29.686677965127,
    98.710409632789));
#6117 = CARTESIAN_POINT('',(26.475540701342,29.649832526016,
    98.598405524127));
#6118 = CARTESIAN_POINT('',(26.513508844923,29.615848912341,
    98.484959406599));
#6119 = CARTESIAN_POINT('',(26.614357778839,29.525351632778,
    98.150211617682));
#6120 = CARTESIAN_POINT('',(26.668193879412,29.47671932205,
    97.925283958262));
#6121 = CARTESIAN_POINT('',(26.708981909817,29.439699873517,
    97.6965788614));
#6122 = CARTESIAN_POINT('',(26.736319510252,29.414826600579,
    97.465307129455));
#6123 = CARTESIAN_POINT('',(26.75,29.402380855978,97.232702236916));
#6124 = CARTESIAN_POINT('',(26.75,29.402380855978,96.76619014985));
#6125 = CARTESIAN_POINT('',(26.736188960029,29.414945356787,
    96.532479931533));
#6126 = CARTESIAN_POINT('',(26.708590922824,29.440055620964,
    96.300122056737));
#6127 = CARTESIAN_POINT('',(26.667416368071,29.477425002083,
    96.070366818914));
#6128 = CARTESIAN_POINT('',(26.61307493606,29.526510425429,
    95.844441317276));
#6129 = CARTESIAN_POINT('',(26.473844635207,29.651433305157,
    95.384593636314));
#6130 = CARTESIAN_POINT('',(26.386842365866,29.7291119012,
    95.151577233572));
#6131 = CARTESIAN_POINT('',(26.285818479604,29.818701111259,
    94.925427624254));
#6132 = CARTESIAN_POINT('',(26.171468980252,29.919219793541,
    94.707062365063));
#6133 = CARTESIAN_POINT('',(26.044571113595,30.02958861771,
    94.497352911788));
#6134 = CARTESIAN_POINT('',(25.754494479652,30.278844416218,
    94.078156930422));
#6135 = CARTESIAN_POINT('',(25.588956591345,30.419498941525,
    93.870409900726));
#6136 = CARTESIAN_POINT('',(25.410227886126,30.569378422457,
    93.674530406795));
#6137 = CARTESIAN_POINT('',(25.219088486387,30.727294082227,
    93.491187212712));
#6138 = CARTESIAN_POINT('',(25.016294770648,30.892106881682,
    93.321072004759));
#6139 = CARTESIAN_POINT('',(24.636228300253,31.195578019918,
    93.043326179089));
#6140 = CARTESIAN_POINT('',(24.463198477844,31.331985643179,
    92.930166886007));
#6141 = CARTESIAN_POINT('',(24.283855298941,31.471454272168,
    92.825777743861));
#6142 = CARTESIAN_POINT('',(24.098540989814,31.613499714382,
    92.730525043734));
#6143 = CARTESIAN_POINT('',(23.907610846996,31.75765081764,
    92.644802409479));
#6144 = CARTESIAN_POINT('',(23.380478773748,32.149428464267,
    92.441200506171));
#6145 = CARTESIAN_POINT('',(23.033950031767,32.400581440866,
    92.341445593433));
#6146 = CARTESIAN_POINT('',(22.674589217241,32.653969713479,
    92.272409539359));
#6147 = CARTESIAN_POINT('',(22.305536136837,32.906697211606,
    92.236402740116));
#6148 = CARTESIAN_POINT('',(21.930352613218,33.156052857282,
    92.235408974474));
#6149 = CARTESIAN_POINT('',(21.299595762833,33.563084834581,
    92.295033051542));
#6150 = CARTESIAN_POINT('',(21.045462212742,33.723812172766,
    92.33549432555));
#6151 = CARTESIAN_POINT('',(20.792425775847,33.880597861141,
    92.392845485862));
#6152 = CARTESIAN_POINT('',(20.542353076441,34.032434029373,
    92.467126253125));
#6153 = CARTESIAN_POINT('',(20.29707676761,34.178467540456,
    92.558042747623));
#6154 = CARTESIAN_POINT('',(19.794715639242,34.47208971906,
    92.783051053262));
#6155 = CARTESIAN_POINT('',(19.539395976403,34.618060073495,
    92.920505911383));
#6156 = CARTESIAN_POINT('',(19.294643343858,34.7550437329,93.07642832677
    ));
#6157 = CARTESIAN_POINT('',(19.062559107289,34.882407617546,
    93.249448159199));
#6158 = CARTESIAN_POINT('',(18.844966829146,34.999740914497,
    93.437766770532));
#6159 = CARTESIAN_POINT('',(18.64329958201,35.106835241808,
    93.63918725546));
#6160 = PCURVE('',#4134,#6161);
#6161 = DEFINITIONAL_REPRESENTATION('',(#6162),#6230);
#6162 = B_SPLINE_CURVE_WITH_KNOTS('',6,(#6163,#6164,#6165,#6166,#6167,
    #6168,#6169,#6170,#6171,#6172,#6173,#6174,#6175,#6176,#6177,#6178,
    #6179,#6180,#6181,#6182,#6183,#6184,#6185,#6186,#6187,#6188,#6189,
    #6190,#6191,#6192,#6193,#6194,#6195,#6196,#6197,#6198,#6199,#6200,
    #6201,#6202,#6203,#6204,#6205,#6206,#6207,#6208,#6209,#6210,#6211,
    #6212,#6213,#6214,#6215,#6216,#6217,#6218,#6219,#6220,#6221,#6222,
    #6223,#6224,#6225,#6226,#6227,#6228,#6229),.UNSPECIFIED.,.F.,.F.,(7,
    5,5,5,5,5,5,5,5,5,5,5,5,7),(0.,8.724559016422E-02,0.160889962435,
    0.250461818005,0.292937687389,0.331795107839,0.406277067955,
    0.481113546385,0.562055305025,0.650559293095,0.719472258545,
    0.835733480243,0.913799113568,1.),.UNSPECIFIED.);
#6163 = CARTESIAN_POINT('',(-0.984284571517,-21.05));
#6164 = CARTESIAN_POINT('',(-0.975807705527,-21.05));
#6165 = CARTESIAN_POINT('',(-0.967367669797,-21.03010244586));
#6166 = CARTESIAN_POINT('',(-0.959009836141,-20.99113710781));
#6167 = CARTESIAN_POINT('',(-0.950777400082,-20.93400290163));
#6168 = CARTESIAN_POINT('',(-0.942711665474,-20.85967028478));
#6169 = CARTESIAN_POINT('',(-0.928218230009,-20.6928035029));
#6170 = CARTESIAN_POINT('',(-0.921727606859,-20.60487276747));
#6171 = CARTESIAN_POINT('',(-0.915397722129,-20.50591646665));
#6172 = CARTESIAN_POINT('',(-0.909245736244,-20.39642355149));
#6173 = CARTESIAN_POINT('',(-0.903288796304,-20.27684791012));
#6174 = CARTESIAN_POINT('',(-0.890557020818,-19.99041969193));
#6175 = CARTESIAN_POINT('',(-0.883881259617,-19.81887486007));
#6176 = CARTESIAN_POINT('',(-0.877549558355,-19.63373597755));
#6177 = CARTESIAN_POINT('',(-0.871595540705,-19.43572183182));
#6178 = CARTESIAN_POINT('',(-0.866054399663,-19.22552652706));
#6179 = CARTESIAN_POINT('',(-0.858549433443,-18.89870977569));
#6180 = CARTESIAN_POINT('',(-0.856236820162,-18.79100860603));
#6181 = CARTESIAN_POINT('',(-0.854030345829,-18.68083743836));
#6182 = CARTESIAN_POINT('',(-0.85193452796,-18.56830288413));
#6183 = CARTESIAN_POINT('',(-0.849953776266,-18.45351433131));
#6184 = CARTESIAN_POINT('',(-0.846389577211,-18.22961466335));
#6185 = CARTESIAN_POINT('',(-0.844786642372,-18.12085174862));
#6186 = CARTESIAN_POINT('',(-0.843287338425,-18.01040963278));
#6187 = CARTESIAN_POINT('',(-0.841895138651,-17.89840552412));
#6188 = CARTESIAN_POINT('',(-0.840613239323,-17.78495940659));
#6189 = CARTESIAN_POINT('',(-0.837204432892,-17.45021161768));
#6190 = CARTESIAN_POINT('',(-0.835379298126,-17.22528395826));
#6191 = CARTESIAN_POINT('',(-0.833993573203,-16.9965788614));
#6192 = CARTESIAN_POINT('',(-0.833063766072,-16.76530712945));
#6193 = CARTESIAN_POINT('',(-0.832598492255,-16.53270223691));
#6194 = CARTESIAN_POINT('',(-0.832598492255,-16.06619014985));
#6195 = CARTESIAN_POINT('',(-0.833068205892,-15.83247993153));
#6196 = CARTESIAN_POINT('',(-0.834006871564,-15.60012205673));
#6197 = CARTESIAN_POINT('',(-0.83540571327,-15.37036681891));
#6198 = CARTESIAN_POINT('',(-0.83724792256,-15.14444131727));
#6199 = CARTESIAN_POINT('',(-0.841953791403,-14.68459363631));
#6200 = CARTESIAN_POINT('',(-0.844887957894,-14.45157723357));
#6201 = CARTESIAN_POINT('',(-0.848284808636,-14.22542762425));
#6202 = CARTESIAN_POINT('',(-0.852114911144,-14.00706236506));
#6203 = CARTESIAN_POINT('',(-0.856345765283,-13.79735291178));
#6204 = CARTESIAN_POINT('',(-0.865967310225,-13.37815693042));
#6205 = CARTESIAN_POINT('',(-0.871431995053,-13.17040990072));
#6206 = CARTESIAN_POINT('',(-0.877299841349,-12.97453040679));
#6207 = CARTESIAN_POINT('',(-0.883536913529,-12.79118721271));
#6208 = CARTESIAN_POINT('',(-0.890110774491,-12.62107200475));
#6209 = CARTESIAN_POINT('',(-0.902346225603,-12.34332617908));
#6210 = CARTESIAN_POINT('',(-0.907889072029,-12.230166886));
#6211 = CARTESIAN_POINT('',(-0.913604358612,-12.12577774386));
#6212 = CARTESIAN_POINT('',(-0.919478132822,-12.03052504373));
#6213 = CARTESIAN_POINT('',(-0.925496477011,-11.94480240947));
#6214 = CARTESIAN_POINT('',(-0.942019205594,-11.74120050617));
#6215 = CARTESIAN_POINT('',(-0.952785021819,-11.64144559343));
#6216 = CARTESIAN_POINT('',(-0.963845482405,-11.57240953935));
#6217 = CARTESIAN_POINT('',(-0.975096519377,-11.53640274011));
#6218 = CARTESIAN_POINT('',(-0.98642855758,-11.53540897447));
#6219 = CARTESIAN_POINT('',(-1.005313736019,-11.59503305154));
#6220 = CARTESIAN_POINT('',(-1.012878058514,-11.63549432555));
#6221 = CARTESIAN_POINT('',(-1.020366216774,-11.69284548586));
#6222 = CARTESIAN_POINT('',(-1.027725752879,-11.76712625312));
#6223 = CARTESIAN_POINT('',(-1.034906852523,-11.85804274762));
#6224 = CARTESIAN_POINT('',(-1.049545264243,-12.08305105326));
#6225 = CARTESIAN_POINT('',(-1.056943690988,-12.22050591138));
#6226 = CARTESIAN_POINT('',(-1.063999359946,-12.37642832677));
#6227 = CARTESIAN_POINT('',(-1.070659062677,-12.54944815919));
#6228 = CARTESIAN_POINT('',(-1.07687809687,-12.73776677053));
#6229 = CARTESIAN_POINT('',(-1.082622483846,-12.93918725546));
#6230 = ( GEOMETRIC_REPRESENTATION_CONTEXT(2) 
PARAMETRIC_REPRESENTATION_CONTEXT() REPRESENTATION_CONTEXT('2D SPACE',''
  ) );
#6231 = PCURVE('',#6063,#6232);
#6232 = DEFINITIONAL_REPRESENTATION('',(#6233),#6301);
#6233 = B_SPLINE_CURVE_WITH_KNOTS('',6,(#6234,#6235,#6236,#6237,#6238,
    #6239,#6240,#6241,#6242,#6243,#6244,#6245,#6246,#6247,#6248,#6249,
    #6250,#6251,#6252,#6253,#6254,#6255,#6256,#6257,#6258,#6259,#6260,
    #6261,#6262,#6263,#6264,#6265,#6266,#6267,#6268,#6269,#6270,#6271,
    #6272,#6273,#6274,#6275,#6276,#6277,#6278,#6279,#6280,#6281,#6282,
    #6283,#6284,#6285,#6286,#6287,#6288,#6289,#6290,#6291,#6292,#6293,
    #6294,#6295,#6296,#6297,#6298,#6299,#6300),.UNSPECIFIED.,.F.,.F.,(7,
    5,5,5,5,5,5,5,5,5,5,5,5,7),(0.,8.724559016422E-02,0.160889962435,
    0.250461818005,0.292937687389,0.331795107839,0.406277067955,
    0.481113546385,0.562055305025,0.650559293095,0.719472258545,
    0.835733480243,0.913799113568,1.),.UNSPECIFIED.);
#6234 = CARTESIAN_POINT('',(0.,21.079949694048));
#6235 = CARTESIAN_POINT('',(5.908256855383E-02,20.893458642255));
#6236 = CARTESIAN_POINT('',(0.11750919335,20.70492318142));
#6237 = CARTESIAN_POINT('',(0.175333102457,20.515411703414));
#6238 = CARTESIAN_POINT('',(0.232597983248,20.326047143093));
#6239 = CARTESIAN_POINT('',(0.289337563401,20.137993505543));
#6240 = CARTESIAN_POINT('',(0.393045612355,19.795817913437));
#6241 = CARTESIAN_POINT('',(0.440183936971,19.640891824641));
#6242 = CARTESIAN_POINT('',(0.48705252157,19.488221024815));
#6243 = CARTESIAN_POINT('',(0.533708155956,19.338382005814));
#6244 = CARTESIAN_POINT('',(0.580206237648,19.191967588947));
#6245 = CARTESIAN_POINT('',(0.683038563577,18.876405557506));
#6246 = CARTESIAN_POINT('',(0.739346753455,18.709123698817));
#6247 = CARTESIAN_POINT('',(0.795623909994,18.548868149362));
#6248 = CARTESIAN_POINT('',(0.85196356319,18.396819900074));
#6249 = CARTESIAN_POINT('',(0.908463134252,18.254212266613));
#6250 = CARTESIAN_POINT('',(0.992147486343,18.059793483946));
#6251 = CARTESIAN_POINT('',(1.019123301418,17.999673412689));
#6252 = CARTESIAN_POINT('',(1.046159911077,17.942126281714));
#6253 = CARTESIAN_POINT('',(1.073261781837,17.887302794765));
#6254 = CARTESIAN_POINT('',(1.100434072443,17.835350152011));
#6255 = CARTESIAN_POINT('',(1.152609935506,17.741642903897));
#6256 = CARTESIAN_POINT('',(1.177601293782,17.699395871642));
#6257 = CARTESIAN_POINT('',(1.202654642618,17.659793017367));
#6258 = CARTESIAN_POINT('',(1.227768601861,17.622947578256));
#6259 = CARTESIAN_POINT('',(1.252942477286,17.588963964581));
#6260 = CARTESIAN_POINT('',(1.326544413204,17.498466685018));
#6261 = CARTESIAN_POINT('',(1.375154047178,17.44983437429));
#6262 = CARTESIAN_POINT('',(1.423936585566,17.412814925757));
#6263 = CARTESIAN_POINT('',(1.472836879238,17.387941652819));
#6264 = CARTESIAN_POINT('',(1.521806382181,17.375495908219));
#6265 = CARTESIAN_POINT('',(1.620019453142,17.375495908219));
#6266 = CARTESIAN_POINT('',(1.669221657967,17.388060409027));
#6267 = CARTESIAN_POINT('',(1.718353645478,17.413170673205));
#6268 = CARTESIAN_POINT('',(1.767366348339,17.450540054323));
#6269 = CARTESIAN_POINT('',(1.816203946083,17.499625477669));
#6270 = CARTESIAN_POINT('',(1.917354110936,17.624548357398));
#6271 = CARTESIAN_POINT('',(1.969613166417,17.70222695344));
#6272 = CARTESIAN_POINT('',(2.021604940265,17.791816163499));
#6273 = CARTESIAN_POINT('',(2.073349589781,17.892334845782));
#6274 = CARTESIAN_POINT('',(2.124856074728,18.002703669951));
#6275 = CARTESIAN_POINT('',(2.232176956743,18.251959468459));
#6276 = CARTESIAN_POINT('',(2.287972774159,18.392613993765));
#6277 = CARTESIAN_POINT('',(2.343611120896,18.542493474697));
#6278 = CARTESIAN_POINT('',(2.399185760943,18.700409134468));
#6279 = CARTESIAN_POINT('',(2.454786724696,18.865221933922));
#6280 = CARTESIAN_POINT('',(2.553889238138,19.168693072159));
#6281 = CARTESIAN_POINT('',(2.597356282042,19.30510069542));
#6282 = CARTESIAN_POINT('',(2.640954077351,19.444569324408));
#6283 = CARTESIAN_POINT('',(2.684728686602,19.586614766623));
#6284 = CARTESIAN_POINT('',(2.72872711557,19.73076586988));
#6285 = CARTESIAN_POINT('',(2.847692546462,20.122543516507));
#6286 = CARTESIAN_POINT('',(2.92331284205,20.373696493106));
#6287 = CARTESIAN_POINT('',(2.999872969661,20.627084765719));
#6288 = CARTESIAN_POINT('',(3.077424790117,20.879812263846));
#6289 = CARTESIAN_POINT('',(3.156040573018,21.129167909522));
#6290 = CARTESIAN_POINT('',(3.289423446804,21.536199886821));
#6291 = CARTESIAN_POINT('',(3.343489443833,21.696927225006));
#6292 = CARTESIAN_POINT('',(3.397937017399,21.853712913381));
#6293 = CARTESIAN_POINT('',(3.452677605049,22.005549081613));
#6294 = CARTESIAN_POINT('',(3.507627539623,22.151582592696));
#6295 = CARTESIAN_POINT('',(3.623511795739,22.4452047713));
#6296 = CARTESIAN_POINT('',(3.684396516991,22.591175125735));
#6297 = CARTESIAN_POINT('',(3.745244498822,22.728158785141));
#6298 = CARTESIAN_POINT('',(3.805944872352,22.855522669787));
#6299 = CARTESIAN_POINT('',(3.866373137759,22.972855966737));
#6300 = CARTESIAN_POINT('',(3.926378637162,23.079950294048));
#6301 = ( GEOMETRIC_REPRESENTATION_CONTEXT(2) 
PARAMETRIC_REPRESENTATION_CONTEXT() REPRESENTATION_CONTEXT('2D SPACE',''
  ) );
#6302 = FACE_BOUND('',#6303,.F.);
#6303 = EDGE_LOOP('',(#6304));
#6304 = ORIENTED_EDGE('',*,*,#6305,.T.);
#6305 = EDGE_CURVE('',#6306,#6306,#6308,.T.);
#6306 = VERTEX_POINT('',#6307);
#6307 = CARTESIAN_POINT('',(-1.16341445919E-15,39.75,101.75));
#6308 = SURFACE_CURVE('',#6309,(#6384,#6462),.PCURVE_S1.);
#6309 = B_SPLINE_CURVE_WITH_KNOTS('',7,(#6310,#6311,#6312,#6313,#6314,
    #6315,#6316,#6317,#6318,#6319,#6320,#6321,#6322,#6323,#6324,#6325,
    #6326,#6327,#6328,#6329,#6330,#6331,#6332,#6333,#6334,#6335,#6336,
    #6337,#6338,#6339,#6340,#6341,#6342,#6343,#6344,#6345,#6346,#6347,
    #6348,#6349,#6350,#6351,#6352,#6353,#6354,#6355,#6356,#6357,#6358,
    #6359,#6360,#6361,#6362,#6363,#6364,#6365,#6366,#6367,#6368,#6369,
    #6370,#6371,#6372,#6373,#6374,#6375,#6376,#6377,#6378,#6379,#6380,
    #6381,#6382,#6383),.UNSPECIFIED.,.T.,.F.,(8,6,6,6,6,6,6,6,6,6,6,6,8)
  ,(0.,4.66259809084E-02,0.119014955494,0.178604229184,0.248935078715,
    0.380814637089,0.503121773722,0.620876297946,0.749877820219,
    0.822185467793,0.881511572397,0.953580849508,1.),.UNSPECIFIED.);
#6310 = CARTESIAN_POINT('',(8.881784197001E-16,39.75,101.75));
#6311 = CARTESIAN_POINT('',(0.240316658491,39.75,101.75));
#6312 = CARTESIAN_POINT('',(0.480234817564,39.748304995282,
    101.7358152222));
#6313 = CARTESIAN_POINT('',(0.718065468934,39.744924968182,
    101.70753062463));
#6314 = CARTESIAN_POINT('',(0.952141291928,39.739941339384,101.665561352
    ));
#6315 = CARTESIAN_POINT('',(1.18085981911,39.73350379251,101.61064602277
    ));
#6316 = CARTESIAN_POINT('',(1.40272577367,39.725817669661,
    101.54384120812));
#6317 = CARTESIAN_POINT('',(1.948120096397,39.703621415435,
    101.34646788225));
#6318 = CARTESIAN_POINT('',(2.259855938906,39.687696633874,
    101.20114620403));
#6319 = CARTESIAN_POINT('',(2.550495065365,39.670090767139,
    101.03433096001));
#6320 = CARTESIAN_POINT('',(2.81939906899,39.65152884891,100.84946824491
    ));
#6321 = CARTESIAN_POINT('',(3.066315296506,39.632660634571,
    100.64972225865));
#6322 = CARTESIAN_POINT('',(3.291306150659,39.614031484358,
    100.4380196733));
#6323 = CARTESIAN_POINT('',(3.662109250721,39.581304979206,
    100.03522013128));
#6324 = CARTESIAN_POINT('',(3.815307839693,39.566951584112,
    99.846642541815));
#6325 = CARTESIAN_POINT('',(3.954662765207,39.553241007352,
    99.652458184076));
#6326 = CARTESIAN_POINT('',(4.080554034791,39.540349906639,
    99.453586164796));
#6327 = CARTESIAN_POINT('',(4.193344506572,39.528418417209,
    99.250789855742));
#6328 = CARTESIAN_POINT('',(4.293361154926,39.517556896554,
    99.044705539317));
#6329 = CARTESIAN_POINT('',(4.484167023555,39.496399155543,
    98.589392017821));
#6330 = CARTESIAN_POINT('',(4.570043761642,39.486558000033,
    98.339080855102));
#6331 = CARTESIAN_POINT('',(4.638928603585,39.478474360529,
    98.085882616563));
#6332 = CARTESIAN_POINT('',(4.691152961319,39.472249934696,
    97.830595595479));
#6333 = CARTESIAN_POINT('',(4.726948897653,39.467948744095,
    97.573915134598));
#6334 = CARTESIAN_POINT('',(4.746440418378,39.465602918319,
    97.31647743292));
#6335 = CARTESIAN_POINT('',(4.755624581709,39.464497605258,
    96.575918201541));
#6336 = CARTESIAN_POINT('',(4.704301873284,39.470673118112,
    96.093223637729));
#6337 = CARTESIAN_POINT('',(4.596051286658,39.483736430317,
    95.614409204296));
#6338 = CARTESIAN_POINT('',(4.429441162063,39.503362531034,
    95.143301446826));
#6339 = CARTESIAN_POINT('',(4.201707203873,39.528882784628,
    94.685128249606));
#6340 = CARTESIAN_POINT('',(3.909031969291,39.558991331765,
    94.247243112691));
#6341 = CARTESIAN_POINT('',(3.212020818671,39.621443762517,
    93.464500761795));
#6342 = CARTESIAN_POINT('',(2.806575333722,39.654430442215,
    93.103118161322));
#6343 = CARTESIAN_POINT('',(2.331087339267,39.687850859962,
    92.780624542663));
#6344 = CARTESIAN_POINT('',(1.791595801682,39.717890070447,
    92.517873330133));
#6345 = CARTESIAN_POINT('',(1.199407756294,39.740113366716,
    92.332771832667));
#6346 = CARTESIAN_POINT('',(0.56970864786,39.751203190954,92.23992979085
    ));
#6347 = CARTESIAN_POINT('',(-0.702651642301,39.748689314598,
    92.260969801675));
#6348 = CARTESIAN_POINT('',(-1.304584789848,39.736067307933,
    92.366634407798));
#6349 = CARTESIAN_POINT('',(-1.868263434687,39.713551094089,
    92.556003874527));
#6350 = CARTESIAN_POINT('',(-2.381217685557,39.684288535953,
    92.815251703266));
#6351 = CARTESIAN_POINT('',(-2.834391824164,39.652154725554,
    93.128267846515));
#6352 = CARTESIAN_POINT('',(-3.223072463541,39.620453531463,
    93.476911740413));
#6353 = CARTESIAN_POINT('',(-3.902709008922,39.559557871115,
    94.240142438822));
#6354 = CARTESIAN_POINT('',(-4.191484061923,39.529933445365,
    94.669862050011));
#6355 = CARTESIAN_POINT('',(-4.417483434379,39.504699863531,
    95.119375041427));
#6356 = CARTESIAN_POINT('',(-4.584325293486,39.485115319729,
    95.581604468951));
#6357 = CARTESIAN_POINT('',(-4.694684991979,39.471832121756,
    96.051514309076));
#6358 = CARTESIAN_POINT('',(-4.75,39.465174521342,96.525436430001));
#6359 = CARTESIAN_POINT('',(-4.75,39.465174521342,97.266001321277));
#6360 = CARTESIAN_POINT('',(-4.732621096432,39.467266238962,
    97.531969425492));
#6361 = CARTESIAN_POINT('',(-4.69787142471,39.471448664858,
    97.797220350159));
#6362 = CARTESIAN_POINT('',(-4.645625724941,39.477688039177,
    98.061057783235));
#6363 = CARTESIAN_POINT('',(-4.575636014579,39.485916394508,
    98.322722307102));
#6364 = CARTESIAN_POINT('',(-4.487541301306,39.496024994647,
    98.581340094175));
#6365 = CARTESIAN_POINT('',(-4.293361154926,39.517556896554,
    99.044705539317));
#6366 = CARTESIAN_POINT('',(-4.193344506572,39.528418417209,
    99.250789855742));
#6367 = CARTESIAN_POINT('',(-4.080554034791,39.540349906639,
    99.453586164796));
#6368 = CARTESIAN_POINT('',(-3.954662765207,39.553241007352,
    99.652458184076));
#6369 = CARTESIAN_POINT('',(-3.815307839693,39.566951584112,
    99.846642541815));
#6370 = CARTESIAN_POINT('',(-3.662109250721,39.581304979206,
    100.03522013128));
#6371 = CARTESIAN_POINT('',(-3.291306150659,39.614031484358,
    100.4380196733));
#6372 = CARTESIAN_POINT('',(-3.066315296506,39.632660634571,
    100.64972225865));
#6373 = CARTESIAN_POINT('',(-2.81939906899,39.65152884891,
    100.84946824491));
#6374 = CARTESIAN_POINT('',(-2.550495065365,39.670090767139,
    101.03433096001));
#6375 = CARTESIAN_POINT('',(-2.259855938906,39.687696633874,
    101.20114620403));
#6376 = CARTESIAN_POINT('',(-1.948120096397,39.703621415435,
    101.34646788225));
#6377 = CARTESIAN_POINT('',(-1.402729972446,39.725817498781,
    101.54383968862));
#6378 = CARTESIAN_POINT('',(-1.180863250068,39.733503705153,
    101.61064531298));
#6379 = CARTESIAN_POINT('',(-0.952140653406,39.739941415718,
    101.66556201999));
#6380 = CARTESIAN_POINT('',(-0.718059656746,39.744925135202,
    101.70753202351));
#6381 = CARTESIAN_POINT('',(-0.480225361788,39.748305116029,
    101.73581623707));
#6382 = CARTESIAN_POINT('',(-0.240308065391,39.75,101.75));
#6383 = CARTESIAN_POINT('',(8.881784197001E-16,39.75,101.75));
#6384 = PCURVE('',#4134,#6385);
#6385 = DEFINITIONAL_REPRESENTATION('',(#6386),#6461);
#6386 = B_SPLINE_CURVE_WITH_KNOTS('',7,(#6387,#6388,#6389,#6390,#6391,
    #6392,#6393,#6394,#6395,#6396,#6397,#6398,#6399,#6400,#6401,#6402,
    #6403,#6404,#6405,#6406,#6407,#6408,#6409,#6410,#6411,#6412,#6413,
    #6414,#6415,#6416,#6417,#6418,#6419,#6420,#6421,#6422,#6423,#6424,
    #6425,#6426,#6427,#6428,#6429,#6430,#6431,#6432,#6433,#6434,#6435,
    #6436,#6437,#6438,#6439,#6440,#6441,#6442,#6443,#6444,#6445,#6446,
    #6447,#6448,#6449,#6450,#6451,#6452,#6453,#6454,#6455,#6456,#6457,
    #6458,#6459,#6460),.UNSPECIFIED.,.T.,.F.,(8,6,6,6,6,6,6,6,6,6,6,6,8)
  ,(0.,4.66259809084E-02,0.119014955494,0.178604229184,0.248935078715,
    0.380814637089,0.503121773722,0.620876297946,0.749877820219,
    0.822185467793,0.881511572397,0.953580849508,1.),.UNSPECIFIED.);
#6387 = CARTESIAN_POINT('',(-1.570796326795,-21.05));
#6388 = CARTESIAN_POINT('',(-1.564750624694,-21.05));
#6389 = CARTESIAN_POINT('',(-1.558714947528,-21.0358152222));
#6390 = CARTESIAN_POINT('',(-1.552731426327,-21.00753062463));
#6391 = CARTESIAN_POINT('',(-1.546841647795,-20.965561352));
#6392 = CARTESIAN_POINT('',(-1.541085642613,-20.91064602277));
#6393 = CARTESIAN_POINT('',(-1.535500862711,-20.84384120812));
#6394 = CARTESIAN_POINT('',(-1.521768892817,-20.64646788225));
#6395 = CARTESIAN_POINT('',(-1.513916678372,-20.50114620403));
#6396 = CARTESIAN_POINT('',(-1.506592083858,-20.33433096001));
#6397 = CARTESIAN_POINT('',(-1.4998114735,-20.14946824491));
#6398 = CARTESIAN_POINT('',(-1.493581841109,-19.94972225865));
#6399 = CARTESIAN_POINT('',(-1.48790240902,-19.7380196733));
#6400 = CARTESIAN_POINT('',(-1.478537767667,-19.33522013128));
#6401 = CARTESIAN_POINT('',(-1.474666891439,-19.14664254181));
#6402 = CARTESIAN_POINT('',(-1.471144236784,-18.95245818407));
#6403 = CARTESIAN_POINT('',(-1.467960635792,-18.75358616479));
#6404 = CARTESIAN_POINT('',(-1.465107323973,-18.55078985574));
#6405 = CARTESIAN_POINT('',(-1.46257639614,-18.34470553931));
#6406 = CARTESIAN_POINT('',(-1.457746827947,-17.88939201782));
#6407 = CARTESIAN_POINT('',(-1.455572280577,-17.6390808551));
#6408 = CARTESIAN_POINT('',(-1.453827446317,-17.38588261656));
#6409 = CARTESIAN_POINT('',(-1.452504327841,-17.13059559547));
#6410 = CARTESIAN_POINT('',(-1.451597320963,-16.87391513459));
#6411 = CARTESIAN_POINT('',(-1.451103431212,-16.61647743292));
#6412 = CARTESIAN_POINT('',(-1.450870715831,-15.87591820154));
#6413 = CARTESIAN_POINT('',(-1.452171165792,-15.39322363772));
#6414 = CARTESIAN_POINT('',(-1.454914212521,-14.91440920429));
#6415 = CARTESIAN_POINT('',(-1.459134617394,-14.44330144682));
#6416 = CARTESIAN_POINT('',(-1.464899450712,-13.9851282496));
#6417 = CARTESIAN_POINT('',(-1.472300568384,-13.54724311269));
#6418 = CARTESIAN_POINT('',(-1.489905686291,-12.76450076179));
#6419 = CARTESIAN_POINT('',(-1.500138926246,-12.40311816132));
#6420 = CARTESIAN_POINT('',(-1.512129216586,-12.08062454266));
#6421 = CARTESIAN_POINT('',(-1.525719372398,-11.81787333013));
#6422 = CARTESIAN_POINT('',(-1.540623090387,-11.63277183266));
#6423 = CARTESIAN_POINT('',(-1.556464003222,-11.53992979085));
#6424 = CARTESIAN_POINT('',(-1.588473129601,-11.56096980167));
#6425 = CARTESIAN_POINT('',(-1.603616704222,-11.66663440779));
#6426 = CARTESIAN_POINT('',(-1.617804686825,-11.85600387452));
#6427 = CARTESIAN_POINT('',(-1.63072765073,-12.11525170326));
#6428 = CARTESIAN_POINT('',(-1.642155827334,-12.42826784651));
#6429 = CARTESIAN_POINT('',(-1.651966109908,-12.77691174041));
#6430 = CARTESIAN_POINT('',(-1.66913237978,-13.54014243882));
#6431 = CARTESIAN_POINT('',(-1.676434684179,-13.96986205001));
#6432 = CARTESIAN_POINT('',(-1.682155347032,-14.41937504142));
#6433 = CARTESIAN_POINT('',(-1.686381416751,-14.88160446895));
#6434 = CARTESIAN_POINT('',(-1.689177802833,-15.35151430907));
#6435 = CARTESIAN_POINT('',(-1.690579417795,-15.82543643));
#6436 = CARTESIAN_POINT('',(-1.690579417795,-16.56600132127));
#6437 = CARTESIAN_POINT('',(-1.690139057216,-16.83196942549));
#6438 = CARTESIAN_POINT('',(-1.68925854268,-17.09722035015));
#6439 = CARTESIAN_POINT('',(-1.687934846222,-17.36105778323));
#6440 = CARTESIAN_POINT('',(-1.686161979114,-17.6227223071));
#6441 = CARTESIAN_POINT('',(-1.683931233417,-17.88134009417));
#6442 = CARTESIAN_POINT('',(-1.67901625745,-18.34470553931));
#6443 = CARTESIAN_POINT('',(-1.676485329617,-18.55078985574));
#6444 = CARTESIAN_POINT('',(-1.673632017797,-18.75358616479));
#6445 = CARTESIAN_POINT('',(-1.670448416806,-18.95245818407));
#6446 = CARTESIAN_POINT('',(-1.666925762151,-19.14664254181));
#6447 = CARTESIAN_POINT('',(-1.663054885923,-19.33522013128));
#6448 = CARTESIAN_POINT('',(-1.65369024457,-19.7380196733));
#6449 = CARTESIAN_POINT('',(-1.648010812481,-19.94972225865));
#6450 = CARTESIAN_POINT('',(-1.64178118009,-20.14946824491));
#6451 = CARTESIAN_POINT('',(-1.635000569732,-20.33433096001));
#6452 = CARTESIAN_POINT('',(-1.627675975218,-20.50114620403));
#6453 = CARTESIAN_POINT('',(-1.619823760773,-20.64646788225));
#6454 = CARTESIAN_POINT('',(-1.606091896596,-20.84383968862));
#6455 = CARTESIAN_POINT('',(-1.600507097304,-20.91064531298));
#6456 = CARTESIAN_POINT('',(-1.594750989687,-20.96556201999));
#6457 = CARTESIAN_POINT('',(-1.588861081006,-21.00753202351));
#6458 = CARTESIAN_POINT('',(-1.582877468177,-21.03581623707));
#6459 = CARTESIAN_POINT('',(-1.576841812717,-21.05));
#6460 = CARTESIAN_POINT('',(-1.570796326795,-21.05));
#6461 = ( GEOMETRIC_REPRESENTATION_CONTEXT(2) 
PARAMETRIC_REPRESENTATION_CONTEXT() REPRESENTATION_CONTEXT('2D SPACE',''
  ) );
#6462 = PCURVE('',#6463,#6468);
#6463 = CYLINDRICAL_SURFACE('',#6464,4.75);
#6464 = AXIS2_PLACEMENT_3D('',#6465,#6466,#6467);
#6465 = CARTESIAN_POINT('',(0.,12.02688494776,97.));
#6466 = DIRECTION('',(0.,1.,0.));
#6467 = DIRECTION('',(0.,-0.,1.));
#6468 = DEFINITIONAL_REPRESENTATION('',(#6469),#6544);
#6469 = B_SPLINE_CURVE_WITH_KNOTS('',7,(#6470,#6471,#6472,#6473,#6474,
    #6475,#6476,#6477,#6478,#6479,#6480,#6481,#6482,#6483,#6484,#6485,
    #6486,#6487,#6488,#6489,#6490,#6491,#6492,#6493,#6494,#6495,#6496,
    #6497,#6498,#6499,#6500,#6501,#6502,#6503,#6504,#6505,#6506,#6507,
    #6508,#6509,#6510,#6511,#6512,#6513,#6514,#6515,#6516,#6517,#6518,
    #6519,#6520,#6521,#6522,#6523,#6524,#6525,#6526,#6527,#6528,#6529,
    #6530,#6531,#6532,#6533,#6534,#6535,#6536,#6537,#6538,#6539,#6540,
    #6541,#6542,#6543),.UNSPECIFIED.,.F.,.F.,(8,6,6,6,6,6,6,6,6,6,6,6,8)
  ,(0.,4.66259809084E-02,0.119014955494,0.178604229184,0.248935078715,
    0.380814637089,0.503121773722,0.620876297946,0.749877820219,
    0.822185467793,0.881511572397,0.953580849508,1.),.UNSPECIFIED.);
#6470 = CARTESIAN_POINT('',(0.,27.72311505224));
#6471 = CARTESIAN_POINT('',(5.059298073498E-02,27.72311505224));
#6472 = CARTESIAN_POINT('',(0.101102063707,27.721420047522));
#6473 = CARTESIAN_POINT('',(0.15138320581,27.718040020422));
#6474 = CARTESIAN_POINT('',(0.201293689551,27.713056391624));
#6475 = CARTESIAN_POINT('',(0.250684247538,27.70661884475));
#6476 = CARTESIAN_POINT('',(0.299391208055,27.698932721901));
#6477 = CARTESIAN_POINT('',(0.421498503324,27.676736467675));
#6478 = CARTESIAN_POINT('',(0.493621398992,27.660811686114));
#6479 = CARTESIAN_POINT('',(0.563776345818,27.64320581938));
#6480 = CARTESIAN_POINT('',(0.632086956927,27.62464390115));
#6481 = CARTESIAN_POINT('',(0.698644446313,27.605775686811));
#6482 = CARTESIAN_POINT('',(0.763515482188,27.587146536599));
#6483 = CARTESIAN_POINT('',(0.878775979166,27.554420031446));
#6484 = CARTESIAN_POINT('',(0.929828753078,27.540066636353));
#6485 = CARTESIAN_POINT('',(0.980005586286,27.526356059592));
#6486 = CARTESIAN_POINT('',(1.029410381167,27.513464958879));
#6487 = CARTESIAN_POINT('',(1.078141387288,27.501533469449));
#6488 = CARTESIAN_POINT('',(1.126294001919,27.490671948794));
#6489 = CARTESIAN_POINT('',(1.230226066319,27.469514207783));
#6490 = CARTESIAN_POINT('',(1.285815855407,27.459673052274));
#6491 = CARTESIAN_POINT('',(1.340873986094,27.451589412769));
#6492 = CARTESIAN_POINT('',(1.395533046043,27.445364986936));
#6493 = CARTESIAN_POINT('',(1.449920997269,27.441063796335));
#6494 = CARTESIAN_POINT('',(1.504165011105,27.438717970559));
#6495 = CARTESIAN_POINT('',(1.660084206604,27.437612657498));
#6496 = CARTESIAN_POINT('',(1.761562136635,27.443788170352));
#6497 = CARTESIAN_POINT('',(1.863793175763,27.456851482557));
#6498 = CARTESIAN_POINT('',(1.967649629129,27.476477583275));
#6499 = CARTESIAN_POINT('',(2.0740190641,27.501997836869));
#6500 = CARTESIAN_POINT('',(2.183842131121,27.532106384005));
#6501 = CARTESIAN_POINT('',(2.404494413394,27.594558814757));
#6502 = CARTESIAN_POINT('',(2.518077655644,27.627545494455));
#6503 = CARTESIAN_POINT('',(2.637306251586,27.660965912203));
#6504 = CARTESIAN_POINT('',(2.761246087627,27.691005122688));
#6505 = CARTESIAN_POINT('',(2.889409173675,27.713228418956));
#6506 = CARTESIAN_POINT('',(3.021636086618,27.724318243194));
#6507 = CARTESIAN_POINT('',(3.289538031721,27.721804366838));
#6508 = CARTESIAN_POINT('',(3.416611341725,27.709182360173));
#6509 = CARTESIAN_POINT('',(3.539629515413,27.686666146329));
#6510 = CARTESIAN_POINT('',(3.658528116019,27.657403588193));
#6511 = CARTESIAN_POINT('',(3.772956418247,27.625269777794));
#6512 = CARTESIAN_POINT('',(3.882189504477,27.593568583703));
#6513 = CARTESIAN_POINT('',(4.097341521372,27.532672923356));
#6514 = CARTESIAN_POINT('',(4.205334688133,27.503048497606));
#6515 = CARTESIAN_POINT('',(4.309973527864,27.477814915771));
#6516 = CARTESIAN_POINT('',(4.412149991917,27.458230371969));
#6517 = CARTESIAN_POINT('',(4.512707918588,27.444947173997));
#6518 = CARTESIAN_POINT('',(4.612480860385,27.438289573583));
#6519 = CARTESIAN_POINT('',(4.768389258548,27.438289573583));
#6520 = CARTESIAN_POINT('',(4.824382579775,27.440381291203));
#6521 = CARTESIAN_POINT('',(4.880511600581,27.444563717099));
#6522 = CARTESIAN_POINT('',(4.936916693667,27.450803091417));
#6523 = CARTESIAN_POINT('',(4.993738274107,27.459031446748));
#6524 = CARTESIAN_POINT('',(5.051121269864,27.469140046887));
#6525 = CARTESIAN_POINT('',(5.156891305261,27.490671948794));
#6526 = CARTESIAN_POINT('',(5.205043919891,27.501533469449));
#6527 = CARTESIAN_POINT('',(5.253774926012,27.513464958879));
#6528 = CARTESIAN_POINT('',(5.303179720894,27.526356059592));
#6529 = CARTESIAN_POINT('',(5.353356554102,27.540066636353));
#6530 = CARTESIAN_POINT('',(5.404409328014,27.554420031446));
#6531 = CARTESIAN_POINT('',(5.519669824992,27.587146536599));
#6532 = CARTESIAN_POINT('',(5.584540860867,27.605775686811));
#6533 = CARTESIAN_POINT('',(5.651098350252,27.62464390115));
#6534 = CARTESIAN_POINT('',(5.719408961361,27.64320581938));
#6535 = CARTESIAN_POINT('',(5.789563908188,27.660811686114));
#6536 = CARTESIAN_POINT('',(5.861686803855,27.676736467675));
#6537 = CARTESIAN_POINT('',(5.983793159069,27.698932551021));
#6538 = CARTESIAN_POINT('',(6.032500329501,27.706618757394));
#6539 = CARTESIAN_POINT('',(6.081891781416,27.713056467958));
#6540 = CARTESIAN_POINT('',(6.131803347773,27.718040187442));
#6541 = CARTESIAN_POINT('',(6.18208523407,27.72142016827));
#6542 = CARTESIAN_POINT('',(6.232594135518,27.72311505224));
#6543 = CARTESIAN_POINT('',(6.28318530718,27.72311505224));
#6544 = ( GEOMETRIC_REPRESENTATION_CONTEXT(2) 
PARAMETRIC_REPRESENTATION_CONTEXT() REPRESENTATION_CONTEXT('2D SPACE',''
  ) );
#6545 = FACE_BOUND('',#6546,.F.);
#6546 = EDGE_LOOP('',(#6547,#6575,#6825));
#6547 = ORIENTED_EDGE('',*,*,#6548,.T.);
#6548 = EDGE_CURVE('',#6549,#6551,#6553,.T.);
#6549 = VERTEX_POINT('',#6550);
#6550 = CARTESIAN_POINT('',(-18.64330071185,35.106834641808,
    100.360813873));
#6551 = VERTEX_POINT('',#6552);
#6552 = CARTESIAN_POINT('',(-18.64330071185,35.106834641808,
    93.639186126994));
#6553 = SURFACE_CURVE('',#6554,(#6558,#6564),.PCURVE_S1.);
#6554 = LINE('',#6555,#6556);
#6555 = CARTESIAN_POINT('',(-18.64330071185,35.106834641808,80.7));
#6556 = VECTOR('',#6557,1.);
#6557 = DIRECTION('',(-0.,-0.,-1.));
#6558 = PCURVE('',#4134,#6559);
#6559 = DEFINITIONAL_REPRESENTATION('',(#6560),#6563);
#6560 = B_SPLINE_CURVE_WITH_KNOTS('',1,(#6561,#6562),.UNSPECIFIED.,.F.,
  .F.,(2,2),(-22.,-10.6),.PIECEWISE_BEZIER_KNOTS.);
#6561 = CARTESIAN_POINT('',(-2.058970201927,-22.));
#6562 = CARTESIAN_POINT('',(-2.058970201927,-10.6));
#6563 = ( GEOMETRIC_REPRESENTATION_CONTEXT(2) 
PARAMETRIC_REPRESENTATION_CONTEXT() REPRESENTATION_CONTEXT('2D SPACE',''
  ) );
#6564 = PCURVE('',#6565,#6570);
#6565 = PLANE('',#6566);
#6566 = AXIS2_PLACEMENT_3D('',#6567,#6568,#6569);
#6567 = CARTESIAN_POINT('',(-22.,35.106834641808,97.));
#6568 = DIRECTION('',(0.,1.,0.));
#6569 = DIRECTION('',(0.,-0.,1.));
#6570 = DEFINITIONAL_REPRESENTATION('',(#6571),#6574);
#6571 = B_SPLINE_CURVE_WITH_KNOTS('',1,(#6572,#6573),.UNSPECIFIED.,.F.,
  .F.,(2,2),(-22.,-10.6),.PIECEWISE_BEZIER_KNOTS.);
#6572 = CARTESIAN_POINT('',(5.7,3.356699288142));
#6573 = CARTESIAN_POINT('',(-5.7,3.356699288142));
#6574 = ( GEOMETRIC_REPRESENTATION_CONTEXT(2) 
PARAMETRIC_REPRESENTATION_CONTEXT() REPRESENTATION_CONTEXT('2D SPACE',''
  ) );
#6575 = ORIENTED_EDGE('',*,*,#6576,.T.);
#6576 = EDGE_CURVE('',#6551,#6577,#6579,.T.);
#6577 = VERTEX_POINT('',#6578);
#6578 = CARTESIAN_POINT('',(-22.,33.106834641808,101.75));
#6579 = SURFACE_CURVE('',#6580,(#6658,#6739),.PCURVE_S1.);
#6580 = B_SPLINE_CURVE_WITH_KNOTS('',6,(#6581,#6582,#6583,#6584,#6585,
    #6586,#6587,#6588,#6589,#6590,#6591,#6592,#6593,#6594,#6595,#6596,
    #6597,#6598,#6599,#6600,#6601,#6602,#6603,#6604,#6605,#6606,#6607,
    #6608,#6609,#6610,#6611,#6612,#6613,#6614,#6615,#6616,#6617,#6618,
    #6619,#6620,#6621,#6622,#6623,#6624,#6625,#6626,#6627,#6628,#6629,
    #6630,#6631,#6632,#6633,#6634,#6635,#6636,#6637,#6638,#6639,#6640,
    #6641,#6642,#6643,#6644,#6645,#6646,#6647,#6648,#6649,#6650,#6651,
    #6652,#6653,#6654,#6655,#6656,#6657),.UNSPECIFIED.,.F.,.F.,(7,5,5,5,
    5,5,5,5,5,5,5,5,5,5,5,7),(0.,2.911326349487E-02,8.72857000437E-02,
    0.164207984061,0.278298815456,0.348144251653,0.437742574949,
    0.480231064019,0.542876178697,0.593594594446,0.667118515109,
    0.7071838055,0.749396512192,0.837874497133,0.9127281847,1.),
  .UNSPECIFIED.);
#6581 = CARTESIAN_POINT('',(-18.64329958201,35.106835241808,
    93.63918725546));
#6582 = CARTESIAN_POINT('',(-18.711467337,35.070635115269,
    93.571102911265));
#6583 = CARTESIAN_POINT('',(-18.78143066888,35.033277909862,
    93.504539234903));
#6584 = CARTESIAN_POINT('',(-18.85314342429,34.994766835084,
    93.439568370074));
#6585 = CARTESIAN_POINT('',(-18.92655288729,34.955108749303,
    93.376260923093));
#6586 = CARTESIAN_POINT('',(-19.00159977937,34.914314159751,
    93.314685962895));
#6587 = CARTESIAN_POINT('',(-19.23131286765,34.788641226873,
    93.135472195024));
#6588 = CARTESIAN_POINT('',(-19.39072114424,34.700383191197,
    93.023188909275));
#6589 = CARTESIAN_POINT('',(-19.55586533383,34.607765780548,
    92.918645138215));
#6590 = CARTESIAN_POINT('',(-19.72610403784,34.510976633836,
    92.822322741895));
#6591 = CARTESIAN_POINT('',(-19.90074193478,34.410255023009,
    92.734601842192));
#6592 = CARTESIAN_POINT('',(-20.31480504211,34.167906335221,
    92.551509035867));
#6593 = CARTESIAN_POINT('',(-20.55681166098,34.023651366599,
    92.462853757533));
#6594 = CARTESIAN_POINT('',(-20.80339392605,33.873799693211,
    92.390370813622));
#6595 = CARTESIAN_POINT('',(-21.05280074867,33.719170073998,
    92.334329851917));
#6596 = CARTESIAN_POINT('',(-21.30325039725,33.560726472443,
    92.294687586877));
#6597 = CARTESIAN_POINT('',(-21.92339165872,33.16054481178,
    92.236066978405));
#6598 = CARTESIAN_POINT('',(-22.29172190205,32.915876526254,
    92.236375951552));
#6599 = CARTESIAN_POINT('',(-22.65422699578,32.667906708726,
    92.270456256622));
#6600 = CARTESIAN_POINT('',(-23.00751263546,32.419207293905,
    92.336438068366));
#6601 = CARTESIAN_POINT('',(-23.34857721698,32.172524967681,
    92.43213770588));
#6602 = CARTESIAN_POINT('',(-23.87450373451,31.782579823044,
    92.630299639588));
#6603 = CARTESIAN_POINT('',(-24.06887393325,31.636142334669,
    92.715831316089));
#6604 = CARTESIAN_POINT('',(-24.25751398411,31.491814836375,
    92.811204999534));
#6605 = CARTESIAN_POINT('',(-24.44005079884,31.350088435378,
    92.916007694717));
#6606 = CARTESIAN_POINT('',(-24.61612588952,31.211467789768,
    93.029855050617));
#6607 = CARTESIAN_POINT('',(-25.00252535566,30.903290502724,
    93.309580310372));
#6608 = CARTESIAN_POINT('',(-25.20853254724,30.73600864984,
    93.481125136044));
#6609 = CARTESIAN_POINT('',(-25.40261863819,30.575753097553,
    93.666264022617));
#6610 = CARTESIAN_POINT('',(-25.58399939458,30.423704844762,
    93.864278172142));
#6611 = CARTESIAN_POINT('',(-25.75186597739,30.281097215957,
    94.074473470272));
#6612 = CARTESIAN_POINT('',(-25.97813495423,30.086678330239,
    94.40129039487));
#6613 = CARTESIAN_POINT('',(-26.04767714458,30.026558520725,
    94.508991359053));
#6614 = CARTESIAN_POINT('',(-26.11386581169,29.96901146066,
    94.619162148325));
#6615 = CARTESIAN_POINT('',(-26.17659344998,29.914187962933,
    94.731696397871));
#6616 = CARTESIAN_POINT('',(-26.2357556124,29.862235382326,
    94.846484993561));
#6617 = CARTESIAN_POINT('',(-26.37307082889,29.741142144154,
    95.135819451297));
#6618 = CARTESIAN_POINT('',(-26.44694515523,29.675515976427,
    95.312937297264));
#6619 = CARTESIAN_POINT('',(-26.51245669975,29.616955221372,
    95.49424939006));
#6620 = CARTESIAN_POINT('',(-26.56925808991,29.565927519251,
    95.679216400325));
#6621 = CARTESIAN_POINT('',(-26.61706146111,29.522825780853,
    95.867280429643));
#6622 = CARTESIAN_POINT('',(-26.68685411015,29.459736750306,
    96.21216612701));
#6623 = CARTESIAN_POINT('',(-26.7120189165,29.436916868158,
    96.368087471567));
#6624 = CARTESIAN_POINT('',(-26.73098501792,29.419680629367,
    96.525233281268));
#6625 = CARTESIAN_POINT('',(-26.74366080863,29.408148120145,
    96.683203518498));
#6626 = CARTESIAN_POINT('',(-26.75,29.402380855978,96.841594671823));
#6627 = CARTESIAN_POINT('',(-26.75,29.402380855978,97.229632188019));
#6628 = CARTESIAN_POINT('',(-26.73667812112,29.414500385001,
    97.459172981599));
#6629 = CARTESIAN_POINT('',(-26.71005603183,29.438722564312,
    97.687432698711));
#6630 = CARTESIAN_POINT('',(-26.67033013936,29.474780339184,
    97.913223880797));
#6631 = CARTESIAN_POINT('',(-26.61788306985,29.522166824664,
    98.135380329264));
#6632 = CARTESIAN_POINT('',(-26.51809934015,29.611739974748,
    98.471241347419));
#6633 = CARTESIAN_POINT('',(-26.47929089503,29.646486807576,
    98.588318995751));
#6634 = CARTESIAN_POINT('',(-26.43694617693,29.684282238016,
    98.703874070407));
#6635 = CARTESIAN_POINT('',(-26.3911496233,29.725012309193,
    98.817774689721));
#6636 = CARTESIAN_POINT('',(-26.34199374527,29.768553019169,
    98.929892106924));
#6637 = CARTESIAN_POINT('',(-26.23435519547,29.863464774037,
    99.156216265461));
#6638 = CARTESIAN_POINT('',(-26.17551306721,29.915131729506,
    99.270215417342));
#6639 = CARTESIAN_POINT('',(-26.11315263359,29.969630231677,
    99.381988284758));
#6640 = CARTESIAN_POINT('',(-26.0473768076,30.026815925605,
    99.491427687793));
#6641 = CARTESIAN_POINT('',(-25.9782915245,30.086541057066,
    99.598429147646));
#6642 = CARTESIAN_POINT('',(-25.75449448145,30.278844414669,
    99.921843066971));
#6643 = CARTESIAN_POINT('',(-25.58895658781,30.41949894445,
    100.12959010307));
#6644 = CARTESIAN_POINT('',(-25.41022788657,30.569378422149,
    100.32546959347));
#6645 = CARTESIAN_POINT('',(-25.21908849013,30.727294079152,
    100.5088127836));
#6646 = CARTESIAN_POINT('',(-25.01629476788,30.892106883885,
    100.67892799725));
#6647 = CARTESIAN_POINT('',(-24.62183194736,31.207073055491,
    100.96719441988));
#6648 = CARTESIAN_POINT('',(-24.43320284236,31.355620056232,
    101.08935453219));
#6649 = CARTESIAN_POINT('',(-24.23715262891,31.507731591006,
    101.20112672646));
#6650 = CARTESIAN_POINT('',(-24.03412347547,31.662785968901,
    101.30203677127));
#6651 = CARTESIAN_POINT('',(-23.82457782382,31.820178995455,
    101.39157270397));
#6652 = CARTESIAN_POINT('',(-23.35766919234,32.164878186717,
    101.55967015477));
#6653 = CARTESIAN_POINT('',(-23.09798258029,32.352931843609,
    101.63400282811));
#6654 = CARTESIAN_POINT('',(-22.83106988679,32.542296561178,
    101.69113711415));
#6655 = CARTESIAN_POINT('',(-22.55816806794,32.731808205126,
    101.73010247583));
#6656 = CARTESIAN_POINT('',(-22.28064199246,32.920343728345,101.75));
#6657 = CARTESIAN_POINT('',(-22.,33.106834641808,101.75));
#6658 = PCURVE('',#4134,#6659);
#6659 = DEFINITIONAL_REPRESENTATION('',(#6660),#6738);
#6660 = B_SPLINE_CURVE_WITH_KNOTS('',6,(#6661,#6662,#6663,#6664,#6665,
    #6666,#6667,#6668,#6669,#6670,#6671,#6672,#6673,#6674,#6675,#6676,
    #6677,#6678,#6679,#6680,#6681,#6682,#6683,#6684,#6685,#6686,#6687,
    #6688,#6689,#6690,#6691,#6692,#6693,#6694,#6695,#6696,#6697,#6698,
    #6699,#6700,#6701,#6702,#6703,#6704,#6705,#6706,#6707,#6708,#6709,
    #6710,#6711,#6712,#6713,#6714,#6715,#6716,#6717,#6718,#6719,#6720,
    #6721,#6722,#6723,#6724,#6725,#6726,#6727,#6728,#6729,#6730,#6731,
    #6732,#6733,#6734,#6735,#6736,#6737),.UNSPECIFIED.,.F.,.F.,(7,5,5,5,
    5,5,5,5,5,5,5,5,5,5,5,7),(0.,2.911326349487E-02,8.72857000437E-02,
    0.164207984061,0.278298815456,0.348144251653,0.437742574949,
    0.480231064019,0.542876178697,0.593594594446,0.667118515109,
    0.7071838055,0.749396512192,0.837874497133,0.9127281847,1.),
  .UNSPECIFIED.);
#6661 = CARTESIAN_POINT('',(-2.058970169744,-12.93918725546));
#6662 = CARTESIAN_POINT('',(-2.060911892902,-12.87110291126));
#6663 = CARTESIAN_POINT('',(-2.062907163856,-12.8045392349));
#6664 = CARTESIAN_POINT('',(-2.064954932298,-12.73956837007));
#6665 = CARTESIAN_POINT('',(-2.067053962975,-12.67626092309));
#6666 = CARTESIAN_POINT('',(-2.069202835698,-12.61468596289));
#6667 = CARTESIAN_POINT('',(-2.075790082535,-12.43547219502));
#6668 = CARTESIAN_POINT('',(-2.080373923721,-12.32318890927));
#6669 = CARTESIAN_POINT('',(-2.085137145109,-12.21864513821));
#6670 = CARTESIAN_POINT('',(-2.090063549182,-12.12232274189));
#6671 = CARTESIAN_POINT('',(-2.095135185498,-12.03460184219));
#6672 = CARTESIAN_POINT('',(-2.107204920595,-11.85150903586));
#6673 = CARTESIAN_POINT('',(-2.11429246193,-11.76285375753));
#6674 = CARTESIAN_POINT('',(-2.121551047884,-11.69037081362));
#6675 = CARTESIAN_POINT('',(-2.128933038753,-11.63432985191));
#6676 = CARTESIAN_POINT('',(-2.136388339169,-11.59468758687));
#6677 = CARTESIAN_POINT('',(-2.154955681519,-11.5360669784));
#6678 = CARTESIAN_POINT('',(-2.166078915727,-11.53637595155));
#6679 = CARTESIAN_POINT('',(-2.177126502323,-11.57045625662));
#6680 = CARTESIAN_POINT('',(-2.187994158204,-11.63643806836));
#6681 = CARTESIAN_POINT('',(-2.198582707371,-11.73213770588));
#6682 = CARTESIAN_POINT('',(-2.215053605412,-11.93029963958));
#6683 = CARTESIAN_POINT('',(-2.22117566972,-12.01583131608));
#6684 = CARTESIAN_POINT('',(-2.227150763297,-12.11120499953));
#6685 = CARTESIAN_POINT('',(-2.232964332034,-12.21600769471));
#6686 = CARTESIAN_POINT('',(-2.238601804855,-12.32985505061));
#6687 = CARTESIAN_POINT('',(-2.251035632875,-12.60958031037));
#6688 = CARTESIAN_POINT('',(-2.257711393843,-12.78112513604));
#6689 = CARTESIAN_POINT('',(-2.264043095217,-12.96626402261));
#6690 = CARTESIAN_POINT('',(-2.269997113006,-13.16427817214));
#6691 = CARTESIAN_POINT('',(-2.275538253866,-13.37447347027));
#6692 = CARTESIAN_POINT('',(-2.283043224064,-13.70129039487));
#6693 = CARTESIAN_POINT('',(-2.285355833426,-13.80899135905));
#6694 = CARTESIAN_POINT('',(-2.287562298921,-13.91916214832));
#6695 = CARTESIAN_POINT('',(-2.289658111112,-14.03169639787));
#6696 = CARTESIAN_POINT('',(-2.291638866577,-14.14648499356));
#6697 = CARTESIAN_POINT('',(-2.296244704586,-14.43581945129));
#6698 = CARTESIAN_POINT('',(-2.298730575309,-14.61293729726));
#6699 = CARTESIAN_POINT('',(-2.300941126938,-14.79424939006));
#6700 = CARTESIAN_POINT('',(-2.302862025041,-14.97921640032));
#6701 = CARTESIAN_POINT('',(-2.304481282525,-15.16728042964));
#6702 = CARTESIAN_POINT('',(-2.306848100814,-15.51216612701));
#6703 = CARTESIAN_POINT('',(-2.307702710864,-15.66808747156));
#6704 = CARTESIAN_POINT('',(-2.308347443311,-15.82523328126));
#6705 = CARTESIAN_POINT('',(-2.308778561305,-15.98320351849));
#6706 = CARTESIAN_POINT('',(-2.308994161335,-16.14159467182));
#6707 = CARTESIAN_POINT('',(-2.308994161335,-16.52963218801));
#6708 = CARTESIAN_POINT('',(-2.308541083376,-16.75917298159));
#6709 = CARTESIAN_POINT('',(-2.307635613686,-16.98743269871));
#6710 = CARTESIAN_POINT('',(-2.306285934107,-17.21322388079));
#6711 = CARTESIAN_POINT('',(-2.304507738577,-17.43538032926));
#6712 = CARTESIAN_POINT('',(-2.301134403946,-17.77124134741));
#6713 = CARTESIAN_POINT('',(-2.299823947641,-17.88831899575));
#6714 = CARTESIAN_POINT('',(-2.298396054489,-18.0038740704));
#6715 = CARTESIAN_POINT('',(-2.296854213531,-18.11777468972));
#6716 = CARTESIAN_POINT('',(-2.29520222906,-18.22989210692));
#6717 = CARTESIAN_POINT('',(-2.291591986599,-18.45621626546));
#6718 = CARTESIAN_POINT('',(-2.289622021771,-18.57021541734));
#6719 = CARTESIAN_POINT('',(-2.287538545823,-18.68198828475));
#6720 = CARTESIAN_POINT('',(-2.285345883017,-18.79142768779));
#6721 = CARTESIAN_POINT('',(-2.283048462199,-18.89842914764));
#6722 = CARTESIAN_POINT('',(-2.275625343424,-19.22184306697));
#6723 = CARTESIAN_POINT('',(-2.270160658422,-19.42959010307));
#6724 = CARTESIAN_POINT('',(-2.264292812255,-19.62546959347));
#6725 = CARTESIAN_POINT('',(-2.258055740182,-19.8088127836));
#6726 = CARTESIAN_POINT('',(-2.25148187901,-19.97892799725));
#6727 = CARTESIAN_POINT('',(-2.238782967288,-20.26719441988));
#6728 = CARTESIAN_POINT('',(-2.232742896974,-20.38935453219));
#6729 = CARTESIAN_POINT('',(-2.226500627582,-20.50112672646));
#6730 = CARTESIAN_POINT('',(-2.220074116665,-20.60203677127));
#6731 = CARTESIAN_POINT('',(-2.213481326253,-20.69157270397));
#6732 = CARTESIAN_POINT('',(-2.198880999408,-20.85967015477));
#6733 = CARTESIAN_POINT('',(-2.190815264286,-20.93400282811));
#6734 = CARTESIAN_POINT('',(-2.182582821579,-20.99113711415));
#6735 = CARTESIAN_POINT('',(-2.174224980523,-21.03010247583));
#6736 = CARTESIAN_POINT('',(-2.165784941775,-21.05));
#6737 = CARTESIAN_POINT('',(-2.157308082073,-21.05));
#6738 = ( GEOMETRIC_REPRESENTATION_CONTEXT(2) 
PARAMETRIC_REPRESENTATION_CONTEXT() REPRESENTATION_CONTEXT('2D SPACE',''
  ) );
#6739 = PCURVE('',#6740,#6745);
#6740 = CYLINDRICAL_SURFACE('',#6741,4.75);
#6741 = AXIS2_PLACEMENT_3D('',#6742,#6743,#6744);
#6742 = CARTESIAN_POINT('',(-22.,12.02688494776,97.));
#6743 = DIRECTION('',(0.,1.,0.));
#6744 = DIRECTION('',(0.,-0.,1.));
#6745 = DEFINITIONAL_REPRESENTATION('',(#6746),#6824);
#6746 = B_SPLINE_CURVE_WITH_KNOTS('',6,(#6747,#6748,#6749,#6750,#6751,
    #6752,#6753,#6754,#6755,#6756,#6757,#6758,#6759,#6760,#6761,#6762,
    #6763,#6764,#6765,#6766,#6767,#6768,#6769,#6770,#6771,#6772,#6773,
    #6774,#6775,#6776,#6777,#6778,#6779,#6780,#6781,#6782,#6783,#6784,
    #6785,#6786,#6787,#6788,#6789,#6790,#6791,#6792,#6793,#6794,#6795,
    #6796,#6797,#6798,#6799,#6800,#6801,#6802,#6803,#6804,#6805,#6806,
    #6807,#6808,#6809,#6810,#6811,#6812,#6813,#6814,#6815,#6816,#6817,
    #6818,#6819,#6820,#6821,#6822,#6823),.UNSPECIFIED.,.F.,.F.,(7,5,5,5,
    5,5,5,5,5,5,5,5,5,5,5,7),(0.,2.911326349487E-02,8.72857000437E-02,
    0.164207984061,0.278298815456,0.348144251653,0.437742574949,
    0.480231064019,0.542876178697,0.593594594446,0.667118515109,
    0.7071838055,0.749396512192,0.837874497133,0.9127281847,1.),
  .UNSPECIFIED.);
#6747 = CARTESIAN_POINT('',(2.356806670018,23.079950294048));
#6748 = CARTESIAN_POINT('',(2.377089786089,23.043750167509));
#6749 = CARTESIAN_POINT('',(2.397414103593,23.006392962102));
#6750 = CARTESIAN_POINT('',(2.417777108088,22.967881887325));
#6751 = CARTESIAN_POINT('',(2.438175725959,22.928223801543));
#6752 = CARTESIAN_POINT('',(2.458606324422,22.887429211991));
#6753 = CARTESIAN_POINT('',(2.519943475442,22.761756279114));
#6754 = CARTESIAN_POINT('',(2.560943595191,22.673498243438));
#6755 = CARTESIAN_POINT('',(2.602016563954,22.580880832789));
#6756 = CARTESIAN_POINT('',(2.64311998794,22.484091686077));
#6757 = CARTESIAN_POINT('',(2.684213725983,22.383370075249));
#6758 = CARTESIAN_POINT('',(2.779526881244,22.141021387461));
#6759 = CARTESIAN_POINT('',(2.833671483282,21.996766418839));
#6760 = CARTESIAN_POINT('',(2.887607963272,21.846914745451));
#6761 = CARTESIAN_POINT('',(2.941257034808,21.692285126239));
#6762 = CARTESIAN_POINT('',(2.994534686927,21.533841524683));
#6763 = CARTESIAN_POINT('',(3.125672737283,21.133659864021));
#6764 = CARTESIAN_POINT('',(3.202865692849,20.888991578494));
#6765 = CARTESIAN_POINT('',(3.279033599119,20.641021760966));
#6766 = CARTESIAN_POINT('',(3.354242194601,20.392322346145));
#6767 = CARTESIAN_POINT('',(3.428537690824,20.145640019921));
#6768 = CARTESIAN_POINT('',(3.546857760761,19.755694875284));
#6769 = CARTESIAN_POINT('',(3.591498808942,19.609257386909));
#6770 = CARTESIAN_POINT('',(3.635904756221,19.464929888616));
#6771 = CARTESIAN_POINT('',(3.680124373734,19.323203487618));
#6772 = CARTESIAN_POINT('',(3.724205361689,19.184582842009));
#6773 = CARTESIAN_POINT('',(3.824631217996,18.876405554964));
#6774 = CARTESIAN_POINT('',(3.88093940586,18.70912370208));
#6775 = CARTESIAN_POINT('',(3.937216563519,18.548868149793));
#6776 = CARTESIAN_POINT('',(3.993556217936,18.396819897002));
#6777 = CARTESIAN_POINT('',(4.05005578716,18.254212268197));
#6778 = CARTESIAN_POINT('',(4.133740183608,18.059793382479));
#6779 = CARTESIAN_POINT('',(4.160715951575,17.999673572965));
#6780 = CARTESIAN_POINT('',(4.187752461514,17.942126512901));
#6781 = CARTESIAN_POINT('',(4.214854255861,17.887303015174));
#6782 = CARTESIAN_POINT('',(4.242026568707,17.835350434567));
#6783 = CARTESIAN_POINT('',(4.309450853806,17.714257196395));
#6784 = CARTESIAN_POINT('',(4.349805765919,17.648631028667));
#6785 = CARTESIAN_POINT('',(4.390320352574,17.590070273612));
#6786 = CARTESIAN_POINT('',(4.430982369971,17.539042571491));
#6787 = CARTESIAN_POINT('',(4.471784329241,17.495940833093));
#6788 = CARTESIAN_POINT('',(4.545863618382,17.432851802546));
#6789 = CARTESIAN_POINT('',(4.579087797137,17.410031920399));
#6790 = CARTESIAN_POINT('',(4.612371340385,17.392795681607));
#6791 = CARTESIAN_POINT('',(4.64569497987,17.381263172385));
#6792 = CARTESIAN_POINT('',(4.679040490242,17.375495908219));
#6793 = CARTESIAN_POINT('',(4.760732598915,17.375495908219));
#6794 = CARTESIAN_POINT('',(4.809057023984,17.387615437241));
#6795 = CARTESIAN_POINT('',(4.857314953949,17.411837616553));
#6796 = CARTESIAN_POINT('',(4.905459307184,17.447895391424));
#6797 = CARTESIAN_POINT('',(4.953436799559,17.495281876904));
#6798 = CARTESIAN_POINT('',(5.027198988743,17.584855026988));
#6799 = CARTESIAN_POINT('',(5.053153004347,17.619601859816));
#6800 = CARTESIAN_POINT('',(5.079043540139,17.657397290256));
#6801 = CARTESIAN_POINT('',(5.104869792211,17.698127361434));
#6802 = CARTESIAN_POINT('',(5.130630181337,17.741668071409));
#6803 = CARTESIAN_POINT('',(5.183391571627,17.836579826278));
#6804 = CARTESIAN_POINT('',(5.210385589309,17.888246781746));
#6805 = CARTESIAN_POINT('',(5.237310146123,17.942745283918));
#6806 = CARTESIAN_POINT('',(5.264170308435,17.999930977846));
#6807 = CARTESIAN_POINT('',(5.290970468879,18.059656109307));
#6808 = CARTESIAN_POINT('',(5.373769609665,18.251959466909));
#6809 = CARTESIAN_POINT('',(5.429565428853,18.39261399669));
#6810 = CARTESIAN_POINT('',(5.48520377446,18.542493474389));
#6811 = CARTESIAN_POINT('',(5.540778413414,18.700409131392));
#6812 = CARTESIAN_POINT('',(5.596379379006,18.865221936126));
#6813 = CARTESIAN_POINT('',(5.69923574761,19.180188107731));
#6814 = CARTESIAN_POINT('',(5.746472328564,19.328735108473));
#6815 = CARTESIAN_POINT('',(5.793868576189,19.480846643247));
#6816 = CARTESIAN_POINT('',(5.841482801955,19.635901021141));
#6817 = CARTESIAN_POINT('',(5.889374750749,19.793294047695));
#6818 = CARTESIAN_POINT('',(5.99384766298,20.137993238958));
#6819 = CARTESIAN_POINT('',(6.050587248852,20.326046895849));
#6820 = CARTESIAN_POINT('',(6.107852176492,20.515411613418));
#6821 = CARTESIAN_POINT('',(6.165676136479,20.704923257367));
#6822 = CARTESIAN_POINT('',(6.22410278245,20.893458780585));
#6823 = CARTESIAN_POINT('',(6.28318530718,21.079949694048));
#6824 = ( GEOMETRIC_REPRESENTATION_CONTEXT(2) 
PARAMETRIC_REPRESENTATION_CONTEXT() REPRESENTATION_CONTEXT('2D SPACE',''
  ) );
#6825 = ORIENTED_EDGE('',*,*,#6826,.T.);
#6826 = EDGE_CURVE('',#6577,#6549,#6827,.T.);
#6827 = SURFACE_CURVE('',#6828,(#6847,#6869),.PCURVE_S1.);
#6828 = B_SPLINE_CURVE_WITH_KNOTS('',5,(#6829,#6830,#6831,#6832,#6833,
    #6834,#6835,#6836,#6837,#6838,#6839,#6840,#6841,#6842,#6843,#6844,
    #6845,#6846),.UNSPECIFIED.,.F.,.F.,(6,4,4,4,6),(0.,0.178806077429,
    0.533898245777,0.846914913085,1.),.UNSPECIFIED.);
#6829 = CARTESIAN_POINT('',(-22.,33.106834641808,101.75));
#6830 = CARTESIAN_POINT('',(-21.8706465879,33.192791970463,101.75));
#6831 = CARTESIAN_POINT('',(-21.7406528539,33.278264071558,
    101.74559675349));
#6832 = CARTESIAN_POINT('',(-21.61025219967,33.363089656813,
    101.73670312796));
#6833 = CARTESIAN_POINT('',(-21.47968355485,33.447116855339,
    101.72325362234));
#6834 = CARTESIAN_POINT('',(-21.09004610046,33.695204960515,
    101.66936023209));
#6835 = CARTESIAN_POINT('',(-20.83110135129,33.856560705554,
    101.6153608381));
#6836 = CARTESIAN_POINT('',(-20.57469879826,34.012875539848,
    101.54289829652));
#6837 = CARTESIAN_POINT('',(-20.32314540589,34.163028588277,
    101.4522058088));
#6838 = CARTESIAN_POINT('',(-19.86310665376,34.43227935835,
    101.24873265889));
#6839 = CARTESIAN_POINT('',(-19.6531466148,34.552891997149,
    101.13988561536));
#6840 = CARTESIAN_POINT('',(-19.45027139392,34.667362273583,
    101.0180912113));
#6841 = CARTESIAN_POINT('',(-19.255855892,34.775262271848,
    100.88423242612));
#6842 = CARTESIAN_POINT('',(-18.98070925368,34.92571809619,
    100.66872724802));
#6843 = CARTESIAN_POINT('',(-18.89263142906,34.973500528356,
    100.59533663817));
#6844 = CARTESIAN_POINT('',(-18.80696923271,35.019623430537,
    100.51946439406));
#6845 = CARTESIAN_POINT('',(-18.7238292564,35.06407038321,
    100.44124388195));
#6846 = CARTESIAN_POINT('',(-18.64329958201,35.106835241808,
    100.36081274454));
#6847 = PCURVE('',#4134,#6848);
#6848 = DEFINITIONAL_REPRESENTATION('',(#6849),#6868);
#6849 = B_SPLINE_CURVE_WITH_KNOTS('',5,(#6850,#6851,#6852,#6853,#6854,
    #6855,#6856,#6857,#6858,#6859,#6860,#6861,#6862,#6863,#6864,#6865,
    #6866,#6867),.UNSPECIFIED.,.F.,.F.,(6,4,4,4,6),(0.,0.178806077429,
    0.533898245777,0.846914913085,1.),.UNSPECIFIED.);
#6850 = CARTESIAN_POINT('',(-2.157308082073,-21.05));
#6851 = CARTESIAN_POINT('',(-2.15340093077,-21.05));
#6852 = CARTESIAN_POINT('',(-2.149487119624,-21.04559675349));
#6853 = CARTESIAN_POINT('',(-2.145573657829,-21.03670312796));
#6854 = CARTESIAN_POINT('',(-2.14166754343,-21.02325362234));
#6855 = CARTESIAN_POINT('',(-2.130047051544,-20.96936023209));
#6856 = CARTESIAN_POINT('',(-2.122371859686,-20.9153608381));
#6857 = CARTESIAN_POINT('',(-2.114817758005,-20.84289829652));
#6858 = CARTESIAN_POINT('',(-2.107447989555,-20.7522058088));
#6859 = CARTESIAN_POINT('',(-2.094038178493,-20.54873265889));
#6860 = CARTESIAN_POINT('',(-2.087946866692,-20.43988561536));
#6861 = CARTESIAN_POINT('',(-2.082086912699,-20.3180912113));
#6862 = CARTESIAN_POINT('',(-2.076493295788,-20.18423242612));
#6863 = CARTESIAN_POINT('',(-2.068604081164,-19.96872724802));
#6864 = CARTESIAN_POINT('',(-2.066083236903,-19.89533663817));
#6865 = CARTESIAN_POINT('',(-2.063635706387,-19.81946439406));
#6866 = CARTESIAN_POINT('',(-2.061264015767,-19.74124388195));
#6867 = CARTESIAN_POINT('',(-2.058970169744,-19.66081274454));
#6868 = ( GEOMETRIC_REPRESENTATION_CONTEXT(2) 
PARAMETRIC_REPRESENTATION_CONTEXT() REPRESENTATION_CONTEXT('2D SPACE',''
  ) );
#6869 = PCURVE('',#6740,#6870);
#6870 = DEFINITIONAL_REPRESENTATION('',(#6871),#6890);
#6871 = B_SPLINE_CURVE_WITH_KNOTS('',5,(#6872,#6873,#6874,#6875,#6876,
    #6877,#6878,#6879,#6880,#6881,#6882,#6883,#6884,#6885,#6886,#6887,
    #6888,#6889),.UNSPECIFIED.,.F.,.F.,(6,4,4,4,6),(0.,0.178806077429,
    0.533898245777,0.846914913085,1.),.UNSPECIFIED.);
#6872 = CARTESIAN_POINT('',(0.,21.079949694048));
#6873 = CARTESIAN_POINT('',(2.723229728267E-02,21.165907022703));
#6874 = CARTESIAN_POINT('',(5.459935552429E-02,21.251379123798));
#6875 = CARTESIAN_POINT('',(8.20942866085E-02,21.336204709053));
#6876 = CARTESIAN_POINT('',(0.10971109517,21.420231907579));
#6877 = CARTESIAN_POINT('',(0.192520984814,21.668320012755));
#6878 = CARTESIAN_POINT('',(0.248079175703,21.829675757794));
#6879 = CARTESIAN_POINT('',(0.303987762762,21.985990592088));
#6880 = CARTESIAN_POINT('',(0.360143618009,22.136143640518));
#6881 = CARTESIAN_POINT('',(0.466044209287,22.40539441059));
#6882 = CARTESIAN_POINT('',(0.515737920725,22.526007049389));
#6883 = CARTESIAN_POINT('',(0.565424459868,22.640477325823));
#6884 = CARTESIAN_POINT('',(0.615023564157,22.748377324088));
#6885 = CARTESIAN_POINT('',(0.688601880355,22.89883314843));
#6886 = CARTESIAN_POINT('',(0.712726971002,22.946615580596));
#6887 = CARTESIAN_POINT('',(0.736803343237,22.992738482777));
#6888 = CARTESIAN_POINT('',(0.760824614548,23.03718543545));
#6889 = CARTESIAN_POINT('',(0.784785983572,23.079950294048));
#6890 = ( GEOMETRIC_REPRESENTATION_CONTEXT(2) 
PARAMETRIC_REPRESENTATION_CONTEXT() REPRESENTATION_CONTEXT('2D SPACE',''
  ) );
#6891 = ADVANCED_FACE('',(#6892),#4108,.T.);
#6892 = FACE_BOUND('',#6893,.T.);
#6893 = EDGE_LOOP('',(#6894,#6895,#6917,#6918));
#6894 = ORIENTED_EDGE('',*,*,#4611,.F.);
#6895 = ORIENTED_EDGE('',*,*,#6896,.T.);
#6896 = EDGE_CURVE('',#4612,#4068,#6897,.T.);
#6897 = SURFACE_CURVE('',#6898,(#6903,#6910),.PCURVE_S1.);
#6898 = CIRCLE('',#6899,44.75);
#6899 = AXIS2_PLACEMENT_3D('',#6900,#6901,#6902);
#6900 = CARTESIAN_POINT('',(0.,0.,80.7));
#6901 = DIRECTION('',(0.,0.,1.));
#6902 = DIRECTION('',(1.,0.,0.));
#6903 = PCURVE('',#4108,#6904);
#6904 = DEFINITIONAL_REPRESENTATION('',(#6905),#6909);
#6905 = CIRCLE('',#6906,44.75);
#6906 = AXIS2_PLACEMENT_2D('',#6907,#6908);
#6907 = CARTESIAN_POINT('',(2.933502854163E-15,-4.040240899597E-15));
#6908 = DIRECTION('',(1.,0.));
#6909 = ( GEOMETRIC_REPRESENTATION_CONTEXT(2) 
PARAMETRIC_REPRESENTATION_CONTEXT() REPRESENTATION_CONTEXT('2D SPACE',''
  ) );
#6910 = PCURVE('',#4082,#6911);
#6911 = DEFINITIONAL_REPRESENTATION('',(#6912),#6916);
#6912 = LINE('',#6913,#6914);
#6913 = CARTESIAN_POINT('',(-0.,-10.8));
#6914 = VECTOR('',#6915,1.);
#6915 = DIRECTION('',(-1.,0.));
#6916 = ( GEOMETRIC_REPRESENTATION_CONTEXT(2) 
PARAMETRIC_REPRESENTATION_CONTEXT() REPRESENTATION_CONTEXT('2D SPACE',''
  ) );
#6917 = ORIENTED_EDGE('',*,*,#4093,.F.);
#6918 = ORIENTED_EDGE('',*,*,#5620,.F.);
#6919 = ADVANCED_FACE('',(#6920),#4082,.T.);
#6920 = FACE_BOUND('',#6921,.F.);
#6921 = EDGE_LOOP('',(#6922,#6923,#6924,#6925));
#6922 = ORIENTED_EDGE('',*,*,#4339,.F.);
#6923 = ORIENTED_EDGE('',*,*,#4632,.T.);
#6924 = ORIENTED_EDGE('',*,*,#6896,.T.);
#6925 = ORIENTED_EDGE('',*,*,#4067,.T.);
#6926 = ADVANCED_FACE('',(#6927),#4270,.F.);
#6927 = FACE_BOUND('',#6928,.F.);
#6928 = EDGE_LOOP('',(#6929,#6952,#6979,#6980));
#6929 = ORIENTED_EDGE('',*,*,#6930,.T.);
#6930 = EDGE_CURVE('',#4254,#6931,#6933,.T.);
#6931 = VERTEX_POINT('',#6932);
#6932 = CARTESIAN_POINT('',(-42.1,12.,32.));
#6933 = SEAM_CURVE('',#6934,(#6938,#6945),.PCURVE_S1.);
#6934 = LINE('',#6935,#6936);
#6935 = CARTESIAN_POINT('',(-42.1,-12.,32.));
#6936 = VECTOR('',#6937,1.);
#6937 = DIRECTION('',(0.,1.,0.));
#6938 = PCURVE('',#4270,#6939);
#6939 = DEFINITIONAL_REPRESENTATION('',(#6940),#6944);
#6940 = LINE('',#6941,#6942);
#6941 = CARTESIAN_POINT('',(6.28318530718,-0.));
#6942 = VECTOR('',#6943,1.);
#6943 = DIRECTION('',(0.,1.));
#6944 = ( GEOMETRIC_REPRESENTATION_CONTEXT(2) 
PARAMETRIC_REPRESENTATION_CONTEXT() REPRESENTATION_CONTEXT('2D SPACE',''
  ) );
#6945 = PCURVE('',#4270,#6946);
#6946 = DEFINITIONAL_REPRESENTATION('',(#6947),#6951);
#6947 = LINE('',#6948,#6949);
#6948 = CARTESIAN_POINT('',(0.,-0.));
#6949 = VECTOR('',#6950,1.);
#6950 = DIRECTION('',(0.,1.));
#6951 = ( GEOMETRIC_REPRESENTATION_CONTEXT(2) 
PARAMETRIC_REPRESENTATION_CONTEXT() REPRESENTATION_CONTEXT('2D SPACE',''
  ) );
#6952 = ORIENTED_EDGE('',*,*,#6953,.F.);
#6953 = EDGE_CURVE('',#6931,#6931,#6954,.T.);
#6954 = SURFACE_CURVE('',#6955,(#6960,#6967),.PCURVE_S1.);
#6955 = CIRCLE('',#6956,2.);
#6956 = AXIS2_PLACEMENT_3D('',#6957,#6958,#6959);
#6957 = CARTESIAN_POINT('',(-42.1,12.,30.));
#6958 = DIRECTION('',(0.,1.,0.));
#6959 = DIRECTION('',(0.,-0.,1.));
#6960 = PCURVE('',#4270,#6961);
#6961 = DEFINITIONAL_REPRESENTATION('',(#6962),#6966);
#6962 = LINE('',#6963,#6964);
#6963 = CARTESIAN_POINT('',(0.,24.));
#6964 = VECTOR('',#6965,1.);
#6965 = DIRECTION('',(1.,0.));
#6966 = ( GEOMETRIC_REPRESENTATION_CONTEXT(2) 
PARAMETRIC_REPRESENTATION_CONTEXT() REPRESENTATION_CONTEXT('2D SPACE',''
  ) );
#6967 = PCURVE('',#6968,#6973);
#6968 = PLANE('',#6969);
#6969 = AXIS2_PLACEMENT_3D('',#6970,#6971,#6972);
#6970 = CARTESIAN_POINT('',(-42.1,12.,30.));
#6971 = DIRECTION('',(0.,1.,0.));
#6972 = DIRECTION('',(0.,-0.,1.));
#6973 = DEFINITIONAL_REPRESENTATION('',(#6974),#6978);
#6974 = CIRCLE('',#6975,2.);
#6975 = AXIS2_PLACEMENT_2D('',#6976,#6977);
#6976 = CARTESIAN_POINT('',(0.,0.));
#6977 = DIRECTION('',(1.,0.));
#6978 = ( GEOMETRIC_REPRESENTATION_CONTEXT(2) 
PARAMETRIC_REPRESENTATION_CONTEXT() REPRESENTATION_CONTEXT('2D SPACE',''
  ) );
#6979 = ORIENTED_EDGE('',*,*,#6930,.F.);
#6980 = ORIENTED_EDGE('',*,*,#4253,.T.);
#6981 = ADVANCED_FACE('',(#6982),#4301,.F.);
#6982 = FACE_BOUND('',#6983,.F.);
#6983 = EDGE_LOOP('',(#6984,#7007,#7034,#7035));
#6984 = ORIENTED_EDGE('',*,*,#6985,.T.);
#6985 = EDGE_CURVE('',#4285,#6986,#6988,.T.);
#6986 = VERTEX_POINT('',#6987);
#6987 = CARTESIAN_POINT('',(-42.1,12.,62.));
#6988 = SEAM_CURVE('',#6989,(#6993,#7000),.PCURVE_S1.);
#6989 = LINE('',#6990,#6991);
#6990 = CARTESIAN_POINT('',(-42.1,-12.,62.));
#6991 = VECTOR('',#6992,1.);
#6992 = DIRECTION('',(0.,1.,0.));
#6993 = PCURVE('',#4301,#6994);
#6994 = DEFINITIONAL_REPRESENTATION('',(#6995),#6999);
#6995 = LINE('',#6996,#6997);
#6996 = CARTESIAN_POINT('',(6.28318530718,-0.));
#6997 = VECTOR('',#6998,1.);
#6998 = DIRECTION('',(0.,1.));
#6999 = ( GEOMETRIC_REPRESENTATION_CONTEXT(2) 
PARAMETRIC_REPRESENTATION_CONTEXT() REPRESENTATION_CONTEXT('2D SPACE',''
  ) );
#7000 = PCURVE('',#4301,#7001);
#7001 = DEFINITIONAL_REPRESENTATION('',(#7002),#7006);
#7002 = LINE('',#7003,#7004);
#7003 = CARTESIAN_POINT('',(0.,-0.));
#7004 = VECTOR('',#7005,1.);
#7005 = DIRECTION('',(0.,1.));
#7006 = ( GEOMETRIC_REPRESENTATION_CONTEXT(2) 
PARAMETRIC_REPRESENTATION_CONTEXT() REPRESENTATION_CONTEXT('2D SPACE',''
  ) );
#7007 = ORIENTED_EDGE('',*,*,#7008,.F.);
#7008 = EDGE_CURVE('',#6986,#6986,#7009,.T.);
#7009 = SURFACE_CURVE('',#7010,(#7015,#7022),.PCURVE_S1.);
#7010 = CIRCLE('',#7011,2.);
#7011 = AXIS2_PLACEMENT_3D('',#7012,#7013,#7014);
#7012 = CARTESIAN_POINT('',(-42.1,12.,60.));
#7013 = DIRECTION('',(0.,1.,0.));
#7014 = DIRECTION('',(0.,-0.,1.));
#7015 = PCURVE('',#4301,#7016);
#7016 = DEFINITIONAL_REPRESENTATION('',(#7017),#7021);
#7017 = LINE('',#7018,#7019);
#7018 = CARTESIAN_POINT('',(0.,24.));
#7019 = VECTOR('',#7020,1.);
#7020 = DIRECTION('',(1.,0.));
#7021 = ( GEOMETRIC_REPRESENTATION_CONTEXT(2) 
PARAMETRIC_REPRESENTATION_CONTEXT() REPRESENTATION_CONTEXT('2D SPACE',''
  ) );
#7022 = PCURVE('',#7023,#7028);
#7023 = PLANE('',#7024);
#7024 = AXIS2_PLACEMENT_3D('',#7025,#7026,#7027);
#7025 = CARTESIAN_POINT('',(-42.1,12.,60.));
#7026 = DIRECTION('',(0.,1.,0.));
#7027 = DIRECTION('',(0.,-0.,1.));
#7028 = DEFINITIONAL_REPRESENTATION('',(#7029),#7033);
#7029 = CIRCLE('',#7030,2.);
#7030 = AXIS2_PLACEMENT_2D('',#7031,#7032);
#7031 = CARTESIAN_POINT('',(0.,0.));
#7032 = DIRECTION('',(1.,0.));
#7033 = ( GEOMETRIC_REPRESENTATION_CONTEXT(2) 
PARAMETRIC_REPRESENTATION_CONTEXT() REPRESENTATION_CONTEXT('2D SPACE',''
  ) );
#7034 = ORIENTED_EDGE('',*,*,#6985,.F.);
#7035 = ORIENTED_EDGE('',*,*,#4284,.T.);
#7036 = ADVANCED_FACE('',(#7037),#4556,.F.);
#7037 = FACE_BOUND('',#7038,.T.);
#7038 = EDGE_LOOP('',(#7039,#7059,#7080,#7081));
#7039 = ORIENTED_EDGE('',*,*,#7040,.F.);
#7040 = EDGE_CURVE('',#7041,#5569,#7043,.T.);
#7041 = VERTEX_POINT('',#7042);
#7042 = CARTESIAN_POINT('',(36.75,0.75,107.5));
#7043 = SURFACE_CURVE('',#7044,(#7047,#7053),.PCURVE_S1.);
#7044 = B_SPLINE_CURVE_WITH_KNOTS('',1,(#7045,#7046),.UNSPECIFIED.,.F.,
  .F.,(2,2),(0.,1.),.PIECEWISE_BEZIER_KNOTS.);
#7045 = CARTESIAN_POINT('',(36.75,0.75,107.5));
#7046 = CARTESIAN_POINT('',(36.75,2.25,109.));
#7047 = PCURVE('',#4556,#7048);
#7048 = DEFINITIONAL_REPRESENTATION('',(#7049),#7052);
#7049 = B_SPLINE_CURVE_WITH_KNOTS('',1,(#7050,#7051),.UNSPECIFIED.,.F.,
  .F.,(2,2),(0.,1.),.PIECEWISE_BEZIER_KNOTS.);
#7050 = CARTESIAN_POINT('',(0.,0.));
#7051 = CARTESIAN_POINT('',(0.,1.5));
#7052 = ( GEOMETRIC_REPRESENTATION_CONTEXT(2) 
PARAMETRIC_REPRESENTATION_CONTEXT() REPRESENTATION_CONTEXT('2D SPACE',''
  ) );
#7053 = PCURVE('',#5503,#7054);
#7054 = DEFINITIONAL_REPRESENTATION('',(#7055),#7058);
#7055 = B_SPLINE_CURVE_WITH_KNOTS('',1,(#7056,#7057),.UNSPECIFIED.,.F.,
  .F.,(2,2),(0.,1.),.PIECEWISE_BEZIER_KNOTS.);
#7056 = CARTESIAN_POINT('',(73.5,-2.12132034356));
#7057 = CARTESIAN_POINT('',(73.5,0.));
#7058 = ( GEOMETRIC_REPRESENTATION_CONTEXT(2) 
PARAMETRIC_REPRESENTATION_CONTEXT() REPRESENTATION_CONTEXT('2D SPACE',''
  ) );
#7059 = ORIENTED_EDGE('',*,*,#7060,.T.);
#7060 = EDGE_CURVE('',#7041,#4516,#7061,.T.);
#7061 = SURFACE_CURVE('',#7062,(#7067,#7073),.PCURVE_S1.);
#7062 = CIRCLE('',#7063,0.75);
#7063 = AXIS2_PLACEMENT_3D('',#7064,#7065,#7066);
#7064 = CARTESIAN_POINT('',(36.75,0.,107.5));
#7065 = DIRECTION('',(0.,0.,-1.));
#7066 = DIRECTION('',(0.,1.,0.));
#7067 = PCURVE('',#4556,#7068);
#7068 = DEFINITIONAL_REPRESENTATION('',(#7069),#7072);
#7069 = B_SPLINE_CURVE_WITH_KNOTS('',1,(#7070,#7071),.UNSPECIFIED.,.F.,
  .F.,(2,2),(0.,3.14159265359),.PIECEWISE_BEZIER_KNOTS.);
#7070 = CARTESIAN_POINT('',(0.,0.));
#7071 = CARTESIAN_POINT('',(-3.14159265359,0.));
#7072 = ( GEOMETRIC_REPRESENTATION_CONTEXT(2) 
PARAMETRIC_REPRESENTATION_CONTEXT() REPRESENTATION_CONTEXT('2D SPACE',''
  ) );
#7073 = PCURVE('',#4530,#7074);
#7074 = DEFINITIONAL_REPRESENTATION('',(#7075),#7079);
#7075 = LINE('',#7076,#7077);
#7076 = CARTESIAN_POINT('',(0.,-8.501));
#7077 = VECTOR('',#7078,1.);
#7078 = DIRECTION('',(1.,0.));
#7079 = ( GEOMETRIC_REPRESENTATION_CONTEXT(2) 
PARAMETRIC_REPRESENTATION_CONTEXT() REPRESENTATION_CONTEXT('2D SPACE',''
  ) );
#7080 = ORIENTED_EDGE('',*,*,#4541,.T.);
#7081 = ORIENTED_EDGE('',*,*,#5591,.F.);
#7082 = ADVANCED_FACE('',(#7083),#4530,.F.);
#7083 = FACE_BOUND('',#7084,.F.);
#7084 = EDGE_LOOP('',(#7085,#7111,#7132,#7133,#7134));
#7085 = ORIENTED_EDGE('',*,*,#7086,.F.);
#7086 = EDGE_CURVE('',#7087,#7089,#7091,.T.);
#7087 = VERTEX_POINT('',#7088);
#7088 = CARTESIAN_POINT('',(36.75,0.75,98.999));
#7089 = VERTEX_POINT('',#7090);
#7090 = CARTESIAN_POINT('',(37.499996040298,3.216713912751E-03,98.999));
#7091 = SURFACE_CURVE('',#7092,(#7097,#7104),.PCURVE_S1.);
#7092 = CIRCLE('',#7093,0.75);
#7093 = AXIS2_PLACEMENT_3D('',#7094,#7095,#7096);
#7094 = CARTESIAN_POINT('',(36.75,0.,98.999));
#7095 = DIRECTION('',(0.,0.,-1.));
#7096 = DIRECTION('',(0.,1.,0.));
#7097 = PCURVE('',#4530,#7098);
#7098 = DEFINITIONAL_REPRESENTATION('',(#7099),#7103);
#7099 = LINE('',#7100,#7101);
#7100 = CARTESIAN_POINT('',(0.,0.));
#7101 = VECTOR('',#7102,1.);
#7102 = DIRECTION('',(1.,0.));
#7103 = ( GEOMETRIC_REPRESENTATION_CONTEXT(2) 
PARAMETRIC_REPRESENTATION_CONTEXT() REPRESENTATION_CONTEXT('2D SPACE',''
  ) );
#7104 = PCURVE('',#4890,#7105);
#7105 = DEFINITIONAL_REPRESENTATION('',(#7106),#7110);
#7106 = CIRCLE('',#7107,0.75);
#7107 = AXIS2_PLACEMENT_2D('',#7108,#7109);
#7108 = CARTESIAN_POINT('',(-36.75,3.664102391502E-19));
#7109 = DIRECTION('',(0.,1.));
#7110 = ( GEOMETRIC_REPRESENTATION_CONTEXT(2) 
PARAMETRIC_REPRESENTATION_CONTEXT() REPRESENTATION_CONTEXT('2D SPACE',''
  ) );
#7111 = ORIENTED_EDGE('',*,*,#7112,.T.);
#7112 = EDGE_CURVE('',#7087,#7041,#7113,.T.);
#7113 = SURFACE_CURVE('',#7114,(#7118,#7125),.PCURVE_S1.);
#7114 = LINE('',#7115,#7116);
#7115 = CARTESIAN_POINT('',(36.75,0.75,98.999));
#7116 = VECTOR('',#7117,1.);
#7117 = DIRECTION('',(0.,0.,1.));
#7118 = PCURVE('',#4530,#7119);
#7119 = DEFINITIONAL_REPRESENTATION('',(#7120),#7124);
#7120 = LINE('',#7121,#7122);
#7121 = CARTESIAN_POINT('',(0.,0.));
#7122 = VECTOR('',#7123,1.);
#7123 = DIRECTION('',(0.,-1.));
#7124 = ( GEOMETRIC_REPRESENTATION_CONTEXT(2) 
PARAMETRIC_REPRESENTATION_CONTEXT() REPRESENTATION_CONTEXT('2D SPACE',''
  ) );
#7125 = PCURVE('',#5469,#7126);
#7126 = DEFINITIONAL_REPRESENTATION('',(#7127),#7131);
#7127 = LINE('',#7128,#7129);
#7128 = CARTESIAN_POINT('',(73.5,0.));
#7129 = VECTOR('',#7130,1.);
#7130 = DIRECTION('',(0.,-1.));
#7131 = ( GEOMETRIC_REPRESENTATION_CONTEXT(2) 
PARAMETRIC_REPRESENTATION_CONTEXT() REPRESENTATION_CONTEXT('2D SPACE',''
  ) );
#7132 = ORIENTED_EDGE('',*,*,#7060,.T.);
#7133 = ORIENTED_EDGE('',*,*,#4515,.T.);
#7134 = ORIENTED_EDGE('',*,*,#7135,.F.);
#7135 = EDGE_CURVE('',#7089,#4367,#7136,.T.);
#7136 = SURFACE_CURVE('',#7137,(#7175,#7181),.PCURVE_S1.);
#7137 = B_SPLINE_CURVE_WITH_KNOTS('',6,(#7138,#7139,#7140,#7141,#7142,
    #7143,#7144,#7145,#7146,#7147,#7148,#7149,#7150,#7151,#7152,#7153,
    #7154,#7155,#7156,#7157,#7158,#7159,#7160,#7161,#7162,#7163,#7164,
    #7165,#7166,#7167,#7168,#7169,#7170,#7171,#7172,#7173,#7174),
  .UNSPECIFIED.,.F.,.F.,(7,5,5,5,5,5,5,7),(0.,0.191996631857,
    0.33499741709,0.498997200401,0.65899723795,0.805997883727,
    0.929999011406,1.),.UNSPECIFIED.);
#7138 = CARTESIAN_POINT('',(36.750010606061,0.749992424242,98.999));
#7139 = CARTESIAN_POINT('',(36.825405669436,0.749992174934,98.999));
#7140 = CARTESIAN_POINT('',(36.900809901349,0.740896760881,98.999));
#7141 = CARTESIAN_POINT('',(36.974830904952,0.72270232835,98.999));
#7142 = CARTESIAN_POINT('',(37.046110636847,0.695695664671,98.999));
#7143 = CARTESIAN_POINT('',(37.113367710596,0.660411203323,98.999));
#7144 = CARTESIAN_POINT('',(37.221703314987,0.585786614784,98.999));
#7145 = CARTESIAN_POINT('',(37.265088130039,0.549775193056,98.999));
#7146 = CARTESIAN_POINT('',(37.305142153033,0.509931373708,98.999));
#7147 = CARTESIAN_POINT('',(37.341449143697,0.46664560575,98.999));
#7148 = CARTESIAN_POINT('',(37.373655303099,0.420365694875,98.999));
#7149 = CARTESIAN_POINT('',(37.433385705762,0.31564675451,98.999));
#7150 = CARTESIAN_POINT('',(37.459531078806,0.256414427653,98.999));
#7151 = CARTESIAN_POINT('',(37.479486095194,0.194640585732,98.999));
#7152 = CARTESIAN_POINT('',(37.492958307181,0.131136960977,98.999));
#7153 = CARTESIAN_POINT('',(37.499796935776,6.675308439836E-02,98.999));
#7154 = CARTESIAN_POINT('',(37.500196638214,-6.04778727475E-02,98.999));
#7155 = CARTESIAN_POINT('',(37.494077517147,-0.123331339199,98.999));
#7156 = CARTESIAN_POINT('',(37.481639388868,-0.185406810183,98.999));
#7157 = CARTESIAN_POINT('',(37.46301389274,-0.24591434253,98.999));
#7158 = CARTESIAN_POINT('',(37.438461440743,-0.304096623407,98.999));
#7159 = CARTESIAN_POINT('',(37.380715408462,-0.409922823854,98.999));
#7160 = CARTESIAN_POINT('',(37.348383516273,-0.458043495297,98.999));
#7161 = CARTESIAN_POINT('',(37.311667419414,-0.503067525827,98.999));
#7162 = CARTESIAN_POINT('',(37.270944447304,-0.544502705767,98.999));
#7163 = CARTESIAN_POINT('',(37.226662451956,-0.581919989455,98.999));
#7164 = CARTESIAN_POINT('',(37.139403576205,-0.642838260792,98.999));
#7165 = CARTESIAN_POINT('',(37.097304382262,-0.66760216599,98.999));
#7166 = CARTESIAN_POINT('',(37.05333738536,-0.689043141282,98.999));
#7167 = CARTESIAN_POINT('',(37.007832166519,-0.706989894502,98.999));
#7168 = CARTESIAN_POINT('',(36.961137619824,-0.72131501544,98.999));
#7169 = CARTESIAN_POINT('',(36.886789775016,-0.737933982815,98.999));
#7170 = CARTESIAN_POINT('',(36.859699276748,-0.742750657398,98.999));
#7171 = CARTESIAN_POINT('',(36.832410099363,-0.74637290305,98.999));
#7172 = CARTESIAN_POINT('',(36.804987975461,-0.748791013125,98.999));
#7173 = CARTESIAN_POINT('',(36.777499179255,-0.75000012395,98.999));
#7174 = CARTESIAN_POINT('',(36.750010526573,-0.750000214828,98.999));
#7175 = PCURVE('',#4530,#7176);
#7176 = DEFINITIONAL_REPRESENTATION('',(#7177),#7180);
#7177 = B_SPLINE_CURVE_WITH_KNOTS('',1,(#7178,#7179),.UNSPECIFIED.,.F.,
  .F.,(2,2),(0.498630312201,1.),.PIECEWISE_BEZIER_KNOTS.);
#7178 = CARTESIAN_POINT('',(1.566507378566,0.));
#7179 = CARTESIAN_POINT('',(3.141578618163,0.));
#7180 = ( GEOMETRIC_REPRESENTATION_CONTEXT(2) 
PARAMETRIC_REPRESENTATION_CONTEXT() REPRESENTATION_CONTEXT('2D SPACE',''
  ) );
#7181 = PCURVE('',#4452,#7182);
#7182 = DEFINITIONAL_REPRESENTATION('',(#7183),#7221);
#7183 = B_SPLINE_CURVE_WITH_KNOTS('',6,(#7184,#7185,#7186,#7187,#7188,
    #7189,#7190,#7191,#7192,#7193,#7194,#7195,#7196,#7197,#7198,#7199,
    #7200,#7201,#7202,#7203,#7204,#7205,#7206,#7207,#7208,#7209,#7210,
    #7211,#7212,#7213,#7214,#7215,#7216,#7217,#7218,#7219,#7220),
  .UNSPECIFIED.,.F.,.F.,(7,5,5,5,5,5,5,7),(0.,0.191996631857,
    0.33499741709,0.498997200401,0.65899723795,0.805997883727,
    0.929999011406,1.),.UNSPECIFIED.);
#7184 = CARTESIAN_POINT('',(6.28318530718,0.99998989899));
#7185 = CARTESIAN_POINT('',(6.182657540581,0.99998989899));
#7186 = CARTESIAN_POINT('',(6.082118093202,0.99998989899));
#7187 = CARTESIAN_POINT('',(5.981592396307,0.99998989899));
#7188 = CARTESIAN_POINT('',(5.881066754842,0.99998989899));
#7189 = CARTESIAN_POINT('',(5.780527208642,0.99998989899));
#7190 = CARTESIAN_POINT('',(5.605125606599,0.99998989899));
#7191 = CARTESIAN_POINT('',(5.530249038902,0.99998989899));
#7192 = CARTESIAN_POINT('',(5.455375620036,0.99998989899));
#7193 = CARTESIAN_POINT('',(5.380502205017,0.99998989899));
#7194 = CARTESIAN_POINT('',(5.30562565073,0.99998989899));
#7195 = CARTESIAN_POINT('',(5.144883005436,0.99998989899));
#7196 = CARTESIAN_POINT('',(5.059008986402,0.99998989899));
#7197 = CARTESIAN_POINT('',(4.973141157852,0.99998989899));
#7198 = CARTESIAN_POINT('',(4.887273332931,0.99998989899));
#7199 = CARTESIAN_POINT('',(4.801399323603,0.99998989899));
#7200 = CARTESIAN_POINT('',(4.631756051896,0.99998989899));
#7201 = CARTESIAN_POINT('',(4.547976875824,0.99998989899));
#7202 = CARTESIAN_POINT('',(4.464203172285,0.99998989899));
#7203 = CARTESIAN_POINT('',(4.380429465355,0.99998989899));
#7204 = CARTESIAN_POINT('',(4.296650280352,0.99998989899));
#7205 = CARTESIAN_POINT('',(4.135907577232,0.99998989899));
#7206 = CARTESIAN_POINT('',(4.058936343463,0.99998989899));
#7207 = CARTESIAN_POINT('',(3.981968709882,0.99998989899));
#7208 = CARTESIAN_POINT('',(3.905001073063,0.99998989899));
#7209 = CARTESIAN_POINT('',(3.828029827285,0.99998989899));
#7210 = CARTESIAN_POINT('',(3.686135767631,0.99998989899));
#7211 = CARTESIAN_POINT('',(3.621208577779,0.99998989899));
#7212 = CARTESIAN_POINT('',(3.556282917124,0.99998989899));
#7213 = CARTESIAN_POINT('',(3.491357245893,0.99998989899));
#7214 = CARTESIAN_POINT('',(3.42643002909,0.99998989899));
#7215 = CARTESIAN_POINT('',(3.324852243082,0.99998989899));
#7216 = CARTESIAN_POINT('',(3.288200323039,0.99998989899));
#7217 = CARTESIAN_POINT('',(3.251548395768,0.99998989899));
#7218 = CARTESIAN_POINT('',(3.214896472321,0.99998989899));
#7219 = CARTESIAN_POINT('',(3.178244558247,0.99998989899));
#7220 = CARTESIAN_POINT('',(3.14159265359,0.99998989899));
#7221 = ( GEOMETRIC_REPRESENTATION_CONTEXT(2) 
PARAMETRIC_REPRESENTATION_CONTEXT() REPRESENTATION_CONTEXT('2D SPACE',''
  ) );
#7222 = ADVANCED_FACE('',(#7223),#4452,.F.);
#7223 = FACE_BOUND('',#7224,.F.);
#7224 = EDGE_LOOP('',(#7225,#7226,#7227,#7353));
#7225 = ORIENTED_EDGE('',*,*,#4366,.F.);
#7226 = ORIENTED_EDGE('',*,*,#4719,.T.);
#7227 = ORIENTED_EDGE('',*,*,#7228,.T.);
#7228 = EDGE_CURVE('',#4720,#7089,#7229,.T.);
#7229 = SURFACE_CURVE('',#7230,(#7269,#7311),.PCURVE_S1.);
#7230 = B_SPLINE_CURVE_WITH_KNOTS('',7,(#7231,#7232,#7233,#7234,#7235,
    #7236,#7237,#7238,#7239,#7240,#7241,#7242,#7243,#7244,#7245,#7246,
    #7247,#7248,#7249,#7250,#7251,#7252,#7253,#7254,#7255,#7256,#7257,
    #7258,#7259,#7260,#7261,#7262,#7263,#7264,#7265,#7266,#7267,#7268),
  .UNSPECIFIED.,.F.,.F.,(8,6,6,6,6,6,8),(0.,7.444463539427E-02,
    0.19473740372,0.376729374166,0.55863294258,0.969467266241,1.),
  .UNSPECIFIED.);
#7231 = CARTESIAN_POINT('',(37.795496600522,3.216713912751E-03,
    0.424606236484));
#7232 = CARTESIAN_POINT('',(37.784486232802,3.216713912751E-03,
    1.472576124453));
#7233 = CARTESIAN_POINT('',(37.774078252353,3.216713912751E-03,
    2.520527814157));
#7234 = CARTESIAN_POINT('',(37.764298146723,3.216713912751E-03,
    3.568464673152));
#7235 = CARTESIAN_POINT('',(37.755161014797,3.216713912751E-03,
    4.616391443341));
#7236 = CARTESIAN_POINT('',(37.746666482676,3.216713912751E-03,
    5.664313788188));
#7237 = CARTESIAN_POINT('',(37.738798259306,3.216713912751E-03,
    6.712237707624));
#7238 = CARTESIAN_POINT('',(37.719781082469,3.216713912751E-03,
    9.453488076345));
#7239 = CARTESIAN_POINT('',(37.709595891579,3.216713912751E-03,
    11.14682603285));
#7240 = CARTESIAN_POINT('',(37.700855424893,3.216713912751E-03,
    12.840205670887));
#7241 = CARTESIAN_POINT('',(37.693358080667,3.216713912751E-03,
    14.533645750873));
#7242 = CARTESIAN_POINT('',(37.686875443827,3.216713912751E-03,
    16.227154096293));
#7243 = CARTESIAN_POINT('',(37.68121273103,3.216713912751E-03,
    17.920731107828));
#7244 = CARTESIAN_POINT('',(37.668623150032,3.216713912751E-03,
    22.176696158487));
#7245 = CARTESIAN_POINT('',(37.662538157324,3.216713912751E-03,
    24.739168149203));
#7246 = CARTESIAN_POINT('',(37.657369123469,3.216713912751E-03,
    27.30177566164));
#7247 = CARTESIAN_POINT('',(37.652712013809,3.216713912751E-03,
    29.864494001434));
#7248 = CARTESIAN_POINT('',(37.648340621158,3.216713912751E-03,
    32.427300987111));
#7249 = CARTESIAN_POINT('',(37.64409305003,3.216713912751E-03,
    34.990178229651));
#7250 = CARTESIAN_POINT('',(37.635642364291,3.216713912751E-03,
    40.114800560927));
#7251 = CARTESIAN_POINT('',(37.631438885845,3.216713912751E-03,
    42.676546319639));
#7252 = CARTESIAN_POINT('',(37.627152687144,3.216713912751E-03,
    45.238337133044));
#7253 = CARTESIAN_POINT('',(37.622729867682,3.216713912751E-03,
    47.8001633524));
#7254 = CARTESIAN_POINT('',(37.618140714134,3.216713912751E-03,
    50.362017691611));
#7255 = CARTESIAN_POINT('',(37.613366381798,3.216713912751E-03,
    52.923895090678));
#7256 = CARTESIAN_POINT('',(37.597175883693,3.216713912751E-03,
    61.271909627469));
#7257 = CARTESIAN_POINT('',(37.584961951229,3.216713912751E-03,
    67.058122000603));
#7258 = CARTESIAN_POINT('',(37.571648184461,3.216713912751E-03,
    72.844393205691));
#7259 = CARTESIAN_POINT('',(37.557321346263,3.216713912751E-03,
    78.630701117722));
#7260 = CARTESIAN_POINT('',(37.542039039641,3.216713912751E-03,
    84.417032128806));
#7261 = CARTESIAN_POINT('',(37.525881059143,3.216713912751E-03,
    90.203380258518));
#7262 = CARTESIAN_POINT('',(37.507652169882,3.216713912751E-03,
    96.419782179988));
#7263 = CARTESIAN_POINT('',(37.506386666691,3.216713912751E-03,
    96.849818303643));
#7264 = CARTESIAN_POINT('',(37.505116719802,3.216713912751E-03,
    97.279854501635));
#7265 = CARTESIAN_POINT('',(37.503842356905,3.216713912751E-03,
    97.709890772066));
#7266 = CARTESIAN_POINT('',(37.502563605517,3.216713912751E-03,
    98.139927113105));
#7267 = CARTESIAN_POINT('',(37.501280492988,3.216713912751E-03,
    98.569963522984));
#7268 = CARTESIAN_POINT('',(37.4999930465,3.216713912751E-03,99.));
#7269 = PCURVE('',#4452,#7270);
#7270 = DEFINITIONAL_REPRESENTATION('',(#7271),#7310);
#7271 = B_SPLINE_CURVE_WITH_KNOTS('',7,(#7272,#7273,#7274,#7275,#7276,
    #7277,#7278,#7279,#7280,#7281,#7282,#7283,#7284,#7285,#7286,#7287,
    #7288,#7289,#7290,#7291,#7292,#7293,#7294,#7295,#7296,#7297,#7298,
    #7299,#7300,#7301,#7302,#7303,#7304,#7305,#7306,#7307,#7308,#7309),
  .UNSPECIFIED.,.F.,.F.,(8,6,6,6,6,6,8),(0.,7.444463539427E-02,
    0.19473740372,0.376729374166,0.55863294258,0.969467266241,1.),
  .UNSPECIFIED.);
#7272 = CARTESIAN_POINT('',(6.28318530718,4.28895188368E-03));
#7273 = CARTESIAN_POINT('',(6.250709797006,1.487450630761E-02));
#7274 = CARTESIAN_POINT('',(6.21744557306,2.545987691068E-02));
#7275 = CARTESIAN_POINT('',(6.183525931298,3.604509770861E-02));
#7276 = CARTESIAN_POINT('',(6.149120208428,4.66302165994E-02));
#7277 = CARTESIAN_POINT('',(6.114421607825,5.721529078978E-02));
#7278 = CARTESIAN_POINT('',(6.079629603808,6.780038088509E-02));
#7279 = CARTESIAN_POINT('',(5.98885194505,9.548977854894E-02));
#7280 = CARTESIAN_POINT('',(5.933010724573,0.112594202352));
#7281 = CARTESIAN_POINT('',(5.878175818595,0.129699047181));
#7282 = CARTESIAN_POINT('',(5.825030734921,0.146804502534));
#7283 = CARTESIAN_POINT('',(5.77395167175,0.163910647437));
#7284 = CARTESIAN_POINT('',(5.725114306725,0.181017485938));
#7285 = CARTESIAN_POINT('',(5.608146931779,0.224007031904));
#7286 = CARTESIAN_POINT('',(5.542969015149,0.249890587366));
#7287 = CARTESIAN_POINT('',(5.483204952483,0.275775511734));
#7288 = CARTESIAN_POINT('',(5.428342744793,0.30166155557));
#7289 = CARTESIAN_POINT('',(5.37784971102,0.327548494819));
#7290 = CARTESIAN_POINT('',(5.331222311046,0.353436143734));
#7291 = CARTESIAN_POINT('',(5.244832386812,0.405200005666));
#7292 = CARTESIAN_POINT('',(5.205066841876,0.431076225451));
#7293 = CARTESIAN_POINT('',(5.168275287732,0.456952900334));
#7294 = CARTESIAN_POINT('',(5.134077994546,0.482829932853));
#7295 = CARTESIAN_POINT('',(5.102161212276,0.50870724941));
#7296 = CARTESIAN_POINT('',(5.072268105382,0.534584798896));
#7297 = CARTESIAN_POINT('',(4.980741720974,0.618908178055));
#7298 = CARTESIAN_POINT('',(4.926511109839,0.677354767683));
#7299 = CARTESIAN_POINT('',(4.878980141188,0.735801951573));
#7300 = CARTESIAN_POINT('',(4.836719326568,0.794249506239));
#7301 = CARTESIAN_POINT('',(4.798713229686,0.85269729423));
#7302 = CARTESIAN_POINT('',(4.764235289529,0.911145255137));
#7303 = CARTESIAN_POINT('',(4.730389192199,0.973937193737));
#7304 = CARTESIAN_POINT('',(4.728064221807,0.978280992966));
#7305 = CARTESIAN_POINT('',(4.725755447295,0.982624792946));
#7306 = CARTESIAN_POINT('',(4.723462646713,0.986968593657));
#7307 = CARTESIAN_POINT('',(4.721185603214,0.991312395082));
#7308 = CARTESIAN_POINT('',(4.718924105047,0.995656197202));
#7309 = CARTESIAN_POINT('',(4.716677945562,1.));
#7310 = ( GEOMETRIC_REPRESENTATION_CONTEXT(2) 
PARAMETRIC_REPRESENTATION_CONTEXT() REPRESENTATION_CONTEXT('2D SPACE',''
  ) );
#7311 = PCURVE('',#4919,#7312);
#7312 = DEFINITIONAL_REPRESENTATION('',(#7313),#7352);
#7313 = B_SPLINE_CURVE_WITH_KNOTS('',7,(#7314,#7315,#7316,#7317,#7318,
    #7319,#7320,#7321,#7322,#7323,#7324,#7325,#7326,#7327,#7328,#7329,
    #7330,#7331,#7332,#7333,#7334,#7335,#7336,#7337,#7338,#7339,#7340,
    #7341,#7342,#7343,#7344,#7345,#7346,#7347,#7348,#7349,#7350,#7351),
  .UNSPECIFIED.,.F.,.F.,(8,6,6,6,6,6,8),(0.,7.444463539427E-02,
    0.19473740372,0.376729374166,0.55863294258,0.969467266241,1.),
  .UNSPECIFIED.);
#7314 = CARTESIAN_POINT('',(6.28318530718,4.28895188368E-03));
#7315 = CARTESIAN_POINT('',(6.250709797006,1.487450630761E-02));
#7316 = CARTESIAN_POINT('',(6.21744557306,2.545987691068E-02));
#7317 = CARTESIAN_POINT('',(6.183525931298,3.604509770861E-02));
#7318 = CARTESIAN_POINT('',(6.149120208428,4.66302165994E-02));
#7319 = CARTESIAN_POINT('',(6.114421607825,5.721529078978E-02));
#7320 = CARTESIAN_POINT('',(6.079629603808,6.780038088509E-02));
#7321 = CARTESIAN_POINT('',(5.98885194505,9.548977854894E-02));
#7322 = CARTESIAN_POINT('',(5.933010724573,0.112594202352));
#7323 = CARTESIAN_POINT('',(5.878175818595,0.129699047181));
#7324 = CARTESIAN_POINT('',(5.825030734921,0.146804502534));
#7325 = CARTESIAN_POINT('',(5.77395167175,0.163910647437));
#7326 = CARTESIAN_POINT('',(5.725114306725,0.181017485938));
#7327 = CARTESIAN_POINT('',(5.608146931779,0.224007031904));
#7328 = CARTESIAN_POINT('',(5.542969015149,0.249890587366));
#7329 = CARTESIAN_POINT('',(5.483204952483,0.275775511734));
#7330 = CARTESIAN_POINT('',(5.428342744793,0.30166155557));
#7331 = CARTESIAN_POINT('',(5.37784971102,0.327548494819));
#7332 = CARTESIAN_POINT('',(5.331222311046,0.353436143734));
#7333 = CARTESIAN_POINT('',(5.244832386812,0.405200005666));
#7334 = CARTESIAN_POINT('',(5.205066841876,0.431076225451));
#7335 = CARTESIAN_POINT('',(5.168275287732,0.456952900334));
#7336 = CARTESIAN_POINT('',(5.134077994546,0.482829932853));
#7337 = CARTESIAN_POINT('',(5.102161212276,0.50870724941));
#7338 = CARTESIAN_POINT('',(5.072268105382,0.534584798896));
#7339 = CARTESIAN_POINT('',(4.980741720974,0.618908178055));
#7340 = CARTESIAN_POINT('',(4.926511109839,0.677354767683));
#7341 = CARTESIAN_POINT('',(4.878980141188,0.735801951573));
#7342 = CARTESIAN_POINT('',(4.836719326568,0.794249506239));
#7343 = CARTESIAN_POINT('',(4.798713229686,0.85269729423));
#7344 = CARTESIAN_POINT('',(4.764235289529,0.911145255137));
#7345 = CARTESIAN_POINT('',(4.730389192199,0.973937193737));
#7346 = CARTESIAN_POINT('',(4.728064221807,0.978280992966));
#7347 = CARTESIAN_POINT('',(4.725755447295,0.982624792946));
#7348 = CARTESIAN_POINT('',(4.723462646713,0.986968593657));
#7349 = CARTESIAN_POINT('',(4.721185603214,0.991312395082));
#7350 = CARTESIAN_POINT('',(4.718924105047,0.995656197202));
#7351 = CARTESIAN_POINT('',(4.716677945562,1.));
#7352 = ( GEOMETRIC_REPRESENTATION_CONTEXT(2) 
PARAMETRIC_REPRESENTATION_CONTEXT() REPRESENTATION_CONTEXT('2D SPACE',''
  ) );
#7353 = ORIENTED_EDGE('',*,*,#7135,.T.);
#7354 = ADVANCED_FACE('',(#7355),#4673,.F.);
#7355 = FACE_BOUND('',#7356,.F.);
#7356 = EDGE_LOOP('',(#7357,#7380,#7407,#7408));
#7357 = ORIENTED_EDGE('',*,*,#7358,.T.);
#7358 = EDGE_CURVE('',#4657,#7359,#7361,.T.);
#7359 = VERTEX_POINT('',#7360);
#7360 = CARTESIAN_POINT('',(42.1,12.,32.));
#7361 = SEAM_CURVE('',#7362,(#7366,#7373),.PCURVE_S1.);
#7362 = LINE('',#7363,#7364);
#7363 = CARTESIAN_POINT('',(42.1,-12.,32.));
#7364 = VECTOR('',#7365,1.);
#7365 = DIRECTION('',(0.,1.,0.));
#7366 = PCURVE('',#4673,#7367);
#7367 = DEFINITIONAL_REPRESENTATION('',(#7368),#7372);
#7368 = LINE('',#7369,#7370);
#7369 = CARTESIAN_POINT('',(6.28318530718,-0.));
#7370 = VECTOR('',#7371,1.);
#7371 = DIRECTION('',(0.,1.));
#7372 = ( GEOMETRIC_REPRESENTATION_CONTEXT(2) 
PARAMETRIC_REPRESENTATION_CONTEXT() REPRESENTATION_CONTEXT('2D SPACE',''
  ) );
#7373 = PCURVE('',#4673,#7374);
#7374 = DEFINITIONAL_REPRESENTATION('',(#7375),#7379);
#7375 = LINE('',#7376,#7377);
#7376 = CARTESIAN_POINT('',(0.,-0.));
#7377 = VECTOR('',#7378,1.);
#7378 = DIRECTION('',(0.,1.));
#7379 = ( GEOMETRIC_REPRESENTATION_CONTEXT(2) 
PARAMETRIC_REPRESENTATION_CONTEXT() REPRESENTATION_CONTEXT('2D SPACE',''
  ) );
#7380 = ORIENTED_EDGE('',*,*,#7381,.F.);
#7381 = EDGE_CURVE('',#7359,#7359,#7382,.T.);
#7382 = SURFACE_CURVE('',#7383,(#7388,#7395),.PCURVE_S1.);
#7383 = CIRCLE('',#7384,2.);
#7384 = AXIS2_PLACEMENT_3D('',#7385,#7386,#7387);
#7385 = CARTESIAN_POINT('',(42.1,12.,30.));
#7386 = DIRECTION('',(0.,1.,0.));
#7387 = DIRECTION('',(0.,-0.,1.));
#7388 = PCURVE('',#4673,#7389);
#7389 = DEFINITIONAL_REPRESENTATION('',(#7390),#7394);
#7390 = LINE('',#7391,#7392);
#7391 = CARTESIAN_POINT('',(0.,24.));
#7392 = VECTOR('',#7393,1.);
#7393 = DIRECTION('',(1.,0.));
#7394 = ( GEOMETRIC_REPRESENTATION_CONTEXT(2) 
PARAMETRIC_REPRESENTATION_CONTEXT() REPRESENTATION_CONTEXT('2D SPACE',''
  ) );
#7395 = PCURVE('',#7396,#7401);
#7396 = PLANE('',#7397);
#7397 = AXIS2_PLACEMENT_3D('',#7398,#7399,#7400);
#7398 = CARTESIAN_POINT('',(42.1,12.,30.));
#7399 = DIRECTION('',(0.,1.,0.));
#7400 = DIRECTION('',(0.,-0.,1.));
#7401 = DEFINITIONAL_REPRESENTATION('',(#7402),#7406);
#7402 = CIRCLE('',#7403,2.);
#7403 = AXIS2_PLACEMENT_2D('',#7404,#7405);
#7404 = CARTESIAN_POINT('',(0.,0.));
#7405 = DIRECTION('',(1.,0.));
#7406 = ( GEOMETRIC_REPRESENTATION_CONTEXT(2) 
PARAMETRIC_REPRESENTATION_CONTEXT() REPRESENTATION_CONTEXT('2D SPACE',''
  ) );
#7407 = ORIENTED_EDGE('',*,*,#7358,.F.);
#7408 = ORIENTED_EDGE('',*,*,#4656,.T.);
#7409 = ADVANCED_FACE('',(#7410),#4704,.F.);
#7410 = FACE_BOUND('',#7411,.F.);
#7411 = EDGE_LOOP('',(#7412,#7435,#7462,#7463));
#7412 = ORIENTED_EDGE('',*,*,#7413,.T.);
#7413 = EDGE_CURVE('',#4688,#7414,#7416,.T.);
#7414 = VERTEX_POINT('',#7415);
#7415 = CARTESIAN_POINT('',(42.1,12.,62.));
#7416 = SEAM_CURVE('',#7417,(#7421,#7428),.PCURVE_S1.);
#7417 = LINE('',#7418,#7419);
#7418 = CARTESIAN_POINT('',(42.1,-12.,62.));
#7419 = VECTOR('',#7420,1.);
#7420 = DIRECTION('',(0.,1.,0.));
#7421 = PCURVE('',#4704,#7422);
#7422 = DEFINITIONAL_REPRESENTATION('',(#7423),#7427);
#7423 = LINE('',#7424,#7425);
#7424 = CARTESIAN_POINT('',(6.28318530718,-0.));
#7425 = VECTOR('',#7426,1.);
#7426 = DIRECTION('',(0.,1.));
#7427 = ( GEOMETRIC_REPRESENTATION_CONTEXT(2) 
PARAMETRIC_REPRESENTATION_CONTEXT() REPRESENTATION_CONTEXT('2D SPACE',''
  ) );
#7428 = PCURVE('',#4704,#7429);
#7429 = DEFINITIONAL_REPRESENTATION('',(#7430),#7434);
#7430 = LINE('',#7431,#7432);
#7431 = CARTESIAN_POINT('',(0.,-0.));
#7432 = VECTOR('',#7433,1.);
#7433 = DIRECTION('',(0.,1.));
#7434 = ( GEOMETRIC_REPRESENTATION_CONTEXT(2) 
PARAMETRIC_REPRESENTATION_CONTEXT() REPRESENTATION_CONTEXT('2D SPACE',''
  ) );
#7435 = ORIENTED_EDGE('',*,*,#7436,.F.);
#7436 = EDGE_CURVE('',#7414,#7414,#7437,.T.);
#7437 = SURFACE_CURVE('',#7438,(#7443,#7450),.PCURVE_S1.);
#7438 = CIRCLE('',#7439,2.);
#7439 = AXIS2_PLACEMENT_3D('',#7440,#7441,#7442);
#7440 = CARTESIAN_POINT('',(42.1,12.,60.));
#7441 = DIRECTION('',(0.,1.,0.));
#7442 = DIRECTION('',(0.,-0.,1.));
#7443 = PCURVE('',#4704,#7444);
#7444 = DEFINITIONAL_REPRESENTATION('',(#7445),#7449);
#7445 = LINE('',#7446,#7447);
#7446 = CARTESIAN_POINT('',(0.,24.));
#7447 = VECTOR('',#7448,1.);
#7448 = DIRECTION('',(1.,0.));
#7449 = ( GEOMETRIC_REPRESENTATION_CONTEXT(2) 
PARAMETRIC_REPRESENTATION_CONTEXT() REPRESENTATION_CONTEXT('2D SPACE',''
  ) );
#7450 = PCURVE('',#7451,#7456);
#7451 = PLANE('',#7452);
#7452 = AXIS2_PLACEMENT_3D('',#7453,#7454,#7455);
#7453 = CARTESIAN_POINT('',(42.1,12.,60.));
#7454 = DIRECTION('',(0.,1.,0.));
#7455 = DIRECTION('',(0.,-0.,1.));
#7456 = DEFINITIONAL_REPRESENTATION('',(#7457),#7461);
#7457 = CIRCLE('',#7458,2.);
#7458 = AXIS2_PLACEMENT_2D('',#7459,#7460);
#7459 = CARTESIAN_POINT('',(0.,0.));
#7460 = DIRECTION('',(1.,0.));
#7461 = ( GEOMETRIC_REPRESENTATION_CONTEXT(2) 
PARAMETRIC_REPRESENTATION_CONTEXT() REPRESENTATION_CONTEXT('2D SPACE',''
  ) );
#7462 = ORIENTED_EDGE('',*,*,#7413,.F.);
#7463 = ORIENTED_EDGE('',*,*,#4687,.T.);
#7464 = ADVANCED_FACE('',(#7465),#4919,.F.);
#7465 = FACE_BOUND('',#7466,.F.);
#7466 = EDGE_LOOP('',(#7467,#7468,#7469));
#7467 = ORIENTED_EDGE('',*,*,#7228,.F.);
#7468 = ORIENTED_EDGE('',*,*,#4906,.T.);
#7469 = ORIENTED_EDGE('',*,*,#7470,.T.);
#7470 = EDGE_CURVE('',#4867,#7089,#7471,.T.);
#7471 = SURFACE_CURVE('',#7472,(#7574,#7679),.PCURVE_S1.);
#7472 = B_SPLINE_CURVE_WITH_KNOTS('',4,(#7473,#7474,#7475,#7476,#7477,
    #7478,#7479,#7480,#7481,#7482,#7483,#7484,#7485,#7486,#7487,#7488,
    #7489,#7490,#7491,#7492,#7493,#7494,#7495,#7496,#7497,#7498,#7499,
    #7500,#7501,#7502,#7503,#7504,#7505,#7506,#7507,#7508,#7509,#7510,
    #7511,#7512,#7513,#7514,#7515,#7516,#7517,#7518,#7519,#7520,#7521,
    #7522,#7523,#7524,#7525,#7526,#7527,#7528,#7529,#7530,#7531,#7532,
    #7533,#7534,#7535,#7536,#7537,#7538,#7539,#7540,#7541,#7542,#7543,
    #7544,#7545,#7546,#7547,#7548,#7549,#7550,#7551,#7552,#7553,#7554,
    #7555,#7556,#7557,#7558,#7559,#7560,#7561,#7562,#7563,#7564,#7565,
    #7566,#7567,#7568,#7569,#7570,#7571,#7572,#7573),.UNSPECIFIED.,.F.,
  .F.,(5,3,3,3,3,3,3,3,3,3,3,3,3,3,3,3,3,3,3,3,3,3,3,3,3,3,3,3,3,3,3,3,3
    ,5),(0.,1.499999042576E-02,8.999995857687E-02,0.106999951854,
    0.135999938366,0.163999923145,0.190999907121,0.253999868375,
    0.286999851723,0.339999832043,0.368999826105,0.397999823326,
    0.423999823311,0.447999825118,0.476999829229,0.501999834144,
    0.528999840496,0.559999848693,0.582999855199,0.611999863653,
    0.640999872255,0.669999880924,0.697999889359,0.725999897902,
    0.753999906632,0.782999915966,0.803999922986,0.832999933057,
    0.858999942528,0.881999951262,0.908999961904,0.935999972928,
    0.964999985091,1.),.UNSPECIFIED.);
#7473 = CARTESIAN_POINT('',(36.750010606061,0.749992424242,98.999));
#7474 = CARTESIAN_POINT('',(36.754416365683,0.749992409674,98.999));
#7475 = CARTESIAN_POINT('',(36.758822125853,0.749957886908,98.999));
#7476 = CARTESIAN_POINT('',(36.763227480985,0.749888855931,98.999));
#7477 = CARTESIAN_POINT('',(36.789654753598,0.749267677787,98.999));
#7478 = CARTESIAN_POINT('',(36.8116572332,0.747887560676,98.999));
#7479 = CARTESIAN_POINT('',(36.833588715961,0.74564616846,98.999));
#7480 = CARTESIAN_POINT('',(36.860342606887,0.741848973926,98.999));
#7481 = CARTESIAN_POINT('',(36.865280032131,0.741103434159,98.999));
#7482 = CARTESIAN_POINT('',(36.870210644344,0.740314093087,98.999));
#7483 = CARTESIAN_POINT('',(36.883532290342,0.738059974372,98.999));
#7484 = CARTESIAN_POINT('',(36.891909199567,0.736511722788,98.999));
#7485 = CARTESIAN_POINT('',(36.900261699846,0.73483678331,98.999));
#7486 = CARTESIAN_POINT('',(36.916625076834,0.731296871621,98.999));
#7487 = CARTESIAN_POINT('',(36.924637802224,0.729440443845,98.999));
#7488 = CARTESIAN_POINT('',(36.932622525331,0.727467049906,98.999));
#7489 = CARTESIAN_POINT('',(36.948246787257,0.723362301979,98.999));
#7490 = CARTESIAN_POINT('',(36.95588846965,0.721239106475,98.999));
#7491 = CARTESIAN_POINT('',(36.963499455193,0.719008374415,98.999));
#7492 = CARTESIAN_POINT('',(36.988759551284,0.711216469484,98.999));
#7493 = CARTESIAN_POINT('',(37.006262193915,0.705180452602,98.999));
#7494 = CARTESIAN_POINT('',(37.023556681685,0.698571616245,98.999));
#7495 = CARTESIAN_POINT('',(37.049550762482,0.687645892771,98.999));
#7496 = CARTESIAN_POINT('',(37.058421512109,0.683736202716,98.999));
#7497 = CARTESIAN_POINT('',(37.067223564727,0.679674213606,98.999));
#7498 = CARTESIAN_POINT('',(37.089973085663,0.668696413132,98.999));
#7499 = CARTESIAN_POINT('',(37.103805912061,0.661543018624,98.999));
#7500 = CARTESIAN_POINT('',(37.117435392711,0.654009397023,98.999));
#7501 = CARTESIAN_POINT('',(37.138184050458,0.641779388602,98.999));
#7502 = CARTESIAN_POINT('',(37.145456495206,0.637343023577,98.999));
#7503 = CARTESIAN_POINT('',(37.152660919507,0.63279702892,98.999));
#7504 = CARTESIAN_POINT('',(37.16692881935,0.623488982103,98.999));
#7505 = CARTESIAN_POINT('',(37.173992295077,0.618726929789,98.999));
#7506 = CARTESIAN_POINT('',(37.180982841906,0.613858449972,98.999));
#7507 = CARTESIAN_POINT('',(37.194097950626,0.604426525363,98.999));
#7508 = CARTESIAN_POINT('',(37.200237287692,0.599883625327,98.999));
#7509 = CARTESIAN_POINT('',(37.206314377509,0.595257786423,98.999));
#7510 = CARTESIAN_POINT('',(37.217878185136,0.586204947529,98.999));
#7511 = CARTESIAN_POINT('',(37.223374357173,0.581790023966,98.999));
#7512 = CARTESIAN_POINT('',(37.228814765551,0.577306563497,98.999));
#7513 = CARTESIAN_POINT('',(37.240703055311,0.567256603465,98.999));
#7514 = CARTESIAN_POINT('',(37.247124698106,0.56165906534,98.999));
#7515 = CARTESIAN_POINT('',(37.253460832285,0.555964915832,98.999));
#7516 = CARTESIAN_POINT('',(37.265095925476,0.545185827743,98.999));
#7517 = CARTESIAN_POINT('',(37.270417398507,0.540125190949,98.999));
#7518 = CARTESIAN_POINT('',(37.275672350021,0.534995511881,98.999));
#7519 = CARTESIAN_POINT('',(37.286461526196,0.524184935064,98.999));
#7520 = CARTESIAN_POINT('',(37.291984461101,0.518492769672,98.999));
#7521 = CARTESIAN_POINT('',(37.29742658793,0.512723296999,98.999));
#7522 = CARTESIAN_POINT('',(37.308940061535,0.500167291546,98.999));
#7523 = CARTESIAN_POINT('',(37.314985183119,0.493356710672,98.999));
#7524 = CARTESIAN_POINT('',(37.320919253753,0.486449155752,98.999));
#7525 = CARTESIAN_POINT('',(37.331058592185,0.474252512988,98.999));
#7526 = CARTESIAN_POINT('',(37.335314809702,0.469005780565,98.999));
#7527 = CARTESIAN_POINT('',(37.339507703076,0.463708306222,98.999));
#7528 = CARTESIAN_POINT('',(37.348842100634,0.451619302646,98.999));
#7529 = CARTESIAN_POINT('',(37.353945729924,0.444798528488,98.999));
#7530 = CARTESIAN_POINT('',(37.358945475787,0.437901243952,98.999));
#7531 = CARTESIAN_POINT('',(37.368733833075,0.423958450862,98.999));
#7532 = CARTESIAN_POINT('',(37.373522444637,0.416912942112,98.999));
#7533 = CARTESIAN_POINT('',(37.378203805314,0.409795719572,98.999));
#7534 = CARTESIAN_POINT('',(37.387348878646,0.395422791657,98.999));
#7535 = CARTESIAN_POINT('',(37.391812591427,0.388167086082,98.999));
#7536 = CARTESIAN_POINT('',(37.396165907199,0.380844611288,98.999));
#7537 = CARTESIAN_POINT('',(37.404502569078,0.366325919685,98.999));
#7538 = CARTESIAN_POINT('',(37.408493496508,0.359134055834,98.999));
#7539 = CARTESIAN_POINT('',(37.41237883566,0.351884604319,98.999));
#7540 = CARTESIAN_POINT('',(37.419935913785,0.337275211342,98.999));
#7541 = CARTESIAN_POINT('',(37.42360765285,0.329915269701,98.999));
#7542 = CARTESIAN_POINT('',(37.427171380104,0.322502425634,98.999));
#7543 = CARTESIAN_POINT('',(37.43408059518,0.307575719776,98.999));
#7544 = CARTESIAN_POINT('',(37.437426083083,0.300061857802,98.999));
#7545 = CARTESIAN_POINT('',(37.440661343437,0.292499880404,98.999));
#7546 = CARTESIAN_POINT('',(37.447020977834,0.277012872524,98.999));
#7547 = CARTESIAN_POINT('',(37.450137265128,0.269084521032,98.999));
#7548 = CARTESIAN_POINT('',(37.45313312312,0.26110988375,98.999));
#7549 = CARTESIAN_POINT('',(37.458089053878,0.24728546204,98.999));
#7550 = CARTESIAN_POINT('',(37.460106876097,0.241456380155,98.999));
#7551 = CARTESIAN_POINT('',(37.462060654152,0.235605520908,98.999));
#7552 = CARTESIAN_POINT('',(37.46655920916,0.221625574457,98.999));
#7553 = CARTESIAN_POINT('',(37.469045587099,0.213477695061,98.999));
#7554 = CARTESIAN_POINT('',(37.471408283476,0.205293094816,98.999));
#7555 = CARTESIAN_POINT('',(37.475653230594,0.189706296377,98.999));
#7556 = CARTESIAN_POINT('',(37.477559898148,0.182310747742,98.999));
#7557 = CARTESIAN_POINT('',(37.479365976105,0.174889992773,98.999));
#7558 = CARTESIAN_POINT('',(37.48257927723,0.160861098776,98.999));
#7559 = CARTESIAN_POINT('',(37.484008476709,0.154257993303,98.999));
#7560 = CARTESIAN_POINT('',(37.485358265112,0.147638198362,98.999));
#7561 = CARTESIAN_POINT('',(37.488119357562,0.133214179357,98.999));
#7562 = CARTESIAN_POINT('',(37.489500534641,0.125404188149,98.999));
#7563 = CARTESIAN_POINT('',(37.490771454285,0.117575498783,98.999));
#7564 = CARTESIAN_POINT('',(37.493092086737,0.101885402532,98.999));
#7565 = CARTESIAN_POINT('',(37.494141799568,9.402399548173E-02,98.999));
#7566 = CARTESIAN_POINT('',(37.495080563015,8.614856901883E-02,98.999));
#7567 = CARTESIAN_POINT('',(37.496796998899,6.979015197749E-02,98.999));
#7568 = CARTESIAN_POINT('',(37.497557587721,6.13053686593E-02,98.999));
#7569 = CARTESIAN_POINT('',(37.498189591016,5.281003959036E-02,98.999));
#7570 = CARTESIAN_POINT('',(37.499300199888,3.404490952303E-02,98.999));
#7571 = CARTESIAN_POINT('',(37.49972001438,2.377162854992E-02,98.999));
#7572 = CARTESIAN_POINT('',(37.499951974804,1.349239019436E-02,98.999));
#7573 = CARTESIAN_POINT('',(37.49999605904,3.212346460003E-03,98.999));
#7574 = PCURVE('',#4919,#7575);
#7575 = DEFINITIONAL_REPRESENTATION('',(#7576),#7678);
#7576 = B_SPLINE_CURVE_WITH_KNOTS('',4,(#7577,#7578,#7579,#7580,#7581,
    #7582,#7583,#7584,#7585,#7586,#7587,#7588,#7589,#7590,#7591,#7592,
    #7593,#7594,#7595,#7596,#7597,#7598,#7599,#7600,#7601,#7602,#7603,
    #7604,#7605,#7606,#7607,#7608,#7609,#7610,#7611,#7612,#7613,#7614,
    #7615,#7616,#7617,#7618,#7619,#7620,#7621,#7622,#7623,#7624,#7625,
    #7626,#7627,#7628,#7629,#7630,#7631,#7632,#7633,#7634,#7635,#7636,
    #7637,#7638,#7639,#7640,#7641,#7642,#7643,#7644,#7645,#7646,#7647,
    #7648,#7649,#7650,#7651,#7652,#7653,#7654,#7655,#7656,#7657,#7658,
    #7659,#7660,#7661,#7662,#7663,#7664,#7665,#7666,#7667,#7668,#7669,
    #7670,#7671,#7672,#7673,#7674,#7675,#7676,#7677),.UNSPECIFIED.,.F.,
  .F.,(5,3,3,3,3,3,3,3,3,3,3,3,3,3,3,3,3,3,3,3,3,3,3,3,3,3,3,3,3,3,3,3,3
    ,5),(0.,1.499999042576E-02,8.999995857687E-02,0.106999951854,
    0.135999938366,0.163999923145,0.190999907121,0.253999868375,
    0.286999851723,0.339999832043,0.368999826105,0.397999823326,
    0.423999823311,0.447999825118,0.476999829229,0.501999834144,
    0.528999840496,0.559999848693,0.582999855199,0.611999863653,
    0.640999872255,0.669999880924,0.697999889359,0.725999897902,
    0.753999906632,0.782999915966,0.803999922986,0.832999933057,
    0.858999942528,0.881999951262,0.908999961904,0.935999972928,
    0.964999985091,1.),.UNSPECIFIED.);
#7577 = CARTESIAN_POINT('',(6.28318530718,0.99998989899));
#7578 = CARTESIAN_POINT('',(6.277310901679,0.99998989899));
#7579 = CARTESIAN_POINT('',(6.271436496669,0.99998989899));
#7580 = CARTESIAN_POINT('',(6.265562092052,0.99998989899));
#7581 = CARTESIAN_POINT('',(6.230315659985,0.99998989899));
#7582 = CARTESIAN_POINT('',(6.200943637204,0.99998989899));
#7583 = CARTESIAN_POINT('',(6.171571613366,0.99998989899));
#7584 = CARTESIAN_POINT('',(6.135541931938,0.99998989899));
#7585 = CARTESIAN_POINT('',(6.12888427316,0.99998989899));
#7586 = CARTESIAN_POINT('',(6.122226614272,0.99998989899));
#7587 = CARTESIAN_POINT('',(6.104211773062,0.99998989899));
#7588 = CARTESIAN_POINT('',(6.092854590498,0.99998989899));
#7589 = CARTESIAN_POINT('',(6.081497407581,0.99998989899));
#7590 = CARTESIAN_POINT('',(6.059174669047,0.99998989899));
#7591 = CARTESIAN_POINT('',(6.048209113405,0.99998989899));
#7592 = CARTESIAN_POINT('',(6.037243557511,0.99998989899));
#7593 = CARTESIAN_POINT('',(6.01570407292,0.99998989899));
#7594 = CARTESIAN_POINT('',(6.005130144197,0.99998989899));
#7595 = CARTESIAN_POINT('',(5.994556215358,0.99998989899));
#7596 = CARTESIAN_POINT('',(5.959309786308,0.99998989899));
#7597 = CARTESIAN_POINT('',(5.934637284672,0.99998989899));
#7598 = CARTESIAN_POINT('',(5.909964783601,0.99998989899));
#7599 = CARTESIAN_POINT('',(5.872368593666,0.99998989899));
#7600 = CARTESIAN_POINT('',(5.859444902719,0.99998989899));
#7601 = CARTESIAN_POINT('',(5.846521212182,0.99998989899));
#7602 = CARTESIAN_POINT('',(5.812841289949,0.99998989899));
#7603 = CARTESIAN_POINT('',(5.792085058448,0.99998989899));
#7604 = CARTESIAN_POINT('',(5.771328828358,0.99998989899));
#7605 = CARTESIAN_POINT('',(5.739215416834,0.99998989899));
#7606 = CARTESIAN_POINT('',(5.727858233888,0.99998989899));
#7607 = CARTESIAN_POINT('',(5.71650105137,0.99998989899));
#7608 = CARTESIAN_POINT('',(5.693786685973,0.99998989899));
#7609 = CARTESIAN_POINT('',(5.682429503046,0.99998989899));
#7610 = CARTESIAN_POINT('',(5.671072320521,0.99998989899));
#7611 = CARTESIAN_POINT('',(5.649532836216,0.99998989899));
#7612 = CARTESIAN_POINT('',(5.639350534323,0.99998989899));
#7613 = CARTESIAN_POINT('',(5.629168232718,0.99998989899));
#7614 = CARTESIAN_POINT('',(5.609586883303,0.99998989899));
#7615 = CARTESIAN_POINT('',(5.600187835431,0.99998989899));
#7616 = CARTESIAN_POINT('',(5.59078878777,0.99998989899));
#7617 = CARTESIAN_POINT('',(5.57003255721,0.99998989899));
#7618 = CARTESIAN_POINT('',(5.558675374366,0.99998989899));
#7619 = CARTESIAN_POINT('',(5.547318191772,0.99998989899));
#7620 = CARTESIAN_POINT('',(5.526170334441,0.99998989899));
#7621 = CARTESIAN_POINT('',(5.516379659614,0.99998989899));
#7622 = CARTESIAN_POINT('',(5.506588984927,0.99998989899));
#7623 = CARTESIAN_POINT('',(5.48622438145,0.99998989899));
#7624 = CARTESIAN_POINT('',(5.475650452651,0.99998989899));
#7625 = CARTESIAN_POINT('',(5.465076523972,0.99998989899));
#7626 = CARTESIAN_POINT('',(5.442362158555,0.99998989899));
#7627 = CARTESIAN_POINT('',(5.430221721798,0.99998989899));
#7628 = CARTESIAN_POINT('',(5.418081285141,0.99998989899));
#7629 = CARTESIAN_POINT('',(5.396933427763,0.99998989899));
#7630 = CARTESIAN_POINT('',(5.387926006967,0.99998989899));
#7631 = CARTESIAN_POINT('',(5.378918586203,0.99998989899));
#7632 = CARTESIAN_POINT('',(5.358553982714,0.99998989899));
#7633 = CARTESIAN_POINT('',(5.347196799972,0.99998989899));
#7634 = CARTESIAN_POINT('',(5.335839617255,0.99998989899));
#7635 = CARTESIAN_POINT('',(5.31312525185,0.99998989899));
#7636 = CARTESIAN_POINT('',(5.301768069113,0.99998989899));
#7637 = CARTESIAN_POINT('',(5.290410886385,0.99998989899));
#7638 = CARTESIAN_POINT('',(5.267696520969,0.99998989899));
#7639 = CARTESIAN_POINT('',(5.256339338231,0.99998989899));
#7640 = CARTESIAN_POINT('',(5.244982155499,0.99998989899));
#7641 = CARTESIAN_POINT('',(5.222659417064,0.99998989899));
#7642 = CARTESIAN_POINT('',(5.211693861315,0.99998989899));
#7643 = CARTESIAN_POINT('',(5.200728305576,0.99998989899));
#7644 = CARTESIAN_POINT('',(5.178797194123,0.99998989899));
#7645 = CARTESIAN_POINT('',(5.167831638368,0.99998989899));
#7646 = CARTESIAN_POINT('',(5.156866082632,0.99998989899));
#7647 = CARTESIAN_POINT('',(5.134934971176,0.99998989899));
#7648 = CARTESIAN_POINT('',(5.123969415415,0.99998989899));
#7649 = CARTESIAN_POINT('',(5.113003859685,0.99998989899));
#7650 = CARTESIAN_POINT('',(5.090681121235,0.99998989899));
#7651 = CARTESIAN_POINT('',(5.079323938474,0.99998989899));
#7652 = CARTESIAN_POINT('',(5.067966755759,0.99998989899));
#7653 = CARTESIAN_POINT('',(5.04838540628,0.99998989899));
#7654 = CARTESIAN_POINT('',(5.040161239463,0.99998989899));
#7655 = CARTESIAN_POINT('',(5.031937072675,0.99998989899));
#7656 = CARTESIAN_POINT('',(5.012355723119,0.99998989899));
#7657 = CARTESIAN_POINT('',(5.00099854035,0.99998989899));
#7658 = CARTESIAN_POINT('',(4.989641357645,0.99998989899));
#7659 = CARTESIAN_POINT('',(4.968101873206,0.99998989899));
#7660 = CARTESIAN_POINT('',(4.95791957142,0.99998989899));
#7661 = CARTESIAN_POINT('',(4.947737269689,0.99998989899));
#7662 = CARTESIAN_POINT('',(4.928547547186,0.99998989899));
#7663 = CARTESIAN_POINT('',(4.919540126381,0.99998989899));
#7664 = CARTESIAN_POINT('',(4.910532705619,0.99998989899));
#7665 = CARTESIAN_POINT('',(4.89095135609,0.99998989899));
#7666 = CARTESIAN_POINT('',(4.880377427314,0.99998989899));
#7667 = CARTESIAN_POINT('',(4.869803498593,0.99998989899));
#7668 = CARTESIAN_POINT('',(4.848655641135,0.99998989899));
#7669 = CARTESIAN_POINT('',(4.838081712364,0.99998989899));
#7670 = CARTESIAN_POINT('',(4.827507783639,0.99998989899));
#7671 = CARTESIAN_POINT('',(4.8055766722,0.99998989899));
#7672 = CARTESIAN_POINT('',(4.794219489451,0.99998989899));
#7673 = CARTESIAN_POINT('',(4.782862306739,0.99998989899));
#7674 = CARTESIAN_POINT('',(4.757798179401,0.99998989899));
#7675 = CARTESIAN_POINT('',(4.744091234701,0.99998989899));
#7676 = CARTESIAN_POINT('',(4.730384290026,0.99998989899));
#7677 = CARTESIAN_POINT('',(4.716677345418,0.99998989899));
#7678 = ( GEOMETRIC_REPRESENTATION_CONTEXT(2) 
PARAMETRIC_REPRESENTATION_CONTEXT() REPRESENTATION_CONTEXT('2D SPACE',''
  ) );
#7679 = PCURVE('',#4890,#7680);
#7680 = DEFINITIONAL_REPRESENTATION('',(#7681),#7783);
#7681 = B_SPLINE_CURVE_WITH_KNOTS('',4,(#7682,#7683,#7684,#7685,#7686,
    #7687,#7688,#7689,#7690,#7691,#7692,#7693,#7694,#7695,#7696,#7697,
    #7698,#7699,#7700,#7701,#7702,#7703,#7704,#7705,#7706,#7707,#7708,
    #7709,#7710,#7711,#7712,#7713,#7714,#7715,#7716,#7717,#7718,#7719,
    #7720,#7721,#7722,#7723,#7724,#7725,#7726,#7727,#7728,#7729,#7730,
    #7731,#7732,#7733,#7734,#7735,#7736,#7737,#7738,#7739,#7740,#7741,
    #7742,#7743,#7744,#7745,#7746,#7747,#7748,#7749,#7750,#7751,#7752,
    #7753,#7754,#7755,#7756,#7757,#7758,#7759,#7760,#7761,#7762,#7763,
    #7764,#7765,#7766,#7767,#7768,#7769,#7770,#7771,#7772,#7773,#7774,
    #7775,#7776,#7777,#7778,#7779,#7780,#7781,#7782),.UNSPECIFIED.,.F.,
  .F.,(5,3,3,3,3,3,3,3,3,3,3,3,3,3,3,3,3,3,3,3,3,3,3,3,3,3,3,3,3,3,3,3,3
    ,5),(0.,1.499999042576E-02,8.999995857687E-02,0.106999951854,
    0.135999938366,0.163999923145,0.190999907121,0.253999868375,
    0.286999851723,0.339999832043,0.368999826105,0.397999823326,
    0.423999823311,0.447999825118,0.476999829229,0.501999834144,
    0.528999840496,0.559999848693,0.582999855199,0.611999863653,
    0.640999872255,0.669999880924,0.697999889359,0.725999897902,
    0.753999906632,0.782999915966,0.803999922986,0.832999933057,
    0.858999942528,0.881999951262,0.908999961904,0.935999972928,
    0.964999985091,1.),.UNSPECIFIED.);
#7682 = CARTESIAN_POINT('',(-36.75001060606,0.749992424242));
#7683 = CARTESIAN_POINT('',(-36.75441636568,0.749992409674));
#7684 = CARTESIAN_POINT('',(-36.75882212585,0.749957886908));
#7685 = CARTESIAN_POINT('',(-36.76322748098,0.749888855931));
#7686 = CARTESIAN_POINT('',(-36.78965475359,0.749267677787));
#7687 = CARTESIAN_POINT('',(-36.8116572332,0.747887560676));
#7688 = CARTESIAN_POINT('',(-36.83358871596,0.74564616846));
#7689 = CARTESIAN_POINT('',(-36.86034260688,0.741848973926));
#7690 = CARTESIAN_POINT('',(-36.86528003213,0.741103434159));
#7691 = CARTESIAN_POINT('',(-36.87021064434,0.740314093087));
#7692 = CARTESIAN_POINT('',(-36.88353229034,0.738059974372));
#7693 = CARTESIAN_POINT('',(-36.89190919956,0.736511722788));
#7694 = CARTESIAN_POINT('',(-36.90026169984,0.73483678331));
#7695 = CARTESIAN_POINT('',(-36.91662507683,0.731296871621));
#7696 = CARTESIAN_POINT('',(-36.92463780222,0.729440443845));
#7697 = CARTESIAN_POINT('',(-36.93262252533,0.727467049906));
#7698 = CARTESIAN_POINT('',(-36.94824678725,0.723362301979));
#7699 = CARTESIAN_POINT('',(-36.95588846965,0.721239106475));
#7700 = CARTESIAN_POINT('',(-36.96349945519,0.719008374415));
#7701 = CARTESIAN_POINT('',(-36.98875955128,0.711216469484));
#7702 = CARTESIAN_POINT('',(-37.00626219391,0.705180452602));
#7703 = CARTESIAN_POINT('',(-37.02355668168,0.698571616245));
#7704 = CARTESIAN_POINT('',(-37.04955076248,0.687645892771));
#7705 = CARTESIAN_POINT('',(-37.0584215121,0.683736202716));
#7706 = CARTESIAN_POINT('',(-37.06722356472,0.679674213606));
#7707 = CARTESIAN_POINT('',(-37.08997308566,0.668696413132));
#7708 = CARTESIAN_POINT('',(-37.10380591206,0.661543018624));
#7709 = CARTESIAN_POINT('',(-37.11743539271,0.654009397023));
#7710 = CARTESIAN_POINT('',(-37.13818405045,0.641779388602));
#7711 = CARTESIAN_POINT('',(-37.1454564952,0.637343023577));
#7712 = CARTESIAN_POINT('',(-37.1526609195,0.63279702892));
#7713 = CARTESIAN_POINT('',(-37.16692881935,0.623488982103));
#7714 = CARTESIAN_POINT('',(-37.17399229507,0.618726929789));
#7715 = CARTESIAN_POINT('',(-37.1809828419,0.613858449972));
#7716 = CARTESIAN_POINT('',(-37.19409795062,0.604426525363));
#7717 = CARTESIAN_POINT('',(-37.20023728769,0.599883625327));
#7718 = CARTESIAN_POINT('',(-37.2063143775,0.595257786423));
#7719 = CARTESIAN_POINT('',(-37.21787818513,0.586204947529));
#7720 = CARTESIAN_POINT('',(-37.22337435717,0.581790023966));
#7721 = CARTESIAN_POINT('',(-37.22881476555,0.577306563497));
#7722 = CARTESIAN_POINT('',(-37.24070305531,0.567256603465));
#7723 = CARTESIAN_POINT('',(-37.2471246981,0.56165906534));
#7724 = CARTESIAN_POINT('',(-37.25346083228,0.555964915832));
#7725 = CARTESIAN_POINT('',(-37.26509592547,0.545185827743));
#7726 = CARTESIAN_POINT('',(-37.2704173985,0.540125190949));
#7727 = CARTESIAN_POINT('',(-37.27567235002,0.534995511881));
#7728 = CARTESIAN_POINT('',(-37.28646152619,0.524184935064));
#7729 = CARTESIAN_POINT('',(-37.2919844611,0.518492769672));
#7730 = CARTESIAN_POINT('',(-37.29742658793,0.512723296999));
#7731 = CARTESIAN_POINT('',(-37.30894006153,0.500167291546));
#7732 = CARTESIAN_POINT('',(-37.31498518311,0.493356710672));
#7733 = CARTESIAN_POINT('',(-37.32091925375,0.486449155752));
#7734 = CARTESIAN_POINT('',(-37.33105859218,0.474252512988));
#7735 = CARTESIAN_POINT('',(-37.3353148097,0.469005780565));
#7736 = CARTESIAN_POINT('',(-37.33950770307,0.463708306222));
#7737 = CARTESIAN_POINT('',(-37.34884210063,0.451619302646));
#7738 = CARTESIAN_POINT('',(-37.35394572992,0.444798528488));
#7739 = CARTESIAN_POINT('',(-37.35894547578,0.437901243952));
#7740 = CARTESIAN_POINT('',(-37.36873383307,0.423958450862));
#7741 = CARTESIAN_POINT('',(-37.37352244463,0.416912942112));
#7742 = CARTESIAN_POINT('',(-37.37820380531,0.409795719572));
#7743 = CARTESIAN_POINT('',(-37.38734887864,0.395422791657));
#7744 = CARTESIAN_POINT('',(-37.39181259142,0.388167086082));
#7745 = CARTESIAN_POINT('',(-37.39616590719,0.380844611288));
#7746 = CARTESIAN_POINT('',(-37.40450256907,0.366325919685));
#7747 = CARTESIAN_POINT('',(-37.4084934965,0.359134055834));
#7748 = CARTESIAN_POINT('',(-37.41237883566,0.351884604319));
#7749 = CARTESIAN_POINT('',(-37.41993591378,0.337275211342));
#7750 = CARTESIAN_POINT('',(-37.42360765285,0.329915269701));
#7751 = CARTESIAN_POINT('',(-37.4271713801,0.322502425634));
#7752 = CARTESIAN_POINT('',(-37.43408059518,0.307575719776));
#7753 = CARTESIAN_POINT('',(-37.43742608308,0.300061857802));
#7754 = CARTESIAN_POINT('',(-37.44066134343,0.292499880404));
#7755 = CARTESIAN_POINT('',(-37.44702097783,0.277012872524));
#7756 = CARTESIAN_POINT('',(-37.45013726512,0.269084521032));
#7757 = CARTESIAN_POINT('',(-37.45313312312,0.26110988375));
#7758 = CARTESIAN_POINT('',(-37.45808905387,0.24728546204));
#7759 = CARTESIAN_POINT('',(-37.46010687609,0.241456380155));
#7760 = CARTESIAN_POINT('',(-37.46206065415,0.235605520908));
#7761 = CARTESIAN_POINT('',(-37.46655920916,0.221625574457));
#7762 = CARTESIAN_POINT('',(-37.46904558709,0.213477695061));
#7763 = CARTESIAN_POINT('',(-37.47140828347,0.205293094816));
#7764 = CARTESIAN_POINT('',(-37.47565323059,0.189706296377));
#7765 = CARTESIAN_POINT('',(-37.47755989814,0.182310747742));
#7766 = CARTESIAN_POINT('',(-37.4793659761,0.174889992773));
#7767 = CARTESIAN_POINT('',(-37.48257927723,0.160861098776));
#7768 = CARTESIAN_POINT('',(-37.4840084767,0.154257993303));
#7769 = CARTESIAN_POINT('',(-37.48535826511,0.147638198362));
#7770 = CARTESIAN_POINT('',(-37.48811935756,0.133214179357));
#7771 = CARTESIAN_POINT('',(-37.48950053464,0.125404188149));
#7772 = CARTESIAN_POINT('',(-37.49077145428,0.117575498783));
#7773 = CARTESIAN_POINT('',(-37.49309208673,0.101885402532));
#7774 = CARTESIAN_POINT('',(-37.49414179956,9.402399548173E-02));
#7775 = CARTESIAN_POINT('',(-37.49508056301,8.614856901883E-02));
#7776 = CARTESIAN_POINT('',(-37.49679699889,6.979015197749E-02));
#7777 = CARTESIAN_POINT('',(-37.49755758772,6.13053686593E-02));
#7778 = CARTESIAN_POINT('',(-37.49818959101,5.281003959036E-02));
#7779 = CARTESIAN_POINT('',(-37.49930019988,3.404490952303E-02));
#7780 = CARTESIAN_POINT('',(-37.49972001438,2.377162854992E-02));
#7781 = CARTESIAN_POINT('',(-37.4999519748,1.349239019436E-02));
#7782 = CARTESIAN_POINT('',(-37.49999605904,3.212346460003E-03));
#7783 = ( GEOMETRIC_REPRESENTATION_CONTEXT(2) 
PARAMETRIC_REPRESENTATION_CONTEXT() REPRESENTATION_CONTEXT('2D SPACE',''
  ) );
#7784 = ADVANCED_FACE('',(#7785),#4850,.F.);
#7785 = FACE_BOUND('',#7786,.F.);
#7786 = EDGE_LOOP('',(#7787,#7808));
#7787 = ORIENTED_EDGE('',*,*,#7788,.T.);
#7788 = EDGE_CURVE('',#4797,#4827,#7789,.T.);
#7789 = SURFACE_CURVE('',#7790,(#7794,#7801),.PCURVE_S1.);
#7790 = LINE('',#7791,#7792);
#7791 = CARTESIAN_POINT('',(-36.75,0.75,98.999));
#7792 = VECTOR('',#7793,1.);
#7793 = DIRECTION('',(1.,0.,0.));
#7794 = PCURVE('',#4850,#7795);
#7795 = DEFINITIONAL_REPRESENTATION('',(#7796),#7800);
#7796 = LINE('',#7797,#7798);
#7797 = CARTESIAN_POINT('',(163.25,200.75));
#7798 = VECTOR('',#7799,1.);
#7799 = DIRECTION('',(1.,0.));
#7800 = ( GEOMETRIC_REPRESENTATION_CONTEXT(2) 
PARAMETRIC_REPRESENTATION_CONTEXT() REPRESENTATION_CONTEXT('2D SPACE',''
  ) );
#7801 = PCURVE('',#5469,#7802);
#7802 = DEFINITIONAL_REPRESENTATION('',(#7803),#7807);
#7803 = LINE('',#7804,#7805);
#7804 = CARTESIAN_POINT('',(0.,0.));
#7805 = VECTOR('',#7806,1.);
#7806 = DIRECTION('',(1.,0.));
#7807 = ( GEOMETRIC_REPRESENTATION_CONTEXT(2) 
PARAMETRIC_REPRESENTATION_CONTEXT() REPRESENTATION_CONTEXT('2D SPACE',''
  ) );
#7808 = ORIENTED_EDGE('',*,*,#4826,.F.);
#7809 = ADVANCED_FACE('',(#7810),#4890,.F.);
#7810 = FACE_BOUND('',#7811,.F.);
#7811 = EDGE_LOOP('',(#7812,#7813,#7834,#7835));
#7812 = ORIENTED_EDGE('',*,*,#4866,.F.);
#7813 = ORIENTED_EDGE('',*,*,#7814,.T.);
#7814 = EDGE_CURVE('',#4827,#7087,#7815,.T.);
#7815 = SURFACE_CURVE('',#7816,(#7820,#7827),.PCURVE_S1.);
#7816 = LINE('',#7817,#7818);
#7817 = CARTESIAN_POINT('',(-36.75,0.75,98.999));
#7818 = VECTOR('',#7819,1.);
#7819 = DIRECTION('',(1.,0.,0.));
#7820 = PCURVE('',#4890,#7821);
#7821 = DEFINITIONAL_REPRESENTATION('',(#7822),#7826);
#7822 = LINE('',#7823,#7824);
#7823 = CARTESIAN_POINT('',(36.75,0.75));
#7824 = VECTOR('',#7825,1.);
#7825 = DIRECTION('',(-1.,0.));
#7826 = ( GEOMETRIC_REPRESENTATION_CONTEXT(2) 
PARAMETRIC_REPRESENTATION_CONTEXT() REPRESENTATION_CONTEXT('2D SPACE',''
  ) );
#7827 = PCURVE('',#5469,#7828);
#7828 = DEFINITIONAL_REPRESENTATION('',(#7829),#7833);
#7829 = LINE('',#7830,#7831);
#7830 = CARTESIAN_POINT('',(0.,0.));
#7831 = VECTOR('',#7832,1.);
#7832 = DIRECTION('',(1.,0.));
#7833 = ( GEOMETRIC_REPRESENTATION_CONTEXT(2) 
PARAMETRIC_REPRESENTATION_CONTEXT() REPRESENTATION_CONTEXT('2D SPACE',''
  ) );
#7834 = ORIENTED_EDGE('',*,*,#7086,.T.);
#7835 = ORIENTED_EDGE('',*,*,#7470,.F.);
#7836 = ADVANCED_FACE('',(#7837),#5469,.F.);
#7837 = FACE_BOUND('',#7838,.F.);
#7838 = EDGE_LOOP('',(#7839,#7840,#7861,#7862,#7863));
#7839 = ORIENTED_EDGE('',*,*,#5455,.T.);
#7840 = ORIENTED_EDGE('',*,*,#7841,.T.);
#7841 = EDGE_CURVE('',#5433,#7041,#7842,.T.);
#7842 = SURFACE_CURVE('',#7843,(#7847,#7854),.PCURVE_S1.);
#7843 = LINE('',#7844,#7845);
#7844 = CARTESIAN_POINT('',(-36.75,0.75,107.5));
#7845 = VECTOR('',#7846,1.);
#7846 = DIRECTION('',(1.,0.,0.));
#7847 = PCURVE('',#5469,#7848);
#7848 = DEFINITIONAL_REPRESENTATION('',(#7849),#7853);
#7849 = LINE('',#7850,#7851);
#7850 = CARTESIAN_POINT('',(0.,-8.501));
#7851 = VECTOR('',#7852,1.);
#7852 = DIRECTION('',(1.,0.));
#7853 = ( GEOMETRIC_REPRESENTATION_CONTEXT(2) 
PARAMETRIC_REPRESENTATION_CONTEXT() REPRESENTATION_CONTEXT('2D SPACE',''
  ) );
#7854 = PCURVE('',#5503,#7855);
#7855 = DEFINITIONAL_REPRESENTATION('',(#7856),#7860);
#7856 = LINE('',#7857,#7858);
#7857 = CARTESIAN_POINT('',(0.,-2.12132034356));
#7858 = VECTOR('',#7859,1.);
#7859 = DIRECTION('',(1.,0.));
#7860 = ( GEOMETRIC_REPRESENTATION_CONTEXT(2) 
PARAMETRIC_REPRESENTATION_CONTEXT() REPRESENTATION_CONTEXT('2D SPACE',''
  ) );
#7861 = ORIENTED_EDGE('',*,*,#7112,.F.);
#7862 = ORIENTED_EDGE('',*,*,#7814,.F.);
#7863 = ORIENTED_EDGE('',*,*,#7788,.F.);
#7864 = ADVANCED_FACE('',(#7865),#5503,.T.);
#7865 = FACE_BOUND('',#7866,.T.);
#7866 = EDGE_LOOP('',(#7867,#7868,#7869,#7870));
#7867 = ORIENTED_EDGE('',*,*,#7841,.T.);
#7868 = ORIENTED_EDGE('',*,*,#7040,.T.);
#7869 = ORIENTED_EDGE('',*,*,#5568,.F.);
#7870 = ORIENTED_EDGE('',*,*,#5489,.F.);
#7871 = ADVANCED_FACE('',(#7872),#5757,.F.);
#7872 = FACE_BOUND('',#7873,.F.);
#7873 = EDGE_LOOP('',(#7874,#7875,#7898,#7925));
#7874 = ORIENTED_EDGE('',*,*,#5647,.F.);
#7875 = ORIENTED_EDGE('',*,*,#7876,.F.);
#7876 = EDGE_CURVE('',#7877,#5648,#7879,.T.);
#7877 = VERTEX_POINT('',#7878);
#7878 = CARTESIAN_POINT('',(11.,18.197676630916,105.4));
#7879 = SEAM_CURVE('',#7880,(#7884,#7891),.PCURVE_S1.);
#7880 = LINE('',#7881,#7882);
#7881 = CARTESIAN_POINT('',(11.,18.197676630916,105.4));
#7882 = VECTOR('',#7883,1.);
#7883 = DIRECTION('',(0.,1.,0.));
#7884 = PCURVE('',#5757,#7885);
#7885 = DEFINITIONAL_REPRESENTATION('',(#7886),#7890);
#7886 = LINE('',#7887,#7888);
#7887 = CARTESIAN_POINT('',(6.28318530718,-0.));
#7888 = VECTOR('',#7889,1.);
#7889 = DIRECTION('',(0.,1.));
#7890 = ( GEOMETRIC_REPRESENTATION_CONTEXT(2) 
PARAMETRIC_REPRESENTATION_CONTEXT() REPRESENTATION_CONTEXT('2D SPACE',''
  ) );
#7891 = PCURVE('',#5757,#7892);
#7892 = DEFINITIONAL_REPRESENTATION('',(#7893),#7897);
#7893 = LINE('',#7894,#7895);
#7894 = CARTESIAN_POINT('',(0.,-0.));
#7895 = VECTOR('',#7896,1.);
#7896 = DIRECTION('',(0.,1.));
#7897 = ( GEOMETRIC_REPRESENTATION_CONTEXT(2) 
PARAMETRIC_REPRESENTATION_CONTEXT() REPRESENTATION_CONTEXT('2D SPACE',''
  ) );
#7898 = ORIENTED_EDGE('',*,*,#7899,.T.);
#7899 = EDGE_CURVE('',#7877,#7877,#7900,.T.);
#7900 = SURFACE_CURVE('',#7901,(#7906,#7913),.PCURVE_S1.);
#7901 = CIRCLE('',#7902,2.4);
#7902 = AXIS2_PLACEMENT_3D('',#7903,#7904,#7905);
#7903 = CARTESIAN_POINT('',(11.,18.197676630916,103.));
#7904 = DIRECTION('',(0.,1.,0.));
#7905 = DIRECTION('',(0.,-0.,1.));
#7906 = PCURVE('',#5757,#7907);
#7907 = DEFINITIONAL_REPRESENTATION('',(#7908),#7912);
#7908 = LINE('',#7909,#7910);
#7909 = CARTESIAN_POINT('',(0.,0.));
#7910 = VECTOR('',#7911,1.);
#7911 = DIRECTION('',(1.,0.));
#7912 = ( GEOMETRIC_REPRESENTATION_CONTEXT(2) 
PARAMETRIC_REPRESENTATION_CONTEXT() REPRESENTATION_CONTEXT('2D SPACE',''
  ) );
#7913 = PCURVE('',#7914,#7919);
#7914 = PLANE('',#7915);
#7915 = AXIS2_PLACEMENT_3D('',#7916,#7917,#7918);
#7916 = CARTESIAN_POINT('',(11.,18.197676630916,103.));
#7917 = DIRECTION('',(0.,1.,0.));
#7918 = DIRECTION('',(0.,-0.,1.));
#7919 = DEFINITIONAL_REPRESENTATION('',(#7920),#7924);
#7920 = CIRCLE('',#7921,2.4);
#7921 = AXIS2_PLACEMENT_2D('',#7922,#7923);
#7922 = CARTESIAN_POINT('',(0.,0.));
#7923 = DIRECTION('',(1.,0.));
#7924 = ( GEOMETRIC_REPRESENTATION_CONTEXT(2) 
PARAMETRIC_REPRESENTATION_CONTEXT() REPRESENTATION_CONTEXT('2D SPACE',''
  ) );
#7925 = ORIENTED_EDGE('',*,*,#7876,.T.);
#7926 = ADVANCED_FACE('',(#7927),#5928,.F.);
#7927 = FACE_BOUND('',#7928,.F.);
#7928 = EDGE_LOOP('',(#7929,#7930,#7953,#7980));
#7929 = ORIENTED_EDGE('',*,*,#5818,.F.);
#7930 = ORIENTED_EDGE('',*,*,#7931,.F.);
#7931 = EDGE_CURVE('',#7932,#5819,#7934,.T.);
#7932 = VERTEX_POINT('',#7933);
#7933 = CARTESIAN_POINT('',(-11.,18.197676630916,105.4));
#7934 = SEAM_CURVE('',#7935,(#7939,#7946),.PCURVE_S1.);
#7935 = LINE('',#7936,#7937);
#7936 = CARTESIAN_POINT('',(-11.,18.197676630916,105.4));
#7937 = VECTOR('',#7938,1.);
#7938 = DIRECTION('',(0.,1.,0.));
#7939 = PCURVE('',#5928,#7940);
#7940 = DEFINITIONAL_REPRESENTATION('',(#7941),#7945);
#7941 = LINE('',#7942,#7943);
#7942 = CARTESIAN_POINT('',(6.28318530718,-0.));
#7943 = VECTOR('',#7944,1.);
#7944 = DIRECTION('',(0.,1.));
#7945 = ( GEOMETRIC_REPRESENTATION_CONTEXT(2) 
PARAMETRIC_REPRESENTATION_CONTEXT() REPRESENTATION_CONTEXT('2D SPACE',''
  ) );
#7946 = PCURVE('',#5928,#7947);
#7947 = DEFINITIONAL_REPRESENTATION('',(#7948),#7952);
#7948 = LINE('',#7949,#7950);
#7949 = CARTESIAN_POINT('',(0.,-0.));
#7950 = VECTOR('',#7951,1.);
#7951 = DIRECTION('',(0.,1.));
#7952 = ( GEOMETRIC_REPRESENTATION_CONTEXT(2) 
PARAMETRIC_REPRESENTATION_CONTEXT() REPRESENTATION_CONTEXT('2D SPACE',''
  ) );
#7953 = ORIENTED_EDGE('',*,*,#7954,.T.);
#7954 = EDGE_CURVE('',#7932,#7932,#7955,.T.);
#7955 = SURFACE_CURVE('',#7956,(#7961,#7968),.PCURVE_S1.);
#7956 = CIRCLE('',#7957,2.4);
#7957 = AXIS2_PLACEMENT_3D('',#7958,#7959,#7960);
#7958 = CARTESIAN_POINT('',(-11.,18.197676630916,103.));
#7959 = DIRECTION('',(0.,1.,0.));
#7960 = DIRECTION('',(0.,-0.,1.));
#7961 = PCURVE('',#5928,#7962);
#7962 = DEFINITIONAL_REPRESENTATION('',(#7963),#7967);
#7963 = LINE('',#7964,#7965);
#7964 = CARTESIAN_POINT('',(0.,0.));
#7965 = VECTOR('',#7966,1.);
#7966 = DIRECTION('',(1.,0.));
#7967 = ( GEOMETRIC_REPRESENTATION_CONTEXT(2) 
PARAMETRIC_REPRESENTATION_CONTEXT() REPRESENTATION_CONTEXT('2D SPACE',''
  ) );
#7968 = PCURVE('',#7969,#7974);
#7969 = PLANE('',#7970);
#7970 = AXIS2_PLACEMENT_3D('',#7971,#7972,#7973);
#7971 = CARTESIAN_POINT('',(-11.,18.197676630916,103.));
#7972 = DIRECTION('',(0.,1.,0.));
#7973 = DIRECTION('',(0.,-0.,1.));
#7974 = DEFINITIONAL_REPRESENTATION('',(#7975),#7979);
#7975 = CIRCLE('',#7976,2.4);
#7976 = AXIS2_PLACEMENT_2D('',#7977,#7978);
#7977 = CARTESIAN_POINT('',(0.,0.));
#7978 = DIRECTION('',(1.,0.));
#7979 = ( GEOMETRIC_REPRESENTATION_CONTEXT(2) 
PARAMETRIC_REPRESENTATION_CONTEXT() REPRESENTATION_CONTEXT('2D SPACE',''
  ) );
#7980 = ORIENTED_EDGE('',*,*,#7931,.T.);
#7981 = ADVANCED_FACE('',(#7982),#6006,.F.);
#7982 = FACE_BOUND('',#7983,.F.);
#7983 = EDGE_LOOP('',(#7984,#7985));
#7984 = ORIENTED_EDGE('',*,*,#5989,.T.);
#7985 = ORIENTED_EDGE('',*,*,#7986,.T.);
#7986 = EDGE_CURVE('',#5992,#5990,#7987,.T.);
#7987 = SURFACE_CURVE('',#7988,(#7993,#8000),.PCURVE_S1.);
#7988 = CIRCLE('',#7989,4.75);
#7989 = AXIS2_PLACEMENT_3D('',#7990,#7991,#7992);
#7990 = CARTESIAN_POINT('',(22.,35.106834641808,97.));
#7991 = DIRECTION('',(0.,1.,0.));
#7992 = DIRECTION('',(0.,-0.,1.));
#7993 = PCURVE('',#6006,#7994);
#7994 = DEFINITIONAL_REPRESENTATION('',(#7995),#7999);
#7995 = CIRCLE('',#7996,4.75);
#7996 = AXIS2_PLACEMENT_2D('',#7997,#7998);
#7997 = CARTESIAN_POINT('',(0.,0.));
#7998 = DIRECTION('',(1.,0.));
#7999 = ( GEOMETRIC_REPRESENTATION_CONTEXT(2) 
PARAMETRIC_REPRESENTATION_CONTEXT() REPRESENTATION_CONTEXT('2D SPACE',''
  ) );
#8000 = PCURVE('',#6063,#8001);
#8001 = DEFINITIONAL_REPRESENTATION('',(#8002),#8006);
#8002 = LINE('',#8003,#8004);
#8003 = CARTESIAN_POINT('',(0.,23.079949694048));
#8004 = VECTOR('',#8005,1.);
#8005 = DIRECTION('',(1.,0.));
#8006 = ( GEOMETRIC_REPRESENTATION_CONTEXT(2) 
PARAMETRIC_REPRESENTATION_CONTEXT() REPRESENTATION_CONTEXT('2D SPACE',''
  ) );
#8007 = ADVANCED_FACE('',(#8008),#6063,.F.);
#8008 = FACE_BOUND('',#8009,.F.);
#8009 = EDGE_LOOP('',(#8010,#8011,#8012,#8035,#8062,#8063));
#8010 = ORIENTED_EDGE('',*,*,#7986,.F.);
#8011 = ORIENTED_EDGE('',*,*,#6090,.F.);
#8012 = ORIENTED_EDGE('',*,*,#8013,.F.);
#8013 = EDGE_CURVE('',#8014,#6018,#8016,.T.);
#8014 = VERTEX_POINT('',#8015);
#8015 = CARTESIAN_POINT('',(22.,12.02688494776,101.75));
#8016 = SEAM_CURVE('',#8017,(#8021,#8028),.PCURVE_S1.);
#8017 = LINE('',#8018,#8019);
#8018 = CARTESIAN_POINT('',(22.,12.02688494776,101.75));
#8019 = VECTOR('',#8020,1.);
#8020 = DIRECTION('',(0.,1.,0.));
#8021 = PCURVE('',#6063,#8022);
#8022 = DEFINITIONAL_REPRESENTATION('',(#8023),#8027);
#8023 = LINE('',#8024,#8025);
#8024 = CARTESIAN_POINT('',(6.28318530718,-0.));
#8025 = VECTOR('',#8026,1.);
#8026 = DIRECTION('',(0.,1.));
#8027 = ( GEOMETRIC_REPRESENTATION_CONTEXT(2) 
PARAMETRIC_REPRESENTATION_CONTEXT() REPRESENTATION_CONTEXT('2D SPACE',''
  ) );
#8028 = PCURVE('',#6063,#8029);
#8029 = DEFINITIONAL_REPRESENTATION('',(#8030),#8034);
#8030 = LINE('',#8031,#8032);
#8031 = CARTESIAN_POINT('',(0.,-0.));
#8032 = VECTOR('',#8033,1.);
#8033 = DIRECTION('',(0.,1.));
#8034 = ( GEOMETRIC_REPRESENTATION_CONTEXT(2) 
PARAMETRIC_REPRESENTATION_CONTEXT() REPRESENTATION_CONTEXT('2D SPACE',''
  ) );
#8035 = ORIENTED_EDGE('',*,*,#8036,.T.);
#8036 = EDGE_CURVE('',#8014,#8014,#8037,.T.);
#8037 = SURFACE_CURVE('',#8038,(#8043,#8050),.PCURVE_S1.);
#8038 = CIRCLE('',#8039,4.75);
#8039 = AXIS2_PLACEMENT_3D('',#8040,#8041,#8042);
#8040 = CARTESIAN_POINT('',(22.,12.02688494776,97.));
#8041 = DIRECTION('',(0.,1.,0.));
#8042 = DIRECTION('',(0.,-0.,1.));
#8043 = PCURVE('',#6063,#8044);
#8044 = DEFINITIONAL_REPRESENTATION('',(#8045),#8049);
#8045 = LINE('',#8046,#8047);
#8046 = CARTESIAN_POINT('',(0.,0.));
#8047 = VECTOR('',#8048,1.);
#8048 = DIRECTION('',(1.,0.));
#8049 = ( GEOMETRIC_REPRESENTATION_CONTEXT(2) 
PARAMETRIC_REPRESENTATION_CONTEXT() REPRESENTATION_CONTEXT('2D SPACE',''
  ) );
#8050 = PCURVE('',#8051,#8056);
#8051 = PLANE('',#8052);
#8052 = AXIS2_PLACEMENT_3D('',#8053,#8054,#8055);
#8053 = CARTESIAN_POINT('',(22.,12.02688494776,97.));
#8054 = DIRECTION('',(0.,1.,0.));
#8055 = DIRECTION('',(0.,-0.,1.));
#8056 = DEFINITIONAL_REPRESENTATION('',(#8057),#8061);
#8057 = CIRCLE('',#8058,4.75);
#8058 = AXIS2_PLACEMENT_2D('',#8059,#8060);
#8059 = CARTESIAN_POINT('',(0.,0.));
#8060 = DIRECTION('',(1.,0.));
#8061 = ( GEOMETRIC_REPRESENTATION_CONTEXT(2) 
PARAMETRIC_REPRESENTATION_CONTEXT() REPRESENTATION_CONTEXT('2D SPACE',''
  ) );
#8062 = ORIENTED_EDGE('',*,*,#8013,.T.);
#8063 = ORIENTED_EDGE('',*,*,#6017,.F.);
#8064 = ADVANCED_FACE('',(#8065),#6463,.F.);
#8065 = FACE_BOUND('',#8066,.F.);
#8066 = EDGE_LOOP('',(#8067,#8068,#8091,#8118));
#8067 = ORIENTED_EDGE('',*,*,#6305,.F.);
#8068 = ORIENTED_EDGE('',*,*,#8069,.F.);
#8069 = EDGE_CURVE('',#8070,#6306,#8072,.T.);
#8070 = VERTEX_POINT('',#8071);
#8071 = CARTESIAN_POINT('',(-1.16341445919E-15,12.02688494776,101.75));
#8072 = SEAM_CURVE('',#8073,(#8077,#8084),.PCURVE_S1.);
#8073 = LINE('',#8074,#8075);
#8074 = CARTESIAN_POINT('',(-1.16341445919E-15,12.02688494776,101.75));
#8075 = VECTOR('',#8076,1.);
#8076 = DIRECTION('',(0.,1.,0.));
#8077 = PCURVE('',#6463,#8078);
#8078 = DEFINITIONAL_REPRESENTATION('',(#8079),#8083);
#8079 = LINE('',#8080,#8081);
#8080 = CARTESIAN_POINT('',(6.28318530718,-0.));
#8081 = VECTOR('',#8082,1.);
#8082 = DIRECTION('',(0.,1.));
#8083 = ( GEOMETRIC_REPRESENTATION_CONTEXT(2) 
PARAMETRIC_REPRESENTATION_CONTEXT() REPRESENTATION_CONTEXT('2D SPACE',''
  ) );
#8084 = PCURVE('',#6463,#8085);
#8085 = DEFINITIONAL_REPRESENTATION('',(#8086),#8090);
#8086 = LINE('',#8087,#8088);
#8087 = CARTESIAN_POINT('',(0.,-0.));
#8088 = VECTOR('',#8089,1.);
#8089 = DIRECTION('',(0.,1.));
#8090 = ( GEOMETRIC_REPRESENTATION_CONTEXT(2) 
PARAMETRIC_REPRESENTATION_CONTEXT() REPRESENTATION_CONTEXT('2D SPACE',''
  ) );
#8091 = ORIENTED_EDGE('',*,*,#8092,.T.);
#8092 = EDGE_CURVE('',#8070,#8070,#8093,.T.);
#8093 = SURFACE_CURVE('',#8094,(#8099,#8106),.PCURVE_S1.);
#8094 = CIRCLE('',#8095,4.75);
#8095 = AXIS2_PLACEMENT_3D('',#8096,#8097,#8098);
#8096 = CARTESIAN_POINT('',(0.,12.02688494776,97.));
#8097 = DIRECTION('',(0.,1.,0.));
#8098 = DIRECTION('',(0.,-0.,1.));
#8099 = PCURVE('',#6463,#8100);
#8100 = DEFINITIONAL_REPRESENTATION('',(#8101),#8105);
#8101 = LINE('',#8102,#8103);
#8102 = CARTESIAN_POINT('',(0.,0.));
#8103 = VECTOR('',#8104,1.);
#8104 = DIRECTION('',(1.,0.));
#8105 = ( GEOMETRIC_REPRESENTATION_CONTEXT(2) 
PARAMETRIC_REPRESENTATION_CONTEXT() REPRESENTATION_CONTEXT('2D SPACE',''
  ) );
#8106 = PCURVE('',#8107,#8112);
#8107 = PLANE('',#8108);
#8108 = AXIS2_PLACEMENT_3D('',#8109,#8110,#8111);
#8109 = CARTESIAN_POINT('',(0.,12.02688494776,97.));
#8110 = DIRECTION('',(0.,1.,0.));
#8111 = DIRECTION('',(0.,-0.,1.));
#8112 = DEFINITIONAL_REPRESENTATION('',(#8113),#8117);
#8113 = CIRCLE('',#8114,4.75);
#8114 = AXIS2_PLACEMENT_2D('',#8115,#8116);
#8115 = CARTESIAN_POINT('',(0.,0.));
#8116 = DIRECTION('',(1.,0.));
#8117 = ( GEOMETRIC_REPRESENTATION_CONTEXT(2) 
PARAMETRIC_REPRESENTATION_CONTEXT() REPRESENTATION_CONTEXT('2D SPACE',''
  ) );
#8118 = ORIENTED_EDGE('',*,*,#8069,.T.);
#8119 = ADVANCED_FACE('',(#8120),#6565,.F.);
#8120 = FACE_BOUND('',#8121,.F.);
#8121 = EDGE_LOOP('',(#8122,#8123));
#8122 = ORIENTED_EDGE('',*,*,#6548,.F.);
#8123 = ORIENTED_EDGE('',*,*,#8124,.T.);
#8124 = EDGE_CURVE('',#6549,#6551,#8125,.T.);
#8125 = SURFACE_CURVE('',#8126,(#8131,#8138),.PCURVE_S1.);
#8126 = CIRCLE('',#8127,4.75);
#8127 = AXIS2_PLACEMENT_3D('',#8128,#8129,#8130);
#8128 = CARTESIAN_POINT('',(-22.,35.106834641808,97.));
#8129 = DIRECTION('',(0.,1.,0.));
#8130 = DIRECTION('',(0.,-0.,1.));
#8131 = PCURVE('',#6565,#8132);
#8132 = DEFINITIONAL_REPRESENTATION('',(#8133),#8137);
#8133 = CIRCLE('',#8134,4.75);
#8134 = AXIS2_PLACEMENT_2D('',#8135,#8136);
#8135 = CARTESIAN_POINT('',(0.,0.));
#8136 = DIRECTION('',(1.,0.));
#8137 = ( GEOMETRIC_REPRESENTATION_CONTEXT(2) 
PARAMETRIC_REPRESENTATION_CONTEXT() REPRESENTATION_CONTEXT('2D SPACE',''
  ) );
#8138 = PCURVE('',#6740,#8139);
#8139 = DEFINITIONAL_REPRESENTATION('',(#8140),#8144);
#8140 = LINE('',#8141,#8142);
#8141 = CARTESIAN_POINT('',(0.,23.079949694048));
#8142 = VECTOR('',#8143,1.);
#8143 = DIRECTION('',(1.,0.));
#8144 = ( GEOMETRIC_REPRESENTATION_CONTEXT(2) 
PARAMETRIC_REPRESENTATION_CONTEXT() REPRESENTATION_CONTEXT('2D SPACE',''
  ) );
#8145 = ADVANCED_FACE('',(#8146),#6740,.F.);
#8146 = FACE_BOUND('',#8147,.F.);
#8147 = EDGE_LOOP('',(#8148,#8149,#8150,#8173,#8200,#8201));
#8148 = ORIENTED_EDGE('',*,*,#8124,.F.);
#8149 = ORIENTED_EDGE('',*,*,#6826,.F.);
#8150 = ORIENTED_EDGE('',*,*,#8151,.F.);
#8151 = EDGE_CURVE('',#8152,#6577,#8154,.T.);
#8152 = VERTEX_POINT('',#8153);
#8153 = CARTESIAN_POINT('',(-22.,12.02688494776,101.75));
#8154 = SEAM_CURVE('',#8155,(#8159,#8166),.PCURVE_S1.);
#8155 = LINE('',#8156,#8157);
#8156 = CARTESIAN_POINT('',(-22.,12.02688494776,101.75));
#8157 = VECTOR('',#8158,1.);
#8158 = DIRECTION('',(0.,1.,0.));
#8159 = PCURVE('',#6740,#8160);
#8160 = DEFINITIONAL_REPRESENTATION('',(#8161),#8165);
#8161 = LINE('',#8162,#8163);
#8162 = CARTESIAN_POINT('',(6.28318530718,-0.));
#8163 = VECTOR('',#8164,1.);
#8164 = DIRECTION('',(0.,1.));
#8165 = ( GEOMETRIC_REPRESENTATION_CONTEXT(2) 
PARAMETRIC_REPRESENTATION_CONTEXT() REPRESENTATION_CONTEXT('2D SPACE',''
  ) );
#8166 = PCURVE('',#6740,#8167);
#8167 = DEFINITIONAL_REPRESENTATION('',(#8168),#8172);
#8168 = LINE('',#8169,#8170);
#8169 = CARTESIAN_POINT('',(0.,-0.));
#8170 = VECTOR('',#8171,1.);
#8171 = DIRECTION('',(0.,1.));
#8172 = ( GEOMETRIC_REPRESENTATION_CONTEXT(2) 
PARAMETRIC_REPRESENTATION_CONTEXT() REPRESENTATION_CONTEXT('2D SPACE',''
  ) );
#8173 = ORIENTED_EDGE('',*,*,#8174,.T.);
#8174 = EDGE_CURVE('',#8152,#8152,#8175,.T.);
#8175 = SURFACE_CURVE('',#8176,(#8181,#8188),.PCURVE_S1.);
#8176 = CIRCLE('',#8177,4.75);
#8177 = AXIS2_PLACEMENT_3D('',#8178,#8179,#8180);
#8178 = CARTESIAN_POINT('',(-22.,12.02688494776,97.));
#8179 = DIRECTION('',(0.,1.,0.));
#8180 = DIRECTION('',(0.,-0.,1.));
#8181 = PCURVE('',#6740,#8182);
#8182 = DEFINITIONAL_REPRESENTATION('',(#8183),#8187);
#8183 = LINE('',#8184,#8185);
#8184 = CARTESIAN_POINT('',(0.,0.));
#8185 = VECTOR('',#8186,1.);
#8186 = DIRECTION('',(1.,0.));
#8187 = ( GEOMETRIC_REPRESENTATION_CONTEXT(2) 
PARAMETRIC_REPRESENTATION_CONTEXT() REPRESENTATION_CONTEXT('2D SPACE',''
  ) );
#8188 = PCURVE('',#8189,#8194);
#8189 = PLANE('',#8190);
#8190 = AXIS2_PLACEMENT_3D('',#8191,#8192,#8193);
#8191 = CARTESIAN_POINT('',(-22.,12.02688494776,97.));
#8192 = DIRECTION('',(0.,1.,0.));
#8193 = DIRECTION('',(0.,-0.,1.));
#8194 = DEFINITIONAL_REPRESENTATION('',(#8195),#8199);
#8195 = CIRCLE('',#8196,4.75);
#8196 = AXIS2_PLACEMENT_2D('',#8197,#8198);
#8197 = CARTESIAN_POINT('',(0.,0.));
#8198 = DIRECTION('',(1.,0.));
#8199 = ( GEOMETRIC_REPRESENTATION_CONTEXT(2) 
PARAMETRIC_REPRESENTATION_CONTEXT() REPRESENTATION_CONTEXT('2D SPACE',''
  ) );
#8200 = ORIENTED_EDGE('',*,*,#8151,.T.);
#8201 = ORIENTED_EDGE('',*,*,#6576,.F.);
#8202 = ADVANCED_FACE('',(#8203),#6968,.F.);
#8203 = FACE_BOUND('',#8204,.F.);
#8204 = EDGE_LOOP('',(#8205));
#8205 = ORIENTED_EDGE('',*,*,#6953,.T.);
#8206 = ADVANCED_FACE('',(#8207),#7023,.F.);
#8207 = FACE_BOUND('',#8208,.F.);
#8208 = EDGE_LOOP('',(#8209));
#8209 = ORIENTED_EDGE('',*,*,#7008,.T.);
#8210 = ADVANCED_FACE('',(#8211),#7396,.F.);
#8211 = FACE_BOUND('',#8212,.F.);
#8212 = EDGE_LOOP('',(#8213));
#8213 = ORIENTED_EDGE('',*,*,#7381,.T.);
#8214 = ADVANCED_FACE('',(#8215),#7451,.F.);
#8215 = FACE_BOUND('',#8216,.F.);
#8216 = EDGE_LOOP('',(#8217));
#8217 = ORIENTED_EDGE('',*,*,#7436,.T.);
#8218 = ADVANCED_FACE('',(#8219),#7914,.T.);
#8219 = FACE_BOUND('',#8220,.F.);
#8220 = EDGE_LOOP('',(#8221));
#8221 = ORIENTED_EDGE('',*,*,#7899,.F.);
#8222 = ADVANCED_FACE('',(#8223),#7969,.T.);
#8223 = FACE_BOUND('',#8224,.F.);
#8224 = EDGE_LOOP('',(#8225));
#8225 = ORIENTED_EDGE('',*,*,#7954,.F.);
#8226 = ADVANCED_FACE('',(#8227),#8051,.T.);
#8227 = FACE_BOUND('',#8228,.F.);
#8228 = EDGE_LOOP('',(#8229));
#8229 = ORIENTED_EDGE('',*,*,#8036,.F.);
#8230 = ADVANCED_FACE('',(#8231),#8107,.T.);
#8231 = FACE_BOUND('',#8232,.F.);
#8232 = EDGE_LOOP('',(#8233));
#8233 = ORIENTED_EDGE('',*,*,#8092,.F.);
#8234 = ADVANCED_FACE('',(#8235),#8189,.T.);
#8235 = FACE_BOUND('',#8236,.F.);
#8236 = EDGE_LOOP('',(#8237));
#8237 = ORIENTED_EDGE('',*,*,#8174,.F.);
#8238 = ( GEOMETRIC_REPRESENTATION_CONTEXT(3) 
GLOBAL_UNCERTAINTY_ASSIGNED_CONTEXT((#8242)) 
GLOBAL_UNIT_ASSIGNED_CONTEXT((#8239,#8240,#8241)) REPRESENTATION_CONTEXT
('Context #1','3D Context with UNIT and UNCERTAINTY') );
#8239 = ( LENGTH_UNIT() NAMED_UNIT(*) SI_UNIT(.MILLI.,.METRE.) );
#8240 = ( NAMED_UNIT(*) PLANE_ANGLE_UNIT() SI_UNIT($,.RADIAN.) );
#8241 = ( NAMED_UNIT(*) SI_UNIT($,.STERADIAN.) SOLID_ANGLE_UNIT() );
#8242 = UNCERTAINTY_MEASURE_WITH_UNIT(LENGTH_MEASURE(1.E-06),#8239,
  'distance_accuracy_value','confusion accuracy');
#8243 = CONTEXT_DEPENDENT_SHAPE_REPRESENTATION(#8244,#8246);
#8244 = ( REPRESENTATION_RELATIONSHIP('','',#3690,#10) 
REPRESENTATION_RELATIONSHIP_WITH_TRANSFORMATION(#8245) 
SHAPE_REPRESENTATION_RELATIONSHIP() );
#8245 = ITEM_DEFINED_TRANSFORMATION('','',#11,#19);
#8246 = PRODUCT_DEFINITION_SHAPE('Placement','Placement of an item',
  #8247);
#8247 = NEXT_ASSEMBLY_USAGE_OCCURRENCE('2','Body_B','',#5,#3685,$);
#8248 = PRODUCT_RELATED_PRODUCT_CATEGORY('part',$,(#3687));
#8249 = MECHANICAL_DESIGN_GEOMETRIC_PRESENTATION_REPRESENTATION('',(
    #8250),#3672);
#8250 = STYLED_ITEM('color',(#8251),#37);
#8251 = PRESENTATION_STYLE_ASSIGNMENT((#8252));
#8252 = SURFACE_STYLE_USAGE(.BOTH.,#8253);
#8253 = SURFACE_SIDE_STYLE('',(#8254));
#8254 = SURFACE_STYLE_FILL_AREA(#8255);
#8255 = FILL_AREA_STYLE('',(#8256));
#8256 = FILL_AREA_STYLE_COLOUR('',#8257);
#8257 = COLOUR_RGB('',0.679999990811,0.750000000934,0.850000012718);
#8258 = MECHANICAL_DESIGN_GEOMETRIC_PRESENTATION_REPRESENTATION('',(
    #8259),#8238);
#8259 = STYLED_ITEM('color',(#8260),#3691);
#8260 = PRESENTATION_STYLE_ASSIGNMENT((#8261));
#8261 = SURFACE_STYLE_USAGE(.BOTH.,#8262);
#8262 = SURFACE_SIDE_STYLE('',(#8263));
#8263 = SURFACE_STYLE_FILL_AREA(#8264);
#8264 = FILL_AREA_STYLE('',(#8265));
#8265 = FILL_AREA_STYLE_COLOUR('',#8266);
#8266 = COLOUR_RGB('',0.55000000909,0.620000000292,0.720000003324);
ENDSEC;
END-ISO-10303-21;
