ISO-10303-21;
HEADER;
FILE_DESCRIPTION(('Open CASCADE Model'),'2;1');
FILE_NAME('Open CASCADE Shape Model','2026-09-12T18:55:03',('Author'),(
    'Open CASCADE'),'Open CASCADE STEP processor 7.9','Open CASCADE 7.9'
  ,'Unknown');
FILE_SCHEMA(('AUTOMOTIVE_DESIGN { 1 0 10303 214 1 1 1 1 }'));
ENDSEC;
DATA;
#1 = APPLICATION_PROTOCOL_DEFINITION('international standard',
  'automotive_design',2000,#2);
#2 = APPLICATION_CONTEXT(
  'core data for automotive mechanical design processes');
#3 = SHAPE_DEFINITION_REPRESENTATION(#4,#10);
#4 = PRODUCT_DEFINITION_SHAPE('','',#5);
#5 = PRODUCT_DEFINITION('design','',#6,#9);
#6 = PRODUCT_DEFINITION_FORMATION('','',#7);
#7 = PRODUCT('MatrizJonatha_L10_C0.8_Explodida',
  'MatrizJonatha_L10_C0.8_Explodida','',(#8));
#8 = PRODUCT_CONTEXT('',#2,'mechanical');
#9 = PRODUCT_DEFINITION_CONTEXT('part definition',#2,'design');
#10 = SHAPE_REPRESENTATION('',(#11,#15,#19),#23);
#11 = AXIS2_PLACEMENT_3D('',#12,#13,#14);
#12 = CARTESIAN_POINT('',(0.,0.,0.));
#13 = DIRECTION('',(0.,0.,1.));
#14 = DIRECTION('',(1.,0.,-0.));
#15 = AXIS2_PLACEMENT_3D('',#16,#17,#18);
#16 = CARTESIAN_POINT('',(0.,0.,0.));
#17 = DIRECTION('',(0.,0.,1.));
#18 = DIRECTION('',(1.,0.,-0.));
#19 = AXIS2_PLACEMENT_3D('',#20,#21,#22);
#20 = CARTESIAN_POINT('',(0.,0.,0.));
#21 = DIRECTION('',(0.,0.,1.));
#22 = DIRECTION('',(1.,0.,-0.));
#23 = ( GEOMETRIC_REPRESENTATION_CONTEXT(3) 
GLOBAL_UNCERTAINTY_ASSIGNED_CONTEXT((#27)) GLOBAL_UNIT_ASSIGNED_CONTEXT(
(#24,#25,#26)) REPRESENTATION_CONTEXT('Context #1',
  '3D Context with UNIT and UNCERTAINTY') );
#24 = ( LENGTH_UNIT() NAMED_UNIT(*) SI_UNIT(.MILLI.,.METRE.) );
#25 = ( NAMED_UNIT(*) PLANE_ANGLE_UNIT() SI_UNIT($,.RADIAN.) );
#26 = ( NAMED_UNIT(*) SI_UNIT($,.STERADIAN.) SOLID_ANGLE_UNIT() );
#27 = UNCERTAINTY_MEASURE_WITH_UNIT(LENGTH_MEASURE(2.E-07),#24,
  'distance_accuracy_value','confusion accuracy');
#28 = PRODUCT_RELATED_PRODUCT_CATEGORY('part',$,(#7));
#29 = SHAPE_DEFINITION_REPRESENTATION(#30,#36);
#30 = PRODUCT_DEFINITION_SHAPE('','',#31);
#31 = PRODUCT_DEFINITION('design','',#32,#35);
#32 = PRODUCT_DEFINITION_FORMATION('','',#33);
#33 = PRODUCT('Camada_01_Body_A_Inferior','Camada_01_Body_A_Inferior',''
  ,(#34));
#34 = PRODUCT_CONTEXT('',#2,'mechanical');
#35 = PRODUCT_DEFINITION_CONTEXT('part definition',#2,'design');
#36 = ADVANCED_BREP_SHAPE_REPRESENTATION('',(#11,#37),#2088);
#37 = BREP_WITH_VOIDS('',#38,(#1892,#1990));
#38 = CLOSED_SHELL('',(#39,#159,#416,#786,#887,#912,#1134,#1182,#1235,
    #1282,#1288,#1338,#1412,#1462,#1572,#1619,#1670,#1697,#1704,#1753,
    #1800,#1824,#1831,#1858,#1885));
#39 = ADVANCED_FACE('',(#40),#55,.T.);
#40 = FACE_BOUND('',#41,.F.);
#41 = EDGE_LOOP('',(#42,#78,#106,#135));
#42 = ORIENTED_EDGE('',*,*,#43,.F.);
#43 = EDGE_CURVE('',#44,#46,#48,.T.);
#44 = VERTEX_POINT('',#45);
#45 = CARTESIAN_POINT('',(46.5,0.,0.));
#46 = VERTEX_POINT('',#47);
#47 = CARTESIAN_POINT('',(46.499999888732,3.216813912758E-03,0.));
#48 = SURFACE_CURVE('',#49,(#54,#66),.PCURVE_S1.);
#49 = CIRCLE('',#50,46.5);
#50 = AXIS2_PLACEMENT_3D('',#51,#52,#53);
#51 = CARTESIAN_POINT('',(0.,0.,0.));
#52 = DIRECTION('',(0.,0.,1.));
#53 = DIRECTION('',(1.,0.,0.));
#54 = PCURVE('',#55,#60);
#55 = CYLINDRICAL_SURFACE('',#56,46.5);
#56 = AXIS2_PLACEMENT_3D('',#57,#58,#59);
#57 = CARTESIAN_POINT('',(0.,0.,0.));
#58 = DIRECTION('',(-0.,-0.,-1.));
#59 = DIRECTION('',(1.,0.,0.));
#60 = DEFINITIONAL_REPRESENTATION('',(#61),#65);
#61 = LINE('',#62,#63);
#62 = CARTESIAN_POINT('',(-0.,0.));
#63 = VECTOR('',#64,1.);
#64 = DIRECTION('',(-1.,0.));
#65 = ( GEOMETRIC_REPRESENTATION_CONTEXT(2) 
PARAMETRIC_REPRESENTATION_CONTEXT() REPRESENTATION_CONTEXT('2D SPACE',''
  ) );
#66 = PCURVE('',#67,#72);
#67 = PLANE('',#68);
#68 = AXIS2_PLACEMENT_3D('',#69,#70,#71);
#69 = CARTESIAN_POINT('',(-1.882068139409E-15,-1.61343992693E-17,0.));
#70 = DIRECTION('',(0.,0.,1.));
#71 = DIRECTION('',(1.,0.,-0.));
#72 = DEFINITIONAL_REPRESENTATION('',(#73),#77);
#73 = CIRCLE('',#74,46.5);
#74 = AXIS2_PLACEMENT_2D('',#75,#76);
#75 = CARTESIAN_POINT('',(1.882068139409E-15,1.61343992693E-17));
#76 = DIRECTION('',(1.,0.));
#77 = ( GEOMETRIC_REPRESENTATION_CONTEXT(2) 
PARAMETRIC_REPRESENTATION_CONTEXT() REPRESENTATION_CONTEXT('2D SPACE',''
  ) );
#78 = ORIENTED_EDGE('',*,*,#79,.T.);
#79 = EDGE_CURVE('',#44,#80,#82,.T.);
#80 = VERTEX_POINT('',#81);
#81 = CARTESIAN_POINT('',(46.5,0.,69.9));
#82 = SURFACE_CURVE('',#83,(#87,#94),.PCURVE_S1.);
#83 = LINE('',#84,#85);
#84 = CARTESIAN_POINT('',(46.5,0.,0.));
#85 = VECTOR('',#86,1.);
#86 = DIRECTION('',(0.,0.,1.));
#87 = PCURVE('',#55,#88);
#88 = DEFINITIONAL_REPRESENTATION('',(#89),#93);
#89 = LINE('',#90,#91);
#90 = CARTESIAN_POINT('',(-0.,0.));
#91 = VECTOR('',#92,1.);
#92 = DIRECTION('',(-0.,-1.));
#93 = ( GEOMETRIC_REPRESENTATION_CONTEXT(2) 
PARAMETRIC_REPRESENTATION_CONTEXT() REPRESENTATION_CONTEXT('2D SPACE',''
  ) );
#94 = PCURVE('',#95,#100);
#95 = CYLINDRICAL_SURFACE('',#96,46.5);
#96 = AXIS2_PLACEMENT_3D('',#97,#98,#99);
#97 = CARTESIAN_POINT('',(0.,0.,0.));
#98 = DIRECTION('',(-0.,-0.,-1.));
#99 = DIRECTION('',(1.,0.,0.));
#100 = DEFINITIONAL_REPRESENTATION('',(#101),#105);
#101 = LINE('',#102,#103);
#102 = CARTESIAN_POINT('',(-6.28318530718,0.));
#103 = VECTOR('',#104,1.);
#104 = DIRECTION('',(-0.,-1.));
#105 = ( GEOMETRIC_REPRESENTATION_CONTEXT(2) 
PARAMETRIC_REPRESENTATION_CONTEXT() REPRESENTATION_CONTEXT('2D SPACE',''
  ) );
#106 = ORIENTED_EDGE('',*,*,#107,.T.);
#107 = EDGE_CURVE('',#80,#108,#110,.T.);
#108 = VERTEX_POINT('',#109);
#109 = CARTESIAN_POINT('',(46.499999888732,3.216813912758E-03,69.9));
#110 = SURFACE_CURVE('',#111,(#116,#123),.PCURVE_S1.);
#111 = CIRCLE('',#112,46.5);
#112 = AXIS2_PLACEMENT_3D('',#113,#114,#115);
#113 = CARTESIAN_POINT('',(0.,0.,69.9));
#114 = DIRECTION('',(0.,0.,1.));
#115 = DIRECTION('',(1.,0.,0.));
#116 = PCURVE('',#55,#117);
#117 = DEFINITIONAL_REPRESENTATION('',(#118),#122);
#118 = LINE('',#119,#120);
#119 = CARTESIAN_POINT('',(-0.,-69.9));
#120 = VECTOR('',#121,1.);
#121 = DIRECTION('',(-1.,0.));
#122 = ( GEOMETRIC_REPRESENTATION_CONTEXT(2) 
PARAMETRIC_REPRESENTATION_CONTEXT() REPRESENTATION_CONTEXT('2D SPACE',''
  ) );
#123 = PCURVE('',#124,#129);
#124 = PLANE('',#125);
#125 = AXIS2_PLACEMENT_3D('',#126,#127,#128);
#126 = CARTESIAN_POINT('',(-1.882068139409E-15,-1.61343992693E-17,69.9)
  );
#127 = DIRECTION('',(0.,0.,1.));
#128 = DIRECTION('',(1.,0.,-0.));
#129 = DEFINITIONAL_REPRESENTATION('',(#130),#134);
#130 = CIRCLE('',#131,46.5);
#131 = AXIS2_PLACEMENT_2D('',#132,#133);
#132 = CARTESIAN_POINT('',(1.882068139409E-15,1.61343992693E-17));
#133 = DIRECTION('',(1.,0.));
#134 = ( GEOMETRIC_REPRESENTATION_CONTEXT(2) 
PARAMETRIC_REPRESENTATION_CONTEXT() REPRESENTATION_CONTEXT('2D SPACE',''
  ) );
#135 = ORIENTED_EDGE('',*,*,#136,.T.);
#136 = EDGE_CURVE('',#108,#46,#137,.T.);
#137 = SURFACE_CURVE('',#138,(#142,#148),.PCURVE_S1.);
#138 = LINE('',#139,#140);
#139 = CARTESIAN_POINT('',(46.499999888732,3.216813912758E-03,0.));
#140 = VECTOR('',#141,1.);
#141 = DIRECTION('',(-0.,-0.,-1.));
#142 = PCURVE('',#55,#143);
#143 = DEFINITIONAL_REPRESENTATION('',(#144),#147);
#144 = B_SPLINE_CURVE_WITH_KNOTS('',1,(#145,#146),.UNSPECIFIED.,.F.,.F.,
  (2,2),(-69.9000006,6.E-07),.PIECEWISE_BEZIER_KNOTS.);
#145 = CARTESIAN_POINT('',(-6.917879387793E-05,-69.9000006));
#146 = CARTESIAN_POINT('',(-6.917879387793E-05,6.E-07));
#147 = ( GEOMETRIC_REPRESENTATION_CONTEXT(2) 
PARAMETRIC_REPRESENTATION_CONTEXT() REPRESENTATION_CONTEXT('2D SPACE',''
  ) );
#148 = PCURVE('',#149,#154);
#149 = PLANE('',#150);
#150 = AXIS2_PLACEMENT_3D('',#151,#152,#153);
#151 = CARTESIAN_POINT('',(-100.,3.216813912758E-03,-50.));
#152 = DIRECTION('',(0.,1.,0.));
#153 = DIRECTION('',(0.,0.,1.));
#154 = DEFINITIONAL_REPRESENTATION('',(#155),#158);
#155 = B_SPLINE_CURVE_WITH_KNOTS('',1,(#156,#157),.UNSPECIFIED.,.F.,.F.,
  (2,2),(-69.9000006,6.E-07),.PIECEWISE_BEZIER_KNOTS.);
#156 = CARTESIAN_POINT('',(119.9000006,146.49999988873));
#157 = CARTESIAN_POINT('',(49.9999994,146.49999988873));
#158 = ( GEOMETRIC_REPRESENTATION_CONTEXT(2) 
PARAMETRIC_REPRESENTATION_CONTEXT() REPRESENTATION_CONTEXT('2D SPACE',''
  ) );
#159 = ADVANCED_FACE('',(#160),#67,.F.);
#160 = FACE_BOUND('',#161,.F.);
#161 = EDGE_LOOP('',(#162,#186,#187,#208,#256,#300,#348,#392));
#162 = ORIENTED_EDGE('',*,*,#163,.T.);
#163 = EDGE_CURVE('',#164,#44,#166,.T.);
#164 = VERTEX_POINT('',#165);
#165 = CARTESIAN_POINT('',(-46.49999988873,3.216813912758E-03,0.));
#166 = SURFACE_CURVE('',#167,(#172,#179),.PCURVE_S1.);
#167 = CIRCLE('',#168,46.5);
#168 = AXIS2_PLACEMENT_3D('',#169,#170,#171);
#169 = CARTESIAN_POINT('',(0.,0.,0.));
#170 = DIRECTION('',(0.,0.,1.));
#171 = DIRECTION('',(1.,0.,0.));
#172 = PCURVE('',#67,#173);
#173 = DEFINITIONAL_REPRESENTATION('',(#174),#178);
#174 = CIRCLE('',#175,46.5);
#175 = AXIS2_PLACEMENT_2D('',#176,#177);
#176 = CARTESIAN_POINT('',(1.882068139409E-15,1.61343992693E-17));
#177 = DIRECTION('',(1.,0.));
#178 = ( GEOMETRIC_REPRESENTATION_CONTEXT(2) 
PARAMETRIC_REPRESENTATION_CONTEXT() REPRESENTATION_CONTEXT('2D SPACE',''
  ) );
#179 = PCURVE('',#95,#180);
#180 = DEFINITIONAL_REPRESENTATION('',(#181),#185);
#181 = LINE('',#182,#183);
#182 = CARTESIAN_POINT('',(-0.,0.));
#183 = VECTOR('',#184,1.);
#184 = DIRECTION('',(-1.,0.));
#185 = ( GEOMETRIC_REPRESENTATION_CONTEXT(2) 
PARAMETRIC_REPRESENTATION_CONTEXT() REPRESENTATION_CONTEXT('2D SPACE',''
  ) );
#186 = ORIENTED_EDGE('',*,*,#43,.T.);
#187 = ORIENTED_EDGE('',*,*,#188,.T.);
#188 = EDGE_CURVE('',#46,#189,#191,.T.);
#189 = VERTEX_POINT('',#190);
#190 = CARTESIAN_POINT('',(37.799999863132,3.216713912751E-03,0.));
#191 = SURFACE_CURVE('',#192,(#196,#202),.PCURVE_S1.);
#192 = LINE('',#193,#194);
#193 = CARTESIAN_POINT('',(-50.,3.216813912758E-03,0.));
#194 = VECTOR('',#195,1.);
#195 = DIRECTION('',(-1.,0.,0.));
#196 = PCURVE('',#67,#197);
#197 = DEFINITIONAL_REPRESENTATION('',(#198),#201);
#198 = B_SPLINE_CURVE_WITH_KNOTS('',1,(#199,#200),.UNSPECIFIED.,.F.,.F.,
  (2,2),(-96.5,-3.5),.PIECEWISE_BEZIER_KNOTS.);
#199 = CARTESIAN_POINT('',(46.5,3.216813912758E-03));
#200 = CARTESIAN_POINT('',(-46.5,3.216813912758E-03));
#201 = ( GEOMETRIC_REPRESENTATION_CONTEXT(2) 
PARAMETRIC_REPRESENTATION_CONTEXT() REPRESENTATION_CONTEXT('2D SPACE',''
  ) );
#202 = PCURVE('',#149,#203);
#203 = DEFINITIONAL_REPRESENTATION('',(#204),#207);
#204 = B_SPLINE_CURVE_WITH_KNOTS('',1,(#205,#206),.UNSPECIFIED.,.F.,.F.,
  (2,2),(-96.5,-3.5),.PIECEWISE_BEZIER_KNOTS.);
#205 = CARTESIAN_POINT('',(50.,146.5));
#206 = CARTESIAN_POINT('',(50.,53.5));
#207 = ( GEOMETRIC_REPRESENTATION_CONTEXT(2) 
PARAMETRIC_REPRESENTATION_CONTEXT() REPRESENTATION_CONTEXT('2D SPACE',''
  ) );
#208 = ORIENTED_EDGE('',*,*,#209,.F.);
#209 = EDGE_CURVE('',#210,#189,#212,.T.);
#210 = VERTEX_POINT('',#211);
#211 = CARTESIAN_POINT('',(37.8,0.,0.));
#212 = SURFACE_CURVE('',#213,(#218,#225),.PCURVE_S1.);
#213 = CIRCLE('',#214,37.8);
#214 = AXIS2_PLACEMENT_3D('',#215,#216,#217);
#215 = CARTESIAN_POINT('',(0.,0.,0.));
#216 = DIRECTION('',(0.,0.,1.));
#217 = DIRECTION('',(1.,0.,0.));
#218 = PCURVE('',#67,#219);
#219 = DEFINITIONAL_REPRESENTATION('',(#220),#224);
#220 = CIRCLE('',#221,37.8);
#221 = AXIS2_PLACEMENT_2D('',#222,#223);
#222 = CARTESIAN_POINT('',(1.882068139409E-15,1.61343992693E-17));
#223 = DIRECTION('',(1.,0.));
#224 = ( GEOMETRIC_REPRESENTATION_CONTEXT(2) 
PARAMETRIC_REPRESENTATION_CONTEXT() REPRESENTATION_CONTEXT('2D SPACE',''
  ) );
#225 = PCURVE('',#226,#251);
#226 = B_SPLINE_SURFACE_WITH_KNOTS('',11,1,(
    (#227,#228)
    ,(#229,#230)
    ,(#231,#232)
    ,(#233,#234)
    ,(#235,#236)
    ,(#237,#238)
    ,(#239,#240)
    ,(#241,#242)
    ,(#243,#244)
    ,(#245,#246)
    ,(#247,#248)
    ,(#249,#250
    )),.UNSPECIFIED.,.F.,.F.,.F.,(12,12),(2,2),(-73.5,0.),(0.,1.),
  .PIECEWISE_BEZIER_KNOTS.);
#227 = CARTESIAN_POINT('',(37.8,-7.105427357601E-15,0.));
#228 = CARTESIAN_POINT('',(36.75,0.75,99.));
#229 = CARTESIAN_POINT('',(37.8,10.725534618702,0.));
#230 = CARTESIAN_POINT('',(30.068181818182,0.75,99.));
#231 = CARTESIAN_POINT('',(34.452359659639,21.451068457069,0.));
#232 = CARTESIAN_POINT('',(23.386363636364,0.75,99.));
#233 = CARTESIAN_POINT('',(27.757079789678,31.015652162493,0.));
#234 = CARTESIAN_POINT('',(16.704545454545,0.75,99.));
#235 = CARTESIAN_POINT('',(18.167101192845,38.2582922896,0.));
#236 = CARTESIAN_POINT('',(10.022727272727,0.75,99.));
#237 = CARTESIAN_POINT('',(6.588333853533,42.220109895496,0.));
#238 = CARTESIAN_POINT('',(3.340909090909,0.75,99.));
#239 = CARTESIAN_POINT('',(-5.725506764718,42.345748249928,0.));
#240 = CARTESIAN_POINT('',(-3.340909090909,0.75,99.));
#241 = CARTESIAN_POINT('',(-17.38270020679,38.621007601877,0.));
#242 = CARTESIAN_POINT('',(-10.02272727272,0.75,99.));
#243 = CARTESIAN_POINT('',(-27.11846055823,31.575548363709,0.));
#244 = CARTESIAN_POINT('',(-16.70454545454,0.75,99.));
#245 = CARTESIAN_POINT('',(-34.00750154424,22.149565747081,0.));
#246 = CARTESIAN_POINT('',(-23.38636363636,0.75,99.));
#247 = CARTESIAN_POINT('',(-37.57328784484,11.494569734672,0.));
#248 = CARTESIAN_POINT('',(-30.06818181818,0.75,99.));
#249 = CARTESIAN_POINT('',(-37.79213073791,0.771267974243,0.));
#250 = CARTESIAN_POINT('',(-36.75,0.75,99.));
#251 = DEFINITIONAL_REPRESENTATION('',(#252),#255);
#252 = B_SPLINE_CURVE_WITH_KNOTS('',1,(#253,#254),.UNSPECIFIED.,.F.,.F.,
  (2,2),(0.,3.121187322903),.PIECEWISE_BEZIER_KNOTS.);
#253 = CARTESIAN_POINT('',(-73.5,0.));
#254 = CARTESIAN_POINT('',(0.,0.));
#255 = ( GEOMETRIC_REPRESENTATION_CONTEXT(2) 
PARAMETRIC_REPRESENTATION_CONTEXT() REPRESENTATION_CONTEXT('2D SPACE',''
  ) );
#256 = ORIENTED_EDGE('',*,*,#257,.F.);
#257 = EDGE_CURVE('',#258,#210,#260,.T.);
#258 = VERTEX_POINT('',#259);
#259 = CARTESIAN_POINT('',(37.792130737918,-0.771267974243,0.));
#260 = SURFACE_CURVE('',#261,(#266,#273),.PCURVE_S1.);
#261 = CIRCLE('',#262,37.8);
#262 = AXIS2_PLACEMENT_3D('',#263,#264,#265);
#263 = CARTESIAN_POINT('',(0.,0.,0.));
#264 = DIRECTION('',(0.,0.,1.));
#265 = DIRECTION('',(1.,0.,0.));
#266 = PCURVE('',#67,#267);
#267 = DEFINITIONAL_REPRESENTATION('',(#268),#272);
#268 = CIRCLE('',#269,37.8);
#269 = AXIS2_PLACEMENT_2D('',#270,#271);
#270 = CARTESIAN_POINT('',(1.882068139409E-15,1.61343992693E-17));
#271 = DIRECTION('',(1.,0.));
#272 = ( GEOMETRIC_REPRESENTATION_CONTEXT(2) 
PARAMETRIC_REPRESENTATION_CONTEXT() REPRESENTATION_CONTEXT('2D SPACE',''
  ) );
#273 = PCURVE('',#274,#295);
#274 = B_SPLINE_SURFACE_WITH_KNOTS('',9,1,(
    (#275,#276)
    ,(#277,#278)
    ,(#279,#280)
    ,(#281,#282)
    ,(#283,#284)
    ,(#285,#286)
    ,(#287,#288)
    ,(#289,#290)
    ,(#291,#292)
    ,(#293,#294
    )),.UNSPECIFIED.,.F.,.F.,.F.,(10,10),(2,2),(3.14159265359,
    6.28318530718),(0.,1.),.PIECEWISE_BEZIER_KNOTS.);
#275 = CARTESIAN_POINT('',(37.792130737918,-0.771267974243,0.));
#276 = CARTESIAN_POINT('',(36.75,-0.75,99.));
#277 = CARTESIAN_POINT('',(37.793879402147,-0.685583427015,0.));
#278 = CARTESIAN_POINT('',(37.011799387799,-0.75,99.));
#279 = CARTESIAN_POINT('',(37.795409506102,-0.599894419434,0.));
#280 = CARTESIAN_POINT('',(37.273601492499,-0.647191900061,
    98.999999999999));
#281 = CARTESIAN_POINT('',(37.796721043281,-0.514201588687,0.));
#282 = CARTESIAN_POINT('',(37.48924283384,-0.44157278914,99.000000000004
    ));
#283 = CARTESIAN_POINT('',(37.797814007183,-0.428505571955,0.));
#284 = CARTESIAN_POINT('',(37.612680472816,-0.157317457926,
    98.999999999993));
#285 = CARTESIAN_POINT('',(37.798688391308,-0.342807006425,0.));
#286 = CARTESIAN_POINT('',(37.612680472822,0.157317457926,
    99.000000000007));
#287 = CARTESIAN_POINT('',(37.799344189153,-0.25710652928,0.));
#288 = CARTESIAN_POINT('',(37.489242833835,0.44157278914,98.999999999994
    ));
#289 = CARTESIAN_POINT('',(37.799781394217,-0.171404777705,0.));
#290 = CARTESIAN_POINT('',(37.2736014925,0.647191900061,99.000000000003)
  );
#291 = CARTESIAN_POINT('',(37.8,-8.570238888347E-02,0.));
#292 = CARTESIAN_POINT('',(37.011799387799,0.75,98.999999999999));
#293 = CARTESIAN_POINT('',(37.8,-9.27036225562E-15,0.));
#294 = CARTESIAN_POINT('',(36.75,0.75,99.));
#295 = DEFINITIONAL_REPRESENTATION('',(#296),#299);
#296 = B_SPLINE_CURVE_WITH_KNOTS('',1,(#297,#298),.UNSPECIFIED.,.F.,.F.,
  (2,2),(6.262779976493,6.28318530718),.PIECEWISE_BEZIER_KNOTS.);
#297 = CARTESIAN_POINT('',(3.14159265359,0.));
#298 = CARTESIAN_POINT('',(6.28318530718,0.));
#299 = ( GEOMETRIC_REPRESENTATION_CONTEXT(2) 
PARAMETRIC_REPRESENTATION_CONTEXT() REPRESENTATION_CONTEXT('2D SPACE',''
  ) );
#300 = ORIENTED_EDGE('',*,*,#301,.F.);
#301 = EDGE_CURVE('',#302,#258,#304,.T.);
#302 = VERTEX_POINT('',#303);
#303 = CARTESIAN_POINT('',(-37.79213073791,-0.771267974243,0.));
#304 = SURFACE_CURVE('',#305,(#310,#317),.PCURVE_S1.);
#305 = CIRCLE('',#306,37.8);
#306 = AXIS2_PLACEMENT_3D('',#307,#308,#309);
#307 = CARTESIAN_POINT('',(0.,0.,0.));
#308 = DIRECTION('',(0.,0.,1.));
#309 = DIRECTION('',(1.,0.,0.));
#310 = PCURVE('',#67,#311);
#311 = DEFINITIONAL_REPRESENTATION('',(#312),#316);
#312 = CIRCLE('',#313,37.8);
#313 = AXIS2_PLACEMENT_2D('',#314,#315);
#314 = CARTESIAN_POINT('',(1.882068139409E-15,1.61343992693E-17));
#315 = DIRECTION('',(1.,0.));
#316 = ( GEOMETRIC_REPRESENTATION_CONTEXT(2) 
PARAMETRIC_REPRESENTATION_CONTEXT() REPRESENTATION_CONTEXT('2D SPACE',''
  ) );
#317 = PCURVE('',#318,#343);
#318 = B_SPLINE_SURFACE_WITH_KNOTS('',11,1,(
    (#319,#320)
    ,(#321,#322)
    ,(#323,#324)
    ,(#325,#326)
    ,(#327,#328)
    ,(#329,#330)
    ,(#331,#332)
    ,(#333,#334)
    ,(#335,#336)
    ,(#337,#338)
    ,(#339,#340)
    ,(#341,#342
    )),.UNSPECIFIED.,.F.,.F.,.F.,(12,12),(2,2),(-73.5,0.),(0.,1.),
  .PIECEWISE_BEZIER_KNOTS.);
#319 = CARTESIAN_POINT('',(-37.79213073791,-0.771267974243,0.));
#320 = CARTESIAN_POINT('',(-36.75,-0.75,99.));
#321 = CARTESIAN_POINT('',(-37.57471857012,-11.42446419602,0.));
#322 = CARTESIAN_POINT('',(-30.06818181818,-0.75,99.));
#323 = CARTESIAN_POINT('',(-34.05398244305,-22.01024492189,0.));
#324 = CARTESIAN_POINT('',(-23.38636363636,-0.75,99.));
#325 = CARTESIAN_POINT('',(-27.25314953237,-31.390518583,0.));
#326 = CARTESIAN_POINT('',(-16.70454545454,-0.75,99.));
#327 = CARTESIAN_POINT('',(-17.63656680973,-38.43615531257,0.));
#328 = CARTESIAN_POINT('',(-10.02272727272,-0.75,99.));
#329 = CARTESIAN_POINT('',(-6.105738169345,-42.22257429826,0.));
#330 = CARTESIAN_POINT('',(-3.340909090909,-0.75,99.));
#331 = CARTESIAN_POINT('',(6.105738169345,-42.22257429824,0.));
#332 = CARTESIAN_POINT('',(3.340909090909,-0.75,99.));
#333 = CARTESIAN_POINT('',(17.636566809734,-38.43615531259,0.));
#334 = CARTESIAN_POINT('',(10.022727272727,-0.75,99.));
#335 = CARTESIAN_POINT('',(27.253149532378,-31.39051858299,0.));
#336 = CARTESIAN_POINT('',(16.704545454545,-0.75,99.));
#337 = CARTESIAN_POINT('',(34.053982443054,-22.01024492189,0.));
#338 = CARTESIAN_POINT('',(23.386363636364,-0.75,99.));
#339 = CARTESIAN_POINT('',(37.574718570127,-11.42446419602,0.));
#340 = CARTESIAN_POINT('',(30.068181818182,-0.75,99.));
#341 = CARTESIAN_POINT('',(37.792130737918,-0.771267974243,0.));
#342 = CARTESIAN_POINT('',(36.75,-0.75,99.));
#343 = DEFINITIONAL_REPRESENTATION('',(#344),#347);
#344 = B_SPLINE_CURVE_WITH_KNOTS('',1,(#345,#346),.UNSPECIFIED.,.F.,.F.,
  (2,2),(3.161997984276,6.262779976493),.PIECEWISE_BEZIER_KNOTS.);
#345 = CARTESIAN_POINT('',(-73.5,0.));
#346 = CARTESIAN_POINT('',(0.,0.));
#347 = ( GEOMETRIC_REPRESENTATION_CONTEXT(2) 
PARAMETRIC_REPRESENTATION_CONTEXT() REPRESENTATION_CONTEXT('2D SPACE',''
  ) );
#348 = ORIENTED_EDGE('',*,*,#349,.F.);
#349 = EDGE_CURVE('',#350,#302,#352,.T.);
#350 = VERTEX_POINT('',#351);
#351 = CARTESIAN_POINT('',(-37.79999986313,3.216713912749E-03,0.));
#352 = SURFACE_CURVE('',#353,(#358,#365),.PCURVE_S1.);
#353 = CIRCLE('',#354,37.8);
#354 = AXIS2_PLACEMENT_3D('',#355,#356,#357);
#355 = CARTESIAN_POINT('',(0.,0.,0.));
#356 = DIRECTION('',(0.,0.,1.));
#357 = DIRECTION('',(1.,0.,0.));
#358 = PCURVE('',#67,#359);
#359 = DEFINITIONAL_REPRESENTATION('',(#360),#364);
#360 = CIRCLE('',#361,37.8);
#361 = AXIS2_PLACEMENT_2D('',#362,#363);
#362 = CARTESIAN_POINT('',(1.882068139409E-15,1.61343992693E-17));
#363 = DIRECTION('',(1.,0.));
#364 = ( GEOMETRIC_REPRESENTATION_CONTEXT(2) 
PARAMETRIC_REPRESENTATION_CONTEXT() REPRESENTATION_CONTEXT('2D SPACE',''
  ) );
#365 = PCURVE('',#366,#387);
#366 = B_SPLINE_SURFACE_WITH_KNOTS('',9,1,(
    (#367,#368)
    ,(#369,#370)
    ,(#371,#372)
    ,(#373,#374)
    ,(#375,#376)
    ,(#377,#378)
    ,(#379,#380)
    ,(#381,#382)
    ,(#383,#384)
    ,(#385,#386
    )),.UNSPECIFIED.,.F.,.F.,.F.,(10,10),(2,2),(3.14159265359,
    6.28318530718),(0.,1.),.PIECEWISE_BEZIER_KNOTS.);
#367 = CARTESIAN_POINT('',(-37.79213073791,0.771267974243,0.));
#368 = CARTESIAN_POINT('',(-36.75,0.75,99.));
#369 = CARTESIAN_POINT('',(-37.79562806637,0.599898879786,0.));
#370 = CARTESIAN_POINT('',(-37.01179938779,0.75,99.));
#371 = CARTESIAN_POINT('',(-37.79825118407,0.428511943798,0.));
#372 = CARTESIAN_POINT('',(-37.27360149249,0.647191900061,
    98.999999999999));
#373 = CARTESIAN_POINT('',(-37.79999998699,0.257112263859,0.));
#374 = CARTESIAN_POINT('',(-37.48924283384,0.44157278914,99.000000000004
    ));
#375 = CARTESIAN_POINT('',(-37.80087440579,8.570493754982E-02,0.));
#376 = CARTESIAN_POINT('',(-37.61268047281,0.157317457926,
    98.999999999993));
#377 = CARTESIAN_POINT('',(-37.80087440579,-8.570493754981E-02,0.));
#378 = CARTESIAN_POINT('',(-37.61268047282,-0.157317457926,
    99.000000000007));
#379 = CARTESIAN_POINT('',(-37.79999998699,-0.257112263859,0.));
#380 = CARTESIAN_POINT('',(-37.48924283383,-0.44157278914,
    98.999999999994));
#381 = CARTESIAN_POINT('',(-37.79825118407,-0.428511943798,0.));
#382 = CARTESIAN_POINT('',(-37.2736014925,-0.647191900061,
    99.000000000003));
#383 = CARTESIAN_POINT('',(-37.79562806637,-0.599898879786,0.));
#384 = CARTESIAN_POINT('',(-37.01179938779,-0.75,98.999999999999));
#385 = CARTESIAN_POINT('',(-37.79213073791,-0.771267974243,0.));
#386 = CARTESIAN_POINT('',(-36.75,-0.75,99.));
#387 = DEFINITIONAL_REPRESENTATION('',(#388),#391);
#388 = B_SPLINE_CURVE_WITH_KNOTS('',1,(#389,#390),.UNSPECIFIED.,.F.,.F.,
  (2,2),(3.121187322903,3.161997984276),.PIECEWISE_BEZIER_KNOTS.);
#389 = CARTESIAN_POINT('',(3.14159265359,0.));
#390 = CARTESIAN_POINT('',(6.28318530718,0.));
#391 = ( GEOMETRIC_REPRESENTATION_CONTEXT(2) 
PARAMETRIC_REPRESENTATION_CONTEXT() REPRESENTATION_CONTEXT('2D SPACE',''
  ) );
#392 = ORIENTED_EDGE('',*,*,#393,.T.);
#393 = EDGE_CURVE('',#350,#164,#394,.T.);
#394 = SURFACE_CURVE('',#395,(#399,#405),.PCURVE_S1.);
#395 = LINE('',#396,#397);
#396 = CARTESIAN_POINT('',(-50.,3.216813912758E-03,0.));
#397 = VECTOR('',#398,1.);
#398 = DIRECTION('',(-1.,0.,0.));
#399 = PCURVE('',#67,#400);
#400 = DEFINITIONAL_REPRESENTATION('',(#401),#404);
#401 = B_SPLINE_CURVE_WITH_KNOTS('',1,(#402,#403),.UNSPECIFIED.,.F.,.F.,
  (2,2),(-96.5,-3.5),.PIECEWISE_BEZIER_KNOTS.);
#402 = CARTESIAN_POINT('',(46.5,3.216813912758E-03));
#403 = CARTESIAN_POINT('',(-46.5,3.216813912758E-03));
#404 = ( GEOMETRIC_REPRESENTATION_CONTEXT(2) 
PARAMETRIC_REPRESENTATION_CONTEXT() REPRESENTATION_CONTEXT('2D SPACE',''
  ) );
#405 = PCURVE('',#406,#411);
#406 = PLANE('',#407);
#407 = AXIS2_PLACEMENT_3D('',#408,#409,#410);
#408 = CARTESIAN_POINT('',(-100.,3.216813912758E-03,-50.));
#409 = DIRECTION('',(0.,1.,0.));
#410 = DIRECTION('',(0.,0.,1.));
#411 = DEFINITIONAL_REPRESENTATION('',(#412),#415);
#412 = B_SPLINE_CURVE_WITH_KNOTS('',1,(#413,#414),.UNSPECIFIED.,.F.,.F.,
  (2,2),(-96.5,-3.5),.PIECEWISE_BEZIER_KNOTS.);
#413 = CARTESIAN_POINT('',(50.,146.5));
#414 = CARTESIAN_POINT('',(50.,53.5));
#415 = ( GEOMETRIC_REPRESENTATION_CONTEXT(2) 
PARAMETRIC_REPRESENTATION_CONTEXT() REPRESENTATION_CONTEXT('2D SPACE',''
  ) );
#416 = ADVANCED_FACE('',(#417),#149,.T.);
#417 = FACE_BOUND('',#418,.T.);
#418 = EDGE_LOOP('',(#419,#448,#576,#602,#628,#661,#687,#713,#739,#765,
    #784,#785));
#419 = ORIENTED_EDGE('',*,*,#420,.T.);
#420 = EDGE_CURVE('',#189,#421,#423,.T.);
#421 = VERTEX_POINT('',#422);
#422 = CARTESIAN_POINT('',(37.795496600522,3.216713912751E-03,
    0.424606236484));
#423 = SURFACE_CURVE('',#424,(#430,#439),.PCURVE_S1.);
#424 = B_SPLINE_CURVE_WITH_KNOTS('',4,(#425,#426,#427,#428,#429),
  .UNSPECIFIED.,.F.,.F.,(5,5),(0.,1.),.PIECEWISE_BEZIER_KNOTS.);
#425 = CARTESIAN_POINT('',(37.799999863132,3.216713912751E-03,0.));
#426 = CARTESIAN_POINT('',(37.798871932963,3.216713912751E-03,
    0.106151546809));
#427 = CARTESIAN_POINT('',(37.797745406425,3.216713912751E-03,
    0.212303101828));
#428 = CARTESIAN_POINT('',(37.796620292549,3.216713912751E-03,
    0.318454665056));
#429 = CARTESIAN_POINT('',(37.795496600522,3.216713912751E-03,
    0.424606236484));
#430 = PCURVE('',#149,#431);
#431 = DEFINITIONAL_REPRESENTATION('',(#432),#438);
#432 = B_SPLINE_CURVE_WITH_KNOTS('',4,(#433,#434,#435,#436,#437),
  .UNSPECIFIED.,.F.,.F.,(5,5),(0.,1.),.PIECEWISE_BEZIER_KNOTS.);
#433 = CARTESIAN_POINT('',(50.,137.79999986313));
#434 = CARTESIAN_POINT('',(50.106151546809,137.79887193296));
#435 = CARTESIAN_POINT('',(50.212303101828,137.79774540642));
#436 = CARTESIAN_POINT('',(50.318454665056,137.79662029254));
#437 = CARTESIAN_POINT('',(50.424606236484,137.79549660052));
#438 = ( GEOMETRIC_REPRESENTATION_CONTEXT(2) 
PARAMETRIC_REPRESENTATION_CONTEXT() REPRESENTATION_CONTEXT('2D SPACE',''
  ) );
#439 = PCURVE('',#226,#440);
#440 = DEFINITIONAL_REPRESENTATION('',(#441),#447);
#441 = B_SPLINE_CURVE_WITH_KNOTS('',4,(#442,#443,#444,#445,#446),
  .UNSPECIFIED.,.F.,.F.,(5,5),(0.,1.),.PIECEWISE_BEZIER_KNOTS.);
#442 = CARTESIAN_POINT('',(-73.49799604417,0.));
#443 = CARTESIAN_POINT('',(-73.49849488436,1.072237846559E-03));
#444 = CARTESIAN_POINT('',(-73.49899515091,2.144475776043E-03));
#445 = CARTESIAN_POINT('',(-73.49949685301,3.216713788446E-03));
#446 = CARTESIAN_POINT('',(-73.5,4.288951883677E-03));
#447 = ( GEOMETRIC_REPRESENTATION_CONTEXT(2) 
PARAMETRIC_REPRESENTATION_CONTEXT() REPRESENTATION_CONTEXT('2D SPACE',''
  ) );
#448 = ORIENTED_EDGE('',*,*,#449,.T.);
#449 = EDGE_CURVE('',#421,#450,#452,.T.);
#450 = VERTEX_POINT('',#451);
#451 = CARTESIAN_POINT('',(37.499993101803,3.216713912751E-03,99.));
#452 = SURFACE_CURVE('',#453,(#492,#534),.PCURVE_S1.);
#453 = B_SPLINE_CURVE_WITH_KNOTS('',7,(#454,#455,#456,#457,#458,#459,
    #460,#461,#462,#463,#464,#465,#466,#467,#468,#469,#470,#471,#472,
    #473,#474,#475,#476,#477,#478,#479,#480,#481,#482,#483,#484,#485,
    #486,#487,#488,#489,#490,#491),.UNSPECIFIED.,.F.,.F.,(8,6,6,6,6,6,8)
  ,(0.,7.444463539427E-02,0.19473740372,0.376729374166,0.55863294258,
    0.969467266241,1.),.UNSPECIFIED.);
#454 = CARTESIAN_POINT('',(37.795496600522,3.216713912751E-03,
    0.424606236484));
#455 = CARTESIAN_POINT('',(37.784486232802,3.216713912751E-03,
    1.472576124453));
#456 = CARTESIAN_POINT('',(37.774078252353,3.216713912751E-03,
    2.520527814157));
#457 = CARTESIAN_POINT('',(37.764298146723,3.216713912751E-03,
    3.568464673152));
#458 = CARTESIAN_POINT('',(37.755161014797,3.216713912751E-03,
    4.616391443341));
#459 = CARTESIAN_POINT('',(37.746666482676,3.216713912751E-03,
    5.664313788188));
#460 = CARTESIAN_POINT('',(37.738798259306,3.216713912751E-03,
    6.712237707624));
#461 = CARTESIAN_POINT('',(37.719781082469,3.216713912751E-03,
    9.453488076345));
#462 = CARTESIAN_POINT('',(37.709595891579,3.216713912751E-03,
    11.14682603285));
#463 = CARTESIAN_POINT('',(37.700855424893,3.216713912751E-03,
    12.840205670887));
#464 = CARTESIAN_POINT('',(37.693358080667,3.216713912751E-03,
    14.533645750873));
#465 = CARTESIAN_POINT('',(37.686875443827,3.216713912751E-03,
    16.227154096293));
#466 = CARTESIAN_POINT('',(37.68121273103,3.216713912751E-03,
    17.920731107828));
#467 = CARTESIAN_POINT('',(37.668623150032,3.216713912751E-03,
    22.176696158487));
#468 = CARTESIAN_POINT('',(37.662538157324,3.216713912751E-03,
    24.739168149203));
#469 = CARTESIAN_POINT('',(37.657369123469,3.216713912751E-03,
    27.30177566164));
#470 = CARTESIAN_POINT('',(37.652712013809,3.216713912751E-03,
    29.864494001434));
#471 = CARTESIAN_POINT('',(37.648340621158,3.216713912751E-03,
    32.427300987111));
#472 = CARTESIAN_POINT('',(37.64409305003,3.216713912751E-03,
    34.990178229651));
#473 = CARTESIAN_POINT('',(37.635642364291,3.216713912751E-03,
    40.114800560927));
#474 = CARTESIAN_POINT('',(37.631438885845,3.216713912751E-03,
    42.676546319639));
#475 = CARTESIAN_POINT('',(37.627152687144,3.216713912751E-03,
    45.238337133044));
#476 = CARTESIAN_POINT('',(37.622729867682,3.216713912751E-03,
    47.8001633524));
#477 = CARTESIAN_POINT('',(37.618140714134,3.216713912751E-03,
    50.362017691611));
#478 = CARTESIAN_POINT('',(37.613366381798,3.216713912751E-03,
    52.923895090678));
#479 = CARTESIAN_POINT('',(37.597175883693,3.216713912751E-03,
    61.271909627469));
#480 = CARTESIAN_POINT('',(37.584961951229,3.216713912751E-03,
    67.058122000603));
#481 = CARTESIAN_POINT('',(37.571648184461,3.216713912751E-03,
    72.844393205691));
#482 = CARTESIAN_POINT('',(37.557321346263,3.216713912751E-03,
    78.630701117722));
#483 = CARTESIAN_POINT('',(37.542039039641,3.216713912751E-03,
    84.417032128806));
#484 = CARTESIAN_POINT('',(37.525881059143,3.216713912751E-03,
    90.203380258518));
#485 = CARTESIAN_POINT('',(37.507652169882,3.216713912751E-03,
    96.419782179988));
#486 = CARTESIAN_POINT('',(37.506386666691,3.216713912751E-03,
    96.849818303643));
#487 = CARTESIAN_POINT('',(37.505116719802,3.216713912751E-03,
    97.279854501635));
#488 = CARTESIAN_POINT('',(37.503842356905,3.216713912751E-03,
    97.709890772066));
#489 = CARTESIAN_POINT('',(37.502563605517,3.216713912751E-03,
    98.139927113105));
#490 = CARTESIAN_POINT('',(37.501280492988,3.216713912751E-03,
    98.569963522984));
#491 = CARTESIAN_POINT('',(37.4999930465,3.216713912751E-03,99.));
#492 = PCURVE('',#149,#493);
#493 = DEFINITIONAL_REPRESENTATION('',(#494),#533);
#494 = B_SPLINE_CURVE_WITH_KNOTS('',7,(#495,#496,#497,#498,#499,#500,
    #501,#502,#503,#504,#505,#506,#507,#508,#509,#510,#511,#512,#513,
    #514,#515,#516,#517,#518,#519,#520,#521,#522,#523,#524,#525,#526,
    #527,#528,#529,#530,#531,#532),.UNSPECIFIED.,.F.,.F.,(8,6,6,6,6,6,8)
  ,(0.,7.444463539427E-02,0.19473740372,0.376729374166,0.55863294258,
    0.969467266241,1.),.UNSPECIFIED.);
#495 = CARTESIAN_POINT('',(50.424606236484,137.79549660052));
#496 = CARTESIAN_POINT('',(51.472576124453,137.7844862328));
#497 = CARTESIAN_POINT('',(52.520527814157,137.77407825235));
#498 = CARTESIAN_POINT('',(53.568464673152,137.76429814672));
#499 = CARTESIAN_POINT('',(54.616391443341,137.75516101479));
#500 = CARTESIAN_POINT('',(55.664313788188,137.74666648267));
#501 = CARTESIAN_POINT('',(56.712237707624,137.7387982593));
#502 = CARTESIAN_POINT('',(59.453488076345,137.71978108246));
#503 = CARTESIAN_POINT('',(61.14682603285,137.70959589157));
#504 = CARTESIAN_POINT('',(62.840205670887,137.70085542489));
#505 = CARTESIAN_POINT('',(64.533645750873,137.69335808066));
#506 = CARTESIAN_POINT('',(66.227154096293,137.68687544382));
#507 = CARTESIAN_POINT('',(67.920731107828,137.68121273103));
#508 = CARTESIAN_POINT('',(72.176696158487,137.66862315003));
#509 = CARTESIAN_POINT('',(74.739168149203,137.66253815732));
#510 = CARTESIAN_POINT('',(77.30177566164,137.65736912346));
#511 = CARTESIAN_POINT('',(79.864494001434,137.6527120138));
#512 = CARTESIAN_POINT('',(82.427300987111,137.64834062115));
#513 = CARTESIAN_POINT('',(84.990178229651,137.64409305003));
#514 = CARTESIAN_POINT('',(90.114800560927,137.63564236429));
#515 = CARTESIAN_POINT('',(92.676546319639,137.63143888584));
#516 = CARTESIAN_POINT('',(95.238337133044,137.62715268714));
#517 = CARTESIAN_POINT('',(97.8001633524,137.62272986768));
#518 = CARTESIAN_POINT('',(100.36201769161,137.61814071413));
#519 = CARTESIAN_POINT('',(102.92389509067,137.61336638179));
#520 = CARTESIAN_POINT('',(111.27190962746,137.59717588369));
#521 = CARTESIAN_POINT('',(117.0581220006,137.58496195122));
#522 = CARTESIAN_POINT('',(122.84439320569,137.57164818446));
#523 = CARTESIAN_POINT('',(128.63070111772,137.55732134626));
#524 = CARTESIAN_POINT('',(134.4170321288,137.54203903964));
#525 = CARTESIAN_POINT('',(140.20338025851,137.52588105914));
#526 = CARTESIAN_POINT('',(146.41978217998,137.50765216988));
#527 = CARTESIAN_POINT('',(146.84981830364,137.50638666669));
#528 = CARTESIAN_POINT('',(147.27985450163,137.5051167198));
#529 = CARTESIAN_POINT('',(147.70989077206,137.5038423569));
#530 = CARTESIAN_POINT('',(148.1399271131,137.50256360551));
#531 = CARTESIAN_POINT('',(148.56996352298,137.50128049298));
#532 = CARTESIAN_POINT('',(149.,137.4999930465));
#533 = ( GEOMETRIC_REPRESENTATION_CONTEXT(2) 
PARAMETRIC_REPRESENTATION_CONTEXT() REPRESENTATION_CONTEXT('2D SPACE',''
  ) );
#534 = PCURVE('',#274,#535);
#535 = DEFINITIONAL_REPRESENTATION('',(#536),#575);
#536 = B_SPLINE_CURVE_WITH_KNOTS('',7,(#537,#538,#539,#540,#541,#542,
    #543,#544,#545,#546,#547,#548,#549,#550,#551,#552,#553,#554,#555,
    #556,#557,#558,#559,#560,#561,#562,#563,#564,#565,#566,#567,#568,
    #569,#570,#571,#572,#573,#574),.UNSPECIFIED.,.F.,.F.,(8,6,6,6,6,6,8)
  ,(0.,7.444463539427E-02,0.19473740372,0.376729374166,0.55863294258,
    0.969467266241,1.),.UNSPECIFIED.);
#537 = CARTESIAN_POINT('',(6.28318530718,4.28895188368E-03));
#538 = CARTESIAN_POINT('',(6.250709797006,1.487450630761E-02));
#539 = CARTESIAN_POINT('',(6.21744557306,2.545987691068E-02));
#540 = CARTESIAN_POINT('',(6.183525931298,3.604509770861E-02));
#541 = CARTESIAN_POINT('',(6.149120208428,4.66302165994E-02));
#542 = CARTESIAN_POINT('',(6.114421607825,5.721529078978E-02));
#543 = CARTESIAN_POINT('',(6.079629603808,6.780038088509E-02));
#544 = CARTESIAN_POINT('',(5.98885194505,9.548977854894E-02));
#545 = CARTESIAN_POINT('',(5.933010724573,0.112594202352));
#546 = CARTESIAN_POINT('',(5.878175818595,0.129699047181));
#547 = CARTESIAN_POINT('',(5.825030734921,0.146804502534));
#548 = CARTESIAN_POINT('',(5.77395167175,0.163910647437));
#549 = CARTESIAN_POINT('',(5.725114306725,0.181017485938));
#550 = CARTESIAN_POINT('',(5.608146931779,0.224007031904));
#551 = CARTESIAN_POINT('',(5.542969015149,0.249890587366));
#552 = CARTESIAN_POINT('',(5.483204952483,0.275775511734));
#553 = CARTESIAN_POINT('',(5.428342744793,0.30166155557));
#554 = CARTESIAN_POINT('',(5.37784971102,0.327548494819));
#555 = CARTESIAN_POINT('',(5.331222311046,0.353436143734));
#556 = CARTESIAN_POINT('',(5.244832386812,0.405200005666));
#557 = CARTESIAN_POINT('',(5.205066841876,0.431076225451));
#558 = CARTESIAN_POINT('',(5.168275287732,0.456952900334));
#559 = CARTESIAN_POINT('',(5.134077994546,0.482829932853));
#560 = CARTESIAN_POINT('',(5.102161212276,0.50870724941));
#561 = CARTESIAN_POINT('',(5.072268105382,0.534584798896));
#562 = CARTESIAN_POINT('',(4.980741720974,0.618908178055));
#563 = CARTESIAN_POINT('',(4.926511109839,0.677354767683));
#564 = CARTESIAN_POINT('',(4.878980141188,0.735801951573));
#565 = CARTESIAN_POINT('',(4.836719326568,0.794249506239));
#566 = CARTESIAN_POINT('',(4.798713229686,0.85269729423));
#567 = CARTESIAN_POINT('',(4.764235289529,0.911145255137));
#568 = CARTESIAN_POINT('',(4.730389192199,0.973937193737));
#569 = CARTESIAN_POINT('',(4.728064221807,0.978280992966));
#570 = CARTESIAN_POINT('',(4.725755447295,0.982624792946));
#571 = CARTESIAN_POINT('',(4.723462646713,0.986968593657));
#572 = CARTESIAN_POINT('',(4.721185603214,0.991312395082));
#573 = CARTESIAN_POINT('',(4.718924105047,0.995656197202));
#574 = CARTESIAN_POINT('',(4.716677945562,1.));
#575 = ( GEOMETRIC_REPRESENTATION_CONTEXT(2) 
PARAMETRIC_REPRESENTATION_CONTEXT() REPRESENTATION_CONTEXT('2D SPACE',''
  ) );
#576 = ORIENTED_EDGE('',*,*,#577,.F.);
#577 = EDGE_CURVE('',#578,#450,#580,.T.);
#578 = VERTEX_POINT('',#579);
#579 = CARTESIAN_POINT('',(37.499993101374,3.216813912758E-03,107.5));
#580 = SURFACE_CURVE('',#581,(#585,#591),.PCURVE_S1.);
#581 = LINE('',#582,#583);
#582 = CARTESIAN_POINT('',(37.499993101374,3.216813912758E-03,99.));
#583 = VECTOR('',#584,1.);
#584 = DIRECTION('',(0.,0.,-1.));
#585 = PCURVE('',#149,#586);
#586 = DEFINITIONAL_REPRESENTATION('',(#587),#590);
#587 = B_SPLINE_CURVE_WITH_KNOTS('',1,(#588,#589),.UNSPECIFIED.,.F.,.F.,
  (2,2),(-8.5000006,6.000000070117E-07),.PIECEWISE_BEZIER_KNOTS.);
#588 = CARTESIAN_POINT('',(157.5000006,137.49999310137));
#589 = CARTESIAN_POINT('',(148.9999994,137.49999310137));
#590 = ( GEOMETRIC_REPRESENTATION_CONTEXT(2) 
PARAMETRIC_REPRESENTATION_CONTEXT() REPRESENTATION_CONTEXT('2D SPACE',''
  ) );
#591 = PCURVE('',#592,#597);
#592 = CYLINDRICAL_SURFACE('',#593,0.75);
#593 = AXIS2_PLACEMENT_3D('',#594,#595,#596);
#594 = CARTESIAN_POINT('',(36.75,0.,99.));
#595 = DIRECTION('',(0.,0.,-1.));
#596 = DIRECTION('',(0.,1.,0.));
#597 = DEFINITIONAL_REPRESENTATION('',(#598),#601);
#598 = B_SPLINE_CURVE_WITH_KNOTS('',1,(#599,#600),.UNSPECIFIED.,.F.,.F.,
  (2,2),(-8.5000006,6.000000070117E-07),.PIECEWISE_BEZIER_KNOTS.);
#599 = CARTESIAN_POINT('',(1.566507228427,-8.5000006));
#600 = CARTESIAN_POINT('',(1.566507228427,6.000000070117E-07));
#601 = ( GEOMETRIC_REPRESENTATION_CONTEXT(2) 
PARAMETRIC_REPRESENTATION_CONTEXT() REPRESENTATION_CONTEXT('2D SPACE',''
  ) );
#602 = ORIENTED_EDGE('',*,*,#603,.T.);
#603 = EDGE_CURVE('',#578,#604,#606,.T.);
#604 = VERTEX_POINT('',#605);
#605 = CARTESIAN_POINT('',(37.499993101374,3.216813912758E-03,108.2));
#606 = SURFACE_CURVE('',#607,(#611,#617),.PCURVE_S1.);
#607 = LINE('',#608,#609);
#608 = CARTESIAN_POINT('',(37.499993101374,3.216813912758E-03,107.5));
#609 = VECTOR('',#610,1.);
#610 = DIRECTION('',(-0.,-0.,1.));
#611 = PCURVE('',#149,#612);
#612 = DEFINITIONAL_REPRESENTATION('',(#613),#616);
#613 = B_SPLINE_CURVE_WITH_KNOTS('',1,(#614,#615),.UNSPECIFIED.,.F.,.F.,
  (2,2),(0.,0.7),.PIECEWISE_BEZIER_KNOTS.);
#614 = CARTESIAN_POINT('',(157.5,137.49999310137));
#615 = CARTESIAN_POINT('',(158.2,137.49999310137));
#616 = ( GEOMETRIC_REPRESENTATION_CONTEXT(2) 
PARAMETRIC_REPRESENTATION_CONTEXT() REPRESENTATION_CONTEXT('2D SPACE',''
  ) );
#617 = PCURVE('',#618,#623);
#618 = CYLINDRICAL_SURFACE('',#619,0.75);
#619 = AXIS2_PLACEMENT_3D('',#620,#621,#622);
#620 = CARTESIAN_POINT('',(36.75,0.,107.5));
#621 = DIRECTION('',(-0.,-0.,1.));
#622 = DIRECTION('',(0.,1.,0.));
#623 = DEFINITIONAL_REPRESENTATION('',(#624),#627);
#624 = B_SPLINE_CURVE_WITH_KNOTS('',1,(#625,#626),.UNSPECIFIED.,.F.,.F.,
  (2,2),(0.,0.7),.PIECEWISE_BEZIER_KNOTS.);
#625 = CARTESIAN_POINT('',(-1.566507228427,0.));
#626 = CARTESIAN_POINT('',(-1.566507228427,0.7));
#627 = ( GEOMETRIC_REPRESENTATION_CONTEXT(2) 
PARAMETRIC_REPRESENTATION_CONTEXT() REPRESENTATION_CONTEXT('2D SPACE',''
  ) );
#628 = ORIENTED_EDGE('',*,*,#629,.T.);
#629 = EDGE_CURVE('',#604,#630,#632,.T.);
#630 = VERTEX_POINT('',#631);
#631 = CARTESIAN_POINT('',(38.299996661967,3.216813912758E-03,109.));
#632 = SURFACE_CURVE('',#633,(#638,#645),.PCURVE_S1.);
#633 = HYPERBOLA('',#634,3.216813912758E-03,3.216813912758E-03);
#634 = AXIS2_PLACEMENT_3D('',#635,#636,#637);
#635 = CARTESIAN_POINT('',(36.75,3.216813912758E-03,107.45));
#636 = DIRECTION('',(0.,1.,0.));
#637 = DIRECTION('',(-0.,0.,1.));
#638 = PCURVE('',#149,#639);
#639 = DEFINITIONAL_REPRESENTATION('',(#640),#644);
#640 = ( BOUNDED_CURVE() B_SPLINE_CURVE(2,(#641,#642,#643),
.UNSPECIFIED.,.F.,.F.) B_SPLINE_CURVE_WITH_KNOTS((3,3),(6.144824386374,
6.870764912066),.PIECEWISE_BEZIER_KNOTS.) CURVE() 
GEOMETRIC_REPRESENTATION_ITEM() RATIONAL_B_SPLINE_CURVE((1.,
1.066600113623,1.)) REPRESENTATION_ITEM('') );
#641 = CARTESIAN_POINT('',(158.2,137.49999310137));
#642 = CARTESIAN_POINT('',(158.46086832674,137.76086382765));
#643 = CARTESIAN_POINT('',(159.,138.29999666196));
#644 = ( GEOMETRIC_REPRESENTATION_CONTEXT(2) 
PARAMETRIC_REPRESENTATION_CONTEXT() REPRESENTATION_CONTEXT('2D SPACE',''
  ) );
#645 = PCURVE('',#646,#651);
#646 = CONICAL_SURFACE('',#647,0.75,0.785398163397);
#647 = AXIS2_PLACEMENT_3D('',#648,#649,#650);
#648 = CARTESIAN_POINT('',(36.75,0.,108.2));
#649 = DIRECTION('',(-0.,-0.,1.));
#650 = DIRECTION('',(0.,1.,0.));
#651 = DEFINITIONAL_REPRESENTATION('',(#652),#660);
#652 = B_SPLINE_CURVE_WITH_KNOTS('',6,(#653,#654,#655,#656,#657,#658,
    #659),.UNSPECIFIED.,.F.,.F.,(7,7),(6.144824386374,6.870764912066),
  .PIECEWISE_BEZIER_KNOTS.);
#653 = CARTESIAN_POINT('',(-1.566507228427,9.436895709314E-16));
#654 = CARTESIAN_POINT('',(-1.567026165223,9.074173104613E-02));
#655 = CARTESIAN_POINT('',(-1.567469759641,0.194658331415));
#656 = CARTESIAN_POINT('',(-1.567851682089,0.314139873686));
#657 = CARTESIAN_POINT('',(-1.568182307807,0.452159197661));
#658 = CARTESIAN_POINT('',(-1.568469863041,0.612465768065));
#659 = CARTESIAN_POINT('',(-1.56872096149,0.8));
#660 = ( GEOMETRIC_REPRESENTATION_CONTEXT(2) 
PARAMETRIC_REPRESENTATION_CONTEXT() REPRESENTATION_CONTEXT('2D SPACE',''
  ) );
#661 = ORIENTED_EDGE('',*,*,#662,.F.);
#662 = EDGE_CURVE('',#663,#630,#665,.T.);
#663 = VERTEX_POINT('',#664);
#664 = CARTESIAN_POINT('',(39.749999869838,3.216813912758E-03,109.));
#665 = SURFACE_CURVE('',#666,(#670,#676),.PCURVE_S1.);
#666 = LINE('',#667,#668);
#667 = CARTESIAN_POINT('',(-50.,3.216813912758E-03,109.));
#668 = VECTOR('',#669,1.);
#669 = DIRECTION('',(-1.,0.,0.));
#670 = PCURVE('',#149,#671);
#671 = DEFINITIONAL_REPRESENTATION('',(#672),#675);
#672 = B_SPLINE_CURVE_WITH_KNOTS('',1,(#673,#674),.UNSPECIFIED.,.F.,.F.,
  (2,2),(-89.75,-10.25),.PIECEWISE_BEZIER_KNOTS.);
#673 = CARTESIAN_POINT('',(159.,139.75));
#674 = CARTESIAN_POINT('',(159.,60.25));
#675 = ( GEOMETRIC_REPRESENTATION_CONTEXT(2) 
PARAMETRIC_REPRESENTATION_CONTEXT() REPRESENTATION_CONTEXT('2D SPACE',''
  ) );
#676 = PCURVE('',#677,#682);
#677 = PLANE('',#678);
#678 = AXIS2_PLACEMENT_3D('',#679,#680,#681);
#679 = CARTESIAN_POINT('',(-4.403329231825E-15,5.790076070423E-16,109.)
  );
#680 = DIRECTION('',(0.,0.,1.));
#681 = DIRECTION('',(1.,0.,-0.));
#682 = DEFINITIONAL_REPRESENTATION('',(#683),#686);
#683 = B_SPLINE_CURVE_WITH_KNOTS('',1,(#684,#685),.UNSPECIFIED.,.F.,.F.,
  (2,2),(-89.75,-10.25),.PIECEWISE_BEZIER_KNOTS.);
#684 = CARTESIAN_POINT('',(39.75,3.216813912757E-03));
#685 = CARTESIAN_POINT('',(-39.75,3.216813912757E-03));
#686 = ( GEOMETRIC_REPRESENTATION_CONTEXT(2) 
PARAMETRIC_REPRESENTATION_CONTEXT() REPRESENTATION_CONTEXT('2D SPACE',''
  ) );
#687 = ORIENTED_EDGE('',*,*,#688,.T.);
#688 = EDGE_CURVE('',#663,#689,#691,.T.);
#689 = VERTEX_POINT('',#690);
#690 = CARTESIAN_POINT('',(39.749999869838,3.216813912758E-03,80.7));
#691 = SURFACE_CURVE('',#692,(#696,#702),.PCURVE_S1.);
#692 = LINE('',#693,#694);
#693 = CARTESIAN_POINT('',(39.749999869838,3.216813912758E-03,80.7));
#694 = VECTOR('',#695,1.);
#695 = DIRECTION('',(-0.,-0.,-1.));
#696 = PCURVE('',#149,#697);
#697 = DEFINITIONAL_REPRESENTATION('',(#698),#701);
#698 = B_SPLINE_CURVE_WITH_KNOTS('',1,(#699,#700),.UNSPECIFIED.,.F.,.F.,
  (2,2),(-28.3000006,6.000000070117E-07),.PIECEWISE_BEZIER_KNOTS.);
#699 = CARTESIAN_POINT('',(159.0000006,139.74999986983));
#700 = CARTESIAN_POINT('',(130.6999994,139.74999986983));
#701 = ( GEOMETRIC_REPRESENTATION_CONTEXT(2) 
PARAMETRIC_REPRESENTATION_CONTEXT() REPRESENTATION_CONTEXT('2D SPACE',''
  ) );
#702 = PCURVE('',#703,#708);
#703 = CYLINDRICAL_SURFACE('',#704,39.75);
#704 = AXIS2_PLACEMENT_3D('',#705,#706,#707);
#705 = CARTESIAN_POINT('',(0.,0.,80.7));
#706 = DIRECTION('',(-0.,-0.,-1.));
#707 = DIRECTION('',(1.,0.,0.));
#708 = DEFINITIONAL_REPRESENTATION('',(#709),#712);
#709 = B_SPLINE_CURVE_WITH_KNOTS('',1,(#710,#711),.UNSPECIFIED.,.F.,.F.,
  (2,2),(-28.3000006,6.000000070117E-07),.PIECEWISE_BEZIER_KNOTS.);
#710 = CARTESIAN_POINT('',(-8.092613625834E-05,-28.3000006));
#711 = CARTESIAN_POINT('',(-8.092613625834E-05,6.000000070117E-07));
#712 = ( GEOMETRIC_REPRESENTATION_CONTEXT(2) 
PARAMETRIC_REPRESENTATION_CONTEXT() REPRESENTATION_CONTEXT('2D SPACE',''
  ) );
#713 = ORIENTED_EDGE('',*,*,#714,.F.);
#714 = EDGE_CURVE('',#715,#689,#717,.T.);
#715 = VERTEX_POINT('',#716);
#716 = CARTESIAN_POINT('',(44.749999884381,3.216813912758E-03,80.7));
#717 = SURFACE_CURVE('',#718,(#722,#728),.PCURVE_S1.);
#718 = LINE('',#719,#720);
#719 = CARTESIAN_POINT('',(-50.,3.216813912758E-03,80.7));
#720 = VECTOR('',#721,1.);
#721 = DIRECTION('',(-1.,0.,0.));
#722 = PCURVE('',#149,#723);
#723 = DEFINITIONAL_REPRESENTATION('',(#724),#727);
#724 = B_SPLINE_CURVE_WITH_KNOTS('',1,(#725,#726),.UNSPECIFIED.,.F.,.F.,
  (2,2),(-94.75,-5.25),.PIECEWISE_BEZIER_KNOTS.);
#725 = CARTESIAN_POINT('',(130.7,144.75));
#726 = CARTESIAN_POINT('',(130.7,55.25));
#727 = ( GEOMETRIC_REPRESENTATION_CONTEXT(2) 
PARAMETRIC_REPRESENTATION_CONTEXT() REPRESENTATION_CONTEXT('2D SPACE',''
  ) );
#728 = PCURVE('',#729,#734);
#729 = PLANE('',#730);
#730 = AXIS2_PLACEMENT_3D('',#731,#732,#733);
#731 = CARTESIAN_POINT('',(-2.933502854163E-15,4.040240899597E-15,80.7)
  );
#732 = DIRECTION('',(0.,0.,1.));
#733 = DIRECTION('',(1.,0.,-0.));
#734 = DEFINITIONAL_REPRESENTATION('',(#735),#738);
#735 = B_SPLINE_CURVE_WITH_KNOTS('',1,(#736,#737),.UNSPECIFIED.,.F.,.F.,
  (2,2),(-94.75,-5.25),.PIECEWISE_BEZIER_KNOTS.);
#736 = CARTESIAN_POINT('',(44.75,3.216813912754E-03));
#737 = CARTESIAN_POINT('',(-44.75,3.216813912754E-03));
#738 = ( GEOMETRIC_REPRESENTATION_CONTEXT(2) 
PARAMETRIC_REPRESENTATION_CONTEXT() REPRESENTATION_CONTEXT('2D SPACE',''
  ) );
#739 = ORIENTED_EDGE('',*,*,#740,.T.);
#740 = EDGE_CURVE('',#715,#741,#743,.T.);
#741 = VERTEX_POINT('',#742);
#742 = CARTESIAN_POINT('',(44.749999884381,3.216813912758E-03,69.9));
#743 = SURFACE_CURVE('',#744,(#748,#754),.PCURVE_S1.);
#744 = LINE('',#745,#746);
#745 = CARTESIAN_POINT('',(44.749999884381,3.216813912758E-03,69.9));
#746 = VECTOR('',#747,1.);
#747 = DIRECTION('',(-0.,-0.,-1.));
#748 = PCURVE('',#149,#749);
#749 = DEFINITIONAL_REPRESENTATION('',(#750),#753);
#750 = B_SPLINE_CURVE_WITH_KNOTS('',1,(#751,#752),.UNSPECIFIED.,.F.,.F.,
  (2,2),(-10.8000006,6.000000070117E-07),.PIECEWISE_BEZIER_KNOTS.);
#751 = CARTESIAN_POINT('',(130.7000006,144.74999988438));
#752 = CARTESIAN_POINT('',(119.8999994,144.74999988438));
#753 = ( GEOMETRIC_REPRESENTATION_CONTEXT(2) 
PARAMETRIC_REPRESENTATION_CONTEXT() REPRESENTATION_CONTEXT('2D SPACE',''
  ) );
#754 = PCURVE('',#755,#760);
#755 = CYLINDRICAL_SURFACE('',#756,44.75);
#756 = AXIS2_PLACEMENT_3D('',#757,#758,#759);
#757 = CARTESIAN_POINT('',(0.,0.,69.9));
#758 = DIRECTION('',(-0.,-0.,-1.));
#759 = DIRECTION('',(1.,0.,0.));
#760 = DEFINITIONAL_REPRESENTATION('',(#761),#764);
#761 = B_SPLINE_CURVE_WITH_KNOTS('',1,(#762,#763),.UNSPECIFIED.,.F.,.F.,
  (2,2),(-10.8000006,6.000000070117E-07),.PIECEWISE_BEZIER_KNOTS.);
#762 = CARTESIAN_POINT('',(-7.18841098442E-05,-10.8000006));
#763 = CARTESIAN_POINT('',(-7.18841098442E-05,6.000000070117E-07));
#764 = ( GEOMETRIC_REPRESENTATION_CONTEXT(2) 
PARAMETRIC_REPRESENTATION_CONTEXT() REPRESENTATION_CONTEXT('2D SPACE',''
  ) );
#765 = ORIENTED_EDGE('',*,*,#766,.F.);
#766 = EDGE_CURVE('',#108,#741,#767,.T.);
#767 = SURFACE_CURVE('',#768,(#772,#778),.PCURVE_S1.);
#768 = LINE('',#769,#770);
#769 = CARTESIAN_POINT('',(-50.,3.216813912758E-03,69.9));
#770 = VECTOR('',#771,1.);
#771 = DIRECTION('',(-1.,0.,0.));
#772 = PCURVE('',#149,#773);
#773 = DEFINITIONAL_REPRESENTATION('',(#774),#777);
#774 = B_SPLINE_CURVE_WITH_KNOTS('',1,(#775,#776),.UNSPECIFIED.,.F.,.F.,
  (2,2),(-96.5,-3.5),.PIECEWISE_BEZIER_KNOTS.);
#775 = CARTESIAN_POINT('',(119.9,146.5));
#776 = CARTESIAN_POINT('',(119.9,53.5));
#777 = ( GEOMETRIC_REPRESENTATION_CONTEXT(2) 
PARAMETRIC_REPRESENTATION_CONTEXT() REPRESENTATION_CONTEXT('2D SPACE',''
  ) );
#778 = PCURVE('',#124,#779);
#779 = DEFINITIONAL_REPRESENTATION('',(#780),#783);
#780 = B_SPLINE_CURVE_WITH_KNOTS('',1,(#781,#782),.UNSPECIFIED.,.F.,.F.,
  (2,2),(-96.5,-3.5),.PIECEWISE_BEZIER_KNOTS.);
#781 = CARTESIAN_POINT('',(46.5,3.216813912758E-03));
#782 = CARTESIAN_POINT('',(-46.5,3.216813912758E-03));
#783 = ( GEOMETRIC_REPRESENTATION_CONTEXT(2) 
PARAMETRIC_REPRESENTATION_CONTEXT() REPRESENTATION_CONTEXT('2D SPACE',''
  ) );
#784 = ORIENTED_EDGE('',*,*,#136,.T.);
#785 = ORIENTED_EDGE('',*,*,#188,.T.);
#786 = ADVANCED_FACE('',(#787),#124,.T.);
#787 = FACE_BOUND('',#788,.T.);
#788 = EDGE_LOOP('',(#789,#813,#814,#815,#839,#868));
#789 = ORIENTED_EDGE('',*,*,#790,.T.);
#790 = EDGE_CURVE('',#791,#80,#793,.T.);
#791 = VERTEX_POINT('',#792);
#792 = CARTESIAN_POINT('',(-46.49999988873,3.216813912758E-03,69.9));
#793 = SURFACE_CURVE('',#794,(#799,#806),.PCURVE_S1.);
#794 = CIRCLE('',#795,46.5);
#795 = AXIS2_PLACEMENT_3D('',#796,#797,#798);
#796 = CARTESIAN_POINT('',(0.,0.,69.9));
#797 = DIRECTION('',(0.,0.,1.));
#798 = DIRECTION('',(1.,0.,0.));
#799 = PCURVE('',#124,#800);
#800 = DEFINITIONAL_REPRESENTATION('',(#801),#805);
#801 = CIRCLE('',#802,46.5);
#802 = AXIS2_PLACEMENT_2D('',#803,#804);
#803 = CARTESIAN_POINT('',(1.882068139409E-15,1.61343992693E-17));
#804 = DIRECTION('',(1.,0.));
#805 = ( GEOMETRIC_REPRESENTATION_CONTEXT(2) 
PARAMETRIC_REPRESENTATION_CONTEXT() REPRESENTATION_CONTEXT('2D SPACE',''
  ) );
#806 = PCURVE('',#95,#807);
#807 = DEFINITIONAL_REPRESENTATION('',(#808),#812);
#808 = LINE('',#809,#810);
#809 = CARTESIAN_POINT('',(-0.,-69.9));
#810 = VECTOR('',#811,1.);
#811 = DIRECTION('',(-1.,0.));
#812 = ( GEOMETRIC_REPRESENTATION_CONTEXT(2) 
PARAMETRIC_REPRESENTATION_CONTEXT() REPRESENTATION_CONTEXT('2D SPACE',''
  ) );
#813 = ORIENTED_EDGE('',*,*,#107,.T.);
#814 = ORIENTED_EDGE('',*,*,#766,.T.);
#815 = ORIENTED_EDGE('',*,*,#816,.F.);
#816 = EDGE_CURVE('',#817,#741,#819,.T.);
#817 = VERTEX_POINT('',#818);
#818 = CARTESIAN_POINT('',(44.75,0.,69.9));
#819 = SURFACE_CURVE('',#820,(#825,#832),.PCURVE_S1.);
#820 = CIRCLE('',#821,44.75);
#821 = AXIS2_PLACEMENT_3D('',#822,#823,#824);
#822 = CARTESIAN_POINT('',(0.,0.,69.9));
#823 = DIRECTION('',(0.,0.,1.));
#824 = DIRECTION('',(1.,0.,0.));
#825 = PCURVE('',#124,#826);
#826 = DEFINITIONAL_REPRESENTATION('',(#827),#831);
#827 = CIRCLE('',#828,44.75);
#828 = AXIS2_PLACEMENT_2D('',#829,#830);
#829 = CARTESIAN_POINT('',(1.882068139409E-15,1.61343992693E-17));
#830 = DIRECTION('',(1.,0.));
#831 = ( GEOMETRIC_REPRESENTATION_CONTEXT(2) 
PARAMETRIC_REPRESENTATION_CONTEXT() REPRESENTATION_CONTEXT('2D SPACE',''
  ) );
#832 = PCURVE('',#755,#833);
#833 = DEFINITIONAL_REPRESENTATION('',(#834),#838);
#834 = LINE('',#835,#836);
#835 = CARTESIAN_POINT('',(-0.,0.));
#836 = VECTOR('',#837,1.);
#837 = DIRECTION('',(-1.,0.));
#838 = ( GEOMETRIC_REPRESENTATION_CONTEXT(2) 
PARAMETRIC_REPRESENTATION_CONTEXT() REPRESENTATION_CONTEXT('2D SPACE',''
  ) );
#839 = ORIENTED_EDGE('',*,*,#840,.F.);
#840 = EDGE_CURVE('',#841,#817,#843,.T.);
#841 = VERTEX_POINT('',#842);
#842 = CARTESIAN_POINT('',(-44.74999988438,3.216813912761E-03,69.9));
#843 = SURFACE_CURVE('',#844,(#849,#856),.PCURVE_S1.);
#844 = CIRCLE('',#845,44.75);
#845 = AXIS2_PLACEMENT_3D('',#846,#847,#848);
#846 = CARTESIAN_POINT('',(0.,0.,69.9));
#847 = DIRECTION('',(0.,0.,1.));
#848 = DIRECTION('',(1.,0.,0.));
#849 = PCURVE('',#124,#850);
#850 = DEFINITIONAL_REPRESENTATION('',(#851),#855);
#851 = CIRCLE('',#852,44.75);
#852 = AXIS2_PLACEMENT_2D('',#853,#854);
#853 = CARTESIAN_POINT('',(1.882068139409E-15,1.61343992693E-17));
#854 = DIRECTION('',(1.,0.));
#855 = ( GEOMETRIC_REPRESENTATION_CONTEXT(2) 
PARAMETRIC_REPRESENTATION_CONTEXT() REPRESENTATION_CONTEXT('2D SPACE',''
  ) );
#856 = PCURVE('',#857,#862);
#857 = CYLINDRICAL_SURFACE('',#858,44.75);
#858 = AXIS2_PLACEMENT_3D('',#859,#860,#861);
#859 = CARTESIAN_POINT('',(0.,0.,69.9));
#860 = DIRECTION('',(-0.,-0.,-1.));
#861 = DIRECTION('',(1.,0.,0.));
#862 = DEFINITIONAL_REPRESENTATION('',(#863),#867);
#863 = LINE('',#864,#865);
#864 = CARTESIAN_POINT('',(-0.,0.));
#865 = VECTOR('',#866,1.);
#866 = DIRECTION('',(-1.,0.));
#867 = ( GEOMETRIC_REPRESENTATION_CONTEXT(2) 
PARAMETRIC_REPRESENTATION_CONTEXT() REPRESENTATION_CONTEXT('2D SPACE',''
  ) );
#868 = ORIENTED_EDGE('',*,*,#869,.T.);
#869 = EDGE_CURVE('',#841,#791,#870,.T.);
#870 = SURFACE_CURVE('',#871,(#875,#881),.PCURVE_S1.);
#871 = LINE('',#872,#873);
#872 = CARTESIAN_POINT('',(-50.,3.216813912758E-03,69.9));
#873 = VECTOR('',#874,1.);
#874 = DIRECTION('',(-1.,0.,0.));
#875 = PCURVE('',#124,#876);
#876 = DEFINITIONAL_REPRESENTATION('',(#877),#880);
#877 = B_SPLINE_CURVE_WITH_KNOTS('',1,(#878,#879),.UNSPECIFIED.,.F.,.F.,
  (2,2),(-96.5,-3.5),.PIECEWISE_BEZIER_KNOTS.);
#878 = CARTESIAN_POINT('',(46.5,3.216813912758E-03));
#879 = CARTESIAN_POINT('',(-46.5,3.216813912758E-03));
#880 = ( GEOMETRIC_REPRESENTATION_CONTEXT(2) 
PARAMETRIC_REPRESENTATION_CONTEXT() REPRESENTATION_CONTEXT('2D SPACE',''
  ) );
#881 = PCURVE('',#406,#882);
#882 = DEFINITIONAL_REPRESENTATION('',(#883),#886);
#883 = B_SPLINE_CURVE_WITH_KNOTS('',1,(#884,#885),.UNSPECIFIED.,.F.,.F.,
  (2,2),(-96.5,-3.5),.PIECEWISE_BEZIER_KNOTS.);
#884 = CARTESIAN_POINT('',(119.9,146.5));
#885 = CARTESIAN_POINT('',(119.9,53.5));
#886 = ( GEOMETRIC_REPRESENTATION_CONTEXT(2) 
PARAMETRIC_REPRESENTATION_CONTEXT() REPRESENTATION_CONTEXT('2D SPACE',''
  ) );
#887 = ADVANCED_FACE('',(#888),#95,.T.);
#888 = FACE_BOUND('',#889,.F.);
#889 = EDGE_LOOP('',(#890,#891,#892,#911));
#890 = ORIENTED_EDGE('',*,*,#79,.F.);
#891 = ORIENTED_EDGE('',*,*,#163,.F.);
#892 = ORIENTED_EDGE('',*,*,#893,.F.);
#893 = EDGE_CURVE('',#791,#164,#894,.T.);
#894 = SURFACE_CURVE('',#895,(#899,#905),.PCURVE_S1.);
#895 = LINE('',#896,#897);
#896 = CARTESIAN_POINT('',(-46.49999988873,3.216813912758E-03,0.));
#897 = VECTOR('',#898,1.);
#898 = DIRECTION('',(-0.,-0.,-1.));
#899 = PCURVE('',#95,#900);
#900 = DEFINITIONAL_REPRESENTATION('',(#901),#904);
#901 = B_SPLINE_CURVE_WITH_KNOTS('',1,(#902,#903),.UNSPECIFIED.,.F.,.F.,
  (2,2),(-69.9000006,6.E-07),.PIECEWISE_BEZIER_KNOTS.);
#902 = CARTESIAN_POINT('',(-3.141523474796,-69.9000006));
#903 = CARTESIAN_POINT('',(-3.141523474796,6.E-07));
#904 = ( GEOMETRIC_REPRESENTATION_CONTEXT(2) 
PARAMETRIC_REPRESENTATION_CONTEXT() REPRESENTATION_CONTEXT('2D SPACE',''
  ) );
#905 = PCURVE('',#406,#906);
#906 = DEFINITIONAL_REPRESENTATION('',(#907),#910);
#907 = B_SPLINE_CURVE_WITH_KNOTS('',1,(#908,#909),.UNSPECIFIED.,.F.,.F.,
  (2,2),(-69.9000006,6.E-07),.PIECEWISE_BEZIER_KNOTS.);
#908 = CARTESIAN_POINT('',(119.9000006,53.500000111268));
#909 = CARTESIAN_POINT('',(49.9999994,53.500000111268));
#910 = ( GEOMETRIC_REPRESENTATION_CONTEXT(2) 
PARAMETRIC_REPRESENTATION_CONTEXT() REPRESENTATION_CONTEXT('2D SPACE',''
  ) );
#911 = ORIENTED_EDGE('',*,*,#790,.T.);
#912 = ADVANCED_FACE('',(#913),#406,.T.);
#913 = FACE_BOUND('',#914,.T.);
#914 = EDGE_LOOP('',(#915,#959,#960,#961,#962,#983,#1004,#1030,#1051,
    #1084,#1110));
#915 = ORIENTED_EDGE('',*,*,#916,.F.);
#916 = EDGE_CURVE('',#350,#917,#919,.T.);
#917 = VERTEX_POINT('',#918);
#918 = CARTESIAN_POINT('',(-37.4999931018,3.216713912751E-03,99.));
#919 = SURFACE_CURVE('',#920,(#931,#945),.PCURVE_S1.);
#920 = B_SPLINE_CURVE_WITH_KNOTS('',5,(#921,#922,#923,#924,#925,#926,
    #927,#928,#929,#930),.UNSPECIFIED.,.F.,.F.,(6,4,6),(0.,
    0.842000002342,1.),.UNSPECIFIED.);
#921 = CARTESIAN_POINT('',(-37.79999986313,3.216713912751E-03,0.));
#922 = CARTESIAN_POINT('',(-37.74947719109,3.216713912751E-03,
    16.671600036235));
#923 = CARTESIAN_POINT('',(-37.69895569622,3.216713912751E-03,
    33.343200080379));
#924 = CARTESIAN_POINT('',(-37.64843464493,3.216713912751E-03,
    50.014800127579));
#925 = CARTESIAN_POINT('',(-37.59791394192,3.216713912751E-03,
    66.686400176733));
#926 = CARTESIAN_POINT('',(-37.53791335127,3.216713912751E-03,
    86.486400181832));
#927 = CARTESIAN_POINT('',(-37.52843326553,3.216713912751E-03,
    89.614800136313));
#928 = CARTESIAN_POINT('',(-37.51895318655,3.216713912751E-03,
    92.743200090837));
#929 = CARTESIAN_POINT('',(-37.5094731137,3.216713912751E-03,
    95.8716000454));
#930 = CARTESIAN_POINT('',(-37.4999930465,3.216713912751E-03,99.));
#931 = PCURVE('',#406,#932);
#932 = DEFINITIONAL_REPRESENTATION('',(#933),#944);
#933 = B_SPLINE_CURVE_WITH_KNOTS('',5,(#934,#935,#936,#937,#938,#939,
    #940,#941,#942,#943),.UNSPECIFIED.,.F.,.F.,(6,4,6),(0.,
    0.842000002342,1.),.UNSPECIFIED.);
#934 = CARTESIAN_POINT('',(50.,62.20000013687));
#935 = CARTESIAN_POINT('',(66.671600036235,62.25052280891));
#936 = CARTESIAN_POINT('',(83.343200080379,62.30104430378));
#937 = CARTESIAN_POINT('',(100.01480012757,62.35156535507));
#938 = CARTESIAN_POINT('',(116.68640017673,62.40208605808));
#939 = CARTESIAN_POINT('',(136.48640018183,62.46208664873));
#940 = CARTESIAN_POINT('',(139.61480013631,62.47156673447));
#941 = CARTESIAN_POINT('',(142.74320009083,62.48104681345));
#942 = CARTESIAN_POINT('',(145.8716000454,62.4905268863));
#943 = CARTESIAN_POINT('',(149.,62.5000069535));
#944 = ( GEOMETRIC_REPRESENTATION_CONTEXT(2) 
PARAMETRIC_REPRESENTATION_CONTEXT() REPRESENTATION_CONTEXT('2D SPACE',''
  ) );
#945 = PCURVE('',#366,#946);
#946 = DEFINITIONAL_REPRESENTATION('',(#947),#958);
#947 = B_SPLINE_CURVE_WITH_KNOTS('',5,(#948,#949,#950,#951,#952,#953,
    #954,#955,#956,#957),.UNSPECIFIED.,.F.,.F.,(6,4,6),(0.,
    0.842000002342,1.),.UNSPECIFIED.);
#948 = CARTESIAN_POINT('',(4.7058381421,0.));
#949 = CARTESIAN_POINT('',(4.706419909718,0.168400000366));
#950 = CARTESIAN_POINT('',(4.706872857408,0.336800000812));
#951 = CARTESIAN_POINT('',(4.707251924966,0.505200001289));
#952 = CARTESIAN_POINT('',(4.707573537111,0.673600001785));
#953 = CARTESIAN_POINT('',(4.707904884159,0.873600001837));
#954 = CARTESIAN_POINT('',(4.707955726691,0.905200001377));
#955 = CARTESIAN_POINT('',(4.708005145563,0.936800000918));
#956 = CARTESIAN_POINT('',(4.708053218681,0.968400000459));
#957 = CARTESIAN_POINT('',(4.708100015207,1.));
#958 = ( GEOMETRIC_REPRESENTATION_CONTEXT(2) 
PARAMETRIC_REPRESENTATION_CONTEXT() REPRESENTATION_CONTEXT('2D SPACE',''
  ) );
#959 = ORIENTED_EDGE('',*,*,#393,.T.);
#960 = ORIENTED_EDGE('',*,*,#893,.F.);
#961 = ORIENTED_EDGE('',*,*,#869,.F.);
#962 = ORIENTED_EDGE('',*,*,#963,.F.);
#963 = EDGE_CURVE('',#964,#841,#966,.T.);
#964 = VERTEX_POINT('',#965);
#965 = CARTESIAN_POINT('',(-44.74999988438,3.216813912761E-03,80.7));
#966 = SURFACE_CURVE('',#967,(#971,#977),.PCURVE_S1.);
#967 = LINE('',#968,#969);
#968 = CARTESIAN_POINT('',(-44.74999988438,3.216813912758E-03,69.9));
#969 = VECTOR('',#970,1.);
#970 = DIRECTION('',(-0.,-0.,-1.));
#971 = PCURVE('',#406,#972);
#972 = DEFINITIONAL_REPRESENTATION('',(#973),#976);
#973 = B_SPLINE_CURVE_WITH_KNOTS('',1,(#974,#975),.UNSPECIFIED.,.F.,.F.,
  (2,2),(-10.8000006,6.000000070117E-07),.PIECEWISE_BEZIER_KNOTS.);
#974 = CARTESIAN_POINT('',(130.7000006,55.250000115619));
#975 = CARTESIAN_POINT('',(119.8999994,55.250000115619));
#976 = ( GEOMETRIC_REPRESENTATION_CONTEXT(2) 
PARAMETRIC_REPRESENTATION_CONTEXT() REPRESENTATION_CONTEXT('2D SPACE',''
  ) );
#977 = PCURVE('',#857,#978);
#978 = DEFINITIONAL_REPRESENTATION('',(#979),#982);
#979 = B_SPLINE_CURVE_WITH_KNOTS('',1,(#980,#981),.UNSPECIFIED.,.F.,.F.,
  (2,2),(-10.8000006,6.000000070117E-07),.PIECEWISE_BEZIER_KNOTS.);
#980 = CARTESIAN_POINT('',(-3.14152076948,-10.8000006));
#981 = CARTESIAN_POINT('',(-3.14152076948,6.000000070117E-07));
#982 = ( GEOMETRIC_REPRESENTATION_CONTEXT(2) 
PARAMETRIC_REPRESENTATION_CONTEXT() REPRESENTATION_CONTEXT('2D SPACE',''
  ) );
#983 = ORIENTED_EDGE('',*,*,#984,.F.);
#984 = EDGE_CURVE('',#985,#964,#987,.T.);
#985 = VERTEX_POINT('',#986);
#986 = CARTESIAN_POINT('',(-39.74999986983,3.216813912766E-03,80.7));
#987 = SURFACE_CURVE('',#988,(#992,#998),.PCURVE_S1.);
#988 = LINE('',#989,#990);
#989 = CARTESIAN_POINT('',(-50.,3.216813912758E-03,80.7));
#990 = VECTOR('',#991,1.);
#991 = DIRECTION('',(-1.,0.,0.));
#992 = PCURVE('',#406,#993);
#993 = DEFINITIONAL_REPRESENTATION('',(#994),#997);
#994 = B_SPLINE_CURVE_WITH_KNOTS('',1,(#995,#996),.UNSPECIFIED.,.F.,.F.,
  (2,2),(-94.75,-5.25),.PIECEWISE_BEZIER_KNOTS.);
#995 = CARTESIAN_POINT('',(130.7,144.75));
#996 = CARTESIAN_POINT('',(130.7,55.25));
#997 = ( GEOMETRIC_REPRESENTATION_CONTEXT(2) 
PARAMETRIC_REPRESENTATION_CONTEXT() REPRESENTATION_CONTEXT('2D SPACE',''
  ) );
#998 = PCURVE('',#729,#999);
#999 = DEFINITIONAL_REPRESENTATION('',(#1000),#1003);
#1000 = B_SPLINE_CURVE_WITH_KNOTS('',1,(#1001,#1002),.UNSPECIFIED.,.F.,
  .F.,(2,2),(-94.75,-5.25),.PIECEWISE_BEZIER_KNOTS.);
#1001 = CARTESIAN_POINT('',(44.75,3.216813912754E-03));
#1002 = CARTESIAN_POINT('',(-44.75,3.216813912754E-03));
#1003 = ( GEOMETRIC_REPRESENTATION_CONTEXT(2) 
PARAMETRIC_REPRESENTATION_CONTEXT() REPRESENTATION_CONTEXT('2D SPACE',''
  ) );
#1004 = ORIENTED_EDGE('',*,*,#1005,.F.);
#1005 = EDGE_CURVE('',#1006,#985,#1008,.T.);
#1006 = VERTEX_POINT('',#1007);
#1007 = CARTESIAN_POINT('',(-39.74999986983,3.216813912766E-03,109.));
#1008 = SURFACE_CURVE('',#1009,(#1013,#1019),.PCURVE_S1.);
#1009 = LINE('',#1010,#1011);
#1010 = CARTESIAN_POINT('',(-39.74999986983,3.216813912758E-03,80.7));
#1011 = VECTOR('',#1012,1.);
#1012 = DIRECTION('',(-0.,-0.,-1.));
#1013 = PCURVE('',#406,#1014);
#1014 = DEFINITIONAL_REPRESENTATION('',(#1015),#1018);
#1015 = B_SPLINE_CURVE_WITH_KNOTS('',1,(#1016,#1017),.UNSPECIFIED.,.F.,
  .F.,(2,2),(-28.3000006,6.000000070117E-07),.PIECEWISE_BEZIER_KNOTS.);
#1016 = CARTESIAN_POINT('',(159.0000006,60.250000130162));
#1017 = CARTESIAN_POINT('',(130.6999994,60.250000130162));
#1018 = ( GEOMETRIC_REPRESENTATION_CONTEXT(2) 
PARAMETRIC_REPRESENTATION_CONTEXT() REPRESENTATION_CONTEXT('2D SPACE',''
  ) );
#1019 = PCURVE('',#1020,#1025);
#1020 = CYLINDRICAL_SURFACE('',#1021,39.75);
#1021 = AXIS2_PLACEMENT_3D('',#1022,#1023,#1024);
#1022 = CARTESIAN_POINT('',(0.,0.,80.7));
#1023 = DIRECTION('',(-0.,-0.,-1.));
#1024 = DIRECTION('',(1.,0.,0.));
#1025 = DEFINITIONAL_REPRESENTATION('',(#1026),#1029);
#1026 = B_SPLINE_CURVE_WITH_KNOTS('',1,(#1027,#1028),.UNSPECIFIED.,.F.,
  .F.,(2,2),(-28.3000006,6.000000070117E-07),.PIECEWISE_BEZIER_KNOTS.);
#1027 = CARTESIAN_POINT('',(-3.141511727454,-28.3000006));
#1028 = CARTESIAN_POINT('',(-3.141511727454,6.000000070117E-07));
#1029 = ( GEOMETRIC_REPRESENTATION_CONTEXT(2) 
PARAMETRIC_REPRESENTATION_CONTEXT() REPRESENTATION_CONTEXT('2D SPACE',''
  ) );
#1030 = ORIENTED_EDGE('',*,*,#1031,.F.);
#1031 = EDGE_CURVE('',#1032,#1006,#1034,.T.);
#1032 = VERTEX_POINT('',#1033);
#1033 = CARTESIAN_POINT('',(-38.29999666196,3.216813912758E-03,109.));
#1034 = SURFACE_CURVE('',#1035,(#1039,#1045),.PCURVE_S1.);
#1035 = LINE('',#1036,#1037);
#1036 = CARTESIAN_POINT('',(-50.,3.216813912758E-03,109.));
#1037 = VECTOR('',#1038,1.);
#1038 = DIRECTION('',(-1.,0.,0.));
#1039 = PCURVE('',#406,#1040);
#1040 = DEFINITIONAL_REPRESENTATION('',(#1041),#1044);
#1041 = B_SPLINE_CURVE_WITH_KNOTS('',1,(#1042,#1043),.UNSPECIFIED.,.F.,
  .F.,(2,2),(-89.75,-10.25),.PIECEWISE_BEZIER_KNOTS.);
#1042 = CARTESIAN_POINT('',(159.,139.75));
#1043 = CARTESIAN_POINT('',(159.,60.25));
#1044 = ( GEOMETRIC_REPRESENTATION_CONTEXT(2) 
PARAMETRIC_REPRESENTATION_CONTEXT() REPRESENTATION_CONTEXT('2D SPACE',''
  ) );
#1045 = PCURVE('',#677,#1046);
#1046 = DEFINITIONAL_REPRESENTATION('',(#1047),#1050);
#1047 = B_SPLINE_CURVE_WITH_KNOTS('',1,(#1048,#1049),.UNSPECIFIED.,.F.,
  .F.,(2,2),(-89.75,-10.25),.PIECEWISE_BEZIER_KNOTS.);
#1048 = CARTESIAN_POINT('',(39.75,3.216813912757E-03));
#1049 = CARTESIAN_POINT('',(-39.75,3.216813912757E-03));
#1050 = ( GEOMETRIC_REPRESENTATION_CONTEXT(2) 
PARAMETRIC_REPRESENTATION_CONTEXT() REPRESENTATION_CONTEXT('2D SPACE',''
  ) );
#1051 = ORIENTED_EDGE('',*,*,#1052,.T.);
#1052 = EDGE_CURVE('',#1032,#1053,#1055,.T.);
#1053 = VERTEX_POINT('',#1054);
#1054 = CARTESIAN_POINT('',(-37.49999310137,3.216813912758E-03,108.2));
#1055 = SURFACE_CURVE('',#1056,(#1061,#1068),.PCURVE_S1.);
#1056 = HYPERBOLA('',#1057,3.216813912758E-03,3.216813912758E-03);
#1057 = AXIS2_PLACEMENT_3D('',#1058,#1059,#1060);
#1058 = CARTESIAN_POINT('',(-36.75,3.216813912758E-03,107.45));
#1059 = DIRECTION('',(0.,1.,0.));
#1060 = DIRECTION('',(-0.,0.,1.));
#1061 = PCURVE('',#406,#1062);
#1062 = DEFINITIONAL_REPRESENTATION('',(#1063),#1067);
#1063 = ( BOUNDED_CURVE() B_SPLINE_CURVE(2,(#1064,#1065,#1066),
.UNSPECIFIED.,.F.,.F.) B_SPLINE_CURVE_WITH_KNOTS((3,3),(-6.870764912066,
-6.144824386374),.PIECEWISE_BEZIER_KNOTS.) CURVE() 
GEOMETRIC_REPRESENTATION_ITEM() RATIONAL_B_SPLINE_CURVE((1.,
1.066600113623,1.)) REPRESENTATION_ITEM('') );
#1064 = CARTESIAN_POINT('',(159.,61.700003338033));
#1065 = CARTESIAN_POINT('',(158.46086832674,62.239136172346));
#1066 = CARTESIAN_POINT('',(158.2,62.500006898626));
#1067 = ( GEOMETRIC_REPRESENTATION_CONTEXT(2) 
PARAMETRIC_REPRESENTATION_CONTEXT() REPRESENTATION_CONTEXT('2D SPACE',''
  ) );
#1068 = PCURVE('',#1069,#1074);
#1069 = CONICAL_SURFACE('',#1070,0.75,0.785398163397);
#1070 = AXIS2_PLACEMENT_3D('',#1071,#1072,#1073);
#1071 = CARTESIAN_POINT('',(-36.75,0.,108.2));
#1072 = DIRECTION('',(-0.,0.,1.));
#1073 = DIRECTION('',(0.,-1.,0.));
#1074 = DEFINITIONAL_REPRESENTATION('',(#1075),#1083);
#1075 = B_SPLINE_CURVE_WITH_KNOTS('',6,(#1076,#1077,#1078,#1079,#1080,
    #1081,#1082),.UNSPECIFIED.,.F.,.F.,(7,7),(-6.870764912066,
    -6.144824386374),.PIECEWISE_BEZIER_KNOTS.);
#1076 = CARTESIAN_POINT('',(-1.572871692099,0.8));
#1077 = CARTESIAN_POINT('',(-1.573122790549,0.612465768065));
#1078 = CARTESIAN_POINT('',(-1.573410345783,0.452159197661));
#1079 = CARTESIAN_POINT('',(-1.573740971501,0.314139873686));
#1080 = CARTESIAN_POINT('',(-1.574122893949,0.194658331415));
#1081 = CARTESIAN_POINT('',(-1.574566488366,9.074173104613E-02));
#1082 = CARTESIAN_POINT('',(-1.575085425163,9.436895709314E-16));
#1083 = ( GEOMETRIC_REPRESENTATION_CONTEXT(2) 
PARAMETRIC_REPRESENTATION_CONTEXT() REPRESENTATION_CONTEXT('2D SPACE',''
  ) );
#1084 = ORIENTED_EDGE('',*,*,#1085,.F.);
#1085 = EDGE_CURVE('',#1086,#1053,#1088,.T.);
#1086 = VERTEX_POINT('',#1087);
#1087 = CARTESIAN_POINT('',(-37.49999310137,3.216813912758E-03,107.5));
#1088 = SURFACE_CURVE('',#1089,(#1093,#1099),.PCURVE_S1.);
#1089 = LINE('',#1090,#1091);
#1090 = CARTESIAN_POINT('',(-37.49999310137,3.216813912758E-03,107.5));
#1091 = VECTOR('',#1092,1.);
#1092 = DIRECTION('',(-0.,0.,1.));
#1093 = PCURVE('',#406,#1094);
#1094 = DEFINITIONAL_REPRESENTATION('',(#1095),#1098);
#1095 = B_SPLINE_CURVE_WITH_KNOTS('',1,(#1096,#1097),.UNSPECIFIED.,.F.,
  .F.,(2,2),(0.,0.7),.PIECEWISE_BEZIER_KNOTS.);
#1096 = CARTESIAN_POINT('',(157.5,62.500006898626));
#1097 = CARTESIAN_POINT('',(158.2,62.500006898626));
#1098 = ( GEOMETRIC_REPRESENTATION_CONTEXT(2) 
PARAMETRIC_REPRESENTATION_CONTEXT() REPRESENTATION_CONTEXT('2D SPACE',''
  ) );
#1099 = PCURVE('',#1100,#1105);
#1100 = CYLINDRICAL_SURFACE('',#1101,0.75);
#1101 = AXIS2_PLACEMENT_3D('',#1102,#1103,#1104);
#1102 = CARTESIAN_POINT('',(-36.75,0.,107.5));
#1103 = DIRECTION('',(-0.,0.,1.));
#1104 = DIRECTION('',(0.,-1.,0.));
#1105 = DEFINITIONAL_REPRESENTATION('',(#1106),#1109);
#1106 = B_SPLINE_CURVE_WITH_KNOTS('',1,(#1107,#1108),.UNSPECIFIED.,.F.,
  .F.,(2,2),(0.,0.7),.PIECEWISE_BEZIER_KNOTS.);
#1107 = CARTESIAN_POINT('',(-1.575085425163,0.));
#1108 = CARTESIAN_POINT('',(-1.575085425163,0.7));
#1109 = ( GEOMETRIC_REPRESENTATION_CONTEXT(2) 
PARAMETRIC_REPRESENTATION_CONTEXT() REPRESENTATION_CONTEXT('2D SPACE',''
  ) );
#1110 = ORIENTED_EDGE('',*,*,#1111,.T.);
#1111 = EDGE_CURVE('',#1086,#917,#1112,.T.);
#1112 = SURFACE_CURVE('',#1113,(#1117,#1123),.PCURVE_S1.);
#1113 = LINE('',#1114,#1115);
#1114 = CARTESIAN_POINT('',(-37.49999310137,3.216813912758E-03,99.));
#1115 = VECTOR('',#1116,1.);
#1116 = DIRECTION('',(0.,0.,-1.));
#1117 = PCURVE('',#406,#1118);
#1118 = DEFINITIONAL_REPRESENTATION('',(#1119),#1122);
#1119 = B_SPLINE_CURVE_WITH_KNOTS('',1,(#1120,#1121),.UNSPECIFIED.,.F.,
  .F.,(2,2),(-8.5000006,6.000000070117E-07),.PIECEWISE_BEZIER_KNOTS.);
#1120 = CARTESIAN_POINT('',(157.5000006,62.500006898626));
#1121 = CARTESIAN_POINT('',(148.9999994,62.500006898626));
#1122 = ( GEOMETRIC_REPRESENTATION_CONTEXT(2) 
PARAMETRIC_REPRESENTATION_CONTEXT() REPRESENTATION_CONTEXT('2D SPACE',''
  ) );
#1123 = PCURVE('',#1124,#1129);
#1124 = CYLINDRICAL_SURFACE('',#1125,0.75);
#1125 = AXIS2_PLACEMENT_3D('',#1126,#1127,#1128);
#1126 = CARTESIAN_POINT('',(-36.75,0.,99.));
#1127 = DIRECTION('',(0.,0.,-1.));
#1128 = DIRECTION('',(0.,-1.,0.));
#1129 = DEFINITIONAL_REPRESENTATION('',(#1130),#1133);
#1130 = B_SPLINE_CURVE_WITH_KNOTS('',1,(#1131,#1132),.UNSPECIFIED.,.F.,
  .F.,(2,2),(-8.5000006,6.000000070117E-07),.PIECEWISE_BEZIER_KNOTS.);
#1131 = CARTESIAN_POINT('',(1.575085425163,-8.5000006));
#1132 = CARTESIAN_POINT('',(1.575085425163,6.000000070117E-07));
#1133 = ( GEOMETRIC_REPRESENTATION_CONTEXT(2) 
PARAMETRIC_REPRESENTATION_CONTEXT() REPRESENTATION_CONTEXT('2D SPACE',''
  ) );
#1134 = ADVANCED_FACE('',(#1135),#366,.F.);
#1135 = FACE_BOUND('',#1136,.F.);
#1136 = EDGE_LOOP('',(#1137,#1138,#1139,#1161));
#1137 = ORIENTED_EDGE('',*,*,#916,.F.);
#1138 = ORIENTED_EDGE('',*,*,#349,.T.);
#1139 = ORIENTED_EDGE('',*,*,#1140,.T.);
#1140 = EDGE_CURVE('',#302,#1141,#1143,.T.);
#1141 = VERTEX_POINT('',#1142);
#1142 = CARTESIAN_POINT('',(-36.75,-0.75,99.));
#1143 = SURFACE_CURVE('',#1144,(#1147,#1154),.PCURVE_S1.);
#1144 = B_SPLINE_CURVE_WITH_KNOTS('',1,(#1145,#1146),.UNSPECIFIED.,.F.,
  .F.,(2,2),(0.,1.),.PIECEWISE_BEZIER_KNOTS.);
#1145 = CARTESIAN_POINT('',(-37.79213073791,-0.771267974243,0.));
#1146 = CARTESIAN_POINT('',(-36.75,-0.75,99.));
#1147 = PCURVE('',#366,#1148);
#1148 = DEFINITIONAL_REPRESENTATION('',(#1149),#1153);
#1149 = LINE('',#1150,#1151);
#1150 = CARTESIAN_POINT('',(6.28318530718,0.));
#1151 = VECTOR('',#1152,1.);
#1152 = DIRECTION('',(0.,1.));
#1153 = ( GEOMETRIC_REPRESENTATION_CONTEXT(2) 
PARAMETRIC_REPRESENTATION_CONTEXT() REPRESENTATION_CONTEXT('2D SPACE',''
  ) );
#1154 = PCURVE('',#318,#1155);
#1155 = DEFINITIONAL_REPRESENTATION('',(#1156),#1160);
#1156 = LINE('',#1157,#1158);
#1157 = CARTESIAN_POINT('',(-73.5,0.));
#1158 = VECTOR('',#1159,1.);
#1159 = DIRECTION('',(0.,1.));
#1160 = ( GEOMETRIC_REPRESENTATION_CONTEXT(2) 
PARAMETRIC_REPRESENTATION_CONTEXT() REPRESENTATION_CONTEXT('2D SPACE',''
  ) );
#1161 = ORIENTED_EDGE('',*,*,#1162,.T.);
#1162 = EDGE_CURVE('',#1141,#917,#1163,.T.);
#1163 = SURFACE_CURVE('',#1164,(#1169,#1176),.PCURVE_S1.);
#1164 = CIRCLE('',#1165,0.75);
#1165 = AXIS2_PLACEMENT_3D('',#1166,#1167,#1168);
#1166 = CARTESIAN_POINT('',(-36.75,0.,99.));
#1167 = DIRECTION('',(-0.,-0.,-1.));
#1168 = DIRECTION('',(0.,-1.,0.));
#1169 = PCURVE('',#366,#1170);
#1170 = DEFINITIONAL_REPRESENTATION('',(#1171),#1175);
#1171 = LINE('',#1172,#1173);
#1172 = CARTESIAN_POINT('',(6.28318530718,1.));
#1173 = VECTOR('',#1174,1.);
#1174 = DIRECTION('',(-1.,0.));
#1175 = ( GEOMETRIC_REPRESENTATION_CONTEXT(2) 
PARAMETRIC_REPRESENTATION_CONTEXT() REPRESENTATION_CONTEXT('2D SPACE',''
  ) );
#1176 = PCURVE('',#1124,#1177);
#1177 = DEFINITIONAL_REPRESENTATION('',(#1178),#1181);
#1178 = B_SPLINE_CURVE_WITH_KNOTS('',1,(#1179,#1180),.UNSPECIFIED.,.F.,
  .F.,(2,2),(0.,3.14159265359),.PIECEWISE_BEZIER_KNOTS.);
#1179 = CARTESIAN_POINT('',(0.,0.));
#1180 = CARTESIAN_POINT('',(3.14159265359,0.));
#1181 = ( GEOMETRIC_REPRESENTATION_CONTEXT(2) 
PARAMETRIC_REPRESENTATION_CONTEXT() REPRESENTATION_CONTEXT('2D SPACE',''
  ) );
#1182 = ADVANCED_FACE('',(#1183),#318,.F.);
#1183 = FACE_BOUND('',#1184,.F.);
#1184 = EDGE_LOOP('',(#1185,#1186,#1208,#1234));
#1185 = ORIENTED_EDGE('',*,*,#301,.T.);
#1186 = ORIENTED_EDGE('',*,*,#1187,.T.);
#1187 = EDGE_CURVE('',#258,#1188,#1190,.T.);
#1188 = VERTEX_POINT('',#1189);
#1189 = CARTESIAN_POINT('',(36.75,-0.75,99.));
#1190 = SURFACE_CURVE('',#1191,(#1194,#1201),.PCURVE_S1.);
#1191 = B_SPLINE_CURVE_WITH_KNOTS('',1,(#1192,#1193),.UNSPECIFIED.,.F.,
  .F.,(2,2),(0.,1.),.PIECEWISE_BEZIER_KNOTS.);
#1192 = CARTESIAN_POINT('',(37.792130737918,-0.771267974243,0.));
#1193 = CARTESIAN_POINT('',(36.75,-0.75,99.));
#1194 = PCURVE('',#318,#1195);
#1195 = DEFINITIONAL_REPRESENTATION('',(#1196),#1200);
#1196 = LINE('',#1197,#1198);
#1197 = CARTESIAN_POINT('',(0.,0.));
#1198 = VECTOR('',#1199,1.);
#1199 = DIRECTION('',(0.,1.));
#1200 = ( GEOMETRIC_REPRESENTATION_CONTEXT(2) 
PARAMETRIC_REPRESENTATION_CONTEXT() REPRESENTATION_CONTEXT('2D SPACE',''
  ) );
#1201 = PCURVE('',#274,#1202);
#1202 = DEFINITIONAL_REPRESENTATION('',(#1203),#1207);
#1203 = LINE('',#1204,#1205);
#1204 = CARTESIAN_POINT('',(3.14159265359,0.));
#1205 = VECTOR('',#1206,1.);
#1206 = DIRECTION('',(0.,1.));
#1207 = ( GEOMETRIC_REPRESENTATION_CONTEXT(2) 
PARAMETRIC_REPRESENTATION_CONTEXT() REPRESENTATION_CONTEXT('2D SPACE',''
  ) );
#1208 = ORIENTED_EDGE('',*,*,#1209,.T.);
#1209 = EDGE_CURVE('',#1188,#1141,#1210,.T.);
#1210 = SURFACE_CURVE('',#1211,(#1215,#1222),.PCURVE_S1.);
#1211 = LINE('',#1212,#1213);
#1212 = CARTESIAN_POINT('',(36.75,-0.75,99.));
#1213 = VECTOR('',#1214,1.);
#1214 = DIRECTION('',(-1.,0.,0.));
#1215 = PCURVE('',#318,#1216);
#1216 = DEFINITIONAL_REPRESENTATION('',(#1217),#1221);
#1217 = LINE('',#1218,#1219);
#1218 = CARTESIAN_POINT('',(0.,1.));
#1219 = VECTOR('',#1220,1.);
#1220 = DIRECTION('',(-1.,0.));
#1221 = ( GEOMETRIC_REPRESENTATION_CONTEXT(2) 
PARAMETRIC_REPRESENTATION_CONTEXT() REPRESENTATION_CONTEXT('2D SPACE',''
  ) );
#1222 = PCURVE('',#1223,#1228);
#1223 = PLANE('',#1224);
#1224 = AXIS2_PLACEMENT_3D('',#1225,#1226,#1227);
#1225 = CARTESIAN_POINT('',(36.75,-0.75,99.));
#1226 = DIRECTION('',(0.,-1.,0.));
#1227 = DIRECTION('',(-1.,0.,0.));
#1228 = DEFINITIONAL_REPRESENTATION('',(#1229),#1233);
#1229 = LINE('',#1230,#1231);
#1230 = CARTESIAN_POINT('',(0.,-0.));
#1231 = VECTOR('',#1232,1.);
#1232 = DIRECTION('',(1.,0.));
#1233 = ( GEOMETRIC_REPRESENTATION_CONTEXT(2) 
PARAMETRIC_REPRESENTATION_CONTEXT() REPRESENTATION_CONTEXT('2D SPACE',''
  ) );
#1234 = ORIENTED_EDGE('',*,*,#1140,.F.);
#1235 = ADVANCED_FACE('',(#1236),#274,.F.);
#1236 = FACE_BOUND('',#1237,.F.);
#1237 = EDGE_LOOP('',(#1238,#1239,#1240,#1260,#1261));
#1238 = ORIENTED_EDGE('',*,*,#1187,.F.);
#1239 = ORIENTED_EDGE('',*,*,#257,.T.);
#1240 = ORIENTED_EDGE('',*,*,#1241,.T.);
#1241 = EDGE_CURVE('',#210,#421,#1242,.T.);
#1242 = SURFACE_CURVE('',#1243,(#1246,#1253),.PCURVE_S1.);
#1243 = B_SPLINE_CURVE_WITH_KNOTS('',1,(#1244,#1245),.UNSPECIFIED.,.F.,
  .F.,(2,2),(0.,1.),.PIECEWISE_BEZIER_KNOTS.);
#1244 = CARTESIAN_POINT('',(37.8,-7.105427357601E-15,0.));
#1245 = CARTESIAN_POINT('',(36.75,0.75,99.));
#1246 = PCURVE('',#274,#1247);
#1247 = DEFINITIONAL_REPRESENTATION('',(#1248),#1252);
#1248 = LINE('',#1249,#1250);
#1249 = CARTESIAN_POINT('',(6.28318530718,0.));
#1250 = VECTOR('',#1251,1.);
#1251 = DIRECTION('',(0.,1.));
#1252 = ( GEOMETRIC_REPRESENTATION_CONTEXT(2) 
PARAMETRIC_REPRESENTATION_CONTEXT() REPRESENTATION_CONTEXT('2D SPACE',''
  ) );
#1253 = PCURVE('',#226,#1254);
#1254 = DEFINITIONAL_REPRESENTATION('',(#1255),#1259);
#1255 = LINE('',#1256,#1257);
#1256 = CARTESIAN_POINT('',(-73.5,0.));
#1257 = VECTOR('',#1258,1.);
#1258 = DIRECTION('',(0.,1.));
#1259 = ( GEOMETRIC_REPRESENTATION_CONTEXT(2) 
PARAMETRIC_REPRESENTATION_CONTEXT() REPRESENTATION_CONTEXT('2D SPACE',''
  ) );
#1260 = ORIENTED_EDGE('',*,*,#449,.T.);
#1261 = ORIENTED_EDGE('',*,*,#1262,.T.);
#1262 = EDGE_CURVE('',#450,#1188,#1263,.T.);
#1263 = SURFACE_CURVE('',#1264,(#1269,#1276),.PCURVE_S1.);
#1264 = CIRCLE('',#1265,0.75);
#1265 = AXIS2_PLACEMENT_3D('',#1266,#1267,#1268);
#1266 = CARTESIAN_POINT('',(36.75,0.,99.));
#1267 = DIRECTION('',(0.,0.,-1.));
#1268 = DIRECTION('',(0.,1.,0.));
#1269 = PCURVE('',#274,#1270);
#1270 = DEFINITIONAL_REPRESENTATION('',(#1271),#1275);
#1271 = LINE('',#1272,#1273);
#1272 = CARTESIAN_POINT('',(6.28318530718,1.));
#1273 = VECTOR('',#1274,1.);
#1274 = DIRECTION('',(-1.,0.));
#1275 = ( GEOMETRIC_REPRESENTATION_CONTEXT(2) 
PARAMETRIC_REPRESENTATION_CONTEXT() REPRESENTATION_CONTEXT('2D SPACE',''
  ) );
#1276 = PCURVE('',#592,#1277);
#1277 = DEFINITIONAL_REPRESENTATION('',(#1278),#1281);
#1278 = B_SPLINE_CURVE_WITH_KNOTS('',1,(#1279,#1280),.UNSPECIFIED.,.F.,
  .F.,(2,2),(0.,3.14159265359),.PIECEWISE_BEZIER_KNOTS.);
#1279 = CARTESIAN_POINT('',(0.,0.));
#1280 = CARTESIAN_POINT('',(3.14159265359,0.));
#1281 = ( GEOMETRIC_REPRESENTATION_CONTEXT(2) 
PARAMETRIC_REPRESENTATION_CONTEXT() REPRESENTATION_CONTEXT('2D SPACE',''
  ) );
#1282 = ADVANCED_FACE('',(#1283),#226,.F.);
#1283 = FACE_BOUND('',#1284,.F.);
#1284 = EDGE_LOOP('',(#1285,#1286,#1287));
#1285 = ORIENTED_EDGE('',*,*,#1241,.F.);
#1286 = ORIENTED_EDGE('',*,*,#209,.T.);
#1287 = ORIENTED_EDGE('',*,*,#420,.T.);
#1288 = ADVANCED_FACE('',(#1289),#755,.T.);
#1289 = FACE_BOUND('',#1290,.F.);
#1290 = EDGE_LOOP('',(#1291,#1292,#1315,#1337));
#1291 = ORIENTED_EDGE('',*,*,#816,.F.);
#1292 = ORIENTED_EDGE('',*,*,#1293,.T.);
#1293 = EDGE_CURVE('',#817,#1294,#1296,.T.);
#1294 = VERTEX_POINT('',#1295);
#1295 = CARTESIAN_POINT('',(44.75,0.,80.7));
#1296 = SURFACE_CURVE('',#1297,(#1301,#1308),.PCURVE_S1.);
#1297 = LINE('',#1298,#1299);
#1298 = CARTESIAN_POINT('',(44.75,0.,69.9));
#1299 = VECTOR('',#1300,1.);
#1300 = DIRECTION('',(0.,0.,1.));
#1301 = PCURVE('',#755,#1302);
#1302 = DEFINITIONAL_REPRESENTATION('',(#1303),#1307);
#1303 = LINE('',#1304,#1305);
#1304 = CARTESIAN_POINT('',(-0.,0.));
#1305 = VECTOR('',#1306,1.);
#1306 = DIRECTION('',(-0.,-1.));
#1307 = ( GEOMETRIC_REPRESENTATION_CONTEXT(2) 
PARAMETRIC_REPRESENTATION_CONTEXT() REPRESENTATION_CONTEXT('2D SPACE',''
  ) );
#1308 = PCURVE('',#857,#1309);
#1309 = DEFINITIONAL_REPRESENTATION('',(#1310),#1314);
#1310 = LINE('',#1311,#1312);
#1311 = CARTESIAN_POINT('',(-6.28318530718,0.));
#1312 = VECTOR('',#1313,1.);
#1313 = DIRECTION('',(-0.,-1.));
#1314 = ( GEOMETRIC_REPRESENTATION_CONTEXT(2) 
PARAMETRIC_REPRESENTATION_CONTEXT() REPRESENTATION_CONTEXT('2D SPACE',''
  ) );
#1315 = ORIENTED_EDGE('',*,*,#1316,.T.);
#1316 = EDGE_CURVE('',#1294,#715,#1317,.T.);
#1317 = SURFACE_CURVE('',#1318,(#1323,#1330),.PCURVE_S1.);
#1318 = CIRCLE('',#1319,44.75);
#1319 = AXIS2_PLACEMENT_3D('',#1320,#1321,#1322);
#1320 = CARTESIAN_POINT('',(0.,0.,80.7));
#1321 = DIRECTION('',(0.,0.,1.));
#1322 = DIRECTION('',(1.,0.,0.));
#1323 = PCURVE('',#755,#1324);
#1324 = DEFINITIONAL_REPRESENTATION('',(#1325),#1329);
#1325 = LINE('',#1326,#1327);
#1326 = CARTESIAN_POINT('',(-0.,-10.8));
#1327 = VECTOR('',#1328,1.);
#1328 = DIRECTION('',(-1.,0.));
#1329 = ( GEOMETRIC_REPRESENTATION_CONTEXT(2) 
PARAMETRIC_REPRESENTATION_CONTEXT() REPRESENTATION_CONTEXT('2D SPACE',''
  ) );
#1330 = PCURVE('',#729,#1331);
#1331 = DEFINITIONAL_REPRESENTATION('',(#1332),#1336);
#1332 = CIRCLE('',#1333,44.75);
#1333 = AXIS2_PLACEMENT_2D('',#1334,#1335);
#1334 = CARTESIAN_POINT('',(2.933502854163E-15,-4.040240899597E-15));
#1335 = DIRECTION('',(1.,0.));
#1336 = ( GEOMETRIC_REPRESENTATION_CONTEXT(2) 
PARAMETRIC_REPRESENTATION_CONTEXT() REPRESENTATION_CONTEXT('2D SPACE',''
  ) );
#1337 = ORIENTED_EDGE('',*,*,#740,.T.);
#1338 = ADVANCED_FACE('',(#1339),#729,.T.);
#1339 = FACE_BOUND('',#1340,.T.);
#1340 = EDGE_LOOP('',(#1341,#1363,#1364,#1365,#1389,#1411));
#1341 = ORIENTED_EDGE('',*,*,#1342,.T.);
#1342 = EDGE_CURVE('',#964,#1294,#1343,.T.);
#1343 = SURFACE_CURVE('',#1344,(#1349,#1356),.PCURVE_S1.);
#1344 = CIRCLE('',#1345,44.75);
#1345 = AXIS2_PLACEMENT_3D('',#1346,#1347,#1348);
#1346 = CARTESIAN_POINT('',(0.,0.,80.7));
#1347 = DIRECTION('',(0.,0.,1.));
#1348 = DIRECTION('',(1.,0.,0.));
#1349 = PCURVE('',#729,#1350);
#1350 = DEFINITIONAL_REPRESENTATION('',(#1351),#1355);
#1351 = CIRCLE('',#1352,44.75);
#1352 = AXIS2_PLACEMENT_2D('',#1353,#1354);
#1353 = CARTESIAN_POINT('',(2.933502854163E-15,-4.040240899597E-15));
#1354 = DIRECTION('',(1.,0.));
#1355 = ( GEOMETRIC_REPRESENTATION_CONTEXT(2) 
PARAMETRIC_REPRESENTATION_CONTEXT() REPRESENTATION_CONTEXT('2D SPACE',''
  ) );
#1356 = PCURVE('',#857,#1357);
#1357 = DEFINITIONAL_REPRESENTATION('',(#1358),#1362);
#1358 = LINE('',#1359,#1360);
#1359 = CARTESIAN_POINT('',(-0.,-10.8));
#1360 = VECTOR('',#1361,1.);
#1361 = DIRECTION('',(-1.,0.));
#1362 = ( GEOMETRIC_REPRESENTATION_CONTEXT(2) 
PARAMETRIC_REPRESENTATION_CONTEXT() REPRESENTATION_CONTEXT('2D SPACE',''
  ) );
#1363 = ORIENTED_EDGE('',*,*,#1316,.T.);
#1364 = ORIENTED_EDGE('',*,*,#714,.T.);
#1365 = ORIENTED_EDGE('',*,*,#1366,.F.);
#1366 = EDGE_CURVE('',#1367,#689,#1369,.T.);
#1367 = VERTEX_POINT('',#1368);
#1368 = CARTESIAN_POINT('',(39.75,0.,80.7));
#1369 = SURFACE_CURVE('',#1370,(#1375,#1382),.PCURVE_S1.);
#1370 = CIRCLE('',#1371,39.75);
#1371 = AXIS2_PLACEMENT_3D('',#1372,#1373,#1374);
#1372 = CARTESIAN_POINT('',(0.,0.,80.7));
#1373 = DIRECTION('',(0.,0.,1.));
#1374 = DIRECTION('',(1.,0.,0.));
#1375 = PCURVE('',#729,#1376);
#1376 = DEFINITIONAL_REPRESENTATION('',(#1377),#1381);
#1377 = CIRCLE('',#1378,39.75);
#1378 = AXIS2_PLACEMENT_2D('',#1379,#1380);
#1379 = CARTESIAN_POINT('',(2.933502854163E-15,-4.040240899597E-15));
#1380 = DIRECTION('',(1.,0.));
#1381 = ( GEOMETRIC_REPRESENTATION_CONTEXT(2) 
PARAMETRIC_REPRESENTATION_CONTEXT() REPRESENTATION_CONTEXT('2D SPACE',''
  ) );
#1382 = PCURVE('',#703,#1383);
#1383 = DEFINITIONAL_REPRESENTATION('',(#1384),#1388);
#1384 = LINE('',#1385,#1386);
#1385 = CARTESIAN_POINT('',(-0.,0.));
#1386 = VECTOR('',#1387,1.);
#1387 = DIRECTION('',(-1.,0.));
#1388 = ( GEOMETRIC_REPRESENTATION_CONTEXT(2) 
PARAMETRIC_REPRESENTATION_CONTEXT() REPRESENTATION_CONTEXT('2D SPACE',''
  ) );
#1389 = ORIENTED_EDGE('',*,*,#1390,.F.);
#1390 = EDGE_CURVE('',#985,#1367,#1391,.T.);
#1391 = SURFACE_CURVE('',#1392,(#1397,#1404),.PCURVE_S1.);
#1392 = CIRCLE('',#1393,39.75);
#1393 = AXIS2_PLACEMENT_3D('',#1394,#1395,#1396);
#1394 = CARTESIAN_POINT('',(0.,0.,80.7));
#1395 = DIRECTION('',(0.,0.,1.));
#1396 = DIRECTION('',(1.,0.,0.));
#1397 = PCURVE('',#729,#1398);
#1398 = DEFINITIONAL_REPRESENTATION('',(#1399),#1403);
#1399 = CIRCLE('',#1400,39.75);
#1400 = AXIS2_PLACEMENT_2D('',#1401,#1402);
#1401 = CARTESIAN_POINT('',(2.933502854163E-15,-4.040240899597E-15));
#1402 = DIRECTION('',(1.,0.));
#1403 = ( GEOMETRIC_REPRESENTATION_CONTEXT(2) 
PARAMETRIC_REPRESENTATION_CONTEXT() REPRESENTATION_CONTEXT('2D SPACE',''
  ) );
#1404 = PCURVE('',#1020,#1405);
#1405 = DEFINITIONAL_REPRESENTATION('',(#1406),#1410);
#1406 = LINE('',#1407,#1408);
#1407 = CARTESIAN_POINT('',(-0.,0.));
#1408 = VECTOR('',#1409,1.);
#1409 = DIRECTION('',(-1.,0.));
#1410 = ( GEOMETRIC_REPRESENTATION_CONTEXT(2) 
PARAMETRIC_REPRESENTATION_CONTEXT() REPRESENTATION_CONTEXT('2D SPACE',''
  ) );
#1411 = ORIENTED_EDGE('',*,*,#984,.T.);
#1412 = ADVANCED_FACE('',(#1413),#703,.T.);
#1413 = FACE_BOUND('',#1414,.F.);
#1414 = EDGE_LOOP('',(#1415,#1416,#1439,#1461));
#1415 = ORIENTED_EDGE('',*,*,#1366,.F.);
#1416 = ORIENTED_EDGE('',*,*,#1417,.T.);
#1417 = EDGE_CURVE('',#1367,#1418,#1420,.T.);
#1418 = VERTEX_POINT('',#1419);
#1419 = CARTESIAN_POINT('',(39.75,0.,109.));
#1420 = SURFACE_CURVE('',#1421,(#1425,#1432),.PCURVE_S1.);
#1421 = LINE('',#1422,#1423);
#1422 = CARTESIAN_POINT('',(39.75,0.,80.7));
#1423 = VECTOR('',#1424,1.);
#1424 = DIRECTION('',(0.,0.,1.));
#1425 = PCURVE('',#703,#1426);
#1426 = DEFINITIONAL_REPRESENTATION('',(#1427),#1431);
#1427 = LINE('',#1428,#1429);
#1428 = CARTESIAN_POINT('',(-0.,0.));
#1429 = VECTOR('',#1430,1.);
#1430 = DIRECTION('',(-0.,-1.));
#1431 = ( GEOMETRIC_REPRESENTATION_CONTEXT(2) 
PARAMETRIC_REPRESENTATION_CONTEXT() REPRESENTATION_CONTEXT('2D SPACE',''
  ) );
#1432 = PCURVE('',#1020,#1433);
#1433 = DEFINITIONAL_REPRESENTATION('',(#1434),#1438);
#1434 = LINE('',#1435,#1436);
#1435 = CARTESIAN_POINT('',(-6.28318530718,0.));
#1436 = VECTOR('',#1437,1.);
#1437 = DIRECTION('',(-0.,-1.));
#1438 = ( GEOMETRIC_REPRESENTATION_CONTEXT(2) 
PARAMETRIC_REPRESENTATION_CONTEXT() REPRESENTATION_CONTEXT('2D SPACE',''
  ) );
#1439 = ORIENTED_EDGE('',*,*,#1440,.T.);
#1440 = EDGE_CURVE('',#1418,#663,#1441,.T.);
#1441 = SURFACE_CURVE('',#1442,(#1447,#1454),.PCURVE_S1.);
#1442 = CIRCLE('',#1443,39.75);
#1443 = AXIS2_PLACEMENT_3D('',#1444,#1445,#1446);
#1444 = CARTESIAN_POINT('',(0.,0.,109.));
#1445 = DIRECTION('',(0.,0.,1.));
#1446 = DIRECTION('',(1.,0.,0.));
#1447 = PCURVE('',#703,#1448);
#1448 = DEFINITIONAL_REPRESENTATION('',(#1449),#1453);
#1449 = LINE('',#1450,#1451);
#1450 = CARTESIAN_POINT('',(-0.,-28.3));
#1451 = VECTOR('',#1452,1.);
#1452 = DIRECTION('',(-1.,0.));
#1453 = ( GEOMETRIC_REPRESENTATION_CONTEXT(2) 
PARAMETRIC_REPRESENTATION_CONTEXT() REPRESENTATION_CONTEXT('2D SPACE',''
  ) );
#1454 = PCURVE('',#677,#1455);
#1455 = DEFINITIONAL_REPRESENTATION('',(#1456),#1460);
#1456 = CIRCLE('',#1457,39.75);
#1457 = AXIS2_PLACEMENT_2D('',#1458,#1459);
#1458 = CARTESIAN_POINT('',(4.403329231825E-15,-5.790076070423E-16));
#1459 = DIRECTION('',(1.,0.));
#1460 = ( GEOMETRIC_REPRESENTATION_CONTEXT(2) 
PARAMETRIC_REPRESENTATION_CONTEXT() REPRESENTATION_CONTEXT('2D SPACE',''
  ) );
#1461 = ORIENTED_EDGE('',*,*,#688,.T.);
#1462 = ADVANCED_FACE('',(#1463),#677,.T.);
#1463 = FACE_BOUND('',#1464,.T.);
#1464 = EDGE_LOOP('',(#1465,#1487,#1488,#1489,#1517,#1545,#1571));
#1465 = ORIENTED_EDGE('',*,*,#1466,.T.);
#1466 = EDGE_CURVE('',#1006,#1418,#1467,.T.);
#1467 = SURFACE_CURVE('',#1468,(#1473,#1480),.PCURVE_S1.);
#1468 = CIRCLE('',#1469,39.75);
#1469 = AXIS2_PLACEMENT_3D('',#1470,#1471,#1472);
#1470 = CARTESIAN_POINT('',(0.,0.,109.));
#1471 = DIRECTION('',(0.,0.,1.));
#1472 = DIRECTION('',(1.,0.,0.));
#1473 = PCURVE('',#677,#1474);
#1474 = DEFINITIONAL_REPRESENTATION('',(#1475),#1479);
#1475 = CIRCLE('',#1476,39.75);
#1476 = AXIS2_PLACEMENT_2D('',#1477,#1478);
#1477 = CARTESIAN_POINT('',(4.403329231825E-15,-5.790076070423E-16));
#1478 = DIRECTION('',(1.,0.));
#1479 = ( GEOMETRIC_REPRESENTATION_CONTEXT(2) 
PARAMETRIC_REPRESENTATION_CONTEXT() REPRESENTATION_CONTEXT('2D SPACE',''
  ) );
#1480 = PCURVE('',#1020,#1481);
#1481 = DEFINITIONAL_REPRESENTATION('',(#1482),#1486);
#1482 = LINE('',#1483,#1484);
#1483 = CARTESIAN_POINT('',(-0.,-28.3));
#1484 = VECTOR('',#1485,1.);
#1485 = DIRECTION('',(-1.,0.));
#1486 = ( GEOMETRIC_REPRESENTATION_CONTEXT(2) 
PARAMETRIC_REPRESENTATION_CONTEXT() REPRESENTATION_CONTEXT('2D SPACE',''
  ) );
#1487 = ORIENTED_EDGE('',*,*,#1440,.T.);
#1488 = ORIENTED_EDGE('',*,*,#662,.T.);
#1489 = ORIENTED_EDGE('',*,*,#1490,.T.);
#1490 = EDGE_CURVE('',#630,#1491,#1493,.T.);
#1491 = VERTEX_POINT('',#1492);
#1492 = CARTESIAN_POINT('',(36.75,-1.55,109.));
#1493 = SURFACE_CURVE('',#1494,(#1499,#1510),.PCURVE_S1.);
#1494 = CIRCLE('',#1495,1.55);
#1495 = AXIS2_PLACEMENT_3D('',#1496,#1497,#1498);
#1496 = CARTESIAN_POINT('',(36.75,0.,109.));
#1497 = DIRECTION('',(0.,0.,-1.));
#1498 = DIRECTION('',(0.,1.,0.));
#1499 = PCURVE('',#677,#1500);
#1500 = DEFINITIONAL_REPRESENTATION('',(#1501),#1509);
#1501 = ( BOUNDED_CURVE() B_SPLINE_CURVE(2,(#1502,#1503,#1504,#1505,
#1506,#1507,#1508),.UNSPECIFIED.,.T.,.F.) B_SPLINE_CURVE_WITH_KNOTS((1,2
    ,2,2,2,1),(-2.094395102393,0.,2.094395102393,4.188790204786,
6.28318530718,8.377580409573),.UNSPECIFIED.) CURVE() 
GEOMETRIC_REPRESENTATION_ITEM() RATIONAL_B_SPLINE_CURVE((1.,0.5,1.,0.5,
1.,0.5,1.)) REPRESENTATION_ITEM('') );
#1502 = CARTESIAN_POINT('',(36.75,1.55));
#1503 = CARTESIAN_POINT('',(39.434678751732,1.55));
#1504 = CARTESIAN_POINT('',(38.092339375866,-0.775));
#1505 = CARTESIAN_POINT('',(36.75,-3.1));
#1506 = CARTESIAN_POINT('',(35.407660624134,-0.775));
#1507 = CARTESIAN_POINT('',(34.065321248268,1.55));
#1508 = CARTESIAN_POINT('',(36.75,1.55));
#1509 = ( GEOMETRIC_REPRESENTATION_CONTEXT(2) 
PARAMETRIC_REPRESENTATION_CONTEXT() REPRESENTATION_CONTEXT('2D SPACE',''
  ) );
#1510 = PCURVE('',#646,#1511);
#1511 = DEFINITIONAL_REPRESENTATION('',(#1512),#1516);
#1512 = LINE('',#1513,#1514);
#1513 = CARTESIAN_POINT('',(-0.,0.8));
#1514 = VECTOR('',#1515,1.);
#1515 = DIRECTION('',(-1.,0.));
#1516 = ( GEOMETRIC_REPRESENTATION_CONTEXT(2) 
PARAMETRIC_REPRESENTATION_CONTEXT() REPRESENTATION_CONTEXT('2D SPACE',''
  ) );
#1517 = ORIENTED_EDGE('',*,*,#1518,.T.);
#1518 = EDGE_CURVE('',#1491,#1519,#1521,.T.);
#1519 = VERTEX_POINT('',#1520);
#1520 = CARTESIAN_POINT('',(-36.75,-1.55,109.));
#1521 = SURFACE_CURVE('',#1522,(#1526,#1533),.PCURVE_S1.);
#1522 = LINE('',#1523,#1524);
#1523 = CARTESIAN_POINT('',(36.75,-1.55,109.));
#1524 = VECTOR('',#1525,1.);
#1525 = DIRECTION('',(-1.,0.,0.));
#1526 = PCURVE('',#677,#1527);
#1527 = DEFINITIONAL_REPRESENTATION('',(#1528),#1532);
#1528 = LINE('',#1529,#1530);
#1529 = CARTESIAN_POINT('',(36.75,-1.55));
#1530 = VECTOR('',#1531,1.);
#1531 = DIRECTION('',(-1.,0.));
#1532 = ( GEOMETRIC_REPRESENTATION_CONTEXT(2) 
PARAMETRIC_REPRESENTATION_CONTEXT() REPRESENTATION_CONTEXT('2D SPACE',''
  ) );
#1533 = PCURVE('',#1534,#1539);
#1534 = PLANE('',#1535);
#1535 = AXIS2_PLACEMENT_3D('',#1536,#1537,#1538);
#1536 = CARTESIAN_POINT('',(36.75,-1.55,109.));
#1537 = DIRECTION('',(0.,0.707106781187,0.707106781187));
#1538 = DIRECTION('',(-1.,0.,0.));
#1539 = DEFINITIONAL_REPRESENTATION('',(#1540),#1544);
#1540 = LINE('',#1541,#1542);
#1541 = CARTESIAN_POINT('',(0.,0.));
#1542 = VECTOR('',#1543,1.);
#1543 = DIRECTION('',(1.,0.));
#1544 = ( GEOMETRIC_REPRESENTATION_CONTEXT(2) 
PARAMETRIC_REPRESENTATION_CONTEXT() REPRESENTATION_CONTEXT('2D SPACE',''
  ) );
#1545 = ORIENTED_EDGE('',*,*,#1546,.T.);
#1546 = EDGE_CURVE('',#1519,#1032,#1547,.T.);
#1547 = SURFACE_CURVE('',#1548,(#1553,#1564),.PCURVE_S1.);
#1548 = CIRCLE('',#1549,1.55);
#1549 = AXIS2_PLACEMENT_3D('',#1550,#1551,#1552);
#1550 = CARTESIAN_POINT('',(-36.75,0.,109.));
#1551 = DIRECTION('',(0.,-0.,-1.));
#1552 = DIRECTION('',(0.,-1.,0.));
#1553 = PCURVE('',#677,#1554);
#1554 = DEFINITIONAL_REPRESENTATION('',(#1555),#1563);
#1555 = ( BOUNDED_CURVE() B_SPLINE_CURVE(2,(#1556,#1557,#1558,#1559,
#1560,#1561,#1562),.UNSPECIFIED.,.T.,.F.) B_SPLINE_CURVE_WITH_KNOTS((1,2
    ,2,2,2,1),(-2.094395102393,0.,2.094395102393,4.188790204786,
6.28318530718,8.377580409573),.UNSPECIFIED.) CURVE() 
GEOMETRIC_REPRESENTATION_ITEM() RATIONAL_B_SPLINE_CURVE((1.,0.5,1.,0.5,
1.,0.5,1.)) REPRESENTATION_ITEM('') );
#1556 = CARTESIAN_POINT('',(-36.75,-1.55));
#1557 = CARTESIAN_POINT('',(-39.43467875173,-1.55));
#1558 = CARTESIAN_POINT('',(-38.09233937586,0.775));
#1559 = CARTESIAN_POINT('',(-36.75,3.1));
#1560 = CARTESIAN_POINT('',(-35.40766062413,0.775));
#1561 = CARTESIAN_POINT('',(-34.06532124826,-1.55));
#1562 = CARTESIAN_POINT('',(-36.75,-1.55));
#1563 = ( GEOMETRIC_REPRESENTATION_CONTEXT(2) 
PARAMETRIC_REPRESENTATION_CONTEXT() REPRESENTATION_CONTEXT('2D SPACE',''
  ) );
#1564 = PCURVE('',#1069,#1565);
#1565 = DEFINITIONAL_REPRESENTATION('',(#1566),#1570);
#1566 = LINE('',#1567,#1568);
#1567 = CARTESIAN_POINT('',(-0.,0.8));
#1568 = VECTOR('',#1569,1.);
#1569 = DIRECTION('',(-1.,0.));
#1570 = ( GEOMETRIC_REPRESENTATION_CONTEXT(2) 
PARAMETRIC_REPRESENTATION_CONTEXT() REPRESENTATION_CONTEXT('2D SPACE',''
  ) );
#1571 = ORIENTED_EDGE('',*,*,#1031,.T.);
#1572 = ADVANCED_FACE('',(#1573),#646,.F.);
#1573 = FACE_BOUND('',#1574,.T.);
#1574 = EDGE_LOOP('',(#1575,#1576,#1600,#1618));
#1575 = ORIENTED_EDGE('',*,*,#629,.F.);
#1576 = ORIENTED_EDGE('',*,*,#1577,.T.);
#1577 = EDGE_CURVE('',#604,#1578,#1580,.T.);
#1578 = VERTEX_POINT('',#1579);
#1579 = CARTESIAN_POINT('',(36.75,-0.75,108.2));
#1580 = SURFACE_CURVE('',#1581,(#1586,#1593),.PCURVE_S1.);
#1581 = CIRCLE('',#1582,0.75);
#1582 = AXIS2_PLACEMENT_3D('',#1583,#1584,#1585);
#1583 = CARTESIAN_POINT('',(36.75,0.,108.2));
#1584 = DIRECTION('',(0.,0.,-1.));
#1585 = DIRECTION('',(0.,1.,0.));
#1586 = PCURVE('',#646,#1587);
#1587 = DEFINITIONAL_REPRESENTATION('',(#1588),#1592);
#1588 = LINE('',#1589,#1590);
#1589 = CARTESIAN_POINT('',(-0.,0.));
#1590 = VECTOR('',#1591,1.);
#1591 = DIRECTION('',(-1.,0.));
#1592 = ( GEOMETRIC_REPRESENTATION_CONTEXT(2) 
PARAMETRIC_REPRESENTATION_CONTEXT() REPRESENTATION_CONTEXT('2D SPACE',''
  ) );
#1593 = PCURVE('',#618,#1594);
#1594 = DEFINITIONAL_REPRESENTATION('',(#1595),#1599);
#1595 = LINE('',#1596,#1597);
#1596 = CARTESIAN_POINT('',(-0.,0.7));
#1597 = VECTOR('',#1598,1.);
#1598 = DIRECTION('',(-1.,0.));
#1599 = ( GEOMETRIC_REPRESENTATION_CONTEXT(2) 
PARAMETRIC_REPRESENTATION_CONTEXT() REPRESENTATION_CONTEXT('2D SPACE',''
  ) );
#1600 = ORIENTED_EDGE('',*,*,#1601,.T.);
#1601 = EDGE_CURVE('',#1578,#1491,#1602,.T.);
#1602 = SURFACE_CURVE('',#1603,(#1606,#1612),.PCURVE_S1.);
#1603 = B_SPLINE_CURVE_WITH_KNOTS('',1,(#1604,#1605),.UNSPECIFIED.,.F.,
  .F.,(2,2),(0.,1.),.PIECEWISE_BEZIER_KNOTS.);
#1604 = CARTESIAN_POINT('',(36.75,-0.75,108.2));
#1605 = CARTESIAN_POINT('',(36.75,-1.55,109.));
#1606 = PCURVE('',#646,#1607);
#1607 = DEFINITIONAL_REPRESENTATION('',(#1608),#1611);
#1608 = B_SPLINE_CURVE_WITH_KNOTS('',1,(#1609,#1610),.UNSPECIFIED.,.F.,
  .F.,(2,2),(0.,1.),.PIECEWISE_BEZIER_KNOTS.);
#1609 = CARTESIAN_POINT('',(-3.14159265359,0.));
#1610 = CARTESIAN_POINT('',(-3.14159265359,0.8));
#1611 = ( GEOMETRIC_REPRESENTATION_CONTEXT(2) 
PARAMETRIC_REPRESENTATION_CONTEXT() REPRESENTATION_CONTEXT('2D SPACE',''
  ) );
#1612 = PCURVE('',#1534,#1613);
#1613 = DEFINITIONAL_REPRESENTATION('',(#1614),#1617);
#1614 = B_SPLINE_CURVE_WITH_KNOTS('',1,(#1615,#1616),.UNSPECIFIED.,.F.,
  .F.,(2,2),(0.,1.),.PIECEWISE_BEZIER_KNOTS.);
#1615 = CARTESIAN_POINT('',(0.,-1.131370849898));
#1616 = CARTESIAN_POINT('',(0.,0.));
#1617 = ( GEOMETRIC_REPRESENTATION_CONTEXT(2) 
PARAMETRIC_REPRESENTATION_CONTEXT() REPRESENTATION_CONTEXT('2D SPACE',''
  ) );
#1618 = ORIENTED_EDGE('',*,*,#1490,.F.);
#1619 = ADVANCED_FACE('',(#1620),#618,.F.);
#1620 = FACE_BOUND('',#1621,.T.);
#1621 = EDGE_LOOP('',(#1622,#1645,#1668,#1669));
#1622 = ORIENTED_EDGE('',*,*,#1623,.F.);
#1623 = EDGE_CURVE('',#1624,#578,#1626,.T.);
#1624 = VERTEX_POINT('',#1625);
#1625 = CARTESIAN_POINT('',(36.75,-0.75,107.5));
#1626 = SURFACE_CURVE('',#1627,(#1632,#1638),.PCURVE_S1.);
#1627 = CIRCLE('',#1628,0.75);
#1628 = AXIS2_PLACEMENT_3D('',#1629,#1630,#1631);
#1629 = CARTESIAN_POINT('',(36.75,0.,107.5));
#1630 = DIRECTION('',(-0.,0.,1.));
#1631 = DIRECTION('',(0.,-1.,0.));
#1632 = PCURVE('',#618,#1633);
#1633 = DEFINITIONAL_REPRESENTATION('',(#1634),#1637);
#1634 = B_SPLINE_CURVE_WITH_KNOTS('',1,(#1635,#1636),.UNSPECIFIED.,.F.,
  .F.,(2,2),(0.,3.14159265359),.PIECEWISE_BEZIER_KNOTS.);
#1635 = CARTESIAN_POINT('',(-3.14159265359,0.));
#1636 = CARTESIAN_POINT('',(0.,0.));
#1637 = ( GEOMETRIC_REPRESENTATION_CONTEXT(2) 
PARAMETRIC_REPRESENTATION_CONTEXT() REPRESENTATION_CONTEXT('2D SPACE',''
  ) );
#1638 = PCURVE('',#592,#1639);
#1639 = DEFINITIONAL_REPRESENTATION('',(#1640),#1644);
#1640 = LINE('',#1641,#1642);
#1641 = CARTESIAN_POINT('',(3.14159265359,-8.5));
#1642 = VECTOR('',#1643,1.);
#1643 = DIRECTION('',(-1.,-0.));
#1644 = ( GEOMETRIC_REPRESENTATION_CONTEXT(2) 
PARAMETRIC_REPRESENTATION_CONTEXT() REPRESENTATION_CONTEXT('2D SPACE',''
  ) );
#1645 = ORIENTED_EDGE('',*,*,#1646,.T.);
#1646 = EDGE_CURVE('',#1624,#1578,#1647,.T.);
#1647 = SURFACE_CURVE('',#1648,(#1651,#1657),.PCURVE_S1.);
#1648 = B_SPLINE_CURVE_WITH_KNOTS('',1,(#1649,#1650),.UNSPECIFIED.,.F.,
  .F.,(2,2),(0.,1.),.PIECEWISE_BEZIER_KNOTS.);
#1649 = CARTESIAN_POINT('',(36.75,-0.75,107.5));
#1650 = CARTESIAN_POINT('',(36.75,-0.75,108.2));
#1651 = PCURVE('',#618,#1652);
#1652 = DEFINITIONAL_REPRESENTATION('',(#1653),#1656);
#1653 = B_SPLINE_CURVE_WITH_KNOTS('',1,(#1654,#1655),.UNSPECIFIED.,.F.,
  .F.,(2,2),(0.,1.),.PIECEWISE_BEZIER_KNOTS.);
#1654 = CARTESIAN_POINT('',(-3.14159265359,0.));
#1655 = CARTESIAN_POINT('',(-3.14159265359,0.7));
#1656 = ( GEOMETRIC_REPRESENTATION_CONTEXT(2) 
PARAMETRIC_REPRESENTATION_CONTEXT() REPRESENTATION_CONTEXT('2D SPACE',''
  ) );
#1657 = PCURVE('',#1658,#1663);
#1658 = PLANE('',#1659);
#1659 = AXIS2_PLACEMENT_3D('',#1660,#1661,#1662);
#1660 = CARTESIAN_POINT('',(36.75,-0.75,108.2));
#1661 = DIRECTION('',(0.,1.,-0.));
#1662 = DIRECTION('',(-1.,0.,0.));
#1663 = DEFINITIONAL_REPRESENTATION('',(#1664),#1667);
#1664 = B_SPLINE_CURVE_WITH_KNOTS('',1,(#1665,#1666),.UNSPECIFIED.,.F.,
  .F.,(2,2),(0.,1.),.PIECEWISE_BEZIER_KNOTS.);
#1665 = CARTESIAN_POINT('',(0.,-0.7));
#1666 = CARTESIAN_POINT('',(0.,0.));
#1667 = ( GEOMETRIC_REPRESENTATION_CONTEXT(2) 
PARAMETRIC_REPRESENTATION_CONTEXT() REPRESENTATION_CONTEXT('2D SPACE',''
  ) );
#1668 = ORIENTED_EDGE('',*,*,#1577,.F.);
#1669 = ORIENTED_EDGE('',*,*,#603,.F.);
#1670 = ADVANCED_FACE('',(#1671),#592,.F.);
#1671 = FACE_BOUND('',#1672,.F.);
#1672 = EDGE_LOOP('',(#1673,#1674,#1675,#1676));
#1673 = ORIENTED_EDGE('',*,*,#1262,.F.);
#1674 = ORIENTED_EDGE('',*,*,#577,.F.);
#1675 = ORIENTED_EDGE('',*,*,#1623,.F.);
#1676 = ORIENTED_EDGE('',*,*,#1677,.F.);
#1677 = EDGE_CURVE('',#1188,#1624,#1678,.T.);
#1678 = SURFACE_CURVE('',#1679,(#1683,#1690),.PCURVE_S1.);
#1679 = LINE('',#1680,#1681);
#1680 = CARTESIAN_POINT('',(36.75,-0.75,99.));
#1681 = VECTOR('',#1682,1.);
#1682 = DIRECTION('',(0.,0.,1.));
#1683 = PCURVE('',#592,#1684);
#1684 = DEFINITIONAL_REPRESENTATION('',(#1685),#1689);
#1685 = LINE('',#1686,#1687);
#1686 = CARTESIAN_POINT('',(3.14159265359,0.));
#1687 = VECTOR('',#1688,1.);
#1688 = DIRECTION('',(0.,-1.));
#1689 = ( GEOMETRIC_REPRESENTATION_CONTEXT(2) 
PARAMETRIC_REPRESENTATION_CONTEXT() REPRESENTATION_CONTEXT('2D SPACE',''
  ) );
#1690 = PCURVE('',#1223,#1691);
#1691 = DEFINITIONAL_REPRESENTATION('',(#1692),#1696);
#1692 = LINE('',#1693,#1694);
#1693 = CARTESIAN_POINT('',(0.,-0.));
#1694 = VECTOR('',#1695,1.);
#1695 = DIRECTION('',(0.,-1.));
#1696 = ( GEOMETRIC_REPRESENTATION_CONTEXT(2) 
PARAMETRIC_REPRESENTATION_CONTEXT() REPRESENTATION_CONTEXT('2D SPACE',''
  ) );
#1697 = ADVANCED_FACE('',(#1698),#857,.T.);
#1698 = FACE_BOUND('',#1699,.F.);
#1699 = EDGE_LOOP('',(#1700,#1701,#1702,#1703));
#1700 = ORIENTED_EDGE('',*,*,#1293,.F.);
#1701 = ORIENTED_EDGE('',*,*,#840,.F.);
#1702 = ORIENTED_EDGE('',*,*,#963,.F.);
#1703 = ORIENTED_EDGE('',*,*,#1342,.T.);
#1704 = ADVANCED_FACE('',(#1705),#1124,.F.);
#1705 = FACE_BOUND('',#1706,.F.);
#1706 = EDGE_LOOP('',(#1707,#1708,#1731,#1752));
#1707 = ORIENTED_EDGE('',*,*,#1162,.F.);
#1708 = ORIENTED_EDGE('',*,*,#1709,.T.);
#1709 = EDGE_CURVE('',#1141,#1710,#1712,.T.);
#1710 = VERTEX_POINT('',#1711);
#1711 = CARTESIAN_POINT('',(-36.75,-0.75,107.5));
#1712 = SURFACE_CURVE('',#1713,(#1717,#1724),.PCURVE_S1.);
#1713 = LINE('',#1714,#1715);
#1714 = CARTESIAN_POINT('',(-36.75,-0.75,99.));
#1715 = VECTOR('',#1716,1.);
#1716 = DIRECTION('',(0.,0.,1.));
#1717 = PCURVE('',#1124,#1718);
#1718 = DEFINITIONAL_REPRESENTATION('',(#1719),#1723);
#1719 = LINE('',#1720,#1721);
#1720 = CARTESIAN_POINT('',(0.,0.));
#1721 = VECTOR('',#1722,1.);
#1722 = DIRECTION('',(0.,-1.));
#1723 = ( GEOMETRIC_REPRESENTATION_CONTEXT(2) 
PARAMETRIC_REPRESENTATION_CONTEXT() REPRESENTATION_CONTEXT('2D SPACE',''
  ) );
#1724 = PCURVE('',#1223,#1725);
#1725 = DEFINITIONAL_REPRESENTATION('',(#1726),#1730);
#1726 = LINE('',#1727,#1728);
#1727 = CARTESIAN_POINT('',(73.5,0.));
#1728 = VECTOR('',#1729,1.);
#1729 = DIRECTION('',(0.,-1.));
#1730 = ( GEOMETRIC_REPRESENTATION_CONTEXT(2) 
PARAMETRIC_REPRESENTATION_CONTEXT() REPRESENTATION_CONTEXT('2D SPACE',''
  ) );
#1731 = ORIENTED_EDGE('',*,*,#1732,.F.);
#1732 = EDGE_CURVE('',#1086,#1710,#1733,.T.);
#1733 = SURFACE_CURVE('',#1734,(#1739,#1746),.PCURVE_S1.);
#1734 = CIRCLE('',#1735,0.75);
#1735 = AXIS2_PLACEMENT_3D('',#1736,#1737,#1738);
#1736 = CARTESIAN_POINT('',(-36.75,0.,107.5));
#1737 = DIRECTION('',(0.,-0.,1.));
#1738 = DIRECTION('',(0.,1.,0.));
#1739 = PCURVE('',#1124,#1740);
#1740 = DEFINITIONAL_REPRESENTATION('',(#1741),#1745);
#1741 = LINE('',#1742,#1743);
#1742 = CARTESIAN_POINT('',(3.14159265359,-8.5));
#1743 = VECTOR('',#1744,1.);
#1744 = DIRECTION('',(-1.,-0.));
#1745 = ( GEOMETRIC_REPRESENTATION_CONTEXT(2) 
PARAMETRIC_REPRESENTATION_CONTEXT() REPRESENTATION_CONTEXT('2D SPACE',''
  ) );
#1746 = PCURVE('',#1100,#1747);
#1747 = DEFINITIONAL_REPRESENTATION('',(#1748),#1751);
#1748 = B_SPLINE_CURVE_WITH_KNOTS('',1,(#1749,#1750),.UNSPECIFIED.,.F.,
  .F.,(2,2),(0.,3.14159265359),.PIECEWISE_BEZIER_KNOTS.);
#1749 = CARTESIAN_POINT('',(-3.14159265359,0.));
#1750 = CARTESIAN_POINT('',(0.,0.));
#1751 = ( GEOMETRIC_REPRESENTATION_CONTEXT(2) 
PARAMETRIC_REPRESENTATION_CONTEXT() REPRESENTATION_CONTEXT('2D SPACE',''
  ) );
#1752 = ORIENTED_EDGE('',*,*,#1111,.T.);
#1753 = ADVANCED_FACE('',(#1754),#1100,.F.);
#1754 = FACE_BOUND('',#1755,.T.);
#1755 = EDGE_LOOP('',(#1756,#1757,#1758,#1782));
#1756 = ORIENTED_EDGE('',*,*,#1732,.F.);
#1757 = ORIENTED_EDGE('',*,*,#1085,.T.);
#1758 = ORIENTED_EDGE('',*,*,#1759,.F.);
#1759 = EDGE_CURVE('',#1760,#1053,#1762,.T.);
#1760 = VERTEX_POINT('',#1761);
#1761 = CARTESIAN_POINT('',(-36.75,-0.75,108.2));
#1762 = SURFACE_CURVE('',#1763,(#1768,#1775),.PCURVE_S1.);
#1763 = CIRCLE('',#1764,0.75);
#1764 = AXIS2_PLACEMENT_3D('',#1765,#1766,#1767);
#1765 = CARTESIAN_POINT('',(-36.75,0.,108.2));
#1766 = DIRECTION('',(0.,-0.,-1.));
#1767 = DIRECTION('',(0.,-1.,0.));
#1768 = PCURVE('',#1100,#1769);
#1769 = DEFINITIONAL_REPRESENTATION('',(#1770),#1774);
#1770 = LINE('',#1771,#1772);
#1771 = CARTESIAN_POINT('',(-0.,0.7));
#1772 = VECTOR('',#1773,1.);
#1773 = DIRECTION('',(-1.,0.));
#1774 = ( GEOMETRIC_REPRESENTATION_CONTEXT(2) 
PARAMETRIC_REPRESENTATION_CONTEXT() REPRESENTATION_CONTEXT('2D SPACE',''
  ) );
#1775 = PCURVE('',#1069,#1776);
#1776 = DEFINITIONAL_REPRESENTATION('',(#1777),#1781);
#1777 = LINE('',#1778,#1779);
#1778 = CARTESIAN_POINT('',(-0.,0.));
#1779 = VECTOR('',#1780,1.);
#1780 = DIRECTION('',(-1.,0.));
#1781 = ( GEOMETRIC_REPRESENTATION_CONTEXT(2) 
PARAMETRIC_REPRESENTATION_CONTEXT() REPRESENTATION_CONTEXT('2D SPACE',''
  ) );
#1782 = ORIENTED_EDGE('',*,*,#1783,.F.);
#1783 = EDGE_CURVE('',#1710,#1760,#1784,.T.);
#1784 = SURFACE_CURVE('',#1785,(#1788,#1794),.PCURVE_S1.);
#1785 = B_SPLINE_CURVE_WITH_KNOTS('',1,(#1786,#1787),.UNSPECIFIED.,.F.,
  .F.,(2,2),(0.,1.),.PIECEWISE_BEZIER_KNOTS.);
#1786 = CARTESIAN_POINT('',(-36.75,-0.75,107.5));
#1787 = CARTESIAN_POINT('',(-36.75,-0.75,108.2));
#1788 = PCURVE('',#1100,#1789);
#1789 = DEFINITIONAL_REPRESENTATION('',(#1790),#1793);
#1790 = B_SPLINE_CURVE_WITH_KNOTS('',1,(#1791,#1792),.UNSPECIFIED.,.F.,
  .F.,(2,2),(0.,1.),.PIECEWISE_BEZIER_KNOTS.);
#1791 = CARTESIAN_POINT('',(0.,0.));
#1792 = CARTESIAN_POINT('',(0.,0.7));
#1793 = ( GEOMETRIC_REPRESENTATION_CONTEXT(2) 
PARAMETRIC_REPRESENTATION_CONTEXT() REPRESENTATION_CONTEXT('2D SPACE',''
  ) );
#1794 = PCURVE('',#1658,#1795);
#1795 = DEFINITIONAL_REPRESENTATION('',(#1796),#1799);
#1796 = B_SPLINE_CURVE_WITH_KNOTS('',1,(#1797,#1798),.UNSPECIFIED.,.F.,
  .F.,(2,2),(0.,1.),.PIECEWISE_BEZIER_KNOTS.);
#1797 = CARTESIAN_POINT('',(73.5,-0.7));
#1798 = CARTESIAN_POINT('',(73.5,0.));
#1799 = ( GEOMETRIC_REPRESENTATION_CONTEXT(2) 
PARAMETRIC_REPRESENTATION_CONTEXT() REPRESENTATION_CONTEXT('2D SPACE',''
  ) );
#1800 = ADVANCED_FACE('',(#1801),#1069,.F.);
#1801 = FACE_BOUND('',#1802,.T.);
#1802 = EDGE_LOOP('',(#1803,#1821,#1822,#1823));
#1803 = ORIENTED_EDGE('',*,*,#1804,.F.);
#1804 = EDGE_CURVE('',#1760,#1519,#1805,.T.);
#1805 = SURFACE_CURVE('',#1806,(#1809,#1815),.PCURVE_S1.);
#1806 = B_SPLINE_CURVE_WITH_KNOTS('',1,(#1807,#1808),.UNSPECIFIED.,.F.,
  .F.,(2,2),(0.,1.),.PIECEWISE_BEZIER_KNOTS.);
#1807 = CARTESIAN_POINT('',(-36.75,-0.75,108.2));
#1808 = CARTESIAN_POINT('',(-36.75,-1.55,109.));
#1809 = PCURVE('',#1069,#1810);
#1810 = DEFINITIONAL_REPRESENTATION('',(#1811),#1814);
#1811 = B_SPLINE_CURVE_WITH_KNOTS('',1,(#1812,#1813),.UNSPECIFIED.,.F.,
  .F.,(2,2),(0.,1.),.PIECEWISE_BEZIER_KNOTS.);
#1812 = CARTESIAN_POINT('',(0.,0.));
#1813 = CARTESIAN_POINT('',(0.,0.8));
#1814 = ( GEOMETRIC_REPRESENTATION_CONTEXT(2) 
PARAMETRIC_REPRESENTATION_CONTEXT() REPRESENTATION_CONTEXT('2D SPACE',''
  ) );
#1815 = PCURVE('',#1534,#1816);
#1816 = DEFINITIONAL_REPRESENTATION('',(#1817),#1820);
#1817 = B_SPLINE_CURVE_WITH_KNOTS('',1,(#1818,#1819),.UNSPECIFIED.,.F.,
  .F.,(2,2),(0.,1.),.PIECEWISE_BEZIER_KNOTS.);
#1818 = CARTESIAN_POINT('',(73.5,-1.131370849898));
#1819 = CARTESIAN_POINT('',(73.5,0.));
#1820 = ( GEOMETRIC_REPRESENTATION_CONTEXT(2) 
PARAMETRIC_REPRESENTATION_CONTEXT() REPRESENTATION_CONTEXT('2D SPACE',''
  ) );
#1821 = ORIENTED_EDGE('',*,*,#1759,.T.);
#1822 = ORIENTED_EDGE('',*,*,#1052,.F.);
#1823 = ORIENTED_EDGE('',*,*,#1546,.F.);
#1824 = ADVANCED_FACE('',(#1825),#1020,.T.);
#1825 = FACE_BOUND('',#1826,.F.);
#1826 = EDGE_LOOP('',(#1827,#1828,#1829,#1830));
#1827 = ORIENTED_EDGE('',*,*,#1417,.F.);
#1828 = ORIENTED_EDGE('',*,*,#1390,.F.);
#1829 = ORIENTED_EDGE('',*,*,#1005,.F.);
#1830 = ORIENTED_EDGE('',*,*,#1466,.T.);
#1831 = ADVANCED_FACE('',(#1832),#1223,.F.);
#1832 = FACE_BOUND('',#1833,.F.);
#1833 = EDGE_LOOP('',(#1834,#1835,#1836,#1857));
#1834 = ORIENTED_EDGE('',*,*,#1209,.F.);
#1835 = ORIENTED_EDGE('',*,*,#1677,.T.);
#1836 = ORIENTED_EDGE('',*,*,#1837,.T.);
#1837 = EDGE_CURVE('',#1624,#1710,#1838,.T.);
#1838 = SURFACE_CURVE('',#1839,(#1843,#1850),.PCURVE_S1.);
#1839 = LINE('',#1840,#1841);
#1840 = CARTESIAN_POINT('',(36.75,-0.75,107.5));
#1841 = VECTOR('',#1842,1.);
#1842 = DIRECTION('',(-1.,0.,0.));
#1843 = PCURVE('',#1223,#1844);
#1844 = DEFINITIONAL_REPRESENTATION('',(#1845),#1849);
#1845 = LINE('',#1846,#1847);
#1846 = CARTESIAN_POINT('',(0.,-8.5));
#1847 = VECTOR('',#1848,1.);
#1848 = DIRECTION('',(1.,0.));
#1849 = ( GEOMETRIC_REPRESENTATION_CONTEXT(2) 
PARAMETRIC_REPRESENTATION_CONTEXT() REPRESENTATION_CONTEXT('2D SPACE',''
  ) );
#1850 = PCURVE('',#1658,#1851);
#1851 = DEFINITIONAL_REPRESENTATION('',(#1852),#1856);
#1852 = LINE('',#1853,#1854);
#1853 = CARTESIAN_POINT('',(0.,-0.7));
#1854 = VECTOR('',#1855,1.);
#1855 = DIRECTION('',(1.,0.));
#1856 = ( GEOMETRIC_REPRESENTATION_CONTEXT(2) 
PARAMETRIC_REPRESENTATION_CONTEXT() REPRESENTATION_CONTEXT('2D SPACE',''
  ) );
#1857 = ORIENTED_EDGE('',*,*,#1709,.F.);
#1858 = ADVANCED_FACE('',(#1859),#1534,.T.);
#1859 = FACE_BOUND('',#1860,.T.);
#1860 = EDGE_LOOP('',(#1861,#1882,#1883,#1884));
#1861 = ORIENTED_EDGE('',*,*,#1862,.T.);
#1862 = EDGE_CURVE('',#1578,#1760,#1863,.T.);
#1863 = SURFACE_CURVE('',#1864,(#1868,#1875),.PCURVE_S1.);
#1864 = LINE('',#1865,#1866);
#1865 = CARTESIAN_POINT('',(36.75,-0.75,108.2));
#1866 = VECTOR('',#1867,1.);
#1867 = DIRECTION('',(-1.,0.,0.));
#1868 = PCURVE('',#1534,#1869);
#1869 = DEFINITIONAL_REPRESENTATION('',(#1870),#1874);
#1870 = LINE('',#1871,#1872);
#1871 = CARTESIAN_POINT('',(0.,-1.131370849898));
#1872 = VECTOR('',#1873,1.);
#1873 = DIRECTION('',(1.,0.));
#1874 = ( GEOMETRIC_REPRESENTATION_CONTEXT(2) 
PARAMETRIC_REPRESENTATION_CONTEXT() REPRESENTATION_CONTEXT('2D SPACE',''
  ) );
#1875 = PCURVE('',#1658,#1876);
#1876 = DEFINITIONAL_REPRESENTATION('',(#1877),#1881);
#1877 = LINE('',#1878,#1879);
#1878 = CARTESIAN_POINT('',(0.,0.));
#1879 = VECTOR('',#1880,1.);
#1880 = DIRECTION('',(1.,0.));
#1881 = ( GEOMETRIC_REPRESENTATION_CONTEXT(2) 
PARAMETRIC_REPRESENTATION_CONTEXT() REPRESENTATION_CONTEXT('2D SPACE',''
  ) );
#1882 = ORIENTED_EDGE('',*,*,#1804,.T.);
#1883 = ORIENTED_EDGE('',*,*,#1518,.F.);
#1884 = ORIENTED_EDGE('',*,*,#1601,.F.);
#1885 = ADVANCED_FACE('',(#1886),#1658,.T.);
#1886 = FACE_BOUND('',#1887,.T.);
#1887 = EDGE_LOOP('',(#1888,#1889,#1890,#1891));
#1888 = ORIENTED_EDGE('',*,*,#1837,.T.);
#1889 = ORIENTED_EDGE('',*,*,#1783,.T.);
#1890 = ORIENTED_EDGE('',*,*,#1862,.F.);
#1891 = ORIENTED_EDGE('',*,*,#1646,.F.);
#1892 = ORIENTED_CLOSED_SHELL('',*,#1893,.F.);
#1893 = CLOSED_SHELL('',(#1894,#1982,#1986));
#1894 = ADVANCED_FACE('',(#1895),#1908,.T.);
#1895 = FACE_BOUND('',#1896,.T.);
#1896 = EDGE_LOOP('',(#1897,#1931,#1954,#1981));
#1897 = ORIENTED_EDGE('',*,*,#1898,.T.);
#1898 = EDGE_CURVE('',#1899,#1899,#1901,.T.);
#1899 = VERTEX_POINT('',#1900);
#1900 = CARTESIAN_POINT('',(-39.5,0.,54.5));
#1901 = SURFACE_CURVE('',#1902,(#1907,#1919),.PCURVE_S1.);
#1902 = CIRCLE('',#1903,2.);
#1903 = AXIS2_PLACEMENT_3D('',#1904,#1905,#1906);
#1904 = CARTESIAN_POINT('',(-41.5,0.,54.5));
#1905 = DIRECTION('',(0.,-1.,0.));
#1906 = DIRECTION('',(1.,0.,0.));
#1907 = PCURVE('',#1908,#1913);
#1908 = CYLINDRICAL_SURFACE('',#1909,2.);
#1909 = AXIS2_PLACEMENT_3D('',#1910,#1911,#1912);
#1910 = CARTESIAN_POINT('',(-41.5,0.,54.5));
#1911 = DIRECTION('',(0.,1.,0.));
#1912 = DIRECTION('',(1.,0.,0.));
#1913 = DEFINITIONAL_REPRESENTATION('',(#1914),#1918);
#1914 = LINE('',#1915,#1916);
#1915 = CARTESIAN_POINT('',(6.28318530718,0.));
#1916 = VECTOR('',#1917,1.);
#1917 = DIRECTION('',(-1.,0.));
#1918 = ( GEOMETRIC_REPRESENTATION_CONTEXT(2) 
PARAMETRIC_REPRESENTATION_CONTEXT() REPRESENTATION_CONTEXT('2D SPACE',''
  ) );
#1919 = PCURVE('',#1920,#1925);
#1920 = PLANE('',#1921);
#1921 = AXIS2_PLACEMENT_3D('',#1922,#1923,#1924);
#1922 = CARTESIAN_POINT('',(-41.5,0.,54.5));
#1923 = DIRECTION('',(-0.,-1.,-0.));
#1924 = DIRECTION('',(0.,0.,-1.));
#1925 = DEFINITIONAL_REPRESENTATION('',(#1926),#1930);
#1926 = CIRCLE('',#1927,2.);
#1927 = AXIS2_PLACEMENT_2D('',#1928,#1929);
#1928 = CARTESIAN_POINT('',(0.,0.));
#1929 = DIRECTION('',(0.,1.));
#1930 = ( GEOMETRIC_REPRESENTATION_CONTEXT(2) 
PARAMETRIC_REPRESENTATION_CONTEXT() REPRESENTATION_CONTEXT('2D SPACE',''
  ) );
#1931 = ORIENTED_EDGE('',*,*,#1932,.T.);
#1932 = EDGE_CURVE('',#1899,#1933,#1935,.T.);
#1933 = VERTEX_POINT('',#1934);
#1934 = CARTESIAN_POINT('',(-39.5,-12.,54.5));
#1935 = SEAM_CURVE('',#1936,(#1940,#1947),.PCURVE_S1.);
#1936 = LINE('',#1937,#1938);
#1937 = CARTESIAN_POINT('',(-39.5,0.,54.5));
#1938 = VECTOR('',#1939,1.);
#1939 = DIRECTION('',(0.,-1.,0.));
#1940 = PCURVE('',#1908,#1941);
#1941 = DEFINITIONAL_REPRESENTATION('',(#1942),#1946);
#1942 = LINE('',#1943,#1944);
#1943 = CARTESIAN_POINT('',(4.138911435803E-13,0.));
#1944 = VECTOR('',#1945,1.);
#1945 = DIRECTION('',(-0.,-1.));
#1946 = ( GEOMETRIC_REPRESENTATION_CONTEXT(2) 
PARAMETRIC_REPRESENTATION_CONTEXT() REPRESENTATION_CONTEXT('2D SPACE',''
  ) );
#1947 = PCURVE('',#1908,#1948);
#1948 = DEFINITIONAL_REPRESENTATION('',(#1949),#1953);
#1949 = LINE('',#1950,#1951);
#1950 = CARTESIAN_POINT('',(6.283185307179,0.));
#1951 = VECTOR('',#1952,1.);
#1952 = DIRECTION('',(-0.,-1.));
#1953 = ( GEOMETRIC_REPRESENTATION_CONTEXT(2) 
PARAMETRIC_REPRESENTATION_CONTEXT() REPRESENTATION_CONTEXT('2D SPACE',''
  ) );
#1954 = ORIENTED_EDGE('',*,*,#1955,.F.);
#1955 = EDGE_CURVE('',#1933,#1933,#1956,.T.);
#1956 = SURFACE_CURVE('',#1957,(#1962,#1969),.PCURVE_S1.);
#1957 = CIRCLE('',#1958,2.);
#1958 = AXIS2_PLACEMENT_3D('',#1959,#1960,#1961);
#1959 = CARTESIAN_POINT('',(-41.5,-12.,54.5));
#1960 = DIRECTION('',(0.,-1.,0.));
#1961 = DIRECTION('',(1.,0.,0.));
#1962 = PCURVE('',#1908,#1963);
#1963 = DEFINITIONAL_REPRESENTATION('',(#1964),#1968);
#1964 = LINE('',#1965,#1966);
#1965 = CARTESIAN_POINT('',(6.28318530718,-12.));
#1966 = VECTOR('',#1967,1.);
#1967 = DIRECTION('',(-1.,0.));
#1968 = ( GEOMETRIC_REPRESENTATION_CONTEXT(2) 
PARAMETRIC_REPRESENTATION_CONTEXT() REPRESENTATION_CONTEXT('2D SPACE',''
  ) );
#1969 = PCURVE('',#1970,#1975);
#1970 = PLANE('',#1971);
#1971 = AXIS2_PLACEMENT_3D('',#1972,#1973,#1974);
#1972 = CARTESIAN_POINT('',(-41.5,-12.,54.5));
#1973 = DIRECTION('',(-0.,-1.,-0.));
#1974 = DIRECTION('',(0.,0.,-1.));
#1975 = DEFINITIONAL_REPRESENTATION('',(#1976),#1980);
#1976 = CIRCLE('',#1977,2.);
#1977 = AXIS2_PLACEMENT_2D('',#1978,#1979);
#1978 = CARTESIAN_POINT('',(0.,0.));
#1979 = DIRECTION('',(0.,1.));
#1980 = ( GEOMETRIC_REPRESENTATION_CONTEXT(2) 
PARAMETRIC_REPRESENTATION_CONTEXT() REPRESENTATION_CONTEXT('2D SPACE',''
  ) );
#1981 = ORIENTED_EDGE('',*,*,#1932,.F.);
#1982 = ADVANCED_FACE('',(#1983),#1920,.F.);
#1983 = FACE_BOUND('',#1984,.F.);
#1984 = EDGE_LOOP('',(#1985));
#1985 = ORIENTED_EDGE('',*,*,#1898,.T.);
#1986 = ADVANCED_FACE('',(#1987),#1970,.T.);
#1987 = FACE_BOUND('',#1988,.T.);
#1988 = EDGE_LOOP('',(#1989));
#1989 = ORIENTED_EDGE('',*,*,#1955,.T.);
#1990 = ORIENTED_CLOSED_SHELL('',*,#1991,.F.);
#1991 = CLOSED_SHELL('',(#1992,#2080,#2084));
#1992 = ADVANCED_FACE('',(#1993),#2006,.T.);
#1993 = FACE_BOUND('',#1994,.T.);
#1994 = EDGE_LOOP('',(#1995,#2029,#2052,#2079));
#1995 = ORIENTED_EDGE('',*,*,#1996,.T.);
#1996 = EDGE_CURVE('',#1997,#1997,#1999,.T.);
#1997 = VERTEX_POINT('',#1998);
#1998 = CARTESIAN_POINT('',(43.5,0.,54.5));
#1999 = SURFACE_CURVE('',#2000,(#2005,#2017),.PCURVE_S1.);
#2000 = CIRCLE('',#2001,2.);
#2001 = AXIS2_PLACEMENT_3D('',#2002,#2003,#2004);
#2002 = CARTESIAN_POINT('',(41.5,0.,54.5));
#2003 = DIRECTION('',(0.,-1.,0.));
#2004 = DIRECTION('',(1.,0.,0.));
#2005 = PCURVE('',#2006,#2011);
#2006 = CYLINDRICAL_SURFACE('',#2007,2.);
#2007 = AXIS2_PLACEMENT_3D('',#2008,#2009,#2010);
#2008 = CARTESIAN_POINT('',(41.5,0.,54.5));
#2009 = DIRECTION('',(0.,1.,0.));
#2010 = DIRECTION('',(1.,0.,0.));
#2011 = DEFINITIONAL_REPRESENTATION('',(#2012),#2016);
#2012 = LINE('',#2013,#2014);
#2013 = CARTESIAN_POINT('',(6.28318530718,0.));
#2014 = VECTOR('',#2015,1.);
#2015 = DIRECTION('',(-1.,0.));
#2016 = ( GEOMETRIC_REPRESENTATION_CONTEXT(2) 
PARAMETRIC_REPRESENTATION_CONTEXT() REPRESENTATION_CONTEXT('2D SPACE',''
  ) );
#2017 = PCURVE('',#2018,#2023);
#2018 = PLANE('',#2019);
#2019 = AXIS2_PLACEMENT_3D('',#2020,#2021,#2022);
#2020 = CARTESIAN_POINT('',(41.5,0.,54.5));
#2021 = DIRECTION('',(-0.,-1.,-0.));
#2022 = DIRECTION('',(0.,0.,-1.));
#2023 = DEFINITIONAL_REPRESENTATION('',(#2024),#2028);
#2024 = CIRCLE('',#2025,2.);
#2025 = AXIS2_PLACEMENT_2D('',#2026,#2027);
#2026 = CARTESIAN_POINT('',(0.,0.));
#2027 = DIRECTION('',(0.,1.));
#2028 = ( GEOMETRIC_REPRESENTATION_CONTEXT(2) 
PARAMETRIC_REPRESENTATION_CONTEXT() REPRESENTATION_CONTEXT('2D SPACE',''
  ) );
#2029 = ORIENTED_EDGE('',*,*,#2030,.T.);
#2030 = EDGE_CURVE('',#1997,#2031,#2033,.T.);
#2031 = VERTEX_POINT('',#2032);
#2032 = CARTESIAN_POINT('',(43.5,-12.,54.5));
#2033 = SEAM_CURVE('',#2034,(#2038,#2045),.PCURVE_S1.);
#2034 = LINE('',#2035,#2036);
#2035 = CARTESIAN_POINT('',(43.5,0.,54.5));
#2036 = VECTOR('',#2037,1.);
#2037 = DIRECTION('',(0.,-1.,0.));
#2038 = PCURVE('',#2006,#2039);
#2039 = DEFINITIONAL_REPRESENTATION('',(#2040),#2044);
#2040 = LINE('',#2041,#2042);
#2041 = CARTESIAN_POINT('',(4.138911435803E-13,0.));
#2042 = VECTOR('',#2043,1.);
#2043 = DIRECTION('',(-0.,-1.));
#2044 = ( GEOMETRIC_REPRESENTATION_CONTEXT(2) 
PARAMETRIC_REPRESENTATION_CONTEXT() REPRESENTATION_CONTEXT('2D SPACE',''
  ) );
#2045 = PCURVE('',#2006,#2046);
#2046 = DEFINITIONAL_REPRESENTATION('',(#2047),#2051);
#2047 = LINE('',#2048,#2049);
#2048 = CARTESIAN_POINT('',(6.283185307179,0.));
#2049 = VECTOR('',#2050,1.);
#2050 = DIRECTION('',(-0.,-1.));
#2051 = ( GEOMETRIC_REPRESENTATION_CONTEXT(2) 
PARAMETRIC_REPRESENTATION_CONTEXT() REPRESENTATION_CONTEXT('2D SPACE',''
  ) );
#2052 = ORIENTED_EDGE('',*,*,#2053,.F.);
#2053 = EDGE_CURVE('',#2031,#2031,#2054,.T.);
#2054 = SURFACE_CURVE('',#2055,(#2060,#2067),.PCURVE_S1.);
#2055 = CIRCLE('',#2056,2.);
#2056 = AXIS2_PLACEMENT_3D('',#2057,#2058,#2059);
#2057 = CARTESIAN_POINT('',(41.5,-12.,54.5));
#2058 = DIRECTION('',(0.,-1.,0.));
#2059 = DIRECTION('',(1.,0.,0.));
#2060 = PCURVE('',#2006,#2061);
#2061 = DEFINITIONAL_REPRESENTATION('',(#2062),#2066);
#2062 = LINE('',#2063,#2064);
#2063 = CARTESIAN_POINT('',(6.28318530718,-12.));
#2064 = VECTOR('',#2065,1.);
#2065 = DIRECTION('',(-1.,0.));
#2066 = ( GEOMETRIC_REPRESENTATION_CONTEXT(2) 
PARAMETRIC_REPRESENTATION_CONTEXT() REPRESENTATION_CONTEXT('2D SPACE',''
  ) );
#2067 = PCURVE('',#2068,#2073);
#2068 = PLANE('',#2069);
#2069 = AXIS2_PLACEMENT_3D('',#2070,#2071,#2072);
#2070 = CARTESIAN_POINT('',(41.5,-12.,54.5));
#2071 = DIRECTION('',(-0.,-1.,-0.));
#2072 = DIRECTION('',(0.,0.,-1.));
#2073 = DEFINITIONAL_REPRESENTATION('',(#2074),#2078);
#2074 = CIRCLE('',#2075,2.);
#2075 = AXIS2_PLACEMENT_2D('',#2076,#2077);
#2076 = CARTESIAN_POINT('',(0.,0.));
#2077 = DIRECTION('',(0.,1.));
#2078 = ( GEOMETRIC_REPRESENTATION_CONTEXT(2) 
PARAMETRIC_REPRESENTATION_CONTEXT() REPRESENTATION_CONTEXT('2D SPACE',''
  ) );
#2079 = ORIENTED_EDGE('',*,*,#2030,.F.);
#2080 = ADVANCED_FACE('',(#2081),#2018,.F.);
#2081 = FACE_BOUND('',#2082,.F.);
#2082 = EDGE_LOOP('',(#2083));
#2083 = ORIENTED_EDGE('',*,*,#1996,.T.);
#2084 = ADVANCED_FACE('',(#2085),#2068,.T.);
#2085 = FACE_BOUND('',#2086,.T.);
#2086 = EDGE_LOOP('',(#2087));
#2087 = ORIENTED_EDGE('',*,*,#2053,.T.);
#2088 = ( GEOMETRIC_REPRESENTATION_CONTEXT(3) 
GLOBAL_UNCERTAINTY_ASSIGNED_CONTEXT((#2092)) 
GLOBAL_UNIT_ASSIGNED_CONTEXT((#2089,#2090,#2091)) REPRESENTATION_CONTEXT
('Context #1','3D Context with UNIT and UNCERTAINTY') );
#2089 = ( LENGTH_UNIT() NAMED_UNIT(*) SI_UNIT(.MILLI.,.METRE.) );
#2090 = ( NAMED_UNIT(*) PLANE_ANGLE_UNIT() SI_UNIT($,.RADIAN.) );
#2091 = ( NAMED_UNIT(*) SI_UNIT($,.STERADIAN.) SOLID_ANGLE_UNIT() );
#2092 = UNCERTAINTY_MEASURE_WITH_UNIT(LENGTH_MEASURE(2.E-07),#2089,
  'distance_accuracy_value','confusion accuracy');
#2093 = CONTEXT_DEPENDENT_SHAPE_REPRESENTATION(#2094,#2096);
#2094 = ( REPRESENTATION_RELATIONSHIP('','',#36,#10) 
REPRESENTATION_RELATIONSHIP_WITH_TRANSFORMATION(#2095) 
SHAPE_REPRESENTATION_RELATIONSHIP() );
#2095 = ITEM_DEFINED_TRANSFORMATION('','',#11,#15);
#2096 = PRODUCT_DEFINITION_SHAPE('Placement','Placement of an item',
  #2097);
#2097 = NEXT_ASSEMBLY_USAGE_OCCURRENCE('3','Camada_01_Body_A_Inferior',
  '',#5,#31,$);
#2098 = PRODUCT_RELATED_PRODUCT_CATEGORY('part',$,(#33));
#2099 = SHAPE_DEFINITION_REPRESENTATION(#2100,#2106);
#2100 = PRODUCT_DEFINITION_SHAPE('','',#2101);
#2101 = PRODUCT_DEFINITION('design','',#2102,#2105);
#2102 = PRODUCT_DEFINITION_FORMATION('','',#2103);
#2103 = PRODUCT('Camada_02_Body_B_Superior_Deslocado',
  'Camada_02_Body_B_Superior_Deslocado','',(#2104));
#2104 = PRODUCT_CONTEXT('',#2,'mechanical');
#2105 = PRODUCT_DEFINITION_CONTEXT('part definition',#2,'design');
#2106 = ADVANCED_BREP_SHAPE_REPRESENTATION('',(#11,#2107),#3663);
#2107 = MANIFOLD_SOLID_BREP('',#2108);
#2108 = CLOSED_SHELL('',(#2109,#2231,#2371,#2642,#2692,#3055,#3130,#3157
    ,#3207,#3259,#3315,#3392,#3420,#3448,#3455,#3502,#3549,#3596,#3602,
    #3629,#3656));
#2109 = ADVANCED_FACE('',(#2110),#2125,.T.);
#2110 = FACE_BOUND('',#2111,.F.);
#2111 = EDGE_LOOP('',(#2112,#2148,#2176,#2205));
#2112 = ORIENTED_EDGE('',*,*,#2113,.F.);
#2113 = EDGE_CURVE('',#2114,#2116,#2118,.T.);
#2114 = VERTEX_POINT('',#2115);
#2115 = CARTESIAN_POINT('',(46.499999888732,40.003216813913,0.));
#2116 = VERTEX_POINT('',#2117);
#2117 = CARTESIAN_POINT('',(-46.49999988873,40.003216813913,0.));
#2118 = SURFACE_CURVE('',#2119,(#2124,#2136),.PCURVE_S1.);
#2119 = CIRCLE('',#2120,46.5);
#2120 = AXIS2_PLACEMENT_3D('',#2121,#2122,#2123);
#2121 = CARTESIAN_POINT('',(0.,40.,0.));
#2122 = DIRECTION('',(0.,0.,1.));
#2123 = DIRECTION('',(1.,0.,0.));
#2124 = PCURVE('',#2125,#2130);
#2125 = CYLINDRICAL_SURFACE('',#2126,46.5);
#2126 = AXIS2_PLACEMENT_3D('',#2127,#2128,#2129);
#2127 = CARTESIAN_POINT('',(0.,40.,0.));
#2128 = DIRECTION('',(-0.,-0.,-1.));
#2129 = DIRECTION('',(1.,0.,0.));
#2130 = DEFINITIONAL_REPRESENTATION('',(#2131),#2135);
#2131 = LINE('',#2132,#2133);
#2132 = CARTESIAN_POINT('',(-0.,0.));
#2133 = VECTOR('',#2134,1.);
#2134 = DIRECTION('',(-1.,0.));
#2135 = ( GEOMETRIC_REPRESENTATION_CONTEXT(2) 
PARAMETRIC_REPRESENTATION_CONTEXT() REPRESENTATION_CONTEXT('2D SPACE',''
  ) );
#2136 = PCURVE('',#2137,#2142);
#2137 = PLANE('',#2138);
#2138 = AXIS2_PLACEMENT_3D('',#2139,#2140,#2141);
#2139 = CARTESIAN_POINT('',(-1.882068139409E-15,40.,0.));
#2140 = DIRECTION('',(0.,0.,1.));
#2141 = DIRECTION('',(1.,0.,-0.));
#2142 = DEFINITIONAL_REPRESENTATION('',(#2143),#2147);
#2143 = CIRCLE('',#2144,46.5);
#2144 = AXIS2_PLACEMENT_2D('',#2145,#2146);
#2145 = CARTESIAN_POINT('',(1.882068139409E-15,0.));
#2146 = DIRECTION('',(1.,0.));
#2147 = ( GEOMETRIC_REPRESENTATION_CONTEXT(2) 
PARAMETRIC_REPRESENTATION_CONTEXT() REPRESENTATION_CONTEXT('2D SPACE',''
  ) );
#2148 = ORIENTED_EDGE('',*,*,#2149,.F.);
#2149 = EDGE_CURVE('',#2150,#2114,#2152,.T.);
#2150 = VERTEX_POINT('',#2151);
#2151 = CARTESIAN_POINT('',(46.499999888732,40.003216813913,69.9));
#2152 = SURFACE_CURVE('',#2153,(#2157,#2164),.PCURVE_S1.);
#2153 = LINE('',#2154,#2155);
#2154 = CARTESIAN_POINT('',(46.499999888732,40.003216813913,0.));
#2155 = VECTOR('',#2156,1.);
#2156 = DIRECTION('',(-0.,-0.,-1.));
#2157 = PCURVE('',#2125,#2158);
#2158 = DEFINITIONAL_REPRESENTATION('',(#2159),#2163);
#2159 = LINE('',#2160,#2161);
#2160 = CARTESIAN_POINT('',(-6.917879387793E-05,0.));
#2161 = VECTOR('',#2162,1.);
#2162 = DIRECTION('',(-0.,1.));
#2163 = ( GEOMETRIC_REPRESENTATION_CONTEXT(2) 
PARAMETRIC_REPRESENTATION_CONTEXT() REPRESENTATION_CONTEXT('2D SPACE',''
  ) );
#2164 = PCURVE('',#2165,#2170);
#2165 = PLANE('',#2166);
#2166 = AXIS2_PLACEMENT_3D('',#2167,#2168,#2169);
#2167 = CARTESIAN_POINT('',(-100.,40.003216813913,-50.));
#2168 = DIRECTION('',(0.,1.,0.));
#2169 = DIRECTION('',(0.,0.,1.));
#2170 = DEFINITIONAL_REPRESENTATION('',(#2171),#2175);
#2171 = LINE('',#2172,#2173);
#2172 = CARTESIAN_POINT('',(50.,146.49999988873));
#2173 = VECTOR('',#2174,1.);
#2174 = DIRECTION('',(-1.,0.));
#2175 = ( GEOMETRIC_REPRESENTATION_CONTEXT(2) 
PARAMETRIC_REPRESENTATION_CONTEXT() REPRESENTATION_CONTEXT('2D SPACE',''
  ) );
#2176 = ORIENTED_EDGE('',*,*,#2177,.T.);
#2177 = EDGE_CURVE('',#2150,#2178,#2180,.T.);
#2178 = VERTEX_POINT('',#2179);
#2179 = CARTESIAN_POINT('',(-46.49999988873,40.003216813913,69.9));
#2180 = SURFACE_CURVE('',#2181,(#2186,#2193),.PCURVE_S1.);
#2181 = CIRCLE('',#2182,46.5);
#2182 = AXIS2_PLACEMENT_3D('',#2183,#2184,#2185);
#2183 = CARTESIAN_POINT('',(0.,40.,69.9));
#2184 = DIRECTION('',(0.,0.,1.));
#2185 = DIRECTION('',(1.,0.,0.));
#2186 = PCURVE('',#2125,#2187);
#2187 = DEFINITIONAL_REPRESENTATION('',(#2188),#2192);
#2188 = LINE('',#2189,#2190);
#2189 = CARTESIAN_POINT('',(-0.,-69.9));
#2190 = VECTOR('',#2191,1.);
#2191 = DIRECTION('',(-1.,0.));
#2192 = ( GEOMETRIC_REPRESENTATION_CONTEXT(2) 
PARAMETRIC_REPRESENTATION_CONTEXT() REPRESENTATION_CONTEXT('2D SPACE',''
  ) );
#2193 = PCURVE('',#2194,#2199);
#2194 = PLANE('',#2195);
#2195 = AXIS2_PLACEMENT_3D('',#2196,#2197,#2198);
#2196 = CARTESIAN_POINT('',(-1.882068139409E-15,40.,69.9));
#2197 = DIRECTION('',(0.,0.,1.));
#2198 = DIRECTION('',(1.,0.,-0.));
#2199 = DEFINITIONAL_REPRESENTATION('',(#2200),#2204);
#2200 = CIRCLE('',#2201,46.5);
#2201 = AXIS2_PLACEMENT_2D('',#2202,#2203);
#2202 = CARTESIAN_POINT('',(1.882068139409E-15,0.));
#2203 = DIRECTION('',(1.,0.));
#2204 = ( GEOMETRIC_REPRESENTATION_CONTEXT(2) 
PARAMETRIC_REPRESENTATION_CONTEXT() REPRESENTATION_CONTEXT('2D SPACE',''
  ) );
#2205 = ORIENTED_EDGE('',*,*,#2206,.T.);
#2206 = EDGE_CURVE('',#2178,#2116,#2207,.T.);
#2207 = SURFACE_CURVE('',#2208,(#2212,#2219),.PCURVE_S1.);
#2208 = LINE('',#2209,#2210);
#2209 = CARTESIAN_POINT('',(-46.49999988873,40.003216813913,0.));
#2210 = VECTOR('',#2211,1.);
#2211 = DIRECTION('',(-0.,-0.,-1.));
#2212 = PCURVE('',#2125,#2213);
#2213 = DEFINITIONAL_REPRESENTATION('',(#2214),#2218);
#2214 = LINE('',#2215,#2216);
#2215 = CARTESIAN_POINT('',(-3.141523474796,0.));
#2216 = VECTOR('',#2217,1.);
#2217 = DIRECTION('',(-0.,1.));
#2218 = ( GEOMETRIC_REPRESENTATION_CONTEXT(2) 
PARAMETRIC_REPRESENTATION_CONTEXT() REPRESENTATION_CONTEXT('2D SPACE',''
  ) );
#2219 = PCURVE('',#2220,#2225);
#2220 = PLANE('',#2221);
#2221 = AXIS2_PLACEMENT_3D('',#2222,#2223,#2224);
#2222 = CARTESIAN_POINT('',(-100.,40.003216813913,-50.));
#2223 = DIRECTION('',(0.,1.,0.));
#2224 = DIRECTION('',(0.,0.,1.));
#2225 = DEFINITIONAL_REPRESENTATION('',(#2226),#2230);
#2226 = LINE('',#2227,#2228);
#2227 = CARTESIAN_POINT('',(50.,53.500000111268));
#2228 = VECTOR('',#2229,1.);
#2229 = DIRECTION('',(-1.,0.));
#2230 = ( GEOMETRIC_REPRESENTATION_CONTEXT(2) 
PARAMETRIC_REPRESENTATION_CONTEXT() REPRESENTATION_CONTEXT('2D SPACE',''
  ) );
#2231 = ADVANCED_FACE('',(#2232),#2137,.F.);
#2232 = FACE_BOUND('',#2233,.F.);
#2233 = EDGE_LOOP('',(#2234,#2257,#2258,#2281,#2325));
#2234 = ORIENTED_EDGE('',*,*,#2235,.F.);
#2235 = EDGE_CURVE('',#2114,#2236,#2238,.T.);
#2236 = VERTEX_POINT('',#2237);
#2237 = CARTESIAN_POINT('',(37.799999863132,40.003216713913,0.));
#2238 = SURFACE_CURVE('',#2239,(#2243,#2250),.PCURVE_S1.);
#2239 = LINE('',#2240,#2241);
#2240 = CARTESIAN_POINT('',(-50.,40.003216813913,0.));
#2241 = VECTOR('',#2242,1.);
#2242 = DIRECTION('',(-1.,0.,0.));
#2243 = PCURVE('',#2137,#2244);
#2244 = DEFINITIONAL_REPRESENTATION('',(#2245),#2249);
#2245 = LINE('',#2246,#2247);
#2246 = CARTESIAN_POINT('',(-50.,3.216813912758E-03));
#2247 = VECTOR('',#2248,1.);
#2248 = DIRECTION('',(-1.,0.));
#2249 = ( GEOMETRIC_REPRESENTATION_CONTEXT(2) 
PARAMETRIC_REPRESENTATION_CONTEXT() REPRESENTATION_CONTEXT('2D SPACE',''
  ) );
#2250 = PCURVE('',#2165,#2251);
#2251 = DEFINITIONAL_REPRESENTATION('',(#2252),#2256);
#2252 = LINE('',#2253,#2254);
#2253 = CARTESIAN_POINT('',(50.,50.));
#2254 = VECTOR('',#2255,1.);
#2255 = DIRECTION('',(0.,-1.));
#2256 = ( GEOMETRIC_REPRESENTATION_CONTEXT(2) 
PARAMETRIC_REPRESENTATION_CONTEXT() REPRESENTATION_CONTEXT('2D SPACE',''
  ) );
#2257 = ORIENTED_EDGE('',*,*,#2113,.T.);
#2258 = ORIENTED_EDGE('',*,*,#2259,.F.);
#2259 = EDGE_CURVE('',#2260,#2116,#2262,.T.);
#2260 = VERTEX_POINT('',#2261);
#2261 = CARTESIAN_POINT('',(-37.79999986313,40.003216713913,0.));
#2262 = SURFACE_CURVE('',#2263,(#2267,#2274),.PCURVE_S1.);
#2263 = LINE('',#2264,#2265);
#2264 = CARTESIAN_POINT('',(-50.,40.003216813913,0.));
#2265 = VECTOR('',#2266,1.);
#2266 = DIRECTION('',(-1.,0.,0.));
#2267 = PCURVE('',#2137,#2268);
#2268 = DEFINITIONAL_REPRESENTATION('',(#2269),#2273);
#2269 = LINE('',#2270,#2271);
#2270 = CARTESIAN_POINT('',(-50.,3.216813912758E-03));
#2271 = VECTOR('',#2272,1.);
#2272 = DIRECTION('',(-1.,0.));
#2273 = ( GEOMETRIC_REPRESENTATION_CONTEXT(2) 
PARAMETRIC_REPRESENTATION_CONTEXT() REPRESENTATION_CONTEXT('2D SPACE',''
  ) );
#2274 = PCURVE('',#2220,#2275);
#2275 = DEFINITIONAL_REPRESENTATION('',(#2276),#2280);
#2276 = LINE('',#2277,#2278);
#2277 = CARTESIAN_POINT('',(50.,50.));
#2278 = VECTOR('',#2279,1.);
#2279 = DIRECTION('',(0.,-1.));
#2280 = ( GEOMETRIC_REPRESENTATION_CONTEXT(2) 
PARAMETRIC_REPRESENTATION_CONTEXT() REPRESENTATION_CONTEXT('2D SPACE',''
  ) );
#2281 = ORIENTED_EDGE('',*,*,#2282,.F.);
#2282 = EDGE_CURVE('',#2283,#2260,#2285,.T.);
#2283 = VERTEX_POINT('',#2284);
#2284 = CARTESIAN_POINT('',(-37.79213073791,40.771267974243,0.));
#2285 = SURFACE_CURVE('',#2286,(#2291,#2298),.PCURVE_S1.);
#2286 = CIRCLE('',#2287,37.8);
#2287 = AXIS2_PLACEMENT_3D('',#2288,#2289,#2290);
#2288 = CARTESIAN_POINT('',(0.,40.,0.));
#2289 = DIRECTION('',(0.,0.,1.));
#2290 = DIRECTION('',(1.,0.,0.));
#2291 = PCURVE('',#2137,#2292);
#2292 = DEFINITIONAL_REPRESENTATION('',(#2293),#2297);
#2293 = CIRCLE('',#2294,37.8);
#2294 = AXIS2_PLACEMENT_2D('',#2295,#2296);
#2295 = CARTESIAN_POINT('',(1.882068139409E-15,0.));
#2296 = DIRECTION('',(1.,0.));
#2297 = ( GEOMETRIC_REPRESENTATION_CONTEXT(2) 
PARAMETRIC_REPRESENTATION_CONTEXT() REPRESENTATION_CONTEXT('2D SPACE',''
  ) );
#2298 = PCURVE('',#2299,#2320);
#2299 = B_SPLINE_SURFACE_WITH_KNOTS('',9,1,(
    (#2300,#2301)
    ,(#2302,#2303)
    ,(#2304,#2305)
    ,(#2306,#2307)
    ,(#2308,#2309)
    ,(#2310,#2311)
    ,(#2312,#2313)
    ,(#2314,#2315)
    ,(#2316,#2317)
    ,(#2318,#2319
    )),.UNSPECIFIED.,.F.,.F.,.F.,(10,10),(2,2),(3.14159265359,
    6.28318530718),(0.,1.),.PIECEWISE_BEZIER_KNOTS.);
#2300 = CARTESIAN_POINT('',(-37.79213073791,40.771267974243,0.));
#2301 = CARTESIAN_POINT('',(-36.75,40.75,99.));
#2302 = CARTESIAN_POINT('',(-37.79562806637,40.599898879786,0.));
#2303 = CARTESIAN_POINT('',(-37.01179938779,40.75,99.));
#2304 = CARTESIAN_POINT('',(-37.79825118407,40.428511943798,0.));
#2305 = CARTESIAN_POINT('',(-37.27360149249,40.647191900061,
    98.999999999999));
#2306 = CARTESIAN_POINT('',(-37.79999998699,40.257112263859,0.));
#2307 = CARTESIAN_POINT('',(-37.48924283384,40.44157278914,
    99.000000000004));
#2308 = CARTESIAN_POINT('',(-37.80087440579,40.08570493755,0.));
#2309 = CARTESIAN_POINT('',(-37.61268047281,40.157317457926,
    98.999999999993));
#2310 = CARTESIAN_POINT('',(-37.80087440579,39.91429506245,0.));
#2311 = CARTESIAN_POINT('',(-37.61268047282,39.842682542074,
    99.000000000007));
#2312 = CARTESIAN_POINT('',(-37.79999998699,39.742887736141,0.));
#2313 = CARTESIAN_POINT('',(-37.48924283383,39.55842721086,
    98.999999999994));
#2314 = CARTESIAN_POINT('',(-37.79825118407,39.571488056202,0.));
#2315 = CARTESIAN_POINT('',(-37.2736014925,39.352808099939,
    99.000000000003));
#2316 = CARTESIAN_POINT('',(-37.79562806637,39.400101120214,0.));
#2317 = CARTESIAN_POINT('',(-37.01179938779,39.25,98.999999999999));
#2318 = CARTESIAN_POINT('',(-37.79213073791,39.228732025757,0.));
#2319 = CARTESIAN_POINT('',(-36.75,39.25,99.));
#2320 = DEFINITIONAL_REPRESENTATION('',(#2321),#2324);
#2321 = B_SPLINE_CURVE_WITH_KNOTS('',1,(#2322,#2323),.UNSPECIFIED.,.F.,
  .F.,(2,2),(3.121187322903,3.161997984276),.PIECEWISE_BEZIER_KNOTS.);
#2322 = CARTESIAN_POINT('',(3.14159265359,0.));
#2323 = CARTESIAN_POINT('',(6.28318530718,0.));
#2324 = ( GEOMETRIC_REPRESENTATION_CONTEXT(2) 
PARAMETRIC_REPRESENTATION_CONTEXT() REPRESENTATION_CONTEXT('2D SPACE',''
  ) );
#2325 = ORIENTED_EDGE('',*,*,#2326,.F.);
#2326 = EDGE_CURVE('',#2236,#2283,#2327,.T.);
#2327 = SURFACE_CURVE('',#2328,(#2333,#2340),.PCURVE_S1.);
#2328 = CIRCLE('',#2329,37.8);
#2329 = AXIS2_PLACEMENT_3D('',#2330,#2331,#2332);
#2330 = CARTESIAN_POINT('',(0.,40.,0.));
#2331 = DIRECTION('',(0.,0.,1.));
#2332 = DIRECTION('',(1.,0.,0.));
#2333 = PCURVE('',#2137,#2334);
#2334 = DEFINITIONAL_REPRESENTATION('',(#2335),#2339);
#2335 = CIRCLE('',#2336,37.8);
#2336 = AXIS2_PLACEMENT_2D('',#2337,#2338);
#2337 = CARTESIAN_POINT('',(1.882068139409E-15,0.));
#2338 = DIRECTION('',(1.,0.));
#2339 = ( GEOMETRIC_REPRESENTATION_CONTEXT(2) 
PARAMETRIC_REPRESENTATION_CONTEXT() REPRESENTATION_CONTEXT('2D SPACE',''
  ) );
#2340 = PCURVE('',#2341,#2366);
#2341 = B_SPLINE_SURFACE_WITH_KNOTS('',11,1,(
    (#2342,#2343)
    ,(#2344,#2345)
    ,(#2346,#2347)
    ,(#2348,#2349)
    ,(#2350,#2351)
    ,(#2352,#2353)
    ,(#2354,#2355)
    ,(#2356,#2357)
    ,(#2358,#2359)
    ,(#2360,#2361)
    ,(#2362,#2363)
    ,(#2364,#2365
    )),.UNSPECIFIED.,.F.,.F.,.F.,(12,12),(2,2),(-73.5,0.),(0.,1.),
  .PIECEWISE_BEZIER_KNOTS.);
#2342 = CARTESIAN_POINT('',(37.8,40.,0.));
#2343 = CARTESIAN_POINT('',(36.75,40.75,99.));
#2344 = CARTESIAN_POINT('',(37.8,50.725534618702,0.));
#2345 = CARTESIAN_POINT('',(30.068181818182,40.75,99.));
#2346 = CARTESIAN_POINT('',(34.452359659639,61.451068457069,0.));
#2347 = CARTESIAN_POINT('',(23.386363636364,40.75,99.));
#2348 = CARTESIAN_POINT('',(27.757079789678,71.015652162493,0.));
#2349 = CARTESIAN_POINT('',(16.704545454545,40.75,99.));
#2350 = CARTESIAN_POINT('',(18.167101192845,78.2582922896,0.));
#2351 = CARTESIAN_POINT('',(10.022727272727,40.75,99.));
#2352 = CARTESIAN_POINT('',(6.588333853533,82.220109895496,0.));
#2353 = CARTESIAN_POINT('',(3.340909090909,40.75,99.));
#2354 = CARTESIAN_POINT('',(-5.725506764718,82.345748249928,0.));
#2355 = CARTESIAN_POINT('',(-3.340909090909,40.75,99.));
#2356 = CARTESIAN_POINT('',(-17.38270020679,78.621007601877,0.));
#2357 = CARTESIAN_POINT('',(-10.02272727272,40.75,99.));
#2358 = CARTESIAN_POINT('',(-27.11846055823,71.575548363709,0.));
#2359 = CARTESIAN_POINT('',(-16.70454545454,40.75,99.));
#2360 = CARTESIAN_POINT('',(-34.00750154424,62.149565747081,0.));
#2361 = CARTESIAN_POINT('',(-23.38636363636,40.75,99.));
#2362 = CARTESIAN_POINT('',(-37.57328784484,51.494569734672,0.));
#2363 = CARTESIAN_POINT('',(-30.06818181818,40.75,99.));
#2364 = CARTESIAN_POINT('',(-37.79213073791,40.771267974243,0.));
#2365 = CARTESIAN_POINT('',(-36.75,40.75,99.));
#2366 = DEFINITIONAL_REPRESENTATION('',(#2367),#2370);
#2367 = B_SPLINE_CURVE_WITH_KNOTS('',1,(#2368,#2369),.UNSPECIFIED.,.F.,
  .F.,(2,2),(0.,3.121187322903),.PIECEWISE_BEZIER_KNOTS.);
#2368 = CARTESIAN_POINT('',(-73.5,0.));
#2369 = CARTESIAN_POINT('',(0.,0.));
#2370 = ( GEOMETRIC_REPRESENTATION_CONTEXT(2) 
PARAMETRIC_REPRESENTATION_CONTEXT() REPRESENTATION_CONTEXT('2D SPACE',''
  ) );
#2371 = ADVANCED_FACE('',(#2372),#2220,.F.);
#2372 = FACE_BOUND('',#2373,.F.);
#2373 = EDGE_LOOP('',(#2374,#2418,#2419,#2420,#2443,#2471,#2499,#2527,
    #2555,#2588,#2616));
#2374 = ORIENTED_EDGE('',*,*,#2375,.F.);
#2375 = EDGE_CURVE('',#2260,#2376,#2378,.T.);
#2376 = VERTEX_POINT('',#2377);
#2377 = CARTESIAN_POINT('',(-37.4999931018,40.003216713913,99.));
#2378 = SURFACE_CURVE('',#2379,(#2390,#2404),.PCURVE_S1.);
#2379 = B_SPLINE_CURVE_WITH_KNOTS('',5,(#2380,#2381,#2382,#2383,#2384,
    #2385,#2386,#2387,#2388,#2389),.UNSPECIFIED.,.F.,.F.,(6,4,6),(0.,
    0.842000002342,1.),.UNSPECIFIED.);
#2380 = CARTESIAN_POINT('',(-37.79999986313,40.003216713913,0.));
#2381 = CARTESIAN_POINT('',(-37.74947719109,40.003216713913,
    16.671600036235));
#2382 = CARTESIAN_POINT('',(-37.69895569622,40.003216713913,
    33.343200080379));
#2383 = CARTESIAN_POINT('',(-37.64843464493,40.003216713913,
    50.014800127579));
#2384 = CARTESIAN_POINT('',(-37.59791394192,40.003216713913,
    66.686400176733));
#2385 = CARTESIAN_POINT('',(-37.53791335127,40.003216713913,
    86.486400181832));
#2386 = CARTESIAN_POINT('',(-37.52843326553,40.003216713913,
    89.614800136313));
#2387 = CARTESIAN_POINT('',(-37.51895318655,40.003216713913,
    92.743200090837));
#2388 = CARTESIAN_POINT('',(-37.5094731137,40.003216713913,95.8716000454
    ));
#2389 = CARTESIAN_POINT('',(-37.4999930465,40.003216713913,99.));
#2390 = PCURVE('',#2220,#2391);
#2391 = DEFINITIONAL_REPRESENTATION('',(#2392),#2403);
#2392 = B_SPLINE_CURVE_WITH_KNOTS('',5,(#2393,#2394,#2395,#2396,#2397,
    #2398,#2399,#2400,#2401,#2402),.UNSPECIFIED.,.F.,.F.,(6,4,6),(0.,
    0.842000002342,1.),.UNSPECIFIED.);
#2393 = CARTESIAN_POINT('',(50.,62.20000013687));
#2394 = CARTESIAN_POINT('',(66.671600036235,62.25052280891));
#2395 = CARTESIAN_POINT('',(83.343200080379,62.30104430378));
#2396 = CARTESIAN_POINT('',(100.01480012757,62.35156535507));
#2397 = CARTESIAN_POINT('',(116.68640017673,62.40208605808));
#2398 = CARTESIAN_POINT('',(136.48640018183,62.46208664873));
#2399 = CARTESIAN_POINT('',(139.61480013631,62.47156673447));
#2400 = CARTESIAN_POINT('',(142.74320009083,62.48104681345));
#2401 = CARTESIAN_POINT('',(145.8716000454,62.4905268863));
#2402 = CARTESIAN_POINT('',(149.,62.5000069535));
#2403 = ( GEOMETRIC_REPRESENTATION_CONTEXT(2) 
PARAMETRIC_REPRESENTATION_CONTEXT() REPRESENTATION_CONTEXT('2D SPACE',''
  ) );
#2404 = PCURVE('',#2299,#2405);
#2405 = DEFINITIONAL_REPRESENTATION('',(#2406),#2417);
#2406 = B_SPLINE_CURVE_WITH_KNOTS('',5,(#2407,#2408,#2409,#2410,#2411,
    #2412,#2413,#2414,#2415,#2416),.UNSPECIFIED.,.F.,.F.,(6,4,6),(0.,
    0.842000002342,1.),.UNSPECIFIED.);
#2407 = CARTESIAN_POINT('',(4.7058381421,0.));
#2408 = CARTESIAN_POINT('',(4.706419909718,0.168400000366));
#2409 = CARTESIAN_POINT('',(4.706872857408,0.336800000812));
#2410 = CARTESIAN_POINT('',(4.707251924966,0.505200001289));
#2411 = CARTESIAN_POINT('',(4.707573537111,0.673600001785));
#2412 = CARTESIAN_POINT('',(4.707904884159,0.873600001837));
#2413 = CARTESIAN_POINT('',(4.707955726691,0.905200001377));
#2414 = CARTESIAN_POINT('',(4.708005145563,0.936800000918));
#2415 = CARTESIAN_POINT('',(4.708053218681,0.968400000459));
#2416 = CARTESIAN_POINT('',(4.708100015207,1.));
#2417 = ( GEOMETRIC_REPRESENTATION_CONTEXT(2) 
PARAMETRIC_REPRESENTATION_CONTEXT() REPRESENTATION_CONTEXT('2D SPACE',''
  ) );
#2418 = ORIENTED_EDGE('',*,*,#2259,.T.);
#2419 = ORIENTED_EDGE('',*,*,#2206,.F.);
#2420 = ORIENTED_EDGE('',*,*,#2421,.F.);
#2421 = EDGE_CURVE('',#2422,#2178,#2424,.T.);
#2422 = VERTEX_POINT('',#2423);
#2423 = CARTESIAN_POINT('',(-44.74999988438,40.003216813913,69.9));
#2424 = SURFACE_CURVE('',#2425,(#2429,#2436),.PCURVE_S1.);
#2425 = LINE('',#2426,#2427);
#2426 = CARTESIAN_POINT('',(-50.,40.003216813913,69.9));
#2427 = VECTOR('',#2428,1.);
#2428 = DIRECTION('',(-1.,0.,0.));
#2429 = PCURVE('',#2220,#2430);
#2430 = DEFINITIONAL_REPRESENTATION('',(#2431),#2435);
#2431 = LINE('',#2432,#2433);
#2432 = CARTESIAN_POINT('',(119.9,50.));
#2433 = VECTOR('',#2434,1.);
#2434 = DIRECTION('',(0.,-1.));
#2435 = ( GEOMETRIC_REPRESENTATION_CONTEXT(2) 
PARAMETRIC_REPRESENTATION_CONTEXT() REPRESENTATION_CONTEXT('2D SPACE',''
  ) );
#2436 = PCURVE('',#2194,#2437);
#2437 = DEFINITIONAL_REPRESENTATION('',(#2438),#2442);
#2438 = LINE('',#2439,#2440);
#2439 = CARTESIAN_POINT('',(-50.,3.216813912758E-03));
#2440 = VECTOR('',#2441,1.);
#2441 = DIRECTION('',(-1.,0.));
#2442 = ( GEOMETRIC_REPRESENTATION_CONTEXT(2) 
PARAMETRIC_REPRESENTATION_CONTEXT() REPRESENTATION_CONTEXT('2D SPACE',''
  ) );
#2443 = ORIENTED_EDGE('',*,*,#2444,.F.);
#2444 = EDGE_CURVE('',#2445,#2422,#2447,.T.);
#2445 = VERTEX_POINT('',#2446);
#2446 = CARTESIAN_POINT('',(-44.74999988438,40.003216813913,80.7));
#2447 = SURFACE_CURVE('',#2448,(#2452,#2459),.PCURVE_S1.);
#2448 = LINE('',#2449,#2450);
#2449 = CARTESIAN_POINT('',(-44.74999988438,40.003216813913,69.9));
#2450 = VECTOR('',#2451,1.);
#2451 = DIRECTION('',(-0.,-0.,-1.));
#2452 = PCURVE('',#2220,#2453);
#2453 = DEFINITIONAL_REPRESENTATION('',(#2454),#2458);
#2454 = LINE('',#2455,#2456);
#2455 = CARTESIAN_POINT('',(119.9,55.250000115619));
#2456 = VECTOR('',#2457,1.);
#2457 = DIRECTION('',(-1.,0.));
#2458 = ( GEOMETRIC_REPRESENTATION_CONTEXT(2) 
PARAMETRIC_REPRESENTATION_CONTEXT() REPRESENTATION_CONTEXT('2D SPACE',''
  ) );
#2459 = PCURVE('',#2460,#2465);
#2460 = CYLINDRICAL_SURFACE('',#2461,44.75);
#2461 = AXIS2_PLACEMENT_3D('',#2462,#2463,#2464);
#2462 = CARTESIAN_POINT('',(0.,40.,69.9));
#2463 = DIRECTION('',(-0.,-0.,-1.));
#2464 = DIRECTION('',(1.,0.,0.));
#2465 = DEFINITIONAL_REPRESENTATION('',(#2466),#2470);
#2466 = LINE('',#2467,#2468);
#2467 = CARTESIAN_POINT('',(-3.14152076948,0.));
#2468 = VECTOR('',#2469,1.);
#2469 = DIRECTION('',(-0.,1.));
#2470 = ( GEOMETRIC_REPRESENTATION_CONTEXT(2) 
PARAMETRIC_REPRESENTATION_CONTEXT() REPRESENTATION_CONTEXT('2D SPACE',''
  ) );
#2471 = ORIENTED_EDGE('',*,*,#2472,.F.);
#2472 = EDGE_CURVE('',#2473,#2445,#2475,.T.);
#2473 = VERTEX_POINT('',#2474);
#2474 = CARTESIAN_POINT('',(-39.74999986983,40.003216813913,80.7));
#2475 = SURFACE_CURVE('',#2476,(#2480,#2487),.PCURVE_S1.);
#2476 = LINE('',#2477,#2478);
#2477 = CARTESIAN_POINT('',(-50.,40.003216813913,80.7));
#2478 = VECTOR('',#2479,1.);
#2479 = DIRECTION('',(-1.,0.,0.));
#2480 = PCURVE('',#2220,#2481);
#2481 = DEFINITIONAL_REPRESENTATION('',(#2482),#2486);
#2482 = LINE('',#2483,#2484);
#2483 = CARTESIAN_POINT('',(130.7,50.));
#2484 = VECTOR('',#2485,1.);
#2485 = DIRECTION('',(0.,-1.));
#2486 = ( GEOMETRIC_REPRESENTATION_CONTEXT(2) 
PARAMETRIC_REPRESENTATION_CONTEXT() REPRESENTATION_CONTEXT('2D SPACE',''
  ) );
#2487 = PCURVE('',#2488,#2493);
#2488 = PLANE('',#2489);
#2489 = AXIS2_PLACEMENT_3D('',#2490,#2491,#2492);
#2490 = CARTESIAN_POINT('',(-2.933502854163E-15,40.,80.7));
#2491 = DIRECTION('',(0.,0.,1.));
#2492 = DIRECTION('',(1.,0.,-0.));
#2493 = DEFINITIONAL_REPRESENTATION('',(#2494),#2498);
#2494 = LINE('',#2495,#2496);
#2495 = CARTESIAN_POINT('',(-50.,3.216813912751E-03));
#2496 = VECTOR('',#2497,1.);
#2497 = DIRECTION('',(-1.,0.));
#2498 = ( GEOMETRIC_REPRESENTATION_CONTEXT(2) 
PARAMETRIC_REPRESENTATION_CONTEXT() REPRESENTATION_CONTEXT('2D SPACE',''
  ) );
#2499 = ORIENTED_EDGE('',*,*,#2500,.F.);
#2500 = EDGE_CURVE('',#2501,#2473,#2503,.T.);
#2501 = VERTEX_POINT('',#2502);
#2502 = CARTESIAN_POINT('',(-39.74999986983,40.003216813913,109.));
#2503 = SURFACE_CURVE('',#2504,(#2508,#2515),.PCURVE_S1.);
#2504 = LINE('',#2505,#2506);
#2505 = CARTESIAN_POINT('',(-39.74999986983,40.003216813913,80.7));
#2506 = VECTOR('',#2507,1.);
#2507 = DIRECTION('',(-0.,-0.,-1.));
#2508 = PCURVE('',#2220,#2509);
#2509 = DEFINITIONAL_REPRESENTATION('',(#2510),#2514);
#2510 = LINE('',#2511,#2512);
#2511 = CARTESIAN_POINT('',(130.7,60.250000130162));
#2512 = VECTOR('',#2513,1.);
#2513 = DIRECTION('',(-1.,0.));
#2514 = ( GEOMETRIC_REPRESENTATION_CONTEXT(2) 
PARAMETRIC_REPRESENTATION_CONTEXT() REPRESENTATION_CONTEXT('2D SPACE',''
  ) );
#2515 = PCURVE('',#2516,#2521);
#2516 = CYLINDRICAL_SURFACE('',#2517,39.75);
#2517 = AXIS2_PLACEMENT_3D('',#2518,#2519,#2520);
#2518 = CARTESIAN_POINT('',(0.,40.,80.7));
#2519 = DIRECTION('',(-0.,-0.,-1.));
#2520 = DIRECTION('',(1.,0.,0.));
#2521 = DEFINITIONAL_REPRESENTATION('',(#2522),#2526);
#2522 = LINE('',#2523,#2524);
#2523 = CARTESIAN_POINT('',(-3.141511727454,0.));
#2524 = VECTOR('',#2525,1.);
#2525 = DIRECTION('',(-0.,1.));
#2526 = ( GEOMETRIC_REPRESENTATION_CONTEXT(2) 
PARAMETRIC_REPRESENTATION_CONTEXT() REPRESENTATION_CONTEXT('2D SPACE',''
  ) );
#2527 = ORIENTED_EDGE('',*,*,#2528,.F.);
#2528 = EDGE_CURVE('',#2529,#2501,#2531,.T.);
#2529 = VERTEX_POINT('',#2530);
#2530 = CARTESIAN_POINT('',(-38.29999666196,40.003216813913,109.));
#2531 = SURFACE_CURVE('',#2532,(#2536,#2543),.PCURVE_S1.);
#2532 = LINE('',#2533,#2534);
#2533 = CARTESIAN_POINT('',(-50.,40.003216813913,109.));
#2534 = VECTOR('',#2535,1.);
#2535 = DIRECTION('',(-1.,0.,0.));
#2536 = PCURVE('',#2220,#2537);
#2537 = DEFINITIONAL_REPRESENTATION('',(#2538),#2542);
#2538 = LINE('',#2539,#2540);
#2539 = CARTESIAN_POINT('',(159.,50.));
#2540 = VECTOR('',#2541,1.);
#2541 = DIRECTION('',(0.,-1.));
#2542 = ( GEOMETRIC_REPRESENTATION_CONTEXT(2) 
PARAMETRIC_REPRESENTATION_CONTEXT() REPRESENTATION_CONTEXT('2D SPACE',''
  ) );
#2543 = PCURVE('',#2544,#2549);
#2544 = PLANE('',#2545);
#2545 = AXIS2_PLACEMENT_3D('',#2546,#2547,#2548);
#2546 = CARTESIAN_POINT('',(-4.403329231825E-15,40.,109.));
#2547 = DIRECTION('',(0.,0.,1.));
#2548 = DIRECTION('',(1.,0.,-0.));
#2549 = DEFINITIONAL_REPRESENTATION('',(#2550),#2554);
#2550 = LINE('',#2551,#2552);
#2551 = CARTESIAN_POINT('',(-50.,3.216813912758E-03));
#2552 = VECTOR('',#2553,1.);
#2553 = DIRECTION('',(-1.,0.));
#2554 = ( GEOMETRIC_REPRESENTATION_CONTEXT(2) 
PARAMETRIC_REPRESENTATION_CONTEXT() REPRESENTATION_CONTEXT('2D SPACE',''
  ) );
#2555 = ORIENTED_EDGE('',*,*,#2556,.T.);
#2556 = EDGE_CURVE('',#2529,#2557,#2559,.T.);
#2557 = VERTEX_POINT('',#2558);
#2558 = CARTESIAN_POINT('',(-37.49999310137,40.003216813913,108.2));
#2559 = SURFACE_CURVE('',#2560,(#2565,#2572),.PCURVE_S1.);
#2560 = HYPERBOLA('',#2561,3.216813912758E-03,3.216813912758E-03);
#2561 = AXIS2_PLACEMENT_3D('',#2562,#2563,#2564);
#2562 = CARTESIAN_POINT('',(-36.75,40.003216813913,107.45));
#2563 = DIRECTION('',(0.,1.,0.));
#2564 = DIRECTION('',(-0.,0.,1.));
#2565 = PCURVE('',#2220,#2566);
#2566 = DEFINITIONAL_REPRESENTATION('',(#2567),#2571);
#2567 = HYPERBOLA('',#2568,3.216813912758E-03,3.216813912758E-03);
#2568 = AXIS2_PLACEMENT_2D('',#2569,#2570);
#2569 = CARTESIAN_POINT('',(157.45,63.25));
#2570 = DIRECTION('',(1.,0.));
#2571 = ( GEOMETRIC_REPRESENTATION_CONTEXT(2) 
PARAMETRIC_REPRESENTATION_CONTEXT() REPRESENTATION_CONTEXT('2D SPACE',''
  ) );
#2572 = PCURVE('',#2573,#2578);
#2573 = CONICAL_SURFACE('',#2574,0.75,0.785398163397);
#2574 = AXIS2_PLACEMENT_3D('',#2575,#2576,#2577);
#2575 = CARTESIAN_POINT('',(-36.75,40.,108.2));
#2576 = DIRECTION('',(-0.,0.,1.));
#2577 = DIRECTION('',(0.,-1.,0.));
#2578 = DEFINITIONAL_REPRESENTATION('',(#2579),#2587);
#2579 = B_SPLINE_CURVE_WITH_KNOTS('',6,(#2580,#2581,#2582,#2583,#2584,
    #2585,#2586),.UNSPECIFIED.,.F.,.F.,(7,7),(-6.870764912066,
    -6.144824386374),.PIECEWISE_BEZIER_KNOTS.);
#2580 = CARTESIAN_POINT('',(-1.572871692099,0.8));
#2581 = CARTESIAN_POINT('',(-1.573122790549,0.612465768065));
#2582 = CARTESIAN_POINT('',(-1.573410345783,0.452159197661));
#2583 = CARTESIAN_POINT('',(-1.573740971501,0.314139873686));
#2584 = CARTESIAN_POINT('',(-1.574122893949,0.194658331415));
#2585 = CARTESIAN_POINT('',(-1.574566488366,9.074173104613E-02));
#2586 = CARTESIAN_POINT('',(-1.575085425163,9.436895709314E-16));
#2587 = ( GEOMETRIC_REPRESENTATION_CONTEXT(2) 
PARAMETRIC_REPRESENTATION_CONTEXT() REPRESENTATION_CONTEXT('2D SPACE',''
  ) );
#2588 = ORIENTED_EDGE('',*,*,#2589,.F.);
#2589 = EDGE_CURVE('',#2590,#2557,#2592,.T.);
#2590 = VERTEX_POINT('',#2591);
#2591 = CARTESIAN_POINT('',(-37.49999310137,40.003216813913,107.5));
#2592 = SURFACE_CURVE('',#2593,(#2597,#2604),.PCURVE_S1.);
#2593 = LINE('',#2594,#2595);
#2594 = CARTESIAN_POINT('',(-37.49999310137,40.003216813913,107.5));
#2595 = VECTOR('',#2596,1.);
#2596 = DIRECTION('',(-0.,0.,1.));
#2597 = PCURVE('',#2220,#2598);
#2598 = DEFINITIONAL_REPRESENTATION('',(#2599),#2603);
#2599 = LINE('',#2600,#2601);
#2600 = CARTESIAN_POINT('',(157.5,62.500006898626));
#2601 = VECTOR('',#2602,1.);
#2602 = DIRECTION('',(1.,0.));
#2603 = ( GEOMETRIC_REPRESENTATION_CONTEXT(2) 
PARAMETRIC_REPRESENTATION_CONTEXT() REPRESENTATION_CONTEXT('2D SPACE',''
  ) );
#2604 = PCURVE('',#2605,#2610);
#2605 = CYLINDRICAL_SURFACE('',#2606,0.75);
#2606 = AXIS2_PLACEMENT_3D('',#2607,#2608,#2609);
#2607 = CARTESIAN_POINT('',(-36.75,40.,107.5));
#2608 = DIRECTION('',(-0.,0.,1.));
#2609 = DIRECTION('',(0.,-1.,0.));
#2610 = DEFINITIONAL_REPRESENTATION('',(#2611),#2615);
#2611 = LINE('',#2612,#2613);
#2612 = CARTESIAN_POINT('',(-1.575085425163,0.));
#2613 = VECTOR('',#2614,1.);
#2614 = DIRECTION('',(-0.,1.));
#2615 = ( GEOMETRIC_REPRESENTATION_CONTEXT(2) 
PARAMETRIC_REPRESENTATION_CONTEXT() REPRESENTATION_CONTEXT('2D SPACE',''
  ) );
#2616 = ORIENTED_EDGE('',*,*,#2617,.T.);
#2617 = EDGE_CURVE('',#2590,#2376,#2618,.T.);
#2618 = SURFACE_CURVE('',#2619,(#2623,#2630),.PCURVE_S1.);
#2619 = LINE('',#2620,#2621);
#2620 = CARTESIAN_POINT('',(-37.49999310137,40.003216813913,99.));
#2621 = VECTOR('',#2622,1.);
#2622 = DIRECTION('',(0.,0.,-1.));
#2623 = PCURVE('',#2220,#2624);
#2624 = DEFINITIONAL_REPRESENTATION('',(#2625),#2629);
#2625 = LINE('',#2626,#2627);
#2626 = CARTESIAN_POINT('',(149.,62.500006898626));
#2627 = VECTOR('',#2628,1.);
#2628 = DIRECTION('',(-1.,0.));
#2629 = ( GEOMETRIC_REPRESENTATION_CONTEXT(2) 
PARAMETRIC_REPRESENTATION_CONTEXT() REPRESENTATION_CONTEXT('2D SPACE',''
  ) );
#2630 = PCURVE('',#2631,#2636);
#2631 = CYLINDRICAL_SURFACE('',#2632,0.75);
#2632 = AXIS2_PLACEMENT_3D('',#2633,#2634,#2635);
#2633 = CARTESIAN_POINT('',(-36.75,40.,99.));
#2634 = DIRECTION('',(0.,0.,-1.));
#2635 = DIRECTION('',(0.,-1.,0.));
#2636 = DEFINITIONAL_REPRESENTATION('',(#2637),#2641);
#2637 = LINE('',#2638,#2639);
#2638 = CARTESIAN_POINT('',(1.575085425163,0.));
#2639 = VECTOR('',#2640,1.);
#2640 = DIRECTION('',(0.,1.));
#2641 = ( GEOMETRIC_REPRESENTATION_CONTEXT(2) 
PARAMETRIC_REPRESENTATION_CONTEXT() REPRESENTATION_CONTEXT('2D SPACE',''
  ) );
#2642 = ADVANCED_FACE('',(#2643),#2194,.T.);
#2643 = FACE_BOUND('',#2644,.T.);
#2644 = EDGE_LOOP('',(#2645,#2668,#2669,#2670));
#2645 = ORIENTED_EDGE('',*,*,#2646,.F.);
#2646 = EDGE_CURVE('',#2150,#2647,#2649,.T.);
#2647 = VERTEX_POINT('',#2648);
#2648 = CARTESIAN_POINT('',(44.749999884381,40.003216813913,69.9));
#2649 = SURFACE_CURVE('',#2650,(#2654,#2661),.PCURVE_S1.);
#2650 = LINE('',#2651,#2652);
#2651 = CARTESIAN_POINT('',(-50.,40.003216813913,69.9));
#2652 = VECTOR('',#2653,1.);
#2653 = DIRECTION('',(-1.,0.,0.));
#2654 = PCURVE('',#2194,#2655);
#2655 = DEFINITIONAL_REPRESENTATION('',(#2656),#2660);
#2656 = LINE('',#2657,#2658);
#2657 = CARTESIAN_POINT('',(-50.,3.216813912758E-03));
#2658 = VECTOR('',#2659,1.);
#2659 = DIRECTION('',(-1.,0.));
#2660 = ( GEOMETRIC_REPRESENTATION_CONTEXT(2) 
PARAMETRIC_REPRESENTATION_CONTEXT() REPRESENTATION_CONTEXT('2D SPACE',''
  ) );
#2661 = PCURVE('',#2165,#2662);
#2662 = DEFINITIONAL_REPRESENTATION('',(#2663),#2667);
#2663 = LINE('',#2664,#2665);
#2664 = CARTESIAN_POINT('',(119.9,50.));
#2665 = VECTOR('',#2666,1.);
#2666 = DIRECTION('',(0.,-1.));
#2667 = ( GEOMETRIC_REPRESENTATION_CONTEXT(2) 
PARAMETRIC_REPRESENTATION_CONTEXT() REPRESENTATION_CONTEXT('2D SPACE',''
  ) );
#2668 = ORIENTED_EDGE('',*,*,#2177,.T.);
#2669 = ORIENTED_EDGE('',*,*,#2421,.F.);
#2670 = ORIENTED_EDGE('',*,*,#2671,.F.);
#2671 = EDGE_CURVE('',#2647,#2422,#2672,.T.);
#2672 = SURFACE_CURVE('',#2673,(#2678,#2685),.PCURVE_S1.);
#2673 = CIRCLE('',#2674,44.75);
#2674 = AXIS2_PLACEMENT_3D('',#2675,#2676,#2677);
#2675 = CARTESIAN_POINT('',(0.,40.,69.9));
#2676 = DIRECTION('',(0.,0.,1.));
#2677 = DIRECTION('',(1.,0.,0.));
#2678 = PCURVE('',#2194,#2679);
#2679 = DEFINITIONAL_REPRESENTATION('',(#2680),#2684);
#2680 = CIRCLE('',#2681,44.75);
#2681 = AXIS2_PLACEMENT_2D('',#2682,#2683);
#2682 = CARTESIAN_POINT('',(1.882068139409E-15,0.));
#2683 = DIRECTION('',(1.,0.));
#2684 = ( GEOMETRIC_REPRESENTATION_CONTEXT(2) 
PARAMETRIC_REPRESENTATION_CONTEXT() REPRESENTATION_CONTEXT('2D SPACE',''
  ) );
#2685 = PCURVE('',#2460,#2686);
#2686 = DEFINITIONAL_REPRESENTATION('',(#2687),#2691);
#2687 = LINE('',#2688,#2689);
#2688 = CARTESIAN_POINT('',(-0.,0.));
#2689 = VECTOR('',#2690,1.);
#2690 = DIRECTION('',(-1.,0.));
#2691 = ( GEOMETRIC_REPRESENTATION_CONTEXT(2) 
PARAMETRIC_REPRESENTATION_CONTEXT() REPRESENTATION_CONTEXT('2D SPACE',''
  ) );
#2692 = ADVANCED_FACE('',(#2693),#2165,.F.);
#2693 = FACE_BOUND('',#2694,.F.);
#2694 = EDGE_LOOP('',(#2695,#2724,#2873,#2901,#2929,#2962,#2985,#3008,
    #3031,#3052,#3053,#3054));
#2695 = ORIENTED_EDGE('',*,*,#2696,.T.);
#2696 = EDGE_CURVE('',#2236,#2697,#2699,.T.);
#2697 = VERTEX_POINT('',#2698);
#2698 = CARTESIAN_POINT('',(37.795496600522,40.003216713913,
    0.424606236484));
#2699 = SURFACE_CURVE('',#2700,(#2706,#2715),.PCURVE_S1.);
#2700 = B_SPLINE_CURVE_WITH_KNOTS('',4,(#2701,#2702,#2703,#2704,#2705),
  .UNSPECIFIED.,.F.,.F.,(5,5),(0.,1.),.PIECEWISE_BEZIER_KNOTS.);
#2701 = CARTESIAN_POINT('',(37.799999863132,40.003216713913,0.));
#2702 = CARTESIAN_POINT('',(37.798871932963,40.003216713913,
    0.106151546809));
#2703 = CARTESIAN_POINT('',(37.797745406425,40.003216713913,
    0.212303101828));
#2704 = CARTESIAN_POINT('',(37.796620292549,40.003216713913,
    0.318454665056));
#2705 = CARTESIAN_POINT('',(37.795496600522,40.003216713913,
    0.424606236484));
#2706 = PCURVE('',#2165,#2707);
#2707 = DEFINITIONAL_REPRESENTATION('',(#2708),#2714);
#2708 = B_SPLINE_CURVE_WITH_KNOTS('',4,(#2709,#2710,#2711,#2712,#2713),
  .UNSPECIFIED.,.F.,.F.,(5,5),(0.,1.),.PIECEWISE_BEZIER_KNOTS.);
#2709 = CARTESIAN_POINT('',(50.,137.79999986313));
#2710 = CARTESIAN_POINT('',(50.106151546809,137.79887193296));
#2711 = CARTESIAN_POINT('',(50.212303101828,137.79774540642));
#2712 = CARTESIAN_POINT('',(50.318454665056,137.79662029254));
#2713 = CARTESIAN_POINT('',(50.424606236484,137.79549660052));
#2714 = ( GEOMETRIC_REPRESENTATION_CONTEXT(2) 
PARAMETRIC_REPRESENTATION_CONTEXT() REPRESENTATION_CONTEXT('2D SPACE',''
  ) );
#2715 = PCURVE('',#2341,#2716);
#2716 = DEFINITIONAL_REPRESENTATION('',(#2717),#2723);
#2717 = B_SPLINE_CURVE_WITH_KNOTS('',4,(#2718,#2719,#2720,#2721,#2722),
  .UNSPECIFIED.,.F.,.F.,(5,5),(0.,1.),.PIECEWISE_BEZIER_KNOTS.);
#2718 = CARTESIAN_POINT('',(-73.49799604417,0.));
#2719 = CARTESIAN_POINT('',(-73.49849488436,1.072237846559E-03));
#2720 = CARTESIAN_POINT('',(-73.49899515091,2.144475776043E-03));
#2721 = CARTESIAN_POINT('',(-73.49949685301,3.216713788446E-03));
#2722 = CARTESIAN_POINT('',(-73.5,4.288951883677E-03));
#2723 = ( GEOMETRIC_REPRESENTATION_CONTEXT(2) 
PARAMETRIC_REPRESENTATION_CONTEXT() REPRESENTATION_CONTEXT('2D SPACE',''
  ) );
#2724 = ORIENTED_EDGE('',*,*,#2725,.T.);
#2725 = EDGE_CURVE('',#2697,#2726,#2728,.T.);
#2726 = VERTEX_POINT('',#2727);
#2727 = CARTESIAN_POINT('',(37.499993101803,40.003216713913,99.));
#2728 = SURFACE_CURVE('',#2729,(#2768,#2810),.PCURVE_S1.);
#2729 = B_SPLINE_CURVE_WITH_KNOTS('',7,(#2730,#2731,#2732,#2733,#2734,
    #2735,#2736,#2737,#2738,#2739,#2740,#2741,#2742,#2743,#2744,#2745,
    #2746,#2747,#2748,#2749,#2750,#2751,#2752,#2753,#2754,#2755,#2756,
    #2757,#2758,#2759,#2760,#2761,#2762,#2763,#2764,#2765,#2766,#2767),
  .UNSPECIFIED.,.F.,.F.,(8,6,6,6,6,6,8),(0.,7.444463539427E-02,
    0.19473740372,0.376729374166,0.55863294258,0.969467266241,1.),
  .UNSPECIFIED.);
#2730 = CARTESIAN_POINT('',(37.795496600522,40.003216713913,
    0.424606236484));
#2731 = CARTESIAN_POINT('',(37.784486232802,40.003216713913,
    1.472576124453));
#2732 = CARTESIAN_POINT('',(37.774078252353,40.003216713913,
    2.520527814157));
#2733 = CARTESIAN_POINT('',(37.764298146723,40.003216713913,
    3.568464673152));
#2734 = CARTESIAN_POINT('',(37.755161014797,40.003216713913,
    4.616391443341));
#2735 = CARTESIAN_POINT('',(37.746666482676,40.003216713913,
    5.664313788188));
#2736 = CARTESIAN_POINT('',(37.738798259306,40.003216713913,
    6.712237707624));
#2737 = CARTESIAN_POINT('',(37.719781082469,40.003216713913,
    9.453488076345));
#2738 = CARTESIAN_POINT('',(37.709595891579,40.003216713913,
    11.14682603285));
#2739 = CARTESIAN_POINT('',(37.700855424893,40.003216713913,
    12.840205670887));
#2740 = CARTESIAN_POINT('',(37.693358080667,40.003216713913,
    14.533645750873));
#2741 = CARTESIAN_POINT('',(37.686875443827,40.003216713913,
    16.227154096293));
#2742 = CARTESIAN_POINT('',(37.68121273103,40.003216713913,
    17.920731107828));
#2743 = CARTESIAN_POINT('',(37.668623150032,40.003216713913,
    22.176696158487));
#2744 = CARTESIAN_POINT('',(37.662538157324,40.003216713913,
    24.739168149203));
#2745 = CARTESIAN_POINT('',(37.657369123469,40.003216713913,
    27.30177566164));
#2746 = CARTESIAN_POINT('',(37.652712013809,40.003216713913,
    29.864494001434));
#2747 = CARTESIAN_POINT('',(37.648340621158,40.003216713913,
    32.427300987111));
#2748 = CARTESIAN_POINT('',(37.64409305003,40.003216713913,
    34.990178229651));
#2749 = CARTESIAN_POINT('',(37.635642364291,40.003216713913,
    40.114800560927));
#2750 = CARTESIAN_POINT('',(37.631438885845,40.003216713913,
    42.676546319639));
#2751 = CARTESIAN_POINT('',(37.627152687144,40.003216713913,
    45.238337133044));
#2752 = CARTESIAN_POINT('',(37.622729867682,40.003216713913,
    47.8001633524));
#2753 = CARTESIAN_POINT('',(37.618140714134,40.003216713913,
    50.362017691611));
#2754 = CARTESIAN_POINT('',(37.613366381798,40.003216713913,
    52.923895090678));
#2755 = CARTESIAN_POINT('',(37.597175883693,40.003216713913,
    61.271909627469));
#2756 = CARTESIAN_POINT('',(37.584961951229,40.003216713913,
    67.058122000603));
#2757 = CARTESIAN_POINT('',(37.571648184461,40.003216713913,
    72.844393205691));
#2758 = CARTESIAN_POINT('',(37.557321346263,40.003216713913,
    78.630701117722));
#2759 = CARTESIAN_POINT('',(37.542039039641,40.003216713913,
    84.417032128806));
#2760 = CARTESIAN_POINT('',(37.525881059143,40.003216713913,
    90.203380258518));
#2761 = CARTESIAN_POINT('',(37.507652169882,40.003216713913,
    96.419782179988));
#2762 = CARTESIAN_POINT('',(37.506386666691,40.003216713913,
    96.849818303643));
#2763 = CARTESIAN_POINT('',(37.505116719802,40.003216713913,
    97.279854501635));
#2764 = CARTESIAN_POINT('',(37.503842356905,40.003216713913,
    97.709890772066));
#2765 = CARTESIAN_POINT('',(37.502563605517,40.003216713913,
    98.139927113105));
#2766 = CARTESIAN_POINT('',(37.501280492988,40.003216713913,
    98.569963522984));
#2767 = CARTESIAN_POINT('',(37.4999930465,40.003216713913,99.));
#2768 = PCURVE('',#2165,#2769);
#2769 = DEFINITIONAL_REPRESENTATION('',(#2770),#2809);
#2770 = B_SPLINE_CURVE_WITH_KNOTS('',7,(#2771,#2772,#2773,#2774,#2775,
    #2776,#2777,#2778,#2779,#2780,#2781,#2782,#2783,#2784,#2785,#2786,
    #2787,#2788,#2789,#2790,#2791,#2792,#2793,#2794,#2795,#2796,#2797,
    #2798,#2799,#2800,#2801,#2802,#2803,#2804,#2805,#2806,#2807,#2808),
  .UNSPECIFIED.,.F.,.F.,(8,6,6,6,6,6,8),(0.,7.444463539427E-02,
    0.19473740372,0.376729374166,0.55863294258,0.969467266241,1.),
  .UNSPECIFIED.);
#2771 = CARTESIAN_POINT('',(50.424606236484,137.79549660052));
#2772 = CARTESIAN_POINT('',(51.472576124453,137.7844862328));
#2773 = CARTESIAN_POINT('',(52.520527814157,137.77407825235));
#2774 = CARTESIAN_POINT('',(53.568464673152,137.76429814672));
#2775 = CARTESIAN_POINT('',(54.616391443341,137.75516101479));
#2776 = CARTESIAN_POINT('',(55.664313788188,137.74666648267));
#2777 = CARTESIAN_POINT('',(56.712237707624,137.7387982593));
#2778 = CARTESIAN_POINT('',(59.453488076345,137.71978108246));
#2779 = CARTESIAN_POINT('',(61.14682603285,137.70959589157));
#2780 = CARTESIAN_POINT('',(62.840205670887,137.70085542489));
#2781 = CARTESIAN_POINT('',(64.533645750873,137.69335808066));
#2782 = CARTESIAN_POINT('',(66.227154096293,137.68687544382));
#2783 = CARTESIAN_POINT('',(67.920731107828,137.68121273103));
#2784 = CARTESIAN_POINT('',(72.176696158487,137.66862315003));
#2785 = CARTESIAN_POINT('',(74.739168149203,137.66253815732));
#2786 = CARTESIAN_POINT('',(77.30177566164,137.65736912346));
#2787 = CARTESIAN_POINT('',(79.864494001434,137.6527120138));
#2788 = CARTESIAN_POINT('',(82.427300987111,137.64834062115));
#2789 = CARTESIAN_POINT('',(84.990178229651,137.64409305003));
#2790 = CARTESIAN_POINT('',(90.114800560927,137.63564236429));
#2791 = CARTESIAN_POINT('',(92.676546319639,137.63143888584));
#2792 = CARTESIAN_POINT('',(95.238337133044,137.62715268714));
#2793 = CARTESIAN_POINT('',(97.8001633524,137.62272986768));
#2794 = CARTESIAN_POINT('',(100.36201769161,137.61814071413));
#2795 = CARTESIAN_POINT('',(102.92389509067,137.61336638179));
#2796 = CARTESIAN_POINT('',(111.27190962746,137.59717588369));
#2797 = CARTESIAN_POINT('',(117.0581220006,137.58496195122));
#2798 = CARTESIAN_POINT('',(122.84439320569,137.57164818446));
#2799 = CARTESIAN_POINT('',(128.63070111772,137.55732134626));
#2800 = CARTESIAN_POINT('',(134.4170321288,137.54203903964));
#2801 = CARTESIAN_POINT('',(140.20338025851,137.52588105914));
#2802 = CARTESIAN_POINT('',(146.41978217998,137.50765216988));
#2803 = CARTESIAN_POINT('',(146.84981830364,137.50638666669));
#2804 = CARTESIAN_POINT('',(147.27985450163,137.5051167198));
#2805 = CARTESIAN_POINT('',(147.70989077206,137.5038423569));
#2806 = CARTESIAN_POINT('',(148.1399271131,137.50256360551));
#2807 = CARTESIAN_POINT('',(148.56996352298,137.50128049298));
#2808 = CARTESIAN_POINT('',(149.,137.4999930465));
#2809 = ( GEOMETRIC_REPRESENTATION_CONTEXT(2) 
PARAMETRIC_REPRESENTATION_CONTEXT() REPRESENTATION_CONTEXT('2D SPACE',''
  ) );
#2810 = PCURVE('',#2811,#2832);
#2811 = B_SPLINE_SURFACE_WITH_KNOTS('',9,1,(
    (#2812,#2813)
    ,(#2814,#2815)
    ,(#2816,#2817)
    ,(#2818,#2819)
    ,(#2820,#2821)
    ,(#2822,#2823)
    ,(#2824,#2825)
    ,(#2826,#2827)
    ,(#2828,#2829)
    ,(#2830,#2831
    )),.UNSPECIFIED.,.F.,.F.,.F.,(10,10),(2,2),(3.14159265359,
    6.28318530718),(0.,1.),.PIECEWISE_BEZIER_KNOTS.);
#2812 = CARTESIAN_POINT('',(37.792130737918,39.228732025757,0.));
#2813 = CARTESIAN_POINT('',(36.75,39.25,99.));
#2814 = CARTESIAN_POINT('',(37.793879402147,39.314416572985,0.));
#2815 = CARTESIAN_POINT('',(37.011799387799,39.25,99.));
#2816 = CARTESIAN_POINT('',(37.795409506102,39.400105580566,0.));
#2817 = CARTESIAN_POINT('',(37.273601492499,39.352808099939,
    98.999999999999));
#2818 = CARTESIAN_POINT('',(37.796721043281,39.485798411313,0.));
#2819 = CARTESIAN_POINT('',(37.48924283384,39.55842721086,
    99.000000000004));
#2820 = CARTESIAN_POINT('',(37.797814007183,39.571494428045,0.));
#2821 = CARTESIAN_POINT('',(37.612680472816,39.842682542074,
    98.999999999993));
#2822 = CARTESIAN_POINT('',(37.798688391308,39.657192993575,0.));
#2823 = CARTESIAN_POINT('',(37.612680472822,40.157317457926,
    99.000000000007));
#2824 = CARTESIAN_POINT('',(37.799344189153,39.74289347072,0.));
#2825 = CARTESIAN_POINT('',(37.489242833835,40.44157278914,
    98.999999999994));
#2826 = CARTESIAN_POINT('',(37.799781394217,39.828595222295,0.));
#2827 = CARTESIAN_POINT('',(37.2736014925,40.647191900061,
    99.000000000003));
#2828 = CARTESIAN_POINT('',(37.8,39.914297611117,0.));
#2829 = CARTESIAN_POINT('',(37.011799387799,40.75,98.999999999999));
#2830 = CARTESIAN_POINT('',(37.8,40.,0.));
#2831 = CARTESIAN_POINT('',(36.75,40.75,99.));
#2832 = DEFINITIONAL_REPRESENTATION('',(#2833),#2872);
#2833 = B_SPLINE_CURVE_WITH_KNOTS('',7,(#2834,#2835,#2836,#2837,#2838,
    #2839,#2840,#2841,#2842,#2843,#2844,#2845,#2846,#2847,#2848,#2849,
    #2850,#2851,#2852,#2853,#2854,#2855,#2856,#2857,#2858,#2859,#2860,
    #2861,#2862,#2863,#2864,#2865,#2866,#2867,#2868,#2869,#2870,#2871),
  .UNSPECIFIED.,.F.,.F.,(8,6,6,6,6,6,8),(0.,7.444463539427E-02,
    0.19473740372,0.376729374166,0.55863294258,0.969467266241,1.),
  .UNSPECIFIED.);
#2834 = CARTESIAN_POINT('',(6.28318530718,4.28895188368E-03));
#2835 = CARTESIAN_POINT('',(6.250709797006,1.487450630761E-02));
#2836 = CARTESIAN_POINT('',(6.21744557306,2.545987691068E-02));
#2837 = CARTESIAN_POINT('',(6.183525931298,3.604509770861E-02));
#2838 = CARTESIAN_POINT('',(6.149120208428,4.66302165994E-02));
#2839 = CARTESIAN_POINT('',(6.114421607825,5.721529078978E-02));
#2840 = CARTESIAN_POINT('',(6.079629603808,6.780038088509E-02));
#2841 = CARTESIAN_POINT('',(5.98885194505,9.548977854894E-02));
#2842 = CARTESIAN_POINT('',(5.933010724573,0.112594202352));
#2843 = CARTESIAN_POINT('',(5.878175818595,0.129699047181));
#2844 = CARTESIAN_POINT('',(5.825030734921,0.146804502534));
#2845 = CARTESIAN_POINT('',(5.77395167175,0.163910647437));
#2846 = CARTESIAN_POINT('',(5.725114306725,0.181017485938));
#2847 = CARTESIAN_POINT('',(5.608146931779,0.224007031904));
#2848 = CARTESIAN_POINT('',(5.542969015149,0.249890587366));
#2849 = CARTESIAN_POINT('',(5.483204952483,0.275775511734));
#2850 = CARTESIAN_POINT('',(5.428342744793,0.30166155557));
#2851 = CARTESIAN_POINT('',(5.37784971102,0.327548494819));
#2852 = CARTESIAN_POINT('',(5.331222311046,0.353436143734));
#2853 = CARTESIAN_POINT('',(5.244832386812,0.405200005666));
#2854 = CARTESIAN_POINT('',(5.205066841876,0.431076225451));
#2855 = CARTESIAN_POINT('',(5.168275287732,0.456952900334));
#2856 = CARTESIAN_POINT('',(5.134077994546,0.482829932853));
#2857 = CARTESIAN_POINT('',(5.102161212276,0.50870724941));
#2858 = CARTESIAN_POINT('',(5.072268105382,0.534584798896));
#2859 = CARTESIAN_POINT('',(4.980741720974,0.618908178055));
#2860 = CARTESIAN_POINT('',(4.926511109839,0.677354767683));
#2861 = CARTESIAN_POINT('',(4.878980141188,0.735801951573));
#2862 = CARTESIAN_POINT('',(4.836719326568,0.794249506239));
#2863 = CARTESIAN_POINT('',(4.798713229686,0.85269729423));
#2864 = CARTESIAN_POINT('',(4.764235289529,0.911145255137));
#2865 = CARTESIAN_POINT('',(4.730389192199,0.973937193737));
#2866 = CARTESIAN_POINT('',(4.728064221807,0.978280992966));
#2867 = CARTESIAN_POINT('',(4.725755447295,0.982624792946));
#2868 = CARTESIAN_POINT('',(4.723462646713,0.986968593657));
#2869 = CARTESIAN_POINT('',(4.721185603214,0.991312395082));
#2870 = CARTESIAN_POINT('',(4.718924105047,0.995656197202));
#2871 = CARTESIAN_POINT('',(4.716677945562,1.));
#2872 = ( GEOMETRIC_REPRESENTATION_CONTEXT(2) 
PARAMETRIC_REPRESENTATION_CONTEXT() REPRESENTATION_CONTEXT('2D SPACE',''
  ) );
#2873 = ORIENTED_EDGE('',*,*,#2874,.F.);
#2874 = EDGE_CURVE('',#2875,#2726,#2877,.T.);
#2875 = VERTEX_POINT('',#2876);
#2876 = CARTESIAN_POINT('',(37.499993101374,40.003216813913,107.5));
#2877 = SURFACE_CURVE('',#2878,(#2882,#2889),.PCURVE_S1.);
#2878 = LINE('',#2879,#2880);
#2879 = CARTESIAN_POINT('',(37.499993101374,40.003216813913,99.));
#2880 = VECTOR('',#2881,1.);
#2881 = DIRECTION('',(0.,0.,-1.));
#2882 = PCURVE('',#2165,#2883);
#2883 = DEFINITIONAL_REPRESENTATION('',(#2884),#2888);
#2884 = LINE('',#2885,#2886);
#2885 = CARTESIAN_POINT('',(149.,137.49999310137));
#2886 = VECTOR('',#2887,1.);
#2887 = DIRECTION('',(-1.,0.));
#2888 = ( GEOMETRIC_REPRESENTATION_CONTEXT(2) 
PARAMETRIC_REPRESENTATION_CONTEXT() REPRESENTATION_CONTEXT('2D SPACE',''
  ) );
#2889 = PCURVE('',#2890,#2895);
#2890 = CYLINDRICAL_SURFACE('',#2891,0.75);
#2891 = AXIS2_PLACEMENT_3D('',#2892,#2893,#2894);
#2892 = CARTESIAN_POINT('',(36.75,40.,99.));
#2893 = DIRECTION('',(0.,0.,-1.));
#2894 = DIRECTION('',(0.,1.,0.));
#2895 = DEFINITIONAL_REPRESENTATION('',(#2896),#2900);
#2896 = LINE('',#2897,#2898);
#2897 = CARTESIAN_POINT('',(1.566507228427,0.));
#2898 = VECTOR('',#2899,1.);
#2899 = DIRECTION('',(0.,1.));
#2900 = ( GEOMETRIC_REPRESENTATION_CONTEXT(2) 
PARAMETRIC_REPRESENTATION_CONTEXT() REPRESENTATION_CONTEXT('2D SPACE',''
  ) );
#2901 = ORIENTED_EDGE('',*,*,#2902,.T.);
#2902 = EDGE_CURVE('',#2875,#2903,#2905,.T.);
#2903 = VERTEX_POINT('',#2904);
#2904 = CARTESIAN_POINT('',(37.499993101374,40.003216813913,108.2));
#2905 = SURFACE_CURVE('',#2906,(#2910,#2917),.PCURVE_S1.);
#2906 = LINE('',#2907,#2908);
#2907 = CARTESIAN_POINT('',(37.499993101374,40.003216813913,107.5));
#2908 = VECTOR('',#2909,1.);
#2909 = DIRECTION('',(-0.,-0.,1.));
#2910 = PCURVE('',#2165,#2911);
#2911 = DEFINITIONAL_REPRESENTATION('',(#2912),#2916);
#2912 = LINE('',#2913,#2914);
#2913 = CARTESIAN_POINT('',(157.5,137.49999310137));
#2914 = VECTOR('',#2915,1.);
#2915 = DIRECTION('',(1.,0.));
#2916 = ( GEOMETRIC_REPRESENTATION_CONTEXT(2) 
PARAMETRIC_REPRESENTATION_CONTEXT() REPRESENTATION_CONTEXT('2D SPACE',''
  ) );
#2917 = PCURVE('',#2918,#2923);
#2918 = CYLINDRICAL_SURFACE('',#2919,0.75);
#2919 = AXIS2_PLACEMENT_3D('',#2920,#2921,#2922);
#2920 = CARTESIAN_POINT('',(36.75,40.,107.5));
#2921 = DIRECTION('',(-0.,-0.,1.));
#2922 = DIRECTION('',(0.,1.,0.));
#2923 = DEFINITIONAL_REPRESENTATION('',(#2924),#2928);
#2924 = LINE('',#2925,#2926);
#2925 = CARTESIAN_POINT('',(-1.566507228427,0.));
#2926 = VECTOR('',#2927,1.);
#2927 = DIRECTION('',(-0.,1.));
#2928 = ( GEOMETRIC_REPRESENTATION_CONTEXT(2) 
PARAMETRIC_REPRESENTATION_CONTEXT() REPRESENTATION_CONTEXT('2D SPACE',''
  ) );
#2929 = ORIENTED_EDGE('',*,*,#2930,.T.);
#2930 = EDGE_CURVE('',#2903,#2931,#2933,.T.);
#2931 = VERTEX_POINT('',#2932);
#2932 = CARTESIAN_POINT('',(38.299996661967,40.003216813913,109.));
#2933 = SURFACE_CURVE('',#2934,(#2939,#2946),.PCURVE_S1.);
#2934 = HYPERBOLA('',#2935,3.216813912758E-03,3.216813912758E-03);
#2935 = AXIS2_PLACEMENT_3D('',#2936,#2937,#2938);
#2936 = CARTESIAN_POINT('',(36.75,40.003216813913,107.45));
#2937 = DIRECTION('',(0.,1.,0.));
#2938 = DIRECTION('',(-0.,0.,1.));
#2939 = PCURVE('',#2165,#2940);
#2940 = DEFINITIONAL_REPRESENTATION('',(#2941),#2945);
#2941 = HYPERBOLA('',#2942,3.216813912758E-03,3.216813912758E-03);
#2942 = AXIS2_PLACEMENT_2D('',#2943,#2944);
#2943 = CARTESIAN_POINT('',(157.45,136.75));
#2944 = DIRECTION('',(1.,0.));
#2945 = ( GEOMETRIC_REPRESENTATION_CONTEXT(2) 
PARAMETRIC_REPRESENTATION_CONTEXT() REPRESENTATION_CONTEXT('2D SPACE',''
  ) );
#2946 = PCURVE('',#2947,#2952);
#2947 = CONICAL_SURFACE('',#2948,0.75,0.785398163397);
#2948 = AXIS2_PLACEMENT_3D('',#2949,#2950,#2951);
#2949 = CARTESIAN_POINT('',(36.75,40.,108.2));
#2950 = DIRECTION('',(-0.,-0.,1.));
#2951 = DIRECTION('',(0.,1.,0.));
#2952 = DEFINITIONAL_REPRESENTATION('',(#2953),#2961);
#2953 = B_SPLINE_CURVE_WITH_KNOTS('',6,(#2954,#2955,#2956,#2957,#2958,
    #2959,#2960),.UNSPECIFIED.,.F.,.F.,(7,7),(6.144824386374,
    6.870764912066),.PIECEWISE_BEZIER_KNOTS.);
#2954 = CARTESIAN_POINT('',(-1.566507228427,9.436895709314E-16));
#2955 = CARTESIAN_POINT('',(-1.567026165223,9.074173104613E-02));
#2956 = CARTESIAN_POINT('',(-1.567469759641,0.194658331415));
#2957 = CARTESIAN_POINT('',(-1.567851682089,0.314139873686));
#2958 = CARTESIAN_POINT('',(-1.568182307807,0.452159197661));
#2959 = CARTESIAN_POINT('',(-1.568469863041,0.612465768065));
#2960 = CARTESIAN_POINT('',(-1.56872096149,0.8));
#2961 = ( GEOMETRIC_REPRESENTATION_CONTEXT(2) 
PARAMETRIC_REPRESENTATION_CONTEXT() REPRESENTATION_CONTEXT('2D SPACE',''
  ) );
#2962 = ORIENTED_EDGE('',*,*,#2963,.F.);
#2963 = EDGE_CURVE('',#2964,#2931,#2966,.T.);
#2964 = VERTEX_POINT('',#2965);
#2965 = CARTESIAN_POINT('',(39.749999869838,40.003216813913,109.));
#2966 = SURFACE_CURVE('',#2967,(#2971,#2978),.PCURVE_S1.);
#2967 = LINE('',#2968,#2969);
#2968 = CARTESIAN_POINT('',(-50.,40.003216813913,109.));
#2969 = VECTOR('',#2970,1.);
#2970 = DIRECTION('',(-1.,0.,0.));
#2971 = PCURVE('',#2165,#2972);
#2972 = DEFINITIONAL_REPRESENTATION('',(#2973),#2977);
#2973 = LINE('',#2974,#2975);
#2974 = CARTESIAN_POINT('',(159.,50.));
#2975 = VECTOR('',#2976,1.);
#2976 = DIRECTION('',(0.,-1.));
#2977 = ( GEOMETRIC_REPRESENTATION_CONTEXT(2) 
PARAMETRIC_REPRESENTATION_CONTEXT() REPRESENTATION_CONTEXT('2D SPACE',''
  ) );
#2978 = PCURVE('',#2544,#2979);
#2979 = DEFINITIONAL_REPRESENTATION('',(#2980),#2984);
#2980 = LINE('',#2981,#2982);
#2981 = CARTESIAN_POINT('',(-50.,3.216813912758E-03));
#2982 = VECTOR('',#2983,1.);
#2983 = DIRECTION('',(-1.,0.));
#2984 = ( GEOMETRIC_REPRESENTATION_CONTEXT(2) 
PARAMETRIC_REPRESENTATION_CONTEXT() REPRESENTATION_CONTEXT('2D SPACE',''
  ) );
#2985 = ORIENTED_EDGE('',*,*,#2986,.T.);
#2986 = EDGE_CURVE('',#2964,#2987,#2989,.T.);
#2987 = VERTEX_POINT('',#2988);
#2988 = CARTESIAN_POINT('',(39.749999869838,40.003216813913,80.7));
#2989 = SURFACE_CURVE('',#2990,(#2994,#3001),.PCURVE_S1.);
#2990 = LINE('',#2991,#2992);
#2991 = CARTESIAN_POINT('',(39.749999869838,40.003216813913,80.7));
#2992 = VECTOR('',#2993,1.);
#2993 = DIRECTION('',(-0.,-0.,-1.));
#2994 = PCURVE('',#2165,#2995);
#2995 = DEFINITIONAL_REPRESENTATION('',(#2996),#3000);
#2996 = LINE('',#2997,#2998);
#2997 = CARTESIAN_POINT('',(130.7,139.74999986983));
#2998 = VECTOR('',#2999,1.);
#2999 = DIRECTION('',(-1.,0.));
#3000 = ( GEOMETRIC_REPRESENTATION_CONTEXT(2) 
PARAMETRIC_REPRESENTATION_CONTEXT() REPRESENTATION_CONTEXT('2D SPACE',''
  ) );
#3001 = PCURVE('',#2516,#3002);
#3002 = DEFINITIONAL_REPRESENTATION('',(#3003),#3007);
#3003 = LINE('',#3004,#3005);
#3004 = CARTESIAN_POINT('',(-8.092613625834E-05,0.));
#3005 = VECTOR('',#3006,1.);
#3006 = DIRECTION('',(-0.,1.));
#3007 = ( GEOMETRIC_REPRESENTATION_CONTEXT(2) 
PARAMETRIC_REPRESENTATION_CONTEXT() REPRESENTATION_CONTEXT('2D SPACE',''
  ) );
#3008 = ORIENTED_EDGE('',*,*,#3009,.F.);
#3009 = EDGE_CURVE('',#3010,#2987,#3012,.T.);
#3010 = VERTEX_POINT('',#3011);
#3011 = CARTESIAN_POINT('',(44.749999884381,40.003216813913,80.7));
#3012 = SURFACE_CURVE('',#3013,(#3017,#3024),.PCURVE_S1.);
#3013 = LINE('',#3014,#3015);
#3014 = CARTESIAN_POINT('',(-50.,40.003216813913,80.7));
#3015 = VECTOR('',#3016,1.);
#3016 = DIRECTION('',(-1.,0.,0.));
#3017 = PCURVE('',#2165,#3018);
#3018 = DEFINITIONAL_REPRESENTATION('',(#3019),#3023);
#3019 = LINE('',#3020,#3021);
#3020 = CARTESIAN_POINT('',(130.7,50.));
#3021 = VECTOR('',#3022,1.);
#3022 = DIRECTION('',(0.,-1.));
#3023 = ( GEOMETRIC_REPRESENTATION_CONTEXT(2) 
PARAMETRIC_REPRESENTATION_CONTEXT() REPRESENTATION_CONTEXT('2D SPACE',''
  ) );
#3024 = PCURVE('',#2488,#3025);
#3025 = DEFINITIONAL_REPRESENTATION('',(#3026),#3030);
#3026 = LINE('',#3027,#3028);
#3027 = CARTESIAN_POINT('',(-50.,3.216813912751E-03));
#3028 = VECTOR('',#3029,1.);
#3029 = DIRECTION('',(-1.,0.));
#3030 = ( GEOMETRIC_REPRESENTATION_CONTEXT(2) 
PARAMETRIC_REPRESENTATION_CONTEXT() REPRESENTATION_CONTEXT('2D SPACE',''
  ) );
#3031 = ORIENTED_EDGE('',*,*,#3032,.T.);
#3032 = EDGE_CURVE('',#3010,#2647,#3033,.T.);
#3033 = SURFACE_CURVE('',#3034,(#3038,#3045),.PCURVE_S1.);
#3034 = LINE('',#3035,#3036);
#3035 = CARTESIAN_POINT('',(44.749999884381,40.003216813913,69.9));
#3036 = VECTOR('',#3037,1.);
#3037 = DIRECTION('',(-0.,-0.,-1.));
#3038 = PCURVE('',#2165,#3039);
#3039 = DEFINITIONAL_REPRESENTATION('',(#3040),#3044);
#3040 = LINE('',#3041,#3042);
#3041 = CARTESIAN_POINT('',(119.9,144.74999988438));
#3042 = VECTOR('',#3043,1.);
#3043 = DIRECTION('',(-1.,0.));
#3044 = ( GEOMETRIC_REPRESENTATION_CONTEXT(2) 
PARAMETRIC_REPRESENTATION_CONTEXT() REPRESENTATION_CONTEXT('2D SPACE',''
  ) );
#3045 = PCURVE('',#2460,#3046);
#3046 = DEFINITIONAL_REPRESENTATION('',(#3047),#3051);
#3047 = LINE('',#3048,#3049);
#3048 = CARTESIAN_POINT('',(-7.18841098442E-05,0.));
#3049 = VECTOR('',#3050,1.);
#3050 = DIRECTION('',(-0.,1.));
#3051 = ( GEOMETRIC_REPRESENTATION_CONTEXT(2) 
PARAMETRIC_REPRESENTATION_CONTEXT() REPRESENTATION_CONTEXT('2D SPACE',''
  ) );
#3052 = ORIENTED_EDGE('',*,*,#2646,.F.);
#3053 = ORIENTED_EDGE('',*,*,#2149,.T.);
#3054 = ORIENTED_EDGE('',*,*,#2235,.T.);
#3055 = ADVANCED_FACE('',(#3056),#2341,.F.);
#3056 = FACE_BOUND('',#3057,.F.);
#3057 = EDGE_LOOP('',(#3058,#3059,#3060,#3082,#3110));
#3058 = ORIENTED_EDGE('',*,*,#2696,.F.);
#3059 = ORIENTED_EDGE('',*,*,#2326,.T.);
#3060 = ORIENTED_EDGE('',*,*,#3061,.T.);
#3061 = EDGE_CURVE('',#2283,#3062,#3064,.T.);
#3062 = VERTEX_POINT('',#3063);
#3063 = CARTESIAN_POINT('',(-36.75,40.75,99.));
#3064 = SURFACE_CURVE('',#3065,(#3068,#3075),.PCURVE_S1.);
#3065 = B_SPLINE_CURVE_WITH_KNOTS('',1,(#3066,#3067),.UNSPECIFIED.,.F.,
  .F.,(2,2),(0.,1.),.PIECEWISE_BEZIER_KNOTS.);
#3066 = CARTESIAN_POINT('',(-37.79213073791,40.771267974243,0.));
#3067 = CARTESIAN_POINT('',(-36.75,40.75,99.));
#3068 = PCURVE('',#2341,#3069);
#3069 = DEFINITIONAL_REPRESENTATION('',(#3070),#3074);
#3070 = LINE('',#3071,#3072);
#3071 = CARTESIAN_POINT('',(0.,0.));
#3072 = VECTOR('',#3073,1.);
#3073 = DIRECTION('',(0.,1.));
#3074 = ( GEOMETRIC_REPRESENTATION_CONTEXT(2) 
PARAMETRIC_REPRESENTATION_CONTEXT() REPRESENTATION_CONTEXT('2D SPACE',''
  ) );
#3075 = PCURVE('',#2299,#3076);
#3076 = DEFINITIONAL_REPRESENTATION('',(#3077),#3081);
#3077 = LINE('',#3078,#3079);
#3078 = CARTESIAN_POINT('',(3.14159265359,0.));
#3079 = VECTOR('',#3080,1.);
#3080 = DIRECTION('',(0.,1.));
#3081 = ( GEOMETRIC_REPRESENTATION_CONTEXT(2) 
PARAMETRIC_REPRESENTATION_CONTEXT() REPRESENTATION_CONTEXT('2D SPACE',''
  ) );
#3082 = ORIENTED_EDGE('',*,*,#3083,.T.);
#3083 = EDGE_CURVE('',#3062,#3084,#3086,.T.);
#3084 = VERTEX_POINT('',#3085);
#3085 = CARTESIAN_POINT('',(36.75,40.75,99.));
#3086 = SURFACE_CURVE('',#3087,(#3091,#3098),.PCURVE_S1.);
#3087 = LINE('',#3088,#3089);
#3088 = CARTESIAN_POINT('',(-36.75,40.75,99.));
#3089 = VECTOR('',#3090,1.);
#3090 = DIRECTION('',(1.,0.,0.));
#3091 = PCURVE('',#2341,#3092);
#3092 = DEFINITIONAL_REPRESENTATION('',(#3093),#3097);
#3093 = LINE('',#3094,#3095);
#3094 = CARTESIAN_POINT('',(0.,1.));
#3095 = VECTOR('',#3096,1.);
#3096 = DIRECTION('',(-1.,0.));
#3097 = ( GEOMETRIC_REPRESENTATION_CONTEXT(2) 
PARAMETRIC_REPRESENTATION_CONTEXT() REPRESENTATION_CONTEXT('2D SPACE',''
  ) );
#3098 = PCURVE('',#3099,#3104);
#3099 = PLANE('',#3100);
#3100 = AXIS2_PLACEMENT_3D('',#3101,#3102,#3103);
#3101 = CARTESIAN_POINT('',(-36.75,40.75,99.));
#3102 = DIRECTION('',(0.,1.,0.));
#3103 = DIRECTION('',(1.,0.,0.));
#3104 = DEFINITIONAL_REPRESENTATION('',(#3105),#3109);
#3105 = LINE('',#3106,#3107);
#3106 = CARTESIAN_POINT('',(0.,0.));
#3107 = VECTOR('',#3108,1.);
#3108 = DIRECTION('',(1.,0.));
#3109 = ( GEOMETRIC_REPRESENTATION_CONTEXT(2) 
PARAMETRIC_REPRESENTATION_CONTEXT() REPRESENTATION_CONTEXT('2D SPACE',''
  ) );
#3110 = ORIENTED_EDGE('',*,*,#3111,.F.);
#3111 = EDGE_CURVE('',#2697,#3084,#3112,.T.);
#3112 = SURFACE_CURVE('',#3113,(#3116,#3123),.PCURVE_S1.);
#3113 = B_SPLINE_CURVE_WITH_KNOTS('',1,(#3114,#3115),.UNSPECIFIED.,.F.,
  .F.,(2,2),(0.,1.),.PIECEWISE_BEZIER_KNOTS.);
#3114 = CARTESIAN_POINT('',(37.8,40.,0.));
#3115 = CARTESIAN_POINT('',(36.75,40.75,99.));
#3116 = PCURVE('',#2341,#3117);
#3117 = DEFINITIONAL_REPRESENTATION('',(#3118),#3122);
#3118 = LINE('',#3119,#3120);
#3119 = CARTESIAN_POINT('',(-73.5,0.));
#3120 = VECTOR('',#3121,1.);
#3121 = DIRECTION('',(0.,1.));
#3122 = ( GEOMETRIC_REPRESENTATION_CONTEXT(2) 
PARAMETRIC_REPRESENTATION_CONTEXT() REPRESENTATION_CONTEXT('2D SPACE',''
  ) );
#3123 = PCURVE('',#2811,#3124);
#3124 = DEFINITIONAL_REPRESENTATION('',(#3125),#3129);
#3125 = LINE('',#3126,#3127);
#3126 = CARTESIAN_POINT('',(6.28318530718,0.));
#3127 = VECTOR('',#3128,1.);
#3128 = DIRECTION('',(0.,1.));
#3129 = ( GEOMETRIC_REPRESENTATION_CONTEXT(2) 
PARAMETRIC_REPRESENTATION_CONTEXT() REPRESENTATION_CONTEXT('2D SPACE',''
  ) );
#3130 = ADVANCED_FACE('',(#3131),#2299,.F.);
#3131 = FACE_BOUND('',#3132,.F.);
#3132 = EDGE_LOOP('',(#3133,#3134,#3135,#3136));
#3133 = ORIENTED_EDGE('',*,*,#3061,.F.);
#3134 = ORIENTED_EDGE('',*,*,#2282,.T.);
#3135 = ORIENTED_EDGE('',*,*,#2375,.T.);
#3136 = ORIENTED_EDGE('',*,*,#3137,.T.);
#3137 = EDGE_CURVE('',#2376,#3062,#3138,.T.);
#3138 = SURFACE_CURVE('',#3139,(#3144,#3151),.PCURVE_S1.);
#3139 = CIRCLE('',#3140,0.75);
#3140 = AXIS2_PLACEMENT_3D('',#3141,#3142,#3143);
#3141 = CARTESIAN_POINT('',(-36.75,40.,99.));
#3142 = DIRECTION('',(-0.,-0.,-1.));
#3143 = DIRECTION('',(0.,-1.,0.));
#3144 = PCURVE('',#2299,#3145);
#3145 = DEFINITIONAL_REPRESENTATION('',(#3146),#3150);
#3146 = LINE('',#3147,#3148);
#3147 = CARTESIAN_POINT('',(6.28318530718,1.));
#3148 = VECTOR('',#3149,1.);
#3149 = DIRECTION('',(-1.,0.));
#3150 = ( GEOMETRIC_REPRESENTATION_CONTEXT(2) 
PARAMETRIC_REPRESENTATION_CONTEXT() REPRESENTATION_CONTEXT('2D SPACE',''
  ) );
#3151 = PCURVE('',#2631,#3152);
#3152 = DEFINITIONAL_REPRESENTATION('',(#3153),#3156);
#3153 = B_SPLINE_CURVE_WITH_KNOTS('',1,(#3154,#3155),.UNSPECIFIED.,.F.,
  .F.,(2,2),(0.,3.14159265359),.PIECEWISE_BEZIER_KNOTS.);
#3154 = CARTESIAN_POINT('',(0.,0.));
#3155 = CARTESIAN_POINT('',(3.14159265359,0.));
#3156 = ( GEOMETRIC_REPRESENTATION_CONTEXT(2) 
PARAMETRIC_REPRESENTATION_CONTEXT() REPRESENTATION_CONTEXT('2D SPACE',''
  ) );
#3157 = ADVANCED_FACE('',(#3158),#2631,.F.);
#3158 = FACE_BOUND('',#3159,.F.);
#3159 = EDGE_LOOP('',(#3160,#3161,#3162,#3186));
#3160 = ORIENTED_EDGE('',*,*,#3137,.F.);
#3161 = ORIENTED_EDGE('',*,*,#2617,.F.);
#3162 = ORIENTED_EDGE('',*,*,#3163,.F.);
#3163 = EDGE_CURVE('',#3164,#2590,#3166,.T.);
#3164 = VERTEX_POINT('',#3165);
#3165 = CARTESIAN_POINT('',(-36.75,40.75,107.5));
#3166 = SURFACE_CURVE('',#3167,(#3172,#3179),.PCURVE_S1.);
#3167 = CIRCLE('',#3168,0.75);
#3168 = AXIS2_PLACEMENT_3D('',#3169,#3170,#3171);
#3169 = CARTESIAN_POINT('',(-36.75,40.,107.5));
#3170 = DIRECTION('',(0.,-0.,1.));
#3171 = DIRECTION('',(0.,1.,0.));
#3172 = PCURVE('',#2631,#3173);
#3173 = DEFINITIONAL_REPRESENTATION('',(#3174),#3178);
#3174 = LINE('',#3175,#3176);
#3175 = CARTESIAN_POINT('',(3.14159265359,-8.5));
#3176 = VECTOR('',#3177,1.);
#3177 = DIRECTION('',(-1.,-0.));
#3178 = ( GEOMETRIC_REPRESENTATION_CONTEXT(2) 
PARAMETRIC_REPRESENTATION_CONTEXT() REPRESENTATION_CONTEXT('2D SPACE',''
  ) );
#3179 = PCURVE('',#2605,#3180);
#3180 = DEFINITIONAL_REPRESENTATION('',(#3181),#3185);
#3181 = LINE('',#3182,#3183);
#3182 = CARTESIAN_POINT('',(-3.14159265359,0.));
#3183 = VECTOR('',#3184,1.);
#3184 = DIRECTION('',(1.,-0.));
#3185 = ( GEOMETRIC_REPRESENTATION_CONTEXT(2) 
PARAMETRIC_REPRESENTATION_CONTEXT() REPRESENTATION_CONTEXT('2D SPACE',''
  ) );
#3186 = ORIENTED_EDGE('',*,*,#3187,.F.);
#3187 = EDGE_CURVE('',#3062,#3164,#3188,.T.);
#3188 = SURFACE_CURVE('',#3189,(#3193,#3200),.PCURVE_S1.);
#3189 = LINE('',#3190,#3191);
#3190 = CARTESIAN_POINT('',(-36.75,40.75,99.));
#3191 = VECTOR('',#3192,1.);
#3192 = DIRECTION('',(0.,0.,1.));
#3193 = PCURVE('',#2631,#3194);
#3194 = DEFINITIONAL_REPRESENTATION('',(#3195),#3199);
#3195 = LINE('',#3196,#3197);
#3196 = CARTESIAN_POINT('',(3.14159265359,0.));
#3197 = VECTOR('',#3198,1.);
#3198 = DIRECTION('',(0.,-1.));
#3199 = ( GEOMETRIC_REPRESENTATION_CONTEXT(2) 
PARAMETRIC_REPRESENTATION_CONTEXT() REPRESENTATION_CONTEXT('2D SPACE',''
  ) );
#3200 = PCURVE('',#3099,#3201);
#3201 = DEFINITIONAL_REPRESENTATION('',(#3202),#3206);
#3202 = LINE('',#3203,#3204);
#3203 = CARTESIAN_POINT('',(0.,0.));
#3204 = VECTOR('',#3205,1.);
#3205 = DIRECTION('',(0.,-1.));
#3206 = ( GEOMETRIC_REPRESENTATION_CONTEXT(2) 
PARAMETRIC_REPRESENTATION_CONTEXT() REPRESENTATION_CONTEXT('2D SPACE',''
  ) );
#3207 = ADVANCED_FACE('',(#3208),#2605,.F.);
#3208 = FACE_BOUND('',#3209,.T.);
#3209 = EDGE_LOOP('',(#3210,#3211,#3236,#3258));
#3210 = ORIENTED_EDGE('',*,*,#3163,.F.);
#3211 = ORIENTED_EDGE('',*,*,#3212,.T.);
#3212 = EDGE_CURVE('',#3164,#3213,#3215,.T.);
#3213 = VERTEX_POINT('',#3214);
#3214 = CARTESIAN_POINT('',(-36.75,40.75,108.2));
#3215 = SURFACE_CURVE('',#3216,(#3219,#3225),.PCURVE_S1.);
#3216 = B_SPLINE_CURVE_WITH_KNOTS('',1,(#3217,#3218),.UNSPECIFIED.,.F.,
  .F.,(2,2),(0.,1.),.PIECEWISE_BEZIER_KNOTS.);
#3217 = CARTESIAN_POINT('',(-36.75,40.75,107.5));
#3218 = CARTESIAN_POINT('',(-36.75,40.75,108.2));
#3219 = PCURVE('',#2605,#3220);
#3220 = DEFINITIONAL_REPRESENTATION('',(#3221),#3224);
#3221 = B_SPLINE_CURVE_WITH_KNOTS('',1,(#3222,#3223),.UNSPECIFIED.,.F.,
  .F.,(2,2),(0.,1.),.PIECEWISE_BEZIER_KNOTS.);
#3222 = CARTESIAN_POINT('',(-3.14159265359,0.));
#3223 = CARTESIAN_POINT('',(-3.14159265359,0.7));
#3224 = ( GEOMETRIC_REPRESENTATION_CONTEXT(2) 
PARAMETRIC_REPRESENTATION_CONTEXT() REPRESENTATION_CONTEXT('2D SPACE',''
  ) );
#3225 = PCURVE('',#3226,#3231);
#3226 = PLANE('',#3227);
#3227 = AXIS2_PLACEMENT_3D('',#3228,#3229,#3230);
#3228 = CARTESIAN_POINT('',(-36.75,40.75,108.2));
#3229 = DIRECTION('',(0.,-1.,0.));
#3230 = DIRECTION('',(1.,0.,0.));
#3231 = DEFINITIONAL_REPRESENTATION('',(#3232),#3235);
#3232 = B_SPLINE_CURVE_WITH_KNOTS('',1,(#3233,#3234),.UNSPECIFIED.,.F.,
  .F.,(2,2),(0.,1.),.PIECEWISE_BEZIER_KNOTS.);
#3233 = CARTESIAN_POINT('',(0.,-0.7));
#3234 = CARTESIAN_POINT('',(0.,0.));
#3235 = ( GEOMETRIC_REPRESENTATION_CONTEXT(2) 
PARAMETRIC_REPRESENTATION_CONTEXT() REPRESENTATION_CONTEXT('2D SPACE',''
  ) );
#3236 = ORIENTED_EDGE('',*,*,#3237,.F.);
#3237 = EDGE_CURVE('',#2557,#3213,#3238,.T.);
#3238 = SURFACE_CURVE('',#3239,(#3244,#3251),.PCURVE_S1.);
#3239 = CIRCLE('',#3240,0.75);
#3240 = AXIS2_PLACEMENT_3D('',#3241,#3242,#3243);
#3241 = CARTESIAN_POINT('',(-36.75,40.,108.2));
#3242 = DIRECTION('',(0.,-0.,-1.));
#3243 = DIRECTION('',(0.,-1.,0.));
#3244 = PCURVE('',#2605,#3245);
#3245 = DEFINITIONAL_REPRESENTATION('',(#3246),#3250);
#3246 = LINE('',#3247,#3248);
#3247 = CARTESIAN_POINT('',(-0.,0.7));
#3248 = VECTOR('',#3249,1.);
#3249 = DIRECTION('',(-1.,0.));
#3250 = ( GEOMETRIC_REPRESENTATION_CONTEXT(2) 
PARAMETRIC_REPRESENTATION_CONTEXT() REPRESENTATION_CONTEXT('2D SPACE',''
  ) );
#3251 = PCURVE('',#2573,#3252);
#3252 = DEFINITIONAL_REPRESENTATION('',(#3253),#3257);
#3253 = LINE('',#3254,#3255);
#3254 = CARTESIAN_POINT('',(-0.,0.));
#3255 = VECTOR('',#3256,1.);
#3256 = DIRECTION('',(-1.,0.));
#3257 = ( GEOMETRIC_REPRESENTATION_CONTEXT(2) 
PARAMETRIC_REPRESENTATION_CONTEXT() REPRESENTATION_CONTEXT('2D SPACE',''
  ) );
#3258 = ORIENTED_EDGE('',*,*,#2589,.F.);
#3259 = ADVANCED_FACE('',(#3260),#2573,.F.);
#3260 = FACE_BOUND('',#3261,.T.);
#3261 = EDGE_LOOP('',(#3262,#3263,#3264,#3289));
#3262 = ORIENTED_EDGE('',*,*,#2556,.T.);
#3263 = ORIENTED_EDGE('',*,*,#3237,.T.);
#3264 = ORIENTED_EDGE('',*,*,#3265,.T.);
#3265 = EDGE_CURVE('',#3213,#3266,#3268,.T.);
#3266 = VERTEX_POINT('',#3267);
#3267 = CARTESIAN_POINT('',(-36.75,41.55,109.));
#3268 = SURFACE_CURVE('',#3269,(#3272,#3278),.PCURVE_S1.);
#3269 = B_SPLINE_CURVE_WITH_KNOTS('',1,(#3270,#3271),.UNSPECIFIED.,.F.,
  .F.,(2,2),(0.,1.),.PIECEWISE_BEZIER_KNOTS.);
#3270 = CARTESIAN_POINT('',(-36.75,40.75,108.2));
#3271 = CARTESIAN_POINT('',(-36.75,41.55,109.));
#3272 = PCURVE('',#2573,#3273);
#3273 = DEFINITIONAL_REPRESENTATION('',(#3274),#3277);
#3274 = B_SPLINE_CURVE_WITH_KNOTS('',1,(#3275,#3276),.UNSPECIFIED.,.F.,
  .F.,(2,2),(0.,1.),.PIECEWISE_BEZIER_KNOTS.);
#3275 = CARTESIAN_POINT('',(-3.14159265359,0.));
#3276 = CARTESIAN_POINT('',(-3.14159265359,0.8));
#3277 = ( GEOMETRIC_REPRESENTATION_CONTEXT(2) 
PARAMETRIC_REPRESENTATION_CONTEXT() REPRESENTATION_CONTEXT('2D SPACE',''
  ) );
#3278 = PCURVE('',#3279,#3284);
#3279 = PLANE('',#3280);
#3280 = AXIS2_PLACEMENT_3D('',#3281,#3282,#3283);
#3281 = CARTESIAN_POINT('',(-36.75,41.55,109.));
#3282 = DIRECTION('',(0.,-0.707106781187,0.707106781187));
#3283 = DIRECTION('',(1.,0.,0.));
#3284 = DEFINITIONAL_REPRESENTATION('',(#3285),#3288);
#3285 = B_SPLINE_CURVE_WITH_KNOTS('',1,(#3286,#3287),.UNSPECIFIED.,.F.,
  .F.,(2,2),(0.,1.),.PIECEWISE_BEZIER_KNOTS.);
#3286 = CARTESIAN_POINT('',(0.,-1.131370849898));
#3287 = CARTESIAN_POINT('',(0.,0.));
#3288 = ( GEOMETRIC_REPRESENTATION_CONTEXT(2) 
PARAMETRIC_REPRESENTATION_CONTEXT() REPRESENTATION_CONTEXT('2D SPACE',''
  ) );
#3289 = ORIENTED_EDGE('',*,*,#3290,.F.);
#3290 = EDGE_CURVE('',#2529,#3266,#3291,.T.);
#3291 = SURFACE_CURVE('',#3292,(#3297,#3304),.PCURVE_S1.);
#3292 = CIRCLE('',#3293,1.55);
#3293 = AXIS2_PLACEMENT_3D('',#3294,#3295,#3296);
#3294 = CARTESIAN_POINT('',(-36.75,40.,109.));
#3295 = DIRECTION('',(0.,-0.,-1.));
#3296 = DIRECTION('',(0.,-1.,0.));
#3297 = PCURVE('',#2573,#3298);
#3298 = DEFINITIONAL_REPRESENTATION('',(#3299),#3303);
#3299 = LINE('',#3300,#3301);
#3300 = CARTESIAN_POINT('',(-0.,0.8));
#3301 = VECTOR('',#3302,1.);
#3302 = DIRECTION('',(-1.,0.));
#3303 = ( GEOMETRIC_REPRESENTATION_CONTEXT(2) 
PARAMETRIC_REPRESENTATION_CONTEXT() REPRESENTATION_CONTEXT('2D SPACE',''
  ) );
#3304 = PCURVE('',#2544,#3305);
#3305 = DEFINITIONAL_REPRESENTATION('',(#3306),#3314);
#3306 = ( BOUNDED_CURVE() B_SPLINE_CURVE(2,(#3307,#3308,#3309,#3310,
#3311,#3312,#3313),.UNSPECIFIED.,.T.,.F.) B_SPLINE_CURVE_WITH_KNOTS((1,2
    ,2,2,2,1),(-2.094395102393,0.,2.094395102393,4.188790204786,
6.28318530718,8.377580409573),.UNSPECIFIED.) CURVE() 
GEOMETRIC_REPRESENTATION_ITEM() RATIONAL_B_SPLINE_CURVE((1.,0.5,1.,0.5,
1.,0.5,1.)) REPRESENTATION_ITEM('') );
#3307 = CARTESIAN_POINT('',(-36.75,-1.55));
#3308 = CARTESIAN_POINT('',(-39.43467875173,-1.55));
#3309 = CARTESIAN_POINT('',(-38.09233937586,0.775));
#3310 = CARTESIAN_POINT('',(-36.75,3.1));
#3311 = CARTESIAN_POINT('',(-35.40766062413,0.775));
#3312 = CARTESIAN_POINT('',(-34.06532124826,-1.55));
#3313 = CARTESIAN_POINT('',(-36.75,-1.55));
#3314 = ( GEOMETRIC_REPRESENTATION_CONTEXT(2) 
PARAMETRIC_REPRESENTATION_CONTEXT() REPRESENTATION_CONTEXT('2D SPACE',''
  ) );
#3315 = ADVANCED_FACE('',(#3316),#2544,.T.);
#3316 = FACE_BOUND('',#3317,.T.);
#3317 = EDGE_LOOP('',(#3318,#3319,#3341,#3342,#3343,#3366));
#3318 = ORIENTED_EDGE('',*,*,#2963,.F.);
#3319 = ORIENTED_EDGE('',*,*,#3320,.T.);
#3320 = EDGE_CURVE('',#2964,#2501,#3321,.T.);
#3321 = SURFACE_CURVE('',#3322,(#3327,#3334),.PCURVE_S1.);
#3322 = CIRCLE('',#3323,39.75);
#3323 = AXIS2_PLACEMENT_3D('',#3324,#3325,#3326);
#3324 = CARTESIAN_POINT('',(0.,40.,109.));
#3325 = DIRECTION('',(0.,0.,1.));
#3326 = DIRECTION('',(1.,0.,0.));
#3327 = PCURVE('',#2544,#3328);
#3328 = DEFINITIONAL_REPRESENTATION('',(#3329),#3333);
#3329 = CIRCLE('',#3330,39.75);
#3330 = AXIS2_PLACEMENT_2D('',#3331,#3332);
#3331 = CARTESIAN_POINT('',(4.403329231825E-15,0.));
#3332 = DIRECTION('',(1.,0.));
#3333 = ( GEOMETRIC_REPRESENTATION_CONTEXT(2) 
PARAMETRIC_REPRESENTATION_CONTEXT() REPRESENTATION_CONTEXT('2D SPACE',''
  ) );
#3334 = PCURVE('',#2516,#3335);
#3335 = DEFINITIONAL_REPRESENTATION('',(#3336),#3340);
#3336 = LINE('',#3337,#3338);
#3337 = CARTESIAN_POINT('',(-0.,-28.3));
#3338 = VECTOR('',#3339,1.);
#3339 = DIRECTION('',(-1.,0.));
#3340 = ( GEOMETRIC_REPRESENTATION_CONTEXT(2) 
PARAMETRIC_REPRESENTATION_CONTEXT() REPRESENTATION_CONTEXT('2D SPACE',''
  ) );
#3341 = ORIENTED_EDGE('',*,*,#2528,.F.);
#3342 = ORIENTED_EDGE('',*,*,#3290,.T.);
#3343 = ORIENTED_EDGE('',*,*,#3344,.T.);
#3344 = EDGE_CURVE('',#3266,#3345,#3347,.T.);
#3345 = VERTEX_POINT('',#3346);
#3346 = CARTESIAN_POINT('',(36.75,41.55,109.));
#3347 = SURFACE_CURVE('',#3348,(#3352,#3359),.PCURVE_S1.);
#3348 = LINE('',#3349,#3350);
#3349 = CARTESIAN_POINT('',(-36.75,41.55,109.));
#3350 = VECTOR('',#3351,1.);
#3351 = DIRECTION('',(1.,0.,0.));
#3352 = PCURVE('',#2544,#3353);
#3353 = DEFINITIONAL_REPRESENTATION('',(#3354),#3358);
#3354 = LINE('',#3355,#3356);
#3355 = CARTESIAN_POINT('',(-36.75,1.55));
#3356 = VECTOR('',#3357,1.);
#3357 = DIRECTION('',(1.,0.));
#3358 = ( GEOMETRIC_REPRESENTATION_CONTEXT(2) 
PARAMETRIC_REPRESENTATION_CONTEXT() REPRESENTATION_CONTEXT('2D SPACE',''
  ) );
#3359 = PCURVE('',#3279,#3360);
#3360 = DEFINITIONAL_REPRESENTATION('',(#3361),#3365);
#3361 = LINE('',#3362,#3363);
#3362 = CARTESIAN_POINT('',(0.,0.));
#3363 = VECTOR('',#3364,1.);
#3364 = DIRECTION('',(1.,0.));
#3365 = ( GEOMETRIC_REPRESENTATION_CONTEXT(2) 
PARAMETRIC_REPRESENTATION_CONTEXT() REPRESENTATION_CONTEXT('2D SPACE',''
  ) );
#3366 = ORIENTED_EDGE('',*,*,#3367,.T.);
#3367 = EDGE_CURVE('',#3345,#2931,#3368,.T.);
#3368 = SURFACE_CURVE('',#3369,(#3374,#3385),.PCURVE_S1.);
#3369 = CIRCLE('',#3370,1.55);
#3370 = AXIS2_PLACEMENT_3D('',#3371,#3372,#3373);
#3371 = CARTESIAN_POINT('',(36.75,40.,109.));
#3372 = DIRECTION('',(0.,0.,-1.));
#3373 = DIRECTION('',(0.,1.,0.));
#3374 = PCURVE('',#2544,#3375);
#3375 = DEFINITIONAL_REPRESENTATION('',(#3376),#3384);
#3376 = ( BOUNDED_CURVE() B_SPLINE_CURVE(2,(#3377,#3378,#3379,#3380,
#3381,#3382,#3383),.UNSPECIFIED.,.T.,.F.) B_SPLINE_CURVE_WITH_KNOTS((1,2
    ,2,2,2,1),(-2.094395102393,0.,2.094395102393,4.188790204786,
6.28318530718,8.377580409573),.UNSPECIFIED.) CURVE() 
GEOMETRIC_REPRESENTATION_ITEM() RATIONAL_B_SPLINE_CURVE((1.,0.5,1.,0.5,
1.,0.5,1.)) REPRESENTATION_ITEM('') );
#3377 = CARTESIAN_POINT('',(36.75,1.55));
#3378 = CARTESIAN_POINT('',(39.434678751732,1.55));
#3379 = CARTESIAN_POINT('',(38.092339375866,-0.775));
#3380 = CARTESIAN_POINT('',(36.75,-3.1));
#3381 = CARTESIAN_POINT('',(35.407660624134,-0.775));
#3382 = CARTESIAN_POINT('',(34.065321248268,1.55));
#3383 = CARTESIAN_POINT('',(36.75,1.55));
#3384 = ( GEOMETRIC_REPRESENTATION_CONTEXT(2) 
PARAMETRIC_REPRESENTATION_CONTEXT() REPRESENTATION_CONTEXT('2D SPACE',''
  ) );
#3385 = PCURVE('',#2947,#3386);
#3386 = DEFINITIONAL_REPRESENTATION('',(#3387),#3391);
#3387 = LINE('',#3388,#3389);
#3388 = CARTESIAN_POINT('',(-0.,0.8));
#3389 = VECTOR('',#3390,1.);
#3390 = DIRECTION('',(-1.,0.));
#3391 = ( GEOMETRIC_REPRESENTATION_CONTEXT(2) 
PARAMETRIC_REPRESENTATION_CONTEXT() REPRESENTATION_CONTEXT('2D SPACE',''
  ) );
#3392 = ADVANCED_FACE('',(#3393),#2516,.T.);
#3393 = FACE_BOUND('',#3394,.F.);
#3394 = EDGE_LOOP('',(#3395,#3417,#3418,#3419));
#3395 = ORIENTED_EDGE('',*,*,#3396,.F.);
#3396 = EDGE_CURVE('',#2987,#2473,#3397,.T.);
#3397 = SURFACE_CURVE('',#3398,(#3403,#3410),.PCURVE_S1.);
#3398 = CIRCLE('',#3399,39.75);
#3399 = AXIS2_PLACEMENT_3D('',#3400,#3401,#3402);
#3400 = CARTESIAN_POINT('',(0.,40.,80.7));
#3401 = DIRECTION('',(0.,0.,1.));
#3402 = DIRECTION('',(1.,0.,0.));
#3403 = PCURVE('',#2516,#3404);
#3404 = DEFINITIONAL_REPRESENTATION('',(#3405),#3409);
#3405 = LINE('',#3406,#3407);
#3406 = CARTESIAN_POINT('',(-0.,0.));
#3407 = VECTOR('',#3408,1.);
#3408 = DIRECTION('',(-1.,0.));
#3409 = ( GEOMETRIC_REPRESENTATION_CONTEXT(2) 
PARAMETRIC_REPRESENTATION_CONTEXT() REPRESENTATION_CONTEXT('2D SPACE',''
  ) );
#3410 = PCURVE('',#2488,#3411);
#3411 = DEFINITIONAL_REPRESENTATION('',(#3412),#3416);
#3412 = CIRCLE('',#3413,39.75);
#3413 = AXIS2_PLACEMENT_2D('',#3414,#3415);
#3414 = CARTESIAN_POINT('',(2.933502854163E-15,-7.105427357601E-15));
#3415 = DIRECTION('',(1.,0.));
#3416 = ( GEOMETRIC_REPRESENTATION_CONTEXT(2) 
PARAMETRIC_REPRESENTATION_CONTEXT() REPRESENTATION_CONTEXT('2D SPACE',''
  ) );
#3417 = ORIENTED_EDGE('',*,*,#2986,.F.);
#3418 = ORIENTED_EDGE('',*,*,#3320,.T.);
#3419 = ORIENTED_EDGE('',*,*,#2500,.T.);
#3420 = ADVANCED_FACE('',(#3421),#2488,.T.);
#3421 = FACE_BOUND('',#3422,.T.);
#3422 = EDGE_LOOP('',(#3423,#3424,#3446,#3447));
#3423 = ORIENTED_EDGE('',*,*,#3009,.F.);
#3424 = ORIENTED_EDGE('',*,*,#3425,.T.);
#3425 = EDGE_CURVE('',#3010,#2445,#3426,.T.);
#3426 = SURFACE_CURVE('',#3427,(#3432,#3439),.PCURVE_S1.);
#3427 = CIRCLE('',#3428,44.75);
#3428 = AXIS2_PLACEMENT_3D('',#3429,#3430,#3431);
#3429 = CARTESIAN_POINT('',(0.,40.,80.7));
#3430 = DIRECTION('',(0.,0.,1.));
#3431 = DIRECTION('',(1.,0.,0.));
#3432 = PCURVE('',#2488,#3433);
#3433 = DEFINITIONAL_REPRESENTATION('',(#3434),#3438);
#3434 = CIRCLE('',#3435,44.75);
#3435 = AXIS2_PLACEMENT_2D('',#3436,#3437);
#3436 = CARTESIAN_POINT('',(2.933502854163E-15,-7.105427357601E-15));
#3437 = DIRECTION('',(1.,0.));
#3438 = ( GEOMETRIC_REPRESENTATION_CONTEXT(2) 
PARAMETRIC_REPRESENTATION_CONTEXT() REPRESENTATION_CONTEXT('2D SPACE',''
  ) );
#3439 = PCURVE('',#2460,#3440);
#3440 = DEFINITIONAL_REPRESENTATION('',(#3441),#3445);
#3441 = LINE('',#3442,#3443);
#3442 = CARTESIAN_POINT('',(-0.,-10.8));
#3443 = VECTOR('',#3444,1.);
#3444 = DIRECTION('',(-1.,0.));
#3445 = ( GEOMETRIC_REPRESENTATION_CONTEXT(2) 
PARAMETRIC_REPRESENTATION_CONTEXT() REPRESENTATION_CONTEXT('2D SPACE',''
  ) );
#3446 = ORIENTED_EDGE('',*,*,#2472,.F.);
#3447 = ORIENTED_EDGE('',*,*,#3396,.F.);
#3448 = ADVANCED_FACE('',(#3449),#2460,.T.);
#3449 = FACE_BOUND('',#3450,.F.);
#3450 = EDGE_LOOP('',(#3451,#3452,#3453,#3454));
#3451 = ORIENTED_EDGE('',*,*,#2671,.F.);
#3452 = ORIENTED_EDGE('',*,*,#3032,.F.);
#3453 = ORIENTED_EDGE('',*,*,#3425,.T.);
#3454 = ORIENTED_EDGE('',*,*,#2444,.T.);
#3455 = ADVANCED_FACE('',(#3456),#2947,.F.);
#3456 = FACE_BOUND('',#3457,.T.);
#3457 = EDGE_LOOP('',(#3458,#3478,#3500,#3501));
#3458 = ORIENTED_EDGE('',*,*,#3459,.F.);
#3459 = EDGE_CURVE('',#3460,#3345,#3462,.T.);
#3460 = VERTEX_POINT('',#3461);
#3461 = CARTESIAN_POINT('',(36.75,40.75,108.2));
#3462 = SURFACE_CURVE('',#3463,(#3466,#3472),.PCURVE_S1.);
#3463 = B_SPLINE_CURVE_WITH_KNOTS('',1,(#3464,#3465),.UNSPECIFIED.,.F.,
  .F.,(2,2),(0.,1.),.PIECEWISE_BEZIER_KNOTS.);
#3464 = CARTESIAN_POINT('',(36.75,40.75,108.2));
#3465 = CARTESIAN_POINT('',(36.75,41.55,109.));
#3466 = PCURVE('',#2947,#3467);
#3467 = DEFINITIONAL_REPRESENTATION('',(#3468),#3471);
#3468 = B_SPLINE_CURVE_WITH_KNOTS('',1,(#3469,#3470),.UNSPECIFIED.,.F.,
  .F.,(2,2),(0.,1.),.PIECEWISE_BEZIER_KNOTS.);
#3469 = CARTESIAN_POINT('',(0.,0.));
#3470 = CARTESIAN_POINT('',(0.,0.8));
#3471 = ( GEOMETRIC_REPRESENTATION_CONTEXT(2) 
PARAMETRIC_REPRESENTATION_CONTEXT() REPRESENTATION_CONTEXT('2D SPACE',''
  ) );
#3472 = PCURVE('',#3279,#3473);
#3473 = DEFINITIONAL_REPRESENTATION('',(#3474),#3477);
#3474 = B_SPLINE_CURVE_WITH_KNOTS('',1,(#3475,#3476),.UNSPECIFIED.,.F.,
  .F.,(2,2),(0.,1.),.PIECEWISE_BEZIER_KNOTS.);
#3475 = CARTESIAN_POINT('',(73.5,-1.131370849898));
#3476 = CARTESIAN_POINT('',(73.5,0.));
#3477 = ( GEOMETRIC_REPRESENTATION_CONTEXT(2) 
PARAMETRIC_REPRESENTATION_CONTEXT() REPRESENTATION_CONTEXT('2D SPACE',''
  ) );
#3478 = ORIENTED_EDGE('',*,*,#3479,.T.);
#3479 = EDGE_CURVE('',#3460,#2903,#3480,.T.);
#3480 = SURFACE_CURVE('',#3481,(#3486,#3493),.PCURVE_S1.);
#3481 = CIRCLE('',#3482,0.75);
#3482 = AXIS2_PLACEMENT_3D('',#3483,#3484,#3485);
#3483 = CARTESIAN_POINT('',(36.75,40.,108.2));
#3484 = DIRECTION('',(0.,0.,-1.));
#3485 = DIRECTION('',(0.,1.,0.));
#3486 = PCURVE('',#2947,#3487);
#3487 = DEFINITIONAL_REPRESENTATION('',(#3488),#3492);
#3488 = LINE('',#3489,#3490);
#3489 = CARTESIAN_POINT('',(-0.,0.));
#3490 = VECTOR('',#3491,1.);
#3491 = DIRECTION('',(-1.,0.));
#3492 = ( GEOMETRIC_REPRESENTATION_CONTEXT(2) 
PARAMETRIC_REPRESENTATION_CONTEXT() REPRESENTATION_CONTEXT('2D SPACE',''
  ) );
#3493 = PCURVE('',#2918,#3494);
#3494 = DEFINITIONAL_REPRESENTATION('',(#3495),#3499);
#3495 = LINE('',#3496,#3497);
#3496 = CARTESIAN_POINT('',(-0.,0.7));
#3497 = VECTOR('',#3498,1.);
#3498 = DIRECTION('',(-1.,0.));
#3499 = ( GEOMETRIC_REPRESENTATION_CONTEXT(2) 
PARAMETRIC_REPRESENTATION_CONTEXT() REPRESENTATION_CONTEXT('2D SPACE',''
  ) );
#3500 = ORIENTED_EDGE('',*,*,#2930,.T.);
#3501 = ORIENTED_EDGE('',*,*,#3367,.F.);
#3502 = ADVANCED_FACE('',(#3503),#2918,.F.);
#3503 = FACE_BOUND('',#3504,.T.);
#3504 = EDGE_LOOP('',(#3505,#3529,#3530,#3531));
#3505 = ORIENTED_EDGE('',*,*,#3506,.F.);
#3506 = EDGE_CURVE('',#2875,#3507,#3509,.T.);
#3507 = VERTEX_POINT('',#3508);
#3508 = CARTESIAN_POINT('',(36.75,40.75,107.5));
#3509 = SURFACE_CURVE('',#3510,(#3515,#3522),.PCURVE_S1.);
#3510 = CIRCLE('',#3511,0.75);
#3511 = AXIS2_PLACEMENT_3D('',#3512,#3513,#3514);
#3512 = CARTESIAN_POINT('',(36.75,40.,107.5));
#3513 = DIRECTION('',(-0.,0.,1.));
#3514 = DIRECTION('',(0.,-1.,0.));
#3515 = PCURVE('',#2918,#3516);
#3516 = DEFINITIONAL_REPRESENTATION('',(#3517),#3521);
#3517 = LINE('',#3518,#3519);
#3518 = CARTESIAN_POINT('',(-3.14159265359,0.));
#3519 = VECTOR('',#3520,1.);
#3520 = DIRECTION('',(1.,-0.));
#3521 = ( GEOMETRIC_REPRESENTATION_CONTEXT(2) 
PARAMETRIC_REPRESENTATION_CONTEXT() REPRESENTATION_CONTEXT('2D SPACE',''
  ) );
#3522 = PCURVE('',#2890,#3523);
#3523 = DEFINITIONAL_REPRESENTATION('',(#3524),#3528);
#3524 = LINE('',#3525,#3526);
#3525 = CARTESIAN_POINT('',(3.14159265359,-8.5));
#3526 = VECTOR('',#3527,1.);
#3527 = DIRECTION('',(-1.,-0.));
#3528 = ( GEOMETRIC_REPRESENTATION_CONTEXT(2) 
PARAMETRIC_REPRESENTATION_CONTEXT() REPRESENTATION_CONTEXT('2D SPACE',''
  ) );
#3529 = ORIENTED_EDGE('',*,*,#2902,.T.);
#3530 = ORIENTED_EDGE('',*,*,#3479,.F.);
#3531 = ORIENTED_EDGE('',*,*,#3532,.F.);
#3532 = EDGE_CURVE('',#3507,#3460,#3533,.T.);
#3533 = SURFACE_CURVE('',#3534,(#3537,#3543),.PCURVE_S1.);
#3534 = B_SPLINE_CURVE_WITH_KNOTS('',1,(#3535,#3536),.UNSPECIFIED.,.F.,
  .F.,(2,2),(0.,1.),.PIECEWISE_BEZIER_KNOTS.);
#3535 = CARTESIAN_POINT('',(36.75,40.75,107.5));
#3536 = CARTESIAN_POINT('',(36.75,40.75,108.2));
#3537 = PCURVE('',#2918,#3538);
#3538 = DEFINITIONAL_REPRESENTATION('',(#3539),#3542);
#3539 = B_SPLINE_CURVE_WITH_KNOTS('',1,(#3540,#3541),.UNSPECIFIED.,.F.,
  .F.,(2,2),(0.,1.),.PIECEWISE_BEZIER_KNOTS.);
#3540 = CARTESIAN_POINT('',(0.,0.));
#3541 = CARTESIAN_POINT('',(0.,0.7));
#3542 = ( GEOMETRIC_REPRESENTATION_CONTEXT(2) 
PARAMETRIC_REPRESENTATION_CONTEXT() REPRESENTATION_CONTEXT('2D SPACE',''
  ) );
#3543 = PCURVE('',#3226,#3544);
#3544 = DEFINITIONAL_REPRESENTATION('',(#3545),#3548);
#3545 = B_SPLINE_CURVE_WITH_KNOTS('',1,(#3546,#3547),.UNSPECIFIED.,.F.,
  .F.,(2,2),(0.,1.),.PIECEWISE_BEZIER_KNOTS.);
#3546 = CARTESIAN_POINT('',(73.5,-0.7));
#3547 = CARTESIAN_POINT('',(73.5,0.));
#3548 = ( GEOMETRIC_REPRESENTATION_CONTEXT(2) 
PARAMETRIC_REPRESENTATION_CONTEXT() REPRESENTATION_CONTEXT('2D SPACE',''
  ) );
#3549 = ADVANCED_FACE('',(#3550),#2890,.F.);
#3550 = FACE_BOUND('',#3551,.F.);
#3551 = EDGE_LOOP('',(#3552,#3553,#3574,#3595));
#3552 = ORIENTED_EDGE('',*,*,#2874,.T.);
#3553 = ORIENTED_EDGE('',*,*,#3554,.F.);
#3554 = EDGE_CURVE('',#3084,#2726,#3555,.T.);
#3555 = SURFACE_CURVE('',#3556,(#3561,#3567),.PCURVE_S1.);
#3556 = CIRCLE('',#3557,0.75);
#3557 = AXIS2_PLACEMENT_3D('',#3558,#3559,#3560);
#3558 = CARTESIAN_POINT('',(36.75,40.,99.));
#3559 = DIRECTION('',(0.,0.,-1.));
#3560 = DIRECTION('',(0.,1.,0.));
#3561 = PCURVE('',#2890,#3562);
#3562 = DEFINITIONAL_REPRESENTATION('',(#3563),#3566);
#3563 = B_SPLINE_CURVE_WITH_KNOTS('',1,(#3564,#3565),.UNSPECIFIED.,.F.,
  .F.,(2,2),(0.,3.14159265359),.PIECEWISE_BEZIER_KNOTS.);
#3564 = CARTESIAN_POINT('',(0.,0.));
#3565 = CARTESIAN_POINT('',(3.14159265359,0.));
#3566 = ( GEOMETRIC_REPRESENTATION_CONTEXT(2) 
PARAMETRIC_REPRESENTATION_CONTEXT() REPRESENTATION_CONTEXT('2D SPACE',''
  ) );
#3567 = PCURVE('',#2811,#3568);
#3568 = DEFINITIONAL_REPRESENTATION('',(#3569),#3573);
#3569 = LINE('',#3570,#3571);
#3570 = CARTESIAN_POINT('',(6.28318530718,1.));
#3571 = VECTOR('',#3572,1.);
#3572 = DIRECTION('',(-1.,0.));
#3573 = ( GEOMETRIC_REPRESENTATION_CONTEXT(2) 
PARAMETRIC_REPRESENTATION_CONTEXT() REPRESENTATION_CONTEXT('2D SPACE',''
  ) );
#3574 = ORIENTED_EDGE('',*,*,#3575,.T.);
#3575 = EDGE_CURVE('',#3084,#3507,#3576,.T.);
#3576 = SURFACE_CURVE('',#3577,(#3581,#3588),.PCURVE_S1.);
#3577 = LINE('',#3578,#3579);
#3578 = CARTESIAN_POINT('',(36.75,40.75,99.));
#3579 = VECTOR('',#3580,1.);
#3580 = DIRECTION('',(0.,0.,1.));
#3581 = PCURVE('',#2890,#3582);
#3582 = DEFINITIONAL_REPRESENTATION('',(#3583),#3587);
#3583 = LINE('',#3584,#3585);
#3584 = CARTESIAN_POINT('',(0.,0.));
#3585 = VECTOR('',#3586,1.);
#3586 = DIRECTION('',(0.,-1.));
#3587 = ( GEOMETRIC_REPRESENTATION_CONTEXT(2) 
PARAMETRIC_REPRESENTATION_CONTEXT() REPRESENTATION_CONTEXT('2D SPACE',''
  ) );
#3588 = PCURVE('',#3099,#3589);
#3589 = DEFINITIONAL_REPRESENTATION('',(#3590),#3594);
#3590 = LINE('',#3591,#3592);
#3591 = CARTESIAN_POINT('',(73.5,0.));
#3592 = VECTOR('',#3593,1.);
#3593 = DIRECTION('',(0.,-1.));
#3594 = ( GEOMETRIC_REPRESENTATION_CONTEXT(2) 
PARAMETRIC_REPRESENTATION_CONTEXT() REPRESENTATION_CONTEXT('2D SPACE',''
  ) );
#3595 = ORIENTED_EDGE('',*,*,#3506,.F.);
#3596 = ADVANCED_FACE('',(#3597),#2811,.F.);
#3597 = FACE_BOUND('',#3598,.F.);
#3598 = EDGE_LOOP('',(#3599,#3600,#3601));
#3599 = ORIENTED_EDGE('',*,*,#2725,.F.);
#3600 = ORIENTED_EDGE('',*,*,#3111,.T.);
#3601 = ORIENTED_EDGE('',*,*,#3554,.T.);
#3602 = ADVANCED_FACE('',(#3603),#3099,.F.);
#3603 = FACE_BOUND('',#3604,.F.);
#3604 = EDGE_LOOP('',(#3605,#3606,#3607,#3628));
#3605 = ORIENTED_EDGE('',*,*,#3083,.F.);
#3606 = ORIENTED_EDGE('',*,*,#3187,.T.);
#3607 = ORIENTED_EDGE('',*,*,#3608,.T.);
#3608 = EDGE_CURVE('',#3164,#3507,#3609,.T.);
#3609 = SURFACE_CURVE('',#3610,(#3614,#3621),.PCURVE_S1.);
#3610 = LINE('',#3611,#3612);
#3611 = CARTESIAN_POINT('',(-36.75,40.75,107.5));
#3612 = VECTOR('',#3613,1.);
#3613 = DIRECTION('',(1.,0.,0.));
#3614 = PCURVE('',#3099,#3615);
#3615 = DEFINITIONAL_REPRESENTATION('',(#3616),#3620);
#3616 = LINE('',#3617,#3618);
#3617 = CARTESIAN_POINT('',(0.,-8.5));
#3618 = VECTOR('',#3619,1.);
#3619 = DIRECTION('',(1.,0.));
#3620 = ( GEOMETRIC_REPRESENTATION_CONTEXT(2) 
PARAMETRIC_REPRESENTATION_CONTEXT() REPRESENTATION_CONTEXT('2D SPACE',''
  ) );
#3621 = PCURVE('',#3226,#3622);
#3622 = DEFINITIONAL_REPRESENTATION('',(#3623),#3627);
#3623 = LINE('',#3624,#3625);
#3624 = CARTESIAN_POINT('',(0.,-0.7));
#3625 = VECTOR('',#3626,1.);
#3626 = DIRECTION('',(1.,0.));
#3627 = ( GEOMETRIC_REPRESENTATION_CONTEXT(2) 
PARAMETRIC_REPRESENTATION_CONTEXT() REPRESENTATION_CONTEXT('2D SPACE',''
  ) );
#3628 = ORIENTED_EDGE('',*,*,#3575,.F.);
#3629 = ADVANCED_FACE('',(#3630),#3226,.T.);
#3630 = FACE_BOUND('',#3631,.T.);
#3631 = EDGE_LOOP('',(#3632,#3633,#3634,#3655));
#3632 = ORIENTED_EDGE('',*,*,#3608,.T.);
#3633 = ORIENTED_EDGE('',*,*,#3532,.T.);
#3634 = ORIENTED_EDGE('',*,*,#3635,.F.);
#3635 = EDGE_CURVE('',#3213,#3460,#3636,.T.);
#3636 = SURFACE_CURVE('',#3637,(#3641,#3648),.PCURVE_S1.);
#3637 = LINE('',#3638,#3639);
#3638 = CARTESIAN_POINT('',(-36.75,40.75,108.2));
#3639 = VECTOR('',#3640,1.);
#3640 = DIRECTION('',(1.,0.,0.));
#3641 = PCURVE('',#3226,#3642);
#3642 = DEFINITIONAL_REPRESENTATION('',(#3643),#3647);
#3643 = LINE('',#3644,#3645);
#3644 = CARTESIAN_POINT('',(0.,0.));
#3645 = VECTOR('',#3646,1.);
#3646 = DIRECTION('',(1.,0.));
#3647 = ( GEOMETRIC_REPRESENTATION_CONTEXT(2) 
PARAMETRIC_REPRESENTATION_CONTEXT() REPRESENTATION_CONTEXT('2D SPACE',''
  ) );
#3648 = PCURVE('',#3279,#3649);
#3649 = DEFINITIONAL_REPRESENTATION('',(#3650),#3654);
#3650 = LINE('',#3651,#3652);
#3651 = CARTESIAN_POINT('',(0.,-1.131370849898));
#3652 = VECTOR('',#3653,1.);
#3653 = DIRECTION('',(1.,0.));
#3654 = ( GEOMETRIC_REPRESENTATION_CONTEXT(2) 
PARAMETRIC_REPRESENTATION_CONTEXT() REPRESENTATION_CONTEXT('2D SPACE',''
  ) );
#3655 = ORIENTED_EDGE('',*,*,#3212,.F.);
#3656 = ADVANCED_FACE('',(#3657),#3279,.T.);
#3657 = FACE_BOUND('',#3658,.T.);
#3658 = EDGE_LOOP('',(#3659,#3660,#3661,#3662));
#3659 = ORIENTED_EDGE('',*,*,#3635,.T.);
#3660 = ORIENTED_EDGE('',*,*,#3459,.T.);
#3661 = ORIENTED_EDGE('',*,*,#3344,.F.);
#3662 = ORIENTED_EDGE('',*,*,#3265,.F.);
#3663 = ( GEOMETRIC_REPRESENTATION_CONTEXT(3) 
GLOBAL_UNCERTAINTY_ASSIGNED_CONTEXT((#3667)) 
GLOBAL_UNIT_ASSIGNED_CONTEXT((#3664,#3665,#3666)) REPRESENTATION_CONTEXT
('Context #1','3D Context with UNIT and UNCERTAINTY') );
#3664 = ( LENGTH_UNIT() NAMED_UNIT(*) SI_UNIT(.MILLI.,.METRE.) );
#3665 = ( NAMED_UNIT(*) PLANE_ANGLE_UNIT() SI_UNIT($,.RADIAN.) );
#3666 = ( NAMED_UNIT(*) SI_UNIT($,.STERADIAN.) SOLID_ANGLE_UNIT() );
#3667 = UNCERTAINTY_MEASURE_WITH_UNIT(LENGTH_MEASURE(5.E-07),#3664,
  'distance_accuracy_value','confusion accuracy');
#3668 = CONTEXT_DEPENDENT_SHAPE_REPRESENTATION(#3669,#3671);
#3669 = ( REPRESENTATION_RELATIONSHIP('','',#2106,#10) 
REPRESENTATION_RELATIONSHIP_WITH_TRANSFORMATION(#3670) 
SHAPE_REPRESENTATION_RELATIONSHIP() );
#3670 = ITEM_DEFINED_TRANSFORMATION('','',#11,#19);
#3671 = PRODUCT_DEFINITION_SHAPE('Placement','Placement of an item',
  #3672);
#3672 = NEXT_ASSEMBLY_USAGE_OCCURRENCE('4',
  'Camada_02_Body_B_Superior_Deslocado','',#5,#2101,$);
#3673 = PRODUCT_RELATED_PRODUCT_CATEGORY('part',$,(#2103));
#3674 = MECHANICAL_DESIGN_GEOMETRIC_PRESENTATION_REPRESENTATION('',(
    #3675),#2088);
#3675 = STYLED_ITEM('color',(#3676),#37);
#3676 = PRESENTATION_STYLE_ASSIGNMENT((#3677));
#3677 = SURFACE_STYLE_USAGE(.BOTH.,#3678);
#3678 = SURFACE_SIDE_STYLE('',(#3679));
#3679 = SURFACE_STYLE_FILL_AREA(#3680);
#3680 = FILL_AREA_STYLE('',(#3681));
#3681 = FILL_AREA_STYLE_COLOUR('',#3682);
#3682 = COLOUR_RGB('',0.679999990811,0.750000000934,0.850000012718);
#3683 = MECHANICAL_DESIGN_GEOMETRIC_PRESENTATION_REPRESENTATION('',(
    #3684),#3663);
#3684 = STYLED_ITEM('color',(#3685),#2107);
#3685 = PRESENTATION_STYLE_ASSIGNMENT((#3686));
#3686 = SURFACE_STYLE_USAGE(.BOTH.,#3687);
#3687 = SURFACE_SIDE_STYLE('',(#3688));
#3688 = SURFACE_STYLE_FILL_AREA(#3689);
#3689 = FILL_AREA_STYLE('',(#3690));
#3690 = FILL_AREA_STYLE_COLOUR('',#3691);
#3691 = COLOUR_RGB('',0.55000000909,0.620000000292,0.720000003324);
ENDSEC;
END-ISO-10303-21;
